user_id,request_idx,trace_id,timestamp,request_type,input_tokens,output_tokens_expected,output_tokens_actual,cache_hit_blocks,cache_miss_blocks,ttft,ttlt,itl,delay_expected,delay_actual,success,error_message,request_start_time,prefill_complete_time,request_complete_time,token_timestamps,tokens_per_chunk
User-001,0,trace_0712,1788383718.3822482,streaming,18851,119,119,0,294,6.2156970500946045,31.819963455200195,0.21698530851784398,0.0,0,True,,1788383686.5622182,1788383692.7779152,1788383718.3821816,"[1788383692.7779152, 1788383693.3612633, 1788383693.9963558, 1788383694.6683538, 1788383695.3750896, 1788383696.0987842, 1788383696.6741247, 1788383697.3052583, 1788383697.9684746, 1788383698.6641092, 1788383699.3668706, 1788383699.945374, 1788383700.576428, 1788383701.2400448, 1788383701.939833, 1788383702.672418, 1788383703.43799, 1788383704.2411668, 1788383705.0778067, 1788383705.8588083, 1788383706.4338644, 1788383707.0719588, 1788383707.7443874, 1788383708.4493132, 1788383709.190581, 1788383709.9631495, 1788383710.7729268, 1788383711.3856242, 1788383711.9903462, 1788383712.6489003, 1788383713.3392353, 1788383714.066769, 1788383714.8273034, 1788383715.6225736, 1788383716.4498086, 1788383717.1311939, 1788383717.7249749, 1788383718.3798525]","[1, 2, 4, 3, 5, 1, 1, 6, 5, 4, 5, 3, 3, 1, 6, 2, 1, 2, 4, 1, 1, 6, 2, 4, 1, 1, 2, 6, 5, 1, 3, 6, 3, 1, 6, 4, 2, 5]"
User-005,0,trace_0568,1788383756.2789104,streaming,20311,131,131,0,317,30.348411798477173,69.49409437179565,0.30112063517937293,0.0,0,True,,1788383686.784663,1788383717.1330748,1788383756.2787573,"[1788383717.1330748, 1788383717.7265415, 1788383718.3817732, 1788383719.0631151, 1788383719.790479, 1788383720.5516374, 1788383721.343121, 1788383722.1650913, 1788383722.81057, 1788383723.4062448, 1788383724.061785, 1788383724.7489352, 1788383725.473374, 1788383726.2314155, 1788383727.019615, 1788383727.8443725, 1788383728.701579, 1788383729.591518, 1788383730.2141507, 1788383730.8140962, 1788383731.4760928, 1788383732.1677594, 1788383732.8934572, 1788383733.655406, 1788383734.4496055, 1788383735.2803316, 1788383736.1409318, 1788383737.1139736, 1788383737.940472, 1788383738.514538, 1788383739.1600978, 1788383739.84104, 1788383740.5509727, 1788383741.2958622, 1788383742.0702972, 1788383742.8785567, 1788383743.671205, 1788383744.2557192, 1788383744.8967657, 1788383745.5695002, 1788383746.274671, 1788383747.0114293, 1788383747.7801309, 1788383748.58395, 1788383749.4205682, 1788383750.2891285, 1788383751.1931736, 1788383752.127264, 1788383752.8748229, 1788383753.46045, 1788383754.1136348, 1788383754.803634, 1788383755.5259123, 1788383756.278052]","[1, 1, 1, 4, 4, 6, 4, 2, 1, 1, 4, 1, 2, 3, 1, 3, 2, 2, 4, 4, 1, 1, 1, 2, 3, 3, 1, 1, 1, 3, 1, 6, 3, 3, 1, 1, 2, 1, 1, 2, 3, 6, 3, 6, 1, 1, 3, 2, 1, 2, 1, 6, 4, 3]"
User-004,0,trace_0629,1788383761.2420616,streaming,18361,185,185,0,286,24.6497802734375,74.50525832176208,0.2709536850452423,0.0,0,True,,1788383686.736714,1788383711.3864942,1788383761.2419722,"[1788383711.3864942, 1788383711.9909298, 1788383712.649422, 1788383713.3397691, 1788383714.0673416, 1788383714.8278365, 1788383715.6231403, 1788383716.4503884, 1788383717.131758, 1788383717.7254932, 1788383718.380685, 1788383719.0620172, 1788383719.7894037, 1788383720.5505433, 1788383721.341992, 1788383722.1640167, 1788383722.8095765, 1788383723.4051883, 1788383724.0606568, 1788383724.7478652, 1788383725.47229, 1788383726.2303257, 1788383727.018536, 1788383727.8432808, 1788383728.7005484, 1788383729.5904355, 1788383730.2131565, 1788383730.813048, 1788383731.475068, 1788383732.166669, 1788383732.8923738, 1788383733.6542885, 1788383734.4483852, 1788383735.2792706, 1788383736.139873, 1788383737.1121464, 1788383737.9389148, 1788383738.5128965, 1788383739.15844, 1788383739.8394995, 1788383740.5493977, 1788383741.2942605, 1788383742.0687392, 1788383742.8769689, 1788383743.6697, 1788383744.2540748, 1788383744.8950973, 1788383745.5679028, 1788383746.2730718, 1788383747.0098078, 1788383747.7785838, 1788383748.5823746, 1788383749.4189608, 1788383750.287557, 1788383751.191581, 1788383752.125693, 1788383752.8725026, 1788383753.4582736, 1788383754.1114943, 1788383754.8015082, 1788383755.5237823, 1788383756.2758582, 1788383757.0558164, 1788383757.886299, 1788383758.5532546, 1788383759.156907, 1788383759.8180704, 1788383760.5137024, 1788383761.2391453]","[1, 2, 5, 2, 3, 3, 1, 2, 3, 1, 3, 1, 1, 1, 2, 2, 1, 4, 6, 3, 6, 1, 2, 5, 1, 2, 3, 4, 2, 4, 6, 6, 2, 4, 3, 3, 6, 2, 2, 1, 2, 1, 2, 5, 2, 2, 3, 1, 3, 4, 1, 6, 5, 5, 6, 2, 1, 2, 1, 2, 1, 5, 3, 2, 2, 1, 1, 1, 1]"
User-003,0,trace_0714,1788383770.2326431,streaming,21916,225,225,0,342,19.16454029083252,83.53882479667664,0.28738519868680407,0.0,0,True,,1788383686.693737,1788383705.8582773,1788383770.2325618,"[1788383705.8582773, 1788383706.433346, 1788383707.0714314, 1788383707.7438688, 1788383708.4487362, 1788383709.1900518, 1788383709.9625685, 1788383710.7723658, 1788383711.385113, 1788383711.989775, 1788383712.6482897, 1788383713.3385758, 1788383714.0661674, 1788383714.826663, 1788383715.6219518, 1788383716.4492257, 1788383717.1306539, 1788383717.7243679, 1788383718.3792214, 1788383719.061415, 1788383719.7887542, 1788383720.5499198, 1788383721.3414104, 1788383722.1634176, 1788383722.8090644, 1788383723.4046593, 1788383724.0601146, 1788383724.7473342, 1788383725.471755, 1788383726.2297409, 1788383727.0179796, 1788383727.8427176, 1788383728.700012, 1788383729.5898964, 1788383730.2126715, 1788383730.8125372, 1788383731.4745023, 1788383732.1661444, 1788383732.891861, 1788383733.653766, 1788383734.4478664, 1788383735.2787058, 1788383736.139359, 1788383737.111622, 1788383737.9383857, 1788383738.5123706, 1788383739.1579077, 1788383739.838984, 1788383740.5488634, 1788383741.293753, 1788383742.0682168, 1788383742.8764572, 1788383743.669203, 1788383744.2535608, 1788383744.8945608, 1788383745.5673885, 1788383746.2725556, 1788383747.0093079, 1788383747.7780776, 1788383748.5818639, 1788383749.4183989, 1788383750.2870593, 1788383751.1910534, 1788383752.1251373, 1788383752.8719795, 1788383753.457705, 1788383754.110937, 1788383754.8009055, 1788383755.5232747, 1788383756.2753367, 1788383757.0552983, 1788383757.8857822, 1788383758.5527537, 1788383759.1564035, 1788383759.8175385, 1788383760.5131505, 1788383761.2385788, 1788383762.0107524, 1788383762.8162522, 1788383763.6532407, 1788383764.521402, 1788383765.4199915, 1788383766.348114, 1788383767.3074868, 1788383768.294563, 1788383768.9717474, 1788383769.5648582, 1788383770.2291658]","[1, 1, 1, 4, 5, 2, 6, 4, 1, 1, 2, 3, 1, 5, 2, 2, 1, 2, 3, 2, 3, 6, 1, 2, 1, 1, 2, 1, 2, 3, 2, 1, 3, 3, 1, 2, 3, 2, 1, 1, 2, 2, 1, 4, 1, 6, 4, 3, 6, 2, 5, 2, 2, 1, 1, 2, 2, 1, 2, 4, 3, 1, 6, 1, 4, 6, 6, 6, 2, 4, 2, 3, 2, 1, 5, 3, 1, 1, 1, 6, 2, 1, 1, 6, 2, 2, 1, 3]"
User-009,0,trace_0313,1788383773.2578015,streaming,12330,368,368,0,192,12.4773530960083,86.3687732219696,0.2013390194167883,0.0,0,True,,1788383686.88894,1788383699.3662932,1788383773.2577133,"[1788383699.3662932, 1788383699.9447818, 1788383700.5758388, 1788383701.2394586, 1788383701.939244, 1788383702.6718855, 1788383703.4374194, 1788383704.2405748, 1788383705.077227, 1788383705.8574107, 1788383706.432744, 1788383707.0708487, 1788383707.7433043, 1788383708.4481359, 1788383709.1894522, 1788383709.9619832, 1788383710.7717755, 1788383711.384501, 1788383711.9891744, 1788383712.6476343, 1788383713.3379693, 1788383714.065546, 1788383714.8260303, 1788383715.6212974, 1788383716.4486256, 1788383717.1300173, 1788383717.7237525, 1788383718.3785799, 1788383719.0608182, 1788383719.7881432, 1788383720.549318, 1788383721.34082, 1788383722.1628077, 1788383722.8084779, 1788383723.4040482, 1788383724.0595112, 1788383724.746706, 1788383725.4711628, 1788383726.2291286, 1788383727.0173488, 1788383727.8421073, 1788383728.6994185, 1788383729.5892892, 1788383730.2121382, 1788383730.8119905, 1788383731.4739656, 1788383732.1656044, 1788383732.8913202, 1788383733.653226, 1788383734.447322, 1788383735.2781627, 1788383736.138756, 1788383737.1110775, 1788383737.9378605, 1788383738.5118291, 1788383739.1573892, 1788383739.838409, 1788383740.54833, 1788383741.293241, 1788383742.0676887, 1788383742.8759294, 1788383743.6686885, 1788383744.253028, 1788383744.8940246, 1788383745.5668578, 1788383746.2720025, 1788383747.0087698, 1788383747.777509, 1788383748.581347, 1788383749.4178784, 1788383750.2865145, 1788383751.1904907, 1788383752.124624, 1788383752.8714776, 1788383753.4571707, 1788383754.1103547, 1788383754.800343, 1788383755.5227022, 1788383756.2748015, 1788383757.0547833, 1788383757.885247, 1788383758.5521915, 1788383759.1558704, 1788383759.8170223, 1788383760.5126047, 1788383761.2380562, 1788383762.0100305, 1788383762.8157475, 1788383763.6527066, 1788383764.5208752, 1788383765.4194496, 1788383766.3476074, 1788383767.3069522, 1788383768.2940388, 1788383768.9712114, 1788383769.5643244, 1788383770.2286236, 1788383770.9232986, 1788383771.6689181, 1788383772.4442985, 1788383773.2543306]","[1, 2, 4, 4, 6, 1, 2, 1, 4, 1, 5, 1, 2, 4, 3, 2, 3, 2, 1, 6, 2, 2, 5, 1, 2, 1, 4, 2, 1, 3, 1, 1, 2, 1, 6, 3, 3, 1, 2, 6, 4, 1, 6, 6, 6, 6, 6, 5, 2, 6, 6, 6, 6, 6, 6, 3, 6, 5, 2, 6, 6, 6, 6, 6, 2, 6, 4, 4, 3, 3, 3, 3, 1, 2, 6, 6, 6, 2, 4, 1, 6, 6, 4, 6, 6, 3, 3, 1, 6, 2, 6, 1, 6, 6, 5, 2, 1, 5, 2, 6, 1]"
User-007,0,trace_0398,1788383786.249937,streaming,13070,443,443,0,203,9.283401250839233,99.43508839607239,0.2039630930887628,0.0,0,True,,1788383686.814799,1788383696.0982003,1788383786.2498875,"[1788383696.0982003, 1788383696.6734428, 1788383697.3046472, 1788383697.9678416, 1788383698.6634886, 1788383699.365313, 1788383699.9441636, 1788383700.5752275, 1788383701.2388601, 1788383701.9386017, 1788383702.67126, 1788383703.4368327, 1788383704.2399685, 1788383705.07662, 1788383705.8567677, 1788383706.4321315, 1788383707.0701883, 1788383707.7426574, 1788383708.4475405, 1788383709.1888347, 1788383709.9613886, 1788383710.7711465, 1788383711.3870277, 1788383711.9914534, 1788383712.6499908, 1788383713.3403108, 1788383714.0678775, 1788383714.8283627, 1788383715.623667, 1788383716.450934, 1788383717.1322699, 1788383717.7260091, 1788383718.3812368, 1788383719.0625494, 1788383719.78995, 1788383720.551097, 1788383721.342525, 1788383722.1645699, 1788383722.8100739, 1788383723.4057186, 1788383724.0612013, 1788383724.7483776, 1788383725.4728422, 1788383726.2308826, 1788383727.019079, 1788383727.8438334, 1788383728.7010574, 1788383729.5910041, 1788383730.2136486, 1788383730.8135738, 1788383731.4755864, 1788383732.1672354, 1788383732.892909, 1788383733.654835, 1788383734.4490778, 1788383735.279794, 1788383736.1404073, 1788383737.113455, 1788383737.9399388, 1788383738.5139952, 1788383739.1595244, 1788383739.8405201, 1788383740.5504363, 1788383741.2953255, 1788383742.0697694, 1788383742.8780277, 1788383743.6706913, 1788383744.2551804, 1788383744.896209, 1788383745.5689294, 1788383746.274144, 1788383747.0109177, 1788383747.7796288, 1788383748.5834537, 1788383749.4200473, 1788383750.2886267, 1788383751.192676, 1788383752.1267622, 1788383752.8734987, 1788383753.4594223, 1788383754.1125739, 1788383754.802572, 1788383755.5248563, 1788383756.276982, 1788383757.0568852, 1788383757.8873892, 1788383758.5542736, 1788383759.1580098, 1788383759.8191633, 1788383760.514799, 1788383761.2406485, 1788383762.0117722, 1788383762.8172789, 1788383763.6543503, 1788383764.522529, 1788383765.4210658, 1788383766.349143, 1788383767.308544, 1788383768.2956815, 1788383768.9727437, 1788383769.5659244, 1788383770.230648, 1788383770.924447, 1788383771.6699288, 1788383772.445386, 1788383773.2557032, 1788383774.091999, 1788383774.961604, 1788383775.7476273, 1788383776.3357646, 1788383776.9828534, 1788383777.667132, 1788383778.3821466, 1788383779.1293218, 1788383779.903725, 1788383780.58143, 1788383781.1800904, 1788383781.8349972, 1788383782.525291, 1788383783.246154, 1788383784.0000148, 1788383784.7840514, 1788383785.6019182, 1788383786.247124]","[1, 6, 3, 2, 2, 1, 3, 2, 1, 1, 1, 1, 4, 3, 2, 3, 1, 4, 1, 3, 1, 5, 2, 1, 4, 6, 2, 4, 5, 4, 3, 3, 3, 3, 5, 3, 5, 1, 2, 3, 6, 3, 2, 3, 2, 4, 1, 2, 2, 6, 3, 4, 3, 6, 4, 5, 2, 2, 6, 6, 6, 1, 2, 5, 6, 6, 4, 4, 6, 6, 6, 2, 2, 2, 3, 1, 1, 2, 6, 6, 6, 6, 6, 6, 3, 2, 6, 6, 5, 2, 1, 1, 2, 3, 2, 2, 1, 3, 2, 6, 6, 6, 4, 6, 6, 4, 1, 3, 4, 1, 6, 6, 6, 6, 6, 6, 6, 6, 6, 6, 5, 3, 2, 2]"
User-017,0,trace_0726,1788383791.640183,streaming,20008,201,201,0,312,56.548468351364136,104.52038264274597,0.23985957145690917,0.0,0,True,,1788383687.119727,1788383743.6681952,1788383791.6401095,"[1788383743.6681952, 1788383744.2524977, 1788383744.8934715, 1788383745.5662994, 1788383746.2714932, 1788383747.0082579, 1788383747.7769995, 1788383748.5808384, 1788383749.4173415, 1788383750.2859926, 1788383751.1899657, 1788383752.1240897, 1788383752.8709517, 1788383753.4566534, 1788383754.1098268, 1788383754.7998195, 1788383755.522152, 1788383756.2742608, 1788383757.054189, 1788383757.8847103, 1788383758.5516994, 1788383759.155356, 1788383759.8165145, 1788383760.5120993, 1788383761.237532, 1788383762.009505, 1788383762.8152082, 1788383763.652158, 1788383764.5203595, 1788383765.4189117, 1788383766.3470726, 1788383767.3063867, 1788383768.2935147, 1788383768.9706156, 1788383769.5638115, 1788383770.228081, 1788383770.922759, 1788383771.668397, 1788383772.44375, 1788383773.2537587, 1788383774.0909276, 1788383774.9605641, 1788383775.7465405, 1788383776.3347163, 1788383776.9817822, 1788383777.6660502, 1788383778.3811195, 1788383779.1282735, 1788383779.9026575, 1788383780.5801153, 1788383781.1790044, 1788383781.8339155, 1788383782.5242283, 1788383783.2451358, 1788383783.9989617, 1788383784.7829866, 1788383785.6008847, 1788383786.24527, 1788383786.8524904, 1788383787.5374975, 1788383788.2548187, 1788383789.0001276, 1788383789.6962216, 1788383790.3093307, 1788383790.9475005, 1788383791.6355429]","[1, 2, 6, 3, 2, 6, 4, 2, 3, 2, 6, 5, 4, 2, 3, 2, 5, 2, 5, 4, 1, 1, 1, 1, 2, 4, 2, 3, 2, 4, 3, 3, 1, 6, 1, 4, 2, 2, 6, 6, 6, 2, 6, 1, 5, 2, 3, 2, 1, 3, 1, 6, 1, 2, 4, 6, 5, 1, 2, 3, 2, 1, 4, 4, 3, 1]"
User-006,5,trace_0396,1788383799.8362334,streaming,31170,266,266,385,49,50.86630201339722,112.76643466949463,0.2335854062494242,11.0,0,True,,1788383687.0697122,1788383737.9360142,1788383799.8361468,"[1788383737.9360142, 1788383738.509955, 1788383739.1555727, 1788383739.8365445, 1788383740.5464673, 1788383741.2914264, 1788383742.0658565, 1788383742.8740544, 1788383743.6659942, 1788383744.250698, 1788383744.891702, 1788383745.564501, 1788383746.2696583, 1788383747.006462, 1788383747.7752697, 1788383748.5790622, 1788383749.4156516, 1788383750.2842584, 1788383751.1878545, 1788383752.1221118, 1788383752.868904, 1788383753.454875, 1788383754.1081038, 1788383754.7980542, 1788383755.5203633, 1788383756.272503, 1788383757.0529444, 1788383757.8834674, 1788383758.54958, 1788383759.1535904, 1788383759.814723, 1788383760.510282, 1788383761.2357275, 1788383762.007574, 1788383762.8133929, 1788383763.6503294, 1788383764.5185542, 1788383765.4171367, 1788383766.345251, 1788383767.3045995, 1788383768.291758, 1788383768.9687803, 1788383769.5619938, 1788383770.2262573, 1788383770.9208183, 1788383771.6666484, 1788383772.4419053, 1788383773.25195, 1788383774.089155, 1788383774.9587216, 1788383775.7447455, 1788383776.332984, 1788383776.9800377, 1788383777.6642814, 1788383778.3793595, 1788383779.1264431, 1788383779.9008741, 1788383780.5773401, 1788383781.1766853, 1788383781.831602, 1788383782.5218425, 1788383783.242827, 1788383783.9966962, 1788383784.780624, 1788383785.5985394, 1788383786.2429178, 1788383786.850164, 1788383787.5351555, 1788383788.2524645, 1788383788.997757, 1788383789.6939566, 1788383790.3082438, 1788383790.9450722, 1788383791.633137, 1788383792.355057, 1788383793.1078763, 1788383793.8942807, 1788383794.7026403, 1788383795.5483947, 1788383796.4299743, 1788383797.3391345, 1788383798.2825499, 1788383799.2567885, 1788383799.8320296]","[1, 6, 1, 6, 1, 6, 1, 6, 5, 1, 1, 3, 2, 2, 4, 4, 3, 3, 3, 4, 5, 6, 1, 1, 6, 1, 6, 6, 6, 2, 1, 2, 6, 3, 1, 3, 2, 1, 4, 2, 2, 1, 1, 4, 2, 1, 6, 6, 3, 3, 1, 6, 1, 3, 1, 2, 1, 6, 3, 4, 6, 4, 4, 1, 2, 6, 4, 4, 4, 2, 6, 5, 3, 1, 2, 3, 1, 5, 1, 3, 3, 4, 1, 6]"
User-008,0,trace_0707,1788383803.9874055,streaming,19408,381,381,0,302,35.94751286506653,117.12695074081421,0.2136300996730202,0.0,0,True,,1788383686.860391,1788383722.8079038,1788383803.9873416,"[1788383722.8079038, 1788383723.4034145, 1788383724.0588982, 1788383724.7460754, 1788383725.4704752, 1788383726.2283862, 1788383727.0167124, 1788383727.841393, 1788383728.6987705, 1788383729.5886643, 1788383730.210536, 1788383730.8107796, 1788383731.4725916, 1788383732.1643856, 1788383732.890117, 1788383733.6520002, 1788383734.4460163, 1788383735.2769635, 1788383736.1375449, 1788383737.1098163, 1788383737.9367085, 1788383738.510598, 1788383739.1561701, 1788383739.8372114, 1788383740.5471141, 1788383741.2920778, 1788383742.0664725, 1788383742.8747005, 1788383743.6666453, 1788383744.2513518, 1788383744.892314, 1788383745.5651257, 1788383746.2702658, 1788383747.0070975, 1788383747.775953, 1788383748.5796943, 1788383749.4162643, 1788383750.2848632, 1788383751.188663, 1788383752.122773, 1788383752.8697212, 1788383753.4555144, 1788383754.1086993, 1788383754.7986507, 1788383755.5209868, 1788383756.273105, 1788383757.053572, 1788383757.8840911, 1788383758.5502305, 1788383759.1542065, 1788383759.8153477, 1788383760.5109332, 1788383761.2363522, 1788383762.0081847, 1788383762.814005, 1788383763.6509824, 1788383764.5192087, 1788383765.4177377, 1788383766.3458872, 1788383767.3052063, 1788383768.2923803, 1788383768.9694495, 1788383769.5626004, 1788383770.226915, 1788383770.9215174, 1788383771.6672854, 1788383772.4425478, 1788383773.2525845, 1788383774.089771, 1788383774.9593856, 1788383775.745393, 1788383776.3336034, 1788383776.9806564, 1788383777.6649034, 1788383778.3799703, 1788383779.127107, 1788383779.9014761, 1788383780.5780785, 1788383781.1773138, 1788383781.8322465, 1788383782.5224843, 1788383783.2434587, 1788383783.9973273, 1788383784.7812457, 1788383785.5992026, 1788383786.2436142, 1788383786.8508313, 1788383787.5357919, 1788383788.253096, 1788383788.9983864, 1788383789.6945755, 1788383790.3085794, 1788383790.9457092, 1788383791.6337423, 1788383792.3556657, 1788383793.1084938, 1788383793.8950617, 1788383794.7033105, 1788383795.5489872, 1788383796.4306006, 1788383797.339758, 1788383798.283215, 1788383799.2575192, 1788383799.8329172, 1788383800.4690843, 1788383801.1647599, 1788383801.8854809, 1788383802.6361403, 1788383803.2634647, 1788383803.3169968, 1788383803.411969, 1788383803.5124936, 1788383803.6016374, 1788383803.6969678, 1788383803.7912753, 1788383803.8860958, 1788383803.9832764]","[1, 4, 2, 3, 4, 3, 3, 2, 2, 2, 4, 2, 1, 2, 2, 1, 3, 4, 6, 2, 2, 2, 6, 4, 4, 3, 6, 3, 6, 2, 3, 4, 1, 5, 3, 3, 2, 4, 1, 1, 2, 1, 2, 3, 3, 2, 3, 2, 1, 1, 2, 5, 6, 1, 2, 4, 1, 2, 2, 3, 4, 5, 2, 2, 6, 5, 2, 5, 2, 2, 5, 2, 1, 3, 1, 6, 6, 2, 5, 6, 6, 4, 4, 2, 4, 2, 2, 6, 3, 6, 6, 6, 2, 4, 1, 1, 1, 2, 2, 2, 5, 1, 1, 1, 6, 6, 6, 6, 6, 3, 6, 6, 3, 6, 6, 6, 3]"
User-015,7,trace_0687,1788383804.1751168,streaming,31527,309,309,480,7,81.37617039680481,116.57664728164673,0.11428726261312311,11.0,0,True,,1788383687.5983992,1788383768.9745696,1788383804.1750464,"[1788383768.9745696, 1788383769.5675216, 1788383770.2322433, 1788383770.926076, 1788383771.6715775, 1788383772.4470487, 1788383773.2574067, 1788383774.0935702, 1788383774.9632266, 1788383775.7491066, 1788383776.3373265, 1788383776.9845042, 1788383777.6687994, 1788383778.3837802, 1788383779.1309783, 1788383779.9053497, 1788383780.5830297, 1788383781.1816652, 1788383781.836682, 1788383782.5269716, 1788383783.2477875, 1788383784.0015838, 1788383784.785669, 1788383785.603551, 1788383786.248971, 1788383786.8551772, 1788383787.5401943, 1788383788.2574658, 1788383789.002764, 1788383789.6995556, 1788383790.3107831, 1788383790.950762, 1788383791.6391878, 1788383792.3600845, 1788383793.112957, 1788383793.8994381, 1788383794.7076237, 1788383795.5534003, 1788383796.4350014, 1788383797.3440838, 1788383798.2875621, 1788383799.2626145, 1788383799.838254, 1788383800.473955, 1788383801.1697636, 1788383801.8905308, 1788383802.6411877, 1788383803.2701442, 1788383803.3231175, 1788383803.4180982, 1788383803.5186274, 1788383803.6078532, 1788383803.7031102, 1788383803.7973444, 1788383803.8922634, 1788383803.9899025, 1788383804.0810797, 1788383804.1738646]","[1, 1, 1, 6, 6, 6, 6, 6, 2, 6, 6, 6, 6, 6, 6, 6, 6, 6, 6, 6, 6, 6, 6, 6, 6, 6, 6, 6, 1, 6, 6, 6, 6, 6, 6, 2, 2, 6, 6, 6, 6, 6, 6, 6, 6, 6, 6, 6, 4, 6, 6, 6, 3, 6, 6, 6, 6, 4]"
User-021,0,trace_0266,1788383804.528167,streaming,18985,107,107,0,296,60.67829203605652,78.96024632453918,0.172471266872478,0.0,0,True,,1788383725.56778,1788383786.246072,1788383804.5280263,"[1788383786.246072, 1788383786.8529992, 1788383787.5380063, 1788383788.2553434, 1788383789.0006437, 1788383789.6975253, 1788383790.3098044, 1788383790.9486644, 1788383791.636871, 1788383792.3584661, 1788383793.1113179, 1788383793.8978415, 1788383794.705975, 1788383795.5517623, 1788383796.433388, 1788383797.3425102, 1788383798.2859812, 1788383799.261091, 1788383799.8366582, 1788383800.4723873, 1788383801.1681676, 1788383801.8889127, 1788383802.6395411, 1788383803.2670007, 1788383803.3204236, 1788383803.4153886, 1788383803.515888, 1788383803.6051514, 1788383803.700465, 1788383803.794649, 1788383803.8895383, 1788383803.9869635, 1788383804.0779355, 1788383804.1705854, 1788383804.2592974, 1788383804.3464005, 1788383804.4344745, 1788383804.5237732]","[1, 6, 3, 2, 2, 1, 4, 1, 1, 2, 2, 5, 6, 3, 2, 1, 1, 2, 3, 2, 2, 3, 5, 1, 3, 5, 6, 2, 6, 2, 1, 2, 3, 3, 2, 2, 5, 4]"
User-019,0,trace_0587,1788383805.4622822,streaming,19031,253,253,0,297,71.0759425163269,117.98695707321167,0.18615481967017763,0.0,0,True,,1788383687.4752576,1788383758.5512002,1788383805.4622147,"[1788383758.5512002, 1788383759.1548357, 1788383759.8159688, 1788383760.5115685, 1788383761.2369967, 1788383762.008792, 1788383762.814631, 1788383763.6516442, 1788383764.5198169, 1788383765.4183502, 1788383766.3465128, 1788383767.3058221, 1788383768.2929947, 1788383768.9700003, 1788383769.563266, 1788383770.2275352, 1788383770.9221673, 1788383771.6678743, 1788383772.4432144, 1788383773.253217, 1788383774.0903745, 1788383774.9600062, 1788383775.7460275, 1788383776.334198, 1788383776.9812574, 1788383777.6655009, 1788383778.380574, 1788383779.1277406, 1788383779.902126, 1788383780.579578, 1788383781.1784523, 1788383781.8333952, 1788383782.523684, 1788383783.2446237, 1788383783.9984071, 1788383784.7824154, 1788383785.6003478, 1788383786.244749, 1788383786.8519764, 1788383787.5369937, 1788383788.2542653, 1788383788.9995928, 1788383789.6957273, 1788383790.3090806, 1788383790.9469588, 1788383791.6349473, 1788383792.3568456, 1788383793.1096823, 1788383793.8961556, 1788383794.7044337, 1788383795.5501122, 1788383796.4317756, 1788383797.3409195, 1788383798.2843432, 1788383799.259541, 1788383799.834688, 1788383800.4707806, 1788383801.16656, 1788383801.8873508, 1788383802.63796, 1788383803.265409, 1788383803.3188295, 1788383803.4137774, 1788383803.5142891, 1788383803.6035628, 1788383803.6988466, 1788383803.7930574, 1788383803.888001, 1788383803.9854186, 1788383804.076871, 1788383804.169534, 1788383804.2582078, 1788383804.3453577, 1788383804.4333894, 1788383804.5224884, 1788383804.6086984, 1788383804.692587, 1788383804.7773507, 1788383804.8621674, 1788383804.9473443, 1788383805.0313513, 1788383805.1165836, 1788383805.2014523, 1788383805.2866664, 1788383805.3704963, 1788383805.4576213]","[1, 1, 5, 4, 3, 6, 2, 1, 3, 2, 1, 6, 1, 5, 5, 4, 3, 1, 2, 3, 2, 6, 1, 1, 1, 2, 2, 1, 6, 4, 5, 6, 6, 1, 2, 3, 1, 6, 1, 1, 1, 6, 1, 4, 3, 6, 4, 1, 3, 1, 6, 6, 5, 3, 1, 1, 5, 5, 2, 4, 3, 3, 2, 1, 2, 2, 3, 1, 1, 2, 2, 1, 1, 6, 3, 1, 1, 6, 2, 4, 1, 6, 3, 5, 1, 5]"
User-013,2,trace_0253,1788383805.546433,streaming,22910,242,242,322,10,87.16827034950256,116.96468448638916,0.12363657318210206,15.0,0,True,,1788383688.5816827,1788383775.749953,1788383805.5463672,"[1788383775.749953, 1788383776.337846, 1788383776.9850345, 1788383777.669315, 1788383778.384303, 1788383779.1315143, 1788383779.9058719, 1788383780.5835469, 1788383781.182269, 1788383781.8372114, 1788383782.5275373, 1788383783.2482965, 1788383784.0021198, 1788383784.7861984, 1788383785.604079, 1788383786.249501, 1788383786.8557265, 1788383787.54093, 1788383788.2580168, 1788383789.003264, 1788383789.7000902, 1788383790.3110495, 1788383790.9513247, 1788383791.6397421, 1788383792.3606305, 1788383793.1135037, 1788383793.8999648, 1788383794.7081497, 1788383795.553908, 1788383796.4355617, 1788383797.3446183, 1788383798.2880907, 1788383799.263156, 1788383799.838802, 1788383800.4745014, 1788383801.1703033, 1788383801.8911095, 1788383802.641741, 1788383803.2706382, 1788383803.3236256, 1788383803.4186423, 1788383803.5191882, 1788383803.6083827, 1788383803.7036262, 1788383803.797888, 1788383803.8927944, 1788383803.990432, 1788383804.0816042, 1788383804.174645, 1788383804.2624319, 1788383804.3498943, 1788383804.4376998, 1788383804.5277147, 1788383804.612431, 1788383804.696599, 1788383804.7812483, 1788383804.8659847, 1788383804.9511273, 1788383805.035245, 1788383805.1204636, 1788383805.2053115, 1788383805.2904902, 1788383805.3743994, 1788383805.4618998, 1788383805.5457475]","[1, 1, 3, 6, 5, 5, 4, 1, 2, 1, 6, 4, 6, 3, 3, 1, 5, 6, 6, 4, 2, 1, 5, 2, 6, 4, 2, 3, 1, 3, 6, 2, 3, 4, 2, 6, 3, 6, 3, 6, 6, 6, 6, 2, 5, 5, 3, 5, 3, 6, 2, 1, 6, 5, 6, 5, 6, 1, 5, 2, 4, 2, 1, 3, 3]"
User-020,0,trace_0108,1788383806.614069,streaming,16565,219,219,0,258,88.39411759376526,114.42909598350525,0.11942650637495408,0.0,0,True,,1788383692.1849093,1788383780.579027,1788383806.6140053,"[1788383780.579027, 1788383781.1779296, 1788383781.8328717, 1788383782.5231519, 1788383783.244091, 1788383783.9978943, 1788383784.7818692, 1788383785.5998359, 1788383786.2442417, 1788383786.8514419, 1788383787.536449, 1788383788.2537377, 1788383788.9990468, 1788383789.695147, 1788383790.308836, 1788383790.9463532, 1788383791.6343865, 1788383792.3562858, 1788383793.1091225, 1788383793.8956206, 1788383794.7039142, 1788383795.5495884, 1788383796.4312494, 1788383797.3403964, 1788383798.28381, 1788383799.2590294, 1788383799.8341715, 1788383800.470239, 1788383801.1660244, 1788383801.8868089, 1788383802.6374187, 1788383803.2648673, 1788383803.3182747, 1788383803.4132385, 1788383803.5137556, 1788383803.6029768, 1788383803.6982744, 1788383803.792533, 1788383803.887464, 1788383803.984891, 1788383804.0762491, 1788383804.1689186, 1788383804.2575607, 1788383804.3446875, 1788383804.4327676, 1788383804.5218723, 1788383804.6080713, 1788383804.6920273, 1788383804.7767606, 1788383804.8616114, 1788383804.9467926, 1788383805.0307865, 1788383805.1160517, 1788383805.2008767, 1788383805.2861073, 1788383805.369931, 1788383805.4570518, 1788383805.5419285, 1788383805.6234004, 1788383805.7054048, 1788383805.7874746, 1788383805.8705678, 1788383805.9514723, 1788383806.033913, 1788383806.1161904, 1788383806.198997, 1788383806.2802923, 1788383806.3620472, 1788383806.444301, 1788383806.5271926, 1788383806.6098135]","[1, 1, 1, 4, 4, 1, 4, 1, 1, 2, 3, 2, 4, 1, 1, 4, 2, 4, 5, 1, 1, 1, 2, 3, 2, 3, 1, 1, 1, 3, 3, 5, 1, 2, 3, 5, 4, 3, 3, 3, 4, 1, 5, 6, 3, 5, 3, 6, 6, 3, 6, 3, 1, 4, 6, 6, 6, 6, 5, 3, 2, 6, 1, 2, 6, 5, 2, 1, 4, 1, 4]"
User-007,1,trace_0398,1788383806.6967645,streaming,13739,115,115,203,11,12.963272094726562,16.39169430732727,0.030073879057900946,45.0,0,True,,1788383790.3050282,1788383803.2683003,1788383806.6967225,"[1788383803.2683003, 1788383803.3215394, 1788383803.4165342, 1788383803.5170126, 1788383803.6062815, 1788383803.7014995, 1788383803.795701, 1788383803.890646, 1788383803.9883358, 1788383804.0789847, 1788383804.1716795, 1788383804.2603233, 1788383804.3476417, 1788383804.4355805, 1788383804.525198, 1788383804.6102636, 1788383804.6944962, 1788383804.7791457, 1788383804.8639152, 1788383804.949066, 1788383805.0330489, 1788383805.1183507, 1788383805.2032154, 1788383805.2884195, 1788383805.3723004, 1788383805.4597752, 1788383805.5436692, 1788383805.625258, 1788383805.7071698, 1788383805.7891371, 1788383805.8723388, 1788383805.9531913, 1788383806.0356758, 1788383806.1179178, 1788383806.200719, 1788383806.2818534, 1788383806.3636496, 1788383806.4460316, 1788383806.5288754, 1788383806.6121154, 1788383806.6942112]","[1, 1, 5, 3, 2, 2, 4, 4, 4, 3, 4, 4, 2, 1, 1, 2, 4, 2, 2, 4, 2, 3, 1, 2, 2, 6, 3, 4, 4, 1, 1, 1, 6, 3, 6, 1, 2, 2, 6, 3, 1]"
User-017,1,trace_0726,1788383806.696926,streaming,20375,153,153,312,5,9.571367502212524,12.999159812927246,0.02255126520207054,7.0,0,True,,1788383793.6977215,1788383803.269089,1788383806.6968813,"[1788383803.269089, 1788383803.322064, 1788383803.4170609, 1788383803.5175948, 1788383803.6068058, 1788383803.7020106, 1788383803.796309, 1788383803.8912177, 1788383803.9888716, 1788383804.080059, 1788383804.1727946, 1788383804.2613978, 1788383804.3487096, 1788383804.4366577, 1788383804.526608, 1788383804.611405, 1788383804.6955595, 1788383804.7801998, 1788383804.8649552, 1788383804.9501147, 1788383805.0341892, 1788383805.119437, 1788383805.2042716, 1788383805.2894537, 1788383805.3733373, 1788383805.4608343, 1788383805.5447063, 1788383805.6262953, 1788383805.7082028, 1788383805.7901733, 1788383805.873376, 1788383805.9542203, 1788383806.036705, 1788383806.119006, 1788383806.201799, 1788383806.2831135, 1788383806.3646927, 1788383806.4471009, 1788383806.5299497, 1788383806.613178, 1788383806.695577]","[1, 1, 1, 3, 6, 6, 3, 2, 3, 3, 4, 3, 2, 6, 4, 2, 2, 6, 6, 1, 5, 6, 4, 6, 3, 6, 1, 6, 6, 6, 3, 1, 3, 6, 2, 2, 5, 4, 6, 6, 1]"
User-003,1,trace_0714,1788383809.1126876,streaming,30152,283,283,342,128,18.89409375190735,28.748241901397705,0.0349437877641502,16.0,0,True,,1788383780.364374,1788383799.2584677,1788383809.1126158,"[1788383799.2584677, 1788383799.8336153, 1788383800.4697099, 1788383801.1653976, 1788383801.8861506, 1788383802.6367807, 1788383803.264143, 1788383803.3176095, 1788383803.4126005, 1788383803.5131216, 1788383803.6022644, 1788383803.6976027, 1788383803.7919, 1788383803.886719, 1788383803.9841495, 1788383804.075644, 1788383804.1683044, 1788383804.2569594, 1788383804.3440685, 1788383804.4321682, 1788383804.5212703, 1788383804.6074317, 1788383804.6913984, 1788383804.7761462, 1788383804.8610022, 1788383804.9461381, 1788383805.0301206, 1788383805.1154199, 1788383805.200281, 1788383805.2854688, 1788383805.369292, 1788383805.4564173, 1788383805.541305, 1788383805.6225202, 1788383805.7047498, 1788383805.7868838, 1788383805.8699417, 1788383805.9508696, 1788383806.0333178, 1788383806.1155648, 1788383806.1983385, 1788383806.2796373, 1788383806.3614573, 1788383806.4437006, 1788383806.5265098, 1788383806.6091542, 1788383806.692451, 1788383806.7698286, 1788383806.8487382, 1788383806.9294078, 1788383807.008434, 1788383807.0881767, 1788383807.1679125, 1788383807.2468553, 1788383807.3269784, 1788383807.4065382, 1788383807.485519, 1788383807.5667717, 1788383807.6455226, 1788383807.7269745, 1788383807.8061047, 1788383807.8871458, 1788383807.9662318, 1788383808.0473826, 1788383808.126496, 1788383808.2070525, 1788383808.286758, 1788383808.3657997, 1788383808.4471061, 1788383808.5263288, 1788383808.6076698, 1788383808.6866467, 1788383808.7683988, 1788383808.8507836, 1788383808.928533, 1788383809.1097984]","[1, 4, 2, 2, 3, 1, 6, 1, 3, 1, 6, 6, 2, 6, 6, 3, 3, 1, 3, 1, 1, 6, 6, 6, 4, 3, 6, 6, 1, 6, 5, 6, 6, 6, 6, 1, 4, 3, 1, 5, 6, 6, 1, 1, 6, 6, 1, 4, 2, 4, 2, 2, 3, 3, 3, 1, 6, 5, 4, 2, 4, 5, 6, 3, 5, 6, 6, 2, 6, 2, 1, 6, 6, 6, 1, 1]"
User-017,2,trace_0726,1788383816.953453,streaming,20593,127,127,317,3,0.3444550037384033,8.188658714294434,0.06225558500441294,6.0,0,True,,1788383808.7647135,1788383809.1091685,1788383816.9533722,"[1788383809.1091685, 1788383809.1597192, 1788383809.236806, 1788383809.3151877, 1788383809.3930328, 1788383809.4701238, 1788383809.5489075, 1788383809.625752, 1788383809.7050421, 1788383809.7821856, 1788383809.8604736, 1788383809.9376264, 1788383810.0173159, 1788383810.0936882, 1788383810.1730518, 1788383810.2498858, 1788383810.3279068, 1788383810.4055724, 1788383810.4830287, 1788383810.561985, 1788383810.6392066, 1788383810.71814, 1788383810.7960896, 1788383810.8768022, 1788383810.951739, 1788383811.113475, 1788383811.1765358, 1788383811.2524567, 1788383811.8539982, 1788383812.4784966, 1788383813.140787, 1788383813.833364, 1788383814.5629442, 1788383815.3268204, 1788383816.1203723, 1788383816.9497192]","[1, 3, 4, 3, 3, 3, 2, 4, 2, 1, 5, 3, 1, 4, 6, 6, 2, 5, 1, 5, 5, 3, 6, 3, 5, 3, 6, 6, 4, 3, 6, 2, 3, 1, 1, 6]"
User-011,0,trace_0694,1788383825.229445,streaming,24258,686,683,0,378,43.26286268234253,138.28065490722656,0.13932227598956604,0.0,0,True,,1788383686.9487011,1788383730.2115638,1788383825.229356,"[1788383730.2115638, 1788383730.8113887, 1788383731.473366, 1788383732.165005, 1788383732.8907623, 1788383733.6526082, 1788383734.4466376, 1788383735.2775667, 1788383736.1381714, 1788383737.1104436, 1788383737.937327, 1788383738.5112894, 1788383739.1568232, 1788383739.837875, 1788383740.5477862, 1788383741.2927191, 1788383742.0671415, 1788383742.875371, 1788383743.6672747, 1788383744.251978, 1788383744.8929496, 1788383745.5657763, 1788383746.2709565, 1788383747.0077436, 1788383747.7764919, 1788383748.5803146, 1788383749.4168115, 1788383750.2854834, 1788383751.1894526, 1788383752.1235752, 1788383752.8703725, 1788383753.4561179, 1788383754.109307, 1788383754.7993076, 1788383755.5216124, 1788383756.2737236, 1788383757.057903, 1788383757.8884451, 1788383758.5552664, 1788383759.1590855, 1788383759.8202271, 1788383760.5158412, 1788383761.2416632, 1788383762.0128891, 1788383762.8183386, 1788383763.655411, 1788383764.523573, 1788383765.4220862, 1788383766.3501978, 1788383767.3096373, 1788383768.2967498, 1788383768.9737663, 1788383769.5670078, 1788383770.2317321, 1788383770.9255126, 1788383771.6710508, 1788383772.4464972, 1788383773.256881, 1788383774.0930529, 1788383774.9626923, 1788383775.7486122, 1788383776.3368037, 1788383776.9839242, 1788383777.6682756, 1788383778.3832626, 1788383779.1303933, 1788383779.9047923, 1788383780.5824938, 1788383781.1811461, 1788383781.8361452, 1788383782.5264218, 1788383783.2472756, 1788383784.0010786, 1788383784.7851677, 1788383785.6030302, 1788383786.2484593, 1788383786.8546565, 1788383787.5396473, 1788383788.2569337, 1788383789.0022268, 1788383789.6990335, 1788383790.3105414, 1788383790.9502206, 1788383791.6386263, 1788383792.3595889, 1788383793.1124234, 1788383793.8989258, 1788383794.7070823, 1788383795.552859, 1788383796.4344604, 1788383797.343572, 1788383798.2870314, 1788383799.2621093, 1788383799.837733, 1788383800.473437, 1788383801.1692498, 1788383801.8900275, 1788383802.6406581, 1788383803.2696347, 1788383803.3225844, 1788383803.4175582, 1788383803.5181046, 1788383803.6073458, 1788383803.7026012, 1788383803.7968314, 1788383803.8917391, 1788383803.9894004, 1788383804.080575, 1788383804.1733143, 1788383804.261921, 1788383804.3492513, 1788383804.43718, 1788383804.5272017, 1788383804.611917, 1788383804.6960783, 1788383804.7807317, 1788383804.8654795, 1788383804.9506137, 1788383805.034718, 1788383805.1199594, 1788383805.204786, 1788383805.2899895, 1788383805.3738575, 1788383805.4613726, 1788383805.5452127, 1788383805.6268313, 1788383805.7087326, 1788383805.7906964, 1788383805.8738961, 1788383805.954745, 1788383806.0372198, 1788383806.1195407, 1788383806.202332, 1788383806.2836556, 1788383806.365222, 1788383806.4476306, 1788383806.5304642, 1788383806.6137, 1788383806.6963136, 1788383806.7721746, 1788383806.8510635, 1788383806.9317575, 1788383807.0107107, 1788383807.0904472, 1788383807.1701944, 1788383807.2491727, 1788383807.3292866, 1788383807.4088192, 1788383807.4878492, 1788383807.569136, 1788383807.64787, 1788383807.7292442, 1788383807.8083975, 1788383807.8894768, 1788383807.9685538, 1788383808.0496743, 1788383808.1289184, 1788383808.2093642, 1788383808.289095, 1788383808.3681264, 1788383808.449408, 1788383808.5286756, 1788383808.60999, 1788383808.6890013, 1788383808.769551, 1788383808.8530686, 1788383808.9308019, 1788383809.1122284, 1788383809.1620138, 1788383809.2391872, 1788383809.3174837, 1788383809.3951616, 1788383809.4724767, 1788383809.5512123, 1788383809.628017, 1788383809.7073715, 1788383809.7843924, 1788383809.862803, 1788383809.939941, 1788383810.01972, 1788383810.0960548, 1788383810.1754692, 1788383810.2522728, 1788383810.33016, 1788383810.4078908, 1788383810.4852035, 1788383810.5643797, 1788383810.6415234, 1788383810.7204537, 1788383810.7987013, 1788383810.879062, 1788383810.9539518, 1788383811.116692, 1788383811.1793528, 1788383811.2552445, 1788383811.8570294, 1788383812.4813194, 1788383813.1438084, 1788383813.8362348, 1788383814.565806, 1788383815.3297727, 1788383816.1232069, 1788383816.9530506, 1788383817.5779557, 1788383818.1995041, 1788383818.8703666, 1788383819.5729575, 1788383820.3091266, 1788383821.0737522, 1788383821.8726578, 1788383822.700958, 1788383823.5598493, 1788383824.3944373, 1788383825.2281175]","[1, 2, 4, 4, 1, 6, 4, 1, 3, 3, 4, 2, 3, 1, 4, 2, 3, 4, 4, 1, 1, 2, 6, 2, 1, 3, 2, 1, 2, 1, 6, 4, 3, 1, 6, 4, 1, 2, 1, 6, 6, 3, 1, 4, 3, 2, 1, 2, 1, 4, 1, 3, 2, 6, 6, 6, 6, 6, 6, 5, 3, 6, 3, 5, 4, 6, 6, 6, 2, 6, 4, 4, 2, 1, 2, 4, 2, 6, 3, 6, 2, 1, 5, 6, 2, 5, 1, 6, 6, 3, 2, 1, 2, 3, 2, 1, 1, 5, 3, 4, 3, 3, 2, 1, 2, 6, 2, 3, 3, 1, 4, 4, 2, 2, 2, 1, 1, 1, 2, 1, 6, 1, 6, 3, 4, 6, 1, 1, 2, 5, 2, 4, 2, 4, 1, 6, 2, 1, 2, 6, 1, 2, 2, 1, 1, 1, 3, 3, 3, 1, 3, 1, 4, 2, 4, 2, 1, 6, 6, 6, 6, 6, 6, 2, 2, 4, 6, 5, 2, 2, 2, 4, 6, 4, 2, 6, 6, 6, 4, 6, 2, 3, 1, 2, 1, 5, 2, 5, 2, 4, 1, 3, 6, 5, 1, 1, 6, 1, 1, 6, 6, 6, 1, 2, 5, 2, 4, 3, 2, 6, 1, 6, 1, 1]"
User-022,0,trace_0418,1788383827.9145098,streaming,12965,397,397,0,202,19.22879695892334,57.44621825218201,0.09650863962944108,0.0,0,True,,1788383770.4682422,1788383789.6970391,1788383827.9144604,"[1788383789.6970391, 1788383790.3095732, 1788383790.948045, 1788383791.63634, 1788383792.3579292, 1788383793.1107752, 1788383793.8973155, 1788383794.7054605, 1788383795.551218, 1788383796.4328568, 1788383797.3420076, 1788383798.2853966, 1788383799.2605808, 1788383799.8357644, 1788383800.4718528, 1788383801.1676626, 1788383801.8883874, 1788383802.6390212, 1788383803.2664478, 1788383803.3199122, 1788383803.4148443, 1788383803.5153844, 1788383803.6046119, 1788383803.6999488, 1788383803.7941177, 1788383803.889024, 1788383803.9864552, 1788383804.077415, 1788383804.170066, 1788383804.2587616, 1788383804.34589, 1788383804.433945, 1788383804.523214, 1788383804.6092281, 1788383804.6932616, 1788383804.7780323, 1788383804.862853, 1788383804.9480066, 1788383805.0319982, 1788383805.1172748, 1788383805.20211, 1788383805.2873743, 1788383805.3711853, 1788383805.4586349, 1788383805.5424838, 1788383805.6240747, 1788383805.7059524, 1788383805.7880094, 1788383805.8711636, 1788383805.9521143, 1788383806.0344756, 1788383806.1167428, 1788383806.1995704, 1788383806.2808297, 1788383806.362573, 1788383806.4448552, 1788383806.5277388, 1788383806.6110249, 1788383806.6930444, 1788383806.77045, 1788383806.8493469, 1788383806.9300349, 1788383807.0090399, 1788383807.0887766, 1788383807.168527, 1788383807.2474616, 1788383807.3275924, 1788383807.4071536, 1788383807.4861426, 1788383807.5674047, 1788383807.6461685, 1788383807.7275844, 1788383807.8067021, 1788383807.8877578, 1788383807.966873, 1788383808.0479777, 1788383808.1271708, 1788383808.2076702, 1788383808.2873719, 1788383808.3663962, 1788383808.4477153, 1788383808.5269573, 1788383808.6082847, 1788383808.6872993, 1788383808.7687895, 1788383808.8514695, 1788383808.9291627, 1788383809.110586, 1788383809.1603348, 1788383809.2374287, 1788383809.315881, 1788383809.3936498, 1788383809.4707906, 1788383809.5495157, 1788383809.6263776, 1788383809.705665, 1788383809.7828045, 1788383809.8610969, 1788383809.9382463, 1788383810.0179167, 1788383810.0942996, 1788383810.173709, 1788383810.250506, 1788383810.3285315, 1788383810.406187, 1788383810.483616, 1788383810.5626166, 1788383810.6398282, 1788383810.718793, 1788383810.7969985, 1788383810.8774505, 1788383810.9523873, 1788383811.1150968, 1788383811.1777444, 1788383811.25363, 1788383811.855382, 1788383812.4797645, 1788383813.1421444, 1788383813.8345914, 1788383814.5641854, 1788383815.3280888, 1788383816.1215987, 1788383816.9513664, 1788383817.5763688, 1788383818.1978042, 1788383818.868673, 1788383819.5712807, 1788383820.3073478, 1788383821.0720768, 1788383821.8708947, 1788383822.6992676, 1788383823.557355, 1788383824.3923318, 1788383825.225917, 1788383825.926465, 1788383826.5402176, 1788383827.209562, 1788383827.9110515]","[1, 1, 2, 1, 2, 3, 1, 2, 3, 4, 1, 6, 1, 4, 5, 1, 1, 2, 2, 1, 2, 1, 2, 2, 6, 1, 1, 2, 1, 2, 2, 2, 6, 1, 1, 3, 1, 2, 5, 6, 5, 1, 1, 5, 6, 4, 2, 1, 5, 6, 1, 1, 3, 1, 1, 6, 5, 2, 2, 4, 1, 1, 1, 1, 1, 2, 6, 2, 6, 5, 3, 1, 3, 6, 3, 3, 6, 4, 1, 4, 2, 4, 2, 2, 1, 1, 5, 4, 1, 3, 2, 1, 3, 1, 3, 4, 6, 5, 2, 6, 2, 3, 6, 1, 2, 1, 6, 2, 1, 1, 6, 6, 6, 1, 2, 2, 1, 2, 6, 6, 4, 2, 3, 3, 3, 1, 1, 4, 2, 6, 2, 6, 5, 5, 6, 5, 1, 2]"
User-017,3,trace_0726,1788383853.9615488,streaming,20790,112,112,320,2,11.807677984237671,33.94337320327759,0.19942067764900825,6.0,0,True,,1788383820.018104,1788383831.825782,1788383853.9614773,"[1788383831.825782, 1788383832.3904996, 1788383833.0325885, 1788383833.7102187, 1788383834.4177961, 1788383835.1591134, 1788383835.9298391, 1788383836.7328734, 1788383837.5732954, 1788383838.4462135, 1788383839.3523686, 1788383840.2932165, 1788383841.260854, 1788383841.854476, 1788383842.4616148, 1788383843.1278174, 1788383843.829896, 1788383844.558518, 1788383845.3186119, 1788383846.1125045, 1788383846.938149, 1788383847.694816, 1788383848.2852147, 1788383848.9345863, 1788383849.617569, 1788383850.3316505, 1788383851.076623, 1788383851.8559647, 1788383852.6642427, 1788383853.3661802, 1788383853.9573503]","[1, 1, 1, 6, 4, 6, 3, 1, 2, 3, 2, 2, 3, 4, 1, 6, 3, 3, 6, 4, 3, 4, 6, 6, 6, 6, 6, 5, 1, 6, 1]"
User-004,1,trace_0629,1788383856.0863392,streaming,29165,66,66,286,169,19.916013479232788,34.738738775253296,0.22804192763108475,142.0,0,True,,1788383821.3475196,1788383841.263533,1788383856.0862584,"[1788383841.263533, 1788383841.8568432, 1788383842.4639676, 1788383843.1301308, 1788383843.832229, 1788383844.560889, 1788383845.3209136, 1788383846.115236, 1788383846.9405177, 1788383847.6980278, 1788383848.2880893, 1788383848.9374218, 1788383849.6205008, 1788383850.3344753, 1788383851.0794125, 1788383851.8590856, 1788383852.6670344, 1788383853.3702888, 1788383853.9611, 1788383854.6372657, 1788383855.3423443, 1788383856.0825098]","[1, 4, 2, 1, 4, 1, 3, 3, 2, 6, 6, 1, 1, 3, 5, 2, 1, 5, 6, 4, 4, 1]"
User-007,2,trace_0398,1788383858.4542472,streaming,13997,202,202,214,4,0.35208582878112793,47.69173002243042,0.2355206178788522,7.0,0,True,,1788383810.7624557,1788383811.1145415,1788383858.4541857,"[1788383811.1145415, 1788383811.177213, 1788383811.2530854, 1788383811.8547208, 1788383812.4791594, 1788383813.1415188, 1788383813.833976, 1788383814.5635855, 1788383815.3275154, 1788383816.1209822, 1788383816.9506135, 1788383817.5757627, 1788383818.1971738, 1788383818.8680656, 1788383819.5706334, 1788383820.3066022, 1788383821.0714726, 1788383821.8701746, 1788383822.6986024, 1788383823.556715, 1788383824.3907807, 1788383825.2246668, 1788383825.9251556, 1788383826.5389636, 1788383827.2083216, 1788383827.9097471, 1788383828.6391575, 1788383829.4002078, 1788383830.1928535, 1788383831.0146065, 1788383831.826413, 1788383832.391133, 1788383833.033201, 1788383833.7110171, 1788383834.418419, 1788383835.1597037, 1788383835.9304843, 1788383836.7335203, 1788383837.5739088, 1788383838.446872, 1788383839.3529859, 1788383840.293825, 1788383841.2615588, 1788383841.8551586, 1788383842.462235, 1788383843.1284564, 1788383843.8305104, 1788383844.5591595, 1788383845.319278, 1788383846.1131327, 1788383846.938793, 1788383847.6954718, 1788383848.285839, 1788383848.935256, 1788383849.6182036, 1788383850.3322926, 1788383851.0772433, 1788383851.8567386, 1788383852.664831, 1788383853.3680322, 1788383853.9589853, 1788383854.6350377, 1788383855.3401258, 1788383856.0802517, 1788383856.8393023, 1788383857.6314242, 1788383858.4501398]","[1, 1, 6, 5, 2, 1, 4, 1, 2, 6, 6, 2, 3, 1, 1, 4, 1, 3, 6, 4, 2, 3, 6, 6, 2, 3, 6, 2, 6, 3, 3, 5, 6, 6, 2, 2, 2, 1, 2, 2, 4, 3, 1, 1, 3, 4, 3, 6, 2, 4, 5, 3, 3, 2, 5, 2, 1, 2, 2, 2, 1, 1, 1, 4, 3, 1, 3]"
User-020,1,trace_0108,1788383860.1531458,streaming,19881,166,166,258,52,12.657832384109497,48.419156074523926,0.2167352950934208,12.0,0,True,,1788383811.733913,1788383824.3917453,1788383860.153069,"[1788383824.3917453, 1788383825.225302, 1788383825.9258413, 1788383826.539599, 1788383827.2089443, 1788383827.9103737, 1788383828.6397655, 1788383829.4008365, 1788383830.193479, 1788383831.015375, 1788383831.8270607, 1788383832.391769, 1788383833.0338628, 1788383833.7116995, 1788383834.4190812, 1788383835.16021, 1788383835.9311447, 1788383836.7341325, 1788383837.5745146, 1788383838.447495, 1788383839.3535974, 1788383840.2944727, 1788383841.2621863, 1788383841.855705, 1788383842.4628885, 1788383843.1290789, 1788383843.8311753, 1788383844.5598068, 1788383845.3198848, 1788383846.1139505, 1788383846.9394767, 1788383847.6969407, 1788383848.2870145, 1788383848.9363942, 1788383849.6194217, 1788383850.3334558, 1788383851.0783594, 1788383851.8578653, 1788383852.6659646, 1788383853.36926, 1788383853.9600368, 1788383854.636189, 1788383855.3412843, 1788383856.08146, 1788383856.8404994, 1788383857.6327996, 1788383858.451712, 1788383859.3252053, 1788383859.4362657, 1788383859.5030909, 1788383859.5948577, 1788383859.6876528, 1788383859.7782712, 1788383859.8704543, 1788383859.9614918, 1788383860.0541866, 1788383860.1468778]","[1, 2, 5, 2, 2, 4, 1, 3, 2, 6, 1, 4, 2, 2, 2, 1, 1, 2, 6, 2, 2, 1, 1, 2, 3, 2, 3, 6, 1, 4, 6, 5, 1, 1, 6, 1, 1, 4, 2, 1, 6, 3, 5, 2, 6, 5, 4, 3, 2, 6, 4, 3, 2, 1, 2, 6, 2]"
User-023,0,trace_0562,1788383860.5075052,streaming,20882,175,175,0,325,11.86966347694397,48.81886410713196,0.21235172775970107,0.0,0,True,,1788383811.6885538,1788383823.5582173,1788383860.507418,"[1788383823.5582173, 1788383824.3928752, 1788383825.2264607, 1788383825.9288754, 1788383826.5423286, 1788383827.211692, 1788383827.913439, 1788383828.6419773, 1788383829.403106, 1788383830.1957083, 1788383831.0177631, 1788383831.8298802, 1788383832.3944192, 1788383833.036532, 1788383833.7144666, 1788383834.421721, 1788383835.1622498, 1788383835.9338071, 1788383836.7368753, 1788383837.5772598, 1788383838.450183, 1788383839.3562858, 1788383840.2971985, 1788383841.2656493, 1788383841.8596768, 1788383842.466578, 1788383843.1327875, 1788383843.8348877, 1788383844.5635223, 1788383845.3235354, 1788383846.117922, 1788383846.9431407, 1788383847.7005847, 1788383848.2907856, 1788383848.9401042, 1788383849.6231155, 1788383850.3371928, 1788383851.082172, 1788383851.8617873, 1788383852.6696687, 1788383853.373612, 1788383853.9645703, 1788383854.6404884, 1788383855.345564, 1788383856.0856109, 1788383856.8442721, 1788383857.6369145, 1788383858.4557083, 1788383859.3297694, 1788383859.4410052, 1788383859.507819, 1788383859.5996494, 1788383859.6925845, 1788383859.7831926, 1788383859.8752518, 1788383859.9663773, 1788383860.0591097, 1788383860.152192, 1788383860.2423742, 1788383860.3282444, 1788383860.416824, 1788383860.5062292]","[1, 3, 3, 5, 4, 3, 1, 3, 1, 2, 4, 4, 1, 6, 1, 2, 2, 4, 1, 4, 2, 2, 3, 1, 3, 1, 6, 2, 5, 6, 6, 5, 6, 1, 1, 3, 5, 3, 3, 1, 5, 5, 2, 1, 1, 2, 2, 1, 3, 2, 1, 6, 2, 2, 1, 1, 2, 1, 3, 5, 3, 4]"
User-022,1,trace_0418,1788383861.7205012,streaming,13367,162,162,202,6,12.408915281295776,20.75778317451477,0.0518563223181304,20.0,0,True,,1788383840.9626768,1788383853.371592,1788383861.72046,"[1788383853.371592, 1788383853.962482, 1788383854.6383934, 1788383855.3435109, 1788383856.0839996, 1788383856.8420873, 1788383857.6347575, 1788383858.453265, 1788383859.3277192, 1788383859.4392834, 1788383859.505808, 1788383859.597476, 1788383859.6903512, 1788383859.7810495, 1788383859.8730729, 1788383859.9641774, 1788383860.0568933, 1788383860.1498775, 1788383860.2401638, 1788383860.325974, 1788383860.4146643, 1788383860.5040486, 1788383860.5894346, 1788383860.675472, 1788383860.7626958, 1788383860.8484943, 1788383860.9352553, 1788383861.0211859, 1788383861.1076918, 1788383861.1942475, 1788383861.2808704, 1788383861.3672438, 1788383861.453849, 1788383861.5392628, 1788383861.6261868, 1788383861.7169766]","[1, 6, 6, 4, 6, 6, 6, 2, 5, 3, 2, 1, 6, 6, 6, 6, 2, 6, 3, 6, 2, 6, 2, 3, 6, 6, 6, 6, 6, 6, 4, 6, 6, 6, 1, 1]"
User-013,3,trace_0253,1788383861.7203443,streaming,23775,163,163,332,13,11.175183057785034,31.037775993347168,0.12260859836766749,30.0,0,True,,1788383830.6824784,1788383841.8576615,1788383861.7202544,"[1788383841.8576615, 1788383842.464467, 1788383843.1306329, 1788383843.8327386, 1788383844.5614002, 1788383845.3214362, 1788383846.1157668, 1788383846.9410193, 1788383847.6985323, 1788383848.2886076, 1788383848.9379241, 1788383849.620997, 1788383850.3350148, 1788383851.0799952, 1788383851.8596053, 1788383852.6675308, 1788383853.3707952, 1788383853.961955, 1788383854.6378527, 1788383855.342896, 1788383856.0833359, 1788383856.8415565, 1788383857.6341205, 1788383858.452768, 1788383859.3272228, 1788383859.4386995, 1788383859.505291, 1788383859.5969636, 1788383859.689818, 1788383859.7804446, 1788383859.8725486, 1788383859.9636214, 1788383860.0563745, 1788383860.149352, 1788383860.2396169, 1788383860.325444, 1788383860.4141507, 1788383860.503357, 1788383860.58892, 1788383860.674927, 1788383860.7621453, 1788383860.8479583, 1788383860.934668, 1788383861.0205112, 1788383861.1071591, 1788383861.1937058, 1788383861.2803586, 1788383861.3665538, 1788383861.4533143, 1788383861.5386972, 1788383861.6256716, 1788383861.7161818]","[1, 4, 3, 5, 2, 2, 1, 2, 5, 1, 4, 1, 3, 6, 4, 6, 1, 1, 6, 6, 3, 2, 4, 1, 2, 6, 2, 1, 6, 2, 1, 6, 2, 3, 2, 3, 2, 5, 2, 6, 5, 3, 6, 2, 1, 3, 1, 6, 5, 1, 1, 4]"
User-018,0,trace_0378,1788383862.7122676,streaming,28209,973,967,0,440,65.62098240852356,175.45885682106018,0.11370380373968594,0.0,0,True,,1788383687.253341,1788383752.8743234,1788383862.7121978,"[1788383752.8743234, 1788383753.4599473, 1788383754.1131296, 1788383754.8031216, 1788383755.5253785, 1788383756.2775135, 1788383757.0573974, 1788383757.8879333, 1788383758.5547824, 1788383759.1585455, 1788383759.8196976, 1788383760.5153084, 1788383761.2411597, 1788383762.0123274, 1788383762.8178236, 1788383763.6548886, 1788383764.5230536, 1788383765.4215698, 1788383766.3496814, 1788383767.3091002, 1788383768.2962096, 1788383768.9732547, 1788383769.5664682, 1788383770.2312279, 1788383770.924985, 1788383771.670467, 1788383772.4459732, 1788383773.2563653, 1788383774.0925078, 1788383774.9621384, 1788383775.7481163, 1788383776.3362584, 1788383776.9833784, 1788383777.667693, 1788383778.3826833, 1788383779.1298525, 1788383779.904268, 1788383780.5819426, 1788383781.180633, 1788383781.8356004, 1788383782.5258954, 1788383783.2466943, 1788383784.0005338, 1788383784.7845805, 1788383785.6024435, 1788383786.2479284, 1788383786.8541203, 1788383787.5391064, 1788383788.2563736, 1788383789.0017278, 1788383789.6985, 1788383790.3103, 1788383790.9496872, 1788383791.6380868, 1788383792.3590715, 1788383793.1118472, 1788383793.898364, 1788383794.706564, 1788383795.5523303, 1788383796.4339, 1788383797.3430278, 1788383798.286498, 1788383799.2615857, 1788383799.8372097, 1788383800.4729073, 1788383801.1686857, 1788383801.889498, 1788383802.6400878, 1788383803.2674906, 1788383803.320958, 1788383803.4159248, 1788383803.5164557, 1788383803.6056979, 1788383803.70099, 1788383803.7951918, 1788383803.8900566, 1788383803.9877996, 1788383804.0794957, 1788383804.172211, 1788383804.260842, 1788383804.3481405, 1788383804.4360943, 1788383804.5260706, 1788383804.6108015, 1788383804.6950357, 1788383804.7796667, 1788383804.8644269, 1788383804.949594, 1788383805.0335495, 1788383805.1188986, 1788383805.203735, 1788383805.288936, 1788383805.372818, 1788383805.460324, 1788383805.5441928, 1788383805.6257765, 1788383805.7076838, 1788383805.789642, 1788383805.8728452, 1788383805.9536905, 1788383806.036191, 1788383806.118442, 1788383806.2012758, 1788383806.2823617, 1788383806.3641775, 1788383806.4465382, 1788383806.5294335, 1788383806.6126304, 1788383806.6950233, 1788383806.771654, 1788383806.8504815, 1788383806.9312274, 1788383807.0101511, 1788383807.0899343, 1788383807.1696875, 1788383807.2486336, 1788383807.3287644, 1788383807.4082959, 1788383807.4873183, 1788383807.5685983, 1788383807.6473541, 1788383807.7287116, 1788383807.8078187, 1788383807.8889372, 1788383807.9680238, 1788383808.0491297, 1788383808.1283717, 1788383808.20883, 1788383808.2885582, 1788383808.3675587, 1788383808.4488916, 1788383808.5281134, 1788383808.6094391, 1788383808.688457, 1788383808.7692826, 1788383808.8525052, 1788383808.9302373, 1788383809.1117015, 1788383809.1614733, 1788383809.2385852, 1788383809.3169537, 1788383809.3945963, 1788383809.4719737, 1788383809.5506523, 1788383809.6274886, 1788383809.7068226, 1788383809.7838485, 1788383809.8622606, 1788383809.939432, 1788383810.0191994, 1788383810.0955114, 1788383810.174912, 1788383810.251734, 1788383810.329639, 1788383810.407337, 1788383810.484691, 1788383810.56383, 1788383810.6409776, 1788383810.71992, 1788383810.7981708, 1788383810.8785076, 1788383810.9534266, 1788383811.116188, 1788383811.178807, 1788383811.254703, 1788383811.856502, 1788383812.4808135, 1788383813.1432905, 1788383813.8356974, 1788383814.5652862, 1788383815.3292356, 1788383816.1226435, 1788383816.9525049, 1788383817.57745, 1788383818.19896, 1788383818.8698235, 1788383819.5724227, 1788383820.3085573, 1788383821.0732043, 1788383821.8721118, 1788383822.700413, 1788383823.5593371, 1788383824.3939168, 1788383825.2275615, 1788383825.9283745, 1788383826.541807, 1788383827.211163, 1788383827.9129224, 1788383828.641442, 1788383829.4025228, 1788383830.1951826, 1788383831.0172164, 1788383831.8293827, 1788383832.39387, 1788383833.035992, 1788383833.7139359, 1788383834.421171, 1788383835.1618435, 1788383835.9332478, 1788383836.7363222, 1788383837.576706, 1788383838.4496174, 1788383839.3557365, 1788383840.296638, 1788383841.2651243, 1788383841.859176, 1788383842.4660792, 1788383843.1322744, 1788383843.834365, 1788383844.563012, 1788383845.3230257, 1788383846.1173882, 1788383846.9426093, 1788383847.7000902, 1788383848.2902594, 1788383848.9395788, 1788383849.6225855, 1788383850.33667, 1788383851.081647, 1788383851.861255, 1788383852.6691494, 1788383853.3731084, 1788383853.9640558, 1788383854.639991, 1788383855.3450608, 1788383856.085226, 1788383856.8437643, 1788383857.6363745, 1788383858.455199, 1788383859.32925, 1788383859.4405887, 1788383859.5073133, 1788383859.5991118, 1788383859.6920815, 1788383859.7826447, 1788383859.8747041, 1788383859.9658654, 1788383860.058568, 1788383860.15166, 1788383860.241859, 1788383860.327688, 1788383860.4162529, 1788383860.5057013, 1788383860.5865858, 1788383860.672605, 1788383860.7597723, 1788383860.8455083, 1788383861.018116, 1788383861.19128, 1788383861.2779157, 1788383861.3641713, 1788383861.4508834, 1788383861.536288, 1788383861.623286, 1788383861.713639, 1788383861.792825, 1788383861.8749769, 1788383861.9577441, 1788383862.0405262, 1788383862.12443, 1788383862.207223, 1788383862.2899964, 1788383862.3729615, 1788383862.4561586, 1788383862.567625, 1788383862.6254447, 1788383862.7084937]","[1, 1, 1, 4, 4, 3, 3, 4, 1, 4, 3, 3, 2, 4, 2, 4, 2, 2, 2, 4, 6, 2, 2, 1, 1, 1, 6, 1, 5, 5, 6, 2, 5, 2, 2, 6, 3, 2, 3, 5, 3, 6, 2, 6, 4, 6, 6, 2, 3, 1, 5, 6, 5, 6, 3, 3, 4, 2, 6, 1, 1, 6, 3, 4, 6, 2, 3, 1, 4, 1, 6, 6, 3, 6, 6, 6, 3, 3, 6, 3, 6, 1, 1, 5, 6, 5, 5, 5, 2, 3, 3, 6, 1, 2, 1, 6, 4, 6, 5, 2, 4, 6, 3, 5, 6, 5, 3, 6, 2, 1, 3, 6, 6, 2, 1, 1, 2, 1, 6, 6, 1, 6, 5, 6, 2, 4, 3, 2, 6, 6, 2, 6, 3, 3, 6, 5, 5, 6, 6, 4, 2, 6, 1, 5, 3, 4, 2, 2, 1, 1, 6, 6, 4, 4, 4, 1, 6, 6, 5, 3, 6, 3, 1, 6, 2, 1, 2, 1, 5, 4, 1, 6, 5, 4, 5, 6, 4, 5, 5, 6, 6, 3, 3, 1, 2, 3, 4, 4, 6, 6, 5, 5, 2, 1, 3, 6, 1, 4, 3, 2, 2, 6, 1, 3, 6, 3, 1, 3, 3, 3, 6, 6, 2, 4, 3, 3, 2, 1, 6, 4, 5, 2, 3, 1, 1, 2, 5, 6, 1, 5, 6, 3, 4, 1, 6, 3, 2, 3, 2, 3, 6, 3, 2, 1, 2, 1, 4, 1, 2, 1, 1, 1, 1, 2, 2, 5, 6, 6, 6, 6, 6, 6, 6, 6, 6, 6, 4]"
User-008,1,trace_0707,1788383862.9008453,streaming,19859,309,309,302,7,6.499288082122803,51.821271896362305,0.1471492980981802,16.0,0,True,,1788383811.0795178,1788383817.578806,1788383862.9007897,"[1788383817.578806, 1788383818.2000365, 1788383818.8709087, 1788383819.5734797, 1788383820.3096461, 1788383821.074258, 1788383821.8732007, 1788383822.7014623, 1788383823.5604007, 1788383824.39493, 1788383825.2289243, 1788383825.9294171, 1788383826.5429254, 1788383827.2122252, 1788383827.9141285, 1788383828.6425273, 1788383829.4036133, 1788383830.1962273, 1788383831.0183604, 1788383831.8303916, 1788383832.394939, 1788383833.037116, 1788383833.715027, 1788383834.422247, 1788383835.162703, 1788383835.9343684, 1788383836.7373936, 1788383837.5778003, 1788383838.450691, 1788383839.3567977, 1788383840.297708, 1788383841.2661803, 1788383841.8602083, 1788383842.467089, 1788383843.133325, 1788383843.8353918, 1788383844.5640476, 1788383845.324062, 1788383846.1184375, 1788383846.943664, 1788383847.7010944, 1788383848.2912896, 1788383848.9406064, 1788383849.623632, 1788383850.3377209, 1788383851.0826814, 1788383851.8623188, 1788383852.670176, 1788383853.3741276, 1788383853.9651098, 1788383854.6410167, 1788383855.3460777, 1788383856.0860012, 1788383856.8447902, 1788383857.6374466, 1788383858.456249, 1788383859.3302853, 1788383859.4414194, 1788383859.5083199, 1788383859.6002064, 1788383859.6931028, 1788383859.7837021, 1788383859.8757672, 1788383859.966922, 1788383860.0596354, 1788383860.1527517, 1788383860.2429178, 1788383860.3287902, 1788383860.4173443, 1788383860.507042, 1788383860.5921562, 1788383860.6783125, 1788383860.7653928, 1788383860.8512893, 1788383860.9379423, 1788383861.0239341, 1788383861.1103532, 1788383861.197226, 1788383861.2835484, 1788383861.3700633, 1788383861.4564676, 1788383861.5419714, 1788383861.6284983, 1788383861.719807, 1788383861.7972875, 1788383861.8796031, 1788383861.9622471, 1788383862.0450258, 1788383862.1289492, 1788383862.2117524, 1788383862.2945461, 1788383862.377591, 1788383862.4606643, 1788383862.5697098, 1788383862.630021, 1788383862.7129874, 1788383862.9001927]","[1, 6, 1, 1, 2, 1, 1, 1, 4, 2, 4, 6, 6, 1, 2, 6, 2, 2, 5, 1, 5, 6, 3, 6, 1, 1, 2, 2, 6, 4, 1, 1, 5, 3, 3, 1, 6, 6, 6, 1, 1, 2, 3, 4, 6, 6, 2, 2, 6, 4, 4, 3, 6, 6, 2, 1, 6, 1, 2, 4, 6, 6, 2, 1, 1, 1, 4, 3, 6, 6, 2, 1, 5, 1, 2, 4, 3, 6, 3, 2, 2, 2, 2, 1, 2, 3, 2, 1, 5, 6, 4, 3, 6, 1, 4, 4, 1]"
User-017,4,trace_0726,1788383862.9552398,streaming,20964,133,133,322,2,2.398397922515869,5.915373802185059,0.026643756664160526,6.0,0,True,,1788383857.0398061,1788383859.438204,1788383862.95518,"[1788383859.438204, 1788383859.5047383, 1788383859.5964475, 1788383859.6892812, 1788383859.7798784, 1788383859.872034, 1788383859.963094, 1788383860.0558105, 1788383860.148819, 1788383860.2390757, 1788383860.324928, 1788383860.4136066, 1788383860.5028248, 1788383860.5884025, 1788383860.6744044, 1788383860.7616062, 1788383860.8473792, 1788383860.9341075, 1788383861.0199585, 1788383861.1065745, 1788383861.1929884, 1788383861.2797856, 1788383861.3660119, 1788383861.4527378, 1788383861.5381386, 1788383861.6251466, 1788383861.7156374, 1788383861.7946384, 1788383861.87696, 1788383861.959612, 1788383862.0423741, 1788383862.1262596, 1788383862.2090316, 1788383862.2919009, 1788383862.374879, 1788383862.4579866, 1788383862.5684674, 1788383862.627233, 1788383862.7105606, 1788383862.896695, 1788383862.9517565]","[1, 5, 1, 2, 5, 1, 2, 6, 4, 4, 2, 5, 2, 1, 3, 3, 4, 4, 6, 4, 5, 6, 2, 3, 3, 2, 4, 6, 1, 4, 4, 4, 1, 1, 5, 2, 5, 2, 5, 2, 1]"
User-016,0,trace_0704,1788383863.5422099,streaming,22705,1173,1159,0,354,50.10879874229431,176.53798580169678,0.10917891801330092,0.0,0,True,,1788383687.0041535,1788383737.1129522,1788383863.5421393,"[1788383737.1129522, 1788383737.9394488, 1788383738.513426, 1788383739.1589854, 1788383739.840008, 1788383740.5499244, 1788383741.2948172, 1788383742.0692494, 1788383742.8774858, 1788383743.6701922, 1788383744.2545936, 1788383744.8956337, 1788383745.5684068, 1788383746.273593, 1788383747.0103772, 1788383747.7791107, 1788383748.5829494, 1788383749.4195402, 1788383750.2880862, 1788383751.192159, 1788383752.1262426, 1788383752.8729916, 1788383753.4589, 1788383754.1120481, 1788383754.8020573, 1788383755.524312, 1788383756.2763999, 1788383757.0563402, 1788383757.8868427, 1788383758.5537562, 1788383759.157492, 1788383759.818586, 1788383760.5142503, 1788383761.2400882, 1788383762.0112598, 1788383762.8167531, 1788383763.6538267, 1788383764.5219445, 1788383765.4204996, 1788383766.348638, 1788383767.3080087, 1788383768.2951112, 1788383768.9722414, 1788383769.565363, 1788383770.22998, 1788383770.923855, 1788383771.6694345, 1788383772.444849, 1788383773.2551477, 1788383774.0914798, 1788383774.961103, 1788383775.7471294, 1788383776.3352602, 1788383776.9823272, 1788383777.6665823, 1788383778.3816447, 1788383779.1288037, 1788383779.9032125, 1788383780.5809016, 1788383781.1795301, 1788383781.8344378, 1788383782.5247583, 1788383783.2456484, 1788383783.9994972, 1788383784.7835238, 1788383785.6014106, 1788383786.246569, 1788383786.853536, 1788383787.538521, 1788383788.255853, 1788383789.0011594, 1788383789.6980293, 1788383790.3100543, 1788383790.949181, 1788383791.6375473, 1788383792.3573918, 1788383793.1102037, 1788383793.896698, 1788383794.704943, 1788383795.5506632, 1788383796.4323134, 1788383797.3414607, 1788383798.2848756, 1788383799.260052, 1788383799.8352296, 1788383800.4713233, 1788383801.1671374, 1788383801.8878682, 1788383802.638485, 1788383803.2659302, 1788383803.3193805, 1788383803.4142976, 1788383803.514861, 1788383803.6040783, 1788383803.6994176, 1788383803.793576, 1788383803.888513, 1788383803.9859247, 1788383804.078452, 1788383804.1711462, 1788383804.2598164, 1788383804.3471024, 1788383804.435051, 1788383804.5245445, 1788383804.6097398, 1788383804.6939502, 1788383804.778569, 1788383804.8633916, 1788383804.9485474, 1788383805.0325398, 1788383805.1178312, 1788383805.2026484, 1788383805.2879012, 1788383805.3717103, 1788383805.4592407, 1788383805.5431507, 1788383805.6247125, 1788383805.7065856, 1788383805.7886176, 1788383805.8718212, 1788383805.952672, 1788383806.0351298, 1788383806.1174018, 1788383806.2002044, 1788383806.2813392, 1788383806.3631263, 1788383806.4455137, 1788383806.528366, 1788383806.6115768, 1788383806.693596, 1788383806.771032, 1788383806.8498847, 1788383806.930575, 1788383807.009571, 1788383807.089402, 1788383807.1690614, 1788383807.2480137, 1788383807.3281643, 1788383807.4076993, 1788383807.4866774, 1788383807.5679781, 1788383807.6467152, 1788383807.728116, 1788383807.8072925, 1788383807.8883395, 1788383807.9674253, 1788383808.048548, 1788383808.1277585, 1788383808.2082355, 1788383808.2879174, 1788383808.3669736, 1788383808.4482882, 1788383808.5275192, 1788383808.6088376, 1788383808.6878543, 1788383808.7690418, 1788383808.851999, 1788383808.9297075, 1788383809.1111543, 1788383809.160945, 1788383809.238057, 1788383809.3164408, 1788383809.4714553, 1788383809.5501354, 1788383809.706287, 1788383809.861748, 1788383809.9388971, 1788383810.0185673, 1788383810.094967, 1788383810.1742618, 1788383810.251176, 1788383810.3290658, 1788383810.4067183, 1788383810.4841485, 1788383810.563213, 1788383810.6403787, 1788383810.7193353, 1788383810.7975836, 1788383810.8779867, 1788383810.95292, 1788383811.11565, 1788383811.1782517, 1788383811.2541533, 1788383811.8559349, 1788383812.4802957, 1788383813.142692, 1788383813.8351727, 1788383814.5647438, 1788383815.3287036, 1788383816.122122, 1788383816.9519253, 1788383817.5769036, 1788383818.19841, 1788383818.8692596, 1788383819.5718675, 1788383820.307985, 1788383821.0726435, 1788383821.871554, 1788383822.6998746, 1788383823.5588155, 1788383824.3933961, 1788383825.227033, 1788383825.9270453, 1788383826.5407572, 1788383827.210096, 1788383827.9118688, 1788383828.6403658, 1788383829.4014554, 1788383830.1940863, 1788383831.016091, 1788383831.8283787, 1788383832.3928275, 1788383833.0349321, 1788383833.712787, 1788383834.4201288, 1788383835.1610231, 1788383835.9321961, 1788383836.735251, 1788383837.5756342, 1788383838.4485414, 1788383839.3546402, 1788383840.2955437, 1788383841.2640538, 1788383841.8581624, 1788383842.4650476, 1788383843.131187, 1788383843.8332815, 1788383844.5619116, 1788383845.3219397, 1788383846.1162865, 1788383846.9415343, 1788383847.6990776, 1788383848.2891834, 1788383848.9384642, 1788383849.6215005, 1788383850.3355427, 1788383851.0805516, 1788383851.860156, 1788383852.6680717, 1788383853.3720798, 1788383853.9630363, 1788383854.6389647, 1788383855.3440535, 1788383856.0844188, 1788383856.8426955, 1788383857.6353142, 1788383858.4537807, 1788383859.3282428, 1788383859.4397733, 1788383859.5063214, 1788383859.5979855, 1788383859.6909266, 1788383859.7816088, 1788383859.873663, 1788383859.9647422, 1788383860.0574453, 1788383860.1505966, 1788383860.2407014, 1788383860.326596, 1788383860.41521, 1788383860.5045986, 1788383860.5899482, 1788383860.6761446, 1788383860.763273, 1788383860.849197, 1788383860.9358063, 1788383861.0217273, 1788383861.1082656, 1788383861.1949446, 1788383861.2814095, 1788383861.3677933, 1788383861.4543738, 1788383861.5398839, 1788383861.6267087, 1788383861.7177105, 1788383861.795227, 1788383861.8774788, 1788383861.9601705, 1788383862.0429482, 1788383862.1268365, 1788383862.209552, 1788383862.292424, 1788383862.37546, 1788383862.4585056, 1788383862.5687156, 1788383862.627763, 1788383862.7111015, 1788383862.8981357, 1788383862.9532773, 1788383863.023584, 1788383863.0968812, 1788383863.1709087, 1788383863.2438898, 1788383863.3173206, 1788383863.39103, 1788383863.4641156, 1788383863.5399284]","[1, 1, 1, 1, 1, 3, 1, 3, 6, 3, 3, 2, 2, 1, 3, 2, 1, 1, 2, 2, 1, 3, 1, 5, 4, 1, 6, 1, 6, 6, 1, 4, 5, 6, 2, 3, 2, 1, 3, 2, 4, 3, 2, 2, 3, 6, 1, 2, 6, 4, 1, 3, 2, 1, 2, 1, 6, 4, 3, 1, 6, 3, 2, 5, 2, 2, 5, 6, 6, 6, 5, 1, 5, 2, 6, 6, 6, 6, 2, 1, 6, 6, 6, 6, 6, 6, 5, 6, 1, 6, 6, 3, 1, 4, 6, 6, 2, 6, 2, 6, 3, 6, 6, 6, 4, 6, 6, 5, 2, 1, 1, 6, 2, 4, 4, 2, 3, 6, 2, 2, 3, 5, 1, 1, 3, 2, 3, 1, 5, 1, 6, 3, 2, 1, 3, 5, 2, 6, 4, 6, 6, 6, 6, 5, 6, 5, 2, 2, 2, 6, 1, 6, 1, 1, 6, 2, 2, 5, 6, 2, 1, 1, 2, 1, 1, 1, 3, 4, 2, 3, 3, 1, 1, 1, 2, 3, 3, 6, 1, 1, 3, 3, 6, 3, 2, 3, 1, 5, 1, 6, 6, 2, 2, 4, 1, 6, 6, 3, 1, 3, 4, 2, 2, 3, 1, 6, 3, 3, 6, 6, 2, 2, 6, 6, 2, 6, 6, 6, 6, 6, 6, 6, 6, 6, 6, 6, 3, 5, 6, 6, 6, 6, 6, 6, 6, 3, 6, 6, 6, 6, 6, 6, 4, 6, 6, 6, 6, 6, 3, 6, 6, 6, 4, 6, 6, 6, 6, 6, 6, 6, 6, 6, 6, 6, 2, 4, 6, 6, 6, 6, 6, 1, 1, 6, 5, 1, 2, 1, 5, 6, 6, 6, 6, 6, 6, 6, 6, 6, 6, 6, 6, 6, 5, 6, 6, 6, 1]"
User-025,0,trace_0588,1788383863.6840012,streaming,20769,205,205,0,324,14.199546813964844,30.18704843521118,0.07837010598650165,0.0,0,True,,1788383833.4968886,1788383847.6964355,1788383863.683937,"[1788383847.6964355, 1788383848.286456, 1788383848.9358752, 1788383849.6188781, 1788383850.3329241, 1788383851.0778427, 1788383851.8573172, 1788383852.6654437, 1788383853.3685658, 1788383853.9595325, 1788383854.635659, 1788383855.3407528, 1788383856.0809178, 1788383856.8399487, 1788383857.6320796, 1788383858.4511814, 1788383859.3246806, 1788383859.4357207, 1788383859.5025253, 1788383859.594174, 1788383859.686994, 1788383859.7776463, 1788383859.869768, 1788383859.9608536, 1788383860.0535188, 1788383860.146187, 1788383860.2373512, 1788383860.3234212, 1788383860.4118838, 1788383860.5010116, 1788383860.5915954, 1788383860.6777854, 1788383860.76487, 1788383860.8507543, 1788383860.9374206, 1788383861.0233066, 1788383861.109805, 1788383861.1965454, 1788383861.283005, 1788383861.3693798, 1788383861.4559574, 1788383861.5414388, 1788383861.6281164, 1788383861.7192926, 1788383861.796779, 1788383861.8790753, 1788383861.9617155, 1788383862.0445104, 1788383862.1284406, 1788383862.2112327, 1788383862.2940137, 1788383862.3770542, 1788383862.460158, 1788383862.569476, 1788383862.6294856, 1788383862.7125773, 1788383862.8996892, 1788383862.954891, 1788383863.025381, 1788383863.0984752, 1788383863.1725502, 1788383863.2456162, 1788383863.318913, 1788383863.3926492, 1788383863.4658747, 1788383863.5417695, 1788383863.6128325, 1788383863.6833136]","[1, 1, 1, 4, 4, 1, 4, 4, 2, 1, 2, 2, 2, 4, 1, 1, 1, 3, 4, 3, 1, 2, 5, 1, 5, 1, 1, 2, 1, 1, 6, 2, 1, 6, 3, 6, 6, 5, 5, 4, 1, 2, 1, 6, 2, 6, 6, 2, 2, 2, 4, 5, 1, 3, 4, 4, 1, 1, 6, 2, 6, 4, 6, 6, 6, 3, 2, 1]"
User-026,0,trace_0569,1788383864.249098,streaming,18579,191,191,0,289,18.21976661682129,29.10157537460327,0.05727267767253675,0.0,0,True,,1788383835.147443,1788383853.3672097,1788383864.2490184,"[1788383853.3672097, 1788383853.9582326, 1788383854.6343632, 1788383855.3395197, 1788383856.0796297, 1788383856.8386567, 1788383857.630686, 1788383858.4495058, 1788383859.324005, 1788383859.4351156, 1788383859.50194, 1788383859.5935693, 1788383859.6863515, 1788383859.7770336, 1788383859.8691754, 1788383859.9602444, 1788383860.05288, 1788383860.1455846, 1788383860.2367034, 1788383860.3229623, 1788383860.4112806, 1788383860.5003898, 1788383860.5872238, 1788383860.6732275, 1788383860.7603607, 1788383860.8461316, 1788383860.9327984, 1788383861.0187082, 1788383861.1052995, 1788383861.1918924, 1788383861.2785177, 1788383861.364768, 1788383861.4514854, 1788383861.5368867, 1788383861.623893, 1788383861.7142878, 1788383861.793448, 1788383861.8755925, 1788383861.9583695, 1788383862.041162, 1788383862.1250675, 1788383862.207832, 1788383862.2906156, 1788383862.3735769, 1788383862.4567654, 1788383862.567957, 1788383862.626118, 1788383862.7095065, 1788383862.895542, 1788383862.9505024, 1788383863.0216975, 1788383863.095107, 1788383863.1690652, 1788383863.241986, 1788383863.315506, 1788383863.3892095, 1788383863.4622645, 1788383863.5381083, 1788383863.6099453, 1788383863.6802254, 1788383863.749726, 1788383863.8190205, 1788383863.8909264, 1788383863.9608684, 1788383864.0324895, 1788383864.1021721, 1788383864.1740024, 1788383864.2460043]","[1, 4, 2, 3, 2, 2, 1, 3, 3, 1, 1, 2, 3, 6, 1, 1, 1, 1, 2, 4, 2, 6, 2, 3, 3, 1, 3, 2, 4, 4, 1, 2, 1, 2, 3, 6, 4, 1, 5, 2, 1, 1, 3, 6, 6, 4, 3, 1, 3, 2, 6, 2, 5, 6, 4, 3, 4, 2, 2, 5, 3, 3, 1, 5, 2, 2, 4, 1]"
User-024,0,trace_0255,1788383865.2841346,streaming,20409,369,369,0,318,16.52019715309143,49.97637748718262,0.09091353351655214,0.0,0,True,,1788383815.307683,1788383831.8278801,1788383865.2840605,"[1788383831.8278801, 1788383832.39231, 1788383833.0343885, 1788383833.7122567, 1788383834.419618, 1788383835.1606236, 1788383835.931677, 1788383836.7346928, 1788383837.5751097, 1788383838.4480278, 1788383839.3541307, 1788383840.2950284, 1788383841.2626958, 1788383841.8563225, 1788383842.4634295, 1788383843.1296155, 1788383843.83172, 1788383844.5603766, 1788383845.320403, 1788383846.1146636, 1788383846.9400127, 1788383847.697487, 1788383848.2875466, 1788383848.9369035, 1788383849.61998, 1788383850.333975, 1788383851.078892, 1788383851.858426, 1788383852.6664915, 1788383853.369778, 1788383853.9605584, 1788383854.6367278, 1788383855.3418343, 1788383856.0819695, 1788383856.8410265, 1788383857.6333752, 1788383858.4522643, 1788383859.326653, 1788383859.437397, 1788383859.5042233, 1788383859.5959291, 1788383859.6887636, 1788383859.7793372, 1788383859.8715067, 1788383859.9625313, 1788383860.0553093, 1788383860.148274, 1788383860.2385063, 1788383860.324407, 1788383860.413055, 1788383860.5022838, 1788383860.5910063, 1788383860.6772063, 1788383860.764349, 1788383860.850213, 1788383860.936883, 1788383861.0227916, 1788383861.1092987, 1788383861.1960006, 1788383861.2824714, 1788383861.3688502, 1788383861.455445, 1788383861.5409153, 1788383861.6277153, 1788383861.718791, 1788383861.796254, 1788383861.8785374, 1788383861.961202, 1788383862.0440023, 1788383862.1279128, 1788383862.2106564, 1788383862.2935061, 1788383862.3765364, 1788383862.45964, 1788383862.5692391, 1788383862.6289625, 1788383862.7119155, 1788383862.8992045, 1788383862.9543478, 1788383863.0248342, 1788383863.0979578, 1788383863.172032, 1788383863.2450874, 1788383863.3183734, 1788383863.3921363, 1788383863.4653425, 1788383863.5412462, 1788383863.612303, 1788383863.6826894, 1788383863.7521508, 1788383863.8213632, 1788383863.8932514, 1788383863.9632754, 1788383864.034863, 1788383864.1045675, 1788383864.176351, 1788383864.248735, 1788383864.3134258, 1788383864.3826535, 1788383864.4515371, 1788383864.5208275, 1788383864.5900114, 1788383864.6586072, 1788383864.7276313, 1788383864.7968755, 1788383864.86547, 1788383864.9344819, 1788383865.0039546, 1788383865.0727534, 1788383865.141889, 1788383865.211176, 1788383865.2821639]","[1, 4, 2, 3, 2, 2, 1, 3, 2, 1, 1, 1, 1, 3, 6, 3, 1, 4, 1, 3, 1, 5, 5, 2, 3, 1, 2, 6, 4, 5, 1, 1, 1, 3, 2, 6, 1, 4, 2, 6, 2, 2, 5, 2, 4, 2, 6, 1, 3, 6, 1, 6, 4, 2, 6, 2, 2, 2, 6, 1, 6, 6, 4, 5, 1, 5, 6, 4, 3, 5, 6, 3, 1, 5, 4, 2, 1, 1, 6, 2, 2, 3, 3, 3, 2, 6, 3, 6, 6, 6, 6, 3, 3, 4, 6, 3, 1, 6, 5, 1, 6, 6, 2, 1, 5, 1, 2, 3, 4, 6, 6, 2]"
User-007,3,trace_0398,1788383865.416217,streaming,14305,127,127,218,4,0.333146333694458,2.851814031600952,0.019989426173861066,7.0,0,True,,1788383862.5643604,1788383862.8975067,1788383865.4161744,"[1788383862.8975067, 1788383862.9527109, 1788383863.0229232, 1788383863.096264, 1788383863.1702487, 1788383863.243218, 1788383863.3166559, 1788383863.3903632, 1788383863.4634378, 1788383863.539296, 1788383863.6111426, 1788383863.6814568, 1788383863.7509499, 1788383863.8201938, 1788383863.8920758, 1788383863.9620566, 1788383864.0336497, 1788383864.1033878, 1788383864.1752193, 1788383864.2474897, 1788383864.3145878, 1788383864.3838925, 1788383864.452704, 1788383864.52202, 1788383864.591129, 1788383864.65984, 1788383864.728774, 1788383864.7980547, 1788383864.8666222, 1788383864.9357097, 1788383865.00514, 1788383865.073911, 1788383865.1430948, 1788383865.2123373, 1788383865.2837605, 1788383865.3497193, 1788383865.415558]","[1, 5, 2, 1, 1, 6, 6, 2, 3, 1, 1, 2, 3, 1, 1, 4, 5, 6, 1, 6, 2, 6, 6, 4, 3, 4, 4, 3, 5, 6, 3, 6, 5, 2, 1, 6, 3]"
User-027,0,trace_0632,1788383866.1607912,streaming,20692,302,302,0,322,7.900659084320068,14.735236883163452,0.0227062385343634,0.0,0,True,,1788383851.4254897,1788383859.3261487,1788383866.1607265,"[1788383859.3261487, 1788383859.4369032, 1788383859.5036287, 1788383859.59541, 1788383859.688237, 1788383859.7788253, 1788383859.8709917, 1788383859.962019, 1788383860.054778, 1788383860.1476812, 1788383860.2379763, 1788383860.3238895, 1788383860.4125214, 1788383860.5016475, 1788383860.58786, 1788383860.6738725, 1788383860.7609131, 1788383860.8466704, 1788383860.933381, 1788383861.01928, 1788383861.1058967, 1788383861.1924627, 1788383861.2791061, 1788383861.3653212, 1788383861.452058, 1788383861.537443, 1788383861.6244738, 1788383861.7151244, 1788383861.7939928, 1788383861.8761492, 1788383861.958964, 1788383862.0417166, 1788383862.1256058, 1788383862.2083766, 1788383862.291207, 1788383862.3741827, 1788383862.4573357, 1788383862.5682292, 1788383862.6266675, 1788383862.7100296, 1788383862.8961582, 1788383862.951173, 1788383863.0223374, 1788383863.095718, 1788383863.1697006, 1788383863.2426102, 1788383863.3161278, 1788383863.3898134, 1788383863.4629023, 1788383863.5387068, 1788383863.6105666, 1788383863.6808562, 1788383863.7503536, 1788383863.8196485, 1788383863.891521, 1788383863.9615061, 1788383864.0330882, 1788383864.1028051, 1788383864.1746066, 1788383864.246875, 1788383864.3140004, 1788383864.38327, 1788383864.4521499, 1788383864.5214076, 1788383864.590565, 1788383864.6591988, 1788383864.7281783, 1788383864.797455, 1788383864.866007, 1788383864.9350898, 1788383865.004534, 1788383865.0733092, 1788383865.1424532, 1788383865.2117298, 1788383865.2831943, 1788383865.3491383, 1788383865.4149697, 1788383865.477887, 1788383865.5395384, 1788383865.601604, 1788383865.6638806, 1788383865.725141, 1788383865.7861612, 1788383865.8484938, 1788383865.9093108, 1788383865.971229, 1788383866.0743644, 1788383866.0951722, 1788383866.1600873]","[1, 2, 4, 4, 6, 1, 2, 1, 2, 6, 4, 1, 3, 1, 4, 2, 3, 1, 6, 2, 1, 1, 2, 6, 2, 1, 3, 2, 1, 2, 1, 6, 4, 3, 1, 6, 4, 1, 2, 6, 6, 5, 4, 3, 2, 1, 2, 5, 1, 3, 2, 6, 6, 6, 6, 6, 6, 5, 1, 4, 1, 1, 6, 5, 2, 6, 4, 6, 6, 6, 5, 4, 2, 1, 4, 6, 6, 2, 2, 5, 6, 5, 1, 6, 1, 2, 4, 5, 1]"
User-021,1,trace_0266,1788383866.3790576,streaming,22197,496,496,296,50,13.332804679870605,53.78385949134827,0.08171930264944982,11.0,0,True,,1788383812.5950654,1788383825.92787,1788383866.3789248,"[1788383825.92787, 1788383826.54129, 1788383827.2106159, 1788383827.9124095, 1788383828.6409273, 1788383829.402011, 1788383830.1946254, 1788383831.0166807, 1788383831.8288786, 1788383832.39334, 1788383833.0354517, 1788383833.7133482, 1788383834.4206257, 1788383835.161442, 1788383835.9327428, 1788383836.735799, 1788383837.576187, 1788383838.44909, 1788383839.3552237, 1788383840.2960885, 1788383841.2646248, 1788383841.858668, 1788383842.4655774, 1788383843.131771, 1788383843.8337984, 1788383844.5624835, 1788383845.322466, 1788383846.1168714, 1788383846.942053, 1788383847.6995912, 1788383848.2897396, 1788383848.9390712, 1788383849.6220658, 1788383850.3361337, 1788383851.0810893, 1788383851.8606963, 1788383852.668655, 1788383853.372589, 1788383853.9635522, 1788383854.6394763, 1788383855.3445642, 1788383856.084814, 1788383856.8432627, 1788383857.6358647, 1788383858.4546454, 1788383859.3287475, 1788383859.440198, 1788383859.506828, 1788383859.598595, 1788383859.6915383, 1788383859.7821288, 1788383859.874203, 1788383859.9653413, 1788383860.058031, 1788383860.1511488, 1788383860.2413301, 1788383860.3271618, 1788383860.4157424, 1788383860.505135, 1788383860.5904763, 1788383860.6766593, 1788383860.763806, 1788383860.8497057, 1788383860.936363, 1788383861.022256, 1788383861.1087925, 1788383861.1954913, 1788383861.2819424, 1788383861.3683302, 1788383861.454907, 1788383861.5403926, 1788383861.6273096, 1788383861.718255, 1788383861.7957292, 1788383861.8779888, 1788383861.960675, 1788383862.043492, 1788383862.1273966, 1788383862.210125, 1788383862.2929895, 1788383862.3760128, 1788383862.4591112, 1788383862.568992, 1788383862.6283429, 1788383862.7115266, 1788383862.8986752, 1788383862.9538183, 1788383863.0243173, 1788383863.097424, 1788383863.171505, 1788383863.2444303, 1788383863.317845, 1788383863.3916042, 1788383863.4646804, 1788383863.5407155, 1788383863.611763, 1788383863.682144, 1788383863.7515986, 1788383863.8207867, 1788383863.8926766, 1788383863.9626548, 1788383864.0342932, 1788383864.1040292, 1788383864.1758122, 1788383864.2481856, 1788383864.3128033, 1788383864.3820357, 1788383864.450904, 1788383864.5202036, 1788383864.5893848, 1788383864.6579845, 1788383864.727027, 1788383864.7962713, 1788383864.8648584, 1788383864.9338608, 1788383865.0033474, 1788383865.0721438, 1788383865.1412761, 1788383865.2105024, 1788383865.2814918, 1788383865.3484917, 1788383865.4142923, 1788383865.4772823, 1788383865.5388796, 1788383865.6010048, 1788383865.663253, 1788383865.7245176, 1788383865.7855535, 1788383865.847847, 1788383865.9086778, 1788383865.9705348, 1788383866.0740144, 1788383866.0946388, 1788383866.1594343, 1788383866.219727, 1788383866.3773088]","[1, 4, 1, 1, 1, 1, 3, 1, 2, 5, 5, 3, 6, 6, 1, 1, 6, 6, 3, 3, 1, 3, 1, 1, 6, 6, 6, 4, 3, 6, 6, 1, 6, 4, 6, 6, 2, 6, 1, 6, 1, 4, 3, 1, 5, 6, 6, 1, 1, 6, 6, 1, 4, 4, 1, 3, 2, 1, 1, 1, 4, 3, 1, 6, 2, 1, 1, 4, 2, 6, 3, 1, 5, 4, 6, 6, 2, 4, 6, 3, 6, 6, 6, 6, 3, 1, 6, 6, 6, 4, 1, 6, 6, 6, 5, 6, 6, 5, 3, 6, 5, 2, 2, 6, 4, 2, 2, 4, 3, 6, 6, 3, 1, 1, 6, 3, 2, 2, 6, 5, 6, 6, 1, 3, 1, 2, 4, 1, 2, 3, 6, 6, 1, 6, 6, 2]"
User-017,5,trace_0726,1788383880.101123,streaming,21158,109,109,324,2,0.30852532386779785,14.030977487564087,0.12705974225644712,6.0,0,True,,1788383866.0700705,1788383866.3785958,1788383880.101048,"[1788383866.3785958, 1788383866.4049916, 1788383867.2697496, 1788383867.691197, 1788383868.2540572, 1788383868.8768802, 1788383869.5435793, 1788383870.2263978, 1788383870.9570956, 1788383871.7145832, 1788383872.5183616, 1788383872.549528, 1788383873.4404132, 1788383874.3187208, 1788383875.2515213, 1788383876.2329707, 1788383877.105956, 1788383877.98834, 1788383878.8214965, 1788383878.8530393, 1788383878.9377198, 1788383879.0196629, 1788383879.183278, 1788383879.2499301, 1788383879.3343081, 1788383879.4174342, 1788383879.500516, 1788383879.5847886, 1788383879.6684294, 1788383879.7520037, 1788383879.8365471, 1788383879.9205902, 1788383880.0050485, 1788383880.097857]","[1, 5, 5, 2, 5, 1, 3, 1, 3, 1, 1, 3, 3, 5, 5, 6, 2, 2, 5, 5, 6, 6, 2, 3, 1, 6, 1, 3, 1, 1, 6, 4, 4, 1]"
User-007,4,trace_0398,1788383888.5084262,streaming,14499,109,109,222,3,2.9764647483825684,18.96859860420227,0.14807531347981207,44.0,0,True,,1788383869.539775,1788383872.5162396,1788383888.5083735,"[1788383872.5162396, 1788383872.5479558, 1788383873.4390335, 1788383874.3173094, 1788383875.2501986, 1788383876.231671, 1788383877.1047416, 1788383877.9871001, 1788383878.8186686, 1788383878.8520458, 1788383878.9365952, 1788383879.0183613, 1788383879.1813865, 1788383879.2483578, 1788383879.3324718, 1788383879.4157038, 1788383879.4985688, 1788383879.5830855, 1788383879.6667037, 1788383879.7503142, 1788383879.8348117, 1788383879.91861, 1788383880.003411, 1788383880.0962458, 1788383880.7078924, 1788383881.3641703, 1788383882.0504296, 1788383882.768837, 1788383883.5201209, 1788383884.3006368, 1788383885.1114786, 1788383885.8621957, 1788383886.4546692, 1788383887.103245, 1788383887.7883396, 1788383888.5037541]","[1, 5, 2, 6, 6, 4, 6, 1, 2, 1, 2, 1, 1, 1, 1, 6, 3, 1, 5, 2, 1, 6, 6, 2, 2, 3, 2, 1, 4, 2, 6, 6, 3, 1, 6, 1]"
User-028,0,trace_0006,1788383897.5883667,streaming,17003,154,154,0,265,5.78670597076416,30.857800722122192,0.163863364387961,0.0,0,True,,1788383866.7304928,1788383872.5171988,1788383897.5882936,"[1788383872.5171988, 1788383872.5485241, 1788383873.4409564, 1788383874.3193913, 1788383875.2520711, 1788383876.2343125, 1788383877.1071007, 1788383877.9894269, 1788383878.8226352, 1788383878.8541336, 1788383878.938771, 1788383879.0207253, 1788383879.1842608, 1788383879.2509356, 1788383879.3353791, 1788383879.4184773, 1788383879.5015264, 1788383879.5858495, 1788383879.6694746, 1788383879.7530324, 1788383879.837596, 1788383879.9216843, 1788383880.0061016, 1788383880.099158, 1788383880.7101386, 1788383881.3664253, 1788383882.0526578, 1788383882.7710907, 1788383883.5223186, 1788383884.3029864, 1788383885.1137297, 1788383885.8643594, 1788383886.4571505, 1788383887.1053357, 1788383887.7904925, 1788383888.5062187, 1788383889.2672465, 1788383890.0585573, 1788383890.7577462, 1788383891.338426, 1788383891.9949849, 1788383892.688422, 1788383893.4119534, 1788383894.164467, 1788383894.948265, 1788383895.770384, 1788383896.626091, 1788383897.439893, 1788383897.4916897, 1788383897.5860014]","[1, 1, 1, 4, 3, 1, 6, 1, 4, 1, 3, 3, 4, 2, 3, 1, 4, 2, 3, 4, 4, 1, 1, 2, 6, 2, 1, 3, 1, 6, 5, 1, 4, 6, 6, 5, 1, 2, 3, 4, 2, 6, 6, 6, 2, 4, 1, 4, 3, 4]"
User-021,2,trace_0266,1788383897.680854,streaming,22698,217,217,346,7,4.64327597618103,25.216134548187256,0.09524471561113994,15.0,0,True,,1788383872.4646425,1788383877.1079185,1788383897.680777,"[1788383877.1079185, 1788383877.9899251, 1788383878.8231456, 1788383878.8546164, 1788383878.9392965, 1788383879.0212295, 1788383879.1847417, 1788383879.2514205, 1788383879.335884, 1788383879.4190047, 1788383879.5021293, 1788383879.5863626, 1788383879.6699877, 1788383879.7535765, 1788383879.8381004, 1788383879.9222002, 1788383880.0066023, 1788383880.0996418, 1788383880.7106588, 1788383881.3669698, 1788383882.053159, 1788383882.7715986, 1788383883.5228622, 1788383884.3035624, 1788383885.114263, 1788383885.8648458, 1788383886.4577157, 1788383887.1058567, 1788383887.7910287, 1788383888.5068965, 1788383889.2677805, 1788383890.0591016, 1788383890.758246, 1788383891.3390155, 1788383891.9957368, 1788383892.688952, 1788383893.4124625, 1788383894.1650395, 1788383894.948774, 1788383895.7709832, 1788383896.626594, 1788383897.4403927, 1788383897.4921694, 1788383897.586819, 1788383897.6790767]","[1, 1, 6, 6, 6, 1, 6, 6, 3, 1, 3, 3, 6, 5, 4, 2, 3, 5, 6, 6, 6, 6, 6, 6, 6, 6, 6, 6, 6, 6, 1, 6, 2, 6, 6, 6, 6, 6, 6, 2, 6, 6, 6, 6, 6]"
User-020,2,trace_0108,1788383899.2463837,streaming,23362,261,261,310,54,1.4743444919586182,33.03011345863342,0.12136834217951847,11.0,0,True,,1788383866.2161968,1788383867.6905413,1788383899.2463102,"[1788383867.6905413, 1788383868.2534566, 1788383868.876278, 1788383869.5432441, 1788383870.2257907, 1788383870.9564226, 1788383871.7139506, 1788383872.5177643, 1788383872.549014, 1788383873.439748, 1788383874.3181083, 1788383875.2509217, 1788383876.2323573, 1788383877.1054327, 1788383877.9877083, 1788383878.8208117, 1788383878.8525565, 1788383878.93712, 1788383879.0189147, 1788383879.1818926, 1788383879.248867, 1788383879.3330963, 1788383879.4163852, 1788383879.4992616, 1788383879.5837433, 1788383879.667395, 1788383879.7509632, 1788383879.8354461, 1788383879.9192452, 1788383880.0039372, 1788383880.0967662, 1788383880.7084792, 1788383881.3648171, 1788383882.0510995, 1788383882.7694874, 1788383883.5207806, 1788383884.3013377, 1788383885.112132, 1788383885.86279, 1788383886.4555814, 1788383887.1037703, 1788383887.7889216, 1788383888.504614, 1788383889.2656085, 1788383890.0569222, 1788383890.755468, 1788383891.3363037, 1788383891.9927363, 1788383892.6863272, 1788383893.4098299, 1788383894.1623242, 1788383894.946078, 1788383895.7682598, 1788383896.6240542, 1788383897.4378161, 1788383897.4896655, 1788383897.583867, 1788383897.6768835, 1788383897.7621827, 1788383897.850433, 1788383897.9365952, 1788383898.0233166, 1788383898.1103919, 1788383898.1966522, 1788383898.2842143, 1788383898.370444, 1788383898.4577503, 1788383898.5436816, 1788383898.6316423, 1788383898.7234604, 1788383898.8056977, 1788383898.8910732, 1788383898.9789498, 1788383899.065767, 1788383899.1529772, 1788383899.2430606]","[1, 2, 1, 3, 1, 4, 4, 4, 1, 6, 6, 2, 3, 1, 6, 6, 3, 3, 1, 3, 1, 1, 6, 6, 6, 4, 2, 6, 5, 6, 4, 6, 6, 2, 6, 1, 6, 1, 4, 2, 1, 3, 3, 6, 5, 1, 6, 6, 1, 3, 2, 4, 3, 1, 3, 6, 3, 3, 1, 1, 6, 4, 1, 2, 2, 2, 4, 5, 6, 3, 6, 6, 2, 6, 1, 1]"
User-017,6,trace_0726,1788383899.6648784,streaming,21332,116,116,326,2,6.582374334335327,15.49362850189209,0.07748916667440663,6.0,0,True,,1788383884.1711903,1788383890.7535646,1788383899.6648188,"[1788383890.7535646, 1788383891.3344538, 1788383891.9909587, 1788383892.684347, 1788383893.4080226, 1788383894.1605587, 1788383894.9442923, 1788383895.7664213, 1788383896.62219, 1788383897.4343026, 1788383897.4869006, 1788383897.5810409, 1788383897.6740034, 1788383897.759273, 1788383897.8476129, 1788383897.933764, 1788383898.0202765, 1788383898.1075172, 1788383898.1937566, 1788383898.281361, 1788383898.3677208, 1788383898.4548826, 1788383898.54084, 1788383898.6287372, 1788383898.7204335, 1788383898.8026733, 1788383898.88878, 1788383898.9760425, 1788383899.0626295, 1788383899.1501102, 1788383899.2400866, 1788383899.3209202, 1788383899.4052353, 1788383899.4895418, 1788383899.5732853, 1788383899.6591494]","[1, 6, 2, 1, 2, 3, 2, 4, 4, 2, 4, 1, 3, 2, 5, 4, 1, 2, 2, 6, 4, 6, 6, 2, 4, 6, 1, 4, 2, 1, 4, 1, 6, 5, 6, 1]"
User-025,1,trace_0588,1788383904.5971794,streaming,26891,266,266,324,95,6.034992694854736,31.814152717590332,0.09727984914239847,13.0,0,True,,1788383872.7829475,1788383878.8179402,1788383904.5971003,"[1788383878.8179402, 1788383878.8514814, 1788383878.9360182, 1788383879.0177863, 1788383879.180778, 1788383879.2477603, 1788383879.331657, 1788383879.4151053, 1788383879.4979422, 1788383879.5824213, 1788383879.6660378, 1788383879.7496917, 1788383879.834169, 1788383879.9176962, 1788383880.0027745, 1788383880.0956528, 1788383880.7070987, 1788383881.363555, 1788383882.0498161, 1788383882.7681923, 1788383883.5195098, 1788383884.2999089, 1788383885.1108096, 1788383885.8615701, 1788383886.4540236, 1788383887.1025581, 1788383887.7877057, 1788383888.5030174, 1788383889.2649472, 1788383890.056259, 1788383890.7549038, 1788383891.335753, 1788383891.9921992, 1788383892.685764, 1788383893.4092934, 1788383894.1618068, 1788383894.945553, 1788383895.767718, 1788383896.6235008, 1788383897.4355814, 1788383897.488016, 1788383897.5822797, 1788383897.675284, 1788383897.7605777, 1788383897.848873, 1788383897.935042, 1788383898.021537, 1788383898.108788, 1788383898.1950161, 1788383898.2826123, 1788383898.368909, 1788383898.4561508, 1788383898.5420976, 1788383898.6299927, 1788383898.7218738, 1788383898.8039331, 1788383898.8897126, 1788383898.9772058, 1788383899.0638707, 1788383899.151277, 1788383899.2412648, 1788383899.3222227, 1788383899.4063861, 1788383899.490721, 1788383899.5744457, 1788383899.6605518, 1788383899.7421103, 1788383899.8237662, 1788383899.9072673, 1788383899.9909382, 1788383900.0739763, 1788383900.1574993, 1788383900.2407997, 1788383900.3258405, 1788383900.4099753, 1788383900.4943419, 1788383901.0967634, 1788383901.7297006, 1788383902.3979502, 1788383903.0975926, 1788383903.824797, 1788383904.5924282]","[1, 4, 3, 5, 4, 3, 5, 1, 3, 6, 6, 5, 4, 6, 1, 3, 4, 1, 2, 6, 2, 1, 6, 2, 4, 5, 1, 3, 6, 6, 6, 2, 2, 4, 6, 2, 1, 3, 6, 4, 2, 1, 1, 6, 1, 1, 3, 3, 3, 2, 2, 3, 3, 6, 3, 2, 1, 3, 2, 1, 3, 1, 2, 6, 1, 5, 2, 3, 6, 2, 3, 1, 6, 4, 5, 5, 1, 6, 1, 4, 4, 1]"
User-029,0,trace_0579,1788383907.1869187,streaming,18429,180,180,0,287,5.9636921882629395,27.289608001708984,0.11913919448852539,0.0,0,True,,1788383879.8972054,1788383885.8608975,1788383907.1868134,"[1788383885.8608975, 1788383886.4534137, 1788383887.101942, 1788383887.7870917, 1788383888.5023413, 1788383889.2643356, 1788383890.0556436, 1788383890.7542098, 1788383891.3351066, 1788383891.9915793, 1788383892.6851096, 1788383893.4086478, 1788383894.1611817, 1788383894.944924, 1788383895.7670848, 1788383896.6228342, 1788383897.4350224, 1788383897.4875054, 1788383897.58164, 1788383897.6746233, 1788383897.7599337, 1788383897.848241, 1788383897.9343789, 1788383898.0208948, 1788383898.1081436, 1788383898.1943493, 1788383898.2819932, 1788383898.3683455, 1788383898.4555087, 1788383898.5414586, 1788383898.6293612, 1788383898.7210662, 1788383898.803324, 1788383898.8892708, 1788383898.976663, 1788383899.06327, 1788383899.1507108, 1788383899.2407112, 1788383899.3216538, 1788383899.405842, 1788383899.4901376, 1788383899.573901, 1788383899.6599953, 1788383899.7414865, 1788383899.8231487, 1788383899.9066365, 1788383899.9902973, 1788383900.0735168, 1788383900.1569145, 1788383900.2401693, 1788383900.3252404, 1788383900.4092753, 1788383900.4936657, 1788383901.096141, 1788383901.7290688, 1788383902.3973348, 1788383903.0967848, 1788383903.8241754, 1788383904.5915942, 1788383905.3890772, 1788383906.3020856, 1788383907.1769993]","[1, 2, 4, 4, 3, 3, 4, 1, 4, 2, 2, 4, 1, 2, 1, 4, 1, 1, 1, 1, 1, 1, 1, 3, 2, 1, 2, 2, 1, 2, 1, 6, 4, 6, 1, 4, 2, 6, 6, 1, 6, 1, 3, 6, 5, 1, 5, 2, 1, 1, 6, 6, 6, 3, 6, 1, 6, 2, 4, 5, 3, 2]"
User-031,0,trace_0624,1788383913.9956632,streaming,22732,184,184,0,354,11.951817035675049,28.510093927383423,0.09048238738638456,0.0,0,True,,1788383885.485491,1788383897.437308,1788383913.995585,"[1788383897.437308, 1788383897.4891744, 1788383897.5833619, 1788383897.676366, 1788383897.7616708, 1788383897.849918, 1788383897.936094, 1788383898.0226307, 1788383898.1098852, 1788383898.1961114, 1788383898.2837083, 1788383898.3699412, 1788383898.4572384, 1788383898.5431688, 1788383898.631117, 1788383898.7229488, 1788383898.8051856, 1788383898.8906202, 1788383898.9784098, 1788383899.0650969, 1788383899.1524704, 1788383899.2424963, 1788383899.3234425, 1788383899.4076319, 1788383899.4919646, 1788383899.5757442, 1788383899.661854, 1788383899.7433677, 1788383899.8249733, 1788383899.9084969, 1788383899.9921553, 1788383900.074945, 1788383900.1587238, 1788383900.2420268, 1788383900.3267, 1788383900.4110723, 1788383900.4954202, 1788383901.097919, 1788383901.7309463, 1788383902.3991532, 1788383903.0987706, 1788383903.825982, 1788383904.5938866, 1788383905.3904624, 1788383906.3116038, 1788383907.1832454, 1788383908.1418653, 1788383908.8591502, 1788383909.4760633, 1788383910.1605868, 1788383910.871953, 1788383911.6400397, 1788383912.4480264, 1788383913.3982263, 1788383913.8362193, 1788383913.8958228, 1788383913.9910755]","[1, 1, 1, 4, 4, 6, 1, 4, 1, 5, 4, 2, 3, 1, 4, 2, 3, 6, 3, 1, 1, 2, 6, 2, 1, 3, 1, 1, 3, 6, 4, 3, 1, 6, 4, 1, 1, 1, 1, 6, 6, 4, 4, 1, 2, 2, 2, 5, 1, 5, 6, 6, 6, 6, 6, 6, 5]"
User-007,5,trace_0398,1788383914.090914,streaming,14947,171,171,225,7,4.8722124099731445,21.526543617248535,0.09796665416044348,7.0,0,True,,1788383892.5643096,1788383897.436522,1788383914.0908532,"[1788383897.436522, 1788383897.4885294, 1788383897.582833, 1788383897.6758373, 1788383897.7611306, 1788383897.8493931, 1788383897.935587, 1788383898.022065, 1788383898.1093402, 1788383898.1955736, 1788383898.2831874, 1788383898.3694336, 1788383898.4567118, 1788383898.54262, 1788383898.6305497, 1788383898.7224042, 1788383898.804645, 1788383898.8902175, 1788383898.9778972, 1788383899.0645535, 1788383899.1519432, 1788383899.2419584, 1788383899.322916, 1788383899.4070983, 1788383899.4914405, 1788383899.5751977, 1788383899.6613195, 1788383899.742833, 1788383899.8243222, 1788383899.9078329, 1788383899.9914951, 1788383900.0743952, 1788383900.158049, 1788383900.2413695, 1788383900.3262935, 1788383900.4105158, 1788383900.4949107, 1788383901.097379, 1788383901.730369, 1788383902.3985772, 1788383903.09817, 1788383903.8254333, 1788383904.5932822, 1788383905.3898153, 1788383906.3089979, 1788383907.1781979, 1788383908.1405284, 1788383908.8569298, 1788383909.4739215, 1788383910.1584542, 1788383910.869997, 1788383911.6378634, 1788383912.4462838, 1788383913.3965793, 1788383913.834536, 1788383913.8940473, 1788383913.9893143, 1788383914.0812702]","[1, 6, 2, 6, 6, 6, 1, 4, 6, 2, 4, 1, 2, 2, 2, 4, 4, 3, 3, 5, 3, 2, 1, 2, 6, 5, 2, 4, 1, 4, 1, 2, 3, 1, 1, 2, 1, 3, 4, 1, 6, 1, 5, 2, 5, 1, 4, 2, 3, 4, 2, 2, 1, 2, 3, 1, 6, 2]"
User-030,0,trace_0082,1788383914.174743,streaming,16276,149,144,0,253,10.30737566947937,33.725303173065186,0.1637617307943064,0.0,0,True,,1788383880.4493754,1788383890.756751,1788383914.1746786,"[1788383890.756751, 1788383891.3373778, 1788383891.9939344, 1788383892.6873837, 1788383893.4109464, 1788383894.1634164, 1788383894.947165, 1788383895.7693083, 1788383896.6250575, 1788383897.4388504, 1788383897.4906707, 1788383897.5848966, 1788383897.6779284, 1788383897.7632568, 1788383897.8515315, 1788383897.9376361, 1788383898.024429, 1788383898.111473, 1788383898.1978824, 1788383898.285271, 1788383898.371479, 1788383898.458784, 1788383898.5448422, 1788383898.6326983, 1788383898.7244892, 1788383898.8067467, 1788383898.8918529, 1788383898.9800222, 1788383899.0668082, 1788383899.1539993, 1788383899.2443695, 1788383899.3244596, 1788383899.40867, 1788383899.4929802, 1788383899.5767927, 1788383899.6628816, 1788383899.7444384, 1788383899.8260012, 1788383899.9095423, 1788383899.9931912, 1788383900.0757716, 1788383900.159974, 1788383900.2430947, 1788383900.3276942, 1788383900.4121065, 1788383900.496419, 1788383901.098999, 1788383901.7319624, 1788383902.400204, 1788383903.0999131, 1788383903.8270617, 1788383904.595176, 1788383905.3915436, 1788383906.3134463, 1788383907.184794, 1788383908.1434655, 1788383908.8608057, 1788383909.4776618, 1788383910.1622193, 1788383910.8735077, 1788383911.6416464, 1788383912.449691, 1788383913.837807, 1788383913.8974853, 1788383913.993175, 1788383914.0882528, 1788383914.1718078]","[1, 1, 1, 1, 1, 1, 1, 4, 2, 1, 2, 3, 1, 1, 4, 2, 1, 2, 3, 1, 1, 4, 2, 1, 1, 1, 3, 1, 1, 4, 2, 1, 5, 1, 1, 4, 2, 1, 5, 1, 1, 6, 1, 2, 3, 1, 1, 6, 1, 2, 3, 1, 5, 3, 2, 3, 1, 1, 4, 2, 1, 4, 1, 3, 1, 5, 4]"
User-008,2,trace_0707,1788383914.3457067,streaming,20354,368,368,309,8,1.4831886291503906,42.3870747089386,0.11145473046263817,15.0,0,True,,1788383871.9585698,1788383873.4417584,1788383914.3456445,"[1788383873.4417584, 1788383874.31994, 1788383875.2526271, 1788383876.2348342, 1788383877.1084104, 1788383877.990434, 1788383878.8236623, 1788383878.8551283, 1788383878.9398737, 1788383879.0217519, 1788383879.1852283, 1788383879.251928, 1788383879.3364134, 1788383879.4195874, 1788383879.502725, 1788383879.5869365, 1788383879.6706185, 1788383879.7541537, 1788383879.8386168, 1788383879.9227197, 1788383880.0071666, 1788383880.1001341, 1788383880.711199, 1788383881.3674886, 1788383882.0536766, 1788383882.7721343, 1788383883.523392, 1788383884.3041067, 1788383885.1148224, 1788383885.8653622, 1788383886.4582403, 1788383887.1064293, 1788383887.791603, 1788383888.5074348, 1788383889.2683313, 1788383890.0596268, 1788383890.7587433, 1788383891.339544, 1788383891.996258, 1788383892.6894963, 1788383893.4130273, 1788383894.1655657, 1788383894.9492939, 1788383895.7714927, 1788383896.627184, 1788383897.4408875, 1788383897.4926922, 1788383897.587362, 1788383897.6798615, 1788383897.764351, 1788383897.8526518, 1788383897.9387176, 1788383898.0255547, 1788383898.1126072, 1788383898.1989963, 1788383898.2863522, 1788383898.372546, 1788383898.4599335, 1788383898.5459268, 1788383898.633793, 1788383898.7255595, 1788383898.8077803, 1788383898.8927538, 1788383898.9810417, 1788383899.0678577, 1788383899.1550715, 1788383899.2453928, 1788383899.3255374, 1788383899.4097242, 1788383899.4940374, 1788383899.5778368, 1788383899.6639488, 1788383899.7456028, 1788383899.827021, 1788383899.910601, 1788383899.9942236, 1788383900.076554, 1788383900.1611247, 1788383900.2441206, 1788383900.3285, 1788383900.4131331, 1788383900.4975326, 1788383901.100036, 1788383901.7330022, 1788383902.4012733, 1788383903.1011586, 1788383903.828165, 1788383904.5962348, 1788383905.392719, 1788383906.3145037, 1788383907.1858282, 1788383908.1445086, 1788383908.8618765, 1788383909.4788115, 1788383910.1633153, 1788383910.8745189, 1788383911.6427596, 1788383912.4507625, 1788383913.4007556, 1788383913.8397577, 1788383913.8991022, 1788383913.9947197, 1788383914.0898972, 1788383914.1738515, 1788383914.2576995, 1788383914.3444195]","[1, 1, 5, 3, 1, 4, 1, 5, 1, 2, 2, 1, 6, 5, 4, 3, 3, 1, 3, 4, 5, 3, 6, 5, 1, 3, 2, 1, 6, 2, 1, 6, 3, 5, 4, 2, 1, 1, 2, 5, 4, 6, 6, 6, 3, 6, 5, 2, 6, 1, 6, 1, 6, 3, 5, 4, 6, 3, 3, 2, 1, 3, 3, 4, 3, 4, 1, 5, 3, 6, 5, 6, 1, 3, 2, 3, 6, 6, 2, 2, 5, 5, 1, 6, 4, 3, 6, 6, 6, 4, 2, 1, 2, 5, 1, 3, 6, 5, 5, 5, 2, 1, 6, 2, 1, 2]"
User-024,1,trace_0255,1788383915.014807,streaming,29301,357,359,318,139,3.850837230682373,42.63173151016235,0.10832652033374296,14.0,0,True,,1788383872.382984,1788383876.2338212,1788383915.0147154,"[1788383876.2338212, 1788383877.10654, 1788383877.988878, 1788383878.8220313, 1788383878.8535542, 1788383878.9382455, 1788383879.020197, 1788383879.1837769, 1788383879.250435, 1788383879.3348427, 1788383879.4179618, 1788383879.5010219, 1788383879.5853195, 1788383879.6689425, 1788383879.7525082, 1788383879.8370736, 1788383879.9211369, 1788383880.0055854, 1788383880.09862, 1788383880.7095523, 1788383881.3658783, 1788383882.0521264, 1788383882.7705421, 1788383883.521803, 1788383884.3024259, 1788383885.1131995, 1788383885.8638196, 1788383886.456634, 1788383887.1048217, 1788383887.7899566, 1788383888.5056643, 1788383889.2666829, 1788383890.05803, 1788383890.757238, 1788383891.3378947, 1788383891.9944413, 1788383892.687903, 1788383893.411455, 1788383894.1639266, 1788383894.9476836, 1788383895.7698398, 1788383896.6255734, 1788383897.4393423, 1788383897.4911883, 1788383897.5854137, 1788383897.6785026, 1788383897.7638266, 1788383897.8521352, 1788383897.9382055, 1788383898.024995, 1788383898.1120741, 1788383898.1984568, 1788383898.285854, 1788383898.3719938, 1788383898.4593396, 1788383898.5453694, 1788383898.63327, 1788383898.724995, 1788383898.8072748, 1788383898.892338, 1788383898.9805279, 1788383899.067332, 1788383899.1545203, 1788383899.2448733, 1788383899.3250296, 1788383899.4092014, 1788383899.493474, 1788383899.5772982, 1788383899.6634057, 1788383899.7449512, 1788383899.8265088, 1788383899.9100752, 1788383899.9937155, 1788383900.076152, 1788383900.160508, 1788383900.2436035, 1788383900.3281024, 1788383900.4126117, 1788383900.4969184, 1788383901.099506, 1788383901.7325034, 1788383902.4007213, 1788383903.1006086, 1788383903.8276396, 1788383904.5956976, 1788383905.3921127, 1788383906.3139772, 1788383907.185301, 1788383908.1439774, 1788383908.8613303, 1788383909.4781883, 1788383910.162764, 1788383910.8740008, 1788383911.6421897, 1788383912.4502163, 1788383913.4002264, 1788383913.8383112, 1788383913.8980246, 1788383913.9936862, 1788383914.0888216, 1788383914.1727452, 1788383914.257029, 1788383914.3438244, 1788383914.4316163, 1788383914.5091245, 1788383914.594187, 1788383914.6769047, 1788383914.7602181, 1788383914.8433595, 1788383914.9272325, 1788383915.0135183]","[1, 5, 5, 3, 5, 2, 3, 1, 1, 4, 2, 1, 6, 6, 3, 3, 3, 1, 2, 1, 6, 6, 2, 2, 2, 3, 6, 1, 2, 6, 5, 3, 6, 5, 3, 3, 1, 1, 5, 3, 6, 6, 6, 5, 2, 4, 1, 1, 2, 3, 6, 3, 1, 6, 6, 2, 2, 2, 1, 3, 2, 4, 2, 3, 1, 6, 6, 2, 4, 6, 1, 6, 2, 6, 4, 2, 1, 1, 4, 6, 1, 6, 3, 2, 3, 6, 6, 5, 3, 1, 6, 5, 4, 5, 1, 2, 5, 1, 1, 1, 2, 4, 1, 2, 1, 2, 1, 1, 2, 6, 4]"
User-017,7,trace_0726,1788383915.3452873,streaming,21611,102,102,328,5,3.5782079696655273,12.61236310005188,0.08944708049887477,7.0,0,True,,1788383902.7328548,1788383906.3110628,1788383915.345218,"[1788383906.3110628, 1788383907.1824265, 1788383908.1412926, 1788383908.8576112, 1788383909.4749315, 1788383910.1594436, 1788383910.8708606, 1788383911.6388736, 1788383912.446923, 1788383913.397133, 1788383913.8351262, 1788383913.8946314, 1788383913.9898849, 1788383914.082084, 1788383914.1695557, 1788383914.254108, 1788383914.3410318, 1788383914.4288661, 1788383914.506299, 1788383914.591034, 1788383914.6737099, 1788383914.7571545, 1788383914.8407288, 1788383914.924378, 1788383915.0106013, 1788383915.0908985, 1788383915.17171, 1788383915.253546, 1788383915.3371878]","[1, 6, 2, 2, 1, 2, 3, 3, 6, 4, 3, 4, 4, 4, 4, 2, 6, 6, 4, 3, 5, 6, 1, 3, 2, 6, 1, 6, 2]"
User-020,3,trace_0108,1788383916.7881863,streaming,29471,131,131,364,95,4.5034332275390625,12.432965755462646,0.060996404060950644,11.0,0,True,,1788383904.3551233,1788383908.8585565,1788383916.788089,"[1788383908.8585565, 1788383909.4755182, 1788383910.1600482, 1788383910.8714373, 1788383911.6394906, 1788383912.4474993, 1788383913.3976734, 1788383913.8356705, 1788383913.8952475, 1788383913.990435, 1788383914.0826514, 1788383914.1701238, 1788383914.254653, 1788383914.341592, 1788383914.4294639, 1788383914.506922, 1788383914.591675, 1788383914.6744723, 1788383914.7578025, 1788383914.8412561, 1788383914.9250221, 1788383915.0112424, 1788383915.091478, 1788383915.1722524, 1788383915.2541337, 1788383915.3380024, 1788383915.4149952, 1788383915.495869, 1788383915.5765252, 1788383915.6557944, 1788383915.7368805, 1788383915.8175752, 1788383915.8984885, 1788383915.9785635, 1788383916.0596757, 1788383916.139731, 1788383916.2196426, 1788383916.2993028, 1788383916.3807507, 1788383916.4598694, 1788383916.5412555, 1788383916.6224701, 1788383916.7017367, 1788383916.7851627]","[1, 2, 1, 2, 1, 1, 3, 5, 5, 6, 5, 2, 2, 1, 4, 1, 4, 2, 6, 2, 2, 3, 4, 1, 3, 5, 6, 6, 5, 4, 3, 4, 3, 2, 2, 2, 3, 6, 1, 1, 2, 1, 3, 3]"
User-025,2,trace_0588,1788383916.8683267,streaming,29373,122,122,419,39,5.072240829467773,8.101232051849365,0.025032985308938775,9.0,0,True,,1788383908.7669878,1788383913.8392286,1788383916.8682199,"[1788383913.8392286, 1788383913.8985412, 1788383913.9942129, 1788383914.089347, 1788383914.1733158, 1788383914.2564816, 1788383914.3433, 1788383914.4310896, 1788383914.508569, 1788383914.5935512, 1788383914.6762104, 1788383914.7597234, 1788383914.84285, 1788383914.9266167, 1788383915.0129063, 1788383915.0931566, 1788383915.173873, 1788383915.2557998, 1788383915.3442106, 1788383915.4166057, 1788383915.497594, 1788383915.5783665, 1788383915.6576037, 1788383915.7386155, 1788383915.8192828, 1788383915.9003258, 1788383915.9806728, 1788383916.061315, 1788383916.1413858, 1788383916.2213345, 1788383916.301015, 1788383916.3825853, 1788383916.4616754, 1788383916.5430787, 1788383916.6242967, 1788383916.7037199, 1788383916.7871242, 1788383916.8668623]","[1, 3, 1, 2, 3, 1, 1, 1, 4, 1, 2, 5, 1, 6, 4, 2, 5, 2, 3, 6, 3, 2, 6, 5, 5, 3, 6, 6, 6, 1, 2, 1, 4, 6, 3, 2, 6, 1]"
User-022,2,trace_0418,1788383918.2208219,streaming,13594,381,381,208,3,0.4076852798461914,39.44565677642822,0.10273150393837377,20.0,0,True,,1788383878.7750993,1788383879.1827846,1788383918.220756,"[1788383879.1827846, 1788383879.2493596, 1788383879.3336165, 1788383879.4169188, 1788383879.4999857, 1788383879.584267, 1788383879.6679137, 1788383879.7515023, 1788383879.8360023, 1788383879.9200284, 1788383880.0045428, 1788383880.0973434, 1788383880.7090228, 1788383881.365354, 1788383882.051617, 1788383882.7700157, 1788383883.5212975, 1788383884.3018916, 1788383885.1126752, 1788383885.8633227, 1788383886.456111, 1788383887.10428, 1788383887.78945, 1788383888.5051515, 1788383889.2661784, 1788383890.0574882, 1788383890.755959, 1788383891.3368523, 1788383891.9933941, 1788383892.6868577, 1788383893.4103634, 1788383894.162884, 1788383894.946621, 1788383895.7687943, 1788383896.6245592, 1788383897.4383266, 1788383897.4901714, 1788383897.5843844, 1788383897.6774085, 1788383897.7626903, 1788383897.8510015, 1788383897.9371164, 1788383898.0238802, 1788383898.110933, 1788383898.197177, 1788383898.284738, 1788383898.3709745, 1788383898.4582546, 1788383898.5443327, 1788383898.6321557, 1788383898.7239928, 1788383898.8062253, 1788383898.8914697, 1788383898.979465, 1788383899.0662951, 1788383899.1534817, 1788383899.2438455, 1788383899.3239543, 1788383899.408149, 1788383899.4924629, 1788383899.5762556, 1788383899.6623535, 1788383899.743914, 1788383899.825491, 1788383899.9090247, 1788383899.992682, 1788383900.0753508, 1788383900.1592765, 1788383900.2425516, 1788383900.3272471, 1788383900.4115777, 1788383900.4959116, 1788383901.0984237, 1788383901.731457, 1788383902.3996794, 1788383903.0993207, 1788383903.8265116, 1788383904.5946062, 1788383905.3910253, 1788383906.3121228, 1788383907.183773, 1788383908.1423855, 1788383908.8597045, 1788383909.4765823, 1788383910.1611447, 1788383910.8724751, 1788383911.6405845, 1788383912.448557, 1788383913.3987772, 1788383913.8367589, 1788383913.8963664, 1788383913.9919238, 1788383914.087113, 1788383914.1706696, 1788383914.2552216, 1788383914.3421648, 1788383914.4300227, 1788383914.5074778, 1788383914.5923383, 1788383914.675148, 1788383914.7584455, 1788383914.8417757, 1788383914.9255762, 1788383915.011823, 1788383915.0920322, 1788383915.1727746, 1788383915.2546859, 1788383915.3385725, 1788383915.415571, 1788383915.4964905, 1788383915.5772462, 1788383915.656512, 1788383915.7375655, 1788383915.8181567, 1788383915.8990808, 1788383915.9792366, 1788383916.060279, 1788383916.14031, 1788383916.2202466, 1788383916.2999063, 1788383916.3813655, 1788383916.4604743, 1788383916.5418627, 1788383916.6231089, 1788383916.7024074, 1788383916.785989, 1788383916.8655772, 1788383916.9322174, 1788383917.0015326, 1788383917.0704114, 1788383917.1389716, 1788383917.209866, 1788383917.2780223, 1788383917.3477006, 1788383917.442265, 1788383917.4860654, 1788383917.5571678, 1788383917.6256104, 1788383918.218946]","[1, 1, 3, 1, 3, 4, 5, 1, 2, 4, 1, 1, 1, 2, 2, 3, 1, 3, 2, 1, 1, 3, 1, 6, 1, 5, 2, 3, 3, 1, 6, 2, 2, 2, 2, 3, 2, 2, 2, 3, 2, 1, 6, 4, 2, 5, 1, 3, 1, 3, 1, 2, 3, 4, 1, 3, 3, 1, 3, 4, 6, 2, 6, 2, 1, 2, 2, 6, 1, 4, 1, 1, 5, 1, 3, 2, 1, 1, 1, 2, 1, 2, 1, 1, 5, 6, 1, 3, 1, 5, 2, 2, 2, 4, 2, 5, 2, 4, 3, 4, 2, 4, 2, 3, 6, 6, 5, 2, 2, 1, 3, 1, 3, 6, 5, 1, 1, 3, 4, 3, 1, 6, 1, 2, 4, 4, 4, 6, 3, 2, 2, 5, 1, 3, 3, 4, 6, 3, 5]"
User-032,0,trace_0279,1788383929.086392,streaming,18355,261,261,0,286,5.994626522064209,28.767968893051147,0.08758977834994976,0.0,0,True,,1788383900.3183248,1788383906.3129513,1788383929.0862937,"[1788383906.3129513, 1788383907.1842816, 1788383908.1429427, 1788383908.860241, 1788383909.4771075, 1788383910.1616912, 1788383910.873005, 1788383911.6411226, 1788383912.4490855, 1788383913.3993015, 1788383913.837294, 1788383913.896909, 1788383913.9926286, 1788383914.0876892, 1788383914.171252, 1788383914.2557502, 1788383914.3427749, 1788383914.4305458, 1788383914.50805, 1788383914.5929594, 1788383914.67568, 1788383914.759105, 1788383914.8423157, 1788383914.9261038, 1788383915.0123696, 1788383915.0925841, 1788383915.1733398, 1788383915.2552674, 1788383915.3436036, 1788383915.4160814, 1788383915.4970307, 1788383915.577807, 1788383915.6570394, 1788383915.7380977, 1788383915.8187234, 1788383915.8997953, 1788383915.9800658, 1788383916.0607975, 1788383916.1408486, 1788383916.2208009, 1788383916.3004577, 1788383916.3819714, 1788383916.4611056, 1788383916.5424628, 1788383916.6237226, 1788383916.7030911, 1788383916.7865577, 1788383916.8662176, 1788383916.9328973, 1788383917.0021737, 1788383917.0710542, 1788383917.1396065, 1788383917.2104921, 1788383917.2786155, 1788383917.3483083, 1788383917.4428325, 1788383917.4866424, 1788383917.5577133, 1788383917.6262202, 1788383918.2198207, 1788383918.8481457, 1788383919.5229387, 1788383920.231713, 1788383920.973179, 1788383921.7443311, 1788383922.5479405, 1788383923.1720452, 1788383923.508218, 1788383923.7852354, 1788383924.33978, 1788383924.9750488, 1788383925.643118, 1788383926.3435912, 1788383927.0701818, 1788383927.83338, 1788383928.4711883, 1788383929.0839593]","[1, 2, 4, 5, 3, 2, 2, 3, 5, 2, 1, 5, 4, 3, 2, 5, 3, 1, 1, 1, 6, 4, 1, 3, 1, 2, 4, 4, 4, 1, 6, 6, 6, 2, 2, 2, 4, 2, 6, 6, 6, 4, 1, 2, 3, 4, 1, 1, 6, 5, 6, 1, 6, 4, 6, 4, 4, 4, 4, 2, 6, 2, 6, 3, 5, 2, 4, 3, 1, 1, 6, 3, 2, 5, 6, 4, 1]"
User-027,1,trace_0632,1788383939.5125022,streaming,21216,599,599,322,9,4.553263425827026,65.24121427536011,0.10148486764135967,14.0,0,True,,1788383874.271193,1788383878.8244565,1788383939.5124073,"[1788383878.8244565, 1788383878.8556511, 1788383878.94038, 1788383879.022261, 1788383879.1857095, 1788383879.2524223, 1788383879.3371003, 1788383879.4201274, 1788383879.503288, 1788383879.587474, 1788383879.671163, 1788383879.7546859, 1788383879.8392026, 1788383879.9234014, 1788383880.0077229, 1788383880.1006422, 1788383880.7117379, 1788383881.3680165, 1788383882.0542154, 1788383882.7726815, 1788383883.5239086, 1788383884.3046439, 1788383885.1154113, 1788383885.8658624, 1788383886.4587555, 1788383887.1069727, 1788383887.792123, 1788383888.5080292, 1788383889.2688828, 1788383890.060169, 1788383890.759247, 1788383891.3400474, 1788383891.9967747, 1788383892.6900606, 1788383893.4135578, 1788383894.1661067, 1788383894.949843, 1788383895.7720358, 1788383896.6277153, 1788383897.4414115, 1788383897.4931865, 1788383897.5878942, 1788383897.6804092, 1788383897.7648728, 1788383897.8531764, 1788383897.9392471, 1788383898.0261106, 1788383898.1131291, 1788383898.1995387, 1788383898.2868938, 1788383898.3731143, 1788383898.4604592, 1788383898.5464356, 1788383898.634309, 1788383898.7260666, 1788383898.808296, 1788383898.8931706, 1788383898.9815772, 1788383899.0684426, 1788383899.155614, 1788383899.2458997, 1788383899.3262072, 1788383899.4102347, 1788383899.4945703, 1788383899.5783818, 1788383899.6645043, 1788383899.74611, 1788383899.8275733, 1788383899.9111562, 1788383899.994754, 1788383900.076974, 1788383900.1616857, 1788383900.2446449, 1788383900.3289342, 1788383900.4137354, 1788383900.4980795, 1788383901.1005816, 1788383901.733534, 1788383902.4018078, 1788383903.1019223, 1788383903.8286955, 1788383904.5967774, 1788383905.3932595, 1788383906.3150613, 1788383907.1863608, 1788383908.1450546, 1788383908.8624222, 1788383909.479371, 1788383910.163878, 1788383910.8751287, 1788383911.6433172, 1788383912.4513175, 1788383913.4013102, 1788383913.8403122, 1788383913.8996398, 1788383913.9952452, 1788383914.090465, 1788383914.174372, 1788383914.258213, 1788383914.3452427, 1788383914.432182, 1788383914.5096488, 1788383914.594809, 1788383914.6774044, 1788383914.7606328, 1788383914.8439186, 1788383914.9278734, 1788383915.014344, 1788383915.0936942, 1788383915.174421, 1788383915.2563436, 1788383915.344759, 1788383915.4171884, 1788383915.4981272, 1788383915.5789242, 1788383915.6581926, 1788383915.7392206, 1788383915.8198566, 1788383915.9008374, 1788383915.981269, 1788383916.061881, 1788383916.1419413, 1788383916.2218683, 1788383916.3015566, 1788383916.3831813, 1788383916.4622838, 1788383916.543707, 1788383916.6248815, 1788383916.7043545, 1788383916.7876687, 1788383916.8677456, 1788383916.9335318, 1788383917.002848, 1788383917.0716953, 1788383917.1402292, 1788383917.211158, 1788383917.2792766, 1788383917.3489332, 1788383917.4434102, 1788383917.4872165, 1788383917.5582323, 1788383917.626786, 1788383918.2203565, 1788383918.848748, 1788383919.5234773, 1788383920.2322986, 1788383920.9737494, 1788383921.74497, 1788383922.548493, 1788383923.1734722, 1788383923.5093222, 1788383923.786145, 1788383924.3410301, 1788383924.976643, 1788383925.644727, 1788383926.3448517, 1788383927.071827, 1788383927.835055, 1788383928.4723997, 1788383929.085856, 1788383929.7652357, 1788383930.4794955, 1788383931.2260904, 1788383931.9986978, 1788383932.8051429, 1788383933.6439795, 1788383934.5143619, 1788383935.3288813, 1788383935.917596, 1788383936.5636902, 1788383937.245255, 1788383937.9921796, 1788383938.7052422, 1788383939.511698]","[1, 1, 1, 3, 6, 4, 5, 2, 3, 2, 4, 1, 4, 6, 2, 4, 6, 5, 5, 2, 4, 6, 5, 6, 1, 6, 6, 6, 6, 1, 3, 1, 3, 6, 4, 1, 2, 4, 2, 1, 3, 1, 2, 4, 3, 4, 1, 4, 3, 1, 5, 3, 1, 6, 1, 1, 2, 3, 2, 3, 6, 4, 6, 2, 6, 6, 4, 3, 4, 3, 2, 6, 6, 6, 2, 1, 1, 1, 3, 1, 2, 3, 6, 6, 6, 6, 2, 1, 3, 6, 6, 2, 4, 2, 6, 3, 2, 2, 4, 6, 3, 4, 1, 5, 3, 6, 6, 2, 4, 1, 6, 6, 4, 1, 4, 1, 3, 1, 2, 1, 1, 3, 6, 6, 1, 4, 4, 1, 5, 6, 2, 1, 4, 6, 3, 6, 2, 1, 1, 6, 4, 6, 3, 2, 1, 1, 6, 4, 3, 4, 3, 1, 4, 6, 6, 6, 6, 3, 1, 2, 6, 1, 2, 2, 3, 6, 6, 6, 4, 1, 5, 2, 4, 1]"
User-025,3,trace_0588,1788383955.785224,streaming,29596,149,149,458,3,1.4952468872070312,33.77399516105652,0.21809965049898303,9.0,0,True,,1788383922.0111144,1788383923.5063612,1788383955.7851095,"[1788383923.5063612, 1788383923.7844026, 1788383924.3379517, 1788383924.97348, 1788383925.6413445, 1788383926.3420937, 1788383927.068452, 1788383927.8313975, 1788383928.4696527, 1788383929.0822635, 1788383929.7630672, 1788383930.476858, 1788383931.223391, 1788383931.995998, 1788383932.802382, 1788383933.6412854, 1788383934.5097444, 1788383935.3261254, 1788383935.914936, 1788383936.5609887, 1788383937.2432492, 1788383937.990831, 1788383938.7030668, 1788383939.50825, 1788383940.1494336, 1788383940.7786767, 1788383941.4650054, 1788383942.214016, 1788383942.9280558, 1788383943.7040436, 1788383944.5171106, 1788383945.3598347, 1788383946.236037, 1788383947.0830398, 1788383947.9844136, 1788383948.9190173, 1788383949.8899417, 1788383950.9028618, 1788383953.82726, 1788383954.4187145, 1788383955.0816078, 1788383955.7804887]","[1, 6, 6, 1, 4, 3, 2, 6, 5, 6, 2, 6, 2, 6, 4, 5, 6, 3, 2, 3, 4, 3, 1, 3, 3, 4, 2, 6, 6, 3, 5, 2, 1, 3, 1, 6, 6, 2, 2, 3, 2, 2]"
User-022,3,trace_0418,1788383957.2871642,streaming,14197,144,144,211,9,1.2267415523529053,35.006675720214844,0.2362233158591744,11.0,0,True,,1788383922.2804322,1788383923.5071738,1788383957.287108,"[1788383923.5071738, 1788383923.7846737, 1788383924.3386219, 1788383924.9739795, 1788383925.6419938, 1788383926.3426552, 1788383927.0690694, 1788383927.832094, 1788383928.4701865, 1788383929.0828316, 1788383929.7634642, 1788383930.4774544, 1788383931.2239094, 1788383931.996547, 1788383932.8029492, 1788383933.6418269, 1788383934.5102668, 1788383935.3266575, 1788383935.915452, 1788383936.5615857, 1788383937.2436485, 1788383937.9910986, 1788383938.7035174, 1788383939.5087588, 1788383940.149958, 1788383940.7792165, 1788383941.465527, 1788383942.2142928, 1788383942.928628, 1788383943.704659, 1788383944.5177045, 1788383945.3604128, 1788383946.2366025, 1788383947.083578, 1788383947.9849288, 1788383948.9196763, 1788383949.890606, 1788383950.903385, 1788383953.82779, 1788383954.4192767, 1788383955.082317, 1788383955.7813818, 1788383956.51011, 1788383957.2832294]","[1, 4, 5, 3, 5, 1, 2, 6, 4, 3, 1, 5, 1, 4, 4, 2, 1, 2, 2, 2, 6, 6, 6, 1, 1, 3, 6, 5, 4, 5, 4, 1, 5, 3, 5, 5, 3, 6, 1, 4, 1, 1, 2, 2]"
User-035,0,trace_0062,1788383961.5044298,streaming,14980,113,113,0,233,5.421661853790283,38.456871509552,0.29495722906930105,0.0,0,True,,1788383923.0474904,1788383928.4691522,1788383961.5043619,"[1788383928.4691522, 1788383929.0817592, 1788383929.7625246, 1788383930.4763365, 1788383931.2228684, 1788383931.9954875, 1788383932.8018644, 1788383933.6407669, 1788383934.509227, 1788383935.324821, 1788383935.913857, 1788383936.5599318, 1788383937.2420957, 1788383937.9902456, 1788383938.7017934, 1788383939.5072217, 1788383940.1484547, 1788383940.7775695, 1788383941.4638855, 1788383942.2132964, 1788383942.9268928, 1788383943.7029817, 1788383944.516084, 1788383945.3586335, 1788383946.2350118, 1788383947.0819845, 1788383947.9833636, 1788383948.917892, 1788383949.8888562, 1788383950.9017956, 1788383953.8262038, 1788383954.41768, 1788383955.0802212, 1788383955.7792926, 1788383956.5089836, 1788383957.2821336, 1788383958.1004076, 1788383958.9259436, 1788383959.7922893, 1788383960.6916633, 1788383961.0429854, 1788383961.2346191, 1788383961.298578, 1788383961.3964334, 1788383961.4983053]","[1, 1, 1, 4, 4, 1, 4, 4, 2, 1, 2, 2, 2, 4, 1, 1, 1, 3, 2, 2, 2, 1, 1, 2, 5, 1, 2, 5, 2, 1, 1, 6, 3, 2, 5, 6, 3, 1, 3, 2, 2, 6, 2, 3, 3]"
User-017,8,trace_0726,1788383961.5046437,streaming,21808,191,191,333,3,4.681183576583862,43.014219999313354,0.20175282327752364,6.0,0,True,,1788383918.490334,1788383923.1715176,1788383961.504554,"[1788383923.1715176, 1788383923.5076706, 1788383923.7849422, 1788383924.3392026, 1788383924.9745052, 1788383925.6425679, 1788383926.343173, 1788383927.0696156, 1788383927.8326743, 1788383928.4706979, 1788383929.0833652, 1788383929.7639625, 1788383930.477996, 1788383931.22449, 1788383931.9970756, 1788383932.8034933, 1788383933.6423635, 1788383934.5125396, 1788383935.3272002, 1788383935.916029, 1788383936.5621126, 1788383937.2440777, 1788383937.9913847, 1788383938.703942, 1788383939.509266, 1788383940.1504817, 1788383940.7797499, 1788383941.4660747, 1788383942.214591, 1788383942.929181, 1788383943.7052, 1788383944.5182319, 1788383945.3609216, 1788383946.2371294, 1788383947.0841208, 1788383947.9854803, 1788383948.9202244, 1788383949.8944018, 1788383950.904, 1788383953.8283017, 1788383954.4198968, 1788383955.0828857, 1788383955.781934, 1788383956.5106297, 1788383957.284005, 1788383958.1014829, 1788383958.9269767, 1788383959.7933724, 1788383960.6927388, 1788383961.0440464, 1788383961.2357626, 1788383961.2996736, 1788383961.397223, 1788383961.4997349]","[1, 6, 6, 6, 2, 1, 1, 5, 2, 2, 2, 6, 3, 4, 2, 6, 1, 3, 4, 2, 1, 6, 4, 6, 6, 6, 2, 4, 6, 1, 6, 2, 4, 2, 1, 6, 3, 2, 6, 3, 6, 1, 3, 5, 6, 6, 1, 3, 4, 3, 3, 1, 4, 3]"
User-030,1,trace_0082,1788383963.218326,streaming,16726,239,239,253,7,2.8876571655273438,42.93761348724365,0.16827712740216935,12.0,0,True,,1788383920.2806344,1788383923.1682916,1788383963.218248,"[1788383923.1682916, 1788383923.5035212, 1788383923.783215, 1788383924.3352985, 1788383924.9711401, 1788383925.638746, 1788383926.3377635, 1788383927.066119, 1788383927.8290572, 1788383928.46647, 1788383929.079361, 1788383929.7602282, 1788383930.4737444, 1788383931.2204716, 1788383931.9930336, 1788383932.79951, 1788383933.6383653, 1788383934.5069056, 1788383935.3222933, 1788383935.9114318, 1788383936.5575402, 1788383937.2398515, 1788383937.9889877, 1788383938.6971776, 1788383939.5044224, 1788383940.1453223, 1788383940.7746625, 1788383941.4609435, 1788383942.2117765, 1788383942.9237359, 1788383943.7000592, 1788383944.513171, 1788383945.3555827, 1788383946.2320914, 1788383947.0787961, 1788383947.9800935, 1788383948.914565, 1788383949.8858747, 1788383950.8988667, 1788383953.8226626, 1788383954.4143975, 1788383955.0770922, 1788383955.7759757, 1788383956.5058975, 1788383957.2791839, 1788383958.0940955, 1788383958.9229968, 1788383959.7890654, 1788383960.6884284, 1788383961.0395339, 1788383961.2306902, 1788383961.2953732, 1788383961.3938212, 1788383961.4950764, 1788383961.5901682, 1788383961.6849093, 1788383961.7797682, 1788383961.875521, 1788383961.970217, 1788383962.0661662, 1788383962.1604757, 1788383962.2559822, 1788383962.350699, 1788383962.4462843, 1788383962.546363, 1788383962.6370556, 1788383962.7320979, 1788383962.8283055, 1788383962.9227986, 1788383963.0183563, 1788383963.113222, 1788383963.2107136]","[1, 3, 6, 4, 1, 2, 1, 1, 1, 2, 5, 2, 6, 2, 3, 2, 1, 1, 3, 2, 1, 4, 3, 6, 3, 6, 3, 3, 5, 6, 4, 6, 2, 2, 1, 4, 3, 2, 1, 3, 3, 6, 1, 6, 4, 4, 6, 1, 1, 6, 6, 1, 4, 3, 2, 6, 4, 4, 1, 6, 4, 6, 5, 6, 3, 4, 1, 2, 6, 1, 6, 3]"
User-007,6,trace_0398,1788383964.7751715,streaming,15329,327,327,232,5,1.993971347808838,43.59617805480957,0.12761413100306973,12.0,0,True,,1788383921.1789155,1788383923.1728868,1788383964.7750936,"[1788383923.1728868, 1788383923.5087733, 1788383923.7858949, 1788383924.3406234, 1788383924.9761415, 1788383925.6441846, 1788383926.3443966, 1788383927.071276, 1788383927.8344939, 1788383928.4719694, 1788383929.0853262, 1788383929.7648087, 1788383930.4790728, 1788383931.225564, 1788383931.9981673, 1788383932.8046274, 1788383933.643451, 1788383934.5138052, 1788383935.3282447, 1788383935.9170618, 1788383936.5632062, 1788383937.2448528, 1788383937.9919064, 1788383938.7048056, 1788383939.5103154, 1788383940.1515555, 1788383940.7808197, 1788383941.4671772, 1788383942.215157, 1788383942.9302132, 1788383943.7062945, 1788383944.519273, 1788383945.3619869, 1788383946.238998, 1788383947.085771, 1788383947.9871879, 1788383948.9217923, 1788383949.896113, 1788383950.905605, 1788383953.829895, 1788383954.4214551, 1788383955.0844564, 1788383955.7835643, 1788383956.5121865, 1788383957.2857633, 1788383958.103188, 1788383958.928927, 1788383959.795099, 1788383960.6944194, 1788383961.0455952, 1788383961.238241, 1788383961.3018813, 1788383961.3989365, 1788383961.502371, 1788383961.595587, 1788383961.690506, 1788383961.7852175, 1788383961.8810291, 1788383961.9760134, 1788383962.0739193, 1788383962.1659682, 1788383962.2614794, 1788383962.3550084, 1788383962.4516468, 1788383962.5519707, 1788383962.6424887, 1788383962.7380419, 1788383962.8338573, 1788383962.9285586, 1788383963.0238018, 1788383963.1188953, 1788383963.2163444, 1788383963.3113942, 1788383963.3997853, 1788383963.4910102, 1788383963.5824027, 1788383963.6740673, 1788383963.7655077, 1788383963.8565416, 1788383963.948625, 1788383964.0393846, 1788383964.1310089, 1788383964.2226653, 1788383964.3140492, 1788383964.4050581, 1788383964.495493, 1788383964.591058, 1788383964.6798992, 1788383964.7727532]","[1, 5, 1, 3, 1, 2, 6, 4, 5, 6, 3, 3, 6, 2, 6, 4, 4, 3, 4, 6, 6, 2, 4, 6, 4, 2, 1, 4, 1, 1, 6, 6, 6, 6, 1, 6, 5, 6, 3, 5, 3, 3, 3, 4, 2, 6, 1, 1, 6, 1, 6, 6, 6, 6, 4, 3, 3, 5, 1, 4, 1, 1, 1, 2, 6, 1, 2, 3, 1, 5, 4, 2, 2, 6, 6, 2, 1, 4, 6, 6, 4, 6, 5, 1, 3, 1, 5, 6, 4]"
User-034,0,trace_0164,1788383964.9564915,streaming,17666,254,254,0,275,5.736370801925659,47.52208399772644,0.16516092172253274,0.0,0,True,,1788383917.434277,1788383923.1706479,1788383964.956361,"[1788383923.1706479, 1788383923.505484, 1788383923.7841551, 1788383924.337349, 1788383924.9729614, 1788383925.6407816, 1788383926.341437, 1788383927.067924, 1788383927.8308797, 1788383928.468326, 1788383929.0812223, 1788383929.76201, 1788383930.4757774, 1788383931.2223272, 1788383931.9949005, 1788383932.8013387, 1788383933.640248, 1788383934.5086863, 1788383935.3243093, 1788383935.9132972, 1788383936.559398, 1788383937.2415643, 1788383937.9899566, 1788383938.7012165, 1788383939.5066612, 1788383940.1479402, 1788383940.7770307, 1788383941.4633553, 1788383942.2130332, 1788383942.92635, 1788383943.70242, 1788383944.5155396, 1788383945.3579326, 1788383946.2344778, 1788383947.0814123, 1788383947.9828246, 1788383948.91733, 1788383949.8883169, 1788383950.9012754, 1788383953.825658, 1788383954.417162, 1788383955.0796938, 1788383955.778699, 1788383956.5084486, 1788383957.281611, 1788383958.0998404, 1788383958.92542, 1788383959.7917416, 1788383960.691101, 1788383961.0424027, 1788383961.2340372, 1788383961.298037, 1788383961.39601, 1788383961.4977608, 1788383961.5928426, 1788383961.6877813, 1788383961.782447, 1788383961.8782375, 1788383961.9729934, 1788383962.0685828, 1788383962.1631796, 1788383962.25867, 1788383962.35291, 1788383962.4489362, 1788383962.5491862, 1788383962.6398537, 1788383962.7350519, 1788383962.8312259, 1788383962.92582, 1788383963.0211446, 1788383963.1162026, 1788383963.2136889, 1788383963.3055103, 1788383963.39701, 1788383963.4881752, 1788383963.5797846, 1788383963.6712239, 1788383963.7627783, 1788383963.8537796, 1788383963.945934, 1788383964.0365016, 1788383964.1283429, 1788383964.2200158, 1788383964.3113725, 1788383964.402241, 1788383964.493463, 1788383964.5879595, 1788383964.6770964, 1788383964.7698133, 1788383964.860802, 1788383964.9523704]","[1, 6, 1, 5, 1, 3, 1, 1, 1, 1, 3, 2, 4, 4, 5, 4, 2, 5, 2, 6, 2, 3, 4, 1, 2, 1, 2, 2, 1, 1, 3, 5, 3, 1, 5, 1, 4, 1, 3, 2, 2, 2, 6, 2, 4, 4, 2, 5, 3, 2, 6, 4, 3, 1, 5, 2, 6, 2, 4, 6, 1, 6, 3, 1, 2, 6, 2, 2, 2, 2, 1, 1, 1, 6, 2, 1, 4, 6, 1, 4, 1, 3, 2, 2, 1, 4, 3, 5, 1, 1, 1]"
User-025,4,trace_0588,1788383965.0413122,streaming,29809,119,119,461,3,1.3685951232910156,5.172129392623901,0.03223334126553293,9.0,0,True,,1788383959.8691173,1788383961.2377124,1788383965.0412467,"[1788383961.2377124, 1788383961.3013453, 1788383961.398505, 1788383961.5018153, 1788383961.5950077, 1788383961.6899292, 1788383961.784625, 1788383961.880444, 1788383961.9754028, 1788383962.0706825, 1788383962.1653519, 1788383962.26083, 1788383962.3545432, 1788383962.4510574, 1788383962.5514393, 1788383962.6419568, 1788383962.73753, 1788383962.8333347, 1788383962.9280372, 1788383963.023286, 1788383963.118325, 1788383963.215822, 1788383963.310841, 1788383963.3992512, 1788383963.490479, 1788383963.5818815, 1788383963.6735156, 1788383963.7649567, 1788383963.8560297, 1788383963.948111, 1788383964.038861, 1788383964.1304898, 1788383964.2221532, 1788383964.3135157, 1788383964.404525, 1788383964.4951015, 1788383964.5905085, 1788383964.6793377, 1788383964.7721992, 1788383964.8624403, 1788383964.9542623, 1788383965.0394886]","[1, 3, 4, 6, 1, 1, 1, 2, 5, 1, 3, 6, 1, 1, 3, 6, 3, 2, 1, 2, 5, 2, 4, 4, 6, 3, 5, 3, 3, 1, 2, 1, 5, 4, 3, 3, 1, 3, 3, 2, 2, 1]"
User-008,3,trace_0707,1788383965.301188,streaming,20887,326,326,317,8,1.2869153022766113,42.80237317085266,0.12773987036484938,15.0,0,True,,1788383922.4987385,1788383923.7856538,1788383965.3011117,"[1788383923.7856538, 1788383924.3402166, 1788383924.9756274, 1788383925.6436625, 1788383926.3439915, 1788383927.070702, 1788383927.8339605, 1788383928.471593, 1788383929.0847838, 1788383929.764399, 1788383930.4785132, 1788383931.2250261, 1788383931.9976397, 1788383932.804084, 1788383933.64293, 1788383934.5132642, 1788383935.3277156, 1788383935.9165478, 1788383936.5626242, 1788383937.2444658, 1788383937.9916399, 1788383938.7043896, 1788383939.5097995, 1788383940.151044, 1788383940.7802596, 1788383941.4666228, 1788383942.2148821, 1788383942.9297016, 1788383943.7057612, 1788383944.5187526, 1788383945.3614419, 1788383946.2384543, 1788383947.0852234, 1788383947.9866228, 1788383948.9212813, 1788383949.8955402, 1788383950.9050834, 1788383953.8293538, 1788383954.4209454, 1788383955.083947, 1788383955.783011, 1788383956.511678, 1788383957.2852561, 1788383958.1026554, 1788383958.928232, 1788383959.7945445, 1788383960.6938484, 1788383961.045076, 1788383961.2368488, 1788383961.3008301, 1788383961.3980916, 1788383961.5013027, 1788383961.5944505, 1788383961.6894007, 1788383961.7840881, 1788383961.8798866, 1788383961.974747, 1788383962.0701442, 1788383962.1648266, 1788383962.2603092, 1788383962.3541462, 1788383962.4504948, 1788383962.550817, 1788383962.6414537, 1788383962.7368605, 1788383962.8328192, 1788383962.927488, 1788383963.0227547, 1788383963.1177988, 1788383963.2153025, 1788383963.3102276, 1788383963.398674, 1788383963.4899452, 1788383963.5813344, 1788383963.6729925, 1788383963.7644064, 1788383963.8555171, 1788383963.94758, 1788383964.0383239, 1788383964.1299713, 1788383964.2216318, 1788383964.3129852, 1788383964.4039874, 1788383964.4946785, 1788383964.5898767, 1788383964.6787865, 1788383964.7716353, 1788383964.8619103, 1788383964.9537554, 1788383965.0390346, 1788383965.1241012, 1788383965.2113051, 1788383965.2987936]","[1, 2, 1, 1, 3, 4, 4, 2, 6, 6, 3, 6, 2, 5, 5, 4, 4, 2, 2, 3, 5, 3, 6, 2, 6, 4, 4, 1, 3, 3, 5, 6, 6, 3, 6, 5, 5, 5, 1, 2, 6, 6, 3, 1, 4, 6, 6, 3, 2, 1, 2, 1, 1, 1, 2, 5, 2, 6, 2, 1, 3, 2, 6, 1, 6, 1, 4, 3, 2, 2, 6, 6, 4, 4, 2, 2, 1, 4, 3, 1, 3, 4, 6, 5, 6, 5, 6, 1, 1, 6, 5, 3, 4]"
User-028,1,trace_0006,1788383966.5868304,streaming,20317,545,545,265,51,4.747992992401123,57.93948578834534,0.09777847940430921,15.0,0,True,,1788383908.6472802,1788383913.3952732,1788383966.586766,"[1788383913.3952732, 1788383913.832927, 1788383913.8919578, 1788383913.9877312, 1788383914.0797024, 1788383914.168083, 1788383914.2526877, 1788383914.3393977, 1788383914.4272401, 1788383914.5047157, 1788383914.5889049, 1788383914.6716485, 1788383914.7551897, 1788383914.8389642, 1788383914.9224083, 1788383915.0089383, 1788383915.0890975, 1788383915.1700222, 1788383915.2519524, 1788383915.3355365, 1788383915.4136226, 1788383915.4942303, 1788383915.575075, 1788383915.6542623, 1788383915.7353976, 1788383915.8158967, 1788383915.8968592, 1788383915.976921, 1788383916.058011, 1788383916.1380718, 1788383916.2179432, 1788383916.2977068, 1788383916.3785386, 1788383916.4579027, 1788383916.5393627, 1788383916.6200118, 1788383916.699616, 1788383916.7832303, 1788383916.8636243, 1788383916.9303823, 1788383916.999904, 1788383917.0689359, 1788383917.1374366, 1788383917.2082903, 1788383917.2764215, 1788383917.346339, 1788383917.440928, 1788383917.4846199, 1788383917.5558248, 1788383917.6243691, 1788383918.2175777, 1788383918.8475769, 1788383919.5223117, 1788383920.231101, 1788383920.9725819, 1788383921.7437518, 1788383922.547313, 1788383923.1691687, 1788383923.5042932, 1788383923.7836177, 1788383924.3362148, 1788383924.971754, 1788383925.639648, 1788383926.3385785, 1788383927.0668342, 1788383927.8296883, 1788383928.4671345, 1788383929.0800195, 1788383929.7608514, 1788383930.4745982, 1788383931.2211149, 1788383931.9936717, 1788383932.8001509, 1788383933.639008, 1788383934.50752, 1788383935.323026, 1788383935.912055, 1788383936.558202, 1788383937.2404888, 1788383937.9893804, 1788383938.6980634, 1788383939.505378, 1788383940.1468856, 1788383940.77599, 1788383941.4622197, 1788383942.2124903, 1788383942.9252348, 1788383943.7013407, 1788383944.514476, 1788383945.356839, 1788383946.2334359, 1788383947.0802753, 1788383947.98167, 1788383948.9161978, 1788383949.8872705, 1788383950.9001853, 1788383953.8245137, 1788383954.416031, 1788383955.078538, 1788383955.777289, 1788383956.5073678, 1788383957.2805574, 1788383958.0986705, 1788383958.9243405, 1788383959.790628, 1788383960.6899467, 1788383961.041136, 1788383961.2326787, 1788383961.2969346, 1788383961.3951857, 1788383961.496664, 1788383961.5917609, 1788383961.6865647, 1788383961.7813704, 1788383961.8771172, 1788383961.9718583, 1788383962.067533, 1788383962.1620474, 1788383962.2575688, 1788383962.3520992, 1788383962.4478915, 1788383962.5480356, 1788383962.6385043, 1788383962.7336202, 1788383962.8298209, 1788383962.9243743, 1788383963.019777, 1788383963.1144972, 1788383963.2126052, 1788383963.304165, 1788383963.3956344, 1788383963.4867735, 1788383963.5784173, 1788383963.6697927, 1788383963.7614338, 1788383963.8523765, 1788383963.9445753, 1788383964.0351796, 1788383964.1269803, 1788383964.218608, 1788383964.3099906, 1788383964.4008842, 1788383964.4924011, 1788383964.5862129, 1788383964.6758122, 1788383964.768254, 1788383964.8594735, 1788383964.9510412, 1788383965.0377166, 1788383965.1222343, 1788383965.2093651, 1788383965.2967515, 1788383965.38199, 1788383965.4655704, 1788383965.5504022, 1788383965.6353176, 1788383965.71948, 1788383965.8036828, 1788383965.889515, 1788383965.9723203, 1788383966.0571673, 1788383966.142098, 1788383966.2255745, 1788383966.3094041, 1788383966.3941936, 1788383966.4782286, 1788383966.5848405]","[1, 2, 1, 2, 4, 4, 2, 3, 1, 2, 4, 1, 2, 3, 1, 2, 6, 4, 1, 3, 1, 1, 1, 4, 2, 3, 2, 5, 6, 4, 6, 1, 3, 2, 3, 1, 2, 3, 4, 6, 6, 2, 1, 6, 6, 3, 6, 4, 5, 4, 4, 2, 3, 2, 2, 2, 4, 5, 2, 1, 2, 3, 1, 5, 2, 6, 1, 4, 6, 6, 5, 2, 3, 5, 1, 6, 4, 2, 2, 3, 2, 3, 3, 1, 6, 3, 1, 6, 1, 4, 3, 2, 1, 1, 1, 2, 6, 6, 5, 1, 5, 3, 2, 2, 1, 2, 3, 4, 6, 1, 1, 2, 6, 2, 6, 6, 1, 2, 4, 6, 1, 6, 2, 5, 6, 1, 6, 6, 1, 4, 4, 6, 2, 2, 6, 2, 4, 1, 2, 6, 6, 3, 6, 2, 1, 6, 5, 3, 2, 1, 6, 6, 2, 4, 6, 4, 4, 3, 4, 6, 2, 1, 6, 1, 6, 3, 2]"
User-033,0,trace_0538,1788383966.7382412,streaming,11642,393,390,0,155,6.804682970046997,61.90570044517517,0.14164785983323439,0.0,0,True,,1788383904.8324792,1788383911.6371622,1788383966.7381797,"[1788383911.6371622, 1788383912.4453595, 1788383913.3960297, 1788383913.8337889, 1788383913.893157, 1788383913.9887102, 1788383914.0806253, 1788383914.1689932, 1788383914.253442, 1788383914.340434, 1788383914.4282389, 1788383914.5055866, 1788383914.590307, 1788383914.6728327, 1788383914.7564561, 1788383914.840161, 1788383914.9233825, 1788383915.0097508, 1788383915.0900893, 1788383915.1709518, 1788383915.252804, 1788383915.336433, 1788383915.4142342, 1788383915.495127, 1788383915.5759177, 1788383915.6551733, 1788383915.7362783, 1788383915.8168118, 1788383915.8977413, 1788383915.9777744, 1788383916.058952, 1788383916.139013, 1788383916.2188902, 1788383916.2985525, 1788383916.3798175, 1788383916.458929, 1788383916.5403972, 1788383916.6214879, 1788383916.701026, 1788383916.7843506, 1788383916.8647525, 1788383916.9314275, 1788383917.0007637, 1788383917.069676, 1788383917.1382058, 1788383917.209117, 1788383917.2772877, 1788383917.3470597, 1788383917.4417222, 1788383917.4854019, 1788383917.5565171, 1788383917.6250346, 1788383918.2182689, 1788383918.8467073, 1788383919.5217037, 1788383920.2304184, 1788383920.9717877, 1788383921.7428858, 1788383922.5465047, 1788383923.1697876, 1788383923.5049613, 1788383923.7838917, 1788383924.3367977, 1788383924.972404, 1788383925.6402345, 1788383926.3408368, 1788383927.067382, 1788383927.830334, 1788383928.4678214, 1788383929.0806832, 1788383929.7614946, 1788383930.475253, 1788383931.2217767, 1788383931.9943414, 1788383932.800795, 1788383933.6396813, 1788383934.5081444, 1788383935.323748, 1788383935.9127233, 1788383936.5588598, 1788383937.2410283, 1788383937.989694, 1788383938.6986434, 1788383939.5060935, 1788383940.1474357, 1788383940.7765179, 1788383941.4628224, 1788383942.2127612, 1788383942.9257789, 1788383943.7018888, 1788383944.5150297, 1788383945.3573856, 1788383946.2339811, 1788383947.080844, 1788383947.9822452, 1788383948.9167726, 1788383949.887803, 1788383950.9007423, 1788383953.8251054, 1788383954.4165952, 1788383955.0791497, 1788383955.7781165, 1788383956.5079422, 1788383957.2810922, 1788383958.0992837, 1788383958.9248912, 1788383959.7911944, 1788383960.6905289, 1788383961.041843, 1788383961.2334616, 1788383961.297522, 1788383961.3955994, 1788383961.4972255, 1788383961.5923185, 1788383961.687232, 1788383961.7819273, 1788383961.877694, 1788383961.9724581, 1788383962.0680656, 1788383962.1625996, 1788383962.258137, 1788383962.3525176, 1788383962.4484231, 1788383962.5486505, 1788383962.639299, 1788383962.7344632, 1788383962.8306465, 1788383962.9252522, 1788383963.0206027, 1788383963.1155655, 1788383963.2131405, 1788383963.3047812, 1788383963.3962476, 1788383963.487416, 1788383963.579054, 1788383963.6703937, 1788383963.7620406, 1788383963.852996, 1788383963.9452, 1788383964.0357735, 1788383964.127583, 1788383964.219249, 1788383964.310612, 1788383964.4014974, 1788383964.4929054, 1788383964.587067, 1788383964.6763732, 1788383964.7689168, 1788383964.8602524, 1788383964.9518044, 1788383965.0381699, 1788383965.1229868, 1788383965.2100823, 1788383965.2975738, 1788383965.3826756, 1788383965.466259, 1788383965.5510266, 1788383965.6359272, 1788383965.7201102, 1788383965.8044827, 1788383965.890204, 1788383965.9730551, 1788383966.0579224, 1788383966.1426988, 1788383966.226207, 1788383966.3099563, 1788383966.3949535, 1788383966.4790654, 1788383966.5852494, 1788383966.6477718, 1788383966.7352803]","[1, 1, 1, 2, 6, 2, 6, 2, 1, 2, 3, 2, 1, 4, 1, 2, 1, 2, 5, 3, 2, 1, 2, 1, 3, 2, 2, 6, 3, 2, 1, 1, 4, 1, 2, 5, 2, 2, 1, 1, 5, 2, 2, 2, 2, 3, 2, 1, 1, 2, 2, 4, 1, 2, 1, 6, 1, 5, 2, 4, 1, 2, 1, 2, 2, 4, 2, 2, 2, 1, 2, 1, 2, 1, 3, 5, 3, 2, 6, 2, 2, 1, 2, 4, 1, 1, 2, 2, 4, 2, 1, 2, 1, 2, 1, 4, 1, 2, 2, 6, 2, 1, 1, 2, 2, 2, 4, 1, 2, 2, 1, 4, 3, 2, 2, 1, 3, 2, 1, 2, 1, 1, 1, 1, 3, 1, 1, 4, 2, 6, 5, 1, 1, 4, 1, 3, 2, 6, 1, 1, 3, 2, 1, 3, 2, 6, 1, 1, 1, 1, 2, 1, 3, 2, 6, 1, 1, 4, 2, 3, 6, 1, 1, 3, 1, 3, 1, 5, 2, 1, 3]"
User-037,0,trace_0489,1788383969.2002256,streaming,15354,307,304,0,239,14.348055601119995,44.0370306968689,0.09798341615758713,0.0,0,True,,1788383925.1631231,1788383939.5111787,1788383969.2001538,"[1788383939.5111787, 1788383940.152066, 1788383940.7813272, 1788383941.467707, 1788383942.2154095, 1788383942.9307268, 1788383943.7068677, 1788383944.5198412, 1788383945.3625417, 1788383946.239534, 1788383947.086289, 1788383947.9877546, 1788383948.9223354, 1788383949.896678, 1788383950.9061244, 1788383953.8304348, 1788383954.4219832, 1788383955.084979, 1788383955.784084, 1788383956.512701, 1788383957.286265, 1788383958.103731, 1788383958.9294376, 1788383959.7956064, 1788383960.6950223, 1788383961.0461032, 1788383961.2388098, 1788383961.30241, 1788383961.3993437, 1788383961.5029683, 1788383961.5961096, 1788383961.6910589, 1788383961.7857535, 1788383961.8815877, 1788383961.9765186, 1788383962.0744858, 1788383962.1664898, 1788383962.2620168, 1788383962.355399, 1788383962.452175, 1788383962.5525064, 1788383962.643011, 1788383962.7385623, 1788383962.83437, 1788383962.9290786, 1788383963.0243335, 1788383963.1194398, 1788383963.2168636, 1788383963.311918, 1788383963.400341, 1788383963.4915438, 1788383963.5829353, 1788383963.6747134, 1788383963.7660303, 1788383963.8570616, 1788383963.9491634, 1788383964.039906, 1788383964.131546, 1788383964.2232125, 1788383964.3145618, 1788383964.4057581, 1788383964.4959512, 1788383964.5916448, 1788383964.6804762, 1788383964.7735965, 1788383964.8630185, 1788383964.95481, 1788383965.0400958, 1788383965.1246533, 1788383965.211846, 1788383965.299597, 1788383965.3838522, 1788383965.4673653, 1788383965.5515816, 1788383965.637017, 1788383965.721176, 1788383965.8057034, 1788383965.8913825, 1788383965.9741404, 1788383966.059106, 1788383966.143879, 1788383966.2274652, 1788383966.3111367, 1788383966.3960972, 1788383966.48019, 1788383966.5857837, 1788383966.6488361, 1788383966.7367158, 1788383966.815098, 1788383967.01786, 1788383967.074691, 1788383967.1585307, 1788383967.244314, 1788383967.326956, 1788383967.409512, 1788383967.4941683, 1788383967.5978048, 1788383967.6632252, 1788383967.7435887, 1788383968.2519994, 1788383968.3099577, 1788383968.5257857, 1788383968.5714202, 1788383968.956649, 1788383969.0213609, 1788383969.109163, 1788383969.197675]","[1, 1, 4, 2, 3, 3, 2, 2, 2, 3, 2, 6, 2, 2, 5, 5, 6, 2, 2, 1, 2, 1, 1, 1, 2, 2, 6, 2, 3, 2, 2, 2, 6, 3, 2, 1, 2, 1, 2, 2, 1, 2, 1, 1, 6, 2, 1, 4, 3, 1, 5, 2, 1, 2, 1, 2, 6, 2, 1, 1, 2, 1, 4, 4, 2, 6, 3, 2, 2, 1, 3, 2, 1, 2, 2, 5, 4, 5, 6, 1, 1, 3, 1, 5, 4, 3, 2, 1, 5, 2, 1, 3, 1, 3, 1, 6, 6, 5, 2, 6, 3, 6, 6, 6, 6, 6, 6]"
User-038,0,trace_0661,1788383970.8493927,streaming,20442,368,368,0,319,8.252189636230469,32.86354923248291,0.06706092533038813,0.0,0,True,,1788383937.9857562,1788383946.2379458,1788383970.8493054,"[1788383946.2379458, 1788383947.084706, 1788383947.9861047, 1788383948.9207613, 1788383949.895029, 1788383950.904559, 1788383953.82883, 1788383954.420435, 1788383955.0834334, 1788383955.7824736, 1788383956.5111601, 1788383957.284712, 1788383958.1020906, 1788383958.927641, 1788383959.793981, 1788383960.6932933, 1788383961.0445778, 1788383961.2363148, 1788383961.300197, 1788383961.3976312, 1788383961.5007362, 1788383961.5939252, 1788383961.6888661, 1788383961.7835786, 1788383961.8793375, 1788383961.9740736, 1788383962.0696216, 1788383962.1642995, 1788383962.259788, 1788383962.3537207, 1788383962.4499896, 1788383962.5502694, 1788383962.6409397, 1788383962.736136, 1788383962.8322856, 1788383962.9269361, 1788383963.0222154, 1788383963.11728, 1788383963.214779, 1788383963.3065991, 1788383963.3981483, 1788383963.48926, 1788383963.5808284, 1788383963.6724632, 1788383963.7638822, 1788383963.854871, 1788383963.9470336, 1788383964.0377727, 1788383964.129417, 1788383964.2211025, 1788383964.3124444, 1788383964.4034708, 1788383964.4942818, 1788383964.589275, 1788383964.6782384, 1788383964.7709224, 1788383964.8613312, 1788383964.9531925, 1788383965.0385926, 1788383965.1235354, 1788383965.2106771, 1788383965.2981486, 1788383965.3832903, 1788383965.4668486, 1788383965.5513015, 1788383965.6364863, 1788383965.7206562, 1788383965.8050978, 1788383965.8908083, 1788383965.9735887, 1788383966.0584767, 1788383966.1433375, 1788383966.2268069, 1788383966.3105133, 1788383966.3954945, 1788383966.4796338, 1788383966.5855262, 1788383966.648288, 1788383966.7361317, 1788383966.8144968, 1788383967.0173159, 1788383967.074149, 1788383967.158002, 1788383967.2437613, 1788383967.326352, 1788383967.4089909, 1788383967.4936142, 1788383967.5975275, 1788383967.6626165, 1788383967.7430303, 1788383968.2514658, 1788383968.3097115, 1788383968.525252, 1788383968.5708792, 1788383968.956146, 1788383969.0208273, 1788383969.108611, 1788383969.1970713, 1788383969.2823668, 1788383969.368403, 1788383969.4547074, 1788383969.5429673, 1788383969.6293972, 1788383969.71754, 1788383969.801823, 1788383969.8897018, 1788383969.977159, 1788383970.0621583, 1788383970.3432658, 1788383970.4070306, 1788383970.4962897, 1788383970.5821388, 1788383970.6692696, 1788383970.7570212, 1788383970.8463335]","[1, 2, 4, 4, 1, 6, 4, 2, 1, 2, 3, 3, 4, 2, 5, 4, 1, 3, 2, 2, 3, 3, 1, 3, 2, 1, 3, 2, 2, 3, 1, 2, 1, 3, 4, 2, 2, 1, 1, 2, 2, 1, 1, 3, 4, 6, 5, 6, 6, 6, 5, 1, 1, 3, 3, 2, 4, 6, 2, 6, 6, 6, 6, 1, 5, 1, 1, 6, 3, 4, 5, 1, 6, 6, 6, 2, 1, 3, 3, 2, 6, 1, 1, 4, 6, 1, 3, 6, 5, 3, 3, 1, 2, 3, 2, 5, 6, 6, 6, 4, 1, 2, 1, 6, 2, 2, 6, 3, 2, 6, 1, 2, 5, 6, 4]"
User-025,5,trace_0588,1788383971.6296458,streaming,29996,120,120,463,3,0.4051520824432373,3.5100255012512207,0.02609137326729398,7.0,0,True,,1788383968.1195366,1788383968.5246887,1788383971.6295621,"[1788383968.5246887, 1788383968.5703022, 1788383968.9556313, 1788383969.0202863, 1788383969.1080573, 1788383969.1965086, 1788383969.281847, 1788383969.3678246, 1788383969.4541748, 1788383969.5423763, 1788383969.6288552, 1788383969.7167125, 1788383969.801392, 1788383969.8891342, 1788383969.97658, 1788383970.0615695, 1788383970.3426762, 1788383970.406438, 1788383970.4954321, 1788383970.581623, 1788383970.668712, 1788383970.7564652, 1788383970.8457804, 1788383970.932084, 1788383971.0178, 1788383971.104617, 1788383971.190942, 1788383971.277514, 1788383971.3647406, 1788383971.451419, 1788383971.5378726, 1788383971.6266162]","[1, 3, 1, 2, 6, 4, 1, 6, 6, 2, 1, 6, 2, 5, 5, 3, 4, 3, 6, 3, 6, 6, 6, 3, 6, 6, 2, 2, 5, 1, 6, 1]"
User-036,0,trace_0615,1788383971.7980266,streaming,22967,474,474,0,358,11.546072006225586,48.01839017868042,0.0771084950791857,0.0,0,True,,1788383923.7795508,1788383935.3256228,1788383971.797941,"[1788383935.3256228, 1788383935.914371, 1788383936.5604506, 1788383937.2427022, 1788383937.9905274, 1788383938.7024517, 1788383939.5077174, 1788383940.148933, 1788383940.7781694, 1788383941.464401, 1788383942.2137527, 1788383942.9274259, 1788383943.7034917, 1788383944.5165975, 1788383945.359284, 1788383946.2355282, 1788383947.0824974, 1788383947.9838974, 1788383948.9184399, 1788383949.8893707, 1788383950.902306, 1788383953.8267262, 1788383954.418205, 1788383955.0807934, 1788383955.779828, 1788383956.5095053, 1788383957.282666, 1788383958.1009417, 1788383958.9264534, 1788383959.792835, 1788383960.6921902, 1788383961.0435236, 1788383961.23522, 1788383961.2991567, 1788383961.396838, 1788383961.4991763, 1788383961.593397, 1788383961.6883209, 1788383961.7830074, 1788383961.8787925, 1788383961.9735336, 1788383962.0691106, 1788383962.1637516, 1788383962.2592456, 1788383962.3533084, 1788383962.4494407, 1788383962.5497293, 1788383962.6403978, 1788383962.7355988, 1788383962.8317754, 1788383962.9263616, 1788383963.0216808, 1788383963.1167274, 1788383963.214214, 1788383963.3060477, 1788383963.3975942, 1788383963.4887102, 1788383963.580311, 1788383963.671785, 1788383963.7633479, 1788383963.8543224, 1788383963.9464872, 1788383964.037027, 1788383964.1288896, 1788383964.2205596, 1788383964.3119152, 1788383964.402818, 1788383964.4938865, 1788383964.5887587, 1788383964.6777012, 1788383964.7703683, 1788383964.8588526, 1788383964.950421, 1788383965.0370188, 1788383965.1215737, 1788383965.2087715, 1788383965.2959013, 1788383965.38137, 1788383965.4649649, 1788383965.5493286, 1788383965.634526, 1788383965.7187235, 1788383965.8030643, 1788383965.888887, 1788383965.971704, 1788383966.056547, 1788383966.1409938, 1788383966.224569, 1788383966.3087804, 1788383966.3935316, 1788383966.4773438, 1788383966.5845294, 1788383966.647206, 1788383966.7344568, 1788383966.8140023, 1788383967.0167491, 1788383967.0735095, 1788383967.157431, 1788383967.2431927, 1788383967.3257923, 1788383967.4084387, 1788383967.4930058, 1788383967.5972536, 1788383967.662077, 1788383967.742228, 1788383968.2508848, 1788383968.3094535, 1788383968.5236075, 1788383968.5697436, 1788383968.9540517, 1788383969.019022, 1788383969.106918, 1788383969.1953056, 1788383969.280672, 1788383969.3664913, 1788383969.4530616, 1788383969.5411413, 1788383969.627706, 1788383969.715336, 1788383969.8004603, 1788383969.8879101, 1788383969.9750266, 1788383970.0601516, 1788383970.3413386, 1788383970.4052913, 1788383970.4943073, 1788383970.5804834, 1788383970.667609, 1788383970.7552748, 1788383970.8446453, 1788383970.9309595, 1788383971.0166671, 1788383971.1032827, 1788383971.189769, 1788383971.2764294, 1788383971.3635201, 1788383971.4501982, 1788383971.5364192, 1788383971.6251426, 1788383971.7104938, 1788383971.7941158]","[1, 4, 4, 4, 6, 3, 2, 1, 1, 1, 1, 2, 5, 2, 2, 2, 1, 2, 4, 6, 6, 1, 1, 1, 1, 6, 2, 4, 1, 3, 3, 5, 1, 4, 1, 6, 6, 6, 3, 6, 2, 2, 6, 6, 6, 6, 3, 4, 1, 1, 6, 4, 6, 6, 6, 6, 3, 1, 4, 4, 1, 1, 5, 2, 2, 3, 2, 2, 1, 4, 2, 1, 2, 3, 5, 1, 6, 2, 1, 1, 2, 1, 5, 6, 1, 2, 6, 6, 6, 6, 5, 2, 2, 2, 1, 3, 5, 6, 3, 3, 1, 4, 3, 1, 6, 4, 1, 4, 6, 6, 6, 6, 6, 6, 6, 6, 2, 1, 6, 2, 6, 6, 6, 2, 3, 1, 3, 4, 6, 3, 3, 3, 1, 4, 2, 1, 3, 1, 2, 4, 3]"
User-027,2,trace_0632,1788383976.3072793,streaming,24231,534,534,330,47,14.429001331329346,29.689223289489746,0.028630810428068292,15.0,0,True,,1788383946.6179528,1788383961.0469542,1788383976.307176,"[1788383961.0469542, 1788383961.239415, 1788383961.3029466, 1788383961.3997414, 1788383961.5034952, 1788383961.596621, 1788383961.6916053, 1788383961.7862957, 1788383961.882118, 1788383961.9770558, 1788383962.0750349, 1788383962.1670096, 1788383962.2625186, 1788383962.3558073, 1788383962.452689, 1788383962.553044, 1788383962.6435275, 1788383962.739085, 1788383962.834894, 1788383962.9296458, 1788383963.024852, 1788383963.1199527, 1788383963.2173936, 1788383963.312452, 1788383963.4008472, 1788383963.4922595, 1788383963.5834594, 1788383963.6752458, 1788383963.766546, 1788383963.8577178, 1788383963.9496863, 1788383964.0406077, 1788383964.1320686, 1788383964.2237349, 1788383964.3150742, 1788383964.4062843, 1788383964.4964602, 1788383964.592197, 1788383964.681034, 1788383964.774123, 1788383964.8635867, 1788383964.955339, 1788383965.0405111, 1788383965.12517, 1788383965.212359, 1788383965.300136, 1788383965.3843777, 1788383965.4679115, 1788383965.5521207, 1788383965.6375341, 1788383965.7217042, 1788383965.806276, 1788383965.8919365, 1788383965.974721, 1788383966.0596523, 1788383966.1444077, 1788383966.228005, 1788383966.3116612, 1788383966.3966336, 1788383966.4807742, 1788383966.5860538, 1788383966.6493704, 1788383966.7372572, 1788383966.8157141, 1788383967.018371, 1788383967.0752802, 1788383967.1591296, 1788383967.2448394, 1788383967.327491, 1788383967.4100406, 1788383967.4947693, 1788383967.5981033, 1788383967.6637762, 1788383967.7440999, 1788383968.2525418, 1788383968.3104234, 1788383968.5263033, 1788383968.5719757, 1788383968.9571931, 1788383969.0219128, 1788383969.1097066, 1788383969.1985393, 1788383969.282984, 1788383969.3689218, 1788383969.4569697, 1788383969.543544, 1788383969.6299367, 1788383969.7182345, 1788383969.8022604, 1788383969.8902547, 1788383969.9779348, 1788383970.0626972, 1788383970.3446517, 1788383970.4081202, 1788383970.497442, 1788383970.5832384, 1788383970.6703315, 1788383970.7581346, 1788383970.8477864, 1788383970.9331677, 1788383971.0192935, 1788383971.105719, 1788383971.1923552, 1788383971.278981, 1788383971.3658478, 1788383971.4525292, 1788383971.5389824, 1788383971.628044, 1788383971.7121382, 1788383971.7964363, 1788383971.8776996, 1788383971.9607823, 1788383972.0452278, 1788383972.1290762, 1788383972.2115858, 1788383972.2964575, 1788383972.3802736, 1788383972.463481, 1788383972.5467618, 1788383972.631943, 1788383972.7148337, 1788383972.8000867, 1788383972.8835778, 1788383972.96596, 1788383973.0503058, 1788383973.134337, 1788383973.257589, 1788383973.3002145, 1788383973.3868277, 1788383973.4680188, 1788383973.694671, 1788383973.7599185, 1788383973.8445911, 1788383973.9296489, 1788383974.014114, 1788383974.0983145, 1788383974.183301, 1788383974.2683887, 1788383974.3795207, 1788383974.4392693, 1788383974.524946, 1788383974.6071265, 1788383974.8913405, 1788383974.9844854, 1788383975.0225298, 1788383975.2338269, 1788383975.727429, 1788383976.1537697, 1788383976.2053363, 1788383976.3052726]","[1, 6, 2, 6, 6, 2, 2, 3, 3, 6, 3, 3, 2, 5, 2, 1, 1, 6, 6, 1, 3, 1, 4, 6, 1, 6, 4, 6, 1, 1, 6, 5, 1, 6, 5, 1, 1, 4, 2, 4, 1, 4, 2, 6, 6, 6, 1, 2, 6, 1, 4, 3, 1, 3, 1, 6, 2, 1, 2, 2, 5, 3, 1, 1, 4, 4, 2, 2, 6, 6, 5, 6, 1, 4, 3, 6, 1, 1, 1, 1, 3, 4, 1, 3, 3, 6, 6, 6, 6, 6, 6, 2, 2, 6, 5, 6, 6, 5, 1, 5, 6, 6, 2, 3, 6, 3, 3, 5, 2, 5, 1, 2, 6, 6, 6, 3, 1, 2, 1, 6, 2, 4, 6, 2, 6, 2, 3, 6, 6, 6, 6, 6, 3, 1, 5, 6, 4, 6, 2, 2, 6, 1, 1, 2, 2, 1, 4, 2, 5, 5]"
User-007,7,trace_0398,1788383976.8610308,streaming,15876,249,249,237,9,0.488311767578125,7.005133390426636,0.026277506543743993,12.0,0,True,,1788383969.8558156,1788383970.3441274,1788383976.860949,"[1788383970.3441274, 1788383970.4075942, 1788383970.4968793, 1788383970.5826578, 1788383970.6698081, 1788383970.757584, 1788383970.8472118, 1788383970.9326274, 1788383971.0186818, 1788383971.105169, 1788383971.1914907, 1788383971.2783427, 1788383971.365291, 1788383971.451994, 1788383971.538417, 1788383971.627459, 1788383971.7116275, 1788383971.7958827, 1788383971.877164, 1788383971.9599297, 1788383972.0443518, 1788383972.1284933, 1788383972.2110333, 1788383972.295911, 1788383972.3797314, 1788383972.4628968, 1788383972.546176, 1788383972.6313722, 1788383972.7142732, 1788383972.7994869, 1788383972.8830383, 1788383972.965412, 1788383973.049746, 1788383973.133799, 1788383973.2573135, 1788383973.2996182, 1788383973.3862698, 1788383973.4675083, 1788383973.694175, 1788383973.759407, 1788383973.8440645, 1788383973.9291291, 1788383974.0135956, 1788383974.0977967, 1788383974.1827252, 1788383974.2678368, 1788383974.379229, 1788383974.4386752, 1788383974.524415, 1788383974.6065822, 1788383974.8910475, 1788383974.9842138, 1788383975.0220077, 1788383975.2332916, 1788383975.7268186, 1788383976.1532037, 1788383976.2049446, 1788383976.304722, 1788383976.3988833, 1788383976.4897265, 1788383976.5816493, 1788383976.6734989, 1788383976.7660787, 1788383976.8591998]","[1, 4, 2, 2, 2, 1, 3, 1, 2, 1, 3, 3, 4, 2, 6, 6, 1, 1, 4, 5, 6, 6, 1, 1, 3, 6, 5, 6, 4, 2, 5, 5, 6, 1, 1, 1, 6, 3, 3, 1, 6, 6, 6, 6, 3, 6, 6, 4, 1, 4, 5, 6, 6, 6, 6, 5, 6, 6, 6, 6, 3, 6, 6, 2]"
User-030,2,trace_0082,1788383977.4962602,streaming,17636,292,292,260,14,0.6510052680969238,9.192064046859741,0.029350717452793187,10.0,0,True,,1788383968.3041031,1788383968.9551084,1788383977.4961672,"[1788383968.9551084, 1788383969.019723, 1788383969.1074834, 1788383969.1959321, 1788383969.2812815, 1788383969.3671036, 1788383969.4536254, 1788383969.5417469, 1788383969.628302, 1788383969.7159567, 1788383969.8009555, 1788383969.8885446, 1788383969.975985, 1788383970.0607362, 1788383970.342108, 1788383970.405922, 1788383970.494893, 1788383970.5810776, 1788383970.6681833, 1788383970.75587, 1788383970.8452313, 1788383970.931504, 1788383971.0172424, 1788383971.1038911, 1788383971.1903312, 1788383971.2769756, 1788383971.3641675, 1788383971.450851, 1788383971.5372653, 1788383971.625987, 1788383971.711104, 1788383971.7952712, 1788383971.8764846, 1788383971.9592087, 1788383972.0436869, 1788383972.1277757, 1788383972.2103484, 1788383972.2951925, 1788383972.3790648, 1788383972.461982, 1788383972.545527, 1788383972.6306496, 1788383972.7134016, 1788383972.798486, 1788383972.882178, 1788383972.9648445, 1788383973.0490623, 1788383973.133096, 1788383973.2570128, 1788383973.2990804, 1788383973.3857362, 1788383973.4669614, 1788383973.6936498, 1788383973.7588634, 1788383973.8435423, 1788383973.9286075, 1788383974.013066, 1788383974.097259, 1788383974.1822054, 1788383974.2672842, 1788383974.3789332, 1788383974.4381435, 1788383974.5238843, 1788383974.6060576, 1788383974.8903353, 1788383974.9836621, 1788383975.0209448, 1788383975.230967, 1788383975.7243657, 1788383976.1494763, 1788383976.2024486, 1788383976.3013957, 1788383976.3955512, 1788383976.4864528, 1788383976.5783963, 1788383976.6702843, 1788383976.7627559, 1788383976.8559225, 1788383976.9462209, 1788383977.0371053, 1788383977.1281672, 1788383977.2182183, 1788383977.308744, 1788383977.3991673, 1788383977.4916627]","[1, 4, 5, 5, 3, 2, 6, 6, 1, 4, 1, 6, 1, 1, 2, 2, 3, 3, 1, 2, 2, 6, 3, 3, 6, 6, 6, 6, 2, 6, 2, 3, 2, 5, 6, 3, 2, 6, 1, 2, 2, 2, 3, 6, 6, 6, 4, 2, 6, 1, 1, 4, 3, 6, 1, 2, 3, 4, 2, 4, 6, 2, 4, 3, 2, 3, 3, 6, 1, 1, 1, 3, 2, 4, 2, 2, 3, 6, 6, 6, 6, 4, 6, 3, 2]"
User-025,6,trace_0588,1788383978.1992373,streaming,30186,72,72,466,2,0.43437767028808594,3.401512861251831,0.04179063649244712,7.0,0,True,,1788383974.7976358,1788383975.2320135,1788383978.1991487,"[1788383975.2320135, 1788383975.7248948, 1788383976.1499848, 1788383976.202931, 1788383976.3019433, 1788383976.3960676, 1788383976.4870415, 1788383976.5789585, 1788383976.6708384, 1788383976.763321, 1788383976.8564854, 1788383976.9494255, 1788383977.037671, 1788383977.128729, 1788383977.2187748, 1788383977.3092968, 1788383977.39971, 1788383977.4925098, 1788383977.5802321, 1788383977.667484, 1788383977.757088, 1788383977.8434632, 1788383977.9317498, 1788383978.0197282, 1788383978.1064615, 1788383978.1952388]","[1, 1, 3, 3, 2, 5, 3, 1, 2, 6, 5, 6, 4, 6, 1, 3, 1, 1, 1, 5, 1, 1, 2, 1, 1, 6]"
User-032,1,trace_0279,1788383979.3324077,streaming,32013,704,704,286,213,11.623570203781128,37.12452936172485,0.036274479598781974,19.0,0,True,,1788383942.2077634,1788383953.8313336,1788383979.3322928,"[1788383953.8313336, 1788383954.4225454, 1788383955.0855157, 1788383955.7846272, 1788383956.513205, 1788383957.2868001, 1788383958.1044257, 1788383958.929961, 1788383959.7961292, 1788383960.69556, 1788383961.0474768, 1788383961.2399578, 1788383961.3034716, 1788383961.4001417, 1788383961.5040264, 1788383961.5971456, 1788383961.692133, 1788383961.7868335, 1788383961.8826432, 1788383961.9776127, 1788383962.075621, 1788383962.167544, 1788383962.2630577, 1788383962.3562286, 1788383962.4532182, 1788383962.5535674, 1788383962.6440434, 1788383962.7396257, 1788383962.8354392, 1788383962.9301686, 1788383963.0253642, 1788383963.1204634, 1788383963.2179077, 1788383963.3130348, 1788383963.4013567, 1788383963.4928136, 1788383963.5839984, 1788383963.675786, 1788383963.76709, 1788383963.8582351, 1788383963.9502373, 1788383964.0411403, 1788383964.1325905, 1788383964.2242668, 1788383964.315611, 1788383964.4068124, 1788383964.4969826, 1788383964.592802, 1788383964.681591, 1788383964.7746854, 1788383964.8641815, 1788383964.95592, 1788383965.0409458, 1788383965.1257148, 1788383965.2129624, 1788383965.3007448, 1788383965.3849013, 1788383965.468458, 1788383965.5527098, 1788383965.638078, 1788383965.7222643, 1788383965.8068566, 1788383965.8924615, 1788383965.9753115, 1788383966.0601997, 1788383966.1449902, 1788383966.228541, 1788383966.3121824, 1788383966.397147, 1788383966.4813375, 1788383966.5863342, 1788383966.6499696, 1788383966.7377942, 1788383966.8161173, 1788383967.0189457, 1788383967.0758643, 1788383967.1597064, 1788383967.245386, 1788383967.3280804, 1788383967.410598, 1788383967.4953222, 1788383967.5983884, 1788383967.6643012, 1788383967.744622, 1788383968.2546053, 1788383968.3109431, 1788383968.5273802, 1788383968.5730913, 1788383968.9582436, 1788383969.0229578, 1788383969.1108506, 1788383969.1998308, 1788383969.284059, 1788383969.369971, 1788383969.4580731, 1788383969.5447218, 1788383969.6311233, 1788383969.719517, 1788383969.803204, 1788383969.8914013, 1788383969.9791908, 1788383970.063827, 1788383970.3457334, 1788383970.4091575, 1788383970.4986317, 1788383970.5843487, 1788383970.671519, 1788383970.7593088, 1788383970.8489769, 1788383970.934268, 1788383971.020429, 1788383971.1069171, 1788383971.193532, 1788383971.2801433, 1788383971.366969, 1788383971.4535913, 1788383971.5401146, 1788383971.6292605, 1788383971.7132065, 1788383971.7975254, 1788383971.8787947, 1788383971.961925, 1788383972.0464325, 1788383972.1301873, 1788383972.2130706, 1788383972.297558, 1788383972.3813396, 1788383972.4645631, 1788383972.548107, 1788383972.6330338, 1788383972.7159138, 1788383972.8012135, 1788383972.884646, 1788383972.9670744, 1788383973.0514557, 1788383973.1354463, 1788383973.258173, 1788383973.3012753, 1788383973.3879492, 1788383973.4691193, 1788383973.6957731, 1788383973.7609847, 1788383973.8456776, 1788383973.93071, 1788383974.0152, 1788383974.0994482, 1788383974.1843863, 1788383974.2694588, 1788383974.3800733, 1788383974.440341, 1788383974.5260482, 1788383974.6081526, 1788383974.891871, 1788383974.9850283, 1788383975.0236254, 1788383975.2351384, 1788383975.728594, 1788383976.1548073, 1788383976.2061431, 1788383976.3066912, 1788383976.3999617, 1788383976.4908037, 1788383976.5827549, 1788383976.6745272, 1788383976.7672052, 1788383976.8605509, 1788383976.9531982, 1788383977.040905, 1788383977.1319416, 1788383977.222133, 1788383977.3125553, 1788383977.4028523, 1788383977.4958336, 1788383977.5834558, 1788383977.6706762, 1788383977.7603087, 1788383977.8465815, 1788383977.9349258, 1788383978.022896, 1788383978.1096387, 1788383978.1987474, 1788383978.2837725, 1788383978.3707435, 1788383978.4582546, 1788383978.5504687, 1788383978.6325076, 1788383978.7190306, 1788383978.8060908, 1788383978.8934004, 1788383978.9805264, 1788383979.0681882, 1788383979.1546357, 1788383979.2416055, 1788383979.3316045]","[1, 4, 2, 2, 3, 1, 3, 4, 3, 1, 3, 6, 2, 3, 6, 4, 1, 2, 1, 1, 1, 2, 5, 2, 4, 3, 1, 3, 2, 1, 1, 3, 3, 4, 6, 6, 2, 5, 6, 3, 1, 3, 4, 1, 4, 1, 5, 4, 4, 1, 6, 6, 3, 6, 6, 4, 1, 6, 6, 6, 2, 4, 3, 2, 3, 2, 1, 1, 2, 5, 2, 1, 3, 6, 1, 1, 6, 6, 6, 2, 4, 6, 6, 2, 2, 5, 2, 3, 3, 1, 4, 3, 6, 4, 3, 2, 3, 5, 6, 1, 6, 4, 1, 2, 6, 6, 2, 2, 2, 6, 1, 3, 6, 6, 4, 3, 6, 1, 6, 3, 4, 2, 3, 6, 1, 5, 1, 3, 6, 3, 6, 4, 6, 5, 1, 6, 6, 2, 2, 6, 6, 6, 6, 6, 3, 6, 5, 5, 3, 3, 6, 4, 3, 6, 6, 1, 6, 3, 6, 6, 4, 2, 5, 1, 4, 6, 6, 6, 1, 6, 2, 4, 1, 3, 2, 6, 5, 6, 2, 6, 4, 6, 3, 6, 3, 4, 2, 6, 2, 2, 4, 6, 3, 1]"
User-017,9,trace_0726,1788383979.7059608,streaming,22061,377,377,336,3,0.43775153160095215,13.128441333770752,0.03375183458023883,10.0,0,True,,1788383966.57742,1788383967.0151715,1788383979.7058613,"[1788383967.0151715, 1788383967.071778, 1788383967.155989, 1788383967.2414525, 1788383967.3240345, 1788383967.406839, 1788383967.4912877, 1788383967.5965014, 1788383967.6605763, 1788383967.7407458, 1788383968.2495003, 1788383968.3087785, 1788383968.5220037, 1788383968.5681489, 1788383968.9525096, 1788383969.0175447, 1788383969.1053438, 1788383969.1935742, 1788383969.2790346, 1788383969.3649225, 1788383969.4514904, 1788383969.5386648, 1788383969.6259537, 1788383969.713946, 1788383969.798848, 1788383969.8859, 1788383969.973691, 1788383970.0583959, 1788383970.3383303, 1788383970.4040885, 1788383970.492905, 1788383970.5788553, 1788383970.6660197, 1788383970.7535913, 1788383970.8429863, 1788383970.9293106, 1788383971.0152304, 1788383971.1016011, 1788383971.18843, 1788383971.275067, 1788383971.361793, 1788383971.4485703, 1788383971.535048, 1788383971.6238027, 1788383971.7088878, 1788383971.7926106, 1788383971.8752291, 1788383971.957874, 1788383972.0424027, 1788383972.126226, 1788383972.208953, 1788383972.2936747, 1788383972.3776047, 1788383972.460466, 1788383972.5442836, 1788383972.629174, 1788383972.7119691, 1788383972.797245, 1788383972.8807273, 1788383972.963603, 1788383973.0475616, 1788383973.1315954, 1788383973.2562823, 1788383973.2978125, 1788383973.384532, 1788383973.4655209, 1788383973.691569, 1788383973.756989, 1788383973.841708, 1788383973.9267874, 1788383974.0112553, 1788383974.09546, 1788383974.1803832, 1788383974.2654557, 1788383974.3778923, 1788383974.4363942, 1788383974.522095, 1788383974.604241, 1788383974.8893158, 1788383974.98258, 1788383975.0190403, 1788383975.228858, 1788383975.7223127, 1788383976.147535, 1788383976.2010295, 1788383976.2995753, 1788383976.3936608, 1788383976.4846096, 1788383976.576618, 1788383976.6684604, 1788383976.760884, 1788383976.8540964, 1788383976.9444458, 1788383977.0352867, 1788383977.1263072, 1788383977.2163768, 1788383977.3069549, 1788383977.3973477, 1788383977.4896972, 1788383977.5783396, 1788383977.6655579, 1788383977.755369, 1788383977.8415735, 1788383977.9297986, 1788383978.0177486, 1788383978.1045592, 1788383978.1933393, 1788383978.2792122, 1788383978.366233, 1788383978.4536858, 1788383978.5457385, 1788383978.6275985, 1788383978.7144043, 1788383978.801556, 1788383978.8888323, 1788383978.9760764, 1788383979.063619, 1788383979.1500385, 1788383979.2370756, 1788383979.3270195, 1788383979.3990183, 1788383979.473798, 1788383979.5486004, 1788383979.623618, 1788383979.7011368]","[1, 6, 1, 2, 2, 1, 2, 2, 3, 1, 6, 6, 3, 3, 6, 2, 2, 4, 3, 6, 2, 6, 1, 6, 3, 6, 2, 1, 5, 1, 5, 2, 1, 6, 6, 4, 6, 4, 1, 1, 1, 1, 2, 2, 1, 1, 1, 4, 5, 3, 2, 1, 6, 2, 2, 4, 3, 4, 3, 1, 1, 4, 1, 4, 2, 2, 2, 3, 1, 3, 2, 2, 3, 1, 2, 6, 4, 3, 6, 3, 1, 1, 6, 6, 6, 1, 5, 3, 1, 1, 1, 1, 1, 1, 4, 5, 1, 5, 4, 1, 1, 2, 6, 6, 6, 1, 5, 4, 1, 1, 3, 6, 6, 6, 6, 4, 5, 2, 1, 1, 2, 4, 3, 2, 3]"
User-036,1,trace_0615,1788383979.9282923,streaming,24140,133,133,358,18,0.8401319980621338,5.042587518692017,0.03183678424719608,12.0,0,True,,1788383974.8856084,1788383975.7257404,1788383979.928196,"[1788383975.7257404, 1788383976.1505084, 1788383976.203359, 1788383976.30246, 1788383976.3966036, 1788383976.4875762, 1788383976.5795052, 1788383976.6713593, 1788383976.7638788, 1788383976.85704, 1788383976.9503796, 1788383977.0382223, 1788383977.1292734, 1788383977.219313, 1788383977.3098197, 1788383977.400223, 1788383977.4930534, 1788383977.5807695, 1788383977.6680393, 1788383977.7576032, 1788383977.843993, 1788383977.9322765, 1788383978.0202787, 1788383978.1069965, 1788383978.1960828, 1788383978.2810829, 1788383978.368119, 1788383978.4555986, 1788383978.5477512, 1788383978.6296258, 1788383978.7163284, 1788383978.8034573, 1788383978.8907158, 1788383978.9779267, 1788383979.0655186, 1788383979.1518989, 1788383979.23894, 1788383979.3288713, 1788383979.4008965, 1788383979.475691, 1788383979.5504463, 1788383979.6254387, 1788383979.7033587, 1788383979.7797067, 1788383979.849272, 1788383979.9252305]","[1, 1, 3, 3, 4, 1, 1, 1, 4, 3, 3, 2, 6, 5, 4, 1, 1, 2, 5, 1, 1, 2, 6, 6, 1, 2, 3, 3, 1, 2, 3, 1, 4, 1, 3, 6, 4, 2, 1, 6, 6, 6, 1, 3, 3, 4]"
User-035,1,trace_0062,1788383980.0742524,streaming,16362,382,382,233,22,0.661858320236206,12.48206877708435,0.031024174427422953,9.0,0,True,,1788383967.5921159,1788383968.2539742,1788383980.0741847,"[1788383968.2539742, 1788383968.3106732, 1788383968.5268514, 1788383968.5725496, 1788383968.9577055, 1788383969.0224266, 1788383969.1102984, 1788383969.1992772, 1788383969.2834954, 1788383969.3694456, 1788383969.4575214, 1788383969.5441499, 1788383969.6305096, 1788383969.718903, 1788383969.802714, 1788383969.8908377, 1788383969.9785721, 1788383970.0632768, 1788383970.3452141, 1788383970.4086409, 1788383970.4980397, 1788383970.5837705, 1788383970.6709747, 1788383970.758697, 1788383970.8484595, 1788383970.9337523, 1788383971.0198886, 1788383971.1062698, 1788383971.1929436, 1788383971.279553, 1788383971.366399, 1788383971.453059, 1788383971.539522, 1788383971.6286018, 1788383971.7126722, 1788383971.7969856, 1788383971.878227, 1788383971.961387, 1788383972.0458684, 1788383972.1296206, 1788383972.2124348, 1788383972.296999, 1788383972.3808095, 1788383972.4640248, 1788383972.5472894, 1788383972.632509, 1788383972.715375, 1788383972.800653, 1788383972.8841305, 1788383972.966483, 1788383973.0508955, 1788383973.134896, 1788383973.2578773, 1788383973.3007572, 1788383973.3874204, 1788383973.4685545, 1788383973.6952374, 1788383973.7604547, 1788383973.8451324, 1788383973.9301574, 1788383974.014657, 1788383974.098892, 1788383974.1838496, 1788383974.2689269, 1788383974.3798015, 1788383974.4398055, 1788383974.5255036, 1788383974.6076312, 1788383974.8916035, 1788383974.9847562, 1788383975.0230906, 1788383975.234352, 1788383975.7279892, 1788383976.1542928, 1788383976.2057385, 1788383976.306142, 1788383976.3994188, 1788383976.4902377, 1788383976.5821896, 1788383976.6740248, 1788383976.7666388, 1788383976.860006, 1788383976.9526637, 1788383977.0403883, 1788383977.131405, 1788383977.221573, 1788383977.3120208, 1788383977.4022992, 1788383977.495321, 1788383977.5795393, 1788383977.6667964, 1788383977.7565513, 1788383977.8427756, 1788383977.9310381, 1788383978.0189965, 1788383978.105774, 1788383978.1945028, 1788383978.2804198, 1788383978.367436, 1788383978.454911, 1788383978.5470319, 1788383978.6287858, 1788383978.7156541, 1788383978.8027613, 1788383978.8900275, 1788383978.9772654, 1788383979.0648215, 1788383979.1512427, 1788383979.2382455, 1788383979.3282068, 1788383979.4030342, 1788383979.4778082, 1788383979.5526161, 1788383979.6275969, 1788383979.705527, 1788383979.779156, 1788383979.8485434, 1788383979.924513, 1788383979.995954, 1788383980.0712068]","[1, 6, 1, 4, 2, 1, 1, 2, 1, 3, 2, 3, 4, 4, 2, 1, 4, 5, 2, 1, 6, 3, 3, 4, 1, 1, 2, 1, 1, 6, 6, 1, 6, 6, 2, 2, 6, 1, 1, 5, 3, 5, 2, 3, 2, 1, 6, 5, 1, 6, 5, 6, 3, 1, 3, 6, 6, 1, 1, 5, 3, 2, 5, 3, 1, 1, 1, 3, 2, 1, 1, 6, 2, 1, 6, 5, 1, 6, 4, 1, 5, 2, 3, 2, 2, 4, 6, 4, 1, 3, 3, 1, 6, 5, 4, 4, 2, 1, 5, 4, 5, 3, 3, 3, 5, 4, 6, 6, 3, 2, 4, 6, 3, 1, 2, 1, 2, 5, 5, 6]"
User-037,1,trace_0489,1788383980.5791614,streaming,15799,212,212,239,7,0.4401431083679199,7.3261778354644775,0.032635235673443404,13.0,0,True,,1788383973.2529233,1788383973.6930664,1788383980.579101,"[1788383973.6930664, 1788383973.7583153, 1788383973.8430014, 1788383973.9280622, 1788383974.012515, 1788383974.096711, 1788383974.1816761, 1788383974.2667186, 1788383974.378619, 1788383974.4376209, 1788383974.5232885, 1788383974.6053302, 1788383974.8900275, 1788383974.9833434, 1788383975.0204282, 1788383975.2302854, 1788383975.7237973, 1788383976.1489255, 1788383976.2020352, 1788383976.3008475, 1788383976.3950183, 1788383976.485911, 1788383976.5778594, 1788383976.6697454, 1788383976.7621584, 1788383976.8553832, 1788383976.945696, 1788383977.0365403, 1788383977.1276243, 1788383977.2176714, 1788383977.308212, 1788383977.3986099, 1788383977.4910688, 1788383977.5829215, 1788383977.6701546, 1788383977.7597833, 1788383977.846068, 1788383977.934386, 1788383978.022362, 1788383978.1091242, 1788383978.1982052, 1788383978.283256, 1788383978.37022, 1788383978.457738, 1788383978.5499208, 1788383978.6319878, 1788383978.718501, 1788383978.8055692, 1788383978.8928785, 1788383978.98001, 1788383979.0676744, 1788383979.1539845, 1788383979.2410395, 1788383979.331005, 1788383979.400239, 1788383979.4750316, 1788383979.549781, 1788383979.6248028, 1788383979.702585, 1788383979.781957, 1788383979.8515847, 1788383979.9277637, 1788383979.998252, 1788383980.0738697, 1788383980.1431603, 1788383980.2167435, 1788383980.2880263, 1788383980.3612375, 1788383980.4326987, 1788383980.505638, 1788383980.578434]","[1, 4, 3, 5, 2, 2, 1, 2, 5, 1, 4, 1, 6, 6, 1, 1, 3, 4, 6, 6, 1, 3, 4, 3, 6, 1, 1, 2, 6, 3, 1, 1, 5, 1, 2, 2, 2, 4, 2, 2, 4, 1, 3, 2, 1, 2, 2, 2, 5, 1, 2, 4, 6, 6, 3, 2, 6, 1, 6, 2, 5, 6, 3, 2, 1, 6, 1, 4, 1, 4, 2]"
User-034,1,trace_0164,1788383980.8632586,streaming,18033,199,199,275,6,1.0794641971588135,5.791225433349609,0.023796773920155535,19.0,0,True,,1788383975.071935,1788383976.1513991,1788383980.8631604,"[1788383976.1513991, 1788383976.203757, 1788383976.3030486, 1788383976.3971684, 1788383976.4880993, 1788383976.58001, 1788383976.6718993, 1788383976.7644045, 1788383976.8575823, 1788383976.9509628, 1788383977.0388215, 1788383977.129801, 1788383977.2198637, 1788383977.3103478, 1788383977.4007208, 1788383977.4935718, 1788383977.581284, 1788383977.6685772, 1788383977.7581656, 1788383977.8445039, 1788383977.932779, 1788383978.0208147, 1788383978.1075308, 1788383978.1966248, 1788383978.2816303, 1788383978.3686461, 1788383978.45615, 1788383978.5482934, 1788383978.6301644, 1788383978.7168937, 1788383978.8039806, 1788383978.891297, 1788383978.9784408, 1788383979.0660563, 1788383979.15244, 1788383979.2394774, 1788383979.3294232, 1788383979.4014215, 1788383979.4762337, 1788383979.5510192, 1788383979.626007, 1788383979.7038841, 1788383979.7803445, 1788383979.8498578, 1788383979.926097, 1788383979.9965084, 1788383980.0722136, 1788383980.1413732, 1788383980.2149637, 1788383980.2862456, 1788383980.359527, 1788383980.4309042, 1788383980.5039518, 1788383980.5767336, 1788383980.6481626, 1788383980.718506, 1788383980.789325, 1788383980.8606744]","[1, 1, 1, 3, 6, 4, 1, 4, 1, 1, 3, 3, 3, 5, 1, 2, 2, 2, 3, 6, 2, 2, 6, 4, 2, 6, 5, 5, 6, 4, 6, 3, 6, 1, 6, 6, 6, 3, 1, 2, 1, 6, 2, 6, 3, 2, 4, 4, 6, 6, 6, 3, 2, 3, 2, 4, 3, 1]"
User-038,1,trace_0661,1788383998.3039098,streaming,21049,288,288,319,9,1.1733698844909668,23.32500195503235,0.07718338700537067,10.0,0,True,,1788383974.9788165,1788383976.1521864,1788383998.3038185,"[1788383976.1521864, 1788383976.2041376, 1788383976.3035696, 1788383976.3976867, 1788383976.488636, 1788383976.5805247, 1788383976.6724093, 1788383976.7649531, 1788383976.8580923, 1788383976.9514997, 1788383977.0393484, 1788383977.1303353, 1788383977.2204015, 1788383977.310897, 1788383977.401221, 1788383977.4940913, 1788383977.5818014, 1788383977.669101, 1788383977.7586925, 1788383977.8450398, 1788383977.9333236, 1788383978.0213296, 1788383978.1080863, 1788383978.197178, 1788383978.2821631, 1788383978.3691742, 1788383978.456676, 1788383978.5488358, 1788383978.6308956, 1788383978.7174177, 1788383978.8045113, 1788383978.8918173, 1788383978.9789875, 1788383979.0665715, 1788383979.1529632, 1788383979.2399971, 1788383979.329952, 1788383979.4019349, 1788383979.4767513, 1788383979.5515428, 1788383979.62652, 1788383979.7044175, 1788383979.7808666, 1788383979.8504264, 1788383979.9266615, 1788383979.9971452, 1788383980.072768, 1788383980.1419609, 1788383980.2155457, 1788383980.286855, 1788383980.3601065, 1788383980.4315085, 1788383980.5045066, 1788383980.577294, 1788383980.6493654, 1788383980.719789, 1788383980.790501, 1788383980.8621361, 1788383980.934598, 1788383980.9932008, 1788383981.062793, 1788383981.128052, 1788383981.938945, 1788383982.7838418, 1788383983.6618173, 1788383984.517001, 1788383985.0853841, 1788383985.726989, 1788383986.396258, 1788383987.098956, 1788383987.8385324, 1788383988.6096394, 1788383989.416489, 1788383990.2569072, 1788383991.1333082, 1788383992.0395942, 1788383993.040668, 1788383993.91162, 1788383994.8743713, 1788383995.6871665, 1788383996.2526066, 1788383996.9007652, 1788383997.585718, 1788383998.3014166]","[1, 3, 2, 3, 2, 6, 2, 1, 1, 4, 3, 4, 3, 2, 5, 4, 6, 2, 4, 3, 6, 2, 6, 2, 3, 6, 6, 6, 5, 4, 2, 6, 1, 6, 4, 4, 2, 5, 3, 6, 2, 3, 2, 4, 1, 4, 3, 1, 3, 2, 1, 6, 1, 2, 2, 6, 4, 2, 1, 4, 3, 3, 1, 4, 1, 3, 2, 1, 4, 5, 6, 6, 6, 6, 3, 1, 1, 6, 6, 6, 3, 2, 4, 5]"
User-007,8,trace_0398,1788384007.231126,streaming,25029,125,125,246,143,3.5878753662109375,26.302504062652588,0.18318248948743265,8.0,0,True,,1788383980.9285378,1788383984.5164132,1788384007.231042,"[1788383984.5164132, 1788383985.0847325, 1788383985.726354, 1788383986.3955674, 1788383987.0981207, 1788383987.8379288, 1788383988.6090143, 1788383989.4158819, 1788383990.2562237, 1788383991.132705, 1788383992.0389235, 1788383993.0394154, 1788383993.9104376, 1788383994.8732255, 1788383995.6860385, 1788383996.2514594, 1788383996.899682, 1788383997.5846376, 1788383998.300283, 1788383999.0444498, 1788383999.8414385, 1788384000.6639907, 1788384001.5319698, 1788384002.3397305, 1788384002.9728537, 1788384003.5817661, 1788384004.2456522, 1788384004.9852984, 1788384005.67402, 1788384006.4348207, 1788384007.226519]","[1, 5, 6, 6, 3, 6, 5, 6, 6, 2, 6, 6, 2, 6, 4, 6, 5, 2, 6, 2, 5, 3, 2, 2, 2, 6, 1, 2, 5, 4, 2]"
User-037,2,trace_0489,1788384011.8560014,streaming,16198,74,74,246,6,11.962355852127075,28.129719972610474,0.2214707413764849,8.0,0,True,,1788383983.72621,1788383995.688566,1788384011.85593,"[1788383995.688566, 1788383996.2536669, 1788383996.901809, 1788383997.5868356, 1788383998.302798, 1788383999.0460353, 1788383999.843119, 1788384000.6655743, 1788384001.5353029, 1788384002.3426402, 1788384002.9762444, 1788384003.585077, 1788384004.2488778, 1788384004.9869096, 1788384005.677384, 1788384006.4381373, 1788384007.230185, 1788384008.1271312, 1788384008.4030342, 1788384009.2661552, 1788384010.2056134, 1788384011.1692793, 1788384011.7009108, 1788384011.7587538, 1788384011.854498]","[1, 4, 2, 2, 2, 1, 2, 2, 2, 1, 2, 1, 2, 6, 6, 1, 1, 5, 6, 5, 6, 5, 6, 2, 1]"
User-031,1,trace_0624,1788384012.2141914,streaming,23039,1251,1251,354,5,14.067370176315308,86.13515830039978,0.05765423049926758,17.0,0,True,,1788383926.078945,1788383940.146315,1788384012.2141032,"[1788383940.146315, 1788383940.7753444, 1788383941.461587, 1788383942.2122033, 1788383942.9245534, 1788383943.7006955, 1788383944.5138376, 1788383945.356197, 1788383946.2327695, 1788383947.0795512, 1788383947.9808495, 1788383948.915257, 1788383949.8865669, 1788383950.899518, 1788383953.823695, 1788383954.4153156, 1788383955.0778677, 1788383955.776645, 1788383956.5066535, 1788383957.2798765, 1788383958.097696, 1788383958.9236746, 1788383959.7899258, 1788383960.6891904, 1788383961.040514, 1788383961.231966, 1788383961.296207, 1788383961.3945827, 1788383961.4959338, 1788383961.5910256, 1788383961.6856346, 1788383961.780645, 1788383961.8763874, 1788383961.9711163, 1788383962.0668185, 1788383962.1613398, 1788383962.256853, 1788383962.3514981, 1788383962.4471643, 1788383962.5470836, 1788383962.637899, 1788383962.732745, 1788383962.828958, 1788383962.9237518, 1788383963.0191646, 1788383963.1138806, 1788383963.2117307, 1788383963.3033447, 1788383963.394796, 1788383963.4858825, 1788383963.577585, 1788383963.6689205, 1788383963.7607963, 1788383963.8515332, 1788383963.9437644, 1788383964.034279, 1788383964.1261184, 1788383964.2177494, 1788383964.3091686, 1788383964.4000642, 1788383964.4917128, 1788383964.5853875, 1788383964.6751368, 1788383964.7673657, 1788383964.8578734, 1788383964.9495556, 1788383965.036197, 1788383965.1206894, 1788383965.2078836, 1788383965.295176, 1788383965.3805084, 1788383965.4639246, 1788383965.5486758, 1788383965.6336393, 1788383965.7178376, 1788383965.8021843, 1788383965.8864126, 1788383965.970798, 1788383966.0555644, 1788383966.1402988, 1788383966.22369, 1788383966.3078852, 1788383966.3926353, 1788383966.4766645, 1788383966.5841131, 1788383966.6462286, 1788383966.733506, 1788383966.8132007, 1788383967.015996, 1788383967.072744, 1788383967.156814, 1788383967.2423635, 1788383967.325068, 1788383967.4076834, 1788383967.4920104, 1788383967.5969646, 1788383967.6613548, 1788383967.7414944, 1788383968.2502046, 1788383968.3091743, 1788383968.5229197, 1788383968.56912, 1788383968.9534533, 1788383969.018175, 1788383969.1062117, 1788383969.1945288, 1788383969.279693, 1788383969.3657918, 1788383969.4523487, 1788383969.540273, 1788383969.626919, 1788383969.7146168, 1788383969.7995028, 1788383969.886838, 1788383969.9743402, 1788383970.0592527, 1788383970.3405797, 1788383970.404719, 1788383970.493617, 1788383970.5797222, 1788383970.6668713, 1788383970.754274, 1788383970.8436577, 1788383970.9303176, 1788383971.0159776, 1788383971.102282, 1788383971.1890793, 1788383971.2757204, 1788383971.3624358, 1788383971.4492111, 1788383971.5357175, 1788383971.6244588, 1788383971.709736, 1788383971.793334, 1788383971.8758972, 1788383971.95856, 1788383972.0431192, 1788383972.1269288, 1788383972.209604, 1788383972.2943223, 1788383972.3784301, 1788383972.461123, 1788383972.5449393, 1788383972.6300182, 1788383972.7128024, 1788383972.7978997, 1788383972.881572, 1788383972.9642425, 1788383973.0484147, 1788383973.132259, 1788383973.2566876, 1788383973.2984998, 1788383973.385204, 1788383973.4662123, 1788383973.6921933, 1788383973.7576575, 1788383973.8423202, 1788383973.9274347, 1788383974.0118945, 1788383974.096089, 1788383974.181025, 1788383974.2660587, 1788383974.3782997, 1788383974.4370046, 1788383974.5227172, 1788383974.6048124, 1788383974.8897367, 1788383974.9830477, 1788383975.019799, 1788383975.2297068, 1788383975.7231276, 1788383976.148261, 1788383976.2015762, 1788383976.3001873, 1788383976.394302, 1788383976.4852374, 1788383976.5772417, 1788383976.6691005, 1788383976.7615056, 1788383976.8547046, 1788383976.9450505, 1788383977.0359778, 1788383977.1269827, 1788383977.217014, 1788383977.3075607, 1788383977.3979719, 1788383977.4903204, 1788383977.578976, 1788383977.6661959, 1788383977.7559748, 1788383977.8422067, 1788383977.9304187, 1788383978.018369, 1788383978.1051662, 1788383978.1939595, 1788383978.279836, 1788383978.36687, 1788383978.454284, 1788383978.5463915, 1788383978.6282306, 1788383978.7150657, 1788383978.802175, 1788383978.8894467, 1788383978.9767015, 1788383979.0642545, 1788383979.1506672, 1788383979.2376723, 1788383979.327621, 1788383979.3996654, 1788383979.4744182, 1788383979.5492203, 1788383979.6242387, 1788383979.702017, 1788383979.7784855, 1788383979.8477876, 1788383979.9238765, 1788383979.99531, 1788383980.0705159, 1788383980.1407313, 1788383980.214298, 1788383980.2856076, 1788383980.3588967, 1788383980.4302254, 1788383980.5033271, 1788383980.5761154, 1788383980.6487842, 1788383980.7191818, 1788383980.7899458, 1788383980.8615472, 1788383980.9341815, 1788383980.992494, 1788383981.0621302, 1788383981.1274512, 1788383981.9381237, 1788383982.7830553, 1788383983.661078, 1788383984.5152707, 1788383985.0839732, 1788383985.7255347, 1788383986.3947937, 1788383987.0972912, 1788383987.8372946, 1788383988.608161, 1788383989.4152508, 1788383990.2555778, 1788383991.1320596, 1788383992.0382257, 1788383993.0385199, 1788383993.9097974, 1788383994.872585, 1788383995.6853375, 1788383996.250797, 1788383996.8990538, 1788383997.5840135, 1788383998.299663, 1788383999.0438237, 1788383999.840626, 1788384000.6633432, 1788384001.5313811, 1788384002.3391032, 1788384002.972301, 1788384003.5810955, 1788384004.245009, 1788384004.9849997, 1788384005.673444, 1788384006.4340816, 1788384007.2258444, 1788384008.122069, 1788384008.3978531, 1788384009.2611868, 1788384010.200654, 1788384011.1624641, 1788384011.695168, 1788384011.753441, 1788384011.848934, 1788384011.9368656, 1788384012.026098, 1788384012.1162345, 1788384012.207982]","[1, 4, 2, 1, 4, 1, 4, 1, 2, 2, 6, 6, 1, 1, 3, 5, 2, 1, 5, 6, 4, 4, 3, 6, 6, 6, 3, 5, 5, 6, 1, 1, 6, 4, 3, 1, 6, 6, 6, 6, 6, 6, 5, 1, 4, 5, 6, 6, 6, 6, 5, 6, 6, 6, 6, 6, 6, 6, 4, 2, 1, 5, 5, 6, 6, 3, 6, 6, 6, 6, 6, 6, 3, 3, 6, 6, 2, 6, 6, 6, 6, 6, 6, 6, 6, 6, 3, 6, 6, 3, 6, 6, 1, 6, 6, 6, 3, 3, 2, 4, 1, 6, 6, 4, 2, 6, 6, 6, 6, 6, 5, 4, 1, 4, 2, 6, 6, 6, 5, 1, 4, 6, 6, 6, 6, 6, 6, 6, 2, 6, 6, 3, 2, 6, 5, 3, 2, 5, 1, 2, 2, 6, 6, 6, 6, 6, 6, 6, 6, 6, 6, 1, 1, 6, 6, 5, 4, 3, 1, 2, 6, 4, 3, 2, 3, 1, 2, 4, 6, 6, 5, 6, 6, 5, 6, 5, 1, 3, 4, 1, 2, 2, 6, 6, 6, 6, 6, 2, 6, 6, 1, 4, 5, 5, 2, 6, 4, 6, 6, 5, 6, 2, 2, 3, 4, 1, 6, 6, 6, 6, 6, 6, 1, 6, 5, 3, 6, 3, 6, 2, 6, 6, 6, 6, 6, 6, 6, 2, 3, 3, 6, 6, 6, 6, 2, 2, 1, 3, 6, 6, 6, 5, 6, 6, 6, 6, 6, 2, 6, 6, 6, 6, 6, 2, 1, 4, 3, 6, 6, 2, 4, 4, 6, 4, 6, 6, 6, 6, 6, 5, 6, 6, 6, 1, 2, 3, 2, 6, 2]"
User-035,2,trace_0062,1788384012.7428842,streaming,16749,75,75,255,5,16.348270893096924,27.557447910308838,0.1514753650974583,12.0,0,True,,1788383985.1853755,1788384001.5336463,1788384012.7428234,"[1788384001.5336463, 1788384002.3407993, 1788384002.9746768, 1788384003.583424, 1788384004.2472708, 1788384004.9860795, 1788384005.6757538, 1788384006.4364984, 1788384007.2284565, 1788384008.1247118, 1788384008.4000735, 1788384009.2635367, 1788384010.202931, 1788384011.1665182, 1788384011.6983018, 1788384011.7561612, 1788384011.85175, 1788384011.9396756, 1788384012.028811, 1788384012.118983, 1788384012.2111928, 1788384012.2977045, 1788384012.3850496, 1788384012.4732757, 1788384012.560895, 1788384012.6487157, 1788384012.7391827]","[1, 1, 2, 3, 2, 1, 4, 1, 2, 2, 3, 1, 3, 2, 2, 4, 1, 2, 6, 3, 6, 6, 3, 6, 1, 1, 6]"
User-025,7,trace_0588,1788384012.830647,streaming,30320,125,125,468,1,10.699552774429321,30.487777948379517,0.15958246108024352,7.0,0,True,,1788383982.3427773,1788383993.04233,1788384012.8305552,"[1788383993.04233, 1788383993.9127061, 1788383994.875497, 1788383995.6890848, 1788383996.2542017, 1788383996.902325, 1788383997.587369, 1788383998.3034675, 1788383999.0465572, 1788383999.8436556, 1788384000.6661053, 1788384001.5358312, 1788384002.3433685, 1788384002.9767592, 1788384003.5856016, 1788384004.2493987, 1788384004.9871938, 1788384005.6779222, 1788384006.4386537, 1788384007.230697, 1788384008.1276762, 1788384008.40357, 1788384009.2667203, 1788384010.2061567, 1788384011.1698158, 1788384011.7014322, 1788384011.7592537, 1788384011.8553329, 1788384011.9423444, 1788384012.0315988, 1788384012.1216946, 1788384012.213774, 1788384012.300228, 1788384012.3877296, 1788384012.4760091, 1788384012.5637035, 1788384012.6514432, 1788384012.7424822, 1788384012.8299348]","[1, 4, 2, 6, 3, 4, 1, 1, 2, 2, 1, 6, 2, 3, 3, 1, 4, 6, 6, 1, 3, 1, 4, 4, 2, 5, 4, 6, 1, 2, 6, 1, 1, 6, 6, 2, 4, 6, 2]"
User-008,4,trace_0707,1788384012.9997036,streaming,21394,401,401,325,8,0.5172736644744873,38.626150131225586,0.09527219116687774,17.0,0,True,,1788383974.373479,1788383974.8907526,1788384012.999629,"[1788383974.8907526, 1788383974.9839447, 1788383975.0214894, 1788383975.2325478, 1788383975.72625, 1788383976.152679, 1788383976.2045305, 1788383976.3041856, 1788383976.398356, 1788383976.4892185, 1788383976.5811267, 1788383976.6729949, 1788383976.7655365, 1788383976.8585935, 1788383976.9521194, 1788383977.0398672, 1788383977.1308823, 1788383977.2210264, 1788383977.3114228, 1788383977.401748, 1788383977.4947891, 1788383977.582364, 1788383977.6696215, 1788383977.759266, 1788383977.845567, 1788383977.9338536, 1788383978.0218368, 1788383978.1086147, 1788383978.1976979, 1788383978.2826958, 1788383978.3697042, 1788383978.457221, 1788383978.5494025, 1788383978.6314774, 1788383978.7179563, 1788383978.8050482, 1788383978.8923557, 1788383978.979498, 1788383979.0671504, 1788383979.1534796, 1788383979.2405248, 1788383979.3304665, 1788383979.4025002, 1788383979.4772727, 1788383979.5520747, 1788383979.6270807, 1788383979.704977, 1788383979.7814083, 1788383979.8510363, 1788383979.9272323, 1788383979.9976916, 1788383980.0733325, 1788383980.1425536, 1788383980.2161818, 1788383980.287454, 1788383980.3606927, 1788383980.4321413, 1788383980.505103, 1788383980.5778856, 1788383980.6499622, 1788383980.7203918, 1788383980.7911491, 1788383980.862834, 1788383980.9348896, 1788383980.9937603, 1788383981.0633261, 1788383981.1285782, 1788383981.9395273, 1788383982.784446, 1788383983.662418, 1788383984.5175707, 1788383985.085932, 1788383985.7275949, 1788383986.3968186, 1788383987.0995145, 1788383987.839155, 1788383988.6102335, 1788383989.4170702, 1788383990.2574928, 1788383991.1338716, 1788383992.040139, 1788383993.0401063, 1788383993.9110644, 1788383994.8738391, 1788383995.686605, 1788383996.252023, 1788383996.9002435, 1788383997.585166, 1788383998.3008423, 1788383999.044974, 1788383999.841999, 1788384000.664544, 1788384001.5341566, 1788384002.3413208, 1788384002.975216, 1788384003.5839689, 1788384004.2477837, 1788384004.9863424, 1788384005.6763062, 1788384006.4370012, 1788384007.228995, 1788384008.125245, 1788384008.4005804, 1788384009.2640533, 1788384010.2034676, 1788384011.1670601, 1788384011.6988323, 1788384011.7566879, 1788384011.852266, 1788384011.940203, 1788384012.0293612, 1788384012.1195211, 1788384012.211731, 1788384012.2982476, 1788384012.3855584, 1788384012.4738278, 1788384012.5615335, 1788384012.649224, 1788384012.7400103, 1788384012.8277056, 1788384012.909749, 1788384012.9973161]","[1, 3, 1, 6, 5, 1, 2, 6, 2, 1, 2, 1, 4, 2, 6, 6, 1, 6, 6, 1, 1, 6, 6, 6, 2, 4, 2, 1, 2, 2, 6, 3, 2, 1, 6, 4, 3, 3, 4, 1, 1, 3, 2, 6, 5, 3, 6, 4, 1, 2, 6, 2, 6, 6, 6, 4, 4, 3, 1, 2, 3, 6, 2, 3, 5, 2, 5, 2, 6, 6, 3, 5, 5, 1, 6, 2, 3, 1, 2, 4, 6, 6, 2, 1, 1, 6, 6, 6, 6, 2, 5, 1, 2, 3, 6, 3, 4, 3, 2, 2, 1, 4, 1, 1, 2, 1, 4, 1, 6, 4, 4, 1, 1, 1, 6, 3, 1, 2, 1, 6, 3, 1]"
User-034,2,trace_0164,1788384017.0821278,streaming,18769,162,162,281,11,3.420560598373413,12.101223945617676,0.05391716364747989,14.0,0,True,,1788384004.9808254,1788384008.401386,1788384017.0820494,"[1788384008.401386, 1788384009.2645607, 1788384010.2039986, 1788384011.1675754, 1788384011.6993492, 1788384011.757186, 1788384011.852878, 1788384011.940796, 1788384012.0299504, 1788384012.1200871, 1788384012.2122424, 1788384012.2988112, 1788384012.3861015, 1788384012.4743602, 1788384012.5620441, 1788384012.6498065, 1788384012.74072, 1788384012.8282506, 1788384012.9102807, 1788384012.9980829, 1788384013.0770545, 1788384013.1602511, 1788384013.2421405, 1788384013.3818312, 1788384013.4074354, 1788384013.4942675, 1788384013.573693, 1788384014.5077355, 1788384015.422896, 1788384015.468662, 1788384015.5544257, 1788384015.6389217, 1788384015.7240365, 1788384015.8090248, 1788384015.8926077, 1788384015.977089, 1788384016.0618823, 1788384016.1466267, 1788384016.2317145, 1788384016.3155315, 1788384016.3999124, 1788384016.484273, 1788384016.5687218, 1788384016.6542578, 1788384016.7378383, 1788384016.8225133, 1788384016.907132, 1788384016.9921412, 1788384017.0797753]","[1, 1, 2, 5, 2, 3, 3, 1, 6, 2, 2, 1, 2, 2, 1, 6, 6, 6, 6, 6, 6, 3, 1, 3, 5, 6, 2, 4, 1, 6, 2, 4, 5, 4, 4, 3, 3, 2, 2, 2, 3, 1, 1, 5, 3, 6, 2, 3, 6]"
User-027,3,trace_0632,1788384026.2796428,streaming,30454,311,311,377,98,12.232158184051514,42.827109575271606,0.09869339158458094,14.0,0,True,,1788383983.452411,1788383995.6845691,1788384026.2795205,"[1788383995.6845691, 1788383996.2501059, 1788383996.8984284, 1788383997.583385, 1788383998.2989979, 1788383999.0431817, 1788383999.8397925, 1788384000.6626375, 1788384001.530519, 1788384002.3384292, 1788384002.9716322, 1788384003.5804203, 1788384004.2443895, 1788384004.984605, 1788384005.6727002, 1788384006.4334455, 1788384007.225133, 1788384008.1211808, 1788384008.397176, 1788384009.2604764, 1788384010.200039, 1788384011.1618214, 1788384011.6942275, 1788384011.7528367, 1788384011.8483012, 1788384011.9362273, 1788384012.0254858, 1788384012.1155992, 1788384012.2072816, 1788384012.2948189, 1788384012.382109, 1788384012.4704213, 1788384012.5580492, 1788384012.6462224, 1788384012.736045, 1788384012.8248184, 1788384012.9066687, 1788384012.9943404, 1788384013.074131, 1788384013.1573215, 1788384013.239107, 1788384013.380226, 1788384013.404513, 1788384013.4914126, 1788384013.5709193, 1788384014.5044448, 1788384015.4197333, 1788384015.4659574, 1788384015.5511584, 1788384015.636062, 1788384015.7211325, 1788384015.806102, 1788384015.8894405, 1788384015.9742403, 1788384016.0590448, 1788384016.1436913, 1788384016.2287736, 1788384016.3123198, 1788384016.3970728, 1788384016.4814131, 1788384016.5664358, 1788384016.6513903, 1788384016.7348046, 1788384016.8196201, 1788384016.9042451, 1788384016.9892628, 1788384017.0767972, 1788384017.1576078, 1788384017.240612, 1788384017.3238213, 1788384017.432419, 1788384017.4939382, 1788384017.573107, 1788384018.1777642, 1788384018.8381114, 1788384019.4847403, 1788384020.181722, 1788384020.9118538, 1788384021.6716313, 1788384022.5570018, 1788384023.3229902, 1788384024.18952, 1788384025.0938673, 1788384025.756343, 1788384025.8038533, 1788384025.8974228, 1788384025.991377, 1788384026.0858092, 1788384026.1789749, 1788384026.2757597]","[1, 3, 1, 2, 5, 3, 3, 6, 2, 3, 3, 6, 1, 2, 5, 6, 6, 6, 6, 2, 1, 6, 6, 3, 2, 2, 2, 6, 3, 4, 3, 2, 6, 2, 6, 3, 1, 6, 6, 6, 2, 1, 6, 1, 1, 1, 6, 3, 6, 1, 2, 1, 3, 6, 4, 6, 6, 1, 6, 6, 6, 1, 1, 2, 1, 2, 6, 5, 6, 6, 3, 1, 1, 6, 1, 6, 1, 1, 6, 6, 3, 1, 4, 3, 1, 2, 5, 3, 3, 1]"
User-025,8,trace_0588,1788384028.9147594,streaming,30510,70,70,469,3,3.5974013805389404,9.953792095184326,0.09212160456007805,10.0,0,True,,1788384018.9608839,1788384022.5582852,1788384028.914676,"[1788384022.5582852, 1788384023.323627, 1788384024.190128, 1788384025.0945058, 1788384025.758131, 1788384025.8051696, 1788384025.898668, 1788384025.992554, 1788384026.0870984, 1788384026.1802077, 1788384026.2774286, 1788384026.362526, 1788384026.4517214, 1788384026.5413463, 1788384026.6303864, 1788384026.720583, 1788384026.8291805, 1788384026.903424, 1788384026.9919674, 1788384027.5972257, 1788384028.233505, 1788384028.9088454]","[1, 5, 2, 1, 5, 1, 2, 4, 2, 1, 5, 3, 1, 4, 6, 4, 2, 5, 1, 5, 6, 4]"
User-036,2,trace_0615,1788384028.9151611,streaming,24726,343,343,376,9,20.100427627563477,40.88892364501953,0.06078507607443291,11.0,0,True,,1788383988.026184,1788384008.1266117,1788384028.9151077,"[1788384008.1266117, 1788384008.4024618, 1788384009.265596, 1788384010.2050922, 1788384011.168737, 1788384011.700369, 1788384011.7581816, 1788384011.85393, 1788384011.941822, 1788384012.0310283, 1788384012.1211684, 1788384012.2132626, 1788384012.2998214, 1788384012.3872159, 1788384012.4754775, 1788384012.563159, 1788384012.6508954, 1788384012.7419488, 1788384012.8293972, 1788384012.9114308, 1788384012.9993055, 1788384013.0781138, 1788384013.1612852, 1788384013.2432036, 1788384013.3823757, 1788384013.4085596, 1788384013.4954531, 1788384013.5748024, 1788384014.5087903, 1788384015.424519, 1788384015.4702373, 1788384015.5560462, 1788384015.6405163, 1788384015.7256951, 1788384015.8106487, 1788384015.8942845, 1788384015.9787045, 1788384016.0635252, 1788384016.1482625, 1788384016.2332528, 1788384016.3170965, 1788384016.401521, 1788384016.4858177, 1788384016.5699306, 1788384016.6559381, 1788384016.7394233, 1788384016.824183, 1788384016.908737, 1788384016.9937253, 1788384017.081663, 1788384017.160834, 1788384017.2445965, 1788384017.3278325, 1788384017.4343383, 1788384017.4979844, 1788384017.5769453, 1788384018.1817873, 1788384018.8401425, 1788384019.4891036, 1788384020.186441, 1788384020.9159172, 1788384021.6755538, 1788384022.5637507, 1788384023.3286116, 1788384024.1950805, 1788384025.099425, 1788384025.763734, 1788384025.81055, 1788384025.9040833, 1788384025.997981, 1788384026.0925167, 1788384026.1872602, 1788384026.2832258, 1788384026.3679898, 1788384026.4571743, 1788384026.5468795, 1788384026.6359165, 1788384026.725998, 1788384026.8316946, 1788384026.9088707, 1788384026.9973264, 1788384027.6027246, 1788384028.2390254, 1788384028.9142387]","[1, 6, 5, 2, 4, 4, 6, 6, 2, 6, 2, 1, 4, 1, 4, 6, 6, 6, 2, 6, 6, 3, 3, 2, 1, 6, 5, 6, 6, 6, 4, 4, 4, 6, 5, 2, 6, 4, 6, 5, 4, 4, 4, 4, 3, 2, 6, 2, 6, 1, 2, 6, 6, 6, 6, 1, 3, 2, 4, 1, 2, 6, 4, 5, 6, 2, 5, 1, 6, 6, 3, 3, 3, 3, 6, 4, 5, 6, 5, 6, 2, 4, 3, 4]"
User-038,2,trace_0661,1788384028.9149303,streaming,29420,263,263,328,131,4.290323734283447,21.50896716117859,0.06572001307975245,14.0,0,True,,1788384007.4058924,1788384011.696216,1788384028.9148595,"[1788384011.696216, 1788384011.7539556, 1788384011.84959, 1788384011.9375107, 1788384012.0267234, 1788384012.1168766, 1788384012.2088141, 1788384012.295466, 1788384012.382766, 1788384012.4710743, 1788384012.5586827, 1788384012.6466997, 1788384012.736692, 1788384012.8254392, 1788384012.9073284, 1788384012.9950275, 1788384013.0747945, 1788384013.1579545, 1788384013.239726, 1788384013.3806634, 1788384013.405205, 1788384013.4920835, 1788384013.571578, 1788384014.505067, 1788384015.4205754, 1788384015.4665477, 1788384015.5521393, 1788384015.6366758, 1788384015.7217736, 1788384015.8067079, 1788384015.8900516, 1788384015.9748902, 1788384016.0596633, 1788384016.1443448, 1788384016.229434, 1788384016.3129282, 1788384016.3976936, 1788384016.482066, 1788384016.5670037, 1788384016.6520047, 1788384016.7355714, 1788384016.8202417, 1788384016.904862, 1788384016.9898767, 1788384017.0774102, 1788384017.1581118, 1788384017.2412283, 1788384017.3244383, 1788384017.4328082, 1788384017.4946053, 1788384017.5737534, 1788384018.1784189, 1788384018.8384843, 1788384019.485595, 1788384020.1827261, 1788384020.91248, 1788384021.6723042, 1788384022.5588949, 1788384023.3243046, 1788384024.190797, 1788384025.095162, 1788384025.7595713, 1788384025.8062248, 1788384025.8997624, 1788384025.9937449, 1788384026.0882018, 1788384026.1812441, 1788384026.278506, 1788384026.363728, 1788384026.4528868, 1788384026.5425155, 1788384026.6316304, 1788384026.721759, 1788384026.829698, 1788384026.9046068, 1788384026.993011, 1788384027.5983844, 1788384028.2346792, 1788384028.9102905]","[1, 6, 6, 1, 1, 1, 1, 2, 2, 2, 1, 2, 4, 2, 2, 6, 4, 1, 3, 3, 1, 1, 2, 2, 6, 2, 2, 6, 5, 6, 6, 1, 4, 6, 4, 2, 1, 1, 6, 3, 3, 5, 1, 1, 2, 1, 2, 6, 6, 5, 3, 6, 6, 6, 2, 3, 2, 3, 1, 6, 2, 1, 2, 6, 2, 6, 6, 6, 5, 4, 3, 3, 6, 3, 2, 6, 6, 3, 3]"
User-041,0,trace_0570,1788384033.282269,streaming,18596,326,326,0,290,22.231433391571045,47.38939547538757,0.07740911410405085,0.0,0,True,,1788383985.892769,1788384008.1242025,1788384033.2821646,"[1788384008.1242025, 1788384008.3995824, 1788384009.2629304, 1788384010.202374, 1788384011.1659951, 1788384011.697799, 1788384011.7556787, 1788384011.8512194, 1788384011.9391456, 1788384012.0283012, 1788384012.1184375, 1788384012.2106304, 1788384012.2971861, 1788384012.3845367, 1788384012.47276, 1788384012.5603838, 1788384012.6481981, 1788384012.7385957, 1788384012.8271737, 1788384012.9092, 1788384012.996783, 1788384013.0765476, 1788384013.1597338, 1788384013.241626, 1788384013.381526, 1788384013.4068265, 1788384013.4937088, 1788384013.5731676, 1788384014.5072176, 1788384015.422345, 1788384015.4681606, 1788384015.55391, 1788384015.63838, 1788384015.723487, 1788384015.808483, 1788384015.8919258, 1788384015.9765506, 1788384016.0613558, 1788384016.1460755, 1788384016.2311783, 1788384016.3148348, 1788384016.3994012, 1788384016.483774, 1788384016.568337, 1788384016.6537273, 1788384016.7373283, 1788384016.8219962, 1788384016.9065943, 1788384016.991647, 1788384017.0792115, 1788384017.159684, 1788384017.243003, 1788384017.3262274, 1788384017.4335926, 1788384017.4962714, 1788384017.575365, 1788384018.1801507, 1788384018.8393729, 1788384019.487426, 1788384020.1846435, 1788384020.9142141, 1788384021.6739914, 1788384022.5605295, 1788384023.3259203, 1788384024.1924036, 1788384025.0967484, 1788384025.7611516, 1788384025.8078513, 1788384025.9014018, 1788384025.9953265, 1788384026.089805, 1788384026.1843402, 1788384026.2806342, 1788384026.3653228, 1788384026.4544854, 1788384026.5441673, 1788384026.6331859, 1788384026.723371, 1788384026.8304722, 1788384026.9061935, 1788384026.9946942, 1788384027.600024, 1788384028.2362914, 1788384028.9122462, 1788384029.6054788, 1788384030.3459365, 1788384030.413734, 1788384030.4987493, 1788384030.583777, 1788384030.6681094, 1788384031.2721593, 1788384031.9076295, 1788384032.5750308, 1788384033.2786906]","[1, 1, 1, 4, 4, 6, 1, 3, 5, 3, 4, 2, 3, 1, 4, 2, 3, 1, 3, 5, 1, 1, 2, 6, 4, 2, 2, 4, 1, 2, 2, 3, 1, 4, 6, 4, 6, 6, 6, 6, 6, 4, 2, 3, 3, 2, 2, 2, 1, 4, 1, 1, 6, 4, 6, 6, 6, 1, 1, 4, 4, 2, 3, 5, 6, 6, 5, 2, 5, 6, 6, 6, 4, 2, 1, 6, 6, 4, 3, 5, 6, 5, 6, 2, 2, 2, 5, 6, 3, 1, 2, 2, 4, 2]"
User-035,3,trace_0062,1788384038.1684902,streaming,17343,149,149,260,9,3.7269906997680664,19.334052801132202,0.10545312230651444,8.0,0,True,,1788384018.834367,1788384022.5613577,1788384038.1684198,"[1788384022.5613577, 1788384023.326456, 1788384024.1929243, 1788384025.0973043, 1788384025.761674, 1788384025.808374, 1788384025.9019282, 1788384025.9958577, 1788384026.090333, 1788384026.1850696, 1788384026.2811522, 1788384026.3658361, 1788384026.455096, 1788384026.544725, 1788384026.6337292, 1788384026.7238886, 1788384026.8307056, 1788384026.906752, 1788384026.9952536, 1788384027.6005356, 1788384028.2368224, 1788384028.9126394, 1788384029.6060102, 1788384030.3464348, 1788384030.4142506, 1788384030.4993107, 1788384030.5842922, 1788384030.6686254, 1788384031.2726882, 1788384031.9081652, 1788384032.5756676, 1788384033.279504, 1788384034.0062246, 1788384034.7834473, 1788384035.6000845, 1788384036.4419928, 1788384037.1016564, 1788384038.0060415, 1788384038.0673633, 1788384038.1643643]","[1, 5, 1, 1, 1, 6, 1, 2, 6, 4, 3, 5, 1, 2, 6, 2, 3, 4, 1, 1, 3, 5, 5, 6, 6, 5, 5, 6, 4, 6, 6, 3, 4, 3, 6, 2, 3, 6, 3, 6]"
User-033,1,trace_0538,1788384038.2613819,streaming,12037,99,99,145,14,3.523458480834961,11.436497449874878,0.08074529560244813,2576.0,0,True,,1788384026.8248315,1788384030.34829,1788384038.261329,"[1788384030.34829, 1788384030.4158485, 1788384030.5012414, 1788384030.5858667, 1788384030.6702125, 1788384031.2742798, 1788384031.909795, 1788384032.5773501, 1788384033.2811549, 1788384034.0078473, 1788384034.7850568, 1788384035.6018372, 1788384036.4460974, 1788384037.1034763, 1788384038.009076, 1788384038.0695045, 1788384038.166993, 1788384038.259632]","[1, 2, 6, 6, 6, 6, 6, 6, 6, 6, 6, 6, 6, 6, 6, 6, 6, 6]"
User-039,0,trace_0220,1788384038.4424496,streaming,27311,360,360,0,426,11.189308643341064,56.59014058113098,0.12646471291863487,0.0,0,True,,1788383981.8522105,1788383993.0415192,1788384038.442351,"[1788383993.0415192, 1788383993.9121895, 1788383994.8749347, 1788383995.6877396, 1788383996.2531428, 1788383996.9012966, 1788383997.586257, 1788383998.3022408, 1788383999.045501, 1788383999.8425744, 1788384000.6650543, 1788384001.534698, 1788384002.3418756, 1788384002.9757502, 1788384003.5844922, 1788384004.248321, 1788384004.9866354, 1788384005.6768346, 1788384006.4375398, 1788384007.229658, 1788384008.1257935, 1788384008.4018872, 1788384009.2650793, 1788384010.2045922, 1788384011.1682155, 1788384011.699864, 1788384011.7576876, 1788384011.853408, 1788384011.9413228, 1788384012.0304947, 1788384012.120621, 1788384012.2127545, 1788384012.299389, 1788384012.3866785, 1788384012.4749503, 1788384012.5626135, 1788384012.6503646, 1788384012.7414174, 1788384012.8288164, 1788384012.9108677, 1788384012.9986284, 1788384013.0775957, 1788384013.1607647, 1788384013.242655, 1788384013.382104, 1788384013.4080007, 1788384013.494855, 1788384013.5742147, 1788384014.508272, 1788384015.4234107, 1788384015.469173, 1788384015.5549483, 1788384015.6394546, 1788384015.7245922, 1788384015.8095524, 1788384015.8931546, 1788384015.9776237, 1788384016.062429, 1788384016.1471841, 1788384016.2322302, 1788384016.3160424, 1788384016.4004464, 1788384016.48477, 1788384016.5691116, 1788384016.654821, 1788384016.7383575, 1788384016.8230789, 1788384016.9076781, 1788384016.9926584, 1788384017.080603, 1788384017.1600642, 1788384017.2435305, 1788384017.3267782, 1788384017.4338536, 1788384017.496859, 1788384017.5758927, 1788384018.180689, 1788384018.8396251, 1788384019.488016, 1788384020.185184, 1788384020.9147785, 1788384021.6744976, 1788384022.5626936, 1788384023.327575, 1788384024.19401, 1788384025.0983772, 1788384025.7626843, 1788384025.8095124, 1788384025.903039, 1788384025.9968948, 1788384026.0914686, 1788384026.1861603, 1788384026.2822, 1788384026.3669648, 1788384026.4561365, 1788384026.5458338, 1788384026.6348321, 1788384026.724976, 1788384026.8311887, 1788384026.9078145, 1788384026.9963028, 1788384027.601631, 1788384028.2379231, 1788384028.913429, 1788384029.607099, 1788384030.3474715, 1788384030.4153178, 1788384030.5004866, 1788384030.585362, 1788384030.669701, 1788384031.2737622, 1788384031.9092507, 1788384032.5768023, 1788384033.2805936, 1788384034.007314, 1788384034.7844932, 1788384035.601322, 1788384036.4454083, 1788384037.1029327, 1788384038.0084605, 1788384038.068952, 1788384038.1664524, 1788384038.2590442, 1788384038.3499904, 1788384038.4404454]","[1, 1, 2, 3, 1, 2, 4, 2, 3, 2, 1, 6, 3, 2, 4, 1, 3, 3, 6, 3, 2, 6, 3, 1, 1, 3, 3, 2, 1, 2, 4, 2, 2, 1, 6, 3, 1, 3, 5, 4, 3, 2, 2, 2, 6, 6, 5, 3, 1, 4, 5, 5, 2, 1, 6, 4, 2, 1, 4, 6, 2, 1, 2, 3, 5, 2, 4, 4, 4, 1, 2, 5, 1, 1, 2, 3, 1, 1, 6, 5, 6, 2, 1, 4, 2, 1, 1, 1, 3, 2, 1, 2, 2, 2, 1, 1, 6, 3, 2, 2, 6, 4, 5, 6, 6, 4, 1, 6, 1, 3, 2, 1, 6, 5, 3, 6, 1, 2, 4, 1, 1, 3, 2, 1, 2]"
User-007,9,trace_0398,1788384039.0493584,streaming,29581,257,257,389,71,2.049895763397217,25.67502450942993,0.09228565916419029,10.0,0,True,,1788384013.374219,1788384015.4241147,1788384039.0492435,"[1788384015.4241147, 1788384015.469708, 1788384015.5555158, 1788384015.6399696, 1788384015.7250996, 1788384015.8101065, 1788384015.8936942, 1788384015.9781425, 1788384016.062956, 1788384016.147716, 1788384016.2327485, 1788384016.3165598, 1788384016.4009602, 1788384016.4852793, 1788384016.5695124, 1788384016.6553702, 1788384016.7388856, 1788384016.8236244, 1788384016.9082124, 1788384016.9932, 1788384017.0811253, 1788384017.1604428, 1788384017.2440772, 1788384017.3272893, 1788384017.4340954, 1788384017.497461, 1788384017.576436, 1788384018.1812155, 1788384018.839885, 1788384019.4885657, 1788384020.18588, 1788384020.9153562, 1788384021.675044, 1788384022.5632184, 1788384023.328097, 1788384024.1945238, 1788384025.0988944, 1788384025.763202, 1788384025.8100293, 1788384025.903567, 1788384025.9974508, 1788384026.0919774, 1788384026.1867023, 1788384026.2827108, 1788384026.3674736, 1788384026.4566517, 1788384026.546344, 1788384026.6353612, 1788384026.7254953, 1788384026.831423, 1788384026.9083295, 1788384026.9968061, 1788384027.6021771, 1788384028.2384586, 1788384028.9138343, 1788384029.6076636, 1788384030.3487735, 1788384030.416397, 1788384030.50183, 1788384030.586424, 1788384030.6707842, 1788384031.2748656, 1788384031.9103522, 1788384032.5779183, 1788384033.281827, 1788384034.0084476, 1788384034.785652, 1788384035.602403, 1788384036.4467978, 1788384037.1040118, 1788384038.0097318, 1788384038.0700977, 1788384038.1675463, 1788384038.260424, 1788384038.3507721, 1788384038.4414337, 1788384038.5272763, 1788384038.613319, 1788384038.699423, 1788384038.785816, 1788384038.8725772, 1788384038.9582229, 1788384039.0477917]","[1, 6, 1, 1, 3, 4, 5, 1, 2, 5, 1, 3, 3, 2, 3, 6, 4, 6, 4, 6, 4, 1, 2, 1, 1, 1, 1, 6, 3, 4, 3, 3, 1, 3, 1, 2, 2, 6, 2, 6, 4, 6, 3, 1, 1, 1, 4, 5, 1, 4, 6, 3, 4, 6, 1, 3, 2, 1, 3, 2, 2, 5, 2, 4, 3, 6, 3, 1, 4, 1, 1, 2, 6, 3, 4, 2, 6, 3, 6, 6, 3, 2, 1]"
User-025,9,trace_0588,1788384039.9081054,streaming,30636,72,72,472,1,5.104107618331909,7.90727162361145,0.03948118317295128,5.0,0,True,,1788384032.000747,1788384037.1048546,1788384039.9080186,"[1788384037.1048546, 1788384038.0102665, 1788384038.0706406, 1788384038.1680758, 1788384038.2609572, 1788384038.35138, 1788384038.4420016, 1788384038.5278428, 1788384038.613839, 1788384038.69999, 1788384038.7863686, 1788384038.8731215, 1788384038.9613545, 1788384039.0486326, 1788384039.1313505, 1788384039.2177587, 1788384039.3037934, 1788384039.3892465, 1788384039.47534, 1788384039.5618064, 1788384039.647574, 1788384039.733639, 1788384039.8188143, 1788384039.9073236]","[1, 1, 6, 4, 2, 3, 4, 1, 6, 1, 5, 2, 6, 3, 1, 3, 1, 5, 5, 2, 1, 1, 4, 4]"
User-037,3,trace_0489,1788384041.2509563,streaming,25306,212,212,252,142,5.800198793411255,21.29359769821167,0.07342843082843799,12.0,0,True,,1788384019.957252,1788384025.7574508,1788384041.2508497,"[1788384025.7574508, 1788384025.8044631, 1788384025.8980298, 1788384025.9920142, 1788384026.0864255, 1788384026.179594, 1788384026.2768753, 1788384026.3619308, 1788384026.451106, 1788384026.5407317, 1788384026.629777, 1788384026.7199798, 1788384026.8288302, 1788384026.9028203, 1788384026.991293, 1788384027.596619, 1788384028.232912, 1788384028.9080443, 1788384029.603128, 1788384030.3437183, 1788384030.4114032, 1788384030.495891, 1788384030.5814219, 1788384030.6657903, 1788384031.269777, 1788384031.905256, 1788384032.572441, 1788384033.276254, 1788384034.0019596, 1788384034.7810328, 1788384035.5971565, 1788384036.4393938, 1788384037.0973632, 1788384038.002519, 1788384038.0636625, 1788384038.1605976, 1788384038.2542017, 1788384038.3440807, 1788384038.4356172, 1788384038.522775, 1788384038.6086001, 1788384038.694903, 1788384038.7814367, 1788384038.868047, 1788384038.9537032, 1788384039.0431254, 1788384039.1269047, 1788384039.2131734, 1788384039.2992797, 1788384039.3845015, 1788384039.4707108, 1788384039.5572436, 1788384039.6430457, 1788384039.7291603, 1788384039.8141654, 1788384039.9026887, 1788384039.9864042, 1788384040.0703044, 1788384040.15424, 1788384040.237711, 1788384040.3212337, 1788384040.405481, 1788384040.4899707, 1788384040.5723894, 1788384040.6568148, 1788384040.7405572, 1788384040.8247814, 1788384040.907605, 1788384040.991621, 1788384041.0753794, 1788384041.1600091, 1788384041.245613]","[1, 1, 6, 2, 2, 2, 2, 1, 2, 6, 5, 3, 4, 3, 6, 2, 1, 6, 2, 1, 2, 3, 2, 1, 2, 1, 6, 3, 2, 6, 6, 6, 6, 3, 4, 1, 1, 3, 1, 6, 1, 4, 1, 3, 4, 3, 4, 3, 1, 1, 2, 6, 3, 3, 2, 2, 5, 1, 2, 4, 1, 3, 4, 1, 3, 4, 3, 1, 4, 2, 4, 4]"
User-030,3,trace_0082,1788384041.5820525,streaming,20946,501,501,274,52,17.381622791290283,55.98983192443848,0.07721641826629638,14.0,0,True,,1788383985.592056,1788384002.9736788,1788384041.581888,"[1788384002.9736788, 1788384003.5823214, 1788384004.2461853, 1788384004.9855638, 1788384005.6745822, 1788384006.4354036, 1788384007.2273703, 1788384008.122797, 1788384008.3985217, 1788384009.261782, 1788384010.2012877, 1788384011.1648538, 1788384011.6967418, 1788384011.75451, 1788384011.8501518, 1788384011.9380488, 1788384012.0272799, 1788384012.117394, 1788384012.209536, 1788384012.2961252, 1788384012.3834176, 1788384012.4717152, 1788384012.5593486, 1788384012.6472058, 1788384012.7375073, 1788384012.8260744, 1788384012.907972, 1788384012.995695, 1788384013.0753746, 1788384013.158528, 1788384013.2402813, 1788384013.3809733, 1788384013.4057367, 1788384013.49261, 1788384013.572114, 1788384014.5058873, 1788384015.4212704, 1788384015.46709, 1788384015.5528588, 1788384015.6373396, 1788384015.7224267, 1788384015.8073967, 1788384015.8908744, 1788384015.975519, 1788384016.0603065, 1788384016.1449976, 1788384016.2300825, 1788384016.31376, 1788384016.3983078, 1788384016.482687, 1788384016.5674653, 1788384016.6526792, 1788384016.736134, 1788384016.8208225, 1788384016.9053988, 1788384016.9904256, 1788384017.0779772, 1788384017.158773, 1788384017.2417803, 1788384017.3250382, 1788384017.433068, 1788384017.4952042, 1788384017.57427, 1788384018.1790962, 1788384018.8388126, 1788384019.4862134, 1788384020.183535, 1788384020.9131265, 1788384021.6729224, 1788384022.559469, 1788384023.324833, 1788384024.1913483, 1788384025.0956864, 1788384025.760097, 1788384025.806768, 1788384025.9003277, 1788384025.9942515, 1788384026.0887506, 1788384026.1817844, 1788384026.2790854, 1788384026.3642743, 1788384026.4534326, 1788384026.5430832, 1788384026.6321695, 1788384026.722314, 1788384026.829954, 1788384026.905125, 1788384026.993641, 1788384027.5989525, 1788384028.2352455, 1788384028.9111214, 1788384029.604379, 1788384030.3448293, 1788384030.4126499, 1788384030.4974167, 1788384030.582606, 1788384030.6669326, 1788384031.2709944, 1788384031.9065075, 1788384032.5738707, 1788384033.2775214, 1788384034.005097, 1788384034.7822945, 1788384035.5989113, 1788384036.4408803, 1788384037.1005018, 1788384038.004957, 1788384038.0662606, 1788384038.1632805, 1788384038.2569127, 1788384038.347593, 1788384038.438184, 1788384038.5251281, 1788384038.611156, 1788384038.6972601, 1788384038.7837806, 1788384038.8703942, 1788384038.956038, 1788384039.0455737, 1788384039.1292632, 1788384039.2155957, 1788384039.3016622, 1788384039.3870358, 1788384039.4731834, 1788384039.5596662, 1788384039.6454542, 1788384039.7315414, 1788384039.8167138, 1788384039.9051487, 1788384039.9888656, 1788384040.072719, 1788384040.1566606, 1788384040.240168, 1788384040.3236835, 1788384040.4078968, 1788384040.4923823, 1788384040.5793316, 1788384040.6596835, 1788384040.743551, 1788384040.8274581, 1788384040.9103005, 1788384040.994191, 1788384041.0781622, 1788384041.1626747, 1788384041.2487073, 1788384041.3285775, 1788384041.412588, 1788384041.495149, 1788384041.5796132]","[1, 6, 2, 2, 1, 3, 3, 4, 2, 2, 4, 6, 2, 4, 3, 3, 2, 2, 6, 6, 6, 1, 1, 1, 5, 4, 2, 6, 2, 6, 2, 3, 6, 4, 2, 5, 5, 1, 3, 1, 1, 5, 4, 1, 6, 6, 5, 1, 6, 2, 6, 1, 6, 3, 5, 3, 5, 4, 3, 6, 2, 5, 5, 6, 5, 6, 3, 5, 3, 3, 6, 1, 2, 2, 1, 6, 3, 2, 3, 5, 2, 4, 2, 1, 2, 2, 3, 1, 5, 2, 3, 2, 2, 3, 3, 6, 3, 6, 3, 1, 6, 1, 4, 5, 6, 1, 3, 1, 5, 3, 3, 5, 3, 4, 2, 2, 2, 2, 2, 3, 5, 6, 6, 4, 6, 3, 1, 3, 1, 2, 1, 6, 2, 2, 6, 6, 4, 5, 1, 2, 2, 6, 6, 2, 4, 1, 3, 1, 2]"
User-036,3,trace_0615,1788384041.6654587,streaming,25138,133,133,385,6,5.0367913246154785,9.602219581604004,0.034586577704458527,11.0,0,True,,1788384032.0631728,1788384037.0999641,1788384041.6653924,"[1788384037.0999641, 1788384038.0044549, 1788384038.0657141, 1788384038.1626875, 1788384038.2563503, 1788384038.3469021, 1788384038.4375873, 1788384038.5245867, 1788384038.6104038, 1788384038.6967387, 1788384038.7832518, 1788384038.869891, 1788384038.9555285, 1788384039.045036, 1788384039.1287372, 1788384039.2150664, 1788384039.3011346, 1788384039.3863165, 1788384039.4726279, 1788384039.5590978, 1788384039.6449323, 1788384039.7310076, 1788384039.8160248, 1788384039.904595, 1788384039.9883254, 1788384040.0721707, 1788384040.1561258, 1788384040.2396142, 1788384040.3230934, 1788384040.4073582, 1788384040.4918523, 1788384040.5741742, 1788384040.6590316, 1788384040.7429416, 1788384040.8269293, 1788384040.909567, 1788384040.9933438, 1788384041.077609, 1788384041.162128, 1788384041.2481883, 1788384041.3278835, 1788384041.411615, 1788384041.4944735, 1788384041.578925, 1788384041.6630528]","[1, 1, 3, 6, 4, 1, 1, 6, 6, 3, 3, 1, 1, 2, 2, 1, 1, 1, 1, 5, 1, 3, 3, 6, 5, 5, 2, 1, 6, 1, 2, 6, 6, 6, 2, 1, 6, 6, 4, 1, 1, 2, 2, 2, 3]"
User-042,0,trace_0582,1788384042.2331684,streaming,20351,153,153,0,317,6.619526147842407,11.753512620925903,0.03377622679660195,0.0,0,True,,1788384030.4795897,1788384037.0991158,1788384042.2331023,"[1788384037.0991158, 1788384038.003937, 1788384038.065161, 1788384038.16215, 1788384038.2558136, 1788384038.3454502, 1788384038.43704, 1788384038.5240464, 1788384038.60988, 1788384038.6961904, 1788384038.7826781, 1788384038.8693697, 1788384038.9549985, 1788384039.0444908, 1788384039.1282115, 1788384039.214484, 1788384039.300566, 1788384039.38565, 1788384039.471958, 1788384039.558431, 1788384039.6442544, 1788384039.7303228, 1788384039.8153691, 1788384039.903924, 1788384039.9876497, 1788384040.071511, 1788384040.1554818, 1788384040.2389433, 1788384040.3224156, 1788384040.4066482, 1788384040.4912162, 1788384040.573528, 1788384040.6583757, 1788384040.7421806, 1788384040.8262222, 1788384040.9088607, 1788384040.9928043, 1788384041.0768812, 1788384041.1614676, 1788384041.2476163, 1788384041.327058, 1788384041.4110298, 1788384041.4939053, 1788384041.578349, 1788384041.6620784, 1788384041.7414799, 1788384041.821936, 1788384041.9039648, 1788384041.984423, 1788384042.0664396, 1788384042.1478493, 1788384042.2302291]","[1, 2, 4, 4, 1, 4, 1, 1, 1, 3, 2, 1, 1, 2, 1, 3, 4, 4, 4, 2, 3, 2, 4, 6, 2, 1, 1, 1, 6, 2, 2, 6, 5, 5, 4, 6, 6, 2, 1, 5, 6, 4, 2, 1, 1, 6, 1, 6, 4, 2, 2, 2]"
User-008,5,trace_0707,1788384043.9225543,streaming,22051,383,383,333,10,3.7020723819732666,21.865488052368164,0.047548208561243185,17.0,0,True,,1788384022.0569756,1788384025.759048,1788384043.9224637,"[1788384025.759048, 1788384025.8056881, 1788384025.8992343, 1788384025.9931839, 1788384026.0876448, 1788384026.1807191, 1788384026.2779653, 1788384026.3631864, 1788384026.4523294, 1788384026.5419724, 1788384026.6310804, 1788384026.7212293, 1788384026.829422, 1788384026.904057, 1788384026.9924674, 1788384027.597852, 1788384028.2341459, 1788384028.909709, 1788384029.6037483, 1788384030.3443112, 1788384030.4120178, 1788384030.4966812, 1788384030.5820472, 1788384030.6663704, 1788384031.2703848, 1788384031.9058664, 1788384032.573283, 1788384033.2768795, 1788384034.002566, 1788384034.7816696, 1788384035.5982697, 1788384036.4401894, 1788384037.0980432, 1788384038.0032444, 1788384038.0644398, 1788384038.1614301, 1788384038.255078, 1788384038.3447607, 1788384038.4363215, 1788384038.5234144, 1788384038.609247, 1788384038.695576, 1788384038.7820365, 1788384038.8686893, 1788384038.9543412, 1788384039.0437996, 1788384039.1275308, 1788384039.2137947, 1788384039.299905, 1788384039.3850992, 1788384039.471377, 1788384039.5578911, 1788384039.643685, 1788384039.7297788, 1788384039.8148067, 1788384039.9033425, 1788384039.987055, 1788384040.0709357, 1788384040.1548955, 1788384040.2383454, 1788384040.3218486, 1788384040.4060988, 1788384040.4906113, 1788384040.572986, 1788384040.6575565, 1788384040.7415168, 1788384040.825588, 1788384040.9082603, 1788384040.9922364, 1788384041.076015, 1788384041.1608279, 1788384041.2467866, 1788384041.3263454, 1788384041.4103243, 1788384041.4932504, 1788384041.5777037, 1788384041.6614563, 1788384041.7406209, 1788384041.821119, 1788384041.9033234, 1788384041.983781, 1788384042.0658443, 1788384042.1472433, 1788384042.2295945, 1788384042.3102376, 1788384042.4335139, 1788384042.4696624, 1788384042.553881, 1788384042.6290395, 1788384042.9714012, 1788384043.0110912, 1788384043.092797, 1788384043.176881, 1788384043.2578495, 1788384043.341136, 1788384043.4222677, 1788384043.5057602, 1788384043.5871115, 1788384043.6746087, 1788384043.7520492, 1788384043.8352623, 1788384043.9185686]","[1, 3, 2, 5, 6, 4, 5, 2, 1, 3, 2, 1, 6, 6, 6, 1, 4, 6, 6, 1, 4, 6, 6, 1, 3, 3, 2, 6, 6, 2, 1, 2, 2, 4, 5, 6, 6, 6, 3, 5, 2, 2, 4, 6, 3, 6, 3, 5, 3, 2, 5, 1, 4, 2, 2, 6, 5, 3, 6, 6, 6, 3, 3, 4, 3, 6, 6, 4, 4, 4, 6, 6, 3, 3, 4, 4, 1, 6, 1, 2, 6, 1, 1, 2, 3, 6, 2, 2, 6, 5, 5, 1, 4, 4, 3, 6, 1, 2, 1, 6, 6, 5]"
User-022,4,trace_0418,1788384044.832334,streaming,15250,410,410,220,16,5.1341774463653564,27.404250860214233,0.05445005724657427,64.0,0,True,,1788384017.4280028,1788384022.5621803,1788384044.8322537,"[1788384022.5621803, 1788384023.326993, 1788384024.1934414, 1788384025.097808, 1788384025.762169, 1788384025.808993, 1788384025.9024944, 1788384025.9963813, 1788384026.0909433, 1788384026.1856265, 1788384026.2816772, 1788384026.3664355, 1788384026.4556015, 1788384026.5453074, 1788384026.634311, 1788384026.7244093, 1788384026.8309553, 1788384026.9072797, 1788384026.9957554, 1788384027.6011026, 1788384028.237404, 1788384028.9130414, 1788384029.6065466, 1788384030.3469641, 1788384030.4148092, 1788384030.499919, 1788384030.5848427, 1788384030.669177, 1788384031.27321, 1788384031.908712, 1788384032.5762296, 1788384033.2800536, 1788384034.0067768, 1788384034.7839742, 1788384035.6007714, 1788384036.4425113, 1788384037.1022036, 1788384038.007861, 1788384038.0684383, 1788384038.1658983, 1788384038.258505, 1788384038.3493707, 1788384038.4398773, 1788384038.5267012, 1788384038.6127388, 1788384038.6988282, 1788384038.785261, 1788384038.8720047, 1788384038.9576495, 1788384039.0471728, 1788384039.1307003, 1788384039.2171888, 1788384039.3032634, 1788384039.388721, 1788384039.4748042, 1788384039.5612838, 1788384039.6470475, 1788384039.733125, 1788384039.8182764, 1788384039.9067159, 1788384039.990422, 1788384040.0742962, 1788384040.1582723, 1788384040.2418985, 1788384040.3253431, 1788384040.4094906, 1788384040.4940033, 1788384040.5827615, 1788384040.6615028, 1788384040.7452116, 1788384040.8290205, 1788384040.9119024, 1788384040.9959877, 1788384041.0797987, 1788384041.1642823, 1788384041.2504208, 1788384041.3301597, 1788384041.4142647, 1788384041.4970767, 1788384041.581505, 1788384041.665028, 1788384041.7435045, 1788384041.823703, 1788384041.905753, 1788384041.986179, 1788384042.0681689, 1788384042.149504, 1788384042.2326558, 1788384042.3147106, 1788384042.4342482, 1788384042.4739473, 1788384042.5550497, 1788384042.6303544, 1788384042.9751427, 1788384043.0138988, 1788384043.0957818, 1788384043.1797292, 1788384043.2608402, 1788384043.3440213, 1788384043.4251564, 1788384043.5086322, 1788384043.5900223, 1788384043.677487, 1788384043.7549596, 1788384043.8382084, 1788384043.9221313, 1788384044.0019479, 1788384044.0831687, 1788384044.2026906, 1788384044.2466292, 1788384044.3316805, 1788384044.409443, 1788384044.7012722, 1788384044.748514, 1788384044.8313901]","[1, 6, 2, 6, 6, 6, 1, 1, 2, 1, 6, 3, 4, 1, 1, 3, 1, 2, 5, 2, 3, 4, 1, 6, 1, 4, 6, 5, 6, 5, 6, 5, 5, 2, 3, 6, 4, 1, 2, 4, 3, 5, 2, 2, 6, 6, 1, 2, 4, 3, 6, 3, 2, 1, 1, 2, 1, 1, 3, 6, 3, 3, 2, 4, 1, 3, 6, 6, 6, 4, 1, 6, 6, 2, 4, 6, 1, 3, 6, 2, 4, 3, 3, 4, 4, 3, 6, 3, 1, 5, 3, 4, 5, 1, 2, 6, 6, 6, 4, 2, 3, 2, 4, 3, 6, 4, 1, 6, 6, 2, 4, 6, 3, 6, 5]"
User-033,2,trace_0538,1788384045.6479802,streaming,12214,118,118,159,3,0.5427284240722656,3.218125343322754,0.02286664033547426,8.0,0,True,,1788384042.4297707,1788384042.9724991,1788384045.647896,"[1788384042.9724991, 1788384043.0117164, 1788384043.0934458, 1788384043.1775389, 1788384043.2585094, 1788384043.3417506, 1788384043.4229295, 1788384043.5063684, 1788384043.587734, 1788384043.6752512, 1788384043.7526734, 1788384043.8358989, 1788384043.9196992, 1788384044.0001068, 1788384044.0807855, 1788384044.2013538, 1788384044.2443182, 1788384044.3293514, 1788384044.4072433, 1788384044.6990185, 1788384044.746192, 1788384044.8289282, 1788384044.9114957, 1788384044.9921503, 1788384045.0739079, 1788384045.155488, 1788384045.2362323, 1788384045.3186717, 1788384045.3995893, 1788384045.4807394, 1788384045.5635195, 1788384045.6455228]","[1, 4, 4, 5, 1, 2, 1, 4, 6, 5, 3, 5, 2, 1, 1, 3, 3, 6, 2, 6, 6, 3, 4, 6, 4, 4, 6, 3, 6, 3, 6, 2]"
User-042,1,trace_0582,1788384051.0451052,streaming,20509,96,96,317,2,0.3736131191253662,4.736997127532959,0.045930357983237816,8.0,0,True,,1788384046.3080251,1788384046.6816382,1788384051.0450222,"[1788384046.6816382, 1788384046.7354488, 1788384046.8222592, 1788384046.9001887, 1788384046.9830704, 1788384047.064181, 1788384047.1473682, 1788384047.228702, 1788384047.3116157, 1788384047.3929183, 1788384047.5216508, 1788384047.5571337, 1788384047.6406403, 1788384047.7221801, 1788384048.3257167, 1788384048.9542248, 1788384049.6174238, 1788384050.3118994, 1788384051.0425253]","[1, 4, 4, 6, 3, 6, 5, 6, 3, 6, 6, 6, 6, 6, 6, 6, 6, 6, 4]"
User-007,10,trace_0398,1788384054.6055782,streaming,30068,262,262,460,7,0.5032641887664795,10.410435914993286,0.03795851236102225,11.0,0,True,,1788384044.195036,1788384044.6983001,1788384054.6054718,"[1788384044.6983001, 1788384044.7455704, 1788384044.8283207, 1788384044.9108112, 1788384044.991489, 1788384045.07326, 1788384045.154887, 1788384045.235605, 1788384045.318019, 1788384045.3989804, 1788384045.4800909, 1788384045.5626411, 1788384045.6447842, 1788384045.7250328, 1788384045.8043242, 1788384045.8841689, 1788384045.964222, 1788384046.0465503, 1788384046.123507, 1788384046.2032077, 1788384046.3115249, 1788384046.3697488, 1788384046.4449844, 1788384046.5226579, 1788384046.6808128, 1788384046.7347155, 1788384046.818519, 1788384046.8995323, 1788384046.982403, 1788384047.0635135, 1788384047.1466815, 1788384047.228094, 1788384047.3109987, 1788384047.39232, 1788384047.521252, 1788384047.556465, 1788384047.6399863, 1788384047.721537, 1788384048.324843, 1788384048.9534602, 1788384049.6167865, 1788384050.3110287, 1788384051.0418296, 1788384051.798427, 1788384052.3124862, 1788384052.3291037, 1788384052.5436695, 1788384052.6122768, 1788384052.697183, 1788384052.7810333, 1788384052.8651578, 1788384052.9496038, 1788384053.0348969, 1788384053.1210046, 1788384053.216123, 1788384053.5495322, 1788384053.6061504, 1788384054.112811, 1788384054.1709704, 1788384054.4426486, 1788384054.5025642, 1788384054.6011975]","[1, 5, 2, 6, 6, 6, 1, 2, 6, 1, 6, 6, 6, 6, 1, 6, 6, 3, 3, 2, 6, 2, 6, 2, 6, 6, 6, 6, 2, 4, 1, 1, 2, 2, 6, 6, 6, 6, 6, 6, 6, 6, 4, 2, 1, 1, 6, 2, 6, 6, 3, 6, 6, 1, 6, 6, 6, 6, 4, 4, 3, 2]"
User-038,3,trace_0661,1788384054.9533062,streaming,31646,432,432,459,34,1.9406917095184326,18.886837005615234,0.03931820254314803,13.0,0,True,,1788384036.0663724,1788384038.007064,1788384054.9532094,"[1788384038.007064, 1788384038.0679219, 1788384038.1652136, 1788384038.2579808, 1788384038.3488188, 1788384038.4393368, 1788384038.5261943, 1788384038.6122153, 1788384038.69829, 1788384038.7847362, 1788384038.8714552, 1788384038.9571393, 1788384039.0466425, 1788384039.1301908, 1788384039.216685, 1788384039.3027582, 1788384039.388184, 1788384039.4742825, 1788384039.5607595, 1788384039.646508, 1788384039.7326078, 1788384039.8177612, 1788384039.9062119, 1788384039.9898937, 1788384040.0737855, 1788384040.1577547, 1788384040.2412386, 1788384040.324806, 1788384040.4089868, 1788384040.4934769, 1788384040.582127, 1788384040.6609268, 1788384040.7446423, 1788384040.828486, 1788384040.9113803, 1788384040.995426, 1788384041.0792744, 1788384041.163745, 1788384041.2498937, 1788384041.3296394, 1788384041.4137318, 1788384041.4964755, 1788384041.580973, 1788384041.6644692, 1788384041.7429655, 1788384041.8231733, 1788384041.9051864, 1788384041.9856243, 1788384042.067635, 1788384042.1489844, 1788384042.2320914, 1788384042.3153772, 1788384042.4345324, 1788384042.474573, 1788384042.555647, 1788384042.6310163, 1788384042.9745908, 1788384043.0133784, 1788384043.095253, 1788384043.1792223, 1788384043.260291, 1788384043.343463, 1788384043.4246175, 1788384043.5080953, 1788384043.589483, 1788384043.6769414, 1788384043.7543988, 1788384043.837649, 1788384043.9215255, 1788384044.0015445, 1788384044.0826063, 1788384044.202387, 1788384044.2460551, 1788384044.3311307, 1788384044.4089131, 1788384044.700734, 1788384044.747979, 1788384044.8308427, 1788384044.913248, 1788384044.9938216, 1788384045.0756624, 1788384045.157188, 1788384045.2379904, 1788384045.3204088, 1788384045.401461, 1788384045.4824157, 1788384045.5651915, 1788384045.6475024, 1788384045.726223, 1788384045.8054743, 1788384045.8853328, 1788384045.9653993, 1788384046.04774, 1788384046.1244013, 1788384046.2043839, 1788384046.3121293, 1788384046.3709226, 1788384046.4460897, 1788384046.5237362, 1788384046.6830115, 1788384046.7372277, 1788384046.8242073, 1788384046.902018, 1788384046.9848378, 1788384047.0660036, 1788384047.1491268, 1788384047.2304657, 1788384047.3133852, 1788384047.394709, 1788384047.522563, 1788384047.5588405, 1788384047.642327, 1788384047.7238789, 1788384048.3275833, 1788384048.9560254, 1788384049.6191335, 1788384050.3136141, 1788384051.0447063, 1788384051.7990093, 1788384052.3154852, 1788384052.331544, 1788384052.5481992, 1788384052.615206, 1788384052.7005079, 1788384052.7843113, 1788384052.8680384, 1788384052.952525, 1788384053.03816, 1788384053.1238515, 1788384053.217641, 1788384053.552513, 1788384053.6093717, 1788384054.1161406, 1788384054.1742377, 1788384054.4456437, 1788384054.505496, 1788384054.6045742, 1788384054.6862664, 1788384054.7725365, 1788384054.8650353, 1788384054.9497356]","[1, 1, 6, 2, 2, 3, 2, 3, 6, 5, 3, 2, 1, 2, 1, 2, 6, 6, 6, 1, 4, 1, 2, 6, 2, 5, 2, 3, 2, 3, 1, 4, 3, 3, 1, 2, 6, 6, 6, 2, 5, 3, 1, 1, 3, 1, 3, 3, 1, 2, 1, 1, 2, 3, 2, 1, 2, 2, 1, 1, 2, 4, 4, 3, 2, 2, 1, 5, 5, 2, 1, 6, 6, 1, 1, 2, 2, 1, 1, 3, 4, 4, 3, 3, 6, 4, 2, 2, 2, 4, 5, 4, 6, 6, 4, 2, 1, 2, 3, 6, 5, 6, 6, 6, 1, 1, 1, 5, 1, 1, 6, 3, 2, 6, 6, 6, 1, 1, 1, 1, 6, 2, 2, 1, 6, 6, 6, 2, 6, 4, 1, 4, 4, 5, 1, 3, 1, 2, 6, 4, 3]"
User-033,3,trace_0538,1788384056.1212552,streaming,12685,105,105,161,8,0.760523796081543,4.337100267410278,0.034390158378160916,10.0,0,True,,1788384051.7840853,1788384052.544609,1788384056.1211855,"[1788384052.544609, 1788384052.6128943, 1788384052.6978302, 1788384052.7816684, 1788384052.8657773, 1788384052.9502597, 1788384053.0357418, 1788384053.1216166, 1788384053.2164912, 1788384053.5502813, 1788384053.606783, 1788384054.1136107, 1788384054.1715937, 1788384054.4433753, 1788384054.5032253, 1788384054.6023738, 1788384054.6838636, 1788384054.7701452, 1788384054.8627024, 1788384054.9473672, 1788384055.0320683, 1788384055.118122, 1788384055.2051177, 1788384055.28718, 1788384055.6241162, 1788384055.6846008, 1788384055.770613, 1788384055.8564653, 1788384055.9422643, 1788384056.028121, 1788384056.1148334]","[1, 6, 1, 3, 3, 2, 5, 2, 1, 2, 5, 3, 1, 4, 5, 5, 3, 1, 2, 6, 3, 2, 6, 6, 6, 6, 2, 1, 2, 6, 4]"
User-042,2,trace_0582,1788384057.4823062,streaming,21199,75,75,319,11,0.5183718204498291,2.37382435798645,0.02507368293968407,11.0,0,True,,1788384055.1083949,1788384055.6267667,1788384057.4822192,"[1788384055.6267667, 1788384055.6869652, 1788384055.7730045, 1788384055.8588042, 1788384055.9447174, 1788384056.0307236, 1788384056.117643, 1788384056.201055, 1788384056.2853885, 1788384056.3705401, 1788384056.4558697, 1788384056.5410724, 1788384056.6262233, 1788384056.710515, 1788384056.7959652, 1788384056.8815699, 1788384056.9665859, 1788384057.0520651, 1788384057.1364079, 1788384057.2212079, 1788384057.306631, 1788384057.3920002, 1788384057.478842]","[1, 6, 1, 2, 3, 1, 3, 3, 6, 3, 2, 2, 6, 6, 5, 4, 2, 1, 4, 2, 6, 2, 4]"
User-040,0,trace_0278,1788384058.9766388,streaming,19520,1035,1022,0,304,16.84338688850403,74.28705549240112,0.05626216317717639,0.0,0,True,,1788383984.689453,1788384001.5328398,1788384058.9765084,"[1788384001.5328398, 1788384002.3402798, 1788384002.9741807, 1788384003.5828931, 1788384004.2467566, 1788384004.98582, 1788384005.675155, 1788384006.4359715, 1788384007.2279177, 1788384008.1233723, 1788384008.3990765, 1788384009.2623184, 1788384010.20183, 1788384011.1654685, 1788384011.6972663, 1788384011.7551458, 1788384011.8506787, 1788384011.9385962, 1788384012.0277913, 1788384012.1179278, 1788384012.2101107, 1788384012.2966692, 1788384012.3839943, 1788384012.4722283, 1788384012.5598743, 1788384012.6476815, 1788384012.738081, 1788384012.8266103, 1788384012.9085128, 1788384012.99625, 1788384013.0760179, 1788384013.1591296, 1788384013.2409291, 1788384013.3812625, 1788384013.4062877, 1788384013.4931562, 1788384013.5726426, 1788384014.5066357, 1788384015.4218163, 1788384015.4675913, 1788384015.5533934, 1788384015.6378696, 1788384015.7229662, 1788384015.8079505, 1788384015.8914227, 1788384015.9760349, 1788384016.0608478, 1788384016.1455467, 1788384016.2306237, 1788384016.3142786, 1788384016.3988793, 1788384016.4832535, 1788384016.5679386, 1788384016.6532035, 1788384016.7368133, 1788384016.8214884, 1788384016.9060721, 1788384016.991102, 1788384017.078643, 1788384017.1592758, 1788384017.2424457, 1788384017.325686, 1788384017.4333224, 1788384017.4957545, 1788384017.5748289, 1788384018.1796386, 1788384018.8390913, 1788384019.486851, 1788384020.1840973, 1788384020.913685, 1788384021.673457, 1788384022.5600202, 1788384023.3253913, 1788384024.1918628, 1788384025.0962105, 1788384025.7606082, 1788384025.807291, 1788384025.9008586, 1788384025.9948018, 1788384026.089269, 1788384026.1822903, 1788384026.2801137, 1788384026.364798, 1788384026.4539626, 1788384026.5436227, 1788384026.6326756, 1788384026.7228632, 1788384026.8302057, 1788384026.905661, 1788384026.9941592, 1788384027.5995033, 1788384028.2357564, 1788384028.911671, 1788384029.6049407, 1788384030.3454132, 1788384030.4132073, 1788384030.4979975, 1788384030.583247, 1788384030.667569, 1788384031.2716365, 1788384031.9071019, 1788384032.5744588, 1788384033.2781312, 1788384034.0056722, 1788384034.7829063, 1788384035.5995061, 1788384036.44146, 1788384037.1010816, 1788384038.0054803, 1788384038.0668159, 1788384038.1638145, 1788384038.257442, 1788384038.3482223, 1788384038.438762, 1788384038.5256634, 1788384038.6117072, 1788384038.697787, 1788384038.8709342, 1788384039.0461223, 1788384039.2161808, 1788384039.302241, 1788384039.387604, 1788384039.473725, 1788384039.5602367, 1788384039.6459908, 1788384039.7320528, 1788384039.8172407, 1788384039.9056747, 1788384039.9893768, 1788384040.0732603, 1788384040.1572254, 1788384040.2406952, 1788384040.3242445, 1788384040.4084406, 1788384040.4929187, 1788384040.5813882, 1788384040.6603038, 1788384040.7441177, 1788384040.827966, 1788384040.910864, 1788384040.994856, 1788384041.0787206, 1788384041.1632245, 1788384041.2492337, 1788384041.3291159, 1788384041.4131927, 1788384041.4956803, 1788384041.580423, 1788384041.663905, 1788384041.7421074, 1788384041.8225234, 1788384041.9045677, 1788384041.9850142, 1788384042.0670247, 1788384042.1484303, 1788384042.2313998, 1788384042.3137202, 1788384042.4339557, 1788384042.4704647, 1788384042.554456, 1788384042.629777, 1788384042.9739673, 1788384043.0128186, 1788384043.0946724, 1788384043.1786685, 1788384043.2597504, 1788384043.3429294, 1788384043.424112, 1788384043.507569, 1788384043.5889354, 1788384043.6763897, 1788384043.753853, 1788384043.837111, 1788384043.920994, 1788384044.0011208, 1788384044.082026, 1788384044.2020946, 1788384044.245533, 1788384044.3305976, 1788384044.4083965, 1788384044.7002218, 1788384044.7474403, 1788384044.8300707, 1788384044.9127269, 1788384044.9932935, 1788384045.0751226, 1788384045.1566446, 1788384045.2374597, 1788384045.319829, 1788384045.4009433, 1788384045.4818792, 1788384045.564655, 1788384045.6469455, 1788384045.7256722, 1788384045.804914, 1788384045.884775, 1788384045.9647868, 1788384046.0471616, 1788384046.123943, 1788384046.2037566, 1788384046.3118382, 1788384046.3703165, 1788384046.4455476, 1788384046.5232177, 1788384046.6825602, 1788384046.7366877, 1788384046.8236136, 1788384046.9014454, 1788384046.984301, 1788384047.0654473, 1788384047.1485891, 1788384047.2299256, 1788384047.312836, 1788384047.3941483, 1788384047.5222726, 1788384047.558284, 1788384047.6418045, 1788384047.723354, 1788384048.326992, 1788384048.955447, 1788384049.618545, 1788384050.3130488, 1788384051.044165, 1788384051.798719, 1788384052.3140273, 1788384052.3302283, 1788384052.5457108, 1788384052.6141171, 1788384052.6994445, 1788384052.7832224, 1788384052.8669865, 1788384052.9514842, 1788384053.037035, 1788384053.1227958, 1788384053.2170837, 1788384053.5514905, 1788384053.6082723, 1788384054.114893, 1788384054.1731708, 1788384054.444587, 1788384054.5043354, 1788384054.6035604, 1788384054.6851122, 1788384054.7714362, 1788384054.863907, 1788384054.9486535, 1788384055.0333662, 1788384055.1192923, 1788384055.2063396, 1788384055.288506, 1788384055.6253226, 1788384055.6857843, 1788384055.771939, 1788384055.85769, 1788384055.9436004, 1788384056.0294793, 1788384056.1165373, 1788384056.199884, 1788384056.283996, 1788384056.3693764, 1788384056.454568, 1788384056.5399094, 1788384056.6250432, 1788384056.7093217, 1788384056.7947805, 1788384056.8803704, 1788384056.9654102, 1788384057.050841, 1788384057.135015, 1788384057.2200198, 1788384057.3054242, 1788384057.3908117, 1788384057.4775972, 1788384057.5606995, 1788384057.6434076, 1788384057.810607, 1788384057.8925893, 1788384057.9755564, 1788384058.0590646, 1788384058.142452, 1788384058.2246068, 1788384058.3073888, 1788384058.3905735, 1788384058.4739468, 1788384058.556386, 1788384058.6390107, 1788384058.7217844, 1788384058.80524, 1788384058.8879757, 1788384058.972393]","[1, 2, 4, 4, 1, 6, 4, 1, 3, 3, 4, 6, 4, 2, 3, 6, 3, 1, 1, 2, 6, 2, 1, 3, 1, 1, 2, 1, 6, 4, 3, 1, 6, 4, 3, 6, 6, 5, 4, 1, 2, 2, 2, 5, 1, 3, 2, 6, 6, 6, 6, 6, 6, 5, 1, 4, 1, 1, 6, 4, 3, 6, 6, 6, 5, 2, 5, 3, 2, 6, 2, 2, 6, 5, 5, 4, 6, 6, 2, 4, 6, 1, 6, 6, 3, 2, 1, 3, 6, 5, 4, 4, 2, 6, 3, 3, 3, 1, 6, 1, 3, 2, 2, 2, 2, 2, 1, 6, 6, 4, 1, 4, 4, 4, 5, 1, 1, 1, 1, 1, 3, 6, 6, 3, 2, 5, 1, 5, 2, 4, 2, 4, 6, 4, 6, 6, 6, 1, 1, 1, 2, 1, 1, 1, 1, 2, 1, 1, 1, 6, 1, 2, 2, 2, 6, 3, 2, 2, 1, 4, 6, 5, 2, 1, 1, 2, 2, 1, 5, 6, 6, 5, 3, 6, 6, 3, 2, 1, 1, 2, 1, 6, 5, 1, 4, 2, 3, 4, 6, 2, 6, 3, 4, 6, 6, 5, 4, 2, 6, 6, 6, 6, 6, 2, 6, 3, 6, 5, 3, 6, 1, 3, 6, 6, 3, 3, 3, 3, 3, 6, 2, 5, 5, 2, 4, 6, 4, 1, 2, 5, 1, 2, 3, 2, 3, 1, 4, 3, 6, 6, 1, 3, 3, 6, 4, 1, 2, 2, 3, 3, 3, 6, 2, 5, 1, 1, 6, 1, 4, 2, 1, 6, 6, 4, 3, 6, 1, 5, 2, 1, 2, 2, 2, 6, 3, 1, 5, 6, 6, 6, 6, 6, 6, 6, 6, 6, 6, 6, 6, 5]"
User-034,3,trace_0164,1788384059.3070269,streaming,19965,200,200,292,19,0.9052810668945312,6.094753265380859,0.026077749741137326,12.0,0,True,,1788384053.212195,1788384054.117476,1788384059.3069482,"[1788384054.117476, 1788384054.1752958, 1788384054.4466727, 1788384054.5065482, 1788384054.6060395, 1788384054.6873748, 1788384054.7735953, 1788384054.8660793, 1788384054.9511187, 1788384055.0349748, 1788384055.1205873, 1788384055.2080708, 1788384055.2901483, 1788384055.6277435, 1788384055.6880476, 1788384055.7740114, 1788384055.8598323, 1788384055.945774, 1788384056.0318313, 1788384056.1186976, 1788384056.202123, 1788384056.2864711, 1788384056.3716688, 1788384056.4569166, 1788384056.5421865, 1788384056.6273444, 1788384056.7116385, 1788384056.7970076, 1788384056.8826606, 1788384056.967702, 1788384057.0531414, 1788384057.137474, 1788384057.222242, 1788384057.3077936, 1788384057.393046, 1788384057.4802568, 1788384057.562579, 1788384057.6451616, 1788384057.7297935, 1788384057.8123674, 1788384057.8943632, 1788384057.9773297, 1788384058.060868, 1788384058.1442487, 1788384058.2263746, 1788384058.3091733, 1788384058.3924012, 1788384058.4758122, 1788384058.5581686, 1788384058.640765, 1788384058.7235637, 1788384058.807053, 1788384058.889728, 1788384058.9745498, 1788384059.054321, 1788384059.1376731, 1788384059.218869, 1788384059.304117]","[1, 6, 6, 6, 2, 2, 1, 6, 4, 3, 2, 3, 1, 3, 3, 2, 4, 1, 2, 6, 6, 4, 6, 5, 5, 4, 2, 2, 6, 3, 1, 4, 6, 5, 6, 1, 2, 1, 3, 5, 5, 6, 4, 6, 4, 3, 4, 1, 2, 6, 2, 1, 5, 4, 2, 1, 1, 2]"
User-025,10,trace_0588,1788384060.2024937,streaming,30782,332,332,473,2,4.265678405761719,12.151017904281616,0.023822777941147726,11.0,0,True,,1788384048.05141,1788384052.3170884,1788384060.2024279,"[1788384052.3170884, 1788384052.3327348, 1788384052.549276, 1788384052.6162703, 1788384052.70156, 1788384052.7853792, 1788384052.8691297, 1788384052.9535713, 1788384053.0393045, 1788384053.124925, 1788384053.2182007, 1788384053.55439, 1788384053.6109614, 1788384054.118516, 1788384054.1761165, 1788384054.447689, 1788384054.5076516, 1788384054.6071029, 1788384054.6884313, 1788384054.774699, 1788384054.8672209, 1788384054.9523714, 1788384055.0360894, 1788384055.1214464, 1788384055.209121, 1788384055.2912233, 1788384055.6287787, 1788384055.6890724, 1788384055.7751448, 1788384055.8609488, 1788384055.9468782, 1788384056.0329146, 1788384056.1216772, 1788384056.203212, 1788384056.2875607, 1788384056.3727074, 1788384056.4579759, 1788384056.5432649, 1788384056.6283863, 1788384056.7128413, 1788384056.7980578, 1788384056.883806, 1788384056.968747, 1788384057.0541775, 1788384057.1385088, 1788384057.223337, 1788384057.3088272, 1788384057.394072, 1788384057.4812982, 1788384057.5636954, 1788384057.6462016, 1788384057.7324474, 1788384057.8134286, 1788384057.8955402, 1788384057.9783573, 1788384058.061935, 1788384058.1453207, 1788384058.2276926, 1788384058.3102076, 1788384058.3934677, 1788384058.4768596, 1788384058.5592394, 1788384058.641822, 1788384058.7246308, 1788384058.8081014, 1788384058.890865, 1788384058.9756687, 1788384059.0555322, 1788384059.1388881, 1788384059.2202158, 1788384059.30546, 1788384059.384904, 1788384059.4649613, 1788384059.5492086, 1788384059.6281035, 1788384059.7108648, 1788384059.7912297, 1788384059.8737884, 1788384059.9544833, 1788384060.0372345, 1788384060.1929557, 1788384060.201612]","[1, 4, 2, 2, 3, 3, 1, 2, 1, 1, 2, 3, 2, 1, 5, 2, 2, 6, 5, 5, 6, 3, 1, 5, 6, 5, 6, 6, 6, 4, 6, 1, 1, 3, 6, 5, 6, 4, 3, 6, 3, 6, 1, 1, 6, 4, 3, 1, 6, 6, 6, 6, 3, 6, 6, 4, 1, 4, 5, 6, 6, 6, 6, 5, 6, 6, 6, 6, 6, 6, 2, 3, 3, 3, 6, 6, 6, 6, 2, 6, 2, 2]"
User-008,6,trace_0707,1788384071.7779112,streaming,22719,373,373,343,10,0.5413088798522949,18.765804290771484,0.04899057906161072,16.0,0,True,,1788384053.0120258,1788384053.5533347,1788384071.7778301,"[1788384053.5533347, 1788384053.609862, 1788384054.1166651, 1788384054.1747994, 1788384054.4461575, 1788384054.506032, 1788384054.6050763, 1788384054.6868308, 1788384054.7730708, 1788384054.8655453, 1788384054.95054, 1788384055.0343907, 1788384055.120164, 1788384055.2075515, 1788384055.2896278, 1788384055.6272602, 1788384055.6875217, 1788384055.7735057, 1788384055.8593264, 1788384055.9452355, 1788384056.0313144, 1788384056.1181717, 1788384056.2015824, 1788384056.2859395, 1788384056.3711202, 1788384056.4564118, 1788384056.541634, 1788384056.6267986, 1788384056.7111056, 1788384056.7964997, 1788384056.88211, 1788384056.9671612, 1788384057.052591, 1788384057.1369572, 1788384057.2217298, 1788384057.3072512, 1788384057.3925247, 1788384057.4797142, 1788384057.562039, 1788384057.6446288, 1788384057.729258, 1788384057.8118384, 1788384057.893829, 1788384057.9768097, 1788384058.0602958, 1788384058.1437078, 1788384058.225821, 1788384058.30862, 1788384058.391855, 1788384058.4752283, 1788384058.5576105, 1788384058.6402206, 1788384058.7230098, 1788384058.8064604, 1788384058.8891983, 1788384058.9740193, 1788384059.054996, 1788384059.1383247, 1788384059.2195227, 1788384059.3049228, 1788384059.3842733, 1788384059.4643364, 1788384059.5467257, 1788384059.6274807, 1788384059.7102046, 1788384059.7905474, 1788384059.873126, 1788384059.9538379, 1788384060.0366805, 1788384060.1172032, 1788384060.2013123, 1788384060.2853382, 1788384060.357423, 1788384060.9525876, 1788384061.5794353, 1788384062.2383673, 1788384062.931189, 1788384063.6594014, 1788384064.4201822, 1788384065.2161734, 1788384066.0490193, 1788384066.9091017, 1788384067.8300588, 1788384067.9273293, 1788384068.6208553, 1788384069.210909, 1788384069.8695755, 1788384070.558764, 1788384071.2773516, 1788384071.535977, 1788384071.6015568, 1788384071.6879466, 1788384071.775976]","[1, 6, 1, 4, 4, 6, 6, 6, 3, 4, 1, 6, 6, 3, 3, 1, 3, 2, 2, 5, 1, 5, 5, 4, 5, 2, 6, 1, 2, 1, 6, 5, 4, 1, 1, 6, 6, 6, 5, 6, 6, 3, 6, 2, 6, 3, 6, 6, 4, 6, 6, 6, 6, 4, 1, 4, 2, 1, 3, 3, 6, 5, 3, 6, 6, 4, 6, 6, 6, 6, 6, 4, 6, 6, 2, 1, 5, 4, 4, 2, 6, 5, 2, 2, 6, 1, 2, 2, 6, 1, 3, 3, 5]"
User-043,0,trace_0052,1788384075.1212015,streaming,15183,328,328,0,236,4.796413898468018,27.602577924728394,0.069743620875414,0.0,0,True,,1788384047.518537,1788384052.314951,1788384075.121115,"[1788384052.314951, 1788384052.3309557, 1788384052.5462484, 1788384052.6146445, 1788384052.6999862, 1788384052.7837975, 1788384052.8675096, 1788384052.9520118, 1788384053.0376213, 1788384053.1233144, 1788384053.2173831, 1788384053.551997, 1788384053.6088622, 1788384054.115424, 1788384054.1737285, 1788384054.4451241, 1788384054.5049317, 1788384054.604082, 1788384054.6856542, 1788384054.7719965, 1788384054.8644838, 1788384054.9491873, 1788384055.0338888, 1788384055.119744, 1788384055.2069669, 1788384055.2891266, 1788384055.62593, 1788384055.6863332, 1788384055.772474, 1788384055.8582525, 1788384055.9441395, 1788384056.0301995, 1788384056.1171064, 1788384056.2005165, 1788384056.2846603, 1788384056.3700068, 1788384056.4552927, 1788384056.540551, 1788384056.6256993, 1788384056.7099824, 1788384056.7954245, 1788384056.8809934, 1788384056.9659371, 1788384057.051423, 1788384057.1355765, 1788384057.2205582, 1788384057.3059797, 1788384057.3913581, 1788384057.4781296, 1788384057.5612807, 1788384057.6439593, 1788384057.7286088, 1788384057.8113067, 1788384057.893147, 1788384057.9761453, 1788384058.0596535, 1788384058.1430712, 1788384058.2251806, 1788384058.3079708, 1788384058.3911753, 1788384058.4745314, 1788384058.556956, 1788384058.6395776, 1788384058.7223358, 1788384058.80579, 1788384058.8885567, 1788384058.973482, 1788384059.0537806, 1788384059.1371162, 1788384059.2182705, 1788384059.3034163, 1788384059.383734, 1788384059.4638007, 1788384059.5461931, 1788384059.626894, 1788384059.7096245, 1788384059.7899835, 1788384059.872573, 1788384059.953288, 1788384060.0361288, 1788384060.1166568, 1788384060.2010236, 1788384060.284745, 1788384060.3568823, 1788384060.9519618, 1788384061.5788333, 1788384062.2377667, 1788384062.9305556, 1788384063.6587968, 1788384064.4195783, 1788384065.2155678, 1788384066.0484052, 1788384066.9085128, 1788384067.828504, 1788384067.9253783, 1788384068.618338, 1788384069.2086122, 1788384069.867304, 1788384070.556518, 1788384071.2751498, 1788384071.5338986, 1788384071.5993912, 1788384071.6857207, 1788384071.773802, 1788384071.856165, 1788384071.939508, 1788384072.0225556, 1788384072.1067002, 1788384072.1889355, 1788384072.2719412, 1788384072.3576279, 1788384072.4450376, 1788384072.5256493, 1788384073.1280925, 1788384073.756605, 1788384074.421865, 1788384075.117582]","[1, 6, 4, 2, 1, 3, 1, 1, 1, 2, 2, 2, 3, 4, 2, 3, 3, 1, 5, 1, 4, 2, 1, 1, 2, 1, 2, 5, 1, 2, 4, 1, 1, 2, 2, 2, 2, 1, 1, 2, 6, 3, 3, 1, 6, 3, 1, 1, 2, 2, 2, 1, 1, 2, 6, 1, 1, 1, 6, 5, 6, 6, 1, 5, 6, 1, 1, 2, 2, 3, 4, 1, 1, 2, 3, 4, 6, 3, 2, 1, 2, 3, 4, 2, 3, 1, 3, 2, 2, 1, 6, 6, 2, 2, 6, 3, 2, 3, 4, 3, 3, 2, 6, 3, 3, 6, 6, 6, 2, 4, 4, 6, 4, 1, 6, 1, 4]"
User-033,4,trace_0538,1788384081.0203204,streaming,12917,92,92,169,3,7.688621282577515,20.782572507858276,0.1438895739041842,8.0,0,True,,1788384060.237692,1788384067.9263134,1788384081.0202646,"[1788384067.9263134, 1788384068.6198313, 1788384069.2098162, 1788384069.868491, 1788384070.557683, 1788384071.276305, 1788384071.5350146, 1788384071.600492, 1788384071.6868675, 1788384071.774899, 1788384071.8573976, 1788384071.9405878, 1788384072.0236428, 1788384072.1078246, 1788384072.1900237, 1788384072.2730522, 1788384072.358169, 1788384072.4461887, 1788384072.5268333, 1788384073.1291816, 1788384073.7577167, 1788384074.4229403, 1788384075.1190267, 1788384075.888667, 1788384076.6242242, 1788384077.4336908, 1788384078.275054, 1788384079.1567512, 1788384080.0530725, 1788384080.808483, 1788384080.8436112, 1788384080.9291925, 1788384081.017357]","[1, 5, 5, 4, 4, 3, 1, 3, 2, 1, 1, 3, 1, 2, 2, 1, 2, 2, 6, 4, 2, 1, 2, 4, 6, 6, 1, 1, 3, 5, 1, 2, 5]"
User-008,7,trace_0707,1788384092.8034728,streaming,23382,120,120,353,10,4.925329923629761,16.920740604400635,0.100801770426646,11.0,0,True,,1788384075.8826354,1788384080.8079653,1788384092.803376,"[1788384080.8079653, 1788384080.843003, 1788384080.92855, 1788384081.0168092, 1788384081.0998015, 1788384081.1856604, 1788384081.2700708, 1788384081.352397, 1788384081.9552338, 1788384082.5852394, 1788384083.24988, 1788384083.9462056, 1788384084.6728067, 1788384085.4336822, 1788384086.2288215, 1788384087.0576668, 1788384087.7289047, 1788384088.328154, 1788384088.9855223, 1788384089.6795318, 1788384090.4004297, 1788384091.2052765, 1788384092.019895, 1788384092.2866905, 1788384092.3506021, 1788384092.4391448, 1788384092.5291488, 1788384092.6179638, 1788384092.7077518, 1788384092.7988317]","[1, 5, 6, 2, 6, 5, 3, 1, 1, 3, 6, 6, 6, 4, 5, 6, 3, 5, 4, 2, 6, 6, 5, 6, 5, 6, 1, 1, 2, 2]"
User-025,11,trace_0588,1788384094.620397,streaming,31184,334,334,475,5,1.3126587867736816,27.313645362854004,0.07808104076900997,14.0,0,True,,1788384067.3066592,1788384068.619318,1788384094.6203046,"[1788384068.619318, 1788384069.2092335, 1788384069.8679445, 1788384070.5571563, 1788384071.2757812, 1788384071.5344825, 1788384071.5999398, 1788384071.68628, 1788384071.774354, 1788384071.8567085, 1788384071.9400496, 1788384072.0231192, 1788384072.1072824, 1788384072.1894758, 1788384072.272512, 1788384072.3578947, 1788384072.4456213, 1788384072.5262387, 1788384073.12863, 1788384073.7571795, 1788384074.4223812, 1788384075.118442, 1788384075.8883967, 1788384076.623952, 1788384077.4331558, 1788384078.2744784, 1788384079.1562066, 1788384080.0525353, 1788384080.807107, 1788384080.8424394, 1788384080.9280176, 1788384081.0162282, 1788384081.09904, 1788384081.1854007, 1788384081.2695155, 1788384081.3517704, 1788384081.9546368, 1788384082.584711, 1788384083.2493618, 1788384083.9456449, 1788384084.672266, 1788384085.4331052, 1788384086.2282481, 1788384087.0571117, 1788384087.7283416, 1788384088.3275926, 1788384088.9849634, 1788384089.6789796, 1788384090.3998957, 1788384091.2046645, 1788384092.019332, 1788384092.2861247, 1788384092.3500624, 1788384092.4385707, 1788384092.5285907, 1788384092.6174216, 1788384092.7071915, 1788384092.7982385, 1788384092.8850846, 1788384092.9710867, 1788384093.0573878, 1788384093.1442237, 1788384093.2306156, 1788384093.3158174, 1788384093.402182, 1788384093.4884825, 1788384093.5754352, 1788384093.6613574, 1788384093.7501194, 1788384093.8350139, 1788384093.9216168, 1788384094.008258, 1788384094.093667, 1788384094.1800945, 1788384094.2670696, 1788384094.353348, 1788384094.440899, 1788384094.5260756, 1788384094.6156542]","[1, 6, 4, 1, 2, 3, 3, 6, 1, 3, 4, 1, 2, 6, 5, 6, 6, 6, 6, 6, 1, 1, 3, 4, 1, 3, 1, 2, 3, 6, 2, 6, 6, 1, 4, 6, 2, 1, 1, 6, 1, 6, 6, 4, 6, 6, 6, 6, 1, 6, 6, 6, 3, 2, 6, 6, 3, 6, 6, 6, 6, 6, 6, 6, 2, 6, 6, 3, 5, 4, 6, 6, 6, 6, 4, 6, 6, 6, 2]"
User-036,4,trace_0615,1788384095.1860511,streaming,25582,556,556,391,7,0.6187407970428467,41.356234073638916,0.07340088878665958,15.0,0,True,,1788384053.8297439,1788384054.4484847,1788384095.185978,"[1788384054.4484847, 1788384054.5081651, 1788384054.6076148, 1788384054.6889687, 1788384054.7752283, 1788384054.8677585, 1788384054.9529057, 1788384055.0366209, 1788384055.1218872, 1788384055.209641, 1788384055.291754, 1788384055.6293, 1788384055.6896048, 1788384055.775674, 1788384055.8614807, 1788384055.9474385, 1788384056.0334635, 1788384056.1222174, 1788384056.2037609, 1788384056.2881236, 1788384056.3732648, 1788384056.4585328, 1788384056.54378, 1788384056.628905, 1788384056.7134068, 1788384056.7986014, 1788384056.8843565, 1788384056.969259, 1788384057.0546875, 1788384057.1390512, 1788384057.2238753, 1788384057.3093522, 1788384057.3945847, 1788384057.4818223, 1788384057.5642238, 1788384057.64672, 1788384057.733047, 1788384057.8139362, 1788384057.8959372, 1788384057.9789095, 1788384058.0624526, 1788384058.1458294, 1788384058.2282217, 1788384058.3107476, 1788384058.3939962, 1788384058.477385, 1788384058.5597796, 1788384058.6423564, 1788384058.7251518, 1788384058.808638, 1788384058.8914206, 1788384058.9761965, 1788384059.0560458, 1788384059.1394413, 1788384059.2207594, 1788384059.305999, 1788384059.385439, 1788384059.4654858, 1788384059.5497522, 1788384059.628661, 1788384059.7114227, 1788384059.791795, 1788384059.8743253, 1788384059.9550424, 1788384060.0377848, 1788384060.1934137, 1788384060.2019835, 1788384060.286098, 1788384060.3579502, 1788384060.9531646, 1788384061.5799558, 1788384062.238936, 1788384062.9317589, 1788384063.6599462, 1788384064.4207451, 1788384065.2166946, 1788384066.049549, 1788384066.9096682, 1788384067.8306086, 1788384067.9278564, 1788384068.6214058, 1788384069.2114356, 1788384069.8700936, 1788384070.5592864, 1788384071.277886, 1788384071.5364609, 1788384071.6020882, 1788384071.688477, 1788384071.7768238, 1788384071.8589303, 1788384071.9421928, 1788384072.0252008, 1788384072.109356, 1788384072.1918168, 1788384072.2745953, 1788384072.3590696, 1788384072.4478312, 1788384072.5284622, 1788384073.130763, 1788384073.7593138, 1788384074.4245145, 1788384075.1207688, 1788384075.8894563, 1788384076.6249893, 1788384077.435349, 1788384078.2766855, 1788384079.1583545, 1788384080.0546753, 1788384080.8108528, 1788384080.845603, 1788384080.9341736, 1788384081.0199413, 1788384081.1019723, 1788384081.1867394, 1788384081.2721746, 1788384081.3544443, 1788384081.9574516, 1788384082.5873635, 1788384083.2519982, 1788384083.9483836, 1788384084.6749523, 1788384085.4358344, 1788384086.2312007, 1788384087.0598288, 1788384087.731866, 1788384088.3308997, 1788384088.9882698, 1788384089.6821856, 1788384090.4031272, 1788384091.208613, 1788384092.0231566, 1788384092.2898698, 1788384092.3538644, 1788384092.4425008, 1788384092.53237, 1788384092.621194, 1788384092.7109597, 1788384092.8024504, 1788384092.8875554, 1788384092.9744864, 1788384093.0606372, 1788384093.1474168, 1788384093.2338216, 1788384093.319176, 1788384093.4054406, 1788384093.4916916, 1788384093.5779066, 1788384093.6648295, 1788384093.7535117, 1788384093.8382602, 1788384093.924983, 1788384094.0115998, 1788384094.0971234, 1788384094.1833453, 1788384094.2703395, 1788384094.3561518, 1788384094.44434, 1788384094.529589, 1788384094.619367, 1788384094.7018845, 1788384094.7820716, 1788384094.8628829, 1788384094.9422138, 1788384095.0221877, 1788384095.1023788, 1788384095.1848102]","[1, 5, 5, 3, 1, 4, 2, 3, 2, 2, 1, 4, 2, 3, 5, 4, 6, 1, 4, 5, 6, 1, 1, 2, 3, 6, 2, 6, 3, 3, 6, 6, 6, 3, 3, 4, 1, 1, 2, 6, 2, 2, 5, 1, 3, 2, 6, 5, 6, 2, 6, 1, 3, 4, 5, 6, 1, 6, 3, 6, 1, 6, 1, 2, 2, 2, 1, 3, 2, 4, 2, 2, 2, 6, 6, 2, 1, 2, 4, 6, 6, 1, 2, 6, 4, 2, 1, 1, 4, 4, 3, 1, 6, 4, 4, 1, 2, 2, 6, 2, 6, 3, 6, 4, 2, 6, 2, 6, 1, 1, 6, 1, 4, 1, 5, 2, 6, 3, 5, 3, 3, 1, 1, 6, 5, 2, 5, 1, 2, 6, 6, 3, 2, 4, 5, 6, 3, 1, 6, 1, 3, 4, 3, 2, 1, 6, 2, 6, 2, 1, 6, 3, 1, 1, 2, 4, 1, 4, 6, 2, 6, 6, 5, 1, 4, 4]"
User-031,2,trace_0624,1788384095.264388,streaming,25659,177,177,359,41,8.460593223571777,22.915583848953247,0.0821306285533038,95.0,0,True,,1788384072.3487244,1788384080.8093176,1788384095.2643082,"[1788384080.8093176, 1788384080.8440964, 1788384080.9297032, 1788384081.0181973, 1788384081.1003563, 1788384081.1859424, 1788384081.2706249, 1788384081.3529053, 1788384081.955768, 1788384082.5857766, 1788384083.2504437, 1788384083.9468062, 1788384084.6733584, 1788384085.434199, 1788384086.2295508, 1788384087.058236, 1788384087.7302666, 1788384088.3292224, 1788384088.986621, 1788384089.6805768, 1788384090.4015162, 1788384091.2062917, 1788384092.0209737, 1788384092.2877903, 1788384092.3517218, 1788384092.440244, 1788384092.5301692, 1788384092.61901, 1788384092.7087965, 1788384092.8002207, 1788384092.8858984, 1788384092.9722934, 1788384093.0584695, 1788384093.1452997, 1788384093.231712, 1788384093.316907, 1788384093.4032755, 1788384093.4895632, 1788384093.576295, 1788384093.6626952, 1788384093.7514317, 1788384093.836157, 1788384093.9229004, 1788384094.009483, 1788384094.0949454, 1788384094.1812994, 1788384094.2682989, 1788384094.354526, 1788384094.4421463, 1788384094.5273664, 1788384094.6172493, 1788384094.6997676, 1788384094.7799783, 1788384094.8607438, 1788384094.9401133, 1788384095.0200715, 1788384095.1002793, 1788384095.18266, 1788384095.2618701]","[1, 6, 1, 6, 6, 2, 6, 5, 2, 3, 2, 1, 1, 2, 2, 6, 1, 2, 6, 1, 4, 2, 1, 5, 3, 1, 1, 4, 2, 1, 6, 6, 4, 3, 1, 6, 1, 1, 6, 6, 5, 3, 2, 2, 2, 4, 3, 1, 3, 1, 6, 2, 2, 3, 2, 1, 6, 1, 2]"
User-046,0,trace_0334,1788384095.9560063,streaming,11962,156,156,0,186,9.54813528060913,14.295934915542603,0.03063096538666756,0.0,0,True,,1788384081.6599884,1788384091.2081237,1788384095.9559233,"[1788384091.2081237, 1788384092.0226166, 1788384092.289368, 1788384092.353346, 1788384092.4419866, 1788384092.531846, 1788384092.620678, 1788384092.7104187, 1788384092.801924, 1788384092.8871675, 1788384092.973921, 1788384093.0601246, 1788384093.1468623, 1788384093.2332652, 1788384093.3185925, 1788384093.4048948, 1788384093.4911103, 1788384093.577479, 1788384093.6643114, 1788384093.7529993, 1788384093.8377528, 1788384093.9244776, 1788384094.011075, 1788384094.0966127, 1788384094.1828384, 1788384094.2698333, 1788384094.3557363, 1788384094.4438238, 1788384094.5290594, 1788384094.6188543, 1788384094.701365, 1788384094.7815537, 1788384094.8623517, 1788384094.941699, 1788384095.021657, 1788384095.1018734, 1788384095.1842792, 1788384095.262646, 1788384095.3380249, 1788384095.4155564, 1788384095.491787, 1788384095.5684314, 1788384095.6456103, 1788384095.721996, 1788384095.8046463, 1788384095.8770702, 1788384095.9546645]","[1, 2, 4, 4, 1, 6, 3, 5, 3, 4, 2, 3, 1, 4, 2, 3, 1, 3, 4, 1, 1, 2, 6, 2, 1, 3, 1, 6, 6, 4, 6, 6, 5, 1, 4, 1, 4, 2, 6, 6, 6, 2, 2, 3, 6, 6, 1]"
User-044,0,trace_0272,1788384096.0329163,streaming,24544,315,315,0,383,7.6400227546691895,35.84342670440674,0.08981975780171193,0.0,0,True,,1788384060.1893976,1788384067.8294203,1788384096.0328243,"[1788384067.8294203, 1788384067.9268289, 1788384068.6203575, 1788384069.2103536, 1788384069.869051, 1788384070.558212, 1788384071.2768385, 1788384071.535501, 1788384071.601035, 1788384071.6874154, 1788384071.7754164, 1788384071.8579051, 1788384071.9411147, 1788384072.0241616, 1788384072.108325, 1788384072.190694, 1788384072.2735722, 1788384072.358436, 1788384072.4467711, 1788384072.5273998, 1788384073.129698, 1788384073.7582524, 1788384074.4234517, 1788384075.1195667, 1788384075.8889277, 1788384076.6244674, 1788384077.434254, 1788384078.2756035, 1788384079.1572669, 1788384080.0535896, 1788384080.8098447, 1788384080.844597, 1788384080.9302042, 1788384081.0187523, 1788384081.1009142, 1788384081.186216, 1788384081.271206, 1788384081.3534212, 1788384081.9563801, 1788384082.5862987, 1788384083.2509897, 1788384083.9473233, 1788384084.6738644, 1788384085.434755, 1788384086.2300768, 1788384087.058807, 1788384087.7307842, 1788384088.3297362, 1788384088.9871945, 1788384089.6810956, 1788384090.4020574, 1788384091.2068152, 1788384092.0214753, 1788384092.2883372, 1788384092.3522575, 1788384092.4407547, 1788384092.5306804, 1788384092.619527, 1788384092.709306, 1788384092.8007374, 1788384092.8863041, 1788384092.9728343, 1788384093.059029, 1788384093.1458125, 1788384093.2322114, 1788384093.3175154, 1788384093.4038236, 1788384093.4900672, 1788384093.5767112, 1788384093.6632738, 1788384093.7519732, 1788384093.8366926, 1788384093.9234393, 1788384094.0099988, 1788384094.095593, 1788384094.1818285, 1788384094.2688181, 1788384094.3549407, 1788384094.4426887, 1788384094.5280235, 1788384094.6177776, 1788384094.7002954, 1788384094.7805157, 1788384094.861275, 1788384094.9406362, 1788384095.0206022, 1788384095.100834, 1788384095.1832056, 1788384095.2612326, 1788384095.3369544, 1788384095.4144382, 1788384095.4906852, 1788384095.567404, 1788384095.6444921, 1788384095.7209451, 1788384095.803561, 1788384095.876008, 1788384095.953565, 1788384096.0310965]","[1, 1, 1, 4, 5, 3, 2, 1, 4, 5, 1, 1, 6, 4, 2, 1, 2, 5, 3, 1, 1, 1, 2, 2, 3, 4, 2, 6, 6, 6, 2, 4, 5, 2, 1, 1, 2, 1, 2, 3, 1, 1, 6, 6, 6, 6, 4, 6, 1, 2, 2, 1, 6, 2, 1, 3, 4, 2, 1, 4, 2, 6, 6, 1, 6, 6, 2, 2, 1, 2, 1, 4, 6, 1, 2, 1, 4, 6, 6, 1, 2, 5, 6, 6, 6, 3, 1, 2, 2, 6, 2, 2, 1, 3, 6, 6, 6, 6, 4]"
User-043,1,trace_0052,1788384096.6327727,streaming,20257,158,158,236,80,5.084871768951416,9.426872730255127,0.027656057078367585,12.0,0,True,,1788384087.2058198,1788384092.2906916,1788384096.6326926,"[1788384092.2906916, 1788384092.3543794, 1788384092.4430692, 1788384092.5329065, 1788384092.621726, 1788384092.7114983, 1788384092.8030035, 1788384092.888011, 1788384092.975034, 1788384093.061233, 1788384093.1479585, 1788384093.2343504, 1788384093.3196893, 1788384093.4059525, 1788384093.4922318, 1788384093.5783029, 1788384093.66536, 1788384093.7540352, 1788384093.83878, 1788384093.9255128, 1788384094.0121548, 1788384094.0976346, 1788384094.1838782, 1788384094.270872, 1788384094.3565526, 1788384094.4448504, 1788384094.5301325, 1788384094.6199217, 1788384094.7024136, 1788384094.782635, 1788384094.8634167, 1788384094.9427636, 1788384095.0226943, 1788384095.1029186, 1788384095.1855984, 1788384095.2632086, 1788384095.3385715, 1788384095.4160717, 1788384095.4923117, 1788384095.568944, 1788384095.6461387, 1788384095.7225091, 1788384095.8051915, 1788384095.8776054, 1788384095.9554968, 1788384096.032472, 1788384096.1037319, 1788384096.1802425, 1788384096.2546546, 1788384096.3309686, 1788384096.4052854, 1788384096.4805374, 1788384096.5558918, 1788384096.6320632]","[1, 2, 1, 5, 1, 6, 5, 1, 4, 2, 6, 6, 5, 5, 1, 2, 3, 1, 6, 3, 3, 1, 5, 2, 6, 2, 1, 2, 1, 1, 1, 2, 5, 2, 3, 4, 1, 3, 2, 1, 1, 3, 2, 1, 4, 3, 4, 6, 3, 4, 6, 1, 3, 3]"
User-045,0,trace_0729,1788384098.13576,streaming,20161,219,219,0,314,6.547778844833374,16.953676462173462,0.04773347530889949,0.0,0,True,,1788384081.1819835,1788384087.7297623,1788384098.13566,"[1788384087.7297623, 1788384088.328706, 1788384088.986085, 1788384089.6800551, 1788384090.4009852, 1788384091.2058017, 1788384092.020445, 1788384092.2872677, 1788384092.3511875, 1788384092.4396873, 1788384092.5296662, 1788384092.6184733, 1788384092.708287, 1788384092.799639, 1788384092.885509, 1788384092.971774, 1788384093.0579507, 1788384093.1447713, 1788384093.231195, 1788384093.3163676, 1788384093.4027176, 1788384093.489055, 1788384093.5758786, 1788384093.662036, 1788384093.7508905, 1788384093.8355927, 1788384093.9222937, 1788384094.008944, 1788384094.0943863, 1788384094.180777, 1788384094.2677577, 1788384094.3538566, 1788384094.4416063, 1788384094.5268176, 1788384094.6166887, 1788384094.69912, 1788384094.779306, 1788384094.8600779, 1788384094.9394207, 1788384095.019419, 1788384095.099605, 1788384095.1820264, 1788384095.2606626, 1788384095.3362849, 1788384095.4138007, 1788384095.490057, 1788384095.5667815, 1788384095.6438546, 1788384095.7203114, 1788384095.8029542, 1788384095.875349, 1788384095.9529326, 1788384096.0304277, 1788384096.1025271, 1788384096.1790526, 1788384096.2535207, 1788384096.3298054, 1788384096.404126, 1788384096.479306, 1788384096.5546985, 1788384096.6310074, 1788384096.7050643, 1788384096.7790115, 1788384096.8527105, 1788384096.9264293, 1788384097.0003495, 1788384097.074247, 1788384097.1481042, 1788384097.2210875, 1788384097.3155942, 1788384097.3686614, 1788384097.4451132, 1788384097.516472, 1788384097.861757, 1788384097.9058363, 1788384097.9804983, 1788384098.0577362, 1788384098.1343396]","[1, 2, 6, 3, 3, 2, 2, 5, 2, 3, 1, 1, 1, 6, 4, 2, 1, 3, 1, 4, 1, 1, 4, 1, 2, 2, 5, 6, 2, 1, 6, 1, 6, 4, 3, 1, 3, 2, 1, 2, 3, 1, 2, 6, 2, 2, 1, 1, 2, 6, 3, 1, 3, 5, 1, 3, 3, 1, 5, 3, 1, 3, 1, 3, 3, 6, 4, 4, 6, 6, 2, 2, 1, 1, 2, 6, 6, 1]"
User-039,1,trace_0220,1788384100.1843748,streaming,12376,407,407,242,193,3.898289203643799,32.549965381622314,0.07057063098024265,36.0,0,True,,1788384067.6343265,1788384071.5326157,1788384100.1842918,"[1788384071.5326157, 1788384071.5980935, 1788384071.6844943, 1788384071.7722332, 1788384071.8548968, 1788384071.938195, 1788384072.0212677, 1788384072.105435, 1788384072.187694, 1788384072.2706609, 1788384072.3568022, 1788384072.4437525, 1788384072.5244591, 1788384073.1267867, 1788384073.7553782, 1788384074.4206345, 1788384075.1163054, 1788384075.8877072, 1788384076.6232247, 1788384077.4318593, 1788384078.273228, 1788384079.1549568, 1788384080.0512516, 1788384080.8055863, 1788384080.8413038, 1788384080.9268448, 1788384081.0149493, 1788384081.097778, 1788384081.1847327, 1788384081.26816, 1788384081.350585, 1788384081.9532642, 1788384082.5833411, 1788384083.248109, 1788384083.9443574, 1788384084.6710174, 1788384085.431828, 1788384086.2267954, 1788384087.0557837, 1788384087.7269075, 1788384088.3262556, 1788384088.9836788, 1788384089.6777124, 1788384090.3986068, 1788384091.203504, 1788384092.0180254, 1788384092.2847266, 1788384092.3487484, 1788384092.4373136, 1788384092.5273573, 1788384092.6161866, 1788384092.70586, 1788384092.7969747, 1788384092.884059, 1788384092.9697628, 1788384093.0561109, 1788384093.1429548, 1788384093.2293425, 1788384093.3145485, 1788384093.4009256, 1788384093.4872012, 1788384093.5745199, 1788384093.6601827, 1788384093.746321, 1788384093.8336482, 1788384093.9203973, 1788384094.0070667, 1788384094.092458, 1788384094.1789124, 1788384094.2658284, 1788384094.3523867, 1788384094.4396436, 1788384094.5249488, 1788384094.6144183, 1788384094.6979082, 1788384094.7781126, 1788384094.858838, 1788384094.938194, 1788384095.0182047, 1788384095.0984182, 1788384095.1808858, 1788384095.2595158, 1788384095.3350995, 1788384095.41258, 1788384095.4888504, 1788384095.5655441, 1788384095.642589, 1788384095.7191505, 1788384095.8015451, 1788384095.8741343, 1788384095.9517229, 1788384096.0292287, 1788384096.1013587, 1788384096.1778266, 1788384096.2523696, 1788384096.328635, 1788384096.4029472, 1788384096.4780622, 1788384096.5535316, 1788384096.6296964, 1788384096.7045252, 1788384096.7784207, 1788384096.8521585, 1788384096.9258633, 1788384096.9997964, 1788384097.073654, 1788384097.147449, 1788384097.2205424, 1788384097.3153133, 1788384097.3681293, 1788384097.4445395, 1788384097.5159168, 1788384097.859629, 1788384097.9041471, 1788384097.978917, 1788384098.0559678, 1788384098.1325626, 1788384098.2053266, 1788384098.289647, 1788384098.3548193, 1788384098.4269032, 1788384099.0213468, 1788384099.2050564, 1788384099.2723086, 1788384099.348394, 1788384099.423341, 1788384099.497561, 1788384099.5737152, 1788384099.648515, 1788384099.7253785, 1788384099.8000078, 1788384099.8771129, 1788384099.9520998, 1788384100.0289392, 1788384100.1033697, 1788384100.1818311]","[1, 6, 2, 2, 3, 1, 2, 6, 6, 5, 3, 3, 5, 1, 3, 1, 1, 3, 3, 6, 2, 1, 5, 2, 6, 3, 1, 2, 1, 6, 4, 2, 6, 6, 6, 1, 2, 3, 6, 2, 6, 1, 1, 4, 3, 2, 2, 3, 2, 1, 3, 6, 4, 5, 1, 3, 2, 3, 2, 1, 3, 2, 1, 1, 4, 2, 4, 3, 3, 1, 6, 5, 1, 2, 5, 3, 6, 3, 3, 1, 4, 4, 2, 1, 3, 1, 4, 1, 1, 1, 6, 1, 3, 3, 2, 1, 1, 5, 1, 3, 1, 2, 3, 6, 1, 6, 5, 1, 3, 1, 6, 4, 1, 6, 1, 1, 1, 6, 6, 1, 4, 6, 2, 1, 1, 3, 2, 1, 2, 6, 6, 6, 6, 3, 3, 1]"
User-036,5,trace_0615,1788384102.72368,streaming,26234,133,133,398,10,0.5509228706359863,5.413278341293335,0.0368360262928587,14.0,0,True,,1788384097.3103225,1788384097.8612454,1788384102.7236009,"[1788384097.8612454, 1788384097.9053218, 1788384097.9799945, 1788384098.057203, 1788384098.1337838, 1788384098.2059636, 1788384098.2899435, 1788384098.3555515, 1788384098.4274921, 1788384099.0219667, 1788384099.2061503, 1788384099.273475, 1788384099.349497, 1788384099.4245296, 1788384099.4987106, 1788384099.57491, 1788384099.649757, 1788384099.7264683, 1788384099.8013005, 1788384099.8783762, 1788384099.953378, 1788384100.0301194, 1788384100.1045458, 1788384100.1834338, 1788384100.2543192, 1788384100.3286574, 1788384100.4020665, 1788384100.4759467, 1788384100.5494554, 1788384100.6228554, 1788384100.7558331, 1788384100.77015, 1788384100.8489485, 1788384100.92067, 1788384101.7916777, 1788384102.7223353]","[1, 4, 2, 2, 3, 2, 1, 4, 1, 2, 3, 6, 3, 6, 5, 5, 6, 3, 1, 5, 4, 6, 1, 6, 6, 6, 4, 6, 1, 1, 3, 6, 6, 6, 3, 3]"
User-031,3,trace_0624,1788384113.9484665,streaming,28870,156,156,400,50,3.306541681289673,10.54970407485962,0.04673007995851578,16.0,0,True,,1788384103.3986726,1788384106.7052143,1788384113.9483767,"[1788384106.7052143, 1788384106.8268423, 1788384106.874547, 1788384106.9578245, 1788384107.0424376, 1788384107.1256347, 1788384107.2239785, 1788384107.2981884, 1788384107.3806088, 1788384107.462663, 1788384108.3329992, 1788384109.2384439, 1788384109.693595, 1788384110.4257882, 1788384110.4868355, 1788384110.5737195, 1788384110.659321, 1788384110.7455754, 1788384110.8322644, 1788384110.9193134, 1788384111.0055885, 1788384111.0910904, 1788384111.1779413, 1788384111.2645252, 1788384111.3505552, 1788384111.436862, 1788384111.522414, 1788384111.6091943, 1788384111.6957066, 1788384111.7836907, 1788384111.8692067, 1788384111.954187, 1788384112.0412385, 1788384112.1282017, 1788384112.2145598, 1788384112.3005452, 1788384112.3869195, 1788384112.4736807, 1788384112.5603325, 1788384112.6455977, 1788384112.731967, 1788384112.8177834, 1788384112.9050796, 1788384112.990607, 1788384113.0770867, 1788384113.1638875, 1788384113.2508008, 1788384113.3366895, 1788384113.4231026, 1788384113.5101047, 1788384113.603882, 1788384113.6825876, 1788384113.7691257, 1788384113.855954, 1788384113.9450808]","[1, 5, 1, 2, 2, 2, 6, 3, 4, 3, 1, 1, 3, 6, 1, 5, 1, 1, 1, 3, 1, 1, 6, 6, 4, 4, 2, 3, 2, 4, 2, 5, 6, 5, 2, 1, 2, 3, 5, 2, 2, 1, 3, 4, 2, 3, 1, 4, 6, 6, 1, 1, 1, 2, 1]"
User-030,4,trace_0082,1788384114.0328496,streaming,5775,208,208,244,89,3.128760576248169,12.37897276878357,0.04468701542287633,175.0,0,True,,1788384101.653736,1788384104.7824967,1788384114.032709,"[1788384104.7824967, 1788384105.7376802, 1788384106.7027073, 1788384106.8243744, 1788384106.8721359, 1788384106.9554949, 1788384107.0401878, 1788384107.123263, 1788384107.222744, 1788384107.295736, 1788384107.3782685, 1788384107.4604492, 1788384108.3305738, 1788384109.2358565, 1788384109.6911108, 1788384110.4234705, 1788384110.4844496, 1788384110.5713904, 1788384110.656794, 1788384110.7432387, 1788384110.8298368, 1788384110.9169917, 1788384111.0032752, 1788384111.088754, 1788384111.17565, 1788384111.2621472, 1788384111.3482482, 1788384111.4344916, 1788384111.5200646, 1788384111.606872, 1788384111.6933455, 1788384111.7812247, 1788384111.8668153, 1788384111.9523056, 1788384112.038781, 1788384112.125723, 1788384112.2122107, 1788384112.2979066, 1788384112.3845248, 1788384112.4712899, 1788384112.5576837, 1788384112.6432147, 1788384112.7295191, 1788384112.8159413, 1788384112.9026568, 1788384112.9882033, 1788384113.0746763, 1788384113.1615639, 1788384113.248384, 1788384113.334118, 1788384113.4206302, 1788384113.5077393, 1788384113.6015978, 1788384113.6800811, 1788384113.7667038, 1788384113.853521, 1788384113.942583, 1788384114.0277739]","[1, 5, 1, 2, 2, 2, 6, 3, 4, 6, 6, 6, 6, 3, 4, 1, 4, 2, 1, 6, 1, 1, 2, 2, 6, 1, 6, 4, 1, 2, 3, 3, 5, 2, 5, 1, 1, 6, 1, 5, 6, 6, 6, 2, 1, 5, 6, 6, 6, 4, 2, 1, 4, 6, 6, 4, 6, 2]"
User-043,2,trace_0052,1788384114.622008,streaming,25112,222,222,315,76,1.969771146774292,13.870421648025513,0.05384909729072951,10.0,0,True,,1788384100.7515018,1788384102.721273,1788384114.6219234,"[1788384102.721273, 1788384103.2914567, 1788384103.9410393, 1788384104.7836943, 1788384105.7390246, 1788384106.7038894, 1788384106.8256302, 1788384106.8733025, 1788384106.956729, 1788384107.041372, 1788384107.1245275, 1788384107.223443, 1788384107.2971454, 1788384107.3794763, 1788384107.4615839, 1788384108.3319225, 1788384109.2373135, 1788384109.6925428, 1788384110.424691, 1788384110.485693, 1788384110.572658, 1788384110.658026, 1788384110.7445061, 1788384110.8311555, 1788384110.9181743, 1788384111.004527, 1788384111.0900114, 1788384111.1768057, 1788384111.2634752, 1788384111.3495116, 1788384111.4358, 1788384111.521314, 1788384111.6081555, 1788384111.694616, 1788384111.7824054, 1788384111.8680303, 1788384111.9532993, 1788384112.0400226, 1788384112.126965, 1788384112.2133708, 1788384112.2991683, 1788384112.3857102, 1788384112.4726245, 1788384112.5589354, 1788384112.6443996, 1788384112.7307158, 1788384112.8168807, 1788384112.9038615, 1788384112.989371, 1788384113.0758846, 1788384113.1627917, 1788384113.2495966, 1788384113.3353198, 1788384113.421823, 1788384113.5088956, 1788384113.602232, 1788384113.6812372, 1788384113.7679107, 1788384113.8547058, 1788384113.943826, 1788384114.0291917, 1788384114.1130142, 1788384114.1964965, 1788384114.2804384, 1788384114.3644922, 1788384114.4481313, 1788384114.531472, 1788384114.6178694]","[1, 4, 1, 3, 1, 1, 5, 6, 2, 6, 6, 4, 2, 2, 1, 4, 3, 3, 2, 6, 2, 3, 1, 5, 6, 1, 1, 6, 1, 4, 1, 6, 2, 1, 6, 6, 2, 1, 6, 1, 4, 1, 3, 2, 2, 2, 3, 5, 6, 4, 2, 1, 6, 6, 2, 3, 4, 3, 3, 6, 6, 3, 6, 1, 5, 1, 6, 1]"
User-044,1,trace_0272,1788384115.5700276,streaming,27550,252,252,383,46,2.542386531829834,12.371830701828003,0.039161132151387126,14.0,0,True,,1788384103.1980996,1788384105.7404861,1788384115.5699303,"[1788384105.7404861, 1788384106.705717, 1788384106.8273523, 1788384106.8750913, 1788384106.9583433, 1788384107.0429606, 1788384107.1261427, 1788384107.224244, 1788384107.298711, 1788384107.3811204, 1788384107.463213, 1788384108.3335004, 1788384109.2389982, 1788384109.694125, 1788384110.4263253, 1788384110.4873846, 1788384110.5742614, 1788384110.6598334, 1788384110.7460902, 1788384110.832769, 1788384110.9198472, 1788384111.0061078, 1788384111.0916202, 1788384111.1784642, 1788384111.2650828, 1788384111.3511386, 1788384111.4373689, 1788384111.5231323, 1788384111.609709, 1788384111.6962314, 1788384111.7842093, 1788384111.8697197, 1788384111.954596, 1788384112.0417628, 1788384112.1287334, 1788384112.2151017, 1788384112.301057, 1788384112.387464, 1788384112.4742074, 1788384112.560876, 1788384112.646132, 1788384112.7324853, 1788384112.8181934, 1788384112.9056077, 1788384112.9913454, 1788384113.0776334, 1788384113.164395, 1788384113.251319, 1788384113.337219, 1788384113.4236534, 1788384113.5106325, 1788384113.6043763, 1788384113.6831572, 1788384113.7696438, 1788384113.8564632, 1788384113.9458885, 1788384114.0302677, 1788384114.1142106, 1788384114.1977673, 1788384114.2816129, 1788384114.3657274, 1788384114.4493344, 1788384114.5326993, 1788384114.6194797, 1788384114.6995203, 1788384114.7877991, 1788384114.8650327, 1788384115.2597363, 1788384115.3074317, 1788384115.3914328, 1788384115.4759374, 1788384115.567185]","[1, 4, 4, 3, 3, 1, 1, 2, 1, 1, 3, 1, 4, 5, 1, 4, 2, 1, 3, 2, 6, 6, 6, 6, 6, 2, 1, 4, 1, 2, 2, 1, 1, 6, 6, 6, 4, 1, 4, 6, 6, 5, 1, 6, 6, 6, 3, 2, 4, 5, 6, 3, 6, 6, 1, 3, 1, 3, 3, 1, 4, 4, 6, 6, 4, 3, 3, 2, 6, 6, 6, 1]"
User-035,4,trace_0062,1788384117.6648817,streaming,2964,479,479,202,45,0.9172379970550537,19.377520322799683,0.0386198375015578,797.0,0,True,,1788384098.2871757,1788384099.2044137,1788384117.664696,"[1788384099.2044137, 1788384099.2716339, 1788384099.34778, 1788384099.4226716, 1788384099.496956, 1788384099.5731225, 1788384099.6478937, 1788384099.7247725, 1788384099.7993872, 1788384099.8765109, 1788384099.9514575, 1788384100.028336, 1788384100.102725, 1788384100.1812072, 1788384100.2537274, 1788384100.3280518, 1788384100.4014678, 1788384100.475392, 1788384100.5489032, 1788384100.622269, 1788384100.7555394, 1788384100.769726, 1788384100.8483589, 1788384100.9201236, 1788384101.7910686, 1788384102.7201765, 1788384103.2908208, 1788384103.940373, 1788384104.783131, 1788384105.738479, 1788384106.7033997, 1788384106.8250382, 1788384106.8727274, 1788384106.9560993, 1788384107.0408072, 1788384107.1238918, 1788384107.2231731, 1788384107.2965024, 1788384107.3789105, 1788384107.4610434, 1788384108.3312807, 1788384109.2365942, 1788384109.6918468, 1788384110.4241056, 1788384110.4850638, 1788384110.5720189, 1788384110.6573982, 1788384110.7438662, 1788384110.8304682, 1788384110.9175973, 1788384111.003886, 1788384111.089364, 1788384111.1762693, 1788384111.2627816, 1788384111.3488874, 1788384111.4351442, 1788384111.5206778, 1788384111.6075277, 1788384111.6939683, 1788384111.7818513, 1788384111.8674726, 1788384111.9528522, 1788384112.0394788, 1788384112.1263585, 1788384112.212821, 1788384112.2985468, 1788384112.3851607, 1788384112.4720786, 1788384112.5583322, 1788384112.643846, 1788384112.7301419, 1788384112.816452, 1788384112.9032843, 1788384112.9888346, 1788384113.0753322, 1788384113.1621878, 1788384113.2490337, 1788384113.334763, 1788384113.4212534, 1788384113.5083523, 1788384113.6028094, 1788384113.6806998, 1788384113.7673495, 1788384113.8541453, 1788384113.9432526, 1788384114.028637, 1788384114.112246, 1788384114.19587, 1788384114.2798095, 1788384114.3638306, 1788384114.4474964, 1788384114.530862, 1788384114.6172223, 1788384114.698699, 1788384114.7865443, 1788384114.8637345, 1788384115.257498, 1788384115.3057601, 1788384115.389658, 1788384115.4740248, 1788384115.5652719, 1788384115.6417847, 1788384115.7241392, 1788384115.844113, 1788384115.89101, 1788384115.9773421, 1788384116.0565414, 1788384116.4301338, 1788384116.4815245, 1788384116.5658822, 1788384116.6506238, 1788384116.734971, 1788384116.81915, 1788384116.9032547, 1788384116.9861786, 1788384117.0706367, 1788384117.1548715, 1788384117.2393312, 1788384117.3230097, 1788384117.4072807, 1788384117.4915028, 1788384117.575962, 1788384117.6601446]","[1, 6, 6, 6, 2, 2, 6, 5, 6, 2, 6, 2, 6, 4, 5, 6, 5, 3, 4, 3, 5, 6, 4, 6, 6, 6, 4, 4, 1, 1, 2, 6, 6, 4, 3, 3, 2, 4, 6, 6, 5, 6, 6, 3, 4, 5, 1, 4, 2, 4, 3, 6, 1, 6, 4, 3, 2, 2, 3, 6, 3, 1, 2, 4, 2, 6, 6, 1, 5, 1, 4, 6, 6, 1, 5, 6, 2, 3, 4, 2, 3, 1, 6, 6, 2, 2, 1, 1, 6, 5, 3, 1, 1, 4, 2, 3, 4, 1, 6, 6, 4, 3, 1, 2, 3, 5, 4, 6, 6, 6, 5, 2, 6, 6, 3, 5, 6, 4, 3, 2, 6, 5, 5]"
User-025,12,trace_0588,1788384118.2509844,streaming,31523,416,416,480,5,3.123234510421753,14.54597282409668,0.027524670635361268,15.0,0,True,,1788384103.7049284,1788384106.828163,1788384118.2509012,"[1788384106.828163, 1788384106.8756235, 1788384106.9588783, 1788384107.0434616, 1788384107.126645, 1788384107.2244983, 1788384107.2992449, 1788384107.3816233, 1788384107.4637218, 1788384108.3340025, 1788384109.239562, 1788384109.6955268, 1788384110.4273355, 1788384110.4884076, 1788384110.5753534, 1788384110.6608756, 1788384110.7471483, 1788384110.8338113, 1788384110.9209073, 1788384111.0071692, 1788384111.0928633, 1788384111.1795921, 1788384111.2661192, 1788384111.3521936, 1788384111.438382, 1788384111.524194, 1788384111.6107783, 1788384111.6972554, 1788384111.7852285, 1788384111.8707435, 1788384111.955442, 1788384112.0428345, 1788384112.1297617, 1788384112.2162259, 1788384112.3020985, 1788384112.3884892, 1788384112.477121, 1788384112.562051, 1788384112.6472116, 1788384112.7335472, 1788384112.819011, 1788384112.9066863, 1788384112.9924011, 1788384113.0786963, 1788384113.1654148, 1788384113.2523718, 1788384113.3382864, 1788384113.424694, 1788384113.5117507, 1788384113.6053886, 1788384113.6842122, 1788384113.7706857, 1788384113.857493, 1788384113.9469635, 1788384114.0313249, 1788384114.1152916, 1788384114.1988728, 1788384114.2826896, 1788384114.3668141, 1788384114.4504042, 1788384114.5337691, 1788384114.6205623, 1788384114.7000477, 1788384114.7889142, 1788384114.8662796, 1788384115.2607882, 1788384115.3085084, 1788384115.3926249, 1788384115.4770274, 1788384115.5684948, 1788384115.6441572, 1788384115.7265604, 1788384115.8453312, 1788384115.8933005, 1788384115.9796655, 1788384116.0590434, 1788384116.4325573, 1788384116.4837701, 1788384116.568234, 1788384116.6530192, 1788384116.7372136, 1788384116.82151, 1788384116.9055626, 1788384116.988517, 1788384117.0729945, 1788384117.1572168, 1788384117.2417836, 1788384117.3252747, 1788384117.4096172, 1788384117.4938483, 1788384117.578328, 1788384117.6632168, 1788384117.7455168, 1788384117.8294406, 1788384117.9119084, 1788384117.995349, 1788384118.0793817, 1788384118.1616156, 1788384118.2486382]","[1, 1, 4, 3, 2, 3, 1, 4, 1, 1, 2, 3, 5, 2, 3, 1, 1, 2, 1, 6, 4, 6, 3, 6, 6, 6, 6, 1, 4, 1, 6, 6, 5, 1, 2, 6, 6, 6, 6, 6, 6, 2, 1, 2, 1, 5, 5, 5, 4, 4, 4, 6, 6, 3, 1, 6, 6, 6, 6, 6, 6, 6, 6, 6, 6, 3, 1, 6, 6, 2, 1, 2, 1, 5, 6, 3, 6, 5, 6, 2, 6, 6, 6, 5, 6, 6, 6, 6, 6, 6, 6, 6, 6, 6, 3, 6, 6, 6, 2]"
User-034,4,trace_0164,1788384118.412983,streaming,21905,283,283,311,30,2.011207103729248,9.995444059371948,0.028312897005825177,13.0,0,True,,1788384108.4174657,1788384110.4286728,1788384118.4129097,"[1788384110.4286728, 1788384110.4894872, 1788384110.5764542, 1788384110.6619256, 1788384110.74823, 1788384110.8348932, 1788384110.9219236, 1788384111.0082538, 1788384111.093968, 1788384111.180642, 1788384111.2672346, 1788384111.3533473, 1788384111.439499, 1788384111.5252848, 1788384111.6119087, 1788384111.6983383, 1788384111.7863102, 1788384111.871803, 1788384111.9562566, 1788384112.0438812, 1788384112.1308153, 1788384112.2172573, 1788384112.303143, 1788384112.3895638, 1788384112.4782717, 1788384112.5631273, 1788384112.6482768, 1788384112.7345998, 1788384112.8200035, 1788384112.9077537, 1788384112.9934256, 1788384113.079755, 1788384113.1664162, 1788384113.2534301, 1788384113.3393753, 1788384113.4257817, 1788384113.5127912, 1788384113.606435, 1788384113.6852727, 1788384113.771769, 1788384113.8585436, 1788384113.9479883, 1788384114.0323343, 1788384114.116332, 1788384114.199949, 1788384114.2837975, 1788384114.367895, 1788384114.4515383, 1788384114.5348623, 1788384114.6216087, 1788384114.7005577, 1788384114.7899723, 1788384114.8673618, 1788384115.2617817, 1788384115.3094976, 1788384115.3937027, 1788384115.4780734, 1788384115.5695145, 1788384115.6451843, 1788384115.7276626, 1788384115.8458652, 1788384115.894339, 1788384115.9807281, 1788384116.0601041, 1788384116.4335926, 1788384116.4848144, 1788384116.5693007, 1788384116.6541052, 1788384116.7383327, 1788384116.8225822, 1788384116.9066162, 1788384116.9895527, 1788384117.074073, 1788384117.1583095, 1788384117.2428644, 1788384117.326341, 1788384117.410701, 1788384117.4949658, 1788384117.5794291, 1788384117.6643317, 1788384117.7465427, 1788384117.8304708, 1788384117.9129517, 1788384117.9964325, 1788384118.0804546, 1788384118.1626751, 1788384118.2499828, 1788384118.3298316, 1788384118.4117272]","[1, 5, 5, 4, 4, 2, 3, 1, 1, 3, 1, 3, 2, 3, 5, 4, 4, 2, 2, 4, 6, 6, 2, 4, 6, 2, 6, 5, 1, 1, 4, 4, 1, 2, 2, 3, 6, 3, 6, 5, 1, 1, 6, 3, 3, 5, 5, 1, 6, 1, 2, 1, 2, 3, 2, 2, 1, 3, 2, 4, 2, 2, 2, 3, 6, 4, 4, 6, 2, 4, 6, 2, 1, 1, 2, 3, 3, 1, 6, 2, 3, 5, 2, 6, 2, 4, 2, 6, 3]"
User-007,11,trace_0398,1788384128.0213668,streaming,30800,219,219,467,11,0.5676226615905762,13.330371618270874,0.05854471998477201,108.0,0,True,,1788384114.6909027,1788384115.2585254,1788384128.0212743,"[1788384115.2585254, 1788384115.3063257, 1788384115.3902853, 1788384115.474667, 1788384115.5659282, 1788384115.6424277, 1788384115.72488, 1788384115.8444965, 1788384115.8916578, 1788384115.9779725, 1788384116.0571322, 1788384116.4308722, 1788384116.4821224, 1788384116.5664985, 1788384116.6513617, 1788384116.735565, 1788384116.8197865, 1788384116.9038851, 1788384116.9868124, 1788384117.071311, 1788384117.155496, 1788384117.239996, 1788384117.3236158, 1788384117.407899, 1788384117.492142, 1788384117.5765905, 1788384117.6611574, 1788384117.7437801, 1788384117.8276994, 1788384117.9098535, 1788384117.9934566, 1788384118.0774975, 1788384118.1598322, 1788384118.2468119, 1788384118.327472, 1788384118.4091382, 1788384118.489531, 1788384118.5702167, 1788384118.6497831, 1788384118.73178, 1788384118.8116329, 1788384118.894153, 1788384118.97603, 1788384119.0983427, 1788384119.6593256, 1788384120.2896252, 1788384120.954829, 1788384121.6494906, 1788384122.3784773, 1788384123.1385496, 1788384123.912391, 1788384124.5009694, 1788384125.1386547, 1788384125.8120852, 1788384126.5104783, 1788384127.2448072, 1788384128.0177643]","[1, 6, 6, 5, 6, 1, 2, 2, 2, 6, 6, 1, 1, 1, 1, 6, 3, 3, 2, 4, 1, 6, 4, 4, 4, 2, 6, 2, 3, 4, 6, 4, 3, 4, 3, 6, 2, 6, 4, 6, 6, 5, 6, 2, 2, 6, 1, 6, 3, 6, 6, 2, 3, 6, 6, 5, 3]"
User-047,0,trace_0228,1788384159.202349,streaming,16845,122,122,0,262,5.047913551330566,40.33676099777222,0.2916433673259641,0.0,0,True,,1788384118.8655138,1788384123.9134274,1788384159.2022748,"[1788384123.9134274, 1788384124.5015802, 1788384125.1395092, 1788384125.8128812, 1788384126.5111568, 1788384127.2454338, 1788384128.0186672, 1788384128.815457, 1788384129.6513824, 1788384130.5197668, 1788384131.4220254, 1788384132.3593462, 1788384133.3293486, 1788384134.0051475, 1788384134.592739, 1788384135.2555842, 1788384135.9457648, 1788384136.666856, 1788384137.2577772, 1788384137.8946037, 1788384138.56731, 1788384139.267529, 1788384140.0009825, 1788384140.7684565, 1788384141.5691671, 1788384142.2651365, 1788384142.860686, 1788384143.5151973, 1788384144.2039263, 1788384144.920631, 1788384145.6696682, 1788384146.4527237, 1788384147.2768219, 1788384148.1350808, 1788384149.0853338, 1788384149.8271513, 1788384150.4155822, 1788384151.0643659, 1788384151.7479584, 1788384152.4631984, 1788384153.2083015, 1788384153.8576238, 1788384154.4681127, 1788384155.1285734, 1788384155.8257856, 1788384156.5546796, 1788384157.267126, 1788384157.8624384, 1788384158.5122612, 1788384159.1960733]","[1, 2, 4, 3, 1, 6, 1, 2, 1, 3, 1, 4, 1, 2, 3, 1, 3, 2, 2, 4, 5, 1, 1, 2, 3, 1, 1, 1, 3, 2, 2, 2, 2, 1, 3, 2, 6, 1, 6, 4, 2, 6, 6, 2, 2, 3, 1, 1, 1, 2]"
User-048,0,trace_0546,1788384164.1986675,streaming,11642,96,96,0,177,17.416725635528564,44.9459547996521,0.289781359622353,0.0,0,True,,1788384119.2526524,1788384136.669378,1788384164.1986072,"[1788384136.669378, 1788384137.2601295, 1788384137.8969822, 1788384138.5697293, 1788384139.2699306, 1788384140.0034082, 1788384140.7707891, 1788384141.5715232, 1788384142.2683551, 1788384142.8635726, 1788384143.5180883, 1788384144.2068431, 1788384144.9234512, 1788384145.6725807, 1788384146.4556222, 1788384147.2797515, 1788384148.137908, 1788384149.0883665, 1788384149.8299844, 1788384150.4185083, 1788384151.0672834, 1788384151.7510977, 1788384152.466149, 1788384153.211685, 1788384153.8603113, 1788384154.4709144, 1788384155.1313229, 1788384155.8286147, 1788384156.557621, 1788384157.2696877, 1788384157.8650732, 1788384158.514981, 1788384159.199283, 1788384159.913038, 1788384160.679963, 1788384161.46898, 1788384162.2959476, 1788384162.8802862, 1788384163.5223424, 1788384164.1952338]","[1, 1, 1, 2, 6, 2, 6, 2, 1, 2, 2, 3, 1, 4, 1, 2, 1, 4, 3, 3, 2, 1, 2, 2, 5, 2, 1, 6, 1, 3, 2, 1, 5, 1, 2, 2, 1, 5, 2, 2]"
User-049,0,trace_0273,1788384168.9939344,streaming,18402,104,104,0,287,22.395391702651978,49.121394872665405,0.2594757589321692,0.0,0,True,,1788384119.8724673,1788384142.267859,1788384168.9938622,"[1788384142.267859, 1788384142.8630593, 1788384143.5175605, 1788384144.2062995, 1788384144.9229257, 1788384145.6720612, 1788384146.4551017, 1788384147.2792125, 1788384148.1374059, 1788384149.087842, 1788384149.8294985, 1788384150.4179466, 1788384151.0667083, 1788384151.750449, 1788384152.4656007, 1788384153.2111256, 1788384153.8598113, 1788384154.4703748, 1788384155.1308014, 1788384155.828107, 1788384156.5570498, 1788384157.269186, 1788384157.864543, 1788384158.5143478, 1788384159.1985865, 1788384159.9125345, 1788384160.6794536, 1788384161.4684734, 1788384162.295408, 1788384162.8797765, 1788384163.5217133, 1788384164.1945987, 1788384164.8999155, 1788384165.6526148, 1788384166.4388933, 1788384167.2625604, 1788384168.1115706, 1788384168.9905138]","[1, 2, 4, 4, 6, 4, 4, 4, 2, 2, 1, 6, 4, 3, 3, 2, 2, 1, 2, 1, 4, 2, 2, 5, 1, 1, 3, 2, 4, 1, 1, 3, 6, 1, 3, 1, 1, 5]"
User-045,1,trace_0729,1788384174.075433,streaming,26027,560,560,314,92,2.4756758213043213,66.85598587989807,0.11517050099927326,13.0,0,True,,1788384107.219358,1788384109.6950338,1788384174.0753438,"[1788384109.6950338, 1788384110.426844, 1788384110.4879038, 1788384110.5748186, 1788384110.6603487, 1788384110.746615, 1788384110.8333075, 1788384110.920383, 1788384111.0066478, 1788384111.092339, 1788384111.1790318, 1788384111.2656062, 1788384111.3516676, 1788384111.4378664, 1788384111.5236568, 1788384111.610218, 1788384111.6967382, 1788384111.784729, 1788384111.8702214, 1788384111.955005, 1788384112.0422904, 1788384112.129246, 1788384112.2156646, 1788384112.301583, 1788384112.3879642, 1788384112.4764574, 1788384112.5614116, 1788384112.6466537, 1788384112.7330174, 1788384112.818571, 1788384112.9061449, 1788384112.9918897, 1788384113.0781698, 1788384113.1648993, 1788384113.2518337, 1788384113.3377247, 1788384113.4241917, 1788384113.511199, 1788384113.6048706, 1788384113.6837077, 1788384113.7701678, 1788384113.8569667, 1788384113.946417, 1788384114.0308056, 1788384114.1147683, 1788384114.1983087, 1788384114.282149, 1788384114.3662589, 1788384114.449879, 1788384114.5332372, 1788384114.62004, 1788384114.6997995, 1788384114.7883375, 1788384114.8656027, 1788384115.2602665, 1788384115.3080087, 1788384115.3919847, 1788384115.4764936, 1788384115.567981, 1788384115.6436362, 1788384115.7260273, 1788384115.8450615, 1788384115.8927836, 1788384115.9791322, 1788384116.0584855, 1788384116.4320095, 1788384116.4832187, 1788384116.5676856, 1788384116.652508, 1788384116.736667, 1788384116.820989, 1788384116.9050434, 1788384116.9879801, 1788384117.07248, 1788384117.1566532, 1788384117.2412622, 1788384117.32476, 1788384117.4090528, 1788384117.4933257, 1788384117.5777898, 1788384117.662632, 1788384117.7449548, 1788384117.8288667, 1788384117.9112742, 1788384117.9946513, 1788384118.0786712, 1788384118.1609986, 1788384118.2479894, 1788384118.3286605, 1788384118.4103315, 1788384118.4906952, 1788384118.5714612, 1788384118.6510327, 1788384118.7329865, 1788384118.8128366, 1788384118.8956542, 1788384118.9772635, 1788384119.099037, 1788384119.6606812, 1788384120.2910907, 1788384120.95606, 1788384121.6507719, 1788384122.3797722, 1788384123.1398034, 1788384123.9145207, 1788384124.5027242, 1788384125.1408014, 1788384125.8140879, 1788384126.5122988, 1788384127.2466028, 1788384128.0199304, 1788384128.8167274, 1788384129.6525857, 1788384130.5212452, 1788384131.4232702, 1788384132.3608525, 1788384133.3305898, 1788384134.007516, 1788384134.5946143, 1788384135.2573102, 1788384135.947602, 1788384136.6685526, 1788384137.2596045, 1788384137.8964493, 1788384138.5691626, 1788384139.269376, 1788384140.0028512, 1788384140.770231, 1788384141.5709567, 1788384142.2669978, 1788384142.862514, 1788384143.517006, 1788384144.2057683, 1788384144.9223797, 1788384145.6715138, 1788384146.4545262, 1788384147.2786417, 1788384148.1368854, 1788384149.08731, 1788384149.8289924, 1788384150.417412, 1788384151.0661635, 1788384151.7499084, 1788384152.4650748, 1788384153.2105036, 1788384153.8593097, 1788384154.4698527, 1788384155.1302733, 1788384155.8275633, 1788384156.5564353, 1788384157.2686894, 1788384157.8640294, 1788384158.5138328, 1788384159.1980543, 1788384159.9120088, 1788384160.678893, 1788384161.467967, 1788384162.2948883, 1788384162.8792667, 1788384163.5211735, 1788384164.1940458, 1788384164.8993838, 1788384165.6520813, 1788384166.438331, 1788384167.262056, 1788384168.1110158, 1788384168.9898965, 1788384169.8968105, 1788384170.835335, 1788384171.8041172, 1788384172.7833679, 1788384173.336657, 1788384173.5584605, 1788384173.703884, 1788384173.7776275, 1788384173.8736598, 1788384173.971355, 1788384174.070291]","[1, 1, 1, 3, 3, 1, 1, 3, 1, 3, 5, 1, 2, 2, 4, 6, 3, 1, 2, 3, 6, 2, 6, 2, 3, 2, 6, 3, 3, 6, 6, 2, 3, 3, 5, 6, 1, 5, 3, 1, 3, 6, 3, 3, 2, 6, 3, 2, 3, 5, 4, 1, 6, 1, 6, 1, 2, 3, 1, 3, 2, 6, 3, 2, 4, 6, 2, 3, 1, 3, 3, 1, 2, 2, 6, 1, 1, 5, 2, 6, 6, 4, 6, 1, 1, 4, 1, 4, 2, 2, 2, 1, 4, 4, 3, 6, 6, 6, 1, 5, 1, 1, 6, 4, 6, 6, 6, 3, 3, 2, 2, 2, 1, 5, 5, 1, 1, 3, 6, 1, 1, 2, 4, 3, 6, 5, 3, 2, 6, 4, 2, 6, 3, 1, 4, 4, 3, 2, 2, 2, 3, 2, 2, 1, 6, 6, 3, 3, 6, 1, 1, 1, 1, 3, 3, 6, 1, 2, 1, 6, 6, 3, 2, 2, 1, 6, 3, 2, 2, 2, 2, 1, 2, 5, 6, 6, 2, 4]"
User-050,0,trace_0243,1788384174.9329271,streaming,22167,147,147,0,346,24.28251051902771,50.12475538253784,0.17700167714732967,0.0,0,True,,1788384124.8079739,1788384149.0904844,1788384174.9327292,"[1788384149.0904844, 1788384149.832346, 1788384150.4207153, 1788384151.0694134, 1788384151.753205, 1788384152.4683316, 1788384153.2138386, 1788384153.8623438, 1788384154.473144, 1788384155.1334858, 1788384155.8308032, 1788384156.5597866, 1788384157.2718203, 1788384157.8672302, 1788384158.5171368, 1788384159.2013922, 1788384159.9152305, 1788384160.6821628, 1788384161.4711146, 1788384162.298006, 1788384162.882449, 1788384163.524476, 1788384164.1976097, 1788384164.9021282, 1788384165.6549802, 1788384166.441064, 1788384167.264762, 1788384168.1137626, 1788384168.9929063, 1788384169.898973, 1788384170.8375769, 1788384171.806254, 1788384172.7862196, 1788384173.3401074, 1788384173.5624435, 1788384173.7074587, 1788384173.7811353, 1788384173.8756645, 1788384173.9751687, 1788384174.0744815, 1788384174.1670737, 1788384174.261496, 1788384174.355652, 1788384174.452635, 1788384174.5493064, 1788384174.6432002, 1788384174.7384233, 1788384174.8334625, 1788384174.9315124]","[1, 1, 1, 4, 4, 3, 6, 2, 1, 6, 5, 2, 3, 2, 5, 2, 2, 1, 6, 3, 6, 2, 6, 1, 6, 1, 3, 2, 3, 6, 3, 1, 1, 4, 2, 4, 1, 2, 2, 1, 2, 1, 6, 5, 3, 2, 2, 6, 3]"
User-048,1,trace_0546,1788384176.1587431,streaming,13780,94,94,177,33,5.072201728820801,7.893414258956909,0.03033561860361407,7.0,0,True,,1788384168.2652605,1788384173.3374622,1788384176.1586747,"[1788384173.3374622, 1788384173.559789, 1788384173.7049015, 1788384173.778626, 1788384173.874142, 1788384173.9724295, 1788384174.0718782, 1788384174.164412, 1788384174.258808, 1788384174.3536932, 1788384174.4499547, 1788384174.5465283, 1788384174.6405356, 1788384174.7357411, 1788384174.83071, 1788384174.9288328, 1788384175.020624, 1788384175.1155143, 1788384175.2096553, 1788384175.3044124, 1788384175.39815, 1788384175.4932995, 1788384175.5875053, 1788384175.682511, 1788384175.776265, 1788384175.871293, 1788384175.96851, 1788384176.0605686, 1788384176.1553607]","[1, 6, 2, 6, 6, 3, 3, 2, 1, 2, 1, 5, 6, 6, 6, 6, 3, 6, 5, 1, 1, 1, 1, 5, 2, 2, 3, 1, 1]"
User-039,2,trace_0220,1788384177.4260557,streaming,13160,211,211,435,12,6.050836086273193,26.21091389656067,0.09600037052517846,22.0,0,True,,1788384151.215049,1788384157.265885,1788384177.425963,"[1788384157.265885, 1788384157.8612254, 1788384158.5109515, 1788384159.1947265, 1788384159.9096463, 1788384160.6764815, 1788384161.4655704, 1788384162.291465, 1788384162.8763986, 1788384163.5183125, 1788384164.1911597, 1788384164.8964012, 1788384165.6491718, 1788384166.435479, 1788384167.259186, 1788384168.108189, 1788384168.9869194, 1788384169.8939402, 1788384170.8324366, 1788384171.801206, 1788384172.7802312, 1788384173.333397, 1788384173.5554407, 1788384173.7002418, 1788384173.7742884, 1788384173.8717537, 1788384173.967956, 1788384174.0668287, 1788384174.1605184, 1788384174.2548752, 1788384174.3506904, 1788384174.44604, 1788384174.542503, 1788384174.6366165, 1788384174.7317913, 1788384174.826777, 1788384174.9247065, 1788384175.016746, 1788384175.111527, 1788384175.2057917, 1788384175.3003945, 1788384175.394265, 1788384175.489281, 1788384175.5835032, 1788384175.6784275, 1788384175.7722254, 1788384175.8673089, 1788384175.9614131, 1788384176.0565057, 1788384176.1513226, 1788384176.2406428, 1788384176.330494, 1788384176.4217231, 1788384176.511638, 1788384176.6025357, 1788384176.6926408, 1788384176.7834227, 1788384176.873701, 1788384176.9647152, 1788384177.0547743, 1788384177.1464486, 1788384177.236434, 1788384177.3274121, 1788384177.4190187]","[1, 1, 6, 4, 3, 3, 1, 1, 1, 5, 2, 5, 1, 2, 4, 3, 1, 6, 3, 3, 6, 3, 2, 6, 6, 4, 6, 6, 6, 3, 1, 2, 6, 4, 6, 4, 2, 1, 2, 2, 1, 1, 1, 2, 6, 6, 6, 4, 2, 6, 1, 1, 4, 4, 2, 4, 2, 2, 2, 6, 1, 4, 3, 6]"
User-049,1,trace_0273,1788384177.8722436,streaming,18573,106,106,287,2,0.641793966293335,4.81226372718811,0.03971875962756929,8.0,0,True,,1788384173.059922,1788384173.701716,1788384177.8721857,"[1788384173.701716, 1788384173.7754745, 1788384173.872672, 1788384173.9692006, 1788384174.0681446, 1788384174.1617703, 1788384174.2561367, 1788384174.351673, 1788384174.4473283, 1788384174.5438454, 1788384174.6378586, 1788384174.7330844, 1788384174.8280365, 1788384174.926069, 1788384175.01797, 1788384175.1128802, 1788384175.2069979, 1788384175.3015382, 1788384175.3954828, 1788384175.4906158, 1788384175.5846677, 1788384175.6796148, 1788384175.7734056, 1788384175.868638, 1788384175.9625907, 1788384176.057879, 1788384176.152482, 1788384176.2417884, 1788384176.3317041, 1788384176.422965, 1788384176.5128143, 1788384176.6037111, 1788384176.6938248, 1788384176.784571, 1788384176.8748693, 1788384176.9658747, 1788384177.055964, 1788384177.1476436, 1788384177.237622, 1788384177.3283668, 1788384177.4208279, 1788384177.5089753, 1788384177.597316, 1788384177.686565, 1788384177.7758644, 1788384177.8666577]","[1, 1, 4, 3, 4, 5, 2, 2, 3, 2, 2, 2, 2, 3, 4, 2, 2, 2, 1, 1, 6, 3, 2, 1, 1, 4, 3, 2, 4, 2, 3, 2, 3, 2, 1, 1, 1, 3, 4, 2, 1, 2, 1, 2, 1, 1]"
User-007,12,trace_0398,1788384178.38993,streaming,31101,223,223,478,5,1.3849034309387207,6.2154541015625,0.02175923725506207,48.0,0,True,,1788384172.1743882,1788384173.5592916,1788384178.3898423,"[1788384173.5592916, 1788384173.7044132, 1788384173.7781372, 1788384173.8739052, 1788384173.9718719, 1788384174.0711572, 1788384174.163897, 1788384174.258266, 1788384174.353233, 1788384174.4494095, 1788384174.546006, 1788384174.640007, 1788384174.7352405, 1788384174.8301606, 1788384174.928299, 1788384175.02009, 1788384175.1149845, 1788384175.2091184, 1788384175.3038993, 1788384175.3976505, 1788384175.4927745, 1788384175.5869882, 1788384175.6819599, 1788384175.775716, 1788384175.8707225, 1788384175.9679632, 1788384176.0600502, 1788384176.1548207, 1788384176.2441323, 1788384176.334145, 1788384176.4252596, 1788384176.5153623, 1788384176.6059942, 1788384176.6963499, 1788384176.7868872, 1788384176.8773627, 1788384176.968276, 1788384177.0582144, 1788384177.14995, 1788384177.239973, 1788384177.3301477, 1788384177.422953, 1788384177.511247, 1788384177.5996733, 1788384177.6888783, 1788384177.778149, 1788384177.8692062, 1788384177.952507, 1788384178.038818, 1788384178.1252809, 1788384178.2120981, 1788384178.2976987, 1788384178.386489]","[1, 1, 5, 5, 6, 6, 6, 6, 5, 6, 3, 6, 2, 6, 6, 6, 6, 6, 6, 1, 6, 3, 6, 6, 6, 5, 1, 1, 1, 1, 1, 5, 2, 4, 2, 1, 6, 1, 3, 6, 6, 6, 6, 6, 6, 5, 6, 6, 6, 2, 3, 2, 1]"
User-052,0,trace_0594,1788384179.4148815,streaming,17534,261,261,0,273,9.249189615249634,26.369626760482788,0.06584783517397368,0.0,0,True,,1788384153.0451777,1788384162.2943673,1788384179.4148045,"[1788384162.2943673, 1788384162.878716, 1788384163.5206556, 1788384164.1935248, 1788384164.8988667, 1788384165.6515496, 1788384166.4378252, 1788384167.2615523, 1788384168.110476, 1788384168.9893909, 1788384169.896296, 1788384170.8348296, 1788384171.8036056, 1788384172.7828612, 1788384173.3361354, 1788384173.557921, 1788384173.7033722, 1788384173.7771356, 1788384173.8733912, 1788384173.9708188, 1788384174.0697663, 1788384174.1633976, 1788384174.2577536, 1788384174.3528454, 1788384174.4489007, 1788384174.5454996, 1788384174.6394928, 1788384174.734696, 1788384174.8296502, 1788384174.9278033, 1788384175.0195725, 1788384175.114451, 1788384175.2086122, 1788384175.3033936, 1788384175.39716, 1788384175.492264, 1788384175.5864506, 1788384175.6814303, 1788384175.775208, 1788384175.8702111, 1788384175.967415, 1788384176.0595205, 1788384176.1542659, 1788384176.2435884, 1788384176.333464, 1788384176.424746, 1788384176.5146165, 1788384176.60545, 1788384176.6956332, 1788384176.7863424, 1788384176.8766694, 1788384176.967748, 1788384177.0576937, 1788384177.1494389, 1788384177.2394242, 1788384177.3297615, 1788384177.4224112, 1788384177.5106962, 1788384177.599164, 1788384177.6883583, 1788384177.777632, 1788384177.868662, 1788384177.951974, 1788384178.0382524, 1788384178.1247523, 1788384178.2115552, 1788384178.297136, 1788384178.3859138, 1788384178.4679315, 1788384178.553189, 1788384178.6393244, 1788384178.7249932, 1788384178.8117242, 1788384178.8957927, 1788384178.9815428, 1788384179.067585, 1788384179.152951, 1788384179.239093, 1788384179.3240395, 1788384179.4113896]","[1, 2, 4, 4, 1, 6, 2, 1, 3, 1, 4, 2, 2, 1, 6, 4, 4, 3, 2, 2, 1, 2, 1, 4, 2, 2, 5, 1, 1, 1, 2, 2, 2, 1, 1, 2, 3, 6, 1, 2, 3, 6, 4, 6, 6, 1, 4, 6, 6, 2, 5, 4, 5, 2, 2, 2, 5, 6, 4, 3, 2, 6, 4, 4, 3, 6, 6, 4, 4, 6, 4, 5, 2, 3, 4, 2, 3, 6, 6, 2]"
User-031,4,trace_0624,1788384181.332398,streaming,29112,545,545,450,3,23.97607183456421,56.219194412231445,0.05927044591482948,16.0,0,True,,1788384125.1131108,1788384149.0891826,1788384181.3323052,"[1788384149.0891826, 1788384149.8304968, 1788384150.419064, 1788384151.0677938, 1788384151.7516348, 1788384152.4666743, 1788384153.2122192, 1788384153.8608336, 1788384154.4715621, 1788384155.131826, 1788384155.829173, 1788384156.5581465, 1788384157.2701747, 1788384157.8656435, 1788384158.5155072, 1788384159.1998346, 1788384159.9135509, 1788384160.6804812, 1788384161.4694848, 1788384162.2964313, 1788384162.880909, 1788384163.522872, 1788384164.1960392, 1788384164.9004765, 1788384165.6531868, 1788384166.439432, 1788384167.2631488, 1788384168.1121504, 1788384168.991336, 1788384169.8973308, 1788384170.835856, 1788384171.804626, 1788384172.783878, 1788384173.3379643, 1788384173.5603132, 1788384173.7054024, 1788384173.7791605, 1788384173.8743765, 1788384173.973024, 1788384174.072413, 1788384174.1649995, 1788384174.2593865, 1788384174.3540905, 1788384174.4505377, 1788384174.5471613, 1788384174.641071, 1788384174.73635, 1788384174.8313382, 1788384174.9293823, 1788384175.0212018, 1788384175.116029, 1788384175.2101693, 1788384175.3049102, 1788384175.3986483, 1788384175.493815, 1788384175.5880184, 1788384175.6830769, 1788384175.7767684, 1788384175.871798, 1788384175.969034, 1788384176.06108, 1788384176.1561613, 1788384176.2446437, 1788384176.3346515, 1788384176.4257705, 1788384176.5158968, 1788384176.6065145, 1788384176.696872, 1788384176.7874014, 1788384176.877864, 1788384176.9688277, 1788384177.0587242, 1788384177.150459, 1788384177.2405336, 1788384177.330553, 1788384177.4234958, 1788384177.511784, 1788384177.6002023, 1788384177.68941, 1788384177.7786977, 1788384177.8697636, 1788384177.9530482, 1788384178.039368, 1788384178.1258068, 1788384178.2126305, 1788384178.2982183, 1788384178.3873081, 1788384178.4684644, 1788384178.5537248, 1788384178.6398633, 1788384178.7255425, 1788384178.8123696, 1788384178.8961918, 1788384178.9820821, 1788384179.0681217, 1788384179.153519, 1788384179.2396393, 1788384179.3245776, 1788384179.412222, 1788384179.4955983, 1788384179.5795763, 1788384179.662523, 1788384179.7454684, 1788384179.8293345, 1788384179.9132977, 1788384179.997076, 1788384180.0804596, 1788384180.164237, 1788384180.267824, 1788384180.3346841, 1788384180.4152553, 1788384180.5715961, 1788384180.6378279, 1788384180.7249534, 1788384180.8113055, 1788384180.8969803, 1788384180.9830089, 1788384181.0715039, 1788384181.154657, 1788384181.2402081, 1788384181.3295004]","[1, 4, 6, 3, 6, 5, 2, 2, 2, 4, 1, 5, 6, 1, 3, 1, 6, 6, 5, 6, 2, 4, 6, 6, 6, 1, 6, 6, 1, 3, 5, 1, 1, 4, 2, 6, 6, 3, 5, 6, 6, 5, 2, 4, 3, 1, 2, 6, 6, 6, 1, 5, 5, 5, 6, 6, 4, 1, 2, 4, 6, 6, 6, 6, 6, 1, 1, 6, 2, 6, 5, 6, 6, 6, 6, 5, 6, 2, 1, 6, 6, 6, 6, 5, 4, 1, 6, 6, 5, 6, 6, 6, 6, 6, 6, 6, 6, 6, 6, 4, 6, 6, 6, 2, 5, 6, 6, 6, 4, 6, 6, 5, 2, 5, 5, 6, 6, 6, 5, 6, 1]"
User-048,2,trace_0546,1788384182.3343184,streaming,13951,82,82,210,3,0.3060109615325928,2.0709426403045654,0.02178927998483917,8.0,0,True,,1788384180.2633162,1788384180.569327,1788384182.3342588,"[1788384180.569327, 1788384180.635421, 1788384180.7224905, 1788384180.808855, 1788384180.8945172, 1788384180.9805634, 1788384181.065876, 1788384181.1522481, 1788384181.237769, 1788384181.3270433, 1788384181.4081664, 1788384181.4908087, 1788384181.5741146, 1788384181.658302, 1788384181.7430565, 1788384181.8257008, 1788384181.9093232, 1788384181.9935677, 1788384182.0780475, 1788384182.1609516, 1788384182.2442784, 1788384182.3296478]","[1, 5, 6, 3, 6, 6, 4, 4, 3, 5, 2, 2, 6, 2, 4, 3, 1, 6, 1, 6, 1, 5]"
User-034,5,trace_0164,1788384185.0404298,streaming,24460,402,402,341,40,24.323971033096313,59.532957792282104,0.08780295949921643,15.0,0,True,,1788384125.5073862,1788384149.8313572,1788384185.040344,"[1788384149.8313572, 1788384150.41965, 1788384151.068318, 1788384151.7521634, 1788384152.4672632, 1788384153.2127697, 1788384153.861332, 1788384154.472079, 1788384155.1324153, 1788384155.8297348, 1788384156.5587146, 1788384157.2707186, 1788384157.8661444, 1788384158.5160496, 1788384159.2003467, 1788384159.9141555, 1788384160.6810746, 1788384161.4700716, 1788384162.2969785, 1788384162.8814168, 1788384163.523417, 1788384164.196574, 1788384164.901081, 1788384165.6537445, 1788384166.4400113, 1788384167.2636878, 1788384168.112684, 1788384168.9918532, 1788384169.8979185, 1788384170.836432, 1788384171.8051455, 1788384172.7843733, 1788384173.3384743, 1788384173.5608058, 1788384173.7059216, 1788384173.7796834, 1788384173.874605, 1788384173.9735982, 1788384174.0729535, 1788384174.1655214, 1788384174.259924, 1788384174.3544757, 1788384174.4510884, 1788384174.5476925, 1788384174.641606, 1788384174.7368617, 1788384174.8318725, 1788384174.929964, 1788384175.021736, 1788384175.1165335, 1788384175.2107003, 1788384175.3054497, 1788384175.3991961, 1788384175.4943416, 1788384175.5885482, 1788384175.6836083, 1788384175.7772772, 1788384175.872315, 1788384175.9695778, 1788384176.061609, 1788384176.156704, 1788384176.245174, 1788384176.335192, 1788384176.4263115, 1788384176.516406, 1788384176.6070535, 1788384176.6974, 1788384176.7879035, 1788384176.8783917, 1788384176.9693446, 1788384177.0594158, 1788384177.1509986, 1788384177.2410574, 1788384177.330975, 1788384177.4240208, 1788384177.512314, 1788384177.6007152, 1788384177.689906, 1788384177.7792594, 1788384177.8703008, 1788384177.9535828, 1788384178.0399146, 1788384178.1263585, 1788384178.2131643, 1788384178.2987254, 1788384178.3878567, 1788384178.4689922, 1788384178.5542452, 1788384178.640402, 1788384178.726064, 1788384178.8129175, 1788384178.896588, 1788384178.9826174, 1788384179.0686514, 1788384179.1540754, 1788384179.2401812, 1788384179.3251016, 1788384179.4127698, 1788384179.4961317, 1788384179.5801332, 1788384179.6631162, 1788384179.746015, 1788384179.8298619, 1788384179.9138381, 1788384179.9976335, 1788384180.081005, 1788384180.1647952, 1788384180.268079, 1788384180.3352346, 1788384180.4157703, 1788384180.572107, 1788384180.6383352, 1788384180.725498, 1788384180.8118515, 1788384180.8975205, 1788384180.9835362, 1788384181.072046, 1788384181.1552124, 1788384181.2407355, 1788384181.3303022, 1788384181.4110801, 1788384181.493968, 1788384181.5771244, 1788384181.6612346, 1788384181.7459304, 1788384181.8288128, 1788384181.9122503, 1788384181.9964654, 1788384182.0810134, 1788384182.1640873, 1788384182.247142, 1788384182.3329208, 1788384182.4149067, 1788384182.4963315, 1788384182.5802045, 1788384182.6634514, 1788384182.7454736, 1788384182.828626, 1788384182.911608, 1788384183.0565343, 1788384183.076711, 1788384183.1615715, 1788384183.2475412, 1788384183.427867, 1788384184.2025113, 1788384184.2604473, 1788384184.347337, 1788384184.4337287, 1788384184.519948, 1788384184.6054418, 1788384184.6914394, 1788384184.778188, 1788384184.8646715, 1788384184.950838, 1788384185.0384977]","[1, 1, 5, 3, 2, 2, 4, 3, 2, 3, 2, 3, 4, 4, 3, 1, 3, 2, 2, 3, 2, 1, 1, 1, 5, 5, 5, 2, 2, 5, 3, 1, 4, 3, 1, 1, 3, 1, 1, 1, 2, 1, 1, 2, 2, 3, 5, 6, 1, 2, 5, 3, 3, 1, 2, 5, 1, 2, 2, 2, 2, 2, 2, 2, 6, 3, 3, 3, 2, 1, 1, 2, 4, 1, 1, 1, 1, 2, 1, 1, 5, 3, 6, 4, 3, 3, 3, 5, 6, 1, 2, 4, 2, 1, 1, 1, 1, 5, 4, 5, 3, 3, 1, 3, 3, 5, 1, 2, 1, 3, 3, 3, 5, 5, 5, 4, 1, 6, 2, 1, 2, 1, 1, 5, 2, 1, 3, 3, 2, 3, 1, 3, 2, 2, 1, 2, 6, 2, 2, 1, 2, 2, 3, 1, 3, 4, 3, 1, 2, 2, 1, 5, 4, 5, 1]"
User-046,1,trace_0334,1788384188.8641694,streaming,31250,421,421,0,487,16.655654430389404,32.734551668167114,0.0382830886613755,2041.0,0,True,,1788384156.1295285,1788384172.785183,1788384188.8640802,"[1788384172.785183, 1788384173.3390708, 1788384173.561322, 1788384173.7064261, 1788384173.7801578, 1788384173.8748581, 1788384173.974096, 1788384174.0734544, 1788384174.1660244, 1788384174.2604413, 1788384174.3548656, 1788384174.451592, 1788384174.5482168, 1788384174.6421282, 1788384174.7373848, 1788384174.8324084, 1788384174.930483, 1788384175.0222409, 1788384175.1170468, 1788384175.211235, 1788384175.3059642, 1788384175.3995798, 1788384175.4948554, 1788384175.5890603, 1788384175.6841307, 1788384175.7777717, 1788384175.872824, 1788384175.9700947, 1788384176.062123, 1788384176.1572194, 1788384176.2456777, 1788384176.3356972, 1788384176.4268415, 1788384176.5170984, 1788384176.607575, 1788384176.698069, 1788384176.7884145, 1788384176.8790612, 1788384176.9698508, 1788384177.0599146, 1788384177.1515107, 1788384177.2415888, 1788384177.3314464, 1788384177.4245825, 1788384177.512813, 1788384177.6012273, 1788384177.6904058, 1788384177.7797637, 1788384177.87082, 1788384177.954105, 1788384178.0404375, 1788384178.1269197, 1788384178.213676, 1788384178.299265, 1788384178.3883896, 1788384178.4695175, 1788384178.5548015, 1788384178.640955, 1788384178.7265697, 1788384178.8134487, 1788384178.896991, 1788384178.9831707, 1788384179.069164, 1788384179.15458, 1788384179.2406902, 1788384179.325608, 1788384179.4133275, 1788384179.4966674, 1788384179.5806732, 1788384179.6636422, 1788384179.746548, 1788384179.830374, 1788384179.9143682, 1788384179.9981441, 1788384180.0815642, 1788384180.1653237, 1788384180.2683253, 1788384180.335839, 1788384180.4164433, 1788384180.57262, 1788384180.6388772, 1788384180.7260435, 1788384180.812381, 1788384180.8980606, 1788384180.9840548, 1788384181.0725799, 1788384181.155776, 1788384181.2412605, 1788384181.3308442, 1788384181.410524, 1788384181.4934454, 1788384181.5765994, 1788384181.6606853, 1788384181.7454185, 1788384181.8282912, 1788384181.9117327, 1788384181.9959433, 1788384182.080498, 1788384182.1635628, 1788384182.2466102, 1788384182.332411, 1788384182.4143503, 1788384182.4957757, 1788384182.5796764, 1788384182.6628838, 1788384182.744894, 1788384182.8280666, 1788384182.9110732, 1788384183.0562642, 1788384183.076186, 1788384183.1610684, 1788384183.247005, 1788384183.4273772, 1788384184.201984, 1788384184.2599359, 1788384184.3467855, 1788384184.4332285, 1788384184.519442, 1788384184.6049428, 1788384184.690934, 1788384184.7776177, 1788384184.8641536, 1788384184.9502773, 1788384185.0379527, 1788384185.1187818, 1788384185.2256193, 1788384185.2877767, 1788384185.3876822, 1788384185.4958963, 1788384186.4130952, 1788384187.3914433, 1788384188.3064468, 1788384188.4289756, 1788384188.4969623, 1788384188.5874374, 1788384188.6772997, 1788384188.766201, 1788384188.8610475]","[1, 1, 6, 2, 2, 3, 2, 2, 1, 6, 6, 3, 4, 1, 1, 4, 5, 6, 6, 1, 3, 2, 6, 2, 6, 2, 3, 1, 3, 1, 3, 1, 2, 6, 6, 6, 1, 1, 4, 2, 2, 3, 1, 2, 1, 3, 6, 4, 6, 6, 2, 1, 1, 1, 3, 3, 3, 1, 4, 2, 2, 3, 3, 1, 2, 5, 2, 3, 1, 6, 5, 6, 3, 3, 6, 4, 2, 6, 4, 4, 1, 1, 3, 2, 1, 5, 4, 2, 4, 3, 2, 1, 6, 6, 2, 1, 2, 1, 2, 4, 1, 3, 6, 6, 5, 1, 2, 1, 1, 2, 1, 4, 4, 6, 6, 5, 1, 2, 1, 2, 2, 6, 6, 6, 2, 1, 3, 5, 3, 2, 1, 3, 2, 1, 4, 3, 6, 2]"
User-049,2,trace_0273,1788384188.862217,streaming,18865,91,91,289,5,0.4308812618255615,5.867950201034546,0.06041187710232205,10.0,0,True,,1788384182.9942002,1788384183.4250815,1788384188.8621504,"[1788384183.4250815, 1788384184.1986067, 1788384184.2570965, 1788384184.3439322, 1788384184.4302804, 1788384184.516667, 1788384184.6020617, 1788384184.6880405, 1788384184.774773, 1788384184.8613086, 1788384184.9474642, 1788384185.0350447, 1788384185.115881, 1788384185.2223613, 1788384185.2849336, 1788384185.386198, 1788384185.4944084, 1788384186.4098563, 1788384187.3885381, 1788384188.3034747, 1788384188.425351, 1788384188.4935226, 1788384188.5840015, 1788384188.6738658, 1788384188.7628336, 1788384188.8569472]","[1, 3, 6, 1, 4, 1, 2, 2, 6, 6, 2, 6, 4, 1, 6, 6, 3, 3, 1, 3, 1, 1, 6, 6, 6, 4]"
User-051,0,trace_0167,1788384189.2928474,streaming,13714,479,476,0,213,20.21691632270813,55.65267038345337,0.07460158749630577,0.0,0,True,,1788384133.6401274,1788384153.8570437,1788384189.2927978,"[1788384153.8570437, 1788384154.4674902, 1788384155.1279612, 1788384155.8251638, 1788384156.5538783, 1788384157.2664857, 1788384157.8618226, 1788384158.5116146, 1788384159.1953912, 1788384159.9102843, 1788384160.6771116, 1788384161.466181, 1788384162.2922435, 1788384162.8769994, 1788384163.5189986, 1788384164.191766, 1788384164.8970375, 1788384165.64978, 1788384166.436097, 1788384167.2598457, 1788384168.1088176, 1788384168.9876363, 1788384169.8945773, 1788384170.8331063, 1788384171.8018284, 1788384172.7810822, 1788384173.3343518, 1788384173.5561514, 1788384173.700861, 1788384173.774943, 1788384173.8724205, 1788384173.9685612, 1788384174.0674996, 1788384174.1611357, 1788384174.2555046, 1788384174.3512094, 1788384174.4466581, 1788384174.5431936, 1788384174.6372693, 1788384174.7324169, 1788384174.8274093, 1788384174.9253602, 1788384175.0173502, 1788384175.112159, 1788384175.2064064, 1788384175.3009837, 1788384175.394899, 1788384175.4898765, 1788384175.5841231, 1788384175.679071, 1788384175.7728403, 1788384175.8680952, 1788384175.9620197, 1788384176.0571163, 1788384176.1519403, 1788384176.2412395, 1788384176.3311293, 1788384176.4223716, 1788384176.51227, 1788384176.603175, 1788384176.6932912, 1788384176.7840261, 1788384176.8742988, 1788384176.9653196, 1788384177.055426, 1788384177.1470895, 1788384177.2370582, 1788384177.327922, 1788384177.419949, 1788384177.508374, 1788384177.5966704, 1788384177.6859767, 1788384177.7752633, 1788384177.866185, 1788384177.9499166, 1788384178.0363524, 1788384178.122887, 1788384178.2096283, 1788384178.2951005, 1788384178.3840637, 1788384178.4659064, 1788384178.5513558, 1788384178.6374886, 1788384178.7231617, 1788384178.8097022, 1788384178.894161, 1788384178.9797184, 1788384179.0656574, 1788384179.1511133, 1788384179.2372074, 1788384179.3219545, 1788384179.4094713, 1788384179.4937346, 1788384179.577663, 1788384179.6607327, 1788384179.7436097, 1788384179.8275383, 1788384179.9115465, 1788384179.9952583, 1788384180.0785606, 1788384180.1623528, 1788384180.266955, 1788384180.3329592, 1788384180.4134922, 1788384180.5699275, 1788384180.636255, 1788384180.7231705, 1788384180.809471, 1788384180.895191, 1788384180.9811816, 1788384181.066497, 1788384181.152884, 1788384181.2383673, 1788384181.327662, 1788384181.4087741, 1788384181.4914367, 1788384181.574772, 1788384181.6589394, 1788384181.743666, 1788384181.8263097, 1788384181.9099176, 1788384181.994191, 1788384182.0786426, 1788384182.161575, 1788384182.244878, 1788384182.3305492, 1788384182.4125693, 1788384182.4939435, 1788384182.57783, 1788384182.661013, 1788384182.7430615, 1788384182.8261812, 1788384182.9092398, 1788384183.0552905, 1788384183.074433, 1788384183.1592853, 1788384183.2452419, 1788384183.425681, 1788384184.1994348, 1788384184.2577257, 1788384184.3445315, 1788384184.430948, 1788384184.5172622, 1788384184.6027064, 1788384184.6886828, 1788384184.7754276, 1788384184.861918, 1788384184.9480767, 1788384185.0356855, 1788384185.116496, 1788384185.2244513, 1788384185.2855535, 1788384185.386573, 1788384185.494788, 1788384186.410584, 1788384187.3891523, 1788384188.304213, 1788384188.426915, 1788384188.494676, 1788384188.5852706, 1788384188.6751614, 1788384188.7641048, 1788384188.8587914, 1788384188.9434695, 1788384189.0286446, 1788384189.1143787, 1788384189.2002087, 1788384189.2882063]","[1, 1, 2, 4, 1, 1, 2, 1, 1, 3, 3, 2, 4, 1, 1, 1, 4, 3, 3, 3, 1, 1, 2, 1, 1, 1, 3, 5, 1, 1, 4, 3, 3, 4, 1, 1, 3, 1, 6, 5, 1, 4, 1, 3, 3, 4, 1, 1, 2, 1, 1, 1, 6, 3, 1, 1, 4, 3, 3, 3, 1, 3, 1, 5, 2, 3, 3, 2, 2, 4, 4, 2, 1, 1, 2, 2, 2, 6, 1, 1, 6, 4, 3, 3, 3, 3, 3, 6, 1, 4, 6, 1, 3, 5, 3, 2, 1, 2, 1, 1, 6, 2, 2, 2, 2, 1, 2, 6, 6, 2, 1, 2, 2, 5, 2, 5, 2, 3, 4, 5, 3, 1, 6, 4, 1, 2, 1, 1, 6, 2, 6, 6, 5, 2, 6, 4, 1, 6, 2, 6, 5, 6, 1, 6, 5, 5, 1, 5, 4, 2, 6, 2, 4, 6, 6, 6, 3, 2, 2, 3, 1, 2, 3, 1, 6, 1, 2, 1]"
User-048,3,trace_0546,1788384191.7473483,streaming,14214,78,78,213,4,2.9258766174316406,6.36452841758728,0.04465781558643688,5.0,0,True,,1788384185.3827815,1788384188.3086581,1788384191.74731,"[1788384188.3086581, 1788384188.4304671, 1788384188.4985456, 1788384188.5890756, 1788384188.6789467, 1788384188.7678761, 1788384188.8632512, 1788384188.9468174, 1788384189.0319881, 1788384189.1177418, 1788384189.203567, 1788384189.29197, 1788384189.3739512, 1788384189.4590561, 1788384189.5890057, 1788384189.7690556, 1788384189.834361, 1788384190.4423254, 1788384191.0770044, 1788384191.7460783]","[1, 4, 3, 4, 1, 3, 3, 2, 6, 6, 5, 6, 6, 6, 1, 6, 5, 1, 6, 3]"
User-040,1,trace_0278,1788384194.7389762,streaming,30267,736,736,304,168,14.912256240844727,75.64415645599365,0.08262843566686928,178.0,0,True,,1788384119.094717,1788384134.0069733,1788384194.7388735,"[1788384134.0069733, 1788384134.5940678, 1788384135.2567906, 1788384135.9470565, 1788384136.6680348, 1788384137.2590473, 1788384137.895911, 1788384138.5686226, 1788384139.2688134, 1788384140.0022507, 1788384140.769689, 1788384141.5704002, 1788384142.2664561, 1788384142.8619828, 1788384143.5164385, 1788384144.2052217, 1788384144.9218569, 1788384145.6709566, 1788384146.453995, 1788384147.2780733, 1788384148.1363356, 1788384149.086656, 1788384149.8284538, 1788384150.4168594, 1788384151.0656366, 1788384151.7493653, 1788384152.4645011, 1788384153.2099388, 1788384153.858805, 1788384154.4693277, 1788384155.1297617, 1788384155.827002, 1788384156.555864, 1788384157.2681696, 1788384157.8635125, 1788384158.513299, 1788384159.1975186, 1788384159.9114885, 1788384160.6783361, 1788384161.4674218, 1788384162.2935445, 1788384162.8781977, 1788384163.5201132, 1788384164.1929514, 1788384164.8982887, 1788384165.6509998, 1788384166.437284, 1788384167.2610478, 1788384168.109958, 1788384168.9888587, 1788384169.8957665, 1788384170.8342695, 1788384171.803076, 1788384172.7823138, 1788384173.335605, 1788384173.5573955, 1788384173.7028503, 1788384173.776595, 1788384173.8731573, 1788384173.9702601, 1788384174.0692232, 1788384174.1628678, 1788384174.25721, 1788384174.3524547, 1788384174.4483962, 1788384174.5449283, 1788384174.6389651, 1788384174.7341597, 1788384174.829111, 1788384174.927282, 1788384175.019058, 1788384175.1139426, 1788384175.2080905, 1788384175.302848, 1788384175.3966599, 1788384175.4917607, 1788384175.5859327, 1788384175.6808946, 1788384175.7746398, 1788384175.8696904, 1788384175.9668367, 1788384176.0590036, 1788384176.1537101, 1788384176.2430704, 1788384176.332947, 1788384176.4241893, 1788384176.5140762, 1788384176.6049259, 1788384176.6950865, 1788384176.7858212, 1788384176.8761072, 1788384176.9672155, 1788384177.057159, 1788384177.148915, 1788384177.238871, 1788384177.3293622, 1788384177.4219024, 1788384177.5101848, 1788384177.5986114, 1788384177.687823, 1788384177.777097, 1788384177.868136, 1788384177.9511623, 1788384178.0375416, 1788384178.124074, 1788384178.2108493, 1788384178.2962792, 1788384178.3852458, 1788384178.4671075, 1788384178.5525436, 1788384178.6386638, 1788384178.7243447, 1788384178.8111484, 1788384178.8952243, 1788384178.9808862, 1788384179.0669014, 1788384179.15229, 1788384179.2384024, 1788384179.323195, 1788384179.4106405, 1788384179.494959, 1788384179.5788991, 1788384179.6618922, 1788384179.7447808, 1788384179.8287017, 1788384179.9127433, 1788384179.9964359, 1788384180.0797875, 1788384180.1635678, 1788384180.2675748, 1788384180.3341687, 1788384180.414667, 1788384180.570996, 1788384180.6373062, 1788384180.7244184, 1788384180.8107772, 1788384180.8964493, 1788384180.9824333, 1788384181.0709593, 1788384181.1541312, 1788384181.2396626, 1788384181.3289309, 1788384181.4099624, 1788384181.4927266, 1788384181.5760863, 1788384181.6601565, 1788384181.7448902, 1788384181.827568, 1788384181.9111834, 1788384181.995407, 1788384182.0799441, 1788384182.1628528, 1788384182.246091, 1788384182.331873, 1788384182.4137154, 1788384182.4951627, 1788384182.5790505, 1788384182.6621995, 1788384182.7442486, 1788384182.8274176, 1788384182.9104202, 1788384183.0559576, 1788384183.0756662, 1788384183.1605573, 1788384183.246448, 1788384183.426773, 1788384184.2006557, 1788384184.2589095, 1788384184.3457196, 1788384184.4321465, 1788384184.5183856, 1788384184.6039135, 1788384184.6898642, 1788384184.7765446, 1788384184.8631158, 1788384184.9492514, 1788384185.0368752, 1788384185.117677, 1788384185.2251005, 1788384185.2866752, 1788384185.3871446, 1788384185.4953623, 1788384186.4120061, 1788384187.39031, 1788384188.3054078, 1788384188.4279523, 1788384188.495897, 1788384188.586359, 1788384188.67626, 1788384188.765187, 1788384188.860004, 1788384188.944666, 1788384189.029832, 1788384189.1156209, 1788384189.2013094, 1788384189.289575, 1788384189.3717136, 1788384189.4569418, 1788384189.58798, 1788384189.7669141, 1788384189.8322735, 1788384190.4402492, 1788384191.0748987, 1788384191.7437668, 1788384192.4432352, 1788384193.173347, 1788384193.935433, 1788384194.7359886]","[1, 6, 2, 6, 6, 6, 2, 4, 3, 5, 4, 4, 4, 3, 6, 5, 1, 4, 6, 6, 3, 2, 2, 6, 1, 5, 6, 2, 4, 2, 2, 4, 6, 6, 3, 4, 5, 2, 2, 3, 1, 1, 6, 6, 2, 4, 6, 1, 1, 3, 1, 1, 2, 1, 1, 6, 1, 6, 2, 2, 4, 6, 6, 2, 1, 6, 2, 6, 6, 2, 1, 3, 6, 5, 3, 1, 2, 4, 4, 3, 6, 2, 6, 1, 3, 6, 6, 2, 3, 1, 6, 2, 6, 4, 1, 6, 3, 1, 2, 3, 2, 1, 1, 4, 4, 6, 6, 4, 2, 3, 2, 3, 4, 4, 4, 6, 5, 3, 6, 2, 1, 6, 4, 6, 2, 4, 1, 3, 1, 1, 2, 6, 1, 3, 6, 1, 4, 6, 2, 4, 6, 6, 3, 3, 1, 3, 6, 5, 5, 1, 2, 2, 1, 6, 6, 3, 2, 6, 5, 2, 2, 6, 2, 1, 4, 2, 4, 2, 2, 4, 6, 1, 1, 6, 1, 2, 6, 5, 6, 4, 6, 3, 6, 6, 1, 2, 4, 4, 5, 1, 4, 6, 3, 6, 6, 4, 3, 6, 4, 6, 4, 1, 6, 6, 1, 1, 1, 2]"
User-036,6,trace_0615,1788384197.3352594,streaming,26969,828,828,408,11,0.5950772762298584,81.4958291053772,0.09782436738711892,16.0,0,True,,1788384115.8393483,1788384116.4344256,1788384197.3351774,"[1788384116.4344256, 1788384116.4853234, 1788384116.5698252, 1788384116.6546283, 1788384116.7388706, 1788384116.82314, 1788384116.9072008, 1788384116.9900715, 1788384117.0745883, 1788384117.1603043, 1788384117.2433975, 1788384117.326891, 1788384117.4112716, 1788384117.4955094, 1788384117.5799692, 1788384117.6653383, 1788384117.7471275, 1788384117.8310502, 1788384117.9134667, 1788384117.9969628, 1788384118.0809615, 1788384118.1634436, 1788384118.250528, 1788384118.3303692, 1788384118.4125168, 1788384118.4918642, 1788384118.5725412, 1788384118.652241, 1788384118.734176, 1788384118.813973, 1788384118.896848, 1788384118.9783106, 1788384119.0996187, 1788384119.66175, 1788384120.2921958, 1788384120.9571233, 1788384121.6518183, 1788384122.3808773, 1788384123.1408985, 1788384123.9156158, 1788384124.5038333, 1788384125.1419792, 1788384125.815213, 1788384126.513352, 1788384127.2476761, 1788384128.020962, 1788384128.8178182, 1788384129.6536648, 1788384130.522403, 1788384131.4245186, 1788384132.361933, 1788384133.3316596, 1788384134.0085945, 1788384134.5957556, 1788384135.2583392, 1788384135.9486232, 1788384136.6704228, 1788384137.261151, 1788384137.898046, 1788384138.573633, 1788384139.2712007, 1788384140.0044541, 1788384140.7718287, 1788384141.572557, 1788384142.2693925, 1788384142.864601, 1788384143.5192118, 1788384144.2079065, 1788384144.9245088, 1788384145.6736345, 1788384146.4566593, 1788384147.2808154, 1788384148.1389592, 1788384149.091, 1788384149.8328507, 1788384150.421229, 1788384151.0699565, 1788384151.753748, 1788384152.4688628, 1788384153.214424, 1788384153.8628645, 1788384154.4736607, 1788384155.134019, 1788384155.8313472, 1788384156.5603166, 1788384157.2723289, 1788384157.8677385, 1788384158.5176642, 1788384159.2019181, 1788384159.915753, 1788384160.6826668, 1788384161.471678, 1788384162.2985785, 1788384162.8829896, 1788384163.5249968, 1788384164.1981683, 1788384164.902634, 1788384165.6555383, 1788384166.4415662, 1788384167.2652903, 1788384168.1142695, 1788384168.9934568, 1788384169.8995316, 1788384170.8381002, 1788384171.8067794, 1788384172.7867758, 1788384173.3406453, 1788384173.5630388, 1788384173.707961, 1788384173.7816198, 1788384173.8761816, 1788384173.9756935, 1788384174.0749893, 1788384174.1675856, 1788384174.2620022, 1788384174.356043, 1788384174.4531803, 1788384174.5498388, 1788384174.643727, 1788384174.738952, 1788384174.8340132, 1788384174.9322996, 1788384175.0233154, 1788384175.1180665, 1788384175.2122679, 1788384175.3070369, 1788384175.4003396, 1788384175.4959092, 1788384175.5900905, 1788384175.685192, 1788384175.7788217, 1788384175.8739243, 1788384175.9711778, 1788384176.063184, 1788384176.1582882, 1788384176.2467468, 1788384176.3369308, 1788384176.4279037, 1788384176.518159, 1788384176.6086507, 1788384176.699133, 1788384176.789443, 1788384176.8801086, 1788384176.9709368, 1788384177.0611196, 1788384177.152583, 1788384177.242766, 1788384177.3324766, 1788384177.4256556, 1788384177.5138257, 1788384177.6022666, 1788384177.6914976, 1788384177.7808232, 1788384177.8718967, 1788384177.955223, 1788384178.0415006, 1788384178.1279886, 1788384178.2147138, 1788384178.3003237, 1788384178.389458, 1788384178.470551, 1788384178.5558817, 1788384178.6420178, 1788384178.7276478, 1788384178.8145359, 1788384178.8977926, 1788384178.9842343, 1788384179.0702496, 1788384179.1556344, 1788384179.2417336, 1788384179.32671, 1788384179.4144, 1788384179.497787, 1788384179.5817454, 1788384179.6647255, 1788384179.7476492, 1788384179.8313878, 1788384179.9154701, 1788384179.999205, 1788384180.0826366, 1788384180.16639, 1788384180.2688227, 1788384180.3369734, 1788384180.4174733, 1788384180.5736835, 1788384180.6399238, 1788384180.7271018, 1788384180.813444, 1788384180.89914, 1788384180.9850903, 1788384181.0736346, 1788384181.156865, 1788384181.2423038, 1788384181.3318918, 1788384181.4121532, 1788384181.4950387, 1788384181.578187, 1788384181.6623058, 1788384181.7470293, 1788384181.8298805, 1788384181.9133039, 1788384181.9975204, 1788384182.0820818, 1788384182.1651537, 1788384182.2482178, 1788384182.3339589, 1788384182.4159634, 1788384182.497387, 1788384182.581274, 1788384182.6645448, 1788384182.7465634, 1788384182.8296974, 1788384182.9126563, 1788384183.057076, 1788384183.0778666, 1788384183.1626415, 1788384183.2486446, 1788384183.4288766, 1788384184.2035565, 1788384184.2614703, 1788384184.3484113, 1788384184.434822, 1788384184.5210238, 1788384184.6065514, 1788384184.6925335, 1788384184.7792783, 1788384184.8657744, 1788384184.9519374, 1788384185.040016, 1788384185.1198773, 1788384185.2261689, 1788384185.2888749, 1788384185.3882198, 1788384185.4964695, 1788384186.414219, 1788384187.3925598, 1788384188.309165, 1788384188.4309788, 1788384188.4990919, 1788384188.589594, 1788384188.6794627, 1788384188.7683945, 1788384188.8637645, 1788384188.9473884, 1788384189.0325341, 1788384189.1182985, 1788384189.2040956, 1788384189.2925014, 1788384189.3744702, 1788384189.4595652, 1788384189.58925, 1788384189.7696059, 1788384189.8348784, 1788384190.442872, 1788384191.0775676, 1788384191.74691, 1788384192.4456336, 1788384193.175572, 1788384193.9375553, 1788384194.7385519, 1788384195.566784, 1788384196.428331, 1788384197.3344975]","[1, 1, 6, 2, 1, 2, 1, 3, 3, 1, 6, 6, 3, 4, 3, 6, 2, 1, 6, 1, 2, 2, 3, 2, 3, 6, 1, 2, 6, 6, 6, 3, 1, 2, 3, 1, 6, 1, 3, 3, 1, 1, 5, 1, 3, 1, 2, 1, 3, 2, 4, 3, 1, 2, 2, 1, 1, 2, 2, 6, 1, 1, 1, 1, 2, 1, 3, 2, 6, 1, 1, 6, 6, 6, 6, 3, 2, 4, 4, 4, 2, 1, 1, 3, 6, 6, 4, 1, 3, 1, 4, 1, 2, 6, 4, 6, 6, 6, 2, 4, 1, 2, 1, 2, 1, 2, 3, 4, 1, 3, 5, 6, 6, 3, 3, 5, 1, 1, 1, 6, 2, 6, 6, 6, 1, 6, 4, 1, 6, 6, 3, 6, 3, 1, 1, 1, 4, 3, 1, 3, 6, 6, 3, 1, 3, 2, 3, 4, 2, 6, 2, 6, 5, 2, 5, 3, 3, 6, 6, 2, 2, 6, 6, 6, 2, 4, 6, 3, 3, 6, 6, 2, 4, 1, 1, 2, 3, 3, 1, 1, 6, 4, 6, 2, 1, 4, 3, 5, 2, 1, 4, 4, 4, 1, 3, 1, 4, 6, 6, 1, 2, 1, 5, 1, 2, 2, 1, 2, 6, 1, 3, 1, 6, 1, 1, 6, 1, 6, 4, 6, 1, 3, 6, 1, 1, 2, 6, 2, 2, 6, 5, 1, 4, 5, 3, 4, 5, 2, 3, 6, 6, 5, 2, 1, 2, 3, 5, 2, 2, 3, 2, 2, 2, 3, 6, 1, 6, 1, 4, 1, 2, 4, 3]"
User-045,2,trace_0729,1788384210.3227904,streaming,31578,190,190,406,86,3.088759183883667,25.104129552841187,0.11648344110559535,19.0,0,True,,1788384185.2185438,1788384188.307303,1788384210.3226733,"[1788384188.307303, 1788384188.4294693, 1788384188.497479, 1788384188.5879822, 1788384188.6778376, 1788384188.7667239, 1788384188.8617887, 1788384188.945725, 1788384189.0308955, 1788384189.1166856, 1788384189.2024195, 1788384189.2908597, 1788384189.3728473, 1788384189.4580328, 1788384189.5884933, 1788384189.7679784, 1788384189.8332946, 1788384190.4412804, 1788384191.075962, 1788384191.744874, 1788384192.4444814, 1788384193.1744199, 1788384193.9364853, 1788384194.7373538, 1788384195.5656312, 1788384196.42726, 1788384197.3334227, 1788384198.2718627, 1788384199.2402194, 1788384200.07754, 1788384200.6308599, 1788384201.280307, 1788384201.9688292, 1788384202.6800592, 1788384203.431544, 1788384204.209087, 1788384205.1150134, 1788384205.6746502, 1788384206.2894983, 1788384206.9560206, 1788384207.6578705, 1788384208.3882668, 1788384209.1504183, 1788384209.2903676, 1788384209.367396, 1788384209.461902, 1788384209.5576186, 1788384209.6525447, 1788384209.7476554, 1788384209.8423831, 1788384209.9378827, 1788384210.032271, 1788384210.1274898, 1788384210.222168, 1788384210.3204186]","[1, 5, 5, 3, 1, 4, 2, 4, 1, 4, 4, 2, 6, 2, 4, 6, 1, 4, 6, 6, 1, 1, 3, 2, 6, 1, 2, 6, 5, 6, 6, 6, 3, 3, 4, 1, 1, 6, 6, 5, 1, 3, 3, 4, 1, 1, 2, 3, 6, 3, 1, 6, 6, 3, 2]"
User-039,3,trace_0220,1788384211.7505639,streaming,13432,120,120,447,4,7.198085784912109,13.27763056755066,0.05108861161881134,26.0,0,True,,1788384198.4728432,1788384205.670929,1788384211.7504737,"[1788384205.670929, 1788384206.2855337, 1788384206.9519978, 1788384207.653515, 1788384208.3842955, 1788384209.146349, 1788384209.2868187, 1788384209.3635404, 1788384209.4580655, 1788384209.553793, 1788384209.6486726, 1788384209.7439241, 1788384209.8385532, 1788384209.933916, 1788384210.0284557, 1788384210.123689, 1788384210.2181585, 1788384210.316584, 1788384210.40856, 1788384210.4977005, 1788384210.585584, 1788384210.675627, 1788384210.7642295, 1788384210.8540232, 1788384210.9428535, 1788384211.0322914, 1788384211.1217906, 1788384211.2103708, 1788384211.299056, 1788384211.388504, 1788384211.477103, 1788384211.5665271, 1788384211.6554625, 1788384211.745648]","[1, 4, 6, 2, 2, 4, 2, 4, 2, 5, 2, 1, 1, 6, 5, 6, 1, 6, 6, 5, 6, 6, 1, 2, 2, 2, 4, 5, 6, 5, 3, 1, 2, 4]"
User-052,1,trace_0594,1788384212.3685043,streaming,19113,247,247,273,25,2.935084342956543,26.87727117538452,0.09732596273344707,10.0,0,True,,1788384185.4911845,1788384188.4262688,1788384212.3684556,"[1788384188.4262688, 1788384188.4941192, 1788384188.5846446, 1788384188.6745005, 1788384188.7634773, 1788384188.8580425, 1788384188.9427872, 1788384189.0280352, 1788384189.113738, 1788384189.199583, 1788384189.2875364, 1788384189.3702238, 1788384189.4558346, 1788384189.587329, 1788384189.764629, 1788384189.8306165, 1788384190.4384139, 1788384191.073052, 1788384191.7417681, 1788384192.441026, 1788384193.1715612, 1788384193.9335601, 1788384194.7340574, 1788384195.563044, 1788384196.424904, 1788384197.3309596, 1788384198.2729552, 1788384199.2413917, 1788384200.078602, 1788384200.6319199, 1788384201.281371, 1788384201.9699779, 1788384202.6811292, 1788384203.4326937, 1788384204.2102253, 1788384205.1174533, 1788384205.676282, 1788384206.2911856, 1788384206.9576437, 1788384207.6594558, 1788384208.3898866, 1788384209.152092, 1788384209.291952, 1788384209.3689866, 1788384209.4635007, 1788384209.5592022, 1788384209.6541018, 1788384209.7492316, 1788384209.8440075, 1788384209.9394517, 1788384210.033956, 1788384210.1291106, 1788384210.2239714, 1788384210.322285, 1788384210.4123034, 1788384210.5025456, 1788384210.589949, 1788384210.6803224, 1788384210.7695017, 1788384210.8590066, 1788384210.9482155, 1788384211.0372488, 1788384211.127098, 1788384211.2153323, 1788384211.304229, 1788384211.3934822, 1788384211.4823267, 1788384211.5716045, 1788384211.660676, 1788384211.7500849, 1788384211.8377743, 1788384211.9258187, 1788384212.013693, 1788384212.1012402, 1788384212.188653, 1788384212.276513, 1788384212.3677378]","[1, 3, 3, 3, 1, 1, 6, 1, 5, 3, 6, 5, 3, 5, 4, 6, 3, 4, 6, 6, 1, 4, 2, 4, 3, 6, 6, 2, 2, 6, 1, 6, 4, 1, 2, 1, 2, 2, 1, 4, 2, 3, 2, 2, 2, 1, 1, 5, 2, 2, 1, 1, 1, 1, 5, 2, 6, 1, 5, 3, 3, 6, 6, 3, 1, 2, 3, 6, 6, 3, 1, 4, 3, 2, 4, 6, 5]"
User-054,0,trace_0666,1788384212.3683703,streaming,17434,124,124,0,272,13.220808029174805,20.47223162651062,0.05895466339297411,0.0,0,True,,1788384191.8960798,1788384205.1168878,1788384212.3683114,"[1788384205.1168878, 1788384205.6757073, 1788384206.2906318, 1788384206.9571319, 1788384207.6589365, 1788384208.3893669, 1788384209.1515129, 1788384209.2914386, 1788384209.368451, 1788384209.462963, 1788384209.5586662, 1788384209.6535618, 1788384209.7487087, 1788384209.8434348, 1788384209.9389527, 1788384210.0334144, 1788384210.1286008, 1788384210.223393, 1788384210.3217592, 1788384210.4119172, 1788384210.5020237, 1788384210.5894146, 1788384210.6798093, 1788384210.7689471, 1788384210.8584423, 1788384210.947673, 1788384211.0367188, 1788384211.1265602, 1788384211.214808, 1788384211.303711, 1788384211.392948, 1788384211.4818122, 1788384211.5710773, 1788384211.660149, 1788384211.7495067, 1788384211.83707, 1788384211.9252732, 1788384212.0129857, 1788384212.1007252, 1788384212.187981, 1788384212.2759845, 1788384212.366907]","[1, 6, 1, 2, 3, 3, 1, 2, 4, 3, 2, 3, 3, 3, 2, 6, 1, 4, 2, 2, 1, 2, 2, 6, 5, 3, 3, 2, 1, 1, 5, 3, 3, 3, 6, 3, 5, 3, 2, 6, 2, 3]"
User-049,3,trace_0273,1788384212.453058,streaming,19018,135,135,293,3,10.123661994934082,17.463704347610474,0.054776435467734266,9.0,0,True,,1788384194.9892864,1788384205.1129484,1788384212.4529908,"[1788384205.1129484, 1788384205.6725872, 1788384206.2872674, 1788384206.9537823, 1788384207.6556928, 1788384208.386069, 1788384209.1481757, 1788384209.288346, 1788384209.3652296, 1788384209.4596925, 1788384209.5554256, 1788384209.6503282, 1788384209.745455, 1788384209.8401911, 1788384209.9356987, 1788384210.0300665, 1788384210.1253035, 1788384210.2198248, 1788384210.3182535, 1788384210.4098017, 1788384210.499354, 1788384210.5868046, 1788384210.6772203, 1788384210.7659712, 1788384210.8558426, 1788384210.9448185, 1788384211.0340674, 1788384211.123758, 1788384211.2122352, 1788384211.3008509, 1788384211.390322, 1788384211.4788952, 1788384211.568384, 1788384211.6572402, 1788384211.7471073, 1788384211.8343043, 1788384211.9225943, 1788384212.0101418, 1788384212.0979676, 1788384212.1851692, 1788384212.2733645, 1788384212.3642523, 1788384212.4501934]","[1, 5, 5, 3, 6, 2, 4, 2, 1, 4, 3, 3, 2, 2, 2, 6, 4, 4, 2, 6, 6, 6, 2, 2, 1, 5, 1, 2, 6, 5, 1, 1, 4, 4, 1, 2, 1, 1, 1, 6, 2, 6, 2]"
User-034,6,trace_0164,1788384212.618925,streaming,25029,172,172,381,8,10.008519887924194,17.515987873077393,0.043903321550603495,21.0,0,True,,1788384195.1028535,1788384205.1113734,1788384212.6188414,"[1788384205.1113734, 1788384205.6715307, 1788384206.2861707, 1788384206.9526663, 1788384207.6541805, 1788384208.3849208, 1788384209.1470509, 1788384209.2873294, 1788384209.3641422, 1788384209.4586115, 1788384209.554364, 1788384209.6492293, 1788384209.7444422, 1788384209.8391101, 1788384209.934504, 1788384210.029016, 1788384210.1242545, 1788384210.2187011, 1788384210.317155, 1788384210.408981, 1788384210.4982708, 1788384210.5859888, 1788384210.6761818, 1788384210.7649057, 1788384210.8546984, 1788384210.94358, 1788384211.0329792, 1788384211.122484, 1788384211.2111375, 1788384211.2997983, 1788384211.389225, 1788384211.4778001, 1788384211.5672605, 1788384211.6561553, 1788384211.7462778, 1788384211.8330433, 1788384211.9214303, 1788384212.008883, 1788384212.0966847, 1788384212.1839721, 1788384212.2721157, 1788384212.3628697, 1788384212.4489925, 1788384212.5309868, 1788384212.6153364]","[1, 6, 2, 3, 4, 6, 6, 6, 3, 3, 2, 4, 1, 3, 6, 3, 1, 2, 6, 4, 6, 4, 5, 5, 5, 1, 6, 3, 6, 6, 2, 3, 1, 3, 4, 3, 1, 6, 6, 2, 5, 4, 5, 6, 2]"
User-050,1,trace_0243,1788384213.1866138,streaming,24172,287,287,345,32,1.1495440006256104,30.13455581665039,0.1013461951609258,12.0,0,True,,1788384183.0519347,1788384184.2014787,1788384213.1864905,"[1788384184.2014787, 1788384184.259449, 1788384184.3462303, 1788384184.4327075, 1788384184.518942, 1788384184.6044338, 1788384184.69038, 1788384184.777097, 1788384184.863638, 1788384184.9497674, 1788384185.0374446, 1788384185.1182292, 1788384185.225369, 1788384185.287252, 1788384185.3874173, 1788384185.4956274, 1788384186.4125671, 1788384187.390896, 1788384188.3059294, 1788384188.428449, 1788384188.4964426, 1788384188.5869076, 1788384188.6768048, 1788384188.7656856, 1788384188.8605168, 1788384188.9452038, 1788384189.030357, 1788384189.1161537, 1788384189.2018397, 1788384189.290165, 1788384189.3722615, 1788384189.4575157, 1788384189.5882452, 1788384189.767465, 1788384189.8327928, 1788384190.440764, 1788384191.0754504, 1788384191.7443411, 1788384192.4437764, 1788384193.1738791, 1788384193.9359577, 1788384194.7368078, 1788384195.5650852, 1788384196.4266944, 1788384197.3328729, 1788384198.2713237, 1788384199.2396717, 1788384200.076197, 1788384200.6297915, 1788384201.2792594, 1788384201.967599, 1788384202.6788566, 1788384203.430385, 1788384204.2079608, 1788384205.1139634, 1788384205.6735983, 1788384206.288343, 1788384206.9548619, 1788384207.6567538, 1788384208.3871696, 1788384209.149289, 1788384209.2893245, 1788384209.3662739, 1788384209.4607875, 1788384209.5565019, 1788384209.6514153, 1788384209.746475, 1788384209.8412564, 1788384209.9367378, 1788384210.03112, 1788384210.1263735, 1788384210.220887, 1788384210.319309, 1788384210.410681, 1788384210.5004003, 1788384210.5876472, 1788384210.67824, 1788384210.7671797, 1788384210.8568802, 1788384210.9458864, 1788384211.0351176, 1788384211.1249766, 1788384211.2132607, 1788384211.301993, 1788384211.3913906, 1788384211.4800448, 1788384211.5694535, 1788384211.658425, 1788384211.7479467, 1788384211.835472, 1788384211.9236562, 1788384212.0113702, 1788384212.0991306, 1788384212.1863751, 1788384212.274409, 1788384212.365294, 1788384212.4515517, 1788384212.5327327, 1788384212.617283, 1788384212.695962, 1788384212.7770622, 1788384212.8597665, 1788384212.9399495, 1788384213.0201702, 1788384213.100776, 1788384213.1846662]","[1, 1, 5, 3, 2, 2, 4, 4, 4, 3, 4, 4, 1, 2, 5, 3, 2, 6, 3, 6, 6, 3, 1, 3, 2, 2, 2, 4, 2, 1, 5, 2, 3, 2, 2, 4, 1, 4, 1, 3, 1, 4, 2, 2, 3, 3, 3, 4, 1, 3, 1, 3, 2, 6, 4, 6, 3, 1, 4, 2, 3, 6, 1, 4, 1, 5, 4, 4, 1, 2, 1, 1, 2, 2, 1, 2, 1, 1, 2, 2, 3, 5, 1, 4, 1, 6, 4, 3, 2, 1, 2, 1, 3, 1, 1, 1, 1, 2, 6, 1, 3, 5, 4, 2, 1, 1]"
User-022,5,trace_0418,1788384214.017834,streaming,15887,2838,2830,236,10,3.392387628555298,165.09386444091797,0.05715852838895817,12.0,0,True,,1788384048.923895,1788384052.3162825,1788384214.0177593,"[1788384052.3162825, 1788384052.332225, 1788384052.5487695, 1788384052.6157248, 1788384052.7010217, 1788384052.7848504, 1788384052.8685627, 1788384052.9530354, 1788384053.0387013, 1788384053.1244142, 1788384053.2179027, 1788384053.5538638, 1788384053.610411, 1788384054.117994, 1788384054.1757221, 1788384054.447197, 1788384054.5070934, 1788384054.6065848, 1788384054.6878893, 1788384054.7741294, 1788384054.866646, 1788384054.9518116, 1788384055.0355213, 1788384055.121017, 1788384055.2085986, 1788384055.2906768, 1788384055.6282723, 1788384055.68856, 1788384055.774534, 1788384055.8603878, 1788384055.9463172, 1788384056.0323644, 1788384056.120787, 1788384056.2026732, 1788384056.287037, 1788384056.3721848, 1788384056.457449, 1788384056.5427196, 1788384056.6278627, 1788384056.7123306, 1788384056.7975163, 1788384056.8832214, 1788384056.9682252, 1788384057.0536594, 1788384057.138004, 1788384057.2228143, 1788384057.308318, 1788384057.3935716, 1788384057.4807758, 1788384057.5631514, 1788384057.6456738, 1788384057.7303207, 1788384057.812914, 1788384057.8950508, 1788384057.9778438, 1788384058.061418, 1788384058.14478, 1788384058.227158, 1788384058.3096988, 1788384058.3929408, 1788384058.4763312, 1788384058.5586834, 1788384058.6412945, 1788384058.7240791, 1788384058.8075867, 1788384058.8902783, 1788384058.9751456, 1788384059.0566137, 1788384059.139987, 1788384059.22131, 1788384059.3065474, 1788384059.3859713, 1788384059.466009, 1788384059.550302, 1788384059.6292045, 1788384059.7119253, 1788384059.7923493, 1788384059.8748906, 1788384059.9555695, 1788384060.0383048, 1788384060.193699, 1788384060.2022216, 1788384060.2866843, 1788384060.358462, 1788384060.9536994, 1788384061.5804858, 1788384062.2394633, 1788384062.9322908, 1788384063.660484, 1788384064.4213064, 1788384065.217217, 1788384066.0500655, 1788384066.910185, 1788384067.8311672, 1788384067.9283626, 1788384068.6219368, 1788384069.211974, 1788384069.8706048, 1788384070.559725, 1788384071.2784166, 1788384071.5369546, 1788384071.6025963, 1788384071.6890144, 1788384071.7774813, 1788384071.8584082, 1788384071.941668, 1788384072.0246785, 1788384072.1088498, 1788384072.191263, 1788384072.2740772, 1788384072.3587704, 1788384072.447298, 1788384072.5279047, 1788384073.1302085, 1788384073.7587833, 1788384074.4239805, 1788384075.120099, 1788384075.889179, 1788384076.6247303, 1788384077.434818, 1788384078.2761447, 1788384079.1578043, 1788384080.054156, 1788384080.8103447, 1788384080.8450837, 1788384080.9334853, 1788384081.0192697, 1788384081.1014204, 1788384081.18647, 1788384081.271735, 1788384081.3539195, 1788384081.9569008, 1788384082.5868347, 1788384083.2514954, 1788384083.9478285, 1788384084.6744025, 1788384085.4353073, 1788384086.2306454, 1788384087.0593529, 1788384087.7313101, 1788384088.3303223, 1788384088.9877048, 1788384089.6816304, 1788384090.4025705, 1788384091.2073052, 1788384092.0220144, 1788384092.2888486, 1788384092.352773, 1788384092.441273, 1788384092.5312428, 1788384092.6200914, 1788384092.7098358, 1788384092.8012693, 1788384092.8866997, 1788384092.9733675, 1788384093.0595644, 1788384093.1463122, 1788384093.2327368, 1788384093.3180544, 1788384093.4043577, 1788384093.4905784, 1788384093.57709, 1788384093.6637871, 1788384093.7524803, 1788384093.83723, 1788384093.9239752, 1788384094.0105147, 1788384094.096098, 1788384094.1823187, 1788384094.269324, 1788384094.3553479, 1788384094.4432921, 1788384094.5285301, 1788384094.6182883, 1788384094.7008202, 1788384094.781044, 1788384094.861801, 1788384094.9411716, 1788384095.021133, 1788384095.1013503, 1788384095.1837409, 1788384095.2639203, 1788384095.3374984, 1788384095.4150007, 1788384095.4912555, 1788384095.5679233, 1788384095.645063, 1788384095.7214828, 1788384095.8041198, 1788384095.8765433, 1788384095.9541154, 1788384096.031919, 1788384096.103198, 1788384096.1796455, 1788384096.254129, 1788384096.3304117, 1788384096.404733, 1788384096.4799724, 1788384096.5553555, 1788384096.631535, 1788384096.705659, 1788384096.779628, 1788384096.8533008, 1788384096.9270635, 1788384097.0009573, 1788384097.077848, 1788384097.1486728, 1788384097.2216902, 1788384097.315865, 1788384097.3691876, 1788384097.4456308, 1788384097.5171516, 1788384097.862262, 1788384097.9063606, 1788384097.981066, 1788384098.0582862, 1788384098.1352005, 1788384098.2064927, 1788384098.2902074, 1788384098.356102, 1788384098.4280386, 1788384099.0225039, 1788384099.2066867, 1788384099.2740479, 1788384099.3500202, 1788384099.4250596, 1788384099.4992752, 1788384099.575441, 1788384099.6502848, 1788384099.72945, 1788384099.8018143, 1788384099.8789437, 1788384099.953908, 1788384100.0306938, 1788384100.1050742, 1788384100.1839523, 1788384100.2548866, 1788384100.3292263, 1788384100.4026437, 1788384100.4764915, 1788384100.550069, 1788384100.6233945, 1788384100.7561, 1788384100.7705572, 1788384100.8494992, 1788384100.9212, 1788384101.7922704, 1788384102.7231984, 1788384103.2920575, 1788384103.9416094, 1788384104.7847598, 1788384105.7409954, 1788384106.7062323, 1788384106.8286715, 1788384106.8761647, 1788384106.9594176, 1788384107.043996, 1788384107.1271703, 1788384107.224758, 1788384107.299744, 1788384107.382138, 1788384107.4642246, 1788384108.3345091, 1788384109.240142, 1788384109.6960645, 1788384110.427857, 1788384110.488955, 1788384110.5759227, 1788384110.6614223, 1788384110.7477014, 1788384110.8343713, 1788384110.9214077, 1788384111.0077147, 1788384111.093431, 1788384111.1801226, 1788384111.2666857, 1788384111.3527937, 1788384111.4389622, 1788384111.5247164, 1788384111.6113822, 1788384111.6978092, 1788384111.7857797, 1788384111.8712554, 1788384111.955859, 1788384112.0433655, 1788384112.130292, 1788384112.2167313, 1788384112.3026068, 1788384112.3890467, 1788384112.4776654, 1788384112.56258, 1788384112.6477664, 1788384112.734082, 1788384112.8194673, 1788384112.9072225, 1788384112.9929001, 1788384113.079233, 1788384113.1659112, 1788384113.252899, 1788384113.3388383, 1788384113.4252548, 1788384113.5122638, 1788384113.6059318, 1788384113.684744, 1788384113.77124, 1788384113.8580263, 1788384113.947474, 1788384114.031816, 1788384114.1158245, 1788384114.1994336, 1788384114.283273, 1788384114.3673487, 1788384114.4509783, 1788384114.5343056, 1788384114.6210926, 1788384114.7003038, 1788384114.7894592, 1788384114.8668437, 1788384115.2612996, 1788384115.308992, 1788384115.3931656, 1788384115.4775748, 1788384115.569009, 1788384115.6446674, 1788384115.7271092, 1788384115.8455875, 1788384115.893835, 1788384115.9802177, 1788384116.0595744, 1788384116.4330711, 1788384116.4842956, 1788384116.56877, 1788384116.653534, 1788384116.7377946, 1788384116.822072, 1788384116.90611, 1788384116.9890413, 1788384117.0735483, 1788384117.157754, 1788384117.242335, 1788384117.3258104, 1788384117.410163, 1788384117.494404, 1788384117.5788877, 1788384117.663762, 1788384117.746043, 1788384117.8299565, 1788384117.9124482, 1788384117.9959075, 1788384118.0799356, 1788384118.162144, 1788384118.2494447, 1788384118.3292718, 1788384118.4111495, 1788384118.4913385, 1788384118.571998, 1788384118.6516788, 1788384118.7336547, 1788384118.813439, 1788384118.8962681, 1788384118.9778047, 1788384119.0993278, 1788384119.66122, 1788384120.2916546, 1788384120.9565825, 1788384121.6512954, 1788384122.3803406, 1788384123.1403563, 1788384123.915082, 1788384124.5033042, 1788384125.141413, 1788384125.8146255, 1788384126.5128357, 1788384127.2471485, 1788384128.0204604, 1788384128.8172736, 1788384129.6531062, 1788384130.5218341, 1788384131.4238193, 1788384132.361376, 1788384133.331149, 1788384134.0080583, 1788384134.5952194, 1788384135.2578168, 1788384135.9481134, 1788384136.6698883, 1788384137.2606401, 1788384137.8975253, 1788384138.5702422, 1788384139.270648, 1788384140.0039225, 1788384140.7713199, 1788384141.5720456, 1788384142.268869, 1788384142.8640826, 1788384143.5186088, 1788384144.2073843, 1788384144.9239504, 1788384145.6731002, 1788384146.4561362, 1788384147.2802525, 1788384148.1384223, 1788384149.0896988, 1788384149.8318574, 1788384150.420171, 1788384151.0688872, 1788384151.7526882, 1788384152.4677815, 1788384153.2133045, 1788384153.8618524, 1788384154.4726057, 1788384155.1329625, 1788384155.8302693, 1788384156.5592647, 1788384157.2712724, 1788384157.8666468, 1788384158.5165575, 1788384159.2008874, 1788384159.9146595, 1788384160.681608, 1788384161.470591, 1788384162.297494, 1788384162.881925, 1788384163.5239215, 1788384164.1970816, 1788384164.9015934, 1788384165.6542518, 1788384166.440547, 1788384167.2642384, 1788384168.1132426, 1788384168.9923623, 1788384169.8984275, 1788384170.8370438, 1788384171.8057244, 1788384172.7856944, 1788384173.3395784, 1788384173.5618265, 1788384173.7069318, 1788384173.780632, 1788384173.8751078, 1788384173.9746087, 1788384174.0739534, 1788384174.1665208, 1788384174.2609544, 1788384174.3552504, 1788384174.4520981, 1788384174.548732, 1788384174.6426387, 1788384174.7378979, 1788384174.8329217, 1788384174.93099, 1788384175.0227666, 1788384175.1175637, 1788384175.211745, 1788384175.3064823, 1788384175.3999524, 1788384175.4953768, 1788384175.5895572, 1788384175.6846454, 1788384175.7782693, 1788384175.8733385, 1788384175.9706013, 1788384176.062637, 1788384176.157733, 1788384176.2461934, 1788384176.3364034, 1788384176.4273655, 1788384176.5176153, 1788384176.608104, 1788384176.6985874, 1788384176.788914, 1788384176.8795722, 1788384176.9703746, 1788384177.0604198, 1788384177.15203, 1788384177.2422113, 1788384177.3319476, 1788384177.425139, 1788384177.5133097, 1788384177.6017492, 1788384177.6909323, 1788384177.7802866, 1788384177.871374, 1788384177.9546645, 1788384178.0409508, 1788384178.1274357, 1788384178.2141857, 1788384178.2997704, 1788384178.3889005, 1788384178.4700334, 1788384178.5553243, 1788384178.641469, 1788384178.7271132, 1788384178.8139732, 1788384178.8973818, 1788384178.9836936, 1788384179.069696, 1788384179.1551037, 1788384179.2412105, 1788384179.326157, 1788384179.4138627, 1788384179.4972148, 1788384179.581203, 1788384179.664178, 1788384179.7470994, 1788384179.8309348, 1788384179.9149187, 1788384179.9986515, 1788384180.0820866, 1788384180.1658423, 1788384180.2685668, 1788384180.3363938, 1788384180.4169528, 1788384180.573129, 1788384180.6393905, 1788384180.726563, 1788384180.8129022, 1788384180.8985755, 1788384180.9845521, 1788384181.0731025, 1788384181.1563103, 1788384181.2417715, 1788384181.331356, 1788384181.411597, 1788384181.4944782, 1788384181.5776386, 1788384181.6617644, 1788384181.7464435, 1788384181.829324, 1788384181.9127789, 1788384181.9969933, 1788384182.081538, 1788384182.1646125, 1788384182.2476504, 1788384182.3334231, 1788384182.4154282, 1788384182.4968488, 1788384182.5807154, 1788384182.6639853, 1788384182.7460227, 1788384182.8291502, 1788384182.9121106, 1788384183.0567997, 1788384183.0773058, 1788384183.1620889, 1788384183.2480657, 1788384183.4283566, 1788384184.2030344, 1788384184.260943, 1788384184.347861, 1788384184.4342525, 1788384184.5204942, 1788384184.6059628, 1788384184.6919537, 1788384184.778759, 1788384184.8651989, 1788384184.9513862, 1788384185.0393026, 1788384185.1193323, 1788384185.2258813, 1788384185.2883217, 1788384185.3879504, 1788384185.4961681, 1788384186.4136264, 1788384187.3919773, 1788384188.307811, 1788384188.4299648, 1788384188.4980004, 1788384188.5885487, 1788384188.6783924, 1788384188.76731, 1788384188.8626776, 1788384188.9462729, 1788384189.031446, 1788384189.1172104, 1788384189.2029903, 1788384189.2914178, 1788384189.3734136, 1788384189.458522, 1788384189.5887506, 1788384189.7685342, 1788384189.83383, 1788384190.4417908, 1788384191.0764802, 1788384191.7455199, 1788384192.4450104, 1788384193.1750147, 1788384193.937007, 1788384194.7379012, 1788384195.5662189, 1788384196.4277692, 1788384197.333945, 1788384198.272395, 1788384199.240769, 1788384200.0780659, 1788384200.6313767, 1788384201.2808378, 1788384201.9693596, 1788384202.680574, 1788384203.4320648, 1788384204.2095957, 1788384205.1159117, 1788384205.6751778, 1788384206.290074, 1788384206.9565501, 1788384207.6583772, 1788384208.3888183, 1788384209.1509922, 1788384209.2908766, 1788384209.3679147, 1788384209.4624083, 1788384209.558123, 1788384209.653058, 1788384209.748172, 1788384209.8429146, 1788384209.9383879, 1788384210.032854, 1788384210.128047, 1788384210.2228506, 1788384210.3212237, 1788384210.4114988, 1788384210.5014808, 1788384210.588871, 1788384210.6792643, 1788384210.7682383, 1788384210.8579364, 1788384210.947118, 1788384211.0361784, 1788384211.1260083, 1788384211.2142653, 1788384211.3030555, 1788384211.3924203, 1788384211.481123, 1788384211.5705144, 1788384211.6596303, 1788384211.7489672, 1788384211.8365147, 1788384211.924728, 1788384212.012416, 1788384212.100187, 1788384212.187439, 1788384212.2754543, 1788384212.3663275, 1788384212.4525964, 1788384212.533767, 1788384212.6184096, 1788384212.697026, 1788384212.778103, 1788384212.8608437, 1788384212.9410052, 1788384213.021243, 1788384213.101787, 1788384213.1860516, 1788384213.2626681, 1788384213.3419304, 1788384213.4659495, 1788384213.5016077, 1788384213.584345, 1788384213.661009, 1788384213.8821242, 1788384213.9304872, 1788384214.0164268]","[1, 2, 1, 4, 3, 2, 6, 6, 6, 2, 5, 2, 4, 1, 2, 1, 4, 1, 5, 4, 6, 4, 2, 4, 6, 6, 4, 6, 1, 2, 1, 5, 4, 3, 2, 3, 6, 6, 6, 2, 4, 3, 3, 2, 1, 1, 1, 2, 5, 2, 6, 4, 2, 3, 2, 2, 6, 3, 1, 3, 3, 1, 2, 4, 2, 6, 5, 1, 4, 3, 4, 2, 5, 2, 6, 2, 1, 5, 4, 4, 6, 4, 1, 2, 3, 1, 4, 5, 1, 5, 2, 6, 1, 6, 5, 6, 1, 1, 6, 5, 3, 6, 2, 1, 1, 2, 2, 1, 3, 1, 3, 6, 6, 6, 3, 6, 3, 5, 5, 6, 1, 6, 2, 1, 3, 6, 4, 5, 3, 5, 2, 2, 1, 1, 5, 6, 2, 4, 6, 6, 6, 2, 2, 1, 6, 6, 6, 2, 1, 6, 6, 2, 2, 3, 6, 5, 6, 6, 6, 6, 2, 2, 1, 2, 3, 1, 4, 2, 1, 2, 2, 6, 4, 6, 6, 2, 6, 5, 2, 4, 6, 4, 2, 5, 4, 1, 5, 2, 2, 2, 3, 1, 2, 6, 4, 2, 3, 5, 2, 1, 2, 3, 5, 2, 3, 1, 6, 6, 5, 4, 5, 6, 6, 2, 4, 1, 6, 1, 2, 1, 6, 6, 4, 5, 1, 2, 4, 2, 2, 1, 1, 4, 3, 3, 1, 1, 1, 4, 6, 6, 6, 6, 1, 1, 1, 1, 6, 1, 6, 3, 4, 2, 3, 2, 1, 3, 6, 6, 1, 2, 6, 4, 3, 2, 4, 2, 2, 2, 1, 3, 1, 4, 6, 6, 4, 2, 6, 4, 5, 6, 6, 6, 6, 3, 2, 1, 2, 1, 6, 6, 4, 1, 2, 6, 5, 6, 4, 2, 5, 6, 4, 6, 3, 6, 4, 3, 4, 1, 2, 2, 6, 5, 2, 3, 2, 1, 1, 2, 2, 6, 4, 1, 1, 2, 6, 6, 1, 2, 6, 4, 5, 6, 4, 3, 3, 6, 2, 6, 6, 2, 6, 6, 4, 6, 5, 1, 2, 2, 1, 2, 3, 6, 6, 2, 1, 5, 3, 2, 2, 1, 1, 6, 3, 6, 6, 3, 5, 4, 6, 3, 5, 3, 2, 3, 1, 6, 4, 6, 2, 5, 1, 4, 6, 2, 1, 6, 1, 4, 6, 2, 3, 1, 1, 6, 4, 6, 3, 6, 3, 1, 4, 3, 1, 3, 3, 2, 2, 6, 3, 2, 2, 2, 4, 4, 6, 6, 6, 1, 6, 5, 2, 6, 6, 6, 6, 6, 6, 6, 3, 6, 6, 3, 6, 6, 6, 6, 6, 5, 3, 6, 6, 5, 6, 6, 6, 6, 6, 6, 6, 6, 2, 6, 1, 5, 4, 6, 6, 6, 6, 6, 6, 6, 3, 6, 6, 6, 6, 6, 6, 6, 6, 6, 6, 6, 6, 6, 6, 6, 4, 6, 6, 6, 6, 6, 6, 6, 6, 4, 6, 3, 6, 6, 6, 6, 6, 6, 6, 3, 6, 6, 6, 6, 6, 6, 6, 5, 6, 6, 6, 6, 6, 6, 3, 6, 6, 6, 6, 6, 6, 6, 6, 6, 6, 6, 6, 6, 6, 6, 6, 6, 4, 6, 6, 6, 6, 6, 6, 6, 6, 6, 6, 6, 6, 6, 6, 6, 6, 6, 6, 6, 4, 4, 6, 6, 4, 6, 6, 6, 6, 6, 6, 6, 6, 6, 6, 6, 6, 6, 4, 6, 6, 6, 6, 6, 6, 6, 6, 6, 6, 6, 6, 6, 6, 6, 6, 6, 6, 6, 6, 6, 6, 6, 6, 6, 6, 6, 6, 6, 6, 6, 6, 6, 6, 4, 6, 6, 6, 6, 6, 6, 6, 6, 6, 6, 6, 6, 6, 6, 6, 6, 6, 6, 6, 6, 6, 3, 6, 2, 6, 6, 6, 6, 6, 6, 6, 6, 6, 6, 6, 6, 6, 6, 6, 6, 6, 6, 6, 6, 6, 6, 6, 6, 6, 4, 1, 3, 5, 6, 2, 5, 6, 2]"
User-053,0,trace_0176,1788384215.7454925,streaming,29936,291,291,0,467,10.491456031799316,26.161192417144775,0.05403357374257055,0.0,0,True,,1788384189.5842073,1788384200.0756633,1788384215.7453997,"[1788384200.0756633, 1788384200.6292686, 1788384201.2786818, 1788384201.9669642, 1788384202.6782966, 1788384203.4298155, 1788384204.2074363, 1788384205.113454, 1788384205.6731064, 1788384206.287791, 1788384206.9542837, 1788384207.6562445, 1788384208.3866124, 1788384209.1487083, 1788384209.2888305, 1788384209.3657682, 1788384209.4602456, 1788384209.5559907, 1788384209.650892, 1788384209.7459693, 1788384209.8407009, 1788384209.9362252, 1788384210.0305867, 1788384210.1258337, 1788384210.22034, 1788384210.3187928, 1788384210.4102275, 1788384210.4998686, 1788384210.5872526, 1788384210.6777346, 1788384210.7666557, 1788384210.856357, 1788384210.9453397, 1788384211.034569, 1788384211.124299, 1788384211.212751, 1788384211.3014805, 1788384211.3908606, 1788384211.4795039, 1788384211.5689168, 1788384211.657909, 1788384211.7474885, 1788384211.8348715, 1788384211.9231284, 1788384212.0108438, 1788384212.0984848, 1788384212.1858525, 1788384212.2738876, 1788384212.364781, 1788384212.45101, 1788384212.532199, 1788384212.6167417, 1788384212.6954021, 1788384212.7765272, 1788384212.8592207, 1788384212.9393911, 1788384213.0196016, 1788384213.1002257, 1788384213.1826413, 1788384213.2616107, 1788384213.340839, 1788384213.4653938, 1788384213.5004637, 1788384213.5832741, 1788384213.6599638, 1788384213.8810513, 1788384213.9294546, 1788384214.0152936, 1788384214.0957222, 1788384214.177567, 1788384214.2604902, 1788384214.3413033, 1788384214.4239385, 1788384214.505606, 1788384214.587229, 1788384214.6698203, 1788384214.75219, 1788384214.8333306, 1788384214.92239, 1788384214.9988694, 1788384215.0824735, 1788384215.1644735, 1788384215.2478938, 1788384215.329409, 1788384215.411479, 1788384215.4947658, 1788384215.57608, 1788384215.6587708, 1788384215.7436829]","[1, 2, 4, 3, 4, 4, 2, 4, 2, 4, 2, 2, 2, 6, 2, 1, 4, 1, 1, 1, 4, 1, 2, 2, 3, 1, 6, 6, 1, 1, 1, 4, 6, 2, 2, 2, 2, 3, 2, 6, 3, 4, 6, 6, 6, 3, 6, 5, 6, 4, 3, 1, 3, 4, 4, 4, 3, 3, 1, 1, 1, 6, 6, 6, 6, 6, 4, 3, 2, 2, 1, 1, 2, 5, 1, 1, 6, 6, 6, 6, 6, 6, 2, 1, 1, 6, 1, 1, 5]"
User-055,0,trace_0449,1788384216.398925,streaming,14509,264,264,0,226,7.389746427536011,14.502431631088257,0.02704443043175759,0.0,0,True,,1788384201.896435,1788384209.2861814,1788384216.3988667,"[1788384209.2861814, 1788384209.3628998, 1788384209.457338, 1788384209.5531669, 1788384209.6480339, 1788384209.7432885, 1788384209.8379142, 1788384209.9332952, 1788384210.0277874, 1788384210.123058, 1788384210.2175238, 1788384210.3159347, 1788384210.4080927, 1788384210.4970353, 1788384210.5851111, 1788384210.674911, 1788384210.763699, 1788384210.853483, 1788384210.9422317, 1788384211.0317557, 1788384211.12126, 1788384211.2098298, 1788384211.2984607, 1788384211.3879232, 1788384211.4764996, 1788384211.5659924, 1788384211.6548836, 1788384211.7451923, 1788384211.8324378, 1788384211.9208474, 1788384212.008338, 1788384212.0961316, 1788384212.1834028, 1788384212.2715151, 1788384212.3623126, 1788384212.4484339, 1788384212.530215, 1788384212.6147125, 1788384212.694156, 1788384212.7753065, 1788384212.8578477, 1788384212.9381287, 1788384213.01835, 1788384213.0990572, 1788384213.1814733, 1788384213.2603903, 1788384213.3396816, 1788384213.464845, 1788384213.4993477, 1788384213.58217, 1788384213.6589117, 1788384213.8798919, 1788384213.9282727, 1788384214.014082, 1788384214.094521, 1788384214.17645, 1788384214.2593045, 1788384214.340158, 1788384214.4227223, 1788384214.5044613, 1788384214.5858817, 1788384214.6686938, 1788384214.7509933, 1788384214.832172, 1788384214.9212086, 1788384214.997708, 1788384215.081319, 1788384215.1632874, 1788384215.2466502, 1788384215.3282316, 1788384215.4102223, 1788384215.4935787, 1788384215.5748563, 1788384215.657562, 1788384215.742493, 1788384215.8217432, 1788384215.9052575, 1788384215.9861436, 1788384216.0690744, 1788384216.1504004, 1788384216.232525, 1788384216.314149, 1788384216.396505]","[1, 6, 6, 1, 4, 1, 3, 1, 2, 2, 5, 1, 4, 4, 1, 2, 1, 2, 6, 2, 1, 1, 3, 4, 5, 2, 2, 6, 5, 5, 1, 2, 2, 4, 2, 6, 3, 4, 6, 6, 3, 2, 3, 2, 3, 1, 1, 3, 3, 1, 3, 6, 6, 3, 4, 5, 1, 1, 1, 1, 1, 6, 1, 3, 5, 5, 1, 6, 3, 1, 6, 5, 6, 1, 6, 2, 2, 6, 6, 1, 6, 4, 3]"
User-045,3,trace_0729,1788384220.7912033,streaming,31835,132,132,492,3,0.42260313034057617,7.3307061195373535,0.05273361060455555,8.0,0,True,,1788384213.4604,1788384213.8830032,1788384220.7911062,"[1788384213.8830032, 1788384213.9310896, 1788384214.017309, 1788384214.0968091, 1788384214.1786544, 1788384214.261528, 1788384214.342351, 1788384214.4249797, 1788384214.5066922, 1788384214.588251, 1788384214.670916, 1788384214.7532263, 1788384214.834426, 1788384214.9235246, 1788384214.999958, 1788384215.0835826, 1788384215.1656003, 1788384215.2489398, 1788384215.3305707, 1788384215.4125473, 1788384215.495883, 1788384215.5771165, 1788384215.6598282, 1788384215.7450318, 1788384215.8235753, 1788384215.9070134, 1788384215.9879463, 1788384216.0707989, 1788384216.1521764, 1788384216.2343009, 1788384216.3159769, 1788384216.3985713, 1788384216.4797037, 1788384216.5620408, 1788384216.6410651, 1788384217.4995425, 1788384218.3859818, 1788384218.9429398, 1788384219.4931607, 1788384220.1221647, 1788384220.7904136]","[1, 3, 3, 6, 1, 2, 4, 4, 1, 1, 1, 5, 1, 4, 4, 1, 3, 2, 1, 5, 6, 6, 6, 1, 2, 6, 1, 1, 4, 3, 5, 1, 6, 5, 6, 6, 6, 2, 3, 1, 2]"
User-031,5,trace_0624,1788384232.2074473,streaming,29714,452,452,453,9,8.597575187683105,40.727888107299805,0.07124237897919446,20.0,0,True,,1788384191.4794557,1788384200.077031,1788384232.2073438,"[1788384200.077031, 1788384200.6302974, 1788384201.2797947, 1788384201.968139, 1788384202.6794517, 1788384203.430962, 1788384204.2085311, 1788384205.11449, 1788384205.6741388, 1788384206.2889702, 1788384206.9553888, 1788384207.657301, 1788384208.387705, 1788384209.1498187, 1788384209.2898922, 1788384209.3667915, 1788384209.4613903, 1788384209.557096, 1788384209.652029, 1788384209.7471004, 1788384209.8418686, 1788384209.9373212, 1788384210.0316563, 1788384210.126959, 1788384210.2216094, 1788384210.319893, 1788384210.411108, 1788384210.5009234, 1788384210.58818, 1788384210.67875, 1788384210.7677064, 1788384210.8574061, 1788384210.9465566, 1788384211.0356424, 1788384211.1255047, 1788384211.213762, 1788384211.302522, 1788384211.391919, 1788384211.4805865, 1788384211.5700037, 1788384211.6589537, 1788384211.7484653, 1788384211.835987, 1788384211.9241717, 1788384212.011893, 1788384212.0996826, 1788384212.1869187, 1788384212.2749345, 1788384212.3658137, 1788384212.4520557, 1788384212.5332475, 1788384212.617866, 1788384212.6964738, 1788384212.777597, 1788384212.8603232, 1788384212.9404655, 1788384213.0207193, 1788384213.1012774, 1788384213.1854897, 1788384213.2621346, 1788384213.3413699, 1788384213.465663, 1788384213.5010166, 1788384213.5838144, 1788384213.6604915, 1788384213.8815768, 1788384213.929967, 1788384214.0158343, 1788384214.0962558, 1788384214.1780956, 1788384214.2609956, 1788384214.3418107, 1788384214.424453, 1788384214.506149, 1788384214.5877368, 1788384214.6703267, 1788384214.7527137, 1788384214.833872, 1788384214.9229658, 1788384214.9993973, 1788384215.083039, 1788384215.165043, 1788384215.2484286, 1788384215.329925, 1788384215.412007, 1788384215.4953074, 1788384215.5766046, 1788384215.659307, 1788384215.7445073, 1788384215.822958, 1788384215.9064348, 1788384215.987396, 1788384216.070248, 1788384216.1515284, 1788384216.2337508, 1788384216.3153973, 1788384216.3980584, 1788384216.4802616, 1788384216.5623047, 1788384216.6416636, 1788384217.5001314, 1788384218.3865573, 1788384218.9416347, 1788384219.4920576, 1788384220.1211126, 1788384220.7893229, 1788384221.4780514, 1788384222.2171261, 1788384222.9888532, 1788384223.791446, 1788384224.5487301, 1788384225.1343832, 1788384225.780504, 1788384226.4536123, 1788384227.2771363, 1788384228.0681434, 1788384228.6500592, 1788384229.2960882, 1788384229.975771, 1788384230.6825764, 1788384231.4275515, 1788384232.2049477]","[1, 3, 2, 6, 6, 6, 5, 2, 4, 6, 6, 3, 1, 6, 1, 4, 3, 6, 3, 6, 1, 5, 6, 6, 6, 2, 4, 2, 5, 3, 6, 4, 3, 2, 1, 4, 3, 1, 3, 4, 6, 2, 6, 6, 3, 1, 6, 6, 3, 5, 2, 3, 6, 1, 2, 6, 4, 2, 6, 6, 6, 6, 3, 6, 2, 6, 2, 3, 6, 6, 3, 6, 1, 2, 2, 1, 1, 5, 6, 6, 5, 4, 1, 4, 6, 5, 1, 1, 3, 4, 6, 1, 1, 6, 6, 6, 1, 3, 1, 1, 6, 6, 1, 4, 5, 2, 1, 1, 4, 5, 1, 6, 6, 1, 2, 3, 3, 2, 3, 5, 1, 6]"
User-049,4,trace_0273,1788384235.679992,streaming,20060,117,117,296,16,2.3915598392486572,19.130357265472412,0.14429997781227374,9.0,0,True,,1788384216.5495615,1788384218.9411213,1788384235.6799188,"[1788384218.9411213, 1788384219.4915357, 1788384220.1205616, 1788384220.78877, 1788384221.4775186, 1788384222.2165594, 1788384222.9882772, 1788384223.7908957, 1788384224.548159, 1788384225.1337993, 1788384225.7799184, 1788384226.453032, 1788384227.2766337, 1788384228.0676239, 1788384228.6495018, 1788384229.295552, 1788384229.9752367, 1788384230.6820362, 1788384231.4269974, 1788384232.2043889, 1788384233.0349903, 1788384233.6609278, 1788384234.2896664, 1788384234.9677806, 1788384235.6770895]","[1, 1, 1, 6, 6, 6, 6, 3, 6, 6, 6, 3, 3, 6, 6, 6, 4, 6, 6, 6, 6, 6, 6, 1, 4]"
User-047,1,trace_0228,1788384239.6134655,streaming,9738,75,75,142,151,7.9337451457977295,20.27168583869934,0.1667289282824542,2383.0,0,True,,1788384219.3417206,1788384227.2754657,1788384239.6134064,"[1788384227.2754657, 1788384228.0664506, 1788384228.6483026, 1788384229.2942996, 1788384229.9740272, 1788384230.6808233, 1788384231.4257753, 1788384232.203235, 1788384233.0338151, 1788384233.6589355, 1788384234.2879403, 1788384234.9658656, 1788384235.675318, 1788384236.4152348, 1788384237.1800857, 1788384238.0652869, 1788384238.9230108, 1788384238.9776566, 1788384239.2790003, 1788384239.3312223, 1788384239.4230702, 1788384239.5150342, 1788384239.6076]","[1, 4, 3, 5, 2, 2, 3, 5, 1, 4, 1, 6, 6, 1, 4, 4, 1, 6, 6, 3, 1, 3, 3]"
User-052,2,trace_0594,1788384240.5154464,streaming,24308,126,126,298,81,2.487513303756714,24.06044626235962,0.17258346366882324,8.0,0,True,,1788384216.454914,1788384218.9424274,1788384240.5153604,"[1788384218.9424274, 1788384219.4926546, 1788384220.121639, 1788384220.7898896, 1788384221.478557, 1788384222.2176373, 1788384222.9894242, 1788384223.792027, 1788384224.5492413, 1788384225.134986, 1788384225.7810297, 1788384226.454137, 1788384227.2776227, 1788384228.069477, 1788384228.651162, 1788384229.297133, 1788384229.976803, 1788384230.6837013, 1788384231.4285758, 1788384232.2064233, 1788384233.0360274, 1788384233.6619763, 1788384234.290746, 1788384234.9688873, 1788384235.6784227, 1788384236.4174056, 1788384237.182338, 1788384238.0673943, 1788384238.9259453, 1788384238.979751, 1788384239.2824166, 1788384239.3343031, 1788384239.4263606, 1788384239.517553, 1788384239.611486, 1788384239.7046459, 1788384239.7921245, 1788384239.8841922, 1788384239.9722903, 1788384240.062619, 1788384240.1524444, 1788384240.243193, 1788384240.3333704, 1788384240.4230914, 1788384240.5146868]","[1, 1, 5, 3, 2, 2, 4, 3, 2, 3, 2, 3, 4, 4, 3, 1, 2, 4, 2, 3, 4, 2, 3, 5, 1, 2, 2, 3, 5, 6, 2, 1, 2, 2, 2, 5, 1, 5, 1, 5, 4, 2, 4, 1, 2]"
User-056,0,trace_0590,1788384241.0401692,streaming,18127,103,103,0,282,12.435279369354248,20.438551425933838,0.07846345153509401,0.0,0,True,,1788384220.6015525,1788384233.0368319,1788384241.040104,"[1788384233.0368319, 1788384233.6624599, 1788384234.2912586, 1788384234.969465, 1788384235.679076, 1788384236.4179382, 1788384237.1829007, 1788384238.0686579, 1788384238.9270127, 1788384238.980521, 1788384239.2834172, 1788384239.3352847, 1788384239.4294655, 1788384239.5183263, 1788384239.6124926, 1788384239.703588, 1788384239.79109, 1788384239.8831077, 1788384239.9714315, 1788384240.0616007, 1788384240.151238, 1788384240.2421255, 1788384240.3323534, 1788384240.4220517, 1788384240.5136216, 1788384240.6019864, 1788384240.6893396, 1788384240.775664, 1788384240.8659804, 1788384240.9527588, 1788384241.0395455]","[1, 1, 1, 1, 2, 4, 3, 1, 6, 2, 2, 6, 5, 3, 6, 2, 3, 3, 3, 1, 3, 6, 3, 6, 6, 2, 6, 4, 6, 1, 4]"
User-050,2,trace_0243,1788384241.7328455,streaming,26650,156,156,377,38,8.791572093963623,22.455355167388916,0.08815343918338898,12.0,0,True,,1788384219.277397,1788384228.068969,1788384241.732752,"[1788384228.068969, 1788384228.6505883, 1788384229.2966068, 1788384229.976289, 1788384230.6831644, 1788384231.428061, 1788384232.205784, 1788384233.0355215, 1788384233.6614637, 1788384234.2901843, 1788384234.9683323, 1788384235.6779037, 1788384236.4168947, 1788384237.1818216, 1788384238.0668964, 1788384238.9253993, 1788384238.979365, 1788384239.281923, 1788384239.3338125, 1788384239.425773, 1788384239.5171642, 1788384239.6106427, 1788384239.70245, 1788384239.7900116, 1788384239.8820872, 1788384239.9705276, 1788384240.0605683, 1788384240.1501775, 1788384240.2411315, 1788384240.3313258, 1788384240.4210014, 1788384240.5126102, 1788384240.6004548, 1788384240.6878247, 1788384240.7741747, 1788384240.8621972, 1788384240.9512737, 1788384241.0381296, 1788384241.123858, 1788384241.2091095, 1788384241.2959056, 1788384241.3816361, 1788384241.4684896, 1788384241.5552475, 1788384241.6416621, 1788384241.7304475]","[1, 4, 3, 2, 3, 2, 1, 2, 1, 1, 2, 1, 3, 2, 1, 4, 1, 3, 1, 2, 6, 6, 4, 1, 2, 6, 6, 5, 4, 6, 3, 6, 3, 6, 6, 4, 4, 4, 3, 6, 5, 6, 5, 2, 6, 1]"
User-022,6,trace_0418,1788384242.555994,streaming,18720,336,336,246,41,6.395262002944946,24.40110158920288,0.05374877488435204,41.0,0,True,,1788384218.1548152,1788384224.5500772,1788384242.5559168,"[1788384224.5500772, 1788384225.1355157, 1788384225.7815413, 1788384226.454658, 1788384227.2781153, 1788384228.0699763, 1788384228.651682, 1788384229.2976356, 1788384229.977304, 1788384230.684222, 1788384231.429095, 1788384232.2069697, 1788384233.0373333, 1788384233.6629634, 1788384234.2917566, 1788384234.9699996, 1788384235.6795945, 1788384236.4184914, 1788384237.1834552, 1788384238.0691574, 1788384238.927538, 1788384238.9808986, 1788384239.2839074, 1788384239.3357892, 1788384239.429996, 1788384239.518708, 1788384239.613019, 1788384239.7040994, 1788384239.7916088, 1788384239.8836193, 1788384239.9718459, 1788384240.0620964, 1788384240.1519089, 1788384240.2426348, 1788384240.3328571, 1788384240.422558, 1788384240.5141282, 1788384240.5988748, 1788384240.6860695, 1788384240.7726026, 1788384240.86043, 1788384240.9493904, 1788384241.0366027, 1788384241.1253788, 1788384241.2106376, 1788384241.2975316, 1788384241.3832636, 1788384241.4700918, 1788384241.5568395, 1788384241.643231, 1788384241.7323322, 1788384241.8135035, 1788384241.8986044, 1788384241.9850016, 1788384242.066931, 1788384242.2268379, 1788384242.2943976, 1788384242.3803065, 1788384242.466826, 1788384242.5552132]","[1, 3, 6, 4, 6, 2, 6, 6, 6, 6, 6, 6, 6, 6, 6, 6, 6, 6, 6, 6, 6, 6, 6, 6, 6, 6, 6, 6, 1, 6, 6, 6, 6, 6, 6, 6, 6, 6, 6, 6, 6, 6, 6, 6, 6, 6, 6, 6, 6, 6, 6, 6, 6, 6, 6, 6, 6, 6, 5, 2]"
User-045,4,trace_0729,1788384243.8328683,streaming,32032,134,134,495,3,14.181161642074585,19.9458065032959,0.043343194445273035,7.0,0,True,,1788384223.8870134,1788384238.068175,1788384243.83282,"[1788384238.068175, 1788384238.9264593, 1788384238.9801517, 1788384239.2829285, 1788384239.3347936, 1788384239.4288921, 1788384239.517948, 1788384239.611993, 1788384239.7030003, 1788384239.790519, 1788384239.8825867, 1788384239.9710011, 1788384240.0610964, 1788384240.1506848, 1788384240.241631, 1788384240.3318357, 1788384240.4214973, 1788384240.513131, 1788384240.6010008, 1788384240.688323, 1788384240.774668, 1788384240.8646693, 1788384240.9517741, 1788384241.038627, 1788384241.124352, 1788384241.2096188, 1788384241.2964418, 1788384241.3821573, 1788384241.4690163, 1788384241.5557737, 1788384241.6421924, 1788384241.7313042, 1788384241.812461, 1788384241.8975983, 1788384241.98399, 1788384242.0657341, 1788384242.2258265, 1788384242.293366, 1788384242.3792489, 1788384242.465745, 1788384242.5541525, 1788384242.6422527, 1788384242.723936, 1788384242.8080812, 1788384242.8922553, 1788384242.9765272, 1788384243.0612185, 1788384243.1460829, 1788384243.229641, 1788384243.3138912, 1788384243.3984392, 1788384243.4835522, 1788384243.5673268, 1788384243.6527667, 1788384243.7360382, 1788384243.8322248]","[1, 1, 1, 2, 1, 1, 2, 1, 3, 2, 1, 3, 2, 3, 1, 3, 2, 1, 1, 4, 2, 2, 2, 1, 5, 4, 4, 6, 1, 6, 1, 1, 3, 1, 1, 3, 6, 1, 2, 2, 1, 2, 2, 1, 6, 1, 6, 6, 4, 1, 3, 4, 4, 1, 1, 1]"
User-055,1,trace_0449,1788384245.969564,streaming,14935,233,233,226,6,11.123331069946289,23.432379245758057,0.05305624213711969,11.0,0,True,,1788384222.537095,1788384233.6604261,1788384245.9694743,"[1788384233.6604261, 1788384234.2891362, 1788384234.967235, 1788384235.6765459, 1788384236.4163892, 1788384237.1813002, 1788384238.0663447, 1788384238.9240866, 1788384238.9785442, 1788384239.2801101, 1788384239.3323345, 1788384239.4241984, 1788384239.515923, 1788384239.609107, 1788384239.7008765, 1788384239.7884161, 1788384239.8805652, 1788384239.9691918, 1788384240.0589392, 1788384240.148508, 1788384240.2395964, 1788384240.329518, 1788384240.4194546, 1788384240.511027, 1788384240.6014934, 1788384240.688837, 1788384240.7751718, 1788384240.865365, 1788384240.9522598, 1788384241.0391378, 1788384241.1248794, 1788384241.2101378, 1788384241.2969859, 1788384241.3826826, 1788384241.4695358, 1788384241.5563, 1788384241.642703, 1788384241.73181, 1788384241.8106873, 1788384241.8960023, 1788384241.982322, 1788384242.0640907, 1788384242.2233856, 1788384242.291166, 1788384242.3770857, 1788384242.4635136, 1788384242.5518901, 1788384242.6400309, 1788384242.7216048, 1788384242.8058407, 1788384242.8899283, 1788384242.9742558, 1788384243.0589943, 1788384243.1438837, 1788384243.2274783, 1788384243.3116832, 1788384243.3963144, 1788384243.4813166, 1788384243.5650702, 1788384243.64907, 1788384243.7337973, 1788384243.8311749, 1788384243.9042642, 1788384243.983863, 1788384244.0631902, 1788384244.9339194, 1788384245.1513598, 1788384245.5744529, 1788384245.6266603, 1788384245.710921, 1788384245.7960823, 1788384245.8796601, 1788384245.9656448]","[1, 5, 1, 2, 2, 2, 6, 4, 5, 6, 2, 3, 3, 3, 6, 4, 3, 4, 2, 3, 2, 1, 5, 2, 2, 6, 1, 6, 5, 2, 3, 3, 5, 1, 3, 3, 1, 1, 2, 2, 3, 2, 1, 3, 1, 6, 6, 1, 1, 3, 4, 5, 3, 3, 6, 6, 3, 1, 1, 4, 3, 2, 6, 6, 4, 6, 4, 6, 1, 1, 2, 4, 2]"
User-053,1,trace_0176,1788384247.4288778,streaming,16219,247,247,231,253,15.153419017791748,24.51744556427002,0.0380651485629198,14.0,0,True,,1788384222.911327,1788384238.064746,1788384247.4287724,"[1788384238.064746, 1788384238.9223351, 1788384238.9772353, 1788384239.2783167, 1788384239.3306746, 1788384239.4223716, 1788384239.5146034, 1788384239.6069462, 1788384239.6996956, 1788384239.7871757, 1788384239.8793519, 1788384239.9682732, 1788384240.0577288, 1788384240.147279, 1788384240.238219, 1788384240.3282182, 1788384240.4181168, 1788384240.509877, 1788384240.5976603, 1788384240.6846435, 1788384240.771363, 1788384240.8589957, 1788384240.9478881, 1788384241.0354016, 1788384241.1213422, 1788384241.2067904, 1788384241.2934632, 1788384241.3793283, 1788384241.4661133, 1788384241.552951, 1788384241.6394188, 1788384241.7281363, 1788384241.8129714, 1788384241.8981109, 1788384241.984483, 1788384242.0663824, 1788384242.2263362, 1788384242.29387, 1788384242.3797667, 1788384242.466263, 1788384242.5546577, 1788384242.642784, 1788384242.7244642, 1788384242.8085985, 1788384242.8928103, 1788384242.9770432, 1788384243.0617716, 1788384243.1466355, 1788384243.2301471, 1788384243.3143938, 1788384243.398978, 1788384243.4840827, 1788384243.5678368, 1788384243.653278, 1788384243.7365444, 1788384243.8326042, 1788384243.9064574, 1788384243.9860532, 1788384244.065371, 1788384244.936273, 1788384245.1542192, 1788384245.577897, 1788384245.6297352, 1788384245.7141569, 1788384245.7992907, 1788384245.8830264, 1788384245.9691625, 1788384246.050917, 1788384246.1333375, 1788384246.2156873, 1788384246.2998197, 1788384246.3802884, 1788384246.4628716, 1788384246.5443704, 1788384246.6258862, 1788384246.7118654, 1788384246.7917008, 1788384247.0956864, 1788384247.1524673, 1788384247.3771222, 1788384247.4280555]","[1, 2, 1, 2, 2, 6, 1, 1, 1, 2, 1, 3, 4, 4, 5, 1, 5, 6, 1, 3, 2, 1, 3, 1, 6, 6, 6, 6, 2, 1, 1, 6, 3, 1, 5, 5, 2, 4, 4, 4, 2, 3, 2, 6, 4, 2, 3, 5, 4, 3, 2, 3, 2, 1, 2, 6, 1, 3, 4, 3, 6, 3, 6, 5, 2, 6, 2, 2, 6, 1, 2, 5, 1, 1, 2, 3, 3, 3, 3, 2, 1]"
User-039,4,trace_0220,1788384247.514715,streaming,13612,143,143,451,2,0.36267876625061035,5.65196681022644,0.03724850735194247,9.0,0,True,,1788384241.8626506,1788384242.2253294,1788384247.5146174,"[1788384242.2253294, 1788384242.292775, 1788384242.3786223, 1788384242.4652383, 1788384242.55364, 1788384242.6417334, 1788384242.7234108, 1788384242.8075645, 1788384242.8917553, 1788384242.9760175, 1788384243.0607176, 1788384243.1455789, 1788384243.2291355, 1788384243.3133194, 1788384243.3978662, 1788384243.4830394, 1788384243.566799, 1788384243.6507258, 1788384243.7355342, 1788384243.8319705, 1788384243.905912, 1788384243.985528, 1788384244.0648394, 1788384244.9357173, 1788384245.152894, 1788384245.576089, 1788384245.6282709, 1788384245.7125688, 1788384245.7976806, 1788384245.8814063, 1788384245.9675088, 1788384246.0493343, 1788384246.1317677, 1788384246.214089, 1788384246.298136, 1788384246.3786457, 1788384246.4612918, 1788384246.5428731, 1788384246.6251245, 1788384246.7102706, 1788384246.7901678, 1788384247.0940964, 1788384247.1506884, 1788384247.3747563, 1788384247.4258876, 1788384247.5118105]","[1, 1, 2, 3, 2, 4, 6, 4, 1, 2, 1, 1, 1, 2, 5, 2, 6, 2, 3, 2, 1, 1, 3, 3, 4, 3, 1, 6, 6, 6, 1, 2, 3, 6, 6, 2, 5, 6, 2, 2, 6, 4, 6, 1, 3, 3]"
User-031,6,trace_0624,1788384248.6143944,streaming,30171,323,323,462,7,0.9239003658294678,10.257246017456055,0.028985545501945924,13.0,0,True,,1788384238.3570404,1788384239.2809408,1788384248.6142864,"[1788384239.2809408, 1788384239.3328433, 1788384239.4247248, 1788384239.5163906, 1788384239.6096108, 1788384239.7014165, 1788384239.7889345, 1788384239.8810787, 1788384239.9696825, 1788384240.0594819, 1788384240.1490197, 1788384240.2401135, 1788384240.3300953, 1788384240.419984, 1788384240.5115364, 1788384240.5994534, 1788384240.686664, 1788384240.7731318, 1788384240.8610396, 1788384240.9500237, 1788384241.0371244, 1788384241.1227834, 1788384241.2080727, 1788384241.2947705, 1788384241.3805916, 1788384241.4673977, 1788384241.5541759, 1788384241.6406152, 1788384241.7293875, 1788384241.8113775, 1788384241.8965583, 1788384241.9829056, 1788384242.0646956, 1788384242.2238843, 1788384242.2917085, 1788384242.3776236, 1788384242.4641998, 1788384242.5525815, 1788384242.640653, 1788384242.7222383, 1788384242.8064752, 1788384242.890598, 1788384242.9749627, 1788384243.0596485, 1788384243.1445346, 1788384243.228118, 1788384243.3122406, 1788384243.3968222, 1788384243.481933, 1788384243.5657008, 1788384243.6496892, 1788384243.7344306, 1788384243.831432, 1788384243.9048505, 1788384243.984498, 1788384244.0638132, 1788384244.9344864, 1788384245.1519165, 1788384245.5750256, 1788384245.6271763, 1788384245.7114456, 1788384245.79665, 1788384245.8802125, 1788384245.966448, 1788384246.0482535, 1788384246.1306634, 1788384246.2130158, 1788384246.29698, 1788384246.37759, 1788384246.4601395, 1788384246.5420642, 1788384246.6245983, 1788384246.7091897, 1788384246.7890944, 1788384247.0930023, 1788384247.1496744, 1788384247.3736694, 1788384247.4248235, 1788384247.5106463, 1788384247.5961845, 1788384247.679999, 1788384247.7638283, 1788384247.8482, 1788384247.9332898, 1788384248.0179293, 1788384248.1017213, 1788384248.1856575, 1788384248.2705398, 1788384248.3553405, 1788384248.4397674, 1788384248.5236158, 1788384248.61078]","[1, 1, 6, 2, 2, 2, 5, 1, 1, 4, 6, 1, 2, 6, 2, 4, 6, 4, 1, 6, 2, 6, 3, 2, 1, 4, 1, 1, 3, 4, 4, 4, 6, 2, 3, 1, 1, 1, 6, 3, 1, 6, 5, 6, 6, 1, 3, 6, 5, 1, 1, 6, 6, 5, 1, 1, 6, 2, 6, 6, 4, 4, 6, 1, 6, 4, 4, 1, 4, 6, 3, 5, 5, 6, 3, 1, 1, 5, 6, 4, 1, 3, 4, 1, 1, 6, 4, 6, 4, 6, 2, 5]"
User-052,3,trace_0594,1788384249.847736,streaming,25277,122,122,379,15,0.9804348945617676,5.2512125968933105,0.03529568349034333,7.0,0,True,,1788384244.5964568,1788384245.5768917,1788384249.8476694,"[1788384245.5768917, 1788384245.628758, 1788384245.7131057, 1788384245.7982025, 1788384245.8819518, 1788384245.9680178, 1788384246.0498538, 1788384246.1322858, 1788384246.2146018, 1788384246.2986836, 1788384246.379233, 1788384246.4618163, 1788384246.5433152, 1788384246.6253734, 1788384246.7108028, 1788384246.7906892, 1788384247.0946288, 1788384247.1513922, 1788384247.3760889, 1788384247.426979, 1788384247.513104, 1788384247.5977595, 1788384247.6815493, 1788384247.7654533, 1788384247.8498044, 1788384247.934885, 1788384248.019565, 1788384248.10345, 1788384248.1872673, 1788384248.2721689, 1788384248.3569436, 1788384248.4413896, 1788384248.525185, 1788384248.6127467, 1788384248.695849, 1788384248.7777493, 1788384248.917937, 1788384249.0313725, 1788384249.0689244, 1788384249.1920605, 1788384249.2408133, 1788384249.8458838]","[1, 2, 2, 5, 1, 5, 6, 2, 3, 5, 2, 2, 6, 4, 3, 1, 2, 4, 1, 2, 6, 6, 1, 5, 1, 1, 2, 1, 1, 2, 6, 1, 1, 2, 2, 6, 4, 5, 2, 5, 1, 2]"
User-045,5,trace_0729,1788384255.0521443,streaming,32235,91,91,498,2,0.4264070987701416,8.102871894836426,0.08529405328962537,6.0,0,True,,1788384246.9491844,1788384247.3755915,1788384255.0520563,"[1788384247.3755915, 1788384247.4263895, 1788384247.5125816, 1788384247.5972545, 1788384247.6810455, 1788384247.7649271, 1788384247.8492734, 1788384247.9343252, 1788384248.0190437, 1788384248.1029437, 1788384248.1867225, 1788384248.2716584, 1788384248.3564231, 1788384248.4408712, 1788384248.524682, 1788384248.612235, 1788384248.6953087, 1788384248.777225, 1788384248.9174435, 1788384249.0310836, 1788384249.0684137, 1788384249.1918097, 1788384249.240267, 1788384249.8452733, 1788384250.472606, 1788384251.1533523, 1788384251.8607922, 1788384252.6040306, 1788384253.3759453, 1788384254.2113538, 1788384255.0501819]","[1, 5, 2, 1, 1, 6, 6, 3, 2, 1, 1, 2, 4, 2, 1, 3, 2, 6, 2, 5, 1, 3, 5, 2, 1, 3, 5, 1, 2, 6, 6]"
User-047,2,trace_0228,1788384258.6746917,streaming,9877,57,57,293,2,0.28256845474243164,10.040343284606934,0.17424597910472325,12.0,0,True,,1788384248.6342897,1788384248.9168582,1788384258.674633,"[1788384248.9168582, 1788384249.030809, 1788384249.0677345, 1788384249.1915393, 1788384249.239733, 1788384249.8447366, 1788384250.4720433, 1788384251.1527913, 1788384251.8602524, 1788384252.6034882, 1788384253.3753903, 1788384254.2108312, 1788384255.0496294, 1788384255.9209929, 1788384256.7001572, 1788384257.4501293, 1788384258.0192816, 1788384258.671617]","[1, 6, 6, 5, 3, 1, 5, 4, 2, 3, 5, 3, 3, 2, 1, 3, 2, 2]"
User-034,7,trace_0164,1788384260.081124,streaming,27395,397,397,389,37,4.142732381820679,25.29886770248413,0.053424584143089524,12.0,0,True,,1788384234.782168,1788384238.9249003,1788384260.0810356,"[1788384238.9249003, 1788384238.9789622, 1788384239.2814298, 1788384239.333332, 1788384239.4252813, 1788384239.5167835, 1788384239.6101172, 1788384239.701932, 1788384239.789488, 1788384239.8815715, 1788384239.970113, 1788384240.0600162, 1788384240.1495478, 1788384240.2406204, 1788384240.3306768, 1788384240.420496, 1788384240.5120351, 1788384240.5999432, 1788384240.687282, 1788384240.7736387, 1788384240.861609, 1788384240.9506564, 1788384241.0376248, 1788384241.1233568, 1788384241.2086043, 1788384241.29538, 1788384241.3811266, 1788384241.4679492, 1788384241.5546985, 1788384241.6411312, 1788384241.7299163, 1788384241.8119185, 1788384241.8970895, 1788384241.9834638, 1788384242.065222, 1788384242.2244039, 1788384242.2922704, 1788384242.3781214, 1788384242.4647336, 1788384242.5531015, 1788384242.6411948, 1788384242.7228322, 1788384242.8070407, 1788384242.891214, 1788384242.9754937, 1788384243.0602064, 1788384243.1450698, 1788384243.2286365, 1788384243.3127801, 1788384243.397353, 1788384243.4824855, 1788384243.5662262, 1788384243.6502004, 1788384243.7350073, 1788384243.8317149, 1788384243.9053962, 1788384243.985013, 1788384244.0643337, 1788384244.9351861, 1788384245.152415, 1788384245.5755923, 1788384245.6277523, 1788384245.7120302, 1788384245.7971783, 1788384245.8807373, 1788384245.9669943, 1788384246.048818, 1788384246.1312466, 1788384246.21356, 1788384246.2975786, 1788384246.3781204, 1788384246.4607399, 1788384246.5424612, 1788384246.624876, 1788384246.7097573, 1788384246.789666, 1788384247.0935495, 1788384247.150163, 1788384247.3742068, 1788384247.4253716, 1788384247.5112166, 1788384247.5967348, 1788384247.680519, 1788384247.76439, 1788384247.8487556, 1788384247.933813, 1788384248.0184445, 1788384248.1023946, 1788384248.1862054, 1788384248.2711487, 1788384248.355884, 1788384248.4403431, 1788384248.5241401, 1788384248.6116898, 1788384248.6947696, 1788384248.7767186, 1788384248.9160163, 1788384249.0305424, 1788384249.0671875, 1788384249.1912782, 1788384249.2391868, 1788384249.8441958, 1788384250.4715102, 1788384251.152259, 1788384251.8597114, 1788384252.6029432, 1788384253.3748326, 1788384254.2102664, 1788384255.0491128, 1788384255.9207313, 1788384256.6996117, 1788384257.4498715, 1788384258.0187163, 1788384258.6709762, 1788384259.3531792, 1788384260.0781143]","[1, 5, 1, 2, 2, 2, 6, 3, 4, 3, 1, 6, 1, 1, 2, 6, 2, 1, 3, 6, 6, 6, 6, 2, 3, 3, 2, 3, 1, 6, 2, 6, 1, 5, 4, 6, 1, 1, 1, 6, 6, 6, 5, 6, 4, 3, 2, 1, 6, 4, 6, 6, 6, 6, 6, 1, 3, 2, 1, 1, 2, 6, 6, 6, 6, 6, 6, 6, 6, 5, 3, 1, 2, 2, 3, 2, 6, 6, 3, 3, 6, 1, 3, 2, 1, 1, 6, 1, 2, 1, 6, 3, 4, 3, 3, 2, 6, 3, 4, 4, 4, 1, 1, 1, 2, 2, 2, 6, 1, 4, 2, 1, 3, 1, 5, 3]"
User-022,7,trace_0418,1788384260.840252,streaming,19283,135,135,287,8,0.4745776653289795,14.222363710403442,0.10259541824682435,11.0,0,True,,1788384246.6178238,1788384247.0924015,1788384260.8401875,"[1788384247.0924015, 1788384247.1489508, 1788384247.373116, 1788384247.4242973, 1788384247.514305, 1788384247.5988433, 1788384247.6825962, 1788384247.7664769, 1788384247.8542836, 1788384247.9359958, 1788384248.0206008, 1788384248.1044695, 1788384248.1883001, 1788384248.273219, 1788384248.3580072, 1788384248.4424317, 1788384248.5262253, 1788384248.6139233, 1788384248.6969512, 1788384248.7788339, 1788384248.9189425, 1788384249.0318816, 1788384249.0699651, 1788384249.1925578, 1788384249.2419267, 1788384249.8473525, 1788384250.4736528, 1788384251.1544073, 1788384251.8618162, 1788384252.6051285, 1788384253.3769941, 1788384254.2123873, 1788384255.051705, 1788384255.9218953, 1788384256.7018044, 1788384257.451336, 1788384258.0214832, 1788384258.6742053, 1788384259.3553903, 1788384260.080715, 1788384260.8373716]","[1, 6, 3, 2, 2, 6, 6, 5, 2, 2, 6, 1, 1, 1, 2, 6, 2, 2, 5, 2, 5, 2, 2, 2, 5, 6, 5, 1, 1, 6, 3, 1, 5, 6, 1, 4, 2, 6, 6, 2, 1]"
User-037,4,trace_0489,1788384270.074886,streaming,25711,3746,3740,394,6,0.5770442485809326,227.6783721446991,0.060738520432232726,9.0,0,True,,1788384042.396382,1788384042.9734263,1788384270.0747542,"[1788384042.9734263, 1788384043.01228, 1788384043.0940866, 1788384043.1781409, 1788384043.2591438, 1788384043.3423674, 1788384043.4235275, 1788384043.507014, 1788384043.5883822, 1788384043.6758256, 1788384043.7533078, 1788384043.8365445, 1788384043.920415, 1788384044.000656, 1788384044.0814106, 1788384044.2018023, 1788384044.245004, 1788384044.3300323, 1788384044.4078588, 1788384044.6996627, 1788384044.7468767, 1788384044.8295307, 1788384044.91214, 1788384044.9927022, 1788384045.0745223, 1788384045.156121, 1788384045.236886, 1788384045.319269, 1788384045.4003892, 1788384045.4813576, 1788384045.5640945, 1788384045.6463504, 1788384045.7243907, 1788384045.803699, 1788384045.8835294, 1788384045.963436, 1788384046.0458634, 1788384046.1230116, 1788384046.202563, 1788384046.3110778, 1788384046.3690875, 1788384046.4442892, 1788384046.5220227, 1788384046.6821249, 1788384046.7361305, 1788384046.8229945, 1788384046.9008665, 1788384046.9837422, 1788384047.0648909, 1788384047.1480565, 1788384047.2293816, 1788384047.3122845, 1788384047.3936038, 1788384047.521983, 1788384047.5577621, 1788384047.6412554, 1788384047.7227707, 1788384048.326356, 1788384048.9548447, 1788384049.6180305, 1788384050.3125017, 1788384051.043605, 1788384051.7979703, 1788384052.3133323, 1788384052.3296852, 1788384052.5451221, 1788384052.6135798, 1788384052.6984518, 1788384052.7824357, 1788384052.8664083, 1788384052.9509063, 1788384053.036362, 1788384053.1221719, 1788384053.216773, 1788384053.550957, 1788384053.6075804, 1788384054.1143005, 1788384054.1724515, 1788384054.444042, 1788384054.5038133, 1788384054.6029904, 1788384054.6845605, 1788384054.7707648, 1788384054.8633506, 1788384054.9480197, 1788384055.0326908, 1788384055.118717, 1788384055.2057483, 1788384055.2877815, 1788384055.6247776, 1788384055.6852283, 1788384055.7712812, 1788384055.8570557, 1788384055.9429162, 1788384056.0288057, 1788384056.1157868, 1788384056.1992407, 1788384056.2833242, 1788384056.3687215, 1788384056.4539473, 1788384056.5392675, 1788384056.624441, 1788384056.7085075, 1788384056.794115, 1788384056.879733, 1788384056.9647703, 1788384057.0501883, 1788384057.134363, 1788384057.2193992, 1788384057.3047855, 1788384057.3901553, 1788384057.4769857, 1788384057.5600967, 1788384057.642724, 1788384057.727572, 1788384057.8099592, 1788384057.8919375, 1788384057.974927, 1788384058.0583818, 1788384058.1418226, 1788384058.2239888, 1788384058.3067594, 1788384058.389954, 1788384058.4733167, 1788384058.5557735, 1788384058.6383662, 1788384058.721164, 1788384058.8046038, 1788384058.8873508, 1788384058.9717395, 1788384059.0531719, 1788384059.136487, 1788384059.2176423, 1788384059.3027914, 1788384059.383066, 1788384059.4631507, 1788384059.5456023, 1788384059.62624, 1788384059.7090168, 1788384059.7893715, 1788384059.871926, 1788384059.952676, 1788384060.035529, 1788384060.1160517, 1788384060.2006645, 1788384060.2838924, 1788384060.3561976, 1788384060.9513278, 1788384061.5781882, 1788384062.2371092, 1788384062.9298701, 1788384063.6581326, 1788384064.418936, 1788384065.214904, 1788384066.0477653, 1788384066.9078815, 1788384067.8276274, 1788384067.92479, 1788384068.617616, 1788384069.2079787, 1788384069.8665934, 1788384070.555854, 1788384071.2744868, 1788384071.5333624, 1788384071.598726, 1788384071.6850996, 1788384071.7731493, 1788384071.8555293, 1788384071.9388285, 1788384072.0219197, 1788384072.1060708, 1788384072.1882987, 1788384072.2713058, 1788384072.3572571, 1788384072.4444113, 1788384072.5250647, 1788384073.127419, 1788384073.755981, 1788384074.421254, 1788384075.1169236, 1788384075.8880873, 1788384076.6236837, 1788384077.4324915, 1788384078.273843, 1788384079.155577, 1788384080.0519495, 1788384080.806404, 1788384080.841906, 1788384080.927468, 1788384081.0155828, 1788384081.0983915, 1788384081.1850991, 1788384081.2688544, 1788384081.3512218, 1788384081.9540436, 1788384082.58401, 1788384083.248736, 1788384083.944986, 1788384084.6716456, 1788384085.4324675, 1788384086.2274425, 1788384087.0564547, 1788384087.7276907, 1788384088.3269143, 1788384088.984307, 1788384089.6783218, 1788384090.3992722, 1788384091.2041316, 1788384092.0186563, 1788384092.2854855, 1788384092.3493798, 1788384092.4379427, 1788384092.5279636, 1788384092.616811, 1788384092.706498, 1788384092.7976067, 1788384092.8845801, 1788384092.9703884, 1788384093.0567458, 1788384093.143574, 1788384093.2299557, 1788384093.3151817, 1788384093.4015355, 1788384093.487832, 1788384093.5750153, 1788384093.6607842, 1788384093.749402, 1788384093.8342855, 1788384093.921033, 1788384094.0076978, 1788384094.0930967, 1788384094.1795275, 1788384094.2664435, 1788384094.3529203, 1788384094.4403203, 1788384094.5255404, 1788384094.6150575, 1788384094.6985307, 1788384094.7787688, 1788384094.8594701, 1788384094.938832, 1788384095.0188634, 1788384095.09905, 1788384095.181491, 1788384095.2601273, 1788384095.3357174, 1788384095.413216, 1788384095.4894729, 1788384095.5661538, 1788384095.6432858, 1788384095.719754, 1788384095.8022285, 1788384095.8747566, 1788384095.9523602, 1788384096.0298464, 1788384096.1019697, 1788384096.178486, 1788384096.2529767, 1788384096.3292377, 1788384096.4035432, 1788384096.478708, 1788384096.5541353, 1788384096.6303196, 1788384096.7039013, 1788384096.777806, 1788384096.8515346, 1788384096.9252505, 1788384096.999164, 1788384097.0730274, 1788384097.1467671, 1788384097.219901, 1788384097.314913, 1788384097.3674598, 1788384097.4438705, 1788384097.5152702, 1788384097.8603017, 1788384097.9047737, 1788384097.979484, 1788384098.0565805, 1788384098.1331906, 1788384098.2047145, 1788384098.2893095, 1788384098.3541226, 1788384098.4261324, 1788384099.0207093, 1788384099.2056065, 1788384099.2729094, 1788384099.348942, 1788384099.4239664, 1788384099.4981706, 1788384099.5742984, 1788384099.6492074, 1788384099.7259526, 1788384099.8007445, 1788384099.8778095, 1788384099.9528172, 1788384100.0295794, 1788384100.1040328, 1788384100.1828444, 1788384100.2530992, 1788384100.3274121, 1788384100.4008145, 1788384100.474669, 1788384100.548284, 1788384100.6216424, 1788384100.755093, 1788384100.7692251, 1788384100.8476114, 1788384100.919505, 1788384101.7902615, 1788384102.7218037, 1788384103.28998, 1788384103.9396386, 1788384104.7842305, 1788384105.7395759, 1788384106.7043934, 1788384106.8262746, 1788384106.8738775, 1788384106.9572954, 1788384107.041922, 1788384107.1251166, 1788384107.2237222, 1788384107.297662, 1788384107.3800702, 1788384107.4621463, 1788384108.3324559, 1788384109.2378852, 1788384109.6930895, 1788384110.4252887, 1788384110.4862452, 1788384110.5732105, 1788384110.658577, 1788384110.7450352, 1788384110.8317533, 1788384110.918727, 1788384111.0050616, 1788384111.0905385, 1788384111.1774015, 1788384111.2639985, 1788384111.350043, 1788384111.4363189, 1788384111.5218573, 1788384111.6086822, 1788384111.695188, 1788384111.78314, 1788384111.8686938, 1788384111.9537904, 1788384112.0406768, 1788384112.1276698, 1788384112.214036, 1788384112.300006, 1788384112.3863597, 1788384112.4731545, 1788384112.559611, 1788384112.6450644, 1788384112.7314193, 1788384112.8173954, 1788384112.9045486, 1788384112.9900582, 1788384113.0765479, 1788384113.1633525, 1788384113.2502432, 1788384113.3361664, 1788384113.4225028, 1788384113.5095675, 1788384113.6033454, 1788384113.6820536, 1788384113.7685792, 1788384113.8554146, 1788384113.9445338, 1788384114.0297387, 1788384114.1135595, 1788384114.1970675, 1788384114.280985, 1788384114.365066, 1788384114.4486823, 1788384114.5320392, 1788384114.618895, 1788384114.6991618, 1788384114.7872467, 1788384114.8643985, 1788384115.259187, 1788384115.306908, 1788384115.3908913, 1788384115.4753819, 1788384115.5665953, 1788384115.6431086, 1788384115.7254922, 1788384115.844787, 1788384115.8922586, 1788384115.9785929, 1788384116.0576813, 1788384116.431432, 1788384116.482665, 1788384116.567147, 1788384116.6519737, 1788384116.7361286, 1788384116.8204453, 1788384116.9045134, 1788384116.9874637, 1788384117.071952, 1788384117.1561232, 1788384117.2406883, 1788384117.3242388, 1788384117.4085352, 1788384117.4927697, 1788384117.577249, 1788384117.6621106, 1788384117.744386, 1788384117.828333, 1788384117.9104714, 1788384117.9940872, 1788384118.0781252, 1788384118.160439, 1788384118.2474506, 1788384118.3281024, 1788384118.4097593, 1788384118.4901352, 1788384118.5708687, 1788384118.6504092, 1788384118.7324243, 1788384118.8122687, 1788384118.895012, 1788384118.9766822, 1788384119.0987382, 1788384119.6601024, 1788384120.290503, 1788384120.9554553, 1788384121.65013, 1788384122.3791502, 1788384123.139196, 1788384123.914013, 1788384124.502181, 1788384125.1401083, 1788384125.8135219, 1788384126.5117493, 1788384127.2460444, 1788384128.0194108, 1788384128.8160682, 1788384129.6519957, 1788384130.5206087, 1788384131.4226336, 1788384132.359987, 1788384133.3299625, 1788384134.005986, 1788384134.5933568, 1788384135.256205, 1788384135.9463897, 1788384136.667436, 1788384137.2583864, 1788384137.8952775, 1788384138.5679753, 1788384139.2681587, 1788384140.0016003, 1788384140.7690825, 1788384141.569794, 1788384142.2658217, 1788384142.8612943, 1788384143.5158193, 1788384144.2045782, 1788384144.92124, 1788384145.6702914, 1788384146.453338, 1788384147.2774448, 1788384148.1357, 1788384149.0861015, 1788384149.8278058, 1788384150.416235, 1788384151.0649788, 1788384151.7488048, 1788384152.463853, 1788384153.2092144, 1788384153.858183, 1788384154.4687774, 1788384155.1292224, 1788384155.826418, 1788384156.5552807, 1788384157.2676334, 1788384157.8629932, 1788384158.5127897, 1788384159.1969938, 1788384159.9109426, 1788384160.6777637, 1788384161.4668438, 1788384162.2929807, 1788384162.8776233, 1788384163.5195427, 1788384164.192397, 1788384164.8976927, 1788384165.650435, 1788384166.4367297, 1788384167.260495, 1788384168.1094477, 1788384168.988269, 1788384169.8952255, 1788384170.8337336, 1788384171.8024614, 1788384172.7817514, 1788384173.3350794, 1788384173.5568697, 1788384173.7023246, 1788384173.775977, 1788384173.8729088, 1788384173.9697204, 1788384174.0686805, 1788384174.1622949, 1788384174.2566614, 1788384174.3520682, 1788384174.447866, 1788384174.544385, 1788384174.6383781, 1788384174.733619, 1788384174.8285744, 1788384174.9266608, 1788384175.0185113, 1788384175.1134245, 1788384175.2075484, 1788384175.3022454, 1788384175.3961537, 1788384175.4912066, 1788384175.5853863, 1788384175.6803205, 1788384175.774087, 1788384175.8691487, 1788384175.9661999, 1788384176.0584328, 1788384176.1531858, 1788384176.2424717, 1788384176.3324075, 1788384176.4236577, 1788384176.513524, 1788384176.60439, 1788384176.6945186, 1788384176.78526, 1788384176.875555, 1788384176.9664116, 1788384177.0566435, 1788384177.1483378, 1788384177.2383058, 1788384177.3289344, 1788384177.4213796, 1788384177.5095003, 1788384177.5979161, 1788384177.6871328, 1788384177.776407, 1788384177.8675582, 1788384177.9505322, 1788384178.0369818, 1788384178.1234956, 1788384178.2102563, 1788384178.2957187, 1788384178.3846872, 1788384178.4665418, 1788384178.5519829, 1788384178.6381083, 1788384178.7237735, 1788384178.810456, 1788384178.8946185, 1788384178.9803357, 1788384179.0662963, 1788384179.151732, 1788384179.2378225, 1788384179.322581, 1788384179.410071, 1788384179.494368, 1788384179.5783167, 1788384179.6613383, 1788384179.744222, 1788384179.828157, 1788384179.9121785, 1788384179.9958682, 1788384180.0792313, 1788384180.1630132, 1788384180.2673151, 1788384180.3336315, 1788384180.4141517, 1788384180.5704455, 1788384180.6367953, 1788384180.7238457, 1788384180.81004, 1788384180.8957622, 1788384180.9817262, 1788384181.0702891, 1788384181.1535592, 1788384181.2391074, 1788384181.3283758, 1788384181.4093182, 1788384181.4921618, 1788384181.5755, 1788384181.6596243, 1788384181.7443514, 1788384181.827033, 1788384181.9104886, 1788384181.9947686, 1788384182.079311, 1788384182.1621327, 1788384182.2454214, 1788384182.3311465, 1788384182.4131758, 1788384182.494555, 1788384182.5784628, 1788384182.6616352, 1788384182.7436895, 1788384182.8268352, 1788384182.9098628, 1788384183.05568, 1788384183.0751169, 1788384183.1599884, 1788384183.245867, 1788384183.4262323, 1788384184.2000756, 1788384184.2582698, 1788384184.345194, 1788384184.431603, 1788384184.517862, 1788384184.603375, 1788384184.6893177, 1788384184.7759888, 1788384184.862534, 1788384184.9487183, 1788384185.036336, 1788384185.1171296, 1788384185.2248108, 1788384185.2861388, 1788384185.38688, 1788384185.4950879, 1788384186.411423, 1788384187.3897874, 1788384188.3048675, 1788384188.4274457, 1788384188.4952478, 1788384188.5858257, 1788384188.675716, 1788384188.764658, 1788384188.8594773, 1788384188.9440868, 1788384189.0292883, 1788384189.11504, 1788384189.2007782, 1788384189.2890117, 1788384189.3711445, 1788384189.4564292, 1788384189.587719, 1788384189.7662585, 1788384189.831776, 1788384190.4397025, 1788384191.0743394, 1788384191.7432134, 1788384192.442456, 1788384193.172801, 1788384193.934861, 1788384194.7354035, 1788384195.5645444, 1788384196.4261703, 1788384197.3322937, 1788384198.2706494, 1788384199.2390976, 1788384200.074678, 1788384200.6286237, 1788384201.2780614, 1788384201.966285, 1788384202.67767, 1788384203.4291542, 1788384204.2067595, 1788384205.1120408, 1788384205.6720505, 1788384206.2867095, 1788384206.9532125, 1788384207.6549907, 1788384208.3855112, 1788384209.1476336, 1788384209.287856, 1788384209.364701, 1788384209.4591763, 1788384209.5549085, 1788384209.649754, 1788384209.7449498, 1788384209.8396504, 1788384209.935124, 1788384210.029528, 1788384210.1247716, 1788384210.2192812, 1788384210.3177032, 1788384210.4093678, 1788384210.4988348, 1788384210.5863826, 1788384210.6767113, 1788384210.7654645, 1788384210.8552861, 1788384210.944121, 1788384211.0335305, 1788384211.1230388, 1788384211.2116983, 1788384211.300333, 1788384211.3897698, 1788384211.478331, 1788384211.5678267, 1788384211.656697, 1788384211.746678, 1788384211.8337452, 1788384211.9220881, 1788384212.0095859, 1788384212.0972273, 1788384212.1846435, 1788384212.2728312, 1788384212.363701, 1788384212.449654, 1788384212.5316596, 1788384212.6161792, 1788384212.6947136, 1788384212.7758703, 1788384212.8584096, 1788384212.938678, 1788384213.018969, 1788384213.0996041, 1788384213.182021, 1788384213.2609472, 1788384213.3402133, 1788384213.465126, 1788384213.4998949, 1788384213.5826933, 1788384213.6594386, 1788384213.8805165, 1788384213.9289076, 1788384214.0146918, 1788384214.0951657, 1788384214.177017, 1788384214.2599359, 1788384214.340756, 1788384214.423371, 1788384214.5050497, 1788384214.5866525, 1788384214.6692789, 1788384214.7515996, 1788384214.832781, 1788384214.9218304, 1788384214.9983144, 1788384215.0819242, 1788384215.1638465, 1788384215.2472317, 1788384215.3287861, 1788384215.4108193, 1788384215.4941282, 1788384215.5754232, 1788384215.6581204, 1788384215.7430594, 1788384215.8223033, 1788384215.9058037, 1788384215.9867616, 1788384216.069627, 1788384216.1509633, 1788384216.2331123, 1788384216.3147001, 1788384216.397471, 1788384216.4791589, 1788384216.5617397, 1788384216.6405406, 1788384217.4990013, 1788384218.3853483, 1788384218.9401472, 1788384219.490919, 1788384220.1199157, 1788384220.788205, 1788384221.4769003, 1788384222.2159874, 1788384222.987569, 1788384223.7901902, 1788384224.5474644, 1788384225.1331208, 1788384225.7792814, 1788384226.4524405, 1788384227.2760792, 1788384228.067077, 1788384228.6489134, 1788384229.2949636, 1788384229.9746451, 1788384230.681445, 1788384231.4264007, 1788384232.2038608, 1788384233.0344214, 1788384233.6595724, 1788384234.2885714, 1788384234.9665995, 1788384235.6759837, 1788384236.4158454, 1788384237.1807356, 1788384238.065818, 1788384238.9235396, 1788384238.9781177, 1788384239.2795615, 1788384239.331728, 1788384239.4236531, 1788384239.5154839, 1788384239.6084201, 1788384239.7003279, 1788384239.7878382, 1788384239.8799992, 1788384239.968732, 1788384240.0582786, 1788384240.1478763, 1788384240.2389026, 1788384240.3287985, 1788384240.4188733, 1788384240.5104403, 1788384240.5982697, 1788384240.6854553, 1788384240.7720468, 1788384240.8597715, 1788384240.948741, 1788384241.0360634, 1788384241.122145, 1788384241.2075164, 1788384241.2940252, 1788384241.3798878, 1788384241.4666615, 1788384241.5534863, 1788384241.6399555, 1788384241.728694, 1788384241.8101306, 1788384241.8953035, 1788384241.9816246, 1788384242.0633786, 1788384242.2228024, 1788384242.2905405, 1788384242.3765342, 1788384242.462936, 1788384242.551314, 1788384242.6394672, 1788384242.721027, 1788384242.8052645, 1788384242.8893673, 1788384242.973672, 1788384243.0583909, 1788384243.1433105, 1788384243.2266614, 1788384243.3111267, 1788384243.395772, 1788384243.4807405, 1788384243.5643058, 1788384243.6484761, 1788384243.7332282, 1788384243.8308868, 1788384243.9035351, 1788384243.983304, 1788384244.0625892, 1788384244.933327, 1788384245.150778, 1788384245.5738046, 1788384245.626096, 1788384245.7102933, 1788384245.7954595, 1788384245.8788238, 1788384245.9649692, 1788384246.0476067, 1788384246.1300368, 1788384246.2123904, 1788384246.2944715, 1788384246.3769982, 1788384246.4595172, 1788384246.541583, 1788384246.6243224, 1788384246.7085488, 1788384246.788447, 1788384247.0913334, 1788384247.148392, 1788384247.372533, 1788384247.4236495, 1788384247.509985, 1788384247.5956104, 1788384247.6794224, 1788384247.7631724, 1788384247.8475573, 1788384247.9327033, 1788384248.0172946, 1788384248.1008945, 1788384248.1850312, 1788384248.2699091, 1788384248.3546898, 1788384248.4391446, 1788384248.522991, 1788384248.6100955, 1788384248.6941776, 1788384248.7761703, 1788384248.915452, 1788384249.0302434, 1788384249.0666244, 1788384249.1909943, 1788384249.238606, 1788384249.8436105, 1788384250.4708552, 1788384251.1516209, 1788384251.8590503, 1788384252.6022997, 1788384253.3741791, 1788384254.2096994, 1788384255.0485578, 1788384255.9204528, 1788384256.6990204, 1788384257.4495838, 1788384258.0181506, 1788384258.6703606, 1788384259.3526103, 1788384260.0775445, 1788384260.8366964, 1788384261.6193967, 1788384262.476714, 1788384263.414193, 1788384264.3271208, 1788384264.873058, 1788384265.5148852, 1788384266.1925313, 1788384266.9004471, 1788384267.6406374, 1788384268.4119341, 1788384269.221364, 1788384270.0706298]","[1, 4, 6, 1, 6, 2, 6, 3, 3, 5, 6, 2, 4, 6, 6, 2, 1, 4, 5, 6, 6, 4, 5, 6, 5, 1, 6, 4, 5, 2, 2, 6, 1, 1, 6, 4, 3, 2, 1, 6, 1, 6, 6, 4, 3, 4, 4, 2, 3, 1, 2, 3, 1, 2, 1, 6, 5, 2, 1, 1, 1, 1, 2, 6, 2, 2, 1, 2, 1, 5, 5, 3, 1, 4, 1, 3, 5, 6, 6, 2, 2, 1, 1, 3, 2, 6, 6, 6, 2, 4, 2, 1, 1, 3, 3, 6, 5, 6, 5, 6, 5, 1, 2, 6, 5, 3, 2, 3, 6, 6, 3, 3, 2, 4, 3, 6, 6, 2, 6, 6, 6, 6, 4, 6, 2, 3, 3, 3, 6, 2, 2, 6, 1, 2, 6, 6, 1, 4, 4, 5, 6, 6, 1, 3, 4, 2, 3, 3, 2, 6, 6, 1, 3, 4, 4, 2, 4, 1, 1, 6, 6, 5, 2, 2, 1, 3, 6, 3, 6, 2, 1, 5, 2, 6, 3, 6, 6, 3, 1, 6, 6, 4, 6, 4, 2, 5, 3, 1, 5, 1, 1, 6, 6, 6, 6, 6, 3, 6, 1, 2, 3, 6, 2, 6, 6, 3, 4, 2, 3, 1, 3, 5, 4, 1, 4, 3, 3, 6, 6, 6, 5, 2, 6, 1, 4, 3, 1, 2, 6, 2, 3, 3, 6, 2, 2, 1, 2, 2, 1, 5, 4, 1, 2, 1, 2, 3, 6, 6, 6, 4, 4, 2, 6, 3, 4, 3, 1, 2, 2, 1, 2, 6, 5, 3, 3, 3, 1, 3, 6, 6, 5, 3, 4, 4, 6, 6, 6, 1, 5, 2, 2, 3, 6, 2, 3, 3, 1, 6, 6, 3, 6, 6, 3, 1, 1, 3, 1, 3, 6, 2, 4, 4, 4, 6, 2, 5, 3, 6, 3, 6, 2, 4, 1, 6, 6, 2, 6, 6, 6, 2, 2, 1, 3, 5, 6, 6, 1, 1, 1, 6, 1, 4, 6, 1, 5, 1, 1, 4, 6, 2, 4, 6, 1, 4, 4, 1, 1, 5, 1, 2, 1, 6, 6, 6, 3, 4, 1, 2, 4, 5, 6, 3, 3, 4, 3, 6, 6, 6, 6, 3, 3, 6, 5, 1, 6, 5, 4, 6, 6, 6, 2, 4, 2, 1, 6, 4, 1, 3, 3, 3, 2, 1, 2, 2, 2, 2, 1, 1, 3, 1, 2, 1, 6, 1, 1, 6, 2, 1, 1, 1, 4, 4, 1, 2, 1, 2, 6, 3, 6, 6, 4, 2, 6, 6, 2, 2, 1, 1, 4, 3, 2, 5, 6, 6, 6, 6, 6, 1, 6, 2, 5, 1, 6, 6, 2, 6, 6, 2, 1, 3, 6, 4, 4, 6, 1, 1, 2, 2, 2, 4, 1, 6, 5, 2, 4, 1, 3, 1, 3, 1, 3, 1, 2, 6, 3, 4, 5, 5, 1, 1, 1, 4, 5, 6, 4, 5, 6, 3, 5, 1, 3, 4, 1, 6, 2, 2, 5, 3, 1, 2, 3, 5, 5, 4, 3, 3, 5, 4, 1, 6, 6, 1, 6, 5, 1, 2, 4, 6, 6, 5, 6, 4, 5, 6, 2, 4, 1, 6, 5, 1, 6, 5, 1, 5, 6, 2, 1, 6, 6, 6, 3, 6, 6, 6, 6, 6, 6, 6, 6, 6, 4, 3, 1, 6, 2, 6, 3, 3, 6, 5, 3, 6, 3, 6, 6, 2, 4, 5, 2, 6, 6, 5, 4, 5, 6, 2, 2, 1, 6, 6, 6, 5, 6, 6, 6, 3, 6, 6, 6, 2, 3, 2, 6, 1, 3, 6, 6, 2, 1, 4, 6, 6, 6, 4, 6, 6, 6, 6, 6, 3, 5, 5, 1, 6, 6, 6, 6, 6, 4, 4, 4, 3, 3, 6, 6, 6, 6, 1, 6, 6, 6, 6, 6, 6, 6, 6, 6, 6, 3, 6, 2, 3, 3, 6, 2, 6, 2, 1, 5, 2, 6, 2, 3, 1, 6, 4, 2, 2, 2, 1, 1, 2, 4, 6, 6, 3, 2, 6, 1, 6, 6, 2, 3, 1, 1, 6, 1, 6, 6, 3, 6, 6, 2, 6, 1, 1, 1, 1, 6, 1, 3, 5, 6, 3, 5, 1, 6, 6, 4, 6, 1, 6, 6, 1, 2, 2, 1, 5, 3, 6, 5, 1, 6, 1, 2, 6, 5, 3, 6, 6, 5, 5, 4, 6, 6, 6, 6, 4, 6, 6, 5, 4, 6, 6, 6, 6, 6, 6, 6, 6, 4, 6, 2, 2, 2, 4, 4, 6, 3, 5, 6, 6, 1, 6, 1, 6, 1, 3, 2, 6, 6, 6, 6, 1, 6, 6, 6, 6, 6, 6, 6, 6, 3, 6, 6, 4, 6, 6, 1, 3, 6, 6, 6, 6, 3, 6, 6, 6, 6, 6, 6, 6, 6, 3, 6, 5, 6, 6, 6, 6, 6, 6, 6, 6, 6, 6, 6, 6, 6, 2, 6, 6, 6, 6, 6, 6, 3, 6, 2, 6, 6, 5, 6, 5, 6, 4, 4, 3, 6, 6, 6, 6, 6, 5, 6, 6, 6, 6, 6, 6, 6, 6, 6, 6, 6, 6, 6, 6, 6, 6, 6, 6, 6, 6, 6, 6, 6, 6, 6, 6, 6, 6, 6, 5, 6, 4, 3, 6, 6, 6, 6, 6, 6, 6, 6, 6, 5, 5, 6, 6, 6, 6, 6, 6, 6, 2, 6, 6, 6, 6, 6, 6, 5, 6, 6, 6, 6, 6, 6, 6, 6, 6, 6, 6, 6, 6, 6, 6, 6, 6, 6, 6, 6, 3, 6, 6]"
User-046,2,trace_0334,1788384274.8907754,streaming,15784,132,132,249,246,5.1816794872283936,25.863272190093994,0.15787475345698931,77.0,0,True,,1788384249.0273936,1788384254.209073,1788384274.8906658,"[1788384254.209073, 1788384255.0478945, 1788384255.9201686, 1788384256.698415, 1788384257.4493015, 1788384258.0175803, 1788384258.669799, 1788384259.3520055, 1788384260.0769205, 1788384260.8398077, 1788384261.6216228, 1788384262.4797685, 1788384263.4170513, 1788384264.3306665, 1788384264.8762457, 1788384265.5180514, 1788384266.1957943, 1788384266.9036155, 1788384267.6475248, 1788384268.4156277, 1788384269.2246947, 1788384270.0744166, 1788384270.9479892, 1788384271.8659482, 1788384272.8088078, 1788384273.8769784, 1788384273.877172, 1788384273.9250572, 1788384274.0210865, 1788384274.1170518, 1788384274.2144136, 1788384274.309453, 1788384274.4068515, 1788384274.5040662, 1788384274.6025505, 1788384274.6960764, 1788384274.792778, 1788384274.8899775]","[1, 6, 3, 6, 6, 2, 2, 4, 3, 5, 6, 3, 2, 1, 4, 1, 3, 3, 5, 2, 1, 4, 2, 4, 6, 4, 3, 4, 3, 6, 6, 2, 3, 6, 4, 2, 1, 3]"
User-047,3,trace_0228,1788384275.6549184,streaming,10017,58,58,295,2,10.09299898147583,11.877044439315796,0.0312990431199994,7.0,0,True,,1788384263.777813,1788384273.870812,1788384275.6548574,"[1788384273.870812, 1788384273.871187, 1788384273.9210672, 1788384274.0174875, 1788384274.1133847, 1788384274.2107143, 1788384274.3063064, 1788384274.4031627, 1788384274.5004144, 1788384274.5986662, 1788384274.6922836, 1788384274.7890005, 1788384274.8862202, 1788384274.9811852, 1788384275.0767953, 1788384275.1727755, 1788384275.2672913, 1788384275.3632479, 1788384275.4585185, 1788384275.5543797, 1788384275.6503458]","[1, 6, 1, 2, 1, 2, 2, 3, 6, 6, 5, 2, 1, 2, 1, 2, 4, 1, 4, 3, 3]"
User-022,8,trace_0418,1788384275.8425403,streaming,19486,125,125,295,3,9.971988201141357,11.942430257797241,0.01589066174722487,6.0,0,True,,1788384263.9000516,1788384273.8720398,1788384275.8424819,"[1788384273.8720398, 1788384273.872464, 1788384273.9216185, 1788384274.017984, 1788384274.1138878, 1788384274.2112424, 1788384274.306837, 1788384274.4036746, 1788384274.5009134, 1788384274.5991988, 1788384274.6928904, 1788384274.7895076, 1788384274.8867214, 1788384274.981705, 1788384275.077295, 1788384275.1732798, 1788384275.2678232, 1788384275.3637695, 1788384275.4590938, 1788384275.5549662, 1788384275.6511734, 1788384275.745897, 1788384275.838436]","[1, 6, 6, 4, 6, 6, 6, 6, 6, 6, 6, 2, 6, 6, 6, 6, 6, 6, 6, 6, 6, 6, 4]"
User-057,0,trace_0276,1788384276.657317,streaming,18280,101,101,0,285,8.86037015914917,23.039977073669434,0.14179606914520262,0.0,0,True,,1788384253.6172698,1788384262.47764,1788384276.6572468,"[1788384262.47764, 1788384263.4148364, 1788384264.327688, 1788384264.8736289, 1788384265.5154517, 1788384266.1930711, 1788384266.901012, 1788384267.6411784, 1788384268.412475, 1788384269.2219484, 1788384270.0715263, 1788384270.9452462, 1788384271.8632503, 1788384272.8061268, 1788384273.8683872, 1788384273.8687925, 1788384273.919863, 1788384274.0164566, 1788384274.1123707, 1788384274.2096627, 1788384274.3052657, 1788384274.4020925, 1788384274.4993796, 1788384274.597473, 1788384274.6911793, 1788384274.7879174, 1788384274.8851233, 1788384274.9806213, 1788384275.0762677, 1788384275.1722648, 1788384275.266709, 1788384275.3626814, 1788384275.4579391, 1788384275.553873, 1788384275.6498206, 1788384275.7453554, 1788384275.837913, 1788384275.928769, 1788384276.0181215, 1788384276.1094096, 1788384276.2001672, 1788384276.2905118, 1788384276.3809357, 1788384276.4718082, 1788384276.5620563, 1788384276.6533303]","[1, 1, 1, 4, 4, 4, 2, 4, 2, 3, 2, 3, 1, 1, 3, 2, 3, 1, 1, 1, 2, 1, 2, 3, 1, 1, 6, 3, 1, 1, 6, 2, 3, 2, 1, 6, 2, 1, 1, 1, 2, 1, 3, 2, 2, 1]"
User-045,6,trace_0729,1788384276.832597,streaming,32395,108,108,500,2,15.728935718536377,18.685961961746216,0.027635759282334943,6.0,0,True,,1788384258.1465447,1788384273.8754804,1788384276.8325067,"[1788384273.8754804, 1788384273.8757823, 1788384273.9233482, 1788384274.0195272, 1788384274.1155043, 1788384274.2128572, 1788384274.3082573, 1788384274.4052832, 1788384274.502521, 1788384274.6009543, 1788384274.69449, 1788384274.7911253, 1788384274.8883922, 1788384274.983353, 1788384275.0789466, 1788384275.1748977, 1788384275.2694752, 1788384275.3654156, 1788384275.4606962, 1788384275.556533, 1788384275.6529298, 1788384275.7474577, 1788384275.8405263, 1788384275.9302888, 1788384276.0193024, 1788384276.1110675, 1788384276.2017736, 1788384276.2921238, 1788384276.3825262, 1788384276.4733932, 1788384276.5636535, 1788384276.6551518, 1788384276.744537, 1788384276.830206]","[1, 5, 2, 6, 6, 3, 5, 2, 1, 1, 2, 1, 1, 6, 1, 2, 1, 3, 3, 6, 6, 3, 3, 5, 1, 5, 2, 6, 6, 6, 2, 1, 1, 3]"
User-055,2,trace_0449,1788384277.5177875,streaming,20282,189,189,232,84,5.341365337371826,25.408236980438232,0.10673867895248089,12.0,0,True,,1788384252.1094613,1788384257.4508266,1788384277.5176983,"[1788384257.4508266, 1788384258.0204167, 1788384258.6731029, 1788384259.3542316, 1788384260.079504, 1788384260.838698, 1788384261.6205583, 1788384262.4786859, 1788384263.4159682, 1788384264.3295815, 1788384264.8751898, 1788384265.5170197, 1788384266.1947079, 1788384266.9025345, 1788384267.6463308, 1788384268.4145188, 1788384269.2235816, 1788384270.0731385, 1788384270.9469454, 1788384271.864823, 1788384272.8077285, 1788384273.8760235, 1788384273.8762214, 1788384273.9239025, 1788384274.0200503, 1788384274.116027, 1788384274.2133684, 1788384274.3086658, 1788384274.4057963, 1788384274.503028, 1788384274.6014855, 1788384274.695058, 1788384274.791629, 1788384274.8889172, 1788384274.9839478, 1788384275.0794523, 1788384275.1754196, 1788384275.2700107, 1788384275.3659437, 1788384275.4612317, 1788384275.5570927, 1788384275.6534624, 1788384275.7479742, 1788384275.8410583, 1788384275.9308167, 1788384276.0196772, 1788384276.111728, 1788384276.2023077, 1788384276.2926636, 1788384276.3830676, 1788384276.4739184, 1788384276.5641603, 1788384276.6558356, 1788384276.745035, 1788384276.8310199, 1788384276.9159997, 1788384277.0012507, 1788384277.0860279, 1788384277.1724727, 1788384277.2566507, 1788384277.3415937, 1788384277.4270048, 1788384277.5156221]","[1, 3, 1, 1, 6, 1, 2, 2, 2, 3, 1, 2, 6, 5, 2, 3, 1, 6, 4, 3, 2, 1, 5, 3, 4, 1, 3, 1, 1, 3, 6, 5, 3, 2, 6, 1, 1, 1, 4, 3, 5, 2, 3, 2, 1, 6, 5, 1, 6, 6, 4, 1, 4, 5, 6, 1, 3, 1, 6, 2, 5, 2, 1]"
User-049,5,trace_0273,1788384277.5179713,streaming,22840,471,471,312,43,1.3273930549621582,33.691601514816284,0.06886001799968963,11.0,0,True,,1788384243.8263075,1788384245.1537006,1788384277.517909,"[1788384245.1537006, 1788384245.5773902, 1788384245.6292403, 1788384245.7136161, 1788384245.7987518, 1788384245.8824725, 1788384245.9685438, 1788384246.0503912, 1788384246.1328073, 1788384246.2151604, 1788384246.29928, 1788384246.3797503, 1788384246.4623199, 1788384246.543844, 1788384246.6256328, 1788384246.711359, 1788384246.7912073, 1788384247.0951524, 1788384247.1519582, 1788384247.3765886, 1788384247.4275062, 1788384247.5136497, 1788384247.5983133, 1788384247.682052, 1788384247.7659643, 1788384247.8503213, 1788384247.935414, 1788384248.0200791, 1788384248.1039598, 1788384248.1877813, 1788384248.2726908, 1788384248.3574805, 1788384248.441885, 1788384248.5256963, 1788384248.6132662, 1788384248.6963866, 1788384248.778303, 1788384248.9184456, 1788384249.0316317, 1788384249.0694454, 1788384249.1923168, 1788384249.2413886, 1788384249.8467746, 1788384250.4731216, 1788384251.153874, 1788384251.8613036, 1788384252.6046011, 1788384253.3764558, 1788384254.2118816, 1788384255.051164, 1788384255.9216354, 1788384256.7012558, 1788384257.4510727, 1788384258.0209568, 1788384258.6736608, 1788384259.3547637, 1788384260.0801747, 1788384260.839253, 1788384261.6210752, 1788384262.4792597, 1788384263.4164882, 1788384264.3301105, 1788384264.8757393, 1788384265.5175197, 1788384266.1952667, 1788384266.9031098, 1788384267.646962, 1788384268.4150648, 1788384269.2241485, 1788384270.073852, 1788384270.9474657, 1788384271.8653872, 1788384272.80825, 1788384273.87648, 1788384273.8766618, 1788384273.9244628, 1788384274.0205529, 1788384274.1165154, 1788384274.2138944, 1788384274.3090494, 1788384274.4062972, 1788384274.5035346, 1788384274.6020286, 1788384274.69558, 1788384274.7922206, 1788384274.8894205, 1788384274.9844651, 1788384275.0799477, 1788384275.1759155, 1788384275.270539, 1788384275.366481, 1788384275.461737, 1788384275.5576267, 1788384275.6539748, 1788384275.74848, 1788384275.841562, 1788384275.9313226, 1788384276.0200667, 1788384276.1122482, 1788384276.2028267, 1788384276.2932215, 1788384276.383608, 1788384276.4744596, 1788384276.5646732, 1788384276.6563408, 1788384276.7455587, 1788384276.8315744, 1788384276.916496, 1788384277.001778, 1788384277.0865245, 1788384277.173048, 1788384277.2571743, 1788384277.3421311, 1788384277.4275212, 1788384277.5164287]","[1, 5, 6, 6, 2, 2, 1, 6, 4, 6, 6, 6, 6, 1, 6, 4, 6, 2, 3, 3, 6, 6, 3, 2, 2, 2, 6, 3, 2, 4, 6, 6, 6, 6, 6, 4, 2, 2, 6, 1, 1, 6, 5, 6, 4, 1, 1, 6, 1, 3, 6, 5, 6, 4, 5, 6, 5, 6, 4, 6, 6, 6, 1, 1, 5, 2, 6, 6, 6, 5, 2, 6, 4, 3, 6, 6, 2, 6, 5, 4, 6, 5, 1, 5, 6, 3, 4, 6, 5, 2, 3, 4, 3, 3, 5, 3, 6, 2, 1, 1, 5, 4, 5, 1, 6, 6, 5, 1, 4, 1, 6, 6, 1, 5, 3]"
User-036,7,trace_0615,1788384277.8426926,streaming,27871,159,159,419,14,16.422120094299316,20.398501873016357,0.025166973283019246,133.0,0,True,,1788384257.4441087,1788384273.8662288,1788384277.8426106,"[1788384273.8662288, 1788384273.866623, 1788384273.9186292, 1788384274.0152972, 1788384274.1112986, 1788384274.2085614, 1788384274.3041625, 1788384274.4010305, 1788384274.4982667, 1788384274.5940058, 1788384274.6901107, 1788384274.786828, 1788384274.8839662, 1788384274.9794886, 1788384275.0751688, 1788384275.1711807, 1788384275.2654314, 1788384275.3613822, 1788384275.456681, 1788384275.552617, 1788384275.6487408, 1788384275.7441397, 1788384275.8366196, 1788384275.927569, 1788384276.0171907, 1788384276.108213, 1788384276.1989012, 1788384276.289305, 1788384276.379711, 1788384276.470563, 1788384276.5608401, 1788384276.6519396, 1788384276.7424202, 1788384276.8279798, 1788384276.9136815, 1788384276.998971, 1788384277.0837588, 1788384277.1687691, 1788384277.2543194, 1788384277.339357, 1788384277.4246473, 1788384277.513371, 1788384277.5916157, 1788384277.6737516, 1788384277.7569163, 1788384277.839771]","[1, 2, 4, 6, 2, 2, 2, 6, 6, 5, 1, 2, 1, 2, 6, 2, 3, 2, 6, 6, 4, 1, 4, 3, 5, 1, 4, 1, 5, 6, 2, 5, 6, 2, 3, 1, 5, 3, 6, 6, 6, 1, 2, 3, 6, 1]"
User-056,1,trace_0590,1788384279.4644232,streaming,22442,289,289,282,68,6.734087228775024,30.27702498435974,0.08174631165133582,12.0,0,True,,1788384249.1872983,1788384255.9213855,1788384279.4643233,"[1788384255.9213855, 1788384256.7007313, 1788384257.450385, 1788384258.0198789, 1788384258.6724372, 1788384259.3537219, 1788384260.0789497, 1788384260.8381615, 1788384261.6200352, 1788384262.4781442, 1788384263.4153783, 1788384264.3282092, 1788384264.8741486, 1788384265.515992, 1788384266.1936934, 1788384266.9015052, 1788384267.6416922, 1788384268.4130008, 1788384269.2224872, 1788384270.072072, 1788384270.9457898, 1788384271.8637788, 1788384272.8066533, 1788384273.8730712, 1788384273.8735545, 1788384273.9222016, 1788384274.018503, 1788384274.1144757, 1788384274.2117703, 1788384274.3074553, 1788384274.40427, 1788384274.5015047, 1788384274.5999393, 1788384274.693446, 1788384274.7900836, 1788384274.8872523, 1788384274.9822257, 1788384275.0778227, 1788384275.173868, 1788384275.2683687, 1788384275.364347, 1788384275.459611, 1788384275.5554926, 1788384275.6517117, 1788384275.746417, 1788384275.8392847, 1788384275.9292748, 1788384276.018511, 1788384276.1099193, 1788384276.2007077, 1788384276.291065, 1788384276.3814783, 1788384276.4723358, 1788384276.5625918, 1788384276.6541026, 1788384276.7435348, 1788384276.8291728, 1788384276.9149716, 1788384277.0001712, 1788384277.0850017, 1788384277.16996, 1788384277.255604, 1788384277.3405695, 1788384277.4259186, 1788384277.5145223, 1788384277.5925221, 1788384277.6750247, 1788384277.758025, 1788384277.841265, 1788384277.9189842, 1788384278.0006707, 1788384278.0806723, 1788384278.163286, 1788384278.2432182, 1788384278.3244393, 1788384278.4054894, 1788384278.4857352, 1788384278.5679052, 1788384278.647882, 1788384278.7283018, 1788384278.8107746, 1788384278.891551, 1788384278.9796333, 1788384279.054237, 1788384279.1366596, 1788384279.2169716, 1788384279.299163, 1788384279.3795123, 1788384279.4624865]","[1, 1, 6, 4, 5, 1, 4, 2, 1, 6, 2, 4, 2, 1, 2, 2, 3, 6, 4, 6, 6, 1, 6, 5, 1, 1, 3, 2, 2, 2, 3, 5, 6, 4, 2, 1, 6, 6, 1, 6, 1, 1, 1, 1, 1, 3, 1, 2, 2, 6, 2, 6, 1, 6, 1, 1, 6, 2, 6, 2, 5, 2, 2, 5, 6, 1, 2, 6, 6, 6, 6, 1, 1, 2, 1, 2, 6, 5, 6, 6, 1, 1, 2, 1, 5, 2, 6, 6, 4]"
User-047,4,trace_0228,1788384286.4445732,streaming,10246,110,110,297,3,0.3327505588531494,6.753935813903809,0.058909956468354674,7.0,0,True,,1788384279.6905751,1788384280.0233257,1788384286.444511,"[1788384280.0233257, 1788384280.087095, 1788384280.1681004, 1788384280.2504942, 1788384280.330963, 1788384280.413655, 1788384280.494127, 1788384280.576326, 1788384280.6571755, 1788384280.7378554, 1788384280.820342, 1788384280.9294658, 1788384280.9860024, 1788384281.0657923, 1788384281.1438997, 1788384281.3912804, 1788384281.4483964, 1788384281.531632, 1788384281.6142359, 1788384281.6954951, 1788384281.7776172, 1788384281.8608227, 1788384281.960685, 1788384282.0252433, 1788384282.1082737, 1788384282.1915822, 1788384282.274286, 1788384282.356127, 1788384282.9598978, 1788384283.5874476, 1788384284.251717, 1788384284.9456663, 1788384285.7190983, 1788384286.4409323]","[1, 1, 2, 4, 1, 1, 2, 3, 3, 1, 1, 1, 1, 1, 4, 5, 2, 6, 6, 1, 4, 1, 6, 6, 6, 2, 5, 5, 6, 3, 6, 1, 6, 6]"
User-052,4,trace_0594,1788384290.6442633,streaming,25531,388,388,394,4,8.413089990615845,34.728195667266846,0.06799768908695349,10.0,0,True,,1788384255.9159806,1788384264.3290706,1788384290.6441762,"[1788384264.3290706, 1788384264.8746545, 1788384265.5164962, 1788384266.194209, 1788384266.9020133, 1788384267.6422575, 1788384268.4137597, 1788384269.2230566, 1788384270.0726101, 1788384270.946339, 1788384271.8642817, 1788384272.807218, 1788384273.8741248, 1788384273.874556, 1788384273.9227705, 1788384274.0190206, 1788384274.114989, 1788384274.2122784, 1788384274.3078835, 1788384274.404779, 1788384274.5020192, 1788384274.6004539, 1788384274.6939569, 1788384274.7905946, 1788384274.8878195, 1788384274.9828143, 1788384275.078395, 1788384275.1743703, 1788384275.2689397, 1788384275.364881, 1788384275.4601264, 1788384275.556005, 1788384275.652403, 1788384275.7469382, 1788384275.840005, 1788384275.9297836, 1788384276.0189173, 1788384276.1105468, 1788384276.2012572, 1788384276.2915854, 1788384276.3820257, 1788384276.4728408, 1788384276.5631454, 1788384276.654608, 1788384276.7440348, 1788384276.8296895, 1788384276.9154847, 1788384277.0007086, 1788384277.085519, 1788384277.170491, 1788384277.2561371, 1788384277.3410902, 1788384277.4264517, 1788384277.5150974, 1788384277.5929432, 1788384277.6755528, 1788384277.7585518, 1788384277.8417873, 1788384277.9195344, 1788384278.001231, 1788384278.0811968, 1788384278.163806, 1788384278.2437592, 1788384278.3249643, 1788384278.4060044, 1788384278.4862669, 1788384278.5684297, 1788384278.6484087, 1788384278.7288423, 1788384278.8113346, 1788384278.8921032, 1788384278.9801524, 1788384279.0548275, 1788384279.1372313, 1788384279.2175221, 1788384279.2997055, 1788384279.3800497, 1788384279.463313, 1788384279.5417464, 1788384279.6215682, 1788384279.7018914, 1788384279.7848544, 1788384279.8631442, 1788384280.0249703, 1788384280.088816, 1788384280.1698608, 1788384280.2523088, 1788384280.3327124, 1788384280.4154596, 1788384280.4959104, 1788384280.5780735, 1788384280.658448, 1788384280.7396274, 1788384280.8220963, 1788384280.9302256, 1788384280.9877095, 1788384281.0673702, 1788384281.1454802, 1788384281.392884, 1788384281.4502404, 1788384281.5333457, 1788384281.6159887, 1788384281.6971743, 1788384281.7793965, 1788384281.8625262, 1788384281.961515, 1788384282.0269244, 1788384282.1098957, 1788384282.1923554, 1788384282.2759767, 1788384282.3577468, 1788384282.961562, 1788384283.589079, 1788384284.2533996, 1788384284.9474053, 1788384285.7198617, 1788384286.4429762, 1788384287.2332697, 1788384288.0655634, 1788384288.615603, 1788384289.255757, 1788384289.9322677, 1788384290.6423607]","[1, 1, 6, 2, 2, 4, 5, 6, 6, 2, 2, 1, 2, 1, 6, 4, 4, 5, 2, 6, 2, 3, 2, 1, 5, 5, 1, 4, 2, 6, 6, 2, 6, 6, 6, 3, 1, 1, 3, 4, 1, 5, 1, 3, 2, 3, 4, 4, 1, 3, 2, 1, 3, 1, 3, 4, 3, 3, 2, 3, 1, 1, 6, 2, 6, 4, 3, 6, 4, 2, 5, 3, 2, 6, 4, 2, 1, 2, 4, 6, 4, 6, 6, 4, 1, 1, 2, 3, 3, 2, 5, 1, 2, 2, 3, 6, 6, 4, 2, 2, 2, 2, 5, 6, 6, 2, 1, 2, 4, 1, 3, 2, 2, 2, 2, 1, 6, 1, 1, 3, 3, 6, 1]"
User-059,0,trace_0656,1788384300.4413853,streaming,19464,260,260,0,303,7.894021511077881,14.72545838356018,0.0263762041408583,0.0,0,True,,1788384285.7158527,1788384293.6098742,1788384300.4413111,"[1788384293.6098742, 1788384293.6701965, 1788384293.7555246, 1788384293.8406663, 1788384293.9262366, 1788384294.0115259, 1788384294.0970075, 1788384294.1814733, 1788384294.267733, 1788384294.3523288, 1788384294.4377735, 1788384294.5232708, 1788384294.6075618, 1788384294.6930163, 1788384294.7793694, 1788384294.864113, 1788384294.951997, 1788384295.032021, 1788384295.1150613, 1788384295.19836, 1788384295.2828712, 1788384295.3650284, 1788384295.448672, 1788384295.5315607, 1788384295.6153016, 1788384295.6974225, 1788384295.7809172, 1788384295.864066, 1788384295.9498277, 1788384296.0306919, 1788384296.1164193, 1788384296.196306, 1788384296.2785885, 1788384296.3599837, 1788384296.4417589, 1788384296.5243254, 1788384296.606411, 1788384296.6885598, 1788384296.77134, 1788384296.8542447, 1788384296.9354668, 1788384297.0235891, 1788384297.100055, 1788384297.1803663, 1788384297.2631423, 1788384297.343866, 1788384297.426609, 1788384297.5076725, 1788384297.5891573, 1788384297.6705723, 1788384297.7510333, 1788384297.8337429, 1788384297.9142487, 1788384297.9974585, 1788384298.0805228, 1788384298.1610146, 1788384298.2412255, 1788384298.323232, 1788384298.4051027, 1788384298.4844658, 1788384298.5637393, 1788384298.6427069, 1788384298.721479, 1788384298.8004465, 1788384298.879533, 1788384298.9589427, 1788384299.0378678, 1788384299.1166027, 1788384299.1956027, 1788384299.274871, 1788384299.3533373, 1788384299.4341, 1788384299.511556, 1788384299.5905862, 1788384299.6697335, 1788384299.7486923, 1788384299.8281074, 1788384299.907323, 1788384299.9858477, 1788384300.0651104, 1788384300.1440434, 1788384300.2257054, 1788384300.2949388, 1788384300.3683617, 1788384300.4406872]","[1, 2, 2, 6, 2, 1, 1, 2, 1, 1, 2, 3, 6, 3, 6, 4, 2, 1, 4, 4, 2, 4, 6, 1, 3, 4, 6, 1, 3, 3, 3, 6, 3, 2, 2, 2, 4, 4, 4, 4, 4, 1, 4, 3, 3, 6, 1, 6, 4, 2, 5, 1, 2, 2, 6, 6, 5, 3, 2, 1, 2, 1, 2, 5, 3, 3, 4, 3, 4, 2, 1, 6, 4, 2, 3, 2, 4, 2, 4, 3, 4, 4, 1, 1, 2]"
User-034,8,trace_0164,1788384301.139214,streaming,28351,804,804,426,15,3.62331485748291,30.89496946334839,0.033962209969944555,20.0,0,True,,1788384270.2441688,1788384273.8674836,1788384301.1391382,"[1788384273.8674836, 1788384273.8678648, 1788384273.9192343, 1788384274.0159526, 1788384274.1118553, 1788384274.209118, 1788384274.3047156, 1788384274.4015772, 1788384274.4988546, 1788384274.5945518, 1788384274.6906173, 1788384274.7873833, 1788384274.8845184, 1788384274.9800475, 1788384275.0757382, 1788384275.1717374, 1788384275.2661493, 1788384275.3621023, 1788384275.4573772, 1788384275.553335, 1788384275.6492746, 1788384275.7448092, 1788384275.837299, 1788384275.928245, 1788384276.017708, 1788384276.1088684, 1788384276.1995964, 1788384276.2899833, 1788384276.3803973, 1788384276.4712777, 1788384276.561523, 1788384276.652767, 1788384276.7429833, 1788384276.8286307, 1788384276.91435, 1788384276.9996278, 1788384277.084438, 1788384277.169426, 1788384277.2550302, 1788384277.3400173, 1788384277.4253156, 1788384277.5140119, 1788384277.5920863, 1788384277.6743991, 1788384277.757456, 1788384277.8407414, 1788384277.9183419, 1788384278.0000556, 1788384278.0800118, 1788384278.1626163, 1788384278.2425103, 1788384278.323806, 1788384278.4049437, 1788384278.4851167, 1788384278.567247, 1788384278.647265, 1788384278.7276464, 1788384278.810102, 1788384278.890875, 1788384278.9790535, 1788384279.053449, 1788384279.1359742, 1788384279.21632, 1788384279.298465, 1788384279.3788824, 1788384279.461841, 1788384279.5411146, 1788384279.620954, 1788384279.7016037, 1788384279.784309, 1788384279.862526, 1788384280.024357, 1788384280.0882988, 1788384280.1693158, 1788384280.2517507, 1788384280.332183, 1788384280.414903, 1788384280.4953744, 1788384280.577539, 1788384280.6580544, 1788384280.7390726, 1788384280.8215833, 1788384280.929983, 1788384280.987106, 1788384281.0668507, 1788384281.144984, 1788384281.3923721, 1788384281.4497366, 1788384281.5328126, 1788384281.6154797, 1788384281.6966474, 1788384281.7788136, 1788384281.8619947, 1788384281.9612226, 1788384282.0263305, 1788384282.1093693, 1788384282.1920936, 1788384282.2754726, 1788384282.3572392, 1788384282.9609945, 1788384283.5885634, 1788384284.2528741, 1788384284.9468575, 1788384285.7196136, 1788384286.4423957, 1788384287.2326913, 1788384288.0642216, 1788384288.6145248, 1788384289.2546756, 1788384289.9312146, 1788384290.6413074, 1788384291.397798, 1788384292.1860483, 1788384293.0061862, 1788384293.6120377, 1788384293.6723711, 1788384293.757938, 1788384293.8429217, 1788384293.9285598, 1788384294.0137432, 1788384294.099307, 1788384294.1838288, 1788384294.2699642, 1788384294.3545551, 1788384294.4400458, 1788384294.5255024, 1788384294.6098917, 1788384294.6953063, 1788384294.7815847, 1788384294.8663425, 1788384294.9543355, 1788384295.0344732, 1788384295.117337, 1788384295.202447, 1788384295.2851667, 1788384295.367481, 1788384295.451002, 1788384295.533827, 1788384295.6175573, 1788384295.6998124, 1788384295.783253, 1788384295.8662996, 1788384295.952125, 1788384296.0332642, 1788384296.1190205, 1788384296.1979468, 1788384296.2804363, 1788384296.3618035, 1788384296.4434848, 1788384296.5260484, 1788384296.6082704, 1788384296.6903353, 1788384296.7731154, 1788384296.8560255, 1788384296.9372141, 1788384297.0257065, 1788384297.101199, 1788384297.1814137, 1788384297.2643402, 1788384297.34508, 1788384297.427814, 1788384297.5088835, 1788384297.5903623, 1788384297.671797, 1788384297.7522109, 1788384297.83497, 1788384297.9155095, 1788384297.9986362, 1788384298.0821953, 1788384298.1615765, 1788384298.2419088, 1788384298.3237936, 1788384298.4056556, 1788384298.483926, 1788384298.5632021, 1788384298.642163, 1788384298.7209313, 1788384298.7998774, 1788384298.8789513, 1788384298.958362, 1788384299.03732, 1788384299.1160588, 1788384299.1950426, 1788384299.274272, 1788384299.3527958, 1788384299.4335022, 1788384299.5109556, 1788384299.5900366, 1788384299.6691802, 1788384299.748155, 1788384299.827542, 1788384299.906712, 1788384299.9852948, 1788384300.064543, 1788384300.1435015, 1788384300.2251544, 1788384300.2943358, 1788384300.3677907, 1788384300.4401252, 1788384300.5118625, 1788384300.5804539, 1788384300.6497822, 1788384300.7188537, 1788384300.7877855, 1788384300.857411, 1788384300.9272041, 1788384300.996688, 1788384301.0666633, 1788384301.1384542]","[1, 5, 5, 1, 3, 5, 6, 2, 4, 5, 5, 4, 6, 6, 6, 6, 6, 6, 3, 4, 6, 3, 1, 1, 6, 3, 6, 2, 6, 3, 6, 5, 6, 5, 6, 3, 5, 6, 6, 6, 6, 1, 6, 6, 6, 2, 1, 6, 6, 6, 6, 4, 6, 1, 4, 6, 6, 6, 6, 6, 6, 6, 6, 5, 6, 2, 6, 6, 3, 4, 5, 6, 3, 6, 2, 4, 2, 5, 6, 2, 6, 1, 1, 6, 3, 1, 2, 1, 5, 1, 1, 6, 3, 6, 1, 6, 4, 1, 4, 6, 1, 2, 2, 2, 3, 6, 6, 1, 3, 1, 2, 2, 1, 2, 3, 3, 2, 2, 5, 1, 2, 1, 6, 3, 1, 2, 6, 6, 6, 2, 1, 2, 5, 2, 6, 5, 6, 6, 6, 6, 6, 5, 2, 4, 6, 2, 6, 3, 6, 6, 3, 3, 1, 4, 1, 3, 6, 1, 6, 6, 4, 1, 1, 6, 4, 1, 6, 2, 6, 4, 6, 3, 3, 1, 1, 2, 2, 4, 1, 2, 2, 3, 3, 4, 1, 6, 6, 2, 3, 1, 6, 3, 3, 5, 2, 3, 4, 6, 1, 2, 1, 6, 4, 1, 6, 5, 3, 3, 6]"
User-031,7,trace_0624,1788384300.2270918,streaming,30577,682,682,469,6,11.146400928497314,37.503801345825195,0.03870396537052552,20.0,0,True,,1788384262.7231894,1788384273.8695903,1788384300.2269907,"[1788384273.8695903, 1788384273.8699863, 1788384273.9205215, 1788384274.0169697, 1788384274.1128712, 1788384274.210185, 1788384274.3057888, 1788384274.4025984, 1788384274.4999144, 1788384274.5981545, 1788384274.6916866, 1788384274.788435, 1788384274.8856888, 1788384274.9850357, 1788384275.0804875, 1788384275.1764638, 1788384275.2710845, 1788384275.3670208, 1788384275.4622786, 1788384275.558158, 1788384275.6544857, 1788384275.7490113, 1788384275.8420787, 1788384275.9318545, 1788384276.0204737, 1788384276.1127505, 1788384276.2033389, 1788384276.2937665, 1788384276.3841355, 1788384276.475005, 1788384276.5651784, 1788384276.6568713, 1788384276.7460732, 1788384276.8321266, 1788384276.9169962, 1788384277.0023203, 1788384277.087039, 1788384277.1735919, 1788384277.257728, 1788384277.342641, 1788384277.4280627, 1788384277.5172188, 1788384277.5933363, 1788384277.6761138, 1788384277.7591083, 1788384277.842306, 1788384277.9200733, 1788384278.0017745, 1788384278.081703, 1788384278.164322, 1788384278.2443419, 1788384278.3255095, 1788384278.40652, 1788384278.4868662, 1788384278.5689373, 1788384278.6489305, 1788384278.7293575, 1788384278.8118515, 1788384278.8926213, 1788384278.980681, 1788384279.0553522, 1788384279.13775, 1788384279.218068, 1788384279.3002462, 1788384279.3805597, 1788384279.4638748, 1788384279.5422974, 1788384279.622108, 1788384279.7021446, 1788384279.7853978, 1788384279.8636785, 1788384280.0254903, 1788384280.0893188, 1788384280.1703696, 1788384280.2528288, 1788384280.3332493, 1788384280.4160326, 1788384280.4964182, 1788384280.5786211, 1788384280.659985, 1788384280.7401521, 1788384280.8226268, 1788384280.9304707, 1788384280.9882586, 1788384281.0678685, 1788384281.1462064, 1788384281.3942046, 1788384281.4513452, 1788384281.5343847, 1788384281.6170826, 1788384281.6982641, 1788384281.7804556, 1788384281.863602, 1788384281.9620113, 1788384282.0279486, 1788384282.110944, 1788384282.1928759, 1788384282.276994, 1788384282.3588192, 1788384282.9626696, 1788384283.5901115, 1788384284.2544572, 1788384284.9484425, 1788384285.720357, 1788384286.4441772, 1788384287.2343063, 1788384288.06658, 1788384288.6167123, 1788384289.256779, 1788384289.9333942, 1788384290.6438665, 1788384291.3994207, 1788384292.1876237, 1788384293.007803, 1788384293.6135252, 1788384293.6738617, 1788384293.7595654, 1788384293.8445148, 1788384293.9301972, 1788384294.0153382, 1788384294.1009035, 1788384294.185398, 1788384294.2716415, 1788384294.3562553, 1788384294.441612, 1788384294.5270991, 1788384294.6115165, 1788384294.6968913, 1788384294.7831957, 1788384294.8680212, 1788384294.9562051, 1788384295.0355585, 1788384295.1183853, 1788384295.2035391, 1788384295.2862012, 1788384295.3685536, 1788384295.4521036, 1788384295.534892, 1788384295.618612, 1788384295.7009106, 1788384295.784311, 1788384295.8674169, 1788384295.9531484, 1788384296.0343168, 1788384296.1201239, 1788384296.19903, 1788384296.2814815, 1788384296.3628685, 1788384296.4445324, 1788384296.5271692, 1788384296.6093063, 1788384296.6915066, 1788384296.7741597, 1788384296.8570929, 1788384296.938272, 1788384297.0267828, 1788384297.1023989, 1788384297.1824718, 1788384297.265396, 1788384297.346176, 1788384297.428869, 1788384297.5099046, 1788384297.5914686, 1788384297.6728504, 1788384297.7532804, 1788384297.8360174, 1788384297.9165967, 1788384297.9997718, 1788384298.0833316, 1788384298.1628013, 1788384298.2430089, 1788384298.3249652, 1788384298.4071276, 1788384298.4850307, 1788384298.5643358, 1788384298.6433268, 1788384298.7220588, 1788384298.8010533, 1788384298.8801308, 1788384298.9595842, 1788384299.0384653, 1788384299.1171978, 1788384299.196229, 1788384299.2754874, 1788384299.353915, 1788384299.43465, 1788384299.512149, 1788384299.5912328, 1788384299.6703265, 1788384299.7492843, 1788384299.828694, 1788384299.9078977, 1788384299.9864416, 1788384300.0657175, 1788384300.1445942, 1788384300.2262871]","[1, 5, 1, 1, 3, 5, 5, 6, 1, 1, 6, 5, 2, 3, 6, 2, 6, 6, 5, 3, 2, 4, 6, 2, 6, 4, 2, 5, 1, 6, 3, 2, 4, 5, 6, 1, 2, 3, 2, 6, 4, 5, 2, 3, 3, 3, 6, 6, 3, 2, 2, 6, 6, 6, 6, 4, 1, 1, 2, 5, 6, 6, 3, 5, 6, 6, 6, 6, 6, 2, 3, 6, 2, 2, 2, 4, 1, 1, 6, 4, 3, 1, 4, 1, 4, 2, 1, 4, 1, 6, 6, 2, 1, 1, 3, 2, 3, 6, 1, 3, 1, 3, 3, 3, 6, 4, 3, 6, 3, 5, 2, 6, 6, 6, 6, 1, 4, 4, 2, 4, 2, 6, 3, 1, 6, 1, 1, 3, 1, 6, 6, 1, 1, 3, 1, 3, 1, 5, 1, 3, 3, 2, 6, 5, 4, 1, 1, 3, 5, 3, 2, 6, 1, 6, 3, 2, 2, 3, 2, 4, 3, 1, 6, 3, 6, 2, 2, 3, 5, 6, 6, 1, 4, 5, 1, 4, 3, 3, 2, 6, 6, 6, 5, 2, 3, 2, 1, 1, 3, 2, 1, 6, 6, 6, 3, 1]"
User-050,3,trace_0243,1788384296.1206472,streaming,30681,550,550,415,63,10.483201503753662,42.277281045913696,0.05791271319154833,17.0,0,True,,1788384253.8432486,1788384264.32645,1788384296.1205297,"[1788384264.32645, 1788384264.872398, 1788384265.514238, 1788384266.19198, 1788384266.8998404, 1788384267.6400287, 1788384268.4113777, 1788384269.2206984, 1788384270.0697746, 1788384270.9446218, 1788384271.8625755, 1788384272.805482, 1788384273.8651788, 1788384273.8776686, 1788384273.918028, 1788384274.0147843, 1788384274.110637, 1788384274.2079134, 1788384274.3035045, 1788384274.400389, 1788384274.4975934, 1788384274.5933769, 1788384274.6894743, 1788384274.7861676, 1788384274.883323, 1788384274.978823, 1788384275.0744655, 1788384275.1705558, 1788384275.264852, 1788384275.3608148, 1788384275.4561105, 1788384275.5520625, 1788384275.6481957, 1788384275.7435596, 1788384275.8360624, 1788384275.9270318, 1788384276.0167665, 1788384276.107654, 1788384276.198333, 1788384276.288741, 1788384276.379134, 1788384276.470003, 1788384276.560268, 1788384276.651374, 1788384276.7418873, 1788384276.8274198, 1788384276.9131224, 1788384276.9983482, 1788384277.0832086, 1788384277.1682193, 1788384277.2537327, 1788384277.3388212, 1788384277.4240987, 1788384277.5128334, 1788384277.5912006, 1788384277.6731734, 1788384277.7563243, 1788384277.839189, 1788384277.9177167, 1788384277.999504, 1788384278.0794446, 1788384278.162048, 1788384278.2419534, 1788384278.3232176, 1788384278.4044023, 1788384278.4845614, 1788384278.566634, 1788384278.6466918, 1788384278.7270844, 1788384278.8095355, 1788384278.890271, 1788384278.9783883, 1788384279.0528736, 1788384279.1353881, 1788384279.215724, 1788384279.2979321, 1788384279.3782654, 1788384279.4612982, 1788384279.5405388, 1788384279.6203685, 1788384279.7013128, 1788384279.7837512, 1788384279.8619945, 1788384280.0238373, 1788384280.0877395, 1788384280.168752, 1788384280.251196, 1788384280.331616, 1788384280.4142928, 1788384280.4948134, 1788384280.5769856, 1788384280.657658, 1788384280.738498, 1788384280.821039, 1788384280.929723, 1788384280.9865406, 1788384281.0663037, 1788384281.1444266, 1788384281.3918195, 1788384281.449205, 1788384281.5322547, 1788384281.6149356, 1788384281.696088, 1788384281.778261, 1788384281.8614392, 1788384281.9609518, 1788384282.025797, 1788384282.1088102, 1788384282.1918364, 1788384282.2749512, 1788384282.3566499, 1788384282.960469, 1788384283.5880487, 1788384284.252352, 1788384284.9462779, 1788384285.7193606, 1788384286.44181, 1788384287.232126, 1788384288.0618641, 1788384288.6128287, 1788384289.252975, 1788384289.929424, 1788384290.6395788, 1788384291.396074, 1788384292.1843174, 1788384293.0044863, 1788384293.6104677, 1788384293.6707208, 1788384293.7561455, 1788384293.8413117, 1788384293.9268808, 1788384294.0121505, 1788384294.0976272, 1788384294.1821072, 1788384294.2683563, 1788384294.3529348, 1788384294.4383962, 1788384294.523924, 1788384294.608215, 1788384294.6936517, 1788384294.780027, 1788384294.8647375, 1788384294.952553, 1788384295.0325508, 1788384295.1156194, 1788384295.200506, 1788384295.2834756, 1788384295.365599, 1788384295.4492357, 1788384295.5321107, 1788384295.6158419, 1788384295.6979845, 1788384295.7814813, 1788384295.8646064, 1788384295.9503922, 1788384296.0314248, 1788384296.117108]","[1, 6, 2, 2, 1, 2, 2, 6, 1, 6, 2, 6, 6, 2, 6, 1, 1, 2, 1, 6, 6, 6, 2, 5, 2, 4, 3, 5, 3, 2, 4, 3, 2, 2, 2, 1, 3, 4, 1, 6, 6, 4, 3, 3, 1, 3, 2, 4, 1, 2, 6, 1, 1, 3, 3, 2, 6, 3, 6, 2, 4, 6, 3, 6, 2, 3, 6, 2, 6, 3, 1, 1, 6, 3, 6, 1, 2, 2, 3, 6, 6, 1, 2, 6, 3, 3, 5, 4, 6, 5, 3, 1, 1, 2, 3, 4, 3, 3, 1, 5, 5, 1, 5, 1, 6, 6, 5, 1, 3, 1, 6, 1, 1, 2, 5, 2, 4, 4, 2, 5, 6, 6, 3, 6, 6, 2, 6, 5, 6, 6, 5, 6, 4, 3, 6, 6, 6, 6, 4, 4, 2, 2, 4, 5, 3, 3, 1, 1, 6, 6, 6, 2, 2, 1, 5, 3, 1]"
User-049,6,trace_0273,1788384297.0273423,streaming,23316,255,255,355,7,5.417866468429565,14.381376504898071,0.035289409592395696,12.0,0,True,,1788384282.6458244,1788384288.063691,1788384297.027201,"[1788384288.063691, 1788384288.6140096, 1788384289.2541525, 1788384289.930638, 1788384290.6407332, 1788384291.397277, 1788384292.185499, 1788384293.005643, 1788384293.6115317, 1788384293.6718423, 1788384293.757264, 1788384293.842357, 1788384293.9280567, 1788384294.0132267, 1788384294.0986862, 1788384294.1831818, 1788384294.2694383, 1788384294.3540378, 1788384294.4395258, 1788384294.5249739, 1788384294.6092565, 1788384294.6947215, 1788384294.7810688, 1788384294.8658073, 1788384294.953794, 1788384295.033942, 1788384295.116777, 1788384295.2018743, 1788384295.2846198, 1788384295.366755, 1788384295.4504268, 1788384295.533306, 1788384295.617016, 1788384295.6992712, 1788384295.7826505, 1788384295.8657572, 1788384295.9515905, 1788384296.0327287, 1788384296.1184466, 1788384296.1974194, 1788384296.279849, 1788384296.3611798, 1788384296.4429338, 1788384296.5254946, 1788384296.6077025, 1788384296.6897697, 1788384296.7725482, 1788384296.8554926, 1788384296.9366748, 1788384297.024888]","[1, 2, 3, 6, 6, 2, 6, 6, 6, 6, 6, 3, 2, 6, 6, 6, 4, 2, 6, 6, 6, 3, 6, 5, 6, 6, 6, 6, 6, 6, 6, 6, 6, 6, 6, 6, 6, 6, 6, 6, 6, 2, 6, 5, 6, 6, 6, 3, 6, 2]"
User-058,0,trace_0586,1788384298.4075897,streaming,17876,180,180,0,278,5.876340627670288,16.218815088272095,0.05777918693073635,0.0,0,True,,1788384282.1887133,1788384288.065054,1788384298.4075284,"[1788384288.065054, 1788384288.6150842, 1788384289.2552445, 1788384289.93173, 1788384290.641827, 1788384291.3983145, 1788384292.1865602, 1788384293.0067027, 1788384293.6125395, 1788384293.672859, 1788384293.7584517, 1788384293.8434608, 1788384293.929104, 1788384294.0142543, 1788384294.0998278, 1788384294.1843333, 1788384294.2705224, 1788384294.3551557, 1788384294.4405532, 1788384294.5260148, 1788384294.6104214, 1788384294.6958196, 1788384294.782127, 1788384294.8668866, 1788384294.954881, 1788384295.0350208, 1788384295.1178606, 1788384295.202989, 1788384295.2856994, 1788384295.3680177, 1788384295.4515572, 1788384295.5343556, 1788384295.6180882, 1788384295.7003965, 1788384295.7837927, 1788384295.866855, 1788384295.9526372, 1788384296.0337903, 1788384296.1196158, 1788384296.1984653, 1788384296.2809625, 1788384296.3623276, 1788384296.4440234, 1788384296.5266106, 1788384296.6087883, 1788384296.6909063, 1788384296.7736304, 1788384296.856569, 1788384296.9377327, 1788384297.0262678, 1788384297.1018484, 1788384297.1819272, 1788384297.2648752, 1788384297.345634, 1788384297.4283617, 1788384297.5093997, 1788384297.5909214, 1788384297.6723506, 1788384297.7527595, 1788384297.8354955, 1788384297.916069, 1788384297.9992185, 1788384298.0827787, 1788384298.1622243, 1788384298.242437, 1788384298.3244185, 1788384298.4062893]","[1, 4, 2, 3, 3, 4, 1, 3, 2, 3, 4, 2, 4, 4, 3, 1, 3, 4, 2, 4, 1, 1, 1, 1, 3, 1, 3, 1, 1, 1, 6, 3, 2, 4, 2, 2, 2, 3, 2, 1, 3, 1, 2, 2, 2, 6, 4, 3, 6, 1, 6, 2, 1, 6, 1, 1, 6, 2, 1, 4, 2, 5, 1, 2, 6, 4, 2]"
User-022,9,trace_0418,1788384294.956718,streaming,19966,183,183,298,7,0.4696066379547119,14.032543659210205,0.07452163198492029,8.0,0,True,,1788384280.9241033,1788384281.39371,1788384294.956647,"[1788384281.39371, 1788384281.4507873, 1788384281.5338788, 1788384281.6165013, 1788384281.6977253, 1788384281.779928, 1788384281.8630807, 1788384281.9617617, 1788384282.0274365, 1788384282.110409, 1788384282.1926093, 1788384282.2764766, 1788384282.3582625, 1788384282.9621227, 1788384283.5895884, 1788384284.2539182, 1788384284.9479191, 1788384285.7201018, 1788384286.4436502, 1788384287.2337844, 1788384288.0660756, 1788384288.6161337, 1788384289.2562737, 1788384289.9328415, 1788384290.6431766, 1788384291.398893, 1788384292.1871006, 1788384293.007295, 1788384293.6130226, 1788384293.673345, 1788384293.7589953, 1788384293.84397, 1788384293.92964, 1788384294.0147882, 1788384294.1003566, 1788384294.1848357, 1788384294.2710595, 1788384294.355681, 1788384294.4410713, 1788384294.526538, 1788384294.610943, 1788384294.6963272, 1788384294.782633, 1788384294.8674514, 1788384294.9554281]","[1, 6, 1, 6, 6, 4, 3, 1, 2, 1, 4, 4, 6, 4, 4, 6, 6, 4, 1, 2, 6, 5, 2, 3, 6, 6, 6, 2, 3, 6, 4, 3, 1, 6, 4, 3, 6, 6, 2, 6, 6, 6, 6, 6, 1]"
User-051,1,trace_0167,1788384328.8955047,streaming,14194,5698,5644,213,6,0.43541979789733887,139.56513381004333,0.024655274501532164,8.0,0,True,,1788384189.330293,1788384189.7657127,1788384328.8954268,"[1788384189.7657127, 1788384189.8312323, 1788384190.4390602, 1788384191.0736969, 1788384191.742542, 1788384192.4417975, 1788384193.1721842, 1788384193.9341798, 1788384194.7347004, 1788384195.5639012, 1788384196.4255395, 1788384197.3316736, 1788384198.2700317, 1788384199.2382705, 1788384200.0738826, 1788384200.628019, 1788384201.2774158, 1788384201.9654791, 1788384202.6770394, 1788384203.4285092, 1788384204.205972, 1788384205.1102057, 1788384205.669995, 1788384206.284908, 1788384206.9513762, 1788384207.652902, 1788384208.3836553, 1788384209.1457305, 1788384209.285274, 1788384209.3622315, 1788384209.4567502, 1788384209.5525258, 1788384209.6473792, 1788384209.7426455, 1788384209.8372884, 1788384209.932596, 1788384210.0271337, 1788384210.12242, 1788384210.2169254, 1788384210.3152983, 1788384210.4076285, 1788384210.4964116, 1788384210.5846608, 1788384210.6742756, 1788384210.7630596, 1788384210.8528426, 1788384210.9416068, 1788384211.0311086, 1788384211.1206627, 1788384211.2092023, 1788384211.29785, 1788384211.3872771, 1788384211.4758866, 1788384211.5653946, 1788384211.6542554, 1788384211.744729, 1788384211.8318121, 1788384211.9201953, 1788384212.0077283, 1788384212.095519, 1788384212.182696, 1788384212.2709005, 1788384212.3617027, 1788384212.447807, 1788384212.5296052, 1788384212.6138244, 1788384212.693529, 1788384212.7746556, 1788384212.8572128, 1788384212.937521, 1788384213.0177233, 1788384213.0982316, 1788384213.1808617, 1788384213.2597718, 1788384213.339088, 1788384213.4644501, 1788384213.4986384, 1788384213.5815232, 1788384213.6582353, 1788384213.8789988, 1788384213.9275897, 1788384214.0134735, 1788384214.0937698, 1788384214.175734, 1788384214.2586646, 1788384214.3395357, 1788384214.4220917, 1788384214.503826, 1788384214.5852516, 1788384214.6680822, 1788384214.7503579, 1788384214.8315394, 1788384214.9205794, 1788384214.9970798, 1788384215.0807095, 1788384215.162594, 1788384215.2459974, 1788384215.327626, 1788384215.4096067, 1788384215.4929488, 1788384215.5742102, 1788384215.6569393, 1788384215.741881, 1788384215.821134, 1788384215.9046276, 1788384215.985533, 1788384216.0684555, 1788384216.1497972, 1788384216.2319214, 1788384216.313553, 1788384216.3958826, 1788384216.478364, 1788384216.5613525, 1788384216.639862, 1788384217.498284, 1788384218.3845801, 1788384218.9392498, 1788384219.4900708, 1788384220.1192575, 1788384220.787407, 1788384221.4762266, 1788384222.2153192, 1788384222.9866288, 1788384223.7895267, 1788384224.5466893, 1788384225.132455, 1788384225.7786086, 1788384226.451824, 1788384227.2744534, 1788384228.0657897, 1788384228.6476743, 1788384229.2936187, 1788384229.9734216, 1788384230.6801496, 1788384231.4251292, 1788384232.202521, 1788384233.0330834, 1788384233.6582327, 1788384234.2872818, 1788384234.9650235, 1788384235.6746407, 1788384236.414567, 1788384237.1794293, 1788384238.0635598, 1788384238.9214578, 1788384238.9765658, 1788384239.2775605, 1788384239.330042, 1788384239.4217474, 1788384239.514087, 1788384239.6062834, 1788384239.698996, 1788384239.7864718, 1788384239.8784742, 1788384239.967634, 1788384240.0570831, 1788384240.146466, 1788384240.237362, 1788384240.3274689, 1788384240.417367, 1788384240.509084, 1788384240.597029, 1788384240.683908, 1788384240.7706435, 1788384240.858207, 1788384240.9471223, 1788384241.0346327, 1788384241.1206, 1788384241.20611, 1788384241.292761, 1788384241.3786125, 1788384241.4654865, 1788384241.552323, 1788384241.6387732, 1788384241.7274911, 1788384241.809481, 1788384241.8945262, 1788384241.9809537, 1788384242.0627685, 1788384242.222182, 1788384242.2897935, 1788384242.3758636, 1788384242.4622555, 1788384242.5506413, 1788384242.6387262, 1788384242.720389, 1788384242.804623, 1788384242.8887475, 1788384242.9730434, 1788384243.057767, 1788384243.142633, 1788384243.2260509, 1788384243.310368, 1788384243.3951309, 1788384243.4801092, 1788384243.563637, 1788384243.6478403, 1788384243.7325516, 1788384243.8304777, 1788384243.9027066, 1788384243.9826355, 1788384244.0619428, 1788384244.932499, 1788384245.1501105, 1788384245.5730047, 1788384245.6254725, 1788384245.7096615, 1788384245.7948112, 1788384245.878165, 1788384245.9639943, 1788384246.0469642, 1788384246.1293788, 1788384246.2117436, 1788384246.293831, 1788384246.3763015, 1788384246.4588652, 1788384246.5410767, 1788384246.6238697, 1788384246.7078416, 1788384246.7876794, 1788384247.0904148, 1788384247.1477625, 1788384247.3716166, 1788384247.422987, 1788384247.5093513, 1788384247.5949697, 1788384247.678755, 1788384247.7625108, 1788384247.8469198, 1788384247.9319599, 1788384248.0166454, 1788384248.1002345, 1788384248.1843927, 1788384248.2692773, 1788384248.354042, 1788384248.4384344, 1788384248.5223153, 1788384248.6094515, 1788384248.6933694, 1788384248.775489, 1788384248.9148765, 1788384249.029897, 1788384249.0658948, 1788384249.1906009, 1788384249.2377129, 1788384249.8427935, 1788384250.4701378, 1788384251.1509502, 1788384251.8583748, 1788384252.601508, 1788384253.3735063, 1788384254.208007, 1788384255.0472198, 1788384255.9198275, 1788384256.6975527, 1788384257.4489346, 1788384258.0167754, 1788384258.6689498, 1788384259.351386, 1788384260.0762308, 1788384260.8360276, 1788384261.6186674, 1788384262.4760728, 1788384263.4133432, 1788384264.3253274, 1788384264.8717659, 1788384265.5135918, 1788384266.1912665, 1788384266.8992074, 1788384267.639282, 1788384268.4106092, 1788384269.2200546, 1788384270.0689018, 1788384270.9437253, 1788384271.861907, 1788384272.8048272, 1788384273.864418, 1788384273.8774052, 1788384273.9173324, 1788384274.0141582, 1788384274.1100152, 1788384274.2072713, 1788384274.3028872, 1788384274.3997414, 1788384274.4969497, 1788384274.5927303, 1788384274.6887624, 1788384274.785482, 1788384274.8825767, 1788384274.9781337, 1788384275.0737991, 1788384275.169887, 1788384275.2641923, 1788384275.3601072, 1788384275.455441, 1788384275.5514152, 1788384275.6475518, 1788384275.742892, 1788384275.835404, 1788384275.926351, 1788384276.016236, 1788384276.1069918, 1788384276.197745, 1788384276.288144, 1788384276.3784873, 1788384276.469355, 1788384276.5596204, 1788384276.650688, 1788384276.7412097, 1788384276.8267674, 1788384276.9124641, 1788384276.9977214, 1788384277.0825408, 1788384277.167591, 1788384277.2530644, 1788384277.3381782, 1788384277.4234521, 1788384277.5122056, 1788384277.5907085, 1788384277.6725082, 1788384277.755712, 1788384277.838287, 1788384277.917048, 1788384277.9988043, 1788384278.0788052, 1788384278.1614108, 1788384278.2413216, 1788384278.3225687, 1788384278.4037669, 1788384278.4838963, 1788384278.5659988, 1788384278.6460614, 1788384278.7264252, 1788384278.8088984, 1788384278.889621, 1788384278.9776459, 1788384279.0522113, 1788384279.1347008, 1788384279.2151103, 1788384279.2972596, 1788384279.3776157, 1788384279.460658, 1788384279.539909, 1788384279.6197186, 1788384279.7009065, 1788384279.7829359, 1788384279.861302, 1788384280.0223222, 1788384280.086431, 1788384280.1674674, 1788384280.2498407, 1788384280.3302965, 1788384280.413016, 1788384280.4934652, 1788384280.5756521, 1788384280.656629, 1788384280.7371967, 1788384280.8197033, 1788384280.929061, 1788384280.9852374, 1788384281.0651376, 1788384281.143251, 1788384281.3906028, 1788384281.4477627, 1788384281.5310462, 1788384281.613648, 1788384281.6948822, 1788384281.7769725, 1788384281.8601277, 1788384281.96029, 1788384282.0244095, 1788384282.1075485, 1788384282.1912217, 1788384282.2736046, 1788384282.3555555, 1788384282.9590898, 1788384283.5867882, 1788384284.2510889, 1788384284.9450345, 1788384285.718741, 1788384286.44008, 1788384287.2313688, 1788384288.0611203, 1788384288.6121442, 1788384289.252313, 1788384289.9287646, 1788384290.6389346, 1788384291.39544, 1788384292.183688, 1788384293.0038557, 1788384293.6089067, 1788384293.66958, 1788384293.7547414, 1788384293.8400278, 1788384293.9256165, 1788384294.01091, 1788384294.096347, 1788384294.180625, 1788384294.2670937, 1788384294.3516982, 1788384294.437166, 1788384294.522576, 1788384294.606919, 1788384294.692393, 1788384294.778673, 1788384294.863481, 1788384294.95138, 1788384295.0313756, 1788384295.114368, 1788384295.1977148, 1788384295.2821844, 1788384295.3643868, 1788384295.4480197, 1788384295.530868, 1788384295.6146288, 1788384295.6967833, 1788384295.7802808, 1788384295.8634152, 1788384295.9491844, 1788384296.030065, 1788384296.1157866, 1788384296.1956677, 1788384296.2779448, 1788384296.3593342, 1788384296.4411335, 1788384296.5236912, 1788384296.6058047, 1788384296.6879268, 1788384296.7706573, 1788384296.8536057, 1788384296.9348285, 1788384297.019298, 1788384297.099397, 1788384297.1797247, 1788384297.2624667, 1788384297.343247, 1788384297.4259882, 1788384297.50702, 1788384297.5885246, 1788384297.669964, 1788384297.7503858, 1788384297.8331344, 1788384297.9136114, 1788384297.9968233, 1788384298.0798657, 1788384298.1603408, 1788384298.2405775, 1788384298.322523, 1788384298.404477, 1788384298.48329, 1788384298.5625367, 1788384298.64153, 1788384298.7203052, 1788384298.7992425, 1788384298.8782823, 1788384298.9577427, 1788384299.0367022, 1788384299.115418, 1788384299.194372, 1788384299.2736402, 1788384299.3521645, 1788384299.4328434, 1788384299.5102777, 1788384299.589399, 1788384299.6685529, 1788384299.747528, 1788384299.8269157, 1788384299.9060938, 1788384299.9846566, 1788384300.0638826, 1788384300.142861, 1788384300.2245216, 1788384300.2936935, 1788384300.3671417, 1788384300.4394882, 1788384300.511226, 1788384300.579785, 1788384300.649127, 1788384300.7181745, 1788384300.7871358, 1788384300.8567793, 1788384300.9265056, 1788384300.996031, 1788384301.0660195, 1788384301.1377892, 1788384301.204725, 1788384301.2552412, 1788384301.305259, 1788384301.3558707, 1788384301.406021, 1788384301.456415, 1788384301.5066586, 1788384301.557394, 1788384301.6076684, 1788384301.6579504, 1788384301.7084122, 1788384301.7586899, 1788384301.809861, 1788384301.8597345, 1788384301.9101584, 1788384301.9607441, 1788384302.01125, 1788384302.0619361, 1788384302.1123896, 1788384302.162966, 1788384302.2138822, 1788384302.2639956, 1788384302.3143618, 1788384302.3652713, 1788384302.4159586, 1788384302.4666483, 1788384302.5168924, 1788384302.5678215, 1788384302.618001, 1788384302.6683638, 1788384302.7182865, 1788384302.7686343, 1788384302.8191252, 1788384302.8689668, 1788384302.9192393, 1788384302.969529, 1788384303.019661, 1788384303.0699658, 1788384303.120253, 1788384303.1708589, 1788384303.2209032, 1788384303.2716699, 1788384303.3211553, 1788384303.3709598, 1788384303.4213378, 1788384303.4719012, 1788384303.5223103, 1788384303.5725276, 1788384303.6229563, 1788384303.6734862, 1788384303.7239301, 1788384303.7741306, 1788384303.824456, 1788384303.8749528, 1788384303.9253464, 1788384303.9763572, 1788384304.026651, 1788384304.0773191, 1788384304.1279058, 1788384304.1785212, 1788384304.2291024, 1788384304.2798293, 1788384304.3304923, 1788384304.3810408, 1788384304.431736, 1788384304.4822423, 1788384304.5328138, 1788384304.5833702, 1788384304.6342382, 1788384304.6848438, 1788384304.7354555, 1788384304.786174, 1788384304.8369641, 1788384304.887761, 1788384304.9385567, 1788384304.989252, 1788384305.0404565, 1788384305.0911753, 1788384305.1420236, 1788384305.1926765, 1788384305.2435424, 1788384305.294369, 1788384305.3452363, 1788384305.3963552, 1788384305.4469543, 1788384305.4978406, 1788384305.548736, 1788384305.5998993, 1788384305.6509254, 1788384305.702239, 1788384305.7527523, 1788384305.8037698, 1788384305.854933, 1788384305.9057546, 1788384305.9566941, 1788384306.007854, 1788384306.0586154, 1788384306.109783, 1788384306.160833, 1788384306.2122505, 1788384306.263248, 1788384306.3140843, 1788384306.3651621, 1788384306.4164834, 1788384306.4677496, 1788384306.5190637, 1788384306.5699422, 1788384306.6213076, 1788384306.67242, 1788384306.723756, 1788384306.7749493, 1788384306.8260462, 1788384306.8772788, 1788384306.9284606, 1788384306.9793403, 1788384307.030153, 1788384307.0811584, 1788384307.1318684, 1788384307.1827202, 1788384307.2338839, 1788384307.28475, 1788384307.335763, 1788384307.386611, 1788384307.4374456, 1788384307.4886265, 1788384307.5397182, 1788384307.5906677, 1788384307.6416059, 1788384307.692505, 1788384307.7435482, 1788384307.7944005, 1788384307.8455236, 1788384307.8964965, 1788384307.947563, 1788384307.9985046, 1788384308.0496802, 1788384308.1009257, 1788384308.1519723, 1788384308.203271, 1788384308.2541535, 1788384308.305254, 1788384308.3567135, 1788384308.4077566, 1788384308.458857, 1788384308.5099576, 1788384308.5611615, 1788384308.6126606, 1788384308.6637805, 1788384308.7144241, 1788384308.7654405, 1788384308.816295, 1788384308.867595, 1788384308.9190047, 1788384308.9703794, 1788384309.0216362, 1788384309.072802, 1788384309.1244545, 1788384309.1763504, 1788384309.2272754, 1788384309.278461, 1788384309.3299754, 1788384309.3813412, 1788384309.4326918, 1788384309.4843707, 1788384309.5357542, 1788384309.58702, 1788384309.638616, 1788384309.690016, 1788384309.7419896, 1788384309.7931364, 1788384309.8448362, 1788384309.8964024, 1788384309.9479766, 1788384309.9997447, 1788384310.0512722, 1788384310.1027071, 1788384310.15433, 1788384310.2060165, 1788384310.2577384, 1788384310.3091774, 1788384310.3610022, 1788384310.412706, 1788384310.464315, 1788384310.5160422, 1788384310.567934, 1788384310.6195395, 1788384310.672342, 1788384310.7222443, 1788384310.7739396, 1788384310.8254123, 1788384310.8770077, 1788384310.9289312, 1788384310.9805067, 1788384311.0323849, 1788384311.0841603, 1788384311.135878, 1788384311.1878226, 1788384311.239737, 1788384311.291665, 1788384311.343348, 1788384311.395096, 1788384311.4468093, 1788384311.4982808, 1788384311.5496793, 1788384311.6011963, 1788384311.6525872, 1788384311.7042038, 1788384311.7556386, 1788384311.807081, 1788384311.858667, 1788384311.910313, 1788384311.9618394, 1788384312.0135815, 1788384312.065078, 1788384312.116781, 1788384312.1686444, 1788384312.2199717, 1788384312.2718928, 1788384312.3236756, 1788384312.375342, 1788384312.426974, 1788384312.4785829, 1788384312.5304132, 1788384312.5821867, 1788384312.6338155, 1788384312.6856697, 1788384312.7372859, 1788384312.789057, 1788384312.840926, 1788384312.892643, 1788384312.9444242, 1788384312.9964547, 1788384313.048213, 1788384313.1002429, 1788384313.1520553, 1788384313.2045088, 1788384313.2561758, 1788384313.3079207, 1788384313.359647, 1788384313.4116116, 1788384313.4635308, 1788384313.5154738, 1788384313.5675564, 1788384313.6194894, 1788384313.6715705, 1788384313.7235892, 1788384313.7755642, 1788384313.8276918, 1788384313.879642, 1788384313.9317217, 1788384313.9838278, 1788384314.03599, 1788384314.0882096, 1788384314.1400359, 1788384314.1923354, 1788384314.244504, 1788384314.2967365, 1788384314.3487253, 1788384314.4008985, 1788384314.453012, 1788384314.5056274, 1788384314.5576677, 1788384314.6099489, 1788384314.6621432, 1788384314.713877, 1788384314.7655826, 1788384314.817788, 1788384314.8704655, 1788384314.9225316, 1788384314.9746711, 1788384315.0270503, 1788384315.0795236, 1788384315.1317604, 1788384315.1843896, 1788384315.236455, 1788384315.288801, 1788384315.3414578, 1788384315.3938076, 1788384315.446167, 1788384315.4988968, 1788384315.5508752, 1788384315.6031682, 1788384315.6555498, 1788384315.707959, 1788384315.7604363, 1788384315.8127298, 1788384315.8651135, 1788384315.917473, 1788384315.969783, 1788384316.0216155, 1788384316.0738966, 1788384316.1257682, 1788384316.1782641, 1788384316.2304716, 1788384316.2826412, 1788384316.3348343, 1788384316.386856, 1788384316.4391916, 1788384316.4912403, 1788384316.5435038, 1788384316.595844, 1788384316.6480997, 1788384316.7002575, 1788384316.7527375, 1788384316.8048728, 1788384316.8572466, 1788384316.909518, 1788384316.9618435, 1788384317.0146074, 1788384317.0666382, 1788384317.119134, 1788384317.171625, 1788384317.2239854, 1788384317.276097, 1788384317.3290243, 1788384317.3813937, 1788384317.4336483, 1788384317.4862044, 1788384317.5386813, 1788384317.5912988, 1788384317.643869, 1788384317.6963027, 1788384317.7489123, 1788384317.8011901, 1788384317.8537161, 1788384317.9063828, 1788384317.958883, 1788384318.0114863, 1788384318.064114, 1788384318.1165543, 1788384318.1694574, 1788384318.222253, 1788384318.274959, 1788384318.3275018, 1788384318.3802114, 1788384318.4330378, 1788384318.4855752, 1788384318.538441, 1788384318.5910008, 1788384318.6430523, 1788384318.695374, 1788384318.7484248, 1788384318.8009832, 1788384318.8537457, 1788384318.9065208, 1788384318.9593327, 1788384319.0123036, 1788384319.0650642, 1788384319.1179533, 1788384319.1709607, 1788384319.223836, 1788384319.2768013, 1788384319.32971, 1788384319.3826818, 1788384319.435479, 1788384319.4886248, 1788384319.5413315, 1788384319.5943222, 1788384319.6472266, 1788384319.7005908, 1788384319.7529745, 1788384319.8058689, 1788384319.8591638, 1788384319.9121873, 1788384319.9651086, 1788384320.0179687, 1788384320.0710099, 1788384320.1243045, 1788384320.177051, 1788384320.230038, 1788384320.2830703, 1788384320.3363152, 1788384320.389061, 1788384320.4419408, 1788384320.4947062, 1788384320.5474365, 1788384320.6004148, 1788384320.6528952, 1788384320.7059488, 1788384320.7585425, 1788384320.8112667, 1788384320.8642921, 1788384320.9168775, 1788384320.9699214, 1788384321.0224876, 1788384321.0753953, 1788384321.1283247, 1788384321.181105, 1788384321.2340403, 1788384321.2871182, 1788384321.3400836, 1788384321.3929942, 1788384321.4458482, 1788384321.4987795, 1788384321.5519793, 1788384321.604813, 1788384321.6578214, 1788384321.7108757, 1788384321.768813, 1788384321.8167765, 1788384321.8697462, 1788384321.9227154, 1788384321.9758286, 1788384322.0288723, 1788384322.0821016, 1788384322.1353552, 1788384322.1885846, 1788384322.2417018, 1788384322.2948196, 1788384322.3480332, 1788384322.4014115, 1788384322.4546325, 1788384322.5076518, 1788384322.5604122, 1788384322.613093, 1788384322.6664999, 1788384322.7197533, 1788384322.7728634, 1788384322.8263562, 1788384322.8794093, 1788384322.9326873, 1788384322.9862666, 1788384323.0395386, 1788384323.0929964, 1788384323.1462843, 1788384323.1996214, 1788384323.253193, 1788384323.3065965, 1788384323.3600473, 1788384323.4134438, 1788384323.467259, 1788384323.5207648, 1788384323.5739691, 1788384323.6276085, 1788384323.6808627, 1788384323.7345338, 1788384323.7879956, 1788384323.841329, 1788384323.8948326, 1788384323.948356, 1788384324.0019593, 1788384324.0555315, 1788384324.1088471, 1788384324.1623619, 1788384324.2160885, 1788384324.2693996, 1788384324.3228931, 1788384324.3764029, 1788384324.43019, 1788384324.4838076, 1788384324.5374782, 1788384324.5909786, 1788384324.644681, 1788384324.6981916, 1788384324.7520528, 1788384324.805416, 1788384324.85911, 1788384324.9126759, 1788384324.9661717, 1788384325.0195138, 1788384325.0727923, 1788384325.1262681, 1788384325.1795082, 1788384325.2328146, 1788384325.2865152, 1788384325.3400378, 1788384325.3934698, 1788384325.4470336, 1788384325.500295, 1788384325.5538743, 1788384325.607277, 1788384325.660765, 1788384325.7143543, 1788384325.767794, 1788384325.8212879, 1788384325.8747096, 1788384325.92827, 1788384325.9818864, 1788384326.035381, 1788384326.0889866, 1788384326.1428626, 1788384326.1964219, 1788384326.2499993, 1788384326.3037367, 1788384326.3572485, 1788384326.4111495, 1788384326.464485, 1788384326.5176225, 1788384326.5714247, 1788384326.6251578, 1788384326.6788385, 1788384326.7325594, 1788384326.7862177, 1788384326.8399804, 1788384326.8936558, 1788384326.9474988, 1788384327.001726, 1788384327.0553994, 1788384327.1092222, 1788384327.1630974, 1788384327.21696, 1788384327.2707915, 1788384327.324689, 1788384327.3785186, 1788384327.4325182, 1788384327.4864786, 1788384327.540425, 1788384327.5947196, 1788384327.6485984, 1788384327.7025528, 1788384327.756592, 1788384327.8104959, 1788384327.8646162, 1788384327.9185505, 1788384327.9725657, 1788384328.0266616, 1788384328.080667, 1788384328.1346996, 1788384328.1888108, 1788384328.242886, 1788384328.2969823, 1788384328.351269, 1788384328.4051728, 1788384328.459532, 1788384328.5135388, 1788384328.5677013, 1788384328.6217453, 1788384328.6760674, 1788384328.7302406, 1788384328.7844021, 1788384328.8384073, 1788384328.89462]","[1, 6, 3, 4, 2, 3, 1, 3, 4, 5, 3, 1, 1, 1, 5, 3, 2, 2, 2, 3, 6, 6, 2, 1, 4, 4, 6, 2, 1, 2, 1, 3, 3, 2, 2, 5, 5, 3, 1, 2, 2, 6, 2, 1, 5, 6, 1, 3, 1, 5, 3, 6, 3, 1, 1, 5, 4, 6, 1, 3, 4, 1, 1, 2, 3, 4, 3, 6, 4, 1, 2, 5, 2, 2, 1, 5, 6, 2, 6, 3, 5, 3, 4, 4, 4, 6, 5, 4, 6, 1, 2, 1, 4, 6, 1, 6, 6, 2, 4, 6, 2, 4, 1, 2, 2, 2, 2, 1, 1, 1, 1, 6, 5, 2, 3, 3, 6, 5, 6, 6, 6, 6, 6, 6, 6, 6, 6, 3, 6, 6, 6, 6, 3, 6, 6, 6, 6, 6, 6, 6, 6, 6, 6, 6, 6, 6, 6, 6, 3, 3, 6, 6, 6, 6, 5, 5, 6, 6, 6, 6, 6, 4, 6, 6, 6, 6, 6, 6, 4, 6, 6, 6, 6, 6, 6, 6, 6, 6, 4, 1, 5, 6, 6, 6, 6, 6, 6, 6, 6, 6, 6, 6, 6, 6, 6, 6, 6, 6, 6, 6, 6, 6, 6, 6, 6, 6, 6, 6, 6, 6, 6, 6, 6, 6, 6, 6, 6, 6, 6, 6, 6, 6, 6, 6, 6, 6, 6, 6, 6, 6, 6, 6, 6, 6, 6, 6, 6, 6, 6, 6, 1, 1, 5, 6, 6, 6, 6, 6, 6, 6, 6, 6, 6, 6, 6, 6, 6, 6, 6, 6, 6, 6, 6, 6, 6, 6, 6, 6, 6, 6, 6, 6, 6, 6, 6, 6, 6, 6, 6, 6, 6, 6, 6, 6, 6, 6, 6, 6, 6, 6, 6, 6, 6, 6, 6, 6, 6, 6, 6, 6, 6, 6, 1, 1, 5, 6, 6, 6, 6, 6, 6, 6, 6, 6, 6, 6, 6, 6, 6, 6, 6, 6, 6, 6, 6, 6, 6, 6, 6, 6, 6, 6, 6, 6, 6, 6, 6, 6, 6, 6, 6, 6, 6, 6, 6, 6, 6, 6, 6, 6, 6, 6, 6, 6, 6, 6, 6, 6, 6, 6, 6, 6, 6, 6, 1, 1, 5, 6, 6, 6, 6, 6, 6, 6, 6, 6, 6, 6, 6, 6, 6, 6, 6, 6, 6, 6, 6, 6, 6, 6, 6, 6, 6, 6, 6, 6, 6, 6, 6, 6, 6, 6, 6, 6, 6, 6, 6, 6, 6, 6, 6, 6, 6, 6, 6, 6, 6, 6, 6, 6, 6, 6, 6, 6, 6, 6, 1, 4, 6, 6, 6, 6, 6, 6, 6, 6, 6, 6, 6, 6, 6, 6, 6, 6, 6, 6, 6, 6, 6, 6, 6, 6, 6, 6, 6, 6, 6, 6, 6, 6, 6, 6, 6, 6, 6, 6, 6, 6, 6, 6, 6, 6, 6, 6, 6, 6, 6, 6, 6, 6, 6, 6, 6, 6, 6, 6, 6, 3, 4, 6, 6, 6, 6, 6, 6, 6, 6, 6, 6, 6, 6, 6, 6, 6, 6, 6, 6, 6, 6, 6, 6, 6, 6, 6, 6, 6, 6, 6, 6, 6, 6, 6, 6, 6, 6, 6, 6, 6, 6, 6, 6, 6, 6, 6, 6, 6, 6, 6, 6, 6, 6, 6, 6, 6, 6, 6, 6, 6, 3, 4, 6, 6, 6, 6, 6, 6, 6, 6, 6, 6, 6, 6, 6, 6, 6, 6, 6, 6, 6, 6, 6, 6, 6, 6, 6, 6, 6, 6, 6, 6, 6, 6, 6, 6, 6, 6, 6, 6, 6, 6, 6, 6, 6, 6, 6, 6, 6, 6, 6, 6, 6, 6, 6, 6, 6, 6, 6, 6, 6, 3, 1, 4, 6, 6, 6, 6, 6, 6, 6, 6, 6, 6, 6, 6, 6, 6, 6, 6, 6, 6, 6, 6, 6, 6, 6, 6, 6, 6, 6, 6, 6, 6, 6, 6, 6, 6, 6, 6, 6, 6, 6, 6, 6, 6, 6, 6, 6, 6, 6, 6, 6, 6, 6, 6, 6, 6, 6, 6, 6, 6, 6, 2, 1, 4, 6, 6, 6, 6, 6, 6, 6, 6, 6, 6, 6, 6, 6, 6, 6, 6, 6, 6, 6, 6, 6, 6, 6, 6, 6, 6, 6, 6, 6, 6, 6, 6, 6, 6, 6, 6, 6, 6, 6, 6, 6, 6, 6, 6, 6, 6, 6, 6, 6, 6, 6, 6, 6, 6, 6, 6, 6, 6, 6, 3, 4, 6, 6, 6, 6, 6, 6, 6, 6, 6, 6, 6, 6, 6, 6, 6, 6, 6, 6, 6, 6, 6, 6, 6, 6, 6, 6, 6, 6, 6, 6, 6, 6, 6, 6, 6, 6, 6, 6, 6, 6, 6, 6, 6, 6, 6, 6, 6, 6, 6, 6, 6, 6, 6, 6, 6, 6, 6, 6, 6, 3, 4, 6, 6, 6, 6, 6, 6, 6, 6, 6, 6, 6, 6, 6, 6, 6, 6, 6, 6, 6, 6, 6, 6, 6, 6, 6, 6, 6, 6, 6, 6, 6, 6, 6, 6, 6, 6, 6, 6, 6, 6, 6, 6, 6, 6, 6, 6, 6, 6, 6, 6, 6, 6, 6, 6, 6, 6, 6, 6, 6, 3, 4, 6, 6, 6, 6, 6, 6, 6, 6, 6, 6, 6, 6, 6, 6, 6, 6, 6, 6, 6, 6, 6, 6, 6, 6, 6, 6, 6, 6, 6, 6, 6, 6, 6, 6, 6, 6, 6, 6, 6, 6, 6, 6, 6, 6, 6, 6, 6, 6, 6, 6, 6, 6, 6, 6, 6, 6, 6, 6, 6, 3, 4, 6, 6, 6, 6, 6, 6, 6, 6, 6, 6, 6, 6, 6, 6, 6, 6, 6, 6, 6, 6, 6, 6, 6, 6, 6, 6, 6, 6, 6, 6, 6, 6, 6, 6, 6, 6, 6, 6, 6, 6, 6, 6, 6, 6, 6, 6, 6, 6, 6, 6, 6, 6, 6, 6, 6, 6, 6, 6, 6, 3, 4, 6, 6, 6, 6, 6, 6, 6, 6, 6, 6, 6, 6, 6, 6, 6, 6, 6, 6, 6, 6, 6, 6, 6, 6, 6, 6, 6, 6, 6, 6, 6, 6, 6, 6, 6, 6, 6, 5]"
User-055,3,trace_0449,1788384298.0838344,streaming,20677,238,238,316,6,5.469138145446777,15.490013360977173,0.04228217390519154,9.0,0,True,,1788384282.5937421,1788384288.0628803,1788384298.0837555,"[1788384288.0628803, 1788384288.6134512, 1788384289.2536256, 1788384289.9300823, 1788384290.6402054, 1788384291.396717, 1788384292.1849535, 1788384293.0051072, 1788384293.6110282, 1788384293.6712766, 1788384293.7567062, 1788384293.8418446, 1788384293.9274776, 1788384294.012693, 1788384294.0981655, 1788384294.1826394, 1788384294.2688975, 1788384294.3535097, 1788384294.438992, 1788384294.524461, 1788384294.6087475, 1788384294.6941938, 1788384294.7805476, 1788384294.8652852, 1788384294.9532337, 1788384295.033417, 1788384295.116247, 1788384295.201301, 1788384295.2840881, 1788384295.366217, 1788384295.4499137, 1788384295.532752, 1788384295.616487, 1788384295.6985385, 1788384295.782123, 1788384295.8652272, 1788384295.9510658, 1788384296.0322132, 1788384296.117903, 1788384296.1968584, 1788384296.2791913, 1788384296.3605232, 1788384296.4422975, 1788384296.524868, 1788384296.6070204, 1788384296.6891384, 1788384296.7719073, 1788384296.8548267, 1788384296.936017, 1788384297.0242074, 1788384297.1006246, 1788384297.1808991, 1788384297.263702, 1788384297.3444724, 1788384297.427187, 1788384297.5082552, 1788384297.589705, 1788384297.6711638, 1788384297.7515996, 1788384297.8342938, 1788384297.9148242, 1788384297.9980023, 1788384298.0812125]","[1, 4, 2, 5, 3, 6, 5, 4, 2, 6, 5, 2, 2, 2, 4, 1, 5, 6, 1, 3, 1, 6, 3, 6, 5, 3, 2, 2, 3, 2, 1, 1, 2, 3, 1, 3, 2, 1, 6, 6, 6, 6, 1, 3, 6, 6, 4, 6, 6, 6, 6, 2, 5, 2, 3, 6, 6, 6, 5, 5, 5, 5, 4]"
