user_id,request_idx,trace_id,timestamp,request_type,input_tokens,output_tokens_expected,output_tokens_actual,cache_hit_blocks,cache_miss_blocks,ttft,ttlt,itl,delay_expected,delay_actual,success,error_message,request_start_time,prefill_complete_time,request_complete_time,token_timestamps,tokens_per_chunk
User-035,0,trace_0062,1788720197.6203904,streaming,14980,113,113,0,233,13.558812141418457,90.18780088424683,0.684187399489539,0.0,0,True,,1788720107.432502,1788720120.9913142,1788720197.620303,"[1788720120.9913142, 1788720121.5431604, 1788720122.1473722, 1788720122.7829783, 1788720123.4480662, 1788720124.1451173, 1788720124.8735056, 1788720125.6332207, 1788720126.4239478, 1788720127.2456486, 1788720128.1000473, 1788720128.984049, 1788720129.6537123, 1788720130.211072, 1788720130.8360627, 1788720131.492035, 1788720132.1823833, 1788720132.9008706, 1788720133.650209, 1788720134.4319093, 1788720135.2761009, 1788720135.822132, 1788720136.4208875, 1788720137.0516996, 1788720137.714627, 1788720138.4105465, 1788720139.1355593, 1788720139.8907254, 1788720140.5552566, 1788720141.1198294, 1788720141.7381513, 1788720142.390224, 1788720143.0731435, 1788720143.787365, 1788720144.5323322, 1788720145.3076293, 1788720146.0021152, 1788720146.565862, 1788720147.1805034, 1788720147.8255453, 1788720148.5020022, 1788720149.210579, 1788720149.9493372, 1788720150.718025, 1788720151.370307, 1788720151.9399335, 1788720152.55866, 1788720153.210638, 1788720153.8941615, 1788720154.6092334, 1788720155.3539639, 1788720156.131075, 1788720156.941508, 1788720157.7795863, 1788720158.3857198, 1788720158.958725, 1788720159.5873413, 1788720160.2490625, 1788720160.9382625, 1788720161.6608098, 1788720162.4141042, 1788720163.1991289, 1788720164.0151875, 1788720164.659309, 1788720165.2274733, 1788720165.8509786, 1788720166.5082285, 1788720167.1963964, 1788720167.9137614, 1788720168.6660113, 1788720169.4282644, 1788720169.9808853, 1788720170.58963, 1788720171.2253368, 1788720171.8917134, 1788720172.5903673, 1788720173.3179944, 1788720174.003434, 1788720174.5685203, 1788720175.1862857, 1788720175.8323238, 1788720176.5108144, 1788720177.2181, 1788720177.9570649, 1788720178.7252364, 1788720179.531753, 1788720180.0833123, 1788720180.6939738, 1788720181.3307903, 1788720181.9982424, 1788720182.6998234, 1788720183.4294496, 1788720184.188709, 1788720184.859541, 1788720185.4302442, 1788720186.057885, 1788720186.7181044, 1788720187.398143, 1788720188.1156511, 1788720188.8588219, 1788720189.6153097, 1788720190.1742415, 1788720190.786668, 1788720191.4279165, 1788720192.0998864, 1788720192.804277, 1788720193.5362651, 1788720194.2994947, 1788720195.0952284, 1788720195.7499208, 1788720196.3262277, 1788720196.9575183, 1788720197.6172142]","[1, 1, 1, 1, 1, 1, 1, 1, 1, 1, 1, 1, 1, 1, 1, 1, 1, 1, 1, 1, 1, 1, 1, 1, 1, 1, 1, 1, 1, 1, 1, 1, 1, 1, 1, 1, 1, 1, 1, 1, 1, 1, 1, 1, 1, 1, 1, 1, 1, 1, 1, 1, 1, 1, 1, 1, 1, 1, 1, 1, 1, 1, 1, 1, 1, 1, 1, 1, 1, 1, 1, 1, 1, 1, 1, 1, 1, 1, 1, 1, 1, 1, 1, 1, 1, 1, 1, 1, 1, 1, 1, 1, 1, 1, 1, 1, 1, 1, 1, 1, 1, 1, 1, 1, 1, 1, 1, 1, 1, 1, 1, 1, 1]"
User-005,0,trace_0568,1788720238.2401116,streaming,20312,131,131,0,317,39.77818179130554,132.01505994796753,0.7095144473589383,0.0,0,True,,1788720106.2247524,1788720146.0029342,1788720238.2398124,"[1788720146.0029342, 1788720146.5663946, 1788720147.1810045, 1788720147.8263843, 1788720148.5025685, 1788720149.2111027, 1788720149.9498174, 1788720150.7185109, 1788720151.3717356, 1788720151.9408956, 1788720152.5597496, 1788720153.2117598, 1788720153.8951833, 1788720154.610244, 1788720155.3550103, 1788720156.1320715, 1788720156.9424922, 1788720157.7805808, 1788720158.386684, 1788720158.9597743, 1788720159.5889106, 1788720160.2500572, 1788720160.9392786, 1788720161.6617723, 1788720162.4151013, 1788720163.2006838, 1788720164.0161815, 1788720164.6602676, 1788720165.2284384, 1788720165.852016, 1788720166.5093057, 1788720167.1979234, 1788720167.9153779, 1788720168.6670637, 1788720169.4292414, 1788720169.9819443, 1788720170.5906832, 1788720171.2264078, 1788720171.8927429, 1788720172.591938, 1788720173.3191135, 1788720174.0045187, 1788720174.5696557, 1788720175.1873522, 1788720175.8333602, 1788720176.5119674, 1788720177.2191527, 1788720177.9581742, 1788720178.7262938, 1788720179.5327396, 1788720180.0850809, 1788720180.6950614, 1788720181.3319318, 1788720181.9992378, 1788720182.7007954, 1788720183.430406, 1788720184.1896644, 1788720184.8605075, 1788720185.4312756, 1788720186.0589828, 1788720186.7190979, 1788720187.399152, 1788720188.116641, 1788720188.8598347, 1788720189.6163738, 1788720190.1765168, 1788720190.7876465, 1788720191.4288862, 1788720192.1008902, 1788720192.8050475, 1788720193.5372424, 1788720194.300503, 1788720195.0962658, 1788720195.7509701, 1788720196.3293374, 1788720196.9585052, 1788720197.6182919, 1788720198.3215778, 1788720199.054838, 1788720199.8181326, 1788720200.6166306, 1788720201.4408321, 1788720202.293416, 1788720203.1728911, 1788720204.0795033, 1788720204.8141994, 1788720205.3773732, 1788720206.0047402, 1788720206.6603873, 1788720207.346875, 1788720208.0636575, 1788720208.8121185, 1788720209.588973, 1788720210.4037423, 1788720211.2484004, 1788720212.120385, 1788720212.9682019, 1788720213.5178676, 1788720214.1320548, 1788720214.7807329, 1788720215.453837, 1788720216.1630425, 1788720216.8983448, 1788720217.6669388, 1788720218.4683888, 1788720219.305612, 1788720220.1844199, 1788720221.0840147, 1788720222.012448, 1788720222.7278066, 1788720223.2911015, 1788720223.9210637, 1788720224.5812948, 1788720225.2691338, 1788720225.9907675, 1788720226.7399344, 1788720227.523369, 1788720228.337922, 1788720229.1857996, 1788720230.0687363, 1788720230.9829087, 1788720231.925748, 1788720232.5506907, 1788720233.1217067, 1788720233.763814, 1788720234.4298964, 1788720235.12995, 1788720235.8565474, 1788720236.6177092, 1788720237.4100816, 1788720238.237557]","[1, 1, 1, 1, 1, 1, 1, 1, 1, 1, 1, 1, 1, 1, 1, 1, 1, 1, 1, 1, 1, 1, 1, 1, 1, 1, 1, 1, 1, 1, 1, 1, 1, 1, 1, 1, 1, 1, 1, 1, 1, 1, 1, 1, 1, 1, 1, 1, 1, 1, 1, 1, 1, 1, 1, 1, 1, 1, 1, 1, 1, 1, 1, 1, 1, 1, 1, 1, 1, 1, 1, 1, 1, 1, 1, 1, 1, 1, 1, 1, 1, 1, 1, 1, 1, 1, 1, 1, 1, 1, 1, 1, 1, 1, 1, 1, 1, 1, 1, 1, 1, 1, 1, 1, 1, 1, 1, 1, 1, 1, 1, 1, 1, 1, 1, 1, 1, 1, 1, 1, 1, 1, 1, 1, 1, 1, 1, 1, 1, 1, 1]"
User-004,0,trace_0629,1788720270.3608897,streaming,18361,185,185,0,286,34.37981343269348,164.18583965301514,0.705467533806096,0.0,0,True,,1788720106.1747494,1788720140.5545628,1788720270.360589,"[1788720140.5545628, 1788720141.1193278, 1788720141.7376566, 1788720142.389728, 1788720143.0726523, 1788720143.786869, 1788720144.5318367, 1788720145.3071256, 1788720146.0016215, 1788720146.5653486, 1788720147.1799965, 1788720147.825056, 1788720148.5015073, 1788720149.2100863, 1788720149.9488535, 1788720150.7175364, 1788720151.3697772, 1788720151.9394548, 1788720152.558166, 1788720153.2101407, 1788720153.8936627, 1788720154.6086476, 1788720155.3534517, 1788720156.1305292, 1788720156.941016, 1788720157.7790682, 1788720158.3852353, 1788720158.9581513, 1788720159.5868556, 1788720160.2485442, 1788720160.9377422, 1788720161.6603112, 1788720162.4135363, 1788720163.1986163, 1788720164.0146334, 1788720164.6588216, 1788720165.2269444, 1788720165.850448, 1788720166.507735, 1788720167.1959083, 1788720167.9132738, 1788720168.6651943, 1788720169.426944, 1788720169.9799042, 1788720170.5886495, 1788720171.2243552, 1788720171.8907042, 1788720172.5894036, 1788720173.316994, 1788720174.002416, 1788720174.567532, 1788720175.1853359, 1788720175.8313594, 1788720176.5097754, 1788720177.2171562, 1788720177.956098, 1788720178.724266, 1788720179.5307844, 1788720180.0822809, 1788720180.6929839, 1788720181.3297555, 1788720181.9972737, 1788720182.6988564, 1788720183.4283905, 1788720184.1877306, 1788720184.8585298, 1788720185.4291356, 1788720186.0564198, 1788720186.7170362, 1788720187.397042, 1788720188.1146219, 1788720188.8577302, 1788720189.614261, 1788720190.173179, 1788720190.7855554, 1788720191.42695, 1788720192.0982525, 1788720192.8034763, 1788720193.5352426, 1788720194.2985084, 1788720195.0942173, 1788720195.7486098, 1788720196.3251386, 1788720196.9565086, 1788720197.6164029, 1788720198.3200407, 1788720199.0533495, 1788720199.8166432, 1788720200.6150916, 1788720201.4393027, 1788720202.2917166, 1788720203.1714306, 1788720204.0780165, 1788720204.8126972, 1788720205.3759065, 1788720206.0032313, 1788720206.6572335, 1788720207.3453367, 1788720208.0621667, 1788720208.8105752, 1788720209.5877821, 1788720210.4020023, 1788720211.246906, 1788720212.1188529, 1788720212.9658873, 1788720213.512869, 1788720214.1300347, 1788720214.7784536, 1788720215.451828, 1788720216.161026, 1788720216.8962057, 1788720217.6648986, 1788720218.4663613, 1788720219.3036444, 1788720220.1823235, 1788720221.0820506, 1788720222.009858, 1788720222.724261, 1788720223.287666, 1788720223.9179013, 1788720224.578326, 1788720225.26612, 1788720225.9881074, 1788720226.7364771, 1788720227.5198975, 1788720228.3352706, 1788720229.1830041, 1788720230.065574, 1788720230.9793665, 1788720231.9229813, 1788720232.5471313, 1788720233.1188946, 1788720233.761197, 1788720234.4270673, 1788720235.126466, 1788720235.853076, 1788720236.6142745, 1788720237.4065752, 1788720238.2341194, 1788720238.8063183, 1788720239.4476538, 1788720240.108604, 1788720240.8023863, 1788720241.5215595, 1788720242.2749238, 1788720243.0556028, 1788720243.8669403, 1788720244.70405, 1788720245.575829, 1788720246.281332, 1788720246.8473926, 1788720247.4791949, 1788720248.1407812, 1788720248.8304896, 1788720249.551585, 1788720250.2992592, 1788720251.08612, 1788720251.9027078, 1788720252.6492732, 1788720253.213942, 1788720253.8335254, 1788720254.491235, 1788720255.1756036, 1788720255.886913, 1788720256.6308162, 1788720257.4079108, 1788720258.0388308, 1788720258.6221085, 1788720259.256256, 1788720259.9232643, 1788720260.6191137, 1788720261.343142, 1788720262.097273, 1788720262.7587025, 1788720263.3353522, 1788720263.968038, 1788720264.6294653, 1788720265.3219385, 1788720266.0418217, 1788720266.7904515, 1788720267.5757084, 1788720268.3960884, 1788720269.170204, 1788720269.73224, 1788720270.35485]","[1, 1, 1, 1, 1, 1, 1, 1, 1, 1, 1, 1, 1, 1, 1, 1, 1, 1, 1, 1, 1, 1, 1, 1, 1, 1, 1, 1, 1, 1, 1, 1, 1, 1, 1, 1, 1, 1, 1, 1, 1, 1, 1, 1, 1, 1, 1, 1, 1, 1, 1, 1, 1, 1, 1, 1, 1, 1, 1, 1, 1, 1, 1, 1, 1, 1, 1, 1, 1, 1, 1, 1, 1, 1, 1, 1, 1, 1, 1, 1, 1, 1, 1, 1, 1, 1, 1, 1, 1, 1, 1, 1, 1, 1, 1, 1, 1, 1, 1, 1, 1, 1, 1, 1, 1, 1, 1, 1, 1, 1, 1, 1, 1, 1, 1, 1, 1, 1, 1, 1, 1, 1, 1, 1, 1, 1, 1, 1, 1, 1, 1, 1, 1, 1, 1, 1, 1, 1, 1, 1, 1, 1, 1, 1, 1, 1, 1, 1, 1, 1, 1, 1, 1, 1, 1, 1, 1, 1, 1, 1, 1, 1, 1, 1, 1, 1, 1, 1, 1, 1, 1, 1, 1, 1, 1, 1, 1, 1, 1, 1, 1, 1, 1, 1, 1]"
User-017,2,trace_0726,1788720286.786279,streaming,20941,127,127,317,3,88.94324159622192,179.97704410552979,0.722490496105618,6.0,0,True,,1788720106.8091636,1788720195.7524052,1788720286.7862077,"[1788720195.7524052, 1788720196.3303194, 1788720196.9594817, 1788720197.6190925, 1788720198.3226275, 1788720199.055722, 1788720199.8191388, 1788720200.6175992, 1788720201.4418018, 1788720202.2944329, 1788720203.1738868, 1788720204.0802763, 1788720204.815325, 1788720205.3783727, 1788720206.005726, 1788720206.6615279, 1788720207.347796, 1788720208.0646312, 1788720208.8131158, 1788720209.5897334, 1788720210.404666, 1788720211.249366, 1788720212.1213772, 1788720212.9691942, 1788720213.5189962, 1788720214.1330662, 1788720214.7817104, 1788720215.4548447, 1788720216.1638958, 1788720216.899351, 1788720217.6678462, 1788720218.4693747, 1788720219.3065946, 1788720220.1853971, 1788720221.0849988, 1788720222.0134377, 1788720222.7233014, 1788720223.2866309, 1788720223.916901, 1788720224.5773416, 1788720225.265139, 1788720225.9872537, 1788720226.7354772, 1788720227.5188727, 1788720228.334234, 1788720229.1819131, 1788720230.064567, 1788720230.9783752, 1788720231.9219787, 1788720232.5461307, 1788720233.1178722, 1788720233.7604384, 1788720234.4260502, 1788720235.125461, 1788720235.8520882, 1788720236.6132557, 1788720237.405602, 1788720238.2331662, 1788720238.8053, 1788720239.446619, 1788720240.1075923, 1788720240.8014154, 1788720241.5210934, 1788720242.2739081, 1788720243.054568, 1788720243.865889, 1788720244.7030938, 1788720245.5748014, 1788720246.2802508, 1788720246.846405, 1788720247.4781935, 1788720248.1400394, 1788720248.8295028, 1788720249.5507772, 1788720250.2983031, 1788720251.0852475, 1788720251.901694, 1788720252.6482806, 1788720253.2100139, 1788720253.832775, 1788720254.4902377, 1788720255.1747913, 1788720255.8858778, 1788720256.6297638, 1788720257.4071598, 1788720258.037889, 1788720258.6213534, 1788720259.2555103, 1788720259.9222531, 1788720260.6180825, 1788720261.342115, 1788720262.0962725, 1788720262.757746, 1788720263.3343863, 1788720263.9672375, 1788720264.6284692, 1788720265.3209498, 1788720266.040766, 1788720266.7894537, 1788720267.5748556, 1788720268.3953238, 1788720269.1691027, 1788720269.7314801, 1788720270.3537917, 1788720271.022775, 1788720271.725151, 1788720272.4509764, 1788720273.2017672, 1788720273.7628822, 1788720274.3774974, 1788720275.0240016, 1788720275.700814, 1788720276.4092677, 1788720277.1448767, 1788720277.9129837, 1788720278.7140784, 1788720279.3389454, 1788720279.9181461, 1788720280.5577254, 1788720281.2293065, 1788720281.9294033, 1788720282.655188, 1788720283.4152484, 1788720284.209671, 1788720285.031928, 1788720285.888518, 1788720286.781083]","[1, 1, 1, 1, 1, 1, 1, 1, 1, 1, 1, 1, 1, 1, 1, 1, 1, 1, 1, 1, 1, 1, 1, 1, 1, 1, 1, 1, 1, 1, 1, 1, 1, 1, 1, 1, 1, 1, 1, 1, 1, 1, 1, 1, 1, 1, 1, 1, 1, 1, 1, 1, 1, 1, 1, 1, 1, 1, 1, 1, 1, 1, 1, 1, 1, 1, 1, 1, 1, 1, 1, 1, 1, 1, 1, 1, 1, 1, 1, 1, 1, 1, 1, 1, 1, 1, 1, 1, 1, 1, 1, 1, 1, 1, 1, 1, 1, 1, 1, 1, 1, 1, 1, 1, 1, 1, 1, 1, 1, 1, 1, 1, 1, 1, 1, 1, 1, 1, 1, 1, 1, 1, 1, 1, 1, 1, 1]"
User-025,5,trace_0588,1788720290.129926,streaming,30059,120,120,463,3,97.93975353240967,183.2524609565735,0.7169135077660825,7.0,0,True,,1788720106.8773627,1788720204.8171163,1788720290.1298237,"[1788720204.8171163, 1788720205.3799574, 1788720206.0072663, 1788720206.6631398, 1788720207.3489008, 1788720208.0661077, 1788720208.8146143, 1788720209.5908678, 1788720210.405834, 1788720211.2508862, 1788720212.1228805, 1788720212.9707105, 1788720213.5204902, 1788720214.1345663, 1788720214.7832024, 1788720215.4561634, 1788720216.165018, 1788720216.9005196, 1788720217.6689496, 1788720218.4709096, 1788720219.3079724, 1788720220.1869063, 1788720221.0864394, 1788720222.0149684, 1788720222.7268548, 1788720223.2901125, 1788720223.920301, 1788720224.5805345, 1788720225.2683568, 1788720225.990013, 1788720226.739021, 1788720227.522347, 1788720228.3371897, 1788720229.1850436, 1788720230.06799, 1788720230.9818466, 1788720231.9250133, 1788720232.5497026, 1788720233.1209614, 1788720233.7630596, 1788720234.4291534, 1788720235.1289458, 1788720235.8555331, 1788720236.616706, 1788720237.4090593, 1788720238.236545, 1788720238.808808, 1788720239.4502044, 1788720240.1111417, 1788720240.8048115, 1788720241.5227537, 1788720242.27741, 1788720243.0581076, 1788720243.869042, 1788720244.7059429, 1788720245.5777624, 1788720246.2837908, 1788720246.8498592, 1788720247.4813046, 1788720248.1426353, 1788720248.8327396, 1788720249.5534544, 1788720250.3011105, 1788720251.0881188, 1788720251.904687, 1788720252.6513712, 1788720253.2159781, 1788720253.835444, 1788720254.4930885, 1788720255.1775095, 1788720255.8888118, 1788720256.632723, 1788720257.4097762, 1788720258.042162, 1788720258.6243868, 1788720259.2585564, 1788720259.92547, 1788720260.6213803, 1788720261.3454146, 1788720262.0999885, 1788720262.761652, 1788720263.3375487, 1788720263.970212, 1788720264.6318183, 1788720265.3245313, 1788720266.0443895, 1788720266.792886, 1788720267.5779421, 1788720268.3983095, 1788720269.1759524, 1788720269.7348442, 1788720270.3586524, 1788720271.025902, 1788720271.7287128, 1788720272.4540322, 1788720273.2044866, 1788720273.76598, 1788720274.381086, 1788720275.0269926, 1788720275.703782, 1788720276.4132802, 1788720277.1485853, 1788720277.9169705, 1788720278.717424, 1788720279.3428676, 1788720279.9212186, 1788720280.5611649, 1788720281.2326634, 1788720281.932392, 1788720282.6582031, 1788720283.4182918, 1788720284.2126904, 1788720285.0349138, 1788720285.8914962, 1788720286.7843466, 1788720287.4597864, 1788720288.061631, 1788720288.7219436, 1788720289.408502, 1788720290.1277544]","[1, 1, 1, 1, 1, 1, 1, 1, 1, 1, 1, 1, 1, 1, 1, 1, 1, 1, 1, 1, 1, 1, 1, 1, 1, 1, 1, 1, 1, 1, 1, 1, 1, 1, 1, 1, 1, 1, 1, 1, 1, 1, 1, 1, 1, 1, 1, 1, 1, 1, 1, 1, 1, 1, 1, 1, 1, 1, 1, 1, 1, 1, 1, 1, 1, 1, 1, 1, 1, 1, 1, 1, 1, 1, 1, 1, 1, 1, 1, 1, 1, 1, 1, 1, 1, 1, 1, 1, 1, 1, 1, 1, 1, 1, 1, 1, 1, 1, 1, 1, 1, 1, 1, 1, 1, 1, 1, 1, 1, 1, 1, 1, 1, 1, 1, 1, 1, 1, 1, 1]"
User-003,0,trace_0714,1788720293.0749328,streaming,21917,225,225,0,342,29.14735984802246,186.94651007652283,0.7044604920915195,0.0,0,True,,1788720106.1282125,1788720135.2755723,1788720293.0747225,"[1788720135.2755723, 1788720135.8215415, 1788720136.4203775, 1788720137.0512028, 1788720137.7141294, 1788720138.4100385, 1788720139.1349394, 1788720139.8901777, 1788720140.5537655, 1788720141.1188111, 1788720141.737154, 1788720142.38922, 1788720143.072154, 1788720143.7863448, 1788720144.531297, 1788720145.3065956, 1788720146.0011036, 1788720146.5648408, 1788720147.1794837, 1788720147.824557, 1788720148.501018, 1788720149.209563, 1788720149.9483478, 1788720150.7170112, 1788720151.3692405, 1788720151.9389362, 1788720152.5576582, 1788720153.209642, 1788720153.8931463, 1788720154.6076913, 1788720155.3529387, 1788720156.1300151, 1788720156.940504, 1788720157.7784636, 1788720158.3847394, 1788720158.9575925, 1788720159.5863442, 1788720160.2465892, 1788720160.9372447, 1788720161.6598291, 1788720162.4130454, 1788720163.19813, 1788720164.0141404, 1788720164.6583035, 1788720165.226418, 1788720165.849958, 1788720166.5072281, 1788720167.1954248, 1788720167.912797, 1788720168.6622674, 1788720169.42643, 1788720169.9794164, 1788720170.5881467, 1788720171.2238529, 1788720171.8901844, 1788720172.5889187, 1788720173.3164868, 1788720174.0019317, 1788720174.5670202, 1788720175.184854, 1788720175.8308742, 1788720176.5092163, 1788720177.2166712, 1788720177.9556043, 1788720178.7237668, 1788720179.5302892, 1788720180.0817485, 1788720180.692493, 1788720181.3292592, 1788720181.9967856, 1788720182.6983392, 1788720183.427916, 1788720184.1872342, 1788720184.8580537, 1788720185.4286382, 1788720186.0559244, 1788720186.716547, 1788720187.3965597, 1788720188.1140897, 1788720188.8572202, 1788720189.6137302, 1788720190.172691, 1788720190.7850642, 1788720191.426347, 1788720192.0977442, 1788720192.8030481, 1788720193.5345638, 1788720194.2980003, 1788720195.093723, 1788720195.7475295, 1788720196.3246524, 1788720196.956029, 1788720197.615847, 1788720198.3194466, 1788720199.0527308, 1788720199.8161466, 1788720200.6144795, 1788720201.438685, 1788720202.2911363, 1788720203.1709068, 1788720204.077513, 1788720204.8122156, 1788720205.3754094, 1788720206.0026188, 1788720206.6566327, 1788720207.344835, 1788720208.0616744, 1788720208.8100786, 1788720209.5872753, 1788720210.4013526, 1788720211.2462664, 1788720212.1183426, 1788720212.9653983, 1788720213.512258, 1788720214.1295283, 1788720214.7777019, 1788720215.451219, 1788720216.1605303, 1788720216.8957138, 1788720217.6642818, 1788720218.465741, 1788720219.303147, 1788720220.181573, 1788720221.0814044, 1788720222.0092173, 1788720222.721745, 1788720223.2849073, 1788720223.9151998, 1788720224.5756607, 1788720225.2635257, 1788720225.9855754, 1788720226.7338142, 1788720227.5171943, 1788720228.3325932, 1788720229.180268, 1788720230.0629091, 1788720230.9767506, 1788720231.9203556, 1788720232.5445876, 1788720233.1163778, 1788720233.75899, 1788720234.424539, 1788720235.1238294, 1788720235.8504775, 1788720236.6116526, 1788720237.403975, 1788720238.231414, 1788720238.803741, 1788720239.4450517, 1788720240.1060486, 1788720240.7999582, 1788720241.5203571, 1788720242.272393, 1788720243.0529068, 1788720243.8641877, 1788720244.7015643, 1788720245.5705147, 1788720246.278789, 1788720246.844906, 1788720247.4766984, 1788720248.1383908, 1788720248.827986, 1788720249.549256, 1788720250.2967741, 1788720251.081413, 1788720251.9001613, 1788720252.6468334, 1788720253.208513, 1788720253.8316295, 1788720254.4887247, 1788720255.1731563, 1788720255.8842466, 1788720256.6282606, 1788720257.405604, 1788720258.0364654, 1788720258.6201587, 1788720259.2539744, 1788720259.9207673, 1788720260.6165984, 1788720261.3406146, 1788720262.094724, 1788720262.7562668, 1788720263.3329072, 1788720263.9656684, 1788720264.6269448, 1788720265.3194447, 1788720266.0392091, 1788720266.7879207, 1788720267.5733042, 1788720268.393809, 1788720269.1676495, 1788720269.729972, 1788720270.3523133, 1788720271.021226, 1788720271.7236197, 1788720272.4494312, 1788720273.2000678, 1788720273.7613592, 1788720274.3759494, 1788720275.0226939, 1788720275.6996276, 1788720276.4077885, 1788720277.143319, 1788720277.9114678, 1788720278.7125564, 1788720279.3373954, 1788720279.9169893, 1788720280.556228, 1788720281.227728, 1788720281.92827, 1788720282.6536741, 1788720283.4137094, 1788720284.2084374, 1788720285.0301576, 1788720285.8873017, 1788720286.779962, 1788720287.453935, 1788720288.056185, 1788720288.717255, 1788720289.4042783, 1788720290.1235874, 1788720290.8616683, 1788720291.637143, 1788720292.4387887, 1788720293.0661554]","[1, 1, 1, 1, 1, 1, 1, 1, 1, 1, 1, 1, 1, 1, 1, 1, 1, 1, 1, 1, 1, 1, 1, 1, 1, 1, 1, 1, 1, 1, 1, 1, 1, 1, 1, 1, 1, 1, 1, 1, 1, 1, 1, 1, 1, 1, 1, 1, 1, 1, 1, 1, 1, 1, 1, 1, 1, 1, 1, 1, 1, 1, 1, 1, 1, 1, 1, 1, 1, 1, 1, 1, 1, 1, 1, 1, 1, 1, 1, 1, 1, 1, 1, 1, 1, 1, 1, 1, 1, 1, 1, 1, 1, 1, 1, 1, 1, 1, 1, 1, 1, 1, 1, 1, 1, 1, 1, 1, 1, 1, 1, 1, 1, 1, 1, 1, 1, 1, 1, 1, 1, 1, 1, 1, 1, 1, 1, 1, 1, 1, 1, 1, 1, 1, 1, 1, 1, 1, 1, 1, 1, 1, 1, 1, 1, 1, 1, 1, 1, 1, 1, 1, 1, 1, 1, 1, 1, 1, 1, 1, 1, 1, 1, 1, 1, 1, 1, 1, 1, 1, 1, 1, 1, 1, 1, 1, 1, 1, 1, 1, 1, 1, 1, 1, 1, 1, 1, 1, 1, 1, 1, 1, 1, 1, 1, 1, 1, 1, 1, 1, 1, 1, 1, 1, 1, 1, 1, 1, 1, 1, 1, 1, 1, 1, 1, 1, 1, 1, 1, 1, 1, 1, 1, 1, 1]"
User-023,0,trace_0562,1788720303.2242925,streaming,20882,175,175,0,325,72.85847210884094,196.55343008041382,0.7108905630550165,0.0,0,True,,1788720106.6708057,1788720179.5292778,1788720303.2242358,"[1788720179.5292778, 1788720180.0807137, 1788720180.6914988, 1788720181.328178, 1788720181.9957054, 1788720182.6972644, 1788720183.4269178, 1788720184.1860871, 1788720184.85608, 1788720185.4271557, 1788720186.0543838, 1788720186.7150185, 1788720187.3951037, 1788720188.1118295, 1788720188.855733, 1788720189.6109078, 1788720190.1706948, 1788720190.783062, 1788720191.4244368, 1788720192.09572, 1788720192.800896, 1788720193.531952, 1788720194.2958622, 1788720195.0914295, 1788720195.745558, 1788720196.3226075, 1788720196.9538772, 1788720197.6136823, 1788720198.3174474, 1788720199.0507274, 1788720199.8140233, 1788720200.6124692, 1788720201.4366846, 1788720202.2888176, 1788720203.1687214, 1788720204.0753026, 1788720204.8102334, 1788720205.3732424, 1788720206.000634, 1788720206.654606, 1788720207.342699, 1788720208.0595171, 1788720208.8079686, 1788720209.5851977, 1788720210.3993595, 1788720211.243931, 1788720212.1162198, 1788720212.9634037, 1788720213.51022, 1788720214.1273522, 1788720214.775708, 1788720215.449188, 1788720216.1583874, 1788720216.8937225, 1788720217.6622744, 1788720218.463743, 1788720219.301024, 1788720220.1737666, 1788720221.079426, 1788720222.0071826, 1788720222.7195623, 1788720223.2826643, 1788720223.9136224, 1788720224.5741525, 1788720225.2619903, 1788720225.9840727, 1788720226.7323008, 1788720227.515685, 1788720228.3310916, 1788720229.1787713, 1788720230.061364, 1788720230.9752421, 1788720231.9188595, 1788720232.5431056, 1788720233.1146598, 1788720233.7538426, 1788720234.4228945, 1788720235.122305, 1788720235.8489819, 1788720236.6101284, 1788720237.4024453, 1788720238.2299047, 1788720238.8020287, 1788720239.4432204, 1788720240.1043534, 1788720240.7981906, 1788720241.519628, 1788720242.27067, 1788720243.0513997, 1788720243.8626711, 1788720244.699907, 1788720245.5688765, 1788720246.276391, 1788720246.8427901, 1788720247.4745443, 1788720248.1364062, 1788720248.8257298, 1788720249.5470896, 1788720250.2945657, 1788720251.0792997, 1788720251.8979537, 1788720252.6448743, 1788720253.2063117, 1788720253.8295527, 1788720254.4865313, 1788720255.171087, 1788720255.8821924, 1788720256.625987, 1788720257.4033477, 1788720258.0344865, 1788720258.6182199, 1788720259.2517812, 1788720259.9185317, 1788720260.6143754, 1788720261.3383617, 1788720262.0925415, 1788720262.754297, 1788720263.3306777, 1788720263.9634573, 1788720264.6247082, 1788720265.3172553, 1788720266.0369642, 1788720266.785724, 1788720267.5711071, 1788720268.3916428, 1788720269.165654, 1788720269.7277238, 1788720270.3502595, 1788720271.0190287, 1788720271.7213783, 1788720272.4472344, 1788720273.1979847, 1788720273.7591255, 1788720274.3738606, 1788720275.0205095, 1788720275.6973908, 1788720276.4055846, 1788720277.1411304, 1788720277.9092627, 1788720278.710303, 1788720279.3354018, 1788720279.9154468, 1788720280.5540237, 1788720281.2255352, 1788720281.926421, 1788720282.6514888, 1788720283.4115262, 1788720284.2047157, 1788720285.0281513, 1788720285.8850453, 1788720286.7778642, 1788720287.4519475, 1788720288.0539472, 1788720288.7150438, 1788720289.4021325, 1788720290.1215289, 1788720290.8594615, 1788720291.633102, 1788720292.4365735, 1788720293.0642183, 1788720293.6717367, 1788720294.3297293, 1788720295.0166755, 1788720295.7336254, 1788720296.4787853, 1788720297.2531788, 1788720297.9919083, 1788720298.5595717, 1788720299.1816397, 1788720299.836777, 1788720300.521946, 1788720301.2335105, 1788720301.9751153, 1788720302.6150796, 1788720303.2191937]","[1, 1, 1, 1, 1, 1, 1, 1, 1, 1, 1, 1, 1, 1, 1, 1, 1, 1, 1, 1, 1, 1, 1, 1, 1, 1, 1, 1, 1, 1, 1, 1, 1, 1, 1, 1, 1, 1, 1, 1, 1, 1, 1, 1, 1, 1, 1, 1, 1, 1, 1, 1, 1, 1, 1, 1, 1, 1, 1, 1, 1, 1, 1, 1, 1, 1, 1, 1, 1, 1, 1, 1, 1, 1, 1, 1, 1, 1, 1, 1, 1, 1, 1, 1, 1, 1, 1, 1, 1, 1, 1, 1, 1, 1, 1, 1, 1, 1, 1, 1, 1, 1, 1, 1, 1, 1, 1, 1, 1, 1, 1, 1, 1, 1, 1, 1, 1, 1, 1, 1, 1, 1, 1, 1, 1, 1, 1, 1, 1, 1, 1, 1, 1, 1, 1, 1, 1, 1, 1, 1, 1, 1, 1, 1, 1, 1, 1, 1, 1, 1, 1, 1, 1, 1, 1, 1, 1, 1, 1, 1, 1, 1, 1, 1, 1, 1, 1, 1, 1, 1, 1, 1, 1, 1, 1]"
User-029,0,trace_0579,1788720317.093337,streaming,18431,180,180,0,287,82.85113906860352,210.33112168312073,0.7121786738241185,0.0,0,True,,1788720106.7620754,1788720189.6132145,1788720317.093197,"[1788720189.6132145, 1788720190.1722047, 1788720190.7845712, 1788720191.4258685, 1788720192.0972438, 1788720192.8025243, 1788720193.5339959, 1788720194.2975047, 1788720195.0930738, 1788720195.7470427, 1788720196.3241644, 1788720196.955548, 1788720197.6152194, 1788720198.3189495, 1788720199.0522363, 1788720199.8156536, 1788720200.61398, 1788720201.4381886, 1788720202.2905052, 1788720203.1702933, 1788720204.0769992, 1788720204.811733, 1788720205.374787, 1788720206.0021172, 1788720206.6561267, 1788720207.3443327, 1788720208.0611775, 1788720208.809467, 1788720209.5866933, 1788720210.4008493, 1788720211.245769, 1788720212.1177342, 1788720212.9648829, 1788720213.5117524, 1788720214.1288896, 1788720214.7772028, 1788720215.4506917, 1788720216.160028, 1788720216.8952122, 1788720217.6637778, 1788720218.465243, 1788720219.3025203, 1788720220.1809657, 1788720221.0809093, 1788720222.0087066, 1788720222.7254064, 1788720223.2886457, 1788720223.9189377, 1788720224.5793564, 1788720225.2671263, 1788720225.9888713, 1788720226.7374587, 1788720227.5208778, 1788720228.3361032, 1788720229.183939, 1788720230.0665653, 1788720230.980354, 1788720231.9239113, 1788720232.5482035, 1788720233.1198618, 1788720233.7619357, 1788720234.4280448, 1788720235.1274607, 1788720235.8540547, 1788720236.6152616, 1788720237.407556, 1788720238.235092, 1788720238.8073382, 1788720239.4486716, 1788720240.1095984, 1788720240.803366, 1788720241.5220435, 1788720242.2759173, 1788720243.056596, 1788720243.8679059, 1788720244.7048297, 1788720245.5766273, 1788720246.2823102, 1788720246.8483746, 1788720247.4801514, 1788720248.1415303, 1788720248.8315148, 1788720249.5523229, 1788720250.2999933, 1788720251.086922, 1788720251.9035537, 1788720252.6502335, 1788720253.2148285, 1788720253.8342817, 1788720254.4919732, 1788720255.1763716, 1788720255.887701, 1788720256.631622, 1788720257.4086406, 1788720258.0406466, 1788720258.6232655, 1788720259.2573662, 1788720259.924369, 1788720260.6202676, 1788720261.344287, 1788720262.0987804, 1788720262.7602432, 1788720263.336452, 1788720263.9690924, 1788720264.6309874, 1788720265.3234084, 1788720266.0432544, 1788720266.7917922, 1788720267.5768278, 1788720268.397201, 1788720269.173175, 1788720269.7333465, 1788720270.3566732, 1788720271.024427, 1788720271.7271757, 1788720272.4525573, 1788720273.2035534, 1788720273.7644918, 1788720274.379534, 1788720275.0254982, 1788720275.702308, 1788720276.4112985, 1788720277.1469147, 1788720277.914982, 1788720278.715931, 1788720279.34093, 1788720279.9196978, 1788720280.559679, 1788720281.2313535, 1788720281.9309018, 1788720282.6567278, 1788720283.416806, 1788720284.211209, 1788720285.0334282, 1788720285.8900058, 1788720286.7828777, 1788720287.4578207, 1788720288.0596633, 1788720288.7204516, 1788720289.407001, 1788720290.1262138, 1788720290.8648098, 1788720291.6398594, 1788720292.4415686, 1788720293.0700812, 1788720293.6767168, 1788720294.3352494, 1788720295.021319, 1788720295.7387881, 1788720296.4837303, 1788720297.259541, 1788720297.9978135, 1788720298.5653155, 1788720299.1874106, 1788720299.84178, 1788720300.5266442, 1788720301.23833, 1788720301.9881442, 1788720302.620453, 1788720303.2219048, 1788720303.851834, 1788720304.5362854, 1788720305.2488325, 1788720305.9878619, 1788720306.762238, 1788720307.561967, 1788720308.2738318, 1788720308.8410616, 1788720309.4768345, 1788720310.1278234, 1788720310.8180032, 1788720311.5340946, 1788720312.2805686, 1788720313.0620434, 1788720313.8699694, 1788720314.484674, 1788720315.0639489, 1788720315.7031248, 1788720316.378736, 1788720317.0886862]","[1, 1, 1, 1, 1, 1, 1, 1, 1, 1, 1, 1, 1, 1, 1, 1, 1, 1, 1, 1, 1, 1, 1, 1, 1, 1, 1, 1, 1, 1, 1, 1, 1, 1, 1, 1, 1, 1, 1, 1, 1, 1, 1, 1, 1, 1, 1, 1, 1, 1, 1, 1, 1, 1, 1, 1, 1, 1, 1, 1, 1, 1, 1, 1, 1, 1, 1, 1, 1, 1, 1, 1, 1, 1, 1, 1, 1, 1, 1, 1, 1, 1, 1, 1, 1, 1, 1, 1, 1, 1, 1, 1, 1, 1, 1, 1, 1, 1, 1, 1, 1, 1, 1, 1, 1, 1, 1, 1, 1, 1, 1, 1, 1, 1, 1, 1, 1, 1, 1, 1, 1, 1, 1, 1, 1, 1, 1, 1, 1, 1, 1, 1, 1, 1, 1, 1, 1, 1, 1, 1, 1, 1, 1, 1, 1, 1, 1, 1, 1, 1, 1, 1, 1, 1, 1, 1, 1, 1, 1, 1, 1, 1, 1, 1, 1, 1, 1, 1, 1, 1, 1, 1, 1, 1, 1, 1, 1, 1, 1, 1]"
User-026,0,trace_0569,1788720320.271533,streaming,18579,191,191,0,289,78.13986730575562,213.5537304878235,0.7127045430635152,0.0,0,True,,1788720106.7176938,1788720184.857561,1788720320.2714243,"[1788720184.857561, 1788720185.4281473, 1788720186.0554168, 1788720186.7160556, 1788720187.3960748, 1788720188.1134984, 1788720188.8567286, 1788720189.6123064, 1788720190.1717215, 1788720190.7840803, 1788720191.4253953, 1788720192.0967412, 1788720192.8019013, 1788720193.533415, 1788720194.2968733, 1788720195.0925477, 1788720195.7465239, 1788720196.323675, 1788720196.955054, 1788720197.6146903, 1788720198.3184357, 1788720199.0517414, 1788720199.8150392, 1788720200.6134877, 1788720201.437697, 1788720202.289813, 1788720203.1697714, 1788720204.0763495, 1788720204.8112488, 1788720205.3742464, 1788720206.001627, 1788720206.6556308, 1788720207.343718, 1788720208.0605502, 1788720208.8089702, 1788720209.5861924, 1788720210.4003558, 1788720211.2450914, 1788720212.1172278, 1788720212.9643946, 1788720213.5112538, 1788720214.1283762, 1788720214.776705, 1788720215.450193, 1788720216.1593993, 1788720216.8947036, 1788720217.6632862, 1788720218.4647343, 1788720219.3020208, 1788720220.1794045, 1788720221.080419, 1788720222.008196, 1788720222.724764, 1788720223.2881567, 1788720223.9184048, 1788720224.578852, 1788720225.2666109, 1788720225.9884999, 1788720226.7369692, 1788720227.5203848, 1788720228.335742, 1788720229.1835198, 1788720230.0660717, 1788720230.9798586, 1788720231.923474, 1788720232.5476303, 1788720233.1193962, 1788720233.761565, 1788720234.427596, 1788720235.1269677, 1788720235.853565, 1788720236.6147711, 1788720237.4070709, 1788720238.2346013, 1788720238.8068383, 1788720239.4481647, 1788720240.1091025, 1788720240.8028927, 1788720241.5218024, 1788720242.275423, 1788720243.0561082, 1788720243.86743, 1788720244.7044203, 1788720245.5762384, 1788720246.2818174, 1788720246.8478718, 1788720247.4796789, 1788720248.1411579, 1788720248.8310072, 1788720249.5519536, 1788720250.2996256, 1788720251.0865269, 1788720251.9031816, 1788720252.6497498, 1788720253.2143989, 1788720253.8338985, 1788720254.4916089, 1788720255.1759992, 1788720255.8873258, 1788720256.6312559, 1788720257.4082744, 1788720258.040168, 1788720258.6228898, 1788720259.2569995, 1788720259.9239943, 1788720260.6198907, 1788720261.34391, 1788720262.0982537, 1788720262.7597477, 1788720263.336089, 1788720263.9687197, 1788720264.630468, 1788720265.3229473, 1788720266.0427582, 1788720266.791425, 1788720267.5764587, 1788720268.3968275, 1788720269.1726873, 1788720269.7329803, 1788720270.3561747, 1788720271.0240583, 1788720271.7266514, 1788720272.452192, 1788720273.2032652, 1788720273.7641249, 1788720274.3790865, 1788720275.0251243, 1788720275.7019298, 1788720276.4108057, 1788720277.1463857, 1788720277.9144802, 1788720278.715561, 1788720279.340448, 1788720279.9193246, 1788720280.5592575, 1788720281.2308352, 1788720281.9305208, 1788720282.656363, 1788720283.4164305, 1788720284.2108297, 1788720285.0330544, 1788720285.889635, 1788720286.7825012, 1788720287.4573364, 1788720288.0591674, 1788720288.7200832, 1788720289.4066145, 1788720290.125847, 1788720290.8644307, 1788720291.6394806, 1788720292.4412043, 1788720293.0695932, 1788720293.67633, 1788720294.3347158, 1788720295.020951, 1788720295.7382798, 1788720296.4832594, 1788720297.2591364, 1788720297.99731, 1788720298.564948, 1788720299.1869156, 1788720299.8414092, 1788720300.5262787, 1788720301.2379596, 1788720301.9876425, 1788720302.6199763, 1788720303.2216775, 1788720303.8513258, 1788720304.5357056, 1788720305.2483313, 1788720305.9873707, 1788720306.7617497, 1788720307.561448, 1788720308.2733288, 1788720308.8405657, 1788720309.4763253, 1788720310.127323, 1788720310.817493, 1788720311.5336082, 1788720312.2800663, 1788720313.061544, 1788720313.8695824, 1788720314.484267, 1788720315.0634851, 1788720315.7027516, 1788720316.3783486, 1788720317.0881722, 1788720317.839315, 1788720318.6243384, 1788720319.4273748, 1788720320.2653458]","[1, 1, 1, 1, 1, 1, 1, 1, 1, 1, 1, 1, 1, 1, 1, 1, 1, 1, 1, 1, 1, 1, 1, 1, 1, 1, 1, 1, 1, 1, 1, 1, 1, 1, 1, 1, 1, 1, 1, 1, 1, 1, 1, 1, 1, 1, 1, 1, 1, 1, 1, 1, 1, 1, 1, 1, 1, 1, 1, 1, 1, 1, 1, 1, 1, 1, 1, 1, 1, 1, 1, 1, 1, 1, 1, 1, 1, 1, 1, 1, 1, 1, 1, 1, 1, 1, 1, 1, 1, 1, 1, 1, 1, 1, 1, 1, 1, 1, 1, 1, 1, 1, 1, 1, 1, 1, 1, 1, 1, 1, 1, 1, 1, 1, 1, 1, 1, 1, 1, 1, 1, 1, 1, 1, 1, 1, 1, 1, 1, 1, 1, 1, 1, 1, 1, 1, 1, 1, 1, 1, 1, 1, 1, 1, 1, 1, 1, 1, 1, 1, 1, 1, 1, 1, 1, 1, 1, 1, 1, 1, 1, 1, 1, 1, 1, 1, 1, 1, 1, 1, 1, 1, 1, 1, 1, 1, 1, 1, 1, 1, 1, 1, 1, 1, 1, 1, 1, 1, 1, 1, 1]"
User-020,0,trace_0108,1788720329.313214,streaming,16566,219,219,0,258,67.38530397415161,222.69310402870178,0.7124211011676613,0.0,0,True,,1788720106.620018,1788720174.005322,1788720329.313122,"[1788720174.005322, 1788720174.5701342, 1788720175.1878257, 1788720175.8340256, 1788720176.5124593, 1788720177.219626, 1788720177.9586594, 1788720178.7267904, 1788720179.5332284, 1788720180.085598, 1788720180.6955507, 1788720181.3324146, 1788720181.9997132, 1788720182.701263, 1788720183.4308891, 1788720184.1901598, 1788720184.8609936, 1788720185.4317603, 1788720186.0594764, 1788720186.7195756, 1788720187.3996253, 1788720188.1171205, 1788720188.8603215, 1788720189.6168473, 1788720190.1769063, 1788720190.7881255, 1788720191.4293573, 1788720192.1013873, 1788720192.8054295, 1788720193.537726, 1788720194.3009849, 1788720195.096746, 1788720195.75151, 1788720196.32983, 1788720196.9590049, 1788720197.6186655, 1788720198.3220713, 1788720199.0553474, 1788720199.8186197, 1788720200.6171162, 1788720201.441317, 1788720202.293906, 1788720203.1733918, 1788720204.0798852, 1788720204.8146992, 1788720205.377861, 1788720206.0052352, 1788720206.6610124, 1788720207.3474066, 1788720208.0641422, 1788720208.8126225, 1788720209.5893416, 1788720210.4041257, 1788720211.2488797, 1788720212.120876, 1788720212.9686828, 1788720213.5184772, 1788720214.1325712, 1788720214.7812188, 1788720215.4543262, 1788720216.1635273, 1788720216.8988597, 1788720217.6674666, 1788720218.4688761, 1788720219.3061008, 1788720220.1849055, 1788720221.0844994, 1788720222.0129397, 1788720222.7237825, 1788720223.287175, 1788720223.9174018, 1788720224.5778348, 1788720225.2656355, 1788720225.9877386, 1788720226.73597, 1788720227.51941, 1788720228.3347692, 1788720229.1824563, 1788720230.0650516, 1788720230.9788747, 1788720231.9224653, 1788720232.5466168, 1788720233.1183677, 1788720233.760812, 1788720234.4265475, 1788720235.1259496, 1788720235.8525798, 1788720236.6137507, 1788720237.4060884, 1788720238.2336452, 1788720238.8058271, 1788720239.4471524, 1788720240.108089, 1788720240.8018892, 1788720241.521329, 1788720242.2744148, 1788720243.0551112, 1788720243.8663802, 1788720244.7035952, 1788720245.5753083, 1788720246.280736, 1788720246.8469014, 1788720247.4786737, 1788720248.1404035, 1788720248.8299994, 1788720249.551206, 1788720250.2988212, 1788720251.0857346, 1788720251.902213, 1788720252.648768, 1788720253.2105389, 1788720253.8331542, 1788720254.4907873, 1788720255.175241, 1788720255.8863854, 1788720256.630266, 1788720257.4075384, 1788720258.038355, 1788720258.621728, 1788720259.255887, 1788720259.9227993, 1788720260.618588, 1788720261.3426113, 1788720262.0967839, 1788720262.7582192, 1788720263.334904, 1788720263.9676125, 1788720264.628968, 1788720265.321434, 1788720266.041281, 1788720266.789957, 1788720267.5753293, 1788720268.3956919, 1788720269.1697195, 1788720269.7318718, 1788720270.354317, 1788720271.0232737, 1788720271.7256382, 1788720272.4514427, 1788720273.2022464, 1788720273.763386, 1788720274.378003, 1788720275.0243695, 1788720275.7011876, 1788720276.4097862, 1788720277.1453717, 1788720277.9134881, 1788720278.7145817, 1788720279.3394294, 1788720279.918523, 1788720280.5582309, 1788720281.2298217, 1788720281.9297748, 1788720282.6556292, 1788720283.4156802, 1788720284.210053, 1788720285.0322924, 1788720285.888888, 1788720286.7817209, 1788720287.4554162, 1788720288.0576744, 1788720288.7187753, 1788720289.4054348, 1788720290.1247177, 1788720290.863203, 1788720291.6382825, 1788720292.440105, 1788720293.0679142, 1788720293.674975, 1788720294.3329127, 1788720295.0198247, 1788720295.7367864, 1788720296.4817479, 1788720297.257876, 1788720297.9948218, 1788720298.5634038, 1788720299.1848965, 1788720299.8399336, 1788720300.5247903, 1788720301.236357, 1788720301.978313, 1788720302.618036, 1788720303.2207487, 1788720303.8492649, 1788720304.5334322, 1788720305.246061, 1788720305.9853742, 1788720306.75978, 1788720307.5592089, 1788720308.2711127, 1788720308.8385665, 1788720309.47421, 1788720310.1253037, 1788720310.8155038, 1788720311.531591, 1788720312.2780492, 1788720313.0595136, 1788720313.8676417, 1788720314.4825122, 1788720315.0615563, 1788720315.7012305, 1788720316.3767998, 1788720317.0862513, 1788720317.8378294, 1788720318.623265, 1788720319.425429, 1788720320.2633657, 1788720321.125333, 1788720322.0226636, 1788720322.9417262, 1788720323.6624663, 1788720324.22228, 1788720324.8547843, 1788720325.520893, 1788720326.216561, 1788720326.939154, 1788720327.6960802, 1788720328.4836905, 1788720329.3073006]","[1, 1, 1, 1, 1, 1, 1, 1, 1, 1, 1, 1, 1, 1, 1, 1, 1, 1, 1, 1, 1, 1, 1, 1, 1, 1, 1, 1, 1, 1, 1, 1, 1, 1, 1, 1, 1, 1, 1, 1, 1, 1, 1, 1, 1, 1, 1, 1, 1, 1, 1, 1, 1, 1, 1, 1, 1, 1, 1, 1, 1, 1, 1, 1, 1, 1, 1, 1, 1, 1, 1, 1, 1, 1, 1, 1, 1, 1, 1, 1, 1, 1, 1, 1, 1, 1, 1, 1, 1, 1, 1, 1, 1, 1, 1, 1, 1, 1, 1, 1, 1, 1, 1, 1, 1, 1, 1, 1, 1, 1, 1, 1, 1, 1, 1, 1, 1, 1, 1, 1, 1, 1, 1, 1, 1, 1, 1, 1, 1, 1, 1, 1, 1, 1, 1, 1, 1, 1, 1, 1, 1, 1, 1, 1, 1, 1, 1, 1, 1, 1, 1, 1, 1, 1, 1, 1, 1, 1, 1, 1, 1, 1, 1, 1, 1, 1, 1, 1, 1, 1, 1, 1, 1, 1, 1, 1, 1, 1, 1, 1, 1, 1, 1, 1, 1, 1, 1, 1, 1, 1, 1, 1, 1, 1, 1, 1, 1, 1, 1, 1, 1, 1, 1, 1, 1, 1, 1, 1, 1, 1, 1, 1, 1, 1, 1, 1, 1, 1, 1]"
User-022,19,trace_0418,1788720336.0135326,streaming,28118,173,173,423,4,106.02451992034912,229.07129955291748,0.7153882536777231,7.0,0,True,,1788720106.9421747,1788720212.9666946,1788720336.0134742,"[1788720212.9666946, 1788720213.5134127, 1788720214.1305423, 1788720214.7789655, 1788720215.452325, 1788720216.1615129, 1788720216.8967075, 1788720217.665395, 1788720218.466898, 1788720219.3041341, 1788720220.1828957, 1788720221.082539, 1788720222.010824, 1788720222.7222493, 1788720223.2856185, 1788720223.9157302, 1788720224.5762942, 1788720225.264141, 1788720225.9862044, 1788720226.7344558, 1788720227.517852, 1788720228.3332348, 1788720229.1808918, 1788720230.06354, 1788720230.9772468, 1788720231.9209776, 1788720232.5450635, 1788720233.1168733, 1788720233.7596507, 1788720234.4250264, 1788720235.12447, 1788720235.851109, 1788720236.6122727, 1788720237.404623, 1788720238.2320995, 1788720238.804246, 1788720239.4455712, 1788720240.10655, 1788720240.8004367, 1788720241.520589, 1788720242.2728918, 1788720243.0534089, 1788720243.8648243, 1788720244.7020617, 1788720245.5735767, 1788720246.2792692, 1788720246.8454072, 1788720247.4772124, 1788720248.139067, 1788720248.8284822, 1788720249.5497472, 1788720250.297276, 1788720251.0819113, 1788720251.900666, 1788720252.647315, 1788720253.209013, 1788720253.8320227, 1788720254.4892254, 1788720255.1737745, 1788720255.8848858, 1788720256.6287687, 1788720257.4061193, 1788720258.0369315, 1788720258.6205366, 1788720259.254477, 1788720259.9212673, 1788720260.617089, 1788720261.3411133, 1788720262.0952282, 1788720262.756739, 1788720263.3333967, 1788720263.9661672, 1788720264.6274781, 1788720265.3199499, 1788720266.0397077, 1788720266.7884152, 1788720267.5737967, 1788720268.3943071, 1788720269.1681314, 1788720269.7304697, 1788720270.3528025, 1788720271.0217464, 1788720271.7241144, 1788720272.44993, 1788720273.2007303, 1788720273.761856, 1788720274.3764834, 1788720275.023217, 1788720275.7000241, 1788720276.4082768, 1788720277.1438653, 1788720277.9119577, 1788720278.7130554, 1788720279.337922, 1788720279.9173894, 1788720280.5567164, 1788720281.2282484, 1788720281.928665, 1788720282.6541648, 1788720283.4142113, 1788720284.2088943, 1788720285.0308573, 1788720285.88774, 1788720286.7803292, 1788720287.4544227, 1788720288.056677, 1788720288.7177463, 1788720289.4046576, 1788720290.1239638, 1788720290.8621747, 1788720291.6375148, 1788720292.4392753, 1788720293.0669384, 1788720293.673875, 1788720294.3319054, 1788720295.01888, 1788720295.7357924, 1788720296.4807653, 1788720297.2569993, 1788720297.9938574, 1788720298.5623538, 1788720299.1838658, 1788720299.8390033, 1788720300.5240428, 1788720301.235555, 1788720301.977302, 1788720302.6170506, 1788720303.220282, 1788720303.8480897, 1788720304.5324578, 1788720305.2449894, 1788720305.9843824, 1788720306.758777, 1788720307.5579338, 1788720308.270029, 1788720308.8375657, 1788720309.4731877, 1788720310.1242948, 1788720310.8144875, 1788720311.530601, 1788720312.2770312, 1788720313.0584512, 1788720313.866805, 1788720314.481704, 1788720315.0606065, 1788720315.7004776, 1788720316.3760183, 1788720317.0853145, 1788720317.8370829, 1788720318.6223552, 1788720319.4244764, 1788720320.2623827, 1788720321.1245992, 1788720322.02169, 1788720322.940946, 1788720323.6612678, 1788720324.2212324, 1788720324.8537648, 1788720325.5199206, 1788720326.215534, 1788720326.938136, 1788720327.694997, 1788720328.4826646, 1788720329.3061545, 1788720330.1705182, 1788720331.0623782, 1788720331.9770985, 1788720332.7560642, 1788720333.311736, 1788720333.9378119, 1788720334.5984616, 1788720335.2891226, 1788720336.007867]","[1, 1, 1, 1, 1, 1, 1, 1, 1, 1, 1, 1, 1, 1, 1, 1, 1, 1, 1, 1, 1, 1, 1, 1, 1, 1, 1, 1, 1, 1, 1, 1, 1, 1, 1, 1, 1, 1, 1, 1, 1, 1, 1, 1, 1, 1, 1, 1, 1, 1, 1, 1, 1, 1, 1, 1, 1, 1, 1, 1, 1, 1, 1, 1, 1, 1, 1, 1, 1, 1, 1, 1, 1, 1, 1, 1, 1, 1, 1, 1, 1, 1, 1, 1, 1, 1, 1, 1, 1, 1, 1, 1, 1, 1, 1, 1, 1, 1, 1, 1, 1, 1, 1, 1, 1, 1, 1, 1, 1, 1, 1, 1, 1, 1, 1, 1, 1, 1, 1, 1, 1, 1, 1, 1, 1, 1, 1, 1, 1, 1, 1, 1, 1, 1, 1, 1, 1, 1, 1, 1, 1, 1, 1, 1, 1, 1, 1, 1, 1, 1, 1, 1, 1, 1, 1, 1, 1, 1, 1, 1, 1, 1, 1, 1, 1, 1, 1, 1, 1, 1, 1, 1, 1]"
User-001,0,trace_0712,1788720341.6156263,streaming,18851,119,116,0,294,152.05503463745117,235.63091611862183,0.7267467954884405,0.0,0,True,,1788720105.984605,1788720258.0396397,1788720341.6155212,"[1788720258.0396397, 1788720258.6224885, 1788720259.2566245, 1788720259.923629, 1788720260.619501, 1788720261.3435225, 1788720262.0977693, 1788720263.3357227, 1788720264.6299598, 1788720265.3224292, 1788720266.790972, 1788720267.576081, 1788720268.3964567, 1788720269.1707017, 1788720269.7326126, 1788720270.3556626, 1788720271.0236793, 1788720271.7261317, 1788720272.4518118, 1788720273.2027705, 1788720273.7637534, 1788720274.3785515, 1788720275.02474, 1788720275.7015617, 1788720276.4102857, 1788720277.1458664, 1788720277.9139845, 1788720278.7151084, 1788720279.3399606, 1788720279.9189034, 1788720280.5587237, 1788720281.2303104, 1788720281.9301445, 1788720282.6559978, 1788720283.4160492, 1788720284.2104363, 1788720285.03266, 1788720285.8892593, 1788720286.7821057, 1788720287.4567292, 1788720288.058658, 1788720288.7197134, 1788720289.406205, 1788720290.125478, 1788720290.8640513, 1788720291.6390774, 1788720292.4408333, 1788720293.0691135, 1788720293.6759448, 1788720294.3340447, 1788720295.0205717, 1788720295.7377865, 1788720296.4827552, 1788720297.2587218, 1788720297.9968057, 1788720298.5645857, 1788720299.1863773, 1788720299.8410444, 1788720300.5259116, 1788720301.2375839, 1788720301.9871047, 1788720302.6194952, 1788720303.2214367, 1788720303.8508146, 1788720304.534887, 1788720305.247834, 1788720305.9868715, 1788720306.761255, 1788720307.5609443, 1788720308.272611, 1788720308.8400702, 1788720309.475777, 1788720310.1268046, 1788720310.8169937, 1788720311.533098, 1788720312.279562, 1788720313.0610256, 1788720313.869194, 1788720314.4838808, 1788720315.063004, 1788720315.7023427, 1788720316.3779485, 1788720317.0876813, 1788720317.8389447, 1788720318.624081, 1788720319.426884, 1788720320.2648363, 1788720321.1264474, 1788720322.0240793, 1788720322.9429874, 1788720323.664485, 1788720324.2238238, 1788720324.856266, 1788720325.5223784, 1788720326.21804, 1788720326.940696, 1788720327.6976738, 1788720328.4853158, 1788720329.3092244, 1788720330.1720564, 1788720331.064478, 1788720331.9791121, 1788720332.7580547, 1788720333.313751, 1788720333.9397857, 1788720334.600536, 1788720335.2911682, 1788720336.010166, 1788720336.6996632, 1788720337.3009999, 1788720337.948964, 1788720338.6257505, 1788720339.3259604, 1788720340.0584798, 1788720340.8137662, 1788720341.608779]","[1, 1, 1, 1, 1, 1, 1, 1, 1, 1, 1, 1, 1, 1, 1, 1, 1, 1, 1, 1, 1, 1, 1, 1, 1, 1, 1, 1, 1, 1, 1, 1, 1, 1, 1, 1, 1, 1, 1, 1, 1, 1, 1, 1, 1, 1, 1, 1, 1, 1, 1, 1, 1, 1, 1, 1, 1, 1, 1, 1, 1, 1, 1, 1, 1, 1, 1, 1, 1, 1, 1, 1, 1, 1, 1, 1, 1, 1, 1, 1, 1, 1, 1, 1, 1, 1, 1, 1, 1, 1, 1, 1, 1, 1, 1, 1, 1, 1, 1, 1, 1, 1, 1, 1, 1, 1, 1, 1, 1, 1, 1, 1, 1, 1, 1, 1]"
User-019,0,trace_0587,1788720348.8065882,streaming,19031,253,253,0,297,62.849225997924805,242.22788095474243,0.7118200593524509,0.0,0,True,,1788720106.578543,1788720169.427769,1788720348.806424,"[1788720169.427769, 1788720169.9803867, 1788720170.5891356, 1788720171.2248507, 1788720171.8912244, 1788720172.5898812, 1788720173.3174958, 1788720174.002941, 1788720174.5680227, 1788720175.1858063, 1788720175.8318415, 1788720176.510294, 1788720177.217633, 1788720177.9565842, 1788720178.724749, 1788720179.5312712, 1788720180.0827947, 1788720180.6934798, 1788720181.3302429, 1788720181.9977584, 1788720182.6993458, 1788720183.4288735, 1788720184.1882226, 1788720184.8590477, 1788720185.4296272, 1788720186.0569284, 1788720186.7175267, 1788720187.3975284, 1788720188.1151614, 1788720188.8583205, 1788720189.6147897, 1788720190.1737533, 1788720190.7861784, 1788720191.4274483, 1788720192.0993035, 1788720192.8038921, 1788720193.535775, 1788720194.2990007, 1788720195.094723, 1788720195.7494113, 1788720196.3257382, 1788720196.9570289, 1788720197.616783, 1788720198.3205326, 1788720199.05384, 1788720199.8171334, 1788720200.6156235, 1788720201.4398577, 1788720202.292357, 1788720203.171923, 1788720204.0785162, 1788720204.8131742, 1788720205.3763967, 1788720206.003726, 1788720206.6577272, 1788720207.3458335, 1788720208.0626643, 1788720208.8110898, 1788720209.5881956, 1788720210.4025192, 1788720211.2474122, 1788720212.1193619, 1788720212.9672256, 1788720213.5139017, 1788720214.1310608, 1788720214.7797048, 1788720215.452845, 1788720216.1620116, 1788720216.8973353, 1788720217.665907, 1788720218.4673977, 1788720219.304625, 1788720220.1834042, 1788720221.0830328, 1788720222.0114183, 1788720222.7183352, 1788720223.2815008, 1788720223.9124465, 1788720224.5730095, 1788720225.2608325, 1788720225.98288, 1788720226.7311637, 1788720227.5144982, 1788720228.329928, 1788720229.1776128, 1788720230.0602021, 1788720230.9740775, 1788720231.9176884, 1788720232.542052, 1788720233.1136327, 1788720233.7528405, 1788720234.4218676, 1788720235.1212854, 1788720235.8479385, 1788720236.609118, 1788720237.4014375, 1788720238.2289062, 1788720238.80101, 1788720239.4385982, 1788720240.1033022, 1788720240.797105, 1788720241.5190032, 1788720242.269624, 1788720243.0503368, 1788720243.8616378, 1788720244.698849, 1788720245.5678618, 1788720246.2753603, 1788720246.8417413, 1788720247.4735286, 1788720248.135404, 1788720248.8247204, 1788720249.5460646, 1788720250.293549, 1788720251.0782645, 1788720251.896892, 1788720252.6436837, 1788720253.2053108, 1788720253.828508, 1788720254.4855046, 1788720255.170063, 1788720255.8811655, 1788720256.6249268, 1788720257.4023106, 1788720258.033341, 1788720258.6145701, 1788720259.2507267, 1788720259.9175045, 1788720260.6133687, 1788720261.3373487, 1788720262.0915027, 1788720262.7523327, 1788720263.3291328, 1788720263.9619067, 1788720264.6231353, 1788720265.3157492, 1788720266.0354483, 1788720266.7841783, 1788720267.5695462, 1788720268.390107, 1788720269.1641712, 1788720269.7261684, 1788720270.3485177, 1788720271.0174704, 1788720271.7198596, 1788720272.4456987, 1788720273.1964982, 1788720273.7575428, 1788720274.3720686, 1788720275.018997, 1788720275.6958668, 1788720276.4040468, 1788720277.1396034, 1788720277.907732, 1788720278.7087774, 1788720279.3327076, 1788720279.9131682, 1788720280.5519907, 1788720281.223515, 1788720281.9241743, 1788720282.6494575, 1788720283.4094522, 1788720284.2026312, 1788720285.0258205, 1788720285.8828151, 1788720286.7758384, 1788720287.4497213, 1788720288.0518818, 1788720288.7130075, 1788720289.3981678, 1788720290.1191087, 1788720290.8574052, 1788720291.6310897, 1788720292.434502, 1788720293.062224, 1788720293.6692765, 1788720294.327708, 1788720295.0146298, 1788720295.7316003, 1788720296.4765449, 1788720297.2511098, 1788720297.9897816, 1788720298.5575056, 1788720299.1796024, 1788720299.8347676, 1788720300.5199192, 1788720301.2314591, 1788720301.9730687, 1788720302.6129973, 1788720303.2182257, 1788720303.8439584, 1788720304.5286875, 1788720305.2409277, 1788720305.980159, 1788720306.7550356, 1788720307.5537882, 1788720308.2656906, 1788720308.8333673, 1788720309.4691143, 1788720310.1200523, 1788720310.8107533, 1788720311.5268488, 1788720312.2730107, 1788720313.0542393, 1788720313.8623238, 1788720314.4774966, 1788720315.0564685, 1788720315.696527, 1788720316.3717928, 1788720317.081229, 1788720317.8332367, 1788720318.6141138, 1788720319.4202697, 1788720320.258162, 1788720321.1209438, 1788720322.0176105, 1788720322.9370964, 1788720323.6571758, 1788720324.2166116, 1788720324.849421, 1788720325.5156214, 1788720326.2112148, 1788720326.9337492, 1788720327.6902544, 1788720328.4782934, 1788720329.2977, 1788720330.1666121, 1788720331.057697, 1788720331.972533, 1788720332.751724, 1788720333.3075004, 1788720333.9334326, 1788720334.5938861, 1788720335.2847602, 1788720336.0036263, 1788720336.6939108, 1788720337.2951908, 1788720337.9428263, 1788720338.6195402, 1788720339.3200648, 1788720340.0522702, 1788720340.8079643, 1788720341.6028557, 1788720342.4183204, 1788720343.2639673, 1788720344.0259976, 1788720344.5912464, 1788720345.215251, 1788720345.8705673, 1788720346.558793, 1788720347.2730155, 1788720348.0194447, 1788720348.8003128]","[1, 1, 1, 1, 1, 1, 1, 1, 1, 1, 1, 1, 1, 1, 1, 1, 1, 1, 1, 1, 1, 1, 1, 1, 1, 1, 1, 1, 1, 1, 1, 1, 1, 1, 1, 1, 1, 1, 1, 1, 1, 1, 1, 1, 1, 1, 1, 1, 1, 1, 1, 1, 1, 1, 1, 1, 1, 1, 1, 1, 1, 1, 1, 1, 1, 1, 1, 1, 1, 1, 1, 1, 1, 1, 1, 1, 1, 1, 1, 1, 1, 1, 1, 1, 1, 1, 1, 1, 1, 1, 1, 1, 1, 1, 1, 1, 1, 1, 1, 1, 1, 1, 1, 1, 1, 1, 1, 1, 1, 1, 1, 1, 1, 1, 1, 1, 1, 1, 1, 1, 1, 1, 1, 1, 1, 1, 1, 1, 1, 1, 1, 1, 1, 1, 1, 1, 1, 1, 1, 1, 1, 1, 1, 1, 1, 1, 1, 1, 1, 1, 1, 1, 1, 1, 1, 1, 1, 1, 1, 1, 1, 1, 1, 1, 1, 1, 1, 1, 1, 1, 1, 1, 1, 1, 1, 1, 1, 1, 1, 1, 1, 1, 1, 1, 1, 1, 1, 1, 1, 1, 1, 1, 1, 1, 1, 1, 1, 1, 1, 1, 1, 1, 1, 1, 1, 1, 1, 1, 1, 1, 1, 1, 1, 1, 1, 1, 1, 1, 1, 1, 1, 1, 1, 1, 1, 1, 1, 1, 1, 1, 1, 1, 1, 1, 1, 1, 1, 1, 1, 1, 1, 1, 1, 1, 1, 1, 1, 1, 1, 1, 1, 1, 1]"
User-009,0,trace_0313,1788720374.1140132,streaming,12330,368,368,0,192,8.239854335784912,267.77732133865356,0.7071865585909227,0.0,0,True,,1788720106.3365579,1788720114.5764122,1788720374.1138792,"[1788720114.5764122, 1788720115.1534858, 1788720115.7793984, 1788720116.4352975, 1788720117.1110005, 1788720117.6671457, 1788720118.2718902, 1788720118.9072301, 1788720119.5744848, 1788720120.2714427, 1788720120.9897053, 1788720121.541616, 1788720122.1461616, 1788720122.7816696, 1788720123.446451, 1788720124.1439345, 1788720124.872313, 1788720125.6316776, 1788720126.4226909, 1788720127.244469, 1788720128.0988274, 1788720128.9827096, 1788720129.649968, 1788720130.2103813, 1788720130.8354087, 1788720131.491514, 1788720132.1815424, 1788720132.9002976, 1788720133.6496444, 1788720134.4313884, 1788720135.2745137, 1788720135.8203957, 1788720136.419855, 1788720137.0506017, 1788720137.7135324, 1788720138.4094448, 1788720139.1338427, 1788720139.8892245, 1788720140.553505, 1788720141.1180701, 1788720141.7365608, 1788720142.3887024, 1788720143.0716412, 1788720143.785814, 1788720144.5304737, 1788720145.30606, 1788720146.000406, 1788720146.5642588, 1788720147.1787696, 1788720147.8239484, 1788720148.500491, 1788720149.2088857, 1788720149.9477003, 1788720150.7164128, 1788720151.3686101, 1788720151.9383497, 1788720152.5569708, 1788720153.2091126, 1788720153.8923597, 1788720154.6070764, 1788720155.35223, 1788720156.1293097, 1788720156.9397678, 1788720157.777346, 1788720158.3831847, 1788720158.956462, 1788720159.5852349, 1788720160.2454531, 1788720160.936006, 1788720161.6585884, 1788720162.4120278, 1788720163.1971128, 1788720164.0129163, 1788720164.6573172, 1788720165.2254052, 1788720165.8489647, 1788720166.505677, 1788720167.1944158, 1788720167.9118183, 1788720168.661256, 1788720169.4252353, 1788720169.9783366, 1788720170.5871353, 1788720171.2226164, 1788720171.8891687, 1788720172.5879362, 1788720173.3149793, 1788720174.0009315, 1788720174.5656059, 1788720175.183874, 1788720175.829819, 1788720176.5063386, 1788720177.2156718, 1788720177.9545667, 1788720178.7226999, 1788720179.5282774, 1788720180.0802002, 1788720180.690958, 1788720181.327304, 1788720181.9952188, 1788720182.696774, 1788720183.4263904, 1788720184.1855931, 1788720184.855048, 1788720185.4266016, 1788720186.0538647, 1788720186.714464, 1788720187.3945615, 1788720188.111314, 1788720188.8551905, 1788720189.61038, 1788720190.1700866, 1788720190.7825246, 1788720191.423934, 1788720192.095197, 1788720192.8003871, 1788720193.531429, 1788720194.2953558, 1788720195.0904567, 1788720195.7449148, 1788720196.3220997, 1788720196.9533832, 1788720197.6131666, 1788720198.3169072, 1788720199.050214, 1788720199.813521, 1788720200.6119576, 1788720201.4361742, 1788720202.2883048, 1788720203.168209, 1788720204.0747662, 1788720204.8096862, 1788720205.3727353, 1788720206.0001278, 1788720206.6540923, 1788720207.3421924, 1788720208.058975, 1788720208.8074543, 1788720209.5846798, 1788720210.3988454, 1788720211.243419, 1788720212.1157043, 1788720212.9628859, 1788720213.5097091, 1788720214.1268365, 1788720214.7751975, 1788720215.448664, 1788720216.1578746, 1788720216.8932178, 1788720217.661767, 1788720218.4632332, 1788720219.3005166, 1788720220.173257, 1788720221.0789049, 1788720222.0065925, 1788720222.7273333, 1788720223.2905946, 1788720223.9206803, 1788720224.580918, 1788720225.2687583, 1788720225.990385, 1788720226.7395136, 1788720227.522867, 1788720228.3375533, 1788720229.1854262, 1788720230.0683584, 1788720230.9823782, 1788720231.9253778, 1788720232.5502062, 1788720233.1213305, 1788720233.7634394, 1788720234.429522, 1788720235.1294389, 1788720235.8560488, 1788720236.6171942, 1788720237.4095702, 1788720238.2370346, 1788720238.809296, 1788720239.4507074, 1788720240.111657, 1788720240.8052897, 1788720241.5229893, 1788720242.2779102, 1788720243.058593, 1788720243.8694112, 1788720244.706316, 1788720245.5781322, 1788720246.284272, 1788720246.8503513, 1788720247.4816713, 1788720248.1430128, 1788720248.8331313, 1788720249.553858, 1788720250.3014915, 1788720251.0884993, 1788720251.90508, 1788720252.651616, 1788720253.2163787, 1788720253.8358119, 1788720254.493464, 1788720255.1778862, 1788720255.8892, 1788720256.633091, 1788720257.4101577, 1788720258.042636, 1788720258.624771, 1788720259.258955, 1788720259.9258442, 1788720260.6217794, 1788720261.345793, 1788720262.1003606, 1788720262.7621536, 1788720263.3379104, 1788720263.9705844, 1788720264.6320338, 1788720265.3249426, 1788720266.0447845, 1788720266.7932596, 1788720267.5783346, 1788720268.398676, 1788720269.1761794, 1788720269.7352204, 1788720270.3591661, 1788720271.0263135, 1788720271.7291129, 1788720272.4543948, 1788720273.2047052, 1788720273.7663462, 1788720274.3814685, 1788720275.0273585, 1788720275.7041628, 1788720276.413767, 1788720277.1489725, 1788720277.917497, 1788720278.7177885, 1788720279.3434358, 1788720279.921596, 1788720280.5615346, 1788720281.2329125, 1788720281.9327657, 1788720282.6585734, 1788720283.4186568, 1788720284.2130697, 1788720285.0352762, 1788720285.8918688, 1788720286.7847378, 1788720287.4602673, 1788720288.062165, 1788720288.7223144, 1788720289.40889, 1788720290.1283474, 1788720290.8663182, 1788720291.6413894, 1788720292.4430287, 1788720293.0720356, 1788720293.6782637, 1788720294.33687, 1788720295.022806, 1788720295.740753, 1788720296.4852104, 1788720297.2611933, 1788720297.999811, 1788720298.566786, 1788720299.188986, 1788720299.8432746, 1788720300.5281374, 1788720301.2398322, 1788720301.9901428, 1788720302.6223733, 1788720303.2228436, 1788720303.8527899, 1788720304.5383446, 1788720305.2508419, 1788720305.9898903, 1788720306.7649302, 1788720307.564029, 1788720308.275841, 1788720308.8430402, 1788720309.478868, 1788720310.1298046, 1788720310.8199782, 1788720311.5364966, 1788720312.2825437, 1788720313.0640702, 1788720313.8715727, 1788720314.4862216, 1788720315.0658972, 1788720315.7046032, 1788720316.3802629, 1788720317.091025, 1788720317.8408227, 1788720318.6253507, 1788720319.4292703, 1788720320.2684743, 1788720321.1279492, 1788720322.0259783, 1788720322.9444945, 1788720323.667593, 1788720324.2264495, 1788720324.8588424, 1788720325.5249028, 1788720326.2205536, 1788720326.9432373, 1788720327.7003782, 1788720328.4874744, 1788720329.3114753, 1788720330.1739905, 1788720331.0672042, 1788720331.981642, 1788720332.7606027, 1788720333.316318, 1788720333.9424171, 1788720334.6032276, 1788720335.2936728, 1788720336.0119264, 1788720336.7030196, 1788720337.304007, 1788720337.951948, 1788720338.6280344, 1788720339.3291457, 1788720340.0615878, 1788720340.8159964, 1788720341.612118, 1788720342.4270113, 1788720343.2724566, 1788720344.035021, 1788720344.600519, 1788720345.224094, 1788720345.879299, 1788720346.5665345, 1788720347.281839, 1788720348.0279229, 1788720348.8047001, 1788720349.6235213, 1788720350.4816883, 1788720351.3632157, 1788720352.2724972, 1788720353.0125, 1788720353.5777147, 1788720354.2074692, 1788720354.8699615, 1788720355.5673616, 1788720356.2838066, 1788720357.0342317, 1788720357.816531, 1788720358.5095098, 1788720359.0850575, 1788720359.7110102, 1788720360.37244, 1788720361.0627694, 1788720361.7804163, 1788720362.5314474, 1788720363.3154638, 1788720364.049323, 1788720364.6166108, 1788720365.2428846, 1788720365.8950052, 1788720366.6012683, 1788720367.2980638, 1788720368.03929, 1788720368.8197284, 1788720369.6315227, 1788720370.4757981, 1788720371.3473535, 1788720372.2522128, 1788720372.8980708, 1788720373.469621, 1788720374.1109653]","[1, 1, 1, 1, 1, 1, 1, 1, 1, 1, 1, 1, 1, 1, 1, 1, 1, 1, 1, 1, 1, 1, 1, 1, 1, 1, 1, 1, 1, 1, 1, 1, 1, 1, 1, 1, 1, 1, 1, 1, 1, 1, 1, 1, 1, 1, 1, 1, 1, 1, 1, 1, 1, 1, 1, 1, 1, 1, 1, 1, 1, 1, 1, 1, 1, 1, 1, 1, 1, 1, 1, 1, 1, 1, 1, 1, 1, 1, 1, 1, 1, 1, 1, 1, 1, 1, 1, 1, 1, 1, 1, 1, 1, 1, 1, 1, 1, 1, 1, 1, 1, 1, 1, 1, 1, 1, 1, 1, 1, 1, 1, 1, 1, 1, 1, 1, 1, 1, 1, 1, 1, 1, 1, 1, 1, 1, 1, 1, 1, 1, 1, 1, 1, 1, 1, 1, 1, 1, 1, 1, 1, 1, 1, 1, 1, 1, 1, 1, 1, 1, 1, 1, 1, 1, 1, 1, 1, 1, 1, 1, 1, 1, 1, 1, 1, 1, 1, 1, 1, 1, 1, 1, 1, 1, 1, 1, 1, 1, 1, 1, 1, 1, 1, 1, 1, 1, 1, 1, 1, 1, 1, 1, 1, 1, 1, 1, 1, 1, 1, 1, 1, 1, 1, 1, 1, 1, 1, 1, 1, 1, 1, 1, 1, 1, 1, 1, 1, 1, 1, 1, 1, 1, 1, 1, 1, 1, 1, 1, 1, 1, 1, 1, 1, 1, 1, 1, 1, 1, 1, 1, 1, 1, 1, 1, 1, 1, 1, 1, 1, 1, 1, 1, 1, 1, 1, 1, 1, 1, 1, 1, 1, 1, 1, 1, 1, 1, 1, 1, 1, 1, 1, 1, 1, 1, 1, 1, 1, 1, 1, 1, 1, 1, 1, 1, 1, 1, 1, 1, 1, 1, 1, 1, 1, 1, 1, 1, 1, 1, 1, 1, 1, 1, 1, 1, 1, 1, 1, 1, 1, 1, 1, 1, 1, 1, 1, 1, 1, 1, 1, 1, 1, 1, 1, 1, 1, 1, 1, 1, 1, 1, 1, 1, 1, 1, 1, 1, 1, 1, 1, 1, 1, 1, 1, 1, 1, 1, 1, 1, 1, 1, 1, 1, 1, 1, 1, 1, 1, 1, 1, 1, 1, 1, 1, 1, 1, 1, 1, 1]"
User-025,6,trace_0588,1788720374.8050966,streaming,30240,72,72,466,2,30.40304136276245,81.54103660583496,0.7202534541277819,7.0,0,True,,1788720293.2639887,1788720323.66703,1788720374.8050253,"[1788720323.66703, 1788720324.2259254, 1788720324.8582923, 1788720325.5243819, 1788720326.2200613, 1788720326.9427044, 1788720327.699848, 1788720328.4872396, 1788720329.3112447, 1788720330.1736174, 1788720331.0666716, 1788720331.9811192, 1788720332.7600749, 1788720333.3157978, 1788720333.9419193, 1788720334.602674, 1788720335.2931814, 1788720336.0116968, 1788720336.7025206, 1788720337.3034906, 1788720337.9514601, 1788720338.6277976, 1788720339.3286078, 1788720340.0610769, 1788720340.8157802, 1788720341.6116133, 1788720342.4265096, 1788720343.2719638, 1788720344.0345206, 1788720344.6002734, 1788720345.2235942, 1788720345.8788068, 1788720346.5661614, 1788720347.2813575, 1788720348.0276885, 1788720348.8044522, 1788720349.6229703, 1788720350.4811869, 1788720351.3628497, 1788720352.2720068, 1788720353.0122623, 1788720353.5774875, 1788720354.206986, 1788720354.869567, 1788720355.5668914, 1788720356.2833233, 1788720357.0337336, 1788720357.8160338, 1788720358.509281, 1788720359.0845475, 1788720359.7106307, 1788720360.3720593, 1788720361.0622702, 1788720361.7800505, 1788720362.530968, 1788720363.3150892, 1788720364.049093, 1788720364.616241, 1788720365.2426465, 1788720365.8944874, 1788720366.6010363, 1788720367.2975342, 1788720368.038913, 1788720368.819245, 1788720369.631001, 1788720370.475338, 1788720371.3469722, 1788720372.2519915, 1788720372.897567, 1788720373.4694045, 1788720374.1105473, 1788720374.8027234]","[1, 1, 1, 1, 1, 1, 1, 1, 1, 1, 1, 1, 1, 1, 1, 1, 1, 1, 1, 1, 1, 1, 1, 1, 1, 1, 1, 1, 1, 1, 1, 1, 1, 1, 1, 1, 1, 1, 1, 1, 1, 1, 1, 1, 1, 1, 1, 1, 1, 1, 1, 1, 1, 1, 1, 1, 1, 1, 1, 1, 1, 1, 1, 1, 1, 1, 1, 1, 1, 1, 1, 1]"
User-033,0,trace_0538,1788720389.8947928,streaming,11643,393,393,0,155,9.760000228881836,282.54165530204773,0.6958715690641987,0.0,0,True,,1788720107.3531036,1788720117.1131039,1788720389.894759,"[1788720117.1131039, 1788720117.6685617, 1788720118.2733507, 1788720118.908427, 1788720119.5757554, 1788720120.2726107, 1788720120.9918234, 1788720121.5437522, 1788720122.1478925, 1788720122.783495, 1788720123.448667, 1788720124.145631, 1788720124.8740196, 1788720125.633794, 1788720126.4244695, 1788720127.246163, 1788720128.100561, 1788720128.9845896, 1788720129.6553922, 1788720130.212098, 1788720130.837088, 1788720131.493036, 1788720132.1835105, 1788720132.9018745, 1788720133.6512775, 1788720134.4328802, 1788720135.2771237, 1788720135.823206, 1788720136.421901, 1788720137.052705, 1788720137.7156515, 1788720138.4115942, 1788720139.1366518, 1788720139.8917782, 1788720140.5562806, 1788720141.1208959, 1788720141.7398202, 1788720142.3913639, 1788720143.0741627, 1788720143.7884088, 1788720144.5333414, 1788720145.308678, 1788720146.0039377, 1788720146.5674882, 1788720147.1820047, 1788720147.8275673, 1788720148.5036347, 1788720149.2120774, 1788720149.950812, 1788720150.7195706, 1788720151.3727298, 1788720151.9419184, 1788720152.560747, 1788720153.2127488, 1788720153.8962345, 1788720154.61136, 1788720155.3560333, 1788720156.13309, 1788720156.9435656, 1788720157.7816544, 1788720158.3876793, 1788720158.960759, 1788720159.5900307, 1788720160.2511, 1788720160.9402952, 1788720161.6627862, 1788720162.4160945, 1788720163.2018673, 1788720164.0172205, 1788720164.661271, 1788720165.2294514, 1788720165.8529792, 1788720166.510283, 1788720167.1989815, 1788720167.9164636, 1788720168.6679997, 1788720169.4302068, 1788720169.9829228, 1788720170.591682, 1788720171.2274027, 1788720171.8937187, 1788720172.5929968, 1788720173.320094, 1788720174.0063117, 1788720174.5711055, 1788720175.188773, 1788720175.8352158, 1788720176.5134556, 1788720177.2205822, 1788720177.9596534, 1788720178.727765, 1788720179.5341995, 1788720180.0866303, 1788720180.6963973, 1788720181.3334239, 1788720182.0006824, 1788720182.7022457, 1788720183.4318767, 1788720184.1911342, 1788720184.8619545, 1788720185.4327533, 1788720186.0604734, 1788720186.7205505, 1788720187.4005818, 1788720188.1180966, 1788720188.8612933, 1788720189.6178267, 1788720190.17768, 1788720190.7890885, 1788720191.4303126, 1788720192.1024222, 1788720192.8061876, 1788720193.5387614, 1788720194.301955, 1788720195.097748, 1788720195.7533946, 1788720196.3313234, 1788720196.9604614, 1788720197.6198828, 1788720198.3235543, 1788720199.056521, 1788720199.8199205, 1788720200.618582, 1788720201.4428587, 1788720202.2954187, 1788720203.174927, 1788720204.0810444, 1788720204.8162858, 1788720205.3794508, 1788720206.006762, 1788720206.6625538, 1788720207.348528, 1788720208.0656157, 1788720208.8141167, 1788720209.59047, 1788720210.4054592, 1788720211.2503598, 1788720212.1223495, 1788720212.9702187, 1788720213.5199816, 1788720214.134044, 1788720214.7826855, 1788720215.4557846, 1788720216.1646469, 1788720216.9001508, 1788720217.6685798, 1788720218.4703786, 1788720219.3076015, 1788720220.1863918, 1788720221.0859573, 1788720222.0144343, 1788720222.7263768, 1788720223.289629, 1788720223.9199233, 1788720224.580164, 1788720225.2679899, 1788720225.9896379, 1788720226.738501, 1788720227.5218601, 1788720228.3368273, 1788720229.1846728, 1788720230.0675848, 1788720230.9813585, 1788720231.9246466, 1788720232.549204, 1788720233.1205966, 1788720233.7626805, 1788720234.4287922, 1788720235.128459, 1788720235.8550377, 1788720236.6162243, 1788720237.4085393, 1788720238.236067, 1788720238.8083127, 1788720239.4497044, 1788720240.1106155, 1788720240.8042986, 1788720241.5225022, 1788720242.2769039, 1788720243.0576153, 1788720243.868671, 1788720244.70557, 1788720245.5773904, 1788720246.2833114, 1788720246.8493454, 1788720247.480905, 1788720248.1422677, 1788720248.8323703, 1788720249.5530884, 1788720250.3007388, 1788720251.0877254, 1788720251.9043138, 1788720252.6511397, 1788720253.2155955, 1788720253.8350651, 1788720254.4927137, 1788720255.1771348, 1788720255.8884413, 1788720256.6323535, 1788720257.4093912, 1788720258.0416844, 1788720258.6240134, 1788720259.25816, 1788720259.9251053, 1788720260.621017, 1788720261.3450499, 1788720262.099619, 1788720262.7611828, 1788720263.3371854, 1788720263.9698448, 1788720264.6316, 1788720265.3241544, 1788720266.0440104, 1788720266.7925231, 1788720267.5775697, 1788720268.3979385, 1788720269.1757252, 1788720269.73446, 1788720270.3581653, 1788720271.0255337, 1788720271.728346, 1788720272.4536638, 1788720273.2042623, 1788720273.7656107, 1788720274.3806927, 1788720275.026611, 1788720275.7034187, 1788720276.4127896, 1788720277.1481974, 1788720277.9164755, 1788720278.717057, 1788720279.3423529, 1788720279.9208474, 1788720280.5607932, 1788720281.2324364, 1788720281.9320223, 1788720282.657837, 1788720283.4179254, 1788720284.2123177, 1788720285.0345407, 1788720285.891129, 1788720286.7839844, 1788720287.4592967, 1788720288.0611413, 1788720288.7215767, 1788720289.4081225, 1788720290.1273553, 1788720290.865943, 1788720291.6410022, 1788720292.442658, 1788720293.071536, 1788720293.6778715, 1788720294.3364797, 1788720295.022432, 1788720295.7402666, 1788720296.4848485, 1788720297.2607613, 1788720297.99932, 1788720298.5664022, 1788720299.1886132, 1788720299.842902, 1788720300.5277689, 1788720301.239459, 1788720301.9896293, 1788720302.6218984, 1788720303.2225788, 1788720303.852558, 1788720304.5378442, 1788720305.2503304, 1788720305.9893816, 1788720306.7643564, 1788720307.5635273, 1788720308.275336, 1788720308.842535, 1788720309.4783518, 1788720310.129307, 1788720310.8194895, 1788720311.5359714, 1788720312.282042, 1788720313.0635514, 1788720313.8711693, 1788720314.4858336, 1788720315.065422, 1788720315.7042348, 1788720316.3798788, 1788720317.0905402, 1788720317.8404565, 1788720318.6250997, 1788720319.428794, 1788720320.2679636, 1788720321.1275659, 1788720322.0254824, 1788720322.9441295, 1788720323.666108, 1788720324.2254152, 1788720324.8578022, 1788720325.5238924, 1788720326.2195756, 1788720326.9422116, 1788720327.6993077, 1788720328.4868464, 1788720329.310814, 1788720330.173231, 1788720331.0661697, 1788720331.9806051, 1788720332.7595847, 1788720333.3153055, 1788720333.941426, 1788720334.6021428, 1788720335.2926896, 1788720336.0114815, 1788720336.7020297, 1788720337.3029974, 1788720337.950964, 1788720338.6275623, 1788720339.328073, 1788720340.0605795, 1788720340.8155637, 1788720341.6111078, 1788720342.4259906, 1788720343.271469, 1788720344.0340328, 1788720344.6000402, 1788720345.2230825, 1788720345.8782563, 1788720346.5657935, 1788720347.2808673, 1788720348.0274594, 1788720348.8042102, 1788720349.6225653, 1788720350.4806974, 1788720351.3624701, 1788720352.2715218, 1788720353.0120256, 1788720353.5772598, 1788720354.2064917, 1788720354.8691933, 1788720355.5664666, 1788720356.2828424, 1788720357.033207, 1788720357.815541, 1788720358.5090497, 1788720359.08406, 1788720359.710255, 1788720360.3716784, 1788720361.0617704, 1788720361.7796848, 1788720362.5304728, 1788720363.3147051, 1788720364.0488644, 1788720364.6158652, 1788720365.2423944, 1788720365.89399, 1788720366.6008186, 1788720367.2970505, 1788720368.0385227, 1788720368.8187482, 1788720369.6304848, 1788720370.4748204, 1788720371.3465881, 1788720372.2517672, 1788720372.8970482, 1788720373.4691877, 1788720374.1101758, 1788720374.8022153, 1788720375.5205352, 1788720376.1042132, 1788720376.7445252, 1788720377.4130192, 1788720378.105289, 1788720378.8262599, 1788720379.5774057, 1788720380.2050793, 1788720380.76507, 1788720381.3839195, 1788720382.0204885, 1788720382.6958694, 1788720383.4063215, 1788720384.13671, 1788720384.8987126, 1788720385.698071, 1788720386.5271618, 1788720387.3876271, 1788720388.2835865, 1788720389.2035394, 1788720389.5718288, 1788720389.5853486, 1788720389.6402206, 1788720389.6901765, 1788720389.7393317, 1788720389.7918181, 1788720389.8392868, 1788720389.8923433]","[1, 1, 1, 1, 1, 1, 1, 1, 1, 1, 1, 1, 1, 1, 1, 1, 1, 1, 1, 1, 1, 1, 1, 1, 1, 1, 1, 1, 1, 1, 1, 1, 1, 1, 1, 1, 1, 1, 1, 1, 1, 1, 1, 1, 1, 1, 1, 1, 1, 1, 1, 1, 1, 1, 1, 1, 1, 1, 1, 1, 1, 1, 1, 1, 1, 1, 1, 1, 1, 1, 1, 1, 1, 1, 1, 1, 1, 1, 1, 1, 1, 1, 1, 1, 1, 1, 1, 1, 1, 1, 1, 1, 1, 1, 1, 1, 1, 1, 1, 1, 1, 1, 1, 1, 1, 1, 1, 1, 1, 1, 1, 1, 1, 1, 1, 1, 1, 1, 1, 1, 1, 1, 1, 1, 1, 1, 1, 1, 1, 1, 1, 1, 1, 1, 1, 1, 1, 1, 1, 1, 1, 1, 1, 1, 1, 1, 1, 1, 1, 1, 1, 1, 1, 1, 1, 1, 1, 1, 1, 1, 1, 1, 1, 1, 1, 1, 1, 1, 1, 1, 1, 1, 1, 1, 1, 1, 1, 1, 1, 1, 1, 1, 1, 1, 1, 1, 1, 1, 1, 1, 1, 1, 1, 1, 1, 1, 1, 1, 1, 1, 1, 1, 1, 1, 1, 1, 1, 1, 1, 1, 1, 1, 1, 1, 1, 1, 1, 1, 1, 1, 1, 1, 1, 1, 1, 1, 1, 1, 1, 1, 1, 1, 1, 1, 1, 1, 1, 1, 1, 1, 1, 1, 1, 1, 1, 1, 1, 1, 1, 1, 1, 1, 1, 1, 1, 1, 1, 1, 1, 1, 1, 1, 1, 1, 1, 1, 1, 1, 1, 1, 1, 1, 1, 1, 1, 1, 1, 1, 1, 1, 1, 1, 1, 1, 1, 1, 1, 1, 1, 1, 1, 1, 1, 1, 1, 1, 1, 1, 1, 1, 1, 1, 1, 1, 1, 1, 1, 1, 1, 1, 1, 1, 1, 1, 1, 1, 1, 1, 1, 1, 1, 1, 1, 1, 1, 1, 1, 1, 1, 1, 1, 1, 1, 1, 1, 1, 1, 1, 1, 1, 1, 1, 1, 1, 1, 1, 1, 1, 1, 1, 1, 1, 1, 1, 1, 1, 1, 1, 1, 1, 1, 1, 1, 1, 1, 1, 1, 1, 1, 1, 1, 1, 1, 1, 1, 1, 1, 1, 1, 1, 1, 1, 1, 1, 1, 1, 1, 1, 1, 1, 1, 1, 1]"
User-017,3,trace_0726,1788720389.8943253,streaming,21133,112,112,320,2,24.611851930618286,100.02708888053894,0.6794165490983842,6.0,0,True,,1788720289.8671384,1788720314.4789903,1788720389.8942273,"[1788720314.4789903, 1788720315.0574777, 1788720315.697523, 1788720316.372805, 1788720317.0822005, 1788720317.8342557, 1788720318.6190822, 1788720319.421282, 1788720320.2591932, 1788720321.1219137, 1788720322.0186038, 1788720322.9381304, 1788720323.6582444, 1788720324.2177196, 1788720324.850461, 1788720325.5166576, 1788720326.2122738, 1788720326.934845, 1788720327.691701, 1788720328.4793763, 1788720329.3020775, 1788720330.167614, 1788720331.0591793, 1788720331.9735446, 1788720332.7527435, 1788720333.3085036, 1788720333.9345, 1788720334.5953135, 1788720335.2857754, 1788720336.004614, 1788720336.6949868, 1788720337.296239, 1788720337.943826, 1788720338.6206217, 1788720339.3211474, 1788720340.053432, 1788720340.808974, 1788720341.6041276, 1788720342.419358, 1788720343.2650032, 1788720344.027057, 1788720344.5922394, 1788720345.2163036, 1788720345.8716433, 1788720346.5598028, 1788720347.2742305, 1788720348.0207684, 1788720348.8009675, 1788720349.6166935, 1788720350.4738045, 1788720351.356799, 1788720352.2645688, 1788720353.0051532, 1788720353.569719, 1788720354.1991308, 1788720354.8624647, 1788720355.5580926, 1788720356.275419, 1788720357.025824, 1788720357.808264, 1788720358.5025594, 1788720359.076391, 1788720359.7033968, 1788720360.362871, 1788720361.053968, 1788720361.7720728, 1788720362.522547, 1788720363.3078792, 1788720364.0417361, 1788720364.6087303, 1788720365.2366385, 1788720365.885859, 1788720366.593941, 1788720367.2887836, 1788720368.0310812, 1788720368.810405, 1788720369.6222436, 1788720370.466033, 1788720371.3390386, 1788720372.2433627, 1788720372.8878508, 1788720373.462045, 1788720374.102017, 1788720374.793395, 1788720375.509339, 1788720376.0958674, 1788720376.7363443, 1788720377.4035392, 1788720378.0964854, 1788720378.8175585, 1788720379.5702815, 1788720380.1972058, 1788720380.7557862, 1788720381.374391, 1788720382.011053, 1788720382.6864429, 1788720383.3939857, 1788720384.1272037, 1788720384.8906116, 1788720385.6882257, 1788720386.5171866, 1788720387.3788319, 1788720388.270327, 1788720389.194142, 1788720389.5631258, 1788720389.580177, 1788720389.6306255, 1788720389.6809156, 1788720389.7304664, 1788720389.7832587, 1788720389.8302543, 1788720389.8842409]","[1, 1, 1, 1, 1, 1, 1, 1, 1, 1, 1, 1, 1, 1, 1, 1, 1, 1, 1, 1, 1, 1, 1, 1, 1, 1, 1, 1, 1, 1, 1, 1, 1, 1, 1, 1, 1, 1, 1, 1, 1, 1, 1, 1, 1, 1, 1, 1, 1, 1, 1, 1, 1, 1, 1, 1, 1, 1, 1, 1, 1, 1, 1, 1, 1, 1, 1, 1, 1, 1, 1, 1, 1, 1, 1, 1, 1, 1, 1, 1, 1, 1, 1, 1, 1, 1, 1, 1, 1, 1, 1, 1, 1, 1, 1, 1, 1, 1, 1, 1, 1, 1, 1, 1, 1, 1, 1, 1, 1, 1, 1, 1]"
User-004,1,trace_0629,1788720390.1867483,streaming,29165,66,66,286,169,22.509717226028442,59.68734788894653,0.5719635486602783,142.0,0,True,,1788720330.49926,1788720353.0089772,1788720390.1866078,"[1788720353.0089772, 1788720353.575646, 1788720354.2030637, 1788720354.8661914, 1788720355.561924, 1788720356.2793252, 1788720357.029646, 1788720357.812047, 1788720358.5060585, 1788720359.0801058, 1788720359.7071316, 1788720360.3683712, 1788720361.0577917, 1788720361.7757802, 1788720362.5264668, 1788720363.3116505, 1788720364.0462718, 1788720364.6127286, 1788720365.240483, 1788720365.8900614, 1788720366.5981793, 1788720367.2930293, 1788720368.0354457, 1788720368.8147678, 1788720369.6264699, 1788720370.4708292, 1788720371.343467, 1788720372.247689, 1788720372.89216, 1788720373.4664361, 1788720374.1064217, 1788720374.7977726, 1788720375.515564, 1788720376.1001208, 1788720376.740695, 1788720377.4083986, 1788720378.1008077, 1788720378.8217888, 1788720379.574571, 1788720380.201223, 1788720380.7600694, 1788720381.3786943, 1788720382.015434, 1788720382.6908343, 1788720383.3978214, 1788720384.131622, 1788720384.8946452, 1788720385.6930792, 1788720386.522051, 1788720387.3832793, 1788720388.2785866, 1788720389.1984627, 1788720389.5674338, 1788720389.5821521, 1788720389.6352122, 1788720389.6851773, 1788720389.7345052, 1788720389.7876558, 1788720389.834535, 1788720389.8889778, 1788720389.9326465, 1788720389.9816403, 1788720390.0315354, 1788720390.08021, 1788720390.1295965, 1788720390.1800528]","[1, 1, 1, 1, 1, 1, 1, 1, 1, 1, 1, 1, 1, 1, 1, 1, 1, 1, 1, 1, 1, 1, 1, 1, 1, 1, 1, 1, 1, 1, 1, 1, 1, 1, 1, 1, 1, 1, 1, 1, 1, 1, 1, 1, 1, 1, 1, 1, 1, 1, 1, 1, 1, 1, 1, 1, 1, 1, 1, 1, 1, 1, 1, 1, 1, 1]"
User-021,2,trace_0266,1788720390.2362201,streaming,25895,217,217,346,7,139.01130366325378,282.96919465065,0.6664717175342418,15.0,0,True,,1788720107.266968,1788720246.2782717,1788720390.2361627,"[1788720246.2782717, 1788720246.844279, 1788720247.4760683, 1788720248.1378953, 1788720248.8274877, 1788720249.5487514, 1788720250.296093, 1788720251.0807858, 1788720251.8995094, 1788720252.646352, 1788720253.2078755, 1788720253.8312423, 1788720254.488052, 1788720255.1726305, 1788720255.8837419, 1788720256.6275759, 1788720257.4050684, 1788720258.035983, 1788720258.6196525, 1788720259.2533019, 1788720259.9202566, 1788720260.6160986, 1788720261.339948, 1788720262.0942118, 1788720262.7557847, 1788720263.3324032, 1788720263.9651754, 1788720264.6264253, 1788720265.3189497, 1788720266.0386984, 1788720266.7874112, 1788720267.5727975, 1788720268.3933072, 1788720269.167166, 1788720269.7294626, 1788720270.351804, 1788720271.0207295, 1788720271.7231195, 1788720272.4488983, 1788720273.1995327, 1788720273.7608535, 1788720274.375448, 1788720275.022202, 1788720275.699136, 1788720276.407268, 1788720277.142808, 1788720277.910969, 1788720278.712057, 1788720279.336895, 1788720279.916604, 1788720280.5557313, 1788720281.2272272, 1788720281.9278915, 1788720282.6531842, 1788720283.413213, 1788720284.2064862, 1788720285.0296621, 1788720285.8867922, 1788720286.7795918, 1788720287.453422, 1788720288.0556908, 1788720288.7167587, 1788720289.403896, 1788720290.123087, 1788720290.8611615, 1788720291.6366677, 1788720292.438276, 1788720293.0656514, 1788720293.6733491, 1788720294.3314157, 1788720295.018357, 1788720295.735294, 1788720296.480271, 1788720297.256438, 1788720297.993386, 1788720298.561834, 1788720299.183364, 1788720299.8384752, 1788720300.5236478, 1788720301.2350614, 1788720301.9768038, 1788720302.6165645, 1788720303.220048, 1788720303.8473852, 1788720304.5319567, 1788720305.2444549, 1788720305.9838803, 1788720306.7582593, 1788720307.557186, 1788720308.269449, 1788720308.8370535, 1788720309.4726677, 1788720310.1237903, 1788720310.8139904, 1788720311.5301156, 1788720312.276531, 1788720313.0579152, 1788720313.866217, 1788720314.4813104, 1788720315.0601354, 1788720315.7001112, 1788720316.3755586, 1788720317.0848472, 1788720317.8367133, 1788720318.62181, 1788720319.4239955, 1788720320.2618954, 1788720321.1242328, 1788720322.0212152, 1788720322.9405708, 1788720323.6607678, 1788720324.2206903, 1788720324.8532398, 1788720325.5194206, 1788720326.215018, 1788720326.9376347, 1788720327.6944265, 1788720328.482168, 1788720329.305465, 1788720330.1701212, 1788720331.0618296, 1788720331.9766028, 1788720332.7555497, 1788720333.3112202, 1788720333.9373207, 1788720334.5979342, 1788720335.2885983, 1788720336.0073237, 1788720336.6975007, 1788720337.298937, 1788720337.9469633, 1788720338.623663, 1788720339.3238604, 1788720340.056394, 1788720340.8117843, 1788720341.6066432, 1788720342.4224243, 1788720343.267979, 1788720344.0295298, 1788720344.596585, 1788720345.219035, 1788720345.8743157, 1788720346.5625877, 1788720347.2767737, 1788720348.0233753, 1788720348.8022416, 1788720349.6195056, 1788720350.4766715, 1788720351.3595078, 1788720352.2672439, 1788720353.0076756, 1788720353.5747004, 1788720354.202, 1788720354.865181, 1788720355.5609217, 1788720356.2782502, 1788720357.0286438, 1788720357.8110185, 1788720358.505071, 1788720359.0791214, 1788720359.7060914, 1788720360.3656838, 1788720361.0567982, 1788720361.7747924, 1788720362.52547, 1788720363.3106062, 1788720364.0441995, 1788720364.6114893, 1788720365.2397878, 1788720365.888595, 1788720366.5966551, 1788720367.2915678, 1788720368.033673, 1788720368.8132482, 1788720369.6249864, 1788720370.4693274, 1788720371.3418908, 1788720372.246148, 1788720372.89061, 1788720373.464957, 1788720374.104847, 1788720374.7962923, 1788720375.5139022, 1788720376.098609, 1788720376.7391818, 1788720377.4068332, 1788720378.099316, 1788720378.8202777, 1788720379.5731022, 1788720380.199726, 1788720380.7585523, 1788720381.3771014, 1788720382.0139108, 1788720382.6893225, 1788720383.396649, 1788720384.1300564, 1788720384.8931396, 1788720385.6915576, 1788720386.520481, 1788720387.381739, 1788720388.2768402, 1788720389.1967125, 1788720389.5656884, 1788720389.5814686, 1788720389.6336763, 1788720389.6836734, 1788720389.733025, 1788720389.786112, 1788720389.8330207, 1788720389.8875146, 1788720389.931141, 1788720389.9801216, 1788720390.0300305, 1788720390.0787244, 1788720390.128119, 1788720390.1784618, 1788720390.2277603]","[1, 1, 1, 1, 1, 1, 1, 1, 1, 1, 1, 1, 1, 1, 1, 1, 1, 1, 1, 1, 1, 1, 1, 1, 1, 1, 1, 1, 1, 1, 1, 1, 1, 1, 1, 1, 1, 1, 1, 1, 1, 1, 1, 1, 1, 1, 1, 1, 1, 1, 1, 1, 1, 1, 1, 1, 1, 1, 1, 1, 1, 1, 1, 1, 1, 1, 1, 1, 1, 1, 1, 1, 1, 1, 1, 1, 1, 1, 1, 1, 1, 1, 1, 1, 1, 1, 1, 1, 1, 1, 1, 1, 1, 1, 1, 1, 1, 1, 1, 1, 1, 1, 1, 1, 1, 1, 1, 1, 1, 1, 1, 1, 1, 1, 1, 1, 1, 1, 1, 1, 1, 1, 1, 1, 1, 1, 1, 1, 1, 1, 1, 1, 1, 1, 1, 1, 1, 1, 1, 1, 1, 1, 1, 1, 1, 1, 1, 1, 1, 1, 1, 1, 1, 1, 1, 1, 1, 1, 1, 1, 1, 1, 1, 1, 1, 1, 1, 1, 1, 1, 1, 1, 1, 1, 1, 1, 1, 1, 1, 1, 1, 1, 1, 1, 1, 1, 1, 1, 1, 1, 1, 1, 1, 1, 1, 1, 1, 1, 1, 1, 1, 1, 1, 1, 1, 1, 1, 1, 1, 1, 1, 1, 1, 1, 1, 1, 1]"
User-006,5,trace_0396,1788720391.061749,streaming,31170,266,266,385,49,115.7112147808075,284.0517508983612,0.6352473061039763,11.0,0,True,,1788720107.0099204,1788720222.7211351,1788720391.0616713,"[1788720222.7211351, 1788720223.2842548, 1788720223.9146743, 1788720224.575156, 1788720225.2630124, 1788720225.9850707, 1788720226.733301, 1788720227.5166798, 1788720228.3320873, 1788720229.1797671, 1788720230.0623562, 1788720230.9762328, 1788720231.919856, 1788720232.5440955, 1788720233.1156836, 1788720233.7581637, 1788720234.424039, 1788720235.1233282, 1788720235.8499784, 1788720236.6111524, 1788720237.403482, 1788720238.2309103, 1788720238.8030858, 1788720239.444348, 1788720240.1053896, 1788720240.7994342, 1788720241.5201168, 1788720242.2718925, 1788720243.0524063, 1788720243.863695, 1788720244.7010684, 1788720245.5698833, 1788720246.2774282, 1788720246.8437831, 1788720247.4755626, 1788720248.1374042, 1788720248.8269632, 1788720249.5481048, 1788720250.2955992, 1788720251.080286, 1788720251.8989923, 1788720252.645862, 1788720253.2073705, 1788720253.830579, 1788720254.4875588, 1788720255.1721249, 1788720255.8832233, 1788720256.6270564, 1788720257.4043865, 1788720258.0354972, 1788720258.6192613, 1788720259.2527936, 1788720259.9195604, 1788720260.6154056, 1788720261.3394408, 1788720262.09355, 1788720262.7552958, 1788720263.3319063, 1788720263.9646735, 1788720264.6259022, 1788720265.318429, 1788720266.038198, 1788720266.7867403, 1788720267.572285, 1788720268.3926487, 1788720269.1666317, 1788720269.7289479, 1788720270.3513024, 1788720271.0202174, 1788720271.722572, 1788720272.448242, 1788720273.1990492, 1788720273.7603412, 1788720274.3749387, 1788720275.0217032, 1788720275.698573, 1788720276.4065847, 1788720277.1421227, 1788720277.9104507, 1788720278.711551, 1788720279.3364055, 1788720279.9162054, 1788720280.5552366, 1788720281.226719, 1788720281.9275074, 1788720282.65269, 1788720283.4127216, 1788720284.2059798, 1788720285.0291617, 1788720285.8862705, 1788720286.7790997, 1788720287.4529402, 1788720288.055155, 1788720288.7162573, 1788720289.403472, 1788720290.122535, 1788720290.8606584, 1788720291.6342702, 1788720292.437783, 1788720293.065172, 1788720293.672812, 1788720294.3309174, 1788720295.017852, 1788720295.7346237, 1788720296.479782, 1788720297.2543516, 1788720297.9929132, 1788720298.5613463, 1788720299.1828635, 1788720299.837976, 1788720300.5231445, 1788720301.234529, 1788720301.9762976, 1788720302.6160731, 1788720303.2198167, 1788720303.8468592, 1788720304.531187, 1788720305.2438834, 1788720305.9833832, 1788720306.7577605, 1788720307.5566454, 1788720308.26865, 1788720308.836344, 1788720309.4719024, 1788720310.123285, 1788720310.8134882, 1788720311.529624, 1788720312.2760072, 1788720313.0570633, 1788720313.8658123, 1788720314.4808974, 1788720315.0596576, 1788720315.6996748, 1788720316.3750665, 1788720317.0843709, 1788720317.8363388, 1788720318.62128, 1788720319.423494, 1788720320.2614167, 1788720321.1238549, 1788720322.0207455, 1788720322.9401755, 1788720323.6602733, 1788720324.220178, 1788720324.8527286, 1788720325.518916, 1788720326.2143075, 1788720326.9369524, 1788720327.6938748, 1788720328.4816444, 1788720329.3047256, 1788720330.1697218, 1788720331.061293, 1788720331.976075, 1788720332.7550294, 1788720333.3107126, 1788720333.9368267, 1788720334.5974073, 1788720335.2881026, 1788720336.006823, 1788720336.6970148, 1788720337.2984307, 1788720337.9464447, 1788720338.623088, 1788720339.32331, 1788720340.055849, 1788720340.8112588, 1788720341.606143, 1788720342.421738, 1788720343.267472, 1788720344.0290473, 1788720344.5943956, 1788720345.218527, 1788720345.873821, 1788720346.5620894, 1788720347.27627, 1788720348.0228634, 1788720348.8019958, 1788720349.618992, 1788720350.4761682, 1788720351.3588219, 1788720352.2667456, 1788720353.0071979, 1788720353.5741966, 1788720354.2014601, 1788720354.8646793, 1788720355.5604024, 1788720356.2777233, 1788720357.0281258, 1788720357.8104854, 1788720358.5045745, 1788720359.0786102, 1788720359.705592, 1788720360.3649619, 1788720361.0562947, 1788720361.7742898, 1788720362.524926, 1788720363.3101108, 1788720364.0437107, 1788720364.6109686, 1788720365.2393813, 1788720365.8881075, 1788720366.5961587, 1788720367.2910378, 1788720368.0331643, 1788720368.8127444, 1788720369.6244843, 1788720370.4688246, 1788720371.3413572, 1788720372.2456338, 1788720372.8901122, 1788720373.4644516, 1788720374.104315, 1788720374.7957952, 1788720375.5133262, 1788720376.0979073, 1788720376.7386453, 1788720377.406237, 1788720378.0988, 1788720378.8197799, 1788720379.5725977, 1788720380.1992245, 1788720380.7580547, 1788720381.3767045, 1788720382.0134087, 1788720382.6888158, 1788720383.3962555, 1788720384.1293206, 1788720384.892638, 1788720385.691029, 1788720386.5199432, 1788720387.3812227, 1788720388.2763064, 1788720389.1962085, 1788720389.5651965, 1788720389.5812461, 1788720389.633163, 1788720389.6831703, 1788720389.7325213, 1788720389.7855918, 1788720389.8325074, 1788720389.8870115, 1788720389.93041, 1788720389.979363, 1788720390.0295358, 1788720390.0782366, 1788720390.1276238, 1788720390.1779325, 1788720390.2272313, 1788720390.274667, 1788720390.3224456, 1788720390.370637, 1788720390.4206338, 1788720390.4685543, 1788720390.517018, 1788720390.5652876, 1788720390.6132414, 1788720390.6631594, 1788720390.7108793, 1788720390.7582285, 1788720390.8086736, 1788720390.8565173, 1788720390.9073548, 1788720390.9548514, 1788720391.0017018, 1788720391.053691]","[1, 1, 1, 1, 1, 1, 1, 1, 1, 1, 1, 1, 1, 1, 1, 1, 1, 1, 1, 1, 1, 1, 1, 1, 1, 1, 1, 1, 1, 1, 1, 1, 1, 1, 1, 1, 1, 1, 1, 1, 1, 1, 1, 1, 1, 1, 1, 1, 1, 1, 1, 1, 1, 1, 1, 1, 1, 1, 1, 1, 1, 1, 1, 1, 1, 1, 1, 1, 1, 1, 1, 1, 1, 1, 1, 1, 1, 1, 1, 1, 1, 1, 1, 1, 1, 1, 1, 1, 1, 1, 1, 1, 1, 1, 1, 1, 1, 1, 1, 1, 1, 1, 1, 1, 1, 1, 1, 1, 1, 1, 1, 1, 1, 1, 1, 1, 1, 1, 1, 1, 1, 1, 1, 1, 1, 1, 1, 1, 1, 1, 1, 1, 1, 1, 1, 1, 1, 1, 1, 1, 1, 1, 1, 1, 1, 1, 1, 1, 1, 1, 1, 1, 1, 1, 1, 1, 1, 1, 1, 1, 1, 1, 1, 1, 1, 1, 1, 1, 1, 1, 1, 1, 1, 1, 1, 1, 1, 1, 1, 1, 1, 1, 1, 1, 1, 1, 1, 1, 1, 1, 1, 1, 1, 1, 1, 1, 1, 1, 1, 1, 1, 1, 1, 1, 1, 1, 1, 1, 1, 1, 1, 1, 1, 1, 1, 1, 1, 1, 1, 1, 1, 1, 1, 1, 1, 1, 1, 1, 1, 1, 1, 1, 1, 1, 1, 1, 1, 1, 1, 1, 1, 1, 1, 1, 1, 1, 1, 1, 1, 1, 1, 1, 1, 1, 1, 1, 1, 1, 1, 1, 1, 1, 1, 1, 1, 1]"
User-042,0,trace_0582,1788720391.4448144,streaming,20353,153,150,0,317,55.80133271217346,138.9673924446106,0.5581614747143432,0.0,0,True,,1788720252.4773743,1788720308.278707,1788720391.4447668,"[1788720308.278707, 1788720308.8455575, 1788720309.481413, 1788720310.1320753, 1788720310.8224666, 1788720311.539046, 1788720312.2849948, 1788720313.0665684, 1788720313.8735175, 1788720314.488177, 1788720315.0681238, 1788720315.7064486, 1788720316.382189, 1788720317.0926895, 1788720317.8426752, 1788720318.6266015, 1788720319.4317248, 1788720320.270903, 1788720321.1297953, 1788720322.0284011, 1788720322.946335, 1788720323.6702132, 1788720324.2280004, 1788720324.8600824, 1788720325.5272963, 1788720326.2230706, 1788720326.945744, 1788720327.7029903, 1788720328.4886057, 1788720330.175975, 1788720331.9836347, 1788720332.7632375, 1788720333.9439933, 1788720334.6058555, 1788720335.295667, 1788720336.0130494, 1788720336.705519, 1788720337.3064704, 1788720337.9544425, 1788720338.6292293, 1788720339.3315346, 1788720340.063721, 1788720340.8170974, 1788720341.6146822, 1788720342.4295208, 1788720343.2749696, 1788720344.037522, 1788720344.6016843, 1788720345.2265418, 1788720345.880448, 1788720346.5684414, 1788720347.2842846, 1788720348.0290613, 1788720348.8058882, 1788720349.6255932, 1788720350.483801, 1788720351.3650851, 1788720352.2749853, 1788720353.0136843, 1788720353.5788786, 1788720354.2098696, 1788720354.8718648, 1788720355.569344, 1788720356.286245, 1788720357.0367403, 1788720357.819096, 1788720358.51066, 1788720359.087614, 1788720359.712866, 1788720360.3743393, 1788720361.0652678, 1788720361.7822661, 1788720362.5338879, 1788720363.3173466, 1788720364.0504827, 1788720364.618479, 1788720365.2440436, 1788720365.8964853, 1788720366.6023574, 1788720367.3001099, 1788720368.041222, 1788720368.8221927, 1788720369.6339812, 1788720370.4768927, 1788720371.3492374, 1788720372.253329, 1788720372.900175, 1788720373.4707077, 1788720374.113135, 1788720374.8045785, 1788720375.5231078, 1788720376.10532, 1788720376.7462351, 1788720377.4155416, 1788720378.107807, 1788720378.828303, 1788720379.578537, 1788720380.20621, 1788720380.7676013, 1788720381.3864646, 1788720382.0230176, 1788720382.6970165, 1788720383.4090762, 1788720384.1392179, 1788720384.9005625, 1788720385.7005486, 1788720386.5296757, 1788720387.3887606, 1788720388.2847235, 1788720389.2060168, 1788720389.5733485, 1788720389.5876603, 1788720389.643156, 1788720389.692026, 1788720389.7406662, 1788720389.7931826, 1788720389.8406098, 1788720389.893788, 1788720389.9395525, 1788720389.985758, 1788720390.0389748, 1788720390.0873857, 1788720390.137457, 1788720390.185922, 1788720390.2357433, 1788720390.280901, 1788720390.3289595, 1788720390.3794265, 1788720390.4278414, 1788720390.4761112, 1788720390.5261168, 1788720390.572302, 1788720390.6220593, 1788720390.6714807, 1788720390.7194755, 1788720390.7671847, 1788720390.8174303, 1788720390.8640718, 1788720390.914036, 1788720390.9636, 1788720391.0085914, 1788720391.061012, 1788720391.1047778, 1788720391.1543489, 1788720391.2032466, 1788720391.252073, 1788720391.2983053, 1788720391.348041, 1788720391.3952036, 1788720391.4441903]","[1, 1, 1, 1, 1, 1, 1, 1, 1, 1, 1, 1, 1, 1, 1, 1, 1, 1, 1, 1, 1, 1, 1, 1, 1, 1, 1, 1, 1, 1, 1, 1, 1, 1, 1, 1, 1, 1, 1, 1, 1, 1, 1, 1, 1, 1, 1, 1, 1, 1, 1, 1, 1, 1, 1, 1, 1, 1, 1, 1, 1, 1, 1, 1, 1, 1, 1, 1, 1, 1, 1, 1, 1, 1, 1, 1, 1, 1, 1, 1, 1, 1, 1, 1, 1, 1, 1, 1, 1, 1, 1, 1, 1, 1, 1, 1, 1, 1, 1, 1, 1, 1, 1, 1, 1, 1, 1, 1, 1, 1, 1, 1, 1, 1, 1, 1, 1, 1, 1, 1, 1, 1, 1, 1, 1, 1, 1, 1, 1, 1, 1, 1, 1, 1, 1, 1, 1, 1, 1, 1, 1, 1, 1, 1, 1, 1, 1, 1, 1, 1]"
User-008,0,trace_0707,1788720391.731567,streaming,19408,381,381,0,302,45.06397581100464,285.4242117404938,0.6325269366565504,0.0,0,True,,1788720106.3072562,1788720151.371232,1788720391.731468,"[1788720151.371232, 1788720151.940406, 1788720152.559257, 1788720153.2112627, 1788720153.8946621, 1788720154.6097515, 1788720155.3544881, 1788720156.1315677, 1788720156.9420063, 1788720157.780086, 1788720158.3862078, 1788720158.9592814, 1788720159.5882761, 1788720160.2495687, 1788720160.9387763, 1788720161.6612976, 1788720162.4145892, 1788720163.1997366, 1788720164.015689, 1788720164.6597893, 1788720165.2279603, 1788720165.851531, 1788720166.5087385, 1788720167.1972275, 1788720167.914683, 1788720168.666518, 1788720169.428755, 1788720169.9814537, 1788720170.590193, 1788720171.2258415, 1788720171.8922575, 1788720172.5913625, 1788720173.3185177, 1788720174.0039506, 1788720174.5691595, 1788720175.186871, 1788720175.832812, 1788720176.5113568, 1788720177.2186, 1788720177.9575546, 1788720178.7257366, 1788720179.5322633, 1788720180.0844378, 1788720180.6945388, 1788720181.3314471, 1788720181.9987636, 1788720182.700325, 1788720183.4299366, 1788720184.1891894, 1788720184.8600228, 1788720185.4307432, 1788720186.0584505, 1788720186.7185879, 1788720187.398647, 1788720188.1161575, 1788720188.8593326, 1788720189.6158867, 1788720190.176036, 1788720190.7871587, 1788720191.4283915, 1788720192.1003916, 1788720192.8046658, 1788720193.5367508, 1788720194.3000145, 1788720195.0957358, 1788720195.7504332, 1788720196.326704, 1788720196.958, 1788720197.6179056, 1788720198.3210285, 1788720199.0543272, 1788720199.8176308, 1788720200.6161132, 1788720201.4403496, 1788720202.2928677, 1788720203.1724076, 1788720204.079055, 1788720204.8137183, 1788720205.3768892, 1788720206.004217, 1788720206.6582263, 1788720207.3463523, 1788720208.063171, 1788720208.8116302, 1788720209.5886073, 1788720210.4030466, 1788720211.2479007, 1788720212.1198504, 1788720212.967717, 1788720213.5143864, 1788720214.1315637, 1788720214.7802432, 1788720215.453348, 1788720216.1625197, 1788720216.8978407, 1788720217.6664007, 1788720218.4678874, 1788720219.3051198, 1788720220.1839278, 1788720221.0835197, 1788720222.0119476, 1788720222.7227862, 1788720223.2861311, 1788720223.9163933, 1788720224.5768194, 1788720225.264642, 1788720225.9867225, 1788720226.7349837, 1788720227.5183513, 1788720228.3337417, 1788720229.181411, 1788720230.0640748, 1788720230.9778745, 1788720231.9214845, 1788720232.54555, 1788720233.1173735, 1788720233.7600608, 1788720234.4255471, 1788720235.1249666, 1788720235.851601, 1788720236.6127672, 1788720237.4051137, 1788720238.2326334, 1788720238.8047802, 1788720239.4461048, 1788720240.1070583, 1788720240.800931, 1788720241.5208292, 1788720242.273394, 1788720243.0540655, 1788720243.865393, 1788720244.7025654, 1788720245.5742493, 1788720246.2797532, 1788720246.84591, 1788720247.4777071, 1788720248.139575, 1788720248.828981, 1788720249.5502553, 1788720250.2977707, 1788720251.082409, 1788720251.9011683, 1788720252.647788, 1788720253.2095158, 1788720253.8324056, 1788720254.4897196, 1788720255.1742675, 1788720255.8853788, 1788720256.6292543, 1788720257.4066362, 1788720258.0373988, 1788720258.6209705, 1788720259.25512, 1788720259.921759, 1788720260.6175847, 1788720261.341611, 1788720262.0957153, 1788720262.7572727, 1788720263.3338826, 1788720263.966698, 1788720264.6279733, 1788720265.3204472, 1788720266.0402262, 1788720266.7889183, 1788720267.5743022, 1788720268.3948352, 1788720269.168614, 1788720269.7310333, 1788720270.3532953, 1788720271.0222616, 1788720271.7246637, 1788720272.4504309, 1788720273.201226, 1788720273.762354, 1788720274.3769906, 1788720275.0236251, 1788720275.7004182, 1788720276.408772, 1788720277.144363, 1788720277.9124858, 1788720278.713573, 1788720279.3384228, 1788720279.917775, 1788720280.5572298, 1788720281.2287674, 1788720281.9290361, 1788720282.6546519, 1788720283.4146988, 1788720284.209285, 1788720285.0314984, 1788720285.888121, 1788720286.7806983, 1788720287.454924, 1788720288.057171, 1788720288.7182426, 1788720289.4050615, 1788720290.1243386, 1788720290.8626726, 1788720291.637916, 1788720292.4397342, 1788720293.0674284, 1788720293.674428, 1788720294.3323963, 1788720295.0193844, 1788720295.7362933, 1788720296.4812598, 1788720297.2574532, 1788720297.9943287, 1788720298.562907, 1788720299.184365, 1788720299.8395052, 1788720300.524416, 1788720301.2359765, 1788720301.9778206, 1788720302.6175356, 1788720303.220513, 1788720303.8487566, 1788720304.5329454, 1788720305.2455022, 1788720305.9848752, 1788720306.7592878, 1788720307.5584698, 1788720308.2705636, 1788720308.8380685, 1788720309.4737, 1788720310.1247993, 1788720310.8150108, 1788720311.5311017, 1788720312.2775247, 1788720313.0589957, 1788720313.8672233, 1788720314.4820971, 1788720315.0610833, 1788720315.7008488, 1788720316.3764215, 1788720317.0857854, 1788720317.837458, 1788720318.622939, 1788720319.4249573, 1788720320.2628853, 1788720321.1249673, 1788720322.0221848, 1788720322.941325, 1788720323.6619613, 1788720324.2217574, 1788720324.8542607, 1788720325.5204093, 1788720326.2160459, 1788720326.9386473, 1788720327.695532, 1788720328.4831986, 1788720329.3066895, 1788720330.1709166, 1788720331.0629058, 1788720331.9776073, 1788720332.756562, 1788720333.31223, 1788720333.9382985, 1788720334.5989985, 1788720335.2896528, 1788720336.00864, 1788720336.697993, 1788720337.2994833, 1788720337.9474676, 1788720338.6242082, 1788720339.3243842, 1788720340.0569143, 1788720340.812285, 1788720341.6071544, 1788720342.4229352, 1788720343.268472, 1788720344.030036, 1788720344.597158, 1788720345.2195377, 1788720345.8748229, 1788720346.5631206, 1788720347.277268, 1788720348.0238812, 1788720348.8024888, 1788720349.6198852, 1788720350.4771705, 1788720351.3598833, 1788720352.2677279, 1788720353.0081632, 1788720353.5752554, 1788720354.2025673, 1788720354.865693, 1788720355.5614264, 1788720356.278806, 1788720357.0291505, 1788720357.811552, 1788720358.5055752, 1788720359.0796206, 1788720359.7065973, 1788720360.3662307, 1788720361.0572953, 1788720361.775288, 1788720362.5259721, 1788720363.3111432, 1788720364.045778, 1788720364.6123161, 1788720365.240257, 1788720365.8895802, 1788720366.5976524, 1788720367.2925458, 1788720368.0349584, 1788720368.8142526, 1788720369.6259768, 1788720370.470319, 1788720371.3429317, 1788720372.2471893, 1788720372.8916657, 1788720373.4659398, 1788720374.1059241, 1788720374.797286, 1788720375.5150123, 1788720376.0996265, 1788720376.7401948, 1788720377.4078832, 1788720378.1003149, 1788720378.821287, 1788720379.5740807, 1788720380.2007282, 1788720380.7595665, 1788720381.3778958, 1788720382.0149257, 1788720382.690323, 1788720383.3974328, 1788720384.1311023, 1788720384.8941455, 1788720385.6925778, 1788720386.5215337, 1788720387.3827727, 1788720388.2780874, 1788720389.1979582, 1788720389.5669224, 1788720389.5819247, 1788720389.6346822, 1788720389.6846688, 1788720389.7340162, 1788720389.7871356, 1788720389.8340223, 1788720389.8884945, 1788720389.9321527, 1788720389.9811444, 1788720390.031047, 1788720390.079717, 1788720390.1291077, 1788720390.1796558, 1788720390.2290046, 1788720390.2756898, 1788720390.3234775, 1788720390.3716702, 1788720390.4216254, 1788720390.4695692, 1788720390.518028, 1788720390.566291, 1788720390.61424, 1788720390.6641593, 1788720390.7119164, 1788720390.7593248, 1788720390.8096907, 1788720390.8575017, 1788720390.908109, 1788720390.9558742, 1788720391.0026743, 1788720391.0550194, 1788720391.098937, 1788720391.1464448, 1788720391.1957154, 1788720391.2430947, 1788720391.2905838, 1788720391.3403623, 1788720391.387921, 1788720391.4378417, 1788720391.482783, 1788720391.531817, 1788720391.5786202, 1788720391.625607, 1788720391.6726649, 1788720391.723335]","[1, 1, 1, 1, 1, 1, 1, 1, 1, 1, 1, 1, 1, 1, 1, 1, 1, 1, 1, 1, 1, 1, 1, 1, 1, 1, 1, 1, 1, 1, 1, 1, 1, 1, 1, 1, 1, 1, 1, 1, 1, 1, 1, 1, 1, 1, 1, 1, 1, 1, 1, 1, 1, 1, 1, 1, 1, 1, 1, 1, 1, 1, 1, 1, 1, 1, 1, 1, 1, 1, 1, 1, 1, 1, 1, 1, 1, 1, 1, 1, 1, 1, 1, 1, 1, 1, 1, 1, 1, 1, 1, 1, 1, 1, 1, 1, 1, 1, 1, 1, 1, 1, 1, 1, 1, 1, 1, 1, 1, 1, 1, 1, 1, 1, 1, 1, 1, 1, 1, 1, 1, 1, 1, 1, 1, 1, 1, 1, 1, 1, 1, 1, 1, 1, 1, 1, 1, 1, 1, 1, 1, 1, 1, 1, 1, 1, 1, 1, 1, 1, 1, 1, 1, 1, 1, 1, 1, 1, 1, 1, 1, 1, 1, 1, 1, 1, 1, 1, 1, 1, 1, 1, 1, 1, 1, 1, 1, 1, 1, 1, 1, 1, 1, 1, 1, 1, 1, 1, 1, 1, 1, 1, 1, 1, 1, 1, 1, 1, 1, 1, 1, 1, 1, 1, 1, 1, 1, 1, 1, 1, 1, 1, 1, 1, 1, 1, 1, 1, 1, 1, 1, 1, 1, 1, 1, 1, 1, 1, 1, 1, 1, 1, 1, 1, 1, 1, 1, 1, 1, 1, 1, 1, 1, 1, 1, 1, 1, 1, 1, 1, 1, 1, 1, 1, 1, 1, 1, 1, 1, 1, 1, 1, 1, 1, 1, 1, 1, 1, 1, 1, 1, 1, 1, 1, 1, 1, 1, 1, 1, 1, 1, 1, 1, 1, 1, 1, 1, 1, 1, 1, 1, 1, 1, 1, 1, 1, 1, 1, 1, 1, 1, 1, 1, 1, 1, 1, 1, 1, 1, 1, 1, 1, 1, 1, 1, 1, 1, 1, 1, 1, 1, 1, 1, 1, 1, 1, 1, 1, 1, 1, 1, 1, 1, 1, 1, 1, 1, 1, 1, 1, 1, 1, 1, 1, 1, 1, 1, 1, 1, 1, 1, 1, 1, 1, 1, 1, 1, 1, 1, 1, 1, 1, 1, 1, 1, 1, 1, 1, 1, 1, 1, 1, 1, 1, 1, 1, 1, 1, 1, 1, 1]"
User-013,2,trace_0253,1788720391.8686736,streaming,22908,242,242,322,10,145.33631086349487,284.55291771888733,0.5776622691095122,15.0,0,True,,1788720107.3157196,1788720252.6520305,1788720391.8686373,"[1788720252.6520305, 1788720253.2167652, 1788720253.836195, 1788720254.4938388, 1788720255.1782608, 1788720255.8895726, 1788720256.6334631, 1788720257.4105408, 1788720258.043134, 1788720258.6251802, 1788720259.2593236, 1788720259.9262493, 1788720260.6221707, 1788720261.34616, 1788720262.100727, 1788720262.7626429, 1788720263.3382869, 1788720263.9709606, 1788720264.6322484, 1788720265.3253129, 1788720266.0451558, 1788720266.7936232, 1788720267.5787008, 1788720268.399057, 1788720269.1764035, 1788720269.7355938, 1788720270.3596625, 1788720271.026685, 1788720271.729491, 1788720272.4547732, 1788720273.2053173, 1788720273.7694848, 1788720274.3822074, 1788720275.028096, 1788720275.7048993, 1788720276.4147809, 1788720277.149713, 1788720277.9184856, 1788720278.7185216, 1788720279.3439965, 1788720279.922342, 1788720280.5623102, 1788720281.2333472, 1788720281.9335155, 1788720282.6593213, 1788720283.419406, 1788720284.213808, 1788720285.0360131, 1788720285.8926249, 1788720286.7854738, 1788720287.461225, 1788720288.0631814, 1788720288.7230585, 1788720289.4096334, 1788720290.1290996, 1788720290.8670855, 1788720291.6421387, 1788720292.4437573, 1788720293.073037, 1788720293.679024, 1788720294.3376076, 1788720295.0235653, 1788720295.7417257, 1788720296.4859464, 1788720297.261997, 1788720298.000795, 1788720298.5675313, 1788720299.1897259, 1788720299.8440204, 1788720300.5288785, 1788720301.2405741, 1788720301.9911427, 1788720302.6233542, 1788720303.2233317, 1788720303.853268, 1788720304.5393865, 1788720305.251853, 1788720305.9909053, 1788720306.7659698, 1788720307.565043, 1788720308.2768476, 1788720308.8440504, 1788720309.4798791, 1788720310.1308258, 1788720310.8209865, 1788720311.5375068, 1788720312.2835267, 1788720313.0650675, 1788720313.8723469, 1788720314.4870017, 1788720315.066863, 1788720315.7053325, 1788720316.3810527, 1788720317.0920293, 1788720317.8415623, 1788720318.6258383, 1788720319.4302173, 1788720320.2694194, 1788720321.128687, 1788720322.0269432, 1788720322.945225, 1788720323.6686337, 1788720324.2272851, 1788720324.8594253, 1788720325.5259297, 1788720326.2215624, 1788720326.9442253, 1788720327.7014034, 1788720328.4879107, 1788720329.3119636, 1788720330.1747773, 1788720331.0677073, 1788720331.9826324, 1788720332.7615943, 1788720333.3173213, 1788720333.9433339, 1788720334.604277, 1788720335.29466, 1788720336.01237, 1788720336.7039993, 1788720337.30499, 1788720337.9529483, 1788720338.628505, 1788720339.3302205, 1788720340.0625896, 1788720340.816445, 1788720341.6131284, 1788720342.428014, 1788720343.2734377, 1788720344.036014, 1788720344.600978, 1788720345.2250793, 1788720345.879799, 1788720346.5672967, 1788720347.2828398, 1788720348.0283785, 1788720348.8051724, 1788720349.624467, 1788720350.4826972, 1788720351.3639636, 1788720352.273475, 1788720353.012979, 1788720353.5781689, 1788720354.2084336, 1788720354.8707054, 1788720355.568152, 1788720356.284771, 1788720357.0352457, 1788720357.8175294, 1788720358.5099723, 1788720359.0860565, 1788720359.7117512, 1788720360.3732014, 1788720361.0637555, 1788720361.7811525, 1788720362.5324144, 1788720363.3162243, 1788720364.04978, 1788720364.617376, 1788720365.243351, 1788720365.8958318, 1788720366.6016984, 1788720367.2991242, 1788720368.0401025, 1788720368.820722, 1788720369.6325042, 1788720370.4762363, 1788720371.348105, 1788720372.2526572, 1788720372.8991191, 1788720373.4700568, 1788720374.1120248, 1788720374.8039062, 1788720375.5215518, 1788720376.1046576, 1788720376.7450016, 1788720377.4140327, 1788720378.106283, 1788720378.8272831, 1788720379.5778642, 1788720380.2055151, 1788720380.7660728, 1788720381.3849206, 1788720382.0214934, 1788720382.6963491, 1788720383.4075248, 1788720384.1376994, 1788720384.8994539, 1788720385.6990645, 1788720386.5281656, 1788720387.3880854, 1788720388.2840443, 1788720389.2045276, 1788720389.57267, 1788720389.586474, 1788720389.64175, 1788720389.691336, 1788720389.7399986, 1788720389.792501, 1788720389.839948, 1788720389.89312, 1788720389.938643, 1788720389.9850664, 1788720390.0374706, 1788720390.0861452, 1788720390.1365876, 1788720390.184788, 1788720390.235056, 1788720390.2802367, 1788720390.3282976, 1788720390.3779237, 1788720390.4266763, 1788720390.4754372, 1788720390.5254214, 1788720390.5711756, 1788720390.6205673, 1788720390.670387, 1788720390.718396, 1788720390.7656908, 1788720390.815954, 1788720390.8634083, 1788720390.9129128, 1788720390.962254, 1788720391.007938, 1788720391.0598564, 1788720391.1041129, 1788720391.152811, 1788720391.2018766, 1788720391.2494047, 1788720391.2967973, 1788720391.3465488, 1788720391.3938239, 1788720391.4435155, 1788720391.4879694, 1788720391.5381756, 1788720391.584919, 1788720391.6334202, 1788720391.6787994, 1788720391.7295856, 1788720391.7715535, 1788720391.8185174, 1788720391.8675833]","[1, 1, 1, 1, 1, 1, 1, 1, 1, 1, 1, 1, 1, 1, 1, 1, 1, 1, 1, 1, 1, 1, 1, 1, 1, 1, 1, 1, 1, 1, 1, 1, 1, 1, 1, 1, 1, 1, 1, 1, 1, 1, 1, 1, 1, 1, 1, 1, 1, 1, 1, 1, 1, 1, 1, 1, 1, 1, 1, 1, 1, 1, 1, 1, 1, 1, 1, 1, 1, 1, 1, 1, 1, 1, 1, 1, 1, 1, 1, 1, 1, 1, 1, 1, 1, 1, 1, 1, 1, 1, 1, 1, 1, 1, 1, 1, 1, 1, 1, 1, 1, 1, 1, 1, 1, 1, 1, 1, 1, 1, 1, 1, 1, 1, 1, 1, 1, 1, 1, 1, 1, 1, 1, 1, 1, 1, 1, 1, 1, 1, 1, 1, 1, 1, 1, 1, 1, 1, 1, 1, 1, 1, 1, 1, 1, 1, 1, 1, 1, 1, 1, 1, 1, 1, 1, 1, 1, 1, 1, 1, 1, 1, 1, 1, 1, 1, 1, 1, 1, 1, 1, 1, 1, 1, 1, 1, 1, 1, 1, 1, 1, 1, 1, 1, 1, 1, 1, 1, 1, 1, 1, 1, 1, 1, 1, 1, 1, 1, 1, 1, 1, 1, 1, 1, 1, 1, 1, 1, 1, 1, 1, 1, 1, 1, 1, 1, 1, 1, 1, 1, 1, 1, 1, 1, 1, 1, 1, 1, 1, 1, 1, 1, 1, 1, 1, 1, 1, 1, 1, 1, 1, 1]"
User-007,0,trace_0398,1788720391.8685296,streaming,13070,443,443,0,203,5.188138961791992,285.60954093933105,0.6344375610351562,0.0,0,True,,1788720106.2589521,1788720111.447091,1788720391.868493,"[1788720111.447091, 1788720112.0199664, 1788720112.6387959, 1788720113.293303, 1788720113.9791846, 1788720114.5770078, 1788720115.1540926, 1788720115.779994, 1788720116.436018, 1788720117.112146, 1788720117.6679497, 1788720118.27271, 1788720118.9078248, 1788720119.5751805, 1788720120.2720382, 1788720120.9903927, 1788720121.5423138, 1788720122.1467745, 1788720122.7823598, 1788720123.4472585, 1788720124.1445434, 1788720124.8729095, 1788720125.6323633, 1788720126.4234114, 1788720127.245066, 1788720128.0994592, 1788720128.983497, 1788720129.649285, 1788720130.2094083, 1788720130.8343828, 1788720131.4907467, 1788720132.1807659, 1788720132.8996677, 1788720133.6490192, 1788720134.430629, 1788720135.2734656, 1788720135.8197377, 1788720136.4190953, 1788720137.049949, 1788720137.7128644, 1788720138.408299, 1788720139.1330643, 1788720139.8886027, 1788720140.5530365, 1788720141.1173642, 1788720141.7359362, 1788720142.3879511, 1788720143.0708933, 1788720143.7850955, 1788720144.5294456, 1788720145.3052835, 1788720145.9993725, 1788720146.5631952, 1788720147.1777096, 1788720147.823315, 1788720148.4996982, 1788720149.2079737, 1788720149.946872, 1788720150.7157404, 1788720151.3659096, 1788720151.9374309, 1788720152.5560584, 1788720153.2083097, 1788720153.8912787, 1788720154.6063828, 1788720155.3512216, 1788720156.1282458, 1788720156.938686, 1788720157.7767417, 1788720158.382284, 1788720158.95532, 1788720159.5845964, 1788720160.2447438, 1788720160.9351606, 1788720161.6576362, 1788720162.4112756, 1788720163.1963906, 1788720164.011881, 1788720164.6557095, 1788720165.223702, 1788720165.8473065, 1788720166.5044193, 1788720167.1932187, 1788720167.9106076, 1788720168.659849, 1788720169.4235961, 1788720169.9767058, 1788720170.5853307, 1788720171.220927, 1788720171.8876042, 1788720172.5866854, 1788720173.3137598, 1788720173.999352, 1788720174.5642915, 1788720175.1823452, 1788720175.8281782, 1788720176.5047731, 1788720177.2143848, 1788720177.9529245, 1788720178.72091, 1788720179.5269978, 1788720180.0788789, 1788720180.6891687, 1788720181.326002, 1788720181.9939332, 1788720182.6955442, 1788720183.4248276, 1788720184.184308, 1788720184.8538866, 1788720185.4248054, 1788720186.0525918, 1788720186.7126594, 1788720187.392996, 1788720188.1099591, 1788720188.8534284, 1788720189.6092439, 1788720190.168453, 1788720190.781159, 1788720191.4224114, 1788720192.0938861, 1788720192.799062, 1788720193.5300426, 1788720194.293958, 1788720195.0891857, 1788720195.7437706, 1788720196.3204513, 1788720196.9520812, 1788720197.6118793, 1788720198.3156695, 1788720199.0489883, 1788720199.8122652, 1788720200.6107013, 1788720201.4349315, 1788720202.2870831, 1788720203.1669984, 1788720204.073402, 1788720204.8083096, 1788720205.3714986, 1788720205.9988835, 1788720206.6528566, 1788720207.3409605, 1788720208.057742, 1788720208.8062007, 1788720209.583463, 1788720210.3976, 1788720211.24217, 1788720212.1144755, 1788720212.9613974, 1788720213.50845, 1788720214.1255643, 1788720214.7739, 1788720215.4474468, 1788720216.1566637, 1788720216.8919334, 1788720217.6605544, 1788720218.4619315, 1788720219.2992847, 1788720220.1720374, 1788720221.0774376, 1788720222.0051022, 1788720222.7190557, 1788720223.2821443, 1788720223.9131067, 1788720224.5736313, 1788720225.2614682, 1788720225.9835114, 1788720226.731786, 1788720227.515152, 1788720228.3305585, 1788720229.1782327, 1788720230.0608456, 1788720230.9747024, 1788720231.918309, 1788720232.5425594, 1788720233.1141465, 1788720233.7533498, 1788720234.4223795, 1788720235.1218061, 1788720235.848475, 1788720236.6096244, 1788720237.4019427, 1788720238.2294173, 1788720238.8015249, 1788720239.442667, 1788720240.10383, 1788720240.7976222, 1788720241.5193822, 1788720242.2701473, 1788720243.0508943, 1788720243.8621736, 1788720244.699399, 1788720245.5683732, 1788720246.2758715, 1788720246.842262, 1788720247.4740353, 1788720248.1359098, 1788720248.8252327, 1788720249.546574, 1788720250.294064, 1788720251.0788035, 1788720251.8974335, 1788720252.6441827, 1788720253.2058144, 1788720253.8290308, 1788720254.4860108, 1788720255.170571, 1788720255.8816855, 1788720256.625483, 1788720257.4028502, 1788720258.0340044, 1788720258.6176827, 1788720259.2512608, 1788720259.9180305, 1788720260.6138809, 1788720261.3378618, 1788720262.0920172, 1788720262.7529862, 1788720263.329665, 1788720263.9624312, 1788720264.623682, 1788720265.3162563, 1788720266.035966, 1788720266.7847185, 1788720267.5700648, 1788720268.3906279, 1788720269.16468, 1788720269.7266874, 1788720270.3490343, 1788720271.017985, 1788720271.7203825, 1788720272.4462125, 1788720273.1970007, 1788720273.7580674, 1788720274.372589, 1788720275.0195122, 1788720275.6963847, 1788720276.4045677, 1788720277.1401215, 1788720277.9082525, 1788720278.709294, 1788720279.334116, 1788720279.9141939, 1788720280.5530107, 1788720281.2245328, 1788720281.925201, 1788720282.650472, 1788720283.4104724, 1788720284.2036757, 1788720285.0268955, 1788720285.8840215, 1788720286.7768593, 1788720287.4509585, 1788720288.0529053, 1788720288.7140272, 1788720289.4010277, 1788720290.1204493, 1788720290.858436, 1788720291.6321077, 1788720292.435561, 1788720293.0632524, 1788720293.6703994, 1788720294.3287256, 1788720295.0156822, 1788720295.732637, 1788720296.4775574, 1788720297.2521818, 1788720297.9908686, 1788720298.558526, 1788720299.1806455, 1788720299.8357809, 1788720300.520944, 1788720301.2325099, 1788720301.9741025, 1788720302.6140225, 1788720303.2187045, 1788720303.8450382, 1788720304.5296967, 1788720305.2419891, 1788720305.9815435, 1788720306.7560573, 1788720307.5547843, 1788720308.2669706, 1788720308.8347812, 1788720309.4702656, 1788720310.1214466, 1788720310.8117828, 1788720311.527865, 1788720312.2741568, 1788720313.0553155, 1788720313.8642123, 1788720314.4795604, 1788720315.0581796, 1788720315.6980062, 1788720316.3735375, 1788720317.082689, 1788720317.8347566, 1788720318.619719, 1788720319.4220011, 1788720320.2599401, 1788720321.1223884, 1788720322.019113, 1788720322.9386108, 1788720323.6587632, 1788720324.218522, 1788720324.850993, 1788720325.5171678, 1788720326.2127764, 1788720326.9354198, 1788720327.6922483, 1788720328.4798975, 1788720329.3027823, 1788720330.1682057, 1788720331.059707, 1788720331.974182, 1788720332.75328, 1788720333.3090053, 1788720333.9350488, 1788720334.5958374, 1788720335.2862964, 1788720336.0051062, 1788720336.6955197, 1788720337.2967424, 1788720337.944529, 1788720338.621172, 1788720339.3217058, 1788720340.0542169, 1788720340.8094716, 1788720341.6046386, 1788720342.4198549, 1788720343.265494, 1788720344.0275757, 1788720344.5927284, 1788720345.2170084, 1788720345.8721426, 1788720346.56033, 1788720347.2747676, 1788720348.0213077, 1788720348.8012354, 1788720349.61742, 1788720350.4744618, 1788720351.3572934, 1788720352.2650745, 1788720353.0057096, 1788720353.5704224, 1788720354.1996639, 1788720354.8629794, 1788720355.558872, 1788720356.2761414, 1788720357.0263464, 1788720357.8087704, 1788720358.5030751, 1788720359.0769033, 1788720359.703906, 1788720360.3633723, 1788720361.0547066, 1788720361.7725668, 1788720362.5230956, 1788720363.3083887, 1788720364.042244, 1788720364.6092725, 1788720365.2374718, 1788720365.886556, 1788720366.5944374, 1788720367.2892869, 1788720368.0315852, 1788720368.8109667, 1788720369.6227746, 1788720370.466542, 1788720371.339537, 1788720372.2440965, 1788720372.8883612, 1788720373.4625983, 1788720374.1025176, 1788720374.7939422, 1788720375.5098143, 1788720376.096372, 1788720376.7368577, 1788720377.4040465, 1788720378.097023, 1788720378.8180473, 1788720379.570809, 1788720380.1977117, 1788720380.7562952, 1788720381.3753386, 1788720382.0115821, 1788720382.6869957, 1788720383.394501, 1788720384.1277223, 1788720384.8911314, 1788720385.6887448, 1788720386.5177183, 1788720387.3794181, 1788720388.2741966, 1788720389.194651, 1788720389.5636537, 1788720389.5804017, 1788720389.6311913, 1788720389.681415, 1788720389.7310016, 1788720389.7837837, 1788720389.830776, 1788720389.885454, 1788720389.9288814, 1788720389.9778514, 1788720390.0280666, 1788720390.0767257, 1788720390.1260672, 1788720390.1763966, 1788720390.2257445, 1788720390.2731404, 1788720390.3205614, 1788720390.3691225, 1788720390.4191027, 1788720390.4670713, 1788720390.5155098, 1788720390.5637796, 1788720390.6117291, 1788720390.6616397, 1788720390.709277, 1788720390.7566533, 1788720390.8071587, 1788720390.855011, 1788720390.9058168, 1788720390.9533272, 1788720391.0002122, 1788720391.0521913, 1788720391.0968487, 1788720391.1443756, 1788720391.1937478, 1788720391.2409792, 1788720391.2885966, 1788720391.33829, 1788720391.3858836, 1788720391.4358566, 1788720391.4807682, 1788720391.5297492, 1788720391.576606, 1788720391.6233768, 1788720391.6706152, 1788720391.7208848, 1788720391.764423, 1788720391.8109515, 1788720391.860182]","[1, 1, 1, 1, 1, 1, 1, 1, 1, 1, 1, 1, 1, 1, 1, 1, 1, 1, 1, 1, 1, 1, 1, 1, 1, 1, 1, 1, 1, 1, 1, 1, 1, 1, 1, 1, 1, 1, 1, 1, 1, 1, 1, 1, 1, 1, 1, 1, 1, 1, 1, 1, 1, 1, 1, 1, 1, 1, 1, 1, 1, 1, 1, 1, 1, 1, 1, 1, 1, 1, 1, 1, 1, 1, 1, 1, 1, 1, 1, 1, 1, 1, 1, 1, 1, 1, 1, 1, 1, 1, 1, 1, 1, 1, 1, 1, 1, 1, 1, 1, 1, 1, 1, 1, 1, 1, 1, 1, 1, 1, 1, 1, 1, 1, 1, 1, 1, 1, 1, 1, 1, 1, 1, 1, 1, 1, 1, 1, 1, 1, 1, 1, 1, 1, 1, 1, 1, 1, 1, 1, 1, 1, 1, 1, 1, 1, 1, 1, 1, 1, 1, 1, 1, 1, 1, 1, 1, 1, 1, 1, 1, 1, 1, 1, 1, 1, 1, 1, 1, 1, 1, 1, 1, 1, 1, 1, 1, 1, 1, 1, 1, 1, 1, 1, 1, 1, 1, 1, 1, 1, 1, 1, 1, 1, 1, 1, 1, 1, 1, 1, 1, 1, 1, 1, 1, 1, 1, 1, 1, 1, 1, 1, 1, 1, 1, 1, 1, 1, 1, 1, 1, 1, 1, 1, 1, 1, 1, 1, 1, 1, 1, 1, 1, 1, 1, 1, 1, 1, 1, 1, 1, 1, 1, 1, 1, 1, 1, 1, 1, 1, 1, 1, 1, 1, 1, 1, 1, 1, 1, 1, 1, 1, 1, 1, 1, 1, 1, 1, 1, 1, 1, 1, 1, 1, 1, 1, 1, 1, 1, 1, 1, 1, 1, 1, 1, 1, 1, 1, 1, 1, 1, 1, 1, 1, 1, 1, 1, 1, 1, 1, 1, 1, 1, 1, 1, 1, 1, 1, 1, 1, 1, 1, 1, 1, 1, 1, 1, 1, 1, 1, 1, 1, 1, 1, 1, 1, 1, 1, 1, 1, 1, 1, 1, 1, 1, 1, 1, 1, 1, 1, 1, 1, 1, 1, 1, 1, 1, 1, 1, 1, 1, 1, 1, 1, 1, 1, 1, 1, 1, 1, 1, 1, 1, 1, 1, 1, 1, 1, 1, 1, 1, 1, 1, 1, 1, 1, 1, 1, 1, 1, 1, 1, 1, 1, 1, 1, 1, 1, 1, 1, 1, 1, 1, 1, 1, 1, 1, 1, 1, 1, 1, 1, 1, 1, 1, 1, 1, 1, 1, 1, 1, 1, 1, 1, 1, 1, 1, 1, 1, 1, 1, 1, 1, 1, 1, 1, 1, 1, 1, 1, 1, 1, 1, 1, 1, 1, 1, 1, 1, 1, 1, 1, 1]"
User-034,0,trace_0164,1788720393.0922303,streaming,17667,254,254,0,275,155.35760474205017,285.69584822654724,0.5151709228636248,0.0,0,True,,1788720107.3961859,1788720262.7537906,1788720393.092034,"[1788720262.7537906, 1788720263.3301623, 1788720263.9629476, 1788720264.6241856, 1788720265.3167522, 1788720266.0364647, 1788720266.7852168, 1788720267.570566, 1788720268.3911433, 1788720269.1651633, 1788720269.7272117, 1788720270.3497455, 1788720271.0184977, 1788720271.7208827, 1788720272.446714, 1788720273.1974878, 1788720273.758574, 1788720274.3731287, 1788720275.0200086, 1788720275.6968856, 1788720276.405071, 1788720277.1406403, 1788720277.908752, 1788720278.7097926, 1788720279.3348892, 1788720279.9147058, 1788720280.5535161, 1788720281.2250295, 1788720281.9257054, 1788720282.6509862, 1788720283.4109933, 1788720284.204212, 1788720285.0276167, 1788720285.8845456, 1788720286.777352, 1788720287.4514534, 1788720288.053434, 1788720288.7145271, 1788720289.4015868, 1788720290.1209917, 1788720290.8589551, 1788720291.6326087, 1788720292.43607, 1788720293.063737, 1788720293.6709745, 1788720294.329237, 1788720295.0161777, 1788720295.7331321, 1788720296.4780636, 1788720297.2526848, 1788720297.9913924, 1788720298.5590668, 1788720299.1811438, 1788720299.8362863, 1788720300.5214388, 1788720301.2330143, 1788720301.9745996, 1788720302.6145186, 1788720303.2189462, 1788720303.8455555, 1788720304.5301874, 1788720305.2425091, 1788720305.982087, 1788720306.7565503, 1788720307.5552664, 1788720308.2674782, 1788720308.8353176, 1788720309.4708242, 1788720310.1222272, 1788720310.8122818, 1788720311.528624, 1788720312.274684, 1788720313.055823, 1788720313.8649657, 1788720314.480056, 1788720315.0586588, 1788720315.6984859, 1788720316.3740592, 1788720317.083203, 1788720317.8352387, 1788720318.6202626, 1788720319.4224908, 1788720320.2604325, 1788720321.122938, 1788720322.0195959, 1788720322.9391162, 1788720323.659273, 1788720324.2190595, 1788720324.8515213, 1788720325.5176768, 1788720326.2133024, 1788720326.935912, 1788720327.6927936, 1788720328.480392, 1788720329.3033152, 1788720330.1686099, 1788720331.0602434, 1788720331.9748466, 1788720332.7537887, 1788720333.3095148, 1788720333.9356425, 1788720334.5963502, 1788720335.2868223, 1788720336.0056043, 1788720336.6960123, 1788720337.2974224, 1788720337.9450507, 1788720338.6217241, 1788720339.3222315, 1788720340.0547807, 1788720340.810005, 1788720341.6051407, 1788720342.4203577, 1788720343.2659812, 1788720344.0280576, 1788720344.593223, 1788720345.2175202, 1788720345.8726444, 1788720346.5610468, 1788720347.2752726, 1788720348.0218248, 1788720348.8014905, 1788720349.6179328, 1788720350.474973, 1788720351.3577833, 1788720352.2655642, 1788720353.006199, 1788720353.5730515, 1788720354.2004347, 1788720354.8634813, 1788720355.5593877, 1788720356.2766638, 1788720357.026884, 1788720357.809273, 1788720358.5035605, 1788720359.0776107, 1788720359.7044127, 1788720360.363896, 1788720361.0552707, 1788720361.7730744, 1788720362.5236087, 1788720363.3091161, 1788720364.042725, 1788720364.6097977, 1788720365.2380133, 1788720365.8870885, 1788720366.5949469, 1788720367.2897892, 1788720368.0321352, 1788720368.8115213, 1788720369.623276, 1788720370.467105, 1788720371.340045, 1788720372.2446048, 1788720372.8888566, 1788720373.4631834, 1788720374.1030395, 1788720374.7944899, 1788720375.5102882, 1788720376.0968714, 1788720376.7373607, 1788720377.4045455, 1788720378.0975208, 1788720378.8185523, 1788720379.5713198, 1788720380.1982095, 1788720380.7567952, 1788720381.3758807, 1788720382.0121062, 1788720382.6875365, 1788720383.3950531, 1788720384.1282556, 1788720384.8916252, 1788720385.6895955, 1788720386.5182297, 1788720387.3799503, 1788720388.2748837, 1788720389.1951823, 1788720389.56416, 1788720389.58063, 1788720389.6318636, 1788720389.681925, 1788720389.7315059, 1788720389.7842932, 1788720389.831284, 1788720389.8859649, 1788720389.9294097, 1788720389.9783537, 1788720390.0285618, 1788720390.07724, 1788720390.1265912, 1788720390.1769152, 1788720390.2262335, 1788720390.2736442, 1788720390.3210602, 1788720390.3696134, 1788720390.4196215, 1788720390.46757, 1788720390.5160172, 1788720390.56429, 1788720390.612225, 1788720390.6621296, 1788720390.7098033, 1788720390.7571971, 1788720390.8076477, 1788720390.8555112, 1788720390.9063077, 1788720390.9538238, 1788720391.000707, 1788720391.052683, 1788720391.0973523, 1788720391.1448853, 1788720391.1942403, 1788720391.2414992, 1788720391.2890868, 1788720391.3388162, 1788720391.3863773, 1788720391.4363577, 1788720391.4812665, 1788720391.5302393, 1788720391.5770955, 1788720391.6240635, 1788720391.671154, 1788720391.7217612, 1788720391.764914, 1788720391.8114457, 1788720391.8609195, 1788720391.902441, 1788720391.9475818, 1788720391.9928975, 1788720392.037837, 1788720392.083508, 1788720392.1291392, 1788720392.174626, 1788720392.219887, 1788720392.265534, 1788720392.3108666, 1788720392.3560092, 1788720392.4034178, 1788720392.4465404, 1788720392.4925053, 1788720392.5374374, 1788720392.583305, 1788720392.628158, 1788720392.6735072, 1788720392.7194273, 1788720392.764441, 1788720392.8116477, 1788720392.8562047, 1788720392.9013548, 1788720392.947235, 1788720392.9926827, 1788720393.063642, 1788720393.084659]","[1, 1, 1, 1, 1, 1, 1, 1, 1, 1, 1, 1, 1, 1, 1, 1, 1, 1, 1, 1, 1, 1, 1, 1, 1, 1, 1, 1, 1, 1, 1, 1, 1, 1, 1, 1, 1, 1, 1, 1, 1, 1, 1, 1, 1, 1, 1, 1, 1, 1, 1, 1, 1, 1, 1, 1, 1, 1, 1, 1, 1, 1, 1, 1, 1, 1, 1, 1, 1, 1, 1, 1, 1, 1, 1, 1, 1, 1, 1, 1, 1, 1, 1, 1, 1, 1, 1, 1, 1, 1, 1, 1, 1, 1, 1, 1, 1, 1, 1, 1, 1, 1, 1, 1, 1, 1, 1, 1, 1, 1, 1, 1, 1, 1, 1, 1, 1, 1, 1, 1, 1, 1, 1, 1, 1, 1, 1, 1, 1, 1, 1, 1, 1, 1, 1, 1, 1, 1, 1, 1, 1, 1, 1, 1, 1, 1, 1, 1, 1, 1, 1, 1, 1, 1, 1, 1, 1, 1, 1, 1, 1, 1, 1, 1, 1, 1, 1, 1, 1, 1, 1, 1, 1, 1, 1, 1, 1, 1, 1, 1, 1, 1, 1, 1, 1, 1, 1, 1, 1, 1, 1, 1, 1, 1, 1, 1, 1, 1, 1, 1, 1, 1, 1, 1, 1, 1, 1, 1, 1, 1, 1, 1, 1, 1, 1, 1, 1, 1, 1, 1, 1, 1, 1, 1, 1, 1, 1, 1, 1, 1, 1, 1, 1, 1, 1, 1, 1, 1, 1, 1, 1, 1, 1, 1, 1, 1, 1, 1, 1, 1, 1, 1, 1, 1]"
User-015,7,trace_0687,1788720399.4916089,streaming,31527,309,309,480,7,125.37857913970947,292.3287489414215,0.5420460058497144,11.0,0,True,,1788720107.1627896,1788720232.5413687,1788720399.4915385,"[1788720232.5413687, 1788720233.1129928, 1788720233.7522135, 1788720234.4212062, 1788720235.12065, 1788720235.8473024, 1788720236.6084912, 1788720237.4007926, 1788720238.2283764, 1788720238.8003569, 1788720239.4379537, 1788720240.102621, 1788720240.7964962, 1788720241.518698, 1788720242.2690816, 1788720243.0496337, 1788720243.8611133, 1788720244.6982994, 1788720245.5672536, 1788720246.2746232, 1788720246.841127, 1788720247.4729064, 1788720248.134684, 1788720248.824107, 1788720249.5454364, 1788720250.2929204, 1788720251.0776298, 1788720251.8962045, 1788720252.6431575, 1788720253.2046506, 1788720253.8278298, 1788720254.484857, 1788720255.169399, 1788720255.8805165, 1788720256.6242712, 1788720257.4016726, 1788720258.0328264, 1788720258.6139207, 1788720259.2500794, 1788720259.9168813, 1788720260.612692, 1788720261.3367162, 1788720262.0908763, 1788720262.7518091, 1788720263.3284762, 1788720263.961247, 1788720264.6224585, 1788720265.3151193, 1788720266.034781, 1788720266.7835245, 1788720267.5689025, 1788720268.3894386, 1788720269.1634986, 1788720269.7254748, 1788720270.3479674, 1788720271.0168357, 1788720271.7192173, 1788720272.4450624, 1788720273.195836, 1788720273.7568977, 1788720274.371499, 1788720275.018348, 1788720275.695205, 1788720276.4034138, 1788720277.138956, 1788720277.9070942, 1788720278.7081275, 1788720279.330442, 1788720279.9125314, 1788720280.5513537, 1788720281.2228768, 1788720281.923546, 1788720282.6488218, 1788720283.4088237, 1788720284.2019765, 1788720285.0252697, 1788720285.881978, 1788720286.7751865, 1788720287.4491842, 1788720288.0512357, 1788720288.712352, 1788720289.39752, 1788720290.118544, 1788720290.8567576, 1788720291.63041, 1788720292.4338617, 1788720293.0615106, 1788720293.6686916, 1788720294.327005, 1788720295.0139835, 1788720295.7309453, 1788720296.4760199, 1788720297.250428, 1788720297.989053, 1788720298.5568635, 1788720299.178968, 1788720299.8341117, 1788720300.5192773, 1788720301.230925, 1788720301.9724252, 1788720302.6121936, 1788720303.2179735, 1788720303.8433654, 1788720304.5281475, 1788720305.2401984, 1788720305.979627, 1788720306.754472, 1788720307.5531392, 1788720308.2649715, 1788720308.8327184, 1788720309.4680996, 1788720310.119515, 1788720310.8101535, 1788720311.5262988, 1788720312.2722468, 1788720313.0535684, 1788720313.8616378, 1788720314.4766903, 1788720315.0559275, 1788720315.6959093, 1788720316.3712564, 1788720317.0806112, 1788720317.8326008, 1788720318.6135817, 1788720319.4197237, 1788720320.2576203, 1788720321.1203165, 1788720322.0170035, 1788720322.9364815, 1788720323.6566334, 1788720324.21603, 1788720324.8487694, 1788720325.5149355, 1788720326.2105389, 1788720326.9330578, 1788720327.6896584, 1788720328.4776068, 1788720329.2970164, 1788720330.165935, 1788720331.0571513, 1788720331.971893, 1788720332.7510784, 1788720333.3069046, 1788720333.9329252, 1788720334.5933115, 1788720335.284226, 1788720336.0031085, 1788720336.6933746, 1788720337.294619, 1788720337.942264, 1788720338.61896, 1788720339.3195221, 1788720340.0517478, 1788720340.8074186, 1788720341.602306, 1788720342.4177825, 1788720343.263451, 1788720344.0254977, 1788720344.5906878, 1788720345.2146833, 1788720345.8700428, 1788720346.5582325, 1788720347.2724838, 1788720348.0189035, 1788720348.8000238, 1788720349.6156528, 1788720350.4725592, 1788720351.3557773, 1788720352.2635355, 1788720353.0041463, 1788720353.5686595, 1788720354.1980581, 1788720354.8614173, 1788720355.5570226, 1788720356.2742896, 1788720357.024791, 1788720357.8072028, 1788720358.5015442, 1788720359.0753534, 1788720359.7023454, 1788720360.3618217, 1788720361.0529063, 1788720361.771031, 1788720362.5214975, 1788720363.3068466, 1788720364.0407343, 1788720364.6076858, 1788720365.2299097, 1788720365.8847542, 1788720366.5929353, 1788720367.2877502, 1788720368.0300524, 1788720368.8093524, 1788720369.6212156, 1788720370.4649394, 1788720371.3379583, 1788720372.2422996, 1788720372.8867266, 1788720373.460907, 1788720374.1009672, 1788720374.7922895, 1788720375.5073273, 1788720376.0946112, 1788720376.7345836, 1788720377.4019253, 1788720378.0948803, 1788720378.8160422, 1788720379.568714, 1788720380.1954148, 1788720380.7538226, 1788720381.3727856, 1788720382.0090978, 1788720382.6845195, 1788720383.3922513, 1788720384.1255732, 1788720384.8888192, 1788720385.6866078, 1788720386.5155954, 1788720387.3769162, 1788720388.268745, 1788720389.1925845, 1788720389.5615382, 1788720389.5794888, 1788720389.6289823, 1788720389.6793492, 1788720389.728957, 1788720389.7786908, 1788720389.8281567, 1788720389.8826513, 1788720389.927345, 1788720389.9761677, 1788720390.0262759, 1788720390.0750086, 1788720390.1240635, 1788720390.1748488, 1788720390.2239435, 1788720390.271333, 1788720390.3190522, 1788720390.3672917, 1788720390.41722, 1788720390.465198, 1788720390.5133529, 1788720390.5618892, 1788720390.6098514, 1788720390.6597795, 1788720390.7078633, 1788720390.7543993, 1788720390.8052626, 1788720390.853155, 1788720390.901952, 1788720390.9511824, 1788720390.9983425, 1788720391.0503573, 1788720391.094799, 1788720391.142325, 1788720391.1918707, 1788720391.238897, 1788720391.2866607, 1788720391.3362308, 1788720391.3843858, 1788720391.4339368, 1788720391.4788954, 1788720391.528255, 1788720391.5747876, 1788720391.6214514, 1788720391.6685722, 1788720391.7191937, 1788720391.762532, 1788720391.809099, 1788720391.858606, 1788720391.9008956, 1788720391.9460013, 1788720391.9909852, 1788720392.0362606, 1788720392.08165, 1788720392.127116, 1788720392.172578, 1788720392.2180185, 1788720392.2637634, 1788720392.308701, 1788720392.3540504, 1788720392.401359, 1788720392.4450283, 1788720392.4903119, 1788720392.53559, 1788720392.581155, 1788720392.6260152, 1788720392.6716151, 1788720392.7175817, 1788720392.762606, 1788720392.8097742, 1788720392.8545885, 1788720392.8992307, 1788720392.9454584, 1788720392.9911718, 1788720393.0628366, 1788720393.0831134, 1788720393.1340604, 1788720393.1742651, 1788720393.2180934, 1788720393.7993104, 1788720394.4099452, 1788720395.0534928, 1788720395.7279682, 1788720396.4302263, 1788720397.1622806, 1788720397.9291587, 1788720398.7262464, 1788720399.4806132]","[1, 1, 1, 1, 1, 1, 1, 1, 1, 1, 1, 1, 1, 1, 1, 1, 1, 1, 1, 1, 1, 1, 1, 1, 1, 1, 1, 1, 1, 1, 1, 1, 1, 1, 1, 1, 1, 1, 1, 1, 1, 1, 1, 1, 1, 1, 1, 1, 1, 1, 1, 1, 1, 1, 1, 1, 1, 1, 1, 1, 1, 1, 1, 1, 1, 1, 1, 1, 1, 1, 1, 1, 1, 1, 1, 1, 1, 1, 1, 1, 1, 1, 1, 1, 1, 1, 1, 1, 1, 1, 1, 1, 1, 1, 1, 1, 1, 1, 1, 1, 1, 1, 1, 1, 1, 1, 1, 1, 1, 1, 1, 1, 1, 1, 1, 1, 1, 1, 1, 1, 1, 1, 1, 1, 1, 1, 1, 1, 1, 1, 1, 1, 1, 1, 1, 1, 1, 1, 1, 1, 1, 1, 1, 1, 1, 1, 1, 1, 1, 1, 1, 1, 1, 1, 1, 1, 1, 1, 1, 1, 1, 1, 1, 1, 1, 1, 1, 1, 1, 1, 1, 1, 1, 1, 1, 1, 1, 1, 1, 1, 1, 1, 1, 1, 1, 1, 1, 1, 1, 1, 1, 1, 1, 1, 1, 1, 1, 1, 1, 1, 1, 1, 1, 1, 1, 1, 1, 1, 1, 1, 1, 1, 1, 1, 1, 1, 1, 1, 1, 1, 1, 1, 1, 1, 1, 1, 1, 1, 1, 1, 1, 1, 1, 1, 1, 1, 1, 1, 1, 1, 1, 1, 1, 1, 1, 1, 1, 1, 1, 1, 1, 1, 1, 1, 1, 1, 1, 1, 1, 1, 1, 1, 1, 1, 1, 1, 1, 1, 1, 1, 1, 1, 1, 1, 1, 1, 1, 1, 1, 1, 1, 1, 1, 1, 1, 1, 1, 1, 1, 1, 1, 1, 1, 1, 1, 1, 1, 1, 1, 1, 1, 1, 1, 1, 1, 1, 1, 1, 1]"
User-047,0,trace_0228,1788720413.3762982,streaming,16845,122,122,0,262,25.224704265594482,58.39736032485962,0.27415418230797634,0.0,0,True,,1788720354.978878,1788720380.2035823,1788720413.3762383,"[1788720380.2035823, 1788720380.7620623, 1788720381.3808694, 1788720382.0174382, 1788720382.6928346, 1788720383.3998687, 1788720384.1336658, 1788720384.896491, 1788720385.6950889, 1788720386.5241191, 1788720387.385275, 1788720388.280829, 1788720389.2005076, 1788720389.569417, 1788720389.5831068, 1788720389.6372106, 1788720389.6871822, 1788720389.7365088, 1788720389.7896724, 1788720389.8365576, 1788720389.8909743, 1788720389.9346554, 1788720389.9833093, 1788720390.0335016, 1788720390.082176, 1788720390.1342742, 1788720390.1817832, 1788720390.2310495, 1788720390.2776577, 1788720390.3254545, 1788720390.37366, 1788720390.4234912, 1788720390.4715593, 1788720390.5231206, 1788720390.5679955, 1788720390.6162732, 1788720390.6661425, 1788720390.713994, 1788720390.7613807, 1788720390.8117096, 1788720390.8595047, 1788720390.9096515, 1788720390.9579082, 1788720391.004673, 1788720391.056589, 1788720391.1009667, 1788720391.1485324, 1788720391.1976635, 1788720391.2451127, 1788720391.2926168, 1788720391.3423398, 1788720391.3899047, 1788720391.4398296, 1788720391.484782, 1788720391.5339377, 1788720391.5806239, 1788720391.6291273, 1788720391.6746194, 1788720391.7255743, 1788720391.767888, 1788720391.8143814, 1788720391.8639052, 1788720391.905426, 1788720391.950561, 1788720391.9962974, 1788720392.0412958, 1788720392.0864997, 1788720392.132445, 1788720392.177665, 1788720392.222844, 1788720392.2685473, 1788720392.313866, 1788720392.3593075, 1788720392.4065537, 1788720392.4489381, 1788720392.4955723, 1788720392.5404344, 1788720392.5863957, 1788720392.6312127, 1788720392.6764898, 1788720392.7223876, 1788720392.7674356, 1788720392.8149326, 1788720392.8592277, 1788720392.9044247, 1788720392.9494781, 1788720392.9955575, 1788720393.065153, 1788720393.0877843, 1788720393.1384392, 1788720393.1786199, 1788720393.222413, 1788720393.8035197, 1788720394.4141808, 1788720395.0577528, 1788720395.7325218, 1788720396.434724, 1788720397.1665514, 1788720397.9335222, 1788720398.7304807, 1788720399.4861374, 1788720400.064383, 1788720400.7033157, 1788720401.3733685, 1788720402.0674655, 1788720402.7892687, 1788720403.5418715, 1788720404.3200552, 1788720405.131875, 1788720405.6899767, 1788720406.304002, 1788720406.948441, 1788720407.6270897, 1788720408.3346293, 1788720408.985621, 1788720409.562298, 1788720410.1918252, 1788720410.8522289, 1788720411.538445, 1788720412.149214, 1788720412.7315767, 1788720413.370872]","[1, 1, 1, 1, 1, 1, 1, 1, 1, 1, 1, 1, 1, 1, 1, 1, 1, 1, 1, 1, 1, 1, 1, 1, 1, 1, 1, 1, 1, 1, 1, 1, 1, 1, 1, 1, 1, 1, 1, 1, 1, 1, 1, 1, 1, 1, 1, 1, 1, 1, 1, 1, 1, 1, 1, 1, 1, 1, 1, 1, 1, 1, 1, 1, 1, 1, 1, 1, 1, 1, 1, 1, 1, 1, 1, 1, 1, 1, 1, 1, 1, 1, 1, 1, 1, 1, 1, 1, 1, 1, 1, 1, 1, 1, 1, 1, 1, 1, 1, 1, 1, 1, 1, 1, 1, 1, 1, 1, 1, 1, 1, 1, 1, 1, 1, 1, 1, 1, 1, 1, 1, 1]"
User-020,1,trace_0108,1788720422.4646974,streaming,19881,166,166,258,52,24.10464906692505,88.06167459487915,0.38761833653305516,12.0,0,True,,1788720334.4029217,1788720358.5075707,1788720422.4645963,"[1788720358.5075707, 1788720359.081085, 1788720359.708003, 1788720360.3692975, 1788720361.058798, 1788720361.7767563, 1788720362.527488, 1788720363.312407, 1788720364.0472877, 1788720364.6134825, 1788720365.2409642, 1788720365.8910422, 1788720366.599205, 1788720367.294045, 1788720368.036279, 1788720368.815771, 1788720369.627474, 1788720370.47184, 1788720371.3442934, 1788720372.2487106, 1788720372.8931909, 1788720373.4674466, 1788720374.1075032, 1788720374.7987769, 1788720375.5169106, 1788720376.1011379, 1788720376.7417135, 1788720377.4094229, 1788720378.1018093, 1788720378.8227875, 1788720379.5756173, 1788720380.2022188, 1788720380.7610602, 1788720381.3798413, 1788720382.0164394, 1788720382.6918445, 1788720383.398637, 1788720384.1326501, 1788720384.8956785, 1788720385.6940744, 1788720386.5231, 1788720387.3842766, 1788720388.2798095, 1788720389.1995099, 1788720389.5684257, 1788720389.5825934, 1788720389.6362092, 1788720389.686176, 1788720389.7355223, 1788720389.7886739, 1788720389.8355618, 1788720389.8899596, 1788720389.9336605, 1788720389.9826317, 1788720390.0325198, 1788720390.081191, 1788720390.1305833, 1788720390.181018, 1788720390.2300153, 1788720390.2766764, 1788720390.3244743, 1788720390.3726566, 1788720390.4226198, 1788720390.4705439, 1788720390.5219967, 1788720390.5672543, 1788720390.6152709, 1788720390.6651423, 1788720390.7129707, 1788720390.7603538, 1788720390.8107088, 1788720390.8584898, 1788720390.9088457, 1788720390.9568872, 1788720391.0036793, 1788720391.0558095, 1788720391.0999513, 1788720391.1475294, 1788720391.1966858, 1788720391.2441, 1788720391.2916095, 1788720391.3413594, 1788720391.388916, 1788720391.4388287, 1788720391.4837914, 1788720391.5328062, 1788720391.5796244, 1788720391.6266232, 1788720391.6736443, 1788720391.7245817, 1788720391.766904, 1788720391.8134031, 1788720391.8629096, 1788720391.9044478, 1788720391.949572, 1788720391.9951131, 1788720392.0402777, 1788720392.0854864, 1788720392.1313443, 1788720392.1766481, 1788720392.22185, 1788720392.2675552, 1788720392.3128788, 1788720392.3582757, 1788720392.4055114, 1788720392.4481797, 1788720392.4945343, 1788720392.5394166, 1788720392.585359, 1788720392.6301951, 1788720392.6755006, 1788720392.721407, 1788720392.7663832, 1788720392.813932, 1788720392.8582268, 1788720392.9034033, 1788720392.9487422, 1788720392.9946926, 1788720393.0646489, 1788720393.0869973, 1788720393.1374674, 1788720393.177316, 1788720393.2211835, 1788720393.80252, 1788720394.4131713, 1788720395.0567174, 1788720395.7314503, 1788720396.4336925, 1788720397.1655588, 1788720397.9324965, 1788720398.7294633, 1788720399.4848635, 1788720400.0633686, 1788720400.702292, 1788720401.3723702, 1788720402.0666656, 1788720402.78824, 1788720403.5408473, 1788720404.3193002, 1788720405.1308887, 1788720405.6889775, 1788720406.3030095, 1788720406.9474185, 1788720407.6260002, 1788720408.3335547, 1788720408.9845908, 1788720409.5613005, 1788720410.1909704, 1788720410.8512511, 1788720411.5374744, 1788720412.1482294, 1788720412.7306607, 1788720413.3698773, 1788720414.0502028, 1788720414.761935, 1788720415.498677, 1788720416.2674444, 1788720417.0677536, 1788720417.706139, 1788720418.2857325, 1788720418.9223368, 1788720419.592563, 1788720420.2907486, 1788720421.018767, 1788720421.7746, 1788720422.457364]","[1, 1, 1, 1, 1, 1, 1, 1, 1, 1, 1, 1, 1, 1, 1, 1, 1, 1, 1, 1, 1, 1, 1, 1, 1, 1, 1, 1, 1, 1, 1, 1, 1, 1, 1, 1, 1, 1, 1, 1, 1, 1, 1, 1, 1, 1, 1, 1, 1, 1, 1, 1, 1, 1, 1, 1, 1, 1, 1, 1, 1, 1, 1, 1, 1, 1, 1, 1, 1, 1, 1, 1, 1, 1, 1, 1, 1, 1, 1, 1, 1, 1, 1, 1, 1, 1, 1, 1, 1, 1, 1, 1, 1, 1, 1, 1, 1, 1, 1, 1, 1, 1, 1, 1, 1, 1, 1, 1, 1, 1, 1, 1, 1, 1, 1, 1, 1, 1, 1, 1, 1, 1, 1, 1, 1, 1, 1, 1, 1, 1, 1, 1, 1, 1, 1, 1, 1, 1, 1, 1, 1, 1, 1, 1, 1, 1, 1, 1, 1, 1, 1, 1, 1, 1, 1, 1, 1, 1, 1, 1, 1, 1, 1, 1, 1, 1]"
User-025,7,trace_0588,1788720424.3899434,streaming,30380,125,125,468,1,10.63838005065918,45.45598363876343,0.2807871257105181,7.0,0,True,,1788720378.9338315,1788720389.5722115,1788720424.389815,"[1788720389.5722115, 1788720389.5857244, 1788720389.6407409, 1788720389.6906805, 1788720389.7395566, 1788720389.792044, 1788720389.8395085, 1788720389.8926725, 1788720389.9376597, 1788720389.9846184, 1788720390.0364816, 1788720390.0851464, 1788720390.1361172, 1788720390.1840591, 1788720390.2340572, 1788720390.2797973, 1788720390.3278656, 1788720390.3769457, 1788720390.4259355, 1788720390.4748282, 1788720390.5249307, 1788720390.5704272, 1788720390.6195524, 1788720390.6693895, 1788720390.7173653, 1788720390.7646554, 1788720390.8149643, 1788720390.8627534, 1788720390.9121747, 1788720390.9612572, 1788720391.0074975, 1788720391.0591204, 1788720391.1036472, 1788720391.1518257, 1788720391.2008383, 1788720391.248408, 1788720391.2957706, 1788720391.345549, 1788720391.392846, 1788720391.4430096, 1788720391.4875202, 1788720391.537196, 1788720391.5839248, 1788720391.632237, 1788720391.6777735, 1788720391.7285755, 1788720391.7710743, 1788720391.817517, 1788720391.86714, 1788720391.9087024, 1788720391.9537375, 1788720392.002325, 1788720392.044334, 1788720392.0894897, 1788720392.1354861, 1788720392.1810696, 1788720392.2257912, 1788720392.2715325, 1788720392.3168497, 1788720392.3622832, 1788720392.4095964, 1788720392.4513242, 1788720392.4986265, 1788720392.543383, 1788720392.5894222, 1788720392.6344285, 1788720392.6794393, 1788720392.7255547, 1788720392.770368, 1788720392.81792, 1788720392.8623424, 1788720392.9074335, 1788720392.9516969, 1788720392.9979348, 1788720393.066631, 1788720393.0902774, 1788720393.1413686, 1788720393.181848, 1788720393.2254949, 1788720393.80651, 1788720394.4171755, 1788720395.060733, 1788720395.7354398, 1788720396.437823, 1788720397.1695855, 1788720397.936619, 1788720398.732924, 1788720399.489383, 1788720400.0674052, 1788720400.7062519, 1788720401.3763483, 1788720402.0698674, 1788720402.7922504, 1788720403.5440502, 1788720404.3222663, 1788720405.1349168, 1788720405.6930132, 1788720406.3070016, 1788720406.9513776, 1788720407.629978, 1788720408.3378165, 1788720408.9896924, 1788720409.5662942, 1788720410.1946175, 1788720410.8555548, 1788720411.5418694, 1788720412.1519651, 1788720412.7341716, 1788720413.374589, 1788720414.0534492, 1788720414.7659378, 1788720415.5026932, 1788720416.2714565, 1788720417.0717225, 1788720417.7092383, 1788720418.2893996, 1788720418.926258, 1788720419.5960338, 1788720420.294769, 1788720421.0220852, 1788720421.7779725, 1788720422.4632268, 1788720423.0597525, 1788720423.707101, 1788720424.387692]","[1, 1, 1, 1, 1, 1, 1, 1, 1, 1, 1, 1, 1, 1, 1, 1, 1, 1, 1, 1, 1, 1, 1, 1, 1, 1, 1, 1, 1, 1, 1, 1, 1, 1, 1, 1, 1, 1, 1, 1, 1, 1, 1, 1, 1, 1, 1, 1, 1, 1, 1, 1, 1, 1, 1, 1, 1, 1, 1, 1, 1, 1, 1, 1, 1, 1, 1, 1, 1, 1, 1, 1, 1, 1, 1, 1, 1, 1, 1, 1, 1, 1, 1, 1, 1, 1, 1, 1, 1, 1, 1, 1, 1, 1, 1, 1, 1, 1, 1, 1, 1, 1, 1, 1, 1, 1, 1, 1, 1, 1, 1, 1, 1, 1, 1, 1, 1, 1, 1, 1, 1, 1, 1, 1, 1]"
User-046,0,trace_0334,1788720432.2855208,streaming,11962,156,156,0,186,26.71216893196106,83.48872208595276,0.36630034292897873,0.0,0,True,,1788720348.796673,1788720375.508842,1788720432.2853951,"[1788720375.508842, 1788720376.0954397, 1788720376.7358122, 1788720377.4030228, 1788720378.095977, 1788720378.817066, 1788720379.569775, 1788720380.1966884, 1788720380.7552445, 1788720381.3738544, 1788720382.0104897, 1788720382.685904, 1788720383.3934197, 1788720384.126652, 1788720384.8898351, 1788720385.6876943, 1788720386.516648, 1788720387.3779705, 1788720388.2698126, 1788720389.1936307, 1788720389.562573, 1788720389.579944, 1788720389.6300945, 1788720389.6804128, 1788720389.7299652, 1788720389.7827435, 1788720389.8297458, 1788720389.883698, 1788720389.9283733, 1788720389.977339, 1788720390.0275586, 1788720390.075998, 1788720390.1252944, 1788720390.1758795, 1788720390.225224, 1788720390.2723997, 1788720390.3200564, 1788720390.3686287, 1788720390.41859, 1788720390.4665377, 1788720390.5149698, 1788720390.5632699, 1788720390.6112392, 1788720390.661136, 1788720390.7088711, 1788720390.7561202, 1788720390.8065968, 1788720390.8544729, 1788720390.905287, 1788720390.9528034, 1788720390.9997213, 1788720391.0516946, 1788720391.096351, 1788720391.1436894, 1788720391.1932526, 1788720391.240271, 1788720391.2880993, 1788720391.3377893, 1788720391.3853927, 1788720391.4353564, 1788720391.4802673, 1788720391.529255, 1788720391.5761197, 1788720391.6229253, 1788720391.6701152, 1788720391.7203767, 1788720391.7639272, 1788720391.8104272, 1788720391.859665, 1788720391.9019337, 1788720391.9470692, 1788720391.9923992, 1788720392.0373237, 1788720392.0830135, 1788720392.1286204, 1788720392.174114, 1788720392.2193859, 1788720392.2650223, 1788720392.310328, 1788720392.3554845, 1788720392.4028547, 1788720392.4460406, 1788720392.4919415, 1788720392.5369465, 1788720392.5827897, 1788720392.6274226, 1788720392.6730092, 1788720392.7189221, 1788720392.7639563, 1788720392.8111546, 1788720392.8556824, 1788720392.9006093, 1788720392.9464798, 1788720392.9921815, 1788720393.0633886, 1788720393.0841174, 1788720393.1354523, 1788720393.1753116, 1788720393.2191432, 1788720393.800336, 1788720394.4110093, 1788720395.0545094, 1788720395.729295, 1788720396.4315577, 1788720397.163351, 1788720397.930413, 1788720398.7272906, 1788720399.4819944, 1788720400.0606368, 1788720400.699533, 1788720401.3696382, 1788720402.0644975, 1788720402.7855296, 1788720403.537936, 1788720404.316662, 1788720405.1268039, 1788720405.6857502, 1788720406.2997677, 1788720406.9441469, 1788720407.622497, 1788720408.3294396, 1788720408.981464, 1788720409.5580113, 1788720410.1860685, 1788720410.8482103, 1788720411.5343027, 1788720412.1453276, 1788720412.7275932, 1788720413.3667886, 1788720414.04714, 1788720414.7586274, 1788720415.4952784, 1788720416.2641776, 1788720417.060899, 1788720417.7035837, 1788720418.2823095, 1788720418.919317, 1788720419.5895, 1788720420.2877276, 1788720421.015685, 1788720421.7715864, 1788720422.4542868, 1788720423.0527678, 1788720423.701073, 1788720424.3816507, 1788720425.084039, 1788720425.8165698, 1788720426.5812151, 1788720427.37308, 1788720428.1951067, 1788720429.0468047, 1788720429.6791193, 1788720430.2615795, 1788720430.9025161, 1788720431.5737667, 1788720432.275485]","[1, 1, 1, 1, 1, 1, 1, 1, 1, 1, 1, 1, 1, 1, 1, 1, 1, 1, 1, 1, 1, 1, 1, 1, 1, 1, 1, 1, 1, 1, 1, 1, 1, 1, 1, 1, 1, 1, 1, 1, 1, 1, 1, 1, 1, 1, 1, 1, 1, 1, 1, 1, 1, 1, 1, 1, 1, 1, 1, 1, 1, 1, 1, 1, 1, 1, 1, 1, 1, 1, 1, 1, 1, 1, 1, 1, 1, 1, 1, 1, 1, 1, 1, 1, 1, 1, 1, 1, 1, 1, 1, 1, 1, 1, 1, 1, 1, 1, 1, 1, 1, 1, 1, 1, 1, 1, 1, 1, 1, 1, 1, 1, 1, 1, 1, 1, 1, 1, 1, 1, 1, 1, 1, 1, 1, 1, 1, 1, 1, 1, 1, 1, 1, 1, 1, 1, 1, 1, 1, 1, 1, 1, 1, 1, 1, 1, 1, 1, 1, 1, 1, 1, 1, 1, 1, 1]"
User-022,20,trace_0418,1788720436.3805733,streaming,28296,166,166,427,2,33.79321885108948,97.27866673469543,0.3847602902036725,8.0,0,True,,1788720339.1017938,1788720372.8950126,1788720436.3804605,"[1788720372.8950126, 1788720373.468309, 1788720374.1086905, 1788720374.800254, 1788720375.5184863, 1788720376.102619, 1788720376.743245, 1788720377.4109828, 1788720378.1033175, 1788720378.8242757, 1788720379.5764918, 1788720380.2042007, 1788720380.7630806, 1788720381.381893, 1788720382.018457, 1788720382.6938307, 1788720383.4009776, 1788720384.134669, 1788720384.8972347, 1788720385.6960807, 1788720386.5251248, 1788720387.3862727, 1788720388.28184, 1788720389.201521, 1788720389.5704257, 1788720389.5838525, 1788720389.6382012, 1788720389.6881843, 1788720389.7374985, 1788720389.790683, 1788720389.8375514, 1788720389.891433, 1788720389.9356737, 1788720389.9837425, 1788720390.0344877, 1788720390.0831776, 1788720390.1351957, 1788720390.1825342, 1788720390.232043, 1788720390.2786498, 1788720390.3264608, 1788720390.3746474, 1788720390.4242494, 1788720390.472565, 1788720390.5235941, 1788720390.568752, 1788720390.6173043, 1788720390.6671457, 1788720390.715038, 1788720390.7624059, 1788720390.8127046, 1788720390.860511, 1788720390.9106326, 1788720390.9589174, 1788720391.0056822, 1788720391.0575867, 1788720391.1019585, 1788720391.1495469, 1788720391.1986654, 1788720391.2461298, 1788720391.293611, 1788720391.3433554, 1788720391.390888, 1788720391.440809, 1788720391.485776, 1788720391.5351927, 1788720391.5816512, 1788720391.6301572, 1788720391.675633, 1788720391.7265737, 1788720391.7688823, 1788720391.8153832, 1788720391.8651888, 1788720391.9066336, 1788720391.9515686, 1788720391.9973073, 1788720392.0423381, 1788720392.087499, 1788720392.133461, 1788720392.1786823, 1788720392.2238204, 1788720392.269534, 1788720392.3148673, 1788720392.3603055, 1788720392.4075744, 1788720392.449673, 1788720392.4966247, 1788720392.5414078, 1788720392.5874283, 1788720392.6322162, 1788720392.6774714, 1788720392.7234066, 1788720392.7684104, 1788720392.815915, 1788720392.8602045, 1788720392.905423, 1788720392.9502206, 1788720392.9963024, 1788720393.0656543, 1788720393.0885606, 1788720393.13944, 1788720393.1797311, 1788720393.223453, 1788720393.8045065, 1788720394.41519, 1788720395.0587506, 1788720395.7335832, 1788720396.435782, 1788720397.167577, 1788720397.9345343, 1788720398.7314222, 1788720399.4871833, 1788720400.0653849, 1788720400.7042966, 1788720401.3743548, 1788720402.0682957, 1788720402.7902646, 1788720403.5429144, 1788720404.3207974, 1788720405.132979, 1788720405.6909945, 1788720406.3049915, 1788720406.9494467, 1788720407.6280665, 1788720408.335716, 1788720408.986829, 1788720409.5636837, 1788720410.1926296, 1788720410.853175, 1788720411.5394306, 1788720412.1499913, 1788720412.7323096, 1788720413.3721986, 1788720414.0515845, 1788720414.763438, 1788720415.500173, 1788720416.2689395, 1788720417.0693805, 1788720417.7073166, 1788720418.2874067, 1788720418.9238155, 1788720419.5940516, 1788720420.2922375, 1788720421.0201244, 1788720421.7760053, 1788720422.459468, 1788720423.0570087, 1788720423.7048535, 1788720424.385373, 1788720425.0881922, 1788720425.8205173, 1788720426.585361, 1788720427.3761804, 1788720428.1992877, 1788720429.0503273, 1788720429.6841028, 1788720430.2662625, 1788720430.9072793, 1788720431.5778306, 1788720432.2805452, 1788720433.0304136, 1788720433.80121, 1788720434.5262604, 1788720435.091063, 1788720435.715181, 1788720436.3751585]","[1, 1, 1, 1, 1, 1, 1, 1, 1, 1, 1, 1, 1, 1, 1, 1, 1, 1, 1, 1, 1, 1, 1, 1, 1, 1, 1, 1, 1, 1, 1, 1, 1, 1, 1, 1, 1, 1, 1, 1, 1, 1, 1, 1, 1, 1, 1, 1, 1, 1, 1, 1, 1, 1, 1, 1, 1, 1, 1, 1, 1, 1, 1, 1, 1, 1, 1, 1, 1, 1, 1, 1, 1, 1, 1, 1, 1, 1, 1, 1, 1, 1, 1, 1, 1, 1, 1, 1, 1, 1, 1, 1, 1, 1, 1, 1, 1, 1, 1, 1, 1, 1, 1, 1, 1, 1, 1, 1, 1, 1, 1, 1, 1, 1, 1, 1, 1, 1, 1, 1, 1, 1, 1, 1, 1, 1, 1, 1, 1, 1, 1, 1, 1, 1, 1, 1, 1, 1, 1, 1, 1, 1, 1, 1, 1, 1, 1, 1, 1, 1, 1, 1, 1, 1, 1, 1, 1, 1, 1, 1, 1, 1, 1, 1, 1, 1]"
User-037,0,trace_0489,1788720437.8043017,streaming,15354,307,307,0,239,164.53258347511292,329.1317036151886,0.5379056213727964,0.0,0,True,,1788720108.6725037,1788720273.2050872,1788720437.8042073,"[1788720273.2050872, 1788720273.7667196, 1788720274.3818355, 1788720275.027728, 1788720275.704528, 1788720276.4142618, 1788720277.149343, 1788720277.91799, 1788720278.7181528, 1788720279.3437564, 1788720279.921965, 1788720280.5619357, 1788720281.2331305, 1788720281.9331396, 1788720282.6589491, 1788720283.4190376, 1788720284.2134356, 1788720285.0356438, 1788720285.8922536, 1788720286.7851062, 1788720287.4607434, 1788720288.062656, 1788720288.7226784, 1788720289.4092593, 1788720290.1287258, 1788720290.866698, 1788720291.641766, 1788720292.4433937, 1788720293.0725265, 1788720293.678643, 1788720294.3372395, 1788720295.0231757, 1788720295.7412415, 1788720296.485572, 1788720297.2615974, 1788720298.0002985, 1788720298.5671687, 1788720299.189355, 1788720299.8436458, 1788720300.528511, 1788720301.2402027, 1788720301.9906406, 1788720302.6228783, 1788720303.22311, 1788720303.8530376, 1788720304.5388758, 1788720305.2513626, 1788720305.9903882, 1788720306.7654536, 1788720307.5645206, 1788720308.2763498, 1788720308.843543, 1788720309.479371, 1788720310.1302984, 1788720310.8204634, 1788720311.5370047, 1788720312.2830396, 1788720313.0645707, 1788720313.8719628, 1788720314.486609, 1788720315.0663686, 1788720315.7049708, 1788720316.380664, 1788720317.091545, 1788720317.8411896, 1788720318.6255965, 1788720319.4297497, 1788720320.268951, 1788720321.1283212, 1788720322.026447, 1788720322.9448605, 1788720323.6681156, 1788720324.2270095, 1788720324.8592079, 1788720325.525411, 1788720326.221066, 1788720326.943736, 1788720327.7008934, 1788720328.4876945, 1788720329.311722, 1788720330.1743834, 1788720331.0674536, 1788720331.9821491, 1788720332.7610955, 1788720333.3168068, 1788720333.9429302, 1788720334.6037633, 1788720335.294172, 1788720336.012141, 1788720336.703506, 1788720337.3044972, 1788720337.9524353, 1788720338.6282735, 1788720339.3296652, 1788720340.0620794, 1788720340.8162148, 1788720341.6126223, 1788720342.4275215, 1788720343.2729461, 1788720344.035526, 1788720344.6007457, 1788720345.2245862, 1788720345.8795831, 1788720346.5669188, 1788720347.2823381, 1788720348.02815, 1788720348.804935, 1788720349.6239052, 1788720350.4822009, 1788720351.36358, 1788720352.272985, 1788720353.012736, 1788720353.5779407, 1788720354.207952, 1788720354.8703306, 1788720355.5677567, 1788720356.2842865, 1788720357.0347447, 1788720357.8170183, 1788720358.5097413, 1788720359.085564, 1788720359.7113805, 1788720360.372815, 1788720361.0632613, 1788720361.7807815, 1788720362.5319288, 1788720363.3158398, 1788720364.0495503, 1788720364.616982, 1788720365.243117, 1788720365.895503, 1788720366.6014833, 1788720367.298594, 1788720368.0397286, 1788720368.8202276, 1788720369.6320114, 1788720370.4760156, 1788720371.3477275, 1788720372.2524352, 1788720372.898577, 1788720373.4698389, 1788720374.1116383, 1788720374.8035157, 1788720375.521039, 1788720376.1044352, 1788720376.7447634, 1788720377.4135306, 1788720378.1057782, 1788720378.8267825, 1788720379.5776286, 1788720380.205298, 1788720380.7655747, 1788720381.3844163, 1788720382.0209982, 1788720382.6961243, 1788720383.4070013, 1788720384.1372116, 1788720384.8990927, 1788720385.6985555, 1788720386.5276642, 1788720387.387861, 1788720388.2838159, 1788720389.204034, 1788720389.5724392, 1788720389.586097, 1788720389.6412413, 1788720389.6911123, 1788720389.739775, 1788720389.7922723, 1788720389.839731, 1788720389.8928921, 1788720389.9381495, 1788720389.9848459, 1788720390.036977, 1788720390.0856423, 1788720390.1363542, 1788720390.1844268, 1788720390.234543, 1788720390.2800207, 1788720390.3280811, 1788720390.37744, 1788720390.4263024, 1788720390.4752178, 1788720390.5251732, 1788720390.5708025, 1788720390.6200564, 1788720390.6698933, 1788720390.7178745, 1788720390.7651758, 1788720390.815457, 1788720390.8631873, 1788720390.9125395, 1788720390.9617536, 1788720391.00772, 1788720391.0594866, 1788720391.1038888, 1788720391.1523223, 1788720391.20134, 1788720391.2489035, 1788720391.2963061, 1788720391.3460438, 1788720391.393339, 1788720391.4432933, 1788720391.487751, 1788720391.5376825, 1788720391.5844219, 1788720391.6328993, 1788720391.6782787, 1788720391.729101, 1788720391.7713313, 1788720391.818031, 1788720391.8673558, 1788720391.9091933, 1788720391.9542377, 1788720392.002905, 1788720392.044872, 1788720392.0900989, 1788720392.136102, 1788720392.1815827, 1788720392.2264068, 1788720392.2720528, 1788720392.3173563, 1788720392.3628256, 1788720392.4100933, 1788720392.4517004, 1788720392.4992924, 1788720392.5438697, 1788720392.5899262, 1788720392.634943, 1788720392.6799295, 1788720392.7260952, 1788720392.7709918, 1788720392.8185458, 1788720392.862847, 1788720392.9079626, 1788720392.9520688, 1788720392.9983153, 1788720393.0668852, 1788720393.0906532, 1788720393.1418543, 1788720393.1825151, 1788720393.2260134, 1788720393.8070564, 1788720394.4176693, 1788720395.0612197, 1788720395.7356787, 1788720396.4383316, 1788720397.170078, 1788720397.9371274, 1788720398.733311, 1788720399.4899058, 1788720400.0679052, 1788720400.7067783, 1788720401.376861, 1788720402.0702796, 1788720402.7927504, 1788720403.5442874, 1788720404.322641, 1788720405.1353996, 1788720405.6935248, 1788720406.3075075, 1788720406.951595, 1788720407.6304717, 1788720408.3383434, 1788720408.990224, 1788720409.5668533, 1788720410.1950185, 1788720410.8560247, 1788720411.5423503, 1788720412.152357, 1788720412.7345386, 1788720413.3751004, 1788720414.0538244, 1788720414.766432, 1788720415.503217, 1788720416.271681, 1788720417.0719752, 1788720417.7096224, 1788720418.2897782, 1788720418.9267735, 1788720419.596286, 1788720420.2952716, 1788720421.0224855, 1788720421.7783656, 1788720422.4636495, 1788720423.0599718, 1788720423.7074785, 1788720424.3882964, 1788720425.0912, 1788720425.8227863, 1788720426.5879805, 1788720427.3784678, 1788720428.202537, 1788720429.0527227, 1788720429.6871614, 1788720430.26923, 1788720430.909766, 1788720431.580175, 1788720432.2835271, 1788720433.0325994, 1788720433.8034863, 1788720434.5292997, 1788720435.0940685, 1788720435.718136, 1788720436.378487, 1788720437.077556, 1788720437.8024049]","[1, 1, 1, 1, 1, 1, 1, 1, 1, 1, 1, 1, 1, 1, 1, 1, 1, 1, 1, 1, 1, 1, 1, 1, 1, 1, 1, 1, 1, 1, 1, 1, 1, 1, 1, 1, 1, 1, 1, 1, 1, 1, 1, 1, 1, 1, 1, 1, 1, 1, 1, 1, 1, 1, 1, 1, 1, 1, 1, 1, 1, 1, 1, 1, 1, 1, 1, 1, 1, 1, 1, 1, 1, 1, 1, 1, 1, 1, 1, 1, 1, 1, 1, 1, 1, 1, 1, 1, 1, 1, 1, 1, 1, 1, 1, 1, 1, 1, 1, 1, 1, 1, 1, 1, 1, 1, 1, 1, 1, 1, 1, 1, 1, 1, 1, 1, 1, 1, 1, 1, 1, 1, 1, 1, 1, 1, 1, 1, 1, 1, 1, 1, 1, 1, 1, 1, 1, 1, 1, 1, 1, 1, 1, 1, 1, 1, 1, 1, 1, 1, 1, 1, 1, 1, 1, 1, 1, 1, 1, 1, 1, 1, 1, 1, 1, 1, 1, 1, 1, 1, 1, 1, 1, 1, 1, 1, 1, 1, 1, 1, 1, 1, 1, 1, 1, 1, 1, 1, 1, 1, 1, 1, 1, 1, 1, 1, 1, 1, 1, 1, 1, 1, 1, 1, 1, 1, 1, 1, 1, 1, 1, 1, 1, 1, 1, 1, 1, 1, 1, 1, 1, 1, 1, 1, 1, 1, 1, 1, 1, 1, 1, 1, 1, 1, 1, 1, 1, 1, 1, 1, 1, 1, 1, 1, 1, 1, 1, 1, 1, 1, 1, 1, 1, 1, 1, 1, 1, 1, 1, 1, 1, 1, 1, 1, 1, 1, 1, 1, 1, 1, 1, 1, 1, 1, 1, 1, 1, 1, 1, 1, 1, 1, 1, 1, 1, 1, 1, 1, 1, 1, 1, 1, 1, 1, 1, 1, 1, 1, 1, 1, 1, 1, 1, 1, 1, 1, 1]"
User-045,0,trace_0729,1788720465.8960502,streaming,20161,219,219,0,314,27.56910252571106,129.41977429389954,0.46720491636783706,0.0,0,True,,1788720336.4761806,1788720364.045283,1788720465.8959548,"[1788720364.045283, 1788720364.611939, 1788720365.240026, 1788720365.8890839, 1788720366.597154, 1788720367.2920542, 1788720368.034402, 1788720368.8137512, 1788720369.6254823, 1788720370.469819, 1788720371.3423922, 1788720372.2466547, 1788720372.8911653, 1788720373.465448, 1788720374.1053927, 1788720374.7967906, 1788720375.514436, 1788720376.0991242, 1788720376.7396924, 1788720377.4073606, 1788720378.0998127, 1788720378.8207843, 1788720379.5735903, 1788720380.20023, 1788720380.759068, 1788720381.3774974, 1788720382.014415, 1788720382.6898208, 1788720383.3970401, 1788720384.1305726, 1788720384.8936236, 1788720385.6920736, 1788720386.5210114, 1788720387.3822455, 1788720388.2773774, 1788720389.197446, 1788720389.5661995, 1788720389.581693, 1788720389.6341777, 1788720389.68417, 1788720389.7335193, 1788720389.7866235, 1788720389.8335218, 1788720389.8880076, 1788720389.9316547, 1788720389.9806232, 1788720390.0305316, 1788720390.0792282, 1788720390.1286106, 1788720390.1792307, 1788720390.2284985, 1788720390.2751985, 1788720390.322973, 1788720390.3711703, 1788720390.4211352, 1788720390.4690773, 1788720390.517534, 1788720390.565791, 1788720390.6137397, 1788720390.6636543, 1788720390.7113922, 1788720390.7587838, 1788720390.8091924, 1788720390.8570056, 1788720390.9077356, 1788720390.955385, 1788720391.002194, 1788720391.054483, 1788720391.0984125, 1788720391.1459417, 1788720391.195228, 1788720391.242555, 1788720391.2900803, 1788720391.3398502, 1788720391.3874218, 1788720391.4373388, 1788720391.4822743, 1788720391.5313218, 1788720391.5780993, 1788720391.6251042, 1788720391.6721644, 1788720391.7227793, 1788720391.7659087, 1788720391.8124304, 1788720391.8619075, 1788720391.9034636, 1788720391.9485683, 1788720391.9939454, 1788720392.0392308, 1788720392.0844884, 1788720392.1301746, 1788720392.17565, 1788720392.220869, 1788720392.26654, 1788720392.3118815, 1788720392.3570518, 1788720392.4044695, 1788720392.4474418, 1788720392.4935477, 1788720392.5384295, 1788720392.5843577, 1788720392.6291907, 1788720392.6744967, 1788720392.720415, 1788720392.7654076, 1788720392.8129368, 1788720392.8572166, 1788720392.9023712, 1788720392.9479756, 1788720392.9936783, 1788720393.0641446, 1788720393.0859652, 1788720393.13647, 1788720393.1763282, 1788720393.2201636, 1788720393.8015132, 1788720394.412025, 1788720395.0555723, 1788720395.7303598, 1788720396.4326582, 1788720397.1643906, 1788720397.9314837, 1788720398.728307, 1788720399.48304, 1788720400.0616798, 1788720400.7005968, 1788720401.37064, 1788720402.0653172, 1788720402.7865388, 1788720403.5392678, 1788720404.3176517, 1788720405.1286943, 1788720405.6873183, 1788720406.3012807, 1788720406.9456816, 1788720407.624369, 1788720408.3313003, 1788720408.9830701, 1788720409.5595624, 1788720410.1892529, 1788720410.8496616, 1788720411.536015, 1788720412.1468866, 1788720412.7291944, 1788720413.3684382, 1788720414.048752, 1788720414.7604196, 1788720415.4970877, 1788720416.2657373, 1788720417.062513, 1788720417.7048044, 1788720418.2841096, 1788720418.9208539, 1788720419.5910513, 1788720420.2892535, 1788720421.0172124, 1788720421.7730985, 1788720422.4558327, 1788720423.054464, 1788720423.7027984, 1788720424.383433, 1788720425.0856972, 1788720425.818248, 1788720426.582763, 1788720427.374241, 1788720428.1967611, 1788720429.048376, 1788720429.6806142, 1788720430.2632797, 1788720430.9041107, 1788720431.5755107, 1788720432.277557, 1788720433.0271935, 1788720433.7986214, 1788720434.522306, 1788720435.0873609, 1788720435.7115104, 1788720436.3714304, 1788720437.0675254, 1788720437.7962117, 1788720438.5508034, 1788720439.338579, 1788720440.1535316, 1788720441.0265303, 1788720441.576669, 1788720442.1891246, 1788720442.83094, 1788720443.5040417, 1788720444.2066772, 1788720444.938263, 1788720445.7024179, 1788720446.50171, 1788720447.3318017, 1788720448.1919005, 1788720449.0853975, 1788720450.010497, 1788720450.7538114, 1788720451.3180037, 1788720451.953713, 1788720452.6151495, 1788720453.3058662, 1788720454.0290806, 1788720454.5919244, 1788720455.204886, 1788720455.8503428, 1788720456.5334682, 1788720457.2380912, 1788720457.9719784, 1788720458.7487323, 1788720459.5407898, 1788720460.3711936, 1788720460.92854, 1788720461.548016, 1788720462.1914737, 1788720462.8700135, 1788720463.5757515, 1788720464.3116302, 1788720465.081881, 1788720465.8861916]","[1, 1, 1, 1, 1, 1, 1, 1, 1, 1, 1, 1, 1, 1, 1, 1, 1, 1, 1, 1, 1, 1, 1, 1, 1, 1, 1, 1, 1, 1, 1, 1, 1, 1, 1, 1, 1, 1, 1, 1, 1, 1, 1, 1, 1, 1, 1, 1, 1, 1, 1, 1, 1, 1, 1, 1, 1, 1, 1, 1, 1, 1, 1, 1, 1, 1, 1, 1, 1, 1, 1, 1, 1, 1, 1, 1, 1, 1, 1, 1, 1, 1, 1, 1, 1, 1, 1, 1, 1, 1, 1, 1, 1, 1, 1, 1, 1, 1, 1, 1, 1, 1, 1, 1, 1, 1, 1, 1, 1, 1, 1, 1, 1, 1, 1, 1, 1, 1, 1, 1, 1, 1, 1, 1, 1, 1, 1, 1, 1, 1, 1, 1, 1, 1, 1, 1, 1, 1, 1, 1, 1, 1, 1, 1, 1, 1, 1, 1, 1, 1, 1, 1, 1, 1, 1, 1, 1, 1, 1, 1, 1, 1, 1, 1, 1, 1, 1, 1, 1, 1, 1, 1, 1, 1, 1, 1, 1, 1, 1, 1, 1, 1, 1, 1, 1, 1, 1, 1, 1, 1, 1, 1, 1, 1, 1, 1, 1, 1, 1, 1, 1, 1, 1, 1, 1, 1, 1, 1, 1, 1, 1, 1, 1, 1, 1, 1, 1, 1, 1]"
User-042,1,trace_0582,1788720471.8248515,streaming,20508,96,96,317,2,9.5674569606781,76.26456069946289,0.7020747761977346,8.0,0,True,,1788720395.560227,1788720405.1276839,1788720471.8247876,"[1788720405.1276839, 1788720405.6862593, 1788720406.300276, 1788720406.944671, 1788720407.623072, 1788720408.329962, 1788720408.9819999, 1788720409.5585177, 1788720410.1865718, 1788720410.8487027, 1788720411.5348377, 1788720412.145831, 1788720412.728071, 1788720413.3672736, 1788720414.0476346, 1788720414.7593853, 1788720415.4960437, 1788720416.264721, 1788720417.0614738, 1788720417.703983, 1788720418.2830083, 1788720418.9198308, 1788720419.5900269, 1788720420.288243, 1788720421.0162137, 1788720421.772092, 1788720422.4548156, 1788720423.053272, 1788720423.701605, 1788720424.3821833, 1788720425.0845323, 1788720425.8170745, 1788720426.5817199, 1788720427.3734703, 1788720428.195603, 1788720429.0475235, 1788720429.6796112, 1788720430.2620902, 1788720430.9030557, 1788720431.574275, 1788720432.276291, 1788720433.0258126, 1788720433.7974174, 1788720434.5212817, 1788720435.0863228, 1788720435.7104564, 1788720436.370374, 1788720437.0664217, 1788720437.7949588, 1788720438.5495884, 1788720439.3375657, 1788720440.1524515, 1788720441.0255084, 1788720441.5754402, 1788720442.1880443, 1788720442.8299124, 1788720443.5028994, 1788720444.2054858, 1788720444.937096, 1788720445.7012408, 1788720446.5005314, 1788720447.3305583, 1788720448.1906939, 1788720449.0843768, 1788720450.0100083, 1788720450.751969, 1788720451.3163059, 1788720451.9521897, 1788720452.613438, 1788720453.3042057, 1788720454.0279295, 1788720454.59023, 1788720455.203373, 1788720455.8486595, 1788720456.530026, 1788720457.2365375, 1788720457.9707067, 1788720458.7474327, 1788720459.5395474, 1788720460.369678, 1788720460.9274206, 1788720461.5467923, 1788720462.189956, 1788720462.8684924, 1788720463.5742435, 1788720464.3100977, 1788720465.080371, 1788720465.8845167, 1788720466.7293847, 1788720467.6038587, 1788720468.5033746, 1788720469.2699795, 1788720469.8315613, 1788720470.4593792, 1788720471.1198199, 1788720471.8172781]","[1, 1, 1, 1, 1, 1, 1, 1, 1, 1, 1, 1, 1, 1, 1, 1, 1, 1, 1, 1, 1, 1, 1, 1, 1, 1, 1, 1, 1, 1, 1, 1, 1, 1, 1, 1, 1, 1, 1, 1, 1, 1, 1, 1, 1, 1, 1, 1, 1, 1, 1, 1, 1, 1, 1, 1, 1, 1, 1, 1, 1, 1, 1, 1, 1, 1, 1, 1, 1, 1, 1, 1, 1, 1, 1, 1, 1, 1, 1, 1, 1, 1, 1, 1, 1, 1, 1, 1, 1, 1, 1, 1, 1, 1, 1, 1]"
User-041,0,trace_0570,1788720476.5314288,streaming,18597,326,326,0,290,181.92140102386475,360.4564480781555,0.5493386063208947,0.0,0,True,,1788720116.0748909,1788720297.9962919,1788720476.531339,"[1788720297.9962919, 1788720298.5642192, 1788720299.1858847, 1788720299.840668, 1788720300.5255394, 1788720301.2372117, 1788720301.9865012, 1788720302.6190126, 1788720303.2212083, 1788720303.8502827, 1788720304.5343904, 1788720305.247328, 1788720305.9863598, 1788720306.7607555, 1788720307.5604236, 1788720308.2721064, 1788720308.839562, 1788720309.4752605, 1788720310.1262872, 1788720310.8164792, 1788720311.532591, 1788720312.2790544, 1788720313.060521, 1788720313.868613, 1788720314.4834893, 1788720315.062519, 1788720315.701969, 1788720316.3775637, 1788720317.087208, 1788720317.838565, 1788720318.623794, 1788720319.4263785, 1788720320.2643528, 1788720321.126073, 1788720322.023607, 1788720322.9426107, 1788720323.663914, 1788720324.2233195, 1788720324.85577, 1788720325.5218897, 1788720326.2175567, 1788720326.9401817, 1788720327.697145, 1788720328.4847643, 1788720329.3086817, 1788720330.1716518, 1788720331.063944, 1788720331.9785895, 1788720332.7575428, 1788720333.313249, 1788720333.939294, 1788720334.6000297, 1788720335.2906623, 1788720336.0096714, 1788720336.6991618, 1788720337.3005023, 1788720337.9484694, 1788720338.6252244, 1788720339.3254488, 1788720340.0579574, 1788720340.813271, 1788720341.6082406, 1788720342.4239879, 1788720343.2694538, 1788720344.0310597, 1788720344.5981731, 1788720345.220544, 1788720345.8758047, 1788720346.5639431, 1788720347.2782602, 1788720348.0249054, 1788720348.8029883, 1788720349.6206474, 1788720350.4781525, 1788720351.3606236, 1788720352.2687068, 1788720353.0099714, 1788720353.5761154, 1788720354.2040732, 1788720354.8672664, 1788720355.5643742, 1788720356.2803984, 1788720357.030639, 1788720357.8130677, 1788720358.5078316, 1788720359.0815911, 1788720359.7083752, 1788720360.3696856, 1788720361.0592918, 1788720361.7772548, 1788720362.5279977, 1788720363.3127923, 1788720364.0477114, 1788720364.6138518, 1788720365.2412248, 1788720365.8915343, 1788720366.5996947, 1788720367.2945387, 1788720368.0366662, 1788720368.816276, 1788720369.6279771, 1788720370.4723318, 1788720371.3446884, 1788720372.2492135, 1788720372.8936965, 1788720373.467872, 1788720374.1079519, 1788720374.799274, 1788720375.5174356, 1788720376.1016288, 1788720376.7422116, 1788720377.4099429, 1788720378.1022997, 1788720378.8232877, 1788720379.5760286, 1788720380.2027147, 1788720380.761568, 1788720381.380353, 1788720382.016942, 1788720382.6923401, 1788720383.399053, 1788720384.1331627, 1788720384.8961213, 1788720385.6945815, 1788720386.5236218, 1788720387.384778, 1788720388.2803192, 1788720389.2000132, 1788720389.5689237, 1788720389.5828316, 1788720389.636709, 1788720389.6866753, 1788720389.736016, 1788720389.789172, 1788720389.836053, 1788720389.8904505, 1788720389.9341524, 1788720389.9830866, 1788720390.0330043, 1788720390.0816865, 1788720390.1337101, 1788720390.1814022, 1788720390.2305195, 1788720390.2771633, 1788720390.3249626, 1788720390.3731592, 1788720390.4231234, 1788720390.4710498, 1788720390.5225723, 1788720390.5676236, 1788720390.6157742, 1788720390.6656454, 1788720390.7134774, 1788720390.7608628, 1788720390.8112087, 1788720390.8590047, 1788720390.9092405, 1788720390.9574094, 1788720391.0041807, 1788720391.0561953, 1788720391.1004765, 1788720391.1480348, 1788720391.197176, 1788720391.2446082, 1788720391.2921262, 1788720391.3418505, 1788720391.3894165, 1788720391.4393225, 1788720391.4842863, 1788720391.5333261, 1788720391.5801184, 1788720391.6285915, 1788720391.674129, 1788720391.7250857, 1788720391.7673917, 1788720391.813889, 1788720391.8634083, 1788720391.9049346, 1788720391.9500606, 1788720391.9956143, 1788720392.040777, 1788720392.085983, 1788720392.1319568, 1788720392.1771624, 1788720392.222341, 1788720392.268044, 1788720392.3133764, 1788720392.3588023, 1788720392.4060395, 1788720392.4485676, 1788720392.4950638, 1788720392.5399413, 1788720392.5858567, 1788720392.630699, 1788720392.6759944, 1788720392.721897, 1788720392.7668986, 1788720392.8144293, 1788720392.8587205, 1788720392.9039073, 1788720392.9491072, 1788720392.9951785, 1788720393.0648956, 1788720393.0874155, 1788720393.1379533, 1788720393.1778216, 1788720393.2216938, 1788720393.8030312, 1788720394.4136817, 1788720395.0572412, 1788720395.7319767, 1788720396.4342132, 1788720397.166059, 1788720397.9330034, 1788720398.7299674, 1788720399.4853868, 1788720400.0638652, 1788720400.7028182, 1788720401.3728688, 1788720402.0670762, 1788720402.7887726, 1788720403.5413568, 1788720404.3196843, 1788720405.1313732, 1788720405.689475, 1788720406.303509, 1788720406.947923, 1788720407.6265435, 1788720408.334101, 1788720408.985109, 1788720409.561797, 1788720410.191427, 1788720410.8517478, 1788720411.537967, 1788720412.1488206, 1788720412.7311695, 1788720413.3703535, 1788720414.0506735, 1788720414.7624354, 1788720415.4991865, 1788720416.267946, 1788720417.0683277, 1788720417.706527, 1788720418.2862902, 1788720418.922839, 1788720419.5930588, 1788720420.291248, 1788720421.0192862, 1788720421.7751315, 1788720422.4584363, 1788720423.0560098, 1788720423.7041056, 1788720424.3846161, 1788720425.0872114, 1788720425.8197443, 1788720426.584322, 1788720427.3754144, 1788720428.1982749, 1788720429.0495505, 1788720429.682123, 1788720430.264759, 1788720430.9056773, 1788720431.5766766, 1788720432.2790682, 1788720433.028811, 1788720433.800084, 1788720434.524715, 1788720435.0895295, 1788720435.7136703, 1788720436.3736045, 1788720437.0696702, 1788720437.7982917, 1788720438.5528364, 1788720439.3407557, 1788720440.1556475, 1788720441.028686, 1788720441.5786712, 1788720442.191263, 1788720442.8329604, 1788720443.5055363, 1788720444.2087097, 1788720444.940279, 1788720445.7044785, 1788720446.5037248, 1788720447.333893, 1788720448.1939108, 1788720449.0874782, 1788720450.0114803, 1788720450.756042, 1788720451.3200297, 1788720451.9557629, 1788720452.617146, 1788720453.3079588, 1788720454.0306559, 1788720454.593914, 1788720455.2069032, 1788720455.8523588, 1788720456.535713, 1788720457.2401044, 1788720457.973482, 1788720458.7504215, 1788720459.5423083, 1788720460.3733766, 1788720460.930036, 1788720461.5495267, 1788720462.193422, 1788720462.8720305, 1788720463.577715, 1788720464.3136399, 1788720465.083925, 1788720465.8884974, 1788720466.7325356, 1788720467.6061704, 1788720468.5056312, 1788720469.2730231, 1788720469.8338027, 1788720470.462382, 1788720471.1228461, 1788720471.820621, 1788720472.5526118, 1788720473.308519, 1788720473.8724072, 1788720474.4865499, 1788720475.134858, 1788720475.8126192, 1788720476.524803]","[1, 1, 1, 1, 1, 1, 1, 1, 1, 1, 1, 1, 1, 1, 1, 1, 1, 1, 1, 1, 1, 1, 1, 1, 1, 1, 1, 1, 1, 1, 1, 1, 1, 1, 1, 1, 1, 1, 1, 1, 1, 1, 1, 1, 1, 1, 1, 1, 1, 1, 1, 1, 1, 1, 1, 1, 1, 1, 1, 1, 1, 1, 1, 1, 1, 1, 1, 1, 1, 1, 1, 1, 1, 1, 1, 1, 1, 1, 1, 1, 1, 1, 1, 1, 1, 1, 1, 1, 1, 1, 1, 1, 1, 1, 1, 1, 1, 1, 1, 1, 1, 1, 1, 1, 1, 1, 1, 1, 1, 1, 1, 1, 1, 1, 1, 1, 1, 1, 1, 1, 1, 1, 1, 1, 1, 1, 1, 1, 1, 1, 1, 1, 1, 1, 1, 1, 1, 1, 1, 1, 1, 1, 1, 1, 1, 1, 1, 1, 1, 1, 1, 1, 1, 1, 1, 1, 1, 1, 1, 1, 1, 1, 1, 1, 1, 1, 1, 1, 1, 1, 1, 1, 1, 1, 1, 1, 1, 1, 1, 1, 1, 1, 1, 1, 1, 1, 1, 1, 1, 1, 1, 1, 1, 1, 1, 1, 1, 1, 1, 1, 1, 1, 1, 1, 1, 1, 1, 1, 1, 1, 1, 1, 1, 1, 1, 1, 1, 1, 1, 1, 1, 1, 1, 1, 1, 1, 1, 1, 1, 1, 1, 1, 1, 1, 1, 1, 1, 1, 1, 1, 1, 1, 1, 1, 1, 1, 1, 1, 1, 1, 1, 1, 1, 1, 1, 1, 1, 1, 1, 1, 1, 1, 1, 1, 1, 1, 1, 1, 1, 1, 1, 1, 1, 1, 1, 1, 1, 1, 1, 1, 1, 1, 1, 1, 1, 1, 1, 1, 1, 1, 1, 1, 1, 1, 1, 1, 1, 1, 1, 1, 1, 1, 1, 1, 1, 1, 1, 1, 1, 1, 1, 1, 1, 1, 1, 1, 1, 1, 1, 1, 1, 1, 1, 1, 1, 1]"
User-048,0,trace_0546,1788720479.2520685,streaming,11642,96,96,0,177,14.694239377975464,81.80203104019165,0.7063978069706967,0.0,0,True,,1788720397.449972,1788720412.1442113,1788720479.252003,"[1788720412.1442113, 1788720412.7266054, 1788720413.3657787, 1788720414.0461402, 1788720414.7575788, 1788720415.4941943, 1788720416.2631264, 1788720417.0594187, 1788720417.70172, 1788720418.2806494, 1788720418.917553, 1788720419.5877223, 1788720420.2859259, 1788720421.0138795, 1788720421.7697535, 1788720422.4527597, 1788720423.0512085, 1788720423.6995165, 1788720424.3801062, 1788720425.0824695, 1788720425.8150327, 1788720426.579383, 1788720427.37168, 1788720428.193553, 1788720429.0448012, 1788720429.6775408, 1788720430.260068, 1788720430.900621, 1788720431.5722127, 1788720432.2738492, 1788720433.0241632, 1788720433.7958815, 1788720434.5194488, 1788720435.0847814, 1788720435.7089267, 1788720436.368845, 1788720437.0648742, 1788720437.7933059, 1788720438.5480187, 1788720439.3359997, 1788720440.150584, 1788720441.0230994, 1788720441.573348, 1788720442.1855755, 1788720442.8276095, 1788720443.500825, 1788720444.2034557, 1788720444.9349928, 1788720445.6991892, 1788720446.49841, 1788720447.3279705, 1788720448.1883013, 1788720449.0821064, 1788720450.0090084, 1788720450.7498558, 1788720451.314193, 1788720451.9499106, 1788720452.6112764, 1788720453.302147, 1788720454.0248785, 1788720454.5877073, 1788720455.2005842, 1788720455.8460608, 1788720456.5274804, 1788720457.2336516, 1788720457.9679534, 1788720458.7446623, 1788720459.5371299, 1788720460.3662586, 1788720460.9242194, 1788720461.543443, 1788720462.1864607, 1788720462.865245, 1788720463.5710108, 1788720464.3068469, 1788720465.0770965, 1788720465.881414, 1788720466.725824, 1788720467.6007981, 1788720468.500191, 1788720469.2669277, 1788720469.8284512, 1788720470.4561553, 1788720471.1165717, 1788720471.8139882, 1788720472.5465918, 1788720473.3023796, 1788720473.865633, 1788720474.480294, 1788720475.1280696, 1788720475.806439, 1788720476.5179675, 1788720477.2676847, 1788720478.0718012, 1788720478.625353, 1788720479.2398922]","[1, 1, 1, 1, 1, 1, 1, 1, 1, 1, 1, 1, 1, 1, 1, 1, 1, 1, 1, 1, 1, 1, 1, 1, 1, 1, 1, 1, 1, 1, 1, 1, 1, 1, 1, 1, 1, 1, 1, 1, 1, 1, 1, 1, 1, 1, 1, 1, 1, 1, 1, 1, 1, 1, 1, 1, 1, 1, 1, 1, 1, 1, 1, 1, 1, 1, 1, 1, 1, 1, 1, 1, 1, 1, 1, 1, 1, 1, 1, 1, 1, 1, 1, 1, 1, 1, 1, 1, 1, 1, 1, 1, 1, 1, 1, 1]"
User-003,1,trace_0714,1788720479.9071558,streaming,30151,283,283,342,128,29.53597116470337,176.69338417053223,0.5218347978930101,16.0,0,True,,1788720303.2136223,1788720332.7495935,1788720479.9070065,"[1788720332.7495935, 1788720333.3055663, 1788720333.9316561, 1788720334.591906, 1788720335.2829747, 1788720336.00181, 1788720336.6918786, 1788720337.2933586, 1788720337.9410229, 1788720338.6145399, 1788720339.3177862, 1788720340.050362, 1788720340.806127, 1788720341.6009574, 1788720342.4165378, 1788720343.262167, 1788720344.0240953, 1788720344.5894341, 1788720345.2134335, 1788720345.8687963, 1788720346.5569613, 1788720347.2712576, 1788720348.0174937, 1788720348.7994127, 1788720349.6143272, 1788720350.4713027, 1788720351.3545032, 1788720352.2622342, 1788720353.0026653, 1788720353.5673833, 1788720354.1968162, 1788720354.860105, 1788720355.5556455, 1788720356.2730367, 1788720357.0235415, 1788720357.8058658, 1788720358.5001361, 1788720359.074074, 1788720359.7010472, 1788720360.3605406, 1788720361.051597, 1788720361.7697802, 1788720362.5202646, 1788720363.3055415, 1788720364.0393558, 1788720364.6065366, 1788720365.228654, 1788720365.8833625, 1788720366.591682, 1788720367.286479, 1788720368.0288997, 1788720368.8080637, 1788720369.6199605, 1788720370.4636555, 1788720371.3366761, 1788720372.2410216, 1788720372.8853364, 1788720373.4595387, 1788720374.099679, 1788720374.7909791, 1788720375.5061636, 1788720376.0935225, 1788720376.7330732, 1788720377.4006064, 1788720378.0932767, 1788720378.814696, 1788720379.5671763, 1788720380.194242, 1788720380.7523634, 1788720381.3714125, 1788720382.007779, 1788720382.6831634, 1788720383.3907704, 1788720384.1241133, 1788720384.887585, 1788720385.685281, 1788720386.5142417, 1788720387.3755429, 1788720388.2671914, 1788720389.1912081, 1788720389.5596673, 1788720389.5784214, 1788720389.627594, 1788720389.6777942, 1788720389.7278948, 1788720389.7773464, 1788720389.8269327, 1788720389.881211, 1788720389.9259036, 1788720389.9746547, 1788720390.024955, 1788720390.0736942, 1788720390.1226852, 1788720390.173625, 1788720390.2225435, 1788720390.2698414, 1788720390.3175921, 1788720390.3660364, 1788720390.4158394, 1788720390.463954, 1788720390.512156, 1788720390.5606341, 1788720390.6086385, 1788720390.6584158, 1788720390.7062461, 1788720390.7531214, 1788720390.8040342, 1788720390.8519366, 1788720390.9004054, 1788720390.9498718, 1788720390.9971216, 1788720391.048994, 1788720391.0935898, 1788720391.1409726, 1788720391.1905782, 1788720391.2376792, 1788720391.2853863, 1788720391.3350506, 1788720391.3833013, 1788720391.4324017, 1788720391.4774752, 1788720391.5266764, 1788720391.5733879, 1788720391.6202724, 1788720391.667233, 1788720391.7178488, 1788720391.7612555, 1788720391.8077245, 1788720391.8570437, 1788720391.899331, 1788720391.944341, 1788720391.9896033, 1788720392.035171, 1788720392.080438, 1788720392.125889, 1788720392.1713886, 1788720392.216778, 1788720392.2625546, 1788720392.3075247, 1788720392.352871, 1788720392.3982375, 1788720392.443692, 1788720392.4890654, 1788720392.5344772, 1788720392.5799518, 1788720392.624807, 1788720392.670298, 1788720392.7163236, 1788720392.761592, 1788720392.8086536, 1788720392.8528614, 1788720392.898013, 1788720392.944255, 1788720392.9896483, 1788720393.0621967, 1788720393.0816731, 1788720393.1328454, 1788720393.1729152, 1788720393.2168033, 1788720393.7979345, 1788720394.4086843, 1788720395.0522552, 1788720395.72656, 1788720396.4288402, 1788720397.1610246, 1788720397.9278405, 1788720398.7249935, 1788720399.4790463, 1788720400.0588734, 1788720400.6976821, 1788720401.3678586, 1788720402.0623307, 1788720402.7837884, 1788720403.5359883, 1788720404.3148825, 1788720405.1249588, 1788720405.6839633, 1788720406.297877, 1788720406.9423501, 1788720407.620538, 1788720408.3273175, 1788720408.9789011, 1788720409.5561852, 1788720410.1842287, 1788720410.8464742, 1788720411.5325696, 1788720412.1424282, 1788720412.7254145, 1788720413.364561, 1788720414.0449526, 1788720414.756201, 1788720415.4929235, 1788720416.26178, 1788720417.0579886, 1788720417.700333, 1788720418.2793572, 1788720418.9161713, 1788720419.5862443, 1788720420.2844942, 1788720421.012415, 1788720421.7683115, 1788720422.4513028, 1788720423.049949, 1788720423.6982274, 1788720424.3788018, 1788720425.0812273, 1788720425.8137643, 1788720426.5779889, 1788720427.370542, 1788720428.1923177, 1788720429.0433648, 1788720429.6761074, 1788720430.258811, 1788720430.8991702, 1788720431.570903, 1788720432.2725878, 1788720433.0226514, 1788720433.794608, 1788720434.517989, 1788720435.083524, 1788720435.707666, 1788720436.3675306, 1788720437.0635738, 1788720437.7919903, 1788720438.5467174, 1788720439.3346941, 1788720440.149173, 1788720441.02166, 1788720441.5720804, 1788720442.1840641, 1788720442.826256, 1788720443.4995666, 1788720444.2021718, 1788720444.9335012, 1788720445.697913, 1788720446.4971647, 1788720447.32653, 1788720448.1870642, 1788720449.0808187, 1788720450.0084205, 1788720450.748308, 1788720451.3129592, 1788720451.9483995, 1788720452.6100085, 1788720453.3008823, 1788720454.0237105, 1788720454.586429, 1788720455.1993222, 1788720455.844789, 1788720456.5261917, 1788720457.2323105, 1788720457.966672, 1788720458.7432604, 1788720459.535846, 1788720460.3647888, 1788720460.9229376, 1788720461.5420916, 1788720462.1851666, 1788720462.863966, 1788720463.5697517, 1788720464.3055391, 1788720465.075828, 1788720465.8799794, 1788720466.7243226, 1788720467.5995493, 1788720468.4989347, 1788720469.2654064, 1788720469.827197, 1788720470.454878, 1788720471.115323, 1788720471.8127573, 1788720472.5451915, 1788720473.301043, 1788720473.8641932, 1788720474.4790437, 1788720475.1266546, 1788720475.8052065, 1788720476.516497, 1788720477.2663956, 1788720478.0703628, 1788720478.6241014, 1788720479.238572, 1788720479.9038615]","[1, 1, 1, 1, 1, 1, 1, 1, 1, 1, 1, 1, 1, 1, 1, 1, 1, 1, 1, 1, 1, 1, 1, 1, 1, 1, 1, 1, 1, 1, 1, 1, 1, 1, 1, 1, 1, 1, 1, 1, 1, 1, 1, 1, 1, 1, 1, 1, 1, 1, 1, 1, 1, 1, 1, 1, 1, 1, 1, 1, 1, 1, 1, 1, 1, 1, 1, 1, 1, 1, 1, 1, 1, 1, 1, 1, 1, 1, 1, 1, 1, 1, 1, 1, 1, 1, 1, 1, 1, 1, 1, 1, 1, 1, 1, 1, 1, 1, 1, 1, 1, 1, 1, 1, 1, 1, 1, 1, 1, 1, 1, 1, 1, 1, 1, 1, 1, 1, 1, 1, 1, 1, 1, 1, 1, 1, 1, 1, 1, 1, 1, 1, 1, 1, 1, 1, 1, 1, 1, 1, 1, 1, 1, 1, 1, 1, 1, 1, 1, 1, 1, 1, 1, 1, 1, 1, 1, 1, 1, 1, 1, 1, 1, 1, 1, 1, 1, 1, 1, 1, 1, 1, 1, 1, 1, 1, 1, 1, 1, 1, 1, 1, 1, 1, 1, 1, 1, 1, 1, 1, 1, 1, 1, 1, 1, 1, 1, 1, 1, 1, 1, 1, 1, 1, 1, 1, 1, 1, 1, 1, 1, 1, 1, 1, 1, 1, 1, 1, 1, 1, 1, 1, 1, 1, 1, 1, 1, 1, 1, 1, 1, 1, 1, 1, 1, 1, 1, 1, 1, 1, 1, 1, 1, 1, 1, 1, 1, 1, 1, 1, 1, 1, 1, 1, 1, 1, 1, 1, 1, 1, 1, 1, 1, 1, 1, 1, 1, 1, 1, 1, 1, 1, 1, 1, 1, 1, 1, 1, 1, 1, 1, 1, 1]"
User-038,0,trace_0661,1788720487.0433888,streaming,20442,368,368,0,319,170.27660465240479,377.9863030910492,0.565966480759249,0.0,0,True,,1788720109.056972,1788720279.3335767,1788720487.043275,"[1788720279.3335767, 1788720279.9136817, 1788720280.5525064, 1788720281.22403, 1788720281.924695, 1788720282.649972, 1788720283.4099643, 1788720284.2031662, 1788720285.026338, 1788720285.8835127, 1788720286.7763617, 1788720287.4503925, 1788720288.0523992, 1788720288.7135222, 1788720289.3986886, 1788720290.119663, 1788720290.8579142, 1788720291.6316073, 1788720292.435051, 1788720293.062759, 1788720293.6698325, 1788720294.3282273, 1788720295.0151746, 1788720295.7321343, 1788720296.4770446, 1788720297.251676, 1788720297.990334, 1788720298.5580177, 1788720299.180146, 1788720299.8352787, 1788720300.520438, 1788720301.2320027, 1788720301.9736009, 1788720302.6134992, 1788720303.218468, 1788720303.8445163, 1788720304.5292053, 1788720305.241467, 1788720305.9809594, 1788720306.7555492, 1788720307.5542862, 1788720308.2662327, 1788720308.834188, 1788720309.4697175, 1788720310.1208634, 1788720310.8112779, 1788720311.5273547, 1788720312.273618, 1788720313.054804, 1788720313.8630555, 1788720314.4780529, 1788720315.0569675, 1788720315.6970253, 1788720316.3723032, 1788720317.081718, 1788720317.833733, 1788720318.6146371, 1788720319.4207883, 1788720320.2586663, 1788720321.1214354, 1788720322.018124, 1788720322.9376025, 1788720323.6577353, 1788720324.2171588, 1788720324.8499372, 1788720325.516135, 1788720326.211753, 1788720326.9342964, 1788720327.690854, 1788720328.4788427, 1788720329.2982185, 1788720330.1671977, 1788720331.0582325, 1788720331.973047, 1788720332.752224, 1788720333.3080075, 1788720333.9339602, 1788720334.5947118, 1788720335.28527, 1788720336.0041184, 1788720336.6944225, 1788720337.2957194, 1788720337.9433265, 1788720338.6200724, 1788720339.3206053, 1788720340.052886, 1788720340.808476, 1788720341.6033778, 1788720342.4188516, 1788720343.264491, 1788720344.0265293, 1788720344.5917468, 1788720345.2157874, 1788720345.871111, 1788720346.5593052, 1788720347.2735167, 1788720348.0199785, 1788720348.8007135, 1788720349.6161668, 1788720350.4731116, 1788720351.3562996, 1788720352.2640517, 1788720353.0046601, 1788720353.5691755, 1788720354.1985857, 1788720354.861953, 1788720355.557562, 1788720356.274881, 1788720357.0252993, 1788720357.8077292, 1788720358.502058, 1788720359.0758805, 1788720359.7028835, 1788720360.3623345, 1788720361.053445, 1788720361.7715733, 1788720362.5220492, 1788720363.3073559, 1788720364.0412428, 1788720364.6082232, 1788720365.2304187, 1788720365.8853154, 1788720366.5934436, 1788720367.288277, 1788720368.0305603, 1788720368.8098838, 1788720369.6217377, 1788720370.4655254, 1788720371.338506, 1788720372.2428424, 1788720372.8873262, 1788720373.4614835, 1788720374.1014872, 1788720374.792887, 1788720375.5079985, 1788720376.0950482, 1788720376.7352176, 1788720377.4024594, 1788720378.0954614, 1788720378.8165643, 1788720379.5692658, 1788720380.1961787, 1788720380.7545989, 1788720381.373329, 1788720382.0098777, 1788720382.685289, 1788720383.3928394, 1788720384.1261294, 1788720384.8893235, 1788720385.687164, 1788720386.5161247, 1788720387.3774521, 1788720388.269305, 1788720389.1931133, 1788720389.5620677, 1788720389.5797164, 1788720389.6295495, 1788720389.6798866, 1788720389.7294633, 1788720389.7821908, 1788720389.8292334, 1788720389.8832004, 1788720389.9278612, 1788720389.9768162, 1788720390.0268042, 1788720390.0755055, 1788720390.1247704, 1788720390.1753557, 1788720390.2244575, 1788720390.2718434, 1788720390.319548, 1788720390.3681226, 1788720390.418065, 1788720390.4660296, 1788720390.5144055, 1788720390.5627403, 1788720390.6106608, 1788720390.6606262, 1788720390.7086003, 1788720390.7555504, 1788720390.8060932, 1788720390.853963, 1788720390.9024816, 1788720390.9520664, 1788720390.9992218, 1788720391.0511968, 1788720391.0958278, 1788720391.143157, 1788720391.1927478, 1788720391.239739, 1788720391.2875822, 1788720391.337275, 1788720391.3848917, 1788720391.4348185, 1788720391.479749, 1788720391.5287561, 1788720391.575612, 1788720391.6223533, 1788720391.6695817, 1788720391.7198641, 1788720391.7634017, 1788720391.8099165, 1788720391.8591738, 1788720391.9014308, 1788720391.9465284, 1788720391.9918406, 1788720392.0368037, 1788720392.0824754, 1788720392.1281064, 1788720392.1734097, 1788720392.2188694, 1788720392.2643225, 1788720392.3097656, 1788720392.3549368, 1788720392.402279, 1788720392.4455438, 1788720392.4912302, 1788720392.5364447, 1788720392.582234, 1788720392.6268609, 1788720392.6724958, 1788720392.7183867, 1788720392.7634501, 1788720392.8106127, 1788720392.855174, 1788720392.9000692, 1788720392.9459674, 1788720392.9916914, 1788720393.063129, 1788720393.0836153, 1788720393.1349256, 1788720393.1747956, 1788720393.2186012, 1788720393.7998295, 1788720394.4104655, 1788720395.054003, 1788720395.7287502, 1788720396.4308007, 1788720397.1628401, 1788720397.929688, 1788720398.7267866, 1788720399.4814658, 1788720400.0601132, 1788720400.6989858, 1788720401.3691247, 1788720402.0640814, 1788720402.7850165, 1788720403.537369, 1788720404.3161454, 1788720405.1262636, 1788720405.6852293, 1788720406.2992344, 1788720406.9436264, 1788720407.6219354, 1788720408.3287125, 1788720408.9808369, 1788720409.5574853, 1788720410.185553, 1788720410.8477068, 1788720411.5338054, 1788720412.1447613, 1788720412.727113, 1788720413.3662772, 1788720414.0466325, 1788720414.7581172, 1788720415.4947147, 1788720416.2636683, 1788720417.0603008, 1788720417.7031217, 1788720418.2817535, 1788720418.918588, 1788720419.588753, 1788720420.2869706, 1788720421.014933, 1788720421.770799, 1788720422.453785, 1788720423.0522578, 1788720423.700564, 1788720424.381136, 1788720425.083534, 1788720425.816067, 1788720426.5806878, 1788720427.3726938, 1788720428.1945815, 1788720429.0458372, 1788720429.6785672, 1788720430.2610774, 1788720430.9019868, 1788720431.573264, 1788720432.274959, 1788720433.0252757, 1788720433.7968948, 1788720434.5207546, 1788720435.0858152, 1788720435.7099514, 1788720436.369873, 1788720437.0659113, 1788720437.7943687, 1788720438.5490594, 1788720439.3370533, 1788720440.151705, 1788720441.024175, 1788720441.5743794, 1788720442.1866643, 1788720442.8286672, 1788720443.5018473, 1788720444.2044828, 1788720444.9360626, 1788720445.7002196, 1788720446.4994876, 1788720447.3290696, 1788720448.1895068, 1788720449.0831704, 1788720450.0094934, 1788720450.7509384, 1788720451.3152866, 1788720451.9509547, 1788720452.6123376, 1788720453.3031821, 1788720454.026918, 1788720454.5892336, 1788720455.2023394, 1788720455.8476288, 1788720456.5290158, 1788720457.235297, 1788720457.9694998, 1788720458.7463467, 1788720459.5386655, 1788720460.3678281, 1788720460.925753, 1788720461.5450432, 1788720462.1881075, 1788720462.8668168, 1788720463.572548, 1788720464.3084152, 1788720465.078642, 1788720465.883035, 1788720466.7277915, 1788720467.602333, 1788720468.5017424, 1788720469.2684805, 1788720469.8299663, 1788720470.4576857, 1788720471.118302, 1788720471.8155499, 1788720472.54825, 1788720473.3038988, 1788720473.867608, 1788720474.4818377, 1788720475.1300144, 1788720475.8079805, 1788720476.519946, 1788720477.2692473, 1788720478.0733159, 1788720478.626883, 1788720479.2417843, 1788720479.9065194, 1788720480.595225, 1788720481.3042119, 1788720481.8725958, 1788720482.490635, 1788720483.1363401, 1788720483.7963705, 1788720484.3670437, 1788720484.985322, 1788720485.6362035, 1788720486.3194847, 1788720487.031363]","[1, 1, 1, 1, 1, 1, 1, 1, 1, 1, 1, 1, 1, 1, 1, 1, 1, 1, 1, 1, 1, 1, 1, 1, 1, 1, 1, 1, 1, 1, 1, 1, 1, 1, 1, 1, 1, 1, 1, 1, 1, 1, 1, 1, 1, 1, 1, 1, 1, 1, 1, 1, 1, 1, 1, 1, 1, 1, 1, 1, 1, 1, 1, 1, 1, 1, 1, 1, 1, 1, 1, 1, 1, 1, 1, 1, 1, 1, 1, 1, 1, 1, 1, 1, 1, 1, 1, 1, 1, 1, 1, 1, 1, 1, 1, 1, 1, 1, 1, 1, 1, 1, 1, 1, 1, 1, 1, 1, 1, 1, 1, 1, 1, 1, 1, 1, 1, 1, 1, 1, 1, 1, 1, 1, 1, 1, 1, 1, 1, 1, 1, 1, 1, 1, 1, 1, 1, 1, 1, 1, 1, 1, 1, 1, 1, 1, 1, 1, 1, 1, 1, 1, 1, 1, 1, 1, 1, 1, 1, 1, 1, 1, 1, 1, 1, 1, 1, 1, 1, 1, 1, 1, 1, 1, 1, 1, 1, 1, 1, 1, 1, 1, 1, 1, 1, 1, 1, 1, 1, 1, 1, 1, 1, 1, 1, 1, 1, 1, 1, 1, 1, 1, 1, 1, 1, 1, 1, 1, 1, 1, 1, 1, 1, 1, 1, 1, 1, 1, 1, 1, 1, 1, 1, 1, 1, 1, 1, 1, 1, 1, 1, 1, 1, 1, 1, 1, 1, 1, 1, 1, 1, 1, 1, 1, 1, 1, 1, 1, 1, 1, 1, 1, 1, 1, 1, 1, 1, 1, 1, 1, 1, 1, 1, 1, 1, 1, 1, 1, 1, 1, 1, 1, 1, 1, 1, 1, 1, 1, 1, 1, 1, 1, 1, 1, 1, 1, 1, 1, 1, 1, 1, 1, 1, 1, 1, 1, 1, 1, 1, 1, 1, 1, 1, 1, 1, 1, 1, 1, 1, 1, 1, 1, 1, 1, 1, 1, 1, 1, 1, 1, 1, 1, 1, 1, 1, 1, 1, 1, 1, 1, 1, 1, 1, 1, 1, 1, 1, 1, 1, 1, 1, 1, 1, 1, 1, 1, 1, 1, 1, 1, 1, 1, 1, 1, 1, 1, 1, 1, 1, 1, 1, 1, 1, 1, 1, 1, 1, 1]"
User-007,1,trace_0398,1788720488.5901976,streaming,13739,115,115,203,11,13.038233280181885,92.6396849155426,0.6982583476786028,45.0,0,True,,1788720395.950426,1788720408.9886594,1788720488.590111,"[1788720408.9886594, 1788720409.5652814, 1788720410.1938052, 1788720410.854579, 1788720411.5408921, 1788720412.1511686, 1788720412.7334294, 1788720413.3736248, 1788720414.052692, 1788720414.7649438, 1788720415.5016563, 1788720416.2704358, 1788720417.0709915, 1788720417.7084742, 1788720418.288653, 1788720418.925273, 1788720419.5955305, 1788720420.2937415, 1788720421.0213041, 1788720421.7771826, 1788720422.4620695, 1788720423.0589983, 1788720423.7063456, 1788720424.3868904, 1788720425.0901682, 1788720425.8220243, 1788720426.587428, 1788720427.3777106, 1788720428.2012513, 1788720429.051915, 1788720429.686133, 1788720430.2682426, 1788720430.9089773, 1788720431.579417, 1788720432.282509, 1788720433.0320992, 1788720433.8027177, 1788720434.528299, 1788720435.0930562, 1788720435.7171516, 1788720436.3774853, 1788720437.0764902, 1788720437.8013713, 1788720438.5558507, 1788720439.3437715, 1788720440.158795, 1788720441.0316975, 1788720441.5817084, 1788720442.194392, 1788720442.8360307, 1788720443.5077956, 1788720444.211754, 1788720444.943297, 1788720445.7074957, 1788720446.5069506, 1788720447.3370306, 1788720448.1982768, 1788720449.0898328, 1788720450.0129073, 1788720450.7590551, 1788720451.3223002, 1788720451.9573436, 1788720452.620075, 1788720453.3102252, 1788720454.0330925, 1788720454.5969338, 1788720455.209885, 1788720455.8554018, 1788720456.5389454, 1788720457.2430933, 1788720457.9757543, 1788720458.752838, 1788720459.5446217, 1788720460.3763347, 1788720460.932293, 1788720461.5518038, 1788720462.1963687, 1788720462.8750129, 1788720463.58072, 1788720464.3158665, 1788720465.0869339, 1788720465.893826, 1788720466.735673, 1788720467.6085124, 1788720468.507905, 1788720469.2756474, 1788720469.836045, 1788720470.464199, 1788720471.1258652, 1788720471.8234274, 1788720472.5554533, 1788720473.310823, 1788720473.8754308, 1788720474.4895792, 1788720475.138024, 1788720475.8154297, 1788720476.5282736, 1788720477.2764878, 1788720478.0805967, 1788720478.6333675, 1788720479.2491689, 1788720479.9142056, 1788720480.6023939, 1788720481.311991, 1788720481.8802388, 1788720482.498232, 1788720483.1438825, 1788720483.8049955, 1788720484.3752418, 1788720484.9934988, 1788720485.644456, 1788720486.3276296, 1788720487.0400438, 1788720487.7940185, 1788720488.5883226]","[1, 1, 1, 1, 1, 1, 1, 1, 1, 1, 1, 1, 1, 1, 1, 1, 1, 1, 1, 1, 1, 1, 1, 1, 1, 1, 1, 1, 1, 1, 1, 1, 1, 1, 1, 1, 1, 1, 1, 1, 1, 1, 1, 1, 1, 1, 1, 1, 1, 1, 1, 1, 1, 1, 1, 1, 1, 1, 1, 1, 1, 1, 1, 1, 1, 1, 1, 1, 1, 1, 1, 1, 1, 1, 1, 1, 1, 1, 1, 1, 1, 1, 1, 1, 1, 1, 1, 1, 1, 1, 1, 1, 1, 1, 1, 1, 1, 1, 1, 1, 1, 1, 1, 1, 1, 1, 1, 1, 1, 1, 1, 1, 1, 1, 1]"
User-039,0,trace_0220,1788720489.4010594,streaming,27312,360,360,0,426,178.2856125831604,380.23037123680115,0.5625202190909213,0.0,0,True,,1788720109.17061,1788720287.4562225,1788720489.4009812,"[1788720287.4562225, 1788720288.0581636, 1788720288.7192683, 1788720289.4058082, 1788720290.1251013, 1788720290.8636754, 1788720291.6386516, 1788720292.440466, 1788720293.0686245, 1788720293.6755052, 1788720294.3335605, 1788720295.0201976, 1788720295.7372808, 1788720296.4822402, 1788720297.2582939, 1788720297.995471, 1788720298.5638523, 1788720299.1853898, 1788720299.8402998, 1788720300.5251665, 1788720301.2368364, 1788720301.984979, 1788720302.6185234, 1788720303.2209804, 1788720303.8497746, 1788720304.5339146, 1788720305.2468, 1788720305.985865, 1788720306.7602675, 1788720307.559904, 1788720308.2716148, 1788720308.8390708, 1788720309.4747443, 1788720310.1257913, 1788720310.8159895, 1788720311.5320969, 1788720312.278543, 1788720313.0600276, 1788720313.8682287, 1788720314.4830894, 1788720315.0620298, 1788720315.7016044, 1788720316.377183, 1788720317.0867198, 1788720317.8381977, 1788720318.623525, 1788720319.4258993, 1788720320.263875, 1788720321.1257002, 1788720322.0231414, 1788720322.9422421, 1788720323.6631386, 1788720324.2228165, 1788720324.8552783, 1788720325.5214062, 1788720326.217049, 1788720326.9396548, 1788720327.6966224, 1788720328.4842212, 1788720329.3081462, 1788720330.1712842, 1788720331.063419, 1788720331.9781008, 1788720332.7570539, 1788720333.31272, 1788720333.9388096, 1788720334.5995164, 1788720335.290165, 1788720336.0091624, 1788720336.6984892, 1788720337.2999744, 1788720337.9479582, 1788720338.6247234, 1788720339.3249133, 1788720340.0574484, 1788720340.8127809, 1788720341.6076965, 1788720342.4234688, 1788720343.268966, 1788720344.0305424, 1788720344.5976617, 1788720345.220029, 1788720345.8753154, 1788720346.5635734, 1788720347.2777584, 1788720348.0243857, 1788720348.802748, 1788720349.620256, 1788720350.477665, 1788720351.3602593, 1788720352.2682238, 1788720353.0094905, 1788720353.5758784, 1788720354.2035685, 1788720354.8667588, 1788720355.562428, 1788720356.2798617, 1788720357.0301456, 1788720357.8125448, 1788720358.5065558, 1788720359.0805974, 1788720359.7076344, 1788720360.3688948, 1788720361.0582898, 1788720361.7762723, 1788720362.526994, 1788720363.3120322, 1788720364.0467865, 1788720364.6131067, 1788720365.2407339, 1788720365.890546, 1788720366.598669, 1788720367.2935526, 1788720368.0359025, 1788720368.8152738, 1788720369.626969, 1788720370.4713488, 1788720371.343917, 1788720372.2482047, 1788720372.892666, 1788720373.4669585, 1788720374.1069613, 1788720374.798274, 1788720375.5161278, 1788720376.1006227, 1788720376.741208, 1788720377.4089103, 1788720378.1013062, 1788720378.8222866, 1788720379.5751097, 1788720380.2017267, 1788720380.7605624, 1788720381.3793015, 1788720382.0159402, 1788720382.6913462, 1788720383.3982491, 1788720384.1321385, 1788720384.8951848, 1788720385.6935823, 1788720386.5225785, 1788720387.383774, 1788720388.2792954, 1788720389.198993, 1788720389.5679262, 1788720389.5823722, 1788720389.6357057, 1788720389.68568, 1788720389.7350252, 1788720389.7881582, 1788720389.8350506, 1788720389.8894737, 1788720389.9331603, 1788720389.982143, 1788720390.0320256, 1788720390.080698, 1788720390.130093, 1788720390.1806333, 1788720390.229528, 1788720390.276185, 1788720390.3239696, 1788720390.3721702, 1788720390.422125, 1788720390.470055, 1788720390.5185413, 1788720390.5668175, 1788720390.614753, 1788720390.6646478, 1788720390.7124505, 1788720390.7598343, 1788720390.8101983, 1788720390.8580034, 1788720390.9084752, 1788720390.9563923, 1788720391.0031812, 1788720391.0554042, 1788720391.0994575, 1788720391.1470065, 1788720391.1962006, 1788720391.2435942, 1788720391.29112, 1788720391.3408601, 1788720391.388419, 1788720391.4383295, 1788720391.4832935, 1788720391.532305, 1788720391.579136, 1788720391.6261222, 1788720391.6731563, 1788720391.7240853, 1788720391.7663994, 1788720391.8129199, 1788720391.862407, 1788720391.9039614, 1788720391.949074, 1788720391.9944484, 1788720392.0397737, 1788720392.0849874, 1788720392.1306643, 1788720392.1761506, 1788720392.2213614, 1788720392.2670598, 1788720392.312389, 1788720392.3577716, 1788720392.4049947, 1788720392.4478133, 1788720392.4940434, 1788720392.53893, 1788720392.5848603, 1788720392.6297033, 1788720392.6750114, 1788720392.720911, 1788720392.7658992, 1788720392.8134365, 1788720392.8577113, 1788720392.9029028, 1788720392.948353, 1788720392.994181, 1788720393.064401, 1788720393.0864596, 1788720393.136962, 1788720393.1768167, 1788720393.2206585, 1788720393.802013, 1788720394.4125326, 1788720395.0560791, 1788720395.7308967, 1788720396.4331782, 1788720397.1650455, 1788720397.9319923, 1788720398.7288275, 1788720399.4835525, 1788720400.0621862, 1788720400.7011178, 1788720401.371192, 1788720402.0658495, 1788720402.7870786, 1788720403.5397966, 1788720404.3181462, 1788720405.1298902, 1788720405.6879706, 1788720406.301988, 1788720406.946221, 1788720407.624911, 1788720408.3323572, 1788720408.9835787, 1788720409.5602565, 1788720410.1897547, 1788720410.8501508, 1788720411.5365002, 1788720412.1474035, 1788720412.7296944, 1788720413.3689244, 1788720414.049245, 1788720414.7609265, 1788720415.4976096, 1788720416.2664194, 1788720417.066527, 1788720417.705203, 1788720418.284646, 1788720418.9213512, 1788720419.591553, 1788720420.28975, 1788720421.017721, 1788720421.7736082, 1788720422.456339, 1788720423.0549734, 1788720423.703306, 1788720424.3838556, 1788720425.0862, 1788720425.8187828, 1788720426.5832863, 1788720427.374625, 1788720428.1972685, 1788720429.0487764, 1788720429.681115, 1788720430.2637777, 1788720430.9046354, 1788720431.5759232, 1788720432.2780662, 1788720433.0277438, 1788720433.7991555, 1788720434.5228443, 1788720435.0880306, 1788720435.712169, 1788720436.3719437, 1788720437.0681832, 1788720437.796735, 1788720438.5513117, 1788720439.3392353, 1788720440.154066, 1788720441.0270426, 1788720441.5771666, 1788720442.1896574, 1788720442.8314512, 1788720443.5044172, 1788720444.2072086, 1788720444.9387815, 1788720445.7029471, 1788720446.5022185, 1788720447.3323288, 1788720448.1924126, 1788720449.0859144, 1788720450.0107477, 1788720450.7543523, 1788720451.318507, 1788720451.9542165, 1788720452.6156335, 1788720453.3063836, 1788720454.0294874, 1788720454.5924213, 1788720455.2053933, 1788720455.8508599, 1788720456.5340111, 1788720457.2385888, 1788720457.9723563, 1788720458.7491257, 1788720459.5411782, 1788720460.3717012, 1788720460.9289138, 1788720461.5483906, 1788720462.191966, 1788720462.8705378, 1788720463.576244, 1788720464.3121264, 1788720465.0823953, 1788720465.8869858, 1788720466.7309651, 1788720467.605025, 1788720468.504499, 1788720469.2715209, 1788720469.8326845, 1788720470.4608712, 1788720471.121311, 1788720471.819118, 1788720472.5510483, 1788720473.3073559, 1788720473.8708174, 1788720474.4850504, 1788720475.1332316, 1788720475.8111415, 1788720476.5231645, 1788720477.272464, 1788720478.0762951, 1788720478.6300495, 1788720479.2451737, 1788720479.910158, 1788720480.5984282, 1788720481.3071601, 1788720481.8757842, 1788720482.4938421, 1788720483.1395466, 1788720483.800271, 1788720484.3707561, 1788720484.9890287, 1788720485.639976, 1788720486.3231819, 1788720487.0354793, 1788720487.7895634, 1788720488.5846305, 1788720489.395116]","[1, 1, 1, 1, 1, 1, 1, 1, 1, 1, 1, 1, 1, 1, 1, 1, 1, 1, 1, 1, 1, 1, 1, 1, 1, 1, 1, 1, 1, 1, 1, 1, 1, 1, 1, 1, 1, 1, 1, 1, 1, 1, 1, 1, 1, 1, 1, 1, 1, 1, 1, 1, 1, 1, 1, 1, 1, 1, 1, 1, 1, 1, 1, 1, 1, 1, 1, 1, 1, 1, 1, 1, 1, 1, 1, 1, 1, 1, 1, 1, 1, 1, 1, 1, 1, 1, 1, 1, 1, 1, 1, 1, 1, 1, 1, 1, 1, 1, 1, 1, 1, 1, 1, 1, 1, 1, 1, 1, 1, 1, 1, 1, 1, 1, 1, 1, 1, 1, 1, 1, 1, 1, 1, 1, 1, 1, 1, 1, 1, 1, 1, 1, 1, 1, 1, 1, 1, 1, 1, 1, 1, 1, 1, 1, 1, 1, 1, 1, 1, 1, 1, 1, 1, 1, 1, 1, 1, 1, 1, 1, 1, 1, 1, 1, 1, 1, 1, 1, 1, 1, 1, 1, 1, 1, 1, 1, 1, 1, 1, 1, 1, 1, 1, 1, 1, 1, 1, 1, 1, 1, 1, 1, 1, 1, 1, 1, 1, 1, 1, 1, 1, 1, 1, 1, 1, 1, 1, 1, 1, 1, 1, 1, 1, 1, 1, 1, 1, 1, 1, 1, 1, 1, 1, 1, 1, 1, 1, 1, 1, 1, 1, 1, 1, 1, 1, 1, 1, 1, 1, 1, 1, 1, 1, 1, 1, 1, 1, 1, 1, 1, 1, 1, 1, 1, 1, 1, 1, 1, 1, 1, 1, 1, 1, 1, 1, 1, 1, 1, 1, 1, 1, 1, 1, 1, 1, 1, 1, 1, 1, 1, 1, 1, 1, 1, 1, 1, 1, 1, 1, 1, 1, 1, 1, 1, 1, 1, 1, 1, 1, 1, 1, 1, 1, 1, 1, 1, 1, 1, 1, 1, 1, 1, 1, 1, 1, 1, 1, 1, 1, 1, 1, 1, 1, 1, 1, 1, 1, 1, 1, 1, 1, 1, 1, 1, 1, 1, 1, 1, 1, 1, 1, 1, 1, 1, 1, 1, 1, 1, 1, 1, 1, 1, 1, 1, 1, 1, 1, 1, 1, 1]"
User-017,4,trace_0726,1788720491.8238032,streaming,21305,133,133,322,2,6.426618337631226,98.76600193977356,0.6995407848647146,6.0,0,True,,1788720393.057743,1788720399.4843614,1788720491.823745,"[1788720399.4843614, 1788720400.0628557, 1788720400.7016282, 1788720401.3718467, 1788720402.0662658, 1788720402.7875886, 1788720403.5403335, 1788720404.3186445, 1788720405.1303813, 1788720405.6884809, 1788720406.3024957, 1788720406.9467406, 1788720407.6254547, 1788720408.3329673, 1788720408.9840844, 1788720409.560764, 1788720410.1904426, 1788720410.850632, 1788720411.5369854, 1788720412.1478162, 1788720412.7301652, 1788720413.369403, 1788720414.0497236, 1788720414.7614374, 1788720415.498161, 1788720416.266937, 1788720417.0671983, 1788720417.7057307, 1788720418.2851825, 1788720418.9218454, 1788720419.5920565, 1788720420.2902462, 1788720421.018228, 1788720421.7741072, 1788720422.4568298, 1788720423.055495, 1788720423.7037337, 1788720424.384238, 1788720425.0867, 1788720425.8193083, 1788720426.5838053, 1788720427.37502, 1788720428.197757, 1788720429.049163, 1788720429.681609, 1788720430.2642698, 1788720430.905156, 1788720431.5762947, 1788720432.2785568, 1788720433.028267, 1788720433.7996733, 1788720434.5233443, 1788720435.0885272, 1788720435.7126703, 1788720436.3726037, 1788720437.0686808, 1788720437.7972634, 1788720438.5518174, 1788720439.3397443, 1788720440.1545877, 1788720441.0275362, 1788720441.5776694, 1788720442.190192, 1788720442.8319485, 1788720443.5047874, 1788720444.2077086, 1788720444.9392898, 1788720445.7034647, 1788720446.5027122, 1788720447.3328493, 1788720448.192908, 1788720449.0864224, 1788720450.0109887, 1788720450.7548735, 1788720451.319049, 1788720451.9547164, 1788720452.6161666, 1788720453.3069348, 1788720454.0298836, 1788720454.5929089, 1788720455.2059011, 1788720455.8513632, 1788720456.5345688, 1788720457.2391114, 1788720457.9727354, 1788720458.7494946, 1788720459.5415466, 1788720460.3722203, 1788720460.9292922, 1788720461.5487652, 1788720462.192453, 1788720462.871039, 1788720463.5767367, 1788720464.3126214, 1788720465.082918, 1788720465.8874893, 1788720466.7314935, 1788720467.6054006, 1788720468.5048804, 1788720469.2720177, 1788720469.833054, 1788720470.4613802, 1788720471.121829, 1788720471.819615, 1788720472.5515587, 1788720473.3077457, 1788720473.8713524, 1788720474.4855442, 1788720475.1337626, 1788720475.8116355, 1788720476.5236955, 1788720477.2729726, 1788720478.0767908, 1788720478.6305528, 1788720479.2456703, 1788720479.9106524, 1788720480.5989385, 1788720481.3076599, 1788720481.8762858, 1788720482.4943316, 1788720483.1400423, 1788720483.8007934, 1788720484.3712583, 1788720484.9895122, 1788720485.6404667, 1788720486.3237045, 1788720487.0360243, 1788720487.7900813, 1788720488.5851417, 1788720489.3959892, 1788720490.2405396, 1788720491.1643653, 1788720491.8161566]","[1, 1, 1, 1, 1, 1, 1, 1, 1, 1, 1, 1, 1, 1, 1, 1, 1, 1, 1, 1, 1, 1, 1, 1, 1, 1, 1, 1, 1, 1, 1, 1, 1, 1, 1, 1, 1, 1, 1, 1, 1, 1, 1, 1, 1, 1, 1, 1, 1, 1, 1, 1, 1, 1, 1, 1, 1, 1, 1, 1, 1, 1, 1, 1, 1, 1, 1, 1, 1, 1, 1, 1, 1, 1, 1, 1, 1, 1, 1, 1, 1, 1, 1, 1, 1, 1, 1, 1, 1, 1, 1, 1, 1, 1, 1, 1, 1, 1, 1, 1, 1, 1, 1, 1, 1, 1, 1, 1, 1, 1, 1, 1, 1, 1, 1, 1, 1, 1, 1, 1, 1, 1, 1, 1, 1, 1, 1, 1, 1, 1, 1, 1, 1]"
User-025,8,trace_0588,1788720498.794274,streaming,30573,70,70,469,3,20.28232455253601,68.32369041442871,0.6962516791578652,10.0,0,True,,1788720430.470452,1788720450.7527766,1788720498.7941425,"[1788720450.7527766, 1788720451.3168156, 1788720451.9527028, 1788720452.6140056, 1788720453.3047075, 1788720454.028312, 1788720454.5909, 1788720455.203876, 1788720455.8493218, 1788720456.5306926, 1788720457.237075, 1788720457.9712167, 1788720458.747941, 1788720459.540037, 1788720460.3701706, 1788720460.9277935, 1788720461.5472438, 1788720462.1904666, 1788720462.8690095, 1788720463.574753, 1788720464.310607, 1788720465.0808845, 1788720465.885007, 1788720466.7299097, 1788720467.6042411, 1788720468.5037541, 1788720469.2704923, 1788720469.8319352, 1788720470.4598796, 1788720471.120324, 1788720471.818079, 1788720472.5499969, 1788720473.3053665, 1788720473.8692174, 1788720474.4835193, 1788720475.131604, 1788720475.8096175, 1788720476.52156, 1788720477.2709363, 1788720478.0747957, 1788720478.628547, 1788720479.2436342, 1788720479.9086576, 1788720480.5967746, 1788720481.3057077, 1788720481.8741019, 1788720482.4921875, 1788720483.137856, 1788720483.7987103, 1788720484.3690612, 1788720484.9873848, 1788720485.6382523, 1788720486.3215926, 1788720487.033682, 1788720487.7879212, 1788720488.5828586, 1788720489.3933961, 1788720490.2389219, 1788720491.163619, 1788720491.8146093, 1788720492.4537933, 1788720493.0694346, 1788720493.7547462, 1788720494.4684374, 1788720495.2050416, 1788720495.9721754, 1788720496.7785196, 1788720497.6080618, 1788720498.16737, 1788720498.7852356]","[1, 1, 1, 1, 1, 1, 1, 1, 1, 1, 1, 1, 1, 1, 1, 1, 1, 1, 1, 1, 1, 1, 1, 1, 1, 1, 1, 1, 1, 1, 1, 1, 1, 1, 1, 1, 1, 1, 1, 1, 1, 1, 1, 1, 1, 1, 1, 1, 1, 1, 1, 1, 1, 1, 1, 1, 1, 1, 1, 1, 1, 1, 1, 1, 1, 1, 1, 1, 1, 1]"
User-049,0,trace_0273,1788720507.0985847,streaming,18403,104,104,0,287,8.106785297393799,80.68107461929321,0.7046047506980526,0.0,0,True,,1788720426.4173794,1788720434.5241647,1788720507.098454,"[1788720434.5241647, 1788720435.0890312, 1788720435.7131696, 1788720436.373106, 1788720437.0691726, 1788720437.7977717, 1788720438.5523274, 1788720439.3402522, 1788720440.1551216, 1788720441.0280395, 1788720441.5781684, 1788720442.1907399, 1788720442.8324518, 1788720443.505161, 1788720444.2082055, 1788720444.939789, 1788720445.703983, 1788720446.5032275, 1788720447.3333695, 1788720448.1934, 1788720449.08697, 1788720450.0112348, 1788720450.7553978, 1788720451.3195639, 1788720451.955246, 1788720452.61666, 1788720453.3074534, 1788720454.030265, 1788720454.593421, 1788720455.2063904, 1788720455.8518627, 1788720456.5351582, 1788720457.2396069, 1788720457.9731066, 1788720458.7500463, 1788720459.5419335, 1788720460.3728669, 1788720460.9296634, 1788720461.5491426, 1788720462.1929338, 1788720462.8715374, 1788720463.577229, 1788720464.313145, 1788720465.0834157, 1788720465.887999, 1788720466.7320132, 1788720467.6057916, 1788720468.505253, 1788720469.272523, 1788720469.833426, 1788720470.461882, 1788720471.1223292, 1788720471.8201075, 1788720472.5521026, 1788720473.308134, 1788720473.8718748, 1788720474.4860487, 1788720475.1342912, 1788720475.8121305, 1788720476.524241, 1788720477.2734706, 1788720478.0772777, 1788720478.6310768, 1788720479.2461627, 1788720479.9111652, 1788720480.5994399, 1788720481.3081388, 1788720481.8767884, 1788720482.4948363, 1788720483.1405382, 1788720483.8014803, 1788720484.3717554, 1788720484.9900215, 1788720485.6409554, 1788720486.3242264, 1788720487.0365548, 1788720487.7905717, 1788720488.58565, 1788720489.3964956, 1788720490.241032, 1788720491.1646154, 1788720491.8169827, 1788720492.4545467, 1788720493.071046, 1788720493.7563896, 1788720494.4700918, 1788720495.2066503, 1788720495.9738302, 1788720496.7800372, 1788720497.6092324, 1788720498.1690066, 1788720498.7873244, 1788720499.4326355, 1788720500.1073022, 1788720500.8131819, 1788720501.467533, 1788720502.0443144, 1788720502.6708093, 1788720503.3316972, 1788720504.0186958, 1788720504.7360473, 1788720505.4872313, 1788720506.2728124, 1788720507.091187]","[1, 1, 1, 1, 1, 1, 1, 1, 1, 1, 1, 1, 1, 1, 1, 1, 1, 1, 1, 1, 1, 1, 1, 1, 1, 1, 1, 1, 1, 1, 1, 1, 1, 1, 1, 1, 1, 1, 1, 1, 1, 1, 1, 1, 1, 1, 1, 1, 1, 1, 1, 1, 1, 1, 1, 1, 1, 1, 1, 1, 1, 1, 1, 1, 1, 1, 1, 1, 1, 1, 1, 1, 1, 1, 1, 1, 1, 1, 1, 1, 1, 1, 1, 1, 1, 1, 1, 1, 1, 1, 1, 1, 1, 1, 1, 1, 1, 1, 1, 1, 1, 1, 1, 1]"
User-044,0,trace_0272,1788720513.7928832,streaming,24544,315,315,0,383,16.73861265182495,186.49925661087036,0.5406389935001447,0.0,0,True,,1788720327.2932718,1788720344.0318844,1788720513.7925284,"[1788720344.0318844, 1788720344.598685, 1788720345.2210343, 1788720345.876293, 1788720346.564313, 1788720347.278797, 1788720348.0254133, 1788720348.8032255, 1788720349.6210377, 1788720350.4786658, 1788720351.3609917, 1788720352.2693624, 1788720353.0104706, 1788720353.5763443, 1788720354.2045639, 1788720354.8677032, 1788720355.564834, 1788720356.2808971, 1788720357.0311542, 1788720357.8135624, 1788720358.5080636, 1788720359.0820775, 1788720359.7087417, 1788720360.3700774, 1788720361.05979, 1788720361.7777479, 1788720362.5285082, 1788720363.3131666, 1788720364.0479438, 1788720364.6142333, 1788720365.2414556, 1788720365.8920274, 1788720366.5999243, 1788720367.2950773, 1788720368.0370479, 1788720368.8167763, 1788720369.6284835, 1788720370.4728265, 1788720371.3450832, 1788720372.2497091, 1788720372.8941896, 1788720373.4680872, 1788720374.1083202, 1788720374.799765, 1788720375.5179756, 1788720376.1021261, 1788720376.742715, 1788720377.41046, 1788720378.1028116, 1788720378.823784, 1788720379.5762556, 1788720380.2039814, 1788720380.7625644, 1788720381.3813848, 1788720382.0179417, 1788720382.6933382, 1788720383.400445, 1788720384.1341708, 1788720384.8968618, 1788720385.6955845, 1788720386.5246205, 1788720387.3857727, 1788720388.2813401, 1788720389.2010267, 1788720389.5699165, 1788720389.5834773, 1788720389.6377008, 1788720389.6876814, 1788720389.7370038, 1788720389.790175, 1788720389.8370543, 1788720389.891218, 1788720389.9351718, 1788720389.9835262, 1788720390.0339983, 1788720390.0826662, 1788720390.13482, 1788720390.1821625, 1788720390.2315495, 1788720390.2781541, 1788720390.3259532, 1788720390.3741493, 1788720390.423873, 1788720390.4720635, 1788720390.5233605, 1788720390.5683713, 1788720390.6167696, 1788720390.6666265, 1788720390.714513, 1788720390.7618918, 1788720390.8122096, 1788720390.8600047, 1788720390.9102468, 1788720390.958412, 1788720391.005159, 1788720391.056971, 1788720391.1014552, 1788720391.1490424, 1788720391.1981552, 1788720391.2456074, 1788720391.293111, 1788720391.3428607, 1788720391.3903913, 1788720391.4403236, 1788720391.4852765, 1788720391.5344684, 1788720391.5811286, 1788720391.6296463, 1788720391.6751237, 1788720391.7260818, 1788720391.768388, 1788720391.8148816, 1788720391.8646784, 1788720391.9059305, 1788720391.951071, 1788720391.9967997, 1788720392.041792, 1788720392.0870109, 1788720392.1329427, 1788720392.1781764, 1788720392.223331, 1788720392.2690387, 1788720392.3143647, 1788720392.3597996, 1788720392.4070716, 1788720392.4493034, 1788720392.4960742, 1788720392.5409205, 1788720392.5869038, 1788720392.6317124, 1788720392.6769805, 1788720392.722891, 1788720392.7679248, 1788720392.8154285, 1788720392.8597147, 1788720392.904925, 1788720392.9498487, 1788720392.9959307, 1788720393.065399, 1788720393.0881913, 1788720393.1389427, 1788720393.1792057, 1788720393.222942, 1788720393.804018, 1788720394.4146793, 1788720395.0582507, 1788720395.733047, 1788720396.4352686, 1788720397.167073, 1788720397.934031, 1788720398.7310061, 1788720399.4866586, 1788720400.0648842, 1788720400.7038045, 1788720401.373864, 1788720402.0678554, 1788720402.7897663, 1788720403.542378, 1788720404.3204324, 1788720405.1324906, 1788720405.6904752, 1788720406.3044977, 1788720406.94893, 1788720407.6275985, 1788720408.335186, 1788720408.986304, 1788720409.5628068, 1788720410.1922183, 1788720410.852702, 1788720411.538937, 1788720412.1496031, 1788720412.7319448, 1788720413.3717039, 1788720414.0511801, 1788720414.7629435, 1788720415.4996822, 1788720416.2684453, 1788720417.0688548, 1788720417.7069306, 1788720418.286858, 1788720418.9233308, 1788720419.5935583, 1788720420.2917461, 1788720421.01973, 1788720421.775615, 1788720422.4589705, 1788720423.0564995, 1788720423.704483, 1788720424.3849952, 1788720425.0877044, 1788720425.8201168, 1788720426.5848489, 1788720427.375797, 1788720428.1987925, 1788720429.0499415, 1788720429.683598, 1788720430.265759, 1788720430.9067225, 1788720431.5774343, 1788720432.280056, 1788720433.0298767, 1788720433.8008332, 1788720434.5257635, 1788720435.090551, 1788720435.7146618, 1788720436.3746173, 1788720437.0706694, 1788720437.799367, 1788720438.553834, 1788720439.3417504, 1788720440.1567035, 1788720441.0297017, 1788720441.579683, 1788720442.1923075, 1788720442.8339667, 1788720443.506283, 1788720444.2097208, 1788720444.9412768, 1788720445.705503, 1788720446.5048175, 1788720447.3349476, 1788720448.1966796, 1788720449.0883439, 1788720450.0119572, 1788720450.7570503, 1788720451.3207843, 1788720451.9563794, 1788720452.6181178, 1788720453.3087437, 1788720454.0315464, 1788720454.5949206, 1788720455.2078936, 1788720455.8533545, 1788720456.5367782, 1788720457.241093, 1788720457.974251, 1788720458.7513523, 1788720459.5430682, 1788720460.3743646, 1788720460.9308062, 1788720461.550281, 1788720462.1944141, 1788720462.8730223, 1788720463.5787008, 1788720464.3146405, 1788720465.084917, 1788720465.8895073, 1788720466.7335699, 1788720467.6069326, 1788720468.506382, 1788720469.2740169, 1788720469.8345468, 1788720470.4633112, 1788720471.1238582, 1788720471.821632, 1788720472.5536208, 1788720473.3093007, 1788720473.8734672, 1788720474.4875538, 1788720475.135925, 1788720475.8135948, 1788720476.5261528, 1788720477.2744634, 1788720478.0782588, 1788720478.631888, 1788720479.2471826, 1788720479.912193, 1788720480.600441, 1788720481.3099031, 1788720481.878256, 1788720482.4962955, 1788720483.142013, 1788720483.8029928, 1788720484.3732438, 1788720484.991521, 1788720485.6424417, 1788720486.3257606, 1788720487.0380168, 1788720487.7920578, 1788720488.5872252, 1788720489.397996, 1788720490.24251, 1788720491.1653693, 1788720491.818771, 1788720492.4553075, 1788720493.0723574, 1788720493.7578855, 1788720494.4716203, 1788720495.208234, 1788720495.9753401, 1788720496.7815244, 1788720497.6105347, 1788720498.1704805, 1788720498.7888114, 1788720499.4341128, 1788720500.1088085, 1788720500.8143682, 1788720501.469204, 1788720502.0459218, 1788720502.672324, 1788720503.3332057, 1788720504.0202208, 1788720504.7375398, 1788720505.4887362, 1788720506.2743108, 1788720507.092998, 1788720507.942554, 1788720508.8327072, 1788720509.740914, 1788720510.5485797, 1788720511.1022892, 1788720511.7270238, 1788720512.3828945, 1788720513.0691829, 1788720513.7869964]","[1, 1, 1, 1, 1, 1, 1, 1, 1, 1, 1, 1, 1, 1, 1, 1, 1, 1, 1, 1, 1, 1, 1, 1, 1, 1, 1, 1, 1, 1, 1, 1, 1, 1, 1, 1, 1, 1, 1, 1, 1, 1, 1, 1, 1, 1, 1, 1, 1, 1, 1, 1, 1, 1, 1, 1, 1, 1, 1, 1, 1, 1, 1, 1, 1, 1, 1, 1, 1, 1, 1, 1, 1, 1, 1, 1, 1, 1, 1, 1, 1, 1, 1, 1, 1, 1, 1, 1, 1, 1, 1, 1, 1, 1, 1, 1, 1, 1, 1, 1, 1, 1, 1, 1, 1, 1, 1, 1, 1, 1, 1, 1, 1, 1, 1, 1, 1, 1, 1, 1, 1, 1, 1, 1, 1, 1, 1, 1, 1, 1, 1, 1, 1, 1, 1, 1, 1, 1, 1, 1, 1, 1, 1, 1, 1, 1, 1, 1, 1, 1, 1, 1, 1, 1, 1, 1, 1, 1, 1, 1, 1, 1, 1, 1, 1, 1, 1, 1, 1, 1, 1, 1, 1, 1, 1, 1, 1, 1, 1, 1, 1, 1, 1, 1, 1, 1, 1, 1, 1, 1, 1, 1, 1, 1, 1, 1, 1, 1, 1, 1, 1, 1, 1, 1, 1, 1, 1, 1, 1, 1, 1, 1, 1, 1, 1, 1, 1, 1, 1, 1, 1, 1, 1, 1, 1, 1, 1, 1, 1, 1, 1, 1, 1, 1, 1, 1, 1, 1, 1, 1, 1, 1, 1, 1, 1, 1, 1, 1, 1, 1, 1, 1, 1, 1, 1, 1, 1, 1, 1, 1, 1, 1, 1, 1, 1, 1, 1, 1, 1, 1, 1, 1, 1, 1, 1, 1, 1, 1, 1, 1, 1, 1, 1, 1, 1, 1, 1, 1, 1, 1, 1, 1, 1, 1, 1, 1, 1, 1, 1, 1, 1, 1, 1, 1, 1, 1, 1, 1, 1, 1, 1, 1, 1, 1, 1]"
User-043,0,trace_0052,1788720515.8287292,streaming,15183,328,328,0,236,27.274484872817993,206.40214848518372,0.5477910202213019,0.0,0,True,,1788720309.426525,1788720336.70101,1788720515.8286736,"[1788720336.70101, 1788720337.301979, 1788720337.949957, 1788720338.6268249, 1788720339.3270135, 1788720340.05954, 1788720340.814795, 1788720341.6100836, 1788720342.4250035, 1788720343.2704399, 1788720344.0330148, 1788720344.5995674, 1788720345.2220623, 1788720345.8772774, 1788720346.5650592, 1788720347.279848, 1788720348.0264313, 1788720348.803723, 1788720349.621799, 1788720350.479701, 1788720351.3617308, 1788720352.2705023, 1788720353.0115492, 1788720353.5768058, 1788720354.2055254, 1788720354.86844, 1788720355.565646, 1788720356.2818644, 1788720357.0321805, 1788720357.8145478, 1788720358.5085573, 1788720359.0830667, 1788720359.7094977, 1788720360.3708982, 1788720361.0607698, 1788720361.7787113, 1788720362.5294898, 1788720363.3139267, 1788720364.0484052, 1788720364.6151147, 1788720365.2419202, 1788720365.8930175, 1788720366.6003838, 1788720367.296068, 1788720368.0377889, 1788720368.817751, 1788720369.6295035, 1788720370.4738126, 1788720371.345829, 1788720372.2507625, 1788720372.8960166, 1788720373.4687529, 1788720374.1094284, 1788720374.8012333, 1788720375.5195181, 1788720376.1036496, 1788720376.7440436, 1788720377.4120028, 1788720378.1043034, 1788720378.8252664, 1788720379.5769448, 1788720380.2046428, 1788720380.7640836, 1788720381.3829138, 1788720382.019467, 1788720382.6948712, 1788720383.40202, 1788720384.1357048, 1788720384.897979, 1788720385.697083, 1788720386.526135, 1788720387.387149, 1788720388.282868, 1788720389.2025383, 1788720389.5713902, 1788720389.5845942, 1788720389.6392214, 1788720389.68918, 1788720389.7384923, 1788720389.7913582, 1788720389.838552, 1788720389.8918736, 1788720389.9366672, 1788720389.984176, 1788720390.035505, 1788720390.0841548, 1788720390.135654, 1788720390.1833153, 1788720390.2330422, 1788720390.2793543, 1788720390.3274326, 1788720390.3759434, 1788720390.425173, 1788720390.4737818, 1788720390.5242548, 1788720390.5696807, 1788720390.61854, 1788720390.6683981, 1788720390.716313, 1788720390.7634342, 1788720390.8139405, 1788720390.861735, 1788720390.9114275, 1788720390.9601915, 1788720391.0066748, 1788720391.0583408, 1788720391.1031935, 1788720391.150798, 1788720391.1996665, 1788720391.2471414, 1788720391.294589, 1788720391.3443494, 1788720391.3918667, 1788720391.4418156, 1788720391.4868078, 1788720391.5362155, 1788720391.5828826, 1788720391.6312127, 1788720391.676617, 1788720391.7275937, 1788720391.769872, 1788720391.8163784, 1788720391.866171, 1788720391.907664, 1788720391.9527361, 1788720391.9983084, 1788720392.0433447, 1788720392.088502, 1788720392.1344385, 1788720392.1797242, 1788720392.2248, 1788720392.27052, 1788720392.315852, 1788720392.3613, 1788720392.4085891, 1788720392.4504032, 1788720392.4976096, 1788720392.542382, 1788720392.5884254, 1788720392.6332238, 1788720392.678453, 1788720392.7243836, 1788720392.769383, 1788720392.816926, 1788720392.861193, 1788720392.9064128, 1788720392.9509566, 1788720392.9971895, 1788720393.0661411, 1788720393.089484, 1788720393.1404088, 1788720393.1807876, 1788720393.2244809, 1788720393.8054934, 1788720394.4161735, 1788720395.0597513, 1788720395.7346158, 1788720396.436808, 1788720397.1685941, 1788720397.9355917, 1788720398.7321894, 1788720399.488274, 1788720400.0663893, 1788720400.7052703, 1788720401.3753455, 1788720402.069062, 1788720402.7912626, 1788720403.5435722, 1788720404.321529, 1788720405.133954, 1788720405.6919904, 1788720406.3059778, 1788720406.9504328, 1788720407.6290178, 1788720408.3367732, 1788720408.9878402, 1788720409.5647817, 1788720410.1934164, 1788720410.854111, 1788720411.5404167, 1788720412.1507795, 1788720412.73306, 1788720413.3731496, 1788720414.0523236, 1788720414.7644513, 1788720415.5011652, 1788720416.2699413, 1788720417.0704195, 1788720417.7080865, 1788720418.2882452, 1788720418.9247913, 1788720419.5950677, 1788720420.2932541, 1788720421.0209136, 1788720421.7767916, 1788720422.4615111, 1788720423.0584805, 1788720423.7059715, 1788720424.3865068, 1788720425.0896738, 1788720425.821652, 1788720426.5869246, 1788720427.3773324, 1788720428.2007637, 1788720429.051529, 1788720429.6856432, 1788720430.267754, 1788720430.908561, 1788720431.5790324, 1788720432.2820203, 1788720433.031852, 1788720433.802345, 1788720434.5278022, 1788720435.0925615, 1788720435.7166538, 1788720436.3769922, 1788720437.0759697, 1788720437.8008702, 1788720438.5553472, 1788720439.3432724, 1788720440.1582694, 1788720441.0312095, 1788720441.5811994, 1788720442.1938655, 1788720442.8355434, 1788720443.507426, 1788720444.2112494, 1788720444.942795, 1788720445.7070014, 1788720446.5064287, 1788720447.336513, 1788720448.1978853, 1788720449.089456, 1788720450.0126643, 1788720450.7585428, 1788720451.3219295, 1788720451.9571054, 1788720452.6195881, 1788720453.3098574, 1788720454.0327113, 1788720454.5964444, 1788720455.2093897, 1788720455.854902, 1788720456.5383983, 1788720457.2425802, 1788720457.9753795, 1788720458.7524705, 1788720459.5442455, 1788720460.3758512, 1788720460.9319267, 1788720461.5514274, 1788720462.195881, 1788720462.8745084, 1788720463.5802324, 1788720464.315641, 1788720465.0863984, 1788720465.8931956, 1788720466.7351582, 1788720467.6081378, 1788720468.507529, 1788720469.2754078, 1788720469.8356767, 1788720470.4639776, 1788720471.125364, 1788720471.8231544, 1788720472.5551784, 1788720473.3104382, 1788720473.8750744, 1788720474.489051, 1788720475.1375048, 1788720475.815093, 1788720476.5277524, 1788720477.2759933, 1788720478.080108, 1788720478.633, 1788720479.2486646, 1788720479.9137125, 1788720480.6019077, 1788720481.311511, 1788720481.87974, 1788720482.4977489, 1788720483.1435015, 1788720483.8045032, 1788720484.3747132, 1788720484.9930124, 1788720485.643964, 1788720486.3273337, 1788720487.039506, 1788720487.793539, 1788720488.588075, 1788720489.3994985, 1788720490.2438817, 1788720491.1661131, 1788720491.8203247, 1788720492.456084, 1788720493.0735805, 1788720493.7593937, 1788720494.4731615, 1788720495.2098439, 1788720495.9768128, 1788720496.7830384, 1788720497.6117055, 1788720498.1719687, 1788720498.7902994, 1788720499.4356089, 1788720500.110288, 1788720500.8155563, 1788720501.4706922, 1788720502.0475664, 1788720502.6738136, 1788720503.3346963, 1788720504.0217435, 1788720504.7390623, 1788720505.4902241, 1788720506.2758293, 1788720507.094486, 1788720507.9440815, 1788720508.834241, 1788720509.7424052, 1788720510.5500693, 1788720511.1037447, 1788720511.728576, 1788720512.3843682, 1788720513.0706494, 1788720513.7888162, 1788720514.5351918, 1788720515.2525704, 1788720515.8248012]","[1, 1, 1, 1, 1, 1, 1, 1, 1, 1, 1, 1, 1, 1, 1, 1, 1, 1, 1, 1, 1, 1, 1, 1, 1, 1, 1, 1, 1, 1, 1, 1, 1, 1, 1, 1, 1, 1, 1, 1, 1, 1, 1, 1, 1, 1, 1, 1, 1, 1, 1, 1, 1, 1, 1, 1, 1, 1, 1, 1, 1, 1, 1, 1, 1, 1, 1, 1, 1, 1, 1, 1, 1, 1, 1, 1, 1, 1, 1, 1, 1, 1, 1, 1, 1, 1, 1, 1, 1, 1, 1, 1, 1, 1, 1, 1, 1, 1, 1, 1, 1, 1, 1, 1, 1, 1, 1, 1, 1, 1, 1, 1, 1, 1, 1, 1, 1, 1, 1, 1, 1, 1, 1, 1, 1, 1, 1, 1, 1, 1, 1, 1, 1, 1, 1, 1, 1, 1, 1, 1, 1, 1, 1, 1, 1, 1, 1, 1, 1, 1, 1, 1, 1, 1, 1, 1, 1, 1, 1, 1, 1, 1, 1, 1, 1, 1, 1, 1, 1, 1, 1, 1, 1, 1, 1, 1, 1, 1, 1, 1, 1, 1, 1, 1, 1, 1, 1, 1, 1, 1, 1, 1, 1, 1, 1, 1, 1, 1, 1, 1, 1, 1, 1, 1, 1, 1, 1, 1, 1, 1, 1, 1, 1, 1, 1, 1, 1, 1, 1, 1, 1, 1, 1, 1, 1, 1, 1, 1, 1, 1, 1, 1, 1, 1, 1, 1, 1, 1, 1, 1, 1, 1, 1, 1, 1, 1, 1, 1, 1, 1, 1, 1, 1, 1, 1, 1, 1, 1, 1, 1, 1, 1, 1, 1, 1, 1, 1, 1, 1, 1, 1, 1, 1, 1, 1, 1, 1, 1, 1, 1, 1, 1, 1, 1, 1, 1, 1, 1, 1, 1, 1, 1, 1, 1, 1, 1, 1, 1, 1, 1, 1, 1, 1, 1, 1, 1, 1, 1, 1, 1, 1, 1, 1, 1, 1, 1, 1, 1, 1, 1, 1, 1, 1, 1, 1, 1, 1, 1]"
User-035,1,trace_0062,1788720520.945241,streaming,16361,382,382,233,22,98.91681957244873,317.2372944355011,0.5730196190631296,9.0,0,True,,1788720203.7078362,1788720302.6246557,1788720520.9451306,"[1788720302.6246557, 1788720303.2237825, 1788720303.853732, 1788720304.540401, 1788720305.2528818, 1788720305.991893, 1788720306.7670155, 1788720307.5660567, 1788720308.2778406, 1788720308.845067, 1788720309.480908, 1788720310.1318367, 1788720310.8219748, 1788720311.5385149, 1788720312.2845094, 1788720313.0660698, 1788720313.873129, 1788720314.4877796, 1788720315.067827, 1788720315.706083, 1788720316.3818073, 1788720317.0924687, 1788720317.8423045, 1788720318.6263542, 1788720319.4312515, 1788720320.270382, 1788720321.1294267, 1788720322.0279286, 1788720322.9459653, 1788720323.6696892, 1788720324.2277641, 1788720324.8598695, 1788720325.526959, 1788720326.2225487, 1788720326.9452438, 1788720327.702461, 1788720328.488375, 1788720329.3124406, 1788720330.1755772, 1788720331.0681863, 1788720331.9834137, 1788720332.7626517, 1788720333.3183331, 1788720333.9437635, 1788720334.6053267, 1788720335.2954507, 1788720336.0128243, 1788720336.705034, 1788720337.3059766, 1788720337.9539561, 1788720338.6289709, 1788720339.3312838, 1788720340.063484, 1788720340.8168757, 1788720341.614178, 1788720342.4290345, 1788720343.2744465, 1788720344.037021, 1788720344.6014502, 1788720345.2260559, 1788720345.880233, 1788720346.5680532, 1788720347.2838113, 1788720348.028837, 1788720348.805652, 1788720349.625224, 1788720350.483583, 1788720351.3647196, 1788720352.27446, 1788720353.0134468, 1788720353.5786386, 1788720354.209391, 1788720354.871477, 1788720355.5689604, 1788720356.285735, 1788720357.0362422, 1788720357.81852, 1788720358.5104349, 1788720359.0871341, 1788720359.7124915, 1788720360.3739624, 1788720361.0647407, 1788720361.7818985, 1788720362.5333796, 1788720363.3169765, 1788720364.0502532, 1788720364.6181135, 1788720365.243813, 1788720365.8962693, 1788720366.6021416, 1788720367.2998838, 1788720368.0408537, 1788720368.8217008, 1788720369.6334884, 1788720370.4766736, 1788720371.3488662, 1788720372.2531052, 1788720372.8999426, 1788720373.4704928, 1788720374.112763, 1788720374.8043566, 1788720375.5225768, 1788720376.1051, 1788720376.745465, 1788720377.4150496, 1788720378.1073163, 1788720378.8280873, 1788720379.5783117, 1788720380.2059872, 1788720380.7671034, 1788720381.385964, 1788720382.0224888, 1788720382.6967952, 1788720383.4085617, 1788720384.1386943, 1788720384.900197, 1788720385.70006, 1788720386.5291736, 1788720387.388537, 1788720388.2844987, 1788720389.2055264, 1788720389.573122, 1788720389.587285, 1788720389.6427753, 1788720389.6917977, 1788720389.7404466, 1788720389.792955, 1788720389.8403888, 1788720389.8935606, 1788720389.9393353, 1788720389.9855418, 1788720390.03846, 1788720390.08716, 1788720390.1372297, 1788720390.1855514, 1788720390.2355244, 1788720390.28068, 1788720390.3287363, 1788720390.3789275, 1788720390.4274752, 1788720390.4758892, 1788720390.525883, 1788720390.5719273, 1788720390.6215706, 1788720390.6712556, 1788720390.71924, 1788720390.766714, 1788720390.8169448, 1788720390.863849, 1788720390.9136574, 1788720390.9633234, 1788720391.0083735, 1788720391.0606303, 1788720391.1045532, 1788720391.1538522, 1788720391.2028902, 1788720391.2504435, 1788720391.2978032, 1788720391.3475451, 1788720391.394866, 1788720391.4439616, 1788720391.488419, 1788720391.539217, 1788720391.5859208, 1788720391.6344519, 1788720391.6794026, 1788720391.7305863, 1788720391.7719998, 1788720391.8195195, 1788720391.868136, 1788720391.910189, 1788720391.9552886, 1788720392.0035126, 1788720392.045849, 1788720392.0910978, 1788720392.1371324, 1788720392.182622, 1788720392.2274413, 1788720392.2730496, 1788720392.318474, 1788720392.3639803, 1788720392.4112153, 1788720392.4524732, 1788720392.500336, 1788720392.54498, 1788720392.591059, 1788720392.6359587, 1788720392.6810048, 1788720392.7271178, 1788720392.7720003, 1788720392.8193576, 1788720392.8638365, 1788720392.9091382, 1788720392.95281, 1788720392.9991019, 1788720393.0673807, 1788720393.091411, 1788720393.142876, 1788720393.1836104, 1788720393.2270396, 1788720393.8075225, 1788720394.4186635, 1788720395.0622034, 1788720395.7361665, 1788720396.439271, 1788720397.1711073, 1788720397.9381304, 1788720398.7340438, 1788720399.4910297, 1788720400.068894, 1788720400.7076437, 1788720401.377856, 1788720402.0710657, 1788720402.79375, 1788720403.54477, 1788720404.3233945, 1788720405.1363542, 1788720405.6945324, 1788720406.3084958, 1788720406.9520333, 1788720407.6313941, 1788720408.3401585, 1788720408.9912527, 1788720409.5677395, 1788720410.1957972, 1788720410.8569713, 1788720411.5433736, 1788720412.15313, 1788720412.7352967, 1788720413.3756843, 1788720414.0545683, 1788720414.7674346, 1788720415.5037796, 1788720416.2721238, 1788720417.0724983, 1788720417.7104223, 1788720418.2905579, 1788720418.9276006, 1788720419.5967946, 1788720420.2962546, 1788720421.023283, 1788720421.7791693, 1788720422.4641309, 1788720423.0604117, 1788720423.7082357, 1788720424.3890877, 1788720425.0918367, 1788720425.8235586, 1788720426.5884395, 1788720427.3792663, 1788720428.2035239, 1788720429.0535202, 1788720429.6881375, 1788720430.2702124, 1788720430.9105678, 1788720431.5809479, 1788720432.2845519, 1788720433.033103, 1788720433.804249, 1788720434.5303273, 1788720435.0950615, 1788720435.7191474, 1788720436.379519, 1788720437.0786035, 1788720437.8037555, 1788720438.5573661, 1788720439.3452733, 1788720440.16036, 1788720441.0324535, 1788720441.5832186, 1788720442.195992, 1788720442.836721, 1788720443.508904, 1788720444.2129111, 1788720444.9442933, 1788720445.708998, 1788720446.5084448, 1788720447.338583, 1788720448.1994584, 1788720449.0909731, 1788720450.0136168, 1788720450.7605662, 1788720451.3234398, 1788720451.9580858, 1788720452.6215236, 1788720453.3113763, 1788720454.0342708, 1788720454.598415, 1788720455.2114177, 1788720455.8569145, 1788720456.539697, 1788720457.244629, 1788720457.976892, 1788720458.753976, 1788720459.545732, 1788720460.377809, 1788720460.9333978, 1788720461.5529308, 1788720462.197846, 1788720462.8764853, 1788720463.5821903, 1788720464.316544, 1788720465.0877616, 1788720465.8953848, 1788720466.737248, 1788720467.609659, 1788720468.509029, 1788720469.2767994, 1788720469.8375397, 1788720470.465074, 1788720471.127843, 1788720471.8243234, 1788720472.5563931, 1788720473.3123577, 1788720473.876458, 1788720474.4914286, 1788720475.1397376, 1788720475.8163161, 1788720476.530361, 1788720477.2784848, 1788720478.0833604, 1788720478.635265, 1788720479.2516, 1788720479.9159582, 1788720480.6040466, 1788720481.314448, 1788720481.8827615, 1788720482.5006711, 1788720483.1457338, 1788720483.8074424, 1788720484.3764446, 1788720484.995953, 1788720485.6469655, 1788720486.3287992, 1788720487.0424135, 1788720487.7964494, 1788720488.5896266, 1788720489.4005682, 1788720490.2457516, 1788720491.1675098, 1788720491.8228467, 1788720492.4573216, 1788720493.075502, 1788720493.7618468, 1788720494.475602, 1788720495.2124045, 1788720495.979336, 1788720496.784515, 1788720497.6143017, 1788720498.1749444, 1788720498.7932642, 1788720499.4385834, 1788720500.1129546, 1788720500.8179235, 1788720501.4726608, 1788720502.049103, 1788720502.6761825, 1788720503.3377357, 1788720504.0241528, 1788720504.741452, 1788720505.493272, 1788720506.27884, 1788720507.0974686, 1788720507.9470656, 1788720508.8365328, 1788720509.7445066, 1788720510.5530922, 1788720511.1066742, 1788720511.731714, 1788720512.3873572, 1788720513.0736265, 1788720513.7920089, 1788720514.5381708, 1788720515.256379, 1788720515.8282022, 1788720516.4688053, 1788720517.140246, 1788720517.8437812, 1788720518.5770085, 1788720519.3305068, 1788720520.123929, 1788720520.9434597]","[1, 1, 1, 1, 1, 1, 1, 1, 1, 1, 1, 1, 1, 1, 1, 1, 1, 1, 1, 1, 1, 1, 1, 1, 1, 1, 1, 1, 1, 1, 1, 1, 1, 1, 1, 1, 1, 1, 1, 1, 1, 1, 1, 1, 1, 1, 1, 1, 1, 1, 1, 1, 1, 1, 1, 1, 1, 1, 1, 1, 1, 1, 1, 1, 1, 1, 1, 1, 1, 1, 1, 1, 1, 1, 1, 1, 1, 1, 1, 1, 1, 1, 1, 1, 1, 1, 1, 1, 1, 1, 1, 1, 1, 1, 1, 1, 1, 1, 1, 1, 1, 1, 1, 1, 1, 1, 1, 1, 1, 1, 1, 1, 1, 1, 1, 1, 1, 1, 1, 1, 1, 1, 1, 1, 1, 1, 1, 1, 1, 1, 1, 1, 1, 1, 1, 1, 1, 1, 1, 1, 1, 1, 1, 1, 1, 1, 1, 1, 1, 1, 1, 1, 1, 1, 1, 1, 1, 1, 1, 1, 1, 1, 1, 1, 1, 1, 1, 1, 1, 1, 1, 1, 1, 1, 1, 1, 1, 1, 1, 1, 1, 1, 1, 1, 1, 1, 1, 1, 1, 1, 1, 1, 1, 1, 1, 1, 1, 1, 1, 1, 1, 1, 1, 1, 1, 1, 1, 1, 1, 1, 1, 1, 1, 1, 1, 1, 1, 1, 1, 1, 1, 1, 1, 1, 1, 1, 1, 1, 1, 1, 1, 1, 1, 1, 1, 1, 1, 1, 1, 1, 1, 1, 1, 1, 1, 1, 1, 1, 1, 1, 1, 1, 1, 1, 1, 1, 1, 1, 1, 1, 1, 1, 1, 1, 1, 1, 1, 1, 1, 1, 1, 1, 1, 1, 1, 1, 1, 1, 1, 1, 1, 1, 1, 1, 1, 1, 1, 1, 1, 1, 1, 1, 1, 1, 1, 1, 1, 1, 1, 1, 1, 1, 1, 1, 1, 1, 1, 1, 1, 1, 1, 1, 1, 1, 1, 1, 1, 1, 1, 1, 1, 1, 1, 1, 1, 1, 1, 1, 1, 1, 1, 1, 1, 1, 1, 1, 1, 1, 1, 1, 1, 1, 1, 1, 1, 1, 1, 1, 1, 1, 1, 1, 1, 1, 1, 1, 1, 1, 1, 1, 1, 1, 1, 1, 1, 1, 1, 1, 1, 1, 1, 1, 1, 1, 1, 1, 1, 1, 1, 1, 1, 1]"
User-047,1,trace_0228,1788720536.6452224,streaming,9737,75,75,142,151,10.296705961227417,63.143656492233276,0.7141479801487278,2383.0,0,True,,1788720473.5015025,1788720483.7982085,1788720536.645159,"[1788720483.7982085, 1788720484.3685513, 1788720484.9868736, 1788720485.6377447, 1788720486.3210678, 1788720487.033181, 1788720487.7874267, 1788720488.5823054, 1788720489.39273, 1788720490.2384045, 1788720491.1633735, 1788720491.814097, 1788720492.4535365, 1788720493.0689044, 1788720493.7542028, 1788720494.467936, 1788720495.2045145, 1788720495.9716766, 1788720496.7780187, 1788720497.6076763, 1788720498.1668632, 1788720498.784704, 1788720499.4309971, 1788720500.1057684, 1788720500.811976, 1788720501.4659982, 1788720502.0427144, 1788720502.6691267, 1788720503.3300126, 1788720504.0170326, 1788720504.7345126, 1788720505.485529, 1788720506.2711565, 1788720507.0894613, 1788720507.9399273, 1788720508.8300703, 1788720509.738424, 1788720510.5459228, 1788720511.099727, 1788720511.7244174, 1788720512.3803473, 1788720513.0667017, 1788720513.7844827, 1788720514.5316842, 1788720515.2491605, 1788720515.82118, 1788720516.4622808, 1788720517.1342406, 1788720517.837268, 1788720518.5710552, 1788720519.3241038, 1788720520.1175692, 1788720520.9383588, 1788720521.5863924, 1788720522.1821017, 1788720522.835337, 1788720523.517347, 1788720524.2221472, 1788720524.9564726, 1788720525.7218099, 1788720526.518152, 1788720527.346005, 1788720528.2095122, 1788720529.1003518, 1788720530.0228348, 1788720530.9066243, 1788720531.4548385, 1788720532.0730586, 1788720532.7244878, 1788720533.4069977, 1788720534.114843, 1788720534.7657335, 1788720535.3454504, 1788720535.974183, 1788720536.6381395]","[1, 1, 1, 1, 1, 1, 1, 1, 1, 1, 1, 1, 1, 1, 1, 1, 1, 1, 1, 1, 1, 1, 1, 1, 1, 1, 1, 1, 1, 1, 1, 1, 1, 1, 1, 1, 1, 1, 1, 1, 1, 1, 1, 1, 1, 1, 1, 1, 1, 1, 1, 1, 1, 1, 1, 1, 1, 1, 1, 1, 1, 1, 1, 1, 1, 1, 1, 1, 1, 1, 1, 1, 1, 1, 1]"
User-030,3,trace_0082,1788720540.4085925,streaming,21830,501,501,274,52,131.02794122695923,433.19710326194763,0.6043383240699768,14.0,0,True,,1788720107.2113514,1788720238.2392926,1788720540.4084547,"[1788720238.2392926, 1788720238.8097959, 1788720239.451263, 1788720240.1120272, 1788720240.805773, 1788720241.5232286, 1788720242.2784133, 1788720243.059117, 1788720243.869786, 1788720244.7066905, 1788720245.5785146, 1788720246.2847474, 1788720246.8508484, 1788720247.482037, 1788720248.1433938, 1788720248.8335028, 1788720249.55424, 1788720250.301863, 1788720251.088921, 1788720251.9054651, 1788720252.6522694, 1788720253.2171643, 1788720253.8365817, 1788720254.494229, 1788720255.1786451, 1788720255.8899558, 1788720256.6338716, 1788720257.4109313, 1788720258.0436404, 1788720258.6255617, 1788720259.2597115, 1788720259.9266446, 1788720260.6225438, 1788720261.3465538, 1788720262.1011126, 1788720262.763139, 1788720263.338706, 1788720263.9713306, 1788720264.6324694, 1788720265.3256853, 1788720266.0455499, 1788720266.7939947, 1788720267.579124, 1788720268.3994346, 1788720269.1766343, 1788720269.735972, 1788720270.3601763, 1788720271.0270727, 1788720271.729866, 1788720272.4551563, 1788720273.2055433, 1788720273.7699535, 1788720274.3825922, 1788720275.0284705, 1788720275.7052743, 1788720276.4152825, 1788720277.1500828, 1788720277.9190109, 1788720278.718902, 1788720279.3442278, 1788720279.9227157, 1788720280.5626812, 1788720281.2335706, 1788720281.9338913, 1788720282.6596937, 1788720283.4197912, 1788720284.2141871, 1788720285.0363822, 1788720285.8930058, 1788720286.7858632, 1788720287.4617112, 1788720288.0636187, 1788720288.7234316, 1788720289.410036, 1788720290.1294749, 1788720290.867461, 1788720291.6425152, 1788720292.4441266, 1788720293.0743825, 1788720293.679804, 1788720294.3383598, 1788720295.02434, 1788720295.7427142, 1788720296.4867122, 1788720297.2628078, 1788720298.0018039, 1788720298.5682619, 1788720299.1905265, 1788720299.8447652, 1788720300.529629, 1788720301.241342, 1788720301.9921799, 1788720302.6252413, 1788720303.2240102, 1788720303.853967, 1788720304.5409086, 1788720305.253393, 1788720305.99239, 1788720306.7675295, 1788720307.5665655, 1788720308.2792776, 1788720308.8460772, 1788720309.4819267, 1788720310.1323009, 1788720310.8229907, 1788720311.539578, 1788720312.2855005, 1788720313.0670855, 1788720313.873909, 1788720314.488567, 1788720315.0683458, 1788720315.70683, 1788720316.3825712, 1788720317.092912, 1788720317.8430674, 1788720318.6268501, 1788720319.4320986, 1788720320.271189, 1788720321.130162, 1788720322.0289073, 1788720322.946709, 1788720323.6738443, 1788720324.2282345, 1788720324.8603144, 1788720325.527525, 1788720326.2233381, 1788720326.9462454, 1788720327.7033353, 1788720328.4888382, 1788720329.312859, 1788720330.176349, 1788720331.0686324, 1788720331.983854, 1788720332.763476, 1788720333.319252, 1788720333.9442263, 1788720334.6063821, 1788720335.2958894, 1788720336.0132673, 1788720336.7060058, 1788720337.3070056, 1788720337.9549682, 1788720338.629471, 1788720339.3317783, 1788720340.0639527, 1788720340.8173227, 1788720341.6152303, 1788720342.4300344, 1788720343.2755013, 1788720344.0380144, 1788720344.6019213, 1788720345.2270777, 1788720345.8806813, 1788720346.5688164, 1788720347.2847757, 1788720348.0292926, 1788720348.8061445, 1788720349.6259758, 1788720350.4840364, 1788720351.36546, 1788720352.2754872, 1788720353.0139177, 1788720353.5791202, 1788720354.2103603, 1788720354.872239, 1788720355.5697417, 1788720356.2867742, 1788720357.0372593, 1788720357.8196046, 1788720358.5109036, 1788720359.0878391, 1788720359.7132475, 1788720360.374747, 1788720361.0657728, 1788720361.7826378, 1788720362.5343857, 1788720363.3177488, 1788720364.0507195, 1788720364.6188657, 1788720365.2442775, 1788720365.8967142, 1788720366.6025825, 1788720367.300334, 1788720368.0416071, 1788720368.822689, 1788720369.6344874, 1788720370.4771166, 1788720371.3496153, 1788720372.253552, 1788720372.9004135, 1788720373.4709375, 1788720374.1135116, 1788720374.8048217, 1788720375.5236297, 1788720376.1055431, 1788720376.746859, 1788720377.4160564, 1788720378.1081107, 1788720378.8285248, 1788720379.578772, 1788720380.206436, 1788720380.7680056, 1788720381.3869863, 1788720382.023528, 1788720382.6972442, 1788720383.4096136, 1788720384.139721, 1788720384.900932, 1788720385.701053, 1788720386.530192, 1788720387.3889897, 1788720388.2849617, 1788720389.206518, 1788720389.573587, 1788720389.588042, 1788720389.6433861, 1788720389.6922503, 1788720389.740888, 1788720389.7934165, 1788720389.8408294, 1788720389.894009, 1788720389.9397705, 1788720389.9859803, 1788720390.0392566, 1788720390.0876105, 1788720390.1377103, 1788720390.1862965, 1788720390.2359655, 1788720390.281127, 1788720390.3292162, 1788720390.3799334, 1788720390.4282217, 1788720390.4763346, 1788720390.5263755, 1788720390.5726943, 1788720390.6225584, 1788720390.6716995, 1788720390.7197082, 1788720390.7674193, 1788720390.8179302, 1788720390.864297, 1788720390.9144127, 1788720390.9638345, 1788720391.0088208, 1788720391.0614076, 1788720391.1050081, 1788720391.154884, 1788720391.2034676, 1788720391.2523396, 1788720391.2988374, 1788720391.3485522, 1788720391.3954265, 1788720391.4445658, 1788720391.488645, 1788720391.5397224, 1788720391.5864172, 1788720391.634996, 1788720391.6796343, 1788720391.731144, 1788720391.7722244, 1788720391.8200104, 1788720391.8683581, 1788720391.9106896, 1788720391.9555843, 1788720392.0037525, 1788720392.0463684, 1788720392.0916047, 1788720392.137627, 1788720392.183162, 1788720392.2279477, 1788720392.273566, 1788720392.3189898, 1788720392.3644898, 1788720392.411734, 1788720392.452856, 1788720392.5008426, 1788720392.5454834, 1788720392.591314, 1788720392.6364596, 1788720392.6815045, 1788720392.7273588, 1788720392.7724965, 1788720392.8195782, 1788720392.8643427, 1788720392.90964, 1788720392.9531913, 1788720392.9994755, 1788720393.067625, 1788720393.09179, 1788720393.1432924, 1788720393.1841364, 1788720393.2275538, 1788720393.8077474, 1788720394.419158, 1788720395.062701, 1788720395.7364085, 1788720396.4395082, 1788720397.171608, 1788720397.9386377, 1788720398.7344186, 1788720399.4913652, 1788720400.0694058, 1788720400.7080176, 1788720401.3783524, 1788720402.0714521, 1788720402.794257, 1788720403.5450232, 1788720404.3237767, 1788720405.1368306, 1788720405.695051, 1788720406.3089979, 1788720406.9522567, 1788720407.6316216, 1788720408.3408377, 1788720408.9915092, 1788720409.5681474, 1788720410.1961887, 1788720410.8574479, 1788720411.5436049, 1788720412.1535532, 1788720412.7356942, 1788720413.3759086, 1788720414.0549514, 1788720414.7679443, 1788720415.5040023, 1788720416.2723494, 1788720417.072755, 1788720417.710824, 1788720418.2909484, 1788720418.927845, 1788720419.5970538, 1788720420.2967522, 1788720421.0236795, 1788720421.7795818, 1788720422.4643755, 1788720423.0606303, 1788720423.7086575, 1788720424.3894691, 1788720425.092061, 1788720425.8239405, 1788720426.5886745, 1788720427.3796651, 1788720428.2040396, 1788720429.0539148, 1788720429.6886344, 1788720430.2707143, 1788720430.9109833, 1788720431.5813243, 1788720432.2850544, 1788720433.0333524, 1788720433.8046305, 1788720434.5308754, 1788720435.0955558, 1788720435.719651, 1788720436.3800373, 1788720437.0791755, 1788720437.8039825, 1788720438.557885, 1788720439.3457832, 1788720440.1608946, 1788720441.0327027, 1788720441.5837352, 1788720442.196521, 1788720442.8369856, 1788720443.5092824, 1788720444.2132862, 1788720444.9445212, 1788720445.7095053, 1788720446.5089436, 1788720447.3391778, 1788720448.1998687, 1788720449.0913582, 1788720450.0138535, 1788720450.7610726, 1788720451.3238282, 1788720451.958325, 1788720452.622012, 1788720453.3117552, 1788720454.0346599, 1788720454.5989685, 1788720455.2119534, 1788720455.8574262, 1788720456.539929, 1788720457.2451344, 1788720457.9772742, 1788720458.7543595, 1788720459.5461118, 1788720460.378305, 1788720460.9337747, 1788720461.5533156, 1788720462.1983466, 1788720462.8769827, 1788720463.582686, 1788720464.3167984, 1788720465.0879905, 1788720465.895646, 1788720466.7377717, 1788720467.6100388, 1788720468.5094259, 1788720469.277043, 1788720469.83794, 1788720470.465303, 1788720471.1283486, 1788720471.8245423, 1788720472.5566308, 1788720473.3127456, 1788720473.8767128, 1788720474.491655, 1788720475.1399872, 1788720475.816536, 1788720476.530932, 1788720477.2790232, 1788720478.0836, 1788720478.6356356, 1788720479.2518313, 1788720479.9161782, 1788720480.6042736, 1788720481.314977, 1788720481.8832693, 1788720482.5011697, 1788720483.146108, 1788720483.8076897, 1788720484.37667, 1788720484.996449, 1788720485.6474538, 1788720486.3290496, 1788720487.0429366, 1788720487.7969413, 1788720488.5898721, 1788720489.4007967, 1788720490.2461238, 1788720491.167761, 1788720491.8233907, 1788720492.4575746, 1788720493.0759323, 1788720493.7623475, 1788720494.4758253, 1788720495.2129338, 1788720495.9798396, 1788720496.784766, 1788720497.6146958, 1788720498.175478, 1788720498.7937694, 1788720499.4391096, 1788720500.1133475, 1788720500.8183222, 1788720501.4729111, 1788720502.0493534, 1788720502.6764147, 1788720503.3382435, 1788720504.0243754, 1788720504.7418253, 1788720505.493787, 1788720506.2793577, 1788720507.097997, 1788720507.9475696, 1788720508.8367815, 1788720509.7447312, 1788720510.5535886, 1788720511.107214, 1788720511.732012, 1788720512.387864, 1788720513.0741262, 1788720513.7922504, 1788720514.5386734, 1788720515.256868, 1788720515.8284287, 1788720516.4693022, 1788720517.1404688, 1788720517.8440664, 1788720518.5772474, 1788720519.3310144, 1788720520.124419, 1788720520.944475, 1788720521.5939324, 1788720522.1889641, 1788720522.8423111, 1788720523.5241525, 1788720524.2290342, 1788720524.9633865, 1788720525.7287033, 1788720526.5253785, 1788720527.3521445, 1788720528.2167108, 1788720529.1062498, 1788720530.0282927, 1788720530.9127061, 1788720531.4622893, 1788720532.0805314, 1788720532.7320333, 1788720533.4145508, 1788720534.122412, 1788720534.7744682, 1788720535.3534617, 1788720535.9822, 1788720536.6448874, 1788720537.3357983, 1788720538.054451, 1788720538.8039083, 1788720539.5909486, 1788720540.4076905]","[1, 1, 1, 1, 1, 1, 1, 1, 1, 1, 1, 1, 1, 1, 1, 1, 1, 1, 1, 1, 1, 1, 1, 1, 1, 1, 1, 1, 1, 1, 1, 1, 1, 1, 1, 1, 1, 1, 1, 1, 1, 1, 1, 1, 1, 1, 1, 1, 1, 1, 1, 1, 1, 1, 1, 1, 1, 1, 1, 1, 1, 1, 1, 1, 1, 1, 1, 1, 1, 1, 1, 1, 1, 1, 1, 1, 1, 1, 1, 1, 1, 1, 1, 1, 1, 1, 1, 1, 1, 1, 1, 1, 1, 1, 1, 1, 1, 1, 1, 1, 1, 1, 1, 1, 1, 1, 1, 1, 1, 1, 1, 1, 1, 1, 1, 1, 1, 1, 1, 1, 1, 1, 1, 1, 1, 1, 1, 1, 1, 1, 1, 1, 1, 1, 1, 1, 1, 1, 1, 1, 1, 1, 1, 1, 1, 1, 1, 1, 1, 1, 1, 1, 1, 1, 1, 1, 1, 1, 1, 1, 1, 1, 1, 1, 1, 1, 1, 1, 1, 1, 1, 1, 1, 1, 1, 1, 1, 1, 1, 1, 1, 1, 1, 1, 1, 1, 1, 1, 1, 1, 1, 1, 1, 1, 1, 1, 1, 1, 1, 1, 1, 1, 1, 1, 1, 1, 1, 1, 1, 1, 1, 1, 1, 1, 1, 1, 1, 1, 1, 1, 1, 1, 1, 1, 1, 1, 1, 1, 1, 1, 1, 1, 1, 1, 1, 1, 1, 1, 1, 1, 1, 1, 1, 1, 1, 1, 1, 1, 1, 1, 1, 1, 1, 1, 1, 1, 1, 1, 1, 1, 1, 1, 1, 1, 1, 1, 1, 1, 1, 1, 1, 1, 1, 1, 1, 1, 1, 1, 1, 1, 1, 1, 1, 1, 1, 1, 1, 1, 1, 1, 1, 1, 1, 1, 1, 1, 1, 1, 1, 1, 1, 1, 1, 1, 1, 1, 1, 1, 1, 1, 1, 1, 1, 1, 1, 1, 1, 1, 1, 1, 1, 1, 1, 1, 1, 1, 1, 1, 1, 1, 1, 1, 1, 1, 1, 1, 1, 1, 1, 1, 1, 1, 1, 1, 1, 1, 1, 1, 1, 1, 1, 1, 1, 1, 1, 1, 1, 1, 1, 1, 1, 1, 1, 1, 1, 1, 1, 1, 1, 1, 1, 1, 1, 1, 1, 1, 1, 1, 1, 1, 1, 1, 1, 1, 1, 1, 1, 1, 1, 1, 1, 1, 1, 1, 1, 1, 1, 1, 1, 1, 1, 1, 1, 1, 1, 1, 1, 1, 1, 1, 1, 1, 1, 1, 1, 1, 1, 1, 1, 1, 1, 1, 1, 1, 1, 1, 1, 1, 1, 1, 1, 1, 1, 1, 1, 1, 1, 1, 1, 1, 1, 1, 1, 1, 1, 1, 1, 1, 1, 1, 1, 1, 1, 1, 1, 1, 1, 1, 1, 1, 1, 1, 1, 1, 1, 1, 1, 1, 1, 1, 1, 1, 1, 1, 1, 1, 1, 1, 1, 1, 1, 1, 1, 1, 1, 1, 1, 1, 1, 1, 1, 1, 1, 1, 1, 1, 1, 1, 1, 1, 1]"
User-013,3,trace_0253,1788720544.4199884,streaming,23774,163,163,332,13,12.733680963516235,127.47060012817383,0.7082525874361579,30.0,0,True,,1788720416.9492671,1788720429.682948,1788720544.4198673,"[1788720429.682948, 1788720430.2652593, 1788720430.9061923, 1788720431.5770555, 1788720432.279554, 1788720433.0293372, 1788720433.8004606, 1788720434.5252392, 1788720435.0900528, 1788720435.7141688, 1788720436.3741138, 1788720437.070169, 1788720437.7988539, 1788720438.5533345, 1788720439.3412483, 1788720440.156175, 1788720441.0292194, 1788720441.5791852, 1788720442.1917913, 1788720442.833462, 1788720443.5059059, 1788720444.209218, 1788720444.9407785, 1788720445.7050014, 1788720446.5042188, 1788720447.3344133, 1788720448.1944287, 1788720449.0879662, 1788720450.0117207, 1788720450.7565484, 1788720451.3204114, 1788720451.9561288, 1788720452.6176295, 1788720453.3083618, 1788720454.0311513, 1788720454.594421, 1788720455.2074013, 1788720455.8528543, 1788720456.536243, 1788720457.2405965, 1788720457.973876, 1788720458.7509763, 1788720459.542674, 1788720460.3738668, 1788720460.930406, 1788720461.5498998, 1788720462.193916, 1788720462.872521, 1788720463.5782046, 1788720464.3141398, 1788720465.0844216, 1788720465.8889847, 1788720466.7330499, 1788720467.606544, 1788720468.5060074, 1788720469.2735229, 1788720469.8341742, 1788720470.4629202, 1788720471.1233585, 1788720471.8211293, 1788720472.5531142, 1788720473.3089182, 1788720473.8729384, 1788720474.4870555, 1788720475.1354027, 1788720475.8131053, 1788720476.5256228, 1788720477.2739713, 1788720478.0777714, 1788720478.6315193, 1788720479.246668, 1788720479.9116938, 1788720480.5999284, 1788720481.3094182, 1788720481.8777716, 1788720482.4958105, 1788720483.1415234, 1788720483.802486, 1788720484.3727474, 1788720484.9910212, 1788720485.6419537, 1788720486.3252506, 1788720487.037527, 1788720487.7915604, 1788720488.5866706, 1788720489.3974977, 1788720490.242018, 1788720491.165125, 1788720491.8180306, 1788720492.4550543, 1788720493.0719588, 1788720493.7573898, 1788720494.4710934, 1788720495.2077034, 1788720495.9748406, 1788720496.781028, 1788720497.6101487, 1788720498.1699896, 1788720498.7883139, 1788720499.4336228, 1788720500.1082852, 1788720500.8139696, 1788720501.4686818, 1788720502.0453675, 1788720502.6718283, 1788720503.332705, 1788720504.0197296, 1788720504.7370455, 1788720505.4882348, 1788720506.2738154, 1788720507.0924819, 1788720507.942055, 1788720508.8321962, 1788720509.740426, 1788720510.548084, 1788720511.1018016, 1788720511.7264903, 1788720512.3823793, 1788720513.0686917, 1788720513.786457, 1788720514.5336583, 1788720515.2511098, 1788720515.823168, 1788720516.4643009, 1788720517.13625, 1788720517.8392751, 1788720518.5730455, 1788720519.3260813, 1788720520.1195407, 1788720520.939398, 1788720521.5894237, 1788720522.184565, 1788720522.8378468, 1788720523.5198524, 1788720524.2246068, 1788720524.9589348, 1788720525.7242901, 1788720526.5207384, 1788720527.3484557, 1788720528.2120783, 1788720529.1028218, 1788720530.0253386, 1788720530.9100025, 1788720531.4578161, 1788720532.0760872, 1788720532.7275283, 1788720533.409995, 1788720534.117884, 1788720534.7686522, 1788720535.3484535, 1788720535.9772336, 1788720536.6411264, 1788720537.3308144, 1788720538.0520296, 1788720538.7997775, 1788720539.5858538, 1788720540.4026837, 1788720541.0353384, 1788720541.6348295, 1788720542.2877111, 1788720542.969954, 1788720543.6784947, 1788720544.4152524]","[1, 1, 1, 1, 1, 1, 1, 1, 1, 1, 1, 1, 1, 1, 1, 1, 1, 1, 1, 1, 1, 1, 1, 1, 1, 1, 1, 1, 1, 1, 1, 1, 1, 1, 1, 1, 1, 1, 1, 1, 1, 1, 1, 1, 1, 1, 1, 1, 1, 1, 1, 1, 1, 1, 1, 1, 1, 1, 1, 1, 1, 1, 1, 1, 1, 1, 1, 1, 1, 1, 1, 1, 1, 1, 1, 1, 1, 1, 1, 1, 1, 1, 1, 1, 1, 1, 1, 1, 1, 1, 1, 1, 1, 1, 1, 1, 1, 1, 1, 1, 1, 1, 1, 1, 1, 1, 1, 1, 1, 1, 1, 1, 1, 1, 1, 1, 1, 1, 1, 1, 1, 1, 1, 1, 1, 1, 1, 1, 1, 1, 1, 1, 1, 1, 1, 1, 1, 1, 1, 1, 1, 1, 1, 1, 1, 1, 1, 1, 1, 1, 1, 1, 1, 1, 1, 1, 1, 1, 1, 1, 1, 1, 1]"
User-042,2,trace_0582,1788720550.8516712,streaming,21198,75,75,319,11,21.717546939849854,74.9552960395813,0.7194290418882627,11.0,0,True,,1788720475.8963346,1788720497.6138816,1788720550.8516307,"[1788720497.6138816, 1788720498.1744223, 1788720498.7927675, 1788720499.4380927, 1788720500.1125488, 1788720500.8175068, 1788720501.4723985, 1788720502.048858, 1788720502.675958, 1788720503.3372304, 1788720504.0239341, 1788720504.7410836, 1788720505.4927652, 1788720506.2783098, 1788720507.0969737, 1788720507.9465506, 1788720508.8362896, 1788720509.7442865, 1788720510.5525963, 1788720511.1061862, 1788720511.731195, 1788720512.3868437, 1788720513.0731316, 1788720513.7913122, 1788720514.5376747, 1788720515.2550974, 1788720515.8276253, 1788720516.4677894, 1788720517.1397345, 1788720517.8427904, 1788720518.576531, 1788720519.329519, 1788720520.1229587, 1788720520.9424198, 1788720521.5929313, 1788720522.1879892, 1788720522.8413384, 1788720523.5233727, 1788720524.2280576, 1788720524.9623747, 1788720525.727719, 1788720526.5243556, 1788720527.3517025, 1788720528.2156875, 1788720529.1055, 1788720530.027853, 1788720530.9122407, 1788720531.4613047, 1788720532.0795214, 1788720532.7310412, 1788720533.413551, 1788720534.1214168, 1788720534.7734501, 1788720535.3524666, 1788720535.981207, 1788720536.644135, 1788720537.3348024, 1788720538.053974, 1788720538.803454, 1788720539.5898936, 1788720540.4066548, 1788720541.0393236, 1788720541.6387968, 1788720542.2914765, 1788720542.973972, 1788720543.6825252, 1788720544.419442, 1788720545.1807187, 1788720545.9786088, 1788720546.804188, 1788720547.659359, 1788720548.5484924, 1788720549.474373, 1788720550.2844648, 1788720550.8502023]","[1, 1, 1, 1, 1, 1, 1, 1, 1, 1, 1, 1, 1, 1, 1, 1, 1, 1, 1, 1, 1, 1, 1, 1, 1, 1, 1, 1, 1, 1, 1, 1, 1, 1, 1, 1, 1, 1, 1, 1, 1, 1, 1, 1, 1, 1, 1, 1, 1, 1, 1, 1, 1, 1, 1, 1, 1, 1, 1, 1, 1, 1, 1, 1, 1, 1, 1, 1, 1, 1, 1, 1, 1, 1, 1]"
User-022,21,trace_0418,1788720550.8515294,streaming,28653,116,116,429,6,29.788391828536987,111.36327838897705,0.7093468396560005,7.0,0,True,,1788720439.4881585,1788720469.2765503,1788720550.8514369,"[1788720469.2765503, 1788720469.837149, 1788720470.464854, 1788720471.127345, 1788720471.8241, 1788720472.556155, 1788720473.3119633, 1788720473.876199, 1788720474.4911084, 1788720475.1394699, 1788720475.8160794, 1788720476.529823, 1788720477.2779875, 1788720478.082935, 1788720478.6348991, 1788720479.2512164, 1788720479.915739, 1788720480.6038277, 1788720481.3139582, 1788720481.8822443, 1788720482.5001886, 1788720483.145371, 1788720483.8070297, 1788720484.3762224, 1788720484.995467, 1788720485.6464384, 1788720486.328553, 1788720487.0419269, 1788720487.7959607, 1788720488.5893836, 1788720489.4003441, 1788720490.2453809, 1788720491.1670492, 1788720491.8222952, 1788720492.4570644, 1788720493.0751078, 1788720493.7613573, 1788720494.475159, 1788720495.2118714, 1788720495.9788203, 1788720496.7842746, 1788720497.6132522, 1788720498.1739304, 1788720498.7922745, 1788720499.437586, 1788720500.1121397, 1788720500.8171225, 1788720501.4721599, 1788720502.048615, 1788720502.675735, 1788720503.3366983, 1788720504.0237143, 1788720504.7407117, 1788720505.4922514, 1788720506.2778099, 1788720507.0964825, 1788720507.9460635, 1788720508.8360457, 1788720509.744069, 1788720510.552105, 1788720511.1057057, 1788720511.730644, 1788720512.3863409, 1788720513.0726233, 1788720513.7908113, 1788720514.5371854, 1788720515.254609, 1788720515.8271296, 1788720516.4673002, 1788720517.1392448, 1788720517.8422606, 1788720518.5760574, 1788720519.3290312, 1788720520.1224642, 1788720520.9419205, 1788720521.592443, 1788720522.1875067, 1788720522.8408377, 1788720523.5228765, 1788720524.2275763, 1788720524.9618866, 1788720525.7272398, 1788720526.5238478, 1788720527.3514807, 1788720528.2151852, 1788720529.1051152, 1788720530.0276308, 1788720530.9120092, 1788720531.4608128, 1788720532.079035, 1788720532.730532, 1788720533.4130557, 1788720534.1209228, 1788720534.7729561, 1788720535.3519757, 1788720535.9807184, 1788720536.6437669, 1788720537.3343039, 1788720538.0537336, 1788720538.8032327, 1788720539.5894058, 1788720540.4061642, 1788720541.0388126, 1788720541.638284, 1788720542.2912588, 1788720542.9734836, 1788720543.6819973, 1788720544.4191551, 1788720545.1802197, 1788720545.9781091, 1788720546.803972, 1788720547.6588416, 1788720548.5482757, 1788720549.473881, 1788720550.2839844, 1788720550.8494117]","[1, 1, 1, 1, 1, 1, 1, 1, 1, 1, 1, 1, 1, 1, 1, 1, 1, 1, 1, 1, 1, 1, 1, 1, 1, 1, 1, 1, 1, 1, 1, 1, 1, 1, 1, 1, 1, 1, 1, 1, 1, 1, 1, 1, 1, 1, 1, 1, 1, 1, 1, 1, 1, 1, 1, 1, 1, 1, 1, 1, 1, 1, 1, 1, 1, 1, 1, 1, 1, 1, 1, 1, 1, 1, 1, 1, 1, 1, 1, 1, 1, 1, 1, 1, 1, 1, 1, 1, 1, 1, 1, 1, 1, 1, 1, 1, 1, 1, 1, 1, 1, 1, 1, 1, 1, 1, 1, 1, 1, 1, 1, 1, 1, 1, 1, 1]"
User-033,1,trace_0538,1788720551.4978776,streaming,12041,99,99,145,14,31.304113149642944,101.49300241470337,0.7162131557659227,2576.0,0,True,,1788720450.0048153,1788720481.3089285,1788720551.4978178,"[1788720481.3089285, 1788720481.877279, 1788720482.4953268, 1788720483.141035, 1788720483.8019855, 1788720484.372253, 1788720484.9905167, 1788720485.6414504, 1788720486.3247352, 1788720487.037037, 1788720487.7910752, 1788720488.5861547, 1788720489.3970048, 1788720490.2415257, 1788720491.1648796, 1788720491.8175137, 1788720492.454803, 1788720493.0715575, 1788720493.756893, 1788720494.4705849, 1788720495.2071843, 1788720495.9743283, 1788720496.7805326, 1788720497.6096344, 1788720498.1694987, 1788720498.7878196, 1788720499.433126, 1788720500.1077933, 1788720500.8135772, 1788720501.468035, 1788720502.0448427, 1788720502.671329, 1788720503.332198, 1788720504.0192254, 1788720504.7365484, 1788720505.4877346, 1788720506.2733145, 1788720507.0919733, 1788720507.9415655, 1788720508.8316817, 1788720509.739938, 1788720510.547596, 1788720511.1012704, 1788720511.7259784, 1788720512.3818944, 1788720513.0682, 1788720513.7859695, 1788720514.5331705, 1788720515.2506, 1788720515.8226664, 1788720516.4637878, 1788720517.1357577, 1788720517.8387809, 1788720518.572538, 1788720519.3255947, 1788720520.1190522, 1788720520.9391468, 1788720521.5889137, 1788720522.1840832, 1788720522.8373563, 1788720523.519357, 1788720524.2241163, 1788720524.958437, 1788720525.7237978, 1788720526.5202224, 1788720527.347969, 1788720528.2115688, 1788720529.102307, 1788720530.0248332, 1788720530.9095066, 1788720531.4573274, 1788720532.0755901, 1788720532.7270358, 1788720533.4094996, 1788720534.1173751, 1788720534.7681596, 1788720535.3479593, 1788720535.9767368, 1788720536.6407385, 1788720537.3302958, 1788720538.0517814, 1788720538.799282, 1788720539.5853648, 1788720540.402194, 1788720541.0348282, 1788720541.6343265, 1788720542.2872126, 1788720542.9694617, 1788720543.6779957, 1788720544.4147105, 1788720545.1767101, 1788720545.9745402, 1788720546.8012455, 1788720547.6554255, 1788720548.5458477, 1788720549.4703708, 1788720550.280547, 1788720550.845932, 1788720551.4933796]","[1, 1, 1, 1, 1, 1, 1, 1, 1, 1, 1, 1, 1, 1, 1, 1, 1, 1, 1, 1, 1, 1, 1, 1, 1, 1, 1, 1, 1, 1, 1, 1, 1, 1, 1, 1, 1, 1, 1, 1, 1, 1, 1, 1, 1, 1, 1, 1, 1, 1, 1, 1, 1, 1, 1, 1, 1, 1, 1, 1, 1, 1, 1, 1, 1, 1, 1, 1, 1, 1, 1, 1, 1, 1, 1, 1, 1, 1, 1, 1, 1, 1, 1, 1, 1, 1, 1, 1, 1, 1, 1, 1, 1, 1, 1, 1, 1, 1, 1]"
User-036,0,trace_0615,1788720552.8740604,streaming,22967,474,474,0,358,161.6794102191925,445.37913608551025,0.5997880039457035,0.0,0,True,,1788720107.4948056,1788720269.1742158,1788720552.8739417,"[1788720269.1742158, 1788720269.733713, 1788720270.3571694, 1788720271.024795, 1788720271.727597, 1788720272.452929, 1788720273.2038064, 1788720273.764865, 1788720274.3799276, 1788720275.0258744, 1788720275.7026744, 1788720276.4118073, 1788720277.1474452, 1788720277.915489, 1788720278.7163224, 1788720279.3414037, 1788720279.920068, 1788720280.560048, 1788720281.2318482, 1788720281.9312735, 1788720282.6570988, 1788720283.4171746, 1788720284.2115777, 1788720285.0337956, 1788720285.890376, 1788720286.7832444, 1788720287.4583101, 1788720288.060155, 1788720288.7208216, 1788720289.407381, 1788720290.1265829, 1788720290.8651774, 1788720291.6402469, 1788720292.4419308, 1788720293.0705674, 1788720293.6771197, 1788720294.3357348, 1788720295.02169, 1788720295.73928, 1788720296.4841046, 1788720297.2599492, 1788720297.9983118, 1788720298.5656753, 1788720299.187865, 1788720299.842151, 1788720300.5270293, 1788720301.2387018, 1788720301.9886398, 1788720302.6209455, 1788720303.2221322, 1788720303.8520837, 1788720304.5368083, 1788720305.249329, 1788720305.9883835, 1788720306.7627428, 1788720307.5624928, 1788720308.2743292, 1788720308.8415515, 1788720309.4773397, 1788720310.1283183, 1788720310.8184967, 1788720311.5345814, 1788720312.28106, 1788720313.0625439, 1788720313.8703654, 1788720314.4850614, 1788720315.0644422, 1788720315.703493, 1788720316.3791199, 1788720317.0895832, 1788720317.8397064, 1788720318.624594, 1788720319.4278424, 1788720320.2661731, 1788720321.1268296, 1788720322.0245414, 1788720322.9433787, 1788720323.6650326, 1788720324.2243679, 1788720324.8567815, 1788720325.5228877, 1788720326.2185643, 1788720326.941217, 1788720327.6982224, 1788720328.4858234, 1788720329.309755, 1788720330.172446, 1788720331.0651207, 1788720331.9796298, 1788720332.7585511, 1788720333.3142498, 1788720333.9402695, 1788720334.601057, 1788720335.2916749, 1788720336.010657, 1788720336.7001803, 1788720337.301485, 1788720337.9494603, 1788720338.626281, 1788720339.3264816, 1788720340.0589983, 1788720340.81426, 1788720341.609569, 1788720342.4244857, 1788720343.26995, 1788720344.0325196, 1788720344.5992408, 1788720345.221527, 1788720345.8767855, 1788720346.5646868, 1788720347.2793443, 1788720348.0259283, 1788720348.8034823, 1788720349.6214187, 1788720350.47918, 1788720351.36136, 1788720352.2698503, 1788720353.011148, 1788720353.5765724, 1788720354.205046, 1788720354.8680723, 1788720355.5652497, 1788720356.2813792, 1788720357.031685, 1788720357.814051, 1788720358.5083125, 1788720359.0825691, 1788720359.7091293, 1788720360.3704736, 1788720361.0602834, 1788720361.7782264, 1788720362.5290046, 1788720363.3135438, 1788720364.0481737, 1788720364.6147377, 1788720365.2416854, 1788720365.8925343, 1788720366.6001658, 1788720367.2955742, 1788720368.03742, 1788720368.8172672, 1788720369.6289816, 1788720370.473321, 1788720371.3454576, 1788720372.2502131, 1788720372.8955128, 1788720373.4685342, 1788720374.109058, 1788720374.8007438, 1788720375.5190125, 1788720376.1031497, 1788720376.7437468, 1788720377.4114952, 1788720378.1038098, 1788720378.8247745, 1788720379.5767186, 1788720380.2044199, 1788720380.7635858, 1788720381.3823924, 1788720382.0189688, 1788720382.6943433, 1788720383.401503, 1788720384.1352015, 1788720384.8976097, 1788720385.6965842, 1788720386.5256298, 1788720387.3867955, 1788720388.2823353, 1788720389.2020411, 1788720389.5709717, 1788720389.5842237, 1788720389.6387, 1788720389.688691, 1788720389.7379942, 1788720389.7911315, 1788720389.8380573, 1788720389.8916526, 1788720389.9361708, 1788720389.9839568, 1788720390.0350027, 1788720390.0836644, 1788720390.1354256, 1788720390.182918, 1788720390.2325366, 1788720390.2791386, 1788720390.3269894, 1788720390.375431, 1788720390.4246316, 1788720390.4730837, 1788720390.5238433, 1788720390.569297, 1788720390.618017, 1788720390.667654, 1788720390.7155752, 1788720390.7629278, 1788720390.8131995, 1788720390.86123, 1788720390.9110198, 1788720390.9594302, 1788720391.0061743, 1788720391.0579689, 1788720391.1024735, 1788720391.1502745, 1788720391.1991715, 1788720391.2466273, 1788720391.2941003, 1788720391.3438485, 1788720391.3913782, 1788720391.4413261, 1788720391.4862714, 1788720391.5357056, 1788720391.5821607, 1788720391.6306775, 1788720391.6761303, 1788720391.7270927, 1788720391.769376, 1788720391.8158805, 1788720391.8656838, 1788720391.9071631, 1788720391.9520776, 1788720391.9978101, 1788720392.0428495, 1788720392.0879905, 1788720392.133949, 1788720392.1792185, 1788720392.2243109, 1788720392.2700226, 1788720392.31536, 1788720392.3608065, 1788720392.408081, 1788720392.450036, 1788720392.4971182, 1788720392.5418916, 1788720392.5879188, 1788720392.6327214, 1788720392.677963, 1788720392.723892, 1788720392.7689002, 1788720392.8164337, 1788720392.8606987, 1788720392.9059148, 1788720392.9505835, 1788720392.9966755, 1788720393.065896, 1788720393.0889323, 1788720393.1399257, 1788720393.1802628, 1788720393.2239568, 1788720393.805002, 1788720394.4156811, 1788720395.0592508, 1788720395.734102, 1788720396.436298, 1788720397.1680958, 1788720397.93509, 1788720398.7318223, 1788720399.487726, 1788720400.0658941, 1788720400.7047832, 1788720401.3748524, 1788720402.0686774, 1788720402.7907677, 1788720403.5433366, 1788720404.321164, 1788720405.1334665, 1788720405.6914945, 1788720406.3054824, 1788720406.9499424, 1788720407.6285458, 1788720408.336244, 1788720408.9873314, 1788720409.5642629, 1788720410.1930256, 1788720410.853647, 1788720411.5399394, 1788720412.1503808, 1788720412.7326775, 1788720413.3726718, 1788720414.0519562, 1788720414.763933, 1788720415.5006638, 1788720416.269445, 1788720417.069893, 1788720417.7077055, 1788720418.2878687, 1788720418.9243035, 1788720419.5945432, 1788720420.2927659, 1788720421.020523, 1788720421.7763994, 1788720422.4600384, 1788720423.0574985, 1788720423.7052279, 1788720424.385754, 1788720425.0886915, 1788720425.8208873, 1788720426.585875, 1788720427.3765614, 1788720428.1997771, 1788720429.0507164, 1788720429.684636, 1788720430.2667673, 1788720430.9077694, 1788720431.5782084, 1788720432.2810338, 1788720433.030987, 1788720433.8016021, 1788720434.5267832, 1788720435.0915685, 1788720435.7156734, 1788720436.3759596, 1788720437.0749013, 1788720437.7998738, 1788720438.554322, 1788720439.3422449, 1788720440.1572287, 1788720441.030195, 1788720441.5801919, 1788720442.1928275, 1788720442.8344722, 1788720443.5066526, 1788720444.2102146, 1788720444.9417756, 1788720445.7060027, 1788720446.505323, 1788720447.335472, 1788720448.1971111, 1788720449.0887141, 1788720450.0121932, 1788720450.757544, 1788720451.3211715, 1788720451.9566197, 1788720452.6186016, 1788720453.3091147, 1788720454.0319347, 1788720454.5954323, 1788720455.2083914, 1788720455.8538847, 1788720456.5373504, 1788720457.241591, 1788720457.974622, 1788720458.75172, 1788720459.5434468, 1788720460.3748643, 1788720460.93118, 1788720461.5506575, 1788720462.1949103, 1788720462.8735218, 1788720463.5792, 1788720464.3151739, 1788720465.0854077, 1788720465.8899956, 1788720466.734085, 1788720467.6073658, 1788720468.506772, 1788720469.2745273, 1788720469.8349373, 1788720470.4635358, 1788720471.1243515, 1788720471.8221276, 1788720472.5541325, 1788720473.3096812, 1788720473.8739984, 1788720474.4880478, 1788720475.1364713, 1788720475.8140805, 1788720476.5266805, 1788720477.2749717, 1788720478.078763, 1788720478.6322565, 1788720479.2476733, 1788720479.9126828, 1788720480.6009328, 1788720481.3105211, 1788720481.8787522, 1788720482.496775, 1788720483.1425016, 1788720483.8035088, 1788720484.3737323, 1788720484.9920154, 1788720485.6429582, 1788720486.3262768, 1788720487.038505, 1788720487.792547, 1788720488.5876021, 1788720489.3984993, 1788720490.2430258, 1788720491.1656206, 1788720491.8192868, 1788720492.4555736, 1788720493.0727532, 1788720493.7583888, 1788720494.4721599, 1788720495.208761, 1788720495.9758303, 1788720496.7820227, 1788720497.6109426, 1788720498.1709814, 1788720498.7893136, 1788720499.4346044, 1788720500.109304, 1788720500.8147728, 1788720501.4697058, 1788720502.0464497, 1788720502.6728237, 1788720503.3337, 1788720504.0207183, 1788720504.738034, 1788720505.4892333, 1788720506.2748199, 1788720507.0934942, 1788720507.9430752, 1788720508.8332214, 1788720509.7414105, 1788720510.5490687, 1788720511.1027799, 1788720511.727543, 1788720512.3833845, 1788720513.0696719, 1788720513.787819, 1788720514.534153, 1788720515.2515926, 1788720515.8236678, 1788720516.4647958, 1788720517.136748, 1788720517.8397632, 1788720518.5735343, 1788720519.3265612, 1788720520.1200376, 1788720520.9396539, 1788720521.5899312, 1788720522.1850474, 1788720522.8383698, 1788720523.520384, 1788720524.2251017, 1788720524.9594223, 1788720525.7247753, 1788720526.521252, 1788720527.3489392, 1788720528.2125983, 1788720529.1032465, 1788720530.0258393, 1788720530.9105148, 1788720531.45831, 1788720532.0765805, 1788720532.728028, 1788720533.4104934, 1788720534.1183934, 1788720534.7704291, 1788720535.3494735, 1788720535.9782276, 1788720536.6418889, 1788720537.331814, 1788720538.0524993, 1788720538.8007765, 1788720539.5868554, 1788720540.4036958, 1788720541.0363553, 1788720541.6358194, 1788720542.288761, 1788720542.9709666, 1788720543.679511, 1788720544.4165914, 1788720545.1777062, 1788720545.9755766, 1788720546.802325, 1788720547.6563969, 1788720548.5468512, 1788720549.4713595, 1788720550.2815309, 1788720550.8469305, 1788720551.494628, 1788720552.1658423, 1788720552.8708076]","[1, 1, 1, 1, 1, 1, 1, 1, 1, 1, 1, 1, 1, 1, 1, 1, 1, 1, 1, 1, 1, 1, 1, 1, 1, 1, 1, 1, 1, 1, 1, 1, 1, 1, 1, 1, 1, 1, 1, 1, 1, 1, 1, 1, 1, 1, 1, 1, 1, 1, 1, 1, 1, 1, 1, 1, 1, 1, 1, 1, 1, 1, 1, 1, 1, 1, 1, 1, 1, 1, 1, 1, 1, 1, 1, 1, 1, 1, 1, 1, 1, 1, 1, 1, 1, 1, 1, 1, 1, 1, 1, 1, 1, 1, 1, 1, 1, 1, 1, 1, 1, 1, 1, 1, 1, 1, 1, 1, 1, 1, 1, 1, 1, 1, 1, 1, 1, 1, 1, 1, 1, 1, 1, 1, 1, 1, 1, 1, 1, 1, 1, 1, 1, 1, 1, 1, 1, 1, 1, 1, 1, 1, 1, 1, 1, 1, 1, 1, 1, 1, 1, 1, 1, 1, 1, 1, 1, 1, 1, 1, 1, 1, 1, 1, 1, 1, 1, 1, 1, 1, 1, 1, 1, 1, 1, 1, 1, 1, 1, 1, 1, 1, 1, 1, 1, 1, 1, 1, 1, 1, 1, 1, 1, 1, 1, 1, 1, 1, 1, 1, 1, 1, 1, 1, 1, 1, 1, 1, 1, 1, 1, 1, 1, 1, 1, 1, 1, 1, 1, 1, 1, 1, 1, 1, 1, 1, 1, 1, 1, 1, 1, 1, 1, 1, 1, 1, 1, 1, 1, 1, 1, 1, 1, 1, 1, 1, 1, 1, 1, 1, 1, 1, 1, 1, 1, 1, 1, 1, 1, 1, 1, 1, 1, 1, 1, 1, 1, 1, 1, 1, 1, 1, 1, 1, 1, 1, 1, 1, 1, 1, 1, 1, 1, 1, 1, 1, 1, 1, 1, 1, 1, 1, 1, 1, 1, 1, 1, 1, 1, 1, 1, 1, 1, 1, 1, 1, 1, 1, 1, 1, 1, 1, 1, 1, 1, 1, 1, 1, 1, 1, 1, 1, 1, 1, 1, 1, 1, 1, 1, 1, 1, 1, 1, 1, 1, 1, 1, 1, 1, 1, 1, 1, 1, 1, 1, 1, 1, 1, 1, 1, 1, 1, 1, 1, 1, 1, 1, 1, 1, 1, 1, 1, 1, 1, 1, 1, 1, 1, 1, 1, 1, 1, 1, 1, 1, 1, 1, 1, 1, 1, 1, 1, 1, 1, 1, 1, 1, 1, 1, 1, 1, 1, 1, 1, 1, 1, 1, 1, 1, 1, 1, 1, 1, 1, 1, 1, 1, 1, 1, 1, 1, 1, 1, 1, 1, 1, 1, 1, 1, 1, 1, 1, 1, 1, 1, 1, 1, 1, 1, 1, 1, 1, 1, 1, 1, 1, 1, 1, 1, 1, 1, 1, 1, 1, 1, 1, 1, 1, 1, 1, 1, 1, 1, 1, 1, 1, 1, 1, 1, 1, 1, 1, 1, 1, 1, 1, 1, 1, 1, 1, 1, 1, 1, 1]"
User-034,1,trace_0164,1788720563.0586848,streaming,18034,199,199,275,6,19.30842423439026,159.9059283733368,0.7100884047421542,19.0,0,True,,1788720403.1525238,1788720422.460948,1788720563.0584521,"[1788720422.460948, 1788720423.057986, 1788720423.7055995, 1788720424.3861287, 1788720425.089183, 1788720425.821258, 1788720426.5863798, 1788720427.3769512, 1788720428.2002673, 1788720429.0511343, 1788720429.6851323, 1788720430.2672684, 1788720430.9081652, 1788720431.578588, 1788720432.2815266, 1788720433.03152, 1788720433.8019717, 1788720434.5272908, 1788720435.0920718, 1788720435.7161653, 1788720436.37647, 1788720437.0754406, 1788720437.8003793, 1788720438.554837, 1788720439.3427486, 1788720440.1577415, 1788720441.0306897, 1788720441.5806792, 1788720442.193345, 1788720442.8350184, 1788720443.5070314, 1788720444.210714, 1788720444.942277, 1788720445.7064915, 1788720446.5059395, 1788720447.335986, 1788720448.1975007, 1788720449.0890856, 1788720450.0124257, 1788720450.7580476, 1788720451.3215523, 1788720451.9568682, 1788720452.6191, 1788720453.3094885, 1788720454.0323195, 1788720454.5959294, 1788720455.2088838, 1788720455.8543878, 1788720456.5378826, 1788720457.2420845, 1788720457.975004, 1788720458.7520964, 1788720459.543827, 1788720460.3753579, 1788720460.9315557, 1788720461.5510473, 1788720462.195396, 1788720462.8740144, 1788720463.5796933, 1788720464.3154106, 1788720465.0859056, 1788720465.890505, 1788720466.734626, 1788720467.6077366, 1788720468.5071564, 1788720469.275163, 1788720469.8353064, 1788720470.463756, 1788720471.1248481, 1788720471.8226237, 1788720472.554635, 1788720473.3100567, 1788720473.8745248, 1788720474.4885402, 1788720475.1369882, 1788720475.8145664, 1788720476.5272152, 1788720477.2754722, 1788720478.0795965, 1788720478.63263, 1788720479.2481709, 1788720479.9131725, 1788720480.6014204, 1788720481.3110209, 1788720481.8792486, 1788720482.4972641, 1788720483.1430233, 1788720483.804, 1788720484.3742256, 1788720484.9925094, 1788720485.6434627, 1788720486.3268192, 1788720487.039007, 1788720487.7930355, 1788720488.5878437, 1788720489.3990142, 1788720490.243511, 1788720491.1658685, 1788720491.8198054, 1788720492.4558244, 1788720493.0731497, 1788720493.7588968, 1788720494.4726672, 1788720495.2093015, 1788720495.9763198, 1788720496.7825186, 1788720497.61133, 1788720498.1714828, 1788720498.789808, 1788720499.435116, 1788720500.109799, 1788720500.815171, 1788720501.4702003, 1788720502.0470045, 1788720502.673317, 1788720503.3342025, 1788720504.0212336, 1788720504.738531, 1788720505.4897273, 1788720506.2753267, 1788720507.0939908, 1788720507.9435701, 1788720508.8337317, 1788720509.7419105, 1788720510.5495741, 1788720511.1032634, 1788720511.728059, 1788720512.3838804, 1788720513.0701556, 1788720513.7883239, 1788720514.5346415, 1788720515.2520766, 1788720515.8242757, 1788720516.4652894, 1788720517.1372404, 1788720517.840259, 1788720518.5740266, 1788720519.3270614, 1788720520.1205232, 1788720520.9399219, 1788720521.5904284, 1788720522.185527, 1788720522.838868, 1788720523.5208786, 1788720524.2255898, 1788720524.9599133, 1788720525.7252707, 1788720526.5217538, 1788720527.3494203, 1788720528.2131004, 1788720529.1036186, 1788720530.0263264, 1788720530.911049, 1788720531.4588177, 1788720532.0770748, 1788720532.7285168, 1788720533.411019, 1788720534.1188993, 1788720534.7709491, 1788720535.3499742, 1788720535.9787524, 1788720536.642264, 1788720537.3323123, 1788720538.052743, 1788720538.8012638, 1788720539.5873902, 1788720540.4041915, 1788720541.0368428, 1788720541.6363156, 1788720542.2892606, 1788720542.9714692, 1788720543.6800036, 1788720544.4170933, 1788720545.1782057, 1788720545.9760745, 1788720546.802836, 1788720547.6568928, 1788720548.5473502, 1788720549.471858, 1788720550.2820153, 1788720550.8474243, 1788720551.4951284, 1788720552.1663303, 1788720552.8715582, 1788720553.6018367, 1788720554.364201, 1788720555.158084, 1788720555.7637136, 1788720556.3475785, 1788720556.986043, 1788720557.6596189, 1788720558.3702433, 1788720558.959858, 1788720559.5465956, 1788720560.187318, 1788720560.8598669, 1788720561.5603957, 1788720562.2901669, 1788720563.0556898]","[1, 1, 1, 1, 1, 1, 1, 1, 1, 1, 1, 1, 1, 1, 1, 1, 1, 1, 1, 1, 1, 1, 1, 1, 1, 1, 1, 1, 1, 1, 1, 1, 1, 1, 1, 1, 1, 1, 1, 1, 1, 1, 1, 1, 1, 1, 1, 1, 1, 1, 1, 1, 1, 1, 1, 1, 1, 1, 1, 1, 1, 1, 1, 1, 1, 1, 1, 1, 1, 1, 1, 1, 1, 1, 1, 1, 1, 1, 1, 1, 1, 1, 1, 1, 1, 1, 1, 1, 1, 1, 1, 1, 1, 1, 1, 1, 1, 1, 1, 1, 1, 1, 1, 1, 1, 1, 1, 1, 1, 1, 1, 1, 1, 1, 1, 1, 1, 1, 1, 1, 1, 1, 1, 1, 1, 1, 1, 1, 1, 1, 1, 1, 1, 1, 1, 1, 1, 1, 1, 1, 1, 1, 1, 1, 1, 1, 1, 1, 1, 1, 1, 1, 1, 1, 1, 1, 1, 1, 1, 1, 1, 1, 1, 1, 1, 1, 1, 1, 1, 1, 1, 1, 1, 1, 1, 1, 1, 1, 1, 1, 1, 1, 1, 1, 1, 1, 1, 1, 1, 1, 1, 1, 1, 1, 1, 1, 1, 1, 1]"
User-050,0,trace_0243,1788720563.865263,streaming,22168,147,147,0,346,26.011126279830933,129.50684905052185,0.708874813497883,0.0,0,True,,1788720434.358036,1788720460.3691623,1788720563.864885,"[1788720460.3691623, 1788720460.9270163, 1788720461.546258, 1788720462.189222, 1788720462.8678238, 1788720463.5737343, 1788720464.3094215, 1788720465.0796955, 1788720465.8840263, 1788720466.7288558, 1788720467.603355, 1788720468.5027704, 1788720469.26948, 1788720469.8311741, 1788720470.4586878, 1788720471.11933, 1788720471.8167496, 1788720472.5494819, 1788720473.304887, 1788720473.8686912, 1788720474.4828534, 1788720475.1310852, 1788720475.8089657, 1788720476.5210328, 1788720477.2702656, 1788720478.0743074, 1788720478.6278863, 1788720479.2428532, 1788720479.9081318, 1788720480.596273, 1788720481.3052177, 1788720481.8736095, 1788720482.4916916, 1788720483.1373312, 1788720483.7974007, 1788720484.3680496, 1788720484.9863417, 1788720485.6372159, 1788720486.3205428, 1788720487.0326862, 1788720487.786922, 1788720488.581793, 1788720489.3922324, 1788720490.2379162, 1788720491.163124, 1788720491.813595, 1788720492.4532762, 1788720493.0683753, 1788720493.7537067, 1788720494.4674158, 1788720495.203968, 1788720495.9711556, 1788720496.7775095, 1788720497.6071863, 1788720498.166336, 1788720498.784211, 1788720499.4304743, 1788720500.1050835, 1788720500.8115647, 1788720501.4654963, 1788720502.0421832, 1788720502.668621, 1788720503.3295019, 1788720504.016524, 1788720504.7338455, 1788720505.4850235, 1788720506.2706058, 1788720507.0889592, 1788720507.9394226, 1788720508.8275208, 1788720509.7379153, 1788720510.545419, 1788720511.099222, 1788720511.7238967, 1788720512.3796892, 1788720513.066202, 1788720513.7838285, 1788720514.5310318, 1788720515.248678, 1788720515.8206851, 1788720516.461631, 1788720517.1336036, 1788720517.8366153, 1788720518.5705135, 1788720519.3235848, 1788720520.1169283, 1788720520.9381046, 1788720521.5858858, 1788720522.181605, 1788720522.8346736, 1788720523.516682, 1788720524.2216551, 1788720524.9558334, 1788720525.721175, 1788720526.517644, 1788720527.3455093, 1788720528.208993, 1788720529.0998514, 1788720530.0223324, 1788720530.9061222, 1788720531.454307, 1788720532.072556, 1788720532.723946, 1788720533.4064884, 1788720534.1143193, 1788720534.7652383, 1788720535.3447857, 1788720535.9735212, 1788720536.6375883, 1788720537.327598, 1788720538.0459542, 1788720538.7967546, 1788720539.5826719, 1788720540.399548, 1788720541.0313904, 1788720541.631157, 1788720542.284028, 1788720542.9662938, 1788720543.6747983, 1788720544.4114776, 1788720545.1737113, 1788720545.9714622, 1788720546.7983124, 1788720547.6524768, 1788720548.542784, 1788720549.4674275, 1788720550.2765994, 1788720550.8424494, 1788720551.4899008, 1788720552.161854, 1788720552.8668716, 1788720553.597899, 1788720554.3602307, 1788720555.1539993, 1788720555.758887, 1788720556.3429585, 1788720556.9816258, 1788720557.655151, 1788720558.3655436, 1788720558.954615, 1788720559.541577, 1788720560.1822555, 1788720560.8545694, 1788720561.5553224, 1788720562.2851405, 1788720563.0504787, 1788720563.8574233]","[1, 1, 1, 1, 1, 1, 1, 1, 1, 1, 1, 1, 1, 1, 1, 1, 1, 1, 1, 1, 1, 1, 1, 1, 1, 1, 1, 1, 1, 1, 1, 1, 1, 1, 1, 1, 1, 1, 1, 1, 1, 1, 1, 1, 1, 1, 1, 1, 1, 1, 1, 1, 1, 1, 1, 1, 1, 1, 1, 1, 1, 1, 1, 1, 1, 1, 1, 1, 1, 1, 1, 1, 1, 1, 1, 1, 1, 1, 1, 1, 1, 1, 1, 1, 1, 1, 1, 1, 1, 1, 1, 1, 1, 1, 1, 1, 1, 1, 1, 1, 1, 1, 1, 1, 1, 1, 1, 1, 1, 1, 1, 1, 1, 1, 1, 1, 1, 1, 1, 1, 1, 1, 1, 1, 1, 1, 1, 1, 1, 1, 1, 1, 1, 1, 1, 1, 1, 1, 1, 1, 1, 1, 1, 1, 1, 1, 1]"
User-048,1,trace_0546,1788720568.3427114,streaming,13780,94,94,177,33,18.091542959213257,84.97224283218384,0.7191473104620493,7.0,0,True,,1788720483.3704145,1788720501.4619575,1788720568.3426573,"[1788720501.4619575, 1788720502.0382035, 1788720502.6653178, 1788720503.3261487, 1788720504.013193, 1788720504.7305288, 1788720505.4816864, 1788720506.2673743, 1788720507.0855975, 1788720507.936138, 1788720508.8192637, 1788720509.7343752, 1788720510.5405855, 1788720511.0952795, 1788720511.7195258, 1788720512.3758733, 1788720513.0622349, 1788720513.7800105, 1788720514.5272334, 1788720515.244909, 1788720515.8168023, 1788720516.4578145, 1788720517.129789, 1788720517.832757, 1788720518.5662785, 1788720519.319638, 1788720520.1131592, 1788720520.935738, 1788720521.5818167, 1788720522.1777127, 1788720522.8309534, 1788720523.5092468, 1788720524.2177029, 1788720524.952085, 1788720525.7173898, 1788720526.5133374, 1788720527.341603, 1788720528.2042518, 1788720529.0958943, 1788720530.018414, 1788720530.9019697, 1788720531.4503973, 1788720532.0685766, 1788720532.7200024, 1788720533.4024558, 1788720534.1102948, 1788720534.7614303, 1788720535.3408725, 1788720535.9696925, 1788720536.6338406, 1788720537.3236942, 1788720538.0418699, 1788720538.7926226, 1788720539.5787702, 1788720540.3956704, 1788720541.027522, 1788720541.627356, 1788720542.2801697, 1788720542.9624093, 1788720543.6710334, 1788720544.407583, 1788720545.1697152, 1788720545.9671636, 1788720546.7945309, 1788720547.6485038, 1788720548.5391505, 1788720549.463723, 1788720550.2726948, 1788720550.8384674, 1788720551.4856658, 1788720552.1579282, 1788720552.862981, 1788720553.5939732, 1788720554.3562622, 1788720555.1497538, 1788720555.7546546, 1788720556.3386352, 1788720556.9777415, 1788720557.651261, 1788720558.3616436, 1788720558.9509118, 1788720559.5375903, 1788720560.178097, 1788720560.8507028, 1788720561.5513215, 1788720562.2808983, 1788720563.0461574, 1788720563.8532655, 1788720564.6916504, 1788720565.5626936, 1788720566.4553335, 1788720567.1222625, 1788720567.6972296, 1788720568.338477]","[1, 1, 1, 1, 1, 1, 1, 1, 1, 1, 1, 1, 1, 1, 1, 1, 1, 1, 1, 1, 1, 1, 1, 1, 1, 1, 1, 1, 1, 1, 1, 1, 1, 1, 1, 1, 1, 1, 1, 1, 1, 1, 1, 1, 1, 1, 1, 1, 1, 1, 1, 1, 1, 1, 1, 1, 1, 1, 1, 1, 1, 1, 1, 1, 1, 1, 1, 1, 1, 1, 1, 1, 1, 1, 1, 1, 1, 1, 1, 1, 1, 1, 1, 1, 1, 1, 1, 1, 1, 1, 1, 1, 1, 1]"
User-011,0,trace_0694,1788720591.9859083,streaming,24258,686,686,0,378,51.98309683799744,485.5846936702728,0.6329950318719348,0.0,0,True,,1788720106.4011264,1788720158.3842232,1788720591.98582,"[1788720158.3842232, 1788720158.9570813, 1788720159.5858388, 1788720160.2460823, 1788720160.9367285, 1788720161.6593125, 1788720162.4125469, 1788720163.1976354, 1788720164.013629, 1788720164.6578152, 1788720165.22592, 1788720165.8494642, 1788720166.5066068, 1788720167.1949399, 1788720167.912314, 1788720168.6617732, 1788720169.4259205, 1788720169.9789135, 1788720170.5876498, 1788720171.223331, 1788720171.8896933, 1788720172.588434, 1788720173.3158972, 1788720174.0014358, 1788720174.566442, 1788720175.1843698, 1788720175.8303478, 1788720176.5085526, 1788720177.216191, 1788720177.9551117, 1788720178.7232716, 1788720179.529782, 1788720180.0812447, 1788720180.6920009, 1788720181.3287475, 1788720181.996194, 1788720182.6977544, 1788720183.4274108, 1788720184.1865835, 1788720184.856698, 1788720185.4276495, 1788720186.054913, 1788720186.7155223, 1788720187.3955889, 1788720188.1123443, 1788720188.856234, 1788720189.6113966, 1788720190.171224, 1788720190.7835603, 1788720191.424914, 1788720192.0962253, 1788720192.801401, 1788720193.532489, 1788720194.2963693, 1788720195.092021, 1788720195.746047, 1788720196.3231468, 1788720196.954383, 1788720197.6141891, 1788720198.3179476, 1788720199.0512419, 1788720199.81452, 1788720200.6129637, 1788720201.4371822, 1788720202.2893193, 1788720203.1692142, 1788720204.075826, 1788720204.8107255, 1788720205.3737433, 1788720206.0011332, 1788720206.6551363, 1788720207.3432171, 1788720208.060016, 1788720208.8084743, 1788720209.5856934, 1788720210.3998604, 1788720211.244601, 1788720212.116724, 1788720212.9638996, 1788720213.5107243, 1788720214.1278589, 1788720214.776208, 1788720215.4496908, 1788720216.1589, 1788720216.8942175, 1788720217.6627867, 1788720218.4642441, 1788720219.301527, 1788720220.17426, 1788720221.0799336, 1788720222.007695, 1788720222.7200537, 1788720223.283239, 1788720223.914133, 1788720224.5746503, 1788720225.262489, 1788720225.9845767, 1788720226.7327998, 1788720227.5161858, 1788720228.3315954, 1788720229.179276, 1788720230.0618646, 1788720230.9757407, 1788720231.9193642, 1788720232.5435948, 1788720233.115174, 1788720233.7543373, 1788720234.4234104, 1788720235.1228342, 1788720235.8494825, 1788720236.6106217, 1788720237.402983, 1788720238.23039, 1788720238.8025336, 1788720239.4437563, 1788720240.1048782, 1788720240.7987075, 1788720241.5198753, 1788720242.271376, 1788720243.0519075, 1788720243.863199, 1788720244.7005715, 1788720245.5693796, 1788720246.2769156, 1788720246.8432858, 1788720247.475046, 1788720248.136894, 1788720248.8262799, 1788720249.5475972, 1788720250.2951002, 1788720251.0797982, 1788720251.8984716, 1788720252.6453762, 1788720253.2068624, 1788720253.8300636, 1788720254.4870512, 1788720255.1716156, 1788720255.8826954, 1788720256.626528, 1788720257.403859, 1788720258.0350013, 1788720258.6187801, 1788720259.2522907, 1788720259.9190428, 1788720260.6148932, 1788720261.338933, 1788720262.093037, 1788720262.7548022, 1788720263.331232, 1788720263.963965, 1788720264.625228, 1788720265.3177612, 1788720266.0374777, 1788720266.7862256, 1788720267.5716102, 1788720268.3921418, 1788720269.1661377, 1788720269.7282329, 1788720270.3507988, 1788720271.019541, 1788720271.721892, 1788720272.447739, 1788720273.1985114, 1788720273.7598214, 1788720274.3744023, 1788720275.0210106, 1788720275.6978939, 1788720276.4060822, 1788720277.141619, 1788720277.9097683, 1788720278.7108316, 1788720279.3359, 1788720279.9158313, 1788720280.554712, 1788720281.2262113, 1788720281.9269657, 1788720282.6521757, 1788720283.4122088, 1788720284.2054014, 1788720285.0286572, 1788720285.8857567, 1788720286.7785563, 1788720287.4524467, 1788720288.0546322, 1788720288.715554, 1788720289.4026546, 1788720290.1220317, 1788720290.8599834, 1788720291.6336026, 1788720292.437269, 1788720293.064694, 1788720293.672272, 1788720294.3302228, 1788720295.017188, 1788720295.734118, 1788720296.4792855, 1788720297.2536793, 1788720297.9924104, 1788720298.5608346, 1788720299.1821687, 1788720299.8372746, 1788720300.522447, 1788720301.2340257, 1788720301.9756215, 1788720302.6155803, 1788720303.2195797, 1788720303.846084, 1788720304.530675, 1788720305.2430558, 1788720305.982867, 1788720306.7570498, 1788720307.5560672, 1788720308.2681556, 1788720308.8358319, 1788720309.471363, 1788720310.1227698, 1788720310.8127801, 1788720311.5291257, 1788720312.2754855, 1788720313.0563142, 1788720313.865404, 1788720314.480472, 1788720315.059181, 1788720315.699002, 1788720316.3745508, 1788720317.0836887, 1788720317.8357673, 1788720318.6207643, 1788720319.4229972, 1788720320.2609298, 1788720321.1234767, 1788720322.020091, 1788720322.9396288, 1788720323.65977, 1788720324.2196052, 1788720324.85203, 1788720325.5183854, 1788720326.2138045, 1788720326.9364266, 1788720327.6933293, 1788720328.4809506, 1788720329.303899, 1788720330.1693165, 1788720331.0607555, 1788720331.9753573, 1788720332.7542949, 1788720333.3101926, 1788720333.9361458, 1788720334.5968833, 1788720335.2875767, 1788720336.0062702, 1788720336.696528, 1788720337.2979212, 1788720337.9459214, 1788720338.6225193, 1788720339.3227808, 1788720340.0553157, 1788720340.8107471, 1788720341.6056414, 1788720342.421229, 1788720343.266648, 1788720344.0285425, 1788720344.5939038, 1788720345.2180185, 1788720345.873327, 1788720346.5615897, 1788720347.275775, 1788720348.0223358, 1788720348.8017495, 1788720349.6184487, 1788720350.4754877, 1788720351.358287, 1788720352.2660706, 1788720353.0067077, 1788720353.5736697, 1788720354.200948, 1788720354.8639874, 1788720355.559896, 1788720356.2771711, 1788720357.0274024, 1788720357.8097813, 1788720358.5040836, 1788720359.078114, 1788720359.7049153, 1788720360.3644373, 1788720361.0557976, 1788720361.7737794, 1788720362.524381, 1788720363.309619, 1788720364.0432212, 1788720364.6104317, 1788720365.238569, 1788720365.8876114, 1788720366.595459, 1788720367.2905242, 1788720368.0326445, 1788720368.8122344, 1788720369.623781, 1788720370.468314, 1788720371.3408043, 1788720372.2451205, 1788720372.889608, 1788720373.463956, 1788720374.1037972, 1788720374.7952838, 1788720375.5121164, 1788720376.097392, 1788720376.737876, 1788720377.4053936, 1788720378.0980282, 1788720378.8192706, 1788720379.5718536, 1788720380.1987033, 1788720380.7573113, 1788720381.376308, 1788720382.0128894, 1788720382.6880584, 1788720383.395829, 1788720384.1287813, 1788720384.8921294, 1788720385.6904378, 1788720386.5190928, 1788720387.380476, 1788720388.2754962, 1788720389.1957042, 1788720389.5646863, 1788720389.5809991, 1788720389.6324017, 1788720389.6824303, 1788720389.7320082, 1788720389.7848113, 1788720389.8317924, 1788720389.8864732, 1788720389.9299126, 1788720389.9788525, 1788720390.0290504, 1788720390.0777347, 1788720390.1271343, 1788720390.177418, 1788720390.2267215, 1788720390.2741675, 1788720390.3215683, 1788720390.3701203, 1788720390.4201329, 1788720390.468061, 1788720390.5165095, 1788720390.5647936, 1788720390.6127152, 1788720390.6626291, 1788720390.7103426, 1788720390.7577114, 1788720390.8081589, 1788720390.8560293, 1788720390.906847, 1788720390.9543276, 1788720391.0011992, 1788720391.0531774, 1788720391.0978591, 1788720391.1453903, 1788720391.1947272, 1788720391.2420192, 1788720391.2895849, 1788720391.3393176, 1788720391.3868823, 1788720391.4368484, 1788720391.4817643, 1788720391.5307918, 1788720391.5775912, 1788720391.6245842, 1788720391.671653, 1788720391.7222633, 1788720391.7654169, 1788720391.8119402, 1788720391.8614237, 1788720391.902963, 1788720391.9480753, 1788720391.9933984, 1788720392.0383565, 1788720392.083992, 1788720392.1296844, 1788720392.1751523, 1788720392.220378, 1788720392.266044, 1788720392.3113854, 1788720392.3565328, 1788720392.4039443, 1788720392.4470737, 1788720392.493004, 1788720392.5379374, 1788720392.5838501, 1788720392.628683, 1788720392.6740036, 1788720392.7199268, 1788720392.7649257, 1788720392.812315, 1788720392.856717, 1788720392.9018698, 1788720392.9476097, 1788720392.993176, 1788720393.063897, 1788720393.0854595, 1788720393.135961, 1788720393.1758318, 1788720393.2196577, 1788720393.8008463, 1788720394.4115267, 1788720395.0550566, 1788720395.7298334, 1788720396.432096, 1788720397.163855, 1788720397.9309723, 1788720398.7277882, 1788720399.4825222, 1788720400.0611532, 1788720400.7000437, 1788720401.3701394, 1788720402.0649018, 1788720402.7860403, 1788720403.5386806, 1788720404.3171587, 1788720405.1281898, 1788720405.6868012, 1788720406.3007772, 1788720406.945177, 1788720407.623794, 1788720408.330459, 1788720408.9825253, 1788720409.5590498, 1788720410.1886613, 1788720410.8491826, 1788720411.535503, 1788720412.146352, 1788720412.7285497, 1788720413.3677564, 1788720414.0481188, 1788720414.7599142, 1788720415.4965842, 1788720416.265221, 1788720417.0619926, 1788720417.7043803, 1788720418.2835648, 1788720418.9203305, 1788720419.5905304, 1788720420.2887473, 1788720421.016715, 1788720421.7726004, 1788720422.455331, 1788720423.0539558, 1788720423.7022705, 1788720424.3828924, 1788720425.0850313, 1788720425.8177328, 1788720426.5822322, 1788720427.3738542, 1788720428.1962628, 1788720429.0479813, 1788720429.680107, 1788720430.2627757, 1788720430.9035933, 1788720431.574994, 1788720432.2768087, 1788720433.0263503, 1788720433.798101, 1788720434.521796, 1788720435.086848, 1788720435.7109911, 1788720436.3709173, 1788720437.0670006, 1788720437.7954955, 1788720438.5501118, 1788720439.338066, 1788720440.153006, 1788720441.0260088, 1788720441.5761423, 1788720442.188599, 1788720442.8304214, 1788720443.5034363, 1788720444.205993, 1788720444.9376092, 1788720445.7017474, 1788720446.5010448, 1788720447.3312776, 1788720448.191238, 1788720449.084891, 1788720450.0102582, 1788720450.753312, 1788720451.3174975, 1788720451.9532135, 1788720452.6146352, 1788720453.3053699, 1788720454.028697, 1788720454.5914102, 1788720455.2043736, 1788720455.849837, 1788720456.5329084, 1788720457.2375886, 1788720457.9715993, 1788720458.7483566, 1788720459.5404136, 1788720460.370669, 1788720460.9281652, 1788720461.54762, 1788720462.1909752, 1788720462.8695061, 1788720463.5752518, 1788720464.3111265, 1788720465.0813787, 1788720465.885512, 1788720466.7304296, 1788720467.604615, 1788720468.5041263, 1788720469.270999, 1788720469.832309, 1788720470.460374, 1788720471.1208117, 1788720471.8186066, 1788720472.5505118, 1788720473.3058782, 1788720473.8697455, 1788720474.4840214, 1788720475.1321375, 1788720475.8101256, 1788720476.5220907, 1788720477.2714422, 1788720478.0752964, 1788720478.6290472, 1788720479.2441459, 1788720479.9091604, 1788720480.5972812, 1788720481.3061862, 1788720481.8746111, 1788720482.4926856, 1788720483.1383626, 1788720483.7992263, 1788720484.369734, 1788720484.9880462, 1788720485.6389542, 1788720486.3221178, 1788720487.0344443, 1788720487.788418, 1788720488.5835958, 1788720489.3938928, 1788720490.2394254, 1788720491.1638691, 1788720491.8151307, 1788720492.4540505, 1788720493.0699604, 1788720493.7553976, 1788720494.4690862, 1788720495.2055738, 1788720495.972811, 1788720496.7790318, 1788720497.6084533, 1788720498.1680136, 1788720498.7862782, 1788720499.4315038, 1788720500.1062722, 1788720500.8123815, 1788720501.466516, 1788720502.0432622, 1788720502.669775, 1788720503.3306694, 1788720504.0176897, 1788720504.735042, 1788720505.4861972, 1788720506.2718096, 1788720507.0901196, 1788720507.940569, 1788720508.8306136, 1788720509.7389376, 1788720510.5465963, 1788720511.1002293, 1788720511.7249436, 1788720512.380888, 1788720513.0672143, 1788720513.7849827, 1788720514.5321865, 1788720515.2496455, 1788720515.821677, 1788720516.4628015, 1788720517.1347575, 1788720517.8377743, 1788720518.57156, 1788720519.3245943, 1788720520.1180665, 1788720520.9386194, 1788720521.5869362, 1788720522.1825993, 1788720522.8358462, 1788720523.517845, 1788720524.222636, 1788720524.956961, 1788720525.722304, 1788720526.5186656, 1788720527.3464944, 1788720528.2100296, 1788720529.1008377, 1788720530.0233448, 1788720530.9071527, 1788720531.455337, 1788720532.0735586, 1788720532.725012, 1788720533.4074953, 1788720534.115374, 1788720534.7662153, 1788720535.3459587, 1788720535.9746873, 1788720536.6389816, 1788720537.3282604, 1788720538.0464716, 1788720538.7972615, 1788720539.5833297, 1788720540.4002023, 1788720541.0318823, 1788720541.6318045, 1788720542.2846923, 1788720542.9669487, 1788720543.6753104, 1788720544.412003, 1788720545.1742134, 1788720545.971987, 1788720546.7988126, 1788720547.6529672, 1788720548.5433905, 1788720549.4679165, 1788720550.2779062, 1788720550.8434637, 1788720551.4909058, 1788720552.1628675, 1788720552.8678443, 1788720553.5989273, 1788720554.3612244, 1788720555.1550465, 1788720555.7599206, 1788720556.3439865, 1788720556.9826121, 1788720557.6561341, 1788720558.3665326, 1788720558.955607, 1788720559.542581, 1788720560.183301, 1788720560.8557734, 1788720561.556338, 1788720562.2861497, 1788720563.0515282, 1788720563.8586843, 1788720564.6960697, 1788720565.5670877, 1788720566.4599342, 1788720567.1267517, 1788720567.7016745, 1788720568.3436751, 1788720569.0316439, 1788720569.7487795, 1788720570.4910345, 1788720571.285509, 1788720571.8412633, 1788720572.455647, 1788720573.0988994, 1788720573.7727964, 1788720574.4759753, 1788720575.2082775, 1788720575.9741273, 1788720576.7804594, 1788720577.4018965, 1788720577.9828966, 1788720578.6243575, 1788720579.2980852, 1788720579.8903272, 1788720580.4765773, 1788720581.1161592, 1788720581.7875268, 1788720582.4868622, 1788720583.2141309, 1788720583.9792233, 1788720584.77519, 1788720585.6016722, 1788720586.463187, 1788720587.3486094, 1788720588.2268553, 1788720588.785116, 1788720589.4009547, 1788720590.0527503, 1788720590.72795, 1788720591.40509, 1788720591.9786577]","[1, 1, 1, 1, 1, 1, 1, 1, 1, 1, 1, 1, 1, 1, 1, 1, 1, 1, 1, 1, 1, 1, 1, 1, 1, 1, 1, 1, 1, 1, 1, 1, 1, 1, 1, 1, 1, 1, 1, 1, 1, 1, 1, 1, 1, 1, 1, 1, 1, 1, 1, 1, 1, 1, 1, 1, 1, 1, 1, 1, 1, 1, 1, 1, 1, 1, 1, 1, 1, 1, 1, 1, 1, 1, 1, 1, 1, 1, 1, 1, 1, 1, 1, 1, 1, 1, 1, 1, 1, 1, 1, 1, 1, 1, 1, 1, 1, 1, 1, 1, 1, 1, 1, 1, 1, 1, 1, 1, 1, 1, 1, 1, 1, 1, 1, 1, 1, 1, 1, 1, 1, 1, 1, 1, 1, 1, 1, 1, 1, 1, 1, 1, 1, 1, 1, 1, 1, 1, 1, 1, 1, 1, 1, 1, 1, 1, 1, 1, 1, 1, 1, 1, 1, 1, 1, 1, 1, 1, 1, 1, 1, 1, 1, 1, 1, 1, 1, 1, 1, 1, 1, 1, 1, 1, 1, 1, 1, 1, 1, 1, 1, 1, 1, 1, 1, 1, 1, 1, 1, 1, 1, 1, 1, 1, 1, 1, 1, 1, 1, 1, 1, 1, 1, 1, 1, 1, 1, 1, 1, 1, 1, 1, 1, 1, 1, 1, 1, 1, 1, 1, 1, 1, 1, 1, 1, 1, 1, 1, 1, 1, 1, 1, 1, 1, 1, 1, 1, 1, 1, 1, 1, 1, 1, 1, 1, 1, 1, 1, 1, 1, 1, 1, 1, 1, 1, 1, 1, 1, 1, 1, 1, 1, 1, 1, 1, 1, 1, 1, 1, 1, 1, 1, 1, 1, 1, 1, 1, 1, 1, 1, 1, 1, 1, 1, 1, 1, 1, 1, 1, 1, 1, 1, 1, 1, 1, 1, 1, 1, 1, 1, 1, 1, 1, 1, 1, 1, 1, 1, 1, 1, 1, 1, 1, 1, 1, 1, 1, 1, 1, 1, 1, 1, 1, 1, 1, 1, 1, 1, 1, 1, 1, 1, 1, 1, 1, 1, 1, 1, 1, 1, 1, 1, 1, 1, 1, 1, 1, 1, 1, 1, 1, 1, 1, 1, 1, 1, 1, 1, 1, 1, 1, 1, 1, 1, 1, 1, 1, 1, 1, 1, 1, 1, 1, 1, 1, 1, 1, 1, 1, 1, 1, 1, 1, 1, 1, 1, 1, 1, 1, 1, 1, 1, 1, 1, 1, 1, 1, 1, 1, 1, 1, 1, 1, 1, 1, 1, 1, 1, 1, 1, 1, 1, 1, 1, 1, 1, 1, 1, 1, 1, 1, 1, 1, 1, 1, 1, 1, 1, 1, 1, 1, 1, 1, 1, 1, 1, 1, 1, 1, 1, 1, 1, 1, 1, 1, 1, 1, 1, 1, 1, 1, 1, 1, 1, 1, 1, 1, 1, 1, 1, 1, 1, 1, 1, 1, 1, 1, 1, 1, 1, 1, 1, 1, 1, 1, 1, 1, 1, 1, 1, 1, 1, 1, 1, 1, 1, 1, 1, 1, 1, 1, 1, 1, 1, 1, 1, 1, 1, 1, 1, 1, 1, 1, 1, 1, 1, 1, 1, 1, 1, 1, 1, 1, 1, 1, 1, 1, 1, 1, 1, 1, 1, 1, 1, 1, 1, 1, 1, 1, 1, 1, 1, 1, 1, 1, 1, 1, 1, 1, 1, 1, 1, 1, 1, 1, 1, 1, 1, 1, 1, 1, 1, 1, 1, 1, 1, 1, 1, 1, 1, 1, 1, 1, 1, 1, 1, 1, 1, 1, 1, 1, 1, 1, 1, 1, 1, 1, 1, 1, 1, 1, 1, 1, 1, 1, 1, 1, 1, 1, 1, 1, 1, 1, 1, 1, 1, 1, 1, 1, 1, 1, 1, 1, 1, 1, 1, 1, 1, 1, 1, 1, 1, 1, 1, 1, 1, 1, 1, 1, 1, 1, 1, 1, 1, 1, 1, 1, 1, 1, 1, 1, 1, 1, 1, 1, 1, 1, 1, 1, 1, 1, 1, 1, 1, 1, 1, 1, 1, 1, 1, 1, 1, 1, 1, 1, 1, 1, 1, 1, 1, 1, 1, 1, 1, 1, 1, 1, 1, 1, 1, 1, 1, 1, 1, 1, 1, 1, 1, 1, 1, 1, 1, 1, 1, 1, 1]"
User-025,9,trace_0588,1788720599.8691819,streaming,30710,72,72,472,1,48.38754200935364,97.97925424575806,0.6984748202310481,5.0,0,True,,1788720501.889849,1788720550.277391,1788720599.8691032,"[1788720550.277391, 1788720550.8429568, 1788720551.4904006, 1788720552.1623614, 1788720552.8673651, 1788720553.5983975, 1788720554.3607268, 1788720555.154523, 1788720555.7593937, 1788720556.3434653, 1788720556.9821103, 1788720557.6556442, 1788720558.366033, 1788720558.9551086, 1788720559.542079, 1788720560.1827927, 1788720560.8552516, 1788720561.5558298, 1788720562.2856464, 1788720563.0510018, 1788720563.8581722, 1788720564.6955714, 1788720565.5665815, 1788720566.4594169, 1788720567.126241, 1788720567.7011907, 1788720568.3431551, 1788720569.031026, 1788720569.7480962, 1788720570.4905198, 1788720571.2849991, 1788720571.840629, 1788720572.455146, 1788720573.098262, 1788720573.772161, 1788720574.475354, 1788720575.2077422, 1788720575.973502, 1788720576.779836, 1788720577.4013972, 1788720577.9822435, 1788720578.623829, 1788720579.2972841, 1788720579.8898406, 1788720580.4760785, 1788720581.1156309, 1788720581.786862, 1788720582.4861903, 1788720583.2134485, 1788720583.9785511, 1788720584.7745028, 1788720585.60117, 1788720586.4626443, 1788720587.3480988, 1788720588.2263465, 1788720588.7846165, 1788720589.4003036, 1788720590.0520737, 1788720590.7272916, 1788720591.4046123, 1788720591.9779592, 1788720592.619582, 1788720593.2900138, 1788720593.991733, 1788720594.717982, 1788720595.4745874, 1788720596.2649386, 1788720597.0817688, 1788720597.9274402, 1788720598.6637857, 1788720599.229191, 1788720599.858877]","[1, 1, 1, 1, 1, 1, 1, 1, 1, 1, 1, 1, 1, 1, 1, 1, 1, 1, 1, 1, 1, 1, 1, 1, 1, 1, 1, 1, 1, 1, 1, 1, 1, 1, 1, 1, 1, 1, 1, 1, 1, 1, 1, 1, 1, 1, 1, 1, 1, 1, 1, 1, 1, 1, 1, 1, 1, 1, 1, 1, 1, 1, 1, 1, 1, 1, 1, 1, 1, 1, 1, 1]"
User-054,0,trace_0666,1788720602.6467538,streaming,17436,124,124,0,272,24.50314736366272,111.89388537406921,0.7104938049626545,0.0,0,True,,1788720490.7527478,1788720515.2558951,1788720602.6466331,"[1788720515.2558951, 1788720515.827977, 1788720516.4683087, 1788720517.140027, 1788720517.8432877, 1788720518.576768, 1788720519.3300195, 1788720520.1234505, 1788720520.9429343, 1788720521.5934265, 1788720522.1884685, 1788720522.8418152, 1788720523.5238647, 1788720524.2285416, 1788720524.962891, 1788720525.7282162, 1788720526.524857, 1788720527.3519216, 1788720528.2161918, 1788720529.1058764, 1788720530.0280714, 1788720530.91247, 1788720531.4617927, 1788720532.0800097, 1788720532.7315366, 1788720533.414048, 1788720534.1219108, 1788720534.7739687, 1788720535.3529596, 1788720535.9816995, 1788720536.6445117, 1788720537.335297, 1788720538.0542088, 1788720538.8036869, 1788720539.5904088, 1788720540.4071586, 1788720541.0398152, 1788720541.639332, 1788720542.2917032, 1788720542.9744694, 1788720543.6830544, 1788720544.419663, 1788720545.1812096, 1788720545.979151, 1788720546.8044136, 1788720547.6598516, 1788720548.5487127, 1788720549.474898, 1788720550.2849638, 1788720550.8509681, 1788720551.4974427, 1788720552.1678042, 1788720552.8735714, 1788720553.603827, 1788720554.3661377, 1788720555.160102, 1788720555.76475, 1788720556.3496218, 1788720556.9880025, 1788720557.6615834, 1788720558.372265, 1788720558.961785, 1788720559.5485878, 1788720560.1882973, 1788720560.8618622, 1788720561.562373, 1788720562.29221, 1788720563.0580277, 1788720563.8645043, 1788720564.701844, 1788720565.5756552, 1788720566.4655254, 1788720567.133144, 1788720567.7076983, 1788720568.349642, 1788720569.0375755, 1788720569.7546737, 1788720570.4971013, 1788720571.2928872, 1788720571.8477058, 1788720572.460875, 1788720573.105335, 1788720573.7792795, 1788720574.4824035, 1788720575.2142205, 1788720575.9805613, 1788720576.7868824, 1788720577.408049, 1788720577.9925735, 1788720578.6314013, 1788720579.304669, 1788720579.8964202, 1788720580.4835155, 1788720581.1233282, 1788720581.794467, 1788720582.4939065, 1788720583.2211947, 1788720583.986269, 1788720584.7822003, 1788720585.6084278, 1788720586.4687595, 1788720587.3558798, 1788720588.2348166, 1788720588.7925305, 1788720589.4084172, 1788720590.06008, 1788720590.7354903, 1788720591.4127622, 1788720591.9853234, 1788720592.6278396, 1788720593.2969909, 1788720593.9999757, 1788720594.726266, 1788720595.4809215, 1788720596.2728803, 1788720597.090508, 1788720597.9334195, 1788720598.6726785, 1788720599.236191, 1788720599.868193, 1788720600.5421052, 1788720601.2537107, 1788720601.982586, 1788720602.6454277]","[1, 1, 1, 1, 1, 1, 1, 1, 1, 1, 1, 1, 1, 1, 1, 1, 1, 1, 1, 1, 1, 1, 1, 1, 1, 1, 1, 1, 1, 1, 1, 1, 1, 1, 1, 1, 1, 1, 1, 1, 1, 1, 1, 1, 1, 1, 1, 1, 1, 1, 1, 1, 1, 1, 1, 1, 1, 1, 1, 1, 1, 1, 1, 1, 1, 1, 1, 1, 1, 1, 1, 1, 1, 1, 1, 1, 1, 1, 1, 1, 1, 1, 1, 1, 1, 1, 1, 1, 1, 1, 1, 1, 1, 1, 1, 1, 1, 1, 1, 1, 1, 1, 1, 1, 1, 1, 1, 1, 1, 1, 1, 1, 1, 1, 1, 1, 1, 1, 1, 1, 1, 1, 1, 1]"
User-017,5,trace_0726,1788720617.1887646,streaming,21501,109,109,324,2,46.10403275489807,122.25901389122009,0.7051387142252039,6.0,0,True,,1788720494.9296455,1788720541.0336783,1788720617.1886594,"[1788720541.0336783, 1788720541.6333218, 1788720542.2862034, 1788720542.9684677, 1788720543.6769884, 1788720544.4137003, 1788720545.1757207, 1788720545.973509, 1788720546.800263, 1788720547.6544285, 1788720548.5448627, 1788720549.4693837, 1788720550.2795742, 1788720550.8449433, 1788720551.4923754, 1788720552.1643596, 1788720552.869309, 1788720553.60039, 1788720554.3627174, 1788720555.1565576, 1788720555.7614756, 1788720556.3455012, 1788720556.9840841, 1788720557.6576362, 1788720558.3680658, 1788720558.9570425, 1788720559.544103, 1788720560.1847968, 1788720560.857328, 1788720561.557841, 1788720562.2876723, 1788720563.0530653, 1788720563.8605015, 1788720564.6978755, 1788720565.56857, 1788720566.4614682, 1788720567.1282575, 1788720567.7031956, 1788720568.3451533, 1788720569.0331473, 1788720569.7502434, 1788720570.492654, 1788720571.2872095, 1788720571.8427627, 1788720572.456837, 1788720573.1003954, 1788720573.7742758, 1788720574.477491, 1788720575.209774, 1788720575.9756582, 1788720576.7819252, 1788720577.403413, 1788720577.9843752, 1788720578.6258655, 1788720579.3004823, 1788720579.8917716, 1788720580.478046, 1788720581.1178424, 1788720581.7890027, 1788720582.488409, 1788720583.2156882, 1788720583.9807367, 1788720584.7767057, 1788720585.6031811, 1788720586.4645207, 1788720587.350181, 1788720588.2285516, 1788720588.786607, 1788720589.4024732, 1788720590.0542474, 1788720590.729461, 1788720591.406543, 1788720591.9804688, 1788720592.6212718, 1788720593.2916944, 1788720593.993397, 1788720594.7196622, 1788720595.4761353, 1788720596.2664099, 1788720597.0834575, 1788720597.9285553, 1788720598.665275, 1788720599.230886, 1788720599.8610394, 1788720600.538692, 1788720601.246451, 1788720601.9756112, 1788720602.638335, 1788720603.240177, 1788720603.8974223, 1788720604.5787206, 1788720605.2888303, 1788720606.027534, 1788720606.7955492, 1788720607.5946689, 1788720608.4254334, 1788720609.2790365, 1788720609.913032, 1788720610.4928708, 1788720611.1326082, 1788720611.802946, 1788720612.5027049, 1788720613.2163622, 1788720613.7816267, 1788720614.3979049, 1788720615.0476146, 1788720615.7299368, 1788720616.4405022, 1788720617.1813726]","[1, 1, 1, 1, 1, 1, 1, 1, 1, 1, 1, 1, 1, 1, 1, 1, 1, 1, 1, 1, 1, 1, 1, 1, 1, 1, 1, 1, 1, 1, 1, 1, 1, 1, 1, 1, 1, 1, 1, 1, 1, 1, 1, 1, 1, 1, 1, 1, 1, 1, 1, 1, 1, 1, 1, 1, 1, 1, 1, 1, 1, 1, 1, 1, 1, 1, 1, 1, 1, 1, 1, 1, 1, 1, 1, 1, 1, 1, 1, 1, 1, 1, 1, 1, 1, 1, 1, 1, 1, 1, 1, 1, 1, 1, 1, 1, 1, 1, 1, 1, 1, 1, 1, 1, 1, 1, 1, 1, 1]"
User-047,2,trace_0228,1788720619.1848574,streaming,9880,57,57,293,2,34.147035360336304,73.43506288528442,0.7015719200883593,12.0,0,True,,1788720545.7497551,1788720579.8967905,1788720619.184818,"[1788720579.8967905, 1788720580.4838958, 1788720581.123819, 1788720581.7949982, 1788720582.49441, 1788720583.2217119, 1788720583.9868019, 1788720584.7827039, 1788720585.6086524, 1788720586.469155, 1788720587.3563914, 1788720588.235314, 1788720588.7930546, 1788720589.4089096, 1788720590.0603013, 1788720590.7359722, 1788720591.4129825, 1788720591.985551, 1788720592.6281672, 1788720593.2972124, 1788720594.0001998, 1788720594.7288032, 1788720595.4811497, 1788720596.273372, 1788720597.0910468, 1788720597.9338226, 1788720598.6731677, 1788720599.2365592, 1788720599.8687377, 1788720600.5423427, 1788720601.254227, 1788720601.98311, 1788720602.646215, 1788720603.2471917, 1788720603.9043798, 1788720604.5842664, 1788720605.2958457, 1788720606.0345361, 1788720606.802573, 1788720607.6003346, 1788720608.432644, 1788720609.2844336, 1788720609.920878, 1788720610.5002458, 1788720611.139759, 1788720611.8104277, 1788720612.5101254, 1788720613.2239103, 1788720613.7895255, 1788720614.4044642, 1788720615.0554814, 1788720615.7364526, 1788720616.4479215, 1788720617.188417, 1788720617.9726117, 1788720618.5976434, 1788720619.1844406]","[1, 1, 1, 1, 1, 1, 1, 1, 1, 1, 1, 1, 1, 1, 1, 1, 1, 1, 1, 1, 1, 1, 1, 1, 1, 1, 1, 1, 1, 1, 1, 1, 1, 1, 1, 1, 1, 1, 1, 1, 1, 1, 1, 1, 1, 1, 1, 1, 1, 1, 1, 1, 1, 1, 1, 1, 1]"
User-037,1,trace_0489,1788720621.9959579,streaming,15799,212,212,239,7,31.435331344604492,180.12454891204834,0.7046882349167954,13.0,0,True,,1788720441.8713553,1788720473.3066866,1788720621.9959042,"[1788720473.3066866, 1788720473.8702667, 1788720474.484552, 1788720475.1326933, 1788720475.8106306, 1788720476.5226188, 1788720477.2719598, 1788720478.0757923, 1788720478.6295595, 1788720479.2446775, 1788720479.909662, 1788720480.5979261, 1788720481.306665, 1788720481.8752844, 1788720482.4933417, 1788720483.139033, 1788720483.7997494, 1788720484.370246, 1788720484.9885433, 1788720485.6394715, 1788720486.322625, 1788720487.034971, 1788720487.7890706, 1788720488.5841196, 1788720489.3945706, 1788720490.2400498, 1788720491.1641138, 1788720491.8156357, 1788720492.4542987, 1788720493.0704849, 1788720493.7558994, 1788720494.469599, 1788720495.2061286, 1788720495.973337, 1788720496.7795281, 1788720497.6088502, 1788720498.1685166, 1788720498.786814, 1788720499.4321442, 1788720500.1068065, 1788720500.8127735, 1788720501.467028, 1788720502.043786, 1788720502.6702752, 1788720503.3311825, 1788720504.018196, 1788720504.735548, 1788720505.4867046, 1788720506.2723105, 1788720507.0906289, 1788720507.9410644, 1788720508.8311694, 1788720509.7394273, 1788720510.547105, 1788720511.1007314, 1788720511.72546, 1788720512.3813987, 1788720513.067702, 1788720513.7854772, 1788720514.5326827, 1788720515.250122, 1788720515.822169, 1788720516.4632976, 1788720517.1352549, 1788720517.8382719, 1788720518.5720499, 1788720519.325086, 1788720520.1185536, 1788720520.9388988, 1788720521.5884066, 1788720522.1835968, 1788720522.8368661, 1788720523.5188584, 1788720524.2236223, 1788720524.9579387, 1788720525.7233026, 1788720526.5197024, 1788720527.3474774, 1788720528.2110624, 1788720529.1018138, 1788720530.024345, 1788720530.908155, 1788720531.4563296, 1788720532.074581, 1788720532.7260225, 1788720533.408502, 1788720534.1163752, 1788720534.7671816, 1788720535.3469732, 1788720535.9757452, 1788720536.6398175, 1788720537.3292854, 1788720538.0512516, 1788720538.7982502, 1788720539.5843515, 1788720540.4011998, 1788720541.0328412, 1788720541.6328082, 1788720542.2857015, 1788720542.967965, 1788720543.6764762, 1788720544.4131472, 1788720545.175226, 1788720545.9730005, 1788720546.7997806, 1788720547.6539469, 1788720548.5443733, 1788720549.4688969, 1788720550.2790747, 1788720550.8444512, 1788720551.4918876, 1788720552.1638684, 1788720552.8688235, 1788720553.5999093, 1788720554.362192, 1788720555.1560562, 1788720555.7609515, 1788720556.3450024, 1788720556.983591, 1788720557.6571426, 1788720558.3675756, 1788720558.9565647, 1788720559.5436034, 1788720560.1843033, 1788720560.8568091, 1788720561.5573432, 1788720562.2871644, 1788720563.0525548, 1788720563.8598511, 1788720564.6972246, 1788720565.568079, 1788720566.460959, 1788720567.1277752, 1788720567.7026794, 1788720568.344658, 1788720569.0326371, 1788720569.7497666, 1788720570.492165, 1788720571.2866852, 1788720571.8422601, 1788720572.456447, 1788720573.0999012, 1788720573.7737842, 1788720574.476992, 1788720575.2092729, 1788720575.9751623, 1788720576.7814438, 1788720577.4029183, 1788720577.9838872, 1788720578.6253598, 1788720579.2991333, 1788720579.891296, 1788720580.477564, 1788720581.1173365, 1788720581.7885134, 1788720582.4879088, 1788720583.2151816, 1788720583.980237, 1788720584.7761984, 1788720585.602669, 1788720586.464124, 1788720587.3496578, 1788720588.227891, 1788720588.7861135, 1788720589.4019797, 1788720590.0537477, 1788720590.7289598, 1788720591.4060578, 1788720591.9799683, 1788720592.6207635, 1788720593.2911904, 1788720593.992897, 1788720594.719168, 1788720595.4756293, 1788720596.265921, 1788720597.0829527, 1788720597.9281802, 1788720598.664761, 1788720599.2303417, 1788720599.8605008, 1788720600.5384521, 1788720601.245944, 1788720601.9749477, 1788720602.637832, 1788720603.2396798, 1788720603.8969262, 1788720604.5782177, 1788720605.2883322, 1788720606.0270064, 1788720606.7950454, 1788720607.5941486, 1788720608.4249294, 1788720609.2785323, 1788720609.9125478, 1788720610.4923418, 1788720611.132103, 1788720611.8024395, 1788720612.5022035, 1788720613.2158809, 1788720613.7811372, 1788720614.3974116, 1788720615.0471196, 1788720615.7294362, 1788720616.44, 1788720617.1808455, 1788720617.9653926, 1788720618.5888867, 1788720619.1771274, 1788720619.837985, 1788720620.5273352, 1788720621.2538755, 1788720621.9875329]","[1, 1, 1, 1, 1, 1, 1, 1, 1, 1, 1, 1, 1, 1, 1, 1, 1, 1, 1, 1, 1, 1, 1, 1, 1, 1, 1, 1, 1, 1, 1, 1, 1, 1, 1, 1, 1, 1, 1, 1, 1, 1, 1, 1, 1, 1, 1, 1, 1, 1, 1, 1, 1, 1, 1, 1, 1, 1, 1, 1, 1, 1, 1, 1, 1, 1, 1, 1, 1, 1, 1, 1, 1, 1, 1, 1, 1, 1, 1, 1, 1, 1, 1, 1, 1, 1, 1, 1, 1, 1, 1, 1, 1, 1, 1, 1, 1, 1, 1, 1, 1, 1, 1, 1, 1, 1, 1, 1, 1, 1, 1, 1, 1, 1, 1, 1, 1, 1, 1, 1, 1, 1, 1, 1, 1, 1, 1, 1, 1, 1, 1, 1, 1, 1, 1, 1, 1, 1, 1, 1, 1, 1, 1, 1, 1, 1, 1, 1, 1, 1, 1, 1, 1, 1, 1, 1, 1, 1, 1, 1, 1, 1, 1, 1, 1, 1, 1, 1, 1, 1, 1, 1, 1, 1, 1, 1, 1, 1, 1, 1, 1, 1, 1, 1, 1, 1, 1, 1, 1, 1, 1, 1, 1, 1, 1, 1, 1, 1, 1, 1, 1, 1, 1, 1, 1, 1, 1, 1, 1, 1, 1, 1]"
User-035,2,trace_0062,1788720622.7672575,streaming,16748,75,75,255,5,45.27634930610657,96.75186705589294,0.695615104726843,12.0,0,True,,1788720526.0153246,1788720571.291674,1788720622.7671916,"[1788720571.291674, 1788720571.846699, 1788720572.4600513, 1788720573.1043334, 1788720573.778232, 1788720574.481424, 1788720575.2133794, 1788720575.9795878, 1788720576.7858508, 1788720577.4072666, 1788720577.9920845, 1788720578.63038, 1788720579.303915, 1788720579.8959851, 1788720580.4825072, 1788720581.1223078, 1788720581.793496, 1788720582.492917, 1788720583.2201924, 1788720583.9852688, 1788720584.7812085, 1788720585.6079822, 1788720586.467997, 1788720587.3548577, 1788720588.2338197, 1788720588.7915404, 1788720589.4074314, 1788720590.0592747, 1788720590.7344677, 1788720591.4123166, 1788720591.984882, 1788720592.62683, 1788720593.2965488, 1788720593.998982, 1788720594.7252667, 1788720595.4804757, 1788720596.2719007, 1788720597.0895126, 1788720597.9326801, 1788720598.6717079, 1788720599.235451, 1788720599.8671916, 1788720600.541631, 1788720601.252692, 1788720601.9815874, 1788720602.644435, 1788720603.2461727, 1788720603.9033587, 1788720604.583831, 1788720605.2948568, 1788720606.033555, 1788720606.8015764, 1788720607.599895, 1788720608.431623, 1788720609.283989, 1788720609.9199185, 1788720610.4992487, 1788720611.1392734, 1788720611.8094058, 1788720612.5091367, 1788720613.222865, 1788720613.788021, 1788720614.4038038, 1788720615.0540655, 1788720615.73531, 1788720616.4471388, 1788720617.1877313, 1788720617.9719458, 1788720618.5954013, 1788720619.1835089, 1788720619.843884, 1788720620.5338595, 1788720621.257131, 1788720621.9943893, 1788720622.765068]","[1, 1, 1, 1, 1, 1, 1, 1, 1, 1, 1, 1, 1, 1, 1, 1, 1, 1, 1, 1, 1, 1, 1, 1, 1, 1, 1, 1, 1, 1, 1, 1, 1, 1, 1, 1, 1, 1, 1, 1, 1, 1, 1, 1, 1, 1, 1, 1, 1, 1, 1, 1, 1, 1, 1, 1, 1, 1, 1, 1, 1, 1, 1, 1, 1, 1, 1, 1, 1, 1, 1, 1, 1, 1, 1]"
User-020,2,trace_0108,1788720624.7598243,streaming,23362,261,261,310,54,12.485305547714233,196.220064163208,0.7066721485211299,11.0,0,True,,1788720428.5396898,1788720441.0249953,1788720624.759754,"[1788720441.0249953, 1788720441.574919, 1788720442.1874907, 1788720442.8293772, 1788720443.5023613, 1788720444.2049913, 1788720444.936571, 1788720445.7007356, 1788720446.5000205, 1788720447.3300247, 1788720448.1901822, 1788720449.0838675, 1788720450.0097353, 1788720450.7514527, 1788720451.3157954, 1788720451.951465, 1788720452.6128936, 1788720453.3036892, 1788720454.0274155, 1788720454.5897286, 1788720455.2028675, 1788720455.8481512, 1788720456.529515, 1788720457.2358391, 1788720457.9700243, 1788720458.7469563, 1788720459.5391703, 1788720460.3683326, 1788720460.926298, 1788720461.5457485, 1788720462.1886685, 1788720462.8673198, 1788720463.5730503, 1788720464.308914, 1788720465.0791843, 1788720465.8835304, 1788720466.728324, 1788720467.602872, 1788720468.5022361, 1788720469.2689798, 1788720469.8304722, 1788720470.4581904, 1788720471.1188323, 1788720471.8160565, 1788720472.5489728, 1788720473.3044024, 1788720473.8681576, 1788720474.4823363, 1788720475.1305459, 1788720475.80847, 1788720476.520499, 1788720477.2697577, 1788720478.0738053, 1788720478.627383, 1788720479.2422838, 1788720479.9076085, 1788720480.5957413, 1788720481.3047228, 1788720481.8731039, 1788720482.4911737, 1788720483.1368375, 1788720483.7968893, 1788720484.3675525, 1788720484.985814, 1788720485.6367106, 1788720486.3200164, 1788720487.0321722, 1788720487.786358, 1788720488.5812378, 1788720489.3917263, 1788720490.2374222, 1788720491.1628726, 1788720491.8130872, 1788720492.453016, 1788720493.0676243, 1788720493.753212, 1788720494.4668906, 1788720495.2031677, 1788720495.9706197, 1788720496.7768126, 1788720497.606642, 1788720498.165831, 1788720498.7837188, 1788720499.429962, 1788720500.1045861, 1788720500.810843, 1788720501.465009, 1788720502.041632, 1788720502.6681242, 1788720503.329004, 1788720504.0160098, 1788720504.733338, 1788720505.4845045, 1788720506.270111, 1788720507.0884597, 1788720507.9389257, 1788720508.8222234, 1788720509.7372272, 1788720510.5449197, 1788720511.098528, 1788720511.7233675, 1788720512.3791585, 1788720513.0655377, 1788720513.7833295, 1788720514.5305188, 1788720515.2482047, 1788720515.820188, 1788720516.4611073, 1788720517.1330972, 1788720517.8361092, 1788720518.5700166, 1788720519.3230774, 1788720520.1164234, 1788720520.9378283, 1788720521.5853844, 1788720522.180968, 1788720522.834164, 1788720523.5161698, 1788720524.2211602, 1788720524.9553413, 1788720525.7206573, 1788720526.5171306, 1788720527.3448408, 1788720528.2084935, 1788720529.0992136, 1788720530.0218248, 1788720530.9054317, 1788720531.4536564, 1788720532.0718575, 1788720532.7232993, 1788720533.4058232, 1788720534.1136515, 1788720534.7647436, 1788720535.3442745, 1788720535.9729972, 1788720536.6370687, 1788720537.3270795, 1788720538.0452683, 1788720538.79623, 1788720539.5821502, 1788720540.3990266, 1788720541.0308907, 1788720541.630613, 1788720542.2835224, 1788720542.965794, 1788720543.6742847, 1788720544.410954, 1788720545.1730628, 1788720545.970935, 1788720546.7978215, 1788720547.651818, 1788720548.5422852, 1788720549.466906, 1788720550.27611, 1788720550.8417866, 1788720551.4892476, 1788720552.1612046, 1788720552.8662372, 1788720553.5972393, 1788720554.3597217, 1788720555.1534865, 1788720555.7583616, 1788720556.3424244, 1788720556.980996, 1788720557.6546216, 1788720558.364916, 1788720558.9541378, 1788720559.540938, 1788720560.181579, 1788720560.854055, 1788720561.554639, 1788720562.28444, 1788720563.0499492, 1788720563.8567734, 1788720564.6949108, 1788720565.5659666, 1788720566.4588675, 1788720567.1257544, 1788720567.7006981, 1788720568.3421845, 1788720569.0304985, 1788720569.7476106, 1788720570.4900296, 1788720571.284473, 1788720571.8401344, 1788720572.454594, 1788720573.0977464, 1788720573.7716663, 1788720574.4748344, 1788720575.2072353, 1788720575.9730084, 1788720576.7793193, 1788720577.4009037, 1788720577.9817426, 1788720578.6233122, 1788720579.2967668, 1788720579.8893642, 1788720580.4756193, 1788720581.1150966, 1788720581.78632, 1788720582.4856665, 1788720583.2129304, 1788720583.9780352, 1788720584.7739847, 1788720585.6004853, 1788720586.4621313, 1788720587.3475857, 1788720588.2258496, 1788720588.783956, 1788720589.399778, 1788720590.0515652, 1788720590.7267785, 1788720591.4041257, 1788720591.9774604, 1788720592.6190617, 1788720593.2895136, 1788720593.991194, 1788720594.7174706, 1788720595.4738913, 1788720596.2641907, 1788720597.081269, 1788720597.926991, 1788720598.663303, 1788720599.2287037, 1788720599.8583035, 1788720600.5379648, 1788720601.2448893, 1788720601.973898, 1788720602.6368408, 1788720603.2385163, 1788720603.8957613, 1788720604.577055, 1788720605.2871199, 1788720606.025839, 1788720606.7938664, 1788720607.5929894, 1788720608.4239087, 1788720609.2775064, 1788720609.9115708, 1788720610.4911819, 1788720611.1310563, 1788720611.8014514, 1788720612.5011585, 1788720613.2148893, 1788720613.7799609, 1788720614.396239, 1788720615.0459418, 1788720615.7282503, 1788720616.438985, 1788720617.1796603, 1788720617.9643905, 1788720618.5879216, 1788720619.175932, 1788720619.8368115, 1788720620.5263274, 1788720621.2533588, 1788720621.986469, 1788720622.7579045, 1788720623.513434, 1788720624.107218, 1788720624.7509725]","[1, 1, 1, 1, 1, 1, 1, 1, 1, 1, 1, 1, 1, 1, 1, 1, 1, 1, 1, 1, 1, 1, 1, 1, 1, 1, 1, 1, 1, 1, 1, 1, 1, 1, 1, 1, 1, 1, 1, 1, 1, 1, 1, 1, 1, 1, 1, 1, 1, 1, 1, 1, 1, 1, 1, 1, 1, 1, 1, 1, 1, 1, 1, 1, 1, 1, 1, 1, 1, 1, 1, 1, 1, 1, 1, 1, 1, 1, 1, 1, 1, 1, 1, 1, 1, 1, 1, 1, 1, 1, 1, 1, 1, 1, 1, 1, 1, 1, 1, 1, 1, 1, 1, 1, 1, 1, 1, 1, 1, 1, 1, 1, 1, 1, 1, 1, 1, 1, 1, 1, 1, 1, 1, 1, 1, 1, 1, 1, 1, 1, 1, 1, 1, 1, 1, 1, 1, 1, 1, 1, 1, 1, 1, 1, 1, 1, 1, 1, 1, 1, 1, 1, 1, 1, 1, 1, 1, 1, 1, 1, 1, 1, 1, 1, 1, 1, 1, 1, 1, 1, 1, 1, 1, 1, 1, 1, 1, 1, 1, 1, 1, 1, 1, 1, 1, 1, 1, 1, 1, 1, 1, 1, 1, 1, 1, 1, 1, 1, 1, 1, 1, 1, 1, 1, 1, 1, 1, 1, 1, 1, 1, 1, 1, 1, 1, 1, 1, 1, 1, 1, 1, 1, 1, 1, 1, 1, 1, 1, 1, 1, 1, 1, 1, 1, 1, 1, 1, 1, 1, 1, 1, 1, 1, 1, 1, 1, 1, 1, 1, 1, 1, 1, 1, 1, 1, 1, 1, 1, 1, 1, 1]"
User-049,1,trace_0273,1788720628.833479,streaming,18570,106,106,287,2,44.598146200180054,117.66874647140503,0.6959104787735712,8.0,0,True,,1788720511.1646912,1788720555.7628374,1788720628.8334377,"[1788720555.7628374, 1788720556.3465328, 1788720556.9850688, 1788720557.6586266, 1788720558.3692544, 1788720558.9588118, 1788720559.5455883, 1788720560.1862888, 1788720560.8588703, 1788720561.5593739, 1788720562.289171, 1788720563.0546143, 1788720563.861992, 1788720564.6993804, 1788720565.5700471, 1788720566.4629853, 1788720567.129841, 1788720567.7046914, 1788720568.346637, 1788720569.0346277, 1788720569.7517235, 1788720570.4941356, 1788720571.2887137, 1788720571.8442388, 1788720572.458045, 1788720573.1018634, 1788720573.77576, 1788720574.4789727, 1788720575.2113109, 1788720575.9771392, 1788720576.7834046, 1788720577.4047368, 1788720577.9858427, 1788720578.6273959, 1788720579.3016288, 1788720579.893221, 1788720580.4795322, 1788720581.1193511, 1788720581.790515, 1788720582.489917, 1788720583.2171788, 1788720583.982256, 1788720584.7782292, 1788720585.6046968, 1788720586.46568, 1788720587.3517764, 1788720588.2300565, 1788720588.788096, 1788720589.4039662, 1788720590.0557463, 1788720590.730974, 1788720591.4081414, 1788720591.981948, 1788720592.6227992, 1788720593.2931988, 1788720593.9948936, 1788720594.7212334, 1788720595.4776607, 1788720596.2679267, 1788720597.085409, 1788720597.9296732, 1788720598.6667714, 1788720599.2320402, 1788720599.862647, 1788720600.5394568, 1788720601.2480376, 1788720601.9771178, 1788720602.639817, 1788720603.2416797, 1788720603.8989215, 1788720604.5802264, 1788720605.2903457, 1788720606.0290246, 1788720606.7970495, 1788720607.5961862, 1788720608.42698, 1788720609.2805068, 1788720609.9145114, 1788720610.4943664, 1788720611.1341295, 1788720611.804423, 1788720612.504204, 1788720613.217983, 1788720613.7831123, 1788720614.3994174, 1788720615.0491161, 1788720615.731502, 1788720616.4420242, 1788720617.1832075, 1788720617.9670556, 1788720618.5903385, 1788720619.178658, 1788720619.8395011, 1788720620.5288658, 1788720621.2546427, 1788720621.9893384, 1788720622.7600837, 1788720623.5154638, 1788720624.109189, 1788720624.7533484, 1788720625.3609164, 1788720625.9866412, 1788720626.6494145, 1788720627.3375547, 1788720628.0548835, 1788720628.8301766]","[1, 1, 1, 1, 1, 1, 1, 1, 1, 1, 1, 1, 1, 1, 1, 1, 1, 1, 1, 1, 1, 1, 1, 1, 1, 1, 1, 1, 1, 1, 1, 1, 1, 1, 1, 1, 1, 1, 1, 1, 1, 1, 1, 1, 1, 1, 1, 1, 1, 1, 1, 1, 1, 1, 1, 1, 1, 1, 1, 1, 1, 1, 1, 1, 1, 1, 1, 1, 1, 1, 1, 1, 1, 1, 1, 1, 1, 1, 1, 1, 1, 1, 1, 1, 1, 1, 1, 1, 1, 1, 1, 1, 1, 1, 1, 1, 1, 1, 1, 1, 1, 1, 1, 1, 1, 1]"
User-008,1,trace_0707,1788720635.9248354,streaming,19859,309,309,302,7,18.826624155044556,237.04876351356506,0.708513439475716,16.0,0,True,,1788720398.8759391,1788720417.7025633,1788720635.9247026,"[1788720417.7025633, 1788720418.2812042, 1788720418.9180593, 1788720419.588237, 1788720420.2864316, 1788720421.0143926, 1788720421.7702692, 1788720422.453275, 1788720423.0517259, 1788720423.7000573, 1788720424.3806279, 1788720425.0830164, 1788720425.8155596, 1788720426.5801432, 1788720427.3722873, 1788720428.1940744, 1788720429.0453238, 1788720429.6780589, 1788720430.2605798, 1788720430.9011874, 1788720431.5727477, 1788720432.2744215, 1788720433.0247252, 1788720433.7963996, 1788720434.5199904, 1788720435.085298, 1788720435.709451, 1788720436.3693619, 1788720437.065393, 1788720437.7938406, 1788720438.5485368, 1788720439.3365448, 1788720440.1511645, 1788720441.023655, 1788720441.5738707, 1788720442.1861312, 1788720442.8281367, 1788720443.5013373, 1788720444.2039735, 1788720444.9355388, 1788720445.6997137, 1788720446.4989734, 1788720447.328524, 1788720448.1890068, 1788720449.0826185, 1788720450.0092454, 1788720450.7503757, 1788720451.314711, 1788720451.9504275, 1788720452.6117988, 1788720453.3026626, 1788720454.026382, 1788720454.5887375, 1788720455.201615, 1788720455.8471189, 1788720456.5285163, 1788720457.2347202, 1788720457.9689884, 1788720458.7458024, 1788720459.5381684, 1788720460.3673282, 1788720460.9252548, 1788720461.5445366, 1788720462.1875794, 1788720462.8662841, 1788720463.572053, 1788720464.3079057, 1788720465.0781348, 1788720465.882504, 1788720466.726963, 1788720467.6018357, 1788720468.5012429, 1788720469.2679589, 1788720469.8294692, 1788720470.4571936, 1788720471.1176102, 1788720471.8150425, 1788720472.5477264, 1788720473.303404, 1788720473.8667712, 1788720474.4813278, 1788720475.1294405, 1788720475.8074884, 1788720476.519097, 1788720477.268745, 1788720478.0728161, 1788720478.6263733, 1788720479.2412708, 1788720479.9060163, 1788720480.5946605, 1788720481.3035522, 1788720481.872074, 1788720482.490126, 1788720483.1358223, 1788720483.7958117, 1788720484.3665175, 1788720484.9848194, 1788720485.6356926, 1788720486.3189366, 1788720487.0308146, 1788720487.7858522, 1788720488.578585, 1788720489.3912117, 1788720490.2367554, 1788720491.162609, 1788720491.8125603, 1788720492.4527388, 1788720493.0670896, 1788720493.7527108, 1788720494.4663498, 1788720495.2025535, 1788720495.9701147, 1788720496.776285, 1788720497.6061375, 1788720498.165327, 1788720498.783175, 1788720499.4294362, 1788720500.1040814, 1788720500.8102837, 1788720501.464502, 1788720502.041092, 1788720502.6676145, 1788720503.3284657, 1788720504.0155115, 1788720504.7328339, 1788720505.484008, 1788720506.2696106, 1788720507.0879598, 1788720507.9384, 1788720508.8215241, 1788720509.7367077, 1788720510.5443935, 1788720511.098023, 1788720511.7228305, 1788720512.3786266, 1788720513.0650272, 1788720513.7828033, 1788720514.5300252, 1788720515.2477233, 1788720515.8196526, 1788720516.4606102, 1788720517.1325967, 1788720517.8355803, 1788720518.569518, 1788720519.322512, 1788720520.1159284, 1788720520.9375782, 1788720521.584869, 1788720522.1804578, 1788720522.8336768, 1788720523.5156157, 1788720524.2206655, 1788720524.9548361, 1788720525.7201488, 1788720526.516615, 1788720527.3443468, 1788720528.207985, 1788720529.098666, 1788720530.0211773, 1788720530.9049313, 1788720531.4531538, 1788720532.0713573, 1788720532.7227848, 1788720533.4053195, 1788720534.1131344, 1788720534.7642567, 1788720535.3437374, 1788720535.972498, 1788720536.6365654, 1788720537.3265092, 1788720538.0447204, 1788720538.7957056, 1788720539.5816336, 1788720540.398495, 1788720541.0303595, 1788720541.6301184, 1788720542.2830064, 1788720542.9652765, 1788720543.6737866, 1788720544.410422, 1788720545.1725538, 1788720545.9703994, 1788720546.7973218, 1788720547.6512873, 1788720548.541795, 1788720549.4663782, 1788720550.2756152, 1788720550.841286, 1788720551.4887016, 1788720552.1606898, 1788720552.8657298, 1788720553.5967414, 1788720554.3590457, 1788720555.1529505, 1788720555.7578537, 1788720556.3418984, 1788720556.980492, 1788720557.6541216, 1788720558.364414, 1788720558.9536617, 1788720559.5404332, 1788720560.1810331, 1788720560.8535266, 1788720561.5541112, 1788720562.2839324, 1788720563.0494246, 1788720563.8562722, 1788720564.6943686, 1788720565.5654726, 1788720566.4583218, 1788720567.1252327, 1788720567.700043, 1788720568.341664, 1788720569.0299637, 1788720569.747121, 1788720570.4895334, 1788720571.2839537, 1788720571.8396215, 1788720572.4540887, 1788720573.097245, 1788720573.771167, 1788720574.474315, 1788720575.2067084, 1788720575.9725077, 1788720576.778825, 1788720577.400414, 1788720577.9812424, 1788720578.6226013, 1788720579.296264, 1788720579.8888874, 1788720580.4753704, 1788720581.1145377, 1788720581.7858207, 1788720582.4851615, 1788720583.2124248, 1788720583.97752, 1788720584.7734613, 1788720585.5999868, 1788720586.4614134, 1788720587.3470638, 1788720588.2253258, 1788720588.7834604, 1788720589.399283, 1788720590.0510619, 1788720590.726239, 1788720591.4036443, 1788720591.9769676, 1788720592.6185012, 1788720593.2889974, 1788720593.9906526, 1788720594.7169662, 1788720595.473364, 1788720596.2636797, 1788720597.0806966, 1788720597.92626, 1788720598.6627953, 1788720599.2282064, 1788720599.857803, 1788720600.5377092, 1788720601.244158, 1788720601.9733987, 1788720602.6363385, 1788720603.2380004, 1788720603.8952553, 1788720604.5765557, 1788720605.2865868, 1788720606.0253148, 1788720606.7933624, 1788720607.592488, 1788720608.423401, 1788720609.277015, 1788720609.9110615, 1788720610.490666, 1788720611.1305096, 1788720611.8007739, 1788720612.50048, 1788720613.2143703, 1788720613.7794614, 1788720614.3957531, 1788720615.0454075, 1788720615.7277505, 1788720616.4384427, 1788720617.17914, 1788720617.9638894, 1788720618.587435, 1788720619.1754344, 1788720619.836306, 1788720620.5256627, 1788720621.2530968, 1788720621.9859352, 1788720622.7574039, 1788720623.5129185, 1788720624.1065285, 1788720624.7504086, 1788720625.357928, 1788720625.984016, 1788720626.6467733, 1788720627.3348954, 1788720628.052252, 1788720628.8289218, 1788720629.5767326, 1788720630.3882177, 1788720631.2324297, 1788720632.1047826, 1788720632.9998868, 1788720633.9179747, 1788720634.7290413, 1788720635.2880082, 1788720635.9152322]","[1, 1, 1, 1, 1, 1, 1, 1, 1, 1, 1, 1, 1, 1, 1, 1, 1, 1, 1, 1, 1, 1, 1, 1, 1, 1, 1, 1, 1, 1, 1, 1, 1, 1, 1, 1, 1, 1, 1, 1, 1, 1, 1, 1, 1, 1, 1, 1, 1, 1, 1, 1, 1, 1, 1, 1, 1, 1, 1, 1, 1, 1, 1, 1, 1, 1, 1, 1, 1, 1, 1, 1, 1, 1, 1, 1, 1, 1, 1, 1, 1, 1, 1, 1, 1, 1, 1, 1, 1, 1, 1, 1, 1, 1, 1, 1, 1, 1, 1, 1, 1, 1, 1, 1, 1, 1, 1, 1, 1, 1, 1, 1, 1, 1, 1, 1, 1, 1, 1, 1, 1, 1, 1, 1, 1, 1, 1, 1, 1, 1, 1, 1, 1, 1, 1, 1, 1, 1, 1, 1, 1, 1, 1, 1, 1, 1, 1, 1, 1, 1, 1, 1, 1, 1, 1, 1, 1, 1, 1, 1, 1, 1, 1, 1, 1, 1, 1, 1, 1, 1, 1, 1, 1, 1, 1, 1, 1, 1, 1, 1, 1, 1, 1, 1, 1, 1, 1, 1, 1, 1, 1, 1, 1, 1, 1, 1, 1, 1, 1, 1, 1, 1, 1, 1, 1, 1, 1, 1, 1, 1, 1, 1, 1, 1, 1, 1, 1, 1, 1, 1, 1, 1, 1, 1, 1, 1, 1, 1, 1, 1, 1, 1, 1, 1, 1, 1, 1, 1, 1, 1, 1, 1, 1, 1, 1, 1, 1, 1, 1, 1, 1, 1, 1, 1, 1, 1, 1, 1, 1, 1, 1, 1, 1, 1, 1, 1, 1, 1, 1, 1, 1, 1, 1, 1, 1, 1, 1, 1, 1, 1, 1, 1, 1, 1, 1, 1, 1, 1, 1, 1, 1, 1, 1, 1, 1, 1, 1, 1, 1, 1, 1, 1, 1, 1, 1, 1, 1, 1, 1]"
User-052,0,trace_0594,1788720660.9775429,streaming,17535,261,260,0,273,31.37854504585266,214.27410435676575,0.7061604606598961,0.0,0,True,,1788720446.703366,1788720478.081911,1788720660.9774704,"[1788720478.081911, 1788720478.6341012, 1788720479.2501614, 1788720479.9152431, 1788720480.6033828, 1788720481.3130023, 1788720481.8812306, 1788720482.4992113, 1788720483.1446314, 1788720483.8059926, 1788720484.37578, 1788720484.9944735, 1788720485.6454484, 1788720487.0410469, 1788720487.7949982, 1788720488.5889542, 1788720489.3999412, 1788720490.244634, 1788720491.1665986, 1788720491.8213527, 1788720492.4565709, 1788720493.0743625, 1788720493.7603736, 1788720494.474145, 1788720495.2109115, 1788720495.9778032, 1788720496.7837865, 1788720497.6124692, 1788720498.1729448, 1788720498.7912905, 1788720499.4365773, 1788720500.1113014, 1788720500.8163323, 1788720501.4716682, 1788720502.048121, 1788720502.6748312, 1788720503.3357038, 1788720504.022763, 1788720504.7399664, 1788720505.49124, 1788720506.2768188, 1788720507.0954952, 1788720507.9450738, 1788720508.8352876, 1788720509.7434382, 1788720510.5510778, 1788720511.1047175, 1788720511.7296088, 1788720512.3853476, 1788720513.0716393, 1788720513.789799, 1788720514.5361724, 1788720515.253636, 1788720515.8260953, 1788720516.4662957, 1788720517.13823, 1788720517.8412693, 1788720518.5750632, 1788720519.3280494, 1788720520.1214902, 1788720520.9409235, 1788720521.591449, 1788720522.186514, 1788720522.8398578, 1788720523.5218627, 1788720524.2265854, 1788720524.9608862, 1788720525.7262468, 1788720526.5227873, 1788720527.3506029, 1788720528.2141209, 1788720529.1043735, 1788720530.0271935, 1788720530.9115386, 1788720531.4598365, 1788720532.0780494, 1788720532.7295482, 1788720533.4120378, 1788720534.1199312, 1788720534.7719593, 1788720535.3509924, 1788720535.9797425, 1788720536.6430285, 1788720537.3333163, 1788720538.0532465, 1788720538.802244, 1788720539.5883975, 1788720540.405181, 1788720541.037819, 1788720541.6372962, 1788720542.2902634, 1788720542.9724982, 1788720543.6810043, 1788720544.4181223, 1788720545.1792185, 1788720545.9770882, 1788720546.8035371, 1788720547.657864, 1788720548.5478377, 1788720549.4729125, 1788720550.2830002, 1788720550.84841, 1788720551.4961088, 1788720552.1673422, 1788720552.8725755, 1788720553.6028452, 1788720554.3651662, 1788720555.1591237, 1788720555.7642171, 1788720556.3485985, 1788720556.9870222, 1788720557.6606042, 1788720558.3712668, 1788720558.960821, 1788720559.547593, 1788720560.1878576, 1788720560.8608587, 1788720561.5613766, 1788720562.291205, 1788720563.0569954, 1788720563.8634865, 1788720564.7008605, 1788720565.5745597, 1788720566.4644845, 1788720567.1313376, 1788720567.7062008, 1788720568.3481538, 1788720569.0361, 1788720569.7531981, 1788720570.495634, 1788720571.2901845, 1788720571.8457081, 1788720572.4592693, 1788720573.1033616, 1788720573.7772615, 1788720574.48043, 1788720575.2125683, 1788720575.9786007, 1788720576.7848818, 1788720577.4065092, 1788720577.9914682, 1788720578.6293883, 1788720579.303168, 1788720579.895283, 1788720580.481516, 1788720581.1213243, 1788720581.7925158, 1788720582.491914, 1788720583.2191927, 1788720583.9842799, 1788720584.7802346, 1788720585.607085, 1788720586.467228, 1788720587.3538363, 1788720588.2328384, 1788720588.7905545, 1788720589.4064252, 1788720590.058229, 1788720590.7334814, 1788720591.4117758, 1788720591.9844358, 1788720592.62581, 1788720593.2961106, 1788720593.997958, 1788720594.7242332, 1788720595.4800274, 1788720596.270923, 1788720597.0884805, 1788720597.9319317, 1788720598.6707397, 1788720599.234696, 1788720599.8661945, 1788720600.541149, 1788720601.2516744, 1788720601.9806027, 1788720602.6434424, 1788720603.2451863, 1788720603.9023478, 1788720604.583395, 1788720605.293862, 1788720606.0325403, 1788720606.8005848, 1788720607.599453, 1788720608.4305742, 1788720609.283556, 1788720609.9189513, 1788720610.498231, 1788720611.1382263, 1788720611.8084013, 1788720612.5081623, 1788720613.221874, 1788720613.787055, 1788720614.4033675, 1788720615.0530803, 1788720615.7345252, 1788720616.4460764, 1788720617.1872418, 1788720617.971405, 1788720618.59441, 1788720619.1826797, 1788720619.8434412, 1788720620.5328815, 1788720621.2566469, 1788720621.993375, 1788720622.7640657, 1788720623.519504, 1788720624.1131508, 1788720624.75751, 1788720625.3648658, 1788720625.9905405, 1788720626.6533053, 1788720627.3414955, 1788720628.0587792, 1788720628.8322558, 1788720629.582822, 1788720630.3942928, 1788720631.2392716, 1788720632.1106725, 1788720633.0060287, 1788720633.9222112, 1788720634.7359755, 1788720635.2946243, 1788720635.9223318, 1788720636.5944483, 1788720637.2998457, 1788720638.0346239, 1788720638.79524, 1788720639.5868616, 1788720640.148525, 1788720640.7601445, 1788720641.4061735, 1788720642.0816753, 1788720642.7875295, 1788720643.5207806, 1788720644.2882771, 1788720645.086952, 1788720645.86353, 1788720646.4247496, 1788720647.0465724, 1788720647.6970124, 1788720648.3630018, 1788720648.9331722, 1788720649.5505917, 1788720650.2001994, 1788720650.8816018, 1788720651.5936697, 1788720652.3323636, 1788720652.9713964, 1788720653.551901, 1788720654.186596, 1788720654.851476, 1788720655.5483203, 1788720656.2694058, 1788720657.0239778, 1788720657.6810076, 1788720658.259447, 1788720658.8918128, 1788720659.5562084, 1788720660.2498448, 1788720660.973727]","[1, 1, 1, 1, 1, 1, 1, 1, 1, 1, 1, 1, 1, 1, 1, 1, 1, 1, 1, 1, 1, 1, 1, 1, 1, 1, 1, 1, 1, 1, 1, 1, 1, 1, 1, 1, 1, 1, 1, 1, 1, 1, 1, 1, 1, 1, 1, 1, 1, 1, 1, 1, 1, 1, 1, 1, 1, 1, 1, 1, 1, 1, 1, 1, 1, 1, 1, 1, 1, 1, 1, 1, 1, 1, 1, 1, 1, 1, 1, 1, 1, 1, 1, 1, 1, 1, 1, 1, 1, 1, 1, 1, 1, 1, 1, 1, 1, 1, 1, 1, 1, 1, 1, 1, 1, 1, 1, 1, 1, 1, 1, 1, 1, 1, 1, 1, 1, 1, 1, 1, 1, 1, 1, 1, 1, 1, 1, 1, 1, 1, 1, 1, 1, 1, 1, 1, 1, 1, 1, 1, 1, 1, 1, 1, 1, 1, 1, 1, 1, 1, 1, 1, 1, 1, 1, 1, 1, 1, 1, 1, 1, 1, 1, 1, 1, 1, 1, 1, 1, 1, 1, 1, 1, 1, 1, 1, 1, 1, 1, 1, 1, 1, 1, 1, 1, 1, 1, 1, 1, 1, 1, 1, 1, 1, 1, 1, 1, 1, 1, 1, 1, 1, 1, 1, 1, 1, 1, 1, 1, 1, 1, 1, 1, 1, 1, 1, 1, 1, 1, 1, 1, 1, 1, 1, 1, 1, 1, 1, 1, 1, 1, 1, 1, 1, 1, 1, 1, 1, 1, 1, 1, 1, 1, 1, 1, 1, 1, 1, 1, 1, 1, 1, 1, 1, 1, 1, 1, 1, 1, 1]"
User-048,2,trace_0546,1788720670.0474057,streaming,13951,82,82,210,3,40.81764841079712,97.64133667945862,0.7015270156624877,8.0,0,True,,1788720572.406028,1788720613.2236764,1788720670.0473647,"[1788720613.2236764, 1788720613.7890124, 1788720614.4042432, 1788720615.0551255, 1788720615.736048, 1788720616.4476914, 1788720617.188192, 1788720617.9723866, 1788720618.59716, 1788720619.1841974, 1788720619.8445435, 1788720620.5353713, 1788720621.2578564, 1788720621.9956892, 1788720622.7668264, 1788720623.52144, 1788720624.1151702, 1788720624.7595265, 1788720625.366904, 1788720625.9924884, 1788720626.6552885, 1788720627.34346, 1788720628.0607407, 1788720628.8332138, 1788720629.5848596, 1788720630.3959181, 1788720631.2403705, 1788720632.1120405, 1788720633.0078185, 1788720633.9242375, 1788720634.7379355, 1788720635.2966092, 1788720635.9243546, 1788720636.5964158, 1788720637.3007317, 1788720638.036143, 1788720638.7971904, 1788720639.5881882, 1788720640.1504796, 1788720640.7610278, 1788720641.4079065, 1788720642.083173, 1788720642.789502, 1788720643.5228357, 1788720644.289151, 1788720645.0889328, 1788720645.8648612, 1788720646.4257398, 1788720647.048563, 1788720647.6989963, 1788720648.364959, 1788720648.9351976, 1788720649.5525775, 1788720650.201079, 1788720650.883124, 1788720651.5956395, 1788720652.3343415, 1788720652.9732878, 1788720653.5534034, 1788720654.1882017, 1788720654.8534527, 1788720655.5491936, 1788720656.2703133, 1788720657.025927, 1788720657.6832905, 1788720658.2608302, 1788720658.8930047, 1788720659.5586927, 1788720660.2517278, 1788720660.9772148, 1788720661.7416625, 1788720662.541367, 1788720663.368039, 1788720664.2386022, 1788720665.1300826, 1788720666.0491657, 1788720666.7553291, 1788720667.3276775, 1788720667.9596972, 1788720668.6245854, 1788720669.3228111, 1788720670.046953]","[1, 1, 1, 1, 1, 1, 1, 1, 1, 1, 1, 1, 1, 1, 1, 1, 1, 1, 1, 1, 1, 1, 1, 1, 1, 1, 1, 1, 1, 1, 1, 1, 1, 1, 1, 1, 1, 1, 1, 1, 1, 1, 1, 1, 1, 1, 1, 1, 1, 1, 1, 1, 1, 1, 1, 1, 1, 1, 1, 1, 1, 1, 1, 1, 1, 1, 1, 1, 1, 1, 1, 1, 1, 1, 1, 1, 1, 1, 1, 1, 1, 1]"
User-033,2,trace_0538,1788720673.4448514,streaming,12217,118,118,159,3,35.79025983810425,117.82561755180359,0.7011569035358918,8.0,0,True,,1788720555.6191623,1788720591.4094222,1788720673.4447799,"[1788720591.4094222, 1788720591.9829957, 1788720592.6238027, 1788720593.2942078, 1788720593.9958966, 1788720594.7222319, 1788720595.478693, 1788720596.2689135, 1788720597.086402, 1788720597.93042, 1788720598.667918, 1788720599.2327921, 1788720599.8636463, 1788720600.5399346, 1788720601.2490613, 1788720601.978095, 1788720602.6407955, 1788720603.2426982, 1788720603.8999152, 1788720604.5812125, 1788720605.291362, 1788720606.0300198, 1788720606.7980585, 1788720607.5971882, 1788720608.4279952, 1788720609.2814946, 1788720609.9157038, 1788720610.4953384, 1788720611.135156, 1788720611.8054001, 1788720612.5051835, 1788720613.2189856, 1788720613.7840817, 1788720614.4003923, 1788720615.0501046, 1788720615.732253, 1788720616.4430463, 1788720617.1842256, 1788720617.968053, 1788720618.5914614, 1788720619.1796875, 1788720619.8404949, 1788720620.5298603, 1788720621.2551563, 1788720621.9903424, 1788720622.761065, 1788720623.516581, 1788720624.1101713, 1788720624.754379, 1788720625.3618965, 1788720625.9876223, 1788720626.6503856, 1788720627.3385308, 1788720628.0558507, 1788720628.8308022, 1788720629.5797896, 1788720630.3912768, 1788720631.2359564, 1788720632.10774, 1788720633.0029685, 1788720633.9194894, 1788720634.7330217, 1788720635.291671, 1788720635.9193208, 1788720636.5914977, 1788720637.297128, 1788720638.0323758, 1788720638.7923343, 1788720639.583914, 1788720640.1455963, 1788720640.757702, 1788720641.4032168, 1788720642.0793667, 1788720642.7844918, 1788720643.517817, 1788720644.2859483, 1788720645.083969, 1788720645.8603983, 1788720646.4227033, 1788720647.043483, 1788720647.694079, 1788720648.360083, 1788720648.930218, 1788720649.5475917, 1788720650.1976926, 1788720650.8792408, 1788720651.5907505, 1788720652.329337, 1788720652.9685113, 1788720653.5496192, 1788720654.1836593, 1788720654.848532, 1788720655.54579, 1788720656.268037, 1788720657.021044, 1788720657.6787214, 1788720658.2562115, 1788720658.888834, 1788720659.5532072, 1788720660.2468886, 1788720660.9707956, 1788720661.7386072, 1788720662.5381103, 1788720663.3643062, 1788720664.233613, 1788720665.1272135, 1788720666.0442045, 1788720666.7504044, 1788720667.3232272, 1788720667.9553235, 1788720668.620883, 1788720669.3178802, 1788720670.044623, 1788720670.814863, 1788720671.6073875, 1788720672.1701586, 1788720672.7852473, 1788720673.4397182]","[1, 1, 1, 1, 1, 1, 1, 1, 1, 1, 1, 1, 1, 1, 1, 1, 1, 1, 1, 1, 1, 1, 1, 1, 1, 1, 1, 1, 1, 1, 1, 1, 1, 1, 1, 1, 1, 1, 1, 1, 1, 1, 1, 1, 1, 1, 1, 1, 1, 1, 1, 1, 1, 1, 1, 1, 1, 1, 1, 1, 1, 1, 1, 1, 1, 1, 1, 1, 1, 1, 1, 1, 1, 1, 1, 1, 1, 1, 1, 1, 1, 1, 1, 1, 1, 1, 1, 1, 1, 1, 1, 1, 1, 1, 1, 1, 1, 1, 1, 1, 1, 1, 1, 1, 1, 1, 1, 1, 1, 1, 1, 1, 1, 1, 1, 1, 1, 1]"
User-007,2,trace_0398,1788720676.3914297,streaming,13999,202,202,214,4,42.074772119522095,183.69640159606934,0.7045852212763545,7.0,0,True,,1788720492.6949713,1788720534.7697434,1788720676.391373,"[1788720534.7697434, 1788720535.348983, 1788720535.9777298, 1788720536.6415145, 1788720537.3313165, 1788720538.0522625, 1788720538.8002746, 1788720539.586347, 1788720540.4031897, 1788720541.0358446, 1788720541.6353242, 1788720542.288259, 1788720542.9704418, 1788720543.679005, 1788720544.41607, 1788720545.1772053, 1788720545.975059, 1788720546.801831, 1788720547.6559107, 1788720548.5463321, 1788720549.4708657, 1788720550.2810361, 1788720550.846422, 1788720551.4941308, 1788720552.1653504, 1788720552.8702855, 1788720553.6013536, 1788720554.3637097, 1788720555.157584, 1788720555.7633648, 1788720556.347057, 1788720556.9855585, 1788720557.6591275, 1788720558.3697422, 1788720558.9593022, 1788720559.5460856, 1788720560.1868172, 1788720560.85937, 1788720561.5599008, 1788720562.2896714, 1788720563.0551448, 1788720563.8624806, 1788720564.699871, 1788720565.5705526, 1788720566.4634943, 1788720567.1303334, 1788720567.7051792, 1788720568.3471649, 1788720569.0351257, 1788720569.7522197, 1788720570.494629, 1788720571.2892096, 1788720571.8447292, 1788720572.4584415, 1788720573.1023705, 1788720573.7762425, 1788720574.4794567, 1788720575.2117822, 1788720575.9776254, 1788720576.783915, 1788720577.4051187, 1788720577.9863348, 1788720578.627895, 1788720579.302019, 1788720579.8938017, 1788720580.480015, 1788720581.1198454, 1788720581.7910178, 1788720582.4904153, 1788720583.2176824, 1788720583.982772, 1788720584.7787192, 1788720585.6052244, 1788720586.4660652, 1788720587.3523035, 1788720588.2305403, 1788720588.7885854, 1788720589.404459, 1788720590.0562458, 1788720590.7314808, 1788720591.4086218, 1788720591.9824724, 1788720592.6233065, 1788720593.2937055, 1788720593.9953942, 1788720594.721732, 1788720595.478172, 1788720596.268425, 1788720597.0859082, 1788720597.930044, 1788720598.667395, 1788720599.2324035, 1788720599.863154, 1788720600.5396907, 1788720601.2485516, 1788720601.9776068, 1788720602.640302, 1788720603.242174, 1788720603.8994236, 1788720604.5807168, 1788720605.2908566, 1788720606.029522, 1788720606.7975583, 1788720607.5966868, 1788720608.4274836, 1788720609.2810028, 1788720609.9150214, 1788720610.4948585, 1788720611.134638, 1788720611.804918, 1788720612.504698, 1788720613.2184942, 1788720613.7835994, 1788720614.3999052, 1788720615.0496056, 1788720615.7318754, 1788720616.4425316, 1788720617.183712, 1788720617.9675536, 1788720618.5908418, 1788720619.1791656, 1788720619.8399932, 1788720620.5293632, 1788720621.2549152, 1788720621.9898462, 1788720622.7605777, 1788720623.5160878, 1788720624.1096787, 1788720624.7538593, 1788720625.3614054, 1788720625.9871411, 1788720626.649904, 1788720627.3380463, 1788720628.0553687, 1788720628.8305516, 1788720629.5792835, 1788720630.3907728, 1788720631.2354107, 1788720632.1072428, 1788720633.002475, 1788720633.9192362, 1788720634.7325227, 1788720635.2911773, 1788720635.9188306, 1788720636.5910027, 1788720637.296642, 1788720638.0320034, 1788720638.7918503, 1788720639.5834286, 1788720640.1451087, 1788720640.757208, 1788720641.4027154, 1788720642.078868, 1788720642.7840033, 1788720643.5173256, 1788720644.2854493, 1788720645.0834816, 1788720645.859915, 1788720646.422137, 1788720647.0429916, 1788720647.6935678, 1788720648.3595996, 1788720648.9297185, 1788720649.5471, 1788720650.1971977, 1788720650.878717, 1788720651.5902588, 1788720652.3288472, 1788720652.9680417, 1788720653.5492444, 1788720654.1831434, 1788720654.8480434, 1788720655.5452552, 1788720656.2677534, 1788720657.0205595, 1788720657.6783452, 1788720658.255685, 1788720658.888346, 1788720659.552702, 1788720660.2463818, 1788720660.9702992, 1788720661.7380974, 1788720662.5376303, 1788720663.3639219, 1788720664.233118, 1788720665.1264937, 1788720666.0437047, 1788720666.7499232, 1788720667.3227112, 1788720667.954804, 1788720668.6205194, 1788720669.3174024, 1788720670.0443978, 1788720670.8143566, 1788720671.607155, 1788720672.1697702, 1788720672.7847576, 1788720673.4391923, 1788720674.1250753, 1788720674.848307, 1788720675.6011002, 1788720676.3862016]","[1, 1, 1, 1, 1, 1, 1, 1, 1, 1, 1, 1, 1, 1, 1, 1, 1, 1, 1, 1, 1, 1, 1, 1, 1, 1, 1, 1, 1, 1, 1, 1, 1, 1, 1, 1, 1, 1, 1, 1, 1, 1, 1, 1, 1, 1, 1, 1, 1, 1, 1, 1, 1, 1, 1, 1, 1, 1, 1, 1, 1, 1, 1, 1, 1, 1, 1, 1, 1, 1, 1, 1, 1, 1, 1, 1, 1, 1, 1, 1, 1, 1, 1, 1, 1, 1, 1, 1, 1, 1, 1, 1, 1, 1, 1, 1, 1, 1, 1, 1, 1, 1, 1, 1, 1, 1, 1, 1, 1, 1, 1, 1, 1, 1, 1, 1, 1, 1, 1, 1, 1, 1, 1, 1, 1, 1, 1, 1, 1, 1, 1, 1, 1, 1, 1, 1, 1, 1, 1, 1, 1, 1, 1, 1, 1, 1, 1, 1, 1, 1, 1, 1, 1, 1, 1, 1, 1, 1, 1, 1, 1, 1, 1, 1, 1, 1, 1, 1, 1, 1, 1, 1, 1, 1, 1, 1, 1, 1, 1, 1, 1, 1, 1, 1, 1, 1, 1, 1, 1, 1, 1, 1, 1, 1, 1, 1, 1, 1, 1, 1, 1, 1]"
User-022,22,trace_0418,1788720681.1579967,streaming,28839,134,134,435,2,33.27136969566345,126.1974413394928,0.6986922679987169,7.0,0,True,,1788720554.9604747,1788720588.2318444,1788720681.157916,"[1788720588.2318444, 1788720588.7895684, 1788720589.4054441, 1788720590.057243, 1788720590.732473, 1788720591.4105961, 1788720591.9839797, 1788720592.6248121, 1788720593.2952385, 1788720593.996906, 1788720594.723246, 1788720595.4795501, 1788720596.269902, 1788720597.0874243, 1788720597.9311929, 1788720598.6689098, 1788720599.2335224, 1788720599.864685, 1788720600.5404198, 1788720601.2501185, 1788720601.979102, 1788720602.641899, 1788720603.2436912, 1788720603.9008894, 1788720604.5821862, 1788720605.2923653, 1788720606.0310347, 1788720606.7990634, 1788720607.598213, 1788720608.428994, 1788720609.2824638, 1788720609.9166765, 1788720610.4963005, 1788720611.1361935, 1788720611.8063767, 1788720612.506165, 1788720613.2199395, 1788720613.7850683, 1788720614.4013886, 1788720615.0510938, 1788720615.733015, 1788720616.4440417, 1788720617.1852255, 1788720617.9690742, 1788720618.5924284, 1788720619.1807365, 1788720619.8414779, 1788720620.5308697, 1788720621.2556415, 1788720621.9913585, 1788720622.7620413, 1788720623.5175564, 1788720624.1111724, 1788720624.7554379, 1788720625.3628902, 1788720625.988589, 1788720626.6513593, 1788720627.3395262, 1788720628.056827, 1788720628.8312933, 1788720629.5808005, 1788720630.3922844, 1788720631.237012, 1788720632.1087134, 1788720633.003951, 1788720633.9202356, 1788720634.7340057, 1788720635.2926588, 1788720635.920379, 1788720636.59248, 1788720637.2981086, 1788720638.033127, 1788720638.7933037, 1788720639.584876, 1788720640.1465669, 1788720640.7586923, 1788720641.4041994, 1788720642.080183, 1788720642.7854872, 1788720643.5188143, 1788720644.2869718, 1788720645.0849555, 1788720645.8613658, 1788720646.4237728, 1788720647.0444713, 1788720647.6950626, 1788720648.3610516, 1788720648.93121, 1788720649.5485964, 1788720650.198685, 1788720650.8801203, 1788720651.5917284, 1788720652.3303447, 1788720652.9694703, 1788720653.5503733, 1788720654.184629, 1788720654.8495138, 1788720655.5468106, 1788720656.2684815, 1788720657.0220096, 1788720657.6794822, 1788720658.2572982, 1788720658.88982, 1788720659.554197, 1788720660.2478747, 1788720660.9717689, 1788720661.739656, 1788720662.5391166, 1788720663.3650434, 1788720664.2346032, 1788720665.1281343, 1788720666.0451884, 1788720666.751391, 1788720667.3242538, 1788720667.9563365, 1788720668.6216118, 1788720669.3188536, 1788720670.0451179, 1788720670.8158572, 1788720671.6078646, 1788720672.170912, 1788720672.786229, 1788720673.4410207, 1788720674.1260362, 1788720674.8492913, 1788720675.6021032, 1788720676.3875244, 1788720677.1960366, 1788720677.8322678, 1788720678.4142818, 1788720679.0520492, 1788720679.7232692, 1788720680.4244018, 1788720681.1558864]","[1, 1, 1, 1, 1, 1, 1, 1, 1, 1, 1, 1, 1, 1, 1, 1, 1, 1, 1, 1, 1, 1, 1, 1, 1, 1, 1, 1, 1, 1, 1, 1, 1, 1, 1, 1, 1, 1, 1, 1, 1, 1, 1, 1, 1, 1, 1, 1, 1, 1, 1, 1, 1, 1, 1, 1, 1, 1, 1, 1, 1, 1, 1, 1, 1, 1, 1, 1, 1, 1, 1, 1, 1, 1, 1, 1, 1, 1, 1, 1, 1, 1, 1, 1, 1, 1, 1, 1, 1, 1, 1, 1, 1, 1, 1, 1, 1, 1, 1, 1, 1, 1, 1, 1, 1, 1, 1, 1, 1, 1, 1, 1, 1, 1, 1, 1, 1, 1, 1, 1, 1, 1, 1, 1, 1, 1, 1, 1, 1, 1, 1, 1, 1, 1]"
User-043,1,trace_0052,1788720687.4026098,streaming,20257,158,158,236,80,49.469948053359985,159.46674609184265,0.7006165480158132,12.0,0,True,,1788720527.9357955,1788720577.4057436,1788720687.4025416,"[1788720577.4057436, 1788720577.9903412, 1788720578.628395, 1788720579.3023953, 1788720579.8942897, 1788720580.4805148, 1788720581.1203423, 1788720581.791511, 1788720582.490928, 1788720583.218182, 1788720583.983282, 1788720584.7792408, 1788720585.6058676, 1788720586.4664485, 1788720587.3528163, 1788720588.2310388, 1788720588.7890723, 1788720589.404951, 1788720590.0567498, 1788720590.731971, 1788720591.4101021, 1788720591.9834995, 1788720592.6242993, 1788720593.294701, 1788720593.9964037, 1788720594.722749, 1788720595.4792593, 1788720596.2694094, 1788720597.08691, 1788720597.9308105, 1788720598.6684027, 1788720599.2331555, 1788720599.864145, 1788720600.540176, 1788720601.2495713, 1788720601.9785986, 1788720602.6413012, 1788720603.2432046, 1788720603.900404, 1788720604.581701, 1788720605.2918618, 1788720606.030518, 1788720606.798551, 1788720607.597688, 1788720608.4284997, 1788720609.2819831, 1788720609.9161928, 1788720610.495818, 1788720611.1356874, 1788720611.8058915, 1788720612.505674, 1788720613.219468, 1788720613.7845728, 1788720614.4008737, 1788720615.0505931, 1788720615.7326403, 1788720616.4435441, 1788720617.184728, 1788720617.9685729, 1788720618.5919468, 1788720619.1802351, 1788720619.840987, 1788720620.5303526, 1788720621.2553966, 1788720621.9908578, 1788720622.7615566, 1788720623.5170703, 1788720624.110669, 1788720624.7549179, 1788720625.3623827, 1788720625.988102, 1788720626.650873, 1788720627.339031, 1788720628.0563412, 1788720628.8310504, 1788720629.5802948, 1788720630.391778, 1788720631.2364907, 1788720632.1082313, 1788720633.003461, 1788720633.9197497, 1788720634.7335134, 1788720635.2921653, 1788720635.9198382, 1788720636.5919883, 1788720637.2976186, 1788720638.0327532, 1788720638.7928176, 1788720639.5843894, 1788720640.1460795, 1788720640.7581975, 1788720641.4037058, 1788720642.079815, 1788720642.784987, 1788720643.518306, 1788720644.2864468, 1788720645.0844572, 1788720645.8608794, 1788720646.4232736, 1788720647.043975, 1788720647.6945608, 1788720648.360571, 1788720648.9307082, 1788720649.548087, 1788720650.1981895, 1788720650.8797295, 1788720651.5912461, 1788720652.3298295, 1788720652.9689803, 1788720653.5500004, 1788720654.184144, 1788720654.8490245, 1788720655.5462873, 1788720656.2682617, 1788720657.0215266, 1788720657.679111, 1788720658.256752, 1788720658.889322, 1788720659.5537007, 1788720660.2473829, 1788720660.9712834, 1788720661.7391486, 1788720662.5386002, 1788720663.3646739, 1788720664.2341123, 1788720665.1277273, 1788720666.0446935, 1788720666.7509012, 1788720667.323738, 1788720667.9558249, 1788720668.6212473, 1788720669.3183584, 1788720670.0448678, 1788720670.8153617, 1788720671.6076217, 1788720672.1705317, 1788720672.7857358, 1788720673.4405053, 1788720674.1255567, 1788720674.848798, 1788720675.6016054, 1788720676.3870099, 1788720677.1955407, 1788720677.8317819, 1788720678.4137838, 1788720679.0515516, 1788720679.7227607, 1788720680.4239151, 1788720681.1556337, 1788720681.914305, 1788720682.5917003, 1788720683.160072, 1788720683.7897725, 1788720684.451723, 1788720685.1483676, 1788720685.8619819, 1788720686.6153605, 1788720687.3990123]","[1, 1, 1, 1, 1, 1, 1, 1, 1, 1, 1, 1, 1, 1, 1, 1, 1, 1, 1, 1, 1, 1, 1, 1, 1, 1, 1, 1, 1, 1, 1, 1, 1, 1, 1, 1, 1, 1, 1, 1, 1, 1, 1, 1, 1, 1, 1, 1, 1, 1, 1, 1, 1, 1, 1, 1, 1, 1, 1, 1, 1, 1, 1, 1, 1, 1, 1, 1, 1, 1, 1, 1, 1, 1, 1, 1, 1, 1, 1, 1, 1, 1, 1, 1, 1, 1, 1, 1, 1, 1, 1, 1, 1, 1, 1, 1, 1, 1, 1, 1, 1, 1, 1, 1, 1, 1, 1, 1, 1, 1, 1, 1, 1, 1, 1, 1, 1, 1, 1, 1, 1, 1, 1, 1, 1, 1, 1, 1, 1, 1, 1, 1, 1, 1, 1, 1, 1, 1, 1, 1, 1, 1, 1, 1, 1, 1, 1, 1, 1, 1, 1, 1, 1, 1, 1, 1, 1, 1]"
User-047,3,trace_0228,1788720688.028806,streaming,10021,58,58,295,2,24.05800151824951,63.731414556503296,0.6960247901448032,7.0,0,True,,1788720624.2973514,1788720648.3553529,1788720688.028766,"[1788720648.3553529, 1788720648.925501, 1788720649.5429158, 1788720650.1929798, 1788720650.8745277, 1788720651.586145, 1788720652.3248608, 1788720652.9640076, 1788720653.5457149, 1788720654.179211, 1788720654.8439572, 1788720655.5410573, 1788720656.2638028, 1788720657.016408, 1788720657.6749353, 1788720658.2517297, 1788720658.883985, 1788720659.5486898, 1788720660.2421486, 1788720660.9661496, 1788720661.733938, 1788720662.5337155, 1788720663.359935, 1788720664.229038, 1788720665.122563, 1788720666.0397105, 1788720666.7449121, 1788720667.3180723, 1788720667.9502192, 1788720668.6165226, 1788720669.3130026, 1788720670.0412495, 1788720670.8098435, 1788720671.6025877, 1788720672.166158, 1788720672.780305, 1788720673.4345374, 1788720674.120673, 1788720674.843852, 1788720675.5965476, 1788720676.3816252, 1788720677.1906912, 1788720677.8263767, 1788720678.4088485, 1788720679.0465617, 1788720679.7175019, 1788720680.4189813, 1788720681.1509957, 1788720681.909407, 1788720682.5872002, 1788720683.1551676, 1788720683.784847, 1788720684.4467666, 1788720685.1432507, 1788720685.8569732, 1788720686.610384, 1788720687.3951583, 1788720688.0198874]","[1, 1, 1, 1, 1, 1, 1, 1, 1, 1, 1, 1, 1, 1, 1, 1, 1, 1, 1, 1, 1, 1, 1, 1, 1, 1, 1, 1, 1, 1, 1, 1, 1, 1, 1, 1, 1, 1, 1, 1, 1, 1, 1, 1, 1, 1, 1, 1, 1, 1, 1, 1, 1, 1, 1, 1, 1, 1]"
User-056,0,trace_0590,1788720689.97242,streaming,18128,103,103,0,282,43.563031911849976,114.93865203857422,0.6997609816345514,0.0,0,True,,1788720575.033645,1788720618.5966768,1788720689.972297,"[1788720618.5966768, 1788720619.183973, 1788720619.8443203, 1788720620.534867, 1788720621.2576113, 1788720621.995435, 1788720622.7662945, 1788720623.5204694, 1788720624.1141257, 1788720624.7585375, 1788720625.3658793, 1788720625.9915142, 1788720626.6542969, 1788720627.3424675, 1788720628.05976, 1788720628.8327374, 1788720629.5838356, 1788720630.3953424, 1788720631.2398999, 1788720632.1115994, 1788720633.0071723, 1788720633.923236, 1788720634.736958, 1788720635.295617, 1788720635.9233088, 1788720636.5954463, 1788720637.3002894, 1788720638.0353882, 1788720638.7962093, 1788720639.5877225, 1788720640.1495006, 1788720640.760584, 1788720641.407187, 1788720642.0824108, 1788720642.788505, 1788720643.52178, 1788720644.2887156, 1788720645.087946, 1788720645.8643653, 1788720646.4252353, 1788720647.0475688, 1788720647.6979914, 1788720648.3639793, 1788720648.9341574, 1788720649.5515866, 1788720650.2006376, 1788720650.8823483, 1788720651.5946364, 1788720652.3333516, 1788720652.9723423, 1788720653.5526397, 1788720654.1876073, 1788720654.8524554, 1788720655.5487568, 1788720656.2698443, 1788720657.0249481, 1788720657.6817641, 1788720658.2601347, 1788720658.8923388, 1788720659.5572176, 1788720660.2508636, 1788720660.9764495, 1788720661.7410007, 1788720662.5406919, 1788720663.366917, 1788720664.2371137, 1788720665.129408, 1788720666.047676, 1788720666.7538154, 1788720667.326854, 1788720667.95888, 1788720668.623463, 1788720669.3213127, 1788720670.0462565, 1788720670.8183222, 1788720671.6090095, 1788720672.1727486, 1788720672.7878416, 1788720673.4433591, 1788720674.1284714, 1788720674.851441, 1788720675.6038592, 1788720676.3900537, 1788720677.1984954, 1788720677.8347263, 1788720678.4167473, 1788720679.054499, 1788720679.7257957, 1788720680.4268281, 1788720681.1572242, 1788720681.9159563, 1788720682.592853, 1788720683.162501, 1788720683.7922225, 1788720684.454186, 1788720685.150906, 1788720685.864514, 1788720686.616488, 1788720687.4010797, 1788720688.0277963, 1788720688.6288717, 1788720689.2841454, 1788720689.9709826]","[1, 1, 1, 1, 1, 1, 1, 1, 1, 1, 1, 1, 1, 1, 1, 1, 1, 1, 1, 1, 1, 1, 1, 1, 1, 1, 1, 1, 1, 1, 1, 1, 1, 1, 1, 1, 1, 1, 1, 1, 1, 1, 1, 1, 1, 1, 1, 1, 1, 1, 1, 1, 1, 1, 1, 1, 1, 1, 1, 1, 1, 1, 1, 1, 1, 1, 1, 1, 1, 1, 1, 1, 1, 1, 1, 1, 1, 1, 1, 1, 1, 1, 1, 1, 1, 1, 1, 1, 1, 1, 1, 1, 1, 1, 1, 1, 1, 1, 1, 1, 1, 1, 1]"
User-036,1,trace_0615,1788720690.6808438,streaming,24137,133,133,358,18,42.72140097618103,134.73190188407898,0.6970492493022572,12.0,0,True,,1788720555.9488382,1788720598.6702392,1788720690.68074,"[1788720598.6702392, 1788720599.2343068, 1788720599.8657055, 1788720600.540909, 1788720601.2511706, 1788720601.9801123, 1788720602.6429503, 1788720603.244674, 1788720603.901863, 1788720604.5831742, 1788720605.2933688, 1788720606.0320363, 1788720606.8000932, 1788720607.5992239, 1788720608.4300525, 1788720609.2833354, 1788720609.918447, 1788720610.497749, 1788720611.137725, 1788720611.8078926, 1788720612.5076568, 1788720613.2213979, 1788720613.7865503, 1788720614.4028947, 1788720615.052583, 1788720615.734147, 1788720616.4455655, 1788720617.1867096, 1788720617.9707046, 1788720618.5939167, 1788720619.182199, 1788720619.8429873, 1788720620.532369, 1788720621.2563984, 1788720621.992874, 1788720622.7635791, 1788720623.518517, 1788720624.1121614, 1788720624.7564821, 1788720625.3638773, 1788720625.98957, 1788720626.6523345, 1788720627.3405144, 1788720628.0577931, 1788720628.8317752, 1788720629.5818088, 1788720630.393283, 1788720631.2381146, 1788720632.1096954, 1788720633.0049212, 1788720633.9212308, 1788720634.7350023, 1788720635.293642, 1788720635.9213686, 1788720636.593468, 1788720637.2991338, 1788720638.03388, 1788720638.7942681, 1788720639.58586, 1788720640.1475544, 1788720640.7596993, 1788720641.4051883, 1788720642.0809321, 1788720642.786522, 1788720643.5197988, 1788720644.287824, 1788720645.085935, 1788720645.8623364, 1788720646.424262, 1788720647.0455832, 1788720647.696037, 1788720648.3620183, 1788720648.9321926, 1788720649.549584, 1788720650.1997097, 1788720650.8808587, 1788720651.5926902, 1788720652.33138, 1788720652.970422, 1788720653.5511396, 1788720654.185618, 1788720654.8504913, 1788720655.5478153, 1788720656.2689466, 1788720657.0230002, 1788720657.68025, 1788720658.25839, 1788720658.8908246, 1788720659.5552104, 1788720660.2488565, 1788720660.9727304, 1788720661.7403064, 1788720662.5400379, 1788720663.3657923, 1788720664.235624, 1788720665.128574, 1788720666.0461774, 1788720666.7523599, 1788720667.3252683, 1788720667.9573548, 1788720668.6223483, 1788720669.3198485, 1788720670.0455644, 1788720670.8168423, 1788720671.6083238, 1788720672.1716428, 1788720672.787187, 1788720673.4420347, 1788720674.1270242, 1788720674.8502781, 1788720675.6031706, 1788720676.3885536, 1788720677.1970294, 1788720677.8332558, 1788720678.4152792, 1788720679.0530255, 1788720679.724278, 1788720680.42536, 1788720681.1565108, 1788720681.9152937, 1788720682.5921547, 1788720683.1610494, 1788720683.7907557, 1788720684.4527097, 1788720685.1493769, 1788720685.863002, 1788720686.6158023, 1788720687.3999736, 1788720688.0255136, 1788720688.6268778, 1788720689.2829738, 1788720689.9689415, 1788720690.677981]","[1, 1, 1, 1, 1, 1, 1, 1, 1, 1, 1, 1, 1, 1, 1, 1, 1, 1, 1, 1, 1, 1, 1, 1, 1, 1, 1, 1, 1, 1, 1, 1, 1, 1, 1, 1, 1, 1, 1, 1, 1, 1, 1, 1, 1, 1, 1, 1, 1, 1, 1, 1, 1, 1, 1, 1, 1, 1, 1, 1, 1, 1, 1, 1, 1, 1, 1, 1, 1, 1, 1, 1, 1, 1, 1, 1, 1, 1, 1, 1, 1, 1, 1, 1, 1, 1, 1, 1, 1, 1, 1, 1, 1, 1, 1, 1, 1, 1, 1, 1, 1, 1, 1, 1, 1, 1, 1, 1, 1, 1, 1, 1, 1, 1, 1, 1, 1, 1, 1, 1, 1, 1, 1, 1, 1, 1, 1, 1, 1, 1, 1, 1, 1]"
User-037,2,trace_0489,1788720703.3788698,streaming,16197,74,74,246,6,27.8612539768219,78.27655935287476,0.6906206215897651,8.0,0,True,,1788720625.1022315,1788720652.9634855,1788720703.3787909,"[1788720652.9634855, 1788720653.5450435, 1788720654.1786773, 1788720654.8434608, 1788720655.5405533, 1788720656.2631366, 1788720657.0159118, 1788720657.6744132, 1788720658.251231, 1788720658.8834522, 1788720659.548002, 1788720660.2416346, 1788720660.965651, 1788720661.7331915, 1788720662.5332217, 1788720663.3592532, 1788720664.228348, 1788720665.1218908, 1788720666.039032, 1788720666.7444222, 1788720667.3175611, 1788720667.9497123, 1788720668.6158502, 1788720669.3123314, 1788720670.0406904, 1788720670.8093386, 1788720671.601266, 1788720672.1649635, 1788720672.7791002, 1788720673.4335346, 1788720674.119442, 1788720674.8426332, 1788720675.5955024, 1788720676.380617, 1788720677.189521, 1788720677.825389, 1788720678.4076583, 1788720679.045364, 1788720679.7165027, 1788720680.4178112, 1788720681.1499639, 1788720681.9081953, 1788720682.586193, 1788720683.1539931, 1788720683.7836888, 1788720684.4455981, 1788720685.1422186, 1788720685.8557765, 1788720686.6092083, 1788720687.3941207, 1788720688.0188882, 1788720688.6206694, 1788720689.2765064, 1788720689.962986, 1788720690.6725452, 1788720691.4026918, 1788720691.9835148, 1788720692.623863, 1788720693.2895951, 1788720693.9857047, 1788720694.7044935, 1788720695.3031607, 1788720695.8990216, 1788720696.539738, 1788720697.217051, 1788720697.916796, 1788720698.630079, 1788720699.200344, 1788720699.8156407, 1788720700.4638474, 1788720701.1456637, 1788720701.8526812, 1788720702.5932624, 1788720703.3680592]","[1, 1, 1, 1, 1, 1, 1, 1, 1, 1, 1, 1, 1, 1, 1, 1, 1, 1, 1, 1, 1, 1, 1, 1, 1, 1, 1, 1, 1, 1, 1, 1, 1, 1, 1, 1, 1, 1, 1, 1, 1, 1, 1, 1, 1, 1, 1, 1, 1, 1, 1, 1, 1, 1, 1, 1, 1, 1, 1, 1, 1, 1, 1, 1, 1, 1, 1, 1, 1, 1, 1, 1, 1, 1]"
User-007,3,trace_0398,1788720731.7584465,streaming,14305,127,127,218,4,18.16931176185608,51.29357981681824,0.26289101630922346,7.0,0,True,,1788720680.4648063,1788720698.634118,1788720731.7583861,"[1788720698.634118, 1788720699.2041216, 1788720699.8192644, 1788720700.4674845, 1788720701.149365, 1788720701.8563466, 1788720702.5969546, 1788720703.3718271, 1788720704.1867828, 1788720705.027502, 1788720705.9421802, 1788720706.4909332, 1788720707.1029212, 1788720707.7475502, 1788720708.424241, 1788720709.0326488, 1788720709.6503127, 1788720710.3126736, 1788720710.9992437, 1788720711.7171233, 1788720712.4600549, 1788720713.2352889, 1788720714.0463147, 1788720714.6638308, 1788720715.2720182, 1788720715.933936, 1788720716.6263928, 1788720717.3458207, 1788720718.0945656, 1788720718.874082, 1788720719.689423, 1788720720.5274823, 1788720721.157433, 1788720721.7411923, 1788720722.3802986, 1788720723.0579872, 1788720723.7722187, 1788720724.51642, 1788720725.2945862, 1788720726.0976017, 1788720726.9297495, 1788720727.7929702, 1788720727.9844599, 1788720727.998378, 1788720728.0499034, 1788720728.0995681, 1788720728.1474454, 1788720728.1948752, 1788720728.2431898, 1788720728.290937, 1788720728.341704, 1788720728.3859935, 1788720728.4336336, 1788720728.4827974, 1788720728.5273554, 1788720728.5752876, 1788720728.6222062, 1788720728.6692905, 1788720728.7177684, 1788720728.7647367, 1788720728.8114939, 1788720728.8604116, 1788720728.9103127, 1788720728.9531288, 1788720728.9992893, 1788720729.044877, 1788720729.0924551, 1788720729.136238, 1788720729.182016, 1788720729.2273784, 1788720729.2732308, 1788720729.3185558, 1788720729.3638632, 1788720729.4096339, 1788720729.4551234, 1788720729.5008833, 1788720729.5461829, 1788720729.5918508, 1788720729.6374369, 1788720729.682967, 1788720729.7285726, 1788720729.7738764, 1788720729.8195128, 1788720729.8679888, 1788720729.9094224, 1788720729.9543772, 1788720730.0057547, 1788720730.0446563, 1788720730.0892382, 1788720730.1359274, 1788720730.1788406, 1788720730.2232337, 1788720730.2712038, 1788720730.311409, 1788720730.3565853, 1788720730.4007566, 1788720730.445043, 1788720730.4893134, 1788720730.5337293, 1788720730.5791235, 1788720730.6218715, 1788720730.6655076, 1788720730.7097287, 1788720730.756151, 1788720730.7999566, 1788720730.843327, 1788720730.8869245, 1788720730.930899, 1788720730.9728632, 1788720731.0182395, 1788720731.061723, 1788720731.1052105, 1788720731.1493044, 1788720731.1930819, 1788720731.2365153, 1788720731.2849267, 1788720731.3239207, 1788720731.3674114, 1788720731.4113095, 1788720731.4531791, 1788720731.4982884, 1788720731.5419707, 1788720731.5855606, 1788720731.6292741, 1788720731.6746318, 1788720731.718189, 1788720731.7563035]","[1, 1, 1, 1, 1, 1, 1, 1, 1, 1, 1, 1, 1, 1, 1, 1, 1, 1, 1, 1, 1, 1, 1, 1, 1, 1, 1, 1, 1, 1, 1, 1, 1, 1, 1, 1, 1, 1, 1, 1, 1, 1, 1, 1, 1, 1, 1, 1, 1, 1, 1, 1, 1, 1, 1, 1, 1, 1, 1, 1, 1, 1, 1, 1, 1, 1, 1, 1, 1, 1, 1, 1, 1, 1, 1, 1, 1, 1, 1, 1, 1, 1, 1, 1, 1, 1, 1, 1, 1, 1, 1, 1, 1, 1, 1, 1, 1, 1, 1, 1, 1, 1, 1, 1, 1, 1, 1, 1, 1, 1, 1, 1, 1, 1, 1, 1, 1, 1, 1, 1, 1, 1, 1, 1, 1, 1, 1]"
User-016,0,trace_0704,1788720738.96578,streaming,22706,1173,1170,0,354,58.19982886314392,632.5087237358093,0.4912822026284563,0.0,0,True,,1788720106.4569662,1788720164.656795,1788720738.96569,"[1788720164.656795, 1788720165.224711, 1788720165.8482728, 1788720166.5050638, 1788720167.1938083, 1788720167.911218, 1788720168.6607025, 1788720169.4245844, 1788720169.9776402, 1788720170.586381, 1788720171.2215598, 1788720171.888489, 1788720172.5873125, 1788720173.3143504, 1788720174.0003421, 1788720174.564977, 1788720175.1832047, 1788720175.8291135, 1788720176.5056574, 1788720177.2150266, 1788720177.953873, 1788720178.7219644, 1788720179.5277328, 1788720180.0795476, 1788720180.6902068, 1788720181.3266296, 1788720181.9946606, 1788720182.6962643, 1788720183.4257085, 1788720184.1850767, 1788720184.8545034, 1788720185.425874, 1788720186.0532215, 1788720186.7137122, 1788720187.3938746, 1788720188.1107647, 1788720188.8544397, 1788720189.6098607, 1788720190.1690626, 1788720190.7818666, 1788720191.4232655, 1788720192.0945165, 1788720192.799849, 1788720193.5306764, 1788720194.2948263, 1788720195.0898108, 1788720195.744398, 1788720196.3213782, 1788720196.9528542, 1788720197.612521, 1788720198.3162775, 1788720199.0495899, 1788720199.8129058, 1788720200.6113288, 1788720201.4355419, 1788720202.2876835, 1788720203.1675904, 1788720204.074094, 1788720204.8089864, 1788720205.3721123, 1788720205.9994998, 1788720206.653472, 1788720207.3415678, 1788720208.0583339, 1788720208.8068306, 1788720209.5840504, 1788720210.3981986, 1788720211.2427945, 1788720212.115084, 1788720212.9621322, 1788720213.5090811, 1788720214.1261706, 1788720214.7745464, 1788720215.4480457, 1788720216.1572607, 1788720216.8925724, 1788720217.6611488, 1788720218.462556, 1788720219.2998824, 1788720220.1726294, 1788720221.0782003, 1788720222.0057623, 1788720222.7176747, 1788720223.2808723, 1788720223.911821, 1788720224.5724137, 1788720225.2602344, 1788720225.982234, 1788720226.7305295, 1788720227.5138943, 1788720228.3293302, 1788720229.177009, 1788720230.0595987, 1788720230.9734771, 1788720231.9170845, 1788720232.5403507, 1788720233.112397, 1788720233.751565, 1788720234.4205997, 1788720235.1200576, 1788720235.8466585, 1788720236.6078887, 1788720237.4001994, 1788720238.227719, 1788720238.7997417, 1788720239.4372954, 1788720240.1020212, 1788720240.79588, 1788720241.5182626, 1788720242.2683764, 1788720243.0490425, 1788720243.8602922, 1788720244.6975873, 1788720245.566641, 1788720246.2739403, 1788720246.8405402, 1788720247.4723027, 1788720248.1340904, 1788720248.8235068, 1788720249.5448265, 1788720250.292321, 1788720251.0770352, 1788720251.8956056, 1788720252.6423495, 1788720253.2040448, 1788720253.8272195, 1788720254.4842596, 1788720255.1687994, 1788720255.8799155, 1788720256.6236184, 1788720257.4010618, 1788720258.0321813, 1788720258.6133006, 1788720259.249474, 1788720259.916287, 1788720260.612097, 1788720261.3361185, 1788720262.0902448, 1788720262.7511652, 1788720263.327861, 1788720263.9605665, 1788720264.6218522, 1788720265.3144836, 1788720266.034163, 1788720266.782923, 1788720267.568298, 1788720268.3888462, 1788720269.1628554, 1788720269.724855, 1788720270.3472593, 1788720271.0162308, 1788720271.718596, 1788720272.4444656, 1788720273.1951709, 1788720273.7562966, 1788720274.370716, 1788720275.0177479, 1788720275.694586, 1788720276.4028122, 1788720277.1383262, 1788720277.9064624, 1788720278.7075262, 1788720279.3298047, 1788720279.911926, 1788720280.5507565, 1788720281.222247, 1788720281.9229348, 1788720282.648222, 1788720283.408225, 1788720284.201374, 1788720285.0245461, 1788720285.8813715, 1788720286.7745304, 1788720287.448527, 1788720288.050605, 1788720288.7117527, 1788720289.3969176, 1788720290.117758, 1788720290.856144, 1788720291.629817, 1788720292.4332495, 1788720293.0608668, 1788720293.6678097, 1788720294.3263047, 1788720295.0133698, 1788720295.730287, 1788720296.4753199, 1788720297.2498305, 1788720297.9884315, 1788720298.5562637, 1788720299.1783442, 1788720299.8335035, 1788720300.518657, 1788720301.2302895, 1788720301.9718184, 1788720302.611543, 1788720303.2176437, 1788720303.8421986, 1788720304.527308, 1788720305.2394462, 1788720305.9788337, 1788720306.7536495, 1788720307.5525372, 1788720308.2643166, 1788720308.8321064, 1788720309.4674819, 1788720310.118663, 1788720310.8091857, 1788720311.5254917, 1788720312.271505, 1788720313.0529509, 1788720313.8610263, 1788720314.4749372, 1788720315.0552456, 1788720315.6953325, 1788720316.370425, 1788720317.0800264, 1788720317.8320005, 1788720318.6126976, 1788720319.418983, 1788720320.256875, 1788720321.1197374, 1788720322.0164323, 1788720322.9358854, 1788720323.655687, 1788720324.2152617, 1788720324.8481438, 1788720325.5142708, 1788720326.2099128, 1788720326.9324696, 1788720327.6888351, 1788720328.4769769, 1788720329.2963598, 1788720330.165286, 1788720331.0563216, 1788720331.97129, 1788720332.7504992, 1788720333.3062038, 1788720333.9322789, 1788720334.5927548, 1788720335.2835739, 1788720336.0024345, 1788720336.6926186, 1788720337.293979, 1788720337.9416223, 1788720338.6181173, 1788720339.31861, 1788720340.051163, 1788720340.8067236, 1788720341.60177, 1788720342.417142, 1788720343.2627995, 1788720344.024795, 1788720344.5900426, 1788720345.2141438, 1788720345.869398, 1788720346.5575953, 1788720347.2719488, 1788720348.0183284, 1788720348.7997603, 1788720349.6151078, 1788720350.471914, 1788720351.3551342, 1788720352.2628884, 1788720353.0034125, 1788720353.5680976, 1788720354.1975265, 1788720354.8607655, 1788720355.5564783, 1788720356.273755, 1788720357.0241494, 1788720357.806517, 1788720358.50084, 1788720359.0748203, 1788720359.701661, 1788720360.361168, 1788720361.0523527, 1788720361.7703831, 1788720362.5208611, 1788720363.306291, 1788720364.0400643, 1788720364.607153, 1788720365.229257, 1788720365.884154, 1788720366.5922832, 1788720367.2871087, 1788720368.0295086, 1788720368.8086843, 1788720369.6205735, 1788720370.4642715, 1788720371.3373082, 1788720372.241769, 1788720372.8861983, 1788720373.460202, 1788720374.100323, 1788720374.7916017, 1788720375.5068114, 1788720376.0942013, 1788720376.7337952, 1788720377.4012437, 1788720378.094112, 1788720378.8153536, 1788720379.567983, 1788720380.1948733, 1788720380.7530918, 1788720381.3722205, 1788720382.0084152, 1788720382.6838078, 1788720383.3914776, 1788720384.1248243, 1788720384.888284, 1788720385.6859205, 1788720386.5148842, 1788720387.3762028, 1788720388.2680192, 1788720389.1920152, 1788720389.560927, 1788720389.5792258, 1788720389.6282523, 1788720389.6784568, 1788720389.7284412, 1788720389.7780166, 1788720389.8275068, 1788720389.8821056, 1788720389.9266517, 1788720389.975352, 1788720390.0257483, 1788720390.0744658, 1788720390.1235054, 1788720390.1743114, 1788720390.2233956, 1788720390.2705827, 1788720390.3184903, 1788720390.3667653, 1788720390.4164884, 1788720390.4646797, 1788720390.5128, 1788720390.5613632, 1788720390.6093326, 1788720390.6590967, 1788720390.7069008, 1788720390.7538567, 1788720390.8047261, 1788720390.8526337, 1788720390.9011343, 1788720390.950544, 1788720390.997819, 1788720391.049658, 1788720391.094228, 1788720391.1415958, 1788720391.191326, 1788720391.23831, 1788720391.2861097, 1788720391.335684, 1788720391.383859, 1788720391.4330804, 1788720391.4781187, 1788720391.5274384, 1788720391.5740316, 1788720391.6209047, 1788720391.667973, 1788720391.7185397, 1788720391.761997, 1788720391.808409, 1788720391.8577874, 1788720391.9001071, 1788720391.9449985, 1788720391.9902365, 1788720392.0357215, 1788720392.0811365, 1788720392.1265342, 1788720392.1720214, 1788720392.2174854, 1788720392.2632115, 1788720392.3081546, 1788720392.353506, 1788720392.4006789, 1788720392.4442217, 1788720392.4897518, 1788720392.535055, 1788720392.5805914, 1788720392.6254637, 1788720392.671059, 1788720392.7170448, 1788720392.7621076, 1788720392.8092575, 1788720392.853555, 1788720392.8986363, 1788720392.9449399, 1788720392.990354, 1788720393.0625477, 1788720393.0822506, 1788720393.1335208, 1788720393.1737092, 1788720393.2175713, 1788720393.7987633, 1788720394.4093041, 1788720395.052857, 1788720395.7274058, 1788720396.42965, 1788720397.1616297, 1788720397.9286144, 1788720398.7256033, 1788720399.4798622, 1788720400.0594764, 1788720400.6982925, 1788720401.368497, 1788720402.0636249, 1788720402.7843852, 1788720403.5368085, 1788720404.3155065, 1788720405.1256099, 1788720405.6845658, 1788720406.298545, 1788720406.9429739, 1788720407.62132, 1788720408.3281574, 1788720408.9795508, 1788720409.5568316, 1788720410.1848447, 1788720410.8470783, 1788720411.5332778, 1788720412.1431751, 1788720412.7259986, 1788720413.3651686, 1788720414.045534, 1788720414.7570405, 1788720415.4936526, 1788720416.2624362, 1788720417.0588472, 1788720417.7010398, 1788720418.2800443, 1788720418.9170022, 1788720419.5871646, 1788720420.285385, 1788720421.01333, 1788720421.769203, 1788720422.4520504, 1788720423.0505524, 1788720423.698871, 1788720424.3794632, 1788720425.0818245, 1788720425.8143828, 1788720426.578832, 1788720427.3712425, 1788720428.1929288, 1788720429.0442219, 1788720429.6768456, 1788720430.2594154, 1788720430.9000561, 1788720431.571563, 1788720432.2732058, 1788720433.0234928, 1788720433.795332, 1788720434.518901, 1788720435.0841293, 1788720435.7082808, 1788720436.3681738, 1788720437.0642025, 1788720437.792642, 1788720438.5473685, 1788720439.335353, 1788720440.1500278, 1788720441.0223844, 1788720441.5727024, 1788720442.1849744, 1788720442.8270612, 1788720443.5001757, 1788720444.20281, 1788720444.9343214, 1788720445.6985211, 1788720446.497774, 1788720447.3273964, 1788720448.187668, 1788720449.0815356, 1788720450.0087612, 1788720450.7491193, 1788720451.3135626, 1788720451.9492998, 1788720452.61061, 1788720453.3014944, 1788720454.0243556, 1788720454.5870695, 1788720455.2000403, 1788720455.8454144, 1788720456.5268254, 1788720457.2329633, 1788720457.9673104, 1788720458.7439501, 1788720459.5364814, 1788720460.3655436, 1788720460.9235823, 1788720461.5428543, 1788720462.1857786, 1788720462.864575, 1788720463.5703433, 1788720464.3061664, 1788720465.0764465, 1788720465.8806677, 1788720466.725256, 1788720467.6001556, 1788720468.4995518, 1788720469.266147, 1788720469.8278224, 1788720470.455512, 1788720471.1160352, 1788720471.8133605, 1788720472.5460334, 1788720473.3017151, 1788720473.8650575, 1788720474.479652, 1788720475.1275094, 1788720475.8058066, 1788720476.5173965, 1788720477.2670388, 1788720478.0710776, 1788720478.6247015, 1788720479.2392185, 1788720479.9049244, 1788720480.5934136, 1788720481.3023348, 1788720481.870825, 1788720482.4888835, 1788720483.1345294, 1788720483.7943156, 1788720484.365279, 1788720484.983607, 1788720485.6344154, 1788720486.3172956, 1788720487.0295327, 1788720487.784613, 1788720488.5773208, 1788720489.389912, 1788720490.2353644, 1788720491.1619737, 1788720491.8101661, 1788720492.4518073, 1788720493.0650098, 1788720493.7509704, 1788720494.4645758, 1788720495.2004945, 1788720495.968347, 1788720496.774342, 1788720497.604285, 1788720498.163591, 1788720498.7813597, 1788720499.427648, 1788720500.1022158, 1788720500.8083801, 1788720501.4629188, 1788720502.0391037, 1788720502.665926, 1788720503.3267803, 1788720504.0138037, 1788720504.7311509, 1788720505.4822917, 1788720506.2679725, 1788720507.086223, 1788720507.936741, 1788720508.8199532, 1788720509.7351215, 1788720510.5416667, 1788720511.0958745, 1788720511.7203863, 1788720512.3764722, 1788720513.0628712, 1788720513.780626, 1788720514.5278523, 1788720515.2455266, 1788720515.817417, 1788720516.4584131, 1788720517.1303966, 1788720517.8333607, 1788720518.5672126, 1788720519.3203351, 1788720520.1137462, 1788720520.9363077, 1788720521.5825858, 1788720522.1783068, 1788720522.8315494, 1788720523.5098565, 1788720524.218386, 1788720524.952671, 1788720525.717989, 1788720526.514187, 1788720527.3421922, 1788720528.2051806, 1788720529.0965087, 1788720530.0190663, 1788720530.9028575, 1788720531.4510207, 1788720532.06918, 1788720532.720612, 1788720533.4031255, 1788720534.110931, 1788720534.7620494, 1788720535.3414743, 1788720535.9702902, 1788720536.6344361, 1788720537.3243034, 1788720538.0424733, 1788720538.7933474, 1788720539.5793977, 1788720540.396279, 1788720541.028187, 1788720541.627956, 1788720542.2807698, 1788720542.9630857, 1788720543.671626, 1788720544.4081998, 1788720545.170321, 1788720545.9680173, 1788720546.7951455, 1788720547.6490915, 1788720548.5397441, 1788720549.4643161, 1788720550.273398, 1788720550.8391168, 1788720551.486266, 1788720552.158521, 1788720552.8635876, 1788720553.5945706, 1788720554.356857, 1788720555.1505725, 1788720555.7554944, 1788720556.339516, 1788720556.9783447, 1788720557.651944, 1788720558.3622615, 1788720558.9515138, 1788720559.538197, 1788720560.1787064, 1788720560.851336, 1788720561.5519307, 1788720562.2816875, 1788720563.0470593, 1788720563.8539054, 1788720564.6922452, 1788720565.5633392, 1788720566.4560442, 1788720567.1230118, 1788720567.697851, 1788720568.3393831, 1788720569.0277178, 1788720569.7448502, 1788720570.4872615, 1788720571.2814653, 1788720571.8373451, 1788720572.4514732, 1788720573.095022, 1788720573.7688363, 1788720574.4721167, 1788720575.2041132, 1788720575.9702275, 1788720576.776545, 1788720577.3980396, 1788720577.9790154, 1788720578.6202867, 1788720579.2938673, 1788720579.8866022, 1788720580.473898, 1788720581.1122496, 1788720581.7835922, 1788720582.4828458, 1788720583.210119, 1788720583.9752169, 1788720584.771212, 1788720585.5977042, 1788720586.458906, 1788720587.3443453, 1788720588.2229536, 1788720588.7811944, 1788720589.3970215, 1788720590.0487552, 1788720590.7240117, 1788720591.4013267, 1788720591.974636, 1788720592.616186, 1788720593.2866857, 1788720593.9883475, 1788720594.7146263, 1788720595.4710429, 1788720596.2613957, 1788720597.0783892, 1788720597.9238899, 1788720598.660372, 1788720599.22592, 1788720599.8554797, 1788720600.5365758, 1788720601.2416167, 1788720601.9711354, 1788720602.6329808, 1788720603.235233, 1788720603.8924012, 1788720604.5737624, 1788720605.2837899, 1788720606.02246, 1788720606.7904904, 1788720607.5896788, 1788720608.4202123, 1788720609.2740767, 1788720609.9081345, 1788720610.4879355, 1788720611.1272724, 1788720611.7979925, 1788720612.4976134, 1788720613.2115774, 1788720613.7767022, 1788720614.3929367, 1788720615.0426111, 1788720615.724962, 1788720616.435339, 1788720617.1763005, 1788720617.9611533, 1788720618.584624, 1788720619.1726358, 1788720619.8331282, 1788720620.5229268, 1788720621.2506847, 1788720621.9826705, 1788720622.7546432, 1788720623.509168, 1788720624.103284, 1788720624.7465184, 1788720625.3544817, 1788720625.9806798, 1788720626.6435604, 1788720627.3316314, 1788720628.0489855, 1788720628.827331, 1788720629.5730557, 1788720630.384272, 1788720631.2276356, 1788720632.1011333, 1788720632.996619, 1788720633.9160855, 1788720634.7255712, 1788720635.2847028, 1788720635.9119616, 1788720636.5850422, 1788720637.2904687, 1788720638.026165, 1788720638.7859757, 1788720639.5766597, 1788720640.138696, 1788720640.7506967, 1788720641.396255, 1788720642.072409, 1788720642.7775197, 1788720643.5108392, 1788720644.2790027, 1788720645.0767434, 1788720645.8526309, 1788720646.4143155, 1788720647.0356014, 1788720647.686617, 1788720648.3515906, 1788720648.9222112, 1788720649.5396428, 1788720650.1896696, 1788720650.8712368, 1788720651.5828671, 1788720652.3211951, 1788720652.959951, 1788720653.5417747, 1788720654.1752896, 1788720654.8401833, 1788720655.53725, 1788720656.2598834, 1788720657.0126557, 1788720657.6710894, 1788720658.2477865, 1788720658.8801534, 1788720659.5447145, 1788720660.2383385, 1788720660.9623227, 1788720661.729746, 1788720662.5298035, 1788720663.3559508, 1788720664.225006, 1788720665.1185656, 1788720666.0357008, 1788720666.741004, 1788720667.3136423, 1788720667.9461117, 1788720668.6125996, 1788720669.3090413, 1788720670.03665, 1788720670.8057745, 1788720671.5979106, 1788720672.1616764, 1788720672.7758014, 1788720673.4294665, 1788720674.1161625, 1788720674.8393571, 1788720675.5916665, 1788720676.3769257, 1788720677.186253, 1788720677.8220189, 1788720678.4043024, 1788720679.0420747, 1788720679.7128453, 1788720680.4145708, 1788720681.1461678, 1788720681.9049323, 1788720682.582906, 1788720683.1507623, 1788720683.7802074, 1788720684.4423223, 1788720685.1385822, 1788720685.8524404, 1788720686.605997, 1788720687.3900597, 1788720688.0153766, 1788720688.6173356, 1788720689.2726917, 1788720689.9595103, 1788720690.668991, 1788720691.3994627, 1788720691.9797804, 1788720692.620084, 1788720693.2859557, 1788720693.981966, 1788720694.701244, 1788720695.2998996, 1788720695.8957224, 1788720696.5364697, 1788720697.2137268, 1788720697.913525, 1788720698.626142, 1788720699.1965744, 1788720699.8123624, 1788720700.4605634, 1788720701.142345, 1788720701.8494027, 1788720702.5899453, 1788720703.3644934, 1788720704.180042, 1788720705.0206108, 1788720705.935963, 1788720706.4842243, 1788720707.0964415, 1788720707.7409637, 1788720708.4174733, 1788720709.026193, 1788720709.6437573, 1788720710.306146, 1788720710.9926329, 1788720711.7105615, 1788720712.4535234, 1788720713.2288747, 1788720714.0373225, 1788720714.6570609, 1788720715.2654836, 1788720715.9274144, 1788720716.6197402, 1788720717.339241, 1788720718.0880272, 1788720718.8674822, 1788720719.6829233, 1788720720.5210195, 1788720721.150509, 1788720721.734675, 1788720722.373725, 1788720723.0510938, 1788720723.7662303, 1788720724.5103467, 1788720725.2885265, 1788720726.0917335, 1788720726.9236608, 1788720727.786877, 1788720727.9786427, 1788720727.9958372, 1788720728.0439694, 1788720728.0938113, 1788720728.141616, 1788720728.188922, 1788720728.2374115, 1788720728.284831, 1788720728.3356085, 1788720728.3806791, 1788720728.428062, 1788720728.4770777, 1788720728.522519, 1788720728.5705016, 1788720728.6173835, 1788720728.6641908, 1788720728.7128592, 1788720728.7598217, 1788720728.8065891, 1788720728.8555138, 1788720728.905358, 1788720728.9481263, 1788720728.9943914, 1788720729.0399697, 1788720729.0874834, 1788720729.1313326, 1788720729.1771502, 1788720729.2224686, 1788720729.2683434, 1788720729.3136883, 1788720729.3590052, 1788720729.4047365, 1788720729.4502456, 1788720729.4960015, 1788720729.5412893, 1788720729.5870109, 1788720729.6325872, 1788720729.678082, 1788720729.7236705, 1788720729.7690198, 1788720729.8146117, 1788720729.8623028, 1788720729.904988, 1788720729.9500005, 1788720730.0005283, 1788720730.0404153, 1788720730.0848567, 1788720730.131545, 1788720730.1744287, 1788720730.2188632, 1788720730.2667933, 1788720730.3080928, 1788720730.352266, 1788720730.3963947, 1788720730.440699, 1788720730.484948, 1788720730.52937, 1788720730.5747788, 1788720730.6174085, 1788720730.661145, 1788720730.7063804, 1788720730.7500093, 1788720730.7938092, 1788720730.8372328, 1788720730.92479, 1788720731.0121222, 1788720731.0556617, 1788720731.143222, 1788720731.1868627, 1788720731.2304144, 1788720731.2786906, 1788720731.3177917, 1788720731.3612664, 1788720731.4050927, 1788720731.4485476, 1788720731.4922295, 1788720731.5358615, 1788720731.5795143, 1788720731.6231885, 1788720731.6681864, 1788720731.7119622, 1788720731.7511573, 1788720731.7884305, 1788720731.8278008, 1788720731.8666992, 1788720731.906989, 1788720731.9443476, 1788720731.9828212, 1788720732.0213032, 1788720732.0601492, 1788720732.0985653, 1788720732.1373355, 1788720732.1759257, 1788720732.214217, 1788720732.2534406, 1788720732.292008, 1788720732.3302712, 1788720732.3696806, 1788720732.4080703, 1788720732.4461992, 1788720732.4858172, 1788720732.5243082, 1788720732.562881, 1788720732.6016533, 1788720732.640147, 1788720732.6790879, 1788720732.717708, 1788720732.755983, 1788720732.795065, 1788720732.8335483, 1788720732.8736842, 1788720732.9096544, 1788720732.9471889, 1788720732.9871924, 1788720733.0215857, 1788720733.0587065, 1788720733.0961223, 1788720733.1331184, 1788720733.1700752, 1788720733.2074509, 1788720733.2443955, 1788720733.2814925, 1788720733.3190587, 1788720733.3559525, 1788720733.3929083, 1788720733.4302008, 1788720733.4673593, 1788720733.504401, 1788720733.5416455, 1788720733.5786595, 1788720733.616151, 1788720733.653245, 1788720733.6904685, 1788720733.7275224, 1788720733.7645218, 1788720733.8041866, 1788720733.8383832, 1788720733.8751707, 1788720733.9117384, 1788720733.948774, 1788720733.9854274, 1788720734.027173, 1788720734.0593855, 1788720734.0957844, 1788720734.1330793, 1788720734.1698291, 1788720734.2062867, 1788720734.2434368, 1788720734.2800398, 1788720734.3166401, 1788720734.3536787, 1788720734.390274, 1788720734.4270718, 1788720734.4639893, 1788720734.501073, 1788720734.537259, 1788720734.5743136, 1788720734.610949, 1788720734.647681, 1788720734.685251, 1788720734.7215233, 1788720734.7605593, 1788720734.7949736, 1788720734.831566, 1788720734.868349, 1788720734.904755, 1788720734.9412642, 1788720734.9782357, 1788720735.0145311, 1788720735.051104, 1788720735.0882242, 1788720735.1250813, 1788720735.161241, 1788720735.198131, 1788720735.2345972, 1788720735.2712712, 1788720735.3081162, 1788720735.3447433, 1788720735.3813353, 1788720735.4183414, 1788720735.4546535, 1788720735.4917123, 1788720735.528218, 1788720735.5647275, 1788720735.6017559, 1788720735.6415317, 1788720735.676498, 1788720735.7036693, 1788720735.7341602, 1788720735.7639146, 1788720735.793213, 1788720735.823056, 1788720735.8532875, 1788720735.8870435, 1788720735.9135246, 1788720735.9438646, 1788720735.9740498, 1788720736.0049675, 1788720736.0362391, 1788720736.0672295, 1788720736.0973423, 1788720736.1276655, 1788720736.1582015, 1788720736.1888597, 1788720736.2198796, 1788720736.250896, 1788720736.282151, 1788720736.3123126, 1788720736.3426547, 1788720736.372947, 1788720736.4039125, 1788720736.4349995, 1788720736.4660566, 1788720736.4964743, 1788720736.5267735, 1788720736.5570455, 1788720736.5879924, 1788720736.6183288, 1788720736.6486478, 1788720736.678998, 1788720736.7123275, 1788720736.7407396, 1788720736.7708476, 1788720736.7998908, 1788720736.8296597, 1788720736.8604066, 1788720736.8899806, 1788720736.9198384, 1788720736.949505, 1788720736.9802873, 1788720737.0105648, 1788720737.0412877, 1788720737.071739, 1788720737.101428, 1788720737.131341, 1788720737.1608877, 1788720737.1913507, 1788720737.224284, 1788720737.2521396, 1788720737.2822485, 1788720737.3125155, 1788720737.3428466, 1788720737.3729432, 1788720737.4032822, 1788720737.4335737, 1788720737.4639676, 1788720737.4941196, 1788720737.5244825, 1788720737.5545926, 1788720737.5847445, 1788720737.6153798, 1788720737.6454756, 1788720737.6757128, 1788720737.706112, 1788720737.736615, 1788720737.7659473, 1788720737.7954736, 1788720737.8250732, 1788720737.8551786, 1788720737.8855863, 1788720737.9158082, 1788720737.946025, 1788720737.9761984, 1788720738.0064578, 1788720738.0365846, 1788720738.0669425, 1788720738.0974662, 1788720738.1283128, 1788720738.1570933, 1788720738.186537, 1788720738.2161362, 1788720738.2461312, 1788720738.2762332, 1788720738.305995, 1788720738.3354688, 1788720738.3668318, 1788720738.3913887, 1788720738.417423, 1788720738.4433272, 1788720738.4693263, 1788720738.495383, 1788720738.521409, 1788720738.5475216, 1788720738.5735905, 1788720738.5995755, 1788720738.625602, 1788720738.6515987, 1788720738.677619, 1788720738.7036552, 1788720738.7298954, 1788720738.7612844, 1788720738.7846222, 1788720738.807473, 1788720738.8331847, 1788720738.8590436, 1788720738.884809, 1788720738.9113777, 1788720738.9364064, 1788720738.9646]","[1, 1, 1, 1, 1, 1, 1, 1, 1, 1, 1, 1, 1, 1, 1, 1, 1, 1, 1, 1, 1, 1, 1, 1, 1, 1, 1, 1, 1, 1, 1, 1, 1, 1, 1, 1, 1, 1, 1, 1, 1, 1, 1, 1, 1, 1, 1, 1, 1, 1, 1, 1, 1, 1, 1, 1, 1, 1, 1, 1, 1, 1, 1, 1, 1, 1, 1, 1, 1, 1, 1, 1, 1, 1, 1, 1, 1, 1, 1, 1, 1, 1, 1, 1, 1, 1, 1, 1, 1, 1, 1, 1, 1, 1, 1, 1, 1, 1, 1, 1, 1, 1, 1, 1, 1, 1, 1, 1, 1, 1, 1, 1, 1, 1, 1, 1, 1, 1, 1, 1, 1, 1, 1, 1, 1, 1, 1, 1, 1, 1, 1, 1, 1, 1, 1, 1, 1, 1, 1, 1, 1, 1, 1, 1, 1, 1, 1, 1, 1, 1, 1, 1, 1, 1, 1, 1, 1, 1, 1, 1, 1, 1, 1, 1, 1, 1, 1, 1, 1, 1, 1, 1, 1, 1, 1, 1, 1, 1, 1, 1, 1, 1, 1, 1, 1, 1, 1, 1, 1, 1, 1, 1, 1, 1, 1, 1, 1, 1, 1, 1, 1, 1, 1, 1, 1, 1, 1, 1, 1, 1, 1, 1, 1, 1, 1, 1, 1, 1, 1, 1, 1, 1, 1, 1, 1, 1, 1, 1, 1, 1, 1, 1, 1, 1, 1, 1, 1, 1, 1, 1, 1, 1, 1, 1, 1, 1, 1, 1, 1, 1, 1, 1, 1, 1, 1, 1, 1, 1, 1, 1, 1, 1, 1, 1, 1, 1, 1, 1, 1, 1, 1, 1, 1, 1, 1, 1, 1, 1, 1, 1, 1, 1, 1, 1, 1, 1, 1, 1, 1, 1, 1, 1, 1, 1, 1, 1, 1, 1, 1, 1, 1, 1, 1, 1, 1, 1, 1, 1, 1, 1, 1, 1, 1, 1, 1, 1, 1, 1, 1, 1, 1, 1, 1, 1, 1, 1, 1, 1, 1, 1, 1, 1, 1, 1, 1, 1, 1, 1, 1, 1, 1, 1, 1, 1, 1, 1, 1, 1, 1, 1, 1, 1, 1, 1, 1, 1, 1, 1, 1, 1, 1, 1, 1, 1, 1, 1, 1, 1, 1, 1, 1, 1, 1, 1, 1, 1, 1, 1, 1, 1, 1, 1, 1, 1, 1, 1, 1, 1, 1, 1, 1, 1, 1, 1, 1, 1, 1, 1, 1, 1, 1, 1, 1, 1, 1, 1, 1, 1, 1, 1, 1, 1, 1, 1, 1, 1, 1, 1, 1, 1, 1, 1, 1, 1, 1, 1, 1, 1, 1, 1, 1, 1, 1, 1, 1, 1, 1, 1, 1, 1, 1, 1, 1, 1, 1, 1, 1, 1, 1, 1, 1, 1, 1, 1, 1, 1, 1, 1, 1, 1, 1, 1, 1, 1, 1, 1, 1, 1, 1, 1, 1, 1, 1, 1, 1, 1, 1, 1, 1, 1, 1, 1, 1, 1, 1, 1, 1, 1, 1, 1, 1, 1, 1, 1, 1, 1, 1, 1, 1, 1, 1, 1, 1, 1, 1, 1, 1, 1, 1, 1, 1, 1, 1, 1, 1, 1, 1, 1, 1, 1, 1, 1, 1, 1, 1, 1, 1, 1, 1, 1, 1, 1, 1, 1, 1, 1, 1, 1, 1, 1, 1, 1, 1, 1, 1, 1, 1, 1, 1, 1, 1, 1, 1, 1, 1, 1, 1, 1, 1, 1, 1, 1, 1, 1, 1, 1, 1, 1, 1, 1, 1, 1, 1, 1, 1, 1, 1, 1, 1, 1, 1, 1, 1, 1, 1, 1, 1, 1, 1, 1, 1, 1, 1, 1, 1, 1, 1, 1, 1, 1, 1, 1, 1, 1, 1, 1, 1, 1, 1, 1, 1, 1, 1, 1, 1, 1, 1, 1, 1, 1, 1, 1, 1, 1, 1, 1, 1, 1, 1, 1, 1, 1, 1, 1, 1, 1, 1, 1, 1, 1, 1, 1, 1, 1, 1, 1, 1, 1, 1, 1, 1, 1, 1, 1, 1, 1, 1, 1, 1, 1, 1, 1, 1, 1, 1, 1, 1, 1, 1, 1, 1, 1, 1, 1, 1, 1, 1, 1, 1, 1, 1, 1, 1, 1, 1, 1, 1, 1, 1, 1, 1, 1, 1, 1, 1, 1, 1, 1, 1, 1, 1, 1, 1, 1, 1, 1, 1, 1, 1, 1, 1, 1, 1, 1, 1, 1, 1, 1, 1, 1, 1, 1, 1, 1, 1, 1, 1, 1, 1, 1, 1, 1, 1, 1, 1, 1, 1, 1, 1, 1, 1, 1, 1, 1, 1, 1, 1, 1, 1, 1, 1, 1, 1, 1, 1, 1, 1, 1, 1, 1, 1, 1, 1, 1, 1, 1, 1, 1, 1, 1, 1, 1, 1, 1, 1, 1, 1, 1, 1, 1, 1, 1, 1, 1, 1, 1, 1, 1, 1, 1, 1, 1, 1, 1, 1, 1, 1, 1, 1, 1, 1, 1, 1, 1, 1, 1, 1, 1, 1, 1, 1, 1, 1, 1, 1, 1, 1, 1, 1, 1, 1, 1, 1, 1, 1, 1, 1, 1, 1, 1, 1, 1, 1, 1, 1, 1, 1, 1, 1, 1, 1, 1, 1, 1, 1, 1, 1, 1, 1, 1, 1, 1, 1, 1, 1, 1, 1, 1, 1, 1, 1, 1, 1, 1, 1, 1, 1, 1, 1, 1, 1, 1, 1, 1, 1, 1, 1, 1, 1, 1, 1, 1, 1, 1, 1, 1, 1, 1, 1, 1, 1, 1, 1, 1, 1, 1, 1, 1, 1, 1, 1, 1, 1, 1, 1, 1, 1, 1, 1, 1, 1, 1, 1, 1, 1, 1, 1, 1, 1, 1, 1, 1, 1, 1, 1, 1, 1, 1, 1, 1, 1, 1, 1, 1, 1, 1, 1, 1, 1, 1, 1, 1, 1, 1, 1, 1, 1, 1, 1, 1, 1, 1, 1, 1, 1, 1, 1, 1, 1, 1, 1, 1, 1, 1, 1, 1, 1, 1, 1, 1, 1, 1, 1, 1, 1, 1, 1, 1, 1, 1, 1, 1, 1, 1, 1, 1, 1, 1, 1, 1, 1, 1, 1, 1, 1, 1, 1, 1, 1, 1, 1, 1, 1, 1, 1, 1, 1, 1, 1, 1, 1, 1, 1, 1, 1, 1, 1, 1, 1, 1, 1, 1, 1, 1, 1, 1, 1, 1, 1, 1, 1, 1, 1, 1, 1, 1, 1, 1, 1, 1, 1, 1, 1, 1, 1, 1, 1, 1, 1, 1, 1, 1, 1, 1, 1, 1, 1, 1, 1, 1, 1, 1, 1, 1, 1, 1, 1, 1, 1, 1, 1, 1, 1, 1, 1, 1, 1, 1, 1, 1, 1, 1, 1, 1, 1, 1, 1, 1, 1, 1, 1, 1, 1, 1, 1, 1, 1, 1, 1, 1, 1, 1, 1, 1, 1, 1, 1, 1, 1, 1, 1, 1, 1, 1, 1, 1, 1, 1, 1, 1, 1, 1, 1, 1, 1, 1, 1, 1, 1, 1, 1, 1, 1, 1, 1, 1, 1, 1, 1, 1, 1, 1, 1, 1, 1, 1, 1, 1, 1, 1, 1, 1, 1, 1, 1, 1, 1, 1, 1, 1, 1, 1, 1, 1, 1, 1, 1, 1, 1, 1]"
User-020,3,trace_0108,1788720729.8731568,streaming,29471,131,131,364,95,36.83765912055969,99.9635272026062,0.485583600631127,11.0,0,True,,1788720629.9095538,1788720666.747213,1788720729.873081,"[1788720666.747213, 1788720667.3201532, 1788720667.952296, 1788720668.6185005, 1788720669.3149686, 1788720670.0432537, 1788720670.8118815, 1788720671.604717, 1788720672.1679063, 1788720672.7822764, 1788720673.436582, 1788720674.1226158, 1788720674.845819, 1788720675.5985792, 1788720676.3836641, 1788720677.1928694, 1788720677.8285015, 1788720678.4108381, 1788720679.0485752, 1788720679.7195807, 1788720680.4209578, 1788720681.1530228, 1788720681.9113705, 1788720682.589285, 1788720683.1571245, 1788720683.7868395, 1788720684.4487565, 1788720685.145314, 1788720685.8589876, 1788720686.6123855, 1788720687.3967252, 1788720688.022108, 1788720688.623358, 1788720689.2793932, 1788720689.965459, 1788720690.6752543, 1788720691.405113, 1788720691.9860408, 1788720692.6263933, 1788720693.29215, 1788720693.9882305, 1788720694.707116, 1788720695.3057714, 1788720695.9017065, 1788720696.5424106, 1788720697.219782, 1788720697.9194725, 1788720698.632793, 1788720699.203081, 1788720699.8182633, 1788720700.466482, 1788720701.1483314, 1788720701.855349, 1788720702.595962, 1788720703.3708546, 1788720704.1857738, 1788720705.0264704, 1788720705.9412093, 1788720706.48992, 1788720707.101915, 1788720707.7465293, 1788720708.42326, 1788720709.0316956, 1788720709.6493165, 1788720710.3116896, 1788720710.9982302, 1788720711.7161286, 1788720712.459061, 1788720713.2342944, 1788720714.0452764, 1788720714.6628385, 1788720715.2710283, 1788720715.9329352, 1788720716.625383, 1788720717.3448014, 1788720718.0935671, 1788720718.8730721, 1788720719.6884286, 1788720720.5264847, 1788720721.1564865, 1788720721.7402112, 1788720722.3793159, 1788720723.0569901, 1788720723.771241, 1788720724.5154264, 1788720725.2936103, 1788720726.096602, 1788720726.9287333, 1788720727.7919526, 1788720727.9834962, 1788720727.9979467, 1788720728.0489233, 1788720728.09855, 1788720728.1464202, 1788720728.193867, 1788720728.242197, 1788720728.2898288, 1788720728.3407292, 1788720728.385003, 1788720728.432636, 1788720728.4818034, 1788720728.526355, 1788720728.5742717, 1788720728.6212223, 1788720728.6680593, 1788720728.7165322, 1788720728.7634866, 1788720728.8102474, 1788720728.8591676, 1788720728.9090643, 1788720728.952109, 1788720728.9980512, 1788720729.0436378, 1788720729.091168, 1788720729.1352482, 1788720729.1808045, 1788720729.226155, 1788720729.2720182, 1788720729.3173556, 1788720729.3626306, 1788720729.4084005, 1788720729.4539087, 1788720729.4996629, 1788720729.544968, 1788720729.5906246, 1788720729.636222, 1788720729.6817355, 1788720729.727337, 1788720729.772667, 1788720729.8182776, 1788720729.8666835]","[1, 1, 1, 1, 1, 1, 1, 1, 1, 1, 1, 1, 1, 1, 1, 1, 1, 1, 1, 1, 1, 1, 1, 1, 1, 1, 1, 1, 1, 1, 1, 1, 1, 1, 1, 1, 1, 1, 1, 1, 1, 1, 1, 1, 1, 1, 1, 1, 1, 1, 1, 1, 1, 1, 1, 1, 1, 1, 1, 1, 1, 1, 1, 1, 1, 1, 1, 1, 1, 1, 1, 1, 1, 1, 1, 1, 1, 1, 1, 1, 1, 1, 1, 1, 1, 1, 1, 1, 1, 1, 1, 1, 1, 1, 1, 1, 1, 1, 1, 1, 1, 1, 1, 1, 1, 1, 1, 1, 1, 1, 1, 1, 1, 1, 1, 1, 1, 1, 1, 1, 1, 1, 1, 1, 1, 1, 1, 1, 1, 1, 1]"
User-057,0,trace_0276,1788720708.4317245,streaming,18282,101,101,0,285,28.75139546394348,97.60220503807068,0.6885080957412719,0.0,0,True,,1788720610.8294373,1788720639.5808327,1788720708.4316423,"[1788720639.5808327, 1788720640.1426191, 1788720640.7544897, 1788720641.4000757, 1788720642.0763392, 1788720642.7813392, 1788720643.5148408, 1788720644.282949, 1788720645.0809655, 1788720645.8564882, 1788720646.4188952, 1788720647.0399885, 1788720647.6903818, 1788720648.3563468, 1788720648.9266968, 1788720649.5441096, 1788720650.1941497, 1788720650.8757212, 1788720651.5873015, 1788720652.3258421, 1788720652.9649785, 1788720653.546708, 1788720654.1801846, 1788720654.8451083, 1788720655.5422456, 1788720656.2647965, 1788720657.017586, 1788720657.6759055, 1788720658.2527184, 1788720658.8851984, 1788720659.54969, 1788720660.2433896, 1788720660.9673483, 1788720661.7350082, 1788720662.5346887, 1788720663.3609328, 1788720664.2300606, 1788720665.1235557, 1788720666.0407088, 1788720666.7458768, 1788720667.3191178, 1788720667.9512968, 1788720668.6175327, 1788720669.313987, 1788720670.042347, 1788720670.8108544, 1788720671.6035695, 1788720672.1671515, 1788720672.7812867, 1788720673.435562, 1788720674.1216438, 1788720674.844838, 1788720675.5975747, 1788720676.3826265, 1788720677.1916945, 1788720677.827363, 1788720678.409842, 1788720679.0475788, 1788720679.718519, 1788720680.419985, 1788720681.152003, 1788720681.9103868, 1788720682.5881689, 1788720683.1561494, 1788720683.7858498, 1788720684.4477723, 1788720685.1442573, 1788720685.8579724, 1788720686.6113758, 1788720687.3959537, 1788720688.0211446, 1788720688.622346, 1788720689.278355, 1788720689.9644783, 1788720690.67418, 1788720691.4041495, 1788720691.9850285, 1788720692.6253781, 1788720693.291139, 1788720693.987227, 1788720694.706129, 1788720695.3046527, 1788720695.9007006, 1788720696.5414174, 1788720697.2187636, 1788720697.9184682, 1788720698.6315954, 1788720699.201918, 1788720699.8172836, 1788720700.4655075, 1788720701.1473372, 1788720701.854342, 1788720702.594962, 1788720703.3698566, 1788720704.1846073, 1788720705.0254767, 1788720705.9402032, 1788720706.4888842, 1788720707.1009007, 1788720707.7454922, 1788720708.4219513]","[1, 1, 1, 1, 1, 1, 1, 1, 1, 1, 1, 1, 1, 1, 1, 1, 1, 1, 1, 1, 1, 1, 1, 1, 1, 1, 1, 1, 1, 1, 1, 1, 1, 1, 1, 1, 1, 1, 1, 1, 1, 1, 1, 1, 1, 1, 1, 1, 1, 1, 1, 1, 1, 1, 1, 1, 1, 1, 1, 1, 1, 1, 1, 1, 1, 1, 1, 1, 1, 1, 1, 1, 1, 1, 1, 1, 1, 1, 1, 1, 1, 1, 1, 1, 1, 1, 1, 1, 1, 1, 1, 1, 1, 1, 1, 1, 1, 1, 1, 1, 1]"
User-059,0,trace_0656,1788720737.2274916,streaming,19464,260,260,0,303,21.31633758544922,43.88242244720459,0.08712774077897827,0.0,0,True,,1788720693.3450098,1788720714.6613474,1788720737.2274323,"[1788720714.6613474, 1788720715.269351, 1788720715.931264, 1788720716.6236653, 1788720717.3431017, 1788720718.0918732, 1788720718.8715515, 1788720719.686715, 1788720720.5249987, 1788720721.1550405, 1788720721.7386937, 1788720722.3775918, 1788720723.0549755, 1788720723.7702246, 1788720724.5144014, 1788720725.292419, 1788720726.0956066, 1788720726.9275665, 1788720727.790771, 1788720727.982487, 1788720727.997511, 1788720728.047929, 1788720728.0975735, 1788720728.1454048, 1788720728.1928837, 1788720728.241213, 1788720728.2887623, 1788720728.3397467, 1788720728.3840253, 1788720728.4316387, 1788720728.4808269, 1788720728.5253742, 1788720728.5732925, 1788720728.6202364, 1788720728.667076, 1788720728.7155385, 1788720728.7624626, 1788720728.8092594, 1788720728.858149, 1788720728.9080727, 1788720728.950862, 1788720728.9970632, 1788720729.042615, 1788720729.0901678, 1788720729.1339927, 1788720729.1798272, 1788720729.2251666, 1788720729.2710233, 1788720729.3163717, 1788720729.3616505, 1788720729.4074194, 1788720729.4529269, 1788720729.4986448, 1788720729.5439794, 1788720729.5896454, 1788720729.6352453, 1788720729.680751, 1788720729.7263036, 1788720729.771699, 1788720729.8172917, 1788720729.8654313, 1788720729.9076917, 1788720729.9526825, 1788720730.003936, 1788720730.0431662, 1788720730.087541, 1788720730.1342096, 1788720730.1771128, 1788720730.2215378, 1788720730.2694833, 1788720730.3102689, 1788720730.354921, 1788720730.399076, 1788720730.443382, 1788720730.4876218, 1788720730.532059, 1788720730.5774133, 1788720730.6201532, 1788720730.6638327, 1788720730.7084706, 1788720730.757622, 1788720730.8014367, 1788720730.8448062, 1788720730.888395, 1788720730.9323714, 1788720730.9739745, 1788720731.0197263, 1788720731.0632424, 1788720731.1066759, 1788720731.1508074, 1788720731.194577, 1788720731.2379737, 1788720731.286413, 1788720731.3254077, 1788720731.3688855, 1788720731.4127893, 1788720731.4542773, 1788720731.499772, 1788720731.5434785, 1788720731.5870574, 1788720731.6307566, 1788720731.676115, 1788720731.7196867, 1788720731.7580423, 1788720731.7946258, 1788720731.8338487, 1788720731.8727884, 1788720731.9133506, 1788720731.9499598, 1788720731.9883797, 1788720732.0261571, 1788720732.0657206, 1788720732.1041546, 1788720732.1421921, 1788720732.1814473, 1788720732.218482, 1788720732.2590253, 1788720732.29756, 1788720732.334487, 1788720732.375291, 1788720732.4136705, 1788720732.4486663, 1788720732.4913657, 1788720732.5294254, 1788720732.56846, 1788720732.6072023, 1788720732.64527, 1788720732.6846385, 1788720732.7232575, 1788720732.7611594, 1788720732.8006384, 1788720732.8383229, 1788720732.879843, 1788720732.9135122, 1788720732.9522507, 1788720732.9912217, 1788720733.0261638, 1788720733.0632784, 1788720733.100649, 1788720733.1372879, 1788720733.1746993, 1788720733.211791, 1788720733.248507, 1788720733.286099, 1788720733.323644, 1788720733.3601196, 1788720733.3968709, 1788720733.4347992, 1788720733.4716995, 1788720733.5086303, 1788720733.546247, 1788720733.5831885, 1788720733.6202636, 1788720733.6578155, 1788720733.6950226, 1788720733.7318394, 1788720733.769055, 1788720733.8090382, 1788720733.8424718, 1788720733.8792286, 1788720733.9156399, 1788720733.9528115, 1788720733.989502, 1788720734.0312061, 1788720734.063415, 1788720734.0996308, 1788720734.1371384, 1788720734.1739454, 1788720734.2103486, 1788720734.2474558, 1788720734.2838264, 1788720734.3203118, 1788720734.3577356, 1788720734.3943613, 1788720734.4311476, 1788720734.4678087, 1788720734.5051966, 1788720734.5413046, 1788720734.5783284, 1788720734.6150153, 1788720734.6517708, 1788720734.688716, 1788720734.7255723, 1788720734.7649326, 1788720734.798572, 1788720734.8351023, 1788720734.8717437, 1788720734.9080093, 1788720734.9483068, 1788720734.9810266, 1788720735.0181882, 1788720735.0546412, 1788720735.0916567, 1788720735.1287148, 1788720735.1648822, 1788720735.2018137, 1788720735.2381837, 1788720735.2749794, 1788720735.3115203, 1788720735.3480115, 1788720735.384894, 1788720735.4219444, 1788720735.4582102, 1788720735.495769, 1788720735.531815, 1788720735.567997, 1788720735.6053672, 1788720735.6452346, 1788720735.6804042, 1788720735.7067995, 1788720735.7372377, 1788720735.7669845, 1788720735.7955596, 1788720735.8261554, 1788720735.8563912, 1788720735.8903747, 1788720735.916731, 1788720735.9469645, 1788720735.9771943, 1788720736.008068, 1788720736.039396, 1788720736.0703695, 1788720736.1004736, 1788720736.1308374, 1788720736.1613634, 1788720736.1912384, 1788720736.2229936, 1788720736.2540185, 1788720736.2853165, 1788720736.315487, 1788720736.3458214, 1788720736.3761098, 1788720736.4070961, 1788720736.4381118, 1788720736.4692667, 1788720736.4996488, 1788720736.5299242, 1788720736.560189, 1788720736.5911453, 1788720736.621482, 1788720736.6517498, 1788720736.6813455, 1788720736.7156644, 1788720736.7434447, 1788720736.773462, 1788720736.8024735, 1788720736.8322651, 1788720736.8630106, 1788720736.8925827, 1788720736.922444, 1788720736.9521165, 1788720736.982897, 1788720737.013229, 1788720737.0439107, 1788720737.0743477, 1788720737.1040478, 1788720737.133905, 1788720737.1634886, 1788720737.1939309, 1788720737.2269485]","[1, 1, 1, 1, 1, 1, 1, 1, 1, 1, 1, 1, 1, 1, 1, 1, 1, 1, 1, 1, 1, 1, 1, 1, 1, 1, 1, 1, 1, 1, 1, 1, 1, 1, 1, 1, 1, 1, 1, 1, 1, 1, 1, 1, 1, 1, 1, 1, 1, 1, 1, 1, 1, 1, 1, 1, 1, 1, 1, 1, 1, 1, 1, 1, 1, 1, 1, 1, 1, 1, 1, 1, 1, 1, 1, 1, 1, 1, 1, 1, 1, 1, 1, 1, 1, 1, 1, 1, 1, 1, 1, 1, 1, 1, 1, 1, 1, 1, 1, 1, 1, 1, 1, 1, 1, 1, 1, 1, 1, 1, 1, 1, 1, 1, 1, 1, 1, 1, 1, 1, 1, 1, 1, 1, 1, 1, 1, 1, 1, 1, 1, 1, 1, 1, 1, 1, 1, 1, 1, 1, 1, 1, 1, 1, 1, 1, 1, 1, 1, 1, 1, 1, 1, 1, 1, 1, 1, 1, 1, 1, 1, 1, 1, 1, 1, 1, 1, 1, 1, 1, 1, 1, 1, 1, 1, 1, 1, 1, 1, 1, 1, 1, 1, 1, 1, 1, 1, 1, 1, 1, 1, 1, 1, 1, 1, 1, 1, 1, 1, 1, 1, 1, 1, 1, 1, 1, 1, 1, 1, 1, 1, 1, 1, 1, 1, 1, 1, 1, 1, 1, 1, 1, 1, 1, 1, 1, 1, 1, 1, 1, 1, 1, 1, 1, 1, 1, 1, 1, 1, 1, 1, 1, 1, 1, 1, 1, 1, 1, 1, 1, 1, 1, 1, 1, 1, 1, 1, 1, 1, 1]"
User-049,2,trace_0273,1788720728.3487368,streaming,18862,91,91,289,5,37.69967436790466,94.44626355171204,0.6305176575978597,10.0,0,True,,1788720633.9024177,1788720671.602092,1788720728.3486812,"[1788720671.602092, 1788720672.1656363, 1788720672.7797978, 1788720673.43404, 1788720674.12016, 1788720674.8433497, 1788720675.596044, 1788720676.381125, 1788720677.190195, 1788720677.8258743, 1788720678.4081805, 1788720679.0460439, 1788720679.7169986, 1788720680.4183059, 1788720681.150479, 1788720681.9089088, 1788720682.5866697, 1788720683.1544895, 1788720683.784187, 1788720684.446096, 1788720685.1427436, 1788720685.8564699, 1788720686.6098936, 1788720687.3946319, 1788720688.019382, 1788720688.6213336, 1788720689.2772572, 1788720689.9634905, 1788720690.6732056, 1788720691.4032001, 1788720691.9840217, 1788720692.6243744, 1788720693.290108, 1788720693.9862096, 1788720694.7049856, 1788720695.3036623, 1788720695.8997, 1788720696.5402427, 1788720697.2175646, 1788720697.917297, 1788720698.6305768, 1788720699.200847, 1788720699.8161361, 1788720700.4643466, 1788720701.1463373, 1788720701.8531806, 1788720702.5937836, 1788720703.368834, 1788720704.183308, 1788720705.0240955, 1788720705.939232, 1788720706.4878829, 1788720707.099722, 1788720707.7443025, 1788720708.420774, 1788720709.0302453, 1788720709.647651, 1788720710.3100035, 1788720710.9964945, 1788720711.714609, 1788720712.457372, 1788720713.2326477, 1788720714.043692, 1788720714.6605294, 1788720715.2688465, 1788720715.9307163, 1788720716.623116, 1788720717.3425567, 1788720718.091368, 1788720718.8708436, 1788720719.6861978, 1788720720.5243237, 1788720721.1545477, 1788720721.7380164, 1788720722.377086, 1788720723.0544367, 1788720723.7695465, 1788720724.5137224, 1788720725.2919257, 1788720726.0951097, 1788720726.927062, 1788720727.7902348, 1788720727.9819994, 1788720727.9972928, 1788720728.0474358, 1788720728.0970905, 1788720728.1449125, 1788720728.192395, 1788720728.2407293, 1788720728.2882085, 1788720728.3389738]","[1, 1, 1, 1, 1, 1, 1, 1, 1, 1, 1, 1, 1, 1, 1, 1, 1, 1, 1, 1, 1, 1, 1, 1, 1, 1, 1, 1, 1, 1, 1, 1, 1, 1, 1, 1, 1, 1, 1, 1, 1, 1, 1, 1, 1, 1, 1, 1, 1, 1, 1, 1, 1, 1, 1, 1, 1, 1, 1, 1, 1, 1, 1, 1, 1, 1, 1, 1, 1, 1, 1, 1, 1, 1, 1, 1, 1, 1, 1, 1, 1, 1, 1, 1, 1, 1, 1, 1, 1, 1, 1]"
User-050,1,trace_0243,1788720732.9916801,streaming,24173,287,287,345,32,37.8884642124176,160.96247911453247,0.43032872343396805,12.0,0,True,,1788720572.0290005,1788720609.9174647,1788720732.9914796,"[1788720609.9174647, 1788720610.4967864, 1788720611.1366873, 1788720611.8068945, 1788720612.5066686, 1788720613.220447, 1788720613.785579, 1788720614.40188, 1788720615.0515935, 1788720615.7334065, 1788720616.4445405, 1788720617.1857164, 1788720617.969571, 1788720618.592902, 1788720619.1812243, 1788720619.8419745, 1788720620.5313747, 1788720621.2558904, 1788720621.9918687, 1788720622.7625465, 1788720623.5180378, 1788720624.111664, 1788720624.755967, 1788720625.3633873, 1788720625.989084, 1788720626.651844, 1788720627.3400266, 1788720628.0573115, 1788720628.8315394, 1788720629.5813015, 1788720630.3927839, 1788720631.2375517, 1788720632.1092114, 1788720633.0044353, 1788720633.920735, 1788720634.734499, 1788720635.2931478, 1788720635.9208837, 1788720636.5929708, 1788720637.2986026, 1788720638.0335, 1788720638.793783, 1788720639.5853546, 1788720640.1470656, 1788720640.7592425, 1788720641.4046986, 1788720642.080556, 1788720642.7859914, 1788720643.5193079, 1788720644.287467, 1788720645.0854456, 1788720645.8618488, 1788720646.4240153, 1788720647.0449677, 1788720647.6955473, 1788720648.3615327, 1788720648.9317033, 1788720649.5490904, 1788720650.1992114, 1788720650.8804872, 1788720651.5922062, 1788720652.3308785, 1788720652.9699454, 1788720653.5507574, 1788720654.185123, 1788720654.8500085, 1788720655.547324, 1788720656.2687056, 1788720657.0224934, 1788720657.679858, 1788720658.2578363, 1788720658.8903146, 1788720659.5546954, 1788720660.2483668, 1788720660.9722462, 1788720661.7400668, 1788720662.5396307, 1788720663.3654118, 1788720664.235129, 1788720665.1283538, 1788720666.045682, 1788720666.7518754, 1788720667.3247585, 1788720667.9568372, 1788720668.621981, 1788720669.3193488, 1788720670.045341, 1788720670.8163528, 1788720671.6080954, 1788720672.1712797, 1788720672.7867212, 1788720673.4415326, 1788720674.1265237, 1788720674.8497844, 1788720675.602642, 1788720676.3880491, 1788720677.196534, 1788720677.8327649, 1788720678.414789, 1788720679.052542, 1788720679.7237751, 1788720680.424881, 1788720681.1562696, 1788720681.914821, 1788720682.5919302, 1788720683.1605632, 1788720683.7902613, 1788720684.4522147, 1788720685.1488676, 1788720685.8624842, 1788720686.6155806, 1788720687.3995981, 1788720688.025031, 1788720688.6263127, 1788720689.282445, 1788720689.9684331, 1788720690.6775918, 1788720691.4081612, 1788720691.989044, 1788720692.6294014, 1788720693.2951896, 1788720693.9913003, 1788720694.7100856, 1788720695.3086846, 1788720695.9046776, 1788720696.5453708, 1788720697.2227874, 1788720697.922466, 1788720698.6360517, 1788720699.2066236, 1788720699.8217483, 1788720700.4699295, 1788720701.1518605, 1788720701.8589077, 1788720702.5994332, 1788720703.374276, 1788720704.1892269, 1788720705.0300252, 1788720705.944127, 1788720706.4934442, 1788720707.1053934, 1788720707.7500234, 1788720708.4266906, 1788720709.0352275, 1788720709.6527941, 1788720710.3151455, 1788720711.0017056, 1788720711.7196102, 1788720712.4625506, 1788720713.2377198, 1788720714.0488906, 1788720714.6664176, 1788720715.2744806, 1788720715.9364097, 1788720716.628904, 1788720717.3480287, 1788720718.0971417, 1788720718.8767369, 1788720719.6918857, 1788720720.5299597, 1788720721.1607761, 1788720721.7439835, 1788720722.3832982, 1788720723.0609813, 1788720723.7751884, 1788720724.5193908, 1788720725.2978687, 1788720726.100373, 1788720726.9322793, 1788720727.7954903, 1788720727.9878864, 1788720727.999702, 1788720728.052894, 1788720728.1024919, 1788720728.150449, 1788720728.1973782, 1788720728.2461364, 1788720728.2942371, 1788720728.3446527, 1788720728.3889468, 1788720728.4366817, 1788720728.485758, 1788720728.5302844, 1788720728.5782354, 1788720728.6251955, 1788720728.6722696, 1788720728.7207325, 1788720728.7677035, 1788720728.8144364, 1788720728.8633854, 1788720728.9132955, 1788720728.9560711, 1788720729.002229, 1788720729.0478592, 1788720729.0954726, 1788720729.1391928, 1788720729.1849773, 1788720729.230312, 1788720729.2761838, 1788720729.3215225, 1788720729.3671765, 1788720729.4125938, 1788720729.458076, 1788720729.5038528, 1788720729.5491543, 1788720729.5947986, 1788720729.6404307, 1788720729.6859303, 1788720729.7315369, 1788720729.7768435, 1788720729.8224466, 1788720729.8701994, 1788720729.912372, 1788720729.9573283, 1788720730.0083733, 1788720730.046904, 1788720730.0922194, 1788720730.1388757, 1788720730.1817803, 1788720730.226215, 1788720730.2735934, 1788720730.3136148, 1788720730.3595495, 1788720730.4037502, 1788720730.4480028, 1788720730.4922945, 1788720730.5366728, 1788720730.582059, 1788720730.624849, 1788720730.6684628, 1788720730.712179, 1788720730.754192, 1788720730.7979958, 1788720730.8413627, 1788720730.8849623, 1788720730.9289176, 1788720730.9713757, 1788720731.0162954, 1788720731.0597827, 1788720731.103252, 1788720731.14736, 1788720731.1910949, 1788720731.234549, 1788720731.282934, 1788720731.3219419, 1788720731.3654535, 1788720731.4093254, 1788720731.4517117, 1788720731.496349, 1788720731.5400128, 1788720731.5836082, 1788720731.6273332, 1788720731.6726704, 1788720731.716106, 1788720731.7543135, 1788720731.7916439, 1788720731.8309045, 1788720731.869845, 1788720731.9101317, 1788720731.9475183, 1788720731.98591, 1788720732.0243292, 1788720732.0632823, 1788720732.1017008, 1788720732.140336, 1788720732.179024, 1788720732.2166352, 1788720732.256569, 1788720732.2951124, 1788720732.332636, 1788720732.3728092, 1788720732.4112217, 1788720732.4475822, 1788720732.4889152, 1788720732.52744, 1788720732.5659993, 1788720732.6047513, 1788720732.643262, 1788720732.68219, 1788720732.7208252, 1788720732.7591145, 1788720732.79819, 1788720732.836501, 1788720732.8773375, 1788720732.9116845, 1788720732.949785, 1788720732.989176]","[1, 1, 1, 1, 1, 1, 1, 1, 1, 1, 1, 1, 1, 1, 1, 1, 1, 1, 1, 1, 1, 1, 1, 1, 1, 1, 1, 1, 1, 1, 1, 1, 1, 1, 1, 1, 1, 1, 1, 1, 1, 1, 1, 1, 1, 1, 1, 1, 1, 1, 1, 1, 1, 1, 1, 1, 1, 1, 1, 1, 1, 1, 1, 1, 1, 1, 1, 1, 1, 1, 1, 1, 1, 1, 1, 1, 1, 1, 1, 1, 1, 1, 1, 1, 1, 1, 1, 1, 1, 1, 1, 1, 1, 1, 1, 1, 1, 1, 1, 1, 1, 1, 1, 1, 1, 1, 1, 1, 1, 1, 1, 1, 1, 1, 1, 1, 1, 1, 1, 1, 1, 1, 1, 1, 1, 1, 1, 1, 1, 1, 1, 1, 1, 1, 1, 1, 1, 1, 1, 1, 1, 1, 1, 1, 1, 1, 1, 1, 1, 1, 1, 1, 1, 1, 1, 1, 1, 1, 1, 1, 1, 1, 1, 1, 1, 1, 1, 1, 1, 1, 1, 1, 1, 1, 1, 1, 1, 1, 1, 1, 1, 1, 1, 1, 1, 1, 1, 1, 1, 1, 1, 1, 1, 1, 1, 1, 1, 1, 1, 1, 1, 1, 1, 1, 1, 1, 1, 1, 1, 1, 1, 1, 1, 1, 1, 1, 1, 1, 1, 1, 1, 1, 1, 1, 1, 1, 1, 1, 1, 1, 1, 1, 1, 1, 1, 1, 1, 1, 1, 1, 1, 1, 1, 1, 1, 1, 1, 1, 1, 1, 1, 1, 1, 1, 1, 1, 1, 1, 1, 1, 1, 1, 1, 1, 1, 1, 1, 1, 1, 1, 1, 1, 1, 1, 1, 1, 1, 1, 1, 1, 1, 1, 1, 1, 1, 1, 1]"
User-017,6,trace_0726,1788720725.3028505,streaming,21677,116,116,326,2,24.612223148345947,104.05657052993774,0.6908204120138417,6.0,0,True,,1788720621.2462068,1788720645.85843,1788720725.3027773,"[1788720645.85843, 1788720646.4205382, 1788720647.041498, 1788720647.6920824, 1788720648.3580139, 1788720648.9281983, 1788720649.5456128, 1788720650.1956582, 1788720650.8772128, 1788720651.5887868, 1788720652.3273263, 1788720652.9665632, 1788720653.5481226, 1788720654.1816664, 1788720654.8465781, 1788720655.5437534, 1788720656.2662604, 1788720657.019103, 1788720657.6771934, 1788720658.2541897, 1788720658.8868365, 1788720659.551223, 1788720660.24491, 1788720660.9688241, 1788720661.7365649, 1788720662.536163, 1788720663.362418, 1788720664.2316067, 1788720665.1250257, 1788720666.04219, 1788720666.7484453, 1788720667.3211884, 1788720667.9532993, 1788720668.619411, 1788720669.3159478, 1788720670.0437002, 1788720670.812873, 1788720671.6057446, 1788720672.1686509, 1788720672.783274, 1788720673.4376204, 1788720674.123603, 1788720674.8468149, 1788720675.5995865, 1788720676.384675, 1788720677.194017, 1788720677.8303187, 1788720678.412322, 1788720679.0500674, 1788720679.7212474, 1788720680.4224522, 1788720681.154532, 1788720681.912831, 1788720682.5907545, 1788720683.1585944, 1788720683.7883074, 1788720684.4502285, 1788720685.146836, 1788720685.8604918, 1788720686.6138806, 1788720687.3978486, 1788720688.0231032, 1788720688.624346, 1788720689.2803955, 1788720689.9664347, 1788720690.6760597, 1788720691.4062061, 1788720691.987049, 1788720692.6274035, 1788720693.2931478, 1788720693.9892387, 1788720694.7080922, 1788720695.3067482, 1788720695.9027026, 1788720696.5434117, 1788720697.2207778, 1788720697.9204736, 1788720698.6346288, 1788720699.2046275, 1788720699.8197553, 1788720700.467979, 1788720701.1498597, 1788720701.8568428, 1788720702.5974464, 1788720703.3723216, 1788720704.1872752, 1788720705.0280023, 1788720705.9426703, 1788720706.4914355, 1788720707.1034124, 1788720707.748053, 1788720708.4247344, 1788720709.033136, 1788720709.6508248, 1788720710.3131716, 1788720710.99974, 1788720711.7176187, 1788720712.460551, 1788720713.235775, 1788720714.0468342, 1788720714.66447, 1788720715.2725093, 1788720715.9344318, 1788720716.6269112, 1788720717.346324, 1788720718.0950842, 1788720718.8745818, 1788720719.6899173, 1788720720.527976, 1788720721.157921, 1788720721.7416847, 1788720722.3807907, 1788720723.058489, 1788720723.7727032, 1788720724.516918, 1788720725.295126]","[1, 1, 1, 1, 1, 1, 1, 1, 1, 1, 1, 1, 1, 1, 1, 1, 1, 1, 1, 1, 1, 1, 1, 1, 1, 1, 1, 1, 1, 1, 1, 1, 1, 1, 1, 1, 1, 1, 1, 1, 1, 1, 1, 1, 1, 1, 1, 1, 1, 1, 1, 1, 1, 1, 1, 1, 1, 1, 1, 1, 1, 1, 1, 1, 1, 1, 1, 1, 1, 1, 1, 1, 1, 1, 1, 1, 1, 1, 1, 1, 1, 1, 1, 1, 1, 1, 1, 1, 1, 1, 1, 1, 1, 1, 1, 1, 1, 1, 1, 1, 1, 1, 1, 1, 1, 1, 1, 1, 1, 1, 1, 1, 1, 1, 1, 1]"
User-018,0,trace_0378,1788720730.2764008,streaming,28209,973,972,0,440,23.122851371765137,623.7443528175354,0.6185597337237593,0.0,0,True,,1788720106.5319772,1788720129.6548285,1788720730.27633,"[1788720129.6548285, 1788720130.2115881, 1788720130.8365784, 1788720131.4925356, 1788720132.1829891, 1788720132.9013796, 1788720133.650708, 1788720134.4324026, 1788720135.2766218, 1788720135.8226576, 1788720136.4213789, 1788720137.0522082, 1788720137.7151542, 1788720138.4110818, 1788720139.1360927, 1788720139.8912852, 1788720140.5557716, 1788720141.1203997, 1788720141.739147, 1788720142.3908513, 1788720143.073677, 1788720143.7879097, 1788720144.5328472, 1788720145.308177, 1788720146.0034428, 1788720146.5669527, 1788720147.1814973, 1788720147.8269713, 1788720148.503093, 1788720149.2115889, 1788720149.9502952, 1788720150.719039, 1788720151.372227, 1788720151.9414144, 1788720152.5602386, 1788720153.2122447, 1788720153.8957276, 1788720154.6107929, 1788720155.3555057, 1788720156.1325588, 1788720156.9430356, 1788720157.7810726, 1788720158.3871908, 1788720158.9602606, 1788720159.589488, 1788720160.2505493, 1788720160.9397547, 1788720161.662261, 1788720162.4155846, 1788720163.2012675, 1788720164.0166917, 1788720164.6607552, 1788720165.228927, 1788720165.852494, 1788720166.5097928, 1788720167.198437, 1788720167.9158907, 1788720168.6675656, 1788720169.4297194, 1788720169.9824235, 1788720170.5911815, 1788720171.226909, 1788720171.8932178, 1788720172.592454, 1788720173.3196032, 1788720174.0058074, 1788720174.570609, 1788720175.1882987, 1788720175.8345048, 1788720176.5129623, 1788720177.2200997, 1788720177.9591722, 1788720178.727277, 1788720179.53371, 1788720180.0861297, 1788720180.6960132, 1788720181.3328962, 1788720182.000193, 1788720182.7017646, 1788720183.4313889, 1788720184.1906345, 1788720184.8614662, 1788720185.432247, 1788720186.0599818, 1788720186.7200584, 1788720187.4001033, 1788720188.1176045, 1788720188.8607993, 1788720189.6173341, 1788720190.1772866, 1788720190.7886014, 1788720191.429821, 1788720192.1019168, 1788720192.8058007, 1788720193.5382564, 1788720194.301463, 1788720195.097259, 1788720195.7529044, 1788720196.330823, 1788720196.9599705, 1788720197.6195018, 1788720198.3231556, 1788720199.0561166, 1788720199.81954, 1788720200.6180859, 1788720201.442315, 1788720202.2949548, 1788720203.1743999, 1788720204.0806513, 1788720204.8158078, 1788720205.378895, 1788720206.006245, 1788720206.6620376, 1788720207.3481631, 1788720208.0651171, 1788720208.8136292, 1788720209.5900998, 1788720210.4050548, 1788720211.2498786, 1788720212.1218634, 1788720212.9696856, 1788720213.5194898, 1788720214.1335618, 1788720214.782201, 1788720215.4553828, 1788720216.1642783, 1788720216.8997862, 1788720217.6682107, 1788720218.4698808, 1788720219.3071117, 1788720220.1859066, 1788720221.0854824, 1788720222.0139382, 1788720222.7259002, 1788720223.289134, 1788720223.9195192, 1788720224.579791, 1788720225.267618, 1788720225.9892702, 1788720226.738011, 1788720227.52137, 1788720228.3364596, 1788720229.1843023, 1788720230.0670996, 1788720230.980869, 1788720231.924282, 1788720232.5486894, 1788720233.1202288, 1788720233.762303, 1788720234.4284058, 1788720235.1279442, 1788720235.854541, 1788720236.6157415, 1788720237.4080415, 1788720238.2355661, 1788720238.8078249, 1788720239.44918, 1788720240.1101058, 1788720240.8038297, 1788720241.522271, 1788720242.2764096, 1788720243.0571036, 1788720243.8682916, 1788720244.7052004, 1788720245.5770094, 1788720246.2828295, 1788720246.8488533, 1788720247.4805183, 1788720248.1418974, 1788720248.8320034, 1788720249.5526938, 1788720250.300368, 1788720251.0873024, 1788720251.9039254, 1788720252.6507158, 1788720253.2152135, 1788720253.834654, 1788720254.4923375, 1788720255.1767478, 1788720255.8880727, 1788720256.6319857, 1788720257.409006, 1788720258.0411286, 1788720258.6236334, 1788720259.2577322, 1788720259.9247398, 1788720260.6206336, 1788720261.3446577, 1788720262.0992548, 1788720262.760719, 1788720263.3368156, 1788720263.9694643, 1788720264.6313772, 1788720265.3237805, 1788720266.043631, 1788720266.792158, 1788720267.5771964, 1788720268.397567, 1788720269.1747084, 1788720269.7340884, 1788720270.357668, 1788720271.0251663, 1788720271.727966, 1788720272.4532988, 1788720273.204037, 1788720273.7652318, 1788720274.3803132, 1788720275.0262473, 1788720275.7030528, 1788720276.4122968, 1788720277.1478322, 1788720277.9159842, 1788720278.7166917, 1788720279.3418765, 1788720279.9204452, 1788720280.560418, 1788720281.2322214, 1788720281.931652, 1788720282.6574655, 1788720283.4175515, 1788720284.2119493, 1788720285.0341687, 1788720285.8907573, 1788720286.783617, 1788720287.458802, 1788720288.0606523, 1788720288.7211995, 1788720289.4077513, 1788720290.1269784, 1788720290.8655472, 1788720291.64062, 1788720292.4422944, 1788720293.071052, 1788720293.677499, 1788720294.336113, 1788720295.0220609, 1788720295.7397764, 1788720296.4844794, 1788720297.2603555, 1788720297.9988256, 1788720298.5660384, 1788720299.1882367, 1788720299.842525, 1788720300.5273952, 1788720301.2390826, 1788720301.989142, 1788720302.6214237, 1788720303.2223537, 1788720303.8523257, 1788720304.5373254, 1788720305.2498324, 1788720305.988884, 1788720306.763234, 1788720307.56301, 1788720308.274837, 1788720308.8420398, 1788720309.4778452, 1788720310.1288137, 1788720310.818996, 1788720311.535394, 1788720312.2815473, 1788720313.0630555, 1788720313.8707643, 1788720314.4854476, 1788720315.0649319, 1788720315.7038696, 1788720316.3794975, 1788720317.0900688, 1788720317.8400855, 1788720318.6248436, 1788720319.428309, 1788720320.2666736, 1788720321.1272023, 1788720322.025002, 1788720322.943762, 1788720323.6655653, 1788720324.2249029, 1788720324.8572917, 1788720325.5233836, 1788720326.219071, 1788720326.941718, 1788720327.698774, 1788720328.486338, 1788720329.3102796, 1788720330.1728425, 1788720331.065629, 1788720331.9801183, 1788720332.7590718, 1788720333.31478, 1788720333.940859, 1788720334.6016304, 1788720335.2921958, 1788720336.011169, 1788720336.7015188, 1788720337.3024704, 1788720337.9504607, 1788720338.627318, 1788720339.3275611, 1788720340.0600536, 1788720340.8152974, 1788720341.6105976, 1788720342.4254954, 1788720343.270975, 1788720344.0335019, 1788720344.5997999, 1788720345.2225544, 1788720345.8777633, 1788720346.565426, 1788720347.2803547, 1788720348.026975, 1788720348.8039594, 1788720349.6221843, 1788720350.4802046, 1788720351.3621008, 1788720352.2710316, 1788720353.0117812, 1788720353.5770345, 1788720354.2060041, 1788720354.8688223, 1788720355.566051, 1788720356.2823462, 1788720357.0326993, 1788720357.8150527, 1788720358.5088143, 1788720359.083557, 1788720359.7098866, 1788720360.3712883, 1788720361.0612752, 1788720361.7792182, 1788720362.52999, 1788720363.314305, 1788720364.0486338, 1788720364.6154869, 1788720365.2421463, 1788720365.893499, 1788720366.6006007, 1788720367.2965622, 1788720368.038156, 1788720368.818243, 1788720369.6299965, 1788720370.4743023, 1788720371.3462045, 1788720372.251279, 1788720372.8965259, 1788720373.4689713, 1788720374.1098046, 1788720374.8017213, 1788720375.520031, 1788720376.103991, 1788720376.7442856, 1788720377.4125106, 1788720378.1047976, 1788720378.8257604, 1788720379.577178, 1788720380.204859, 1788720380.7645786, 1788720381.383415, 1788720382.0199754, 1788720382.6953728, 1788720383.4025347, 1788720384.1362104, 1788720384.8983455, 1788720385.6975756, 1788720386.5266438, 1788720387.3874006, 1788720388.2833598, 1788720389.2030497, 1788720389.5716105, 1788720389.5849738, 1788720389.6397223, 1788720389.689679, 1788720389.739027, 1788720389.7915883, 1788720389.8390665, 1788720389.8921165, 1788720389.9371643, 1788720389.9843934, 1788720390.0359993, 1788720390.084647, 1788720390.1358814, 1788720390.1836824, 1788720390.233542, 1788720390.279581, 1788720390.3276489, 1788720390.3764448, 1788720390.4255548, 1788720390.4742906, 1788720390.5245044, 1788720390.5700583, 1788720390.6190577, 1788720390.6689022, 1788720390.7168508, 1788720390.7639585, 1788720390.814461, 1788720390.8622258, 1788720390.9118047, 1788720390.9606934, 1788720391.007243, 1788720391.0587108, 1788720391.1034281, 1788720391.1513307, 1788720391.2001767, 1788720391.2479048, 1788720391.2951117, 1788720391.3450456, 1788720391.3923523, 1788720391.4423168, 1788720391.4872968, 1788720391.5367062, 1788720391.5834272, 1788720391.6317267, 1788720391.677128, 1788720391.7280817, 1788720391.7705336, 1788720391.8168802, 1788720391.8666608, 1788720391.9081573, 1788720391.9532456, 1788720392.0014708, 1788720392.0438437, 1788720392.0889876, 1788720392.1349816, 1788720392.1805584, 1788720392.225291, 1788720392.2710402, 1788720392.316352, 1788720392.3617957, 1788720392.4090993, 1788720392.4508257, 1788720392.498119, 1788720392.542897, 1788720392.588929, 1788720392.633909, 1788720392.6789513, 1788720392.724881, 1788720392.769875, 1788720392.8174188, 1788720392.861842, 1788720392.9069328, 1788720392.9513237, 1788720392.9975653, 1788720393.0663853, 1788720393.0898757, 1788720393.1408868, 1788720393.181317, 1788720393.224987, 1788720393.8059857, 1788720394.4166708, 1788720395.0602407, 1788720395.7351801, 1788720396.4373198, 1788720397.1690931, 1788720397.9360943, 1788720398.7325542, 1788720399.4888177, 1788720400.0669003, 1788720400.7057607, 1788720401.375856, 1788720402.0694695, 1788720402.791752, 1788720403.5438142, 1788720404.3219001, 1788720405.1344345, 1788720405.6924825, 1788720406.3064747, 1788720406.9509459, 1788720407.629486, 1788720408.3372965, 1788720408.989175, 1788720409.5657907, 1788720410.194203, 1788720410.8550622, 1788720411.541371, 1788720412.1515594, 1788720412.7338014, 1788720413.374102, 1788720414.0530684, 1788720414.7654433, 1788720415.5021946, 1788720416.2709675, 1788720417.0714755, 1788720417.708859, 1788720418.2890277, 1788720418.9257698, 1788720419.595788, 1788720420.2942593, 1788720421.0216975, 1788720421.7775807, 1788720422.4626222, 1788720423.0595217, 1788720423.7067182, 1788720424.3872907, 1788720425.0906765, 1788720425.8224015, 1788720426.5877469, 1788720427.3780868, 1788720428.2019308, 1788720429.0523124, 1788720429.6866431, 1788720430.2687345, 1788720430.9093747, 1788720431.5797968, 1788720432.283024, 1788720433.0323448, 1788720433.8031178, 1788720434.5288007, 1788720435.093551, 1788720435.7176502, 1788720436.3779888, 1788720437.0770411, 1788720437.8018768, 1788720438.5563543, 1788720439.3442614, 1788720440.1593165, 1788720441.0319664, 1788720441.5822058, 1788720442.1949418, 1788720442.8362598, 1788720443.5081658, 1788720444.212169, 1788720444.9437938, 1788720445.7079916, 1788720446.5074434, 1788720447.3375528, 1788720448.1986644, 1788720449.0902052, 1788720450.013147, 1788720450.7595668, 1788720451.3226736, 1788720451.9576056, 1788720452.6205575, 1788720453.3105927, 1788720454.0334754, 1788720454.5974271, 1788720455.2103791, 1788720455.8559067, 1788720456.5392253, 1788720457.243594, 1788720457.976131, 1788720458.7532332, 1788720459.544995, 1788720460.3768322, 1788720460.9326627, 1788720461.5521824, 1788720462.1968555, 1788720462.8755002, 1788720463.581209, 1788720464.3160913, 1788720465.0873122, 1788720465.8943753, 1788720466.7361872, 1788720467.6089146, 1788720468.5082772, 1788720469.275886, 1788720469.8364124, 1788720470.4644177, 1788720471.1264057, 1788720471.8236465, 1788720472.5556881, 1788720473.3112056, 1788720473.8756855, 1788720474.4900744, 1788720475.1385705, 1788720475.8156464, 1788720476.528797, 1788720477.2769883, 1788720478.0810866, 1788720478.6337326, 1788720479.249669, 1788720479.9147034, 1788720480.6029146, 1788720481.3125234, 1788720481.8807347, 1788720482.498713, 1788720483.1442616, 1788720483.8054981, 1788720484.3755617, 1788720484.993983, 1788720485.6449559, 1788720486.3278732, 1788720487.0405657, 1788720487.7945008, 1788720488.5887182, 1788720489.3997202, 1788720490.2442563, 1788720491.1663568, 1788720491.8208416, 1788720492.4563327, 1788720493.0739746, 1788720493.7598808, 1788720494.4736536, 1788720495.2103689, 1788720495.9773078, 1788720496.7835364, 1788720497.6120882, 1788720498.172456, 1788720498.7908027, 1788720499.436092, 1788720500.1108112, 1788720500.8159468, 1788720501.4712183, 1788720502.0478802, 1788720502.6743112, 1788720503.335205, 1788720504.0222423, 1788720504.7395587, 1788720505.4907386, 1788720506.2763228, 1788720507.0949936, 1788720507.944579, 1788720508.8347824, 1788720509.742931, 1788720510.5505655, 1788720511.1042302, 1788720511.7290998, 1788720512.3848546, 1788720513.0711524, 1788720513.7893102, 1788720514.5356858, 1788720515.2530608, 1788720515.8255854, 1788720516.465784, 1788720517.1377342, 1788720517.8407738, 1788720518.5745444, 1788720519.3275552, 1788720520.1210144, 1788720520.9404292, 1788720521.590949, 1788720522.186013, 1788720522.8393745, 1788720523.5213742, 1788720524.2260985, 1788720524.9603968, 1788720525.725763, 1788720526.5222716, 1788720527.350118, 1788720528.213606, 1788720529.1039965, 1788720530.0268416, 1788720530.911305, 1788720531.4593153, 1788720532.077562, 1788720532.7290199, 1788720533.4115305, 1788720534.119432, 1788720534.7714527, 1788720535.3504896, 1788720535.9792516, 1788720536.642642, 1788720537.3328145, 1788720538.052984, 1788720538.8017557, 1788720539.5878901, 1788720540.4046888, 1788720541.0373402, 1788720541.6368103, 1788720542.2897496, 1788720542.9719682, 1788720543.6805031, 1788720544.4176238, 1788720545.1787124, 1788720545.9765863, 1788720546.8033173, 1788720547.6573856, 1788720548.5476158, 1788720549.4724274, 1788720550.2825034, 1788720550.8479095, 1788720551.4956236, 1788720552.1668427, 1788720552.8720562, 1788720553.6023388, 1788720554.3646858, 1788720555.1585965, 1788720555.7639713, 1788720556.3480864, 1788720556.986529, 1788720557.660115, 1788720558.3707733, 1788720558.9603431, 1788720559.547101, 1788720560.1876383, 1788720560.8603673, 1788720561.5608852, 1788720562.2906737, 1788720563.0564814, 1788720563.8629887, 1788720564.7003598, 1788720565.5739555, 1788720566.463995, 1788720567.1308308, 1788720567.7057087, 1788720568.3476586, 1788720569.0356157, 1788720569.75271, 1788720570.4951322, 1788720571.289702, 1788720571.845226, 1788720572.4588637, 1788720573.1028712, 1788720573.7767513, 1788720574.4799447, 1788720575.2121756, 1788720575.9781113, 1788720576.7844, 1788720577.406136, 1788720577.990955, 1788720578.628897, 1788720579.302787, 1788720579.8947952, 1788720580.481018, 1788720581.1208322, 1788720581.7920094, 1788720582.4914172, 1788720583.2186763, 1788720583.9837883, 1788720584.7797418, 1788720585.6063817, 1788720586.46684, 1788720587.3533306, 1788720588.2323472, 1788720588.790069, 1788720589.4059384, 1788720590.0577393, 1788720590.7329712, 1788720591.411299, 1788720591.9842043, 1788720592.625311, 1788720593.2957292, 1788720593.9974618, 1788720594.7237368, 1788720595.4798017, 1788720596.2703881, 1788720597.0879798, 1788720597.9315622, 1788720598.6694365, 1788720599.2339385, 1788720599.8652139, 1788720600.5406687, 1788720601.2506478, 1788720601.979621, 1788720602.6424036, 1788720603.244183, 1788720603.901377, 1788720604.5826871, 1788720605.2928689, 1788720606.0315328, 1788720606.799603, 1788720607.5987108, 1788720608.4295456, 1788720609.2829823, 1788720609.917962, 1788720610.4972708, 1788720611.1371837, 1788720611.8073807, 1788720612.5071714, 1788720613.2209249, 1788720613.7860656, 1788720614.402378, 1788720615.052085, 1788720615.733775, 1788720616.4450517, 1788720617.186214, 1788720617.9702117, 1788720618.5933895, 1788720619.1817088, 1788720619.8424673, 1788720620.5318768, 1788720621.256144, 1788720621.9923766, 1788720622.7630825, 1788720623.519024, 1788720624.1126423, 1788720624.7570007, 1788720625.3643756, 1788720625.9900568, 1788720626.6528246, 1788720627.3410084, 1788720628.0582774, 1788720628.8320189, 1788720629.5823088, 1788720630.3937936, 1788720631.238726, 1788720632.1101863, 1788720633.0055437, 1788720633.9217243, 1788720634.7354906, 1788720635.29413, 1788720635.9218493, 1788720636.5939593, 1788720637.2996237, 1788720638.0342503, 1788720638.7947562, 1788720639.5863419, 1788720640.1480439, 1788720640.7599242, 1788720641.405686, 1788720642.081302, 1788720642.7870321, 1788720643.5202942, 1788720644.288059, 1788720645.0864296, 1788720645.8630319, 1788720646.4245064, 1788720647.0460806, 1788720647.6965246, 1788720648.3625028, 1788720648.9326818, 1788720649.5501018, 1788720650.1999753, 1788720650.8812299, 1788720651.5931816, 1788720652.3318722, 1788720652.9709194, 1788720653.5515182, 1788720654.1861136, 1788720654.8509848, 1788720655.5481012, 1788720656.2691867, 1788720657.023485, 1788720657.6806304, 1788720658.258959, 1788720658.8913212, 1788720659.5557153, 1788720660.2493496, 1788720660.973212, 1788720661.740543, 1788720662.5402558, 1788720663.3661585, 1788720664.2361271, 1788720665.1289654, 1788720666.046665, 1788720666.752843, 1788720667.3257735, 1788720667.9578514, 1788720668.6227174, 1788720669.3203447, 1788720670.0457869, 1788720670.8173332, 1788720671.6085527, 1788720672.1720088, 1788720672.7874084, 1788720673.442541, 1788720674.1275105, 1788720674.8507984, 1788720675.6034017, 1788720676.3890603, 1788720677.1975186, 1788720677.8337548, 1788720678.4157708, 1788720679.0535183, 1788720679.72479, 1788720680.4258413, 1788720681.1567469, 1788720681.9155145, 1788720682.5923858, 1788720683.1615322, 1788720683.7912405, 1788720684.4532006, 1788720685.1498804, 1788720685.8635054, 1788720686.6160488, 1788720687.4003406, 1788720688.0260055, 1788720688.627378, 1788720689.2834618, 1788720689.9694402, 1788720690.678551, 1788720691.4086437, 1788720691.9895566, 1788720692.629905, 1788720693.2956922, 1788720693.9916043, 1788720694.7105696, 1788720695.3091652, 1788720695.9051886, 1788720696.545862, 1788720697.2232904, 1788720697.9229689, 1788720698.6362908, 1788720699.2071571, 1788720699.8222494, 1788720700.47042, 1788720701.1523519, 1788720702.5999315, 1788720703.3747976, 1788720704.1897192, 1788720705.0305302, 1788720705.9447467, 1788720706.4944422, 1788720707.1063802, 1788720707.7510262, 1788720708.427712, 1788720709.0358913, 1788720709.6537745, 1788720710.3161147, 1788720711.0026832, 1788720711.7205956, 1788720712.4635608, 1788720713.2387269, 1788720714.049905, 1788720714.6674068, 1788720715.2754834, 1788720715.9373918, 1788720716.6299026, 1788720717.348474, 1788720718.0981374, 1788720718.8779542, 1788720719.69286, 1788720720.5309823, 1788720721.16174, 1788720721.744418, 1788720722.3843107, 1788720723.0619771, 1788720723.7761817, 1788720724.5203714, 1788720725.2988667, 1788720726.1013706, 1788720726.933273, 1788720727.7964957, 1788720727.9888701, 1788720728.0001419, 1788720728.0539374, 1788720728.1034946, 1788720728.151464, 1788720728.1981056, 1788720728.247392, 1788720728.29533, 1788720728.3456268, 1788720728.3899572, 1788720728.4377048, 1788720728.4867778, 1788720728.5312917, 1788720728.5792563, 1788720728.6261764, 1788720728.6732488, 1788720728.7217126, 1788720728.7686718, 1788720728.8154447, 1788720728.8643696, 1788720728.9142795, 1788720728.9565105, 1788720729.003245, 1788720729.0488436, 1788720729.096177, 1788720729.1401777, 1788720729.185951, 1788720729.2313476, 1788720729.2771628, 1788720729.3225017, 1788720729.3680568, 1788720729.4135697, 1788720729.4590704, 1788720729.5048199, 1788720729.5501337, 1788720729.5958035, 1788720729.6414325, 1788720729.6869197, 1788720729.732517, 1788720729.7778487, 1788720729.8234527, 1788720729.8709414, 1788720729.913366, 1788720729.9583058, 1788720730.0088532, 1788720730.047653, 1788720730.0932035, 1788720730.1398518, 1788720730.1827757, 1788720730.2272277, 1788720730.2743359]","[1, 1, 1, 1, 1, 1, 1, 1, 1, 1, 1, 1, 1, 1, 1, 1, 1, 1, 1, 1, 1, 1, 1, 1, 1, 1, 1, 1, 1, 1, 1, 1, 1, 1, 1, 1, 1, 1, 1, 1, 1, 1, 1, 1, 1, 1, 1, 1, 1, 1, 1, 1, 1, 1, 1, 1, 1, 1, 1, 1, 1, 1, 1, 1, 1, 1, 1, 1, 1, 1, 1, 1, 1, 1, 1, 1, 1, 1, 1, 1, 1, 1, 1, 1, 1, 1, 1, 1, 1, 1, 1, 1, 1, 1, 1, 1, 1, 1, 1, 1, 1, 1, 1, 1, 1, 1, 1, 1, 1, 1, 1, 1, 1, 1, 1, 1, 1, 1, 1, 1, 1, 1, 1, 1, 1, 1, 1, 1, 1, 1, 1, 1, 1, 1, 1, 1, 1, 1, 1, 1, 1, 1, 1, 1, 1, 1, 1, 1, 1, 1, 1, 1, 1, 1, 1, 1, 1, 1, 1, 1, 1, 1, 1, 1, 1, 1, 1, 1, 1, 1, 1, 1, 1, 1, 1, 1, 1, 1, 1, 1, 1, 1, 1, 1, 1, 1, 1, 1, 1, 1, 1, 1, 1, 1, 1, 1, 1, 1, 1, 1, 1, 1, 1, 1, 1, 1, 1, 1, 1, 1, 1, 1, 1, 1, 1, 1, 1, 1, 1, 1, 1, 1, 1, 1, 1, 1, 1, 1, 1, 1, 1, 1, 1, 1, 1, 1, 1, 1, 1, 1, 1, 1, 1, 1, 1, 1, 1, 1, 1, 1, 1, 1, 1, 1, 1, 1, 1, 1, 1, 1, 1, 1, 1, 1, 1, 1, 1, 1, 1, 1, 1, 1, 1, 1, 1, 1, 1, 1, 1, 1, 1, 1, 1, 1, 1, 1, 1, 1, 1, 1, 1, 1, 1, 1, 1, 1, 1, 1, 1, 1, 1, 1, 1, 1, 1, 1, 1, 1, 1, 1, 1, 1, 1, 1, 1, 1, 1, 1, 1, 1, 1, 1, 1, 1, 1, 1, 1, 1, 1, 1, 1, 1, 1, 1, 1, 1, 1, 1, 1, 1, 1, 1, 1, 1, 1, 1, 1, 1, 1, 1, 1, 1, 1, 1, 1, 1, 1, 1, 1, 1, 1, 1, 1, 1, 1, 1, 1, 1, 1, 1, 1, 1, 1, 1, 1, 1, 1, 1, 1, 1, 1, 1, 1, 1, 1, 1, 1, 1, 1, 1, 1, 1, 1, 1, 1, 1, 1, 1, 1, 1, 1, 1, 1, 1, 1, 1, 1, 1, 1, 1, 1, 1, 1, 1, 1, 1, 1, 1, 1, 1, 1, 1, 1, 1, 1, 1, 1, 1, 1, 1, 1, 1, 1, 1, 1, 1, 1, 1, 1, 1, 1, 1, 1, 1, 1, 1, 1, 1, 1, 1, 1, 1, 1, 1, 1, 1, 1, 1, 1, 1, 1, 1, 1, 1, 1, 1, 1, 1, 1, 1, 1, 1, 1, 1, 1, 1, 1, 1, 1, 1, 1, 1, 1, 1, 1, 1, 1, 1, 1, 1, 1, 1, 1, 1, 1, 1, 1, 1, 1, 1, 1, 1, 1, 1, 1, 1, 1, 1, 1, 1, 1, 1, 1, 1, 1, 1, 1, 1, 1, 1, 1, 1, 1, 1, 1, 1, 1, 1, 1, 1, 1, 1, 1, 1, 1, 1, 1, 1, 1, 1, 1, 1, 1, 1, 1, 1, 1, 1, 1, 1, 1, 1, 1, 1, 1, 1, 1, 1, 1, 1, 1, 1, 1, 1, 1, 1, 1, 1, 1, 1, 1, 1, 1, 1, 1, 1, 1, 1, 1, 1, 1, 1, 1, 1, 1, 1, 1, 1, 1, 1, 1, 1, 1, 1, 1, 1, 1, 1, 1, 1, 1, 1, 1, 1, 1, 1, 1, 1, 1, 1, 1, 1, 1, 1, 1, 1, 1, 1, 1, 1, 1, 1, 1, 1, 1, 1, 1, 1, 1, 1, 1, 1, 1, 1, 1, 1, 1, 1, 1, 1, 1, 1, 1, 1, 1, 1, 1, 1, 1, 1, 1, 1, 1, 1, 1, 1, 1, 1, 1, 1, 1, 1, 1, 1, 1, 1, 1, 1, 1, 1, 1, 1, 1, 1, 1, 1, 1, 1, 1, 1, 1, 1, 1, 1, 1, 1, 1, 1, 1, 1, 1, 1, 1, 1, 1, 1, 1, 1, 1, 1, 1, 1, 1, 1, 1, 1, 1, 1, 1, 1, 1, 1, 1, 1, 1, 1, 1, 1, 1, 1, 1, 1, 1, 1, 1, 1, 1, 1, 1, 1, 1, 1, 1, 1, 1, 1, 1, 1, 1, 1, 1, 1, 1, 1, 1, 1, 1, 1, 1, 1, 1, 1, 1, 1, 1, 1, 1, 1, 1, 1, 1, 1, 1, 1, 1, 1, 1, 1, 1, 1, 1, 1, 1, 1, 1, 1, 1, 1, 1, 1, 1, 1, 1, 1, 1, 1, 1, 1, 1, 1, 1, 1, 1, 1, 1, 1, 1, 1, 1, 1, 1, 1, 1, 1, 1, 1, 1, 1, 1, 1, 1, 1, 1, 1, 1, 1, 1, 1, 1, 1, 1, 1, 1, 1, 1, 1, 1, 1, 1, 1, 1, 1, 1, 1, 1, 1, 1, 1, 1, 1, 1, 1, 1, 1, 1, 1, 1, 1, 1, 1, 1, 1, 1, 1, 1, 1, 1, 1, 1, 1, 1, 1, 1, 1, 1, 1, 1, 1, 1, 1, 1, 1, 1, 1, 1, 1, 1, 1, 1, 1, 1, 1, 1, 1, 1, 1, 1, 1, 1, 1, 1, 1, 1, 1, 1, 1, 1, 1, 1, 1, 1, 1, 1, 1, 1, 1, 1, 1, 1, 1, 1, 1, 1, 1, 1, 1, 1, 1, 1, 1, 1, 1, 1, 1, 1, 1, 1, 1, 1, 1, 1, 1, 1, 1, 1, 1, 1, 1, 1, 1, 1, 1, 1, 1, 1, 1, 1, 1, 1, 1, 1, 1, 1, 1, 1, 1, 1, 1, 1, 1, 1, 1, 1, 1, 1, 1, 1, 1, 1, 1, 1, 1]"
User-040,0,trace_0278,1788720740.041002,streaming,19520,1035,1022,0,304,181.11291098594666,628.0798041820526,0.4377736466171459,0.0,0,True,,1788720111.9609644,1788720293.0738754,1788720740.0407686,"[1788720293.0738754, 1788720293.6793904, 1788720294.3379812, 1788720295.0239623, 1788720295.7422116, 1788720296.4863327, 1788720297.2623787, 1788720298.0012977, 1788720298.5678906, 1788720299.1901271, 1788720299.844386, 1788720300.5292501, 1788720301.2409673, 1788720301.991655, 1788720302.6238382, 1788720303.2235575, 1788720303.8534956, 1788720304.5398858, 1788720305.252359, 1788720305.9913952, 1788720306.766479, 1788720307.5655546, 1788720308.2773392, 1788720308.8445692, 1788720309.4804041, 1788720310.131343, 1788720310.821482, 1788720311.5380142, 1788720312.2840116, 1788720313.0655746, 1788720313.8727427, 1788720314.4873908, 1788720315.067355, 1788720315.7057192, 1788720316.3814335, 1788720317.0922496, 1788720317.841933, 1788720318.6260748, 1788720319.430699, 1788720320.2698915, 1788720321.1290605, 1788720322.0274332, 1788720322.9455929, 1788720323.669163, 1788720324.2275376, 1788720324.8596416, 1788720325.5264158, 1788720326.2220652, 1788720326.9447472, 1788720327.701934, 1788720328.488146, 1788720329.312215, 1788720330.175187, 1788720331.0679414, 1788720331.983173, 1788720332.7621596, 1788720333.317842, 1788720333.94355, 1788720334.6048167, 1788720335.2951858, 1788720336.0125926, 1788720336.7045345, 1788720337.3054821, 1788720337.9534621, 1788720338.6287372, 1788720339.3307598, 1788720340.0631373, 1788720340.8166595, 1788720341.613669, 1788720342.4285333, 1788720343.273941, 1788720344.03652, 1788720344.6012065, 1788720345.2255714, 1788720345.8800159, 1788720346.5676823, 1788720347.2833283, 1788720348.0286093, 1788720348.8054085, 1788720349.6248438, 1788720350.4832218, 1788720351.3643427, 1788720352.273965, 1788720353.0132105, 1788720353.5784023, 1788720354.2089145, 1788720354.871088, 1788720355.5685594, 1788720356.28525, 1788720357.0357356, 1788720357.8180273, 1788720358.510204, 1788720359.0865784, 1788720359.7121243, 1788720360.3735843, 1788720361.0642502, 1788720361.7815235, 1788720362.5329013, 1788720363.3166037, 1788720364.0500076, 1788720364.6177459, 1788720365.243582, 1788720365.8960528, 1788720366.6019254, 1788720367.2996154, 1788720368.0404737, 1788720368.8212116, 1788720369.632993, 1788720370.4764543, 1788720371.348472, 1788720372.2528753, 1788720372.8996255, 1788720373.470274, 1788720374.1123934, 1788720374.8041341, 1788720375.5220659, 1788720376.1048782, 1788720376.7452319, 1788720377.4145403, 1788720378.1068094, 1788720378.827771, 1788720379.5780861, 1788720380.2057378, 1788720380.766573, 1788720381.3854592, 1788720382.0219898, 1788720382.6965716, 1788720383.4080465, 1788720384.1381996, 1788720384.8998325, 1788720385.6995664, 1788720386.5286748, 1788720387.3883111, 1788720388.28427, 1788720389.2050254, 1788720389.57289, 1788720389.586869, 1788720389.64225, 1788720389.6915705, 1788720389.7402215, 1788720389.792727, 1788720389.8401647, 1788720389.8933403, 1788720389.939112, 1788720389.9853113, 1788720390.0379713, 1788720390.086645, 1788720390.137001, 1788720390.1851807, 1788720390.2353024, 1788720390.2804568, 1788720390.3285208, 1788720390.378416, 1788720390.4270968, 1788720390.4756598, 1788720390.5256557, 1788720390.5715516, 1788720390.6210692, 1788720390.6709206, 1788720390.7189372, 1788720390.766203, 1788720390.8164449, 1788720390.8636296, 1788720390.9132898, 1788720390.9628096, 1788720391.0081558, 1788720391.0602584, 1788720391.104335, 1788720391.1533506, 1788720391.2023723, 1788720391.2499099, 1788720391.297301, 1788720391.347058, 1788720391.3943102, 1788720391.4437425, 1788720391.4881952, 1788720391.5386672, 1788720391.5854325, 1788720391.6339254, 1788720391.6791852, 1788720391.730092, 1788720391.771778, 1788720391.8190265, 1788720391.8679147, 1788720391.9096863, 1788720391.9547582, 1788720392.0032713, 1788720392.0453606, 1788720392.0905976, 1788720392.1366282, 1788720392.182091, 1788720392.2269232, 1788720392.2725475, 1788720392.3179529, 1788720392.3633397, 1788720392.4106178, 1788720392.4521024, 1788720392.4998288, 1788720392.5443587, 1788720392.5905275, 1788720392.635449, 1788720392.680432, 1788720392.7265863, 1788720392.771518, 1788720392.819086, 1788720392.8633416, 1788720392.9086292, 1788720392.9524379, 1788720392.9986856, 1788720393.067134, 1788720393.0910363, 1788720393.1423526, 1788720393.1830602, 1788720393.2265155, 1788720393.8073006, 1788720394.4181669, 1788720395.0617082, 1788720395.735923, 1788720396.4389, 1788720397.1705964, 1788720397.9376338, 1788720398.733676, 1788720399.4904413, 1788720400.0684009, 1788720400.7072697, 1788720401.377362, 1788720402.070664, 1788720402.793247, 1788720403.544533, 1788720404.323023, 1788720405.1358738, 1788720405.6940353, 1788720406.3079967, 1788720406.9518118, 1788720407.6309996, 1788720408.338891, 1788720408.9907556, 1788720409.567344, 1788720410.1954076, 1788720410.856499, 1788720411.5428839, 1788720412.152742, 1788720412.7349217, 1788720413.3754618, 1788720414.0542011, 1788720414.7669399, 1788720415.503559, 1788720416.2719018, 1788720417.072227, 1788720417.710036, 1788720418.2901769, 1788720418.9272795, 1788720419.596552, 1788720420.2957683, 1788720421.0228903, 1788720421.7787702, 1788720422.4638877, 1788720423.0601928, 1788720423.70785, 1788720424.3887072, 1788720425.091621, 1788720425.8231878, 1788720426.5882118, 1788720427.3788748, 1788720428.2030392, 1788720429.0531154, 1788720429.687653, 1788720430.2697194, 1788720430.9101694, 1788720431.58055, 1788720432.2840297, 1788720433.0328517, 1788720433.8038692, 1788720434.5298138, 1788720435.0945609, 1788720435.718636, 1788720436.3790085, 1788720437.078073, 1788720437.8032603, 1788720438.556853, 1788720439.3447697, 1788720440.159839, 1788720441.0322106, 1788720441.5826955, 1788720442.195471, 1788720442.836494, 1788720443.5085328, 1788720444.2125406, 1788720444.944055, 1788720445.7085056, 1788720446.5079489, 1788720447.3380692, 1788720448.199065, 1788720449.0905886, 1788720450.0133805, 1788720450.7600682, 1788720451.3230643, 1788720451.9578426, 1788720452.6210437, 1788720453.3109736, 1788720454.0338607, 1788720454.5979137, 1788720455.2109103, 1788720455.8564043, 1788720456.5394688, 1788720457.2440999, 1788720457.976508, 1788720458.7536, 1788720459.5453618, 1788720460.3773189, 1788720460.933032, 1788720461.5525575, 1788720462.1973562, 1788720462.875988, 1788720463.5816975, 1788720464.3163166, 1788720465.0875392, 1788720465.894994, 1788720466.7367034, 1788720467.6092858, 1788720468.5086534, 1788720469.2761567, 1788720469.836781, 1788720470.4646387, 1788720471.8238828, 1788720472.5559232, 1788720473.3115866, 1788720473.8759534, 1788720474.4905822, 1788720475.1391392, 1788720475.815863, 1788720476.529314, 1788720477.2774818, 1788720478.0824113, 1788720478.6344762, 1788720479.2506633, 1788720479.9155207, 1788720480.6036067, 1788720481.3134835, 1788720481.8817363, 1788720482.4997013, 1788720483.1450005, 1788720483.8065054, 1788720484.3759966, 1788720484.9949744, 1788720485.6459374, 1788720486.3283112, 1788720487.795479, 1788720490.2450082, 1788720492.4568222, 1788720493.7608647, 1788720494.4746363, 1788720495.9783082, 1788720496.7840333, 1788720497.6128643, 1788720498.173435, 1788720498.7917845, 1788720499.4370937, 1788720500.111748, 1788720500.8167286, 1788720501.4719145, 1788720502.0483663, 1788720502.6753364, 1788720503.3361976, 1788720504.0232832, 1788720504.7403374, 1788720505.4917433, 1788720506.2773168, 1788720507.0959876, 1788720507.9455638, 1788720508.835798, 1788720509.7438495, 1788720510.5516002, 1788720511.1052127, 1788720511.7301292, 1788720512.3858469, 1788720513.0721283, 1788720513.7902918, 1788720514.5366814, 1788720515.2541316, 1788720515.8265958, 1788720516.466802, 1788720517.1387167, 1788720517.8417668, 1788720518.5755517, 1788720519.328539, 1788720520.121973, 1788720520.9414246, 1788720521.5919492, 1788720522.187014, 1788720522.84035, 1788720523.5223532, 1788720524.2270873, 1788720524.9613836, 1788720525.7267518, 1788720526.5233085, 1788720527.351252, 1788720528.2146277, 1788720529.1047435, 1788720530.0274105, 1788720530.9117749, 1788720531.4603274, 1788720532.0785303, 1788720532.730041, 1788720533.4125557, 1788720534.1204274, 1788720534.7724593, 1788720535.3514848, 1788720535.9802306, 1788720536.643399, 1788720537.3338118, 1788720538.0534818, 1788720538.8027658, 1788720539.5889034, 1788720540.4056742, 1788720541.0383081, 1788720541.6377807, 1788720542.2907827, 1788720542.9729936, 1788720543.6814988, 1788720544.4186187, 1788720545.179714, 1788720545.9776034, 1788720546.8037531, 1788720547.6583424, 1788720548.5480566, 1788720549.4733918, 1788720550.283488, 1788720550.8489008, 1788720551.496786, 1788720552.1675851, 1788720552.8730798, 1788720553.6033254, 1788720554.3656495, 1788720555.159629, 1788720555.7644906, 1788720556.3491092, 1788720556.9875066, 1788720557.6610882, 1788720558.3717642, 1788720558.9612968, 1788720559.5480852, 1788720560.1880774, 1788720560.8613524, 1788720561.5618706, 1788720562.291701, 1788720563.0575056, 1788720563.8640108, 1788720564.7013476, 1788720565.5751176, 1788720566.4650042, 1788720567.1318305, 1788720567.7066872, 1788720568.348653, 1788720569.0365791, 1788720569.7536888, 1788720570.4961157, 1788720571.2906728, 1788720571.8462036, 1788720572.4596622, 1788720573.1038518, 1788720573.77775, 1788720574.4809198, 1788720575.2129674, 1788720575.9791017, 1788720576.7853653, 1788720577.406894, 1788720577.9918556, 1788720578.6298845, 1788720579.3035402, 1788720579.8957584, 1788720580.4820127, 1788720581.121815, 1788720581.7930052, 1788720582.4924152, 1788720583.2196999, 1788720583.9847767, 1788720584.7807229, 1788720585.607579, 1788720586.4676166, 1788720587.3543422, 1788720588.233328, 1788720588.791055, 1788720589.406937, 1788720590.0587695, 1788720590.7339745, 1788720591.4120936, 1788720591.9846597, 1788720592.6263063, 1788720593.29633, 1788720593.998455, 1788720594.7247322, 1788720595.4802513, 1788720596.2714133, 1788720597.0890088, 1788720597.9323115, 1788720598.6712303, 1788720599.235081, 1788720599.8666842, 1788720600.5413907, 1788720601.2521813, 1788720601.9810941, 1788720602.6439245, 1788720603.245674, 1788720603.9028661, 1788720604.583614, 1788720605.2943573, 1788720606.0330377, 1788720606.801075, 1788720607.5996735, 1788720608.4311173, 1788720609.2837732, 1788720609.9194407, 1788720610.4987204, 1788720611.1387591, 1788720611.8088915, 1788720612.5086522, 1788720613.2223566, 1788720613.7875395, 1788720614.403586, 1788720615.0535703, 1788720615.7349296, 1788720616.4465852, 1788720617.1875072, 1788720617.971721, 1788720618.594898, 1788720619.183201, 1788720619.8436625, 1788720620.5333688, 1788720621.25689, 1788720621.99388, 1788720622.764556, 1788720623.519979, 1788720624.1136427, 1788720624.7580235, 1788720625.3653803, 1788720625.9910328, 1788720626.6538067, 1788720627.3419845, 1788720628.0592666, 1788720628.832497, 1788720629.5833278, 1788720630.394829, 1788720631.2396472, 1788720632.1111863, 1788720633.0066557, 1788720633.9227257, 1788720634.736459, 1788720635.2951267, 1788720635.922822, 1788720636.5949543, 1788720637.3000677, 1788720638.0350082, 1788720638.7957256, 1788720639.5873473, 1788720640.1490128, 1788720640.7603636, 1788720641.406657, 1788720642.082046, 1788720642.78802, 1788720643.5212717, 1788720644.2884977, 1788720645.087448, 1788720645.864134, 1788720646.425002, 1788720647.0470736, 1788720647.6974993, 1788720648.3634908, 1788720648.9336643, 1788720649.551095, 1788720650.200421, 1788720650.8819792, 1788720651.5941558, 1788720652.3328583, 1788720652.9718678, 1788720653.5522702, 1788720654.1871147, 1788720654.8519583, 1788720655.5485396, 1788720656.269625, 1788720657.0244646, 1788720657.6813848, 1788720658.2599168, 1788720658.892117, 1788720659.556697, 1788720660.250334, 1788720660.9744895, 1788720661.7407768, 1788720662.5404747, 1788720663.3665276, 1788720664.2366192, 1788720665.1291862, 1788720666.0471733, 1788720666.7533264, 1788720667.3263032, 1788720667.9583528, 1788720668.623096, 1788720669.3208334, 1788720670.0460098, 1788720670.8178225, 1788720671.608783, 1788720672.172383, 1788720672.7876253, 1788720673.4430773, 1788720674.127993, 1788720674.851224, 1788720675.603631, 1788720676.3895612, 1788720677.198002, 1788720677.8342319, 1788720678.4162548, 1788720679.0540106, 1788720679.7252967, 1788720680.426324, 1788720681.1569858, 1788720681.9157374, 1788720682.5926173, 1788720683.1620169, 1788720683.7917304, 1788720684.4537008, 1788720685.1503835, 1788720685.8640115, 1788720686.6162698, 1788720687.400711, 1788720688.027322, 1788720688.628371, 1788720689.2839181, 1788720689.9704318, 1788720690.6793213, 1788720691.4096153, 1788720691.9905581, 1788720692.6309392, 1788720693.2967029, 1788720693.9920745, 1788720694.7115626, 1788720695.3109298, 1788720695.9066803, 1788720696.5473738, 1788720697.2240689, 1788720697.9244297, 1788720698.6370008, 1788720699.2080543, 1788720699.823754, 1788720700.4718883, 1788720701.1538205, 1788720701.8601174, 1788720702.6014142, 1788720703.376269, 1788720704.1912048, 1788720705.0320344, 1788720705.945447, 1788720706.495993, 1788720707.1078935, 1788720707.7525132, 1788720708.4291987, 1788720709.0365558, 1788720709.6553051, 1788720710.317626, 1788720711.0039082, 1788720711.7221224, 1788720712.465049, 1788720713.2402053, 1788720714.051507, 1788720714.6688862, 1788720715.2769558, 1788720715.9388862, 1788720716.6314385, 1788720717.349141, 1788720718.099669, 1788720718.879453, 1788720719.694327, 1788720720.5324733, 1788720721.1631944, 1788720721.7450778, 1788720722.385808, 1788720723.0634856, 1788720723.7776592, 1788720724.521847, 1788720725.300347, 1788720726.102894, 1788720726.9348066, 1788720727.7980082, 1788720727.9903352, 1788720728.0008035, 1788720728.0554333, 1788720728.1049566, 1788720728.1526775, 1788720728.1992126, 1788720728.2489522, 1788720728.2969458, 1788720728.3471186, 1788720728.3925972, 1788720728.4392273, 1788720728.488093, 1788720728.5327644, 1788720728.580737, 1788720728.6276715, 1788720728.6747208, 1788720728.7232141, 1788720728.7701426, 1788720728.8166704, 1788720728.8658483, 1788720728.9158041, 1788720728.957162, 1788720729.0042973, 1788720729.050315, 1788720729.096827, 1788720729.141648, 1788720729.1874413, 1788720729.2323399, 1788720729.278633, 1788720729.3239837, 1788720729.368709, 1788720729.4150484, 1788720729.4605296, 1788720729.5062816, 1788720729.5516064, 1788720729.5972538, 1788720729.6429174, 1788720729.6883838, 1788720729.7339835, 1788720729.779339, 1788720729.8243892, 1788720729.8720376, 1788720729.914846, 1788720729.9597764, 1788720730.0095468, 1788720730.0487628, 1788720730.0946758, 1788720730.1413076, 1788720730.18418, 1788720730.2286901, 1788720730.2756743, 1788720730.3150902, 1788720730.361535, 1788720730.4057016, 1788720730.4499474, 1788720730.4942474, 1788720730.5386162, 1788720730.5843298, 1788720730.6263156, 1788720730.6699347, 1788720730.7132921, 1788720730.7505112, 1788720730.7943017, 1788720730.8377247, 1788720730.8812842, 1788720730.9252765, 1788720730.9685686, 1788720731.0126069, 1788720731.0561473, 1788720731.0996351, 1788720731.14371, 1788720731.1873965, 1788720731.2309291, 1788720731.2792258, 1788720731.318286, 1788720731.3617613, 1788720731.4055831, 1788720731.4489198, 1788720731.492719, 1788720731.5363777, 1788720731.5799978, 1788720731.6236837, 1788720731.6686864, 1788720731.7124598, 1788720731.7516527, 1788720731.7889555, 1788720731.828296, 1788720731.8672276, 1788720731.9074857, 1788720731.9448664, 1788720731.9833212, 1788720732.021798, 1788720732.060647, 1788720732.099089, 1788720732.137824, 1788720732.176415, 1788720732.2145844, 1788720732.2539241, 1788720732.2925014, 1788720732.3306408, 1788720732.3701677, 1788720732.4085593, 1788720732.4464161, 1788720732.48631, 1788720732.524803, 1788720732.563398, 1788720732.6021476, 1788720732.6406426, 1788720732.6795764, 1788720732.7181976, 1788720732.7564714, 1788720732.79556, 1788720732.834037, 1788720732.87418, 1788720732.910034, 1788720732.9476814, 1788720732.9875715, 1788720733.0220792, 1788720733.059232, 1788720733.096608, 1788720733.133614, 1788720733.1705728, 1788720733.207941, 1788720733.2448936, 1788720733.281981, 1788720733.3195558, 1788720733.3564343, 1788720733.393393, 1788720733.430687, 1788720733.4678524, 1788720733.505049, 1788720733.5421426, 1788720733.5791786, 1788720733.6166427, 1788720733.6537278, 1788720733.6909883, 1788720733.728014, 1788720733.7650094, 1788720733.8046656, 1788720733.8389058, 1788720733.8756666, 1788720733.9122343, 1788720733.9492676, 1788720733.9859226, 1788720734.0276616, 1788720734.0598717, 1788720734.0962698, 1788720734.1335683, 1788720734.1703227, 1788720734.2068028, 1788720734.2439234, 1788720734.280535, 1788720734.3171294, 1788720734.3541856, 1788720734.3907928, 1788720734.4275641, 1788720734.4644766, 1788720734.5015619, 1788720734.5377483, 1788720734.574824, 1788720734.6114457, 1788720734.6481671, 1788720734.6857357, 1788720734.7220128, 1788720734.7610517, 1788720734.795479, 1788720734.8320572, 1788720734.868846, 1788720734.905246, 1788720734.9417582, 1788720734.9786243, 1788720735.015074, 1788720735.051592, 1788720735.0887198, 1788720735.1255758, 1788720735.161732, 1788720735.198626, 1788720735.2351153, 1788720735.2717533, 1788720735.3086088, 1788720735.3452516, 1788720735.3818233, 1788720735.4188592, 1788720735.4551742, 1788720735.4921975, 1788720735.5287373, 1788720735.5652137, 1788720735.6022835, 1788720735.6420286, 1788720735.6770024, 1788720735.704178, 1788720735.7346568, 1788720735.7644153, 1788720735.7935867, 1788720735.8235605, 1788720735.8537858, 1788720735.8875518, 1788720735.9141574, 1788720735.9444935, 1788720735.9746618, 1788720736.005599, 1788720736.0368435, 1788720736.067813, 1788720736.0979395, 1788720736.1282697, 1788720736.158834, 1788720736.1892984, 1788720736.220484, 1788720736.2515054, 1788720736.2827818, 1788720736.3129172, 1788720736.343312, 1788720736.373566, 1788720736.4045389, 1788720736.4356074, 1788720736.4666526, 1788720736.4970934, 1788720736.527399, 1788720736.5576565, 1788720736.5885992, 1788720736.6189625, 1788720736.6492505, 1788720736.679436, 1788720736.7129333, 1788720736.7413573, 1788720736.7714531, 1788720736.8005083, 1788720736.8302639, 1788720736.8610086, 1788720736.8905802, 1788720736.9204717, 1788720736.9501128, 1788720736.9809008, 1788720737.0112073, 1788720737.0418935, 1788720737.072357, 1788720737.1020317, 1788720737.1319427, 1788720737.1614885, 1788720737.191957, 1788720737.2248962, 1788720737.2527542, 1788720737.2828512, 1788720737.3131056, 1788720737.34343, 1788720737.373533, 1788720737.403864, 1788720737.4341853, 1788720737.464568, 1788720737.4946952, 1788720737.525058, 1788720737.5552092, 1788720737.5853245, 1788720737.615977, 1788720737.6460657, 1788720737.6763003, 1788720737.7067015, 1788720737.7372077, 1788720737.766539, 1788720737.7960668, 1788720737.8256655, 1788720737.8557825, 1788720737.8862038, 1788720737.916423, 1788720737.9466171, 1788720737.9767928, 1788720738.0070798, 1788720738.0371728, 1788720738.0675333, 1788720738.0980613, 1788720738.1577055, 1788720738.2467191, 1788720738.3065734, 1788720738.336044, 1788720738.3907876, 1788720738.4168358, 1788720738.4427066, 1788720738.4687376, 1788720738.4947917, 1788720738.5207987, 1788720738.5469213, 1788720738.5730083, 1788720738.598975, 1788720738.625011, 1788720738.6510122, 1788720738.6770196, 1788720738.7030716, 1788720738.7293124, 1788720738.7551453, 1788720738.784051, 1788720738.8069127, 1788720738.8325834, 1788720738.85844, 1788720738.8842392, 1788720738.9108098, 1788720738.9358325, 1788720738.9640076, 1788720738.98646, 1788720739.0116029, 1788720739.0367384, 1788720739.0620224, 1788720739.0871742, 1788720739.1122751, 1788720739.1374266, 1788720739.1625354, 1788720739.1877942, 1788720739.2127886, 1788720739.2379112, 1788720739.2630641, 1788720739.288158, 1788720739.313338, 1788720739.3384712, 1788720739.3636556, 1788720739.3887124, 1788720739.4138258, 1788720739.4389822, 1788720739.4641304, 1788720739.4892373, 1788720739.5144072, 1788720739.5395973, 1788720739.5646408, 1788720739.5898023, 1788720739.6149752, 1788720739.640126, 1788720739.6651938, 1788720739.6903706, 1788720739.715574, 1788720739.740611, 1788720739.7658734, 1788720739.7908401, 1788720739.8159413, 1788720739.8409998, 1788720739.8661478, 1788720739.8912382, 1788720739.9164004, 1788720739.9416046, 1788720739.9666755, 1788720739.993446, 1788720740.0151005, 1788720740.0401099]","[1, 1, 1, 1, 1, 1, 1, 1, 1, 1, 1, 1, 1, 1, 1, 1, 1, 1, 1, 1, 1, 1, 1, 1, 1, 1, 1, 1, 1, 1, 1, 1, 1, 1, 1, 1, 1, 1, 1, 1, 1, 1, 1, 1, 1, 1, 1, 1, 1, 1, 1, 1, 1, 1, 1, 1, 1, 1, 1, 1, 1, 1, 1, 1, 1, 1, 1, 1, 1, 1, 1, 1, 1, 1, 1, 1, 1, 1, 1, 1, 1, 1, 1, 1, 1, 1, 1, 1, 1, 1, 1, 1, 1, 1, 1, 1, 1, 1, 1, 1, 1, 1, 1, 1, 1, 1, 1, 1, 1, 1, 1, 1, 1, 1, 1, 1, 1, 1, 1, 1, 1, 1, 1, 1, 1, 1, 1, 1, 1, 1, 1, 1, 1, 1, 1, 1, 1, 1, 1, 1, 1, 1, 1, 1, 1, 1, 1, 1, 1, 1, 1, 1, 1, 1, 1, 1, 1, 1, 1, 1, 1, 1, 1, 1, 1, 1, 1, 1, 1, 1, 1, 1, 1, 1, 1, 1, 1, 1, 1, 1, 1, 1, 1, 1, 1, 1, 1, 1, 1, 1, 1, 1, 1, 1, 1, 1, 1, 1, 1, 1, 1, 1, 1, 1, 1, 1, 1, 1, 1, 1, 1, 1, 1, 1, 1, 1, 1, 1, 1, 1, 1, 1, 1, 1, 1, 1, 1, 1, 1, 1, 1, 1, 1, 1, 1, 1, 1, 1, 1, 1, 1, 1, 1, 1, 1, 1, 1, 1, 1, 1, 1, 1, 1, 1, 1, 1, 1, 1, 1, 1, 1, 1, 1, 1, 1, 1, 1, 1, 1, 1, 1, 1, 1, 1, 1, 1, 1, 1, 1, 1, 1, 1, 1, 1, 1, 1, 1, 1, 1, 1, 1, 1, 1, 1, 1, 1, 1, 1, 1, 1, 1, 1, 1, 1, 1, 1, 1, 1, 1, 1, 1, 1, 1, 1, 1, 1, 1, 1, 1, 1, 1, 1, 1, 1, 1, 1, 1, 1, 1, 1, 1, 1, 1, 1, 1, 1, 1, 1, 1, 1, 1, 1, 1, 1, 1, 1, 1, 1, 1, 1, 1, 1, 1, 1, 1, 1, 1, 1, 1, 1, 1, 1, 1, 1, 1, 1, 1, 1, 1, 1, 1, 1, 1, 1, 1, 1, 1, 1, 1, 1, 1, 1, 1, 1, 1, 1, 1, 1, 1, 1, 1, 1, 1, 1, 1, 1, 1, 1, 1, 1, 1, 1, 1, 1, 1, 1, 1, 1, 1, 1, 1, 1, 1, 1, 1, 1, 1, 1, 1, 1, 1, 1, 1, 1, 1, 1, 1, 1, 1, 1, 1, 1, 1, 1, 1, 1, 1, 1, 1, 1, 1, 1, 1, 1, 1, 1, 1, 1, 1, 1, 1, 1, 1, 1, 1, 1, 1, 1, 1, 1, 1, 1, 1, 1, 1, 1, 1, 1, 1, 1, 1, 1, 1, 1, 1, 1, 1, 1, 1, 1, 1, 1, 1, 1, 1, 1, 1, 1, 1, 1, 1, 1, 1, 1, 1, 1, 1, 1, 1, 1, 1, 1, 1, 1, 1, 1, 1, 1, 1, 1, 1, 1, 1, 1, 1, 1, 1, 1, 1, 1, 1, 1, 1, 1, 1, 1, 1, 1, 1, 1, 1, 1, 1, 1, 1, 1, 1, 1, 1, 1, 1, 1, 1, 1, 1, 1, 1, 1, 1, 1, 1, 1, 1, 1, 1, 1, 1, 1, 1, 1, 1, 1, 1, 1, 1, 1, 1, 1, 1, 1, 1, 1, 1, 1, 1, 1, 1, 1, 1, 1, 1, 1, 1, 1, 1, 1, 1, 1, 1, 1, 1, 1, 1, 1, 1, 1, 1, 1, 1, 1, 1, 1, 1, 1, 1, 1, 1, 1, 1, 1, 1, 1, 1, 1, 1, 1, 1, 1, 1, 1, 1, 1, 1, 1, 1, 1, 1, 1, 1, 1, 1, 1, 1, 1, 1, 1, 1, 1, 1, 1, 1, 1, 1, 1, 1, 1, 1, 1, 1, 1, 1, 1, 1, 1, 1, 1, 1, 1, 1, 1, 1, 1, 1, 1, 1, 1, 1, 1, 1, 1, 1, 1, 1, 1, 1, 1, 1, 1, 1, 1, 1, 1, 1, 1, 1, 1, 1, 1, 1, 1, 1, 1, 1, 1, 1, 1, 1, 1, 1, 1, 1, 1, 1, 1, 1, 1, 1, 1, 1, 1, 1, 1, 1, 1, 1, 1, 1, 1, 1, 1, 1, 1, 1, 1, 1, 1, 1, 1, 1, 1, 1, 1, 1, 1, 1, 1, 1, 1, 1, 1, 1, 1, 1, 1, 1, 1, 1, 1, 1, 1, 1, 1, 1, 1, 1, 1, 1, 1, 1, 1, 1, 1, 1, 1, 1, 1, 1, 1, 1, 1, 1, 1, 1, 1, 1, 1, 1, 1, 1, 1, 1, 1, 1, 1, 1, 1, 1, 1, 1, 1, 1, 1, 1, 1, 1, 1, 1, 1, 1, 1, 1, 1, 1, 1, 1, 1, 1, 1, 1, 1, 1, 1, 1, 1, 1, 1, 1, 1, 1, 1, 1, 1, 1, 1, 1, 1, 1, 1, 1, 1, 1, 1, 1, 1, 1, 1, 1, 1, 1, 1, 1, 1, 1, 1, 1, 1, 1, 1, 1, 1, 1, 1, 1, 1, 1, 1, 1, 1, 1, 1, 1, 1, 1, 1, 1, 1, 1, 1, 1, 1, 1, 1, 1, 1, 1, 1, 1, 1, 1, 1, 1, 1, 1, 1, 1, 1, 1, 1, 1, 1, 1, 1, 1, 1, 1, 1, 1, 1, 1, 1, 1, 1, 1, 1, 1, 1, 1, 1, 1, 1, 1, 1, 1, 1, 1, 1, 1, 1, 1, 1, 1, 1, 1, 1, 1, 1, 1, 1, 1, 1, 1, 1, 1, 1, 1, 1, 1, 1, 1, 1, 1, 1, 1, 1, 1, 1, 1, 1, 1, 1, 1, 1, 1, 1, 1, 1, 1, 1, 1, 1, 1, 1, 1, 1, 1, 1, 1, 1, 1, 1, 1, 1, 1, 1, 1, 1, 1, 1, 1, 1, 1, 1, 1, 1, 1, 1, 1, 1, 1, 1, 1, 1, 1, 1, 1, 1, 1, 1, 1, 1, 1, 1, 1, 1, 1, 1, 1, 1, 1, 1, 1, 1, 1, 1, 1, 1, 1, 1, 1, 1, 1, 1]"
User-025,10,trace_0588,1788720735.8894367,streaming,30850,332,332,473,2,26.68620204925537,127.84571480751038,0.30561786331799096,11.0,0,True,,1788720608.0436406,1788720634.7298427,1788720735.8893554,"[1788720634.7298427, 1788720635.2886677, 1788720635.9160137, 1788720636.5883427, 1788720637.2941566, 1788720638.029448, 1788720638.789212, 1788720639.5800285, 1788720640.1419735, 1788720640.753981, 1788720641.3995707, 1788720642.0756793, 1788720642.7808383, 1788720643.5141714, 1788720644.282276, 1788720645.0804622, 1788720645.8560052, 1788720646.418334, 1788720647.0393538, 1788720647.689883, 1788720648.3558533, 1788720648.9259975, 1788720649.5434422, 1788720650.1936483, 1788720650.8752198, 1788720651.5868063, 1788720652.325353, 1788720652.9644825, 1788720653.5462186, 1788720654.1797025, 1788720654.8446174, 1788720655.541735, 1788720656.2643008, 1788720657.0170763, 1788720657.6754344, 1788720658.2522256, 1788720658.8846679, 1788720659.5491903, 1788720660.2428813, 1788720660.96683, 1788720661.734472, 1788720662.5341985, 1788720663.3604379, 1788720664.2295642, 1788720665.12307, 1788720666.040203, 1788720666.7453926, 1788720667.318589, 1788720667.95079, 1788720668.617042, 1788720669.3134973, 1788720670.0417998, 1788720670.8103414, 1788720671.603088, 1788720672.1666465, 1788720672.7807965, 1788720673.4350564, 1788720674.121159, 1788720674.8443491, 1788720675.5970507, 1788720676.382125, 1788720677.1912012, 1788720677.826874, 1788720678.4093475, 1788720679.0470839, 1788720679.7180102, 1788720680.4194973, 1788720681.151499, 1788720681.9098995, 1788720682.5876846, 1788720683.155659, 1788720683.7853584, 1788720684.4472804, 1788720685.1437562, 1788720685.8574743, 1788720686.61089, 1788720687.3955863, 1788720688.0206516, 1788720688.62185, 1788720689.2778041, 1788720689.9639874, 1788720690.6736975, 1788720691.4036744, 1788720691.984527, 1788720692.6248755, 1788720693.2906125, 1788720693.9867115, 1788720694.705634, 1788720695.3041651, 1788720695.9002001, 1788720696.5409048, 1788720697.2182503, 1788720697.9179626, 1788720698.631081, 1788720699.201369, 1788720699.8167903, 1788720700.4650114, 1788720701.1468446, 1788720701.8538456, 1788720702.5944376, 1788720703.3693395, 1788720704.183967, 1788720705.024971, 1788720705.9397178, 1788720706.488382, 1788720707.1002197, 1788720707.7448163, 1788720708.421273, 1788720709.0307164, 1788720709.648309, 1788720710.3106813, 1788720710.9972181, 1788720711.7151284, 1788720712.4580483, 1788720713.233303, 1788720714.0442371, 1788720714.6618447, 1788720715.2700155, 1788720715.9319315, 1788720716.6243508, 1788720717.3437757, 1788720718.0925472, 1788720718.8720615, 1788720719.6874142, 1788720720.5254948, 1788720721.1555336, 1788720721.7392097, 1788720722.3782957, 1788720723.0556626, 1788720723.7707262, 1788720724.5149229, 1788720725.293115, 1788720726.0961037, 1788720726.9282322, 1788720727.7914503, 1788720727.9829917, 1788720727.9977298, 1788720728.048433, 1788720728.0980644, 1788720728.1459, 1788720728.1933746, 1788720728.2417107, 1788720728.2892995, 1788720728.3402445, 1788720728.3845117, 1788720728.4321332, 1788720728.4813154, 1788720728.5258641, 1788720728.5737822, 1788720728.620725, 1788720728.6675737, 1788720728.7160249, 1788720728.7629848, 1788720728.809748, 1788720728.8586369, 1788720728.9085667, 1788720728.9513676, 1788720728.9975536, 1788720729.0431383, 1788720729.0906534, 1788720729.1344879, 1788720729.1803095, 1788720729.2256587, 1788720729.27152, 1788720729.3168612, 1788720729.3621373, 1788720729.407911, 1788720729.45342, 1788720729.4991648, 1788720729.5444717, 1788720729.5901308, 1788720729.6357324, 1788720729.6812449, 1788720729.7268248, 1788720729.7721813, 1788720729.8177845, 1788720729.8659253, 1788720729.9081912, 1788720729.9531763, 1788720730.0044436, 1788720730.043672, 1788720730.0880356, 1788720730.1346912, 1788720730.177613, 1788720730.2220347, 1788720730.2699747, 1788720730.3106446, 1788720730.355411, 1788720730.3995707, 1788720730.4438677, 1788720730.4881132, 1788720730.5325396, 1788720730.5779104, 1788720730.6206455, 1788720730.6643302, 1788720730.7089865, 1788720730.748861, 1788720730.7926562, 1788720730.8360775, 1788720730.8797536, 1788720730.9236412, 1788720730.9674227, 1788720731.0109994, 1788720731.0545087, 1788720731.0980725, 1788720731.142052, 1788720731.1856692, 1788720731.2292833, 1788720731.2774947, 1788720731.3166287, 1788720731.3601384, 1788720731.4039748, 1788720731.4477305, 1788720731.4910886, 1788720731.534694, 1788720731.5783486, 1788720731.622044, 1788720731.667058, 1788720731.710815, 1788720731.749982, 1788720731.787284, 1788720731.8266432, 1788720731.865546, 1788720731.9058087, 1788720731.9432228, 1788720731.9816651, 1788720732.020178, 1788720732.0590293, 1788720732.0974402, 1788720732.1361907, 1788720732.1747944, 1788720732.2133608, 1788720732.2522967, 1788720732.2908745, 1788720732.3294537, 1788720732.3685236, 1788720732.4069486, 1788720732.4454696, 1788720732.4846992, 1788720732.5231886, 1788720732.5616798, 1788720732.6005218, 1788720732.6390235, 1788720732.677938, 1788720732.7165678, 1788720732.7548513, 1788720732.793918, 1788720732.8324387, 1788720732.8725452, 1788720732.9087882, 1788720732.9460313, 1788720732.9863281, 1788720733.0204716, 1788720733.0575964, 1788720733.0950046, 1788720733.1319802, 1788720733.1689494, 1788720733.2063196, 1788720733.2432714, 1788720733.2803686, 1788720733.317891, 1788720733.3548307, 1788720733.3918128, 1788720733.4290779, 1788720733.4662282, 1788720733.5032682, 1788720733.540478, 1788720733.5775092, 1788720733.6150293, 1788720733.6521356, 1788720733.6893384, 1788720733.726415, 1788720733.7634256, 1788720733.8030825, 1788720733.8372803, 1788720733.8739634, 1788720733.9106166, 1788720733.9476345, 1788720733.984281, 1788720734.0260165, 1788720734.0582678, 1788720734.0946548, 1788720734.131953, 1788720734.1686687, 1788720734.2051632, 1788720734.2422879, 1788720734.2789195, 1788720734.3155255, 1788720734.3525708, 1788720734.389178, 1788720734.4259005, 1788720734.4628568, 1788720734.4999292, 1788720734.5361302, 1788720734.5731876, 1788720734.6098151, 1788720734.6465306, 1788720734.6841283, 1788720734.7204158, 1788720734.759428, 1788720734.7937984, 1788720734.8304024, 1788720734.8672352, 1788720734.9036133, 1788720734.9401217, 1788720734.977386, 1788720735.013403, 1788720735.04994, 1788720735.087111, 1788720735.1239324, 1788720735.1601198, 1788720735.1970267, 1788720735.233472, 1788720735.2701263, 1788720735.307004, 1788720735.3436205, 1788720735.3802452, 1788720735.4172435, 1788720735.4535415, 1788720735.4905367, 1788720735.5270994, 1788720735.5636, 1788720735.6006186, 1788720735.6400642, 1788720735.6758714, 1788720735.7030497, 1788720735.733533, 1788720735.7633018, 1788720735.792757, 1788720735.8224137, 1788720735.8526814, 1788720735.8860896]","[1, 1, 1, 1, 1, 1, 1, 1, 1, 1, 1, 1, 1, 1, 1, 1, 1, 1, 1, 1, 1, 1, 1, 1, 1, 1, 1, 1, 1, 1, 1, 1, 1, 1, 1, 1, 1, 1, 1, 1, 1, 1, 1, 1, 1, 1, 1, 1, 1, 1, 1, 1, 1, 1, 1, 1, 1, 1, 1, 1, 1, 1, 1, 1, 1, 1, 1, 1, 1, 1, 1, 1, 1, 1, 1, 1, 1, 1, 1, 1, 1, 1, 1, 1, 1, 1, 1, 1, 1, 1, 1, 1, 1, 1, 1, 1, 1, 1, 1, 1, 1, 1, 1, 1, 1, 1, 1, 1, 1, 1, 1, 1, 1, 1, 1, 1, 1, 1, 1, 1, 1, 1, 1, 1, 1, 1, 1, 1, 1, 1, 1, 1, 1, 1, 1, 1, 1, 1, 1, 1, 1, 1, 1, 1, 1, 1, 1, 1, 1, 1, 1, 1, 1, 1, 1, 1, 1, 1, 1, 1, 1, 1, 1, 1, 1, 1, 1, 1, 1, 1, 1, 1, 1, 1, 1, 1, 1, 1, 1, 1, 1, 1, 1, 1, 1, 1, 1, 1, 1, 1, 1, 1, 1, 1, 1, 1, 1, 1, 1, 1, 1, 1, 1, 1, 1, 1, 1, 1, 1, 1, 1, 1, 1, 1, 1, 1, 1, 1, 1, 1, 1, 1, 1, 1, 1, 1, 1, 1, 1, 1, 1, 1, 1, 1, 1, 1, 1, 1, 1, 1, 1, 1, 1, 1, 1, 1, 1, 1, 1, 1, 1, 1, 1, 1, 1, 1, 1, 1, 1, 1, 1, 1, 1, 1, 1, 1, 1, 1, 1, 1, 1, 1, 1, 1, 1, 1, 1, 1, 1, 1, 1, 1, 1, 1, 1, 1, 1, 1, 1, 1, 1, 1, 1, 1, 1, 1, 1, 1, 1, 1, 1, 1, 1, 1, 1, 1, 1, 1, 1, 1, 1, 1, 1, 1, 1, 1, 1, 1, 1, 1, 1, 1, 1, 1, 1, 1, 1, 1, 1, 1, 1, 1]"
User-039,1,trace_0220,1788720734.765396,streaming,12377,407,407,242,193,40.41758918762207,216.22456312179565,0.4330221032861418,36.0,0,True,,1788720518.54072,1788720558.9583092,1788720734.765283,"[1788720558.9583092, 1788720559.5450947, 1788720560.185793, 1788720560.8583517, 1788720561.558877, 1788720562.2886775, 1788720563.0540953, 1788720563.86148, 1788720564.6988678, 1788720565.569554, 1788720566.462472, 1788720567.1293423, 1788720567.7041957, 1788720568.3461437, 1788720569.0341454, 1788720569.7512333, 1788720570.493646, 1788720571.2882142, 1788720571.8437557, 1788720572.4576375, 1788720573.1013749, 1788720573.7752712, 1788720574.4784658, 1788720575.2108016, 1788720575.9766505, 1788720576.7829127, 1788720577.404354, 1788720577.9853559, 1788720578.6268923, 1788720579.3012528, 1788720579.892741, 1788720580.4790468, 1788720581.1188457, 1788720581.7900121, 1788720582.489426, 1788720583.216682, 1788720583.9817505, 1788720584.7777278, 1788720585.604201, 1788720586.465291, 1788720587.3512645, 1788720588.2295666, 1788720588.7875953, 1788720589.4034739, 1788720590.0552473, 1788720590.7304664, 1788720591.4076421, 1788720591.9814558, 1788720592.6222873, 1788720593.292692, 1788720593.9943883, 1788720594.720738, 1788720595.4771576, 1788720596.2674322, 1788720597.0847113, 1788720597.929303, 1788720598.6662717, 1788720599.2316754, 1788720599.8621619, 1788720600.5392156, 1788720601.2475204, 1788720601.9766202, 1788720602.6393304, 1788720603.2411864, 1788720603.8984137, 1788720604.5797234, 1788720605.289841, 1788720606.0285287, 1788720606.7965581, 1788720607.5956752, 1788720608.4264684, 1788720609.280025, 1788720609.9140258, 1788720610.4938774, 1788720611.1336253, 1788720611.803935, 1788720612.5037138, 1788720613.2174947, 1788720613.782613, 1788720614.3989277, 1788720615.0486133, 1788720615.7310133, 1788720616.4415193, 1788720617.1826935, 1788720617.9665425, 1788720618.5898514, 1788720619.1781483, 1788720619.8389926, 1788720620.528376, 1788720621.2543933, 1788720621.9888318, 1788720622.7595851, 1788720623.5149615, 1788720624.1087065, 1788720624.7528336, 1788720625.3604279, 1788720625.9861465, 1788720626.6489215, 1788720627.3370538, 1788720628.0543926, 1788720628.8299222, 1788720629.5787811, 1788720630.3902495, 1788720631.234884, 1788720632.106751, 1788720633.001994, 1788720633.9189749, 1788720634.7318883, 1788720635.2906642, 1788720635.918303, 1788720636.5904727, 1788720637.2961557, 1788720638.031634, 1788720638.7913601, 1788720639.5828109, 1788720640.14462, 1788720640.7567058, 1788720641.4022152, 1788720642.0783374, 1788720642.7835135, 1788720643.5168357, 1788720644.2849548, 1788720645.0829756, 1788720645.8594236, 1788720646.4216053, 1788720647.0424862, 1788720647.6930735, 1788720648.3590965, 1788720648.9292183, 1788720649.5465925, 1788720650.1966977, 1788720650.8782237, 1788720651.5897636, 1788720652.3283477, 1788720652.967556, 1788720653.5488758, 1788720654.1826499, 1788720654.847566, 1788720655.5447664, 1788720656.2672694, 1788720657.0200784, 1788720657.6779654, 1788720658.2551854, 1788720658.8878615, 1788720659.552214, 1788720660.2458916, 1788720660.9698102, 1788720661.7375875, 1788720662.537149, 1788720663.363431, 1788720664.2326076, 1788720665.126003, 1788720666.0432153, 1788720666.7494361, 1788720667.3222075, 1788720667.9542933, 1788720668.6201496, 1788720669.316915, 1788720670.0441751, 1788720670.813858, 1788720671.6067083, 1788720672.1693988, 1788720672.7842674, 1788720673.4386692, 1788720674.1245847, 1788720674.847812, 1788720675.6005948, 1788720676.3856754, 1788720677.1950254, 1788720677.8312986, 1788720678.4132977, 1788720679.0510633, 1788720679.722251, 1788720680.4234333, 1788720681.1554012, 1788720681.9138181, 1788720682.5914795, 1788720683.1595855, 1788720683.7892869, 1788720684.4512196, 1788720685.1478417, 1788720685.8614857, 1788720686.6148908, 1788720687.3986025, 1788720688.024545, 1788720688.6258235, 1788720689.2819421, 1788720689.9679437, 1788720690.6772194, 1788720691.4076915, 1788720691.9885314, 1788720692.628905, 1788720693.2946544, 1788720693.9907963, 1788720694.7095954, 1788720695.308197, 1788720695.904192, 1788720696.5448866, 1788720697.2222733, 1788720697.9219487, 1788720698.6358106, 1788720699.206128, 1788720699.8212445, 1788720700.4694457, 1788720701.151364, 1788720701.8583503, 1788720702.5989394, 1788720703.3737838, 1788720704.1887467, 1788720705.029515, 1788720705.9438868, 1788720706.4929392, 1788720707.104896, 1788720707.749529, 1788720708.4261994, 1788720709.034717, 1788720709.652295, 1788720710.3146458, 1788720711.0012183, 1788720711.7191143, 1788720712.462059, 1788720713.23723, 1788720714.0483847, 1788720714.6659346, 1788720715.2739882, 1788720715.9359217, 1788720716.6284056, 1788720717.3478096, 1788720718.0966218, 1788720718.8760855, 1788720719.6913993, 1788720720.5294702, 1788720721.1595082, 1788720721.7431974, 1788720722.3822815, 1788720723.0599923, 1788720723.7741835, 1788720724.5183887, 1788720725.2968805, 1788720726.0992937, 1788720726.9312801, 1788720727.7944784, 1788720727.9860978, 1788720727.9990463, 1788720728.0514138, 1788720728.10103, 1788720728.1489708, 1788720728.1962824, 1788720728.2446668, 1788720728.2925944, 1788720728.3431897, 1788720728.38748, 1788720728.435175, 1788720728.4842808, 1788720728.528822, 1788720728.5767531, 1788720728.6236994, 1788720728.67079, 1788720728.719248, 1788720728.7662272, 1788720728.8129706, 1788720728.861893, 1788720728.9118147, 1788720728.9547105, 1788720729.00076, 1788720729.046369, 1788720729.0939586, 1788720729.1377134, 1788720729.183505, 1788720729.2288322, 1788720729.2746947, 1788720729.3200438, 1788720729.365512, 1788720729.4111311, 1788720729.4566023, 1788720729.5023642, 1788720729.547688, 1788720729.5933132, 1788720729.6389244, 1788720729.6844518, 1788720729.7300427, 1788720729.7753499, 1788720729.8209784, 1788720729.8690891, 1788720729.9109054, 1788720729.9558604, 1788720730.0073304, 1788720730.045792, 1788720730.0907488, 1788720730.1373973, 1788720730.1803148, 1788720730.2247245, 1788720730.2724972, 1788720730.3125172, 1788720730.3580706, 1788720730.402251, 1788720730.4465234, 1788720730.490826, 1788720730.5352175, 1788720730.5805855, 1788720730.6233828, 1788720730.6670003, 1788720730.711061, 1788720730.7571275, 1788720730.800945, 1788720730.8443096, 1788720730.8879027, 1788720730.931881, 1788720730.9736023, 1788720731.0192347, 1788720731.0627117, 1788720731.106185, 1788720731.1502805, 1788720731.194078, 1788720731.2374847, 1788720731.2859178, 1788720731.3249023, 1788720731.3683906, 1788720731.4122808, 1788720731.4539106, 1788720731.4992805, 1788720731.5429823, 1788720731.5865355, 1788720731.6302392, 1788720731.6756206, 1788720731.719189, 1788720731.7575405, 1788720731.7941315, 1788720731.833353, 1788720731.8722973, 1788720731.9128563, 1788720731.9494705, 1788720731.9878898, 1788720732.025789, 1788720732.0652297, 1788720732.1036618, 1788720732.1418235, 1788720732.180958, 1788720732.2181158, 1788720732.2585216, 1788720732.297058, 1788720732.3341143, 1788720732.3747895, 1788720732.4131687, 1788720732.4484456, 1788720732.4908733, 1788720732.529035, 1788720732.5679529, 1788720732.606695, 1788720732.6449015, 1788720732.684152, 1788720732.7227695, 1788720732.7607908, 1788720732.8001454, 1788720732.8379562, 1788720732.8793445, 1788720732.9131444, 1788720732.9517455, 1788720732.9908476, 1788720733.0256763, 1788720733.062788, 1788720733.100164, 1788720733.1369185, 1788720733.174216, 1788720733.2114215, 1788720733.248139, 1788720733.285591, 1788720733.3231518, 1788720733.3597531, 1788720733.3964982, 1788720733.434297, 1788720733.471324, 1788720733.508259, 1788720733.5457518, 1788720733.582687, 1788720733.6198971, 1788720733.6573253, 1788720733.6945255, 1788720733.7314672, 1788720733.7685628, 1788720733.8085358, 1788720733.8419807, 1788720733.8787265, 1788720733.915262, 1788720733.9523158, 1788720733.989015, 1788720734.0306942, 1788720734.0629187, 1788720734.099267, 1788720734.1366231, 1788720734.1734333, 1788720734.2098465, 1788720734.2469633, 1788720734.2834609, 1788720734.319944, 1788720734.3572483, 1788720734.3938475, 1788720734.4306178, 1788720734.4674337, 1788720734.504698, 1788720734.5408092, 1788720734.577842, 1788720734.6145153, 1788720734.651271, 1788720734.6883438, 1788720734.7250872, 1788720734.7641742]","[1, 1, 1, 1, 1, 1, 1, 1, 1, 1, 1, 1, 1, 1, 1, 1, 1, 1, 1, 1, 1, 1, 1, 1, 1, 1, 1, 1, 1, 1, 1, 1, 1, 1, 1, 1, 1, 1, 1, 1, 1, 1, 1, 1, 1, 1, 1, 1, 1, 1, 1, 1, 1, 1, 1, 1, 1, 1, 1, 1, 1, 1, 1, 1, 1, 1, 1, 1, 1, 1, 1, 1, 1, 1, 1, 1, 1, 1, 1, 1, 1, 1, 1, 1, 1, 1, 1, 1, 1, 1, 1, 1, 1, 1, 1, 1, 1, 1, 1, 1, 1, 1, 1, 1, 1, 1, 1, 1, 1, 1, 1, 1, 1, 1, 1, 1, 1, 1, 1, 1, 1, 1, 1, 1, 1, 1, 1, 1, 1, 1, 1, 1, 1, 1, 1, 1, 1, 1, 1, 1, 1, 1, 1, 1, 1, 1, 1, 1, 1, 1, 1, 1, 1, 1, 1, 1, 1, 1, 1, 1, 1, 1, 1, 1, 1, 1, 1, 1, 1, 1, 1, 1, 1, 1, 1, 1, 1, 1, 1, 1, 1, 1, 1, 1, 1, 1, 1, 1, 1, 1, 1, 1, 1, 1, 1, 1, 1, 1, 1, 1, 1, 1, 1, 1, 1, 1, 1, 1, 1, 1, 1, 1, 1, 1, 1, 1, 1, 1, 1, 1, 1, 1, 1, 1, 1, 1, 1, 1, 1, 1, 1, 1, 1, 1, 1, 1, 1, 1, 1, 1, 1, 1, 1, 1, 1, 1, 1, 1, 1, 1, 1, 1, 1, 1, 1, 1, 1, 1, 1, 1, 1, 1, 1, 1, 1, 1, 1, 1, 1, 1, 1, 1, 1, 1, 1, 1, 1, 1, 1, 1, 1, 1, 1, 1, 1, 1, 1, 1, 1, 1, 1, 1, 1, 1, 1, 1, 1, 1, 1, 1, 1, 1, 1, 1, 1, 1, 1, 1, 1, 1, 1, 1, 1, 1, 1, 1, 1, 1, 1, 1, 1, 1, 1, 1, 1, 1, 1, 1, 1, 1, 1, 1, 1, 1, 1, 1, 1, 1, 1, 1, 1, 1, 1, 1, 1, 1, 1, 1, 1, 1, 1, 1, 1, 1, 1, 1, 1, 1, 1, 1, 1, 1, 1, 1, 1, 1, 1, 1, 1, 1, 1, 1, 1, 1, 1, 1, 1, 1, 1, 1, 1, 1, 1, 1, 1, 1, 1, 1, 1, 1, 1, 1, 1, 1, 1, 1, 1, 1, 1, 1, 1, 1, 1, 1, 1, 1, 1]"
User-045,1,trace_0729,1788720736.715959,streaming,26028,560,560,314,92,16.80430817604065,261.7088735103607,0.4381119236749912,13.0,0,True,,1788720475.0070012,1788720491.8113093,1788720736.7158747,"[1788720491.8113093, 1788720492.452197, 1788720493.0658553, 1788720493.751574, 1788720494.4651845, 1788720495.2014105, 1788720495.9689503, 1788720496.7752185, 1788720497.60496, 1788720498.1641903, 1788720498.781991, 1788720499.4282846, 1788720500.103032, 1788720500.8092391, 1788720501.4634616, 1788720502.0399742, 1788720502.6665523, 1788720503.3274362, 1788720504.014448, 1788720504.7317991, 1788720505.4829705, 1788720506.268602, 1788720507.0869012, 1788720507.9373817, 1788720508.8205035, 1788720509.7356634, 1788720510.5422409, 1788720511.0965054, 1788720511.7209616, 1788720512.3771088, 1788720513.063506, 1788720513.7812603, 1788720514.5285003, 1788720515.2460477, 1788720515.8179483, 1788720516.459077, 1788720517.1310682, 1788720517.833996, 1788720518.567753, 1788720519.3208551, 1788720520.11437, 1788720520.9367523, 1788720521.583328, 1788720522.1789596, 1788720522.8321733, 1788720523.5104866, 1788720524.2189603, 1788720524.9532998, 1788720525.7186162, 1788720526.5147822, 1788720527.342839, 1788720528.2057343, 1788720529.0971308, 1788720530.0196817, 1788720530.903408, 1788720531.4516435, 1788720532.0698085, 1788720532.7212386, 1788720533.4037702, 1788720534.1115804, 1788720534.7625644, 1788720535.3421195, 1788720535.970965, 1788720536.6350067, 1788720537.3249488, 1788720538.043142, 1788720538.7939, 1788720539.580038, 1788720540.3969386, 1788720541.02885, 1788720541.628583, 1788720542.281418, 1788720542.9637353, 1788720543.672274, 1788720544.4088433, 1788720545.1710045, 1788720545.9685984, 1788720546.7956853, 1788720547.6497262, 1788720548.5402687, 1788720549.4648705, 1788720550.27407, 1788720550.839737, 1788720551.4869883, 1788720552.1591763, 1788720552.8642056, 1788720553.5952258, 1788720554.357462, 1788720555.151382, 1788720555.7560382, 1788720556.3400772, 1788720556.9789815, 1788720557.6524737, 1788720558.3629096, 1788720558.9520268, 1788720559.5388732, 1788720560.1794598, 1788720560.8519754, 1788720561.5525758, 1788720562.2823274, 1788720563.047621, 1788720563.8545842, 1788720564.6928558, 1788720565.5639646, 1788720566.4565868, 1788720567.1236877, 1788720567.698479, 1788720568.3401096, 1788720569.0283074, 1788720569.7454593, 1788720570.487852, 1788720571.2823327, 1788720571.8379395, 1788720572.4522493, 1788720573.0956264, 1788720573.7694626, 1788720574.4727018, 1788720575.2048926, 1788720575.9708457, 1788720576.77715, 1788720577.3987446, 1788720577.9796093, 1788720578.6209848, 1788720579.2944686, 1788720579.8872235, 1788720580.4744105, 1788720581.1128492, 1788720581.7841885, 1788720582.4834669, 1788720583.2107186, 1788720583.9758494, 1788720584.7718108, 1788720585.5983155, 1788720586.4598181, 1788720587.345133, 1788720588.2236547, 1788720588.7817812, 1788720589.3976116, 1788720590.0493753, 1788720590.7246134, 1788720591.4019651, 1788720591.975306, 1788720592.6167955, 1788720593.2873077, 1788720593.988954, 1788720594.715294, 1788720595.4717603, 1788720596.261998, 1788720597.079022, 1788720597.9245045, 1788720598.6610596, 1788720599.226518, 1788720599.8561006, 1788720600.536897, 1788720601.242438, 1788720601.9717312, 1788720602.6336968, 1788720603.2358263, 1788720603.8930216, 1788720604.574357, 1788720605.284393, 1788720606.0230992, 1788720606.7911205, 1788720607.5902703, 1788720608.421032, 1788720609.2747896, 1788720609.908825, 1788720610.488518, 1788720611.1280944, 1788720611.7986062, 1788720612.498217, 1788720613.2122087, 1788720613.7773037, 1788720614.3935256, 1788720615.0432467, 1788720615.7255597, 1788720616.436113, 1788720617.176909, 1788720617.9617572, 1788720618.585255, 1788720619.173244, 1788720619.8337333, 1788720620.5235267, 1788720621.2520323, 1788720621.9835343, 1788720622.7552722, 1788720623.5098448, 1788720624.1038795, 1788720624.7474296, 1788720625.3552153, 1788720625.9812937, 1788720626.644143, 1788720627.3322296, 1788720628.0495868, 1788720628.8276756, 1788720629.5738716, 1788720630.3852954, 1788720631.228227, 1788720632.101842, 1788720632.9972143, 1788720633.9165354, 1788720634.7263086, 1788720635.2853057, 1788720635.9125605, 1788720636.585638, 1788720637.2912753, 1788720638.0267732, 1788720638.786572, 1788720639.5773244, 1788720640.1393428, 1788720640.7513273, 1788720641.396864, 1788720642.0730062, 1788720642.7781248, 1788720643.5114658, 1788720644.2796118, 1788720645.0775785, 1788720645.8533053, 1788720646.4152458, 1788720647.0367467, 1788720647.6872525, 1788720648.3524723, 1788720648.9228466, 1788720649.5402317, 1788720650.1902823, 1788720650.8718393, 1788720651.5834901, 1788720652.3219583, 1788720652.9605482, 1788720653.542392, 1788720654.1759648, 1788720654.8407812, 1788720655.53785, 1788720656.260478, 1788720657.0132532, 1788720657.6717513, 1788720658.248619, 1788720658.88075, 1788720659.5453238, 1788720660.2389667, 1788720660.9629688, 1788720661.7303572, 1788720662.5303977, 1788720663.3565679, 1788720664.2256055, 1788720665.1192133, 1788720666.036305, 1788720666.7417045, 1788720667.3145113, 1788720667.9468987, 1788720668.6132069, 1788720669.3096309, 1788720670.0374823, 1788720670.8063903, 1788720671.5985773, 1788720672.1623008, 1788720672.776404, 1788720673.4303284, 1788720674.116751, 1788720674.8399813, 1788720675.592522, 1788720676.3777082, 1788720677.1868806, 1788720677.822678, 1788720678.4049149, 1788720679.042671, 1788720679.7136366, 1788720680.415208, 1788720681.147055, 1788720681.9055338, 1788720682.5835574, 1788720683.1513624, 1788720683.7808843, 1788720684.4429479, 1788720685.1394422, 1788720685.853045, 1788720686.6066008, 1788720687.3906658, 1788720688.016157, 1788720688.6179419, 1788720689.2734914, 1788720689.9602122, 1788720690.6696427, 1788720691.4000711, 1788720691.9806156, 1788720692.6209273, 1788720693.2867548, 1788720693.982883, 1788720694.7018244, 1788720695.3005269, 1788720695.89632, 1788720696.537061, 1788720697.2143252, 1788720697.9141269, 1788720698.6271677, 1788720699.1974223, 1788720699.8129518, 1788720700.461156, 1788720701.1429837, 1788720701.8500197, 1788720702.5905452, 1788720703.3651354, 1788720704.1806436, 1788720705.0212116, 1788720705.9366736, 1788720706.485012, 1788720707.097035, 1788720707.741561, 1788720708.4180746, 1788720709.0268002, 1788720709.644354, 1788720710.3067846, 1788720710.9932241, 1788720711.7111902, 1788720712.4541314, 1788720713.2294679, 1788720714.0379283, 1788720714.6577625, 1788720715.266116, 1788720715.9280138, 1788720716.6203356, 1788720717.339838, 1788720718.0886235, 1788720718.8680837, 1788720719.6835213, 1788720720.5216181, 1788720721.1518893, 1788720721.7353184, 1788720722.3743339, 1788720723.0517244, 1788720723.7668564, 1788720724.5109992, 1788720725.2891314, 1788720726.092337, 1788720726.924261, 1788720727.7874782, 1788720727.9793448, 1788720727.9961028, 1788720728.0445716, 1788720728.0943964, 1788720728.1422021, 1788720728.18955, 1788720728.2379932, 1788720728.2854187, 1788720728.3361976, 1788720728.3812883, 1788720728.428789, 1788720728.4776793, 1788720728.5231428, 1788720728.571112, 1788720728.617968, 1788720728.6648645, 1788720728.7135196, 1788720728.760497, 1788720728.807266, 1788720728.856172, 1788720728.9060423, 1788720728.9488263, 1788720728.9950876, 1788720729.0406404, 1788720729.0881877, 1788720729.1320019, 1788720729.1778095, 1788720729.223169, 1788720729.2690175, 1788720729.314359, 1788720729.3596606, 1788720729.4054008, 1788720729.4509315, 1788720729.4966593, 1788720729.5419526, 1788720729.5876741, 1788720729.6332467, 1788720729.678776, 1788720729.7243307, 1788720729.769685, 1788720729.8152952, 1788720729.86297, 1788720729.9056518, 1788720729.9506667, 1788720730.001842, 1788720730.0410671, 1788720730.0855174, 1788720730.1322224, 1788720730.1751206, 1788720730.2195516, 1788720730.2674673, 1788720730.308561, 1788720730.3529222, 1788720730.3970563, 1788720730.4413855, 1788720730.4856117, 1788720730.5300477, 1788720730.5754437, 1788720730.6181204, 1788720730.6618009, 1788720730.7069468, 1788720730.751041, 1788720730.7948186, 1788720730.8382134, 1788720730.881787, 1788720730.9257638, 1788720730.9691133, 1788720731.0131183, 1788720731.056636, 1788720731.1001284, 1788720731.1441982, 1788720731.187893, 1788720731.2314239, 1788720731.2797215, 1788720731.3188033, 1788720731.362248, 1788720731.4060726, 1788720731.4494786, 1788720731.493205, 1788720731.5368662, 1788720731.58048, 1788720731.624171, 1788720731.6691961, 1788720731.7129574, 1788720731.752146, 1788720731.789461, 1788720731.8287787, 1788720731.8677216, 1788720731.9079795, 1788720731.9453585, 1788720731.9838047, 1788720732.022289, 1788720732.0611444, 1788720732.0995798, 1788720732.138312, 1788720732.176914, 1788720732.2151392, 1788720732.254417, 1788720732.2929904, 1788720732.3311617, 1788720732.370655, 1788720732.4090452, 1788720732.4466379, 1788720732.4868293, 1788720732.5252943, 1788720732.5638804, 1788720732.6026313, 1788720732.6411254, 1788720732.6800675, 1788720732.7186875, 1788720732.7569716, 1788720732.7960637, 1788720732.834525, 1788720732.8746777, 1788720732.9105473, 1788720732.9481714, 1788720732.9880576, 1788720733.0225804, 1788720733.0597253, 1788720733.0971022, 1788720733.1341107, 1788720733.1711173, 1788720733.2084293, 1788720733.2454298, 1788720733.282466, 1788720733.3200452, 1788720733.3569171, 1788720733.393876, 1788720733.4312057, 1788720733.4683406, 1788720733.5055447, 1788720733.5426385, 1788720733.5796719, 1788720733.6171293, 1788720733.6542432, 1788720733.691488, 1788720733.7284966, 1788720733.7654903, 1788720733.8051496, 1788720733.8394063, 1788720733.8761477, 1788720733.912725, 1788720733.949748, 1788720733.98641, 1788720734.0281446, 1788720734.060356, 1788720734.0967536, 1788720734.1340535, 1788720734.1708488, 1788720734.207296, 1788720734.2444115, 1788720734.2810264, 1788720734.3176167, 1788720734.3546724, 1788720734.39129, 1788720734.428054, 1788720734.4649653, 1788720734.5020552, 1788720734.538232, 1788720734.5753088, 1788720734.6119454, 1788720734.6486485, 1788720734.686225, 1788720734.7225025, 1788720734.7615416, 1788720734.7959747, 1788720734.8325496, 1788720734.8693633, 1788720734.9057395, 1788720734.9422503, 1788720734.9791293, 1788720735.0155725, 1788720735.052091, 1788720735.0892148, 1788720735.1260664, 1788720735.1622221, 1788720735.199191, 1788720735.2356088, 1788720735.272261, 1788720735.3091025, 1788720735.3457413, 1788720735.3823109, 1788720735.4193597, 1788720735.4556634, 1788720735.4926875, 1788720735.5292304, 1788720735.5657184, 1788720735.6028059, 1788720735.6425467, 1788720735.6775045, 1788720735.7046795, 1788720735.7351837, 1788720735.7649164, 1788720735.793975, 1788720735.8240721, 1788720735.8542912, 1788720735.8880486, 1788720735.9146597, 1788720735.9449923, 1788720735.975224, 1788720736.006095, 1788720736.0373363, 1788720736.0683045, 1788720736.0984337, 1788720736.1287637, 1788720736.1593342, 1788720736.1896718, 1788720736.2209787, 1788720736.2520053, 1788720736.2832894, 1788720736.3134184, 1788720736.3438175, 1788720736.3740625, 1788720736.405044, 1788720736.4360967, 1788720736.4672055, 1788720736.4975896, 1788720736.5278966, 1788720736.558151, 1788720736.589123, 1788720736.6194642, 1788720736.6497407, 1788720736.6798127, 1788720736.7134485]","[1, 1, 1, 1, 1, 1, 1, 1, 1, 1, 1, 1, 1, 1, 1, 1, 1, 1, 1, 1, 1, 1, 1, 1, 1, 1, 1, 1, 1, 1, 1, 1, 1, 1, 1, 1, 1, 1, 1, 1, 1, 1, 1, 1, 1, 1, 1, 1, 1, 1, 1, 1, 1, 1, 1, 1, 1, 1, 1, 1, 1, 1, 1, 1, 1, 1, 1, 1, 1, 1, 1, 1, 1, 1, 1, 1, 1, 1, 1, 1, 1, 1, 1, 1, 1, 1, 1, 1, 1, 1, 1, 1, 1, 1, 1, 1, 1, 1, 1, 1, 1, 1, 1, 1, 1, 1, 1, 1, 1, 1, 1, 1, 1, 1, 1, 1, 1, 1, 1, 1, 1, 1, 1, 1, 1, 1, 1, 1, 1, 1, 1, 1, 1, 1, 1, 1, 1, 1, 1, 1, 1, 1, 1, 1, 1, 1, 1, 1, 1, 1, 1, 1, 1, 1, 1, 1, 1, 1, 1, 1, 1, 1, 1, 1, 1, 1, 1, 1, 1, 1, 1, 1, 1, 1, 1, 1, 1, 1, 1, 1, 1, 1, 1, 1, 1, 1, 1, 1, 1, 1, 1, 1, 1, 1, 1, 1, 1, 1, 1, 1, 1, 1, 1, 1, 1, 1, 1, 1, 1, 1, 1, 1, 1, 1, 1, 1, 1, 1, 1, 1, 1, 1, 1, 1, 1, 1, 1, 1, 1, 1, 1, 1, 1, 1, 1, 1, 1, 1, 1, 1, 1, 1, 1, 1, 1, 1, 1, 1, 1, 1, 1, 1, 1, 1, 1, 1, 1, 1, 1, 1, 1, 1, 1, 1, 1, 1, 1, 1, 1, 1, 1, 1, 1, 1, 1, 1, 1, 1, 1, 1, 1, 1, 1, 1, 1, 1, 1, 1, 1, 1, 1, 1, 1, 1, 1, 1, 1, 1, 1, 1, 1, 1, 1, 1, 1, 1, 1, 1, 1, 1, 1, 1, 1, 1, 1, 1, 1, 1, 1, 1, 1, 1, 1, 1, 1, 1, 1, 1, 1, 1, 1, 1, 1, 1, 1, 1, 1, 1, 1, 1, 1, 1, 1, 1, 1, 1, 1, 1, 1, 1, 1, 1, 1, 1, 1, 1, 1, 1, 1, 1, 1, 1, 1, 1, 1, 1, 1, 1, 1, 1, 1, 1, 1, 1, 1, 1, 1, 1, 1, 1, 1, 1, 1, 1, 1, 1, 1, 1, 1, 1, 1, 1, 1, 1, 1, 1, 1, 1, 1, 1, 1, 1, 1, 1, 1, 1, 1, 1, 1, 1, 1, 1, 1, 1, 1, 1, 1, 1, 1, 1, 1, 1, 1, 1, 1, 1, 1, 1, 1, 1, 1, 1, 1, 1, 1, 1, 1, 1, 1, 1, 1, 1, 1, 1, 1, 1, 1, 1, 1, 1, 1, 1, 1, 1, 1, 1, 1, 1, 1, 1, 1, 1, 1, 1, 1, 1, 1, 1, 1, 1, 1, 1, 1, 1, 1, 1, 1, 1, 1, 1, 1, 1, 1, 1, 1, 1, 1, 1, 1, 1, 1, 1, 1, 1, 1, 1, 1, 1, 1, 1, 1, 1, 1, 1, 1, 1, 1, 1, 1, 1, 1, 1, 1, 1, 1, 1, 1, 1, 1, 1, 1, 1, 1, 1, 1, 1, 1, 1, 1, 1, 1, 1, 1, 1, 1, 1, 1, 1, 1, 1, 1, 1, 1, 1, 1, 1, 1, 1, 1, 1, 1, 1, 1, 1, 1, 1, 1, 1, 1, 1]"
User-044,1,trace_0272,1788720728.9185708,streaming,27550,252,252,383,46,46.21012806892395,207.99594926834106,0.644565024698873,14.0,0,True,,1788720520.9225125,1788720567.1326406,1788720728.9184618,"[1788720567.1326406, 1788720567.7071893, 1788720568.3491528, 1788720569.0370836, 1788720569.7541823, 1788720570.496607, 1788720571.2921917, 1788720571.8472066, 1788720572.4604506, 1788720573.1048458, 1788720573.778757, 1788720574.4819124, 1788720575.213784, 1788720575.980071, 1788720576.786352, 1788720577.4076421, 1788720577.9923184, 1788720578.6308873, 1788720579.3042893, 1788720579.8962047, 1788720580.483022, 1788720581.122828, 1788720581.7939806, 1788720582.4934094, 1788720583.220695, 1788720583.9857674, 1788720584.781701, 1788720585.608209, 1788720586.4683783, 1788720587.3553762, 1788720588.2343037, 1788720588.7920482, 1788720589.4079273, 1788720590.0597699, 1788720590.7349954, 1788720591.4125395, 1788720591.9851027, 1788720592.627334, 1788720593.2967706, 1788720593.99949, 1788720594.725759, 1788720595.4806993, 1788720596.2723825, 1788720597.0900085, 1788720597.933052, 1788720598.6721976, 1788720599.2358208, 1788720599.8676896, 1788720600.5418682, 1788720601.2532012, 1788720601.9820957, 1788720602.6449215, 1788720603.2466664, 1788720603.9038727, 1788720604.5840495, 1788720605.295355, 1788720606.0340426, 1788720606.8020718, 1788720607.6001146, 1788720608.4321313, 1788720609.2842085, 1788720609.9203954, 1788720610.499735, 1788720611.1395235, 1788720611.8099, 1788720612.5096262, 1788720613.2232988, 1788720613.788522, 1788720614.404025, 1788720615.0545607, 1788720615.7356803, 1788720616.4474523, 1788720617.1879547, 1788720617.9721649, 1788720618.5958776, 1788720619.1837506, 1788720619.8441007, 1788720620.5343456, 1788720621.2573707, 1788720621.9949145, 1788720622.7657979, 1788720623.520949, 1788720624.1146326, 1788720624.7590876, 1788720625.366372, 1788720625.9919977, 1788720626.6547947, 1788720627.342971, 1788720628.0602524, 1788720628.8329766, 1788720629.5843422, 1788720630.3956773, 1788720631.2401369, 1788720632.1118202, 1788720633.0076005, 1788720633.9237285, 1788720634.7374492, 1788720635.2961156, 1788720635.9238124, 1788720636.595925, 1788720637.30051, 1788720638.035767, 1788720638.796698, 1788720639.587953, 1788720640.1499932, 1788720640.7608058, 1788720641.4076712, 1788720642.0827935, 1788720642.7890036, 1788720643.5222895, 1788720644.288933, 1788720645.0884285, 1788720645.8645988, 1788720646.425492, 1788720647.048067, 1788720647.6984727, 1788720648.3644683, 1788720648.9346411, 1788720649.5520804, 1788720650.2008567, 1788720650.8827388, 1788720651.5951502, 1788720652.3338382, 1788720652.972812, 1788720653.5530157, 1788720654.1879785, 1788720654.8529458, 1788720655.5489736, 1788720656.270071, 1788720657.0254328, 1788720657.6821747, 1788720658.2603512, 1788720658.8925579, 1788720659.5577059, 1788720660.251284, 1788720660.9767246, 1788720661.741221, 1788720662.5409076, 1788720663.3672955, 1788720664.237606, 1788720665.1296299, 1788720666.048167, 1788720666.7543051, 1788720667.3272064, 1788720667.9592175, 1788720668.6238332, 1788720669.3217928, 1788720670.046477, 1788720670.8188474, 1788720671.609268, 1788720672.1731167, 1788720672.7880597, 1788720673.4436102, 1788720674.128953, 1788720674.851661, 1788720675.6040852, 1788720676.390549, 1788720677.1990175, 1788720677.8352087, 1788720678.4172862, 1788720679.0550213, 1788720679.7263021, 1788720680.4273143, 1788720681.1574602, 1788720681.9162014, 1788720682.5930824, 1788720683.1630177, 1788720683.7927063, 1788720684.4546928, 1788720685.1513581, 1788720685.8650115, 1788720686.616706, 1788720687.401452, 1788720688.0281, 1788720688.6293602, 1788720689.2843716, 1788720689.971636, 1788720690.680066, 1788720691.4105818, 1788720691.9915597, 1788720692.6317208, 1788720693.2976973, 1788720693.9925582, 1788720694.7125297, 1788720695.3118966, 1788720695.9076042, 1788720696.5478647, 1788720697.2245069, 1788720697.925407, 1788720698.6374686, 1788720699.208525, 1788720699.8247492, 1788720700.473016, 1788720701.154831, 1788720701.8605628, 1788720702.6024032, 1788720703.3772433, 1788720704.192184, 1788720705.0330224, 1788720705.9459422, 1788720706.4970026, 1788720707.108876, 1788720707.7535107, 1788720708.4302084, 1788720709.036998, 1788720709.6559665, 1788720710.3186438, 1788720711.0043416, 1788720711.7231548, 1788720712.4660351, 1788720713.2411766, 1788720714.0520816, 1788720714.6698542, 1788720715.2779396, 1788720715.9398744, 1788720716.6320574, 1788720717.349579, 1788720718.100188, 1788720718.8804474, 1788720719.6953201, 1788720720.5334737, 1788720721.1639762, 1788720721.7455103, 1788720722.3868396, 1788720723.064164, 1788720723.778635, 1788720724.5228534, 1788720725.301351, 1788720726.1039011, 1788720726.9358327, 1788720727.799048, 1788720727.991333, 1788720728.001235, 1788720728.0564497, 1788720728.1059647, 1788720728.1534097, 1788720728.1999593, 1788720728.2499213, 1788720728.2980194, 1788720728.3480175, 1788720728.3930647, 1788720728.44007, 1788720728.4885414, 1788720728.5337498, 1788720728.581722, 1788720728.628648, 1788720728.675735, 1788720728.7240603, 1788720728.7711587, 1788720728.8174036, 1788720728.8668385, 1788720728.9168122]","[1, 1, 1, 1, 1, 1, 1, 1, 1, 1, 1, 1, 1, 1, 1, 1, 1, 1, 1, 1, 1, 1, 1, 1, 1, 1, 1, 1, 1, 1, 1, 1, 1, 1, 1, 1, 1, 1, 1, 1, 1, 1, 1, 1, 1, 1, 1, 1, 1, 1, 1, 1, 1, 1, 1, 1, 1, 1, 1, 1, 1, 1, 1, 1, 1, 1, 1, 1, 1, 1, 1, 1, 1, 1, 1, 1, 1, 1, 1, 1, 1, 1, 1, 1, 1, 1, 1, 1, 1, 1, 1, 1, 1, 1, 1, 1, 1, 1, 1, 1, 1, 1, 1, 1, 1, 1, 1, 1, 1, 1, 1, 1, 1, 1, 1, 1, 1, 1, 1, 1, 1, 1, 1, 1, 1, 1, 1, 1, 1, 1, 1, 1, 1, 1, 1, 1, 1, 1, 1, 1, 1, 1, 1, 1, 1, 1, 1, 1, 1, 1, 1, 1, 1, 1, 1, 1, 1, 1, 1, 1, 1, 1, 1, 1, 1, 1, 1, 1, 1, 1, 1, 1, 1, 1, 1, 1, 1, 1, 1, 1, 1, 1, 1, 1, 1, 1, 1, 1, 1, 1, 1, 1, 1, 1, 1, 1, 1, 1, 1, 1, 1, 1, 1, 1, 1, 1, 1, 1, 1, 1, 1, 1, 1, 1, 1, 1, 1, 1, 1, 1, 1, 1, 1, 1, 1, 1, 1, 1, 1, 1, 1, 1, 1, 1, 1, 1, 1, 1, 1, 1, 1, 1, 1, 1, 1, 1, 1, 1, 1, 1, 1, 1]"
User-047,4,trace_0228,1788720731.6766162,streaming,10252,110,110,297,3,16.912076234817505,39.559321880340576,0.2077728958304869,7.0,0,True,,1788720692.1172094,1788720709.0292857,1788720731.6765313,"[1788720709.0292857, 1788720709.6466074, 1788720710.309004, 1788720710.9954815, 1788720711.7133963, 1788720712.4563632, 1788720713.231643, 1788720714.0422456, 1788720714.6595314, 1788720715.2678492, 1788720715.92969, 1788720716.6220384, 1788720717.3415484, 1788720718.090305, 1788720718.8698022, 1788720719.6851943, 1788720720.5233183, 1788720721.1535716, 1788720721.7370186, 1788720722.376049, 1788720723.0534425, 1788720723.7685285, 1788720724.5127, 1788720725.290886, 1788720726.094063, 1788720726.9259872, 1788720727.7891967, 1788720727.9810216, 1788720727.996848, 1788720728.0462596, 1788720728.096112, 1788720728.1439025, 1788720728.1914167, 1788720728.2397375, 1788720728.2871935, 1788720728.33793, 1788720728.3830292, 1788720728.4305646, 1788720728.4798336, 1788720728.5243905, 1788720728.5722919, 1788720728.6192107, 1788720728.6660538, 1788720728.714521, 1788720728.761498, 1788720728.808268, 1788720728.8571672, 1788720728.907086, 1788720728.9498599, 1788720728.9960814, 1788720729.0416403, 1788720729.0891922, 1788720729.1330142, 1788720729.178832, 1788720729.2241802, 1788720729.270009, 1788720729.3153954, 1788720729.3606646, 1788720729.4064004, 1788720729.4519217, 1788720729.4976592, 1788720729.5429807, 1788720729.5886736, 1788720729.6342392, 1788720729.6797678, 1788720729.7253282, 1788720729.7706838, 1788720729.8162973, 1788720729.8644443, 1788720729.9066718, 1788720729.9516976, 1788720730.0029078, 1788720730.0420892, 1788720730.0865164, 1788720730.1332238, 1788720730.176117, 1788720730.2205412, 1788720730.268488, 1788720730.309338, 1788720730.3539202, 1788720730.3980527, 1788720730.4423711, 1788720730.4866116, 1788720730.5310822, 1788720730.5764365, 1788720730.6191673, 1788720730.66283, 1788720730.7077281, 1788720730.753697, 1788720730.7975006, 1788720730.8408778, 1788720730.8844795, 1788720730.9284306, 1788720730.971, 1788720731.0157921, 1788720731.059301, 1788720731.1027634, 1788720731.1468475, 1788720731.1905897, 1788720731.234064, 1788720731.2824247, 1788720731.3214505, 1788720731.3649592, 1788720731.408842, 1788720731.451351, 1788720731.4958622, 1788720731.5395308, 1788720731.5831249, 1788720731.6268432, 1788720731.6718903]","[1, 1, 1, 1, 1, 1, 1, 1, 1, 1, 1, 1, 1, 1, 1, 1, 1, 1, 1, 1, 1, 1, 1, 1, 1, 1, 1, 1, 1, 1, 1, 1, 1, 1, 1, 1, 1, 1, 1, 1, 1, 1, 1, 1, 1, 1, 1, 1, 1, 1, 1, 1, 1, 1, 1, 1, 1, 1, 1, 1, 1, 1, 1, 1, 1, 1, 1, 1, 1, 1, 1, 1, 1, 1, 1, 1, 1, 1, 1, 1, 1, 1, 1, 1, 1, 1, 1, 1, 1, 1, 1, 1, 1, 1, 1, 1, 1, 1, 1, 1, 1, 1, 1, 1, 1, 1, 1, 1, 1, 1]"
User-053,0,trace_0176,1788720714.0527692,streaming,29937,291,291,0,467,24.412144899368286,227.92149448394775,0.7017563778778603,0.0,0,True,,1788720486.131218,1788720510.5433629,1788720714.0527124,"[1788720510.5433629, 1788720511.0970244, 1788720511.7215059, 1788720512.3776183, 1788720513.0640266, 1788720513.7817774, 1788720514.5290177, 1788720515.2467031, 1788720515.81846, 1788720516.4595969, 1788720517.1315925, 1788720517.8345096, 1788720518.568279, 1788720519.3213596, 1788720520.114915, 1788720520.9370463, 1788720521.5838497, 1788720522.1794736, 1788720522.832676, 1788720523.5143754, 1788720524.2194781, 1788720524.9538174, 1788720525.7191591, 1788720526.515329, 1788720527.3433578, 1788720528.2062945, 1788720529.0976672, 1788720530.020183, 1788720530.9039106, 1788720531.4521525, 1788720532.0703282, 1788720532.7217543, 1788720533.4043126, 1788720534.1121163, 1788720534.763243, 1788720535.3426595, 1788720535.9714894, 1788720536.635547, 1788720537.325468, 1788720538.0436962, 1788720538.7944343, 1788720539.5805693, 1788720540.3974779, 1788720541.029367, 1788720541.6290975, 1788720542.281947, 1788720542.964253, 1788720543.6727817, 1788720544.4093835, 1788720545.1715238, 1788720545.9691348, 1788720546.796194, 1788720547.6502368, 1788720548.5407932, 1788720549.4653807, 1788720550.2745805, 1788720550.8402662, 1788720551.487573, 1788720552.1596847, 1788720552.8647268, 1788720553.5957444, 1788720554.3580031, 1788720555.1519074, 1788720555.7566078, 1788720556.3406417, 1788720556.9794965, 1788720557.6529863, 1788720558.3634224, 1788720558.9526691, 1788720559.5394092, 1788720560.1799839, 1788720560.8525014, 1788720561.5530927, 1788720562.282902, 1788720563.0481615, 1788720563.8551996, 1788720564.69336, 1788720565.5644808, 1788720566.4571166, 1788720567.124226, 1788720567.6990266, 1788720568.340665, 1788720569.028943, 1788720569.746078, 1788720570.4884913, 1788720571.2829127, 1788720571.838554, 1788720572.4530468, 1788720573.09624, 1788720573.770113, 1788720574.4733071, 1788720575.2056544, 1788720575.9714642, 1788720576.7777784, 1788720577.3994093, 1788720577.9802306, 1788720578.6215305, 1788720579.2951832, 1788720579.887764, 1788720580.4749107, 1788720581.1135054, 1788720581.7848058, 1788720582.4840991, 1788720583.2113912, 1788720583.9764886, 1788720584.772435, 1788720585.5989678, 1788720586.460369, 1788720587.3459458, 1788720588.2243164, 1788720588.78242, 1788720589.39823, 1788720590.0500078, 1788720590.7252388, 1788720591.402608, 1788720591.975941, 1788720592.61747, 1788720593.2879534, 1788720593.9896016, 1788720594.7159274, 1788720595.4723177, 1788720596.2626264, 1788720597.079665, 1788720597.9250393, 1788720598.661741, 1788720599.2271717, 1788720599.8567367, 1788720600.5371885, 1788720601.243069, 1788720601.9723659, 1788720602.634439, 1788720603.2364683, 1788720603.8936672, 1788720604.5750246, 1788720605.285032, 1788720606.0237815, 1788720606.791807, 1788720607.5909376, 1788720608.4215806, 1788720609.2753224, 1788720609.9095025, 1788720610.4891663, 1788720611.128671, 1788720611.799259, 1788720612.4988856, 1788720613.2128859, 1788720613.7779286, 1788720614.3941717, 1788720615.0438745, 1788720615.7261996, 1788720616.4366636, 1788720617.1775439, 1788720617.9622996, 1788720618.5859191, 1788720619.173878, 1788720619.8345776, 1788720620.5241501, 1788720621.252318, 1788720621.9840791, 1788720622.7558932, 1788720623.5105193, 1788720624.1045241, 1788720624.748005, 1788720625.3558884, 1788720625.981928, 1788720626.6447692, 1788720627.332851, 1788720628.0502217, 1788720628.8279285, 1788720629.5744324, 1788720630.385841, 1788720631.2287636, 1788720632.1024213, 1788720632.9978478, 1788720633.9169428, 1788720634.7270353, 1788720635.2859323, 1788720635.9131904, 1788720636.58628, 1788720637.2918613, 1788720638.0274131, 1788720638.7872212, 1788720639.5779982, 1788720640.1399627, 1788720640.7519653, 1788720641.397503, 1788720642.0736413, 1788720642.7787933, 1788720643.5121193, 1788720644.2802503, 1788720645.0781255, 1788720645.8539753, 1788720646.4158523, 1788720647.0373049, 1788720647.6878793, 1788720648.3530028, 1788720648.9234927, 1788720649.540887, 1788720650.1909497, 1788720650.8724742, 1788720651.5841155, 1788720652.3228002, 1788720652.9611783, 1788720653.5430186, 1788720654.1764786, 1788720654.8414218, 1788720655.5385036, 1788720656.261101, 1788720657.0138803, 1788720657.672413, 1788720658.249164, 1788720658.881389, 1788720659.5459611, 1788720660.2396033, 1788720660.9636216, 1788720661.7310822, 1788720662.531044, 1788720663.3572094, 1788720664.2262328, 1788720665.1198792, 1788720666.0369394, 1788720666.7423987, 1788720667.3151562, 1788720667.9474432, 1788720668.613829, 1788720669.3102624, 1788720670.0380998, 1788720670.807065, 1788720671.5992882, 1788720672.1629486, 1788720672.7770402, 1788720673.430989, 1788720674.1173887, 1788720674.8406172, 1788720675.593093, 1788720676.3782713, 1788720677.1875198, 1788720677.8234, 1788720678.4055457, 1788720679.0433328, 1788720679.7141743, 1788720680.4158328, 1788720681.1476173, 1788720681.9061642, 1788720682.5842226, 1788720683.151993, 1788720683.7815905, 1788720684.4435947, 1788720685.139964, 1788720685.8536997, 1788720686.607241, 1788720687.391888, 1788720688.0166814, 1788720688.6186101, 1788720689.274249, 1788720689.960748, 1788720690.6703384, 1788720691.4007368, 1788720691.9811714, 1788720692.6214774, 1788720693.287328, 1788720693.9834368, 1788720694.7024436, 1788720695.3011742, 1788720695.8969624, 1788720696.5376923, 1788720697.2149978, 1788720697.9147933, 1788720698.6280377, 1788720699.197974, 1788720699.8135805, 1788720700.461801, 1788720701.1436245, 1788720701.8506567, 1788720702.5912144, 1788720703.3657732, 1788720704.1812668, 1788720705.021854, 1788720705.9371984, 1788720706.4855514, 1788720707.097679, 1788720707.7422283, 1788720708.4187245, 1788720709.027328, 1788720709.6449983, 1788720710.3074343, 1788720710.9938731, 1788720711.7118406, 1788720712.4548116, 1788720713.2300992, 1788720714.0386012]","[1, 1, 1, 1, 1, 1, 1, 1, 1, 1, 1, 1, 1, 1, 1, 1, 1, 1, 1, 1, 1, 1, 1, 1, 1, 1, 1, 1, 1, 1, 1, 1, 1, 1, 1, 1, 1, 1, 1, 1, 1, 1, 1, 1, 1, 1, 1, 1, 1, 1, 1, 1, 1, 1, 1, 1, 1, 1, 1, 1, 1, 1, 1, 1, 1, 1, 1, 1, 1, 1, 1, 1, 1, 1, 1, 1, 1, 1, 1, 1, 1, 1, 1, 1, 1, 1, 1, 1, 1, 1, 1, 1, 1, 1, 1, 1, 1, 1, 1, 1, 1, 1, 1, 1, 1, 1, 1, 1, 1, 1, 1, 1, 1, 1, 1, 1, 1, 1, 1, 1, 1, 1, 1, 1, 1, 1, 1, 1, 1, 1, 1, 1, 1, 1, 1, 1, 1, 1, 1, 1, 1, 1, 1, 1, 1, 1, 1, 1, 1, 1, 1, 1, 1, 1, 1, 1, 1, 1, 1, 1, 1, 1, 1, 1, 1, 1, 1, 1, 1, 1, 1, 1, 1, 1, 1, 1, 1, 1, 1, 1, 1, 1, 1, 1, 1, 1, 1, 1, 1, 1, 1, 1, 1, 1, 1, 1, 1, 1, 1, 1, 1, 1, 1, 1, 1, 1, 1, 1, 1, 1, 1, 1, 1, 1, 1, 1, 1, 1, 1, 1, 1, 1, 1, 1, 1, 1, 1, 1, 1, 1, 1, 1, 1, 1, 1, 1, 1, 1, 1, 1, 1, 1, 1, 1, 1, 1, 1, 1, 1, 1, 1, 1, 1, 1, 1, 1, 1, 1, 1, 1, 1, 1, 1, 1, 1, 1, 1, 1, 1, 1, 1, 1, 1, 1, 1, 1, 1, 1, 1, 1, 1, 1, 1, 1, 1, 1, 1, 1, 1, 1, 1]"
User-030,4,trace_0082,1788720730.7140462,streaming,5775,208,208,244,89,24.82518196105957,130.17968440055847,0.5089589489830865,175.0,0,True,,1788720600.5342498,1788720625.3594317,1788720730.7139342,"[1788720625.3594317, 1788720625.9851682, 1788720626.6479034, 1788720627.3360572, 1788720628.0534055, 1788720628.8294084, 1788720629.5777493, 1788720630.3892317, 1788720631.2337577, 1788720632.105766, 1788720633.001013, 1788720633.918456, 1788720634.7308533, 1788720635.2896647, 1788720635.9172554, 1788720636.5894854, 1788720637.2951655, 1788720638.0306041, 1788720638.7903502, 1788720639.5818284, 1788720640.1436229, 1788720640.7556891, 1788720641.4012215, 1788720642.0773394, 1788720642.7825098, 1788720643.5158377, 1788720644.2839527, 1788720645.081958, 1788720645.8574748, 1788720646.4200163, 1788720647.0409954, 1788720647.6915863, 1788720648.3575194, 1788720648.9277058, 1788720649.5451212, 1788720650.1951575, 1788720650.8767169, 1788720651.5883026, 1788720652.3268337, 1788720652.9660861, 1788720653.547728, 1788720654.1811876, 1788720654.846095, 1788720655.5432606, 1788720656.265757, 1788720657.01859, 1788720657.6768038, 1788720658.253703, 1788720658.886231, 1788720659.550712, 1788720660.244393, 1788720660.9683344, 1788720661.7360504, 1788720662.5356777, 1788720663.3619282, 1788720664.231095, 1788720665.124538, 1788720666.041697, 1788720666.7479482, 1788720667.3206615, 1788720667.9527962, 1788720668.6190276, 1788720669.3154676, 1788720670.043477, 1788720670.8123777, 1788720671.6052222, 1788720672.1682806, 1788720672.7827826, 1788720673.4371128, 1788720674.123117, 1788720674.8463128, 1788720675.599089, 1788720676.3841674, 1788720677.1935267, 1788720677.829822, 1788720678.411828, 1788720679.0495665, 1788720679.720691, 1788720680.4219224, 1788720681.1540265, 1788720681.9123423, 1788720682.590244, 1788720683.1581056, 1788720683.7878091, 1788720684.449739, 1788720685.1463196, 1788720685.8599894, 1788720686.613388, 1788720687.3974748, 1788720688.023586, 1788720688.6248322, 1788720689.2809064, 1788720689.966939, 1788720690.676461, 1788720691.4067063, 1788720691.987543, 1788720692.6279058, 1788720693.29365, 1788720693.9897351, 1788720694.7085867, 1788720695.3072379, 1788720695.9032097, 1788720696.5439, 1788720697.2212713, 1788720697.9209595, 1788720698.635164, 1788720699.205124, 1788720699.8202589, 1788720700.4684699, 1788720701.150358, 1788720701.8573523, 1788720702.5979433, 1788720703.3728132, 1788720704.187759, 1788720705.0285113, 1788720705.9431949, 1788720706.491936, 1788720707.1038983, 1788720707.7485442, 1788720708.4252248, 1788720709.033611, 1788720709.651319, 1788720710.3136673, 1788720711.0002334, 1788720711.7181115, 1788720712.4610445, 1788720713.2362604, 1788720714.0473466, 1788720714.6649601, 1788720715.2729976, 1788720715.9349356, 1788720716.627408, 1788720717.3468528, 1788720718.0956013, 1788720718.8750913, 1788720719.690412, 1788720720.5284762, 1788720721.1585388, 1788720721.7421842, 1788720722.3812904, 1788720723.058992, 1788720723.773196, 1788720724.5174086, 1788720725.295882, 1788720726.098273, 1788720726.9302676, 1788720727.7934766, 1788720727.9849684, 1788720727.9985914, 1788720728.0503876, 1788720728.1000512, 1788720728.147935, 1788720728.1953773, 1788720728.2436774, 1788720728.2914956, 1788720728.3421912, 1788720728.3864856, 1788720728.4341497, 1788720728.4832873, 1788720728.5278375, 1788720728.575777, 1788720728.6226962, 1788720728.669787, 1788720728.7182631, 1788720728.765234, 1788720728.8119903, 1788720728.8609102, 1788720728.9108253, 1788720728.9537365, 1788720728.9997826, 1788720729.04538, 1788720729.0929568, 1788720729.136727, 1788720729.1825125, 1788720729.227866, 1788720729.2737226, 1788720729.3190653, 1788720729.3643644, 1788720729.4101315, 1788720729.4556205, 1788720729.5013788, 1788720729.5466886, 1788720729.5923371, 1788720729.6379256, 1788720729.683459, 1788720729.72906, 1788720729.7743657, 1788720729.8200092, 1788720729.8683589, 1788720729.909913, 1788720729.9548857, 1788720730.0062659, 1788720730.0450306, 1788720730.0897367, 1788720730.136419, 1788720730.1793318, 1788720730.223737, 1788720730.271705, 1788720730.3117783, 1788720730.357083, 1788720730.401252, 1788720730.4455457, 1788720730.4898138, 1788720730.53423, 1788720730.5796099, 1788720730.6223614, 1788720730.6660094, 1788720730.7101142]","[1, 1, 1, 1, 1, 1, 1, 1, 1, 1, 1, 1, 1, 1, 1, 1, 1, 1, 1, 1, 1, 1, 1, 1, 1, 1, 1, 1, 1, 1, 1, 1, 1, 1, 1, 1, 1, 1, 1, 1, 1, 1, 1, 1, 1, 1, 1, 1, 1, 1, 1, 1, 1, 1, 1, 1, 1, 1, 1, 1, 1, 1, 1, 1, 1, 1, 1, 1, 1, 1, 1, 1, 1, 1, 1, 1, 1, 1, 1, 1, 1, 1, 1, 1, 1, 1, 1, 1, 1, 1, 1, 1, 1, 1, 1, 1, 1, 1, 1, 1, 1, 1, 1, 1, 1, 1, 1, 1, 1, 1, 1, 1, 1, 1, 1, 1, 1, 1, 1, 1, 1, 1, 1, 1, 1, 1, 1, 1, 1, 1, 1, 1, 1, 1, 1, 1, 1, 1, 1, 1, 1, 1, 1, 1, 1, 1, 1, 1, 1, 1, 1, 1, 1, 1, 1, 1, 1, 1, 1, 1, 1, 1, 1, 1, 1, 1, 1, 1, 1, 1, 1, 1, 1, 1, 1, 1, 1, 1, 1, 1, 1, 1, 1, 1, 1, 1, 1, 1, 1, 1, 1, 1, 1, 1, 1, 1, 1, 1, 1, 1, 1, 1, 1, 1, 1, 1, 1, 1]"
User-038,1,trace_0661,1788720723.0649195,streaming,21049,288,288,319,9,30.429105281829834,231.90618515014648,0.7020107312484901,10.0,0,True,,1788720491.158647,1788720521.5877523,1788720723.0648322,"[1788720521.5877523, 1788720522.1830995, 1788720522.836337, 1788720523.5183501, 1788720524.2231345, 1788720524.9574492, 1788720525.7228127, 1788720526.5191934, 1788720527.3469896, 1788720528.210544, 1788720529.1013222, 1788720530.0238457, 1788720530.9076514, 1788720531.4558291, 1788720532.0740716, 1788720532.7255182, 1788720533.407994, 1788720534.1158743, 1788720534.7666903, 1788720535.3464658, 1788720535.9752233, 1788720536.6394234, 1788720537.3287857, 1788720538.0506122, 1788720538.7977598, 1788720539.5838559, 1788720540.4007032, 1788720541.0323658, 1788720541.6323059, 1788720542.2851915, 1788720542.9674554, 1788720543.6759677, 1788720544.412644, 1788720545.1747139, 1788720545.9724982, 1788720546.7992992, 1788720547.6534574, 1788720548.5438802, 1788720549.4684072, 1788720550.2785559, 1788720550.8439567, 1788720551.491407, 1788720552.1633844, 1788720552.8683345, 1788720553.5994227, 1788720554.3617094, 1788720555.15556, 1788720555.7604504, 1788720556.3444977, 1788720556.983111, 1788720557.6566477, 1788720558.3670835, 1788720558.9560854, 1788720559.5431056, 1788720560.1838057, 1788720560.8562894, 1788720561.5568426, 1788720562.2866476, 1788720563.0520418, 1788720563.8591921, 1788720564.6967394, 1788720565.567584, 1788720566.4604366, 1788720567.127285, 1788720567.7021616, 1788720568.3441691, 1788720569.0321426, 1788720569.7492774, 1788720570.4916415, 1788720571.2861753, 1788720571.8417747, 1788720572.4560518, 1788720573.0994115, 1788720573.7732973, 1788720574.476503, 1788720575.2087767, 1788720575.9746566, 1788720576.7809567, 1788720577.402385, 1788720577.9833984, 1788720578.6248612, 1788720579.2986019, 1788720579.8908203, 1788720580.4770772, 1788720581.1168253, 1788720581.7880251, 1788720582.4873958, 1788720583.2146437, 1788720583.9797385, 1788720584.7757058, 1788720585.602181, 1788720586.4636924, 1788720587.3491251, 1788720588.2273889, 1788720588.785618, 1788720589.4014754, 1788720590.053256, 1788720590.7284627, 1788720591.405564, 1788720591.9794607, 1788720592.6202521, 1788720593.2905154, 1788720593.9923913, 1788720594.718647, 1788720595.4751213, 1788720596.265433, 1788720597.0822854, 1788720597.927809, 1788720598.6642787, 1788720599.2296884, 1788720599.8599463, 1788720600.538212, 1788720601.245426, 1788720601.974415, 1788720602.6373293, 1788720603.239034, 1788720603.896271, 1788720604.577707, 1788720605.2876651, 1788720606.026341, 1788720606.7943776, 1788720607.5934896, 1788720608.42442, 1788720609.2780406, 1788720609.912058, 1788720610.4916844, 1788720611.1316006, 1788720611.8019514, 1788720612.5017054, 1788720613.215387, 1788720613.7806458, 1788720614.3967347, 1788720615.0466099, 1788720615.728762, 1788720616.439498, 1788720617.1803446, 1788720617.9648867, 1788720618.5884008, 1788720619.176607, 1788720619.8374822, 1788720620.5268316, 1788720621.2536247, 1788720621.986996, 1788720622.7585614, 1788720623.5139294, 1788720624.1077206, 1788720624.7517812, 1788720625.3584402, 1788720625.984673, 1788720626.6472704, 1788720627.3354132, 1788720628.0529125, 1788720628.8291674, 1788720629.5772424, 1788720630.388729, 1788720631.2332258, 1788720632.1052723, 1788720633.0003858, 1788720633.9182162, 1788720634.7303429, 1788720635.2891703, 1788720635.916754, 1788720636.588983, 1788720637.2946565, 1788720638.0301065, 1788720638.7897115, 1788720639.581327, 1788720640.143135, 1788720640.7551835, 1788720641.4007246, 1788720642.076844, 1788720642.7819998, 1788720643.5153456, 1788720644.2834535, 1788720645.0814674, 1788720645.8569808, 1788720646.4194548, 1788720647.0405, 1788720647.691064, 1788720648.3568401, 1788720648.9272087, 1788720649.5446076, 1788720650.1946442, 1788720650.8762221, 1788720651.587784, 1788720652.3263352, 1788720652.9654605, 1788720653.5472414, 1788720654.1806805, 1788720654.8456087, 1788720655.542758, 1788720656.2652814, 1788720657.018082, 1788720657.6762893, 1788720658.2532103, 1788720658.8857024, 1788720659.5501964, 1788720660.2438953, 1788720660.9678414, 1788720661.7355258, 1788720662.5351934, 1788720663.3614361, 1788720664.2305646, 1788720665.1240525, 1788720666.0412076, 1788720666.7463703, 1788720667.319641, 1788720667.9517958, 1788720668.618016, 1788720669.3144736, 1788720670.0429454, 1788720670.8113885, 1788720671.6040626, 1788720672.1675243, 1788720672.7817814, 1788720673.4360752, 1788720674.1221337, 1788720674.8453312, 1788720675.5980828, 1788720676.3831534, 1788720677.1923842, 1788720677.8278463, 1788720678.410339, 1788720679.0480785, 1788720679.719041, 1788720680.4204772, 1788720681.15251, 1788720681.9108853, 1788720682.5886538, 1788720683.1566331, 1788720683.7863436, 1788720684.448264, 1788720685.1447887, 1788720685.8584735, 1788720686.6118846, 1788720687.3963423, 1788720688.021627, 1788720688.622856, 1788720689.2788732, 1788720689.964969, 1788720690.674687, 1788720691.4046366, 1788720691.9855368, 1788720692.6258874, 1788720693.2916465, 1788720693.9877295, 1788720694.7066178, 1788720695.30514, 1788720695.901209, 1788720696.5419142, 1788720697.2192674, 1788720697.9189792, 1788720698.6322916, 1788720699.2024732, 1788720699.8177745, 1788720700.4659927, 1788720701.147832, 1788720701.8548505, 1788720702.5954652, 1788720703.3703508, 1788720704.1851037, 1788720705.0259752, 1788720705.940711, 1788720706.4893918, 1788720707.101397, 1788720707.7460263, 1788720708.422748, 1788720709.0312264, 1788720709.6488128, 1788720710.3111928, 1788720710.9977267, 1788720711.715633, 1788720712.4585478, 1788720713.233798, 1788720714.044761, 1788720714.6623316, 1788720715.2705176, 1788720715.9324372, 1788720716.6248763, 1788720717.344302, 1788720718.0930595, 1788720718.8725696, 1788720719.6879187, 1788720720.5259936, 1788720721.15601, 1788720721.7397125, 1788720722.378814, 1788720723.0561957]","[1, 1, 1, 1, 1, 1, 1, 1, 1, 1, 1, 1, 1, 1, 1, 1, 1, 1, 1, 1, 1, 1, 1, 1, 1, 1, 1, 1, 1, 1, 1, 1, 1, 1, 1, 1, 1, 1, 1, 1, 1, 1, 1, 1, 1, 1, 1, 1, 1, 1, 1, 1, 1, 1, 1, 1, 1, 1, 1, 1, 1, 1, 1, 1, 1, 1, 1, 1, 1, 1, 1, 1, 1, 1, 1, 1, 1, 1, 1, 1, 1, 1, 1, 1, 1, 1, 1, 1, 1, 1, 1, 1, 1, 1, 1, 1, 1, 1, 1, 1, 1, 1, 1, 1, 1, 1, 1, 1, 1, 1, 1, 1, 1, 1, 1, 1, 1, 1, 1, 1, 1, 1, 1, 1, 1, 1, 1, 1, 1, 1, 1, 1, 1, 1, 1, 1, 1, 1, 1, 1, 1, 1, 1, 1, 1, 1, 1, 1, 1, 1, 1, 1, 1, 1, 1, 1, 1, 1, 1, 1, 1, 1, 1, 1, 1, 1, 1, 1, 1, 1, 1, 1, 1, 1, 1, 1, 1, 1, 1, 1, 1, 1, 1, 1, 1, 1, 1, 1, 1, 1, 1, 1, 1, 1, 1, 1, 1, 1, 1, 1, 1, 1, 1, 1, 1, 1, 1, 1, 1, 1, 1, 1, 1, 1, 1, 1, 1, 1, 1, 1, 1, 1, 1, 1, 1, 1, 1, 1, 1, 1, 1, 1, 1, 1, 1, 1, 1, 1, 1, 1, 1, 1, 1, 1, 1, 1, 1, 1, 1, 1, 1, 1, 1, 1, 1, 1, 1, 1, 1, 1, 1, 1, 1, 1, 1, 1, 1, 1, 1, 1, 1, 1, 1, 1, 1, 1, 1, 1, 1, 1, 1, 1, 1, 1, 1, 1, 1, 1]"
User-043,2,trace_0052,1788720735.6808436,streaming,25112,222,222,315,76,14.39847207069397,44.1347131729126,0.1345531271593603,10.0,0,True,,1788720691.5460339,1788720705.944506,1788720735.680747,"[1788720705.944506, 1788720706.4939399, 1788720707.105885, 1788720707.7505147, 1788720708.4272182, 1788720709.0356705, 1788720709.6532848, 1788720710.3156295, 1788720711.0021956, 1788720711.7201025, 1788720712.4630604, 1788720713.238239, 1788720714.0493915, 1788720714.6669173, 1788720715.2749841, 1788720715.9368997, 1788720716.6293988, 1788720717.3482537, 1788720718.0976381, 1788720718.8772697, 1788720719.6923723, 1788720720.530468, 1788720721.1612604, 1788720721.7441998, 1788720722.3838058, 1788720723.0614808, 1788720723.775685, 1788720724.5198817, 1788720725.298368, 1788720726.1008716, 1788720726.932775, 1788720727.795995, 1788720727.9883761, 1788720727.9999259, 1788720728.0534053, 1788720728.1029882, 1788720728.1509678, 1788720728.1977446, 1788720728.2466252, 1788720728.2947888, 1788720728.3451366, 1788720728.389438, 1788720728.437204, 1788720728.486245, 1788720728.5307815, 1788720728.578745, 1788720728.6256802, 1788720728.6727605, 1788720728.7212217, 1788720728.768188, 1788720728.8149505, 1788720728.8638766, 1788720728.9137874, 1788720728.9562893, 1788720729.0027204, 1788720729.04835, 1788720729.0959575, 1788720729.1396787, 1788720729.1854625, 1788720729.2308416, 1788720729.276671, 1788720729.3220155, 1788720729.3676708, 1788720729.413082, 1788720729.4585567, 1788720729.5043373, 1788720729.5496442, 1788720729.5952926, 1788720729.6409304, 1788720729.686417, 1788720729.7320273, 1788720729.7773426, 1788720729.8229618, 1788720729.8705685, 1788720729.9128585, 1788720729.9578116, 1788720730.0086036, 1788720730.0472822, 1788720730.0927114, 1788720730.1393638, 1788720730.1822646, 1788720730.226709, 1788720730.2739563, 1788720730.313982, 1788720730.3600607, 1788720730.4042344, 1788720730.4484892, 1788720730.4927828, 1788720730.5371547, 1788720730.5825434, 1788720730.6253376, 1788720730.6689565, 1788720730.7125473, 1788720730.7551777, 1788720730.798983, 1788720730.8423343, 1788720730.8859382, 1788720730.929893, 1788720730.9721153, 1788720731.0172706, 1788720731.0607493, 1788720731.1042283, 1788720731.1483402, 1788720731.1920831, 1788720731.2355494, 1788720731.2839448, 1788720731.3229284, 1788720731.3664253, 1788720731.4103005, 1788720731.4524438, 1788720731.4973161, 1788720731.540995, 1788720731.5845838, 1788720731.6283057, 1788720731.6736543, 1788720731.7171037, 1788720731.75531, 1788720731.7926245, 1788720731.8318899, 1788720731.87084, 1788720731.9113917, 1788720731.9480064, 1788720731.9864113, 1788720732.0246947, 1788720732.0637736, 1788720732.102196, 1788720732.1407096, 1788720732.1795094, 1788720732.217012, 1788720732.257063, 1788720732.2956007, 1788720732.3329995, 1788720732.3733141, 1788720732.4117103, 1788720732.4477947, 1788720732.4894059, 1788720732.5279243, 1788720732.5664785, 1788720732.605237, 1788720732.6437502, 1788720732.6826727, 1788720732.7213058, 1788720732.7595983, 1788720732.798677, 1788720732.8368602, 1788720732.8778286, 1788720732.9120512, 1788720732.9502733, 1788720732.9897304, 1788720733.0241983, 1788720733.0613182, 1788720733.0987, 1788720733.1357427, 1788720733.172738, 1788720733.210037, 1788720733.2470407, 1788720733.2840931, 1788720733.321647, 1788720733.3585021, 1788720733.3954082, 1788720733.4328008, 1788720733.469925, 1788720733.5071511, 1788720733.5442727, 1788720733.5812378, 1788720733.6187072, 1788720733.6558518, 1788720733.693065, 1788720733.7301075, 1788720733.7670953, 1788720733.806779, 1788720733.8409998, 1788720733.8777494, 1788720733.9143248, 1788720733.9513438, 1788720733.9880378, 1788720734.029721, 1788720734.0619333, 1788720734.098332, 1788720734.1356518, 1788720734.1724403, 1788720734.2088664, 1788720734.2459636, 1788720734.2826045, 1788720734.3191874, 1788720734.3562722, 1788720734.3928697, 1788720734.429611, 1788720734.4665523, 1788720734.503705, 1788720734.5398338, 1788720734.5768669, 1788720734.613544, 1788720734.650282, 1788720734.6876225, 1788720734.7241244, 1788720734.763174, 1788720734.7975833, 1788720734.834103, 1788720734.8709898, 1788720734.9072714, 1788720734.947276, 1788720734.9802845, 1788720735.0171869, 1788720735.0536518, 1788720735.0908468, 1788720735.127695, 1788720735.163868, 1788720735.2007856, 1788720735.237196, 1788720735.2738414, 1788720735.310677, 1788720735.3472707, 1788720735.3839111, 1788720735.4209356, 1788720735.4572098, 1788720735.4942446, 1788720735.5308006, 1788720735.5672529, 1788720735.6043813, 1788720735.644257, 1788720735.6791644]","[1, 1, 1, 1, 1, 1, 1, 1, 1, 1, 1, 1, 1, 1, 1, 1, 1, 1, 1, 1, 1, 1, 1, 1, 1, 1, 1, 1, 1, 1, 1, 1, 1, 1, 1, 1, 1, 1, 1, 1, 1, 1, 1, 1, 1, 1, 1, 1, 1, 1, 1, 1, 1, 1, 1, 1, 1, 1, 1, 1, 1, 1, 1, 1, 1, 1, 1, 1, 1, 1, 1, 1, 1, 1, 1, 1, 1, 1, 1, 1, 1, 1, 1, 1, 1, 1, 1, 1, 1, 1, 1, 1, 1, 1, 1, 1, 1, 1, 1, 1, 1, 1, 1, 1, 1, 1, 1, 1, 1, 1, 1, 1, 1, 1, 1, 1, 1, 1, 1, 1, 1, 1, 1, 1, 1, 1, 1, 1, 1, 1, 1, 1, 1, 1, 1, 1, 1, 1, 1, 1, 1, 1, 1, 1, 1, 1, 1, 1, 1, 1, 1, 1, 1, 1, 1, 1, 1, 1, 1, 1, 1, 1, 1, 1, 1, 1, 1, 1, 1, 1, 1, 1, 1, 1, 1, 1, 1, 1, 1, 1, 1, 1, 1, 1, 1, 1, 1, 1, 1, 1, 1, 1, 1, 1, 1, 1, 1, 1, 1, 1, 1, 1, 1, 1, 1, 1, 1, 1, 1, 1, 1, 1, 1, 1, 1, 1, 1, 1, 1, 1, 1, 1]"
User-034,2,trace_0164,1788720728.4892094,streaming,18770,162,162,281,11,36.30630803108215,141.28406953811646,0.652035785757977,14.0,0,True,,1788720587.2050803,1788720623.5113883,1788720728.4891498,"[1788720623.5113883, 1788720624.1050289, 1788720624.7485514, 1788720625.3564012, 1788720625.9824355, 1788720626.6452653, 1788720627.33336, 1788720628.0507252, 1788720628.8281765, 1788720629.5749798, 1788720630.3863924, 1788720631.2292655, 1788720632.102988, 1788720632.9983566, 1788720633.9171975, 1788720634.7275443, 1788720635.28644, 1788720635.9136918, 1788720636.586822, 1788720637.2924302, 1788720638.027921, 1788720638.7877312, 1788720639.5785024, 1788720640.140466, 1788720640.7524736, 1788720641.3980198, 1788720642.074152, 1788720642.7793102, 1788720643.5126345, 1788720644.2807603, 1788720645.078665, 1788720645.8544834, 1788720646.4163997, 1788720647.037817, 1788720647.6883874, 1788720648.3535101, 1788720648.9240038, 1788720649.541393, 1788720650.1914675, 1788720650.8730147, 1788720651.5846205, 1788720652.323339, 1788720652.9616747, 1788720653.5435386, 1788720654.1769836, 1788720654.841926, 1788720655.5390542, 1788720656.2616067, 1788720657.0143871, 1788720657.6729267, 1788720658.2496722, 1788720658.8818977, 1788720659.546469, 1788720660.2401264, 1788720660.9641256, 1788720661.7316117, 1788720662.5315483, 1788720663.3577209, 1788720664.2267797, 1788720665.1203916, 1788720666.0374615, 1788720666.7429335, 1788720667.3156927, 1788720667.9479475, 1788720668.6143336, 1788720669.3108118, 1788720670.039, 1788720670.8076165, 1788720671.5997965, 1788720672.1634839, 1788720672.7775755, 1788720673.4315696, 1788720674.1178985, 1788720674.8411381, 1788720675.593667, 1788720676.3788323, 1788720677.1880238, 1788720677.8239064, 1788720678.4060578, 1788720679.0438504, 1788720679.714698, 1788720680.4163377, 1788720681.1481433, 1788720681.9066699, 1788720682.5847337, 1788720683.1525056, 1788720683.7821476, 1788720684.4441044, 1788720685.1404698, 1788720685.8542192, 1788720686.6077416, 1788720687.392421, 1788720688.0171742, 1788720688.6191633, 1788720689.274837, 1788720689.9612498, 1788720690.6709135, 1788720691.4012268, 1788720691.9816952, 1788720692.6220074, 1788720693.2878494, 1788720693.9839559, 1788720694.7029912, 1788720695.3016665, 1788720695.8974729, 1788720696.5382023, 1788720697.2155244, 1788720697.9153037, 1788720698.628551, 1788720699.1984768, 1788720699.8140824, 1788720700.462316, 1788720701.1441357, 1788720701.851186, 1788720702.591744, 1788720703.3662777, 1788720704.1817708, 1788720705.0223682, 1788720705.9377146, 1788720706.4860706, 1788720707.09819, 1788720707.7427776, 1788720708.4192834, 1788720709.027973, 1788720709.645587, 1788720710.3079703, 1788720710.9943984, 1788720711.7123797, 1788720712.4553356, 1788720713.2306185, 1788720714.0410984, 1788720714.6584425, 1788720715.2668116, 1788720715.9286497, 1788720716.6209836, 1788720717.3404949, 1788720718.0892668, 1788720718.868761, 1788720719.6841676, 1788720720.522261, 1788720721.1525667, 1788720721.735958, 1788720722.3750238, 1788720723.052377, 1788720723.7674952, 1788720724.5116441, 1788720725.2898104, 1788720726.0928738, 1788720726.9249148, 1788720727.788137, 1788720727.98002, 1788720727.9963238, 1788720728.0450666, 1788720728.0949237, 1788720728.1426988, 1788720728.1901677, 1788720728.2385235, 1788720728.285966, 1788720728.3366995, 1788720728.3819847, 1788720728.4293342, 1788720728.4782157]","[1, 1, 1, 1, 1, 1, 1, 1, 1, 1, 1, 1, 1, 1, 1, 1, 1, 1, 1, 1, 1, 1, 1, 1, 1, 1, 1, 1, 1, 1, 1, 1, 1, 1, 1, 1, 1, 1, 1, 1, 1, 1, 1, 1, 1, 1, 1, 1, 1, 1, 1, 1, 1, 1, 1, 1, 1, 1, 1, 1, 1, 1, 1, 1, 1, 1, 1, 1, 1, 1, 1, 1, 1, 1, 1, 1, 1, 1, 1, 1, 1, 1, 1, 1, 1, 1, 1, 1, 1, 1, 1, 1, 1, 1, 1, 1, 1, 1, 1, 1, 1, 1, 1, 1, 1, 1, 1, 1, 1, 1, 1, 1, 1, 1, 1, 1, 1, 1, 1, 1, 1, 1, 1, 1, 1, 1, 1, 1, 1, 1, 1, 1, 1, 1, 1, 1, 1, 1, 1, 1, 1, 1, 1, 1, 1, 1, 1, 1, 1, 1, 1, 1, 1, 1, 1, 1, 1, 1, 1, 1, 1, 1]"
User-052,1,trace_0594,1788720735.6456206,streaming,19113,247,247,273,25,20.97132110595703,68.59003901481628,0.19357202401975307,10.0,0,True,,1788720667.0555065,1788720688.0268276,1788720735.6455455,"[1788720688.0268276, 1788720688.6278663, 1788720689.2836876, 1788720689.9699361, 1788720690.6789443, 1788720691.4091363, 1788720691.9900582, 1788720692.6303988, 1788720693.2961833, 1788720693.9918373, 1788720694.7110739, 1788720695.3096402, 1788720695.9056869, 1788720696.54635, 1788720697.2236226, 1788720697.9234598, 1788720698.6365268, 1788720699.2075925, 1788720699.8227513, 1788720700.4709165, 1788720701.1528387, 1788720701.859677, 1788720702.6004267, 1788720703.3752875, 1788720704.190209, 1788720705.0310395, 1788720705.9449778, 1788720706.494956, 1788720707.1068966, 1788720707.751527, 1788720708.428205, 1788720709.0361123, 1788720709.6542692, 1788720710.316618, 1788720711.0032086, 1788720711.7211056, 1788720712.4640598, 1788720713.2392323, 1788720714.0504286, 1788720714.6678874, 1788720715.2759752, 1788720715.9378889, 1788720716.6304166, 1788720717.3487012, 1788720718.0986366, 1788720718.8784463, 1788720719.6933453, 1788720720.5314927, 1788720721.1622157, 1788720721.744637, 1788720722.3848095, 1788720723.062466, 1788720723.77667, 1788720724.5208561, 1788720725.2993612, 1788720726.1018677, 1788720726.9337785, 1788720727.797004, 1788720727.9893625, 1788720728.0003633, 1788720728.054441, 1788720728.103978, 1788720728.1519494, 1788720728.1984723, 1788720728.2479684, 1788720728.2958694, 1788720728.3461082, 1788720728.3904393, 1788720728.4382138, 1788720728.4872801, 1788720728.5317876, 1788720728.5797565, 1788720728.6266766, 1788720728.673738, 1788720728.7222083, 1788720728.7691624, 1788720728.8159394, 1788720728.864869, 1788720728.9147978, 1788720728.9567275, 1788720729.0037484, 1788720729.0493417, 1788720729.0963955, 1788720729.1406708, 1788720729.186443, 1788720729.2318397, 1788720729.2776558, 1788720729.3230076, 1788720729.3682768, 1788720729.4140558, 1788720729.45956, 1788720729.5053036, 1788720729.5506225, 1788720729.5962896, 1788720729.6419137, 1788720729.6874127, 1788720729.733001, 1788720729.7783418, 1788720729.823947, 1788720729.8713043, 1788720729.9138532, 1788720729.9588072, 1788720730.0090873, 1788720730.0480247, 1788720730.0936973, 1788720730.1403337, 1788720730.1832738, 1788720730.2277155, 1788720730.274916, 1788720730.3143468, 1788720730.3605497, 1788720730.4047225, 1788720730.4489698, 1788720730.493272, 1788720730.5376444, 1788720730.5830638, 1788720730.6258268, 1788720730.6694472, 1788720730.7129252, 1788720730.7494915, 1788720730.7933085, 1788720730.836712, 1788720730.880379, 1788720730.924291, 1788720730.967881, 1788720731.0116205, 1788720731.055162, 1788720731.0987084, 1788720731.142679, 1788720731.186318, 1788720731.2299175, 1788720731.2781744, 1788720731.3172836, 1788720731.3607645, 1788720731.4045947, 1788720731.448171, 1788720731.4917178, 1788720731.5353594, 1788720731.5790021, 1788720731.62266, 1788720731.6676898, 1788720731.7114556, 1788720731.750616, 1788720731.7879236, 1788720731.8273, 1788720731.866196, 1788720731.9064574, 1788720731.9438443, 1788720731.9822874, 1788720732.0207944, 1788720732.0596516, 1788720732.098063, 1788720732.1368194, 1788720732.175432, 1788720732.2138016, 1788720732.252919, 1788720732.2915092, 1788720732.3298988, 1788720732.3691797, 1788720732.4075706, 1788720732.445976, 1788720732.485325, 1788720732.5238047, 1788720732.5623171, 1788720732.6011453, 1788720732.6396382, 1788720732.6785572, 1788720732.7171915, 1788720732.7554972, 1788720732.7945442, 1788720732.8330529, 1788720732.8731802, 1788720732.9092777, 1788720732.946657, 1788720732.9868143, 1788720733.021089, 1788720733.0582092, 1788720733.0956287, 1788720733.1326144, 1788720733.1695774, 1788720733.206952, 1788720733.2439008, 1788720733.2809772, 1788720733.318527, 1788720733.355462, 1788720733.3924174, 1788720733.429706, 1788720733.466859, 1788720733.5038974, 1788720733.54114, 1788720733.5781646, 1788720733.615655, 1788720733.6527545, 1788720733.6899672, 1788720733.7270346, 1788720733.7640347, 1788720733.803697, 1788720733.8378923, 1788720733.8745992, 1788720733.9112468, 1788720733.9482768, 1788720733.9849114, 1788720734.0266447, 1788720734.0588965, 1788720734.0952938, 1788720734.1325684, 1788720734.1693263, 1788720734.205791, 1788720734.242941, 1788720734.2795355, 1788720734.3161495, 1788720734.353191, 1788720734.3897865, 1788720734.4265285, 1788720734.4635, 1788720734.5005784, 1788720734.5367649, 1788720734.5738113, 1788720734.6104274, 1788720734.6471822, 1788720734.6847608, 1788720734.7210305, 1788720734.7600617, 1788720734.794445, 1788720734.8310728, 1788720734.867852, 1788720734.9042556, 1788720734.940745, 1788720734.9778454, 1788720735.0140324, 1788720735.0505743, 1788720735.087728, 1788720735.124584, 1788720735.1607416, 1788720735.1976378, 1788720735.234094, 1788720735.270772, 1788720735.3076198, 1788720735.3442442, 1788720735.3808467, 1788720735.4178479, 1788720735.45416, 1788720735.4912174, 1788720735.527722, 1788720735.56423, 1788720735.601251, 1788720735.6407268]","[1, 1, 1, 1, 1, 1, 1, 1, 1, 1, 1, 1, 1, 1, 1, 1, 1, 1, 1, 1, 1, 1, 1, 1, 1, 1, 1, 1, 1, 1, 1, 1, 1, 1, 1, 1, 1, 1, 1, 1, 1, 1, 1, 1, 1, 1, 1, 1, 1, 1, 1, 1, 1, 1, 1, 1, 1, 1, 1, 1, 1, 1, 1, 1, 1, 1, 1, 1, 1, 1, 1, 1, 1, 1, 1, 1, 1, 1, 1, 1, 1, 1, 1, 1, 1, 1, 1, 1, 1, 1, 1, 1, 1, 1, 1, 1, 1, 1, 1, 1, 1, 1, 1, 1, 1, 1, 1, 1, 1, 1, 1, 1, 1, 1, 1, 1, 1, 1, 1, 1, 1, 1, 1, 1, 1, 1, 1, 1, 1, 1, 1, 1, 1, 1, 1, 1, 1, 1, 1, 1, 1, 1, 1, 1, 1, 1, 1, 1, 1, 1, 1, 1, 1, 1, 1, 1, 1, 1, 1, 1, 1, 1, 1, 1, 1, 1, 1, 1, 1, 1, 1, 1, 1, 1, 1, 1, 1, 1, 1, 1, 1, 1, 1, 1, 1, 1, 1, 1, 1, 1, 1, 1, 1, 1, 1, 1, 1, 1, 1, 1, 1, 1, 1, 1, 1, 1, 1, 1, 1, 1, 1, 1, 1, 1, 1, 1, 1, 1, 1, 1, 1, 1, 1, 1, 1, 1, 1, 1, 1, 1, 1, 1, 1, 1, 1, 1, 1, 1, 1, 1, 1, 1, 1, 1, 1, 1, 1]"
User-055,0,trace_0449,1788720731.7201111,streaming,14509,264,264,0,226,40.06963109970093,169.1543562412262,0.49081644540503905,0.0,0,True,,1788720562.565678,1788720602.635309,1788720731.7200341,"[1788720602.635309, 1788720603.2369752, 1788720603.8942046, 1788720604.5755491, 1788720605.2855625, 1788720606.0242965, 1788720606.7923326, 1788720607.5914643, 1788720608.4221053, 1788720609.2760186, 1788720609.910001, 1788720610.4896746, 1788720611.1292007, 1788720611.7997704, 1788720612.4994304, 1788720613.2133908, 1788720613.778436, 1788720614.3946788, 1788720615.0443907, 1788720615.7267234, 1788720616.4371946, 1788720617.1780555, 1788720617.9628587, 1788720618.5864112, 1788720619.1743917, 1788720619.83531, 1788720620.524671, 1788720621.2525735, 1788720621.9846137, 1788720622.7564023, 1788720623.511926, 1788720624.1055343, 1788720624.7491221, 1788720625.3569157, 1788720625.9829872, 1788720626.6457546, 1788720627.3338702, 1788720628.0512574, 1788720628.828426, 1788720629.5755115, 1788720630.3869565, 1788720631.2297544, 1788720632.1035664, 1788720632.9988923, 1788720633.9174445, 1788720634.7280498, 1788720635.286968, 1788720635.9141903, 1788720636.587338, 1788720637.292986, 1788720638.0284178, 1788720638.7882266, 1788720639.5790334, 1788720640.1409624, 1788720640.7529767, 1788720641.398526, 1788720642.0746534, 1788720642.7798238, 1788720643.513167, 1788720644.2812696, 1788720645.0794399, 1788720645.8550124, 1788720646.4169846, 1788720647.0383136, 1788720647.6888964, 1788720648.3540175, 1788720648.924503, 1788720649.5418909, 1788720650.1919718, 1788720650.873523, 1788720651.5851512, 1788720652.3238523, 1788720652.9621603, 1788720653.5440419, 1788720654.1774879, 1788720654.8424394, 1788720655.5395615, 1788720656.2621334, 1788720657.0149179, 1788720657.6734354, 1788720658.2501948, 1788720658.8824027, 1788720659.5470026, 1788720660.2406487, 1788720660.964658, 1788720661.7321396, 1788720662.5320501, 1788720663.3582382, 1788720664.2273166, 1788720665.1208918, 1788720666.0379794, 1788720666.743437, 1788720667.3162463, 1788720667.9484682, 1788720668.61485, 1788720669.3113263, 1788720670.0395765, 1788720670.8081305, 1788720671.600288, 1788720672.163977, 1788720672.7780724, 1788720673.4321408, 1788720674.1183984, 1788720674.8416433, 1788720675.5941849, 1788720676.3793573, 1788720677.1885247, 1788720677.8244016, 1788720678.4065902, 1788720679.0443535, 1788720679.7152622, 1788720680.4168324, 1788720681.1486635, 1788720681.9071987, 1788720682.5852203, 1788720683.153004, 1788720683.7826672, 1788720684.444602, 1788720685.1409738, 1788720685.854755, 1788720686.6082225, 1788720687.392925, 1788720688.0176668, 1788720688.6196692, 1788720689.275434, 1788720689.9617639, 1788720690.6714673, 1788720691.4017115, 1788720691.9822178, 1788720692.6225324, 1788720693.2883646, 1788720693.9844756, 1788720694.7035093, 1788720695.3021557, 1788720695.8979843, 1788720696.5387037, 1788720697.2160234, 1788720697.9158041, 1788720698.6290534, 1788720699.1992967, 1788720699.8145766, 1788720700.46285, 1788720701.1446364, 1788720701.8516843, 1788720702.592245, 1788720703.3668048, 1788720704.1822848, 1788720705.0229025, 1788720705.938231, 1788720706.4865904, 1788720707.0986896, 1788720707.743297, 1788720708.4197845, 1788720709.0284631, 1788720709.6461024, 1788720710.308478, 1788720710.994953, 1788720711.7128916, 1788720712.4558578, 1788720713.2311502, 1788720714.0416706, 1788720714.6590002, 1788720715.2673457, 1788720715.9291666, 1788720716.6214976, 1788720717.3410397, 1788720718.0897932, 1788720718.8693004, 1788720719.6846871, 1788720720.5228088, 1788720721.1530719, 1788720721.736509, 1788720722.3755438, 1788720723.052908, 1788720723.7680178, 1788720724.5121882, 1788720725.2903264, 1788720726.0934188, 1788720726.9254742, 1788720727.7886724, 1788720727.980531, 1788720727.9966302, 1788720728.0455604, 1788720728.095615, 1788720728.143408, 1788720728.190915, 1788720728.2392402, 1788720728.2864573, 1788720728.3374302, 1788720728.382504, 1788720728.4300494, 1788720728.479323, 1788720728.5238812, 1788720728.571615, 1788720728.618471, 1788720728.6653733, 1788720728.714023, 1788720728.7609987, 1788720728.807764, 1788720728.8566663, 1788720728.9065444, 1788720728.9493601, 1788720728.9955835, 1788720729.0411396, 1788720729.088693, 1788720729.1325102, 1788720729.178305, 1788720729.22367, 1788720729.269513, 1788720729.3148897, 1788720729.3601675, 1788720729.4058967, 1788720729.4514284, 1788720729.4971564, 1788720729.5424542, 1788720729.5881765, 1788720729.6337397, 1788720729.6792774, 1788720729.7248318, 1788720729.7701862, 1788720729.8157938, 1788720729.8639362, 1788720729.9061677, 1788720729.9511957, 1788720730.002373, 1788720730.0415697, 1788720730.0860157, 1788720730.1327238, 1788720730.175627, 1788720730.2200506, 1788720730.267986, 1788720730.3089466, 1788720730.3534205, 1788720730.3975532, 1788720730.4418826, 1788720730.4861186, 1788720730.5305505, 1788720730.5759444, 1788720730.6186345, 1788720730.662304, 1788720730.7073452, 1788720730.7532098, 1788720730.797013, 1788720730.8403776, 1788720730.883998, 1788720730.9279497, 1788720730.9706032, 1788720731.0153077, 1788720731.05881, 1788720731.1022623, 1788720731.1463454, 1788720731.190094, 1788720731.2335722, 1788720731.281929, 1788720731.3209567, 1788720731.3644595, 1788720731.4083362, 1788720731.450978, 1788720731.4953618, 1788720731.5390406, 1788720731.582623, 1788720731.6263459, 1788720731.6713803, 1788720731.71518]","[1, 1, 1, 1, 1, 1, 1, 1, 1, 1, 1, 1, 1, 1, 1, 1, 1, 1, 1, 1, 1, 1, 1, 1, 1, 1, 1, 1, 1, 1, 1, 1, 1, 1, 1, 1, 1, 1, 1, 1, 1, 1, 1, 1, 1, 1, 1, 1, 1, 1, 1, 1, 1, 1, 1, 1, 1, 1, 1, 1, 1, 1, 1, 1, 1, 1, 1, 1, 1, 1, 1, 1, 1, 1, 1, 1, 1, 1, 1, 1, 1, 1, 1, 1, 1, 1, 1, 1, 1, 1, 1, 1, 1, 1, 1, 1, 1, 1, 1, 1, 1, 1, 1, 1, 1, 1, 1, 1, 1, 1, 1, 1, 1, 1, 1, 1, 1, 1, 1, 1, 1, 1, 1, 1, 1, 1, 1, 1, 1, 1, 1, 1, 1, 1, 1, 1, 1, 1, 1, 1, 1, 1, 1, 1, 1, 1, 1, 1, 1, 1, 1, 1, 1, 1, 1, 1, 1, 1, 1, 1, 1, 1, 1, 1, 1, 1, 1, 1, 1, 1, 1, 1, 1, 1, 1, 1, 1, 1, 1, 1, 1, 1, 1, 1, 1, 1, 1, 1, 1, 1, 1, 1, 1, 1, 1, 1, 1, 1, 1, 1, 1, 1, 1, 1, 1, 1, 1, 1, 1, 1, 1, 1, 1, 1, 1, 1, 1, 1, 1, 1, 1, 1, 1, 1, 1, 1, 1, 1, 1, 1, 1, 1, 1, 1, 1, 1, 1, 1, 1, 1, 1, 1, 1, 1, 1, 1, 1, 1, 1, 1, 1, 1, 1, 1, 1, 1, 1, 1, 1, 1, 1, 1, 1, 1]"
User-056,1,trace_0590,1788720738.3695676,streaming,22443,289,289,282,68,23.07597780227661,40.285157918930054,0.059754097627268896,12.0,0,True,,1788720698.084317,1788720721.1602948,1788720738.369475,"[1788720721.1602948, 1788720721.7436898, 1788720722.3827963, 1788720723.0604913, 1788720723.7746763, 1788720724.518893, 1788720725.2973788, 1788720726.099854, 1788720726.9317837, 1788720727.7949903, 1788720727.9865756, 1788720727.9992633, 1788720728.051901, 1788720728.1015189, 1788720728.1494687, 1788720728.1966445, 1788720728.2451544, 1788720728.2931623, 1788720728.3436756, 1788720728.387972, 1788720728.4356751, 1788720728.4847693, 1788720728.5293095, 1788720728.5772486, 1788720728.6241994, 1788720728.671286, 1788720728.7197518, 1788720728.7667124, 1788720728.8134577, 1788720728.862388, 1788720728.912308, 1788720728.9552305, 1788720729.0012536, 1788720729.0468774, 1788720729.094447, 1788720729.138199, 1788720729.1839936, 1788720729.2293181, 1788720729.2751937, 1788720729.3205233, 1788720729.366155, 1788720729.4116166, 1788720729.4570954, 1788720729.5028632, 1788720729.548174, 1788720729.5938015, 1788720729.6394436, 1788720729.6849399, 1788720729.7305307, 1788720729.7758567, 1788720729.8214684, 1788720729.869461, 1788720729.9113889, 1788720729.9563534, 1788720730.0078366, 1788720730.0461595, 1788720730.0912426, 1788720730.137882, 1788720730.1808057, 1788720730.2252173, 1788720730.2728562, 1788720730.312881, 1788720730.358553, 1788720730.4027574, 1788720730.4470212, 1788720730.4913106, 1788720730.535701, 1788720730.5810723, 1788720730.6238697, 1788720730.667486, 1788720730.7114289, 1788720730.7522433, 1788720730.7958322, 1788720730.8392143, 1788720730.8830042, 1788720730.9267673, 1788720730.9698567, 1788720731.0142858, 1788720731.0578024, 1788720731.1011033, 1788720731.1451707, 1788720731.188882, 1788720731.232401, 1788720731.2809238, 1788720731.3197837, 1788720731.3632894, 1788720731.4072747, 1788720731.4502265, 1788720731.4941761, 1788720731.5378513, 1788720731.5814583, 1788720731.625338, 1788720731.670372, 1788720731.7141697, 1788720731.7533243, 1788720731.7906225, 1788720731.8297546, 1788720731.8686934, 1788720731.9089634, 1788720731.9464996, 1788720731.9849322, 1788720732.0234554, 1788720732.0622761, 1788720732.1007187, 1788720732.139337, 1788720732.1778939, 1788720732.2158926, 1788720732.255587, 1788720732.2939727, 1788720732.3319044, 1788720732.3716884, 1788720732.4102015, 1788720732.4471548, 1788720732.4878035, 1788720732.526425, 1788720732.564852, 1788720732.6036444, 1788720732.6422408, 1788720732.6810653, 1788720732.7197094, 1788720732.7581072, 1788720732.797063, 1788720732.83569, 1788720732.8762023, 1788720732.9109485, 1788720732.9486575, 1788720732.9884317, 1788720733.023223, 1788720733.060228, 1788720733.0976012, 1788720733.1346052, 1788720733.1716104, 1788720733.208919, 1788720733.2459211, 1788720733.282989, 1788720733.3205407, 1788720733.3574088, 1788720733.3943627, 1788720733.4317098, 1788720733.468825, 1788720733.5060468, 1788720733.5431712, 1788720733.5801573, 1788720733.6176178, 1788720733.6547613, 1788720733.691978, 1788720733.728983, 1788720733.765977, 1788720733.8056335, 1788720733.8400154, 1788720733.8766418, 1788720733.9132311, 1788720733.950236, 1788720733.9869273, 1788720734.028627, 1788720734.060845, 1788720734.0972447, 1788720734.134538, 1788720734.1713476, 1788720734.2077868, 1788720734.2448974, 1788720734.281514, 1788720734.318111, 1788720734.3551888, 1788720734.39178, 1788720734.4285388, 1788720734.465455, 1788720734.502556, 1788720734.538719, 1788720734.5757964, 1788720734.6124375, 1788720734.6491344, 1788720734.6867046, 1788720734.723025, 1788720734.7620273, 1788720734.7965708, 1788720734.8330379, 1788720734.8698611, 1788720734.9062297, 1788720734.9456396, 1788720734.9795096, 1788720735.016091, 1788720735.052577, 1788720735.0897148, 1788720735.1265552, 1788720735.1627128, 1788720735.1996932, 1788720735.236131, 1788720735.2727587, 1788720735.3095925, 1788720735.3462358, 1788720735.3828306, 1788720735.4198513, 1788720735.4561515, 1788720735.4931765, 1788720735.529716, 1788720735.5662053, 1788720735.6033008, 1788720735.6432657, 1788720735.678014, 1788720735.705178, 1788720735.7356782, 1788720735.7654116, 1788720735.7944202, 1788720735.8245955, 1788720735.8548133, 1788720735.888534, 1788720735.9151657, 1788720735.9454784, 1788720735.9757123, 1788720736.0065775, 1788720736.0378232, 1788720736.068801, 1788720736.0989325, 1788720736.1292772, 1788720736.1598334, 1788720736.190042, 1788720736.2214584, 1788720736.252515, 1788720736.2837827, 1788720736.3139038, 1788720736.3443038, 1788720736.3745487, 1788720736.4055388, 1788720736.4365919, 1788720736.4676929, 1788720736.4980862, 1788720736.5283833, 1788720736.5586402, 1788720736.5896087, 1788720736.6199512, 1788720736.650224, 1788720736.680183, 1788720736.714205, 1788720736.7418597, 1788720736.7719622, 1788720736.8009982, 1788720736.8307924, 1788720736.8615067, 1788720736.8911107, 1788720736.920965, 1788720736.9506106, 1788720736.9813924, 1788720737.0117164, 1788720737.0424066, 1788720737.07286, 1788720737.1025374, 1788720737.1324377, 1788720737.1619864, 1788720737.1924512, 1788720737.2254164, 1788720737.2537634, 1788720737.2838426, 1788720737.3141148, 1788720737.3444366, 1788720737.3745255, 1788720737.4048445, 1788720737.435199, 1788720737.4655542, 1788720737.4957194, 1788720737.526044, 1788720737.5562003, 1788720737.5863013, 1788720737.6171007, 1788720737.6472619, 1788720737.6774347, 1788720737.7078495, 1788720737.738254, 1788720737.7677035, 1788720737.797186, 1788720737.8268476, 1788720737.856787, 1788720737.887246, 1788720737.9174213, 1788720737.9476607, 1788720737.977792, 1788720738.0080888, 1788720738.038174, 1788720738.0685263, 1788720738.099114, 1788720738.1298132, 1788720738.1586978, 1788720738.1880722, 1788720738.2176332, 1788720738.2480943, 1788720738.277748, 1788720738.307587, 1788720738.337033, 1788720738.3683555]","[1, 1, 1, 1, 1, 1, 1, 1, 1, 1, 1, 1, 1, 1, 1, 1, 1, 1, 1, 1, 1, 1, 1, 1, 1, 1, 1, 1, 1, 1, 1, 1, 1, 1, 1, 1, 1, 1, 1, 1, 1, 1, 1, 1, 1, 1, 1, 1, 1, 1, 1, 1, 1, 1, 1, 1, 1, 1, 1, 1, 1, 1, 1, 1, 1, 1, 1, 1, 1, 1, 1, 1, 1, 1, 1, 1, 1, 1, 1, 1, 1, 1, 1, 1, 1, 1, 1, 1, 1, 1, 1, 1, 1, 1, 1, 1, 1, 1, 1, 1, 1, 1, 1, 1, 1, 1, 1, 1, 1, 1, 1, 1, 1, 1, 1, 1, 1, 1, 1, 1, 1, 1, 1, 1, 1, 1, 1, 1, 1, 1, 1, 1, 1, 1, 1, 1, 1, 1, 1, 1, 1, 1, 1, 1, 1, 1, 1, 1, 1, 1, 1, 1, 1, 1, 1, 1, 1, 1, 1, 1, 1, 1, 1, 1, 1, 1, 1, 1, 1, 1, 1, 1, 1, 1, 1, 1, 1, 1, 1, 1, 1, 1, 1, 1, 1, 1, 1, 1, 1, 1, 1, 1, 1, 1, 1, 1, 1, 1, 1, 1, 1, 1, 1, 1, 1, 1, 1, 1, 1, 1, 1, 1, 1, 1, 1, 1, 1, 1, 1, 1, 1, 1, 1, 1, 1, 1, 1, 1, 1, 1, 1, 1, 1, 1, 1, 1, 1, 1, 1, 1, 1, 1, 1, 1, 1, 1, 1, 1, 1, 1, 1, 1, 1, 1, 1, 1, 1, 1, 1, 1, 1, 1, 1, 1, 1, 1, 1, 1, 1, 1, 1, 1, 1, 1, 1, 1, 1, 1, 1, 1, 1, 1, 1, 1, 1, 1, 1, 1, 1]"
User-058,0,trace_0586,1788720732.8801768,streaming,17877,180,180,0,278,30.417157888412476,80.70381498336792,0.28093104522321477,0.0,0,True,,1788720652.1763096,1788720682.5934675,1788720732.8801246,"[1788720682.5934675, 1788720683.1633863, 1788720683.7931952, 1788720684.4552345, 1788720685.151584, 1788720685.8655086, 1788720686.616927, 1788720687.4018238, 1788720688.0283248, 1788720688.6298666, 1788720689.2845945, 1788720689.971863, 1788720690.6796963, 1788720691.4100912, 1788720691.9910648, 1788720692.631444, 1788720693.2971992, 1788720693.9923089, 1788720694.712043, 1788720695.3114035, 1788720695.9072058, 1788720696.5476484, 1788720697.2242866, 1788720697.924916, 1788720698.6372328, 1788720699.2082918, 1788720699.824236, 1788720700.4725304, 1788720701.1543078, 1788720701.8603342, 1788720702.6019168, 1788720703.376759, 1788720704.1916933, 1788720705.0325272, 1788720705.9456942, 1788720706.4964952, 1788720707.108383, 1788720707.7530046, 1788720708.4296877, 1788720709.0367785, 1788720709.6557436, 1788720710.3181179, 1788720711.0041232, 1788720711.722624, 1788720712.465538, 1788720713.2406917, 1788720714.0518553, 1788720714.6693714, 1788720715.277447, 1788720715.939378, 1788720716.6318407, 1788720717.3493583, 1788720718.0999677, 1788720718.8799522, 1788720719.6948261, 1788720720.532983, 1788720721.1636665, 1788720721.7452939, 1788720722.3863108, 1788720723.0639462, 1788720723.7781484, 1788720724.5223327, 1788720725.3008401, 1788720726.1033943, 1788720726.9353137, 1788720727.7985022, 1788720727.9908464, 1788720728.001021, 1788720728.0559318, 1788720728.1054642, 1788720728.1530406, 1788720728.1995864, 1788720728.249439, 1788720728.2974792, 1788720728.34761, 1788720728.392834, 1788720728.4397147, 1788720728.4883091, 1788720728.533254, 1788720728.58123, 1788720728.6281593, 1788720728.6752446, 1788720728.7237, 1788720728.7706363, 1788720728.817034, 1788720728.8663325, 1788720728.9162943, 1788720728.9573786, 1788720729.004511, 1788720729.0508409, 1788720729.0970414, 1788720729.1421325, 1788720729.1879303, 1788720729.232556, 1788720729.2791321, 1788720729.324468, 1788720729.3689232, 1788720729.4155433, 1788720729.461017, 1788720729.5067961, 1788720729.552092, 1788720729.5977387, 1788720729.6434047, 1788720729.6888742, 1788720729.7344658, 1788720729.7798228, 1788720729.824605, 1788720729.872408, 1788720729.9153357, 1788720729.9602692, 1788720730.0097752, 1788720730.0491292, 1788720730.0951831, 1788720730.1417913, 1788720730.1845481, 1788720730.229189, 1788720730.2760468, 1788720730.3154624, 1788720730.3620272, 1788720730.4062018, 1788720730.4504411, 1788720730.494768, 1788720730.5391214, 1788720730.5848303, 1788720730.6268206, 1788720730.6704261, 1788720730.7136621, 1788720730.751748, 1788720730.7953277, 1788720730.8386927, 1788720730.8822858, 1788720730.9262505, 1788720730.9694884, 1788720731.0136116, 1788720731.057125, 1788720731.1006155, 1788720731.1446822, 1788720731.188385, 1788720731.231917, 1788720731.2802224, 1788720731.3192945, 1788720731.3627646, 1788720731.40656, 1788720731.449858, 1788720731.493688, 1788720731.5373602, 1788720731.5809722, 1788720731.62466, 1788720731.669688, 1788720731.7136683, 1788720731.7528212, 1788720731.7901258, 1788720731.8292646, 1788720731.8682048, 1788720731.9084685, 1788720731.9460046, 1788720731.9842975, 1788720732.02282, 1788720732.0616384, 1788720732.100073, 1788720732.1388376, 1788720732.177404, 1788720732.2155144, 1788720732.2549427, 1788720732.2934828, 1788720732.331536, 1788720732.3711796, 1788720732.4095411, 1788720732.44694, 1788720732.487318, 1788720732.5257843, 1788720732.5643632, 1788720732.6031501, 1788720732.6416128, 1788720732.6805675, 1788720732.719214, 1788720732.7574768, 1788720732.7965531, 1788720732.835053, 1788720732.875232]","[1, 1, 1, 1, 1, 1, 1, 1, 1, 1, 1, 1, 1, 1, 1, 1, 1, 1, 1, 1, 1, 1, 1, 1, 1, 1, 1, 1, 1, 1, 1, 1, 1, 1, 1, 1, 1, 1, 1, 1, 1, 1, 1, 1, 1, 1, 1, 1, 1, 1, 1, 1, 1, 1, 1, 1, 1, 1, 1, 1, 1, 1, 1, 1, 1, 1, 1, 1, 1, 1, 1, 1, 1, 1, 1, 1, 1, 1, 1, 1, 1, 1, 1, 1, 1, 1, 1, 1, 1, 1, 1, 1, 1, 1, 1, 1, 1, 1, 1, 1, 1, 1, 1, 1, 1, 1, 1, 1, 1, 1, 1, 1, 1, 1, 1, 1, 1, 1, 1, 1, 1, 1, 1, 1, 1, 1, 1, 1, 1, 1, 1, 1, 1, 1, 1, 1, 1, 1, 1, 1, 1, 1, 1, 1, 1, 1, 1, 1, 1, 1, 1, 1, 1, 1, 1, 1, 1, 1, 1, 1, 1, 1, 1, 1, 1, 1, 1, 1, 1, 1, 1, 1, 1, 1, 1, 1, 1, 1, 1, 1]"
User-036,2,trace_0615,1788720739.9947789,streaming,24722,343,343,376,9,29.1910502910614,41.198336124420166,0.03510902290455779,11.0,0,True,,1788720698.7963443,1788720727.9873946,1788720739.9946804,"[1788720727.9873946, 1788720727.999483, 1788720728.0523977, 1788720728.1020043, 1788720728.1499584, 1788720728.197013, 1788720728.2456474, 1788720728.2937, 1788720728.3441632, 1788720728.3884618, 1788720728.436183, 1788720728.4852655, 1788720728.5297956, 1788720728.5777483, 1788720728.6247065, 1788720728.6717691, 1788720728.7202423, 1788720728.7672138, 1788720728.8139448, 1788720728.8628945, 1788720728.9128032, 1788720728.955723, 1788720729.0017457, 1788720729.0473711, 1788720729.0949767, 1788720729.1386926, 1788720729.1844842, 1788720729.229821, 1788720729.275694, 1788720729.321016, 1788720729.366652, 1788720729.4121106, 1788720729.4575875, 1788720729.5033612, 1788720729.5486677, 1788720729.5942981, 1788720729.6399388, 1788720729.6854408, 1788720729.7310293, 1788720729.7763507, 1788720729.8219547, 1788720729.8698313, 1788720729.911879, 1788720729.9568381, 1788720730.0081444, 1788720730.0465329, 1788720730.0917325, 1788720730.1383705, 1788720730.1812901, 1788720730.2257202, 1788720730.2732234, 1788720730.313248, 1788720730.3590596, 1788720730.4032533, 1788720730.4475143, 1788720730.4917939, 1788720730.5361853, 1788720730.581573, 1788720730.6243627, 1788720730.6679747, 1788720730.711812, 1788720730.752724, 1788720730.796509, 1788720730.8398829, 1788720730.8835104, 1788720730.9274511, 1788720730.9702308, 1788720731.0148118, 1788720731.0583017, 1788720731.1017687, 1788720731.1458428, 1788720731.1895847, 1788720731.2330704, 1788720731.2814279, 1788720731.3204558, 1788720731.3639584, 1788720731.4077704, 1788720731.4505866, 1788720731.4948595, 1788720731.5385246, 1788720731.5821283, 1788720731.6258352, 1788720731.6708884, 1788720731.7146602, 1788720731.753821, 1788720731.7911522, 1788720731.8303943, 1788720731.869348, 1788720731.9096363, 1788720731.9470224, 1788720731.985425, 1788720732.023953, 1788720732.0627868, 1788720732.1012123, 1788720732.1399608, 1788720732.1785123, 1788720732.2162602, 1788720732.256076, 1788720732.294604, 1788720732.3322656, 1788720732.3723092, 1788720732.410702, 1788720732.4473665, 1788720732.4884212, 1788720732.526949, 1788720732.5654993, 1788720732.6042593, 1788720732.642758, 1788720732.681695, 1788720732.7203343, 1788720732.7585998, 1788720732.7976904, 1788720732.8361375, 1788720732.8768249, 1788720732.9113226, 1788720732.9491484, 1788720732.988796, 1788720733.0237148, 1788720733.0608327, 1788720733.0982106, 1788720733.1351395, 1788720733.172104, 1788720733.2094142, 1788720733.2464151, 1788720733.2835972, 1788720733.3211484, 1788720733.3580139, 1788720733.3950176, 1788720733.4322014, 1788720733.4693143, 1788720733.506662, 1788720733.5436666, 1788720733.5806425, 1788720733.6182194, 1788720733.65526, 1788720733.6924644, 1788720733.7296169, 1788720733.7665765, 1788720733.806258, 1788720733.8405087, 1788720733.8772583, 1788720733.9138248, 1788720733.9507544, 1788720733.987423, 1788720734.0291173, 1788720734.0614395, 1788720734.097835, 1788720734.1350653, 1788720734.1718466, 1788720734.2082791, 1788720734.2453852, 1788720734.2821126, 1788720734.318706, 1788720734.355687, 1788720734.3923783, 1788720734.4290268, 1788720734.4659548, 1788720734.503189, 1788720734.539252, 1788720734.5762882, 1788720734.6130478, 1788720734.64979, 1788720734.6871865, 1788720734.7236333, 1788720734.762532, 1788720734.7970958, 1788720734.8335283, 1788720734.8704596, 1788720734.906851, 1788720734.9465685, 1788720734.9799156, 1788720735.0166879, 1788720735.053077, 1788720735.0903194, 1788720735.1271753, 1788720735.163282, 1788720735.2002912, 1788720735.2366219, 1788720735.273344, 1788720735.31018, 1788720735.346756, 1788720735.3834178, 1788720735.4204397, 1788720735.456639, 1788720735.49367, 1788720735.5302126, 1788720735.566702, 1788720735.6038008, 1788720735.643769, 1788720735.678615, 1788720735.7057662, 1788720735.7361803, 1788720735.7659073, 1788720735.7948163, 1788720735.8250911, 1788720735.8553133, 1788720735.889032, 1788720735.9156566, 1788720735.945973, 1788720735.976196, 1788720736.0070808, 1788720736.0383143, 1788720736.069382, 1788720736.099426, 1788720736.129765, 1788720736.1603205, 1788720736.1904743, 1788720736.2219443, 1788720736.252994, 1788720736.284277, 1788720736.3144016, 1788720736.3447926, 1788720736.3750637, 1788720736.4060237, 1788720736.4370823, 1788720736.468187, 1788720736.4985707, 1788720736.5288675, 1788720736.5591547, 1788720736.590095, 1788720736.6204362, 1788720736.6507041, 1788720736.6806095, 1788720736.714706, 1788720736.7423499, 1788720736.772448, 1788720736.8014867, 1788720736.8312826, 1788720736.861997, 1788720736.8916025, 1788720736.9214668, 1788720736.9511232, 1788720736.9818857, 1788720737.0122094, 1788720737.0429163, 1788720737.073359, 1788720737.1030622, 1788720737.132923, 1788720737.1624725, 1788720737.1929362, 1788720737.2259057, 1788720737.2532644, 1788720737.2833521, 1788720737.3136258, 1788720737.343929, 1788720737.3740335, 1788720737.4043586, 1788720737.4346797, 1788720737.4650621, 1788720737.4952207, 1788720737.5255563, 1788720737.555705, 1788720737.5858152, 1788720737.6165895, 1788720737.6466818, 1788720737.6769173, 1788720737.707335, 1788720737.7377288, 1788720737.7671728, 1788720737.7966738, 1788720737.8263028, 1788720737.856287, 1788720737.8867102, 1788720737.9169228, 1788720737.9471552, 1788720737.9772997, 1788720738.0075889, 1788720738.037676, 1788720738.0680335, 1788720738.0985723, 1788720738.1293154, 1788720738.158205, 1788720738.187574, 1788720738.2171352, 1788720738.2473624, 1788720738.2772555, 1788720738.3071008, 1788720738.336537, 1788720738.36783, 1788720738.391902, 1788720738.417928, 1788720738.443844, 1788720738.4698327, 1788720738.4958887, 1788720738.5219035, 1788720738.5480196, 1788720738.5740864, 1788720738.6000757, 1788720738.6261325, 1788720738.6520963, 1788720738.67812, 1788720738.7041755, 1788720738.730392, 1788720738.7618952, 1788720738.7851157, 1788720738.8080256, 1788720738.8336902, 1788720738.8595502, 1788720738.8853066, 1788720738.9118714, 1788720738.9369054, 1788720738.965356, 1788720738.9870496, 1788720739.012174, 1788720739.0373018, 1788720739.0626066, 1788720739.087773, 1788720739.112868, 1788720739.1380296, 1788720739.1631453, 1788720739.188398, 1788720739.2133877, 1788720739.2385087, 1788720739.2636635, 1788720739.288756, 1788720739.3139398, 1788720739.3390868, 1788720739.3642542, 1788720739.3893332, 1788720739.4144216, 1788720739.4395726, 1788720739.4647288, 1788720739.489831, 1788720739.515025, 1788720739.5402076, 1788720739.565225, 1788720739.5903933, 1788720739.6155984, 1788720739.640723, 1788720739.6657934, 1788720739.6909914, 1788720739.7161891, 1788720739.7412028, 1788720739.7664623, 1788720739.791435, 1788720739.8165374, 1788720739.8416016, 1788720739.8667722, 1788720739.8918376, 1788720739.9169931, 1788720739.942197, 1788720739.967326, 1788720739.9940622]","[1, 1, 1, 1, 1, 1, 1, 1, 1, 1, 1, 1, 1, 1, 1, 1, 1, 1, 1, 1, 1, 1, 1, 1, 1, 1, 1, 1, 1, 1, 1, 1, 1, 1, 1, 1, 1, 1, 1, 1, 1, 1, 1, 1, 1, 1, 1, 1, 1, 1, 1, 1, 1, 1, 1, 1, 1, 1, 1, 1, 1, 1, 1, 1, 1, 1, 1, 1, 1, 1, 1, 1, 1, 1, 1, 1, 1, 1, 1, 1, 1, 1, 1, 1, 1, 1, 1, 1, 1, 1, 1, 1, 1, 1, 1, 1, 1, 1, 1, 1, 1, 1, 1, 1, 1, 1, 1, 1, 1, 1, 1, 1, 1, 1, 1, 1, 1, 1, 1, 1, 1, 1, 1, 1, 1, 1, 1, 1, 1, 1, 1, 1, 1, 1, 1, 1, 1, 1, 1, 1, 1, 1, 1, 1, 1, 1, 1, 1, 1, 1, 1, 1, 1, 1, 1, 1, 1, 1, 1, 1, 1, 1, 1, 1, 1, 1, 1, 1, 1, 1, 1, 1, 1, 1, 1, 1, 1, 1, 1, 1, 1, 1, 1, 1, 1, 1, 1, 1, 1, 1, 1, 1, 1, 1, 1, 1, 1, 1, 1, 1, 1, 1, 1, 1, 1, 1, 1, 1, 1, 1, 1, 1, 1, 1, 1, 1, 1, 1, 1, 1, 1, 1, 1, 1, 1, 1, 1, 1, 1, 1, 1, 1, 1, 1, 1, 1, 1, 1, 1, 1, 1, 1, 1, 1, 1, 1, 1, 1, 1, 1, 1, 1, 1, 1, 1, 1, 1, 1, 1, 1, 1, 1, 1, 1, 1, 1, 1, 1, 1, 1, 1, 1, 1, 1, 1, 1, 1, 1, 1, 1, 1, 1, 1, 1, 1, 1, 1, 1, 1, 1, 1, 1, 1, 1, 1, 1, 1, 1, 1, 1, 1, 1, 1, 1, 1, 1, 1, 1, 1, 1, 1, 1, 1, 1, 1, 1, 1, 1, 1, 1, 1, 1, 1, 1, 1, 1, 1, 1, 1, 1, 1, 1, 1, 1, 1, 1, 1, 1, 1, 1, 1, 1, 1]"
User-033,3,trace_0538,1788720730.5852394,streaming,12689,105,105,161,8,15.752323865890503,51.02707624435425,0.33918031133138216,10.0,0,True,,1788720679.5581062,1788720695.31043,1788720730.5851824,"[1788720695.31043, 1788720695.9061868, 1788720696.5468757, 1788720697.2238476, 1788720697.9239438, 1788720698.6367638, 1788720699.2078223, 1788720699.823261, 1788720700.471402, 1788720701.1533322, 1788720701.859899, 1788720702.6009212, 1788720703.3757796, 1788720704.1907, 1788720705.0315337, 1788720705.945211, 1788720706.4954875, 1788720707.1073968, 1788720707.7520201, 1788720708.4286952, 1788720709.0363338, 1788720709.6548002, 1788720710.3171334, 1788720711.003691, 1788720711.7216022, 1788720712.4645545, 1788720713.2397168, 1788720714.0509768, 1788720714.6683707, 1788720715.2764692, 1788720715.9383843, 1788720716.630941, 1788720717.34892, 1788720718.0991664, 1788720718.8789546, 1788720719.693836, 1788720720.531983, 1788720721.1626883, 1788720721.7448583, 1788720722.3853102, 1788720723.0629883, 1788720723.7771647, 1788720724.5213513, 1788720725.299855, 1788720726.1023655, 1788720726.9342778, 1788720727.7975066, 1788720727.9898486, 1788720728.000583, 1788720728.0549436, 1788720728.1044643, 1788720728.1523106, 1788720728.1988447, 1788720728.24846, 1788720728.2964065, 1788720728.346591, 1788720728.3922923, 1788720728.4387014, 1788720728.4877715, 1788720728.532279, 1788720728.5802479, 1788720728.6271815, 1788720728.674234, 1788720728.7226934, 1788720728.7696517, 1788720728.8163068, 1788720728.86536, 1788720728.9153101, 1788720728.9569435, 1788720729.0040803, 1788720729.049826, 1788720729.096613, 1788720729.1411617, 1788720729.1869478, 1788720729.2321267, 1788720729.2781458, 1788720729.3234992, 1788720729.368491, 1788720729.4145436, 1788720729.4600444, 1788720729.5057943, 1788720729.5511184, 1788720729.596771, 1788720729.6424026, 1788720729.6878939, 1788720729.7334852, 1788720729.7788427, 1788720729.824176, 1788720729.8716702, 1788720729.9143398, 1788720729.9592924, 1788720730.0093157, 1788720730.0483906, 1788720730.094185, 1788720730.1408179, 1788720730.183762, 1788720730.2281978, 1788720730.2752907, 1788720730.3147113, 1788720730.361038, 1788720730.4052122, 1788720730.44946, 1788720730.4937582, 1788720730.5381372, 1788720730.5835807]","[1, 1, 1, 1, 1, 1, 1, 1, 1, 1, 1, 1, 1, 1, 1, 1, 1, 1, 1, 1, 1, 1, 1, 1, 1, 1, 1, 1, 1, 1, 1, 1, 1, 1, 1, 1, 1, 1, 1, 1, 1, 1, 1, 1, 1, 1, 1, 1, 1, 1, 1, 1, 1, 1, 1, 1, 1, 1, 1, 1, 1, 1, 1, 1, 1, 1, 1, 1, 1, 1, 1, 1, 1, 1, 1, 1, 1, 1, 1, 1, 1, 1, 1, 1, 1, 1, 1, 1, 1, 1, 1, 1, 1, 1, 1, 1, 1, 1, 1, 1, 1, 1, 1, 1, 1]"
User-035,3,trace_0062,1788720730.143245,streaming,17344,149,149,260,9,28.859249591827393,101.3195333480835,0.4895965118665953,8.0,0,True,,1788720628.82361,1788720657.6828597,1788720730.1431434,"[1788720657.6828597, 1788720658.2605705, 1788720658.8927786, 1788720659.5581975, 1788720660.251503, 1788720660.9769716, 1788720661.7414415, 1788720662.5411289, 1788720663.3676639, 1788720664.2381012, 1788720665.1298528, 1788720666.048661, 1788720666.7548258, 1788720667.3274415, 1788720667.959456, 1788720668.6242087, 1788720669.3222919, 1788720670.046704, 1788720670.8192487, 1788720671.6095006, 1788720672.1735053, 1788720672.788284, 1788720673.4438548, 1788720674.1294472, 1788720674.8518963, 1788720675.6043189, 1788720676.3910859, 1788720677.1993842, 1788720677.8354425, 1788720678.4177837, 1788720679.0553863, 1788720679.7268424, 1788720680.4275355, 1788720681.157695, 1788720681.9164324, 1788720682.5937042, 1788720683.1636062, 1788720683.7936904, 1788720684.4555244, 1788720685.1518126, 1788720685.8660142, 1788720686.6171508, 1788720687.402196, 1788720688.0285552, 1788720688.630368, 1788720689.2848322, 1788720689.9720879, 1788720690.680444, 1788720691.411888, 1788720691.9925797, 1788720692.6321936, 1788720693.298709, 1788720693.9930325, 1788720694.7135065, 1788720695.3128757, 1788720695.908049, 1788720696.548305, 1788720697.2249494, 1788720697.9264257, 1788720698.637938, 1788720699.208999, 1788720699.8257275, 1788720700.4741743, 1788720701.1556838, 1788720701.8610036, 1788720702.6034577, 1788720703.3782287, 1788720704.1931667, 1788720705.0340135, 1788720705.9464178, 1788720706.4980395, 1788720707.1099303, 1788720707.7545078, 1788720708.4312363, 1788720709.037441, 1788720709.6564093, 1788720710.3196461, 1788720711.0047922, 1788720711.7241035, 1788720712.4670668, 1788720713.2421737, 1788720714.0525448, 1788720714.6708536, 1788720715.2789536, 1788720715.9408677, 1788720716.6325006, 1788720717.3500168, 1788720718.1006422, 1788720718.881457, 1788720719.6963265, 1788720720.534461, 1788720721.1644475, 1788720721.745948, 1788720722.3878539, 1788720723.0646057, 1788720723.7796597, 1788720724.5238478, 1788720725.3023465, 1788720726.1043527, 1788720726.9363816, 1788720727.8000479, 1788720727.9921124, 1788720728.0016756, 1788720728.057435, 1788720728.107002, 1788720728.1541543, 1788720728.2006927, 1788720728.2509103, 1788720728.2991285, 1788720728.34845, 1788720728.3935325, 1788720728.4405067, 1788720728.4889772, 1788720728.5347648, 1788720728.5827048, 1788720728.6296225, 1788720728.676286, 1788720728.7244923, 1788720728.772037, 1788720728.8181403, 1788720728.8678272, 1788720728.9180906, 1788720728.9578154, 1788720729.004944, 1788720729.0518246, 1788720729.0976102, 1788720729.142622, 1788720729.1884184, 1788720729.232777, 1788720729.2796276, 1788720729.3249633, 1788720729.3691432, 1788720729.4160337, 1788720729.4615088, 1788720729.5073023, 1788720729.552581, 1788720729.5982287, 1788720729.643896, 1788720729.6893654, 1788720729.734977, 1788720729.7803063, 1788720729.824821, 1788720729.872779, 1788720729.9158318, 1788720729.9607584, 1788720730.010016, 1788720730.0494998, 1788720730.0956745, 1788720730.1423235]","[1, 1, 1, 1, 1, 1, 1, 1, 1, 1, 1, 1, 1, 1, 1, 1, 1, 1, 1, 1, 1, 1, 1, 1, 1, 1, 1, 1, 1, 1, 1, 1, 1, 1, 1, 1, 1, 1, 1, 1, 1, 1, 1, 1, 1, 1, 1, 1, 1, 1, 1, 1, 1, 1, 1, 1, 1, 1, 1, 1, 1, 1, 1, 1, 1, 1, 1, 1, 1, 1, 1, 1, 1, 1, 1, 1, 1, 1, 1, 1, 1, 1, 1, 1, 1, 1, 1, 1, 1, 1, 1, 1, 1, 1, 1, 1, 1, 1, 1, 1, 1, 1, 1, 1, 1, 1, 1, 1, 1, 1, 1, 1, 1, 1, 1, 1, 1, 1, 1, 1, 1, 1, 1, 1, 1, 1, 1, 1, 1, 1, 1, 1, 1, 1, 1, 1, 1, 1, 1, 1, 1, 1, 1, 1, 1, 1, 1, 1, 1]"
User-051,0,trace_0167,1788720731.9137685,streaming,13715,479,479,0,213,19.632814645767212,297.5206460952759,0.5813552959194742,0.0,0,True,,1788720434.3930507,1788720454.0258653,1788720731.9136968,"[1788720454.0258653, 1788720454.588227, 1788720455.2011018, 1788720455.8465798, 1788720456.5280113, 1788720457.2341814, 1788720457.9684792, 1788720458.745247, 1788720459.5376523, 1788720460.3668203, 1788720460.9247434, 1788720461.544019, 1788720462.187073, 1788720462.8657758, 1788720463.571542, 1788720464.3073866, 1788720465.0776331, 1788720465.8819833, 1788720466.7263706, 1788720467.6013355, 1788720468.5007102, 1788720469.2674513, 1788720469.8289611, 1788720470.4566934, 1788720471.117088, 1788720471.8145084, 1788720472.5471675, 1788720473.3029053, 1788720473.8661885, 1788720474.4808052, 1788720475.1288948, 1788720475.8069773, 1788720476.5185242, 1788720477.2682338, 1788720478.0723138, 1788720478.6258647, 1788720479.2407458, 1788720479.9055002, 1788720480.594025, 1788720481.3030195, 1788720481.8714325, 1788720482.489491, 1788720483.1351829, 1788720483.7950704, 1788720484.3658745, 1788720484.9841986, 1788720485.635052, 1788720486.3180888, 1788720487.0301456, 1788720487.7852163, 1788720488.57795, 1788720489.3906436, 1788720490.2359483, 1788720491.1623409, 1788720491.8120399, 1788720492.4524693, 1788720493.0665348, 1788720493.7522054, 1788720494.4658215, 1788720495.2019997, 1788720495.969605, 1788720496.7757678, 1788720497.6056328, 1788720498.1648161, 1788720498.7826283, 1788720499.4289167, 1788720500.1035721, 1788720500.8097744, 1788720501.4639885, 1788720502.0405526, 1788720502.6671002, 1788720503.3279555, 1788720504.0149963, 1788720504.7323139, 1788720505.4835024, 1788720506.2691083, 1788720507.0874448, 1788720507.9378958, 1788720508.8210146, 1788720509.7361906, 1788720510.5438838, 1788720511.09753, 1788720511.7222748, 1788720512.3781261, 1788720513.0645337, 1788720513.782277, 1788720514.5295265, 1788720515.2472353, 1788720515.8190176, 1788720516.4601057, 1788720517.132097, 1788720517.8350735, 1788720518.5690126, 1788720519.321856, 1788720520.1154337, 1788720520.937311, 1788720521.5843556, 1788720522.1799686, 1788720522.8331785, 1788720523.5151095, 1788720524.2199767, 1788720524.9543128, 1788720525.7196605, 1788720526.5160885, 1788720527.3438532, 1788720528.207292, 1788720529.0981636, 1788720530.0206773, 1788720530.9044154, 1788720531.452658, 1788720532.0708575, 1788720532.7222588, 1788720533.4048195, 1788720534.1126227, 1788720534.7637599, 1788720535.343226, 1788720535.9719963, 1788720536.6360576, 1788720537.325992, 1788720538.0442069, 1788720538.7949958, 1788720539.5810857, 1788720540.397996, 1788720541.0298696, 1788720541.6296144, 1788720542.2824671, 1788720542.9647655, 1788720543.6732855, 1788720544.4099092, 1788720545.1720343, 1788720545.9698706, 1788720546.7967026, 1788720547.6507854, 1788720548.541294, 1788720549.4658823, 1788720550.275116, 1788720550.8407962, 1788720551.488132, 1788720552.1601832, 1788720552.8652263, 1788720553.5962474, 1788720554.3585076, 1788720555.1524289, 1788720555.7573278, 1788720556.3413632, 1788720556.9800038, 1788720557.653483, 1788720558.363922, 1788720558.9531693, 1788720559.5399241, 1788720560.1805155, 1788720560.8530192, 1788720561.5536075, 1788720562.2834265, 1788720563.0488975, 1788720563.8557777, 1788720564.6938725, 1788720565.56498, 1788720566.4576414, 1788720567.1247332, 1788720567.6995342, 1788720568.3411698, 1788720569.02946, 1788720569.7465956, 1788720570.4890308, 1788720571.2834527, 1788720571.8391159, 1788720572.4535778, 1788720573.0967517, 1788720573.7706258, 1788720574.4738178, 1788720575.2061837, 1788720575.9720063, 1788720576.778299, 1788720577.3999202, 1788720577.980746, 1788720578.6220813, 1788720579.2957642, 1788720579.8883905, 1788720580.475144, 1788720581.1140294, 1788720581.785321, 1788720582.4846177, 1788720583.2119198, 1788720583.9770112, 1788720584.7729547, 1788720585.5994928, 1788720586.4608984, 1788720587.3464942, 1788720588.2248333, 1788720588.7829583, 1788720589.3987646, 1788720590.0505185, 1788720590.7257457, 1788720591.4031358, 1788720591.9764495, 1788720592.6179926, 1788720593.2884731, 1788720593.9901292, 1788720594.7164617, 1788720595.4728532, 1788720596.2631843, 1788720597.0801978, 1788720597.9255693, 1788720598.6622677, 1788720599.2277076, 1788720599.8572965, 1788720600.5374637, 1788720601.2436273, 1788720601.972876, 1788720602.635817, 1788720603.237483, 1788720603.894719, 1788720604.576062, 1788720605.2860808, 1788720606.0248132, 1788720606.7928474, 1788720607.5919778, 1788720608.422885, 1788720609.2765198, 1788720609.9104965, 1788720610.4901705, 1788720611.1299784, 1788720611.8002708, 1788720612.4999316, 1788720613.213884, 1788720613.7789674, 1788720614.3952525, 1788720615.044893, 1788720615.7272527, 1788720616.4379246, 1788720617.1785965, 1788720617.9633803, 1788720618.5869431, 1788720619.1749353, 1788720619.8358123, 1788720620.5251703, 1788720621.2528243, 1788720621.9851577, 1788720622.7569103, 1788720623.5124283, 1788720624.1060355, 1788720624.7498674, 1788720625.3574367, 1788720625.983519, 1788720626.646248, 1788720627.3343651, 1788720628.051757, 1788720628.8286772, 1788720629.5762231, 1788720630.3876972, 1788720631.2302513, 1788720632.1042747, 1788720632.9993887, 1788720633.9177248, 1788720634.7285483, 1788720635.287475, 1788720635.9146838, 1788720636.5878406, 1788720637.2936482, 1788720638.0289216, 1788720638.7887201, 1788720639.5795267, 1788720640.14145, 1788720640.7534797, 1788720641.3990612, 1788720642.0751667, 1788720642.780316, 1788720643.513664, 1788720644.2817674, 1788720645.0799644, 1788720645.8555145, 1788720646.417787, 1788720647.038841, 1788720647.6893942, 1788720648.3545163, 1788720648.925002, 1788720649.5423858, 1788720650.1924696, 1788720650.8740249, 1788720651.585646, 1788720652.3243525, 1788720652.962633, 1788720653.5445273, 1788720654.1781855, 1788720654.842966, 1788720655.5400581, 1788720656.2626345, 1788720657.0154202, 1788720657.673928, 1788720658.250707, 1788720658.882945, 1788720659.5475037, 1788720660.2411468, 1788720660.9651623, 1788720661.7326615, 1788720662.532548, 1788720663.358753, 1788720664.2278326, 1788720665.121397, 1788720666.0384896, 1788720666.743934, 1788720667.3170388, 1788720667.9491992, 1788720668.6153579, 1788720669.3118398, 1788720670.0401373, 1788720670.808644, 1788720671.6007788, 1788720672.1644707, 1788720672.7785683, 1788720673.4329822, 1788720674.118932, 1788720674.842136, 1788720675.5949812, 1788720676.380098, 1788720677.1890197, 1788720677.824898, 1788720678.4071436, 1788720679.0448582, 1788720679.7159991, 1788720680.4173195, 1788720681.1494439, 1788720681.9076946, 1788720682.5857058, 1788720683.1535015, 1788720683.7831976, 1788720684.445105, 1788720685.1414897, 1788720685.8552675, 1788720686.6087134, 1788720687.3934255, 1788720688.018162, 1788720688.6201663, 1788720689.2759676, 1788720689.9624524, 1788720690.6720166, 1788720691.4021986, 1788720691.9829853, 1788720692.6233375, 1788720693.289071, 1788720693.9852026, 1788720694.7040014, 1788720695.3026397, 1788720695.898484, 1788720696.539238, 1788720697.2165532, 1788720697.9163013, 1788720698.6295497, 1788720699.199817, 1788720699.815122, 1788720700.4633548, 1788720701.1451364, 1788720701.8521805, 1788720702.5927477, 1788720703.3673124, 1788720704.1828086, 1788720705.0235872, 1788720705.9387236, 1788720706.4873688, 1788720707.099221, 1788720707.7437975, 1788720708.4202826, 1788720709.0297723, 1788720709.6471496, 1788720710.3095038, 1788720710.99599, 1788720711.71393, 1788720712.4568613, 1788720713.232147, 1788720714.0427976, 1788720714.6600337, 1788720715.2683492, 1788720715.9301965, 1788720716.6225486, 1788720717.3420537, 1788720718.0908556, 1788720718.8703043, 1788720719.6856942, 1788720720.5238235, 1788720721.1540642, 1788720721.7375147, 1788720722.3765504, 1788720723.0539365, 1788720723.769033, 1788720724.5132031, 1788720725.291419, 1788720726.0945756, 1788720726.926496, 1788720727.7897058, 1788720727.9815133, 1788720727.9970734, 1788720728.0469303, 1788720728.0965965, 1788720728.1444187, 1788720728.1919074, 1788720728.2402294, 1788720728.2876904, 1788720728.338428, 1788720728.383526, 1788720728.431126, 1788720728.4803364, 1788720728.5248861, 1788720728.5727904, 1788720728.6197326, 1788720728.6665497, 1788720728.7150433, 1788720728.7619815, 1788720728.8087718, 1788720728.8576605, 1788720728.9075847, 1788720728.950355, 1788720728.9965765, 1788720729.0421302, 1788720729.0896804, 1788720729.1335058, 1788720729.1793404, 1788720729.224674, 1788720729.2705042, 1788720729.3158872, 1788720729.3611627, 1788720729.4069238, 1788720729.452428, 1788720729.4981496, 1788720729.5434904, 1788720729.5891602, 1788720729.634753, 1788720729.6802638, 1788720729.7258162, 1788720729.7712123, 1788720729.816789, 1788720729.8649392, 1788720729.9072013, 1788720729.9521952, 1788720730.0034285, 1788720730.0426111, 1788720730.087039, 1788720730.1337183, 1788720730.1766167, 1788720730.2210486, 1788720730.268988, 1788720730.3098967, 1788720730.3544168, 1788720730.3985434, 1788720730.4428856, 1788720730.487135, 1788720730.5315704, 1788720730.5769238, 1788720730.6196592, 1788720730.6633232, 1788720730.7080948, 1788720730.7546742, 1788720730.7984853, 1788720730.8418515, 1788720730.8854463, 1788720730.9294062, 1788720730.9717455, 1788720731.016781, 1788720731.060267, 1788720731.1037438, 1788720731.1478448, 1788720731.1915889, 1788720731.23505, 1788720731.2834332, 1788720731.3224266, 1788720731.365937, 1788720731.4098105, 1788720731.4520807, 1788720731.496832, 1788720731.540503, 1788720731.5840986, 1788720731.6278162, 1788720731.6731703, 1788720731.7166107, 1788720731.7548127, 1788720731.7921305, 1788720731.8314035, 1788720731.8703394, 1788720731.9106395]","[1, 1, 1, 1, 1, 1, 1, 1, 1, 1, 1, 1, 1, 1, 1, 1, 1, 1, 1, 1, 1, 1, 1, 1, 1, 1, 1, 1, 1, 1, 1, 1, 1, 1, 1, 1, 1, 1, 1, 1, 1, 1, 1, 1, 1, 1, 1, 1, 1, 1, 1, 1, 1, 1, 1, 1, 1, 1, 1, 1, 1, 1, 1, 1, 1, 1, 1, 1, 1, 1, 1, 1, 1, 1, 1, 1, 1, 1, 1, 1, 1, 1, 1, 1, 1, 1, 1, 1, 1, 1, 1, 1, 1, 1, 1, 1, 1, 1, 1, 1, 1, 1, 1, 1, 1, 1, 1, 1, 1, 1, 1, 1, 1, 1, 1, 1, 1, 1, 1, 1, 1, 1, 1, 1, 1, 1, 1, 1, 1, 1, 1, 1, 1, 1, 1, 1, 1, 1, 1, 1, 1, 1, 1, 1, 1, 1, 1, 1, 1, 1, 1, 1, 1, 1, 1, 1, 1, 1, 1, 1, 1, 1, 1, 1, 1, 1, 1, 1, 1, 1, 1, 1, 1, 1, 1, 1, 1, 1, 1, 1, 1, 1, 1, 1, 1, 1, 1, 1, 1, 1, 1, 1, 1, 1, 1, 1, 1, 1, 1, 1, 1, 1, 1, 1, 1, 1, 1, 1, 1, 1, 1, 1, 1, 1, 1, 1, 1, 1, 1, 1, 1, 1, 1, 1, 1, 1, 1, 1, 1, 1, 1, 1, 1, 1, 1, 1, 1, 1, 1, 1, 1, 1, 1, 1, 1, 1, 1, 1, 1, 1, 1, 1, 1, 1, 1, 1, 1, 1, 1, 1, 1, 1, 1, 1, 1, 1, 1, 1, 1, 1, 1, 1, 1, 1, 1, 1, 1, 1, 1, 1, 1, 1, 1, 1, 1, 1, 1, 1, 1, 1, 1, 1, 1, 1, 1, 1, 1, 1, 1, 1, 1, 1, 1, 1, 1, 1, 1, 1, 1, 1, 1, 1, 1, 1, 1, 1, 1, 1, 1, 1, 1, 1, 1, 1, 1, 1, 1, 1, 1, 1, 1, 1, 1, 1, 1, 1, 1, 1, 1, 1, 1, 1, 1, 1, 1, 1, 1, 1, 1, 1, 1, 1, 1, 1, 1, 1, 1, 1, 1, 1, 1, 1, 1, 1, 1, 1, 1, 1, 1, 1, 1, 1, 1, 1, 1, 1, 1, 1, 1, 1, 1, 1, 1, 1, 1, 1, 1, 1, 1, 1, 1, 1, 1, 1, 1, 1, 1, 1, 1, 1, 1, 1, 1, 1, 1, 1, 1, 1, 1, 1, 1, 1, 1, 1, 1, 1, 1, 1, 1, 1, 1, 1, 1, 1, 1, 1, 1, 1, 1, 1, 1, 1, 1, 1, 1, 1, 1, 1, 1, 1, 1, 1, 1, 1, 1, 1, 1, 1, 1, 1, 1, 1, 1, 1, 1, 1, 1, 1, 1, 1, 1, 1, 1, 1, 1, 1, 1, 1, 1, 1, 1, 1, 1, 1, 1, 1, 1, 1, 1]"
User-008,2,trace_0707,1788720738.7864614,streaming,20354,368,368,309,8,32.79855823516846,93.75557661056519,0.16609541791661234,15.0,0,True,,1788720645.030773,1788720677.8293312,1788720738.7863495,"[1788720677.8293312, 1788720678.411334, 1788720679.0490713, 1788720679.7201314, 1788720680.4214392, 1788720681.1535268, 1788720681.9118555, 1788720682.5897658, 1788720683.157621, 1788720683.7873254, 1788720684.4492457, 1788720685.145818, 1788720685.8594892, 1788720686.6128912, 1788720687.3971066, 1788720688.022606, 1788720688.6238554, 1788720689.2798896, 1788720689.9659443, 1788720690.675686, 1788720691.4057264, 1788720691.9865348, 1788720692.6269007, 1788720693.2926486, 1788720693.988737, 1788720694.7076058, 1788720695.3062575, 1788720695.9022055, 1788720696.5429175, 1788720697.2202806, 1788720697.9199858, 1788720698.6333058, 1788720699.203628, 1788720699.818768, 1788720700.4669855, 1788720701.148868, 1788720701.8558476, 1788720702.5964622, 1788720703.371346, 1788720704.1862662, 1788720705.0270019, 1788720705.9416914, 1788720706.4904184, 1788720707.102405, 1788720707.7470427, 1788720708.423749, 1788720709.0321705, 1788720709.6498141, 1788720710.3121824, 1788720710.9987462, 1788720711.716625, 1788720712.459561, 1788720713.234804, 1788720714.0458007, 1788720714.6633356, 1788720715.2715287, 1788720715.9334311, 1788720716.625889, 1788720717.345304, 1788720718.0940654, 1788720718.8735797, 1788720719.6889265, 1788720720.5269885, 1788720721.1569552, 1788720721.7407038, 1788720722.3798065, 1788720723.0574958, 1788720723.7717314, 1788720724.515922, 1788720725.2940996, 1788720726.0971034, 1788720726.9292505, 1788720727.792451, 1788720727.9839814, 1788720727.9981656, 1788720728.0494082, 1788720728.0990522, 1788720728.146924, 1788720728.1943536, 1788720728.242683, 1788720728.2903647, 1788720728.3412144, 1788720728.3854961, 1788720728.433131, 1788720728.4822893, 1788720728.5268624, 1788720728.5747907, 1788720728.6217086, 1788720728.6685545, 1788720728.7172697, 1788720728.7642407, 1788720728.8109999, 1788720728.859912, 1788720728.9098105, 1788720728.9526262, 1788720728.9987938, 1788720729.0443716, 1788720729.0919304, 1788720729.1357496, 1788720729.1815255, 1788720729.226885, 1788720729.2727332, 1788720729.3180666, 1788720729.3633695, 1788720729.4091384, 1788720729.4546165, 1788720729.500387, 1788720729.545688, 1788720729.591348, 1788720729.6369336, 1788720729.6824582, 1788720729.728083, 1788720729.7733788, 1788720729.8190107, 1788720729.867488, 1788720729.9089139, 1788720729.9536722, 1788720730.0049741, 1788720730.0442815, 1788720730.0885391, 1788720730.135219, 1788720730.17832, 1788720730.2225296, 1788720730.2704694, 1788720730.31104, 1788720730.355905, 1788720730.4000647, 1788720730.4443598, 1788720730.4886298, 1788720730.533037, 1788720730.578604, 1788720730.6213377, 1788720730.6648226, 1788720730.7093627, 1788720730.75566, 1788720730.7994676, 1788720730.842835, 1788720730.886422, 1788720730.9303744, 1788720730.9724927, 1788720731.0177534, 1788720731.0612335, 1788720731.1047184, 1788720731.1488225, 1788720731.192578, 1788720731.236033, 1788720731.2844326, 1788720731.3234346, 1788720731.3669229, 1788720731.4107995, 1788720731.4528182, 1788720731.4978027, 1788720731.5414827, 1788720731.5850701, 1788720731.6287928, 1788720731.6741455, 1788720731.717705, 1788720731.7557933, 1788720731.7931166, 1788720731.8323739, 1788720731.8713253, 1788720731.9118872, 1788720731.9484987, 1788720731.986913, 1788720732.0250573, 1788720732.0642593, 1788720732.1026807, 1788720732.1410928, 1788720732.179987, 1788720732.2173862, 1788720732.2575457, 1788720732.2960901, 1788720732.3333616, 1788720732.373798, 1788720732.4121943, 1788720732.4480135, 1788720732.4898853, 1788720732.5283082, 1788720732.5669804, 1788720732.6057205, 1788720732.6441753, 1788720732.68317, 1788720732.7217925, 1788720732.7600548, 1788720732.7991755, 1788720732.837224, 1788720732.8783395, 1788720732.9124131, 1788720732.9507668, 1788720732.9901035, 1788720733.0246918, 1788720733.0617998, 1788720733.0991938, 1788720733.1361818, 1788720733.1732497, 1788720733.210528, 1788720733.2474108, 1788720733.284606, 1788720733.3221529, 1788720733.3590136, 1788720733.3957717, 1788720733.4333189, 1788720733.4704201, 1788720733.5075219, 1788720733.5447679, 1788720733.5817254, 1788720733.6191697, 1788720733.6563458, 1788720733.693554, 1788720733.7305934, 1788720733.7675872, 1788720733.8072755, 1788720733.841495, 1788720733.878238, 1788720733.9148483, 1788720733.9518304, 1788720733.9885318, 1788720734.0302124, 1788720734.0624194, 1788720734.0988445, 1788720734.1361413, 1788720734.1729407, 1788720734.2093577, 1788720734.2464688, 1788720734.2830927, 1788720734.3195775, 1788720734.3567595, 1788720734.3933601, 1788720734.4301314, 1788720734.4670608, 1788720734.5042071, 1788720734.540327, 1788720734.5773585, 1788720734.614034, 1788720734.6507843, 1788720734.6879833, 1788720734.7246068, 1788720734.763665, 1788720734.7980723, 1788720734.8345993, 1788720734.8713737, 1788720734.9076388, 1788720734.9477968, 1788720734.9806523, 1788720735.0176926, 1788720735.0541503, 1788720735.0912845, 1788720735.1281917, 1788720735.1643903, 1788720735.2013085, 1788720735.2376924, 1788720735.2743423, 1788720735.31115, 1788720735.3476396, 1788720735.3843956, 1788720735.421429, 1788720735.4577, 1788720735.4952672, 1788720735.5313, 1788720735.5676236, 1788720735.6048796, 1788720735.644743, 1788720735.6799037, 1788720735.7062654, 1788720735.736691, 1788720735.7664764, 1788720735.7951837, 1788720735.8256583, 1788720735.8558786, 1788720735.8898566, 1788720735.916221, 1788720735.9464605, 1788720735.9767008, 1788720736.0075693, 1788720736.038834, 1788720736.0698755, 1788720736.0999277, 1788720736.1302595, 1788720736.1608179, 1788720736.1908665, 1788720736.2224295, 1788720736.25348, 1788720736.2847703, 1788720736.314921, 1788720736.345283, 1788720736.375568, 1788720736.4065108, 1788720736.4375713, 1788720736.468748, 1788720736.4990973, 1788720736.5293787, 1788720736.559648, 1788720736.5905874, 1788720736.6209335, 1788720736.651209, 1788720736.6809778, 1788720736.7151961, 1788720736.7428885, 1788720736.7729533, 1788720736.8019698, 1788720736.8317735, 1788720736.8624861, 1788720736.892094, 1788720736.9219553, 1788720736.9516165, 1788720736.98238, 1788720737.0127022, 1788720737.0434139, 1788720737.0738475, 1788720737.1035602, 1788720737.133415, 1788720737.1629922, 1788720737.1934366, 1788720737.2263997, 1788720737.2542598, 1788720737.2843342, 1788720737.3146067, 1788720737.344932, 1788720737.37505, 1788720737.4053342, 1788720737.4356887, 1788720737.4660385, 1788720737.4962094, 1788720737.526531, 1788720737.5566928, 1788720737.5868194, 1788720737.6176007, 1788720737.647786, 1788720737.6779368, 1788720737.708356, 1788720737.7387707, 1788720737.768213, 1788720737.7976885, 1788720737.8273554, 1788720737.8573124, 1788720737.8877475, 1788720737.917917, 1788720737.9481556, 1788720737.978288, 1788720738.0085833, 1788720738.038673, 1788720738.0690234, 1788720738.0996077, 1788720738.1303098, 1788720738.159224, 1788720738.188563, 1788720738.218129, 1788720738.2485845, 1788720738.2782326, 1788720738.3080747, 1788720738.337521, 1788720738.3691213, 1788720738.3924587, 1788720738.4184263, 1788720738.4443467, 1788720738.4703364, 1788720738.49641, 1788720738.5223954, 1788720738.5485208, 1788720738.5745788, 1788720738.60057, 1788720738.6266322, 1788720738.6525874, 1788720738.678608, 1788720738.7046635, 1788720738.7309184, 1788720738.7624016, 1788720738.7856824]","[1, 1, 1, 1, 1, 1, 1, 1, 1, 1, 1, 1, 1, 1, 1, 1, 1, 1, 1, 1, 1, 1, 1, 1, 1, 1, 1, 1, 1, 1, 1, 1, 1, 1, 1, 1, 1, 1, 1, 1, 1, 1, 1, 1, 1, 1, 1, 1, 1, 1, 1, 1, 1, 1, 1, 1, 1, 1, 1, 1, 1, 1, 1, 1, 1, 1, 1, 1, 1, 1, 1, 1, 1, 1, 1, 1, 1, 1, 1, 1, 1, 1, 1, 1, 1, 1, 1, 1, 1, 1, 1, 1, 1, 1, 1, 1, 1, 1, 1, 1, 1, 1, 1, 1, 1, 1, 1, 1, 1, 1, 1, 1, 1, 1, 1, 1, 1, 1, 1, 1, 1, 1, 1, 1, 1, 1, 1, 1, 1, 1, 1, 1, 1, 1, 1, 1, 1, 1, 1, 1, 1, 1, 1, 1, 1, 1, 1, 1, 1, 1, 1, 1, 1, 1, 1, 1, 1, 1, 1, 1, 1, 1, 1, 1, 1, 1, 1, 1, 1, 1, 1, 1, 1, 1, 1, 1, 1, 1, 1, 1, 1, 1, 1, 1, 1, 1, 1, 1, 1, 1, 1, 1, 1, 1, 1, 1, 1, 1, 1, 1, 1, 1, 1, 1, 1, 1, 1, 1, 1, 1, 1, 1, 1, 1, 1, 1, 1, 1, 1, 1, 1, 1, 1, 1, 1, 1, 1, 1, 1, 1, 1, 1, 1, 1, 1, 1, 1, 1, 1, 1, 1, 1, 1, 1, 1, 1, 1, 1, 1, 1, 1, 1, 1, 1, 1, 1, 1, 1, 1, 1, 1, 1, 1, 1, 1, 1, 1, 1, 1, 1, 1, 1, 1, 1, 1, 1, 1, 1, 1, 1, 1, 1, 1, 1, 1, 1, 1, 1, 1, 1, 1, 1, 1, 1, 1, 1, 1, 1, 1, 1, 1, 1, 1, 1, 1, 1, 1, 1, 1, 1, 1, 1, 1, 1, 1, 1, 1, 1, 1, 1, 1, 1, 1, 1, 1, 1, 1, 1, 1, 1, 1, 1, 1, 1, 1, 1, 1, 1, 1, 1, 1, 1, 1, 1, 1, 1, 1, 1, 1, 1, 1, 1, 1, 1, 1, 1, 1, 1, 1, 1, 1, 1, 1, 1, 1, 1, 1, 1]"
User-046,1,trace_0334,1788720733.8095267,streaming,31251,421,421,0,487,38.460773944854736,241.36118817329407,0.483096224353427,2041.0,0,True,,1788720492.4482033,1788720530.9089773,1788720733.8093915,"[1788720530.9089773, 1788720531.4568245, 1788720532.075091, 1788720532.7265232, 1788720533.4090054, 1788720534.1168804, 1788720534.7676678, 1788720535.3474684, 1788720535.9762435, 1788720536.640202, 1788720537.3297896, 1788720538.0515287, 1788720538.7987707, 1788720539.5848417, 1788720540.4016979, 1788720541.034317, 1788720541.6338265, 1788720542.2867053, 1788720542.9689672, 1788720543.6774898, 1788720544.4142103, 1788720545.1762147, 1788720545.9740257, 1788720546.800754, 1788720547.6549294, 1788720548.5453565, 1788720549.4698732, 1788720550.2800646, 1788720550.8454409, 1788720551.4928687, 1788720552.1648552, 1788720552.8698, 1788720553.600875, 1788720554.3632207, 1788720555.1570647, 1788720555.7619958, 1788720556.3460147, 1788720556.98458, 1788720557.6581342, 1788720558.3687582, 1788720558.9575198, 1788720559.5445998, 1788720560.1852894, 1788720560.8578467, 1788720561.5583389, 1788720562.2881792, 1788720563.05358, 1788720563.8609924, 1788720564.698372, 1788720565.5690703, 1788720566.4619713, 1788720567.1287522, 1788720567.7036932, 1788720568.3456404, 1788720569.0336578, 1788720569.7507455, 1788720570.4931529, 1788720571.287707, 1788720571.843246, 1788720572.457237, 1788720573.1008863, 1788720573.7747781, 1788720574.477982, 1788720575.2102778, 1788720575.9761515, 1788720576.7824101, 1788720577.403972, 1788720577.984866, 1788720578.6263697, 1788720579.3008754, 1788720579.8922656, 1788720580.4785364, 1788720581.11834, 1788720581.789495, 1788720582.4889143, 1788720583.2161844, 1788720583.9812477, 1788720584.7772274, 1788720585.6036756, 1788720586.4649065, 1788720587.350692, 1788720588.229052, 1788720588.7871063, 1788720589.4029808, 1788720590.054747, 1788720590.7299526, 1788720591.4070413, 1788720591.9809678, 1788720592.6217873, 1788720593.2921891, 1788720593.9938977, 1788720594.720204, 1788720595.4766376, 1788720596.2669053, 1788720597.08416, 1788720597.928927, 1788720598.6657696, 1788720599.2313073, 1788720599.8616312, 1788720600.538956, 1788720601.2469766, 1788720601.9761193, 1788720602.6388392, 1788720603.240675, 1788720603.8979187, 1788720604.5792303, 1788720605.2893345, 1788720606.0280342, 1788720606.7960534, 1788720607.5951786, 1788720608.425936, 1788720609.2795253, 1788720609.9135237, 1788720610.4933736, 1788720611.133118, 1788720611.8034437, 1788720612.5032113, 1788720613.2168486, 1788720613.7821205, 1788720614.3984053, 1788720615.0481155, 1788720615.730447, 1788720616.4410043, 1788720617.1821766, 1788720617.9660368, 1788720618.5893688, 1788720619.1776388, 1788720619.838483, 1788720620.527832, 1788720621.2541306, 1788720621.9883168, 1788720622.7590806, 1788720623.5144117, 1788720624.1082153, 1788720624.752316, 1788720625.359936, 1788720625.9856625, 1788720626.6483934, 1788720627.3365512, 1788720628.053907, 1788720628.8296635, 1788720629.5782597, 1788720630.3897426, 1788720631.2343245, 1788720632.106258, 1788720633.0015028, 1788720633.9187071, 1788720634.731352, 1788720635.2901657, 1788720635.9177644, 1788720636.589981, 1788720637.295662, 1788720638.0311346, 1788720638.7908561, 1788720639.5823119, 1788720640.1441133, 1788720640.7561922, 1788720641.401714, 1788720642.0778368, 1788720642.7830179, 1788720643.5163386, 1788720644.2844505, 1788720645.082461, 1788720645.8589406, 1788720646.4210563, 1788720647.0419936, 1788720647.6925724, 1788720648.3585222, 1788720648.928697, 1788720649.5461068, 1788720650.1961994, 1788720650.8777094, 1788720651.5892744, 1788720652.3278322, 1788720652.9670823, 1788720653.5484998, 1788720654.182165, 1788720654.8470776, 1788720655.544273, 1788720656.2667744, 1788720657.019584, 1788720657.6775794, 1788720658.2546794, 1788720658.8873591, 1788720659.551726, 1788720660.2454047, 1788720660.9693224, 1788720661.7370744, 1788720662.5366573, 1788720663.3629358, 1788720664.232103, 1788720665.1255188, 1788720666.0426824, 1788720666.7489324, 1788720667.3217025, 1788720667.9537954, 1788720668.6197822, 1788720669.3164308, 1788720670.0439284, 1788720670.8133686, 1788720671.6062286, 1788720672.169024, 1788720672.7837732, 1788720673.4381654, 1788720674.1240952, 1788720674.8473172, 1788720675.6000917, 1788720676.385173, 1788720677.1945086, 1788720677.8308148, 1788720678.4128084, 1788720679.0505567, 1788720679.7217507, 1788720680.42295, 1788720681.155061, 1788720681.9133217, 1788720682.5912433, 1788720683.1590981, 1788720683.7888005, 1788720684.4507198, 1788720685.1473444, 1788720685.8609884, 1788720686.6143715, 1788720687.398219, 1788720688.0240738, 1788720688.6253235, 1788720689.281425, 1788720689.9674373, 1788720690.6768453, 1788720691.4072046, 1788720691.988036, 1788720692.6284058, 1788720693.2941556, 1788720693.9902277, 1788720694.7090995, 1788720695.307724, 1788720695.9037018, 1788720696.544397, 1788720697.2217758, 1788720697.9214482, 1788720698.635569, 1788720699.2056308, 1788720699.820742, 1788720700.468956, 1788720701.1508672, 1788720701.8578503, 1788720702.5984359, 1788720703.3732972, 1788720704.1882436, 1788720705.0290194, 1788720705.943626, 1788720706.492438, 1788720707.1043904, 1788720707.749038, 1788720708.4257119, 1788720709.0340934, 1788720709.6518092, 1788720710.3141587, 1788720711.0007257, 1788720711.718605, 1788720712.4615433, 1788720713.2367432, 1788720714.0478625, 1788720714.6654515, 1788720715.2734897, 1788720715.935426, 1788720716.6279042, 1788720717.3473542, 1788720718.0961165, 1788720718.875593, 1788720719.6909153, 1788720720.5289798, 1788720721.159027, 1788720721.7426748, 1788720722.3817875, 1788720723.0594866, 1788720723.7736902, 1788720724.517899, 1788720725.2963831, 1788720726.0987866, 1788720726.9307723, 1788720727.7939816, 1788720727.9854777, 1788720727.9988272, 1788720728.0508947, 1788720728.1005409, 1788720728.1484249, 1788720728.1958947, 1788720728.2441769, 1788720728.292034, 1788720728.342685, 1788720728.3869877, 1788720728.4346573, 1788720728.4837832, 1788720728.5283241, 1788720728.5762663, 1788720728.6232064, 1788720728.6702855, 1788720728.7187617, 1788720728.7657242, 1788720728.8124835, 1788720728.861401, 1788720728.9113214, 1788720728.954226, 1788720729.0002728, 1788720729.0458734, 1788720729.0934653, 1788720729.1372244, 1788720729.183014, 1788720729.2283487, 1788720729.2742097, 1788720729.3195522, 1788720729.3650274, 1788720729.410622, 1788720729.456116, 1788720729.5018682, 1788720729.5471928, 1788720729.5928264, 1788720729.6384223, 1788720729.683961, 1788720729.729553, 1788720729.7748656, 1788720729.8204916, 1788720729.8687239, 1788720729.9104056, 1788720729.9553752, 1788720730.0068157, 1788720730.045398, 1788720730.090235, 1788720730.136907, 1788720730.179827, 1788720730.2242332, 1788720730.2721343, 1788720730.3121455, 1788720730.3575828, 1788720730.4017556, 1788720730.4460368, 1788720730.490308, 1788720730.534715, 1788720730.580097, 1788720730.6228654, 1788720730.6664968, 1788720730.7106786, 1788720730.7566347, 1788720730.8004515, 1788720730.8438153, 1788720730.887415, 1788720730.9313912, 1788720730.9732332, 1788720731.0187263, 1788720731.0622046, 1788720731.1056955, 1788720731.149786, 1788720731.1935787, 1788720731.2369967, 1788720731.2854242, 1788720731.3244045, 1788720731.3678997, 1788720731.411795, 1788720731.4535453, 1788720731.4987915, 1788720731.5424564, 1788720731.5860453, 1788720731.6297562, 1788720731.6751323, 1788720731.718681, 1788720731.75704, 1788720731.7936254, 1788720731.8328621, 1788720731.8718102, 1788720731.912369, 1788720731.9489818, 1788720731.9874036, 1788720732.0254223, 1788720732.064742, 1788720732.1031747, 1788720732.1414604, 1788720732.1804729, 1788720732.217753, 1788720732.258032, 1788720732.2965724, 1788720732.3337464, 1788720732.3742838, 1788720732.4126801, 1788720732.448229, 1788720732.4903758, 1788720732.5286713, 1788720732.5674713, 1788720732.6062052, 1788720732.6445382, 1788720732.6836586, 1788720732.722277, 1788720732.7604213, 1788720732.7996619, 1788720732.837591, 1788720732.878847, 1788720732.9127789, 1788720732.9512556, 1788720732.9904697, 1788720733.0251853, 1788720733.0622842, 1788720733.0996807, 1788720733.1365492, 1788720733.1737328, 1788720733.2110527, 1788720733.2477767, 1788720733.2850988, 1788720733.3226478, 1788720733.3593874, 1788720733.3961363, 1788720733.4338074, 1788720733.4709392, 1788720733.507892, 1788720733.545263, 1788720733.5822077, 1788720733.6195357, 1788720733.6568282, 1788720733.6940386, 1788720733.7310822, 1788720733.7680733, 1788720733.8077848]","[1, 1, 1, 1, 1, 1, 1, 1, 1, 1, 1, 1, 1, 1, 1, 1, 1, 1, 1, 1, 1, 1, 1, 1, 1, 1, 1, 1, 1, 1, 1, 1, 1, 1, 1, 1, 1, 1, 1, 1, 1, 1, 1, 1, 1, 1, 1, 1, 1, 1, 1, 1, 1, 1, 1, 1, 1, 1, 1, 1, 1, 1, 1, 1, 1, 1, 1, 1, 1, 1, 1, 1, 1, 1, 1, 1, 1, 1, 1, 1, 1, 1, 1, 1, 1, 1, 1, 1, 1, 1, 1, 1, 1, 1, 1, 1, 1, 1, 1, 1, 1, 1, 1, 1, 1, 1, 1, 1, 1, 1, 1, 1, 1, 1, 1, 1, 1, 1, 1, 1, 1, 1, 1, 1, 1, 1, 1, 1, 1, 1, 1, 1, 1, 1, 1, 1, 1, 1, 1, 1, 1, 1, 1, 1, 1, 1, 1, 1, 1, 1, 1, 1, 1, 1, 1, 1, 1, 1, 1, 1, 1, 1, 1, 1, 1, 1, 1, 1, 1, 1, 1, 1, 1, 1, 1, 1, 1, 1, 1, 1, 1, 1, 1, 1, 1, 1, 1, 1, 1, 1, 1, 1, 1, 1, 1, 1, 1, 1, 1, 1, 1, 1, 1, 1, 1, 1, 1, 1, 1, 1, 1, 1, 1, 1, 1, 1, 1, 1, 1, 1, 1, 1, 1, 1, 1, 1, 1, 1, 1, 1, 1, 1, 1, 1, 1, 1, 1, 1, 1, 1, 1, 1, 1, 1, 1, 1, 1, 1, 1, 1, 1, 1, 1, 1, 1, 1, 1, 1, 1, 1, 1, 1, 1, 1, 1, 1, 1, 1, 1, 1, 1, 1, 1, 1, 1, 1, 1, 1, 1, 1, 1, 1, 1, 1, 1, 1, 1, 1, 1, 1, 1, 1, 1, 1, 1, 1, 1, 1, 1, 1, 1, 1, 1, 1, 1, 1, 1, 1, 1, 1, 1, 1, 1, 1, 1, 1, 1, 1, 1, 1, 1, 1, 1, 1, 1, 1, 1, 1, 1, 1, 1, 1, 1, 1, 1, 1, 1, 1, 1, 1, 1, 1, 1, 1, 1, 1, 1, 1, 1, 1, 1, 1, 1, 1, 1, 1, 1, 1, 1, 1, 1, 1, 1, 1, 1, 1, 1, 1, 1, 1, 1, 1, 1, 1, 1, 1, 1, 1, 1, 1, 1, 1, 1, 1, 1, 1, 1, 1, 1, 1, 1, 1, 1, 1, 1, 1, 1, 1, 1, 1, 1, 1, 1, 1, 1, 1, 1, 1, 1, 1, 1, 1, 1, 1, 1, 1, 1, 1, 1, 1, 1]"
User-048,3,trace_0546,1788720729.0977962,streaming,14214,78,78,213,4,18.31333613395691,55.99971389770508,0.4894334774512749,5.0,0,True,,1788720673.0980618,1788720691.411398,1788720729.0977757,"[1788720691.411398, 1788720691.9920702, 1788720692.6319497, 1788720693.2982037, 1788720693.9927917, 1788720694.713015, 1788720695.312388, 1788720695.9078233, 1788720696.5480843, 1788720697.2247255, 1788720697.9259276, 1788720698.637702, 1788720699.2087622, 1788720699.8252356, 1788720700.4736843, 1788720701.1553352, 1788720701.8607807, 1788720702.6029415, 1788720703.3777325, 1788720704.1926725, 1788720705.0335171, 1788720705.946168, 1788720706.4975293, 1788720707.1094131, 1788720707.7540095, 1788720708.4307032, 1788720709.0372171, 1788720709.6561859, 1788720710.3191667, 1788720711.0045683, 1788720711.723868, 1788720712.466528, 1788720713.2416801, 1788720714.052308, 1788720714.6703353, 1788720715.2784266, 1788720715.9403691, 1788720716.6322775, 1788720717.3497953, 1788720718.1004186, 1788720718.880948, 1788720719.6958284, 1788720720.5339625, 1788720721.1642237, 1788720721.7457278, 1788720722.387343, 1788720723.0643811, 1788720723.7791605, 1788720724.5233529, 1788720725.3018532, 1788720726.1041276, 1788720726.9361615, 1788720727.7995625, 1788720727.9918382, 1788720728.0014539, 1788720728.0569377, 1788720728.106452, 1788720728.1537828, 1788720728.200323, 1788720728.2503998, 1788720728.2985542, 1788720728.348231, 1788720728.3932977, 1788720728.4402888, 1788720728.4887555, 1788720728.5342388, 1788720728.5822084, 1788720728.6291306, 1788720728.6760702, 1788720728.7242737, 1788720728.7716496, 1788720728.8177667, 1788720728.8673294, 1788720728.9175785, 1788720728.9575925, 1788720729.004724, 1788720729.051332, 1788720729.097269]","[1, 1, 1, 1, 1, 1, 1, 1, 1, 1, 1, 1, 1, 1, 1, 1, 1, 1, 1, 1, 1, 1, 1, 1, 1, 1, 1, 1, 1, 1, 1, 1, 1, 1, 1, 1, 1, 1, 1, 1, 1, 1, 1, 1, 1, 1, 1, 1, 1, 1, 1, 1, 1, 1, 1, 1, 1, 1, 1, 1, 1, 1, 1, 1, 1, 1, 1, 1, 1, 1, 1, 1, 1, 1, 1, 1, 1, 1]"
