user_id,request_idx,trace_id,timestamp,request_type,input_tokens,output_tokens_expected,output_tokens_actual,cache_hit_blocks,cache_miss_blocks,ttft,ttlt,itl,delay_expected,delay_actual,success,error_message,request_start_time,prefill_complete_time,request_complete_time,token_timestamps,tokens_per_chunk
User-048,3,trace_0546,1788724864.745396,streaming,14088,78,78,213,4,24.545510053634644,42.10517859458923,0.22804764338902064,5.0,0,True,,1788724822.6401494,1788724847.1856594,1788724864.745328,"[1788724847.1856594, 1788724847.7863953, 1788724848.4384232, 1788724849.1243825, 1788724849.8424275, 1788724850.5498712, 1788724851.1336057, 1788724851.7771015, 1788724852.4506407, 1788724853.1583133, 1788724853.9014442, 1788724854.6763902, 1788724855.4864223, 1788724856.1619766, 1788724856.7579334, 1788724857.4132364, 1788724858.0997922, 1788724858.8205132, 1788724859.50941, 1788724860.1038742, 1788724860.7510495, 1788724861.4368217, 1788724862.1326463, 1788724862.8296318, 1788724863.4181423, 1788724864.0624647, 1788724864.7412937]","[1, 4, 2, 3, 4, 2, 3, 2, 2, 1, 1, 1, 3, 5, 2, 4, 2, 2, 1, 1, 3, 6, 6, 5, 5, 6, 1]"
User-033,2,trace_0538,1788724864.7456486,streaming,10676,118,118,159,3,20.835994005203247,42.4003632068634,0.18431084787743723,8.0,0,True,,1788724822.345244,1788724843.181238,1788724864.7456071,"[1788724843.181238, 1788724843.7730815, 1788724844.411962, 1788724845.0851696, 1788724845.7942905, 1788724846.5406878, 1788724847.1869218, 1788724847.7881365, 1788724848.4400396, 1788724849.1259744, 1788724849.8441384, 1788724850.5511105, 1788724851.1348038, 1788724851.7782352, 1788724852.451866, 1788724853.1597338, 1788724853.9026792, 1788724854.6775148, 1788724855.4876246, 1788724856.1631947, 1788724856.7591398, 1788724857.4144752, 1788724858.1010256, 1788724858.821727, 1788724859.510465, 1788724860.1049252, 1788724860.7521145, 1788724861.4379878, 1788724862.1337218, 1788724862.83022, 1788724863.4199624, 1788724864.0642812, 1788724864.7428145]","[1, 3, 5, 2, 3, 4, 6, 2, 2, 3, 2, 1, 6, 6, 6, 6, 6, 6, 3, 4, 5, 5, 3, 6, 3, 5, 2, 5, 1, 1, 1, 3, 1]"
User-004,0,trace_0629,1788724877.1546843,streaming,18361,185,185,0,286,15.355880737304688,56.0052592754364,0.22092053553332452,0.0,0,True,,1788724821.1492443,1788724836.505125,1788724877.1545036,"[1788724836.505125, 1788724837.1015918, 1788724837.7552147, 1788724838.4430306, 1788724839.1663284, 1788724839.9241092, 1788724840.5778036, 1788724841.1775088, 1788724841.8286316, 1788724842.5128112, 1788724843.1792085, 1788724843.771492, 1788724844.4098666, 1788724845.0835817, 1788724845.7927115, 1788724846.5391347, 1788724847.1874676, 1788724847.7887506, 1788724848.4405708, 1788724849.1265604, 1788724849.8446758, 1788724850.551623, 1788724851.1353643, 1788724851.778978, 1788724852.4524128, 1788724853.160337, 1788724853.903244, 1788724854.6778224, 1788724855.4881406, 1788724856.1645615, 1788724856.760212, 1788724857.4156387, 1788724858.1020951, 1788724858.8228176, 1788724859.5116725, 1788724860.1059594, 1788724860.7531111, 1788724861.4391403, 1788724862.1347828, 1788724862.8307915, 1788724863.421031, 1788724864.0654433, 1788724864.7440994, 1788724865.45544, 1788724866.1292753, 1788724866.724679, 1788724867.3725843, 1788724868.0505667, 1788724868.7611814, 1788724869.506947, 1788724870.265369, 1788724870.853221, 1788724871.4862669, 1788724872.1595538, 1788724872.865391, 1788724873.5948918, 1788724874.3658197, 1788724875.167891, 1788724875.915117, 1788724876.505222, 1788724877.153129]","[1, 6, 3, 1, 6, 3, 2, 2, 3, 2, 4, 3, 1, 1, 2, 3, 1, 6, 4, 2, 5, 4, 3, 4, 4, 2, 4, 4, 6, 1, 3, 3, 6, 2, 2, 4, 2, 3, 2, 4, 5, 2, 2, 1, 2, 5, 1, 6, 6, 1, 2, 2, 1, 2, 4, 3, 2, 4, 5, 1, 4]"
User-003,0,trace_0714,1788724884.1682572,streaming,21916,225,225,0,342,9.899463415145874,63.06782627105713,0.23735876274960382,0.0,0,True,,1788724821.100331,1788724830.9997945,1788724884.1681573,"[1788724830.9997945, 1788724831.5567727, 1788724832.189071, 1788724832.8552473, 1788724833.5551622, 1788724834.2928724, 1788724835.0640454, 1788724835.8671157, 1788724836.5055742, 1788724837.1022766, 1788724837.756152, 1788724838.4439023, 1788724839.1673248, 1788724839.9250612, 1788724840.5794046, 1788724841.1790998, 1788724841.8301883, 1788724842.5143614, 1788724843.181781, 1788724843.7736328, 1788724844.412536, 1788724845.0857186, 1788724845.7948709, 1788724846.5412626, 1788724847.1862667, 1788724847.7871857, 1788724848.439335, 1788724849.1253264, 1788724849.8434856, 1788724850.5505266, 1788724851.1341999, 1788724851.7777212, 1788724852.4512534, 1788724853.1592023, 1788724853.9021184, 1788724854.677182, 1788724855.4870508, 1788724856.1625664, 1788724856.7585647, 1788724857.4139254, 1788724858.100477, 1788724858.8211884, 1788724859.5099266, 1788724860.1044106, 1788724860.7515943, 1788724861.4374564, 1788724862.1332195, 1788724862.829935, 1788724863.419297, 1788724864.0636272, 1788724864.742228, 1788724865.454267, 1788724866.1282263, 1788724866.7236304, 1788724867.3714893, 1788724868.0494826, 1788724868.7601147, 1788724869.5058546, 1788724870.2634947, 1788724870.8514798, 1788724871.485437, 1788724872.1579344, 1788724872.8638556, 1788724873.5932636, 1788724874.3642378, 1788724875.166294, 1788724875.9124458, 1788724876.50309, 1788724877.1509237, 1788724877.8278866, 1788724878.545742, 1788724879.2949514, 1788724880.0740724, 1788724880.7584412, 1788724881.357631, 1788724882.012495, 1788724882.6952798, 1788724883.4094515, 1788724884.1642013]","[1, 6, 1, 5, 3, 1, 1, 1, 6, 1, 4, 1, 3, 1, 2, 6, 3, 6, 1, 1, 3, 1, 2, 4, 1, 1, 6, 2, 2, 3, 6, 1, 2, 1, 4, 2, 5, 3, 3, 3, 3, 1, 6, 2, 3, 2, 2, 2, 6, 3, 2, 6, 1, 3, 3, 5, 1, 1, 2, 4, 5, 1, 2, 1, 2, 3, 1, 6, 2, 6, 2, 4, 2, 6, 6, 5, 2, 1, 1]"
User-001,0,trace_0712,1788724885.7797544,streaming,18850,119,119,0,294,35.21571373939514,64.83130717277527,0.2509796053676282,0.0,0,True,,1788724820.9483495,1788724856.1640632,1788724885.7796566,"[1788724856.1640632, 1788724856.7596946, 1788724857.415069, 1788724858.1015587, 1788724858.8222768, 1788724859.511012, 1788724860.1054628, 1788724860.7526147, 1788724861.4385612, 1788724862.134276, 1788724862.8304932, 1788724863.4204953, 1788724864.0648496, 1788724864.7435796, 1788724865.4549046, 1788724866.12874, 1788724866.7241673, 1788724867.37207, 1788724868.0500221, 1788724868.7606452, 1788724869.5064058, 1788724870.2648642, 1788724870.8526688, 1788724871.4859965, 1788724872.159026, 1788724872.8648915, 1788724873.5943134, 1788724874.365282, 1788724875.1673748, 1788724875.9145992, 1788724876.504707, 1788724877.1525779, 1788724877.8294773, 1788724878.547395, 1788724879.2965343, 1788724880.075647, 1788724880.7608795, 1788724881.359845, 1788724882.0151472, 1788724882.697477, 1788724883.411549, 1788724884.1671572, 1788724884.9503696, 1788724885.7782195]","[1, 2, 6, 4, 1, 3, 1, 2, 5, 2, 4, 1, 2, 2, 1, 3, 1, 3, 6, 3, 1, 1, 2, 3, 1, 1, 6, 3, 6, 6, 3, 2, 6, 5, 2, 3, 1, 2, 2, 1, 1, 2, 4, 2]"
User-039,2,trace_0220,1788724893.5519323,streaming,13162,211,211,435,12,27.135737419128418,70.13845419883728,0.20477484180813743,22.0,0,True,,1788724823.413382,1788724850.5491195,1788724893.5518363,"[1788724850.5491195, 1788724851.1327384, 1788724851.7760692, 1788724852.4496534, 1788724853.1573136, 1788724853.9005, 1788724854.6757104, 1788724855.4854743, 1788724856.1611078, 1788724856.7573502, 1788724857.4123242, 1788724858.0989177, 1788724858.8195586, 1788724859.5087793, 1788724860.1032078, 1788724860.7504554, 1788724861.4356878, 1788724862.1321015, 1788724862.8293285, 1788724863.417593, 1788724864.061921, 1788724864.7405872, 1788724865.4536376, 1788724866.1276865, 1788724866.7230387, 1788724867.3709435, 1788724868.048928, 1788724868.7595792, 1788724869.5052578, 1788724870.2629695, 1788724870.850916, 1788724871.4851491, 1788724872.157379, 1788724872.863324, 1788724873.592728, 1788724874.3636706, 1788724875.1657526, 1788724875.9119163, 1788724876.502506, 1788724877.1503341, 1788724877.827336, 1788724878.5426297, 1788724879.29442, 1788724880.073532, 1788724880.7579238, 1788724881.3570616, 1788724882.0118666, 1788724882.6946785, 1788724883.408863, 1788724884.1636527, 1788724884.9482398, 1788724885.7759607, 1788724886.627848, 1788724887.2160952, 1788724887.8660238, 1788724888.543154, 1788724889.2498252, 1788724889.990422, 1788724890.7593446, 1788724891.5643656, 1788724892.3090043, 1788724892.8975708, 1788724893.547622]","[1, 3, 1, 2, 3, 1, 1, 1, 5, 2, 5, 1, 6, 3, 1, 6, 3, 3, 6, 3, 2, 6, 6, 4, 3, 6, 6, 6, 1, 2, 1, 6, 2, 3, 3, 6, 6, 5, 4, 3, 3, 2, 1, 1, 1, 2, 5, 6, 6, 1, 2, 2, 2, 6, 1, 3, 3, 6, 2, 1, 5, 6, 6]"
User-043,0,trace_0052,1788724916.7822568,streaming,15183,328,328,0,236,18.65266489982605,94.8560209274292,0.233037786017135,0.0,0,True,,1788724821.9261644,1788724840.5788293,1788724916.7821853,"[1788724840.5788293, 1788724841.1784172, 1788724841.8295555, 1788724842.513741, 1788724843.1801171, 1788724843.7724156, 1788724844.4111867, 1788724845.0844765, 1788724845.7936268, 1788724846.5400445, 1788724847.187995, 1788724847.7893026, 1788724848.4410968, 1788724849.1321838, 1788724849.845209, 1788724850.552155, 1788724851.135891, 1788724851.7795053, 1788724852.4529526, 1788724853.1608593, 1788724853.9037619, 1788724854.678111, 1788724855.4886837, 1788724856.1650598, 1788724856.7607434, 1788724857.4161608, 1788724858.102638, 1788724858.8233485, 1788724859.5122, 1788724860.106496, 1788724860.7536526, 1788724861.439667, 1788724862.135291, 1788724862.8310723, 1788724863.421646, 1788724864.06601, 1788724864.7448323, 1788724865.4559755, 1788724866.1297975, 1788724866.7252274, 1788724867.3730986, 1788724868.0511432, 1788724868.761736, 1788724869.5074787, 1788724870.2658958, 1788724870.8538136, 1788724871.4865234, 1788724872.160104, 1788724872.865942, 1788724873.5954375, 1788724874.3663607, 1788724875.1684449, 1788724875.9156268, 1788724876.5057464, 1788724877.1539943, 1788724877.8300254, 1788724878.547993, 1788724879.2970605, 1788724880.0760593, 1788724880.761378, 1788724881.3604276, 1788724882.0161107, 1788724882.6980035, 1788724883.412111, 1788724884.1676888, 1788724884.9509325, 1788724885.7790704, 1788724886.6309676, 1788724887.2187536, 1788724887.8687491, 1788724888.5458002, 1788724889.2525504, 1788724889.9931898, 1788724890.7619553, 1788724891.5669253, 1788724892.3125381, 1788724892.901031, 1788724893.5514276, 1788724894.2277458, 1788724894.9451208, 1788724895.697021, 1788724896.4778953, 1788724897.2909806, 1788724897.927183, 1788724898.5314116, 1788724899.1911623, 1788724899.883876, 1788724900.6125264, 1788724901.3717315, 1788724902.1662471, 1788724902.9932086, 1788724903.634152, 1788724904.2389033, 1788724904.9008179, 1788724905.594272, 1788724906.3247492, 1788724907.0803242, 1788724907.8729265, 1788724908.6613917, 1788724909.239511, 1788724909.881735, 1788724910.5582113, 1788724911.2632113, 1788724912.0003028, 1788724912.7721574, 1788724913.5765495, 1788724914.4207847, 1788724915.3007586, 1788724916.204982, 1788724916.7816064]","[1, 6, 3, 1, 3, 2, 3, 3, 2, 1, 4, 6, 5, 6, 2, 3, 4, 2, 2, 3, 2, 2, 4, 4, 3, 1, 2, 6, 1, 6, 1, 1, 2, 1, 5, 1, 1, 2, 4, 4, 1, 3, 3, 1, 3, 4, 3, 1, 3, 6, 1, 1, 3, 4, 1, 6, 1, 5, 1, 2, 1, 1, 5, 3, 5, 6, 1, 1, 1, 1, 2, 4, 2, 5, 5, 2, 3, 2, 1, 3, 2, 4, 2, 3, 3, 1, 4, 6, 6, 5, 4, 6, 4, 1, 1, 5, 3, 6, 6, 1, 6, 1, 1, 6, 6, 2, 1, 4, 4, 2]"
User-068,0,trace_0307,1788724926.0551605,streaming,11896,247,247,0,185,42.272725343704224,102.20128512382507,0.24361203162650752,0.0,0,True,,1788724823.8537486,1788724866.126474,1788724926.0550337,"[1788724866.126474, 1788724866.721412, 1788724867.3698146, 1788724868.0476677, 1788724868.758281, 1788724869.5036721, 1788724870.2616894, 1788724870.846089, 1788724871.4845645, 1788724872.156068, 1788724872.862022, 1788724873.5915003, 1788724874.3622203, 1788724875.1645353, 1788724875.9106688, 1788724876.5011356, 1788724877.149076, 1788724877.8259792, 1788724878.5413282, 1788724879.293166, 1788724880.0722353, 1788724880.7565522, 1788724881.3556585, 1788724882.0105584, 1788724882.6932483, 1788724883.4075263, 1788724884.1623251, 1788724884.9469953, 1788724885.7745154, 1788724886.6265433, 1788724887.2148187, 1788724887.8647647, 1788724888.5418837, 1788724889.2485623, 1788724889.9891474, 1788724890.7580104, 1788724891.563114, 1788724892.307693, 1788724892.896267, 1788724893.546182, 1788724894.2235115, 1788724894.940929, 1788724895.6930428, 1788724896.474207, 1788724897.2871325, 1788724897.9221973, 1788724898.524768, 1788724899.1867197, 1788724899.8792415, 1788724900.6074421, 1788724901.3672285, 1788724902.1607156, 1788724902.988433, 1788724903.628461, 1788724904.2333894, 1788724904.8958135, 1788724905.589266, 1788724906.3179276, 1788724907.0753684, 1788724907.8681269, 1788724908.655211, 1788724909.2338803, 1788724909.8755722, 1788724910.5514874, 1788724911.2571905, 1788724911.994677, 1788724912.766139, 1788724913.5709047, 1788724914.4152455, 1788724915.2944174, 1788724916.198591, 1788724916.77601, 1788724917.4149365, 1788724918.0991616, 1788724918.8157969, 1788724919.5634477, 1788724920.341193, 1788724921.148994, 1788724921.7903342, 1788724922.3988066, 1788724923.067341, 1788724923.763152, 1788724924.4904404, 1788724925.2525826, 1788724926.0481098]","[1, 6, 1, 3, 2, 1, 3, 2, 1, 2, 2, 2, 1, 1, 2, 1, 1, 4, 3, 1, 3, 6, 1, 1, 6, 4, 5, 6, 1, 1, 1, 3, 1, 1, 2, 4, 2, 6, 2, 2, 1, 2, 2, 2, 1, 3, 1, 4, 2, 2, 3, 4, 2, 3, 4, 4, 1, 3, 1, 5, 4, 6, 6, 6, 2, 6, 5, 5, 6, 1, 5, 2, 1, 6, 4, 4, 2, 6, 3, 1, 4, 1, 6, 3, 4]"
User-023,0,trace_0562,1788724928.0905774,streaming,20882,175,175,0,325,64.93586301803589,106.39592432975769,0.23827621443518276,0.0,0,True,,1788724821.6945462,1788724886.6304092,1788724928.0904706,"[1788724886.6304092, 1788724887.2182176, 1788724887.8682184, 1788724888.5452476, 1788724889.2520123, 1788724889.9926496, 1788724890.761443, 1788724891.5663917, 1788724892.3120148, 1788724892.9003623, 1788724893.5508385, 1788724894.2271557, 1788724894.9445407, 1788724895.6965075, 1788724896.477386, 1788724897.2904618, 1788724897.926646, 1788724898.5308764, 1788724899.1906023, 1788724899.8832934, 1788724900.611916, 1788724901.3712075, 1788724902.1656609, 1788724902.9926445, 1788724903.6336234, 1788724904.2383764, 1788724904.9002886, 1788724905.5937386, 1788724906.324346, 1788724907.0796933, 1788724907.8724174, 1788724908.660834, 1788724909.238974, 1788724909.881199, 1788724910.557703, 1788724911.2626877, 1788724911.9997747, 1788724912.771639, 1788724913.5760226, 1788724914.4202862, 1788724915.300229, 1788724916.203605, 1788724916.7808151, 1788724917.4193733, 1788724918.1053307, 1788724918.8204007, 1788724919.5684083, 1788724920.3462946, 1788724921.1540117, 1788724921.7952578, 1788724922.4032986, 1788724923.0724676, 1788724923.7683177, 1788724924.4951093, 1788724925.2587862, 1788724926.0529482, 1788724926.8120916, 1788724927.422637, 1788724928.088002]","[1, 1, 1, 4, 4, 5, 1, 1, 1, 3, 3, 6, 3, 5, 4, 2, 5, 4, 4, 6, 2, 2, 1, 2, 1, 1, 3, 3, 3, 1, 1, 3, 4, 2, 1, 3, 3, 2, 2, 1, 2, 2, 1, 3, 3, 4, 1, 3, 2, 5, 6, 2, 6, 6, 6, 3, 6, 6, 3]"
User-026,0,trace_0569,1788724931.0495331,streaming,18579,191,191,0,289,70.56794357299805,109.30745673179626,0.20389217451999062,0.0,0,True,,1788724821.7419693,1788724892.309913,1788724931.049426,"[1788724892.309913, 1788724892.8981643, 1788724893.5485017, 1788724894.2249172, 1788724894.9423137, 1788724895.6943386, 1788724896.4752963, 1788724897.2883267, 1788724897.924475, 1788724898.5283747, 1788724899.1885555, 1788724899.881107, 1788724900.6096742, 1788724901.3689246, 1788724902.163411, 1788724902.9904292, 1788724903.631488, 1788724904.236188, 1788724904.8981495, 1788724905.591567, 1788724906.3220744, 1788724907.0775337, 1788724907.8703487, 1788724908.6587849, 1788724909.2367623, 1788724909.8789856, 1788724910.555289, 1788724911.2604895, 1788724911.9975955, 1788724912.7694762, 1788724913.5738401, 1788724914.4181101, 1788724915.2979167, 1788724916.2014427, 1788724916.7789538, 1788724917.4203825, 1788724918.106429, 1788724918.82143, 1788724919.5696418, 1788724920.3473475, 1788724921.1550417, 1788724921.7962987, 1788724922.404336, 1788724923.073504, 1788724923.769431, 1788724924.4961343, 1788724925.2598526, 1788724926.054046, 1788724926.813154, 1788724927.4237537, 1788724928.0893636, 1788724928.7788548, 1788724929.5029585, 1788724930.2595046, 1788724931.0480647]","[1, 2, 4, 3, 1, 5, 1, 1, 1, 1, 1, 1, 1, 4, 5, 4, 2, 2, 4, 1, 5, 1, 1, 2, 6, 2, 2, 1, 3, 1, 3, 6, 2, 6, 1, 2, 6, 6, 6, 6, 5, 6, 6, 6, 3, 3, 6, 6, 6, 6, 6, 6, 6, 6, 1]"
User-020,0,trace_0108,1788724933.7675633,streaming,16565,219,219,0,258,59.11756658554077,112.12567639350891,0.24315646700902815,0.0,0,True,,1788724821.6418028,1788724880.7593694,1788724933.7674792,"[1788724880.7593694, 1788724881.358205, 1788724882.0132883, 1788724882.6958559, 1788724883.4099705, 1788724884.1650002, 1788724884.948781, 1788724885.7765012, 1788724886.628395, 1788724887.216662, 1788724887.8665402, 1788724888.5436935, 1788724889.250366, 1788724889.99101, 1788724890.7598677, 1788724891.5648694, 1788724892.310429, 1788724892.8987014, 1788724893.5490503, 1788724894.22549, 1788724894.9428768, 1788724895.6949034, 1788724896.4758022, 1788724897.2888465, 1788724897.9250164, 1788724898.529064, 1788724899.189062, 1788724899.881653, 1788724900.6102245, 1788724901.3695295, 1788724902.1640184, 1788724902.9910176, 1788724903.632041, 1788724904.2367136, 1788724904.8987007, 1788724905.5920763, 1788724906.3226488, 1788724907.0780385, 1788724907.8708918, 1788724908.6592906, 1788724909.2372794, 1788724909.879618, 1788724910.5558665, 1788724911.2609947, 1788724911.9981096, 1788724912.7699797, 1788724913.5743616, 1788724914.4186451, 1788724915.2984483, 1788724916.2019696, 1788724916.7794602, 1788724917.4177253, 1788724918.1020055, 1788724918.8187623, 1788724919.5667167, 1788724920.3445678, 1788724921.1523314, 1788724921.7936754, 1788724922.4016454, 1788724923.0707088, 1788724923.7661493, 1788724924.49346, 1788724925.257043, 1788724926.0511863, 1788724926.8105016, 1788724927.4209077, 1788724928.086161, 1788724928.7760618, 1788724929.500774, 1788724930.2568636, 1788724931.045723, 1788724931.8613803, 1788724932.481317, 1788724933.0949683, 1788724933.7643468]","[1, 6, 1, 4, 1, 2, 5, 2, 1, 1, 5, 3, 4, 3, 1, 2, 1, 3, 1, 3, 2, 5, 1, 1, 5, 3, 1, 3, 2, 6, 2, 6, 3, 6, 1, 6, 6, 1, 1, 3, 6, 3, 2, 2, 1, 3, 6, 4, 2, 6, 5, 3, 3, 4, 3, 5, 6, 1, 2, 5, 1, 1, 4, 2, 3, 2, 2, 1, 3, 1, 2, 1, 2, 6, 2]"
User-019,0,trace_0587,1788724935.9831054,streaming,19031,253,253,0,297,54.31382346153259,114.38351607322693,0.23837179607815212,0.0,0,True,,1788724821.5994508,1788724875.9132743,1788724935.982967,"[1788724875.9132743, 1788724876.5036674, 1788724877.151461, 1788724877.828444, 1788724878.5463064, 1788724879.2955275, 1788724880.0746212, 1788724880.759884, 1788724881.3587775, 1788724882.013998, 1788724882.6964264, 1788724883.4104812, 1788724884.1655455, 1788724884.9493434, 1788724885.7770667, 1788724886.6289232, 1788724887.2171714, 1788724887.867132, 1788724888.54422, 1788724889.2509472, 1788724889.9915793, 1788724890.7603924, 1788724891.5653775, 1788724892.3109732, 1788724892.8992863, 1788724893.5495849, 1788724894.2260866, 1788724894.943418, 1788724895.695458, 1788724896.4763732, 1788724897.2894342, 1788724897.925574, 1788724898.5297008, 1788724899.189573, 1788724899.8821888, 1788724900.6108096, 1788724901.3701026, 1788724902.1645627, 1788724902.9915814, 1788724903.6325889, 1788724904.237269, 1788724904.8992333, 1788724905.5926154, 1788724906.323255, 1788724907.0785325, 1788724907.871396, 1788724908.6597986, 1788724909.2378347, 1788724909.8801348, 1788724910.5566258, 1788724911.2615318, 1788724911.998692, 1788724912.7705088, 1788724913.5749462, 1788724914.4192111, 1788724915.2990425, 1788724916.2024877, 1788724916.7799647, 1788724917.4182308, 1788724918.1025264, 1788724918.81929, 1788724919.567277, 1788724920.3451295, 1788724921.1528907, 1788724921.7941952, 1788724922.4021668, 1788724923.0712917, 1788724923.7670622, 1788724924.4939594, 1788724925.2576156, 1788724926.051889, 1788724926.8110492, 1788724927.42145, 1788724928.0866954, 1788724928.7766092, 1788724929.5013287, 1788724930.25754, 1788724931.0462582, 1788724931.8619015, 1788724932.4818509, 1788724933.0954914, 1788724933.7653708, 1788724934.4622607, 1788724935.2066214, 1788724935.9802735]","[1, 6, 3, 3, 4, 1, 3, 2, 1, 2, 1, 2, 2, 2, 1, 3, 2, 4, 3, 3, 4, 6, 1, 1, 4, 3, 2, 1, 3, 2, 2, 1, 1, 6, 6, 6, 6, 4, 2, 4, 1, 6, 2, 5, 2, 3, 1, 2, 1, 2, 5, 2, 3, 2, 1, 4, 4, 6, 5, 5, 6, 2, 6, 2, 4, 4, 6, 2, 6, 2, 6, 5, 2, 1, 6, 2, 3, 1, 2, 1, 1, 1, 2, 1, 3]"
User-029,0,trace_0579,1788724939.5257359,streaming,18429,180,180,0,287,76.13536071777344,117.73705387115479,0.23241169359430922,0.0,0,True,,1788724821.7885523,1788724897.923913,1788724939.5256062,"[1788724897.923913, 1788724898.5260012, 1788724899.1880414, 1788724899.8805513, 1788724900.6091022, 1788724901.3683622, 1788724902.1627235, 1788724902.9898908, 1788724903.6309588, 1788724904.2356544, 1788724904.897487, 1788724905.591035, 1788724906.3215394, 1788724907.0770402, 1788724907.8697634, 1788724908.658249, 1788724909.2362475, 1788724909.8784192, 1788724910.5547156, 1788724911.2599742, 1788724911.997089, 1788724912.768966, 1788724913.573255, 1788724914.4176004, 1788724915.2973459, 1788724916.200914, 1788724916.7783668, 1788724917.4172244, 1788724918.101488, 1788724918.8181841, 1788724919.5662057, 1788724920.344039, 1788724921.1517687, 1788724921.7931292, 1788724922.4011345, 1788724923.070172, 1788724923.7656167, 1788724924.4929087, 1788724925.2564414, 1788724926.050613, 1788724926.8099558, 1788724927.4203825, 1788724928.0855572, 1788724928.7755065, 1788724929.5002255, 1788724930.2563295, 1788724931.0451906, 1788724931.8608408, 1788724932.480802, 1788724933.094427, 1788724933.7637224, 1788724934.4617386, 1788724935.206071, 1788724935.9796574, 1788724936.7839634, 1788724937.6224074, 1788724938.2481043, 1788724938.8592763, 1788724939.5230787]","[1, 6, 1, 2, 1, 6, 3, 2, 1, 1, 5, 3, 1, 1, 1, 3, 4, 3, 3, 1, 3, 1, 5, 1, 2, 3, 6, 2, 4, 5, 1, 2, 5, 3, 5, 1, 1, 6, 6, 4, 6, 1, 5, 1, 2, 1, 1, 2, 6, 3, 1, 1, 1, 4, 6, 6, 6, 6, 6]"
User-072,0,trace_0015,1788724940.2219796,streaming,15435,311,311,0,240,46.01336193084717,115.97091841697693,0.2256695370520315,0.0,0,True,,1788724824.2509913,1788724870.2643533,1788724940.2219098,"[1788724870.2643533, 1788724870.8520968, 1788724871.48571, 1788724872.1584773, 1788724872.8643746, 1788724873.5937965, 1788724874.3647568, 1788724875.1668494, 1788724875.9141018, 1788724876.504192, 1788724877.1520004, 1788724877.8289707, 1788724878.546866, 1788724879.2960355, 1788724880.0752127, 1788724880.7603972, 1788724881.3593087, 1788724882.0145366, 1788724882.6969526, 1788724883.4110298, 1788724884.1662924, 1788724884.9498563, 1788724885.7776134, 1788724886.629482, 1788724887.2176976, 1788724887.867693, 1788724888.5447397, 1788724889.2514632, 1788724889.9921196, 1788724890.7609174, 1788724891.5658848, 1788724892.311476, 1788724892.8998375, 1788724893.5501344, 1788724894.2266235, 1788724894.9439864, 1788724895.6959896, 1788724896.476889, 1788724897.289958, 1788724897.926099, 1788724898.5303183, 1788724899.1901033, 1788724899.8827143, 1788724900.6113505, 1788724901.3706515, 1788724902.165107, 1788724902.992109, 1788724903.6331012, 1788724904.237812, 1788724904.8997574, 1788724905.59322, 1788724906.3238046, 1788724907.0791767, 1788724907.871911, 1788724908.6602976, 1788724909.2383983, 1788724909.880638, 1788724910.557165, 1788724911.262152, 1788724911.9992297, 1788724912.7711132, 1788724913.5754933, 1788724914.4197757, 1788724915.2996862, 1788724916.203029, 1788724916.7804272, 1788724917.418788, 1788724918.1047797, 1788724918.8198764, 1788724919.5677931, 1788724920.3456771, 1788724921.1534693, 1788724921.794727, 1788724922.4026988, 1788724923.0718458, 1788724923.7676575, 1788724924.4944944, 1788724925.2581606, 1788724926.0524266, 1788724926.8115864, 1788724927.4220123, 1788724928.0873315, 1788724928.7773607, 1788724929.5018668, 1788724930.2581344, 1788724931.0469003, 1788724931.8624487, 1788724932.4823694, 1788724933.0960095, 1788724933.7659285, 1788724934.462858, 1788724935.207295, 1788724935.9813225, 1788724936.7845037, 1788724937.623045, 1788724938.2486641, 1788724938.859559, 1788724939.5240548, 1788724940.2200775]","[1, 6, 5, 1, 3, 1, 2, 5, 2, 4, 1, 2, 2, 1, 3, 1, 3, 6, 1, 1, 3, 1, 2, 5, 1, 2, 1, 5, 3, 2, 1, 1, 1, 5, 2, 5, 4, 1, 3, 6, 2, 2, 3, 2, 6, 3, 1, 1, 1, 6, 6, 6, 3, 2, 6, 6, 5, 2, 6, 5, 2, 2, 1, 1, 3, 1, 2, 1, 4, 5, 5, 6, 5, 4, 3, 5, 4, 2, 6, 1, 1, 1, 2, 6, 4, 6, 6, 6, 6, 2, 6, 6, 2, 3, 1, 3, 6, 1, 1]"
User-009,0,trace_0313,1788724942.5427845,streaming,12330,368,368,0,192,41.50265097618103,121.21641302108765,0.21720371129402347,0.0,0,True,,1788724821.3262377,1788724862.8288887,1788724942.5426507,"[1788724862.8288887, 1788724863.4168842, 1788724864.0612743, 1788724864.7394683, 1788724865.4530692, 1788724866.1271372, 1788724866.7221298, 1788724867.3703678, 1788724868.0483906, 1788724868.7589958, 1788724869.5043457, 1788724870.2622995, 1788724870.8501859, 1788724871.4848907, 1788724872.1568193, 1788724872.862726, 1788724873.59207, 1788724874.3630533, 1788724875.1652143, 1788724875.911275, 1788724876.5017948, 1788724877.1498027, 1788724877.8267903, 1788724878.5420659, 1788724879.2938707, 1788724880.0730014, 1788724880.7572126, 1788724881.356486, 1788724882.0113049, 1788724882.6940627, 1788724883.4082596, 1788724884.1630733, 1788724884.947684, 1788724885.7753248, 1788724886.6271765, 1788724887.2155159, 1788724887.865477, 1788724888.5425785, 1788724889.2492657, 1788724889.9898696, 1788724890.7587743, 1788724891.563828, 1788724892.30833, 1788724892.8970225, 1788724893.546988, 1788724894.2243187, 1788724894.9417386, 1788724895.6937788, 1788724896.474771, 1788724897.287726, 1788724897.9230194, 1788724898.5254438, 1788724899.187447, 1788724899.8799632, 1788724900.6081548, 1788724901.3677902, 1788724902.1614406, 1788724902.9892778, 1788724903.629143, 1788724904.2341285, 1788724904.8964007, 1788724905.5898995, 1788724906.3186595, 1788724907.0760236, 1788724907.868699, 1788724908.656265, 1788724909.2346377, 1788724909.876319, 1788724910.5525656, 1788724911.2582374, 1788724911.99547, 1788724912.767231, 1788724913.5715153, 1788724914.415985, 1788724915.2951345, 1788724916.1993425, 1788724916.7767541, 1788724917.4156442, 1788724918.0998933, 1788724918.8165526, 1788724919.5644891, 1788724920.3419082, 1788724921.15006, 1788724921.7913983, 1788724922.3995104, 1788724923.0680728, 1788724923.7638667, 1788724924.4912357, 1788724925.2533207, 1788724926.0490005, 1788724926.8072867, 1788724927.4177449, 1788724928.082308, 1788724928.7731106, 1788724929.497701, 1788724930.2533836, 1788724931.042323, 1788724931.8584278, 1788724932.4771454, 1788724933.0916188, 1788724933.7603474, 1788724934.458192, 1788724935.2020352, 1788724935.976261, 1788724936.7810683, 1788724937.6190364, 1788724938.2441843, 1788724938.8576, 1788724939.5197265, 1788724940.216082, 1788724940.9571183, 1788724941.7326677, 1788724942.5378776]","[1, 6, 1, 2, 1, 6, 1, 4, 2, 5, 3, 1, 1, 1, 3, 4, 3, 4, 3, 1, 3, 1, 2, 3, 2, 1, 6, 4, 1, 6, 6, 5, 6, 6, 2, 6, 2, 2, 4, 2, 1, 1, 1, 2, 4, 3, 4, 2, 2, 4, 3, 1, 6, 6, 5, 6, 6, 3, 1, 1, 3, 4, 6, 1, 6, 2, 1, 6, 1, 2, 1, 4, 4, 1, 1, 3, 2, 2, 1, 6, 2, 6, 6, 1, 4, 6, 6, 5, 1, 1, 5, 3, 2, 1, 3, 2, 3, 1, 6, 4, 6, 6, 2, 6, 3, 6, 5, 6, 6, 1, 4, 6, 1]"
User-007,0,trace_0398,1788724954.0983186,streaming,13070,443,443,0,203,38.268794775009155,132.85882186889648,0.21400458618526544,0.0,0,True,,1788724821.2393968,1788724859.5081916,1788724954.0982187,"[1788724859.5081916, 1788724860.1022716, 1788724860.7497125, 1788724861.4349415, 1788724862.1312702, 1788724862.82784, 1788724863.4161294, 1788724864.0606055, 1788724864.7387815, 1788724865.4520683, 1788724866.125462, 1788724866.7206192, 1788724867.3690765, 1788724868.0467682, 1788724868.7573373, 1788724869.5029655, 1788724870.260813, 1788724870.8453753, 1788724871.4841177, 1788724872.1549482, 1788724872.8610585, 1788724873.59098, 1788724874.361062, 1788724875.163636, 1788724875.9097695, 1788724876.4999385, 1788724877.1480176, 1788724877.8248026, 1788724878.540349, 1788724879.2921321, 1788724880.0711844, 1788724880.7555318, 1788724881.3544436, 1788724882.0097883, 1788724882.6922944, 1788724883.4065607, 1788724884.1613886, 1788724884.9462633, 1788724885.7706187, 1788724886.62562, 1788724887.2138686, 1788724887.8638067, 1788724888.5409188, 1788724889.2476356, 1788724889.988196, 1788724890.7570791, 1788724891.562154, 1788724892.306801, 1788724892.8953214, 1788724893.5453172, 1788724894.2222235, 1788724894.9398558, 1788724895.6921136, 1788724896.473498, 1788724897.2860632, 1788724897.921265, 1788724898.524011, 1788724899.1860483, 1788724899.8782778, 1788724900.60672, 1788724901.366471, 1788724902.1600451, 1788724902.9871254, 1788724903.6277997, 1788724904.2327113, 1788724904.8950782, 1788724905.588637, 1788724906.3170044, 1788724907.0746887, 1788724907.8674512, 1788724908.654349, 1788724909.232999, 1788724909.8748975, 1788724910.5508096, 1788724911.2559419, 1788724911.9937458, 1788724912.7654076, 1788724913.5699837, 1788724914.414289, 1788724915.2937243, 1788724916.197927, 1788724916.7750018, 1788724917.41397, 1788724918.0982168, 1788724918.8149111, 1788724919.562691, 1788724920.3405237, 1788724921.1483111, 1788724921.7896786, 1788724922.3978767, 1788724923.0665836, 1788724923.762466, 1788724924.4894965, 1788724925.2516599, 1788724926.0472562, 1788724926.8064024, 1788724927.4164195, 1788724928.0815814, 1788724928.7724347, 1788724929.4969082, 1788724930.2526882, 1788724931.0416656, 1788724931.8574274, 1788724932.4764388, 1788724933.0909064, 1788724933.7596793, 1788724934.457373, 1788724935.201347, 1788724935.975565, 1788724936.7801013, 1788724937.6181157, 1788724938.2433634, 1788724938.8571749, 1788724939.5189745, 1788724940.2152638, 1788724940.9562657, 1788724941.7319164, 1788724942.5369146, 1788724943.3730073, 1788724944.2396302, 1788724944.8673937, 1788724945.4684505, 1788724946.1356142, 1788724946.8329198, 1788724947.5596697, 1788724948.3218553, 1788724949.1214702, 1788724949.9522269, 1788724950.7202873, 1788724951.307891, 1788724951.953594, 1788724952.6358953, 1788724953.3462143, 1788724954.0947955]","[1, 6, 1, 5, 4, 5, 2, 2, 3, 1, 4, 2, 2, 5, 6, 3, 1, 1, 6, 2, 5, 4, 5, 4, 5, 5, 1, 2, 1, 2, 1, 6, 2, 2, 1, 5, 4, 3, 4, 2, 2, 6, 6, 4, 5, 5, 4, 2, 5, 2, 6, 4, 2, 6, 3, 2, 3, 2, 4, 4, 3, 1, 6, 1, 3, 5, 1, 4, 4, 1, 4, 1, 2, 3, 1, 1, 6, 4, 6, 6, 5, 3, 4, 2, 6, 2, 3, 4, 2, 1, 6, 2, 4, 3, 6, 2, 1, 1, 6, 3, 2, 2, 6, 6, 3, 1, 6, 2, 3, 5, 5, 3, 2, 5, 6, 3, 3, 4, 2, 1, 6, 3, 4, 2, 2, 1, 1, 4, 2, 4, 3, 6, 2, 1]"
User-057,0,trace_0276,1788724954.1015058,streaming,18280,101,101,0,285,104.64453482627869,131.9365270137787,0.272919921875,0.0,0,True,,1788724822.1649096,1788724926.8094444,1788724954.1014366,"[1788724926.8094444, 1788724927.4198492, 1788724928.0849895, 1788724928.7749593, 1788724929.4996727, 1788724930.255797, 1788724931.0446544, 1788724931.8603227, 1788724932.4802828, 1788724933.0938725, 1788724933.76279, 1788724934.461186, 1788724935.205479, 1788724935.979108, 1788724936.783458, 1788724937.621761, 1788724938.2465823, 1788724938.8587656, 1788724939.522011, 1788724940.2189744, 1788724940.958963, 1788724941.735473, 1788724942.5406358, 1788724943.375612, 1788724944.2430217, 1788724944.8711321, 1788724945.4715955, 1788724946.1390748, 1788724946.835961, 1788724947.561837, 1788724948.3249369, 1788724949.1250484, 1788724949.955698, 1788724950.7232497, 1788724951.3112695, 1788724951.9567223, 1788724952.6388292, 1788724953.349071, 1788724954.0987945]","[1, 2, 4, 4, 5, 1, 2, 3, 3, 6, 3, 2, 3, 2, 1, 2, 5, 1, 1, 3, 5, 2, 3, 3, 2, 2, 1, 2, 2, 1, 3, 6, 2, 3, 1, 4, 1, 2, 2]"
User-054,0,trace_0666,1788724958.370923,streaming,17435,124,124,0,272,99.67793345451355,136.2515950202942,0.2973468419982166,0.0,0,True,,1788724822.1192594,1788724921.7971928,1788724958.3708544,"[1788724921.7971928, 1788724922.404875, 1788724923.0740376, 1788724923.7699828, 1788724924.4966667, 1788724925.2603986, 1788724926.0545933, 1788724926.8137016, 1788724927.4243338, 1788724928.089923, 1788724928.7794867, 1788724929.5035107, 1788724930.2600522, 1788724931.0488756, 1788724931.8634923, 1788724932.483424, 1788724933.0970716, 1788724933.7670276, 1788724934.4639769, 1788724935.2085118, 1788724935.9824064, 1788724936.785607, 1788724937.624245, 1788724938.2497246, 1788724938.860068, 1788724939.5251184, 1788724940.221539, 1788724940.9602003, 1788724941.7370462, 1788724942.5422142, 1788724943.377274, 1788724944.2445586, 1788724944.8726625, 1788724945.4735842, 1788724946.1407344, 1788724946.8378391, 1788724947.5626674, 1788724948.3269827, 1788724949.1267083, 1788724949.9576125, 1788724950.7257562, 1788724951.3133726, 1788724951.9590147, 1788724952.6409318, 1788724953.355923, 1788724954.1008778, 1788724954.8762505, 1788724955.6949103, 1788724956.545444, 1788724957.4301062, 1788724958.3704345]","[1, 6, 3, 1, 6, 1, 4, 2, 5, 3, 1, 1, 2, 4, 6, 3, 1, 3, 1, 1, 1, 6, 1, 2, 2, 4, 3, 2, 3, 1, 2, 2, 1, 2, 1, 3, 1, 4, 3, 2, 3, 3, 2, 2, 1, 3, 1, 1, 1, 3, 3]"
User-061,0,trace_0046,1788724972.5925179,streaming,21901,116,116,0,341,122.55106377601624,150.273943901062,0.241068522826485,0.0,0,True,,1788724822.3183715,1788724944.8694353,1788724972.5923154,"[1788724944.8694353, 1788724945.4698567, 1788724946.1373374, 1788724946.8342757, 1788724947.560999, 1788724948.3232558, 1788724949.1232586, 1788724949.953596, 1788724950.72152, 1788724951.3096077, 1788724951.955055, 1788724952.6371908, 1788724953.3475137, 1788724954.0965438, 1788724954.8729777, 1788724955.691703, 1788724956.5421076, 1788724957.4269063, 1788724958.368804, 1788724959.031839, 1788724959.647032, 1788724960.3237617, 1788724961.0306623, 1788724961.7719293, 1788724962.5398827, 1788724963.3423707, 1788724964.177296, 1788724965.0427692, 1788724965.6913536, 1788724966.2955072, 1788724966.9608986, 1788724967.6561375, 1788724968.3808663, 1788724969.1437254, 1788724969.945515, 1788724970.6378517, 1788724971.2360456, 1788724971.8910074, 1788724972.58746]","[1, 6, 3, 1, 6, 3, 2, 2, 3, 2, 4, 4, 1, 2, 3, 1, 6, 4, 2, 5, 4, 1, 4, 2, 4, 3, 1, 2, 3, 1, 2, 2, 6, 2, 2, 2, 6, 6, 2]"
User-058,0,trace_0586,1788724976.5468252,streaming,17876,180,180,0,278,110.2687566280365,154.3362922668457,0.2461873499374816,0.0,0,True,,1788724822.2104561,1788724932.4792128,1788724976.5467484,"[1788724932.4792128, 1788724933.0927382, 1788724933.761659, 1788724934.4597976, 1788724935.2033622, 1788724935.9775577, 1788724936.782387, 1788724937.6205332, 1788724938.2454717, 1788724938.8582006, 1788724939.5209627, 1788724940.21777, 1788724940.9581199, 1788724941.734328, 1788724942.539351, 1788724943.374487, 1788724944.2418916, 1788724944.8700373, 1788724945.4704404, 1788724946.137946, 1788724946.8348525, 1788724947.561285, 1788724948.3238153, 1788724949.1238794, 1788724949.9541345, 1788724950.722171, 1788724951.310148, 1788724951.955607, 1788724952.637735, 1788724953.3480241, 1788724954.0970905, 1788724954.8736067, 1788724955.6923103, 1788724956.5427756, 1788724957.4275234, 1788724958.3690677, 1788724959.0323682, 1788724959.6475568, 1788724960.3242786, 1788724961.0312257, 1788724961.7724483, 1788724962.5404165, 1788724963.3429358, 1788724964.1778228, 1788724965.043324, 1788724965.6919975, 1788724966.2960284, 1788724966.9614458, 1788724967.6566687, 1788724968.3814294, 1788724969.1442592, 1788724969.9460325, 1788724970.6383715, 1788724971.2366252, 1788724971.8920035, 1788724972.5883389, 1788724973.3012514, 1788724974.0725143, 1788724974.8820364, 1788724975.7088082, 1788724976.5419307]","[1, 4, 2, 4, 2, 1, 3, 1, 1, 1, 1, 3, 2, 3, 2, 2, 4, 1, 2, 2, 3, 3, 2, 5, 1, 1, 6, 4, 5, 3, 1, 2, 2, 6, 3, 4, 2, 6, 6, 2, 4, 5, 3, 6, 3, 6, 2, 6, 2, 1, 6, 3, 1, 4, 1, 1, 4, 6, 4, 2, 1]"
User-017,2,trace_0726,1788724979.2202535,streaming,20948,127,127,317,3,128.3319010734558,156.8274085521698,0.22615482125963485,6.0,0,True,,1788724822.392749,1788724950.7246501,1788724979.2201576,"[1788724950.7246501, 1788724951.312285, 1788724951.9579203, 1788724952.6399288, 1788724953.3501518, 1788724954.1000812, 1788724954.8752322, 1788724955.693863, 1788724956.5444043, 1788724957.4290836, 1788724958.3698654, 1788724959.0339136, 1788724959.6490998, 1788724960.3258739, 1788724961.0328023, 1788724961.7739866, 1788724962.5419946, 1788724963.3445022, 1788724964.179422, 1788724965.0451236, 1788724965.6936533, 1788724966.297559, 1788724966.9631846, 1788724967.65825, 1788724968.3830755, 1788724969.1458542, 1788724969.9476333, 1788724970.6407952, 1788724971.2389643, 1788724971.8941517, 1788724972.5907574, 1788724973.3034153, 1788724974.0745869, 1788724974.884281, 1788724975.7110558, 1788724976.5451765, 1788724977.1436434, 1788724977.801325, 1788724978.4904199, 1788724979.2182615]","[1, 3, 2, 2, 6, 1, 1, 1, 2, 3, 5, 3, 6, 4, 6, 1, 5, 1, 6, 2, 2, 5, 5, 1, 2, 6, 6, 2, 1, 5, 2, 2, 5, 2, 1, 4, 2, 3, 6, 4]"
User-041,0,trace_0570,1788724985.826453,streaming,18596,326,326,0,290,86.76984786987305,163.93846583366394,0.2374419014270489,0.0,0,True,,1788724821.8878837,1788724908.6577315,1788724985.8263495,"[1788724908.6577315, 1788724909.2357206, 1788724909.8778737, 1788724910.5541925, 1788724911.2593844, 1788724911.9965477, 1788724912.768435, 1788724913.572616, 1788724914.417079, 1788724915.2967896, 1788724916.2004044, 1788724916.7778592, 1788724917.4167035, 1788724918.1009755, 1788724918.8176842, 1788724919.5656068, 1788724920.3434892, 1788724921.1512492, 1788724921.7925577, 1788724922.4006145, 1788724923.069637, 1788724923.7650447, 1788724924.492383, 1788724925.2544527, 1788724926.0500882, 1788724926.8085814, 1788724927.419258, 1788724928.0842953, 1788724928.7743819, 1788724929.4991002, 1788724930.2551475, 1788724931.0440671, 1788724931.8597634, 1788724932.4797447, 1788724933.0932662, 1788724933.7622042, 1788724934.460603, 1788724935.204765, 1788724935.9784596, 1788724936.7829473, 1788724937.621127, 1788724938.2459943, 1788724938.8584583, 1788724939.5214694, 1788724940.2183928, 1788724940.9585173, 1788724941.734932, 1788724942.5399022, 1788724943.3750618, 1788724944.2424512, 1788724944.8705652, 1788724945.4710286, 1788724946.1384912, 1788724946.835412, 1788724947.5615616, 1788724948.324353, 1788724949.1244895, 1788724949.954657, 1788724950.7226908, 1788724951.3107102, 1788724951.956173, 1788724952.6382742, 1788724953.3485425, 1788724954.0976527, 1788724954.8741524, 1788724955.692844, 1788724956.543365, 1788724957.4280624, 1788724958.369346, 1788724959.0329182, 1788724959.6480715, 1788724960.3248453, 1788724961.031741, 1788724961.7729788, 1788724962.540952, 1788724963.3434703, 1788724964.1783574, 1788724965.043895, 1788724965.6925654, 1788724966.2965412, 1788724966.9620125, 1788724967.6571834, 1788724968.381955, 1788724969.1447968, 1788724969.946563, 1788724970.638916, 1788724971.2371905, 1788724971.892533, 1788724972.588885, 1788724973.301797, 1788724974.073089, 1788724974.882603, 1788724975.7093694, 1788724976.5427675, 1788724977.1419988, 1788724977.799675, 1788724978.4888377, 1788724979.216682, 1788724979.9619105, 1788724980.7417293, 1788724981.562117, 1788724982.4145887, 1788724983.186509, 1788724983.7750087, 1788724984.422705, 1788724985.107781, 1788724985.8226867]","[1, 6, 3, 1, 6, 1, 4, 1, 1, 2, 3, 1, 2, 1, 1, 3, 1, 1, 5, 2, 1, 5, 2, 2, 2, 1, 6, 1, 1, 3, 3, 6, 6, 2, 1, 1, 2, 3, 4, 1, 5, 2, 6, 5, 2, 6, 1, 2, 2, 3, 6, 4, 4, 3, 2, 5, 3, 1, 1, 2, 4, 2, 6, 6, 3, 1, 2, 2, 1, 4, 2, 4, 4, 2, 5, 5, 1, 2, 3, 2, 6, 6, 6, 1, 1, 4, 3, 6, 4, 2, 2, 4, 6, 3, 4, 6, 6, 2, 2, 1, 1, 5, 2, 6, 2, 6, 4]"
User-044,0,trace_0272,1788724989.0438693,streaming,24544,315,315,0,383,94.21475958824158,167.05394005775452,0.23197191232328962,0.0,0,True,,1788724821.9896955,1788724916.2044551,1788724989.0436356,"[1788724916.2044551, 1788724916.781196, 1788724917.4198759, 1788724918.1058626, 1788724918.82091, 1788724919.5689209, 1788724920.346824, 1788724921.1545126, 1788724921.7957942, 1788724922.4038215, 1788724923.0729897, 1788724923.7688699, 1788724924.4956234, 1788724925.2593164, 1788724926.0534542, 1788724926.8126311, 1788724927.423201, 1788724928.088831, 1788724928.777912, 1788724929.502437, 1788724930.258977, 1788724931.04751, 1788724931.8630817, 1788724932.4829018, 1788724933.096527, 1788724933.766461, 1788724934.463401, 1788724935.207963, 1788724935.9818742, 1788724936.7850473, 1788724937.6236272, 1788724938.2491887, 1788724938.8598237, 1788724939.5245812, 1788724940.2208748, 1788724940.959764, 1788724941.7365258, 1788724942.541673, 1788724943.3766754, 1788724944.2440577, 1788724944.872142, 1788724945.4726357, 1788724946.1401336, 1788724946.8371055, 1788724947.562356, 1788724948.326, 1788724949.1261263, 1788724949.9570298, 1788724950.7252011, 1788724951.312821, 1788724951.958471, 1788724952.640428, 1788724953.3507051, 1788724954.1004598, 1788724954.8757365, 1788724955.6943762, 1788724956.5449128, 1788724957.4295998, 1788724958.3701444, 1788724959.0344424, 1788724959.6496584, 1788724960.326453, 1788724961.0333354, 1788724961.7744975, 1788724962.5425606, 1788724963.3450055, 1788724964.1799746, 1788724965.0456758, 1788724965.6941812, 1788724966.2981033, 1788724966.9638183, 1788724967.658793, 1788724968.383654, 1788724969.1463776, 1788724969.9481814, 1788724970.6412907, 1788724971.239522, 1788724971.8947666, 1788724972.591306, 1788724973.3039844, 1788724974.0753214, 1788724974.884799, 1788724975.711562, 1788724976.5457137, 1788724977.144174, 1788724977.8018668, 1788724978.4909875, 1788724979.2191005, 1788724979.9634905, 1788724980.7433097, 1788724981.5638506, 1788724982.416255, 1788724983.188949, 1788724983.777181, 1788724984.4248471, 1788724985.1099098, 1788724985.825342, 1788724986.5687811, 1788724987.35889, 1788724988.1823835, 1788724989.042116]","[1, 6, 1, 2, 1, 6, 3, 2, 2, 3, 2, 4, 1, 2, 6, 1, 3, 2, 3, 3, 2, 2, 4, 2, 5, 6, 1, 2, 4, 4, 6, 2, 1, 3, 2, 4, 3, 1, 5, 1, 2, 4, 5, 2, 3, 2, 6, 4, 6, 2, 1, 1, 2, 3, 1, 2, 3, 1, 3, 6, 3, 2, 3, 3, 2, 2, 2, 3, 5, 1, 1, 1, 1, 6, 1, 6, 3, 2, 5, 6, 2, 5, 1, 2, 1, 5, 6, 6, 4, 2, 5, 6, 6, 2, 6, 2, 6, 6, 3, 5, 3]"
User-042,2,trace_0582,1788724999.3386803,streaming,21315,75,75,319,11,160.20667243003845,176.35732460021973,0.21825205635380102,11.0,0,True,,1788724822.981247,1788724983.1879194,1788724999.3385715,"[1788724983.1879194, 1788724983.7760844, 1788724984.423745, 1788724985.1088467, 1788724985.8242722, 1788724986.5676115, 1788724987.3577454, 1788724988.181177, 1788724989.040953, 1788724989.9560935, 1788724990.5482066, 1788724991.2021432, 1788724991.8885236, 1788724992.6026351, 1788724993.351624, 1788724994.1324139, 1788724994.9513042, 1788724995.79524, 1788724996.6679246, 1788724997.4001338, 1788724997.9866092, 1788724998.6412396, 1788724999.3355043]","[1, 5, 1, 2, 2, 2, 6, 4, 6, 3, 2, 3, 1, 6, 2, 1, 2, 6, 6, 4, 1, 6, 3]"
User-059,0,trace_0656,1788725000.8241303,streaming,19464,260,260,0,303,115.98574805259705,178.56220698356628,0.24160794954042178,0.0,0,True,,1788724822.2618165,1788724938.2475646,1788725000.8240235,"[1788724938.2475646, 1788724938.8590147, 1788724939.5225084, 1788724940.2195072, 1788724940.959376, 1788724941.7359872, 1788724942.541166, 1788724943.376131, 1788724944.2435367, 1788724944.871641, 1788724945.4721124, 1788724946.139598, 1788724946.8364987, 1788724947.56209, 1788724948.3254623, 1788724949.1255956, 1788724949.9563978, 1788724950.723765, 1788724951.311784, 1788724951.9572778, 1788724952.639341, 1788724953.3495827, 1788724954.0996006, 1788724954.8746912, 1788724955.6933506, 1788724956.5438936, 1788724957.4285774, 1788724958.3696022, 1788724959.0334172, 1788724959.6486027, 1788724960.3253698, 1788724961.0322864, 1788724961.7734833, 1788724962.5414789, 1788724963.3439772, 1788724964.178901, 1788724965.0445704, 1788724965.693098, 1788724966.297061, 1788724966.9625623, 1788724967.6577346, 1788724968.3825076, 1788724969.1453197, 1788724969.9471087, 1788724970.640287, 1788724971.2383265, 1788724971.8936343, 1788724972.590005, 1788724973.3028634, 1788724974.0740948, 1788724974.8837142, 1788724975.7104886, 1788724976.5438316, 1788724977.1425226, 1788724977.8002439, 1788724978.4893837, 1788724979.2171922, 1788724979.9624262, 1788724980.7422383, 1788724981.562647, 1788724982.4152024, 1788724983.1870701, 1788724983.7755704, 1788724984.423246, 1788724985.1083386, 1788724985.8235724, 1788724986.5670788, 1788724987.3572283, 1788724988.1806216, 1788724989.0404325, 1788724989.9555974, 1788724990.5476918, 1788724991.2016413, 1788724991.8879187, 1788724992.602131, 1788724993.3510528, 1788724994.1318636, 1788724994.9506853, 1788724995.7946782, 1788724996.6673667, 1788724997.399603, 1788724997.986092, 1788724998.6407216, 1788724999.334931, 1788725000.0548286, 1788725000.8210812]","[1, 2, 4, 6, 2, 4, 1, 3, 2, 1, 1, 5, 3, 3, 2, 1, 1, 4, 1, 6, 3, 6, 4, 2, 5, 4, 4, 3, 1, 2, 1, 2, 2, 3, 3, 1, 6, 6, 1, 6, 2, 3, 6, 3, 2, 5, 2, 6, 6, 1, 6, 1, 2, 4, 5, 2, 2, 1, 1, 5, 4, 2, 2, 1, 2, 2, 1, 3, 3, 4, 1, 3, 2, 5, 2, 6, 3, 6, 6, 6, 3, 1, 2, 4, 1, 2]"
User-035,3,trace_0062,1788725003.237067,streaming,17635,149,149,260,9,147.75836968421936,180.35558819770813,0.22025147644249168,8.0,0,True,,1788724822.8814008,1788724970.6397705,1788725003.236989,"[1788724970.6397705, 1788724971.2377439, 1788724971.893085, 1788724972.5894318, 1788724973.3023245, 1788724974.073597, 1788724974.8831606, 1788724975.709943, 1788724976.5433128, 1788724977.141458, 1788724977.7991076, 1788724978.4882584, 1788724979.2161195, 1788724979.9613664, 1788724980.7411513, 1788724981.561576, 1788724982.413885, 1788724983.1859589, 1788724983.7744331, 1788724984.4221287, 1788724985.1072357, 1788724985.8221047, 1788724986.5664802, 1788724987.3566825, 1788724988.1800237, 1788724989.0398812, 1788724989.9550347, 1788724990.5471253, 1788724991.2011235, 1788724991.887362, 1788724992.6015797, 1788724993.3504317, 1788724994.131341, 1788724994.9501562, 1788724995.7941365, 1788724996.6667118, 1788724997.399034, 1788724997.9855554, 1788724998.6401765, 1788724999.334325, 1788725000.0541265, 1788725000.8205307, 1788725001.616912, 1788725002.4448917, 1788725003.233057]","[1, 6, 6, 6, 2, 2, 6, 5, 6, 2, 4, 4, 2, 6, 6, 1, 6, 1, 6, 4, 1, 1, 3, 1, 6, 3, 1, 2, 1, 1, 2, 4, 1, 2, 5, 6, 6, 2, 4, 5, 3, 1, 2, 3, 1]"
User-021,2,trace_0266,1788725014.039586,streaming,25895,217,217,346,7,136.25465893745422,191.26372456550598,0.2546716001298692,15.0,0,True,,1788724822.7757413,1788724959.0304003,1788725014.039466,"[1788724959.0304003, 1788724959.645753, 1788724960.3224578, 1788724961.0293946, 1788724961.7705963, 1788724962.538614, 1788724963.3411033, 1788724964.1760457, 1788724965.041258, 1788724965.6901288, 1788724966.2941823, 1788724966.9594347, 1788724967.6548183, 1788724968.3795922, 1788724969.1424155, 1788724969.944279, 1788724970.6364543, 1788724971.2346358, 1788724971.8897123, 1788724972.5825074, 1788724973.2998977, 1788724974.0712342, 1788724974.8805084, 1788724975.7075858, 1788724976.5404963, 1788724977.1401887, 1788724977.797729, 1788724978.4869738, 1788724979.2147863, 1788724979.9600708, 1788724980.739867, 1788724981.5600755, 1788724982.4124362, 1788724983.184461, 1788724983.7731712, 1788724984.4208734, 1788724985.1059043, 1788724985.820698, 1788724986.565088, 1788724987.3554296, 1788724988.1784573, 1788724989.0385354, 1788724989.9571457, 1788724990.5492635, 1788724991.2032218, 1788724991.889549, 1788724992.6037505, 1788724993.352707, 1788724994.1334782, 1788724994.9523566, 1788724995.7963479, 1788724996.6690886, 1788724997.4020545, 1788724997.9882336, 1788724998.6428566, 1788724999.3374515, 1788725000.0564713, 1788725000.823091, 1788725001.6185694, 1788725002.4464839, 1788725003.2359161, 1788725003.838327, 1788725004.5015318, 1788725005.195021, 1788725005.9190984, 1788725006.6778233, 1788725007.4665005, 1788725008.2989502, 1788725009.0576375, 1788725009.651605, 1788725010.294708, 1788725010.981548, 1788725011.6907678, 1788725012.4376647, 1788725013.2173054, 1788725014.0380874]","[1, 1, 1, 1, 1, 2, 1, 2, 3, 1, 3, 1, 3, 1, 3, 1, 3, 1, 1, 3, 6, 6, 6, 1, 2, 1, 5, 1, 2, 5, 2, 3, 1, 5, 2, 2, 6, 3, 1, 2, 6, 6, 6, 2, 1, 1, 2, 2, 4, 2, 2, 3, 2, 2, 6, 1, 6, 1, 4, 2, 3, 6, 6, 1, 4, 4, 2, 5, 1, 2, 6, 6, 3, 6, 2, 3]"
User-055,2,trace_0449,1788725017.7792258,streaming,20692,189,189,232,84,153.61303639411926,194.84747529029846,0.21933212178818723,12.0,0,True,,1788724822.9316382,1788724976.5446746,1788725017.7791135,"[1788724976.5446746, 1788724977.1430922, 1788724977.8007808, 1788724978.4899037, 1788724979.2177083, 1788724979.9629683, 1788724980.742776, 1788724981.5632732, 1788724982.4157357, 1788724983.1884327, 1788724983.7766588, 1788724984.4242945, 1788724985.1093593, 1788724985.8248053, 1788724986.568219, 1788724987.3583364, 1788724988.1818066, 1788724989.0415752, 1788724989.9566436, 1788724990.548749, 1788724991.2026856, 1788724991.889027, 1788724992.603234, 1788724993.3521862, 1788724994.1329327, 1788724994.9518423, 1788724995.7958174, 1788724996.6685455, 1788724997.4006763, 1788724997.9871428, 1788724998.6418087, 1788724999.3363416, 1788725000.055366, 1788725000.8218806, 1788725001.6174471, 1788725002.4454272, 1788725003.2347991, 1788725003.837286, 1788725004.5003986, 1788725005.193932, 1788725005.918007, 1788725006.6766164, 1788725007.4654624, 1788725008.2978458, 1788725009.0556867, 1788725009.6499696, 1788725010.293154, 1788725010.97793, 1788725011.6891553, 1788725012.4361024, 1788725013.2157369, 1788725014.0364907, 1788725014.8874254, 1788725015.771918, 1788725016.5400505, 1788725017.1243849, 1788725017.7771983]","[1, 5, 5, 3, 5, 2, 3, 1, 1, 4, 2, 3, 3, 3, 5, 2, 3, 3, 1, 2, 1, 6, 6, 2, 2, 2, 3, 6, 1, 2, 6, 5, 1, 1, 4, 4, 1, 2, 2, 3, 6, 6, 6, 3, 6, 6, 2, 4, 4, 3, 6, 3, 1, 6, 6, 3, 1]"
User-005,0,trace_0568,1788725038.0616114,streaming,20311,131,131,0,317,182.02995228767395,216.85709881782532,0.2679011271550105,0.0,0,True,,1788724821.2042565,1788725003.2342088,1788725038.0613554,"[1788725003.2342088, 1788725003.8367453, 1788725004.4998507, 1788725005.1933804, 1788725005.9174554, 1788725006.6760445, 1788725007.464934, 1788725008.2973166, 1788725009.0551555, 1788725009.6494362, 1788725010.2926083, 1788725010.977384, 1788725011.68857, 1788725012.4355814, 1788725013.2151935, 1788725014.0359097, 1788725014.8863473, 1788725015.7708776, 1788725016.5378451, 1788725017.1228137, 1788725017.775604, 1788725018.4713452, 1788725019.1995544, 1788725019.9608552, 1788725020.7513242, 1788725021.576165, 1788725022.4308865, 1788725023.2587695, 1788725023.8399217, 1788725024.4806232, 1788725025.1576266, 1788725025.8618677, 1788725026.6064794, 1788725027.3811364, 1788725028.1224446, 1788725028.714931, 1788725029.360429, 1788725030.0426383, 1788725030.751812, 1788725031.4971647, 1788725032.2733943, 1788725033.0879993, 1788725033.9334269, 1788725034.6238277, 1788725035.2228298, 1788725035.880634, 1788725036.5726802, 1788725037.2924907, 1788725038.056716]","[1, 6, 1, 5, 4, 5, 2, 2, 4, 3, 1, 3, 5, 1, 1, 6, 1, 3, 1, 1, 4, 3, 6, 5, 5, 1, 2, 1, 2, 1, 2, 6, 2, 1, 5, 4, 1, 2, 1, 3, 1, 3, 2, 3, 3, 1, 1, 1, 3]"
User-034,4,trace_0164,1788725053.9677267,streaming,23068,283,283,311,30,166.83960127830505,230.85281610488892,0.2269972156971059,13.0,0,True,,1788724823.1147745,1788724989.9543757,1788725053.9675906,"[1788724989.9543757, 1788724990.5463893, 1788724991.2004733, 1788724991.8866782, 1788724992.6009076, 1788724993.3497264, 1788724994.1306293, 1788724994.9494216, 1788724995.7935038, 1788724996.666146, 1788724997.39834, 1788724997.9848914, 1788724998.6395266, 1788724999.3336964, 1788725000.0535223, 1788725000.8199594, 1788725001.6163116, 1788725002.4442797, 1788725003.2323112, 1788725003.835371, 1788725004.4983475, 1788725005.192008, 1788725005.9161236, 1788725006.6745641, 1788725007.4636483, 1788725008.2960413, 1788725009.0537252, 1788725009.6481004, 1788725010.2912834, 1788725010.9760797, 1788725011.6871963, 1788725012.434244, 1788725013.2139003, 1788725014.0345945, 1788725014.885057, 1788725015.769603, 1788725016.536563, 1788725017.121508, 1788725017.7742577, 1788725018.4700692, 1788725019.1983016, 1788725019.959636, 1788725020.750063, 1788725021.574717, 1788725022.4295719, 1788725023.257088, 1788725023.8383706, 1788725024.479365, 1788725025.156333, 1788725025.8605394, 1788725026.6052659, 1788725027.3798766, 1788725028.1208966, 1788725028.7135954, 1788725029.3591523, 1788725030.0413723, 1788725030.7505062, 1788725031.4958317, 1788725032.27206, 1788725033.0864744, 1788725033.932185, 1788725034.6223662, 1788725035.2215085, 1788725035.879365, 1788725036.5712705, 1788725037.2912767, 1788725038.0553834, 1788725038.8351038, 1788725039.5363584, 1788725040.1555657, 1788725040.8238587, 1788725041.5217311, 1788725042.2507615, 1788725043.011927, 1788725043.8056445, 1788725044.630694, 1788725045.490119, 1788725046.3878787, 1788725047.3101008, 1788725048.158068, 1788725048.7424057, 1788725049.3894463, 1788725050.0698144, 1788725050.781174, 1788725051.525992, 1788725052.3024027, 1788725053.1133664, 1788725053.963409]","[1, 3, 4, 1, 6, 4, 6, 6, 1, 1, 1, 4, 2, 3, 6, 2, 5, 1, 4, 6, 6, 5, 6, 4, 4, 6, 3, 5, 4, 4, 6, 6, 1, 3, 5, 2, 3, 1, 2, 3, 2, 1, 2, 1, 1, 6, 2, 1, 6, 2, 1, 3, 2, 2, 2, 4, 6, 1, 3, 5, 1, 1, 4, 1, 5, 1, 4, 6, 1, 3, 3, 1, 6, 4, 4, 2, 1, 2, 2, 6, 6, 6, 2, 1, 1, 6, 3, 1]"
User-013,2,trace_0253,1788725065.2671793,streaming,22909,242,242,322,10,174.0149531364441,241.88051629066467,0.28159984711294844,15.0,0,True,,1788724823.3865693,1788724997.4015224,1788725065.2670856,"[1788724997.4015224, 1788724997.9876652, 1788724998.6423275, 1788724999.3369274, 1788725000.0559213, 1788725000.822553, 1788725001.6179996, 1788725002.4459698, 1788725003.235323, 1788725003.8378184, 1788725004.500912, 1788725005.1944501, 1788725005.9185398, 1788725006.6772292, 1788725007.466003, 1788725008.2983708, 1788725009.0562692, 1788725009.6505158, 1788725010.293665, 1788725010.9784517, 1788725011.6897228, 1788725012.4366395, 1788725013.2162745, 1788725014.037027, 1788725014.8868995, 1788725015.7714071, 1788725016.539527, 1788725017.1238644, 1788725017.7766564, 1788725018.472422, 1788725019.200668, 1788725019.9619193, 1788725020.752393, 1788725021.5772314, 1788725022.431944, 1788725023.259824, 1788725023.8410652, 1788725024.4816592, 1788725025.1587794, 1788725025.8629985, 1788725026.6075697, 1788725027.3821573, 1788725028.1244078, 1788725028.7165332, 1788725029.362082, 1788725030.0442283, 1788725030.7533774, 1788725031.501315, 1788725032.2751462, 1788725033.0897188, 1788725033.9349961, 1788725034.6254137, 1788725035.2244122, 1788725035.8821895, 1788725036.5743327, 1788725037.2941577, 1788725038.0586257, 1788725038.8375063, 1788725039.5387917, 1788725040.1578684, 1788725040.8262765, 1788725041.5240762, 1788725042.2530918, 1788725043.014264, 1788725043.808027, 1788725044.6411278, 1788725045.492585, 1788725046.3908987, 1788725047.3130064, 1788725048.1605225, 1788725048.7454553, 1788725049.3922153, 1788725050.072771, 1788725050.7837014, 1788725051.5288537, 1788725052.3050597, 1788725053.1165128, 1788725053.96826, 1788725054.8433816, 1788725055.7577121, 1788725056.7192733, 1788725057.7070065, 1788725058.5300741, 1788725059.1073327, 1788725059.7581663, 1788725060.4467003, 1788725061.1700273, 1788725061.9140086, 1788725062.6956086, 1788725063.513736, 1788725064.366495, 1788725065.262356]","[1, 1, 1, 2, 1, 1, 2, 1, 3, 2, 1, 5, 3, 2, 1, 6, 1, 1, 4, 2, 4, 1, 2, 3, 1, 1, 2, 3, 1, 3, 1, 5, 3, 1, 4, 6, 1, 1, 6, 2, 1, 5, 2, 3, 1, 5, 3, 2, 6, 2, 1, 4, 4, 2, 6, 2, 2, 2, 4, 4, 1, 2, 6, 6, 1, 4, 1, 4, 4, 1, 1, 1, 3, 1, 1, 4, 1, 1, 4, 1, 1, 6, 6, 6, 6, 2, 3, 2, 5, 1, 2, 1]"
User-030,3,trace_0082,1788725068.3697042,streaming,21834,501,501,274,52,142.86450576782227,245.5390968322754,0.20534918212890624,14.0,0,True,,1788724822.830547,1788724965.6950529,1788725068.369644,"[1788724965.6950529, 1788724966.298638, 1788724966.9643602, 1788724967.6593401, 1788724968.3841734, 1788724969.1469502, 1788724969.9487157, 1788724970.6418068, 1788724971.2400632, 1788724971.895279, 1788724972.5918508, 1788724973.3045075, 1788724974.075828, 1788724974.885356, 1788724975.7121243, 1788724976.5462217, 1788724977.1447139, 1788724977.80247, 1788724978.4915664, 1788724979.219765, 1788724979.9640148, 1788724980.7438245, 1788724981.5644593, 1788724982.4168353, 1788724983.1894825, 1788724983.7778049, 1788724984.425434, 1788724985.1104596, 1788724985.8258822, 1788724986.569346, 1788724987.359597, 1788724988.1829672, 1788724989.0429716, 1788724989.9577296, 1788724990.5498557, 1788724991.2037318, 1788724991.8900735, 1788724992.6042993, 1788724993.3532767, 1788724994.1340406, 1788724994.9528873, 1788724995.796855, 1788724996.6696348, 1788724997.4025848, 1788724997.988772, 1788724998.6434302, 1788724999.3381026, 1788725000.0570347, 1788725000.8236027, 1788725001.6191452, 1788725002.4470553, 1788725003.2364593, 1788725003.8388865, 1788725004.5020854, 1788725005.1955457, 1788725005.9196444, 1788725006.6784077, 1788725007.4670403, 1788725008.2995212, 1788725009.058147, 1788725009.652169, 1788725010.2954044, 1788725010.9821472, 1788725011.6912975, 1788725012.4382284, 1788725013.2178648, 1788725014.0389428, 1788725014.8885174, 1788725015.7729597, 1788725016.5410717, 1788725017.1254756, 1788725017.7786596, 1788725018.4734526, 1788725019.201692, 1788725019.9630299, 1788725020.7534444, 1788725021.5783427, 1788725022.4330056, 1788725023.261736, 1788725023.842765, 1788725024.483221, 1788725025.1603456, 1788725025.8645844, 1788725026.6092129, 1788725027.383772, 1788725028.1259387, 1788725028.7180958, 1788725029.36372, 1788725030.0458267, 1788725030.755003, 1788725031.5033903, 1788725032.2767684, 1788725033.091321, 1788725033.9365768, 1788725034.6280413, 1788725035.2265792, 1788725035.8880103, 1788725036.5761678, 1788725037.2963023, 1788725038.0609043, 1788725038.8396273, 1788725039.5416906, 1788725040.1605914, 1788725040.8289566, 1788725041.5267122, 1788725042.2558258, 1788725043.0171306, 1788725043.8106601, 1788725044.6440141, 1788725045.4953163, 1788725046.3937194, 1788725047.3157637, 1788725048.164058, 1788725048.7487354, 1788725049.3953938, 1788725050.0761673, 1788725050.7874923, 1788725051.5321572, 1788725052.3081996, 1788725053.1198406, 1788725053.971489, 1788725054.8473387, 1788725055.7611277, 1788725056.7225995, 1788725057.7105334, 1788725058.5341904, 1788725059.111084, 1788725059.7626903, 1788725060.4505475, 1788725061.17409, 1788725061.9177854, 1788725062.699493, 1788725063.5176678, 1788725064.3703887, 1788725065.2666552, 1788725066.1931255, 1788725067.1481247, 1788725067.7258904, 1788725068.3689678]","[1, 4, 2, 1, 2, 3, 2, 1, 2, 1, 1, 2, 1, 3, 2, 1, 4, 1, 3, 1, 2, 6, 6, 2, 1, 3, 5, 2, 5, 5, 3, 6, 2, 6, 6, 6, 4, 6, 2, 3, 6, 5, 6, 4, 2, 6, 4, 6, 1, 1, 1, 6, 2, 5, 2, 3, 6, 5, 3, 3, 1, 3, 6, 3, 6, 6, 3, 6, 6, 4, 1, 4, 5, 6, 6, 6, 1, 1, 1, 3, 2, 1, 3, 6, 2, 1, 3, 6, 6, 5, 6, 6, 6, 6, 6, 6, 5, 3, 3, 3, 6, 6, 6, 3, 2, 4, 2, 1, 2, 6, 5, 2, 3, 2, 2, 6, 5, 2, 3, 1, 1, 2, 6, 6, 6, 1, 2, 6, 3, 2, 1, 6, 6, 6, 2, 2, 5, 6, 4]"
User-067,0,trace_0312,1788725068.3694856,streaming,17368,117,117,0,271,215.71595287322998,244.5456600189209,0.24853195815250792,0.0,0,True,,1788724823.8237336,1788725039.5396864,1788725068.3693936,"[1788725039.5396864, 1788725040.158412, 1788725040.8268132, 1788725041.5245821, 1788725042.253622, 1788725043.0148244, 1788725043.8085337, 1788725044.6417055, 1788725045.4931755, 1788725046.3915277, 1788725047.313565, 1788725048.161937, 1788725048.7465363, 1788725049.3932688, 1788725050.0738819, 1788725050.785153, 1788725051.530007, 1788725052.3062053, 1788725053.1176066, 1788725053.9693418, 1788725054.8449304, 1788725055.7589664, 1788725056.7204106, 1788725057.7082553, 1788725058.5321167, 1788725059.1089215, 1788725059.760399, 1788725060.448416, 1788725061.17179, 1788725061.915634, 1788725062.6972327, 1788725063.5154254, 1788725064.3682086, 1788725065.2643592, 1788725066.191, 1788725067.146067, 1788725067.7236967, 1788725068.3673995]","[1, 4, 2, 3, 1, 6, 3, 2, 2, 1, 4, 3, 1, 4, 1, 5, 1, 6, 4, 2, 5, 4, 3, 4, 2, 4, 4, 6, 1, 3, 3, 3, 5, 1, 1, 1, 6, 5]"
User-064,8,trace_0441,1788725069.0416198,streaming,27352,105,105,404,17,224.24348831176758,245.12360334396362,0.20077033684803888,12.0,0,True,,1788724823.9179232,1788725048.1614115,1788725069.0415266,"[1788725048.1614115, 1788725048.745976, 1788725049.3927224, 1788725050.073324, 1788725050.7842479, 1788725051.529486, 1788725052.3056486, 1788725053.1170733, 1788725053.9688003, 1788725054.8443289, 1788725055.7583797, 1788725056.7198868, 1788725057.7076683, 1788725058.5306096, 1788725059.1079, 1788725059.7587245, 1788725060.4473357, 1788725061.1705945, 1788725061.9145355, 1788725062.6961691, 1788725063.5142896, 1788725064.367081, 1788725065.263261, 1788725066.1904125, 1788725067.1446733, 1788725067.7225714, 1788725068.3667753, 1788725069.0384536]","[1, 4, 6, 5, 1, 4, 4, 2, 2, 2, 4, 1, 5, 6, 1, 3, 1, 6, 3, 6, 2, 6, 4, 2, 6, 6, 6, 6]"
User-066,0,trace_0681,1788725081.1267505,streaming,21193,176,176,0,330,210.84764885902405,257.34638810157776,0.2657070813860212,0.0,0,True,,1788724823.7798877,1788725034.6275365,1788725081.1262758,"[1788725034.6275365, 1788725035.2260664, 1788725035.8875659, 1788725036.5757754, 1788725037.2957737, 1788725038.0603871, 1788725038.8390818, 1788725039.5411906, 1788725040.1600573, 1788725040.8284476, 1788725041.5262043, 1788725042.2552915, 1788725043.0164614, 1788725043.8101506, 1788725044.6434789, 1788725045.4947886, 1788725046.3931303, 1788725047.3152015, 1788725048.163507, 1788725048.7481945, 1788725049.3948464, 1788725050.0756304, 1788725050.7869673, 1788725051.5316303, 1788725052.307796, 1788725053.1192892, 1788725053.9709764, 1788725054.846618, 1788725055.7605977, 1788725056.7220447, 1788725057.7099316, 1788725058.5336683, 1788725059.1105478, 1788725059.7621531, 1788725060.4500418, 1788725061.173521, 1788725061.9172688, 1788725062.698963, 1788725063.5171301, 1788725064.3698475, 1788725065.266121, 1788725066.1925728, 1788725067.1476316, 1788725067.725371, 1788725068.3687012, 1788725069.040968, 1788725069.7623315, 1788725070.5173929, 1788725071.300836, 1788725072.126614, 1788725072.8404603, 1788725073.4335306, 1788725074.1511106, 1788725074.7746038, 1788725075.494208, 1788725076.2425141, 1788725077.028569, 1788725077.6798701, 1788725078.2825484, 1788725078.9447582, 1788725079.6405365, 1788725080.364714, 1788725081.12549]","[1, 2, 4, 4, 6, 1, 2, 1, 2, 1, 1, 4, 2, 2, 1, 1, 3, 5, 5, 3, 2, 2, 1, 2, 1, 4, 2, 6, 3, 1, 1, 2, 3, 1, 1, 3, 1, 1, 1, 6, 3, 2, 1, 2, 2, 1, 3, 6, 2, 3, 2, 6, 6, 6, 6, 6, 6, 2, 3, 2, 3, 6, 2]"
User-065,0,trace_0054,1788725092.273439,streaming,16891,251,251,0,263,204.39651322364807,268.54646944999695,0.2565998249053955,0.0,0,True,,1788724823.7268617,1788725028.123375,1788725092.2733312,"[1788725028.123375, 1788725028.7155063, 1788725029.3609748, 1788725030.0432067, 1788725030.7523303, 1788725031.4977217, 1788725032.27394, 1788725033.088561, 1788725033.9339478, 1788725034.6243632, 1788725035.2233605, 1788725035.8811502, 1788725036.5732126, 1788725037.2930217, 1788725038.0575497, 1788725038.8364556, 1788725039.537605, 1788725040.1568348, 1788725040.8251507, 1788725041.5230267, 1788725042.2520463, 1788725043.013195, 1788725043.8069491, 1788725044.6399283, 1788725045.4914982, 1788725046.3893857, 1788725047.3118465, 1788725048.1594527, 1788725048.7443151, 1788725049.3911579, 1788725050.071289, 1788725050.7825544, 1788725051.527685, 1788725052.3039734, 1788725053.115331, 1788725053.9663286, 1788725054.8420205, 1788725055.756149, 1788725056.7176664, 1788725057.7020476, 1788725058.5288403, 1788725059.1061907, 1788725059.756856, 1788725060.4450352, 1788725061.1686966, 1788725061.9127138, 1788725062.69428, 1788725063.5124633, 1788725064.3652217, 1788725065.260972, 1788725066.188594, 1788725067.1429272, 1788725067.7207348, 1788725068.3646214, 1788725069.0364563, 1788725069.7590282, 1788725070.5114233, 1788725071.2974799, 1788725072.1231096, 1788725072.8372102, 1788725073.4302285, 1788725074.1494846, 1788725074.7712305, 1788725075.49098, 1788725076.2392414, 1788725077.0251698, 1788725077.675661, 1788725078.2787807, 1788725078.9406652, 1788725079.636718, 1788725080.3608732, 1788725081.1213303, 1788725081.9100652, 1788725082.752445, 1788725083.6275833, 1788725084.5696378, 1788725085.1450558, 1788725085.7830613, 1788725086.4504893, 1788725087.1527867, 1788725087.8823066, 1788725088.6464143, 1788725089.4561324, 1788725090.3416033, 1788725091.0178132, 1788725091.6101456, 1788725092.2661402]","[1, 2, 4, 1, 3, 2, 1, 3, 2, 2, 2, 5, 2, 2, 6, 2, 2, 2, 1, 1, 1, 3, 3, 1, 6, 4, 2, 5, 4, 3, 4, 2, 2, 2, 2, 1, 2, 4, 1, 2, 6, 1, 6, 6, 2, 3, 1, 2, 3, 5, 2, 6, 3, 2, 2, 1, 2, 3, 6, 2, 4, 5, 1, 4, 1, 6, 2, 5, 1, 1, 1, 3, 6, 6, 2, 4, 2, 6, 3, 1, 4, 3, 2, 5, 2, 6, 1]"
User-008,0,trace_0707,1788725101.859575,streaming,19408,381,381,0,302,187.7639946937561,280.56627893447876,0.24421653747558594,0.0,0,True,,1788724821.293136,1788725009.0571306,1788725101.8594148,"[1788725009.0571306, 1788725009.6510687, 1788725010.2941947, 1788725010.9809222, 1788725011.6902494, 1788725012.4371495, 1788725013.216796, 1788725014.0375483, 1788725014.8879268, 1788725015.7724516, 1788725016.5405698, 1788725017.124905, 1788725017.7780154, 1788725018.472933, 1788725019.2011702, 1788725019.962486, 1788725020.7529244, 1788725021.5778167, 1788725022.432495, 1788725023.2612195, 1788725023.8422184, 1788725024.4826713, 1788725025.159841, 1788725025.8640642, 1788725026.608558, 1788725027.3832188, 1788725028.1254423, 1788725028.7175603, 1788725029.3631473, 1788725030.0452795, 1788725030.754415, 1788725031.5026078, 1788725032.2762063, 1788725033.090796, 1788725033.9360092, 1788725034.626469, 1788725035.2255418, 1788725035.8870766, 1788725036.5753772, 1788725037.2952406, 1788725038.0598364, 1788725038.8385363, 1788725039.5406868, 1788725040.1595337, 1788725040.827824, 1788725041.5256977, 1788725042.254718, 1788725043.0159287, 1788725043.809637, 1788725044.642902, 1788725045.494243, 1788725046.392599, 1788725047.314627, 1788725048.1630046, 1788725048.7476745, 1788725049.3942823, 1788725050.0749488, 1788725050.7864196, 1788725051.5310981, 1788725052.3072908, 1788725053.1187425, 1788725053.9703918, 1788725054.8460476, 1788725055.7600257, 1788725056.7214901, 1788725057.709335, 1788725058.5331247, 1788725059.1099615, 1788725059.7615387, 1788725060.4494646, 1788725061.172978, 1788725061.9166937, 1788725062.6983366, 1788725063.5165846, 1788725064.3692777, 1788725065.2654288, 1788725066.1920388, 1788725067.147109, 1788725067.7247858, 1788725068.368415, 1788725069.0404327, 1788725069.7618027, 1788725070.5143595, 1788725071.3002973, 1788725072.1260436, 1788725072.839928, 1788725073.4329813, 1788725074.1508582, 1788725074.7740793, 1788725075.4936855, 1788725076.2419446, 1788725077.0280073, 1788725077.6784148, 1788725078.2814624, 1788725078.9436135, 1788725079.6394312, 1788725080.36362, 1788725081.1241913, 1788725081.9129941, 1788725082.7539232, 1788725083.6304493, 1788725084.5734298, 1788725085.1477234, 1788725085.786571, 1788725086.4540188, 1788725087.1566114, 1788725087.885833, 1788725088.6497853, 1788725089.4601324, 1788725090.343201, 1788725091.0210037, 1788725091.6133943, 1788725092.2717998, 1788725092.9699304, 1788725093.6955695, 1788725094.4568534, 1788725095.2445216, 1788725096.0841823, 1788725096.9457157, 1788725097.8412948, 1788725098.767218, 1788725099.7247937, 1788725100.6293128, 1788725101.209271, 1788725101.8569047]","[1, 4, 2, 5, 1, 3, 1, 2, 6, 1, 1, 4, 2, 3, 1, 1, 2, 2, 1, 2, 1, 3, 1, 2, 6, 4, 2, 2, 3, 1, 3, 6, 3, 1, 6, 2, 2, 6, 6, 6, 6, 5, 6, 4, 4, 2, 6, 2, 2, 6, 5, 2, 3, 3, 3, 1, 6, 1, 3, 2, 3, 6, 6, 6, 2, 5, 6, 3, 6, 3, 3, 2, 6, 2, 2, 6, 4, 1, 3, 3, 5, 2, 1, 2, 6, 2, 2, 2, 2, 1, 1, 3, 1, 4, 3, 3, 3, 1, 2, 4, 2, 1, 1, 1, 2, 2, 2, 5, 2, 2, 2, 1, 1, 1, 6, 5, 6, 5, 1, 2, 6, 3, 1, 4, 6]"
User-006,5,trace_0396,1788725113.411168,streaming,31169,266,266,385,49,234.5436089038849,289.4230988025665,0.20709241471200618,11.0,0,True,,1788724823.987984,1788725058.5315928,1788725113.4110827,"[1788725058.5315928, 1788725059.1084013, 1788725059.7597756, 1788725060.4478664, 1788725061.1712356, 1788725061.9150887, 1788725062.6966882, 1788725063.5148554, 1788725064.3676538, 1788725065.2638133, 1788725066.1898715, 1788725067.1441562, 1788725067.7220206, 1788725068.3663082, 1788725069.0378501, 1788725069.760273, 1788725070.5127196, 1788725071.2986863, 1788725072.1244423, 1788725072.8383114, 1788725073.4313836, 1788725074.1500573, 1788725074.772331, 1788725075.4920943, 1788725076.240368, 1788725077.0263581, 1788725077.6767943, 1788725078.2798753, 1788725078.9419, 1788725079.637777, 1788725080.3619766, 1788725081.122419, 1788725081.9112437, 1788725082.7530725, 1788725083.6288328, 1788725084.5709116, 1788725085.1458452, 1788725085.7843451, 1788725086.4517376, 1788725087.1544266, 1788725087.8836403, 1788725088.6477125, 1788725089.4577854, 1788725090.342154, 1788725091.0189135, 1788725091.6112738, 1788725092.269285, 1788725092.9677663, 1788725093.6944947, 1788725094.4545746, 1788725095.2423387, 1788725096.0820289, 1788725096.9435246, 1788725097.8387048, 1788725098.7651608, 1788725099.7221463, 1788725100.6261837, 1788725101.2063577, 1788725101.8536122, 1788725102.5298545, 1788725103.258961, 1788725104.0205019, 1788725104.8133209, 1788725105.637663, 1788725106.4944768, 1788725107.3807232, 1788725108.3078296, 1788725109.2575102, 1788725109.9659915, 1788725110.5628543, 1788725111.222044, 1788725111.9161534, 1788725112.6416638, 1788725113.4059036]","[1, 2, 1, 3, 2, 4, 6, 4, 4, 4, 3, 3, 6, 6, 2, 2, 2, 2, 6, 6, 6, 5, 6, 3, 3, 1, 3, 6, 6, 6, 6, 2, 5, 1, 6, 4, 2, 4, 3, 6, 2, 2, 4, 3, 1, 4, 3, 5, 4, 1, 4, 6, 1, 1, 1, 1, 6, 2, 1, 4, 3, 1, 3, 3, 3, 1, 6, 6, 5, 5, 4, 6, 6, 5]"
User-063,4,trace_0610,1788725113.4084792,streaming,20547,111,111,305,11,266.71893644332886,289.11082339286804,0.2035626086321744,14.0,0,True,,1788724824.2975528,1788725091.0164893,1788725113.4083762,"[1788725091.0164893, 1788725091.6084707, 1788725092.2643573, 1788725092.9658535, 1788725093.6927395, 1788725094.4522276, 1788725095.240088, 1788725096.079745, 1788725096.9412708, 1788725097.8365521, 1788725098.7632608, 1788725099.720084, 1788725100.6237524, 1788725101.2014945, 1788725101.8514247, 1788725102.5277915, 1788725103.256677, 1788725104.0182114, 1788725104.8110042, 1788725105.6353753, 1788725106.492255, 1788725107.3786874, 1788725108.3055756, 1788725109.255363, 1788725109.9637973, 1788725110.560533, 1788725111.2198086, 1788725111.9136815, 1788725112.6394608, 1788725113.4019425]","[1, 3, 1, 2, 3, 3, 5, 2, 5, 1, 6, 4, 2, 5, 2, 3, 6, 3, 2, 6, 6, 4, 3, 6, 6, 6, 1, 2, 6, 6]"
User-040,0,trace_0278,1788725129.1304526,streaming,19520,1035,1022,0,304,81.78954768180847,307.28949642181396,0.22086184989226787,0.0,0,True,,1788724821.840816,1788724903.6303637,1788725129.1303124,"[1788724903.6303637, 1788724904.235032, 1788724904.8969545, 1788724905.5904486, 1788724906.320975, 1788724907.0765362, 1788724907.8692417, 1788724908.6568656, 1788724909.2352047, 1788724909.8772597, 1788724910.5536313, 1788724911.2588475, 1788724911.9960182, 1788724912.7678518, 1788724913.5720782, 1788724914.4165692, 1788724915.2961264, 1788724916.1999009, 1788724916.777327, 1788724917.4161859, 1788724918.1004393, 1788724918.8171625, 1788724919.5650742, 1788724920.3428905, 1788724921.150685, 1788724921.791986, 1788724922.4000812, 1788724923.0690224, 1788724923.764472, 1788724924.4918318, 1788724925.2538764, 1788724926.0495462, 1788724926.807889, 1788724927.4186335, 1788724928.0830843, 1788724928.7737937, 1788724929.4984796, 1788724930.2541027, 1788724931.0434446, 1788724931.8591745, 1788724932.4780502, 1788724933.092174, 1788724933.7610927, 1788724934.459035, 1788724935.2027571, 1788724935.976974, 1788724936.7818108, 1788724937.619859, 1788724938.244773, 1788724938.8579097, 1788724939.5204165, 1788724940.2167976, 1788724940.9576936, 1788724941.7335858, 1788724942.5387816, 1788724943.3738184, 1788724944.240968, 1788724944.8681464, 1788724945.4691148, 1788724946.1362786, 1788724946.8336, 1788724947.5605361, 1788724948.3225436, 1788724949.1221118, 1788724949.952925, 1788724950.7209306, 1788724951.308851, 1788724951.9543352, 1788724952.636523, 1788724953.3468719, 1788724954.0959716, 1788724954.8723505, 1788724955.6910992, 1788724956.541507, 1788724957.4262466, 1788724958.3684034, 1788724959.0311432, 1788724959.6463523, 1788724960.3231132, 1788724961.030015, 1788724961.7712643, 1788724962.539271, 1788724963.3417246, 1788724964.1766615, 1788724965.0421193, 1788724965.6908164, 1788724966.2948375, 1788724966.9601605, 1788724967.655472, 1788724968.38022, 1788724969.143083, 1788724969.944879, 1788724970.6371553, 1788724971.2353845, 1788724971.8903224, 1788724972.5866616, 1788724973.3005874, 1788724974.0718946, 1788724974.8812978, 1788724975.708188, 1788724976.5412314, 1788724977.1408203, 1788724977.798392, 1788724978.4875958, 1788724979.2154124, 1788724979.96075, 1788724980.7404873, 1788724981.5609608, 1788724982.4132907, 1788724983.185254, 1788724983.7738001, 1788724984.4214869, 1788724985.106562, 1788724985.8215292, 1788724986.565896, 1788724987.3560455, 1788724988.1793702, 1788724989.0392556, 1788724989.953332, 1788724990.5456746, 1788724991.1998148, 1788724991.8860714, 1788724992.6003065, 1788724994.1300375, 1788724995.7928996, 1788724996.6651423, 1788724997.3975308, 1788724997.9842515, 1788724998.638885, 1788724999.333086, 1788725000.0527534, 1788725000.8192573, 1788725001.6155708, 1788725002.443604, 1788725003.231464, 1788725003.8360293, 1788725004.4990118, 1788725005.1926572, 1788725005.9167752, 1788725006.675456, 1788725007.464301, 1788725008.2966888, 1788725009.0544453, 1788725009.648759, 1788725010.291934, 1788725010.9767632, 1788725011.687864, 1788725012.4349291, 1788725013.2145178, 1788725014.0352726, 1788725014.8856936, 1788725015.77023, 1788725016.5372775, 1788725017.1221344, 1788725017.7749317, 1788725018.4706938, 1788725019.1989446, 1788725019.9602416, 1788725020.750666, 1788725021.5755816, 1788725022.4302125, 1788725023.258045, 1788725023.8392901, 1788725024.4799755, 1788725025.1569762, 1788725025.8613217, 1788725026.6058722, 1788725027.380518, 1788725028.1215825, 1788725028.714227, 1788725029.359773, 1788725030.0420065, 1788725030.7511718, 1788725031.496501, 1788725032.2728212, 1788725033.0873895, 1788725033.9327877, 1788725034.6231282, 1788725035.2221527, 1788725035.8799765, 1788725036.5719645, 1788725037.291941, 1788725038.0560143, 1788725038.8358004, 1788725039.5370162, 1788725040.156211, 1788725040.8244815, 1788725041.5223634, 1788725042.2514045, 1788725043.0125535, 1788725043.806273, 1788725044.6390421, 1788725045.4909427, 1788725046.3886695, 1788725047.3108027, 1788725048.158727, 1788725048.7432752, 1788725049.390386, 1788725050.0705104, 1788725050.7818196, 1788725051.5267272, 1788725052.3032446, 1788725053.1140642, 1788725053.9655855, 1788725054.841327, 1788725055.7553918, 1788725056.717008, 1788725057.7011213, 1788725058.5281708, 1788725059.1050577, 1788725059.7560728, 1788725060.4443495, 1788725061.1678276, 1788725061.9117596, 1788725062.693329, 1788725063.5114985, 1788725064.3642874, 1788725065.2600338, 1788725066.1876626, 1788725067.142251, 1788725067.719753, 1788725068.3638194, 1788725069.035145, 1788725069.7580364, 1788725070.5104072, 1788725071.2967787, 1788725072.1221175, 1788725072.8365366, 1788725073.429495, 1788725074.149205, 1788725074.7706401, 1788725075.4902334, 1788725076.2384737, 1788725077.024353, 1788725077.6748917, 1788725078.27808, 1788725078.9394767, 1788725079.63602, 1788725080.3601706, 1788725081.1206152, 1788725081.9090285, 1788725082.7514188, 1788725083.6266305, 1788725084.568996, 1788725085.143872, 1788725085.7820976, 1788725086.449374, 1788725087.1520267, 1788725087.8813593, 1788725088.645486, 1788725089.4554207, 1788725090.34119, 1788725091.0170968, 1788725091.6094148, 1788725092.2650898, 1788725092.9665031, 1788725093.6937094, 1788725094.4529536, 1788725095.2410414, 1788725096.0806828, 1788725096.9422252, 1788725097.837579, 1788725098.7639625, 1788725099.7208292, 1788725100.6244328, 1788725101.20472, 1788725101.8522117, 1788725102.5285094, 1788725103.2576382, 1788725104.0191665, 1788725104.8117032, 1788725105.6364236, 1788725106.493211, 1788725107.3794572, 1788725108.3064818, 1788725109.25622, 1788725109.964606, 1788725110.5615115, 1788725111.2207453, 1788725111.9144175, 1788725112.640512, 1788725113.4047115, 1788725114.1872098, 1788725115.0256557, 1788725115.8976777, 1788725116.809381, 1788725117.7461581, 1788725118.710039, 1788725119.5662575, 1788725120.139007, 1788725120.7876647, 1788725121.4706204, 1788725122.1853452, 1788725122.9301674, 1788725123.7085595, 1788725124.525166, 1788725125.3745394, 1788725126.2595193, 1788725127.1789846, 1788725128.1339316, 1788725129.123924]","[1, 4, 2, 1, 4, 1, 3, 1, 2, 5, 2, 3, 4, 4, 2, 1, 3, 1, 2, 1, 4, 3, 2, 2, 1, 4, 6, 5, 4, 4, 5, 2, 1, 1, 4, 6, 2, 6, 3, 3, 4, 4, 2, 3, 6, 4, 3, 1, 2, 6, 4, 4, 2, 6, 1, 1, 6, 1, 6, 2, 2, 6, 1, 1, 2, 4, 6, 6, 6, 2, 1, 2, 1, 1, 4, 3, 5, 6, 3, 4, 5, 1, 3, 6, 2, 2, 5, 2, 3, 3, 2, 1, 5, 2, 3, 2, 5, 1, 2, 1, 1, 2, 5, 3, 2, 2, 4, 3, 2, 2, 1, 2, 2, 2, 3, 4, 5, 1, 1, 6, 5, 1, 1, 1, 1, 4, 5, 1, 3, 1, 1, 1, 1, 6, 5, 6, 4, 3, 6, 1, 1, 6, 6, 6, 6, 1, 5, 4, 3, 2, 6, 1, 4, 2, 5, 2, 1, 1, 1, 4, 4, 2, 3, 6, 4, 1, 1, 1, 1, 6, 5, 2, 1, 2, 4, 3, 3, 5, 4, 5, 5, 2, 6, 6, 6, 1, 6, 2, 2, 4, 2, 2, 1, 1, 4, 3, 5, 6, 6, 6, 6, 3, 6, 2, 1, 2, 1, 6, 3, 6, 6, 3, 6, 5, 3, 2, 2, 2, 1, 3, 1, 4, 6, 4, 6, 6, 6, 6, 6, 3, 1, 1, 2, 1, 5, 2, 2, 1, 1, 2, 1, 1, 1, 2, 5, 2, 1, 3, 1, 1, 2, 2, 6, 3, 1, 2, 4, 1, 4, 6, 4, 3, 1, 5, 5, 6, 6, 6, 6, 6, 1, 6, 6, 6, 6, 6, 6, 6, 6, 6, 4, 3, 6, 6, 6, 6, 6, 6, 6, 4, 6, 6, 4, 6, 6, 6, 6, 6, 6, 6, 3]"
User-070,0,trace_0477,1788725132.7106903,streaming,16517,209,209,0,257,253.53021264076233,308.5614504814148,0.2645732588492907,0.0,0,True,,1788724824.149136,1788725077.6793487,1788725132.7105865,"[1788725077.6793487, 1788725078.281983, 1788725078.9441848, 1788725079.639971, 1788725080.3641646, 1788725081.1248996, 1788725081.913501, 1788725082.754193, 1788725083.6310108, 1788725084.5739388, 1788725085.147976, 1788725085.787096, 1788725086.4545627, 1788725087.1571422, 1788725087.8863544, 1788725088.650338, 1788725089.4607162, 1788725090.3434541, 1788725091.021525, 1788725091.6139925, 1788725092.2723234, 1788725092.9704452, 1788725093.6958253, 1788725094.4574037, 1788725095.2451015, 1788725096.0846992, 1788725096.9462163, 1788725097.8417926, 1788725098.767736, 1788725099.7253506, 1788725100.6298423, 1788725101.2099078, 1788725101.8582747, 1788725102.5327666, 1788725103.261591, 1788725104.0233624, 1788725104.8160222, 1788725105.6403544, 1788725106.4972079, 1788725107.3833637, 1788725108.3105793, 1788725109.2603884, 1788725109.969573, 1788725110.566088, 1788725111.225234, 1788725111.9195595, 1788725112.64504, 1788725113.4101372, 1788725114.191771, 1788725115.03011, 1788725115.9022343, 1788725116.8137927, 1788725117.749532, 1788725118.7145214, 1788725119.5716288, 1788725120.144429, 1788725120.792666, 1788725121.4777615, 1788725122.1899445, 1788725122.935071, 1788725123.7135725, 1788725124.5301335, 1788725125.379648, 1788725126.264431, 1788725127.1842723, 1788725128.1392095, 1788725129.1293514, 1788725129.9881928, 1788725130.594274, 1788725131.2666364, 1788725131.971665, 1788725132.7092762]","[1, 6, 1, 2, 3, 4, 1, 1, 3, 1, 1, 4, 1, 2, 1, 3, 1, 3, 4, 3, 2, 6, 2, 3, 4, 1, 4, 4, 4, 5, 1, 6, 6, 3, 5, 3, 6, 2, 6, 3, 2, 1, 2, 2, 2, 6, 2, 3, 1, 2, 2, 6, 2, 1, 2, 2, 2, 1, 6, 1, 2, 6, 2, 5, 3, 6, 1, 1, 2, 2, 5, 4]"
User-069,0,trace_0672,1788725138.7638004,streaming,18368,263,263,0,286,248.72916626930237,314.656934261322,0.251632702259617,0.0,0,True,,1788724824.1067703,1788725072.8359365,1788725138.7637045,"[1788725072.8359365, 1788725073.4285328, 1788725074.1487613, 1788725074.7698524, 1788725075.4892254, 1788725076.2375364, 1788725077.0230832, 1788725077.6739473, 1788725078.2773905, 1788725078.9387634, 1788725079.6351097, 1788725080.3592675, 1788725081.1197, 1788725081.9140415, 1788725082.7544408, 1788725083.6315682, 1788725084.5744653, 1788725085.1482294, 1788725085.7876656, 1788725086.4551208, 1788725087.157703, 1788725087.8869102, 1788725088.65092, 1788725089.461232, 1788725090.343726, 1788725091.0220637, 1788725091.614511, 1788725092.2728696, 1788725092.971012, 1788725093.696074, 1788725094.457958, 1788725095.2456677, 1788725096.0852072, 1788725096.9467592, 1788725097.8423326, 1788725098.7683396, 1788725099.725941, 1788725100.630356, 1788725101.2104814, 1788725101.8589134, 1788725102.5333157, 1788725103.2621741, 1788725104.024104, 1788725104.8165827, 1788725105.6408741, 1788725106.4977443, 1788725107.3839183, 1788725108.3111129, 1788725109.2609234, 1788725109.97009, 1788725110.5666013, 1788725111.225744, 1788725111.920016, 1788725112.6455534, 1788725113.4106755, 1788725114.1922874, 1788725115.0306816, 1788725115.9027817, 1788725116.8143678, 1788725117.749801, 1788725118.7150443, 1788725119.5721493, 1788725120.144969, 1788725120.7931836, 1788725121.4782856, 1788725122.1905127, 1788725122.9356124, 1788725123.714131, 1788725124.5306513, 1788725125.3801835, 1788725126.2649915, 1788725127.1848123, 1788725128.1398087, 1788725129.129871, 1788725129.9887016, 1788725130.5948007, 1788725131.2671707, 1788725131.972241, 1788725132.7101288, 1788725133.4755523, 1788725134.2736003, 1788725135.1062245, 1788725135.9723418, 1788725136.8696628, 1788725137.8035483, 1788725138.762902]","[1, 6, 4, 2, 2, 3, 6, 3, 5, 1, 1, 1, 1, 1, 1, 2, 4, 5, 2, 2, 5, 4, 1, 6, 1, 6, 1, 6, 6, 1, 5, 3, 5, 1, 3, 2, 6, 3, 3, 4, 3, 4, 1, 6, 1, 1, 2, 1, 2, 4, 4, 1, 2, 1, 4, 2, 2, 6, 1, 3, 5, 3, 6, 3, 6, 4, 1, 6, 5, 3, 2, 2, 4, 2, 3, 6, 6, 5, 1, 1, 2, 2, 3, 2, 2, 2]"
User-022,19,trace_0418,1788725151.363515,streaming,28119,173,173,423,4,287.5068163871765,328.901216506958,0.2406651169754738,7.0,0,True,,1788724822.4622424,1788725109.9690588,1788725151.3634589,"[1788725109.9690588, 1788725110.565534, 1788725111.2247233, 1788725111.9189339, 1788725112.6445022, 1788725113.4096036, 1788725114.1912446, 1788725115.0295634, 1788725115.9017122, 1788725116.813255, 1788725117.7492588, 1788725118.7140117, 1788725119.570212, 1788725120.143194, 1788725120.791542, 1788725121.4766223, 1788725122.1889231, 1788725122.933984, 1788725123.7124593, 1788725124.5289733, 1788725125.3784988, 1788725126.2632382, 1788725127.183136, 1788725128.1380043, 1788725129.128301, 1788725129.9870615, 1788725130.5932453, 1788725131.2656195, 1788725131.9705682, 1788725132.708111, 1788725133.4744575, 1788725134.2725344, 1788725135.1050262, 1788725135.971215, 1788725136.868572, 1788725137.8024044, 1788725138.7617502, 1788725139.7482407, 1788725140.725011, 1788725141.3241956, 1788725141.989634, 1788725142.6867037, 1788725143.4155076, 1788725144.172301, 1788725144.9652321, 1788725145.785238, 1788725146.644952, 1788725147.5400531, 1788725148.4609973, 1788725149.4135866, 1788725150.392459, 1788725151.3626297]","[1, 5, 2, 6, 4, 3, 3, 3, 1, 2, 3, 1, 6, 2, 6, 1, 1, 3, 1, 2, 2, 6, 2, 1, 1, 5, 6, 4, 3, 3, 1, 2, 4, 2, 6, 6, 6, 2, 1, 6, 6, 4, 1, 1, 2, 2, 2, 6, 6, 6, 6, 6]"
User-025,5,trace_0588,1788725152.6095903,streaming,30059,120,120,463,3,297.0384862422943,330.0768291950226,0.2776331340565401,7.0,0,True,,1788724822.5326257,1788725119.571112,1788725152.6094549,"[1788725119.571112, 1788725120.1439033, 1788725120.7920895, 1788725121.477176, 1788725122.189421, 1788725122.9345343, 1788725123.7130227, 1788725124.529495, 1788725125.3791122, 1788725126.2638338, 1788725127.1836777, 1788725128.1386049, 1788725129.1288218, 1788725129.987645, 1788725130.5937734, 1788725131.266128, 1788725131.9711463, 1788725132.7086973, 1788725133.4750016, 1788725134.2730472, 1788725135.1056287, 1788725135.9717748, 1788725136.8691313, 1788725137.8030117, 1788725138.7623599, 1788725139.748816, 1788725140.7255373, 1788725141.3247693, 1788725141.9901652, 1788725142.6869905, 1788725143.4160569, 1788725144.1728306, 1788725144.9657934, 1788725145.7857459, 1788725146.6454678, 1788725147.540597, 1788725148.4615405, 1788725149.4145746, 1788725150.392997, 1788725151.3630736, 1788725151.941899, 1788725152.6086228]","[1, 2, 3, 1, 6, 3, 2, 2, 2, 2, 4, 2, 1, 6, 1, 2, 2, 1, 6, 2, 5, 6, 5, 2, 1, 6, 1, 2, 2, 2, 6, 4, 1, 1, 2, 1, 6, 4, 2, 1, 6, 3]"
User-011,0,trace_0694,1788725163.6336517,streaming,24258,686,686,0,378,195.1431381702423,342.23765802383423,0.21473652533371082,0.0,0,True,,1788724821.395853,1788725016.5389912,1788725163.633511,"[1788725016.5389912, 1788725017.1233332, 1788725017.7761438, 1788725018.4718738, 1788725019.2001233, 1788725019.9613912, 1788725020.751875, 1788725021.5766938, 1788725022.431419, 1788725023.2593029, 1788725023.8405032, 1788725024.4811423, 1788725025.1581857, 1788725025.862445, 1788725026.607064, 1788725027.3816504, 1788725028.1238823, 1788725028.7160304, 1788725029.3615203, 1788725030.0437152, 1788725030.7528443, 1788725031.498252, 1788725032.2744827, 1788725033.0891044, 1788725033.934461, 1788725034.624886, 1788725035.2238762, 1788725035.8816893, 1788725036.573751, 1788725037.2936158, 1788725038.0580971, 1788725038.8369825, 1788725039.5382373, 1788725040.1573558, 1788725040.8256705, 1788725041.5235481, 1788725042.2525673, 1788725043.0137303, 1788725043.807505, 1788725044.6405282, 1788725045.4920375, 1788725046.3899448, 1788725047.3124473, 1788725048.159984, 1788725048.744909, 1788725049.3917022, 1788725050.0721803, 1788725050.7831461, 1788725051.5282817, 1788725052.3045135, 1788725053.1159666, 1788725053.966917, 1788725054.8427591, 1788725055.757095, 1788725056.718373, 1788725057.7059586, 1788725058.5295446, 1788725059.1067863, 1788725059.7575762, 1788725060.4457664, 1788725061.1694336, 1788725061.9134338, 1788725062.695015, 1788725063.5131783, 1788725064.365937, 1788725065.2617574, 1788725066.189303, 1788725067.143623, 1788725067.7214422, 1788725068.36537, 1788725069.0372634, 1788725069.759715, 1788725070.512149, 1788725071.2981415, 1788725072.1238616, 1788725072.8377485, 1788725073.430831, 1788725074.1497648, 1788725074.7717643, 1788725075.4915545, 1788725076.239791, 1788725077.0257752, 1788725077.6762123, 1788725078.279348, 1788725078.9413075, 1788725079.6372366, 1788725080.3614056, 1788725081.1219075, 1788725081.9106777, 1788725082.7527838, 1788725083.6282864, 1788725084.5703301, 1788725085.1454732, 1788725085.7838006, 1788725086.4511902, 1788725087.1538048, 1788725087.883072, 1788725088.647154, 1788725089.4568176, 1788725090.3418865, 1788725091.0183356, 1788725091.6106994, 1788725092.2686427, 1788725092.9672205, 1788725093.6942163, 1788725094.4539297, 1788725095.2417624, 1788725096.0814617, 1788725096.9429722, 1788725097.8381624, 1788725098.7646132, 1788725099.721579, 1788725100.6254134, 1788725101.2057207, 1788725101.8530257, 1788725102.5292883, 1788725103.2583618, 1788725104.0199218, 1788725104.8127158, 1788725105.6370287, 1788725106.4939477, 1788725107.3801556, 1788725108.3072455, 1788725109.256961, 1788725109.9654186, 1788725110.5622525, 1788725111.2214859, 1788725111.9155338, 1788725112.6411057, 1788725113.4053366, 1788725114.187986, 1788725115.0266433, 1788725115.8984118, 1788725116.8103588, 1788725117.7468953, 1788725118.7110963, 1788725119.5672994, 1788725120.1397853, 1788725120.78865, 1788725121.4735975, 1788725122.186056, 1788725122.9311202, 1788725123.7095823, 1788725124.5261242, 1788725125.3755748, 1788725126.2602727, 1788725127.1800418, 1788725128.134674, 1788725129.1250727, 1788725129.9839015, 1788725130.590015, 1788725131.262892, 1788725131.9677246, 1788725132.7050297, 1788725133.471601, 1788725134.2695742, 1788725135.1018896, 1788725135.967817, 1788725136.865183, 1788725137.7993197, 1788725138.7590244, 1788725139.7448876, 1788725140.7222874, 1788725141.321525, 1788725141.9869304, 1788725142.6853333, 1788725143.412026, 1788725144.1695387, 1788725144.9623482, 1788725145.7825282, 1788725146.6423023, 1788725147.5373023, 1788725148.4578552, 1788725149.4106927, 1788725150.3897448, 1788725151.3609114, 1788725151.9382052, 1788725152.6052983, 1788725153.2973433, 1788725154.0273752, 1788725154.786861, 1788725155.5753167, 1788725156.3956609, 1788725157.2517378, 1788725158.14047, 1788725159.0592766, 1788725160.0086136, 1788725160.9882257, 1788725161.666361, 1788725162.2613845, 1788725162.9256606, 1788725163.629442]","[1, 1, 1, 4, 4, 4, 1, 1, 4, 1, 1, 2, 4, 1, 1, 2, 3, 1, 5, 2, 2, 6, 5, 2, 2, 5, 4, 1, 2, 3, 2, 1, 2, 1, 6, 4, 1, 4, 1, 5, 2, 3, 3, 2, 2, 1, 6, 6, 4, 6, 2, 5, 6, 1, 1, 5, 3, 1, 3, 1, 1, 6, 4, 1, 1, 6, 6, 4, 6, 4, 5, 4, 6, 2, 6, 6, 2, 6, 6, 4, 6, 6, 6, 4, 6, 4, 3, 1, 2, 6, 3, 2, 2, 3, 1, 2, 3, 6, 4, 3, 4, 3, 3, 6, 1, 1, 6, 5, 4, 6, 6, 1, 6, 3, 4, 2, 6, 6, 4, 1, 1, 3, 6, 1, 3, 6, 6, 4, 6, 4, 5, 1, 6, 5, 1, 6, 2, 3, 3, 1, 1, 6, 2, 4, 6, 6, 6, 3, 6, 4, 3, 6, 2, 1, 6, 3, 6, 1, 1, 6, 5, 1, 6, 4, 6, 6, 2, 6, 6, 4, 4, 6, 4, 6, 1, 6, 2, 4, 6, 1, 4, 6, 1, 6, 2, 2, 6, 6, 6, 2, 3, 1]"
User-071,0,trace_0673,1788725163.6341453,streaming,23858,315,315,0,372,260.36073541641235,339.42217803001404,0.25178803380127923,0.0,0,True,,1788724824.2116697,1788725084.572405,1788725163.6338477,"[1788725084.572405, 1788725085.1463811, 1788725085.7854354, 1788725086.4528818, 1788725087.155598, 1788725087.8847435, 1788725088.6487567, 1788725089.4590185, 1788725090.3426948, 1788725091.019957, 1788725091.6123421, 1788725092.2704906, 1788725092.9688888, 1788725093.6950388, 1788725094.4557667, 1788725095.2434564, 1788725096.0831254, 1788725096.9445765, 1788725097.8400028, 1788725098.7661653, 1788725099.723652, 1788725100.6273463, 1788725101.2075593, 1788725101.8547728, 1788725102.531045, 1788725103.2600408, 1788725104.0215514, 1788725104.8143916, 1788725105.6387944, 1788725106.4955986, 1788725107.3817966, 1788725108.3089101, 1788725109.2586796, 1788725109.9670622, 1788725110.5639455, 1788725111.2231343, 1788725111.9172976, 1788725112.6427739, 1788725113.4073272, 1788725114.1896312, 1788725115.0279553, 1788725115.9001508, 1788725116.8116844, 1788725117.7484167, 1788725118.7123828, 1788725119.5685892, 1788725120.1411047, 1788725120.7899387, 1788725121.4750144, 1788725122.187288, 1788725122.9323828, 1788725123.710886, 1788725124.5273967, 1788725125.3768475, 1788725126.2615824, 1788725127.1814177, 1788725128.1359916, 1788725129.1265848, 1788725129.9852984, 1788725130.5914996, 1788725131.2639983, 1788725131.969, 1788725132.706363, 1788725133.4729245, 1788725134.270948, 1788725135.103393, 1788725135.96908, 1788725136.8667915, 1788725137.8007867, 1788725138.7601967, 1788725139.7461355, 1788725140.723461, 1788725141.3226037, 1788725141.9880316, 1788725142.6858976, 1788725143.4137824, 1788725144.1706877, 1788725144.9635656, 1788725145.7836607, 1788725146.6433878, 1788725147.5383897, 1788725148.4593477, 1788725149.4119084, 1788725150.3909092, 1788725151.3618724, 1788725151.939844, 1788725152.6069603, 1788725153.298896, 1788725154.028894, 1788725154.7885592, 1788725155.5766325, 1788725156.397366, 1788725157.2534218, 1788725158.1421041, 1788725159.0610065, 1788725160.0094466, 1788725160.9900053, 1788725161.6680691, 1788725162.2630477, 1788725162.9273262, 1788725163.631516]","[1, 6, 4, 2, 1, 3, 2, 2, 1, 3, 2, 1, 1, 2, 3, 6, 1, 3, 4, 1, 2, 3, 3, 1, 3, 1, 6, 5, 4, 6, 3, 2, 1, 5, 1, 1, 4, 1, 4, 2, 1, 1, 1, 2, 6, 3, 1, 3, 1, 6, 3, 2, 2, 3, 3, 2, 1, 4, 3, 1, 1, 3, 6, 6, 3, 6, 3, 6, 1, 2, 2, 6, 3, 1, 6, 6, 1, 4, 6, 6, 2, 6, 6, 2, 1, 3, 6, 6, 6, 6, 3, 4, 6, 6, 6, 6, 1, 1, 1, 1, 2]"
User-045,6,trace_0729,1788725169.4838357,streaming,32356,108,108,500,2,317.5318477153778,346.2946357727051,0.2688111033395072,6.0,0,True,,1788724823.1890929,1788725140.7209406,1788725169.4837286,"[1788725140.7209406, 1788725141.3198748, 1788725141.9856145, 1788725142.6838255, 1788725143.4104877, 1788725144.167853, 1788725144.9607744, 1788725145.7808998, 1788725146.6406615, 1788725147.5357385, 1788725148.4564795, 1788725149.4088745, 1788725150.3880768, 1788725151.3599923, 1788725151.936623, 1788725152.6039202, 1788725153.2960625, 1788725154.0261064, 1788725154.785254, 1788725155.5734518, 1788725156.394106, 1788725157.2502716, 1788725158.1388743, 1788725159.0575645, 1788725160.006985, 1788725160.9866235, 1788725161.66399, 1788725162.2590709, 1788725162.9233837, 1788725163.627128, 1788725164.3735347, 1788725165.1357963, 1788725165.936991, 1788725166.7729878, 1788725167.64128, 1788725168.5421374, 1788725169.4784648]","[1, 3, 5, 2, 3, 3, 1, 1, 6, 1, 2, 3, 2, 1, 4, 1, 3, 1, 2, 2, 2, 1, 1, 6, 6, 6, 4, 6, 6, 4, 2, 1, 2, 2, 6, 2, 4]"
User-053,0,trace_0176,1788725180.821144,streaming,29936,291,291,0,467,278.55538392066956,358.74762177467346,0.27652495811725486,0.0,0,True,,1788724822.0734196,1788725100.6288035,1788725180.8210413,"[1788725100.6288035, 1788725101.2086914, 1788725101.8558364, 1788725102.532201, 1788725103.2610655, 1788725104.0225894, 1788725104.815519, 1788725105.6398509, 1788725106.4966948, 1788725107.382846, 1788725108.3100572, 1788725109.2598546, 1788725109.968192, 1788725110.5650232, 1788725111.2241478, 1788725111.918355, 1788725112.643955, 1788725113.4090393, 1788725114.1906967, 1788725115.029041, 1788725115.9012082, 1788725116.8127346, 1788725117.7489922, 1788725118.7134867, 1788725119.569703, 1788725120.142624, 1788725120.7910264, 1788725121.476081, 1788725122.1883981, 1788725122.9334521, 1788725123.7119174, 1788725124.528442, 1788725125.3779297, 1788725126.2626708, 1788725127.1825476, 1788725128.13709, 1788725129.1277552, 1788725129.9865456, 1788725130.5927172, 1788725131.2651184, 1788725131.9700549, 1788725132.7075498, 1788725133.473962, 1788725134.272017, 1788725135.1044803, 1788725135.9705799, 1788725136.8680627, 1788725137.8018682, 1788725138.761224, 1788725139.7476568, 1788725140.7245114, 1788725141.3236923, 1788725141.9891274, 1788725142.6864452, 1788725143.4149525, 1788725144.1717517, 1788725144.964682, 1788725145.7847147, 1788725146.6444247, 1788725147.5395133, 1788725148.4604666, 1788725149.4130015, 1788725150.3919475, 1788725151.362376, 1788725151.9413102, 1788725152.6080267, 1788725153.2999308, 1788725154.0299175, 1788725154.7897792, 1788725155.577503, 1788725156.3985498, 1788725157.2545397, 1788725158.143207, 1788725159.0621202, 1788725160.0099833, 1788725160.991143, 1788725161.6691434, 1788725162.2641096, 1788725162.9284554, 1788725163.6330261, 1788725164.377412, 1788725165.139832, 1788725165.9409745, 1788725166.7770615, 1788725167.6442049, 1788725168.5460167, 1788725169.4843483, 1788725170.058448, 1788725170.7213807, 1788725171.4141095, 1788725172.140101, 1788725172.8982933, 1788725173.6831589, 1788725174.5030687, 1788725175.352753, 1788725176.2426612, 1788725177.1698291, 1788725178.1193392, 1788725178.8890586, 1788725179.4755404, 1788725180.1281397, 1788725180.8202224]","[1, 6, 1, 3, 2, 5, 1, 1, 1, 2, 3, 3, 1, 3, 1, 2, 6, 3, 1, 6, 1, 3, 5, 6, 1, 3, 1, 1, 2, 4, 3, 3, 6, 1, 3, 6, 1, 1, 5, 2, 1, 6, 1, 4, 4, 4, 4, 2, 4, 2, 1, 1, 6, 3, 5, 5, 1, 2, 3, 5, 3, 1, 2, 4, 1, 6, 1, 3, 2, 2, 1, 2, 5, 6, 4, 6, 2, 4, 5, 6, 2, 1, 2, 2, 2, 1, 2, 1, 3, 6, 6, 1, 2, 3, 1, 1, 1, 2, 6, 4, 1, 1]"
User-052,6,trace_0594,1788725190.9803774,streaming,26424,73,73,403,2,346.00527787208557,367.50521969795227,0.2986103031370375,9.0,0,True,,1788724823.4750335,1788725169.4803114,1788725190.9802532,"[1788725169.4803114, 1788725170.0542004, 1788725170.7174668, 1788725171.410162, 1788725172.136287, 1788725172.8932397, 1788725173.6784186, 1788725174.4980998, 1788725175.3485591, 1788725176.2393823, 1788725177.1658952, 1788725178.115566, 1788725178.884727, 1788725179.471147, 1788725180.1237211, 1788725180.8154266, 1788725181.55243, 1788725182.3223913, 1788725183.1254723, 1788725183.9611516, 1788725184.8285453, 1788725185.726636, 1788725186.6597095, 1788725187.624785, 1788725188.275861, 1788725188.874312, 1788725189.5392761, 1788725190.2404637, 1788725190.9749079]","[1, 1, 4, 3, 4, 5, 2, 2, 3, 2, 2, 2, 2, 3, 4, 2, 5, 1, 1, 2, 3, 1, 1, 6, 2, 1, 2, 4, 2]"
User-015,7,trace_0687,1788725194.236943,streaming,31527,309,309,480,7,307.37863397598267,371.6322088241577,0.2086155027538151,11.0,0,True,,1788724822.6046598,1788725129.9832938,1788725194.2368686,"[1788725129.9832938, 1788725130.5890691, 1788725131.2621386, 1788725131.9667907, 1788725132.7041419, 1788725133.4705982, 1788725134.2684238, 1788725135.1006987, 1788725135.9670908, 1788725136.8642032, 1788725137.7944312, 1788725138.7582123, 1788725139.7440937, 1788725140.7215765, 1788725141.3208313, 1788725141.9863193, 1788725142.684936, 1788725143.411427, 1788725144.168828, 1788725144.961609, 1788725145.781833, 1788725146.6415935, 1788725147.5366156, 1788725148.4571955, 1788725149.410041, 1788725150.388986, 1788725151.360493, 1788725151.9374778, 1788725152.6047003, 1788725153.2966924, 1788725154.026709, 1788725154.7862175, 1788725155.574386, 1788725156.3949573, 1788725157.2510262, 1788725158.1397805, 1788725159.0585225, 1788725160.0081549, 1788725160.9874852, 1788725161.6657584, 1788725162.260787, 1788725162.9251113, 1788725163.6288033, 1788725164.3752084, 1788725165.1375713, 1788725165.9386394, 1788725166.7746947, 1788725167.6430426, 1788725168.5434914, 1788725169.4814923, 1788725170.0560937, 1788725170.719136, 1788725171.4118648, 1788725172.137915, 1788725172.8949633, 1788725173.6803312, 1788725174.500147, 1788725175.3504143, 1788725176.2407823, 1788725177.1675982, 1788725178.117159, 1788725178.8869593, 1788725179.4733894, 1788725180.1259532, 1788725180.8179948, 1788725181.5547988, 1788725182.3247104, 1788725183.12936, 1788725183.9632096, 1788725184.8303056, 1788725185.729081, 1788725186.6623814, 1788725187.6270466, 1788725188.277997, 1788725188.876792, 1788725189.5413184, 1788725190.2428274, 1788725190.9775708, 1788725191.736859, 1788725192.5344281, 1788725193.365786, 1788725194.235205]","[1, 1, 3, 6, 6, 4, 6, 1, 1, 1, 3, 2, 3, 4, 1, 6, 6, 4, 1, 2, 2, 6, 4, 1, 4, 5, 6, 6, 6, 6, 3, 4, 4, 1, 3, 6, 6, 6, 5, 6, 6, 2, 6, 4, 1, 6, 3, 1, 2, 2, 4, 2, 4, 2, 1, 3, 6, 2, 5, 4, 5, 6, 4, 2, 5, 5, 6, 6, 4, 6, 1, 4, 3, 2, 3, 6, 3, 5, 6, 3, 4, 2]"
User-060,23,trace_0527,1788725198.8725557,streaming,28226,79,79,428,2,355.3439464569092,375.33067893981934,0.2562401600373097,7.0,0,True,,1788724823.5417619,1788725178.8857083,1788725198.8724408,"[1788725178.8857083, 1788725179.4721165, 1788725180.1247003, 1788725180.8163524, 1788725181.5534472, 1788725182.3231359, 1788725183.126408, 1788725183.96199, 1788725184.8296132, 1788725185.7273405, 1788725186.6605372, 1788725187.6258373, 1788725188.276616, 1788725188.875123, 1788725189.540048, 1788725190.2411969, 1788725190.9758434, 1788725191.7352426, 1788725192.5329418, 1788725193.3643608, 1788725194.2336915, 1788725195.1332092, 1788725196.1172948, 1788725196.9643772, 1788725197.5436268, 1788725198.1848588, 1788725198.8672192]","[1, 6, 1, 2, 1, 2, 2, 3, 6, 5, 1, 4, 2, 1, 2, 1, 2, 5, 1, 6, 6, 4, 2, 2, 6, 2, 3]"
User-037,7,trace_0489,1788725218.8006208,streaming,31854,289,289,459,35,328.0985040664673,395.53739285469055,0.2341628082924419,50.0,0,True,,1788724823.2631197,1788725151.3616238,1788725218.8005126,"[1788725151.3616238, 1788725151.9393203, 1788725152.6064146, 1788725153.2983983, 1788725154.0283933, 1788725154.7879956, 1788725155.5762136, 1788725156.396795, 1788725157.2529051, 1788725158.1415694, 1788725159.0604668, 1788725160.0091777, 1788725160.9894419, 1788725161.6675205, 1788725162.262464, 1788725162.9267957, 1788725163.630919, 1788725164.3763275, 1788725165.1387691, 1788725165.9398625, 1788725166.7759602, 1788725167.6436408, 1788725168.5448766, 1788725169.4826858, 1788725170.0572946, 1788725170.7202978, 1788725171.4130204, 1788725172.1390257, 1788725172.896749, 1788725173.6820142, 1788725174.5015447, 1788725175.3516543, 1788725176.2420962, 1788725177.168736, 1788725178.1182466, 1788725178.8880062, 1788725179.4744644, 1788725180.127058, 1788725180.819103, 1788725181.555937, 1788725182.3258972, 1788725183.1305075, 1788725183.9642658, 1788725184.8309639, 1788725185.7304854, 1788725186.663563, 1788725187.6281805, 1788725188.2791257, 1788725188.87788, 1788725189.5424848, 1788725190.2440188, 1788725190.9786594, 1788725191.7379477, 1788725192.5350502, 1788725193.366962, 1788725194.2359781, 1788725195.1353567, 1788725196.1182485, 1788725196.967655, 1788725197.5463984, 1788725198.1875854, 1788725198.8704479, 1788725199.5761554, 1788725200.3408077, 1788725201.1350927, 1788725201.9603236, 1788725202.8200996, 1788725203.709589, 1788725204.63229, 1788725205.5872893, 1788725206.2878726, 1788725206.8829837, 1788725207.542147, 1788725208.2380111, 1788725208.961476, 1788725209.7189817, 1788725210.5126374, 1788725211.338408, 1788725212.209863, 1788725212.7875085, 1788725213.4259698, 1788725214.0952659, 1788725214.8005896, 1788725215.5382538, 1788725216.3070369, 1788725217.1151316, 1788725217.9539454, 1788725218.7980456]","[1, 1, 2, 1, 2, 2, 1, 2, 1, 1, 1, 2, 3, 1, 5, 1, 5, 5, 5, 2, 2, 1, 2, 3, 4, 5, 5, 2, 2, 3, 4, 1, 1, 2, 1, 4, 3, 1, 6, 6, 3, 6, 2, 4, 4, 6, 2, 4, 3, 2, 6, 3, 6, 5, 2, 2, 2, 5, 2, 2, 3, 2, 6, 1, 5, 4, 3, 5, 6, 6, 1, 4, 1, 6, 1, 6, 6, 2, 5, 6, 3, 6, 6, 6, 6, 6, 3, 1]"
User-050,2,trace_0243,1788725219.4060774,streaming,28641,156,156,377,38,364.6731209754944,395.79844903945923,0.2008085681546119,12.0,0,True,,1788724823.6074808,1788725188.2806017,1788725219.4059298,"[1788725188.2806017, 1788725188.8789806, 1788725189.5436494, 1788725190.2451813, 1788725190.9797778, 1788725191.7390463, 1788725192.5356088, 1788725193.368067, 1788725194.236527, 1788725195.1364162, 1788725196.1188157, 1788725196.9687326, 1788725197.5475628, 1788725198.1886468, 1788725198.8736904, 1788725199.577276, 1788725200.3419554, 1788725201.1362746, 1788725201.9614165, 1788725202.8211749, 1788725203.7107024, 1788725204.6334093, 1788725205.58838, 1788725206.2899928, 1788725206.8846006, 1788725207.5437307, 1788725208.2396848, 1788725208.9631565, 1788725209.7205954, 1788725210.514259, 1788725211.3400831, 1788725212.2115657, 1788725212.7890701, 1788725213.427554, 1788725214.0968244, 1788725214.802213, 1788725215.5398448, 1788725216.3087234, 1788725217.1167886, 1788725217.9556417, 1788725218.7999034, 1788725219.405119]","[1, 6, 1, 6, 6, 2, 1, 3, 3, 1, 4, 2, 6, 1, 1, 6, 6, 3, 2, 2, 2, 6, 4, 4, 5, 4, 5, 6, 5, 6, 2, 5, 4, 5, 6, 4, 1, 6, 5, 2, 4, 2]"
User-038,2,trace_0661,1788725220.7584333,streaming,30009,263,263,328,131,338.3306860923767,397.42393732070923,0.2255467604134829,14.0,0,True,,1788724823.3343916,1788725161.6650777,1788725220.758329,"[1788725161.6650777, 1788725162.2600553, 1788725162.9243624, 1788725163.628065, 1788725164.37447, 1788725165.1365638, 1788725165.9379473, 1788725166.7736852, 1788725167.64245, 1788725168.5429044, 1788725169.4809144, 1788725170.0550427, 1788725170.718407, 1788725171.4111447, 1788725172.1371968, 1788725172.8942094, 1788725173.6794517, 1788725174.499055, 1788725175.3496468, 1788725176.2400813, 1788725177.1668499, 1788725178.1164792, 1788725178.886342, 1788725179.4727457, 1788725180.1254013, 1788725180.8170447, 1788725181.554175, 1788725182.3237956, 1788725183.1287022, 1788725183.9626381, 1788725184.8300326, 1788725185.7279978, 1788725186.661759, 1788725187.6264465, 1788725188.2774205, 1788725188.876155, 1788725189.5407283, 1788725190.241861, 1788725190.9769495, 1788725191.7361615, 1788725192.5339785, 1788725193.3650863, 1788725194.234764, 1788725195.1341286, 1788725196.1177008, 1788725196.965012, 1788725197.5446033, 1788725198.1857564, 1788725198.8686364, 1788725199.5740778, 1788725200.3377073, 1788725201.1318033, 1788725201.9580395, 1788725202.8177145, 1788725203.7075703, 1788725204.6299586, 1788725205.5849273, 1788725206.2855892, 1788725206.8805249, 1788725207.5403013, 1788725208.2357185, 1788725208.958681, 1788725209.716606, 1788725210.5103705, 1788725211.3361514, 1788725212.2049348, 1788725212.7850447, 1788725213.4232113, 1788725214.0923407, 1788725214.7981222, 1788725215.5355678, 1788725216.304132, 1788725217.1118925, 1788725217.9507942, 1788725218.7943347, 1788725219.400654, 1788725220.0588715, 1788725220.7546306]","[1, 3, 6, 3, 1, 4, 3, 1, 5, 5, 2, 6, 3, 4, 1, 1, 3, 6, 1, 3, 6, 2, 6, 6, 3, 2, 2, 1, 1, 1, 1, 1, 6, 6, 3, 6, 3, 1, 6, 2, 4, 2, 1, 3, 3, 6, 6, 1, 3, 6, 4, 2, 2, 2, 6, 3, 6, 3, 6, 5, 1, 2, 6, 2, 3, 6, 6, 3, 2, 6, 1, 5, 6, 1, 1, 6, 2, 3]"
User-075,0,trace_0559,1788725264.484811,streaming,17686,177,177,0,276,397.1987159252167,437.8152356147766,0.2307756800543178,0.0,0,True,,1788724826.6694777,1788725223.8681936,1788725264.4847133,"[1788725223.8681936, 1788725224.4444456, 1788725225.076134, 1788725225.74367, 1788725226.4401906, 1788725227.1705387, 1788725227.937618, 1788725228.738694, 1788725229.4750216, 1788725230.06802, 1788725230.7185345, 1788725231.402745, 1788725232.1170778, 1788725232.867687, 1788725233.6520934, 1788725234.4712007, 1788725235.3267071, 1788725235.9065845, 1788725236.548134, 1788725237.217433, 1788725237.9217825, 1788725238.658227, 1788725239.425537, 1788725240.1964817, 1788725240.7813106, 1788725241.4870512, 1788725242.1041863, 1788725242.8110685, 1788725243.4608378, 1788725244.0678453, 1788725244.7235096, 1788725245.4163907, 1788725246.1362348, 1788725246.8912, 1788725247.65892, 1788725248.245269, 1788725248.8874078, 1788725249.562152, 1788725250.2719083, 1788725251.0116954, 1788725251.7845461, 1788725252.5888753, 1788725253.4307, 1788725254.2587802, 1788725254.839942, 1788725255.4867392, 1788725256.1650643, 1788725256.8761644, 1788725257.6182854, 1788725258.3910024, 1788725259.1987894, 1788725260.0424066, 1788725260.9207566, 1788725261.8273036, 1788725262.7799487, 1788725263.7663834, 1788725264.4818134]","[1, 3, 6, 2, 1, 2, 4, 2, 4, 1, 2, 2, 3, 4, 3, 3, 1, 3, 4, 2, 3, 3, 2, 2, 2, 5, 3, 3, 1, 6, 3, 6, 6, 1, 2, 2, 3, 3, 1, 1, 4, 1, 6, 1, 2, 6, 3, 3, 3, 4, 5, 5, 6, 3, 5, 6, 3]"
User-033,3,trace_0538,1788725269.8961842,streaming,11149,105,105,161,8,372.6451780796051,399.0795998573303,0.2541771324781271,10.0,0,True,,1788724870.8165202,1788725243.4616983,1788725269.89612,"[1788725243.4616983, 1788725244.0683947, 1788725244.724053, 1788725245.4169357, 1788725246.1367757, 1788725246.8917024, 1788725247.659519, 1788725248.245816, 1788725248.8879285, 1788725249.5626862, 1788725250.272395, 1788725251.012224, 1788725251.7851136, 1788725252.5893817, 1788725253.4312809, 1788725254.2592888, 1788725254.840463, 1788725255.4872973, 1788725256.1655939, 1788725256.876662, 1788725257.6188202, 1788725258.3915613, 1788725259.199342, 1788725260.0429819, 1788725260.9213061, 1788725261.8278384, 1788725262.7804906, 1788725263.7669868, 1788725264.4826689, 1788725265.0761423, 1788725265.7596195, 1788725266.4746892, 1788725267.220498, 1788725267.9777715, 1788725268.570078, 1788725269.2162225, 1788725269.8943188]","[1, 6, 6, 1, 1, 1, 1, 2, 2, 2, 1, 2, 1, 6, 1, 1, 3, 4, 2, 4, 6, 6, 2, 2, 3, 4, 6, 3, 3, 2, 3, 1, 4, 1, 6, 3, 2]"
User-073,0,trace_0203,1788725277.2316217,streaming,21461,301,301,0,334,387.23801136016846,452.2629110813141,0.2167496657371521,0.0,0,True,,1788724824.9686158,1788725212.2066271,1788725277.2315269,"[1788725212.2066271, 1788725212.7864215, 1788725213.4248965, 1788725214.0940826, 1788725214.7995455, 1788725215.5371797, 1788725216.3058584, 1788725217.1140282, 1788725217.9521303, 1788725218.7960143, 1788725219.4022276, 1788725220.0602472, 1788725220.7568314, 1788725221.479184, 1788725222.2352881, 1788725223.0216353, 1788725223.8647642, 1788725224.4410076, 1788725225.0729191, 1788725225.7398958, 1788725226.4371219, 1788725227.1672964, 1788725227.933993, 1788725228.7357907, 1788725229.4722471, 1788725230.0653512, 1788725230.715475, 1788725231.4000895, 1788725232.114223, 1788725232.86501, 1788725233.649287, 1788725234.4684873, 1788725235.3232176, 1788725235.9033606, 1788725236.541922, 1788725237.2142553, 1788725237.9185052, 1788725238.6549108, 1788725239.4222813, 1788725240.1921992, 1788725240.7774804, 1788725241.4853294, 1788725242.1002204, 1788725242.807347, 1788725243.4570775, 1788725244.0641131, 1788725244.719782, 1788725245.4125378, 1788725246.1323607, 1788725246.8869998, 1788725247.6549647, 1788725248.2412364, 1788725248.8834174, 1788725249.5582519, 1788725250.2679596, 1788725251.0077667, 1788725251.7802403, 1788725252.5849135, 1788725253.4265783, 1788725254.25403, 1788725254.83546, 1788725255.482132, 1788725256.16049, 1788725256.8717964, 1788725257.6137795, 1788725258.3861275, 1788725259.1940422, 1788725260.037498, 1788725260.914524, 1788725261.823093, 1788725262.7754934, 1788725263.7618396, 1788725264.4772708, 1788725265.071672, 1788725265.7542226, 1788725266.4699173, 1788725267.2157986, 1788725267.9704733, 1788725268.5651102, 1788725269.2112818, 1788725269.8894262, 1788725270.6000056, 1788725271.35841, 1788725272.1516354, 1788725272.9780393, 1788725273.8360786, 1788725274.5137212, 1788725275.1239338, 1788725275.7903664, 1788725276.4887285, 1788725277.2251937]","[1, 1, 1, 4, 4, 6, 1, 2, 1, 2, 2, 4, 2, 2, 1, 1, 5, 6, 2, 3, 2, 2, 1, 2, 1, 4, 2, 3, 5, 1, 6, 2, 1, 6, 4, 2, 1, 3, 4, 6, 3, 1, 1, 2, 1, 2, 1, 2, 3, 1, 1, 1, 3, 6, 6, 4, 4, 4, 6, 3, 4, 6, 5, 2, 5, 6, 6, 5, 1, 3, 2, 5, 2, 6, 6, 1, 4, 3, 3, 6, 3, 6, 6, 6, 6, 6, 6, 6, 6, 2, 3]"
User-046,2,trace_0334,1788725283.0185273,streaming,15785,132,132,249,246,374.2475218772888,409.6055555343628,0.2699086538707937,77.0,0,True,,1788724873.4128425,1788725247.6603644,1788725283.018398,"[1788725247.6603644, 1788725248.246336, 1788725248.8884487, 1788725249.5632281, 1788725250.2729, 1788725251.0127404, 1788725251.7856324, 1788725252.5899265, 1788725253.4317935, 1788725254.2598393, 1788725254.8409762, 1788725255.48784, 1788725256.1661205, 1788725256.8772023, 1788725257.6193678, 1788725258.3921578, 1788725259.1998734, 1788725260.0434973, 1788725260.921857, 1788725261.8283617, 1788725262.7810082, 1788725263.7675087, 1788725264.484104, 1788725265.0771875, 1788725265.7606997, 1788725266.4758077, 1788725267.2215953, 1788725267.9789076, 1788725268.5711477, 1788725269.2172747, 1788725269.8956656, 1788725270.605498, 1788725271.3641655, 1788725272.1568477, 1788725272.9836092, 1788725273.8415053, 1788725274.5192518, 1788725275.126677, 1788725275.7960773, 1788725276.494096, 1788725277.2310822, 1788725277.9885237, 1788725278.8024025, 1788725279.639679, 1788725280.2920668, 1788725280.906466, 1788725281.5738974, 1788725282.276717, 1788725283.0175757]","[1, 1, 1, 1, 1, 6, 2, 1, 2, 1, 2, 4, 5, 5, 6, 1, 2, 2, 4, 2, 1, 3, 2, 2, 3, 4, 1, 3, 1, 2, 1, 4, 6, 2, 4, 6, 1, 1, 4, 6, 1, 5, 5, 4, 1, 1, 1, 6, 1]"
User-078,0,trace_0366,1788725288.2157092,streaming,21632,133,133,0,337,361.2740042209625,395.2313747406006,0.257252806966955,0.0,0,True,,1788724892.98423,1788725254.2582343,1788725288.2156048,"[1788725254.2582343, 1788725254.8394256, 1788725255.4862113, 1788725256.1645434, 1788725256.8756394, 1788725257.6177793, 1788725258.3904939, 1788725259.1982648, 1788725260.041877, 1788725260.9202163, 1788725261.8267965, 1788725262.7794292, 1788725263.765811, 1788725264.481093, 1788725265.075577, 1788725265.7590868, 1788725266.474154, 1788725267.2199728, 1788725267.9772708, 1788725268.5695696, 1788725269.2156584, 1788725269.8938026, 1788725270.604427, 1788725271.3630488, 1788725272.1560159, 1788725272.982533, 1788725273.840466, 1788725274.5181537, 1788725275.1261227, 1788725275.7950127, 1788725276.4930255, 1788725277.2299986, 1788725277.9874852, 1788725278.8013182, 1788725279.6386604, 1788725280.2910204, 1788725280.9054017, 1788725281.5728831, 1788725282.2759445, 1788725283.016507, 1788725283.7947133, 1788725284.6090357, 1788725285.4533224, 1788725286.3269625, 1788725287.2590199, 1788725288.2142236]","[1, 2, 4, 4, 5, 1, 1, 1, 1, 2, 1, 1, 6, 5, 5, 3, 2, 2, 1, 2, 5, 2, 3, 5, 2, 2, 2, 4, 6, 3, 1, 3, 5, 3, 2, 2, 1, 3, 2, 4, 2, 3, 2, 5, 5, 6]"
User-076,0,trace_0634,1788725289.8975542,streaming,18489,258,258,0,288,402.7006027698517,463.1272132396698,0.23512299793703548,0.0,0,True,,1788724826.7702398,1788725229.4708426,1788725289.897453,"[1788725229.4708426, 1788725230.0640857, 1788725230.713592, 1788725231.3984108, 1788725232.1128354, 1788725232.863395, 1788725233.6470013, 1788725234.4668593, 1788725235.321549, 1788725235.9015963, 1788725236.540291, 1788725237.2129512, 1788725237.9167302, 1788725238.6532547, 1788725239.4206688, 1788725240.190428, 1788725240.7760744, 1788725241.48466, 1788725242.097988, 1788725242.805721, 1788725243.4554636, 1788725244.0627022, 1788725244.7181077, 1788725245.4108522, 1788725246.1307244, 1788725246.8853319, 1788725247.6532013, 1788725248.2395551, 1788725248.8817666, 1788725249.55662, 1788725250.265576, 1788725251.0060534, 1788725251.7785578, 1788725252.5832975, 1788725253.4247038, 1788725254.2524781, 1788725254.8336864, 1788725255.4803002, 1788725256.1590598, 1788725256.8700674, 1788725257.6120481, 1788725258.3838425, 1788725259.1919281, 1788725260.0357575, 1788725260.9128208, 1788725261.821676, 1788725262.7735906, 1788725263.7601464, 1788725264.4756212, 1788725265.0699375, 1788725265.752707, 1788725266.4679306, 1788725267.21352, 1788725267.9692168, 1788725268.5637758, 1788725269.2095747, 1788725269.8877542, 1788725270.5983615, 1788725271.356506, 1788725272.1495385, 1788725272.9763372, 1788725273.8343737, 1788725274.5112376, 1788725275.1219478, 1788725275.788086, 1788725276.4864297, 1788725277.2232242, 1788725277.981111, 1788725278.7928796, 1788725279.6325736, 1788725280.2845435, 1788725280.8984735, 1788725281.5663588, 1788725282.2696311, 1788725283.0084858, 1788725283.7875924, 1788725284.60233, 1788725285.4469464, 1788725286.3203216, 1788725287.2524958, 1788725288.2075727, 1788725289.1746604, 1788725289.8892384]","[1, 4, 2, 5, 1, 3, 3, 5, 2, 3, 4, 4, 2, 1, 3, 1, 2, 6, 4, 2, 2, 3, 1, 5, 4, 2, 5, 4, 4, 2, 3, 1, 2, 3, 4, 6, 1, 2, 6, 6, 2, 1, 3, 3, 5, 2, 6, 3, 1, 6, 6, 1, 1, 1, 3, 6, 5, 1, 1, 3, 3, 3, 2, 4, 1, 4, 2, 1, 1, 2, 1, 6, 1, 1, 2, 1, 6, 6, 6, 4, 6, 6, 5]"
User-077,0,trace_0202,1788725298.4027703,streaming,16793,226,226,0,262,375.30742168426514,433.5147035121918,0.2586990303463406,0.0,0,True,,1788724864.8879783,1788725240.1954,1788725298.4026818,"[1788725240.1954, 1788725240.7802742, 1788725241.4865568, 1788725242.1030724, 1788725242.8100033, 1788725243.4597948, 1788725244.066837, 1788725244.7224004, 1788725245.4152832, 1788725246.1351697, 1788725246.8900096, 1788725247.6577756, 1788725248.2441452, 1788725248.886367, 1788725249.561031, 1788725250.2707965, 1788725251.0106218, 1788725251.7833266, 1788725252.5877836, 1788725253.4295871, 1788725254.2567978, 1788725254.8382585, 1788725255.4851372, 1788725256.1634088, 1788725256.8745263, 1788725257.6166966, 1788725258.3892305, 1788725259.1970139, 1788725260.0406961, 1788725260.9190009, 1788725261.8257525, 1788725262.7783334, 1788725263.764744, 1788725264.4800415, 1788725265.0745113, 1788725265.7574947, 1788725266.4729455, 1788725267.218852, 1788725267.9761906, 1788725268.5685089, 1788725269.2144861, 1788725269.8927598, 1788725270.6033344, 1788725271.3618312, 1788725272.1549704, 1788725272.981402, 1788725273.8393083, 1788725274.517045, 1788725275.1254735, 1788725275.7939157, 1788725276.4919896, 1788725277.2289445, 1788725277.986332, 1788725278.7999787, 1788725279.6374955, 1788725280.2899654, 1788725280.904383, 1788725281.5718722, 1788725282.2749336, 1788725283.0152717, 1788725283.793681, 1788725284.6080008, 1788725285.4522705, 1788725286.3258715, 1788725287.2579474, 1788725288.2131505, 1788725289.180641, 1788725289.8951697, 1788725290.5222282, 1788725291.1842127, 1788725291.8832142, 1788725292.6157968, 1788725293.3784676, 1788725294.1748083, 1788725295.006791, 1788725295.714303, 1788725296.3142126, 1788725296.9747238, 1788725297.6655025, 1788725298.3993175]","[1, 1, 1, 4, 2, 6, 1, 2, 1, 4, 2, 3, 1, 2, 3, 2, 2, 6, 1, 2, 2, 2, 3, 6, 1, 1, 1, 6, 2, 6, 6, 3, 2, 1, 2, 6, 3, 1, 2, 1, 4, 2, 1, 3, 6, 2, 2, 2, 1, 1, 2, 1, 1, 3, 6, 4, 2, 1, 3, 6, 2, 2, 1, 1, 3, 6, 5, 5, 2, 4, 2, 2, 6, 6, 6, 3, 2, 3, 6, 2]"
User-039,3,trace_0220,1788725298.4024322,streaming,13434,120,120,447,4,353.3839542865753,383.8111913204193,0.25569106751129406,26.0,0,True,,1788724914.5911262,1788725267.9750805,1788725298.4023175,"[1788725267.9750805, 1788725268.5673444, 1788725269.213459, 1788725269.8916028, 1788725270.602209, 1788725271.3607817, 1788725272.1538754, 1788725272.980336, 1788725273.8382344, 1788725274.515958, 1788725275.1249514, 1788725275.7927864, 1788725276.4908273, 1788725277.2276568, 1788725277.985269, 1788725278.7988713, 1788725279.6362135, 1788725280.2888951, 1788725280.9031997, 1788725281.5707102, 1788725282.2737355, 1788725283.0140352, 1788725283.7925124, 1788725284.6068673, 1788725285.451206, 1788725286.324685, 1788725287.2569053, 1788725288.211983, 1788725289.1794465, 1788725289.894112, 1788725290.5207152, 1788725291.1830478, 1788725291.882612, 1788725292.6147485, 1788725293.377433, 1788725294.173756, 1788725295.005582, 1788725295.7132852, 1788725296.3130748, 1788725296.9735322, 1788725297.664409, 1788725298.3978946]","[1, 4, 3, 5, 2, 2, 1, 2, 5, 1, 4, 1, 3, 4, 3, 2, 6, 6, 6, 6, 1, 2, 2, 2, 4, 1, 1, 5, 3, 6, 3, 3, 1, 4, 2, 2, 1, 1, 2, 4, 1, 2]"
User-016,0,trace_0704,1788725303.4338794,streaming,22706,1173,1170,0,354,201.80420303344727,481.9772515296936,0.23966898930388908,0.0,0,True,,1788724821.4565108,1788725023.2607138,1788725303.4337623,"[1788725023.2607138, 1788725023.8416052, 1788725024.482162, 1788725025.159332, 1788725025.863529, 1788725026.6080608, 1788725027.382684, 1788725028.1249259, 1788725028.7170448, 1788725029.3625975, 1788725030.0447695, 1788725030.753896, 1788725031.502026, 1788725032.2756934, 1788725033.0902553, 1788725033.9355028, 1788725034.6259236, 1788725035.2249448, 1788725035.8827097, 1788725036.5749211, 1788725037.2946815, 1788725038.0591755, 1788725038.8380415, 1788725039.5401814, 1788725040.1589665, 1788725040.8273246, 1788725041.5250945, 1788725042.254128, 1788725043.015367, 1788725043.8090568, 1788725044.642248, 1788725045.4936864, 1788725046.392072, 1788725047.314124, 1788725048.1624646, 1788725048.7471502, 1788725049.3937733, 1788725050.0743942, 1788725050.7858777, 1788725051.530516, 1788725052.306764, 1788725053.1181312, 1788725053.9698482, 1788725054.8454764, 1788725055.7594905, 1788725056.7209313, 1788725057.70881, 1788725058.5326245, 1788725059.1094356, 1788725059.7609627, 1788725060.4489462, 1788725061.1723285, 1788725061.9161763, 1788725062.6977446, 1788725063.5160542, 1788725064.3687537, 1788725065.264867, 1788725066.1915176, 1788725067.1465867, 1788725067.7242348, 1788725068.3678923, 1788725069.0399108, 1788725069.7612898, 1788725070.5138104, 1788725071.2997763, 1788725072.1255386, 1788725072.8394132, 1788725073.4324436, 1788725074.1505826, 1788725074.7735426, 1788725075.4931543, 1788725076.241409, 1788725077.0274713, 1788725077.6778939, 1788725078.2809243, 1788725078.9430165, 1788725079.6389086, 1788725080.3631005, 1788725081.123689, 1788725081.9124284, 1788725082.7536361, 1788725083.6299238, 1788725084.5729127, 1788725085.1466382, 1788725085.7860131, 1788725086.4534924, 1788725087.156107, 1788725087.8852637, 1788725088.6492715, 1788725089.4595568, 1788725090.3429458, 1788725091.0204854, 1788725091.6128466, 1788725092.2712421, 1788725092.9693975, 1788725093.6952932, 1788725094.4562914, 1788725095.2440019, 1788725096.083646, 1788725096.9451396, 1788725097.8407924, 1788725098.7666693, 1788725099.7242517, 1788725100.6278799, 1788725101.2081335, 1788725101.8553026, 1788725102.531602, 1788725103.2605546, 1788725104.0220797, 1788725104.8149807, 1788725105.6393406, 1788725106.4961305, 1788725107.3823164, 1788725108.3094146, 1788725109.2592473, 1788725109.9676337, 1788725110.5644505, 1788725111.223635, 1788725111.9178374, 1788725112.6433945, 1788725113.4078565, 1788725114.1901574, 1788725115.028487, 1788725115.9006844, 1788725116.812223, 1788725117.7487056, 1788725118.7129421, 1788725119.56914, 1788725120.1419966, 1788725120.790485, 1788725121.4755557, 1788725122.1878436, 1788725122.9329324, 1788725123.7114067, 1788725124.5279233, 1788725125.377392, 1788725126.2621202, 1788725127.1819873, 1788725128.136525, 1788725129.1271968, 1788725129.9858253, 1788725130.592019, 1788725131.2645214, 1788725131.9695146, 1788725132.7069874, 1788725133.4734485, 1788725134.2714953, 1788725135.1039338, 1788725135.9696445, 1788725136.867554, 1788725137.8013334, 1788725138.7607145, 1788725139.7467043, 1788725140.7239993, 1788725141.323182, 1788725141.988599, 1788725142.6861668, 1788725143.4143775, 1788725144.1712365, 1788725144.9641256, 1788725145.7842007, 1788725146.6439137, 1788725147.5389905, 1788725148.459942, 1788725149.4124703, 1788725150.3914351, 1788725151.3621118, 1788725151.940385, 1788725152.6075118, 1788725153.299429, 1788725154.0293903, 1788725154.789225, 1788725155.5770946, 1788725156.3979785, 1788725157.253983, 1788725158.1426551, 1788725159.0615566, 1788725160.0097182, 1788725160.9905443, 1788725161.6686065, 1788725162.2635667, 1788725162.9278626, 1788725163.6323109, 1788725164.3768792, 1788725165.1393163, 1788725165.9404352, 1788725166.7765195, 1788725167.6439114, 1788725168.5454643, 1788725169.4832606, 1788725170.0578752, 1788725170.7208645, 1788725171.4135697, 1788725172.139567, 1788725172.8975518, 1788725173.6826034, 1788725174.50245, 1788725175.3521955, 1788725176.2423842, 1788725177.1692832, 1788725178.1187925, 1788725178.8885489, 1788725179.4750144, 1788725180.1275847, 1788725180.8196516, 1788725181.5565002, 1788725182.326446, 1788725183.1311233, 1788725183.9647803, 1788725184.8312392, 1788725185.7310772, 1788725186.6641316, 1788725187.628735, 1788725188.2797308, 1788725188.8783963, 1788725189.5430677, 1788725190.244602, 1788725190.9792402, 1788725191.7384875, 1788725192.5353384, 1788725193.367502, 1788725194.2362416, 1788725195.1358712, 1788725196.1185293, 1788725196.9681826, 1788725197.5470107, 1788725198.1881244, 1788725198.8730738, 1788725199.5767221, 1788725200.3414047, 1788725201.1357043, 1788725201.9608903, 1788725202.8206377, 1788725203.7101507, 1788725204.6328428, 1788725205.5878386, 1788725206.2894213, 1788725206.884085, 1788725207.5432005, 1788725208.2391334, 1788725208.9625487, 1788725209.720072, 1788725210.5137029, 1788725211.339552, 1788725212.210993, 1788725212.7885463, 1788725213.4270277, 1788725214.096304, 1788725214.8016686, 1788725215.539325, 1788725216.308197, 1788725217.1162512, 1788725217.9550636, 1788725218.7993753, 1788725219.4045434, 1788725220.0623503, 1788725220.7594652, 1788725221.481881, 1788725222.2379577, 1788725223.0244524, 1788725223.8671055, 1788725224.4438844, 1788725225.0755978, 1788725225.74306, 1788725226.439636, 1788725227.1699817, 1788725227.936975, 1788725228.7381518, 1788725229.4744592, 1788725230.067468, 1788725230.7179544, 1788725231.402221, 1788725232.1165054, 1788725232.8671854, 1788725233.6515653, 1788725234.4706228, 1788725235.3261762, 1788725235.9060705, 1788725236.547579, 1788725237.2169104, 1788725237.9212098, 1788725238.6576748, 1788725239.4249995, 1788725240.1959207, 1788725240.7807798, 1788725241.4868023, 1788725242.1036248, 1788725242.810511, 1788725243.4603274, 1788725244.067341, 1788725244.7229342, 1788725245.4158554, 1788725246.135717, 1788725246.8905594, 1788725247.6583571, 1788725248.2446566, 1788725248.8868854, 1788725249.5616188, 1788725250.2713718, 1788725251.011166, 1788725251.7839186, 1788725252.5883098, 1788725253.4301317, 1788725254.2573192, 1788725254.8387842, 1788725255.4856646, 1788725256.1639974, 1788725256.8750517, 1788725257.6172152, 1788725258.389929, 1788725259.1976883, 1788725260.0412369, 1788725260.9195614, 1788725261.826281, 1788725262.778869, 1788725263.7652688, 1788725264.480538, 1788725265.075031, 1788725265.7582664, 1788725266.4735982, 1788725267.2193782, 1788725267.9767435, 1788725268.5690234, 1788725269.2151034, 1788725269.8932688, 1788725270.6039279, 1788725271.3624942, 1788725272.1555185, 1788725272.9819965, 1788725273.8398921, 1788725274.517582, 1788725275.1257277, 1788725275.7944455, 1788725276.4925172, 1788725277.229468, 1788725277.9869285, 1788725278.8007748, 1788725279.6381104, 1788725280.2904947, 1788725280.9048896, 1788725281.5723717, 1788725282.2754648, 1788725283.015803, 1788725283.7942011, 1788725284.6085076, 1788725285.452779, 1788725286.3263793, 1788725287.2584658, 1788725288.2136912, 1788725289.1812048, 1788725289.895714, 1788725290.5228934, 1788725291.1847315, 1788725291.883476, 1788725292.6163032, 1788725293.379034, 1788725294.1754682, 1788725295.0074592, 1788725295.715729, 1788725296.3152962, 1788725296.9759579, 1788725297.6666348, 1788725298.400839, 1788725299.1522412, 1788725299.95431, 1788725300.7875397, 1788725301.4614468, 1788725302.0676446, 1788725302.730052, 1788725303.4307656]","[1, 6, 3, 1, 2, 1, 1, 2, 3, 2, 1, 1, 1, 2, 2, 1, 5, 2, 6, 5, 4, 3, 1, 3, 2, 1, 6, 4, 1, 3, 3, 6, 2, 1, 3, 2, 2, 1, 1, 4, 4, 1, 3, 6, 4, 5, 1, 1, 1, 6, 2, 6, 1, 5, 1, 6, 6, 1, 5, 6, 3, 1, 1, 4, 1, 1, 6, 6, 3, 3, 6, 3, 3, 1, 6, 6, 2, 4, 1, 5, 5, 1, 1, 1, 4, 1, 1, 6, 3, 6, 2, 4, 4, 2, 4, 6, 5, 1, 6, 2, 1, 4, 3, 1, 4, 2, 4, 3, 1, 4, 1, 2, 1, 6, 6, 5, 1, 3, 6, 6, 1, 2, 6, 2, 3, 6, 6, 5, 4, 2, 1, 6, 1, 1, 2, 4, 3, 4, 3, 2, 2, 2, 2, 6, 2, 3, 1, 4, 1, 1, 3, 2, 1, 1, 1, 1, 6, 3, 1, 6, 3, 2, 3, 3, 1, 3, 5, 6, 2, 2, 1, 1, 2, 6, 3, 2, 6, 6, 6, 2, 2, 5, 1, 1, 1, 1, 2, 6, 6, 4, 3, 1, 2, 3, 2, 1, 2, 1, 1, 3, 3, 1, 1, 1, 4, 2, 1, 2, 3, 6, 1, 3, 4, 6, 3, 5, 1, 3, 1, 2, 4, 5, 6, 3, 6, 3, 3, 5, 3, 1, 2, 1, 2, 6, 6, 3, 5, 1, 2, 4, 5, 1, 4, 6, 2, 4, 1, 2, 5, 2, 1, 4, 5, 2, 2, 2, 5, 1, 2, 3, 3, 6, 3, 4, 4, 5, 5, 2, 2, 5, 6, 2, 3, 1, 6, 5, 3, 1, 3, 6, 6, 6, 2, 5, 5, 2, 5, 1, 2, 1, 2, 6, 1, 6, 5, 2, 2, 3, 2, 4, 3, 4, 2, 6, 6, 4, 3, 5, 6, 6, 6, 6, 3, 3, 6, 2, 4, 4, 1, 1, 4, 2, 6, 6, 4, 1, 1, 2, 2, 6, 2, 3, 3, 2, 6, 6, 3, 5, 6, 2, 2, 3, 6, 1, 5, 6, 6, 6, 2, 1, 1, 2, 6, 1, 1, 4, 2, 6, 5, 3, 3, 1, 4, 4, 6, 5, 2, 1, 1, 2]"
User-004,1,trace_0629,1788725303.4344008,streaming,29164,66,66,286,169,352.6344609260559,366.17213106155396,0.20827184823843148,142.0,0,True,,1788724937.2621067,1788725289.8965676,1788725303.4342377,"[1788725289.8965676, 1788725290.5234256, 1788725291.185289, 1788725291.8837264, 1788725292.6167877, 1788725293.3796096, 1788725294.1759708, 1788725295.008027, 1788725295.7162783, 1788725296.315828, 1788725296.976485, 1788725297.667189, 1788725298.4013765, 1788725299.1527696, 1788725299.9545991, 1788725300.7882042, 1788725301.46195, 1788725302.0681515, 1788725302.730574, 1788725303.4319081]","[1, 4, 2, 6, 5, 2, 3, 3, 3, 2, 1, 3, 1, 6, 4, 2, 4, 6, 6, 2]"
User-079,0,trace_0269,1788725310.0541859,streaming,19105,107,107,0,298,345.9625198841095,375.7301321029663,0.2808265303665737,0.0,0,True,,1788724934.3237295,1788725280.2862494,1788725310.0538616,"[1788725280.2862494, 1788725280.9003615, 1788725281.567988, 1788725282.271099, 1788725283.0098503, 1788725283.7895527, 1788725284.6041143, 1788725285.4484317, 1788725286.3219507, 1788725287.2541454, 1788725288.2092474, 1788725289.1766162, 1788725289.8914614, 1788725290.5169582, 1788725291.1790566, 1788725291.8793879, 1788725292.611324, 1788725293.3736517, 1788725294.1699984, 1788725294.9993708, 1788725295.7095807, 1788725296.3087676, 1788725296.9694629, 1788725297.6603436, 1788725298.393872, 1788725299.1473618, 1788725299.9508934, 1788725300.7822099, 1788725301.4566016, 1788725302.0623796, 1788725302.7247057, 1788725303.4257493, 1788725304.151724, 1788725304.9248676, 1788725305.7341394, 1788725306.5754132, 1788725307.4513786, 1788725308.034591, 1788725308.6722753, 1788725309.3421721, 1788725310.0496433]","[1, 2, 4, 1, 5, 2, 3, 2, 4, 1, 5, 2, 2, 2, 4, 2, 3, 2, 1, 2, 1, 4, 3, 2, 4, 1, 1, 6, 2, 1, 6, 4, 4, 2, 1, 2, 1, 3, 6, 2, 1]"
User-043,1,trace_0052,1788725312.4046254,streaming,20257,158,158,236,80,345.6601700782776,383.5523805618286,0.24135165913089826,12.0,0,True,,1788724928.8521516,1788725274.5123217,1788725312.4045322,"[1788725274.5123217, 1788725275.1231115, 1788725275.7888114, 1788725276.4874487, 1788725277.223959, 1788725277.9820116, 1788725278.7935638, 1788725279.6332393, 1788725280.2851548, 1788725280.899287, 1788725281.5672882, 1788725282.270364, 1788725283.0091603, 1788725283.7882469, 1788725284.6030521, 1788725285.4476721, 1788725286.321248, 1788725287.2534385, 1788725288.2085135, 1788725289.175765, 1788725289.890515, 1788725290.5176795, 1788725291.1800537, 1788725291.880063, 1788725292.6120183, 1788725293.3745654, 1788725294.1708994, 1788725295.0000741, 1788725295.7102323, 1788725296.3098736, 1788725296.9701664, 1788725297.6611328, 1788725298.394897, 1788725299.1479883, 1788725299.9519215, 1788725300.7829835, 1788725301.4574134, 1788725302.0632067, 1788725302.7260034, 1788725303.4267554, 1788725304.1523633, 1788725304.9254766, 1788725305.734862, 1788725306.576063, 1788725307.4519913, 1788725308.0353148, 1788725308.6730077, 1788725309.3428543, 1788725310.0510917, 1788725310.7993467, 1788725311.581743, 1788725312.4002278]","[1, 1, 2, 5, 2, 3, 3, 1, 1, 6, 1, 4, 1, 2, 6, 3, 1, 3, 1, 5, 5, 3, 1, 6, 2, 6, 6, 6, 3, 4, 1, 6, 5, 4, 2, 5, 1, 5, 2, 3, 1, 1, 3, 6, 1, 4, 1, 3, 1, 3, 1, 5]"
User-003,1,trace_0714,1788725330.5499625,streaming,30150,283,283,342,128,370.15148520469666,436.2177402973175,0.23427750032844272,16.0,0,True,,1788724894.332101,1788725264.4835863,1788725330.5498414,"[1788725264.4835863, 1788725265.0766535, 1788725265.7601635, 1788725266.4752276, 1788725267.2210772, 1788725267.978299, 1788725268.5705864, 1788725269.2167356, 1788725269.8951476, 1788725270.6049495, 1788725271.3635974, 1788725272.1564367, 1788725272.9830945, 1788725273.8409884, 1788725274.5187097, 1788725275.1264036, 1788725275.7955236, 1788725276.49352, 1788725277.2304912, 1788725277.9879994, 1788725278.8018634, 1788725279.639175, 1788725280.2915347, 1788725280.9059057, 1788725281.5733848, 1788725282.2763166, 1788725283.017024, 1788725283.7952657, 1788725284.6095393, 1788725285.4538355, 1788725286.3274865, 1788725287.259542, 1788725288.2150593, 1788725289.1817381, 1788725289.897071, 1788725290.5239718, 1788725291.1858091, 1788725291.8840053, 1788725292.6172948, 1788725293.3801131, 1788725294.176478, 1788725295.0085876, 1788725295.7168138, 1788725296.3163471, 1788725296.9770076, 1788725297.6677525, 1788725298.4018826, 1788725299.153294, 1788725299.9549, 1788725300.7889438, 1788725301.4633574, 1788725302.069247, 1788725302.7316582, 1788725303.4332347, 1788725304.156733, 1788725304.929864, 1788725305.740049, 1788725306.5810745, 1788725307.4573274, 1788725308.0379257, 1788725308.6785135, 1788725309.34822, 1788725310.0567493, 1788725310.804362, 1788725311.5872815, 1788725312.4067156, 1788725313.2500532, 1788725314.0590348, 1788725314.6443338, 1788725315.2910805, 1788725315.9721885, 1788725316.6830049, 1788725317.4253483, 1788725318.0927536, 1788725318.6982985, 1788725319.3541176, 1788725320.0461867, 1788725320.769143, 1788725321.523127, 1788725322.3215766, 1788725322.9005008, 1788725323.5411167, 1788725324.2135375, 1788725324.9173486, 1788725325.655926, 1788725326.4254704, 1788725327.2302597, 1788725328.0695982, 1788725328.9455717, 1788725329.8598077, 1788725330.5489874]","[1, 3, 1, 4, 1, 4, 6, 2, 1, 6, 5, 2, 1, 3, 1, 6, 4, 6, 6, 3, 6, 4, 1, 5, 2, 3, 1, 2, 1, 3, 1, 4, 5, 6, 1, 3, 2, 1, 2, 6, 3, 5, 5, 4, 2, 5, 6, 6, 1, 5, 1, 1, 3, 6, 6, 2, 4, 1, 2, 2, 5, 2, 2, 2, 1, 1, 6, 3, 1, 2, 6, 5, 6, 3, 5, 4, 1, 1, 2, 2, 3, 2, 4, 1, 1, 1, 4, 1, 6, 3, 2]"
User-020,1,trace_0108,1788725334.0645785,streaming,19880,166,166,258,52,356.86153626441956,395.210786819458,0.23241970033356638,12.0,0,True,,1788724938.8536668,1788725295.715203,1788725334.0644536,"[1788725295.715203, 1788725296.3147655, 1788725296.9753954, 1788725297.666082, 1788725298.4002848, 1788725299.1509845, 1788725299.9537737, 1788725300.7862024, 1788725301.4604175, 1788725302.066561, 1788725302.7288868, 1788725303.4296656, 1788725304.1551168, 1788725304.9282808, 1788725305.7383628, 1788725306.5794268, 1788725307.4557643, 1788725308.0371516, 1788725308.676818, 1788725309.3465998, 1788725310.0552037, 1788725310.8028092, 1788725311.5857146, 1788725312.405094, 1788725313.2484381, 1788725314.0575056, 1788725314.642716, 1788725315.2895162, 1788725315.9702692, 1788725316.6813874, 1788725317.423666, 1788725318.091268, 1788725318.6966887, 1788725319.3524594, 1788725320.0445719, 1788725320.7675462, 1788725321.5215104, 1788725322.3190563, 1788725322.8983548, 1788725323.5389085, 1788725324.2114067, 1788725324.916314, 1788725325.6537814, 1788725326.423438, 1788725327.2281659, 1788725328.0675035, 1788725328.9433637, 1788725329.8576462, 1788725330.54688, 1788725331.1485443, 1788725331.8299985, 1788725332.545188, 1788725333.2849305, 1788725334.0618784]","[1, 1, 6, 4, 3, 3, 4, 2, 1, 6, 2, 4, 2, 1, 2, 2, 3, 6, 4, 6, 6, 1, 6, 5, 1, 1, 3, 2, 2, 2, 3, 6, 5, 4, 2, 1, 6, 6, 1, 6, 1, 1, 1, 1, 1, 3, 1, 2, 2, 6, 2, 6, 1, 6]"
User-007,1,trace_0398,1788725342.940909,streaming,13739,115,115,203,11,359.92749285697937,384.78084230422974,0.21801183725658216,45.0,0,True,,1788724958.159967,1788725318.0874598,1788725342.9408092,"[1788725318.0874598, 1788725318.6924498, 1788725319.348108, 1788725320.0402167, 1788725320.7629063, 1788725321.5171177, 1788725322.314852, 1788725322.8939185, 1788725323.5345051, 1788725324.2071252, 1788725324.9132147, 1788725325.649535, 1788725326.4193003, 1788725327.2237566, 1788725328.0633826, 1788725328.9389682, 1788725329.8532948, 1788725330.5416377, 1788725331.1434786, 1788725331.8253703, 1788725332.5406501, 1788725333.280372, 1788725334.0524983, 1788725334.8515165, 1788725335.6892376, 1788725336.292277, 1788725336.9533274, 1788725337.6436393, 1788725338.3656082, 1788725339.1141038, 1788725339.892792, 1788725340.7049608, 1788725341.5489993, 1788725342.340416, 1788725342.9335122]","[1, 6, 1, 6, 4, 4, 1, 1, 2, 3, 1, 3, 1, 2, 4, 3, 1, 4, 3, 6, 3, 6, 6, 3, 6, 6, 1, 2, 6, 1, 6, 3, 5, 3, 1]"
User-036,9,trace_0615,1788725354.1553671,streaming,28555,939,939,436,6,373.2924647331238,530.4816625118256,0.16757910210949017,70.0,0,True,,1788724823.6735935,1788725196.9660583,1788725354.155256,"[1788725196.9660583, 1788725197.5453062, 1788725198.1864493, 1788725198.8693233, 1788725199.5748854, 1788725200.3388555, 1788725201.1325316, 1788725201.9590366, 1788725202.8184068, 1788725203.7084618, 1788725204.6308854, 1788725205.5856395, 1788725206.2863142, 1788725206.881224, 1788725207.5409744, 1788725208.2364042, 1788725208.9600797, 1788725209.7173526, 1788725210.511354, 1788725211.3371482, 1788725212.2055936, 1788725212.785755, 1788725213.4241781, 1788725214.0930734, 1788725214.7988572, 1788725215.5364861, 1788725216.3049543, 1788725217.1131947, 1788725217.951456, 1788725218.795275, 1788725219.4016273, 1788725220.0595996, 1788725220.7561662, 1788725221.4783926, 1788725222.2345855, 1788725223.0209675, 1788725223.8639743, 1788725224.4403276, 1788725225.0721908, 1788725225.7391746, 1788725226.4362304, 1788725227.1665514, 1788725227.933218, 1788725228.735113, 1788725229.4715052, 1788725230.0647147, 1788725230.714379, 1788725231.39938, 1788725232.1135364, 1788725232.8643043, 1788725233.6484485, 1788725234.4677773, 1788725235.3224373, 1788725235.9024973, 1788725236.5412016, 1788725237.2136042, 1788725237.9178267, 1788725238.6541495, 1788725239.4215796, 1788725240.1911528, 1788725240.7769122, 1788725241.4850373, 1788725242.0995288, 1788725242.8066072, 1788725243.4563417, 1788725244.0635366, 1788725244.7190528, 1788725245.4118142, 1788725246.1316545, 1788725246.886121, 1788725247.6541157, 1788725248.2404578, 1788725248.8826783, 1788725249.5575345, 1788725250.267079, 1788725251.006975, 1788725251.7794704, 1788725252.5841944, 1788725253.42565, 1788725254.2532434, 1788725254.834679, 1788725255.4810495, 1788725256.1597838, 1788725256.871059, 1788725257.6127367, 1788725258.3854325, 1788725259.1931782, 1788725260.0367038, 1788725260.913796, 1788725261.8223155, 1788725262.7746727, 1788725263.761084, 1788725264.476666, 1788725265.0710447, 1788725265.7534833, 1788725266.4685879, 1788725267.2149007, 1788725267.9699028, 1788725268.5644233, 1788725269.2105505, 1788725269.888741, 1788725270.599288, 1788725271.357231, 1788725272.1507528, 1788725272.9772956, 1788725273.8353271, 1788725274.5131006, 1788725275.123662, 1788725275.7895594, 1788725276.4882014, 1788725277.2246478, 1788725277.9827232, 1788725278.794671, 1788725279.6339095, 1788725280.286787, 1788725280.90095, 1788725281.568549, 1788725282.2716246, 1788725283.0104508, 1788725283.7902343, 1788725284.604698, 1788725285.4489734, 1788725286.322511, 1788725287.2546754, 1788725288.2098246, 1788725289.1771832, 1788725289.8920183, 1788725290.5184252, 1788725291.1807778, 1788725291.8813396, 1788725292.612581, 1788725293.3753471, 1788725294.1716075, 1788725295.0008197, 1788725295.7110407, 1788725296.3108132, 1788725296.9708977, 1788725297.6619415, 1788725298.3956559, 1788725299.1486416, 1788725299.952643, 1788725300.783751, 1788725301.4581518, 1788725302.0643384, 1788725302.726584, 1788725303.4275281, 1788725304.1529741, 1788725304.9261107, 1788725305.7356029, 1788725306.577161, 1788725307.4536095, 1788725308.0360599, 1788725308.6746588, 1788725309.3444612, 1788725310.052252, 1788725310.8006074, 1788725311.5834708, 1788725312.4023418, 1788725313.24554, 1788725314.0554, 1788725314.6405652, 1788725315.2874415, 1788725315.9669561, 1788725316.6791337, 1788725317.4214952, 1788725318.089184, 1788725318.6944785, 1788725319.3502874, 1788725320.0424216, 1788725320.765318, 1788725321.5193086, 1788725322.3168693, 1788725322.8961453, 1788725323.5367498, 1788725324.2092686, 1788725324.915131, 1788725325.6517334, 1788725326.4212358, 1788725327.2259135, 1788725328.0651898, 1788725328.941074, 1788725329.8554773, 1788725330.5437694, 1788725331.1455913, 1788725331.827206, 1788725332.5424604, 1788725333.2821693, 1788725334.0543888, 1788725334.853356, 1788725335.6920645, 1788725336.294718, 1788725336.9558787, 1788725337.6459525, 1788725338.368035, 1788725339.1164918, 1788725339.895186, 1788725340.7077656, 1788725341.5515282, 1788725342.3429935, 1788725342.936293, 1788725343.603883, 1788725344.3033426, 1788725345.033257, 1788725345.7901304, 1788725346.577839, 1788725347.400222, 1788725348.1407874, 1788725348.7292373, 1788725349.3893237, 1788725350.0784132, 1788725350.801652, 1788725351.4454339, 1788725352.0598311, 1788725352.7230651, 1788725353.4192383, 1788725354.1502066]","[1, 1, 3, 6, 3, 2, 6, 5, 2, 2, 2, 4, 1, 5, 6, 1, 3, 1, 3, 4, 6, 4, 5, 3, 4, 6, 6, 6, 1, 6, 6, 1, 3, 5, 1, 1, 4, 2, 6, 6, 3, 5, 6, 6, 6, 1, 4, 3, 1, 2, 6, 6, 6, 6, 2, 3, 2, 3, 1, 3, 3, 6, 5, 3, 1, 3, 6, 4, 6, 6, 6, 6, 2, 5, 5, 5, 6, 6, 5, 6, 5, 3, 6, 6, 6, 3, 4, 6, 6, 6, 6, 6, 6, 6, 6, 4, 3, 3, 2, 1, 1, 1, 6, 6, 6, 4, 5, 2, 3, 1, 2, 3, 4, 6, 3, 3, 6, 6, 6, 6, 6, 6, 3, 5, 1, 1, 3, 6, 6, 6, 2, 4, 6, 6, 6, 6, 4, 6, 6, 2, 1, 6, 6, 6, 6, 6, 6, 6, 6, 6, 2, 6, 6, 6, 6, 6, 6, 5, 6, 1, 1, 6, 2, 3, 3, 4, 6, 3, 6, 2, 6, 5, 6, 6, 6, 6, 6, 5, 3, 3, 6, 6, 6, 6, 6, 1, 6, 6, 6, 4, 6, 4, 4, 1, 2, 6, 6, 6, 6, 2, 5, 6, 5, 2, 6, 6, 2, 1, 6, 6, 4, 1, 6, 6, 4, 6]"
User-047,13,trace_0228,1788725356.5634947,streaming,27800,1367,1364,384,13,243.09244203567505,532.5102508068085,0.21233881788050873,16.0,0,True,,1788724824.0531108,1788725067.1455529,1788725356.5633616,"[1788725067.1455529, 1788725067.7231605, 1788725068.3670943, 1788725069.0393343, 1788725069.7607892, 1788725070.5132577, 1788725071.2992465, 1788725072.124977, 1788725072.8388731, 1788725073.4319184, 1788725074.1503296, 1788725074.772888, 1788725075.4926355, 1788725076.2409015, 1788725077.026928, 1788725077.6773279, 1788725078.280408, 1788725078.9424598, 1788725079.6383593, 1788725080.3625097, 1788725081.1229875, 1788725081.9118226, 1788725082.7533765, 1788725083.6293988, 1788725084.5714593, 1788725085.1461217, 1788725085.7849014, 1788725086.4522908, 1788725087.15502, 1788725087.8841653, 1788725088.648237, 1788725089.4584205, 1788725090.342443, 1788725091.0194378, 1788725091.6118326, 1788725092.2698948, 1788725092.9683287, 1788725093.694779, 1788725094.4551678, 1788725095.2429261, 1788725096.08257, 1788725096.9440444, 1788725097.8392518, 1788725098.7656684, 1788725099.7227018, 1788725100.626791, 1788725101.206965, 1788725101.8541737, 1788725102.5304484, 1788725103.2594998, 1788725104.0210245, 1788725104.813878, 1788725105.638201, 1788725106.4950576, 1788725107.381265, 1788725108.3083777, 1788725109.2581127, 1788725109.966527, 1788725110.5634208, 1788725111.2225895, 1788725111.9167328, 1788725112.6422086, 1788725113.4067273, 1788725114.1890328, 1788725115.0273836, 1788725115.8995216, 1788725116.81114, 1788725117.7480795, 1788725118.7118273, 1788725119.568043, 1788725120.1405115, 1788725120.7893808, 1788725121.4743958, 1788725122.1867235, 1788725122.9318323, 1788725123.7102973, 1788725124.5268621, 1788725125.3762934, 1788725126.2609959, 1788725127.1808095, 1788725128.1354074, 1788725129.1259992, 1788725129.984584, 1788725130.5907216, 1788725131.2634532, 1788725131.968443, 1788725132.7057443, 1788725133.4723246, 1788725134.2703257, 1788725135.102818, 1788725135.968529, 1788725136.865932, 1788725137.8001707, 1788725138.7596111, 1788725139.745561, 1788725140.722895, 1788725141.3220828, 1788725141.9875019, 1788725142.6856248, 1788725143.4131165, 1788725144.1701114, 1788725144.9629848, 1788725145.7831132, 1788725146.6428702, 1788725147.537846, 1788725148.4584482, 1788725149.4113503, 1788725150.3903074, 1788725151.3611834, 1788725151.938781, 1788725152.6058688, 1788725153.2978606, 1788725154.027873, 1788725154.7874563, 1788725155.5757906, 1788725156.3962083, 1788725157.2523303, 1788725158.1410265, 1788725159.0598543, 1788725160.0089104, 1788725160.9888527, 1788725161.6669586, 1788725162.2619133, 1788725162.9262087, 1788725163.6302936, 1788725164.3757834, 1788725165.1381457, 1788725165.9392977, 1788725166.775363, 1788725167.643325, 1788725168.544221, 1788725169.4820888, 1788725170.056724, 1788725170.7197146, 1788725171.4124346, 1788725172.1384478, 1788725172.8959181, 1788725173.6810677, 1788725174.5008686, 1788725175.3510497, 1788725176.2417474, 1788725177.1681745, 1788725178.117701, 1788725178.8874867, 1788725179.4739354, 1788725180.1264842, 1788725180.8185337, 1788725181.5553756, 1788725182.3253577, 1788725183.129942, 1788725183.9637632, 1788725184.8306375, 1788725185.729694, 1788725186.662993, 1788725187.6275997, 1788725188.2785482, 1788725188.8773506, 1788725189.5419128, 1788725190.2434568, 1788725190.9781268, 1788725191.737409, 1788725192.5347805, 1788725193.3663719, 1788725194.2356641, 1788725195.1348224, 1788725196.1179907, 1788725196.9665976, 1788725197.545859, 1788725198.187042, 1788725198.869903, 1788725199.575561, 1788725200.340061, 1788725201.1343596, 1788725201.9597678, 1788725202.8194916, 1788725203.7090368, 1788725204.6316798, 1788725205.5866368, 1788725206.286984, 1788725206.8823242, 1788725207.541625, 1788725208.2373726, 1788725208.960878, 1788725209.7183266, 1788725210.5120726, 1788725211.3378549, 1788725212.209221, 1788725212.786976, 1788725213.4254344, 1788725214.0946822, 1788725214.8000848, 1788725215.537735, 1788725216.3064415, 1788725217.1145644, 1788725217.9532478, 1788725218.7965536, 1788725219.4028177, 1788725220.060791, 1788725220.7573836, 1788725221.4802256, 1788725222.2362628, 1788725223.0222836, 1788725223.8653417, 1788725224.4421108, 1788725225.0739202, 1788725225.7411568, 1788725226.4379375, 1788725227.1682935, 1788725227.9346464, 1788725228.7364154, 1788725229.4728098, 1788725230.0658834, 1788725230.7162125, 1788725231.4006429, 1788725232.1148703, 1788725232.865557, 1788725233.6498713, 1788725234.4690266, 1788725235.3237584, 1788725235.9039247, 1788725236.5424762, 1788725237.2148218, 1788725237.919063, 1788725238.655504, 1788725239.4228733, 1788725240.1928203, 1788725240.7780302, 1788725241.485587, 1788725242.100778, 1788725242.8078914, 1788725243.4576254, 1788725244.0646415, 1788725244.720324, 1788725245.4130847, 1788725246.1329064, 1788725246.8875237, 1788725247.6555033, 1788725248.241816, 1788725248.883993, 1788725249.558861, 1788725250.2685704, 1788725251.0083597, 1788725251.7809708, 1788725252.5854652, 1788725253.4273863, 1788725254.254584, 1788725254.8360245, 1788725255.4827664, 1788725256.1610825, 1788725256.872353, 1788725257.6143909, 1788725258.3867137, 1788725259.1946995, 1788725260.0380697, 1788725260.9165804, 1788725261.8236427, 1788725262.7760582, 1788725263.7624075, 1788725264.477817, 1788725265.0722618, 1788725265.7548308, 1788725266.4705517, 1788725267.2164068, 1788725267.9729328, 1788725268.5656505, 1788725269.2118611, 1788725269.8899763, 1788725270.600587, 1788725271.3591642, 1788725272.1522171, 1788725272.9786196, 1788725273.8366272, 1788725274.514291, 1788725275.1242101, 1788725275.7911417, 1788725276.4892557, 1788725277.2260194, 1788725277.983999, 1788725278.7976556, 1788725279.6350174, 1788725280.2878382, 1788725280.9020467, 1788725281.569641, 1788725282.2726877, 1788725283.0127172, 1788725283.7914433, 1788725284.605782, 1788725285.4500673, 1788725286.32361, 1788725287.2557807, 1788725288.2108984, 1788725289.1782908, 1788725289.8930595, 1788725290.5196211, 1788725291.1819217, 1788725291.8820345, 1788725292.613599, 1788725293.3764205, 1788725294.1726704, 1788725295.002355, 1788725295.7121918, 1788725296.3119802, 1788725296.972016, 1788725297.6632273, 1788725298.3967822, 1788725299.1497245, 1788725299.9532151, 1788725300.7848725, 1788725301.4593225, 1788725302.0655148, 1788725302.7277503, 1788725303.4286175, 1788725304.1540568, 1788725304.9272444, 1788725305.7371817, 1788725306.5783405, 1788725307.4546463, 1788725308.0366142, 1788725308.6757958, 1788725309.3455439, 1788725310.0533526, 1788725310.8016877, 1788725311.5846467, 1788725312.4035077, 1788725313.247287, 1788725314.056472, 1788725314.6416602, 1788725315.2885053, 1788725315.9688842, 1788725316.6802638, 1788725317.4225552, 1788725318.0901988, 1788725318.695607, 1788725319.351379, 1788725320.0435143, 1788725320.7664008, 1788725321.5204685, 1788725322.3179195, 1788725322.897199, 1788725323.5378294, 1788725324.2102976, 1788725324.915685, 1788725325.6527889, 1788725326.4223547, 1788725327.2270262, 1788725328.066365, 1788725328.9422, 1788725329.8565516, 1788725330.545776, 1788725331.1473987, 1788725331.8288157, 1788725332.544046, 1788725333.2838175, 1788725334.0606, 1788725334.855209, 1788725335.6936653, 1788725336.2964685, 1788725336.9575067, 1788725337.647594, 1788725338.3696718, 1788725339.1180754, 1788725339.8967838, 1788725340.7094674, 1788725341.5533066, 1788725342.3447075, 1788725342.9379458, 1788725343.6057231, 1788725344.3049872, 1788725345.034895, 1788725345.7917216, 1788725346.5795784, 1788725347.4020789, 1788725348.142293, 1788725348.730907, 1788725349.3911448, 1788725350.0802708, 1788725350.8033001, 1788725351.4478133, 1788725352.061989, 1788725352.7252913, 1788725353.4215064, 1788725354.152652, 1788725354.9078712, 1788725355.7123935, 1788725356.5602643]","[1, 2, 5, 6, 2, 4, 1, 5, 6, 1, 2, 5, 1, 2, 6, 6, 1, 1, 4, 6, 3, 3, 2, 3, 2, 2, 1, 2, 6, 5, 2, 1, 1, 2, 1, 6, 5, 1, 3, 3, 1, 5, 6, 1, 3, 6, 2, 6, 2, 6, 1, 2, 4, 4, 6, 1, 3, 2, 4, 1, 3, 2, 3, 2, 6, 6, 1, 1, 1, 1, 6, 3, 4, 2, 2, 3, 1, 2, 2, 6, 6, 4, 2, 2, 3, 6, 6, 6, 5, 2, 1, 6, 6, 5, 2, 3, 2, 2, 2, 4, 6, 4, 4, 1, 2, 3, 2, 6, 6, 4, 6, 6, 2, 2, 1, 1, 5, 1, 6, 1, 6, 3, 2, 4, 6, 4, 6, 5, 6, 5, 1, 4, 5, 6, 6, 4, 4, 6, 1, 5, 2, 6, 3, 6, 3, 6, 5, 4, 1, 1, 1, 6, 6, 5, 5, 1, 1, 3, 2, 2, 6, 1, 4, 6, 1, 1, 2, 4, 6, 6, 5, 6, 4, 2, 5, 6, 5, 3, 6, 4, 1, 6, 3, 3, 3, 2, 6, 2, 2, 2, 1, 1, 4, 1, 6, 6, 6, 1, 1, 2, 2, 6, 3, 1, 1, 1, 2, 3, 4, 3, 4, 2, 6, 5, 6, 6, 6, 4, 3, 5, 2, 2, 2, 6, 4, 5, 2, 3, 3, 3, 3, 1, 2, 3, 6, 6, 2, 6, 6, 2, 3, 5, 6, 3, 4, 6, 6, 1, 3, 6, 2, 1, 3, 6, 6, 6, 6, 4, 3, 6, 6, 1, 6, 6, 5, 5, 6, 6, 2, 4, 6, 1, 1, 1, 1, 2, 5, 1, 3, 6, 4, 6, 2, 1, 5, 2, 1, 3, 2, 4, 6, 4, 5, 1, 2, 1, 2, 2, 5, 1, 5, 1, 2, 1, 6, 6, 4, 1, 1, 2, 2, 1, 1, 3, 2, 1, 4, 4, 1, 1, 2, 1, 4, 4, 4, 1, 1, 1, 6, 6, 6, 4, 3, 4, 3, 6, 3, 3, 6, 6, 2, 6, 1, 6, 4, 6, 4, 6, 2, 5, 1, 3, 1, 1, 3, 2, 6, 2, 6, 6, 4, 3, 1, 6, 5, 1, 5, 5, 6, 3, 6, 6, 6, 6, 2, 6, 5, 6, 6, 6, 6, 4, 6, 6, 3]"
User-080,0,trace_0725,1788725358.3392372,streaming,19001,267,267,0,296,359.2665011882782,416.1428105831146,0.21382071201066324,0.0,0,True,,1788724942.196324,1788725301.4628253,1788725358.3391347,"[1788725301.4628253, 1788725302.068685, 1788725302.7311294, 1788725303.4326928, 1788725304.1562178, 1788725304.9293535, 1788725305.7394774, 1788725306.580499, 1788725307.4568028, 1788725308.037669, 1788725308.677989, 1788725309.3477116, 1788725310.0562406, 1788725310.8038318, 1788725311.5867662, 1788725312.4061975, 1788725313.2495177, 1788725314.0585148, 1788725314.6437902, 1788725315.2905347, 1788725315.9716067, 1788725316.682463, 1788725317.4247167, 1788725318.0922582, 1788725318.697768, 1788725319.35359, 1788725320.045671, 1788725320.7686105, 1788725321.522595, 1788725322.320978, 1788725322.899979, 1788725323.5405967, 1788725324.213018, 1788725324.917098, 1788725325.6554122, 1788725326.4249613, 1788725327.2297404, 1788725328.0690703, 1788725328.9450374, 1788725329.8592956, 1788725330.5484428, 1788725331.1502373, 1788725331.8316157, 1788725332.5467849, 1788725333.2864928, 1788725334.0638576, 1788725334.8573883, 1788725335.6959226, 1788725336.298592, 1788725336.9595306, 1788725337.6499214, 1788725338.3718932, 1788725339.1202843, 1788725339.898988, 1788725340.7146149, 1788725341.5556784, 1788725342.34684, 1788725342.9401917, 1788725343.6078143, 1788725344.3071504, 1788725345.0371153, 1788725345.793887, 1788725346.5819588, 1788725347.404303, 1788725348.144548, 1788725348.7330525, 1788725349.3932045, 1788725350.082392, 1788725350.8053496, 1788725351.4499342, 1788725352.0640101, 1788725352.7273655, 1788725353.4235225, 1788725354.1546667, 1788725354.9100022, 1788725355.714518, 1788725356.5628097, 1788725357.4346936, 1788725358.3377123]","[1, 1, 1, 4, 4, 6, 4, 4, 4, 2, 2, 1, 1, 6, 3, 4, 3, 2, 2, 1, 2, 1, 4, 2, 3, 5, 1, 6, 2, 6, 5, 2, 1, 2, 2, 1, 3, 6, 2, 3, 2, 5, 2, 6, 3, 6, 6, 6, 4, 2, 2, 1, 1, 6, 3, 2, 6, 6, 6, 1, 3, 2, 4, 1, 6, 5, 6, 1, 4, 4, 6, 5, 2, 6, 6, 4, 1, 6, 4]"
User-083,0,trace_0263,1788725358.338885,streaming,18763,101,101,0,292,369.1198446750641,391.76678800582886,0.2264694333076477,0.0,0,True,,1788724966.571702,1788725335.6915467,1788725358.33849,"[1788725335.6915467, 1788725336.294166, 1788725336.9552326, 1788725337.6454313, 1788725338.3675208, 1788725339.115974, 1788725339.8946195, 1788725340.7070866, 1788725341.5509934, 1788725342.3424764, 1788725342.935539, 1788725343.6033409, 1788725344.302824, 1788725345.0327148, 1788725345.7895682, 1788725346.5773165, 1788725347.3996866, 1788725348.14026, 1788725348.7287126, 1788725349.3866768, 1788725350.0778775, 1788725350.8011334, 1788725351.4449413, 1788725352.0592968, 1788725352.722514, 1788725353.4186556, 1788725354.149664, 1788725354.9056299, 1788725355.7101316, 1788725356.5578434, 1788725357.4308743, 1788725358.3337705]","[1, 6, 1, 3, 2, 1, 3, 2, 2, 1, 4, 2, 2, 5, 6, 1, 1, 1, 3, 3, 2, 6, 4, 5, 5, 6, 3, 6, 4, 6, 3, 1]"
User-017,3,trace_0726,1788725365.1804118,streaming,21132,112,112,320,2,360.0415713787079,382.88207626342773,0.2057703142767554,6.0,0,True,,1788724982.2982082,1788725342.3397796,1788725365.1802845,"[1788725342.3397796, 1788725342.9327023, 1788725343.6011133, 1788725344.3009408, 1788725345.0308928, 1788725345.7877386, 1788725346.5754757, 1788725347.3975875, 1788725348.1374762, 1788725348.7263758, 1788725349.3843224, 1788725350.0755117, 1788725350.798716, 1788725351.4425466, 1788725352.0568814, 1788725352.720117, 1788725353.4162304, 1788725354.147272, 1788725354.9031706, 1788725355.707718, 1788725356.553181, 1788725357.4284258, 1788725358.3313084, 1788725359.2538466, 1788725360.1106248, 1788725360.7133873, 1788725361.3788202, 1788725362.073826, 1788725362.8014345, 1788725363.5624833, 1788725364.3527708, 1788725365.1755311]","[1, 3, 3, 1, 4, 3, 2, 6, 6, 4, 5, 1, 6, 2, 6, 2, 2, 1, 6, 6, 6, 6, 1, 1, 1, 3, 3, 2, 6, 6, 6, 1]"
User-072,1,trace_0015,1788725367.282594,streaming,15934,208,208,240,8,363.95584321022034,408.91788363456726,0.21720792475529915,25.0,0,True,,1788724958.3646128,1788725322.320456,1788725367.2824965,"[1788725322.320456, 1788725322.8994348, 1788725323.5400808, 1788725324.2125044, 1788725324.9168344, 1788725325.654906, 1788725326.4244626, 1788725327.2292101, 1788725328.0685537, 1788725328.9445088, 1788725329.8587837, 1788725330.5479298, 1788725331.1496713, 1788725331.8310683, 1788725332.5462358, 1788725333.2859304, 1788725334.0633175, 1788725334.856838, 1788725335.6952481, 1788725336.2980442, 1788725336.9591322, 1788725337.6493433, 1788725338.3713799, 1788725339.1197622, 1788725339.8984232, 1788725340.7140408, 1788725341.555071, 1788725342.3463125, 1788725342.9396112, 1788725343.6073751, 1788725344.3065627, 1788725345.0366056, 1788725345.7933328, 1788725346.5814009, 1788725347.403771, 1788725348.1439838, 1788725348.732512, 1788725349.3926263, 1788725350.0818489, 1788725350.8047845, 1788725351.4494095, 1788725352.0634818, 1788725352.7268536, 1788725353.4229858, 1788725354.1541696, 1788725354.9094584, 1788725355.7139783, 1788725356.5622084, 1788725357.4341354, 1788725358.3371794, 1788725359.2592237, 1788725360.1167696, 1788725360.7193449, 1788725361.3846776, 1788725362.0794466, 1788725362.8070252, 1788725363.5680025, 1788725364.3591332, 1788725365.1819549, 1788725366.03786, 1788725366.627379, 1788725367.2816784]","[1, 3, 1, 1, 2, 2, 1, 3, 2, 1, 1, 2, 6, 6, 2, 6, 1, 1, 6, 5, 1, 6, 3, 4, 6, 3, 4, 3, 3, 4, 4, 3, 6, 6, 1, 6, 6, 6, 6, 6, 6, 6, 1, 2, 1, 5, 6, 2, 4, 2, 4, 1, 1, 1, 4, 1, 3, 6, 2, 1, 6, 3]"
User-081,0,trace_0572,1788725382.8471704,streaming,21239,279,279,0,331,360.2259500026703,435.61992597579956,0.2712013524213283,0.0,0,True,,1788724947.2271116,1788725307.4530616,1788725382.8470376,"[1788725307.4530616, 1788725308.0356367, 1788725308.673992, 1788725309.3438683, 1788725310.0516987, 1788725310.799983, 1788725311.5824296, 1788725312.4016883, 1788725313.244851, 1788725314.0536938, 1788725314.638883, 1788725315.2857733, 1788725315.9654546, 1788725316.6774776, 1788725317.4201252, 1788725318.0880446, 1788725318.693168, 1788725319.349045, 1788725320.0411403, 1788725320.7636838, 1788725321.518133, 1788725322.3157554, 1788725322.8950024, 1788725323.535441, 1788725324.2080207, 1788725324.9143353, 1788725325.6504543, 1788725326.4200006, 1788725327.224768, 1788725328.0640984, 1788725328.9397435, 1788725329.8541849, 1788725330.5424016, 1788725331.1444175, 1788725331.8260107, 1788725332.541294, 1788725333.2810218, 1788725334.0531933, 1788725334.852252, 1788725335.689951, 1788725336.2929442, 1788725336.9540927, 1788725337.6442587, 1788725338.3662407, 1788725339.1147542, 1788725339.8934512, 1788725340.7058566, 1788725341.5497196, 1788725342.3412046, 1788725342.9343514, 1788725343.6021106, 1788725344.3015769, 1788725345.031539, 1788725345.7883809, 1788725346.576106, 1788725347.398502, 1788725348.1392012, 1788725348.7276764, 1788725349.3856533, 1788725350.0768027, 1788725350.8000822, 1788725351.4439228, 1788725352.0581563, 1788725352.72141, 1788725353.417532, 1788725354.1485372, 1788725354.904576, 1788725355.7090547, 1788725356.5544953, 1788725357.4297605, 1788725358.3325653, 1788725359.255259, 1788725360.1121562, 1788725360.7147791, 1788725361.3802407, 1788725362.075158, 1788725362.8027623, 1788725363.563897, 1788725364.3542814, 1788725365.1771405, 1788725366.0299728, 1788725366.6224341, 1788725367.276721, 1788725367.9610786, 1788725368.6759555, 1788725369.3801055, 1788725369.976635, 1788725370.6220787, 1788725371.300141, 1788725372.0104375, 1788725372.7549756, 1788725373.5277126, 1788725374.3374202, 1788725375.183534, 1788725376.0646067, 1788725376.9809072, 1788725377.9324045, 1788725378.5738401, 1788725379.1795235, 1788725379.8484983, 1788725380.5491972, 1788725381.2794282, 1788725382.040893, 1788725382.8399835]","[1, 6, 4, 3, 3, 1, 1, 2, 1, 3, 4, 2, 1, 3, 4, 2, 4, 1, 6, 1, 3, 1, 2, 5, 1, 1, 3, 6, 1, 3, 3, 1, 1, 2, 3, 1, 2, 2, 1, 2, 4, 2, 1, 6, 1, 1, 2, 2, 6, 6, 1, 6, 2, 6, 6, 1, 2, 2, 1, 2, 3, 1, 6, 3, 4, 1, 2, 6, 2, 2, 4, 5, 3, 2, 1, 1, 2, 5, 2, 6, 1, 2, 6, 1, 3, 1, 1, 3, 2, 4, 1, 1, 1, 3, 4, 3, 6, 6, 2, 2, 1, 3, 3, 1]"
User-084,0,trace_0461,1788725398.9629712,streaming,11642,178,178,0,179,365.1833961009979,412.7000072002411,0.26845542993922694,0.0,0,True,,1788724986.2628772,1788725351.4462733,1788725398.9628844,"[1788725351.4462733, 1788725352.0603669, 1788725352.7236323, 1788725353.4197922, 1788725354.1510873, 1788725354.906165, 1788725355.710689, 1788725356.5584307, 1788725357.4315119, 1788725358.33455, 1788725359.256378, 1788725360.113263, 1788725360.715895, 1788725361.3813224, 1788725362.0762162, 1788725362.8038666, 1788725363.564991, 1788725364.3554354, 1788725365.1782296, 1788725366.033519, 1788725366.6236002, 1788725367.2779262, 1788725367.9622307, 1788725368.6771703, 1788725369.3812203, 1788725369.9777162, 1788725370.6232722, 1788725371.301298, 1788725372.0116274, 1788725372.7560723, 1788725373.5289037, 1788725374.338574, 1788725375.1847177, 1788725376.0657861, 1788725376.9819632, 1788725377.9335725, 1788725378.575998, 1788725379.181202, 1788725379.850131, 1788725380.5511696, 1788725381.2813694, 1788725382.0428967, 1788725382.8423774, 1788725383.6857526, 1788725384.5642946, 1788725385.4702797, 1788725386.4066913, 1788725387.3751135, 1788725388.1429374, 1788725388.736413, 1788725389.3909123, 1788725390.081536, 1788725390.8025272, 1788725391.5560918, 1788725392.3430214, 1788725393.1696558, 1788725394.0332773, 1788725394.66806, 1788725395.3165565, 1788725395.9468107, 1788725396.6472406, 1788725397.3795378, 1788725398.148056, 1788725398.953755]","[1, 4, 2, 1, 4, 1, 3, 1, 2, 5, 2, 3, 4, 3, 3, 2, 1, 3, 1, 3, 3, 4, 2, 6, 2, 6, 4, 4, 5, 2, 1, 1, 4, 6, 2, 1, 6, 2, 2, 3, 3, 1, 2, 1, 1, 1, 1, 6, 3, 2, 6, 6, 4, 1, 3, 2, 3, 1, 3, 2, 6, 1, 1, 3]"
User-018,0,trace_0378,1788725401.7498667,streaming,28209,973,865,0,440,384.74214267730713,580.2030429840088,0.2262278938734973,0.0,0,True,,1788724821.54672,1788725206.2888627,1788725401.749763,"[1788725206.2888627, 1788725206.8835378, 1788725207.5426583, 1788725208.2385693, 1788725208.9620008, 1788725209.719557, 1788725210.513185, 1788725211.338961, 1788725212.2104325, 1788725212.7880378, 1788725213.4264853, 1788725214.0958025, 1788725214.8011181, 1788725215.5388093, 1788725216.3076005, 1788725217.1157079, 1788725217.954509, 1788725218.7988527, 1788725219.4040098, 1788725220.0618308, 1788725220.7589154, 1788725221.4813545, 1788725222.2374215, 1788725223.0239027, 1788725223.8665411, 1788725224.443301, 1788725225.0750687, 1788725225.7424307, 1788725226.4390662, 1788725227.1694157, 1788725227.9362657, 1788725228.7375886, 1788725229.4738944, 1788725230.0669644, 1788725230.7174094, 1788725231.4017065, 1788725232.1159751, 1788725232.8666444, 1788725233.651044, 1788725234.4700778, 1788725235.325669, 1788725235.9055104, 1788725236.5470464, 1788725237.2164004, 1788725237.9206574, 1788725238.6571198, 1788725239.424475, 1788725240.1944613, 1788725240.779759, 1788725241.4863179, 1788725242.1025028, 1788725242.8095052, 1788725243.4592667, 1788725244.0663028, 1788725244.7218912, 1788725245.4147077, 1788725246.1345341, 1788725246.8894274, 1788725247.6571693, 1788725248.243598, 1788725248.8857164, 1788725249.560501, 1788725250.270239, 1788725251.0099864, 1788725251.7828088, 1788725252.5870707, 1788725253.429069, 1788725254.2562435, 1788725254.8377528, 1788725255.4844692, 1788725256.162777, 1788725256.8739934, 1788725257.6160948, 1788725258.388716, 1788725259.1964867, 1788725260.0401537, 1788725260.9184182, 1788725261.8252144, 1788725262.777708, 1788725263.7640793, 1788725264.4794962, 1788725265.0739892, 1788725265.7569277, 1788725266.4723694, 1788725267.2181451, 1788725267.9756231, 1788725268.5678737, 1788725269.2139635, 1788725269.8921413, 1788725270.6027422, 1788725271.3612924, 1788725272.1544037, 1788725272.9808679, 1788725273.8387682, 1788725274.5165129, 1788725275.1252112, 1788725275.7933137, 1788725276.4913452, 1788725277.228218, 1788725277.9857895, 1788725278.7994173, 1788725279.6367683, 1788725280.2894442, 1788725280.9037502, 1788725281.5713403, 1788725282.2742472, 1788725283.0145552, 1788725283.7930465, 1788725284.60741, 1788725285.451746, 1788725286.3252091, 1788725287.2574122, 1788725288.2125342, 1788725289.1800764, 1788725289.8946342, 1788725290.521625, 1788725291.183604, 1788725291.8829045, 1788725292.6152678, 1788725293.3779588, 1788725294.174264, 1788725295.0061498, 1788725295.7137976, 1788725296.3136103, 1788725296.974135, 1788725297.664965, 1788725298.3987203, 1788725299.1517243, 1788725299.9540496, 1788725300.7869613, 1788725301.4609296, 1788725302.0671306, 1788725302.72942, 1788725303.43018, 1788725304.1556923, 1788725304.9287856, 1788725305.738925, 1788725306.5799627, 1788725307.4562743, 1788725308.037408, 1788725308.6773396, 1788725309.347148, 1788725310.0557342, 1788725310.8033195, 1788725311.5862408, 1788725312.4056518, 1788725313.2489555, 1788725314.0580153, 1788725314.6432772, 1788725315.290012, 1788725315.9709363, 1788725316.6819136, 1788725317.4241848, 1788725318.0917675, 1788725318.6972177, 1788725319.352975, 1788725320.0450969, 1788725320.768058, 1788725321.5220344, 1788725322.3195925, 1788725322.8988965, 1788725323.5394847, 1788725324.2119248, 1788725324.9165637, 1788725325.6542945, 1788725326.4239411, 1788725327.228669, 1788725328.0680258, 1788725328.9439769, 1788725329.8581662, 1788725330.5474083, 1788725331.1490996, 1788725331.8305044, 1788725332.5457122, 1788725333.2854326, 1788725334.0627625, 1788725334.8563101, 1788725335.6947086, 1788725336.2975366, 1788725336.9585707, 1788725337.6488178, 1788725338.3708415, 1788725339.1192243, 1788725339.8978946, 1788725340.7105165, 1788725341.554425, 1788725342.3458064, 1788725342.9390013, 1788725343.6068947, 1788725344.3060474, 1788725345.0360582, 1788725345.7928264, 1788725346.5806959, 1788725347.4032245, 1788725348.14341, 1788725348.732012, 1788725350.081348, 1788725351.4488811, 1788725352.726346, 1788725354.1536844, 1788725354.9089572, 1788725355.7134776, 1788725356.561682, 1788725357.433635, 1788725358.3366876, 1788725359.2586539, 1788725360.1162653, 1788725360.718829, 1788725361.3841605, 1788725362.0789397, 1788725362.8065119, 1788725364.3585994, 1788725365.1814404, 1788725366.037309, 1788725366.6268632, 1788725367.2811482, 1788725367.9654152, 1788725368.6807394, 1788725369.3850427, 1788725369.9815803, 1788725370.6271014, 1788725371.3049824, 1788725372.0194674, 1788725372.7600305, 1788725373.5330694, 1788725374.3423471, 1788725375.188784, 1788725376.069606, 1788725376.9858522, 1788725377.9372709, 1788725378.5798116, 1788725379.1849618, 1788725379.8539824, 1788725380.5551147, 1788725381.2851732, 1788725382.046599, 1788725382.8465786, 1788725383.68955, 1788725384.5684748, 1788725385.4743583, 1788725386.4117136, 1788725387.3790197, 1788725388.147612, 1788725388.7416158, 1788725389.3951983, 1788725390.0858593, 1788725390.80699, 1788725391.565741, 1788725392.3472636, 1788725393.1742315, 1788725394.0372753, 1788725394.672395, 1788725395.318788, 1788725395.9514472, 1788725396.6516392, 1788725397.383955, 1788725398.152614, 1788725398.9616406, 1788725399.7734532, 1788725400.3835657, 1788725401.0502996, 1788725401.7484334]","[1, 6, 3, 1, 6, 3, 2, 4, 4, 2, 1, 1, 5, 3, 2, 3, 1, 1, 2, 3, 1, 1, 1, 2, 3, 6, 2, 6, 6, 6, 3, 4, 5, 1, 2, 3, 1, 3, 3, 4, 6, 4, 4, 1, 6, 6, 4, 3, 1, 3, 2, 1, 2, 2, 1, 4, 3, 2, 2, 6, 6, 1, 1, 3, 2, 2, 1, 4, 1, 5, 2, 3, 2, 1, 1, 2, 3, 5, 1, 6, 5, 6, 6, 6, 6, 6, 6, 1, 2, 6, 6, 3, 2, 6, 3, 3, 1, 6, 6, 6, 1, 6, 6, 6, 6, 1, 6, 6, 2, 6, 3, 5, 4, 6, 6, 2, 6, 1, 5, 1, 1, 2, 2, 1, 3, 1, 4, 6, 2, 5, 1, 2, 5, 3, 2, 6, 2, 5, 5, 3, 3, 2, 2, 2, 1, 6, 6, 1, 2, 6, 1, 6, 6, 1, 6, 6, 6, 1, 5, 1, 6, 5, 2, 3, 5, 3, 6, 2, 1, 3, 1, 4, 6, 3, 2, 3, 2, 2, 1, 4, 6, 4, 5, 3, 6, 5, 2, 3, 1, 1, 3, 1, 4, 3, 6, 3, 1, 1, 2, 2, 2, 2, 2, 2, 2, 4, 4, 4, 4, 4, 4, 4, 4, 4, 4, 4, 4, 4, 4, 4, 4, 4, 4, 4, 4, 4, 4, 4, 4, 4, 4, 2, 4, 2, 4, 4, 2, 4, 4, 4, 2, 2, 2, 4, 4, 2, 2, 2, 4, 4, 2, 4, 4, 2, 2, 2, 2, 2, 2, 2, 2, 1]"
User-058,1,trace_0586,1788725404.0076802,streaming,18854,251,251,278,16,365.4470007419586,421.31596755981445,0.22347586727142335,11.0,0,True,,1788724982.6916215,1788725348.1386223,1788725404.007589,"[1788725348.1386223, 1788725348.7270393, 1788725349.3849971, 1788725350.0761364, 1788725350.7994337, 1788725351.4432428, 1788725352.0575166, 1788725352.7207305, 1788725353.4168608, 1788725354.1479666, 1788725354.9038706, 1788725355.7083683, 1788725356.5538566, 1788725357.4291923, 1788725358.3320293, 1788725359.254651, 1788725360.1114154, 1788725360.7140648, 1788725361.3795664, 1788725362.0744417, 1788725362.8020935, 1788725363.563202, 1788725364.35356, 1788725365.176408, 1788725366.0291815, 1788725366.6216443, 1788725367.2760916, 1788725367.9604187, 1788725368.675077, 1788725369.3794909, 1788725369.9758248, 1788725370.6214623, 1788725371.2994823, 1788725372.0097964, 1788725372.754223, 1788725373.527074, 1788725374.3367903, 1788725375.1828918, 1788725376.063966, 1788725376.9802048, 1788725377.931791, 1788725378.5731618, 1788725379.178897, 1788725379.8473918, 1788725380.547807, 1788725381.2786486, 1788725382.0396955, 1788725382.838906, 1788725383.6839273, 1788725384.561531, 1788725385.4677281, 1788725386.404831, 1788725387.373173, 1788725388.140102, 1788725388.7344065, 1788725389.3882086, 1788725390.0795505, 1788725390.8002157, 1788725391.5540166, 1788725392.3407319, 1788725393.1672754, 1788725394.030672, 1788725394.6660323, 1788725395.3155391, 1788725395.944079, 1788725396.6448722, 1788725397.3770843, 1788725398.1455398, 1788725398.951448, 1788725399.7665477, 1788725400.377387, 1788725401.0433018, 1788725401.7415614, 1788725402.460546, 1788725403.214779, 1788725404.00161]","[1, 1, 6, 4, 1, 1, 1, 4, 3, 3, 2, 6, 2, 2, 1, 1, 2, 2, 4, 6, 3, 4, 1, 1, 3, 6, 6, 3, 2, 3, 2, 2, 4, 2, 1, 5, 6, 3, 5, 4, 2, 1, 6, 6, 1, 6, 3, 5, 2, 1, 6, 4, 6, 2, 6, 4, 6, 2, 6, 2, 5, 2, 2, 5, 6, 2, 1, 6, 6, 6, 6, 1, 3, 1, 2, 1]"
User-082,0,trace_0739,1788725411.687442,streaming,21285,406,406,0,332,364.3129858970642,461.9456241130829,0.24106824250868808,0.0,0,True,,1788724949.7417145,1788725314.0547004,1788725411.6873386,"[1788725314.0547004, 1788725314.6398566, 1788725315.2866788, 1788725315.9661918, 1788725316.6783533, 1788725317.4208157, 1788725318.0886781, 1788725318.6939285, 1788725319.3497524, 1788725320.0418766, 1788725320.7647142, 1788725321.5187593, 1788725322.316331, 1788725322.8955994, 1788725323.536202, 1788725324.2087302, 1788725324.914832, 1788725325.651183, 1788725326.4206088, 1788725327.225361, 1788725328.0646646, 1788725328.940494, 1788725329.8549314, 1788725330.543203, 1788725331.1450114, 1788725331.8266606, 1788725332.5419223, 1788725333.2816427, 1788725334.0538375, 1788725334.8528059, 1788725335.6906297, 1788725336.293591, 1788725336.9546726, 1788725337.6448922, 1788725338.3669627, 1788725339.1153924, 1788725339.8940725, 1788725340.7064657, 1788725341.5504253, 1788725342.3418875, 1788725342.9349558, 1788725343.602712, 1788725344.3022637, 1788725345.0321665, 1788725345.7890394, 1788725346.5767803, 1788725347.3991148, 1788725348.1397457, 1788725348.728201, 1788725349.386175, 1788725350.0773394, 1788725350.8006198, 1788725351.4444327, 1788725352.058727, 1788725352.721962, 1788725353.4180899, 1788725354.1490493, 1788725354.9051166, 1788725355.7096205, 1788725356.5572357, 1788725357.4302907, 1788725358.3331413, 1788725359.2558422, 1788725360.112719, 1788725360.7153504, 1788725361.3807757, 1788725362.0756736, 1788725362.8033073, 1788725363.564468, 1788725364.3548822, 1788725365.177714, 1788725366.0306756, 1788725366.623044, 1788725367.2773921, 1788725367.9617026, 1788725368.6765594, 1788725369.3806167, 1788725369.9771862, 1788725370.6226923, 1788725371.3007658, 1788725372.0111015, 1788725372.7555287, 1788725373.5283556, 1788725374.3380344, 1788725375.1841776, 1788725376.0652618, 1788725376.9814506, 1788725377.933036, 1788725378.5745242, 1788725379.1801364, 1788725379.849067, 1788725380.5500216, 1788725381.2800345, 1788725382.041578, 1788725382.8411403, 1788725383.6846461, 1788725384.5622075, 1788725385.4684167, 1788725386.4054937, 1788725387.3738728, 1788725388.140837, 1788725388.7351267, 1788725389.3894784, 1788725390.0804453, 1788725390.8013325, 1788725391.5547948, 1788725392.341859, 1788725393.168485, 1788725394.0320835, 1788725394.666711, 1788725395.3159556, 1788725395.9448814, 1788725396.6458983, 1788725397.3780718, 1788725398.146704, 1788725398.9524446, 1788725399.7672648, 1788725400.37802, 1788725401.044369, 1788725401.7425728, 1788725402.4615495, 1788725403.2157452, 1788725404.0028975, 1788725404.6713278, 1788725405.3091137, 1788725405.9929154, 1788725406.7092807, 1788725407.457505, 1788725408.2303019, 1788725409.0344167, 1788725409.7159326, 1788725410.3238778, 1788725410.9829001, 1788725411.6804006]","[1, 6, 1, 5, 3, 1, 1, 1, 1, 3, 4, 1, 2, 2, 3, 3, 6, 1, 1, 3, 4, 3, 1, 4, 4, 1, 2, 2, 5, 3, 4, 5, 2, 2, 1, 5, 2, 4, 2, 5, 4, 6, 1, 3, 1, 2, 1, 2, 1, 1, 5, 3, 1, 1, 1, 4, 1, 2, 1, 2, 2, 1, 1, 4, 2, 3, 5, 3, 2, 4, 1, 6, 4, 4, 1, 2, 5, 6, 2, 3, 3, 3, 5, 1, 3, 4, 2, 4, 1, 3, 4, 3, 6, 3, 3, 5, 4, 4, 1, 6, 6, 3, 3, 6, 6, 6, 6, 3, 3, 1, 3, 4, 1, 3, 1, 2, 6, 6, 3, 2, 3, 2, 6, 2, 1, 6, 1, 1, 6, 6, 3, 6, 6, 1]"
User-051,5,trace_0167,1788725412.4261975,streaming,20483,824,824,310,6,404.32931303977966,581.4302866458893,0.21518951835493272,20.0,0,True,,1788724830.9958267,1788725235.3251398,1788725412.4261134,"[1788725235.3251398, 1788725235.904993, 1788725236.5464547, 1788725237.215889, 1788725237.9201334, 1788725238.6565924, 1788725239.4239502, 1788725240.1939251, 1788725240.7791529, 1788725241.48608, 1788725242.1018934, 1788725242.8089569, 1788725243.4586947, 1788725244.065693, 1788725244.7213626, 1788725245.414141, 1788725246.1340075, 1788725246.888803, 1788725247.6565685, 1788725248.2429957, 1788725248.8851416, 1788725249.559982, 1788725250.2697086, 1788725251.0094557, 1788725251.7822657, 1788725252.586519, 1788725253.4285035, 1788725254.255697, 1788725254.8372035, 1788725255.483936, 1788725256.1621904, 1788725256.8734756, 1788725257.6155162, 1788725258.3879685, 1788725259.1958644, 1788725260.0394034, 1788725260.9178216, 1788725261.8246992, 1788725262.7771618, 1788725263.7635198, 1788725264.4789507, 1788725265.0733614, 1788725265.7563732, 1788725266.4717836, 1788725267.2175832, 1788725267.9741423, 1788725268.5667725, 1788725269.2129452, 1788725269.8910954, 1788725270.6016612, 1788725271.360243, 1788725272.1533332, 1788725272.9797704, 1788725273.8376975, 1788725274.5153959, 1788725275.124705, 1788725275.7922397, 1788725276.4903164, 1788725277.227142, 1788725277.9847171, 1788725278.7982621, 1788725279.6355586, 1788725280.2883537, 1788725280.902604, 1788725281.5701728, 1788725282.2731988, 1788725283.0133348, 1788725283.791984, 1788725284.6062903, 1788725285.4506092, 1788725286.324128, 1788725287.2563024, 1788725288.2114465, 1788725289.178893, 1788725289.8935957, 1788725290.520155, 1788725291.1824567, 1788725291.882314, 1788725292.6142154, 1788725293.3769355, 1788725294.173204, 1788725295.0047843, 1788725295.7127285, 1788725296.3125062, 1788725296.972593, 1788725297.663802, 1788725298.3973176, 1788725299.150273, 1788725299.9534848, 1788725300.7854176, 1788725301.459863, 1788725302.0660353, 1788725302.7282836, 1788725303.429142, 1788725304.1545591, 1788725304.9277706, 1788725305.737784, 1788725306.5788941, 1788725307.4552205, 1788725308.0368817, 1788725308.6762936, 1788725309.3460846, 1788725310.0546427, 1788725310.8021994, 1788725311.5851858, 1788725312.4040585, 1788725313.247897, 1788725314.0569868, 1788725314.6421793, 1788725315.2890122, 1788725315.9696653, 1788725316.6808271, 1788725317.423148, 1788725318.0907443, 1788725318.6961472, 1788725319.3519435, 1788725320.044058, 1788725320.7669804, 1788725321.5209866, 1788725322.3184743, 1788725322.8977568, 1788725323.5383763, 1788725324.210867, 1788725324.9159846, 1788725325.6532876, 1788725326.4229283, 1788725327.2276516, 1788725328.0669384, 1788725328.9427829, 1788725329.8571115, 1788725330.5462947, 1788725331.1479938, 1788725331.8293319, 1788725332.5445855, 1788725333.2844121, 1788725334.0612483, 1788725334.8557534, 1788725335.6942024, 1788725336.2970264, 1788725336.9580562, 1788725337.64825, 1788725338.370273, 1788725339.1186764, 1788725339.897373, 1788725340.7099967, 1788725341.5539052, 1788725342.3452873, 1788725342.938441, 1788725343.6063015, 1788725344.30552, 1788725345.0354834, 1788725345.7923024, 1788725346.580144, 1788725347.402663, 1788725348.1428614, 1788725348.7314699, 1788725349.3916674, 1788725350.080816, 1788725350.8038566, 1788725351.4483573, 1788725352.062537, 1788725352.725808, 1788725353.4220634, 1788725354.1531827, 1788725354.908444, 1788725355.712959, 1788725356.5611305, 1788725357.433107, 1788725358.336171, 1788725359.2581193, 1788725360.1157024, 1788725360.7182605, 1788725361.383634, 1788725362.0783992, 1788725362.805958, 1788725363.5670943, 1788725364.3580582, 1788725365.180877, 1788725366.0367813, 1788725366.6263402, 1788725367.280626, 1788725367.96491, 1788725368.6801932, 1788725369.3845284, 1788725369.9810326, 1788725370.6265433, 1788725371.3044782, 1788725372.0187144, 1788725372.7594585, 1788725373.5325556, 1788725374.3418396, 1788725375.1882384, 1788725376.0690844, 1788725376.985308, 1788725377.9367213, 1788725378.5792272, 1788725379.1844146, 1788725379.8534405, 1788725380.5545628, 1788725381.284646, 1788725382.0460608, 1788725382.8460016, 1788725383.6890347, 1788725384.5679429, 1788725385.4738278, 1788725386.4111555, 1788725387.3784623, 1788725388.147087, 1788725388.741054, 1788725389.3946548, 1788725390.0853045, 1788725390.8064528, 1788725391.565173, 1788725392.3467617, 1788725393.1736655, 1788725394.0368638, 1788725394.6718585, 1788725395.3184896, 1788725395.9509218, 1788725396.6511009, 1788725397.3834355, 1788725398.1520693, 1788725398.9582257, 1788725399.7728987, 1788725400.383051, 1788725401.0497582, 1788725401.7478712, 1788725402.4668598, 1788725403.2213323, 1788725404.0086465, 1788725404.6763482, 1788725405.3149402, 1788725405.9983587, 1788725406.7145743, 1788725407.460423, 1788725408.235911, 1788725409.0370245, 1788725409.7218785, 1788725410.3293715, 1788725410.988515, 1788725411.6863801, 1788725412.4247952]","[1, 2, 6, 2, 1, 2, 3, 3, 6, 1, 1, 6, 2, 2, 3, 6, 3, 1, 5, 4, 5, 1, 3, 2, 1, 2, 4, 5, 4, 6, 6, 3, 6, 4, 6, 4, 4, 2, 2, 6, 3, 1, 2, 6, 6, 6, 4, 1, 1, 4, 2, 4, 6, 3, 3, 1, 2, 1, 1, 6, 5, 6, 6, 6, 3, 3, 2, 1, 4, 6, 5, 5, 6, 3, 1, 3, 5, 2, 4, 1, 6, 4, 6, 4, 4, 6, 4, 6, 5, 6, 5, 1, 6, 1, 3, 1, 4, 6, 6, 3, 2, 6, 2, 2, 2, 3, 1, 2, 3, 2, 2, 6, 6, 6, 2, 1, 2, 4, 6, 6, 1, 2, 4, 4, 1, 1, 2, 6, 6, 4, 5, 4, 2, 5, 2, 6, 6, 4, 2, 1, 6, 6, 1, 3, 2, 2, 2, 2, 2, 2, 6, 1, 5, 3, 5, 3, 1, 6, 2, 5, 5, 3, 2, 2, 2, 2, 2, 2, 1, 2, 5, 4, 4, 4, 5, 1, 5, 2, 2, 1, 3, 1, 1, 3, 5, 5, 1, 2, 6, 1, 1, 3, 2, 4, 3, 4, 4, 6, 1, 1, 2, 6, 2, 6, 1, 2, 1, 2, 6, 6, 6, 2, 1, 1, 6, 3, 4, 5, 1, 2, 2, 5, 1, 6, 2, 3, 4, 5, 6, 4, 5, 1, 6, 6, 1, 3, 2, 1, 6, 6, 6, 3]"
User-086,0,trace_0482,1788725414.8384206,streaming,11642,169,169,0,160,366.6087839603424,412.0640535354614,0.2705670808042799,0.0,0,True,,1788725002.7743053,1788725369.3830893,1788725414.8383589,"[1788725369.3830893, 1788725369.9794455, 1788725370.6248863, 1788725371.3028872, 1788725372.013205, 1788725372.75781, 1788725373.5305066, 1788725374.3401997, 1788725375.1866338, 1788725376.0674171, 1788725376.9837396, 1788725377.9351137, 1788725378.5776346, 1788725379.182866, 1788725379.8518589, 1788725380.552805, 1788725381.2830176, 1788725382.0444803, 1788725382.8444157, 1788725383.6874363, 1788725384.5661328, 1788725385.472029, 1788725386.4093428, 1788725387.376735, 1788725388.144614, 1788725388.7385468, 1788725389.3925416, 1788725390.0831532, 1788725390.8041952, 1788725391.5623891, 1788725392.3447053, 1788725393.1714919, 1788725394.0351598, 1788725394.6697001, 1788725395.3173966, 1788725395.948602, 1788725396.6488872, 1788725397.3811626, 1788725398.1497588, 1788725398.956001, 1788725399.7706566, 1788725400.3809032, 1788725401.0474539, 1788725401.7456203, 1788725402.4646225, 1788725403.2189336, 1788725404.006081, 1788725404.6741543, 1788725405.3126976, 1788725405.9960673, 1788725406.7123573, 1788725407.4589663, 1788725408.2336864, 1788725409.0359814, 1788725409.7197356, 1788725410.327283, 1788725410.9864151, 1788725411.6842458, 1788725412.4226105, 1788725413.1946409, 1788725413.9966562, 1788725414.8349814]","[1, 2, 5, 2, 1, 6, 1, 4, 2, 1, 4, 3, 6, 1, 4, 2, 1, 1, 1, 3, 1, 6, 3, 1, 6, 6, 1, 5, 4, 1, 1, 3, 6, 3, 1, 1, 2, 2, 3, 3, 3, 6, 3, 2, 2, 1, 6, 1, 2, 1, 4, 6, 1, 2, 3, 5, 2, 1, 1, 2, 3, 2]"
User-087,0,trace_0373,1788725447.789311,streaming,27600,297,297,0,430,372.539724111557,441.7534124851227,0.23383002828907323,0.0,0,True,,1788725006.035758,1788725378.5754821,1788725447.7891705,"[1788725378.5754821, 1788725379.1806705, 1788725379.8496022, 1788725380.5505905, 1788725381.2807798, 1788725382.0423381, 1788725382.841766, 1788725383.6852252, 1788725384.5629718, 1788725385.4691164, 1788725386.4061472, 1788725387.3745544, 1788725388.1421275, 1788725388.7358615, 1788725389.390299, 1788725390.0810115, 1788725390.8019774, 1788725391.5555425, 1788725392.3424566, 1788725393.1691058, 1788725394.032744, 1788725394.6674974, 1788725395.316262, 1788725395.945578, 1788725396.646638, 1788725397.3789692, 1788725398.147503, 1788725398.95317, 1788725399.7689996, 1788725400.379266, 1788725401.0457942, 1788725401.7439556, 1788725402.4629521, 1788725403.217075, 1788725404.004382, 1788725404.6725798, 1788725405.310974, 1788725405.9943385, 1788725406.7105913, 1788725407.4581492, 1788725408.2320576, 1788725409.0351763, 1788725409.7172468, 1788725410.3250337, 1788725410.984232, 1788725411.6818411, 1788725412.4203203, 1788725413.192491, 1788725413.9943871, 1788725414.8325799, 1788725415.7079916, 1788725416.6057029, 1788725417.5062354, 1788725418.092492, 1788725418.697974, 1788725419.3272784, 1788725419.9934185, 1788725420.6946359, 1788725421.4260066, 1788725422.1939943, 1788725422.9933972, 1788725423.8400433, 1788725424.7140882, 1788725425.6308298, 1788725426.5759182, 1788725427.5438488, 1788725428.1890402, 1788725428.789521, 1788725429.477282, 1788725430.1954908, 1788725430.9406564, 1788725431.7199147, 1788725432.533467, 1788725433.3804476, 1788725434.20005, 1788725434.7871032, 1788725435.4344716, 1788725436.113731, 1788725436.825077, 1788725437.5666769, 1788725438.299375, 1788725438.905698, 1788725439.562411, 1788725440.246866, 1788725440.9630036, 1788725441.7071779, 1788725442.4826298, 1788725443.299685, 1788725444.148301, 1788725445.0236983, 1788725445.7839732, 1788725446.401087, 1788725447.0772734, 1788725447.783157]","[1, 6, 3, 1, 4, 2, 2, 3, 2, 4, 3, 1, 1, 2, 4, 6, 4, 2, 5, 4, 3, 5, 4, 1, 2, 3, 1, 2, 2, 6, 1, 3, 2, 2, 1, 1, 1, 2, 3, 1, 6, 6, 1, 6, 4, 1, 1, 6, 1, 2, 1, 3, 6, 4, 4, 1, 5, 6, 1, 6, 6, 3, 5, 4, 6, 1, 1, 6, 2, 2, 3, 5, 2, 6, 1, 2, 1, 6, 4, 1, 3, 2, 5, 2, 3, 2, 3, 1, 4, 6, 6, 6, 6, 4]"
User-044,1,trace_0272,1788725428.1944914,streaming,27550,252,252,383,46,363.9591097831726,432.0393660068512,0.27123608057242465,14.0,0,True,,1788724996.1550171,1788725360.114127,1788725428.1943831,"[1788725360.114127, 1788725360.716455, 1788725361.381865, 1788725362.0767553, 1788725362.8043714, 1788725363.5654984, 1788725364.3559713, 1788725365.178727, 1788725366.0341358, 1788725366.6241257, 1788725367.2784765, 1788725367.9627676, 1788725368.6778073, 1788725369.3817227, 1788725369.9782615, 1788725370.6238005, 1788725371.3018155, 1788725372.012161, 1788725372.7566226, 1788725373.5294273, 1788725374.3391109, 1788725375.1852381, 1788725376.0663118, 1788725376.9824717, 1788725377.9340653, 1788725378.5765443, 1788725379.1817172, 1788725379.8506546, 1788725380.5517347, 1788725381.2819223, 1788725382.0434132, 1788725382.8432348, 1788725383.6862597, 1788725384.5649414, 1788725385.4709206, 1788725386.4079819, 1788725387.37566, 1788725388.1435034, 1788725388.7369695, 1788725389.3914866, 1788725390.082074, 1788725390.8031056, 1788725391.5566442, 1788725392.3435776, 1788725393.1702101, 1788725394.0338125, 1788725394.6685927, 1788725395.3168437, 1788725395.9474878, 1788725396.6478126, 1788725397.3800678, 1788725398.1485858, 1788725398.9546223, 1788725399.7695389, 1788725400.3798187, 1788725401.046329, 1788725401.7445016, 1788725402.463518, 1788725403.2176285, 1788725404.0049264, 1788725404.6731045, 1788725405.311559, 1788725405.9949272, 1788725406.711192, 1788725407.4584014, 1788725408.232639, 1788725409.0354452, 1788725409.7186496, 1788725410.3261182, 1788725410.9853318, 1788725411.6829672, 1788725412.4214785, 1788725413.1935847, 1788725413.995561, 1788725414.8338118, 1788725415.7091417, 1788725416.6069274, 1788725417.506829, 1788725418.0936747, 1788725418.6991296, 1788725419.3284028, 1788725419.9945352, 1788725420.695785, 1788725421.4271135, 1788725422.1945198, 1788725422.9945173, 1788725423.8411803, 1788725424.7170405, 1788725425.6316874, 1788725426.5771062, 1788725427.5449395, 1788725428.1899116]","[1, 1, 5, 3, 2, 1, 3, 3, 2, 5, 3, 4, 1, 3, 2, 2, 1, 2, 4, 5, 1, 1, 1, 4, 1, 1, 3, 3, 1, 2, 1, 6, 6, 6, 2, 5, 1, 6, 2, 3, 1, 1, 3, 2, 6, 3, 6, 2, 2, 3, 3, 2, 6, 3, 6, 1, 3, 6, 1, 6, 1, 1, 1, 4, 5, 2, 2, 2, 1, 2, 2, 3, 1, 6, 2, 3, 2, 6, 3, 2, 1, 2, 3, 1, 2, 4, 2, 1, 3, 4, 1, 2]"
User-057,1,trace_0276,1788725443.305633,streaming,24994,521,521,285,105,366.27080726623535,479.03162264823914,0.21684772188846882,13.0,0,True,,1788724964.2738554,1788725330.5446627,1788725443.305478,"[1788725330.5446627, 1788725331.1461573, 1788725331.8277495, 1788725332.5430086, 1788725333.282769, 1788725334.059255, 1788725334.8539543, 1788725335.6926293, 1788725336.2952986, 1788725336.9564462, 1788725337.6464944, 1788725338.3685477, 1788725339.1170163, 1788725339.8957362, 1788725340.708365, 1788725341.5521755, 1788725342.343617, 1788725342.9368384, 1788725343.6045988, 1788725344.303879, 1788725345.0338116, 1788725345.7906528, 1788725346.578389, 1788725347.4008303, 1788725348.1413074, 1788725348.7297559, 1788725349.389911, 1788725350.0789864, 1788725350.8021703, 1788725351.4467726, 1788725352.0608914, 1788725352.7241614, 1788725353.4204679, 1788725354.1516135, 1788725354.9066792, 1788725355.7112648, 1788725356.5590062, 1788725357.4320452, 1788725358.3351185, 1788725359.257012, 1788725360.1146426, 1788725360.7170002, 1788725361.3824072, 1788725362.0772698, 1788725362.804888, 1788725363.5660062, 1788725364.3567145, 1788725365.1792886, 1788725366.034765, 1788725366.624693, 1788725367.2790341, 1788725367.9633012, 1788725368.6784341, 1788725369.3822272, 1788725369.9788132, 1788725370.6243134, 1788725371.3023336, 1788725372.0126848, 1788725372.757277, 1788725373.5299816, 1788725374.3396182, 1788725375.1859355, 1788725376.0668776, 1788725376.9830468, 1788725377.934564, 1788725378.5770757, 1788725379.182241, 1788725379.851314, 1788725380.5522583, 1788725381.2824776, 1788725382.0439234, 1788725382.8438282, 1788725383.6869104, 1788725384.5655751, 1788725385.4715006, 1788725386.4087043, 1788725387.3761795, 1788725388.1440651, 1788725388.737502, 1788725389.3920162, 1788725390.082589, 1788725390.803635, 1788725391.5581372, 1788725392.3440993, 1788725393.170809, 1788725394.0343819, 1788725394.6691656, 1788725395.3171244, 1788725395.948057, 1788725396.648359, 1788725397.3806024, 1788725398.1491375, 1788725398.9552376, 1788725399.7701035, 1788725400.3803704, 1788725401.0469065, 1788725401.7450507, 1788725402.4640741, 1788725403.2181633, 1788725404.0055225, 1788725404.673625, 1788725405.3121197, 1788725405.9954789, 1788725406.711741, 1788725407.458666, 1788725408.2331655, 1788725409.0357108, 1788725409.7191997, 1788725410.3267257, 1788725410.985873, 1788725411.6835077, 1788725412.4220212, 1788725413.1940935, 1788725413.9961255, 1788725414.834393, 1788725415.7097244, 1788725416.6074996, 1788725417.5071192, 1788725418.094232, 1788725418.699707, 1788725419.3290772, 1788725419.9951274, 1788725420.696347, 1788725421.4276505, 1788725422.1948004, 1788725422.9951377, 1788725423.8417265, 1788725424.7176082, 1788725425.6322238, 1788725426.5776856, 1788725427.545486, 1788725428.19055, 1788725428.7912073, 1788725429.4785984, 1788725430.197236, 1788725430.9423537, 1788725431.72152, 1788725432.5351067, 1788725433.382061, 1788725434.2017183, 1788725434.7887008, 1788725435.4360657, 1788725436.117819, 1788725436.826878, 1788725437.5683186, 1788725438.3014212, 1788725438.9067864, 1788725439.5635726, 1788725440.2479355, 1788725440.9640925, 1788725441.708205, 1788725442.4837453, 1788725443.300755]","[1, 2, 1, 2, 2, 2, 5, 2, 5, 1, 3, 3, 2, 6, 4, 1, 4, 4, 6, 2, 4, 1, 1, 4, 1, 3, 1, 6, 2, 4, 2, 6, 3, 2, 5, 2, 2, 6, 6, 3, 4, 5, 4, 5, 1, 1, 4, 4, 6, 6, 2, 3, 5, 3, 5, 6, 2, 4, 2, 4, 6, 6, 6, 2, 2, 5, 2, 5, 3, 1, 6, 6, 4, 4, 2, 5, 3, 6, 2, 3, 3, 2, 1, 1, 6, 6, 3, 2, 3, 2, 6, 6, 5, 5, 6, 5, 6, 6, 3, 6, 1, 6, 6, 6, 4, 1, 6, 6, 3, 2, 2, 6, 6, 1, 1, 1, 2, 1, 1, 4, 1, 2, 2, 3, 2, 6, 6, 1, 4, 3, 6, 4, 1, 2, 3, 4, 6, 3, 1, 1, 3, 2, 4, 6, 2, 1, 2, 5, 2, 3, 1, 2, 1]"
User-055,3,trace_0449,1788725452.2900722,streaming,21087,238,238,316,6,371.81548261642456,429.4321479797363,0.24310829267220155,9.0,0,True,,1788725022.857787,1788725394.6732695,1788725452.2899349,"[1788725394.6732695, 1788725395.3190532, 1788725395.9519682, 1788725396.6521568, 1788725397.3844757, 1788725398.1531305, 1788725398.962349, 1788725399.7739694, 1788725400.384069, 1788725401.0508332, 1788725401.7492547, 1788725402.4673986, 1788725403.221885, 1788725404.0091996, 1788725404.6769187, 1788725405.315472, 1788725405.9989645, 1788725406.7151504, 1788725407.4608266, 1788725408.236455, 1788725409.0372791, 1788725409.7224026, 1788725410.3299098, 1788725410.9890673, 1788725411.6869123, 1788725412.42561, 1788725413.1967654, 1788725413.9989305, 1788725414.8379126, 1788725415.7120285, 1788725416.609754, 1788725417.5086749, 1788725418.0970466, 1788725418.703411, 1788725419.3322933, 1788725419.9984286, 1788725420.6997232, 1788725421.4308865, 1788725422.1975362, 1788725422.9978962, 1788725423.8445802, 1788725424.7205036, 1788725425.6349912, 1788725426.580427, 1788725427.5483181, 1788725428.193885, 1788725428.7939272, 1788725429.4810092, 1788725430.2000728, 1788725430.945058, 1788725431.724343, 1788725432.5378706, 1788725433.3846824, 1788725434.205145, 1788725434.792031, 1788725435.439376, 1788725436.1216297, 1788725436.8300848, 1788725437.5715392, 1788725438.304495, 1788725438.910072, 1788725439.5668266, 1788725440.2511432, 1788725440.9673743, 1788725441.7114382, 1788725442.4869206, 1788725443.3045084, 1788725444.152188, 1788725445.027634, 1788725445.78794, 1788725446.405047, 1788725447.081655, 1788725447.7875214, 1788725448.5193577, 1788725449.2844095, 1788725450.0821302, 1788725450.9122102, 1788725451.6956306, 1788725452.2880654]","[1, 4, 3, 4, 1, 2, 2, 3, 2, 3, 1, 3, 4, 6, 4, 1, 5, 6, 5, 6, 4, 3, 2, 2, 4, 1, 2, 6, 2, 1, 3, 1, 2, 1, 3, 6, 1, 2, 6, 3, 2, 6, 1, 1, 3, 2, 2, 4, 1, 1, 5, 1, 2, 5, 3, 3, 2, 2, 6, 2, 4, 6, 5, 2, 2, 3, 1, 2, 4, 4, 6, 1, 5, 2, 6, 3, 1, 1, 5]"
User-091,0,trace_0285,1788725438.3059833,streaming,17210,107,107,0,268,357.4401352405548,386.0278811454773,0.26969571608417436,0.0,0,True,,1788725052.2779813,1788725409.7181165,1788725438.3058624,"[1788725409.7181165, 1788725410.3255951, 1788725410.984802, 1788725411.6823545, 1788725412.420893, 1788725413.193073, 1788725413.9949949, 1788725414.8331988, 1788725415.7085767, 1788725416.6062765, 1788725417.5065503, 1788725418.0930936, 1788725418.6985366, 1788725419.327831, 1788725419.993991, 1788725420.6952457, 1788725421.4265528, 1788725422.1942644, 1788725422.9939692, 1788725423.8406026, 1788725424.7147, 1788725425.631265, 1788725426.5765314, 1788725427.5443954, 1788725428.189459, 1788725428.790094, 1788725429.477723, 1788725430.196093, 1788725430.9412296, 1788725431.7204826, 1788725432.5340147, 1788725433.381013, 1788725434.2006955, 1788725434.787636, 1788725435.4350252, 1788725436.1142812, 1788725436.8256652, 1788725437.567264, 1788725438.300108]","[1, 4, 2, 6, 4, 1, 3, 4, 1, 6, 1, 3, 1, 6, 2, 2, 3, 4, 3, 6, 2, 3, 2, 1, 4, 2, 1, 3, 3, 1, 3, 1, 1, 6, 2, 1, 5, 2, 1]"
User-089,0,trace_0671,1788725445.0288382,streaming,18879,183,183,0,294,376.2055604457855,421.4657895565033,0.24868257753141634,0.0,0,True,,1788725023.5628884,1788725399.7684488,1788725445.028678,"[1788725399.7684488, 1788725400.3787107, 1788725401.0452068, 1788725401.7433922, 1788725402.462331, 1788725403.2165043, 1788725404.0038183, 1788725404.672034, 1788725405.3102896, 1788725405.9937606, 1788725406.7100294, 1788725407.4578822, 1788725408.2313015, 1788725409.0348907, 1788725409.7166846, 1788725410.3244643, 1788725410.9836817, 1788725411.6812782, 1788725412.4195466, 1788725413.1917548, 1788725413.993642, 1788725414.831695, 1788725415.7073078, 1788725416.6049533, 1788725417.5057688, 1788725418.0918467, 1788725418.6972094, 1788725419.3266308, 1788725419.9926424, 1788725420.693612, 1788725421.4252295, 1788725422.1935284, 1788725422.9926443, 1788725423.8392947, 1788725424.7129624, 1788725425.630188, 1788725426.5751767, 1788725427.5430753, 1788725428.1883662, 1788725428.7887836, 1788725429.4766989, 1788725430.1946778, 1788725430.9400306, 1788725431.719266, 1788725432.5328085, 1788725433.379769, 1788725434.1995258, 1788725434.7864158, 1788725435.4338467, 1788725436.1130772, 1788725436.8245049, 1788725437.5659838, 1788725438.298817, 1788725438.905046, 1788725439.5617008, 1788725440.2462084, 1788725440.9623294, 1788725441.7065165, 1788725442.482001, 1788725443.2989588, 1788725444.1476073, 1788725445.022848]","[1, 6, 3, 1, 6, 3, 2, 2, 3, 2, 3, 1, 3, 1, 1, 5, 1, 6, 6, 3, 2, 2, 2, 1, 2, 2, 3, 3, 3, 3, 3, 2, 3, 4, 2, 5, 1, 4, 4, 3, 1, 2, 2, 3, 6, 6, 1, 4, 2, 4, 6, 5, 3, 1, 6, 1, 2, 3, 1, 2, 6, 3]"
User-074,0,trace_0718,1788725422.198066,streaming,21648,943,935,0,337,392.71612668037415,596.1165890693665,0.21777351433510955,0.0,0,True,,1788724826.081384,1788725218.7975106,1788725422.197973,"[1788725218.7975106, 1788725219.4033864, 1788725220.061321, 1788725220.7579165, 1788725221.4808266, 1788725222.2368712, 1788725223.0232823, 1788725223.866012, 1788725224.442704, 1788725225.0745025, 1788725225.7418077, 1788725226.438509, 1788725227.168888, 1788725227.935236, 1788725228.7369852, 1788725229.4733646, 1788725230.0664, 1788725230.7168531, 1788725231.4012055, 1788725232.1154416, 1788725232.86613, 1788725233.6504695, 1788725234.4695575, 1788725235.3242822, 1788725235.9044774, 1788725236.5458522, 1788725237.2153516, 1788725237.9195986, 1788725238.6560473, 1788725239.4234047, 1788725240.1933875, 1788725240.778567, 1788725241.4858367, 1788725242.1013563, 1788725242.8084228, 1788725243.4581702, 1788725244.0651567, 1788725244.7208571, 1788725245.4136107, 1788725246.133488, 1788725246.888163, 1788725247.6560185, 1788725248.2423954, 1788725248.8846269, 1788725249.5593965, 1788725250.2691529, 1788725251.008935, 1788725251.7815382, 1788725252.5860128, 1788725253.4279523, 1788725254.255178, 1788725254.8365989, 1788725255.4833155, 1788725256.1616292, 1788725256.8729339, 1788725257.6149857, 1788725258.387273, 1788725259.195313, 1788725260.0386178, 1788725260.9172409, 1788725261.8241758, 1788725262.7766201, 1788725263.7629888, 1788725264.4783752, 1788725265.07283, 1788725265.7557926, 1788725266.4711933, 1788725267.2170038, 1788725267.973585, 1788725268.5662158, 1788725269.2124228, 1788725269.89053, 1788725270.6011486, 1788725271.3597105, 1788725272.1527958, 1788725272.9792202, 1788725273.8371732, 1788725274.5148473, 1788725275.1244555, 1788725275.7916934, 1788725276.4897664, 1788725277.2265785, 1788725277.983467, 1788725278.7970648, 1788725279.6344361, 1788725280.2873068, 1788725280.9014938, 1788725281.5690968, 1788725282.272169, 1788725283.0119617, 1788725283.790838, 1788725284.6052566, 1788725285.449528, 1788725286.3230724, 1788725287.255246, 1788725288.2103465, 1788725289.1777217, 1788725289.89254, 1788725290.5190253, 1788725291.181356, 1788725291.8817382, 1788725292.6130836, 1788725293.3759003, 1788725294.172149, 1788725295.0017438, 1788725295.7116358, 1788725296.3114047, 1788725296.9714599, 1788725297.6625473, 1788725298.396214, 1788725299.149191, 1788725299.9529228, 1788725300.784317, 1788725301.4587677, 1788725302.0649462, 1788725302.7272067, 1788725303.428088, 1788725304.1535165, 1788725304.9266593, 1788725305.736205, 1788725306.5777736, 1788725307.4541306, 1788725308.0363355, 1788725308.6752725, 1788725309.3450103, 1788725310.0528083, 1788725310.8011603, 1788725311.5840845, 1788725312.402933, 1788725313.2462833, 1788725314.0559263, 1788725314.6411, 1788725315.287992, 1788725315.9675157, 1788725316.6797087, 1788725317.4220247, 1788725318.0896883, 1788725318.6950507, 1788725319.3508449, 1788725320.0429826, 1788725320.7658648, 1788725321.5198543, 1788725322.317408, 1788725322.8966799, 1788725323.537306, 1788725324.209796, 1788725324.9154005, 1788725325.652267, 1788725326.4218106, 1788725327.226451, 1788725328.0657368, 1788725328.9416642, 1788725329.8560166, 1788725330.5451994, 1788725331.1468427, 1788725331.8282573, 1788725332.5435271, 1788725333.2832997, 1788725334.0599358, 1788725334.8546379, 1788725335.6931548, 1788725336.2958853, 1788725336.9569707, 1788725337.647051, 1788725338.3690746, 1788725339.1175485, 1788725339.8962722, 1788725340.7089212, 1788725341.5527089, 1788725342.3441958, 1788725342.9374108, 1788725343.6051872, 1788725344.3043978, 1788725345.0343518, 1788725345.791191, 1788725346.5789635, 1788725347.4015183, 1788725348.1417959, 1788725348.7303803, 1788725349.3905475, 1788725350.0795722, 1788725350.802766, 1788725351.4473145, 1788725352.0614846, 1788725352.7247784, 1788725353.4209876, 1788725354.1521263, 1788725354.9072754, 1788725355.7118862, 1788725356.559682, 1788725357.4326115, 1788725358.3356729, 1788725359.2576, 1788725360.1151984, 1788725360.7177372, 1788725361.383053, 1788725362.077816, 1788725362.805437, 1788725363.566514, 1788725364.35752, 1788725365.1798193, 1788725366.0362155, 1788725366.6258326, 1788725367.2800512, 1788725367.9643214, 1788725368.6796317, 1788725369.38405, 1788725369.9804728, 1788725370.626024, 1788725371.3039877, 1788725372.0143795, 1788725372.7589529, 1788725373.5317996, 1788725374.3412826, 1788725375.187731, 1788725376.0685434, 1788725376.9847634, 1788725377.9362228, 1788725378.578674, 1788725379.1838822, 1788725379.8529134, 1788725380.553893, 1788725381.284087, 1788725382.0455446, 1788725382.8454802, 1788725383.6885018, 1788725384.5673776, 1788725385.4731553, 1788725386.4105797, 1788725387.3779142, 1788725388.1465392, 1788725388.740498, 1788725389.3941305, 1788725390.0847898, 1788725390.8059025, 1788725391.5645611, 1788725392.346239, 1788725393.1731231, 1788725394.036475, 1788725394.6713123, 1788725395.3182008, 1788725395.9503665, 1788725396.6505682, 1788725397.382919, 1788725398.1515326, 1788725398.957655, 1788725399.772335, 1788725400.3825142, 1788725401.0490992, 1788725401.74735, 1788725402.466309, 1788725403.220779, 1788725404.0081093, 1788725404.6757953, 1788725405.3143382, 1788725405.9977753, 1788725406.7140162, 1788725407.4599977, 1788725408.2353873, 1788725409.0367732, 1788725409.7213566, 1788725410.3288503, 1788725410.9879894, 1788725411.6858237, 1788725412.4242547, 1788725413.1962643, 1788725413.9983428, 1788725414.8372912, 1788725415.7113562, 1788725416.6092343, 1788725417.5079296, 1788725418.0958996, 1788725418.70134, 1788725419.3306744, 1788725419.9967778, 1788725420.6981006, 1788725421.429291, 1788725422.1955953]","[1, 2, 4, 3, 1, 6, 4, 2, 2, 1, 5, 2, 1, 1, 6, 3, 4, 3, 2, 2, 1, 2, 1, 4, 2, 3, 5, 4, 6, 6, 2, 6, 1, 1, 2, 1, 2, 1, 3, 3, 2, 4, 6, 4, 3, 2, 1, 6, 1, 3, 1, 6, 6, 4, 1, 1, 3, 3, 4, 6, 2, 1, 4, 3, 1, 3, 3, 2, 1, 3, 5, 5, 3, 4, 6, 6, 3, 2, 1, 4, 5, 6, 6, 6, 6, 5, 4, 6, 6, 6, 6, 6, 3, 6, 4, 2, 6, 6, 6, 6, 3, 6, 6, 3, 6, 5, 6, 6, 5, 6, 4, 6, 3, 2, 4, 1, 6, 4, 6, 6, 6, 2, 6, 1, 2, 5, 3, 6, 5, 6, 6, 6, 2, 6, 4, 2, 2, 2, 6, 1, 4, 1, 1, 1, 1, 1, 3, 1, 5, 3, 2, 1, 6, 3, 2, 4, 1, 2, 6, 1, 1, 1, 2, 2, 4, 3, 1, 2, 3, 2, 2, 1, 1, 2, 1, 3, 2, 1, 1, 4, 2, 3, 1, 2, 1, 3, 5, 1, 1, 2, 1, 1, 1, 1, 4, 6, 5, 1, 2, 4, 3, 1, 1, 2, 6, 6, 2, 6, 5, 2, 6, 1, 6, 4, 1, 6, 3, 1, 4, 3, 3, 3, 5, 4, 1, 3, 2, 1, 2, 2, 3, 4, 2, 2, 6, 6, 6, 6, 2, 5, 4, 3, 3, 1, 2, 6, 4, 4, 6, 1, 3, 6, 2, 3, 1, 6, 6, 6, 1, 4, 1, 6, 2, 5, 1, 1, 5, 4, 6, 1, 6, 6, 6, 6, 6, 6, 1, 2]"
