user_id,request_idx,trace_id,timestamp,request_type,input_tokens,output_tokens_expected,output_tokens_actual,cache_hit_blocks,cache_miss_blocks,ttft,ttlt,itl,delay_expected,delay_actual,success,error_message,request_start_time,prefill_complete_time,request_complete_time,token_timestamps,tokens_per_chunk
User-048,3,trace_0546,1788722624.342283,streaming,14086,78,78,213,4,8.067110776901245,60.895036935806274,0.6860769631026628,5.0,0,True,,1788722563.4471707,1788722571.5142815,1788722624.3422077,"[1788722571.5142815, 1788722572.0733447, 1788722572.6879795, 1788722573.3326092, 1788722574.0061567, 1788722574.5579658, 1788722575.160401, 1788722575.7942514, 1788722576.458687, 1788722577.1568732, 1788722577.8831954, 1788722578.640525, 1788722579.4321432, 1788722580.0707123, 1788722580.6360533, 1788722581.2617753, 1788722581.9175537, 1788722582.607802, 1788722583.3270903, 1788722583.9538517, 1788722584.5249164, 1788722585.148448, 1788722585.8036969, 1788722586.4878361, 1788722587.074716, 1788722587.6552444, 1788722588.290043, 1788722588.9464517, 1788722589.637661, 1788722590.3601973, 1788722591.1139505, 1788722591.900737, 1788722592.718582, 1788722593.5668867, 1788722594.443715, 1788722595.171168, 1788722595.7231495, 1788722596.3431983, 1788722596.9948058, 1788722597.6786737, 1788722598.3944085, 1788722599.1394405, 1788722599.914862, 1788722600.6766512, 1788722601.2332706, 1788722601.841309, 1788722602.4829004, 1788722603.150546, 1788722603.8541305, 1788722604.5841227, 1788722605.3462763, 1788722606.141775, 1788722606.9681895, 1788722607.826016, 1788722608.712904, 1788722609.60147, 1788722610.149583, 1788722610.7557755, 1788722611.3931222, 1788722612.0605543, 1788722612.7629635, 1788722613.490933, 1788722614.2533174, 1788722615.0488963, 1788722615.6731906, 1788722616.2455, 1788722616.871575, 1788722617.5284224, 1788722618.2184951, 1788722618.9393709, 1788722619.6888895, 1788722620.321664, 1788722620.8943355, 1788722621.5183232, 1788722622.17381, 1788722622.8611298, 1788722623.5798042, 1788722624.3356197]","[1, 1, 1, 1, 1, 1, 1, 1, 1, 1, 1, 1, 1, 1, 1, 1, 1, 1, 1, 1, 1, 1, 1, 1, 1, 1, 1, 1, 1, 1, 1, 1, 1, 1, 1, 1, 1, 1, 1, 1, 1, 1, 1, 1, 1, 1, 1, 1, 1, 1, 1, 1, 1, 1, 1, 1, 1, 1, 1, 1, 1, 1, 1, 1, 1, 1, 1, 1, 1, 1, 1, 1, 1, 1, 1, 1, 1, 1]"
User-033,2,trace_0538,1788722657.2016184,streaming,10675,118,118,159,3,10.532240867614746,93.72824454307556,0.7110769544911181,8.0,0,True,,1788722563.4732902,1788722574.005531,1788722657.2015347,"[1788722574.005531, 1788722574.5571957, 1788722575.159776, 1788722575.7936492, 1788722576.458087, 1788722577.1562526, 1788722577.882546, 1788722578.6399188, 1788722579.4315283, 1788722580.070042, 1788722580.6354804, 1788722581.261158, 1788722581.9169316, 1788722582.6071985, 1788722583.3262837, 1788722583.9532487, 1788722584.524301, 1788722585.1478353, 1788722585.8031049, 1788722586.4872134, 1788722587.0741196, 1788722587.654648, 1788722588.2893605, 1788722588.945863, 1788722589.6370625, 1788722590.359573, 1788722591.1133099, 1788722591.9001117, 1788722592.7179685, 1788722593.5662382, 1788722594.4430964, 1788722595.1703308, 1788722595.7225049, 1788722596.342542, 1788722596.9941812, 1788722597.6780598, 1788722598.3937845, 1788722599.1388335, 1788722599.9142, 1788722600.6759887, 1788722601.2326605, 1788722601.8406882, 1788722602.4822779, 1788722603.1499393, 1788722603.853517, 1788722604.5835047, 1788722605.345594, 1788722606.1411808, 1788722606.9675994, 1788722607.825419, 1788722608.712302, 1788722609.600773, 1788722610.1489675, 1788722610.7551732, 1788722611.3925295, 1788722612.059963, 1788722612.7623403, 1788722613.4903073, 1788722614.2527125, 1788722615.0481749, 1788722615.6725373, 1788722616.2449102, 1788722616.870978, 1788722617.5278225, 1788722618.2178788, 1788722618.938783, 1788722619.6882524, 1788722620.321013, 1788722620.893691, 1788722621.5177379, 1788722622.1732178, 1788722622.8605282, 1788722623.5791237, 1788722624.3348832, 1788722625.1190894, 1788722625.9388964, 1788722626.791585, 1788722627.6775038, 1788722628.588581, 1788722629.4911594, 1788722630.0365238, 1788722630.6482556, 1788722631.2860374, 1788722631.9589133, 1788722632.6585698, 1788722633.3889754, 1788722634.1544771, 1788722634.952162, 1788722635.6349375, 1788722636.198483, 1788722636.8214571, 1788722637.4726877, 1788722638.1550913, 1788722638.8707106, 1788722639.616102, 1788722640.3966398, 1788722641.2072513, 1788722642.049532, 1788722642.934585, 1788722643.8462665, 1788722644.7823076, 1788722645.533466, 1788722646.0891852, 1788722646.7122025, 1788722647.3633401, 1788722648.0472744, 1788722648.7634745, 1788722649.5082839, 1788722650.285329, 1788722651.095322, 1788722651.9368749, 1788722652.8102355, 1788722653.7220767, 1788722654.6649356, 1788722655.345259, 1788722655.9082727, 1788722656.5392795, 1788722657.1977017]","[1, 1, 1, 1, 1, 1, 1, 1, 1, 1, 1, 1, 1, 1, 1, 1, 1, 1, 1, 1, 1, 1, 1, 1, 1, 1, 1, 1, 1, 1, 1, 1, 1, 1, 1, 1, 1, 1, 1, 1, 1, 1, 1, 1, 1, 1, 1, 1, 1, 1, 1, 1, 1, 1, 1, 1, 1, 1, 1, 1, 1, 1, 1, 1, 1, 1, 1, 1, 1, 1, 1, 1, 1, 1, 1, 1, 1, 1, 1, 1, 1, 1, 1, 1, 1, 1, 1, 1, 1, 1, 1, 1, 1, 1, 1, 1, 1, 1, 1, 1, 1, 1, 1, 1, 1, 1, 1, 1, 1, 1, 1, 1, 1, 1, 1, 1, 1, 1]"
User-042,2,trace_0582,1788722688.7841382,streaming,21318,75,75,319,11,71.74549460411072,124.89178729057312,0.718193144411654,11.0,0,True,,1788722563.8922217,1788722635.6377163,1788722688.784009,"[1788722635.6377163, 1788722636.2007394, 1788722636.8236768, 1788722637.4748647, 1788722638.157276, 1788722638.873005, 1788722639.6182938, 1788722640.3988566, 1788722641.2094471, 1788722642.0517209, 1788722642.9367788, 1788722643.8485043, 1788722644.7845268, 1788722645.5389616, 1788722646.0919645, 1788722646.7149436, 1788722647.366043, 1788722648.0500038, 1788722648.7662127, 1788722649.5109956, 1788722650.2881346, 1788722651.0981398, 1788722651.9396331, 1788722652.815534, 1788722653.7248185, 1788722654.6677146, 1788722655.3481355, 1788722655.9111986, 1788722656.5420353, 1788722657.200889, 1788722657.9096906, 1788722658.6483295, 1788722659.4154112, 1788722660.2139046, 1788722661.0410907, 1788722661.8964424, 1788722662.778993, 1788722663.5715256, 1788722664.1224186, 1788722664.7409048, 1788722665.3862112, 1788722666.0643494, 1788722666.7721658, 1788722667.511474, 1788722668.284167, 1788722669.0876675, 1788722669.933018, 1788722670.4917374, 1788722671.1047745, 1788722671.7490003, 1788722672.4204268, 1788722673.1243398, 1788722673.8580263, 1788722674.6248863, 1788722675.4255626, 1788722676.2619011, 1788722677.127198, 1788722677.8771505, 1788722678.4395125, 1788722679.07122, 1788722679.719495, 1788722680.402693, 1788722681.1013744, 1788722681.6684356, 1788722682.283976, 1788722682.9310925, 1788722683.6044762, 1788722684.3118188, 1788722684.9706576, 1788722685.5443716, 1788722686.1708415, 1788722686.8268483, 1788722687.513595, 1788722688.207738, 1788722688.7782905]","[1, 1, 1, 1, 1, 1, 1, 1, 1, 1, 1, 1, 1, 1, 1, 1, 1, 1, 1, 1, 1, 1, 1, 1, 1, 1, 1, 1, 1, 1, 1, 1, 1, 1, 1, 1, 1, 1, 1, 1, 1, 1, 1, 1, 1, 1, 1, 1, 1, 1, 1, 1, 1, 1, 1, 1, 1, 1, 1, 1, 1, 1, 1, 1, 1, 1, 1, 1, 1, 1, 1, 1, 1, 1, 1]"
User-017,2,trace_0726,1788722690.7987077,streaming,20946,127,127,317,3,37.055694580078125,127.1761863231659,0.7152419979610141,6.0,0,True,,1788722563.6224291,1788722600.6781237,1788722690.7986155,"[1788722600.6781237, 1788722601.2344468, 1788722601.8424242, 1788722602.4840434, 1788722603.1517568, 1788722603.855267, 1788722604.5852573, 1788722605.3474126, 1788722606.1429117, 1788722606.9693265, 1788722607.8271756, 1788722608.7140803, 1788722609.6035106, 1788722610.1512582, 1788722610.7574656, 1788722611.3947122, 1788722612.0621662, 1788722612.7646143, 1788722613.4926567, 1788722614.2549858, 1788722615.0504766, 1788722615.6748614, 1788722616.2471318, 1788722616.8731964, 1788722617.5300257, 1788722618.2202628, 1788722618.9409792, 1788722619.6905107, 1788722620.323341, 1788722620.8959875, 1788722621.5199943, 1788722622.1754613, 1788722622.8654273, 1788722623.581472, 1788722624.3376966, 1788722625.1209614, 1788722625.9405816, 1788722626.7932708, 1788722627.6792274, 1788722628.5902958, 1788722629.4939315, 1788722630.0387223, 1788722630.6504385, 1788722631.288219, 1788722631.9610689, 1788722632.6607857, 1788722633.3915873, 1788722634.156729, 1788722634.9543343, 1788722635.6382113, 1788722636.201258, 1788722636.8240654, 1788722637.4753613, 1788722638.15776, 1788722638.8735058, 1788722639.618812, 1788722640.3993757, 1788722641.2099473, 1788722642.052201, 1788722642.9372666, 1788722643.8489895, 1788722644.785037, 1788722645.5395267, 1788722646.0924609, 1788722646.7154307, 1788722647.3665528, 1788722648.0504947, 1788722648.766711, 1788722649.5114915, 1788722650.288623, 1788722651.0986583, 1788722651.9401243, 1788722652.8160496, 1788722653.7253222, 1788722654.6682003, 1788722655.349507, 1788722655.9122808, 1788722656.5431519, 1788722657.2025855, 1788722657.910726, 1788722658.649309, 1788722659.4164326, 1788722660.2169943, 1788722661.0421689, 1788722661.8974268, 1788722662.7799904, 1788722663.5725164, 1788722664.1234531, 1788722664.7418988, 1788722665.3873858, 1788722666.0653327, 1788722666.7731452, 1788722667.5124593, 1788722668.2851799, 1788722669.0886612, 1788722669.9339914, 1788722670.49273, 1788722671.1057703, 1788722671.7499828, 1788722672.421528, 1788722673.1253088, 1788722673.859127, 1788722674.625895, 1788722675.426543, 1788722676.2629008, 1788722677.1281836, 1788722677.878124, 1788722678.4405773, 1788722679.0721962, 1788722679.7204988, 1788722680.4037943, 1788722681.1032016, 1788722681.670006, 1788722682.2857373, 1788722682.9327135, 1788722683.6060586, 1788722684.3133905, 1788722684.9721427, 1788722685.5458884, 1788722686.1725063, 1788722686.8284416, 1788722687.5151455, 1788722688.2091682, 1788722688.7804785, 1788722689.4214292, 1788722690.091668, 1788722690.794705]","[1, 1, 1, 1, 1, 1, 1, 1, 1, 1, 1, 1, 1, 1, 1, 1, 1, 1, 1, 1, 1, 1, 1, 1, 1, 1, 1, 1, 1, 1, 1, 1, 1, 1, 1, 1, 1, 1, 1, 1, 1, 1, 1, 1, 1, 1, 1, 1, 1, 1, 1, 1, 1, 1, 1, 1, 1, 1, 1, 1, 1, 1, 1, 1, 1, 1, 1, 1, 1, 1, 1, 1, 1, 1, 1, 1, 1, 1, 1, 1, 1, 1, 1, 1, 1, 1, 1, 1, 1, 1, 1, 1, 1, 1, 1, 1, 1, 1, 1, 1, 1, 1, 1, 1, 1, 1, 1, 1, 1, 1, 1, 1, 1, 1, 1, 1, 1, 1, 1, 1, 1, 1, 1, 1, 1, 1, 1]"
User-025,5,trace_0588,1788722694.1073186,streaming,30065,120,120,463,3,45.91369557380676,130.41792035102844,0.7101195359430393,7.0,0,True,,1788722563.6892908,1788722609.6029863,1788722694.107211,"[1788722609.6029863, 1788722610.1507056, 1788722610.7569385, 1788722611.3942087, 1788722612.061667, 1788722612.764098, 1788722613.4921415, 1788722614.2544498, 1788722615.049969, 1788722615.6743193, 1788722616.2466035, 1788722616.8727067, 1788722617.52953, 1788722618.2197616, 1788722618.9404764, 1788722619.6900196, 1788722620.3228343, 1788722620.8954928, 1788722621.51947, 1788722622.1749616, 1788722622.8623154, 1788722623.580958, 1788722624.3371332, 1788722625.120425, 1788722625.9400811, 1788722626.7927752, 1788722627.6786857, 1788722628.5897863, 1788722629.4933991, 1788722630.0382397, 1788722630.6499329, 1788722631.2877243, 1788722631.9605858, 1788722632.6602917, 1788722633.3910735, 1788722634.15624, 1788722634.9538412, 1788722635.6368992, 1788722636.2002447, 1788722636.8232956, 1788722637.474349, 1788722638.156778, 1788722638.8725126, 1788722639.6177974, 1788722640.3983428, 1788722641.2089615, 1788722642.0512407, 1788722642.936297, 1788722643.8480048, 1788722644.7840347, 1788722645.5383756, 1788722646.091473, 1788722646.7144213, 1788722647.3655453, 1788722648.049513, 1788722648.765718, 1788722649.5104632, 1788722650.287639, 1788722651.0976307, 1788722651.9391325, 1788722652.8150084, 1788722653.724328, 1788722654.6672251, 1788722655.3476584, 1788722655.9106686, 1788722656.5415382, 1788722657.200393, 1788722657.9091904, 1788722658.6477828, 1788722659.4149034, 1788722660.213409, 1788722661.0405777, 1788722661.8959503, 1788722662.778475, 1788722663.5710075, 1788722664.1219351, 1788722664.74041, 1788722665.3857055, 1788722666.0638523, 1788722666.771668, 1788722667.5109758, 1788722668.2836735, 1788722669.0871546, 1788722669.932541, 1788722670.4912374, 1788722671.1042755, 1788722671.748491, 1788722672.4199224, 1788722673.1238542, 1788722673.8575163, 1788722674.6243765, 1788722675.4250722, 1788722676.2613935, 1788722677.1266541, 1788722677.8758235, 1788722678.4384766, 1788722679.0699952, 1788722679.7183557, 1788722680.4016874, 1788722681.1003954, 1788722681.667423, 1788722682.2829843, 1788722682.9300551, 1788722683.6034696, 1788722684.3108234, 1788722684.969538, 1788722685.5434206, 1788722686.1692, 1788722686.8258526, 1788722687.512379, 1788722688.2067578, 1788722688.7772565, 1788722689.4192817, 1788722690.089458, 1788722690.7920773, 1788722691.4907548, 1788722692.0850646, 1788722692.7271013, 1788722693.3983636, 1788722694.1009634]","[1, 1, 1, 1, 1, 1, 1, 1, 1, 1, 1, 1, 1, 1, 1, 1, 1, 1, 1, 1, 1, 1, 1, 1, 1, 1, 1, 1, 1, 1, 1, 1, 1, 1, 1, 1, 1, 1, 1, 1, 1, 1, 1, 1, 1, 1, 1, 1, 1, 1, 1, 1, 1, 1, 1, 1, 1, 1, 1, 1, 1, 1, 1, 1, 1, 1, 1, 1, 1, 1, 1, 1, 1, 1, 1, 1, 1, 1, 1, 1, 1, 1, 1, 1, 1, 1, 1, 1, 1, 1, 1, 1, 1, 1, 1, 1, 1, 1, 1, 1, 1, 1, 1, 1, 1, 1, 1, 1, 1, 1, 1, 1, 1, 1, 1, 1, 1, 1, 1, 1]"
User-070,2,trace_0477,1788722694.77638,streaming,20651,163,163,307,15,16.56033992767334,131.26501774787903,0.7080535667913931,12.0,0,True,,1788722563.5112984,1788722580.0716383,1788722694.7763162,"[1788722580.0716383, 1788722580.6365743, 1788722581.2623339, 1788722581.9181154, 1788722582.608371, 1788722583.327625, 1788722583.9552953, 1788722584.5260046, 1788722585.1495602, 1788722585.8047736, 1788722586.4889112, 1788722587.076616, 1788722587.6568408, 1788722588.2916887, 1788722588.9480493, 1788722589.6393151, 1788722590.3618197, 1788722591.1156156, 1788722591.9023898, 1788722592.7202137, 1788722593.5683932, 1788722594.4452837, 1788722595.1736042, 1788722595.7252498, 1788722596.3453841, 1788722596.9968581, 1788722597.6809006, 1788722598.3966017, 1788722599.1416624, 1788722599.9170465, 1788722600.6796944, 1788722601.2360597, 1788722601.843919, 1788722602.485563, 1788722603.153286, 1788722603.8568022, 1788722604.588994, 1788722605.3490117, 1788722606.1444058, 1788722606.9708438, 1788722607.8287053, 1788722608.7156096, 1788722609.605014, 1788722610.1527667, 1788722610.7590213, 1788722611.396331, 1788722612.0637343, 1788722612.766098, 1788722613.4941545, 1788722614.2563899, 1788722615.052149, 1788722615.6770926, 1788722616.2492836, 1788722616.8752367, 1788722617.5320168, 1788722618.2223024, 1788722618.942985, 1788722619.6925437, 1788722620.326056, 1788722620.898562, 1788722621.5225306, 1788722622.1779687, 1788722622.8680868, 1788722623.584078, 1788722624.340566, 1788722625.123538, 1788722625.9431155, 1788722626.7962124, 1788722627.6817546, 1788722628.594767, 1788722629.4964452, 1788722630.0412226, 1788722630.6529238, 1788722631.290715, 1788722631.9635768, 1788722632.6633232, 1788722633.394097, 1788722634.1592546, 1788722634.9568107, 1788722635.6406794, 1788722636.2037058, 1788722636.8260415, 1788722637.4779043, 1788722638.160179, 1788722638.8759964, 1788722639.6213307, 1788722640.401861, 1788722641.2124588, 1788722642.0550742, 1788722642.9398444, 1788722643.851517, 1788722644.7875988, 1788722645.5423677, 1788722646.0949862, 1788722646.7180076, 1788722647.3691103, 1788722648.0530252, 1788722648.769261, 1788722649.5140212, 1788722650.2911298, 1788722651.1012611, 1788722651.9428127, 1788722652.8186216, 1788722653.7278442, 1788722654.6707158, 1788722655.352161, 1788722655.914791, 1788722656.5455525, 1788722657.205104, 1788722657.9131885, 1788722658.6518424, 1788722659.4190571, 1788722660.2196229, 1788722661.0443697, 1788722661.9003708, 1788722662.7825055, 1788722663.5759163, 1788722664.1264505, 1788722664.7454104, 1788722665.390397, 1788722666.068381, 1788722666.7762132, 1788722667.5154865, 1788722668.288232, 1788722669.0917442, 1788722669.9371216, 1788722670.495751, 1788722671.1085227, 1788722671.7530513, 1788722672.4245806, 1788722673.1283138, 1788722673.8620355, 1788722674.6289172, 1788722675.429618, 1788722676.2659526, 1788722677.1315782, 1788722677.8810189, 1788722678.4435685, 1788722679.074465, 1788722679.7235694, 1788722680.4067512, 1788722681.1061285, 1788722681.673008, 1788722682.288682, 1788722682.9357781, 1788722683.609045, 1788722684.3163645, 1788722684.9752543, 1788722685.5485723, 1788722686.1754718, 1788722686.8314285, 1788722687.5180655, 1788722688.2121375, 1788722688.783412, 1788722689.424342, 1788722690.0951426, 1788722690.798046, 1788722691.496298, 1788722692.0902097, 1788722692.7330556, 1788722693.4035103, 1788722694.106671, 1788722694.7756891]","[1, 1, 1, 1, 1, 1, 1, 1, 1, 1, 1, 1, 1, 1, 1, 1, 1, 1, 1, 1, 1, 1, 1, 1, 1, 1, 1, 1, 1, 1, 1, 1, 1, 1, 1, 1, 1, 1, 1, 1, 1, 1, 1, 1, 1, 1, 1, 1, 1, 1, 1, 1, 1, 1, 1, 1, 1, 1, 1, 1, 1, 1, 1, 1, 1, 1, 1, 1, 1, 1, 1, 1, 1, 1, 1, 1, 1, 1, 1, 1, 1, 1, 1, 1, 1, 1, 1, 1, 1, 1, 1, 1, 1, 1, 1, 1, 1, 1, 1, 1, 1, 1, 1, 1, 1, 1, 1, 1, 1, 1, 1, 1, 1, 1, 1, 1, 1, 1, 1, 1, 1, 1, 1, 1, 1, 1, 1, 1, 1, 1, 1, 1, 1, 1, 1, 1, 1, 1, 1, 1, 1, 1, 1, 1, 1, 1, 1, 1, 1, 1, 1, 1, 1, 1, 1, 1, 1, 1, 1, 1, 1, 1, 1]"
User-022,19,trace_0418,1788722716.1215937,streaming,28118,173,173,423,4,31.597257137298584,152.54566645622253,0.7031884262728136,7.0,0,True,,1788722563.5758123,1788722595.1730695,1788722716.1214788,"[1788722595.1730695, 1788722595.7247484, 1788722596.3448455, 1788722596.996329, 1788722597.6803768, 1788722598.3960965, 1788722599.1411126, 1788722599.9165418, 1788722600.6791737, 1788722601.235533, 1788722601.8435109, 1788722602.4850624, 1788722603.1527886, 1788722603.856287, 1788722604.586275, 1788722605.3484979, 1788722606.1439195, 1788722606.9703324, 1788722607.8281872, 1788722608.715116, 1788722609.6045356, 1788722610.1522667, 1788722610.7584825, 1788722611.3957686, 1788722612.0632415, 1788722612.7656007, 1788722613.4936564, 1788722614.255887, 1788722615.0516086, 1788722615.6765697, 1788722616.2487574, 1788722616.874703, 1788722617.5314734, 1788722618.2217762, 1788722618.9424338, 1788722619.6920297, 1788722620.3255749, 1788722620.8980606, 1788722621.5220444, 1788722622.1774724, 1788722622.8676448, 1788722623.5835812, 1788722624.3400345, 1788722625.1230443, 1788722625.9426112, 1788722626.7956977, 1788722627.6812334, 1788722628.5942075, 1788722629.4959664, 1788722630.0407329, 1788722630.6524403, 1788722631.2902265, 1788722631.9630604, 1788722632.662832, 1788722633.3936186, 1788722634.1587548, 1788722634.9562867, 1788722635.6401987, 1788722636.2031982, 1788722636.8256414, 1788722637.4773905, 1788722638.1597035, 1788722638.8755121, 1788722639.6208296, 1788722640.4013784, 1788722641.211916, 1788722642.0545626, 1788722642.9393318, 1788722643.8509982, 1788722644.7870724, 1788722645.5417957, 1788722646.0944827, 1788722646.7174983, 1788722647.3686237, 1788722648.052533, 1788722648.7687705, 1788722649.513526, 1788722650.2906268, 1788722651.1007411, 1788722651.94231, 1788722652.8181233, 1788722653.7274518, 1788722654.6702254, 1788722655.3516703, 1788722655.9142811, 1788722656.545037, 1788722657.2045965, 1788722657.9126997, 1788722658.6513593, 1788722659.4185336, 1788722660.2191155, 1788722661.0439982, 1788722661.899851, 1788722662.7820036, 1788722663.5754097, 1788722664.1259632, 1788722664.7449174, 1788722665.3899014, 1788722666.067884, 1788722666.775726, 1788722667.5149932, 1788722668.2877164, 1788722669.0912292, 1788722669.9364488, 1788722670.495265, 1788722671.1081514, 1788722671.7525496, 1788722672.4240806, 1788722673.127828, 1788722673.86155, 1788722674.6284266, 1788722675.4291341, 1788722676.2654412, 1788722677.1310768, 1788722677.8805296, 1788722678.4430623, 1788722679.0740888, 1788722679.723043, 1788722680.4062552, 1788722681.1056442, 1788722681.672503, 1788722682.288183, 1788722682.9352827, 1788722683.6085443, 1788722684.3158789, 1788722684.9747655, 1788722685.5482004, 1788722686.1749797, 1788722686.8309352, 1788722687.517579, 1788722688.2116585, 1788722688.7829206, 1788722689.4238644, 1788722690.0945992, 1788722690.7975607, 1788722691.4958172, 1788722692.0897005, 1788722692.732425, 1788722693.4030242, 1788722694.1061542, 1788722694.7751646, 1788722695.3770697, 1788722696.0312686, 1788722696.7032144, 1788722697.4110243, 1788722698.1155255, 1788722698.686961, 1788722699.3013709, 1788722699.9488738, 1788722700.6245453, 1788722701.35088, 1788722701.9126632, 1788722702.5247004, 1788722703.167061, 1788722703.8363452, 1788722704.538429, 1788722705.2689362, 1788722705.9118595, 1788722706.4897013, 1788722707.11991, 1788722707.78035, 1788722708.4679966, 1788722709.188107, 1788722709.9008996, 1788722710.470192, 1788722711.088965, 1788722711.7390702, 1788722712.415319, 1788722713.1250238, 1788722713.8713832, 1788722714.6485512, 1788722715.4541054, 1788722716.1110616]","[1, 1, 1, 1, 1, 1, 1, 1, 1, 1, 1, 1, 1, 1, 1, 1, 1, 1, 1, 1, 1, 1, 1, 1, 1, 1, 1, 1, 1, 1, 1, 1, 1, 1, 1, 1, 1, 1, 1, 1, 1, 1, 1, 1, 1, 1, 1, 1, 1, 1, 1, 1, 1, 1, 1, 1, 1, 1, 1, 1, 1, 1, 1, 1, 1, 1, 1, 1, 1, 1, 1, 1, 1, 1, 1, 1, 1, 1, 1, 1, 1, 1, 1, 1, 1, 1, 1, 1, 1, 1, 1, 1, 1, 1, 1, 1, 1, 1, 1, 1, 1, 1, 1, 1, 1, 1, 1, 1, 1, 1, 1, 1, 1, 1, 1, 1, 1, 1, 1, 1, 1, 1, 1, 1, 1, 1, 1, 1, 1, 1, 1, 1, 1, 1, 1, 1, 1, 1, 1, 1, 1, 1, 1, 1, 1, 1, 1, 1, 1, 1, 1, 1, 1, 1, 1, 1, 1, 1, 1, 1, 1, 1, 1, 1, 1, 1, 1, 1, 1, 1, 1, 1, 1]"
User-060,23,trace_0527,1788722716.1219819,streaming,28229,79,79,428,2,99.40249633789062,151.95105957984924,0.6736995287430592,7.0,0,True,,1788722564.170847,1788722663.5733433,1788722716.1219065,"[1788722663.5733433, 1788722664.124015, 1788722664.7423873, 1788722665.3879027, 1788722666.0658267, 1788722666.773657, 1788722667.512954, 1788722668.285668, 1788722669.0891535, 1788722669.9344714, 1788722670.49329, 1788722671.106334, 1788722671.7505403, 1788722672.4220395, 1788722673.1258655, 1788722673.8596168, 1788722674.6264584, 1788722675.4271626, 1788722676.2634666, 1788722677.1289313, 1788722677.8786056, 1788722678.441079, 1788722679.0726032, 1788722679.7210007, 1788722680.4042869, 1788722681.1036913, 1788722681.670502, 1788722682.286226, 1788722682.933228, 1788722683.606548, 1788722684.3138788, 1788722684.97281, 1788722685.5463636, 1788722686.1729956, 1788722686.8289316, 1788722687.515634, 1788722688.2097208, 1788722688.7809875, 1788722689.4219213, 1788722690.0921786, 1788722690.7955334, 1788722691.4929159, 1788722692.0871994, 1788722692.7292743, 1788722693.4005532, 1788722694.1033807, 1788722694.7717836, 1788722695.3740382, 1788722696.02832, 1788722696.699991, 1788722697.4079041, 1788722698.112645, 1788722698.6838186, 1788722699.298114, 1788722699.9459457, 1788722700.6217053, 1788722701.3469203, 1788722701.9096558, 1788722702.5211895, 1788722703.163407, 1788722703.8328016, 1788722704.5349193, 1788722705.2654424, 1788722705.9123783, 1788722706.4902244, 1788722707.1204238, 1788722707.7808774, 1788722708.468517, 1788722709.188623, 1788722709.9014177, 1788722710.4707158, 1788722711.089514, 1788722711.739585, 1788722712.4158137, 1788722713.12565, 1788722713.8719554, 1788722714.6491263, 1788722715.4546275, 1788722716.1119232]","[1, 1, 1, 1, 1, 1, 1, 1, 1, 1, 1, 1, 1, 1, 1, 1, 1, 1, 1, 1, 1, 1, 1, 1, 1, 1, 1, 1, 1, 1, 1, 1, 1, 1, 1, 1, 1, 1, 1, 1, 1, 1, 1, 1, 1, 1, 1, 1, 1, 1, 1, 1, 1, 1, 1, 1, 1, 1, 1, 1, 1, 1, 1, 1, 1, 1, 1, 1, 1, 1, 1, 1, 1, 1, 1, 1, 1, 1, 1]"
User-045,6,trace_0729,1788722719.5179975,streaming,32368,108,108,500,2,81.57095837593079,155.55170822143555,0.6914088770607921,6.0,0,True,,1788722563.9661808,1788722645.5371392,1788722719.517889,"[1788722645.5371392, 1788722646.090427, 1788722646.7134104, 1788722647.364557, 1788722648.0484874, 1788722648.7646146, 1788722649.5094707, 1788722650.286463, 1788722651.0966055, 1788722651.9380593, 1788722652.8139024, 1788722653.7233045, 1788722654.6661594, 1788722655.3466108, 1788722655.909627, 1788722656.5404894, 1788722657.1993628, 1788722657.9080725, 1788722658.6466355, 1788722659.413696, 1788722660.2122998, 1788722661.0395453, 1788722661.894819, 1788722662.777373, 1788722663.5698905, 1788722664.120837, 1788722664.7393088, 1788722665.384604, 1788722666.062682, 1788722666.7705328, 1788722667.5098348, 1788722668.2825315, 1788722669.0860088, 1788722669.9305172, 1788722670.4895456, 1788722671.1026301, 1788722671.7468402, 1788722672.4181983, 1788722673.1222224, 1788722673.8559208, 1788722674.6227088, 1788722675.4234326, 1788722676.2597644, 1788722677.1250277, 1788722677.8741224, 1788722678.4368377, 1788722679.065308, 1788722679.7167618, 1788722680.40007, 1788722681.0986843, 1788722681.6657333, 1788722682.2813442, 1788722682.9284132, 1788722683.6017911, 1788722684.3091044, 1788722684.9680233, 1788722685.5419183, 1788722686.1676106, 1788722686.8242826, 1788722687.5100837, 1788722688.2043958, 1788722688.774788, 1788722689.4167933, 1788722690.0873458, 1788722690.7899878, 1788722691.4883566, 1788722692.0824158, 1788722692.7249718, 1788722693.3957467, 1788722694.098714, 1788722694.767601, 1788722695.3697078, 1788722696.0242603, 1788722696.6962113, 1788722697.4041574, 1788722698.1091878, 1788722698.6763375, 1788722699.2945092, 1788722699.9422455, 1788722700.6179965, 1788722701.343335, 1788722701.9059467, 1788722702.5173404, 1788722703.1597607, 1788722703.8291364, 1788722704.5312836, 1788722705.2617671, 1788722705.9188473, 1788722706.4989908, 1788722707.127256, 1788722707.7871914, 1788722708.4747689, 1788722709.1948383, 1788722709.9075475, 1788722710.4769197, 1788722711.0960488, 1788722711.7460525, 1788722712.4217894, 1788722713.1321769, 1788722713.8783295, 1788722714.655527, 1788722715.4612947, 1788722716.1182418, 1788722716.7042747, 1788722717.362566, 1788722718.0486443, 1788722718.766168, 1788722719.5141888]","[1, 1, 1, 1, 1, 1, 1, 1, 1, 1, 1, 1, 1, 1, 1, 1, 1, 1, 1, 1, 1, 1, 1, 1, 1, 1, 1, 1, 1, 1, 1, 1, 1, 1, 1, 1, 1, 1, 1, 1, 1, 1, 1, 1, 1, 1, 1, 1, 1, 1, 1, 1, 1, 1, 1, 1, 1, 1, 1, 1, 1, 1, 1, 1, 1, 1, 1, 1, 1, 1, 1, 1, 1, 1, 1, 1, 1, 1, 1, 1, 1, 1, 1, 1, 1, 1, 1, 1, 1, 1, 1, 1, 1, 1, 1, 1, 1, 1, 1, 1, 1, 1, 1, 1, 1, 1, 1, 1]"
User-035,3,trace_0062,1788722724.2688828,streaming,17633,149,149,260,9,56.54625964164734,160.49091935157776,0.7023287818238542,8.0,0,True,,1788722563.7778754,1788722620.324135,1788722724.2687948,"[1788722620.324135, 1788722620.896485, 1788722621.5205019, 1788722622.1759477, 1788722622.8659973, 1788722623.582053, 1788722624.3382173, 1788722625.1214707, 1788722625.9410725, 1788722626.7939677, 1788722627.6797569, 1788722628.5924752, 1788722629.4944222, 1788722630.0392418, 1788722630.6509407, 1788722631.2887127, 1788722631.9615514, 1788722632.6612756, 1788722633.39209, 1788722634.157224, 1788722634.9548638, 1788722635.638741, 1788722636.2017424, 1788722636.824497, 1788722637.4758542, 1788722638.1582773, 1788722638.8739913, 1788722639.619308, 1788722640.3998559, 1788722641.2104435, 1788722642.0526779, 1788722642.9377449, 1788722643.8494654, 1788722644.7855444, 1788722645.5400808, 1788722646.0930102, 1788722646.7159219, 1788722647.3670905, 1788722648.0509984, 1788722648.767238, 1788722649.5119798, 1788722650.2891254, 1788722651.099181, 1788722651.940625, 1788722652.816545, 1788722653.7259374, 1788722654.6686919, 1788722655.3499942, 1788722655.9127858, 1788722656.5436554, 1788722657.2031028, 1788722657.9112535, 1788722658.6498184, 1788722659.4169333, 1788722660.2176127, 1788722661.0426652, 1788722661.8979523, 1788722662.7804785, 1788722663.573833, 1788722664.1245077, 1788722664.7429576, 1788722665.3883967, 1788722666.0663896, 1788722666.7742221, 1788722667.513506, 1788722668.2862275, 1788722669.089709, 1788722669.9349964, 1788722670.49378, 1788722671.1068583, 1788722671.7510498, 1788722672.4225488, 1788722673.1263554, 1788722673.8600981, 1788722674.6269565, 1788722675.42765, 1788722676.2639701, 1788722677.1295907, 1788722677.8791118, 1788722678.4415698, 1788722679.0730026, 1788722679.7215276, 1788722680.404775, 1788722681.1042652, 1788722681.6710124, 1788722682.2867112, 1788722682.9337368, 1788722683.6070592, 1788722684.3143964, 1788722684.973307, 1788722685.546874, 1788722686.1734824, 1788722686.8294275, 1788722687.5161278, 1788722688.2102084, 1788722688.7814686, 1788722689.4224029, 1788722690.0926948, 1788722690.7960436, 1788722691.4934063, 1788722692.087687, 1788722692.7297924, 1788722693.4010587, 1788722694.1038983, 1788722694.7722836, 1788722695.3745437, 1788722696.0288146, 1788722696.7003856, 1788722697.4084191, 1788722698.1131384, 1788722698.684333, 1788722699.2986188, 1788722699.9464412, 1788722700.6222074, 1788722701.3474133, 1788722701.910167, 1788722702.5216866, 1788722703.163915, 1788722703.8332999, 1788722704.5354128, 1788722705.26595, 1788722705.9162943, 1788722706.4939153, 1788722707.1240199, 1788722707.7846391, 1788722708.472246, 1788722709.1923335, 1788722709.9049742, 1788722710.474288, 1788722711.093447, 1788722711.7433352, 1788722712.4193754, 1788722713.1296134, 1788722713.8758194, 1788722714.6528957, 1788722715.4584067, 1788722716.1157305, 1788722716.7016642, 1788722717.3600397, 1788722718.0464904, 1788722718.763675, 1788722719.5115588, 1788722720.2980745, 1788722721.0334308, 1788722721.6031346, 1788722722.2174907, 1788722722.8666365, 1788722723.546923, 1788722724.2633927]","[1, 1, 1, 1, 1, 1, 1, 1, 1, 1, 1, 1, 1, 1, 1, 1, 1, 1, 1, 1, 1, 1, 1, 1, 1, 1, 1, 1, 1, 1, 1, 1, 1, 1, 1, 1, 1, 1, 1, 1, 1, 1, 1, 1, 1, 1, 1, 1, 1, 1, 1, 1, 1, 1, 1, 1, 1, 1, 1, 1, 1, 1, 1, 1, 1, 1, 1, 1, 1, 1, 1, 1, 1, 1, 1, 1, 1, 1, 1, 1, 1, 1, 1, 1, 1, 1, 1, 1, 1, 1, 1, 1, 1, 1, 1, 1, 1, 1, 1, 1, 1, 1, 1, 1, 1, 1, 1, 1, 1, 1, 1, 1, 1, 1, 1, 1, 1, 1, 1, 1, 1, 1, 1, 1, 1, 1, 1, 1, 1, 1, 1, 1, 1, 1, 1, 1, 1, 1, 1, 1, 1, 1, 1, 1, 1, 1, 1, 1, 1]"
User-052,6,trace_0594,1788722725.8136945,streaming,26422,73,73,403,2,113.59089779853821,161.5278763771057,0.665791369146771,9.0,0,True,,1788722564.2857425,1788722677.8766403,1788722725.813619,"[1788722677.8766403, 1788722678.4390147, 1788722679.070625, 1788722679.718896, 1788722680.4022002, 1788722681.1008842, 1788722681.6679275, 1788722682.2834804, 1788722682.9305537, 1788722683.603985, 1788722684.3113275, 1788722684.970023, 1788722685.543894, 1788722686.1702073, 1788722686.8263428, 1788722687.5130682, 1788722688.207252, 1788722688.7777529, 1788722689.4198039, 1788722690.0899801, 1788722690.7926986, 1788722691.4912486, 1788722692.0855615, 1788722692.7276263, 1788722693.3989198, 1788722694.1017866, 1788722694.7707756, 1788722695.3728755, 1788722696.0271947, 1788722696.698889, 1788722697.4068537, 1788722698.1116624, 1788722698.682771, 1788722699.2971036, 1788722699.9449244, 1788722700.620689, 1788722701.3458676, 1788722701.908531, 1788722702.5199282, 1788722703.1623313, 1788722703.8316982, 1788722704.533793, 1788722705.2643235, 1788722705.9149256, 1788722706.4929194, 1788722707.1229954, 1788722707.7836313, 1788722708.471223, 1788722709.1913216, 1788722709.9039829, 1788722710.473286, 1788722711.092415, 1788722711.7423315, 1788722712.4183874, 1788722713.1285655, 1788722713.8747852, 1788722714.6518831, 1788722715.4573665, 1788722716.1147106, 1788722716.700624, 1788722717.3588588, 1788722718.0453277, 1788722718.7624748, 1788722719.5103662, 1788722720.2968957, 1788722721.0324237, 1788722721.6020963, 1788722722.216381, 1788722722.8654282, 1788722723.5459006, 1788722724.2622075, 1788722725.014986, 1788722725.8081937]","[1, 1, 1, 1, 1, 1, 1, 1, 1, 1, 1, 1, 1, 1, 1, 1, 1, 1, 1, 1, 1, 1, 1, 1, 1, 1, 1, 1, 1, 1, 1, 1, 1, 1, 1, 1, 1, 1, 1, 1, 1, 1, 1, 1, 1, 1, 1, 1, 1, 1, 1, 1, 1, 1, 1, 1, 1, 1, 1, 1, 1, 1, 1, 1, 1, 1, 1, 1, 1, 1, 1, 1, 1]"
User-098,385,trace_0379,1788722729.048728,streaming,14076,67,67,210,7,120.17402005195618,164.25628232955933,0.6679130648121689,5.0,0,True,,1788722564.7923605,1788722684.9663806,1788722729.0486429,"[1788722684.9663806, 1788722685.5405684, 1788722686.1661177, 1788722686.8224425, 1788722687.5086899, 1788722688.203083, 1788722688.7733545, 1788722689.4155076, 1788722690.0860257, 1788722690.7886763, 1788722691.4870832, 1788722692.0810828, 1788722692.7236638, 1788722693.3944585, 1788722694.0972476, 1788722694.7663655, 1788722695.3683813, 1788722696.0228877, 1788722696.6949317, 1788722697.402802, 1788722698.1070187, 1788722698.6744187, 1788722699.2926104, 1788722699.9404664, 1788722700.6162252, 1788722701.3412206, 1788722701.903766, 1788722702.5152965, 1788722703.1577182, 1788722703.8271108, 1788722704.529182, 1788722705.259725, 1788722705.9097433, 1788722706.4876602, 1788722707.1180232, 1788722707.7779348, 1788722708.4659307, 1788722709.1860247, 1788722709.898777, 1788722710.4681213, 1788722711.086842, 1788722711.7369106, 1788722712.413197, 1788722713.1228957, 1788722713.8692245, 1788722714.6464036, 1788722715.4514754, 1788722716.1087518, 1788722716.6960847, 1788722717.3543813, 1788722718.0409899, 1788722718.7581499, 1788722719.5061998, 1788722720.2937284, 1788722721.0283265, 1788722721.5983596, 1788722722.2120512, 1788722722.8613217, 1788722723.5412922, 1788722724.2579875, 1788722725.0107734, 1788722725.8038464, 1788722726.4276443, 1788722727.0236125, 1788722727.6681845, 1788722728.3388424, 1788722729.0428348]","[1, 1, 1, 1, 1, 1, 1, 1, 1, 1, 1, 1, 1, 1, 1, 1, 1, 1, 1, 1, 1, 1, 1, 1, 1, 1, 1, 1, 1, 1, 1, 1, 1, 1, 1, 1, 1, 1, 1, 1, 1, 1, 1, 1, 1, 1, 1, 1, 1, 1, 1, 1, 1, 1, 1, 1, 1, 1, 1, 1, 1, 1, 1, 1, 1, 1, 1]"
User-055,2,trace_0449,1788722747.1410744,streaming,20692,189,189,232,84,51.93897533416748,183.4038815498352,0.6992814160407858,12.0,0,True,,1788722563.737093,1788722615.6760683,1788722747.1409745,"[1788722615.6760683, 1788722616.2481527, 1788722616.874189, 1788722617.5309446, 1788722618.2212756, 1788722618.9419465, 1788722619.6915321, 1788722620.3251011, 1788722620.8975432, 1788722621.521549, 1788722622.176932, 1788722622.8670564, 1788722623.5830784, 1788722624.3395195, 1788722625.1225357, 1788722625.9420772, 1788722626.7951763, 1788722627.6807394, 1788722628.5936828, 1788722629.4954703, 1788722630.0402114, 1788722630.6519132, 1788722631.2896965, 1788722631.9625654, 1788722632.6622663, 1788722633.3930793, 1788722634.1582093, 1788722634.9557538, 1788722635.6397092, 1788722636.2026796, 1788722636.8252614, 1788722637.4768806, 1788722638.1592197, 1788722638.8750174, 1788722639.6203392, 1788722640.4008906, 1788722641.2114286, 1788722642.054073, 1788722642.938801, 1788722643.850503, 1788722644.7865655, 1788722645.5412085, 1788722646.0939937, 1788722646.7169569, 1788722647.3681304, 1788722648.052024, 1788722648.768241, 1788722649.513016, 1788722650.2900999, 1788722651.100246, 1788722651.941668, 1788722652.81761, 1788722653.7269692, 1788722654.6697352, 1788722655.3509746, 1788722655.9137762, 1788722656.5445464, 1788722657.2040923, 1788722657.9122088, 1788722658.6508691, 1788722659.4180114, 1788722660.2185948, 1788722661.0436206, 1788722661.8993628, 1788722662.781512, 1788722663.5749013, 1788722664.125471, 1788722664.7444184, 1788722665.3894086, 1788722666.0673945, 1788722666.7752347, 1788722667.514494, 1788722668.2872305, 1788722669.0906992, 1788722669.9359596, 1788722670.4947755, 1788722671.1077776, 1788722671.7520633, 1788722672.4235783, 1788722673.1273422, 1788722673.8610759, 1788722674.6279397, 1788722675.4286397, 1788722676.2649589, 1788722677.1305802, 1788722677.8800414, 1788722678.4425626, 1788722679.0737088, 1788722679.7225358, 1788722680.4057596, 1788722681.105153, 1788722681.672015, 1788722682.2876966, 1788722682.9347532, 1788722683.6080456, 1788722684.315393, 1788722684.9742768, 1788722685.5478132, 1788722686.1744645, 1788722686.8304152, 1788722687.5170949, 1788722688.2111747, 1788722688.782432, 1788722689.4233785, 1788722690.0940793, 1788722690.7970276, 1788722691.4953265, 1788722692.0892057, 1788722692.7313592, 1788722693.402527, 1788722694.1056318, 1788722694.773767, 1788722695.3760817, 1788722696.0302618, 1788722696.7020729, 1788722697.4099793, 1788722698.1145139, 1788722698.6858952, 1788722699.3001487, 1788722699.9478693, 1788722700.6237361, 1788722701.3498514, 1788722701.9119089, 1788722702.523703, 1788722703.1659694, 1788722703.8353326, 1788722704.5374265, 1788722705.267954, 1788722705.9167898, 1788722706.4944458, 1788722707.1245396, 1788722707.7851481, 1788722708.4727452, 1788722709.1928377, 1788722709.9054964, 1788722710.4748042, 1788722711.0939646, 1788722711.7438307, 1788722712.4198554, 1788722713.130132, 1788722713.8763173, 1788722714.653427, 1788722715.4589221, 1788722716.1162179, 1788722716.702174, 1788722717.3605497, 1788722718.047051, 1788722718.7641747, 1788722719.5120873, 1788722720.2990544, 1788722721.0347812, 1788722721.6041343, 1788722722.2185032, 1788722722.868109, 1788722723.5480509, 1788722724.264699, 1788722725.0189145, 1788722725.8120694, 1788722726.4380777, 1788722727.031185, 1788722727.6760657, 1788722728.3467028, 1788722729.0524786, 1788722729.7835188, 1788722730.5480988, 1788722731.3676279, 1788722731.9245934, 1788722732.5351384, 1788722733.1738813, 1788722733.8407497, 1788722734.5428638, 1788722735.2742224, 1788722736.0366864, 1788722736.7258117, 1788722737.2899387, 1788722737.9164467, 1788722738.5681837, 1788722739.257401, 1788722739.9734187, 1788722740.7189777, 1788722741.504999, 1788722742.3215868, 1788722743.1660082, 1788722743.8714938, 1788722744.4374533, 1788722745.067488, 1788722745.7243757, 1788722746.4093585, 1788722747.136765]","[1, 1, 1, 1, 1, 1, 1, 1, 1, 1, 1, 1, 1, 1, 1, 1, 1, 1, 1, 1, 1, 1, 1, 1, 1, 1, 1, 1, 1, 1, 1, 1, 1, 1, 1, 1, 1, 1, 1, 1, 1, 1, 1, 1, 1, 1, 1, 1, 1, 1, 1, 1, 1, 1, 1, 1, 1, 1, 1, 1, 1, 1, 1, 1, 1, 1, 1, 1, 1, 1, 1, 1, 1, 1, 1, 1, 1, 1, 1, 1, 1, 1, 1, 1, 1, 1, 1, 1, 1, 1, 1, 1, 1, 1, 1, 1, 1, 1, 1, 1, 1, 1, 1, 1, 1, 1, 1, 1, 1, 1, 1, 1, 1, 1, 1, 1, 1, 1, 1, 1, 1, 1, 1, 1, 1, 1, 1, 1, 1, 1, 1, 1, 1, 1, 1, 1, 1, 1, 1, 1, 1, 1, 1, 1, 1, 1, 1, 1, 1, 1, 1, 1, 1, 1, 1, 1, 1, 1, 1, 1, 1, 1, 1, 1, 1, 1, 1, 1, 1, 1, 1, 1, 1, 1, 1, 1, 1, 1, 1, 1, 1, 1, 1, 1, 1, 1, 1, 1, 1]"
User-068,0,trace_0307,1788722759.2728765,streaming,11896,247,247,0,185,24.89053750038147,197.08764481544495,0.6999882411181442,0.0,0,True,,1788722562.185086,1788722587.0756235,1788722759.2727308,"[1788722587.0756235, 1788722587.6558175, 1788722588.290637, 1788722588.9469867, 1788722589.638242, 1788722590.3607838, 1788722591.1145349, 1788722591.9013152, 1788722592.7192087, 1788722593.5674605, 1788722594.4442976, 1788722595.1718123, 1788722595.7237294, 1788722596.3438165, 1788722596.9954045, 1788722597.6793242, 1788722598.395048, 1788722599.14005, 1788722599.9154856, 1788722600.6772513, 1788722601.233893, 1788722601.8419182, 1788722602.4835122, 1788722603.1512105, 1788722603.854727, 1788722604.5847187, 1788722605.346879, 1788722606.142367, 1788722606.9687874, 1788722607.826632, 1788722608.7135365, 1788722609.6020834, 1788722610.150187, 1788722610.7563696, 1788722611.3936443, 1788722612.0611496, 1788722612.7635942, 1788722613.4915571, 1788722614.2539227, 1788722615.049446, 1788722615.673815, 1788722616.2460978, 1788722616.8721972, 1788722617.5290296, 1788722618.2191534, 1788722618.939974, 1788722619.6895123, 1788722620.32231, 1788722620.8949828, 1788722621.5189617, 1788722622.1744063, 1788722622.861735, 1788722623.5803795, 1788722624.3365557, 1788722625.1198754, 1788722625.9394877, 1788722626.7921755, 1788722627.6780875, 1788722628.5891805, 1788722629.4928825, 1788722630.0377052, 1788722630.6494353, 1788722631.2872295, 1788722631.9600906, 1788722632.659782, 1788722633.3903582, 1788722634.155702, 1788722634.9533365, 1788722635.6363676, 1788722636.1996942, 1788722636.8227944, 1788722637.473856, 1788722638.1562846, 1788722638.871995, 1788722639.6172936, 1788722640.3978212, 1788722641.208462, 1788722642.050703, 1788722642.935793, 1788722643.8474815, 1788722644.7835345, 1788722645.537781, 1788722646.0909677, 1788722646.7139153, 1788722647.36506, 1788722648.049014, 1788722648.7651274, 1788722649.5099735, 1788722650.2871187, 1788722651.097125, 1788722651.9385788, 1788722652.8144648, 1788722653.7238193, 1788722654.6666932, 1788722655.3471534, 1788722655.9101486, 1788722656.5409923, 1788722657.199879, 1788722657.9086776, 1788722658.6472719, 1788722659.4143176, 1788722660.212908, 1788722661.0400693, 1788722661.895443, 1788722662.7779744, 1788722663.5704186, 1788722664.1214335, 1788722664.7399085, 1788722665.385152, 1788722666.0633276, 1788722666.771165, 1788722667.5104349, 1788722668.2831714, 1788722669.0866177, 1788722669.9320433, 1788722670.4906943, 1788722671.1037827, 1788722671.7479994, 1788722672.4194136, 1788722673.1233673, 1788722673.8570187, 1788722674.6238635, 1788722675.4245443, 1788722676.2608984, 1788722677.1261554, 1788722677.875333, 1788722678.437977, 1788722679.0664868, 1788722679.7178218, 1788722680.4011831, 1788722681.0999024, 1788722681.6669087, 1788722682.2824564, 1788722682.929556, 1788722683.6029682, 1788722684.310279, 1788722684.9690437, 1788722685.5429285, 1788722686.1686652, 1788722686.8253417, 1788722687.5111654, 1788722688.2062664, 1788722688.7767475, 1788722689.4186847, 1788722690.0889153, 1788722690.7915623, 1788722691.4902408, 1788722692.0845122, 1788722692.7265644, 1788722693.39776, 1788722694.1004047, 1788722694.7696993, 1788722695.3713188, 1788722696.0261042, 1788722696.6978195, 1788722697.405782, 1788722698.110662, 1788722698.6782959, 1788722699.2960944, 1788722699.9438002, 1788722700.6195424, 1788722701.3448408, 1788722701.9075248, 1788722702.5189, 1788722703.1613042, 1788722703.8306663, 1788722704.5327883, 1788722705.2633235, 1788722705.9144082, 1788722706.4922943, 1788722707.122468, 1788722707.783126, 1788722708.4705617, 1788722709.1906676, 1788722709.9034617, 1788722710.472776, 1788722711.091894, 1788722711.7418242, 1788722712.4177752, 1788722713.1280468, 1788722713.8741302, 1788722714.6512315, 1788722715.4568608, 1788722716.114211, 1788722716.6999447, 1788722717.3583207, 1788722718.0447657, 1788722718.7619605, 1788722719.509855, 1788722720.2963858, 1788722721.0319276, 1788722721.6015997, 1788722722.2158923, 1788722722.8648934, 1788722723.5453851, 1788722724.2616806, 1788722725.0139177, 1788722725.8071516, 1788722726.4327865, 1788722727.0265443, 1788722727.6714451, 1788722728.342036, 1788722729.0464692, 1788722729.7788389, 1788722730.5434794, 1788722731.3619034, 1788722731.919455, 1788722732.5291297, 1788722733.1684902, 1788722733.8357594, 1788722734.5374804, 1788722735.2690442, 1788722736.03107, 1788722736.72423, 1788722737.2884116, 1788722737.9148889, 1788722738.5664623, 1788722739.2561653, 1788722739.9722252, 1788722740.7173462, 1788722741.5017128, 1788722742.319942, 1788722743.164506, 1788722743.8687606, 1788722744.4359565, 1788722745.0655391, 1788722745.722454, 1788722746.4078584, 1788722747.134499, 1788722747.8966002, 1788722748.5871017, 1788722749.1622963, 1788722749.7931085, 1788722750.4464781, 1788722751.133915, 1788722751.8518333, 1788722752.6014602, 1788722753.3553193, 1788722753.9219797, 1788722754.5369806, 1788722755.1849644, 1788722755.8589487, 1788722756.5674086, 1788722757.304453, 1788722758.080467, 1788722758.6805012, 1788722759.265749]","[1, 1, 1, 1, 1, 1, 1, 1, 1, 1, 1, 1, 1, 1, 1, 1, 1, 1, 1, 1, 1, 1, 1, 1, 1, 1, 1, 1, 1, 1, 1, 1, 1, 1, 1, 1, 1, 1, 1, 1, 1, 1, 1, 1, 1, 1, 1, 1, 1, 1, 1, 1, 1, 1, 1, 1, 1, 1, 1, 1, 1, 1, 1, 1, 1, 1, 1, 1, 1, 1, 1, 1, 1, 1, 1, 1, 1, 1, 1, 1, 1, 1, 1, 1, 1, 1, 1, 1, 1, 1, 1, 1, 1, 1, 1, 1, 1, 1, 1, 1, 1, 1, 1, 1, 1, 1, 1, 1, 1, 1, 1, 1, 1, 1, 1, 1, 1, 1, 1, 1, 1, 1, 1, 1, 1, 1, 1, 1, 1, 1, 1, 1, 1, 1, 1, 1, 1, 1, 1, 1, 1, 1, 1, 1, 1, 1, 1, 1, 1, 1, 1, 1, 1, 1, 1, 1, 1, 1, 1, 1, 1, 1, 1, 1, 1, 1, 1, 1, 1, 1, 1, 1, 1, 1, 1, 1, 1, 1, 1, 1, 1, 1, 1, 1, 1, 1, 1, 1, 1, 1, 1, 1, 1, 1, 1, 1, 1, 1, 1, 1, 1, 1, 1, 1, 1, 1, 1, 1, 1, 1, 1, 1, 1, 1, 1, 1, 1, 1, 1, 1, 1, 1, 1, 1, 1, 1, 1, 1, 1, 1, 1, 1, 1, 1, 1, 1, 1, 1, 1, 1, 1, 1, 1, 1, 1, 1, 1]"
User-046,2,trace_0334,1788722796.003303,streaming,15785,132,132,249,246,139.46299934387207,229.55042362213135,0.6876902616661014,77.0,0,True,,1788722566.45278,1788722705.9157794,1788722796.0032036,"[1788722705.9157794, 1788722706.4934187, 1788722707.1235166, 1788722707.7841425, 1788722708.471724, 1788722709.1918228, 1788722709.9044747, 1788722710.4737837, 1788722711.092927, 1788722711.7428384, 1788722712.4188862, 1788722713.1290812, 1788722713.8753, 1788722714.6523972, 1788722715.4579072, 1788722716.1152394, 1788722716.701142, 1788722717.3593898, 1788722718.0458448, 1788722718.763162, 1788722719.5109031, 1788722720.2978263, 1788722721.0329323, 1788722721.6026115, 1788722722.2168767, 1788722722.865957, 1788722723.5464046, 1788722724.2628627, 1788722725.0165696, 1788722725.810208, 1788722726.4359121, 1788722727.0291693, 1788722727.6740706, 1788722728.3447115, 1788722729.050433, 1788722729.7815163, 1788722730.546087, 1788722731.3654475, 1788722731.9224865, 1788722732.5324953, 1788722733.1718705, 1788722733.8390746, 1788722734.5407772, 1788722735.2722282, 1788722736.0346887, 1788722736.7247653, 1788722737.2889383, 1788722737.9154055, 1788722738.5671413, 1788722739.2565897, 1788722739.9726245, 1788722740.7178326, 1788722741.502216, 1788722742.320432, 1788722743.164985, 1788722743.8702989, 1788722744.4367094, 1788722745.0664937, 1788722745.7234244, 1788722746.4086106, 1788722747.135723, 1788722747.897569, 1788722748.5880828, 1788722749.1632876, 1788722749.7941298, 1788722750.4475365, 1788722751.1349425, 1788722751.8525844, 1788722752.6024868, 1788722753.3564615, 1788722753.9229422, 1788722754.5379488, 1788722755.1859882, 1788722755.8599362, 1788722756.5688179, 1788722757.3054345, 1788722758.0814562, 1788722758.6814556, 1788722759.2671988, 1788722759.9316156, 1788722760.6176398, 1788722761.3372347, 1788722762.0858235, 1788722762.863763, 1788722763.669214, 1788722764.2295022, 1788722764.8447459, 1788722765.4888983, 1788722766.165406, 1788722766.8668191, 1788722767.6012487, 1788722768.3688455, 1788722769.1681447, 1788722769.951779, 1788722770.5122817, 1788722771.126912, 1788722771.777028, 1788722772.4526796, 1788722773.1619687, 1788722773.901261, 1788722774.6036398, 1788722775.173266, 1788722775.7941494, 1788722776.4543746, 1788722777.1428852, 1788722777.850522, 1788722778.5946736, 1788722779.373217, 1788722780.1828153, 1788722780.8220274, 1788722781.4007099, 1788722782.0369818, 1788722782.7060153, 1788722783.4060798, 1788722784.1288939, 1788722784.888785, 1788722785.6819487, 1788722786.5044844, 1788722787.333885, 1788722787.8921506, 1788722788.5091183, 1788722789.1570811, 1788722789.838586, 1788722790.543412, 1788722791.2794516, 1788722792.073815, 1788722792.6322954, 1788722793.2437665, 1788722793.8876731, 1788722794.5622232, 1788722795.270825, 1788722795.998698]","[1, 1, 1, 1, 1, 1, 1, 1, 1, 1, 1, 1, 1, 1, 1, 1, 1, 1, 1, 1, 1, 1, 1, 1, 1, 1, 1, 1, 1, 1, 1, 1, 1, 1, 1, 1, 1, 1, 1, 1, 1, 1, 1, 1, 1, 1, 1, 1, 1, 1, 1, 1, 1, 1, 1, 1, 1, 1, 1, 1, 1, 1, 1, 1, 1, 1, 1, 1, 1, 1, 1, 1, 1, 1, 1, 1, 1, 1, 1, 1, 1, 1, 1, 1, 1, 1, 1, 1, 1, 1, 1, 1, 1, 1, 1, 1, 1, 1, 1, 1, 1, 1, 1, 1, 1, 1, 1, 1, 1, 1, 1, 1, 1, 1, 1, 1, 1, 1, 1, 1, 1, 1, 1, 1, 1, 1, 1, 1, 1, 1, 1, 1]"
User-142,0,trace_0043,1788722800.0236714,streaming,15840,132,132,0,247,143.40703868865967,233.5221562385559,0.6879016606862308,0.0,0,True,,1788722566.5014393,1788722709.908478,1788722800.0235956,"[1788722709.908478, 1788722710.4774177, 1788722711.0965724, 1788722711.7465465, 1788722712.4222722, 1788722713.132702, 1788722713.8788383, 1788722714.6560209, 1788722715.46181, 1788722716.1187582, 1788722716.7047708, 1788722717.363087, 1788722718.049027, 1788722718.7666621, 1788722719.5149863, 1788722720.2973344, 1788722721.0367818, 1788722721.6061482, 1788722722.2205095, 1788722722.870239, 1788722723.550051, 1788722724.266698, 1788722725.0155044, 1788722725.8089836, 1788722726.4339461, 1788722727.0275621, 1788722727.6724546, 1788722728.3430545, 1788722729.0475292, 1788722729.7798743, 1788722730.544488, 1788722731.3629713, 1788722731.9204834, 1788722732.530193, 1788722733.1696126, 1788722733.8368092, 1788722734.538548, 1788722735.2700543, 1788722736.032416, 1788722736.7280297, 1788722737.2919164, 1788722737.918454, 1788722738.5702202, 1788722739.258973, 1788722739.9749699, 1788722740.720656, 1788722741.5066974, 1788722742.3237, 1788722743.1678545, 1788722743.8736465, 1788722744.4389594, 1788722745.069366, 1788722745.726274, 1788722746.4108694, 1788722747.1391711, 1788722747.899922, 1788722748.5906034, 1788722749.1657236, 1788722749.7964628, 1788722750.44947, 1788722751.137434, 1788722751.8544478, 1788722752.604784, 1788722753.3599014, 1788722753.9258115, 1788722754.54091, 1788722755.1890438, 1788722755.8629432, 1788722756.5718398, 1788722757.308367, 1788722758.0843844, 1788722758.6843607, 1788722759.270173, 1788722759.9346347, 1788722760.6205578, 1788722761.3400676, 1788722762.088795, 1788722762.8667705, 1788722763.6723156, 1788722764.2323995, 1788722764.8474681, 1788722765.4918244, 1788722766.168465, 1788722766.8693676, 1788722767.604285, 1788722768.3718061, 1788722769.171078, 1788722769.9548368, 1788722770.515116, 1788722771.129824, 1788722771.77996, 1788722772.4556117, 1788722773.164524, 1788722773.9042587, 1788722774.606584, 1788722775.1763668, 1788722775.7965267, 1788722776.456915, 1788722777.1458235, 1788722777.8534365, 1788722778.5975711, 1788722779.3762803, 1788722780.1858914, 1788722780.8249931, 1788722781.4034238, 1788722782.0399992, 1788722782.7080667, 1788722783.4084568, 1788722784.1311827, 1788722784.8918731, 1788722785.684944, 1788722786.5067422, 1788722787.3369246, 1788722787.8951552, 1788722788.5116894, 1788722789.1601956, 1788722789.84166, 1788722790.5464258, 1788722791.2824388, 1788722792.0768168, 1788722792.6353748, 1788722793.2467878, 1788722793.8906765, 1788722794.5652287, 1788722795.2742512, 1788722796.0012617, 1788722796.7729945, 1788722797.4686244, 1788722798.0407958, 1788722798.6696613, 1788722799.3283734, 1788722800.0206423]","[1, 1, 1, 1, 1, 1, 1, 1, 1, 1, 1, 1, 1, 1, 1, 1, 1, 1, 1, 1, 1, 1, 1, 1, 1, 1, 1, 1, 1, 1, 1, 1, 1, 1, 1, 1, 1, 1, 1, 1, 1, 1, 1, 1, 1, 1, 1, 1, 1, 1, 1, 1, 1, 1, 1, 1, 1, 1, 1, 1, 1, 1, 1, 1, 1, 1, 1, 1, 1, 1, 1, 1, 1, 1, 1, 1, 1, 1, 1, 1, 1, 1, 1, 1, 1, 1, 1, 1, 1, 1, 1, 1, 1, 1, 1, 1, 1, 1, 1, 1, 1, 1, 1, 1, 1, 1, 1, 1, 1, 1, 1, 1, 1, 1, 1, 1, 1, 1, 1, 1, 1, 1, 1, 1, 1, 1, 1, 1, 1, 1, 1, 1]"
User-043,0,trace_0052,1788722811.8423712,streaming,15183,328,295,0,236,22.269402027130127,250.15692377090454,0.7751276249788246,0.0,0,True,,1788722561.6853917,1788722583.9547937,1788722811.8423154,"[1788722583.9547937, 1788722584.525493, 1788722585.1490183, 1788722585.8042755, 1788722586.488408, 1788722587.0761392, 1788722587.6563308, 1788722588.291181, 1788722588.9475129, 1788722589.6388059, 1788722590.3612838, 1788722591.1150992, 1788722591.901846, 1788722592.7197187, 1788722594.4447994, 1788722595.724254, 1788722596.344336, 1788722597.6798642, 1788722598.395569, 1788722599.1405923, 1788722599.9160008, 1788722600.6786497, 1788722601.2350073, 1788722601.8429961, 1788722602.4845405, 1788722603.1522658, 1788722603.8557918, 1788722604.5857801, 1788722605.3479383, 1788722606.1434314, 1788722606.9698381, 1788722607.827703, 1788722608.7145822, 1788722609.6040537, 1788722610.1517658, 1788722610.7579732, 1788722611.3952477, 1788722612.0627136, 1788722612.7651045, 1788722613.4931602, 1788722615.051095, 1788722616.2476206, 1788722616.8736863, 1788722618.2207828, 1788722618.9414647, 1788722619.691041, 1788722620.324624, 1788722620.8969884, 1788722621.5210056, 1788722622.1764357, 1788722622.8665183, 1788722623.582565, 1788722624.339016, 1788722625.122037, 1788722625.9415839, 1788722626.7944627, 1788722627.680254, 1788722628.5931823, 1788722629.4949217, 1788722630.0397227, 1788722630.6514332, 1788722631.2892065, 1788722631.962038, 1788722632.661778, 1788722633.3925765, 1788722634.157719, 1788722635.6392303, 1788722636.824886, 1788722637.4763517, 1788722638.8744757, 1788722639.6198037, 1788722640.4003558, 1788722641.21094, 1788722642.053354, 1788722642.9382582, 1788722643.8499582, 1788722644.7860334, 1788722645.540649, 1788722646.0935063, 1788722646.71647, 1788722647.367647, 1788722648.0514941, 1788722648.7677526, 1788722649.5125356, 1788722650.2896144, 1788722651.099742, 1788722651.9411678, 1788722652.8170564, 1788722653.7264473, 1788722654.669238, 1788722655.3504765, 1788722655.9132829, 1788722657.2036018, 1788722658.650369, 1788722659.4175088, 1788722661.0431929, 1788722661.8986886, 1788722662.7810247, 1788722663.5743346, 1788722664.12499, 1788722664.743915, 1788722665.3889039, 1788722666.066901, 1788722666.7747166, 1788722667.5140057, 1788722668.2867262, 1788722669.0902064, 1788722669.9354813, 1788722670.494274, 1788722671.107355, 1788722671.7515745, 1788722672.4230778, 1788722673.1268559, 1788722673.860595, 1788722674.6274478, 1788722675.428141, 1788722676.2644644, 1788722677.1300902, 1788722678.4420724, 1788722679.7220314, 1788722680.405272, 1788722681.6715178, 1788722682.2872088, 1788722682.9342499, 1788722683.6075523, 1788722684.3149023, 1788722684.9737918, 1788722685.547358, 1788722686.1739807, 1788722686.8299284, 1788722687.516614, 1788722688.210684, 1788722688.7819517, 1788722689.4228969, 1788722690.09352, 1788722690.796539, 1788722691.4948263, 1788722692.0887191, 1788722692.7308445, 1788722693.402042, 1788722694.104941, 1788722694.7732842, 1788722695.3755944, 1788722696.029784, 1788722697.409462, 1788722698.6853838, 1788722699.2996511, 1788722700.6232357, 1788722701.3492897, 1788722701.9115317, 1788722702.5231926, 1788722703.1654556, 1788722703.8348298, 1788722704.5369246, 1788722705.2674649, 1788722705.9198556, 1788722706.5000656, 1788722707.1282551, 1788722707.7882023, 1788722708.475634, 1788722709.1958547, 1788722709.909523, 1788722710.478418, 1788722711.0975928, 1788722711.747581, 1788722712.4232533, 1788722713.1337082, 1788722713.879838, 1788722714.6570232, 1788722715.4628305, 1788722716.7057867, 1788722718.0497663, 1788722718.7676764, 1788722720.2988174, 1788722721.037763, 1788722721.607182, 1788722722.2215006, 1788722722.8712814, 1788722723.5510516, 1788722724.267714, 1788722725.0181317, 1788722725.8116953, 1788722726.437488, 1788722727.0306587, 1788722727.6755736, 1788722728.3462129, 1788722729.051981, 1788722729.7830567, 1788722730.547602, 1788722731.3670304, 1788722731.9240916, 1788722732.5345793, 1788722733.1733801, 1788722733.8403575, 1788722734.542337, 1788722735.273732, 1788722736.7290292, 1788722737.919466, 1788722738.571251, 1788722739.97574, 1788722740.7214093, 1788722741.507492, 1788722742.3244386, 1788722743.1685889, 1788722743.8746166, 1788722744.4397147, 1788722745.0703406, 1788722745.7272296, 1788722746.4116127, 1788722747.1400876, 1788722747.9006596, 1788722748.5915983, 1788722749.1666875, 1788722749.7972114, 1788722750.450225, 1788722751.1384299, 1788722751.8551996, 1788722752.605596, 1788722753.3609295, 1788722753.926772, 1788722754.5418634, 1788722755.1900644, 1788722756.572831, 1788722758.0857637, 1788722758.686176, 1788722759.9359832, 1788722760.621991, 1788722761.341205, 1788722762.09025, 1788722762.8682632, 1788722763.6737475, 1788722764.233833, 1788722764.8490396, 1788722765.4932852, 1788722766.1699245, 1788722766.870514, 1788722767.6057792, 1788722768.3732781, 1788722769.1725204, 1788722769.9555779, 1788722770.515837, 1788722771.1311464, 1788722771.7814007, 1788722772.4570456, 1788722773.1656814, 1788722773.9057474, 1788722774.6075308, 1788722775.1778283, 1788722776.4580886, 1788722777.8548853, 1788722778.6007504, 1788722780.1873362, 1788722780.8264575, 1788722781.4041467, 1788722782.041457, 1788722782.708785, 1788722783.4096286, 1788722784.1323326, 1788722784.8933964, 1788722785.6864474, 1788722786.5078604, 1788722787.3384166, 1788722787.8966556, 1788722788.512363, 1788722789.161678, 1788722789.8431702, 1788722790.5476227, 1788722791.283634, 1788722792.07833, 1788722792.636047, 1788722793.248283, 1788722793.8917844, 1788722794.5667202, 1788722795.2755802, 1788722796.7744982, 1788722798.0414824, 1788722798.671223, 1788722800.0224504, 1788722800.7575707, 1788722801.5245643, 1788722802.3177564, 1788722802.957459, 1788722803.5390184, 1788722804.1760888, 1788722804.8472881, 1788722805.5454762, 1788722806.26982, 1788722807.0306942, 1788722807.8237307, 1788722808.618877, 1788722809.1821012, 1788722809.8023553, 1788722810.447903, 1788722811.1303403, 1788722811.841534]","[1, 1, 1, 1, 1, 1, 1, 1, 1, 1, 1, 1, 1, 1, 1, 1, 1, 1, 1, 1, 1, 1, 1, 1, 1, 1, 1, 1, 1, 1, 1, 1, 1, 1, 1, 1, 1, 1, 1, 1, 1, 1, 1, 1, 1, 1, 1, 1, 1, 1, 1, 1, 1, 1, 1, 1, 1, 1, 1, 1, 1, 1, 1, 1, 1, 1, 1, 1, 1, 1, 1, 1, 1, 1, 1, 1, 1, 1, 1, 1, 1, 1, 1, 1, 1, 1, 1, 1, 1, 1, 1, 1, 1, 1, 1, 1, 1, 1, 1, 1, 1, 1, 1, 1, 1, 1, 1, 1, 1, 1, 1, 1, 1, 1, 1, 1, 1, 1, 1, 1, 1, 1, 1, 1, 1, 1, 1, 1, 1, 1, 1, 1, 1, 1, 1, 1, 1, 1, 1, 1, 1, 1, 1, 1, 1, 1, 1, 1, 1, 1, 1, 1, 1, 1, 1, 1, 1, 1, 1, 1, 1, 1, 1, 1, 1, 1, 1, 1, 1, 1, 1, 1, 1, 1, 1, 1, 1, 1, 1, 1, 1, 1, 1, 1, 1, 1, 1, 1, 1, 1, 1, 1, 1, 1, 1, 1, 1, 1, 1, 1, 1, 1, 1, 1, 1, 1, 1, 1, 1, 1, 1, 1, 1, 1, 1, 1, 1, 1, 1, 1, 1, 1, 1, 1, 1, 1, 1, 1, 1, 1, 1, 1, 1, 1, 1, 1, 1, 1, 1, 1, 1, 1, 1, 1, 1, 1, 1, 1, 1, 1, 1, 1, 1, 1, 1, 1, 1, 1, 1, 1, 1, 1, 1, 1, 1, 1, 1, 1, 1, 1, 1, 1, 1, 1, 1, 1, 1, 1, 1, 1, 1, 1, 1, 1, 1, 1, 1, 1, 1, 1, 1, 1, 1, 1, 1]"
User-006,5,trace_0396,1788722813.387911,streaming,31167,266,266,385,49,65.6478111743927,249.54331612586975,0.693945301703687,11.0,0,True,,1788722563.844544,1788722629.492355,1788722813.38786,"[1788722629.492355, 1788722630.0371087, 1788722630.6488378, 1788722631.2866158, 1788722631.959501, 1788722632.6591792, 1788722633.389586, 1788722634.1550953, 1788722634.952745, 1788722635.6357312, 1788722636.1990967, 1788722636.8222215, 1788722637.4732609, 1788722638.1556854, 1788722638.8713899, 1788722639.616701, 1788722640.3972197, 1788722641.2078474, 1788722642.0501137, 1788722642.9351976, 1788722643.8468857, 1788722644.7829275, 1788722645.5341785, 1788722646.0898242, 1788722646.712811, 1788722647.3639498, 1788722648.0478742, 1788722648.7640655, 1788722649.5088696, 1788722650.285921, 1788722651.0959842, 1788722651.9374638, 1788722652.8127933, 1788722653.7226799, 1788722654.665555, 1788722655.3459697, 1788722655.9089897, 1788722656.5399454, 1788722657.1988046, 1788722657.9074767, 1788722658.6460452, 1788722659.4130843, 1788722660.2117014, 1788722661.0388782, 1788722661.894199, 1788722662.7767968, 1788722663.5690126, 1788722664.120251, 1788722664.7386901, 1788722665.3838305, 1788722666.0620856, 1788722666.7699397, 1788722667.5092204, 1788722668.281936, 1788722669.085418, 1788722669.9298244, 1788722670.488958, 1788722671.1020353, 1788722671.746219, 1788722672.4175014, 1788722673.1216383, 1788722673.8553433, 1788722674.6221085, 1788722675.4228473, 1788722676.2591639, 1788722677.124432, 1788722677.8734484, 1788722678.4362214, 1788722679.0647087, 1788722679.716072, 1788722680.3994806, 1788722681.0979826, 1788722681.6651435, 1788722682.280752, 1788722682.9278152, 1788722683.6011484, 1788722684.3085055, 1788722684.9673188, 1788722685.5413892, 1788722686.1669352, 1788722686.8231041, 1788722687.5095263, 1788722688.2037194, 1788722688.7741058, 1788722689.41615, 1788722690.0866537, 1788722690.7893507, 1788722691.4877985, 1788722692.0817559, 1788722692.7243247, 1788722693.3951073, 1788722694.0979655, 1788722694.7670646, 1788722695.369037, 1788722696.023587, 1788722696.6955628, 1788722697.403596, 1788722698.10867, 1788722698.675801, 1788722699.2939506, 1788722699.9417012, 1788722700.6174738, 1788722701.342613, 1788722701.9053757, 1788722702.5168192, 1788722703.1592267, 1788722703.8286147, 1788722704.5307074, 1788722705.2612426, 1788722705.9182835, 1788722706.498475, 1788722707.1267655, 1788722707.7866478, 1788722708.4742477, 1788722709.1943288, 1788722709.9070184, 1788722710.4764173, 1788722711.0955431, 1788722711.7453215, 1788722712.421302, 1788722713.131671, 1788722713.8778272, 1788722714.6550145, 1788722715.4606369, 1788722716.117743, 1788722716.703771, 1788722717.36206, 1788722718.0482645, 1788722718.7656589, 1788722719.513657, 1788722720.294352, 1788722721.0362868, 1788722721.6056511, 1788722722.2200105, 1788722722.8697248, 1788722723.5495462, 1788722724.2661965, 1788722725.0122647, 1788722725.8055103, 1788722726.4292138, 1788722727.0249395, 1788722727.6697898, 1788722728.3404198, 1788722729.0447567, 1788722729.7770452, 1788722730.541707, 1788722731.3602338, 1788722731.9176347, 1788722732.5273247, 1788722733.1664314, 1788722733.8340106, 1788722734.5353034, 1788722735.2670228, 1788722736.0294154, 1788722736.7275128, 1788722737.2914758, 1788722737.9179504, 1788722738.5697205, 1788722739.2585766, 1788722739.974579, 1788722740.720248, 1788722741.5062723, 1788722742.3232508, 1788722743.1674469, 1788722743.873144, 1788722744.4385684, 1788722745.0688963, 1788722745.725794, 1788722746.4104834, 1788722747.1386383, 1788722747.8995245, 1788722748.5901194, 1788722749.1652431, 1788722749.7960865, 1788722750.4490964, 1788722751.1369333, 1788722751.854075, 1788722752.6043842, 1788722753.359412, 1788722753.9253345, 1788722754.5404289, 1788722755.1885316, 1788722755.8624382, 1788722756.5713503, 1788722757.3078825, 1788722758.083895, 1788722758.6838834, 1788722759.269685, 1788722759.9341433, 1788722760.620083, 1788722761.339666, 1788722762.0883114, 1788722762.866275, 1788722763.6718342, 1788722764.2319188, 1788722764.8466854, 1788722765.4913473, 1788722766.1679776, 1788722766.8689768, 1788722767.6037939, 1788722768.3713164, 1788722769.170587, 1788722769.9543283, 1788722770.5147576, 1788722771.1293435, 1788722771.7794664, 1788722772.455116, 1788722773.164135, 1788722773.903757, 1788722774.6060889, 1788722775.1758742, 1788722775.7961223, 1788722776.4565082, 1788722777.1453385, 1788722777.8529506, 1788722778.597087, 1788722779.3757482, 1788722780.185418, 1788722780.824496, 1788722781.403181, 1788722782.0395083, 1788722782.707829, 1788722783.4080617, 1788722784.130794, 1788722784.8913698, 1788722785.6844542, 1788722786.5063326, 1788722787.3364365, 1788722787.8946345, 1788722788.5114672, 1788722789.1596928, 1788722789.8410852, 1788722790.5459251, 1788722791.2819352, 1788722792.0763252, 1788722792.634877, 1788722793.2462704, 1788722793.8901708, 1788722794.5647368, 1788722795.2737072, 1788722796.000857, 1788722796.772494, 1788722797.4681287, 1788722798.0405512, 1788722798.669146, 1788722799.3281543, 1788722800.0201235, 1788722800.7564187, 1788722801.5230572, 1788722802.3170502, 1788722802.9559581, 1788722803.5375078, 1788722804.1752498, 1788722804.8457644, 1788722805.5439465, 1788722806.2691257, 1788722807.0291831, 1788722807.8223388, 1788722808.617359, 1788722809.1806114, 1788722809.8007755, 1788722810.4467137, 1788722811.128841, 1788722811.8406348, 1788722812.596024, 1788722813.3852425]","[1, 1, 1, 1, 1, 1, 1, 1, 1, 1, 1, 1, 1, 1, 1, 1, 1, 1, 1, 1, 1, 1, 1, 1, 1, 1, 1, 1, 1, 1, 1, 1, 1, 1, 1, 1, 1, 1, 1, 1, 1, 1, 1, 1, 1, 1, 1, 1, 1, 1, 1, 1, 1, 1, 1, 1, 1, 1, 1, 1, 1, 1, 1, 1, 1, 1, 1, 1, 1, 1, 1, 1, 1, 1, 1, 1, 1, 1, 1, 1, 1, 1, 1, 1, 1, 1, 1, 1, 1, 1, 1, 1, 1, 1, 1, 1, 1, 1, 1, 1, 1, 1, 1, 1, 1, 1, 1, 1, 1, 1, 1, 1, 1, 1, 1, 1, 1, 1, 1, 1, 1, 1, 1, 1, 1, 1, 1, 1, 1, 1, 1, 1, 1, 1, 1, 1, 1, 1, 1, 1, 1, 1, 1, 1, 1, 1, 1, 1, 1, 1, 1, 1, 1, 1, 1, 1, 1, 1, 1, 1, 1, 1, 1, 1, 1, 1, 1, 1, 1, 1, 1, 1, 1, 1, 1, 1, 1, 1, 1, 1, 1, 1, 1, 1, 1, 1, 1, 1, 1, 1, 1, 1, 1, 1, 1, 1, 1, 1, 1, 1, 1, 1, 1, 1, 1, 1, 1, 1, 1, 1, 1, 1, 1, 1, 1, 1, 1, 1, 1, 1, 1, 1, 1, 1, 1, 1, 1, 1, 1, 1, 1, 1, 1, 1, 1, 1, 1, 1, 1, 1, 1, 1, 1, 1, 1, 1, 1, 1, 1, 1, 1, 1, 1, 1, 1, 1, 1, 1, 1, 1, 1, 1, 1, 1, 1, 1]"
User-057,0,trace_0276,1788722822.1969247,streaming,18280,101,101,0,285,191.4431426525116,260.28158164024353,0.6883843898773193,0.0,0,True,,1788722561.9152842,1788722753.3584268,1788722822.1968658,"[1788722753.3584268, 1788722753.9243767, 1788722754.539451, 1788722755.1875162, 1788722755.861439, 1788722756.5703416, 1788722757.3069053, 1788722758.082922, 1788722758.6829164, 1788722759.2686946, 1788722759.9331493, 1788722760.6191034, 1788722761.3386724, 1788722762.0873232, 1788722762.865251, 1788722763.6708426, 1788722764.2309594, 1788722764.8459086, 1788722765.4903572, 1788722766.1669958, 1788722766.868198, 1788722767.602793, 1788722768.3703241, 1788722769.1696236, 1788722769.953347, 1788722770.5137556, 1788722771.1283643, 1788722771.778482, 1788722772.454139, 1788722773.163364, 1788722773.9027443, 1788722774.6051059, 1788722775.1748707, 1788722775.7953467, 1788722776.4557078, 1788722777.1443858, 1788722777.8519936, 1788722778.5961213, 1788722779.3747194, 1788722780.184453, 1788722780.8235097, 1788722781.4021995, 1788722782.0385444, 1788722782.707348, 1788722783.4072754, 1788722784.1300278, 1788722784.8903143, 1788722785.683464, 1788722786.5055885, 1788722787.3354526, 1788722787.8936446, 1788722788.5106156, 1788722789.1586432, 1788722789.8400865, 1788722790.5449202, 1788722791.2809541, 1788722792.0753286, 1788722792.633842, 1788722793.2452633, 1788722793.8891797, 1788722794.5637581, 1788722795.2725275, 1788722796.0001068, 1788722796.7714987, 1788722797.467151, 1788722798.0400937, 1788722798.668155, 1788722799.3277097, 1788722800.0191298, 1788722800.7556596, 1788722801.522014, 1788722802.3165855, 1788722802.9549663, 1788722803.5364978, 1788722804.1742222, 1788722804.8447733, 1788722805.5429084, 1788722806.2686539, 1788722807.0281668, 1788722807.8213336, 1788722808.6163712, 1788722809.1796165, 1788722809.799711, 1788722810.44594, 1788722811.1278245, 1788722811.8400016, 1788722812.595017, 1788722813.38425, 1788722814.086063, 1788722814.6839383, 1788722815.336567, 1788722816.0186436, 1788722816.7252994, 1788722817.4638336, 1788722818.2295113, 1788722818.9040644, 1788722819.4846554, 1788722820.1124504, 1788722820.7749023, 1788722821.4657826, 1788722822.19429]","[1, 1, 1, 1, 1, 1, 1, 1, 1, 1, 1, 1, 1, 1, 1, 1, 1, 1, 1, 1, 1, 1, 1, 1, 1, 1, 1, 1, 1, 1, 1, 1, 1, 1, 1, 1, 1, 1, 1, 1, 1, 1, 1, 1, 1, 1, 1, 1, 1, 1, 1, 1, 1, 1, 1, 1, 1, 1, 1, 1, 1, 1, 1, 1, 1, 1, 1, 1, 1, 1, 1, 1, 1, 1, 1, 1, 1, 1, 1, 1, 1, 1, 1, 1, 1, 1, 1, 1, 1, 1, 1, 1, 1, 1, 1, 1, 1, 1, 1, 1, 1]"
User-039,2,trace_0220,1788722824.4344192,streaming,13162,211,211,435,12,116.74311208724976,260.0747170448303,0.6825314521789551,22.0,0,True,,1788722564.3595808,1788722681.1026928,1788722824.4342978,"[1788722681.1026928, 1788722681.669511, 1788722682.2852488, 1788722682.9321861, 1788722683.6055622, 1788722684.312893, 1788722684.9716513, 1788722685.545323, 1788722686.1720018, 1788722686.8279505, 1788722687.514611, 1788722688.20869, 1788722688.7799795, 1788722689.4204383, 1788722690.090515, 1788722690.793569, 1788722691.4919236, 1788722692.0860538, 1788722692.728253, 1788722693.399561, 1788722694.1023266, 1788722694.7702382, 1788722695.3722868, 1788722696.0266623, 1788722696.6983426, 1788722697.406315, 1788722698.1111674, 1788722698.6821332, 1788722699.2966006, 1788722699.944418, 1788722700.6200588, 1788722701.345365, 1788722701.9080296, 1788722702.5194178, 1788722703.1618252, 1788722703.8311908, 1788722704.5332868, 1788722705.2638154, 1788722705.9105508, 1788722706.4884803, 1788722707.1186326, 1788722707.7787526, 1788722708.4667745, 1788722709.1868677, 1788722709.899604, 1788722710.4688015, 1788722711.08781, 1788722711.737633, 1788722712.4140723, 1788722713.123546, 1788722713.8698504, 1788722714.6470504, 1788722715.4525173, 1788722716.1096303, 1788722716.69678, 1788722717.3550506, 1788722718.0416176, 1788722718.7588372, 1788722719.5069468, 1788722720.296645, 1788722721.028951, 1788722721.5989985, 1788722722.2128081, 1788722722.861984, 1788722723.5421093, 1788722724.2586443, 1788722725.014452, 1788722725.8076682, 1788722726.4333904, 1788722727.0270653, 1788722727.6719525, 1788722728.34253, 1788722729.0470119, 1788722729.7793646, 1788722730.543987, 1788722731.362436, 1788722731.9199705, 1788722732.5296662, 1788722733.1690774, 1788722733.8362904, 1788722734.538025, 1788722735.2695503, 1788722736.031602, 1788722736.7169423, 1788722737.2840254, 1788722737.9097776, 1788722738.5617988, 1788722739.2517922, 1788722739.9678762, 1788722740.713216, 1788722741.4973955, 1788722742.315516, 1788722743.1601112, 1788722743.864227, 1788722744.4318156, 1788722745.061296, 1788722745.7181897, 1788722746.4032009, 1788722747.1266778, 1788722747.8922405, 1788722748.5828617, 1788722749.158042, 1788722749.7887642, 1788722750.442021, 1788722751.1295645, 1788722751.847511, 1788722752.5970361, 1788722753.3511255, 1788722753.917485, 1788722754.5321703, 1788722755.1803908, 1788722755.8539336, 1788722756.5629444, 1788722757.2996078, 1788722758.0752246, 1788722758.67622, 1788722759.2608442, 1788722759.921893, 1788722760.6128442, 1788722761.332126, 1788722762.08062, 1788722762.8581784, 1788722763.6630504, 1788722764.2237778, 1788722764.8393688, 1788722765.4830325, 1788722766.159389, 1788722766.8608656, 1788722767.5948648, 1788722768.3627744, 1788722769.1621408, 1788722769.9457386, 1788722770.5058658, 1788722771.1209943, 1788722771.7711318, 1788722772.4468036, 1788722773.155796, 1788722773.8951802, 1788722774.5940232, 1788722775.1670313, 1788722775.7884245, 1788722776.4473178, 1788722777.1361563, 1788722777.8435855, 1788722778.588033, 1788722779.366643, 1788722780.1763294, 1788722780.8148873, 1788722781.393014, 1788722782.03037, 1788722782.6990123, 1788722783.396185, 1788722784.1224594, 1788722784.881516, 1788722785.674974, 1788722786.4979296, 1788722787.3252676, 1788722787.8846018, 1788722788.5015504, 1788722789.1496031, 1788722789.8307154, 1788722790.5359929, 1788722791.2716804, 1788722792.0650935, 1788722792.6239731, 1788722793.2352834, 1788722793.8796744, 1788722794.5538368, 1788722795.2623663, 1788722795.9916244, 1788722796.7620943, 1788722797.457434, 1788722798.031045, 1788722798.6581504, 1788722799.3183756, 1788722800.0092652, 1788722800.7468271, 1788722801.5119896, 1788722802.308026, 1788722802.9446218, 1788722803.5257964, 1788722804.164052, 1788722804.834179, 1788722805.5326393, 1788722806.2594857, 1788722807.018094, 1788722807.810766, 1788722808.6045883, 1788722809.1684885, 1788722809.7860951, 1788722810.43567, 1788722811.1166656, 1788722811.8272812, 1788722812.58444, 1788722813.3738372, 1788722814.074353, 1788722814.6736407, 1788722815.3259747, 1788722816.005699, 1788722816.714871, 1788722817.453343, 1788722818.2190526, 1788722818.8930562, 1788722819.4794347, 1788722820.101055, 1788722820.7632594, 1788722821.4546723, 1788722822.1778798, 1788722822.9348705, 1788722823.7243807, 1788722824.4282472]","[1, 1, 1, 1, 1, 1, 1, 1, 1, 1, 1, 1, 1, 1, 1, 1, 1, 1, 1, 1, 1, 1, 1, 1, 1, 1, 1, 1, 1, 1, 1, 1, 1, 1, 1, 1, 1, 1, 1, 1, 1, 1, 1, 1, 1, 1, 1, 1, 1, 1, 1, 1, 1, 1, 1, 1, 1, 1, 1, 1, 1, 1, 1, 1, 1, 1, 1, 1, 1, 1, 1, 1, 1, 1, 1, 1, 1, 1, 1, 1, 1, 1, 1, 1, 1, 1, 1, 1, 1, 1, 1, 1, 1, 1, 1, 1, 1, 1, 1, 1, 1, 1, 1, 1, 1, 1, 1, 1, 1, 1, 1, 1, 1, 1, 1, 1, 1, 1, 1, 1, 1, 1, 1, 1, 1, 1, 1, 1, 1, 1, 1, 1, 1, 1, 1, 1, 1, 1, 1, 1, 1, 1, 1, 1, 1, 1, 1, 1, 1, 1, 1, 1, 1, 1, 1, 1, 1, 1, 1, 1, 1, 1, 1, 1, 1, 1, 1, 1, 1, 1, 1, 1, 1, 1, 1, 1, 1, 1, 1, 1, 1, 1, 1, 1, 1, 1, 1, 1, 1, 1, 1, 1, 1, 1, 1, 1, 1, 1, 1, 1, 1, 1, 1, 1, 1, 1, 1, 1, 1, 1, 1]"
User-137,0,trace_0491,1788722825.679929,streaming,13043,187,187,0,203,131.9217426776886,259.4936559200287,0.6858705013029037,0.0,0,True,,1788722566.186235,1788722698.1079776,1788722825.6798909,"[1788722698.1079776, 1788722698.6751318, 1788722699.293238, 1788722699.9410722, 1788722700.6168404, 1788722701.342043, 1788722701.9044425, 1788722702.5161214, 1788722703.1584094, 1788722703.8279302, 1788722704.5300043, 1788722705.260549, 1788722705.9177792, 1788722706.4979663, 1788722707.1262496, 1788722707.7861478, 1788722708.4737551, 1788722709.1938288, 1788722709.9065144, 1788722710.4759202, 1788722711.095019, 1788722711.74483, 1788722712.4208174, 1788722713.131169, 1788722713.8773227, 1788722714.654499, 1788722715.46014, 1788722716.117245, 1788722716.7032351, 1788722717.3615644, 1788722718.0478914, 1788722718.7651615, 1788722719.5131423, 1788722720.2940917, 1788722721.0357838, 1788722721.605156, 1788722722.219514, 1788722722.869181, 1788722723.5490484, 1788722724.2656999, 1788722725.0115142, 1788722725.804525, 1788722726.4282818, 1788722727.0242546, 1788722727.6688514, 1788722728.3394735, 1788722729.0437596, 1788722729.7762158, 1788722730.5408616, 1788722731.3593347, 1788722731.916774, 1788722732.5265763, 1788722733.1658087, 1788722733.833384, 1788722734.5346417, 1788722735.2663558, 1788722736.0285926, 1788722736.7269804, 1788722737.2909615, 1788722737.9174502, 1788722738.5692222, 1788722739.2581851, 1788722739.9741933, 1788722740.719873, 1788722741.5058396, 1788722742.3227768, 1788722743.1669765, 1788722743.8726618, 1788722744.4381967, 1788722745.068424, 1788722745.7253232, 1788722746.4101086, 1788722747.1381385, 1788722747.899029, 1788722748.5896392, 1788722749.164764, 1788722749.795706, 1788722750.4487133, 1788722751.1364322, 1788722751.8537066, 1788722752.6039944, 1788722753.3589296, 1788722753.9248574, 1788722754.539947, 1788722755.1880243, 1788722755.861944, 1788722756.570859, 1788722757.307395, 1788722758.0834093, 1788722758.6833975, 1788722759.2691882, 1788722759.9336474, 1788722760.6195955, 1788722761.3391829, 1788722762.0878165, 1788722762.8657622, 1788722763.6713457, 1788722764.231439, 1788722764.846296, 1788722765.4908602, 1788722766.1674848, 1788722766.8685808, 1788722767.603296, 1788722768.3708248, 1788722769.1701043, 1788722769.9538295, 1788722770.5142548, 1788722771.1288502, 1788722771.7789698, 1788722772.4546182, 1788722773.163751, 1788722773.903248, 1788722774.6055877, 1788722775.175364, 1788722775.7957296, 1788722776.4561095, 1788722777.1448636, 1788722777.8524776, 1788722778.5966105, 1788722779.375235, 1788722780.1849415, 1788722780.8240077, 1788722781.402688, 1788722782.0390277, 1788722782.7075915, 1788722783.407664, 1788722784.1304083, 1788722784.89083, 1788722785.683953, 1788722786.505969, 1788722787.33594, 1788722787.8941367, 1788722788.511138, 1788722789.1591609, 1788722789.8405828, 1788722790.5454206, 1788722791.2814457, 1788722792.0758274, 1788722792.6343455, 1788722793.2457738, 1788722793.8896756, 1788722794.5642464, 1788722795.2730215, 1788722796.0004802, 1788722796.7719936, 1788722797.4676452, 1788722798.0403218, 1788722798.668646, 1788722799.3279314, 1788722800.0196254, 1788722800.7560358, 1788722801.5225456, 1788722802.3168187, 1788722802.9554644, 1788722803.5369985, 1788722804.1747215, 1788722804.8452685, 1788722805.543434, 1788722806.2688904, 1788722807.0286849, 1788722807.8218334, 1788722808.6168656, 1788722809.1801164, 1788722809.8002348, 1788722810.4463282, 1788722811.1283228, 1788722811.8402267, 1788722812.5955195, 1788722813.384738, 1788722814.0865574, 1788722814.6841583, 1788722815.337065, 1788722816.0190496, 1788722816.7257938, 1788722817.4643307, 1788722818.2300076, 1788722818.904291, 1788722819.484889, 1788722820.112945, 1788722820.7753959, 1788722821.4662795, 1788722822.1951475, 1788722822.944557, 1788722823.735717, 1788722824.440902, 1788722825.029905, 1788722825.6771462]","[1, 1, 1, 1, 1, 1, 1, 1, 1, 1, 1, 1, 1, 1, 1, 1, 1, 1, 1, 1, 1, 1, 1, 1, 1, 1, 1, 1, 1, 1, 1, 1, 1, 1, 1, 1, 1, 1, 1, 1, 1, 1, 1, 1, 1, 1, 1, 1, 1, 1, 1, 1, 1, 1, 1, 1, 1, 1, 1, 1, 1, 1, 1, 1, 1, 1, 1, 1, 1, 1, 1, 1, 1, 1, 1, 1, 1, 1, 1, 1, 1, 1, 1, 1, 1, 1, 1, 1, 1, 1, 1, 1, 1, 1, 1, 1, 1, 1, 1, 1, 1, 1, 1, 1, 1, 1, 1, 1, 1, 1, 1, 1, 1, 1, 1, 1, 1, 1, 1, 1, 1, 1, 1, 1, 1, 1, 1, 1, 1, 1, 1, 1, 1, 1, 1, 1, 1, 1, 1, 1, 1, 1, 1, 1, 1, 1, 1, 1, 1, 1, 1, 1, 1, 1, 1, 1, 1, 1, 1, 1, 1, 1, 1, 1, 1, 1, 1, 1, 1, 1, 1, 1, 1, 1, 1, 1, 1, 1, 1, 1, 1, 1, 1, 1, 1, 1, 1]"
User-054,0,trace_0666,1788722833.2763653,streaming,17435,124,120,0,272,186.71151399612427,271.40563344955444,0.7117152895246234,0.0,0,True,,1788722561.8706408,1788722748.5821548,1788722833.2762742,"[1788722748.5821548, 1788722749.1572402, 1788722749.7881474, 1788722750.441399, 1788722751.1289563, 1788722751.8468978, 1788722752.5961418, 1788722753.3504348, 1788722753.916584, 1788722754.5314927, 1788722755.1797473, 1788722755.853341, 1788722756.5622683, 1788722757.2988696, 1788722758.0745318, 1788722758.6755676, 1788722759.2601116, 1788722759.9210331, 1788722760.6120214, 1788722761.3313596, 1788722762.0795462, 1788722762.857482, 1788722763.662333, 1788722764.2231238, 1788722764.838719, 1788722766.158758, 1788722766.860232, 1788722768.3620915, 1788722769.9450903, 1788722770.5020463, 1788722771.77017, 1788722772.4459107, 1788722773.1551092, 1788722773.8940363, 1788722774.5924976, 1788722775.1662984, 1788722775.7873025, 1788722776.4466023, 1788722777.1352105, 1788722777.84291, 1788722778.58731, 1788722779.3657024, 1788722780.1754444, 1788722780.8140168, 1788722781.3922846, 1788722782.0297484, 1788722782.6979346, 1788722783.3954964, 1788722784.1215918, 1788722784.8807728, 1788722785.6742992, 1788722786.4970934, 1788722787.3243673, 1788722787.8837125, 1788722788.50072, 1788722789.1487982, 1788722789.829888, 1788722790.5350065, 1788722791.270983, 1788722792.0644093, 1788722792.6233168, 1788722793.2346277, 1788722793.8789978, 1788722794.5531492, 1788722795.2617357, 1788722795.990782, 1788722796.761437, 1788722797.4568303, 1788722798.030322, 1788722798.6574323, 1788722799.3175497, 1788722800.0086117, 1788722800.7461526, 1788722801.511332, 1788722802.3073418, 1788722802.944024, 1788722803.5250876, 1788722804.163193, 1788722804.8335292, 1788722805.5320125, 1788722806.2587967, 1788722807.0172622, 1788722807.810105, 1788722808.6038976, 1788722809.167855, 1788722809.7854562, 1788722810.434659, 1788722811.1159918, 1788722811.8266242, 1788722812.583806, 1788722813.3729737, 1788722814.073685, 1788722814.6728177, 1788722815.325148, 1788722816.0048683, 1788722816.7142234, 1788722817.4525247, 1788722818.2182148, 1788722818.8922534, 1788722819.4790852, 1788722820.1003547, 1788722820.7625945, 1788722821.4538453, 1788722822.177234, 1788722822.9342191, 1788722823.7235472, 1788722824.4273639, 1788722825.0176134, 1788722825.6653445, 1788722826.335017, 1788722827.038043, 1788722827.7665632, 1788722828.5250704, 1788722829.3139327, 1788722830.0010192, 1788722830.5684183, 1788722831.1977932, 1788722831.8599153, 1788722832.5503192, 1788722833.2722676]","[1, 1, 1, 1, 1, 1, 1, 1, 1, 1, 1, 1, 1, 1, 1, 1, 1, 1, 1, 1, 1, 1, 1, 1, 1, 1, 1, 1, 1, 1, 1, 1, 1, 1, 1, 1, 1, 1, 1, 1, 1, 1, 1, 1, 1, 1, 1, 1, 1, 1, 1, 1, 1, 1, 1, 1, 1, 1, 1, 1, 1, 1, 1, 1, 1, 1, 1, 1, 1, 1, 1, 1, 1, 1, 1, 1, 1, 1, 1, 1, 1, 1, 1, 1, 1, 1, 1, 1, 1, 1, 1, 1, 1, 1, 1, 1, 1, 1, 1, 1, 1, 1, 1, 1, 1, 1, 1, 1, 1, 1, 1, 1, 1, 1, 1, 1, 1, 1, 1, 1]"
User-023,0,trace_0562,1788722836.2081196,streaming,20882,175,175,0,325,154.65848517417908,274.7455973625183,0.6901558171743634,0.0,0,True,,1788722561.4624426,1788722716.1209278,1788722836.20804,"[1788722716.1209278, 1788722716.706294, 1788722717.3645015, 1788722718.0501437, 1788722718.7681785, 1788722719.5173113, 1788722720.2995346, 1788722721.0382626, 1788722721.6075063, 1788722722.2220042, 1788722722.8717942, 1788722723.551559, 1788722724.2682195, 1788722725.0205157, 1788722725.8132553, 1788722726.4396687, 1788722727.0323722, 1788722727.6775765, 1788722728.3482084, 1788722729.0539875, 1788722729.7846584, 1788722730.5495968, 1788722731.3691761, 1788722731.9260893, 1788722732.5367157, 1788722733.17541, 1788722733.842578, 1788722734.544363, 1788722735.275777, 1788722736.038204, 1788722736.72952, 1788722737.2929814, 1788722737.9199748, 1788722738.571754, 1788722739.260064, 1788722739.9761236, 1788722740.7217908, 1788722741.5078967, 1788722742.324819, 1788722743.1689682, 1788722743.8751464, 1788722744.4400883, 1788722745.0708232, 1788722745.727702, 1788722746.4119878, 1788722747.1403377, 1788722747.9010348, 1788722748.5918555, 1788722749.167187, 1788722749.7975845, 1788722750.4506032, 1788722751.138945, 1788722751.8555744, 1788722752.6059883, 1788722753.3614163, 1788722753.9272454, 1788722754.5423448, 1788722755.1905756, 1788722755.8643386, 1788722756.5733325, 1788722757.309731, 1788722758.0862498, 1788722758.6866589, 1788722759.2720497, 1788722759.9362206, 1788722760.6224766, 1788722761.341583, 1788722762.090753, 1788722762.8687563, 1788722763.674261, 1788722764.2343116, 1788722764.8495417, 1788722765.49377, 1788722766.170419, 1788722766.8709073, 1788722767.6062727, 1788722768.3737643, 1788722769.17301, 1788722769.9558258, 1788722770.5160754, 1788722771.1313877, 1788722771.7818842, 1788722772.4575253, 1788722773.1660745, 1788722773.906237, 1788722774.6077757, 1788722775.1783113, 1788722775.7980447, 1788722776.458474, 1788722777.1476722, 1788722777.855377, 1788722778.6011157, 1788722779.3781507, 1788722780.1878176, 1788722780.8269858, 1788722781.4043865, 1788722782.0419464, 1788722782.7090244, 1788722783.4100285, 1788722784.1327224, 1788722784.893917, 1788722785.6869824, 1788722786.5082314, 1788722787.338936, 1788722787.8971653, 1788722788.512585, 1788722789.1621852, 1788722789.843489, 1788722790.547849, 1788722791.283856, 1788722792.078869, 1788722792.6362715, 1788722793.2487965, 1788722793.892007, 1788722794.5672524, 1788722795.2758026, 1788722796.00272, 1788722796.7750297, 1788722797.4705105, 1788722798.0417085, 1788722798.6715863, 1788722799.3292174, 1788722800.0229857, 1788722800.757953, 1788722801.5250711, 1788722802.3181129, 1788722802.9579601, 1788722803.539532, 1788722804.1763134, 1788722804.8477917, 1788722805.5459974, 1788722806.2700515, 1788722807.0312302, 1788722807.8239555, 1788722808.6193974, 1788722809.1826017, 1788722809.8029108, 1788722810.4482968, 1788722811.130857, 1788722811.84193, 1788722812.5980208, 1788722813.3875253, 1788722814.0885658, 1788722814.685044, 1788722815.3390813, 1788722816.0206254, 1788722816.727764, 1788722817.4663153, 1788722818.2318847, 1788722818.9051807, 1788722819.4858477, 1788722820.1149578, 1788722820.7773957, 1788722821.468032, 1788722822.1964505, 1788722822.9460592, 1788722823.7366672, 1788722824.4418652, 1788722825.0319088, 1788722825.6794286, 1788722826.348864, 1788722827.0513988, 1788722827.7841837, 1788722828.5384705, 1788722829.3273213, 1788722830.0153644, 1788722830.582739, 1788722831.2097218, 1788722831.8738496, 1788722832.5641727, 1788722833.2868145, 1788722834.0522776, 1788722834.8576558, 1788722835.6447134, 1788722836.2069845]","[1, 1, 1, 1, 1, 1, 1, 1, 1, 1, 1, 1, 1, 1, 1, 1, 1, 1, 1, 1, 1, 1, 1, 1, 1, 1, 1, 1, 1, 1, 1, 1, 1, 1, 1, 1, 1, 1, 1, 1, 1, 1, 1, 1, 1, 1, 1, 1, 1, 1, 1, 1, 1, 1, 1, 1, 1, 1, 1, 1, 1, 1, 1, 1, 1, 1, 1, 1, 1, 1, 1, 1, 1, 1, 1, 1, 1, 1, 1, 1, 1, 1, 1, 1, 1, 1, 1, 1, 1, 1, 1, 1, 1, 1, 1, 1, 1, 1, 1, 1, 1, 1, 1, 1, 1, 1, 1, 1, 1, 1, 1, 1, 1, 1, 1, 1, 1, 1, 1, 1, 1, 1, 1, 1, 1, 1, 1, 1, 1, 1, 1, 1, 1, 1, 1, 1, 1, 1, 1, 1, 1, 1, 1, 1, 1, 1, 1, 1, 1, 1, 1, 1, 1, 1, 1, 1, 1, 1, 1, 1, 1, 1, 1, 1, 1, 1, 1, 1, 1, 1, 1, 1, 1, 1, 1]"
User-061,0,trace_0046,1788722849.4203131,streaming,21901,116,116,0,341,207.88567447662354,287.35855412483215,0.6910685186800749,0.0,0,True,,1788722562.0616677,1788722769.9473422,1788722849.4202218,"[1788722769.9473422, 1788722770.507579, 1788722771.1221344, 1788722771.7723868, 1788722772.448057, 1788722773.1573598, 1788722773.8964922, 1788722774.595374, 1788722775.1682682, 1788722775.7897236, 1788722776.4491518, 1788722777.1377823, 1788722777.8451068, 1788722778.5894582, 1788722779.367983, 1788722780.1775222, 1788722780.8170242, 1788722781.395469, 1788722782.0321236, 1788722782.7008204, 1788722783.3983161, 1788722784.1242445, 1788722784.883379, 1788722785.6767118, 1788722786.4996943, 1788722787.3275278, 1788722787.886365, 1788722788.5033314, 1788722789.1513774, 1788722789.832765, 1788722790.5375965, 1788722791.2736847, 1788722792.067197, 1788722792.6260204, 1788722793.2373304, 1788722793.8814473, 1788722794.5555995, 1788722795.2641087, 1788722795.9934099, 1788722796.7642248, 1788722797.4600227, 1788722798.0334074, 1788722798.660809, 1788722799.3206582, 1788722800.0118408, 1788722800.7495465, 1788722801.514606, 1788722802.3105352, 1788722802.9469118, 1788722803.5281155, 1788722804.1663947, 1788722804.8364935, 1788722805.5349393, 1788722806.26193, 1788722807.020391, 1788722807.8133519, 1788722808.6068654, 1788722809.171131, 1788722809.78875, 1788722810.4380774, 1788722811.1189547, 1788722811.8299148, 1788722812.586723, 1788722813.3761907, 1788722814.076656, 1788722814.6759934, 1788722815.3282924, 1788722816.0085726, 1788722816.7171562, 1788722817.4556322, 1788722818.221308, 1788722818.8953776, 1788722819.4804847, 1788722820.1036825, 1788722820.7655706, 1788722821.4570177, 1788722822.1802406, 1788722822.937209, 1788722823.7266402, 1788722824.4310696, 1788722825.0204742, 1788722825.667991, 1788722826.3374374, 1788722827.0404437, 1788722827.769262, 1788722828.5276892, 1788722829.3165388, 1788722830.0037491, 1788722830.5709376, 1788722831.2005565, 1788722831.8626053, 1788722832.5529232, 1788722833.275095, 1788722834.0410645, 1788722834.8460753, 1788722835.633782, 1788722836.1957352, 1788722836.8352773, 1788722837.5061414, 1788722838.2098722, 1788722838.9351635, 1788722839.6914654, 1788722840.480309, 1788722841.2962298, 1788722842.093326, 1788722842.650999, 1788722843.2740827, 1788722843.923023, 1788722844.6046762, 1788722845.3154473, 1788722846.058157, 1788722846.8279452, 1788722847.567608, 1788722848.1310472, 1788722848.752863, 1788722849.4089098]","[1, 1, 1, 1, 1, 1, 1, 1, 1, 1, 1, 1, 1, 1, 1, 1, 1, 1, 1, 1, 1, 1, 1, 1, 1, 1, 1, 1, 1, 1, 1, 1, 1, 1, 1, 1, 1, 1, 1, 1, 1, 1, 1, 1, 1, 1, 1, 1, 1, 1, 1, 1, 1, 1, 1, 1, 1, 1, 1, 1, 1, 1, 1, 1, 1, 1, 1, 1, 1, 1, 1, 1, 1, 1, 1, 1, 1, 1, 1, 1, 1, 1, 1, 1, 1, 1, 1, 1, 1, 1, 1, 1, 1, 1, 1, 1, 1, 1, 1, 1, 1, 1, 1, 1, 1, 1, 1, 1, 1, 1, 1, 1, 1, 1, 1, 1]"
User-029,0,trace_0579,1788722850.1162245,streaming,18429,180,180,0,287,164.88171672821045,288.56248116493225,0.6909539912666023,0.0,0,True,,1788722561.553666,1788722726.4353828,1788722850.1161473,"[1788722726.4353828, 1788722727.0286698, 1788722727.6735618, 1788722728.344202, 1788722729.0499015, 1788722729.7809145, 1788722730.5454905, 1788722731.3649206, 1788722731.9219825, 1788722732.5319612, 1788722733.1713583, 1788722733.8385208, 1788722734.5402553, 1788722735.2717202, 1788722736.0341733, 1788722736.7210045, 1788722737.285854, 1788722737.9117262, 1788722738.5635498, 1788722739.2535524, 1788722739.9697165, 1788722740.71488, 1788722741.4990995, 1788722742.3172505, 1788722743.161805, 1788722743.8662434, 1788722744.4334805, 1788722745.063003, 1788722745.7199302, 1788722746.4053025, 1788722747.128395, 1788722747.8939703, 1788722748.5845475, 1788722749.1596167, 1788722749.7904074, 1788722750.4437444, 1788722751.1312647, 1788722751.8491666, 1788722752.5986545, 1788722753.3528633, 1788722753.9193816, 1788722754.5342686, 1788722755.1821127, 1788722755.8560421, 1788722756.5646508, 1788722757.301687, 1788722758.0775943, 1788722758.6780157, 1788722759.2625828, 1788722759.9283924, 1788722760.6145244, 1788722761.334055, 1788722762.0824351, 1788722762.8605862, 1788722763.6653104, 1788722764.225871, 1788722764.8411176, 1788722765.4851391, 1788722766.1611233, 1788722766.8631444, 1788722767.5966983, 1788722768.3651202, 1788722769.1639388, 1788722769.9483542, 1788722770.5086284, 1788722771.1231837, 1788722771.7733934, 1788722772.4490502, 1788722773.1583867, 1788722773.897517, 1788722774.5972366, 1788722775.1697953, 1788722775.7912219, 1788722776.450666, 1788722777.1393037, 1788722777.8467033, 1788722778.5912395, 1788722779.369503, 1788722780.179046, 1788722780.8185103, 1788722781.3969855, 1788722782.0335727, 1788722782.7023337, 1788722783.4030397, 1788722784.1257184, 1788722784.884937, 1788722785.6782422, 1788722786.5012033, 1788722787.3292408, 1788722787.8879344, 1788722788.50484, 1788722789.152894, 1788722789.8342872, 1788722790.5393627, 1788722791.2752347, 1788722792.0696087, 1788722792.6282775, 1788722793.2394788, 1788722793.8834596, 1788722794.5582337, 1788722795.266546, 1788722795.9955773, 1788722796.7664855, 1788722797.4619749, 1788722798.0354722, 1788722798.6630986, 1788722799.3229613, 1788722800.014063, 1788722800.751784, 1788722801.516934, 1788722802.3126326, 1788722802.9498074, 1788722803.530968, 1788722804.1691706, 1788722804.8397377, 1788722805.5377777, 1788722806.2645745, 1788722807.0231056, 1788722807.8162503, 1788722808.6098151, 1788722809.1740735, 1788722809.7916071, 1788722810.4409683, 1788722811.1221788, 1788722811.8327289, 1788722812.5894067, 1788722813.3788042, 1788722814.0791225, 1788722814.6781957, 1788722815.330501, 1788722816.0131218, 1788722816.7191865, 1788722817.4578245, 1788722818.2235112, 1788722818.8974357, 1788722819.4814763, 1788722820.1056955, 1788722820.7681751, 1788722821.4592683, 1788722822.186654, 1788722822.9392877, 1788722823.7288785, 1788722824.4331253, 1788722825.0228033, 1788722825.669978, 1788722826.3395417, 1788722827.0427096, 1788722827.771491, 1788722828.529745, 1788722829.3185406, 1788722830.0067124, 1788722830.5741189, 1788722831.203306, 1788722831.8654501, 1788722832.5557225, 1788722833.278324, 1788722834.0438943, 1788722834.8486335, 1788722835.6366248, 1788722836.198438, 1788722836.8379736, 1788722837.5088942, 1788722838.2126148, 1788722838.9378517, 1788722839.6940644, 1788722840.4830408, 1788722841.2993453, 1788722842.0958514, 1788722842.653581, 1788722843.276528, 1788722843.9257932, 1788722844.6074104, 1788722845.3181899, 1788722846.060267, 1788722846.8305166, 1788722847.5700848, 1788722848.1338556, 1788722848.755529, 1788722849.41218, 1788722850.1079488]","[1, 1, 1, 1, 1, 1, 1, 1, 1, 1, 1, 1, 1, 1, 1, 1, 1, 1, 1, 1, 1, 1, 1, 1, 1, 1, 1, 1, 1, 1, 1, 1, 1, 1, 1, 1, 1, 1, 1, 1, 1, 1, 1, 1, 1, 1, 1, 1, 1, 1, 1, 1, 1, 1, 1, 1, 1, 1, 1, 1, 1, 1, 1, 1, 1, 1, 1, 1, 1, 1, 1, 1, 1, 1, 1, 1, 1, 1, 1, 1, 1, 1, 1, 1, 1, 1, 1, 1, 1, 1, 1, 1, 1, 1, 1, 1, 1, 1, 1, 1, 1, 1, 1, 1, 1, 1, 1, 1, 1, 1, 1, 1, 1, 1, 1, 1, 1, 1, 1, 1, 1, 1, 1, 1, 1, 1, 1, 1, 1, 1, 1, 1, 1, 1, 1, 1, 1, 1, 1, 1, 1, 1, 1, 1, 1, 1, 1, 1, 1, 1, 1, 1, 1, 1, 1, 1, 1, 1, 1, 1, 1, 1, 1, 1, 1, 1, 1, 1, 1, 1, 1, 1, 1, 1, 1, 1, 1, 1, 1, 1]"
User-026,0,trace_0569,1788722852.3721688,streaming,18579,191,191,0,289,159.52569246292114,290.86350893974304,0.6912516656674836,0.0,0,True,,1788722561.5085704,1788722721.034263,1788722852.3720794,"[1788722721.034263, 1788722721.6036353, 1788722722.2180018, 1788722722.867501, 1788722723.5475442, 1788722724.2641842, 1788722725.0199983, 1788722725.8128793, 1788722726.4391468, 1788722727.031994, 1788722727.6770792, 1788722728.347713, 1788722729.0534818, 1788722729.7842667, 1788722730.5490923, 1788722731.3686693, 1788722731.925587, 1788722732.5361845, 1788722733.174888, 1788722733.8419914, 1788722734.543866, 1788722735.275264, 1788722736.0376973, 1788722736.7252972, 1788722737.2894423, 1788722737.9159207, 1788722738.5676582, 1788722739.2569935, 1788722739.9730153, 1788722740.7184172, 1788722741.5027006, 1788722742.3209147, 1788722743.165546, 1788722743.8708043, 1788722744.4370816, 1788722745.0669901, 1788722745.7239027, 1788722746.408983, 1788722747.1362255, 1788722747.8980386, 1788722748.5886662, 1788722749.1637805, 1788722749.7946386, 1788722750.4479482, 1788722751.1354434, 1788722751.852959, 1788722752.6030269, 1788722753.3571246, 1788722753.9234238, 1788722754.5384426, 1788722755.1864908, 1788722755.8604414, 1788722756.5693383, 1788722757.3059196, 1788722758.081937, 1788722758.6819367, 1788722759.2677026, 1788722759.9321294, 1788722760.6181252, 1788722761.3377123, 1788722762.0863123, 1788722762.8642654, 1788722763.6698287, 1788722764.2299876, 1788722764.8451307, 1788722765.4893808, 1788722766.1659663, 1788722766.8673077, 1788722767.6017568, 1788722768.369333, 1788722769.1686447, 1788722769.952266, 1788722770.5127652, 1788722771.127397, 1788722771.7775064, 1788722772.4531572, 1788722773.1624641, 1788722773.9017584, 1788722774.6041365, 1788722775.1737583, 1788722775.794543, 1788722776.4548936, 1788722777.1433783, 1788722777.8510199, 1788722778.5951633, 1788722779.3737226, 1788722780.1834984, 1788722780.822521, 1788722781.401201, 1788722782.0374756, 1788722782.706504, 1788722783.4064791, 1788722784.129272, 1788722784.8892946, 1788722785.682456, 1788722786.5048494, 1788722787.3343942, 1788722787.892648, 1788722788.5096197, 1788722789.1575844, 1788722789.8390965, 1788722790.543904, 1788722791.2799518, 1788722792.074311, 1788722792.6328006, 1788722793.2442646, 1788722793.8881724, 1788722794.5627155, 1788722795.2713337, 1788722795.999336, 1788722796.77048, 1788722797.4661467, 1788722798.0396125, 1788722798.6671486, 1788722799.326992, 1788722800.0181203, 1788722800.7548597, 1788722801.521005, 1788722802.3161077, 1788722802.9539735, 1788722803.5355008, 1788722804.1732073, 1788722804.8437738, 1788722805.5417771, 1788722806.2681882, 1788722807.027127, 1788722807.8203292, 1788722808.6153667, 1788722809.1786067, 1788722809.798606, 1788722810.445162, 1788722811.1267815, 1788722811.839412, 1788722812.594006, 1788722813.3832653, 1788722814.0849335, 1788722814.6832194, 1788722815.335561, 1788722816.0178523, 1788722816.7243161, 1788722817.462843, 1788722818.2285185, 1788722818.9035134, 1788722819.484179, 1788722820.1114578, 1788722820.7738922, 1788722821.4647796, 1788722822.1932316, 1788722822.9438064, 1788722823.7347057, 1788722824.439934, 1788722825.0283864, 1788722825.675606, 1788722826.34578, 1788722827.0483303, 1788722827.781371, 1788722828.535557, 1788722829.3242571, 1788722830.0124102, 1788722830.579726, 1788722831.2083657, 1788722831.8709319, 1788722832.5613384, 1788722833.2837775, 1788722834.0494952, 1788722834.8546624, 1788722835.6425328, 1788722836.203938, 1788722836.843477, 1788722837.5144129, 1788722838.2181168, 1788722838.9433672, 1788722839.6994522, 1788722840.4885597, 1788722841.3047404, 1788722842.1002905, 1788722842.6591473, 1788722843.280882, 1788722843.9313564, 1788722844.6129906, 1788722845.3234088, 1788722846.0646372, 1788722846.8361657, 1788722847.5756412, 1788722848.13929, 1788722848.7613087, 1788722849.4178317, 1788722850.113662, 1788722850.8327084, 1788722851.5858967, 1788722852.3691056]","[1, 1, 1, 1, 1, 1, 1, 1, 1, 1, 1, 1, 1, 1, 1, 1, 1, 1, 1, 1, 1, 1, 1, 1, 1, 1, 1, 1, 1, 1, 1, 1, 1, 1, 1, 1, 1, 1, 1, 1, 1, 1, 1, 1, 1, 1, 1, 1, 1, 1, 1, 1, 1, 1, 1, 1, 1, 1, 1, 1, 1, 1, 1, 1, 1, 1, 1, 1, 1, 1, 1, 1, 1, 1, 1, 1, 1, 1, 1, 1, 1, 1, 1, 1, 1, 1, 1, 1, 1, 1, 1, 1, 1, 1, 1, 1, 1, 1, 1, 1, 1, 1, 1, 1, 1, 1, 1, 1, 1, 1, 1, 1, 1, 1, 1, 1, 1, 1, 1, 1, 1, 1, 1, 1, 1, 1, 1, 1, 1, 1, 1, 1, 1, 1, 1, 1, 1, 1, 1, 1, 1, 1, 1, 1, 1, 1, 1, 1, 1, 1, 1, 1, 1, 1, 1, 1, 1, 1, 1, 1, 1, 1, 1, 1, 1, 1, 1, 1, 1, 1, 1, 1, 1, 1, 1, 1, 1, 1, 1, 1, 1, 1, 1, 1, 1, 1, 1, 1, 1, 1, 1]"
User-037,7,trace_0489,1788722853.7483816,streaming,31854,289,289,459,35,91.24212265014648,289.6414294242859,0.6888864818546507,50.0,0,True,,1788722564.1068826,1788722655.3490052,1788722853.748312,"[1788722655.3490052, 1788722655.9116993, 1788722656.5426137, 1788722657.2020643, 1788722657.910223, 1788722658.648819, 1788722659.4159312, 1788722660.2144213, 1788722661.0416727, 1788722661.8969312, 1788722662.779487, 1788722663.5720158, 1788722664.1229532, 1788722664.7413914, 1788722665.386764, 1788722666.0648415, 1788722666.7726536, 1788722667.511965, 1788722668.2846646, 1788722669.0881653, 1788722669.9335005, 1788722670.4922295, 1788722671.105274, 1788722671.7494893, 1788722672.4209337, 1788722673.1248238, 1788722673.858517, 1788722674.6253784, 1788722675.426046, 1788722676.2623894, 1788722677.1276884, 1788722677.8776417, 1788722678.440003, 1788722679.0717185, 1788722679.7200005, 1788722680.4032223, 1788722681.1018636, 1788722681.6689355, 1788722682.2847478, 1788722682.93159, 1788722683.6049705, 1788722684.3123105, 1788722684.9711607, 1788722685.5448437, 1788722686.171494, 1788722686.8273458, 1788722687.5141208, 1788722688.2082176, 1788722688.77945, 1788722689.420939, 1788722690.0911517, 1788722690.7941434, 1788722691.492412, 1788722692.0866656, 1788722692.7287617, 1788722693.400057, 1788722694.1028583, 1788722694.7712874, 1788722695.3734114, 1788722696.0277247, 1788722696.6995077, 1788722697.407393, 1788722698.112161, 1788722698.683299, 1788722699.2976103, 1788722699.9454458, 1788722700.6212018, 1788722701.3464031, 1788722701.9091427, 1788722702.5206807, 1788722703.1628783, 1788722703.8323052, 1788722704.5344033, 1788722705.2649398, 1788722705.9111567, 1788722706.4891794, 1788722707.119374, 1788722707.779787, 1788722708.4674704, 1788722709.187574, 1788722709.9002078, 1788722710.4696226, 1788722711.088434, 1788722711.738347, 1788722712.414802, 1788722713.1240945, 1788722713.8705266, 1788722714.647737, 1788722715.4535306, 1788722716.1104653, 1788722716.6974432, 1788722717.3557134, 1788722718.0423117, 1788722718.759506, 1788722719.507677, 1788722720.2975867, 1788722721.0298355, 1788722721.5995314, 1788722722.2137632, 1788722722.8626778, 1788722723.543217, 1788722724.25958, 1788722725.016039, 1788722725.8097026, 1788722726.4344852, 1788722727.0280607, 1788722727.6729603, 1788722728.3435872, 1788722729.048041, 1788722729.7803905, 1788722730.5449872, 1788722731.3635044, 1788722731.9209824, 1788722732.5307386, 1788722733.1701458, 1788722733.837342, 1788722734.539094, 1788722735.2705607, 1788722736.0331314, 1788722736.7175643, 1788722737.2846334, 1788722737.9104798, 1788722738.5624013, 1788722739.2524135, 1788722739.9686718, 1788722740.7138362, 1788722741.4979947, 1788722742.3162038, 1788722743.1607127, 1788722743.865029, 1788722744.4323916, 1788722745.0618854, 1788722745.7188013, 1788722746.4039905, 1788722747.1273036, 1788722747.8929138, 1788722748.5835454, 1788722749.1585732, 1788722749.7893782, 1788722750.4426508, 1788722751.1301923, 1788722751.8481393, 1788722752.597594, 1788722753.3516533, 1788722753.9183378, 1788722754.5328321, 1788722755.1810493, 1788722755.854558, 1788722756.563591, 1788722757.3005688, 1788722758.0763688, 1788722758.6767466, 1788722759.2615175, 1788722759.9269843, 1788722760.613513, 1788722761.3329744, 1788722762.0813925, 1788722762.8594527, 1788722763.664197, 1788722764.2247803, 1788722764.8400545, 1788722765.4837127, 1788722766.1600583, 1788722766.8620076, 1788722767.595606, 1788722768.3639872, 1788722769.1628606, 1788722769.9464502, 1788722770.5069842, 1788722771.1216319, 1788722771.771869, 1788722772.4475293, 1788722773.1568084, 1788722773.8959515, 1788722774.5948496, 1788722775.1677577, 1788722775.7891889, 1788722776.448528, 1788722777.1372554, 1788722777.8442621, 1788722778.5888753, 1788722779.3674438, 1788722780.177019, 1788722780.8154273, 1788722781.3942573, 1788722782.0311022, 1788722782.699776, 1788722783.3972142, 1788722784.1232016, 1788722784.882264, 1788722785.675658, 1788722786.498629, 1788722787.3261828, 1788722787.8853104, 1788722788.5022576, 1788722789.1503026, 1788722789.831668, 1788722790.536561, 1788722791.272607, 1788722792.0660522, 1788722792.6249113, 1788722793.2359874, 1788722793.8803947, 1788722794.554566, 1788722795.2630548, 1788722795.992344, 1788722796.763083, 1788722797.4590123, 1788722798.0323496, 1788722798.659416, 1788722799.3196497, 1788722800.0108078, 1788722800.7480693, 1788722801.5132096, 1788722802.3094642, 1788722802.9458525, 1788722803.5270658, 1788722804.1653514, 1788722804.8354352, 1788722805.5338736, 1788722806.260845, 1788722807.0193708, 1788722807.8119967, 1788722808.60582, 1788722809.1697083, 1788722809.7874959, 1788722810.4370103, 1788722811.1178823, 1788722811.8284967, 1788722812.5856643, 1788722813.3751254, 1788722814.0756226, 1788722814.6749399, 1788722815.327275, 1788722816.0071816, 1788722816.716139, 1788722817.4545772, 1788722818.2202878, 1788722818.894325, 1788722819.47997, 1788722820.1026142, 1788722820.764524, 1788722821.455987, 1788722822.1791525, 1788722822.9361577, 1788722823.7256236, 1788722824.429997, 1788722825.019069, 1788722825.6669471, 1788722826.336368, 1788722827.0393963, 1788722827.7681732, 1788722828.5265841, 1788722829.3154917, 1788722830.0026257, 1788722830.5698366, 1788722831.199473, 1788722831.861258, 1788722832.55185, 1788722833.274036, 1788722834.03979, 1788722834.844783, 1788722835.6283782, 1788722836.1939347, 1788722836.8334641, 1788722837.5042276, 1788722838.208247, 1788722838.9335446, 1788722839.689806, 1788722840.4786806, 1788722841.2946277, 1788722842.0903022, 1788722842.6485834, 1788722843.2718375, 1788722843.920935, 1788722844.6024504, 1788722845.313192, 1788722846.0534303, 1788722846.82566, 1788722847.5652874, 1788722848.1288357, 1788722848.7503235, 1788722849.4066687, 1788722850.1037428, 1788722850.8238432, 1788722851.5764034, 1788722852.3597019, 1788722853.1490047, 1788722853.7357814]","[1, 1, 1, 1, 1, 1, 1, 1, 1, 1, 1, 1, 1, 1, 1, 1, 1, 1, 1, 1, 1, 1, 1, 1, 1, 1, 1, 1, 1, 1, 1, 1, 1, 1, 1, 1, 1, 1, 1, 1, 1, 1, 1, 1, 1, 1, 1, 1, 1, 1, 1, 1, 1, 1, 1, 1, 1, 1, 1, 1, 1, 1, 1, 1, 1, 1, 1, 1, 1, 1, 1, 1, 1, 1, 1, 1, 1, 1, 1, 1, 1, 1, 1, 1, 1, 1, 1, 1, 1, 1, 1, 1, 1, 1, 1, 1, 1, 1, 1, 1, 1, 1, 1, 1, 1, 1, 1, 1, 1, 1, 1, 1, 1, 1, 1, 1, 1, 1, 1, 1, 1, 1, 1, 1, 1, 1, 1, 1, 1, 1, 1, 1, 1, 1, 1, 1, 1, 1, 1, 1, 1, 1, 1, 1, 1, 1, 1, 1, 1, 1, 1, 1, 1, 1, 1, 1, 1, 1, 1, 1, 1, 1, 1, 1, 1, 1, 1, 1, 1, 1, 1, 1, 1, 1, 1, 1, 1, 1, 1, 1, 1, 1, 1, 1, 1, 1, 1, 1, 1, 1, 1, 1, 1, 1, 1, 1, 1, 1, 1, 1, 1, 1, 1, 1, 1, 1, 1, 1, 1, 1, 1, 1, 1, 1, 1, 1, 1, 1, 1, 1, 1, 1, 1, 1, 1, 1, 1, 1, 1, 1, 1, 1, 1, 1, 1, 1, 1, 1, 1, 1, 1, 1, 1, 1, 1, 1, 1, 1, 1, 1, 1, 1, 1, 1, 1, 1, 1, 1, 1, 1, 1, 1, 1, 1, 1, 1, 1, 1, 1, 1, 1, 1, 1, 1, 1, 1, 1, 1, 1, 1, 1, 1, 1, 1, 1, 1, 1, 1, 1]"
User-034,4,trace_0164,1788722863.4898736,streaming,23068,283,283,311,30,105.70601749420166,299.2642939090729,0.6863768667194015,13.0,0,True,,1788722564.2255073,1788722669.9315248,1788722863.4898012,"[1788722669.9315248, 1788722670.4901628, 1788722671.1032557, 1788722671.747487, 1788722672.4188654, 1788722673.1228614, 1788722673.856514, 1788722674.6233587, 1788722675.4240358, 1788722676.2603848, 1788722677.125643, 1788722677.8748236, 1788722678.4374604, 1788722679.0659683, 1788722679.7172961, 1788722680.400674, 1788722681.0994015, 1788722681.6663465, 1788722682.2819521, 1788722682.9290276, 1788722683.6024177, 1788722684.3097334, 1788722684.9685433, 1788722685.5424097, 1788722686.1681411, 1788722686.8248322, 1788722687.5106018, 1788722688.2048867, 1788722688.7753272, 1788722689.417317, 1788722690.0878694, 1788722690.7905157, 1788722691.489034, 1788722692.0829582, 1788722692.7255087, 1788722693.3962688, 1788722694.099301, 1788722694.7685547, 1788722695.3702404, 1788722696.0247684, 1788722696.6967304, 1788722697.4046974, 1788722698.109678, 1788722698.6771824, 1788722699.295063, 1788722699.942781, 1788722700.6185155, 1788722701.3438492, 1788722701.9064684, 1788722702.5178537, 1788722703.1602728, 1788722703.8296452, 1788722704.531795, 1788722705.262281, 1788722705.913402, 1788722706.4912543, 1788722707.1214468, 1788722707.7820807, 1788722708.4695342, 1788722709.1896613, 1788722709.9024322, 1788722710.4717655, 1788722711.0905604, 1788722711.740779, 1788722712.416783, 1788722713.126772, 1788722713.873018, 1788722714.6501837, 1788722715.455705, 1788722716.1132092, 1788722716.6985154, 1788722717.3572118, 1788722718.0437272, 1788722718.7609046, 1788722719.5087774, 1788722720.2946038, 1788722721.0309172, 1788722721.6005657, 1788722722.214882, 1788722722.8638, 1788722723.5443115, 1788722724.2606747, 1788722725.0128374, 1788722725.806082, 1788722726.4298358, 1788722727.025474, 1788722727.6703653, 1788722728.3409886, 1788722729.0453908, 1788722729.7777565, 1788722730.5423927, 1788722731.3608043, 1788722731.918354, 1788722732.5280237, 1788722733.1671133, 1788722733.8346772, 1788722734.5363097, 1788722735.2679489, 1788722736.0299797, 1788722736.7231443, 1788722737.287386, 1788722737.9136467, 1788722738.5654047, 1788722739.2550883, 1788722739.9714096, 1788722740.716371, 1788722741.500714, 1788722742.3189268, 1788722743.16326, 1788722743.8677526, 1788722744.4349513, 1788722745.0644639, 1788722745.7213745, 1788722746.4068203, 1788722747.1298456, 1788722747.895618, 1788722748.58608, 1788722749.161287, 1788722749.7920785, 1788722750.4454257, 1788722751.1329112, 1788722751.8508346, 1788722752.6004155, 1788722753.3543398, 1788722753.920859, 1788722754.5359929, 1788722755.1839309, 1788722755.8579102, 1788722756.5663452, 1788722757.3034654, 1788722758.07913, 1788722758.6795342, 1788722759.2643304, 1788722759.9299166, 1788722760.6160307, 1788722761.3357613, 1788722762.083976, 1788722762.8620882, 1788722763.6677325, 1788722764.2280536, 1788722764.8433878, 1788722765.487417, 1788722766.1635764, 1788722766.865307, 1788722767.5987852, 1788722768.3671954, 1788722769.1661627, 1788722769.9503253, 1788722770.5107992, 1788722771.1253932, 1788722771.7754104, 1788722772.4512186, 1788722773.1605163, 1788722773.8997328, 1788722774.601865, 1788722775.1717913, 1788722775.7929697, 1788722776.4528627, 1788722777.1414208, 1788722777.8490853, 1788722778.5932076, 1788722779.3717146, 1788722780.1811562, 1788722780.8205328, 1788722781.3992233, 1788722782.0355449, 1788722782.7045276, 1788722783.4049106, 1788722784.1277392, 1788722784.887235, 1788722785.680462, 1788722786.5033681, 1788722787.3313525, 1788722787.8901377, 1788722788.5070448, 1788722789.155079, 1788722789.8365045, 1788722790.5413704, 1788722791.2774446, 1788722792.0717964, 1788722792.6302726, 1788722793.2417414, 1788722793.8854616, 1788722794.5602422, 1788722795.2687953, 1788722795.9971194, 1788722796.7684948, 1788722797.464131, 1788722798.0375621, 1788722798.6651354, 1788722799.3249497, 1788722800.0161088, 1788722800.7533233, 1788722801.5189803, 1788722802.3146982, 1788722802.9518504, 1788722803.533419, 1788722804.1711786, 1788722804.8417604, 1788722805.5398016, 1788722806.2666237, 1788722807.025106, 1788722807.818313, 1788722808.6130178, 1788722809.1766105, 1788722809.7945457, 1788722810.4435892, 1788722811.124752, 1788722811.8373313, 1788722812.592011, 1788722813.3812664, 1788722814.0825586, 1788722814.6812072, 1788722815.3335142, 1788722816.0162861, 1788722816.722313, 1788722817.460849, 1788722818.2265098, 1788722818.9004276, 1788722819.482967, 1788722820.108944, 1788722820.7713718, 1788722821.46227, 1788722822.1906219, 1788722822.9416916, 1788722823.732051, 1788722824.4370172, 1788722825.0258327, 1788722825.6731212, 1788722826.3428073, 1788722827.0457973, 1788722827.7744849, 1788722828.5330238, 1788722829.321719, 1788722830.0099056, 1788722830.57721, 1788722831.2062974, 1788722831.868457, 1788722832.5587795, 1788722833.2813087, 1788722834.0469372, 1788722834.8521965, 1788722835.639998, 1788722836.2014492, 1788722836.8409858, 1788722837.5119128, 1788722838.2156427, 1788722838.9408576, 1788722839.6973126, 1788722840.4860246, 1788722841.3022766, 1788722842.0989263, 1788722842.6566617, 1788722843.2789104, 1788722843.9287863, 1788722844.6104538, 1788722845.3212278, 1788722846.062645, 1788722846.8335824, 1788722847.573212, 1788722848.1369, 1788722848.7586813, 1788722849.4152627, 1788722850.1111882, 1788722850.8307111, 1788722851.5833938, 1788722852.3665917, 1788722853.1570652, 1788722853.7436438, 1788722854.3734343, 1788722855.0340834, 1788722855.7232454, 1788722856.4413543, 1788722857.1851609, 1788722857.9633355, 1788722858.7720442, 1788722859.409808, 1788722859.9926217, 1788722860.633892, 1788722861.2999964, 1788722861.9970243, 1788722862.7239351, 1788722863.486661]","[1, 1, 1, 1, 1, 1, 1, 1, 1, 1, 1, 1, 1, 1, 1, 1, 1, 1, 1, 1, 1, 1, 1, 1, 1, 1, 1, 1, 1, 1, 1, 1, 1, 1, 1, 1, 1, 1, 1, 1, 1, 1, 1, 1, 1, 1, 1, 1, 1, 1, 1, 1, 1, 1, 1, 1, 1, 1, 1, 1, 1, 1, 1, 1, 1, 1, 1, 1, 1, 1, 1, 1, 1, 1, 1, 1, 1, 1, 1, 1, 1, 1, 1, 1, 1, 1, 1, 1, 1, 1, 1, 1, 1, 1, 1, 1, 1, 1, 1, 1, 1, 1, 1, 1, 1, 1, 1, 1, 1, 1, 1, 1, 1, 1, 1, 1, 1, 1, 1, 1, 1, 1, 1, 1, 1, 1, 1, 1, 1, 1, 1, 1, 1, 1, 1, 1, 1, 1, 1, 1, 1, 1, 1, 1, 1, 1, 1, 1, 1, 1, 1, 1, 1, 1, 1, 1, 1, 1, 1, 1, 1, 1, 1, 1, 1, 1, 1, 1, 1, 1, 1, 1, 1, 1, 1, 1, 1, 1, 1, 1, 1, 1, 1, 1, 1, 1, 1, 1, 1, 1, 1, 1, 1, 1, 1, 1, 1, 1, 1, 1, 1, 1, 1, 1, 1, 1, 1, 1, 1, 1, 1, 1, 1, 1, 1, 1, 1, 1, 1, 1, 1, 1, 1, 1, 1, 1, 1, 1, 1, 1, 1, 1, 1, 1, 1, 1, 1, 1, 1, 1, 1, 1, 1, 1, 1, 1, 1, 1, 1, 1, 1, 1, 1, 1, 1, 1, 1, 1, 1, 1, 1, 1, 1, 1, 1, 1, 1, 1, 1, 1, 1, 1, 1, 1, 1, 1, 1, 1, 1, 1, 1, 1, 1]"
User-058,0,trace_0586,1788722882.672496,streaming,17876,180,180,0,278,196.7259922027588,320.7132213115692,0.6926660844067621,0.0,0,True,,1788722561.9592068,1788722758.685199,1788722882.6724281,"[1788722758.685199, 1788722759.2706563, 1788722759.9351661, 1788722760.621034, 1788722761.3404546, 1788722762.0892787, 1788722762.8672607, 1788722763.6727948, 1788722764.2328763, 1788722764.8480487, 1788722765.4923, 1788722766.1689425, 1788722766.8697517, 1788722767.6047764, 1788722768.3722973, 1788722769.1715605, 1788722769.9551234, 1788722770.5153546, 1788722771.1303082, 1788722771.7804458, 1788722772.4560907, 1788722773.164912, 1788722773.9047637, 1788722774.6070516, 1788722775.176856, 1788722775.7969143, 1788722776.4573019, 1788722777.1462946, 1788722777.8539147, 1788722778.5980463, 1788722779.3767712, 1788722780.1863694, 1788722780.8254795, 1788722781.403663, 1788722782.0404825, 1788722782.7083025, 1788722783.4088528, 1788722784.1315665, 1788722784.8923743, 1788722785.6854444, 1788722786.507116, 1788722787.3374186, 1788722787.8956475, 1788722788.5119205, 1788722789.1606915, 1788722789.842155, 1788722790.5469527, 1788722791.2829633, 1788722792.0773215, 1788722792.635606, 1788722793.2472892, 1788722793.891209, 1788722794.5657277, 1788722795.274769, 1788722796.001651, 1788722796.7734926, 1788722797.4691172, 1788722798.0410237, 1788722798.670158, 1788722799.3285952, 1788722800.0214336, 1788722800.7568128, 1788722801.523567, 1788722802.3172846, 1788722802.9564602, 1788722803.5380113, 1788722804.175647, 1788722804.8462646, 1788722805.5444627, 1788722806.269359, 1788722807.029691, 1788722807.8228734, 1788722808.6178658, 1788722809.181114, 1788722809.8013196, 1788722810.4471245, 1788722811.1293375, 1788722811.840863, 1788722812.5965278, 1788722813.3860002, 1788722814.0870733, 1788722814.6843834, 1788722815.337563, 1788722816.0194519, 1788722816.726297, 1788722817.4648323, 1788722818.2305055, 1788722818.9045157, 1788722819.4851289, 1788722820.1134427, 1788722820.7759056, 1788722821.4668078, 1788722822.19566, 1788722822.9449344, 1788722823.7360048, 1788722824.4411454, 1788722825.0303996, 1788722825.6779048, 1788722826.347342, 1788722827.0498462, 1788722827.78294, 1788722828.536957, 1788722829.3257773, 1788722830.0138085, 1788722830.5812175, 1788722831.2090468, 1788722831.8723218, 1788722832.5628855, 1788722833.2852933, 1788722834.0510595, 1788722834.8561795, 1788722835.6440167, 1788722836.205423, 1788722836.8449905, 1788722837.5159245, 1788722838.2196338, 1788722838.9448695, 1788722839.7001534, 1788722840.4900577, 1788722841.3062022, 1788722842.10097, 1788722842.6598563, 1788722843.2819748, 1788722843.9320347, 1788722844.6144862, 1788722845.3240285, 1788722846.0658162, 1788722846.8376484, 1788722847.577096, 1788722848.139956, 1788722848.7629166, 1788722849.4192412, 1788722850.1151671, 1788722850.833813, 1788722851.587478, 1788722852.3709342, 1788722853.1598895, 1788722853.7472246, 1788722854.3769488, 1788722855.0373683, 1788722855.7248292, 1788722856.4440324, 1788722857.1878698, 1788722857.9667811, 1788722858.7754555, 1788722859.4121747, 1788722859.9960155, 1788722860.6364002, 1788722861.3035002, 1788722862.0004961, 1788722862.7274384, 1788722863.4887667, 1788722864.2337525, 1788722864.8188698, 1788722865.4542894, 1788722866.1191835, 1788722866.808211, 1788722867.5296888, 1788722868.2770429, 1788722869.0540512, 1788722869.608879, 1788722870.2244043, 1788722870.869872, 1788722871.5499477, 1788722872.250956, 1788722872.9893627, 1788722873.7729025, 1788722874.4840198, 1788722875.04987, 1788722875.675533, 1788722876.3302386, 1788722877.0165486, 1788722877.7377126, 1788722878.476559, 1788722879.2534204, 1788722880.0595996, 1788722880.8331711, 1788722881.392213, 1788722882.0155292, 1788722882.670397]","[1, 1, 1, 1, 1, 1, 1, 1, 1, 1, 1, 1, 1, 1, 1, 1, 1, 1, 1, 1, 1, 1, 1, 1, 1, 1, 1, 1, 1, 1, 1, 1, 1, 1, 1, 1, 1, 1, 1, 1, 1, 1, 1, 1, 1, 1, 1, 1, 1, 1, 1, 1, 1, 1, 1, 1, 1, 1, 1, 1, 1, 1, 1, 1, 1, 1, 1, 1, 1, 1, 1, 1, 1, 1, 1, 1, 1, 1, 1, 1, 1, 1, 1, 1, 1, 1, 1, 1, 1, 1, 1, 1, 1, 1, 1, 1, 1, 1, 1, 1, 1, 1, 1, 1, 1, 1, 1, 1, 1, 1, 1, 1, 1, 1, 1, 1, 1, 1, 1, 1, 1, 1, 1, 1, 1, 1, 1, 1, 1, 1, 1, 1, 1, 1, 1, 1, 1, 1, 1, 1, 1, 1, 1, 1, 1, 1, 1, 1, 1, 1, 1, 1, 1, 1, 1, 1, 1, 1, 1, 1, 1, 1, 1, 1, 1, 1, 1, 1, 1, 1, 1, 1, 1, 1, 1, 1, 1, 1, 1, 1]"
User-091,0,trace_0285,1788722892.62321,streaming,17210,107,107,0,268,256.30549788475037,330.02565479278564,0.6954731783776913,0.0,0,True,,1788722562.5975027,1788722818.9030006,1788722892.6231575,"[1788722818.9030006, 1788722819.4839377, 1788722820.1109614, 1788722820.7733936, 1788722821.464265, 1788722822.1927195, 1788722822.943432, 1788722823.734204, 1788722824.4392254, 1788722825.0278826, 1788722825.675111, 1788722826.3452644, 1788722827.0478256, 1788722827.7808597, 1788722828.5350578, 1788722829.323764, 1788722830.0119169, 1788722830.5792258, 1788722831.2081318, 1788722831.8704305, 1788722832.560826, 1788722833.2832866, 1788722834.0489824, 1788722834.8541777, 1788722835.6420295, 1788722836.2034276, 1788722836.842983, 1788722837.5139043, 1788722838.2176292, 1788722838.9428656, 1788722839.6992216, 1788722840.4880528, 1788722841.304248, 1788722842.1000478, 1788722842.658696, 1788722843.2804885, 1788722843.9308534, 1788722844.6124868, 1788722845.3231874, 1788722846.064238, 1788722846.8356593, 1788722847.5751605, 1788722848.1389232, 1788722848.760781, 1788722849.4173384, 1788722850.1131723, 1788722850.8323414, 1788722851.5853882, 1788722852.368581, 1788722853.159087, 1788722853.7457428, 1788722854.3754737, 1788722855.0360115, 1788722855.7241411, 1788722856.4433517, 1788722857.1871696, 1788722857.9652984, 1788722858.7741423, 1788722859.4115043, 1788722859.9945595, 1788722860.6356466, 1788722861.3020103, 1788722861.9990113, 1788722862.725954, 1788722863.48809, 1788722864.2323198, 1788722864.8172495, 1788722865.4528308, 1788722866.1180332, 1788722866.8067274, 1788722867.5285811, 1788722868.275668, 1788722869.0525837, 1788722869.6075306, 1788722870.2236762, 1788722870.8683572, 1788722871.5426784, 1788722872.249814, 1788722872.9878516, 1788722873.7721517, 1788722874.4825423, 1788722875.0484262, 1788722875.6741307, 1788722876.3287725, 1788722877.0151088, 1788722877.7362537, 1788722878.475117, 1788722879.2519102, 1788722880.0579624, 1788722880.8324497, 1788722881.3911378, 1788722882.0140777, 1788722882.6689868, 1788722883.3626094, 1788722884.0918868, 1788722884.8427513, 1788722885.6187036, 1788722886.3190024, 1788722886.8893278, 1788722887.5186281, 1788722888.1741226, 1788722888.8643184, 1788722889.5820568, 1788722890.3271706, 1788722891.108143, 1788722891.9321337, 1788722892.6213362]","[1, 1, 1, 1, 1, 1, 1, 1, 1, 1, 1, 1, 1, 1, 1, 1, 1, 1, 1, 1, 1, 1, 1, 1, 1, 1, 1, 1, 1, 1, 1, 1, 1, 1, 1, 1, 1, 1, 1, 1, 1, 1, 1, 1, 1, 1, 1, 1, 1, 1, 1, 1, 1, 1, 1, 1, 1, 1, 1, 1, 1, 1, 1, 1, 1, 1, 1, 1, 1, 1, 1, 1, 1, 1, 1, 1, 1, 1, 1, 1, 1, 1, 1, 1, 1, 1, 1, 1, 1, 1, 1, 1, 1, 1, 1, 1, 1, 1, 1, 1, 1, 1, 1, 1, 1, 1, 1]"
User-066,0,trace_0681,1788722902.2633514,streaming,21193,176,176,0,330,218.66043090820312,340.1070063114166,0.6939804308755058,0.0,0,True,,1788722562.1558542,1788722780.8162851,1788722902.2628605,"[1788722780.8162851, 1788722781.3949144, 1788722782.031625, 1788722782.700311, 1788722783.3977866, 1788722784.1237442, 1788722784.8828385, 1788722785.676186, 1788722786.4991837, 1788722787.3267086, 1788722787.885854, 1788722788.5028179, 1788722789.1508627, 1788722789.8322337, 1788722790.537079, 1788722791.273168, 1788722792.0666423, 1788722792.6254904, 1788722793.236534, 1788722793.8809302, 1788722794.5551357, 1788722795.2635853, 1788722795.992901, 1788722796.7636526, 1788722797.459525, 1788722798.0328848, 1788722798.6602292, 1788722799.3201537, 1788722800.0113335, 1788722800.748966, 1788722801.5140293, 1788722802.309998, 1788722802.9463587, 1788722803.5275943, 1788722804.165876, 1788722804.8359642, 1788722805.534401, 1788722806.2613983, 1788722807.0198905, 1788722807.8125293, 1788722808.6063285, 1788722809.1702397, 1788722809.7880263, 1788722810.437545, 1788722811.1184103, 1788722811.8293266, 1788722812.586193, 1788722813.375651, 1788722814.0761495, 1788722814.675482, 1788722815.3277915, 1788722816.0079987, 1788722816.7166479, 1788722817.455122, 1788722818.2208052, 1788722818.8948662, 1788722819.4802265, 1788722820.103173, 1788722820.7650461, 1788722821.4565108, 1788722822.1797173, 1788722822.9366868, 1788722823.7261417, 1788722824.430534, 1788722825.019899, 1788722825.6674733, 1788722826.336915, 1788722827.0399287, 1788722827.7687452, 1788722828.5271573, 1788722829.3160338, 1788722830.0032048, 1788722830.5703886, 1788722831.200035, 1788722831.8617952, 1788722832.5523949, 1788722833.2745562, 1788722834.0405054, 1788722834.8455362, 1788722835.6302881, 1788722836.195214, 1788722836.8347244, 1788722837.5056117, 1788722838.209361, 1788722838.9346268, 1788722839.6909409, 1788722840.4798055, 1788722841.295734, 1788722842.0927966, 1788722842.6501968, 1788722843.273532, 1788722843.9224863, 1788722844.6041572, 1788722845.3149083, 1788722846.0575213, 1788722846.8272622, 1788722847.5670989, 1788722848.1305068, 1788722848.7523108, 1788722849.408376, 1788722850.1052144, 1788722850.8255293, 1788722851.578121, 1788722852.3613255, 1788722853.1508653, 1788722853.7375987, 1788722854.3675811, 1788722855.028138, 1788722855.717438, 1788722856.4356098, 1788722857.1796234, 1788722857.9575932, 1788722858.7655513, 1788722859.402509, 1788722859.9864802, 1788722860.6248999, 1788722861.2936406, 1788722861.9907835, 1788722862.7177515, 1788722863.480384, 1788722864.2240238, 1788722864.806185, 1788722865.4444141, 1788722866.1103678, 1788722866.7985995, 1788722867.5219777, 1788722868.2675097, 1788722869.0434682, 1788722869.59905, 1788722870.211818, 1788722870.859395, 1788722871.5341032, 1788722872.241796, 1788722872.977656, 1788722873.763556, 1788722874.4738598, 1788722875.0392938, 1788722875.6655767, 1788722876.3195777, 1788722877.0064573, 1788722877.7276974, 1788722878.466458, 1788722879.2426608, 1788722880.0497673, 1788722880.8236787, 1788722881.3830035, 1788722882.0041587, 1788722882.6592185, 1788722883.3533082, 1788722884.0824547, 1788722884.8338368, 1788722885.6091886, 1788722886.309962, 1788722886.8802028, 1788722887.5061314, 1788722888.1655655, 1788722888.8560112, 1788722889.5723996, 1788722890.3178043, 1788722891.099248, 1788722891.9229167, 1788722892.6130645, 1788722893.2005446, 1788722893.846886, 1788722894.5235436, 1788722895.22946, 1788722895.9646645, 1788722896.7254338, 1788722897.5168786, 1788722898.2643728, 1788722898.8301218, 1788722899.4508188, 1788722900.1049387, 1788722900.7886736, 1788722901.5030735, 1788722902.2486026]","[1, 1, 1, 1, 1, 1, 1, 1, 1, 1, 1, 1, 1, 1, 1, 1, 1, 1, 1, 1, 1, 1, 1, 1, 1, 1, 1, 1, 1, 1, 1, 1, 1, 1, 1, 1, 1, 1, 1, 1, 1, 1, 1, 1, 1, 1, 1, 1, 1, 1, 1, 1, 1, 1, 1, 1, 1, 1, 1, 1, 1, 1, 1, 1, 1, 1, 1, 1, 1, 1, 1, 1, 1, 1, 1, 1, 1, 1, 1, 1, 1, 1, 1, 1, 1, 1, 1, 1, 1, 1, 1, 1, 1, 1, 1, 1, 1, 1, 1, 1, 1, 1, 1, 1, 1, 1, 1, 1, 1, 1, 1, 1, 1, 1, 1, 1, 1, 1, 1, 1, 1, 1, 1, 1, 1, 1, 1, 1, 1, 1, 1, 1, 1, 1, 1, 1, 1, 1, 1, 1, 1, 1, 1, 1, 1, 1, 1, 1, 1, 1, 1, 1, 1, 1, 1, 1, 1, 1, 1, 1, 1, 1, 1, 1, 1, 1, 1, 1, 1, 1, 1, 1, 1, 1, 1, 1]"
User-075,0,trace_0559,1788722915.476629,streaming,17686,177,177,0,276,229.77891778945923,353.1874270439148,0.701184711673043,0.0,0,True,,1788722562.2891512,1788722792.068069,1788722915.4765782,"[1788722792.068069, 1788722792.6265323, 1788722793.2378988, 1788722793.8819506, 1788722794.5564194, 1788722795.2649217, 1788722795.9939053, 1788722796.7647533, 1788722797.4605103, 1788722798.0339134, 1788722798.6613374, 1788722799.321182, 1788722800.0123436, 1788722800.75008, 1788722801.5151713, 1788722802.3110738, 1788722802.9474158, 1788722803.5286374, 1788722804.166938, 1788722804.8370175, 1788722805.535465, 1788722806.2624466, 1788722807.0208943, 1788722807.8139212, 1788722808.607384, 1788722809.1717155, 1788722809.7892733, 1788722810.4386032, 1788722811.11947, 1788722811.830441, 1788722812.597519, 1788722813.3870294, 1788722814.0880668, 1788722814.6848207, 1788722815.338547, 1788722816.0202286, 1788722816.7273095, 1788722817.4658175, 1788722818.2315273, 1788722818.9049578, 1788722819.4856079, 1788722820.1144311, 1788722820.7768946, 1788722821.4678006, 1788722822.1962087, 1788722822.9456806, 1788722823.7364461, 1788722824.4416175, 1788722825.0314069, 1788722825.6789248, 1788722826.3483543, 1788722827.0508828, 1788722827.78393, 1788722828.5379603, 1788722829.3268058, 1788722830.014861, 1788722830.5822177, 1788722831.2094939, 1788722831.873343, 1788722832.5638893, 1788722833.2862852, 1788722834.0520372, 1788722834.8571587, 1788722835.6444845, 1788722836.2064266, 1788722836.846003, 1788722837.516926, 1788722838.2206423, 1788722838.945912, 1788722839.7006214, 1788722840.4910643, 1788722841.3071375, 1788722842.1014555, 1788722842.6603222, 1788722843.2827675, 1788722843.9324987, 1788722844.6152873, 1788722845.3244874, 1788722846.0666027, 1788722846.8386698, 1788722847.578936, 1788722848.1406314, 1788722848.7637503, 1788722849.4199216, 1788722850.115824, 1788722850.8349347, 1788722851.5881777, 1788722852.3717623, 1788722853.1606193, 1788722853.747897, 1788722854.378435, 1788722855.038838, 1788722855.725513, 1788722856.4447582, 1788722857.1885195, 1788722857.9677212, 1788722858.776169, 1788722859.4128666, 1788722859.9974663, 1788722860.637141, 1788722861.3049726, 1788722862.0019972, 1788722862.7289186, 1788722863.4894388, 1788722864.2352407, 1788722864.8198957, 1788722865.4555683, 1788722866.1203353, 1788722866.8097084, 1788722867.5308273, 1788722868.278546, 1788722869.055479, 1788722869.6103828, 1788722870.2251275, 1788722870.871713, 1788722871.5515568, 1788722872.252106, 1788722872.9909227, 1788722873.7750485, 1788722874.485476, 1788722875.0513434, 1788722875.6762264, 1788722876.3317118, 1788722877.018001, 1788722877.7391868, 1788722878.4780152, 1788722879.254934, 1788722880.0611043, 1788722880.8338807, 1788722881.3933754, 1788722882.017004, 1788722882.6720002, 1788722883.3650503, 1788722884.09306, 1788722884.8450763, 1788722885.6211362, 1788722886.322289, 1788722886.8928468, 1788722887.5207016, 1788722888.1764596, 1788722888.866709, 1788722889.5844777, 1788722890.328857, 1788722891.1095006, 1788722891.9334667, 1788722892.622825, 1788722893.2135758, 1788722893.8591318, 1788722894.5357907, 1788722895.2407305, 1788722895.9768877, 1788722896.737631, 1788722897.52633, 1788722898.2765758, 1788722898.8412485, 1788722899.461569, 1788722900.1144958, 1788722900.7991037, 1788722901.5159388, 1788722902.2622926, 1788722903.0364258, 1788722903.8457775, 1788722904.68777, 1788722905.5623565, 1788722906.4563081, 1788722907.3601122, 1788722907.9133263, 1788722908.528951, 1788722909.1806388, 1788722909.86009, 1788722910.560324, 1788722911.2993023, 1788722912.0700853, 1788722912.876296, 1788722913.7049284, 1788722914.5692043, 1788722915.4760866]","[1, 1, 1, 1, 1, 1, 1, 1, 1, 1, 1, 1, 1, 1, 1, 1, 1, 1, 1, 1, 1, 1, 1, 1, 1, 1, 1, 1, 1, 1, 1, 1, 1, 1, 1, 1, 1, 1, 1, 1, 1, 1, 1, 1, 1, 1, 1, 1, 1, 1, 1, 1, 1, 1, 1, 1, 1, 1, 1, 1, 1, 1, 1, 1, 1, 1, 1, 1, 1, 1, 1, 1, 1, 1, 1, 1, 1, 1, 1, 1, 1, 1, 1, 1, 1, 1, 1, 1, 1, 1, 1, 1, 1, 1, 1, 1, 1, 1, 1, 1, 1, 1, 1, 1, 1, 1, 1, 1, 1, 1, 1, 1, 1, 1, 1, 1, 1, 1, 1, 1, 1, 1, 1, 1, 1, 1, 1, 1, 1, 1, 1, 1, 1, 1, 1, 1, 1, 1, 1, 1, 1, 1, 1, 1, 1, 1, 1, 1, 1, 1, 1, 1, 1, 1, 1, 1, 1, 1, 1, 1, 1, 1, 1, 1, 1, 1, 1, 1, 1, 1, 1, 1, 1, 1, 1, 1, 1]"
User-129,0,trace_0300,1788722916.4098196,streaming,11767,320,320,0,183,128.96840023994446,350.60356855392456,0.6947810918933546,0.0,0,True,,1788722565.8062153,1788722694.7746155,1788722916.4097838,"[1788722694.7746155, 1788722695.3765616, 1788722696.0307636, 1788722696.7026532, 1788722697.4104877, 1788722698.1150122, 1788722698.686407, 1788722699.3006592, 1788722699.948372, 1788722700.6241696, 1788722701.3503544, 1788722701.9122875, 1788722702.5242007, 1788722703.1664808, 1788722703.8358366, 1788722704.5379329, 1788722705.2684393, 1788722705.9172866, 1788722706.4973214, 1788722707.1250498, 1788722707.7856553, 1788722708.4732454, 1788722709.1933324, 1788722709.9060135, 1788722710.4753118, 1788722711.0944746, 1788722711.7443268, 1788722712.420338, 1788722713.1306465, 1788722713.8768167, 1788722714.6539333, 1788722715.459417, 1788722716.1167052, 1788722716.7027166, 1788722717.361057, 1788722718.0475125, 1788722718.7646701, 1788722719.5126183, 1788722720.2992914, 1788722721.0352821, 1788722721.6046479, 1788722722.219018, 1788722722.8686664, 1788722723.5485535, 1788722724.265199, 1788722725.0194707, 1788722725.812491, 1788722726.4385889, 1788722727.0316057, 1788722727.6765656, 1788722728.347212, 1788722729.0529776, 1788722729.7838912, 1788722730.5485992, 1788722731.3681495, 1788722731.9250941, 1788722732.535672, 1788722733.1743808, 1788722733.8411546, 1788722734.543368, 1788722735.2747493, 1788722736.037189, 1788722736.7263315, 1788722737.2904356, 1788722737.9169488, 1788722738.5686924, 1788722739.2577958, 1788722739.9738057, 1788722740.719493, 1788722741.5054464, 1788722742.322086, 1788722743.166469, 1788722743.871985, 1788722744.4378278, 1788722745.0679593, 1788722745.7248492, 1788722746.4097302, 1788722747.1376102, 1788722747.8985267, 1788722748.5891533, 1788722749.164259, 1788722749.7951772, 1788722750.4483178, 1788722751.135936, 1788722751.8533354, 1788722752.6035457, 1788722753.3576033, 1788722753.9238966, 1788722754.538943, 1788722755.187005, 1788722755.8609433, 1788722756.569834, 1788722757.3064084, 1788722758.082421, 1788722758.6824226, 1788722759.2682004, 1788722759.932652, 1788722760.6186097, 1788722761.338194, 1788722762.0868156, 1788722762.8647525, 1788722763.67034, 1788722764.2304704, 1788722764.8455236, 1788722765.4898727, 1788722766.1664732, 1788722766.8677936, 1788722767.6022606, 1788722768.3698287, 1788722769.1691341, 1788722769.9528615, 1788722770.5132453, 1788722771.1278749, 1788722771.7779868, 1788722772.453641, 1788722773.1629798, 1788722773.9022467, 1788722774.6046221, 1788722775.1743736, 1788722775.7949574, 1788722776.4553177, 1788722777.1438665, 1788722777.8515062, 1788722778.5956385, 1788722779.3742237, 1788722780.18398, 1788722780.8230262, 1788722781.40171, 1788722782.038058, 1788722782.7070398, 1788722783.4068797, 1788722784.1296535, 1788722784.889812, 1788722785.6829667, 1788722786.5052218, 1788722787.3349006, 1788722787.8931408, 1788722788.510116, 1788722789.1581404, 1788722789.839587, 1788722790.5444221, 1788722791.2804604, 1788722792.074819, 1788722792.6333318, 1788722793.2447662, 1788722793.8886669, 1788722794.56326, 1788722795.2718344, 1788722795.9997234, 1788722796.7709987, 1788722797.4666455, 1788722798.039866, 1788722798.6676507, 1788722799.327488, 1788722800.0186124, 1788722800.7552814, 1788722801.5215182, 1788722802.3163514, 1788722802.9544609, 1788722803.5360007, 1788722804.1737003, 1788722804.8442757, 1788722805.5423505, 1788722806.2684226, 1788722807.0276291, 1788722807.820833, 1788722808.6158714, 1788722809.1791193, 1788722809.7991462, 1788722810.4455528, 1788722811.127303, 1788722811.8397734, 1788722812.5945027, 1788722813.3837528, 1788722814.0855665, 1788722814.6837142, 1788722815.336054, 1788722816.0182474, 1788722816.7248116, 1788722817.4633389, 1788722818.2290092, 1788722818.9038405, 1788722819.4844165, 1788722820.1119492, 1788722820.7743816, 1788722821.465276, 1788722822.1937447, 1788722822.9441845, 1788722823.7352264, 1788722824.4402478, 1788722825.0288885, 1788722825.6761196, 1788722826.3462803, 1788722827.0488324, 1788722827.7818856, 1788722828.5360527, 1788722829.324758, 1788722830.0128984, 1788722830.5802226, 1788722831.2085898, 1788722831.8714232, 1788722832.5618386, 1788722833.2842753, 1788722834.050002, 1788722834.8551576, 1788722835.6430836, 1788722836.2044408, 1788722836.843969, 1788722837.5149293, 1788722838.2186203, 1788722838.9438562, 1788722839.699692, 1788722840.489048, 1788722841.3052235, 1788722842.1005352, 1788722842.6593947, 1788722843.2812643, 1788722843.931585, 1788722844.613481, 1788722845.3236277, 1788722846.065032, 1788722846.836665, 1788722847.5761197, 1788722848.1395109, 1788722848.7618313, 1788722849.4183352, 1788722850.1141663, 1788722850.8330755, 1788722851.586404, 1788722852.3698895, 1788722853.1593983, 1788722853.7462296, 1788722854.3759708, 1788722855.0364993, 1788722855.7243848, 1788722856.4435978, 1788722857.187435, 1788722857.9657822, 1788722858.7746558, 1788722859.4117265, 1788722859.995047, 1788722860.635891, 1788722861.3024988, 1788722861.9995148, 1788722862.726443, 1788722863.4883173, 1788722864.2327974, 1788722864.817787, 1788722865.4533138, 1788722866.118413, 1788722866.8072298, 1788722867.5289485, 1788722868.2761655, 1788722869.0530665, 1788722869.6080072, 1788722870.2239134, 1788722870.868869, 1788722871.5488453, 1788722872.2501926, 1788722872.9883564, 1788722873.7723978, 1788722874.483043, 1788722875.0489106, 1788722875.6746035, 1788722876.3292584, 1788722877.015587, 1788722877.7367368, 1788722878.4756005, 1788722879.25242, 1788722880.0585494, 1788722880.8326836, 1788722881.391517, 1788722882.0145597, 1788722882.6694722, 1788722883.3631063, 1788722884.0921211, 1788722884.8432286, 1788722885.619208, 1788722886.3203244, 1788722886.8909104, 1788722887.5196733, 1788722888.174922, 1788722888.8651142, 1788722889.5832548, 1788722890.3279762, 1788722891.1085858, 1788722891.932572, 1788722892.6219423, 1788722893.2126195, 1788722893.8571503, 1788722894.533823, 1788722895.239747, 1788722895.9749782, 1788722896.7356582, 1788722897.5254223, 1788722898.2756226, 1788722898.8403637, 1788722899.4606762, 1788722900.1136012, 1788722900.7975895, 1788722901.5139427, 1788722902.260128, 1788722903.035036, 1788722903.8448784, 1788722904.6857355, 1788722905.5614028, 1788722906.4554322, 1788722907.357371, 1788722907.9120948, 1788722908.5278974, 1788722909.1795373, 1788722909.8583715, 1788722910.5584488, 1788722911.297063, 1788722912.067659, 1788722912.8751764, 1788722913.7019827, 1788722914.5680885, 1788722915.4747605, 1788722916.4085007]","[1, 1, 1, 1, 1, 1, 1, 1, 1, 1, 1, 1, 1, 1, 1, 1, 1, 1, 1, 1, 1, 1, 1, 1, 1, 1, 1, 1, 1, 1, 1, 1, 1, 1, 1, 1, 1, 1, 1, 1, 1, 1, 1, 1, 1, 1, 1, 1, 1, 1, 1, 1, 1, 1, 1, 1, 1, 1, 1, 1, 1, 1, 1, 1, 1, 1, 1, 1, 1, 1, 1, 1, 1, 1, 1, 1, 1, 1, 1, 1, 1, 1, 1, 1, 1, 1, 1, 1, 1, 1, 1, 1, 1, 1, 1, 1, 1, 1, 1, 1, 1, 1, 1, 1, 1, 1, 1, 1, 1, 1, 1, 1, 1, 1, 1, 1, 1, 1, 1, 1, 1, 1, 1, 1, 1, 1, 1, 1, 1, 1, 1, 1, 1, 1, 1, 1, 1, 1, 1, 1, 1, 1, 1, 1, 1, 1, 1, 1, 1, 1, 1, 1, 1, 1, 1, 1, 1, 1, 1, 1, 1, 1, 1, 1, 1, 1, 1, 1, 1, 1, 1, 1, 1, 1, 1, 1, 1, 1, 1, 1, 1, 1, 1, 1, 1, 1, 1, 1, 1, 1, 1, 1, 1, 1, 1, 1, 1, 1, 1, 1, 1, 1, 1, 1, 1, 1, 1, 1, 1, 1, 1, 1, 1, 1, 1, 1, 1, 1, 1, 1, 1, 1, 1, 1, 1, 1, 1, 1, 1, 1, 1, 1, 1, 1, 1, 1, 1, 1, 1, 1, 1, 1, 1, 1, 1, 1, 1, 1, 1, 1, 1, 1, 1, 1, 1, 1, 1, 1, 1, 1, 1, 1, 1, 1, 1, 1, 1, 1, 1, 1, 1, 1, 1, 1, 1, 1, 1, 1, 1, 1, 1, 1, 1, 1, 1, 1, 1, 1, 1, 1, 1, 1, 1, 1, 1, 1, 1, 1, 1, 1, 1, 1, 1, 1, 1, 1, 1, 1, 1, 1, 1, 1, 1, 1, 1, 1, 1, 1, 1, 1]"
User-089,0,trace_0671,1788722943.3942754,streaming,18879,183,183,0,294,251.52491998672485,380.8386118412018,0.710514790409214,0.0,0,True,,1788722562.555593,1788722814.080513,1788722943.3942049,"[1788722814.080513, 1788722814.6792064, 1788722815.3315127, 1788722816.014316, 1788722816.7201817, 1788722817.4588487, 1788722818.2245128, 1788722818.898423, 1788722819.4819756, 1788722820.106938, 1788722820.7692704, 1788722821.4602785, 1788722822.1882632, 1788722822.9401565, 1788722823.7298763, 1788722824.4349065, 1788722825.0238242, 1788722825.6711633, 1788722826.3407648, 1788722827.0437508, 1788722827.7724934, 1788722828.531006, 1788722829.3197215, 1788722830.0077193, 1788722830.5751843, 1788722831.204316, 1788722831.8664565, 1788722832.55674, 1788722833.2793307, 1788722834.0449028, 1788722834.8499904, 1788722835.6376643, 1788722836.1994624, 1788722836.8389924, 1788722837.5099013, 1788722838.2136345, 1788722838.938862, 1788722839.6951098, 1788722840.484028, 1788722841.3003168, 1788722842.0968664, 1788722842.6546004, 1788722843.27732, 1788722843.9268095, 1788722844.6084127, 1788722845.319219, 1788722846.0610533, 1788722846.8315275, 1788722847.5710964, 1788722848.1348686, 1788722848.7565773, 1788722849.4132664, 1788722850.1092122, 1788722850.8287237, 1788722851.581375, 1788722852.3645716, 1788722853.1548357, 1788722853.7416131, 1788722854.371437, 1788722855.0317419, 1788722855.7211936, 1788722856.4392917, 1788722857.1831634, 1788722857.96134, 1788722858.769564, 1788722859.4068658, 1788722859.9906242, 1788722860.629334, 1788722861.2979648, 1788722861.9950678, 1788722862.7219265, 1788722863.4846978, 1788722864.2288263, 1788722864.8134346, 1788722865.4493985, 1788722866.1153102, 1788722866.803291, 1788722867.525954, 1788722868.2722032, 1788722869.049112, 1788722869.6041296, 1788722870.2171052, 1788722870.8648078, 1788722871.5392406, 1788722872.246992, 1788722872.9841826, 1788722873.7691638, 1788722874.4791205, 1788722875.0449963, 1788722875.6707432, 1788722876.3252947, 1788722877.0117154, 1788722877.7328799, 1788722878.47169, 1788722879.2480145, 1788722880.0547187, 1788722880.8296747, 1788722881.388453, 1788722882.0105877, 1788722882.6655757, 1788722883.3591833, 1788722884.0887318, 1788722884.839331, 1788722885.6153493, 1788722886.31555, 1788722886.8857737, 1788722887.5151203, 1788722888.1713252, 1788722888.8615258, 1788722889.5782485, 1788722890.3236282, 1788722891.1051302, 1788722891.928926, 1788722892.6197436, 1788722893.2093096, 1788722893.8531747, 1788722894.5298007, 1788722895.2357402, 1788722895.9709764, 1788722896.7316825, 1788722897.5232973, 1788722898.270444, 1788722898.8364658, 1788722899.4571433, 1788722900.1112664, 1788722900.7941935, 1788722901.5094717, 1788722902.2554011, 1788722903.0304878, 1788722903.84142, 1788722904.6812217, 1788722905.5585139, 1788722906.451044, 1788722907.3526516, 1788722907.9064405, 1788722908.5243778, 1788722909.17548, 1788722909.8536866, 1788722910.5550835, 1788722911.2924047, 1788722912.0631611, 1788722912.87081, 1788722913.6975415, 1788722914.563959, 1788722915.4702208, 1788722916.4053557, 1788722917.2598548, 1788722917.8402002, 1788722918.486133, 1788722919.1576133, 1788722919.8633945, 1788722920.5967035, 1788722921.3530946, 1788722922.1491637, 1788722922.974054, 1788722923.8228881, 1788722924.700497, 1788722925.5439901, 1788722926.09989, 1788722926.7211254, 1788722927.374496, 1788722928.058605, 1788722928.7708144, 1788722929.5105298, 1788722930.2850726, 1788722931.0950785, 1788722931.935499, 1788722932.554209, 1788722933.1290307, 1788722933.7726114, 1788722934.4491496, 1788722935.1554747, 1788722935.886355, 1788722936.6509569, 1788722937.4491622, 1788722938.2780056, 1788722939.1386485, 1788722940.0294774, 1788722940.8545277, 1788722941.4122448, 1788722942.0371895, 1788722942.69354, 1788722943.3882468]","[1, 1, 1, 1, 1, 1, 1, 1, 1, 1, 1, 1, 1, 1, 1, 1, 1, 1, 1, 1, 1, 1, 1, 1, 1, 1, 1, 1, 1, 1, 1, 1, 1, 1, 1, 1, 1, 1, 1, 1, 1, 1, 1, 1, 1, 1, 1, 1, 1, 1, 1, 1, 1, 1, 1, 1, 1, 1, 1, 1, 1, 1, 1, 1, 1, 1, 1, 1, 1, 1, 1, 1, 1, 1, 1, 1, 1, 1, 1, 1, 1, 1, 1, 1, 1, 1, 1, 1, 1, 1, 1, 1, 1, 1, 1, 1, 1, 1, 1, 1, 1, 1, 1, 1, 1, 1, 1, 1, 1, 1, 1, 1, 1, 1, 1, 1, 1, 1, 1, 1, 1, 1, 1, 1, 1, 1, 1, 1, 1, 1, 1, 1, 1, 1, 1, 1, 1, 1, 1, 1, 1, 1, 1, 1, 1, 1, 1, 1, 1, 1, 1, 1, 1, 1, 1, 1, 1, 1, 1, 1, 1, 1, 1, 1, 1, 1, 1, 1, 1, 1, 1, 1, 1, 1, 1, 1, 1, 1, 1, 1, 1, 1, 1]"
User-059,0,trace_0656,1788722946.4953487,streaming,19464,260,260,0,303,201.6603720188141,384.48842334747314,0.7058998120797647,0.0,0,True,,1788722562.0068455,1788722763.6672175,1788722946.4952688,"[1788722763.6672175, 1788722764.2275584, 1788722764.8426657, 1788722765.4869092, 1788722766.1630483, 1788722766.8646448, 1788722767.5982435, 1788722768.3666532, 1788722769.1654882, 1788722769.9498239, 1788722770.5103016, 1788722771.124892, 1788722771.7749043, 1788722772.4505653, 1788722773.1598644, 1788722773.8992383, 1788722774.5987153, 1788722775.1713092, 1788722775.792574, 1788722776.4523687, 1788722777.14094, 1788722777.8486056, 1788722778.5927188, 1788722779.3712218, 1788722780.1806664, 1788722780.8200219, 1788722781.3987086, 1788722782.0350595, 1788722782.70403, 1788722783.404518, 1788722784.1273415, 1788722784.886711, 1788722785.6799595, 1788722786.5029163, 1788722787.3308122, 1788722787.8896434, 1788722788.5065348, 1788722789.1545691, 1788722789.835994, 1788722790.5408688, 1788722791.2769406, 1788722792.071135, 1788722792.6297803, 1788722793.2412364, 1788722793.8849528, 1788722794.5597522, 1788722795.2682853, 1788722795.9967444, 1788722796.7680075, 1788722797.4635105, 1788722798.037042, 1788722798.664628, 1788722799.3244524, 1788722800.0156114, 1788722800.7529387, 1788722801.5184612, 1788722802.3141913, 1788722802.9513354, 1788722803.5328944, 1788722804.1706562, 1788722804.8412564, 1788722805.5393634, 1788722806.26611, 1788722807.0246158, 1788722807.817784, 1788722808.6114104, 1788722809.1756024, 1788722809.79351, 1788722810.4425337, 1788722811.1237454, 1788722811.834237, 1788722812.5909996, 1788722813.3802896, 1788722814.0815434, 1788722814.680206, 1788722815.332512, 1788722816.0154307, 1788722816.721175, 1788722817.4598546, 1788722818.2255068, 1788722818.8994348, 1788722819.4824615, 1788722820.1079562, 1788722820.7702918, 1788722821.4612792, 1788722822.18954, 1788722822.9409132, 1788722823.7308846, 1788722824.435969, 1788722825.0248315, 1788722825.6721442, 1788722826.3417766, 1788722827.0447564, 1788722827.7734847, 1788722828.532015, 1788722829.3207192, 1788722830.0088704, 1788722830.5762067, 1788722831.2053032, 1788722831.8674664, 1788722832.5577493, 1788722833.2803214, 1788722834.0459197, 1788722834.8511887, 1788722835.6387417, 1788722836.2004528, 1788722836.8399968, 1788722837.5109131, 1788722838.2146251, 1788722838.9398675, 1788722839.6962903, 1788722840.4850247, 1788722841.3012936, 1788722842.097888, 1788722842.655634, 1788722843.2781045, 1788722843.9277952, 1788722844.6094453, 1788722845.320218, 1788722846.0618546, 1788722846.832517, 1788722847.5720813, 1788722848.1358943, 1788722848.757623, 1788722849.4142556, 1788722850.1102042, 1788722850.8297274, 1788722851.5823677, 1788722852.365595, 1788722853.1558743, 1788722853.742598, 1788722854.3724322, 1788722855.0329216, 1788722855.7222157, 1788722856.440317, 1788722857.1841497, 1788722857.9623356, 1788722858.7708137, 1788722859.4079998, 1788722859.9916122, 1788722860.6303475, 1788722861.2990072, 1788722861.9960427, 1788722862.7229352, 1788722863.4856675, 1788722864.2297807, 1788722864.814607, 1788722865.4503787, 1788722866.116115, 1788722866.804268, 1788722867.5267005, 1788722868.2731962, 1788722869.0501003, 1788722869.6051066, 1788722870.218089, 1788722870.8658178, 1788722871.5402076, 1788722872.247868, 1788722872.9852347, 1788722873.770206, 1788722874.4801056, 1788722875.0459833, 1788722875.6717122, 1788722876.326286, 1788722877.0126724, 1788722877.733839, 1788722878.4726763, 1788722879.2490048, 1788722880.0555162, 1788722880.8309207, 1788722881.3892272, 1788722882.0115845, 1788722882.6665475, 1788722883.3601558, 1788722884.0897086, 1788722884.8403022, 1788722885.616301, 1788722886.3165286, 1788722886.8867488, 1788722887.516136, 1788722888.1721835, 1788722888.8623266, 1788722889.579308, 1788722890.3246324, 1788722891.1061223, 1788722891.9299147, 1788722892.6202028, 1788722893.2104647, 1788722893.8541481, 1788722894.5308065, 1788722895.2367368, 1788722895.971976, 1788722896.7326612, 1788722897.5240574, 1788722898.2714486, 1788722898.837457, 1788722899.4581354, 1788722900.1120567, 1788722900.7949517, 1788722901.5104551, 1788722902.2563975, 1788722903.0314953, 1788722903.8424175, 1788722904.6822138, 1788722905.5595431, 1788722906.4520235, 1788722907.3536859, 1788722907.90751, 1788722908.5253851, 1788722909.1766512, 1788722909.8547416, 1788722910.5558288, 1788722911.2933943, 1788722912.0641387, 1788722912.8718052, 1788722913.6985245, 1788722914.5657306, 1788722915.4712489, 1788722916.406346, 1788722917.2617157, 1788722917.8417428, 1788722918.489664, 1788722919.159124, 1788722919.864889, 1788722920.598207, 1788722921.3545978, 1788722922.1506844, 1788722922.9755583, 1788722923.824349, 1788722924.7016366, 1788722925.5454328, 1788722926.1013422, 1788722926.7225986, 1788722927.3756764, 1788722928.0600846, 1788722928.772334, 1788722929.5120037, 1788722930.2865245, 1788722931.0959501, 1788722931.9369807, 1788722932.5555174, 1788722933.130479, 1788722933.7740622, 1788722934.4506505, 1788722935.1570747, 1788722935.887842, 1788722936.6524875, 1788722937.4506335, 1788722938.2795253, 1788722939.1455567, 1788722940.0306442, 1788722940.8560092, 1788722941.4137008, 1788722942.0386217, 1788722942.6950185, 1788722943.3900938, 1788722944.1175578, 1788722944.877309, 1788722945.6700196, 1788722946.491807]","[1, 1, 1, 1, 1, 1, 1, 1, 1, 1, 1, 1, 1, 1, 1, 1, 1, 1, 1, 1, 1, 1, 1, 1, 1, 1, 1, 1, 1, 1, 1, 1, 1, 1, 1, 1, 1, 1, 1, 1, 1, 1, 1, 1, 1, 1, 1, 1, 1, 1, 1, 1, 1, 1, 1, 1, 1, 1, 1, 1, 1, 1, 1, 1, 1, 1, 1, 1, 1, 1, 1, 1, 1, 1, 1, 1, 1, 1, 1, 1, 1, 1, 1, 1, 1, 1, 1, 1, 1, 1, 1, 1, 1, 1, 1, 1, 1, 1, 1, 1, 1, 1, 1, 1, 1, 1, 1, 1, 1, 1, 1, 1, 1, 1, 1, 1, 1, 1, 1, 1, 1, 1, 1, 1, 1, 1, 1, 1, 1, 1, 1, 1, 1, 1, 1, 1, 1, 1, 1, 1, 1, 1, 1, 1, 1, 1, 1, 1, 1, 1, 1, 1, 1, 1, 1, 1, 1, 1, 1, 1, 1, 1, 1, 1, 1, 1, 1, 1, 1, 1, 1, 1, 1, 1, 1, 1, 1, 1, 1, 1, 1, 1, 1, 1, 1, 1, 1, 1, 1, 1, 1, 1, 1, 1, 1, 1, 1, 1, 1, 1, 1, 1, 1, 1, 1, 1, 1, 1, 1, 1, 1, 1, 1, 1, 1, 1, 1, 1, 1, 1, 1, 1, 1, 1, 1, 1, 1, 1, 1, 1, 1, 1, 1, 1, 1, 1, 1, 1, 1, 1, 1, 1, 1, 1, 1, 1, 1, 1, 1, 1, 1, 1, 1, 1, 1, 1, 1, 1, 1, 1]"
User-009,0,trace_0313,1788722948.2261288,streaming,12330,368,368,0,192,130.37600421905518,387.107750415802,0.6995415427704273,0.0,0,True,,1788722561.1182525,1788722691.4942567,1788722948.226003,"[1788722691.4942567, 1788722692.088219, 1788722692.7303007, 1788722693.4015481, 1788722694.1044233, 1788722694.772788, 1788722695.375075, 1788722696.0293026, 1788722696.7007744, 1788722697.408938, 1788722698.113631, 1788722698.684857, 1788722699.2991462, 1788722699.9469497, 1788722700.6227024, 1788722701.3487914, 1788722701.9111562, 1788722702.5226758, 1788722703.1649413, 1788722703.83431, 1788722704.5364263, 1788722705.2669559, 1788722705.912887, 1788722706.4907262, 1788722707.1209345, 1788722707.781418, 1788722708.4690268, 1788722709.189139, 1788722709.9019291, 1788722710.4712625, 1788722711.0900385, 1788722711.7402723, 1788722712.4163027, 1788722713.1261964, 1788722713.872485, 1788722714.6496503, 1788722715.455189, 1788722716.1126928, 1788722716.6979802, 1788722717.3565805, 1788722718.043125, 1788722718.760324, 1788722719.5082529, 1788722720.298551, 1788722721.0303802, 1788722721.6000545, 1788722722.2143276, 1788722722.863265, 1788722723.543781, 1788722724.260148, 1788722725.0176134, 1788722725.811257, 1788722726.436953, 1788722727.0301516, 1788722727.6750743, 1788722728.3457005, 1788722729.0514724, 1788722729.7825263, 1788722730.5471017, 1788722731.366489, 1788722731.9235878, 1788722732.534034, 1788722733.172877, 1788722733.8399668, 1788722734.5418177, 1788722735.2732399, 1788722736.0357616, 1788722736.7216806, 1788722737.2863615, 1788722737.912259, 1788722738.56404, 1788722739.2540486, 1788722739.9702108, 1788722740.715382, 1788722741.4995906, 1788722742.3177621, 1788722743.1622934, 1788722743.8667598, 1788722744.4339674, 1788722745.0634964, 1788722745.7204204, 1788722746.40582, 1788722747.1288795, 1788722747.8944788, 1788722748.585052, 1788722749.1602879, 1788722749.7909312, 1788722750.4442718, 1788722751.1317751, 1788722751.849669, 1788722752.5991986, 1788722753.3533564, 1788722753.9198837, 1788722754.5348158, 1788722755.1826339, 1788722755.856644, 1788722756.5651655, 1788722757.3024323, 1788722758.078096, 1788722758.6785114, 1788722759.2631173, 1788722759.928906, 1788722760.6150498, 1788722761.3347597, 1788722762.0829782, 1788722762.8610861, 1788722763.6658168, 1788722764.226371, 1788722764.8416293, 1788722765.4856703, 1788722766.1616428, 1788722766.8636498, 1788722767.5972207, 1788722768.3656557, 1788722769.1644547, 1788722769.9488494, 1788722770.5091295, 1788722771.1236873, 1788722771.7738926, 1788722772.4495487, 1788722773.158896, 1788722773.898026, 1788722774.5977433, 1788722775.1703026, 1788722775.7916286, 1788722776.4511833, 1788722777.1399717, 1788722777.8476095, 1788722778.59174, 1788722779.3700078, 1788722780.1795285, 1788722780.8190324, 1788722781.3976986, 1788722782.034053, 1788722782.7030404, 1788722783.4034925, 1788722784.1262083, 1788722784.885464, 1788722785.678944, 1788722786.5018914, 1788722787.329747, 1788722787.8886292, 1788722788.5055306, 1788722789.1534064, 1788722789.8349829, 1788722790.5398626, 1788722791.275935, 1788722792.0701158, 1788722792.6287806, 1788722793.2401886, 1788722793.8839557, 1788722794.55876, 1788722795.2672808, 1788722795.9959812, 1788722796.7670019, 1788722797.4624975, 1788722798.036017, 1788722798.6636207, 1788722799.323464, 1788722800.0145798, 1788722800.7521708, 1788722801.5174448, 1788722802.313149, 1788722802.950319, 1788722803.5317552, 1788722804.1696694, 1788722804.8402522, 1788722805.538301, 1788722806.2650945, 1788722807.023616, 1788722807.8167646, 1788722808.6103277, 1788722809.1745825, 1788722809.7924101, 1788722810.4414935, 1788722811.1226974, 1788722811.8332224, 1788722812.5899465, 1788722813.3792927, 1788722814.079648, 1788722814.6786947, 1788722815.3310115, 1788722816.013782, 1788722816.7196894, 1788722817.4583342, 1788722818.2240148, 1788722818.8979332, 1788722819.4817252, 1788722820.1063783, 1788722820.7687492, 1788722821.4597764, 1788722822.1876948, 1788722822.9397826, 1788722823.7293792, 1788722824.4336436, 1788722825.0233235, 1788722825.670651, 1788722826.3402495, 1788722827.0432365, 1788722827.771999, 1788722828.5304523, 1788722829.319223, 1788722830.0072181, 1788722830.5746324, 1788722831.2038145, 1788722831.865959, 1788722832.5562363, 1788722833.278833, 1788722834.044401, 1788722834.8493092, 1788722835.6371503, 1788722836.1989622, 1788722836.8384817, 1788722837.5094025, 1788722838.213136, 1788722838.9383485, 1788722839.694591, 1788722840.4835367, 1788722841.2998354, 1788722842.0963666, 1788722842.6540866, 1788722843.276931, 1788722843.9262998, 1788722844.6079068, 1788722845.3187032, 1788722846.0606625, 1788722846.8310344, 1788722847.570589, 1788722848.1343575, 1788722848.7560563, 1788722849.4127355, 1788722850.1087081, 1788722850.828219, 1788722851.5808706, 1788722852.3640537, 1788722853.1543047, 1788722853.741117, 1788722854.3709307, 1788722855.0312507, 1788722855.720688, 1788722856.4387612, 1788722857.182654, 1788722857.960837, 1788722858.7690399, 1788722859.406374, 1788722859.9901373, 1788722860.6288233, 1788722861.297457, 1788722861.9945612, 1788722862.7214377, 1788722863.4841826, 1788722864.2283459, 1788722864.8104036, 1788722865.4488602, 1788722866.114795, 1788722866.8028002, 1788722867.5255723, 1788722868.2717137, 1788722869.048616, 1788722869.6036394, 1788722870.2166123, 1788722870.8643095, 1788722871.5387213, 1788722872.246318, 1788722872.98363, 1788722873.7686431, 1788722874.4784436, 1788722875.0445085, 1788722875.6702502, 1788722876.3247828, 1788722877.011233, 1788722877.7323945, 1788722878.4712036, 1788722879.2475219, 1788722880.0541387, 1788722880.8291721, 1788722881.3880696, 1788722882.0100899, 1788722882.6650882, 1788722883.3586757, 1788722884.0882442, 1788722884.8388443, 1788722885.6148624, 1788722886.31506, 1788722886.885281, 1788722887.5146024, 1788722888.1708353, 1788722888.8611329, 1788722889.5777402, 1788722890.3231256, 1788722891.1046302, 1788722891.9284153, 1788722892.6192436, 1788722893.206312, 1788722893.8526826, 1788722894.529298, 1788722895.2352452, 1788722895.970458, 1788722896.7311919, 1788722897.5227814, 1788722898.2699578, 1788722898.8359745, 1788722899.4566476, 1788722900.110722, 1788722900.7938247, 1788722901.508968, 1788722902.254901, 1788722903.0299842, 1788722903.8409123, 1788722904.6807146, 1788722905.5580142, 1788722906.4504755, 1788722907.352152, 1788722907.9059148, 1788722908.5238767, 1788722909.1749833, 1788722909.853159, 1788722910.5545855, 1788722911.2919002, 1788722912.0626514, 1788722912.8702984, 1788722913.6970465, 1788722914.5634499, 1788722915.4697266, 1788722916.4048507, 1788722917.2593572, 1788722917.839685, 1788722918.485615, 1788722919.1569543, 1788722919.8628812, 1788722920.5961976, 1788722921.3525887, 1788722922.1486533, 1788722922.9735568, 1788722923.8223937, 1788722924.700115, 1788722925.5434973, 1788722926.0994081, 1788722926.7206302, 1788722927.3741112, 1788722928.0581238, 1788722928.7702613, 1788722929.510039, 1788722930.2845867, 1788722931.094534, 1788722931.9350085, 1788722932.5537188, 1788722933.1285567, 1788722933.7721276, 1788722934.4486604, 1788722935.154958, 1788722935.8858616, 1788722936.6504505, 1788722937.4486632, 1788722938.2774835, 1788722939.1381505, 1788722940.029088, 1788722940.8540332, 1788722941.411761, 1788722942.0367103, 1788722942.6930459, 1788722943.3877256, 1788722944.116081, 1788722944.8758264, 1788722945.668191, 1788722946.4905612, 1788722947.338176, 1788722948.2195714]","[1, 1, 1, 1, 1, 1, 1, 1, 1, 1, 1, 1, 1, 1, 1, 1, 1, 1, 1, 1, 1, 1, 1, 1, 1, 1, 1, 1, 1, 1, 1, 1, 1, 1, 1, 1, 1, 1, 1, 1, 1, 1, 1, 1, 1, 1, 1, 1, 1, 1, 1, 1, 1, 1, 1, 1, 1, 1, 1, 1, 1, 1, 1, 1, 1, 1, 1, 1, 1, 1, 1, 1, 1, 1, 1, 1, 1, 1, 1, 1, 1, 1, 1, 1, 1, 1, 1, 1, 1, 1, 1, 1, 1, 1, 1, 1, 1, 1, 1, 1, 1, 1, 1, 1, 1, 1, 1, 1, 1, 1, 1, 1, 1, 1, 1, 1, 1, 1, 1, 1, 1, 1, 1, 1, 1, 1, 1, 1, 1, 1, 1, 1, 1, 1, 1, 1, 1, 1, 1, 1, 1, 1, 1, 1, 1, 1, 1, 1, 1, 1, 1, 1, 1, 1, 1, 1, 1, 1, 1, 1, 1, 1, 1, 1, 1, 1, 1, 1, 1, 1, 1, 1, 1, 1, 1, 1, 1, 1, 1, 1, 1, 1, 1, 1, 1, 1, 1, 1, 1, 1, 1, 1, 1, 1, 1, 1, 1, 1, 1, 1, 1, 1, 1, 1, 1, 1, 1, 1, 1, 1, 1, 1, 1, 1, 1, 1, 1, 1, 1, 1, 1, 1, 1, 1, 1, 1, 1, 1, 1, 1, 1, 1, 1, 1, 1, 1, 1, 1, 1, 1, 1, 1, 1, 1, 1, 1, 1, 1, 1, 1, 1, 1, 1, 1, 1, 1, 1, 1, 1, 1, 1, 1, 1, 1, 1, 1, 1, 1, 1, 1, 1, 1, 1, 1, 1, 1, 1, 1, 1, 1, 1, 1, 1, 1, 1, 1, 1, 1, 1, 1, 1, 1, 1, 1, 1, 1, 1, 1, 1, 1, 1, 1, 1, 1, 1, 1, 1, 1, 1, 1, 1, 1, 1, 1, 1, 1, 1, 1, 1, 1, 1, 1, 1, 1, 1, 1, 1, 1, 1, 1, 1, 1, 1, 1, 1, 1, 1, 1, 1, 1, 1, 1, 1, 1, 1, 1, 1, 1, 1, 1, 1, 1, 1, 1, 1, 1, 1, 1, 1, 1, 1, 1, 1, 1, 1, 1, 1, 1]"
User-065,0,trace_0054,1788722951.7102182,streaming,16892,251,251,0,263,212.49254179000854,389.6064705848694,0.7084557151794434,0.0,0,True,,1788722562.1036856,1788722774.5962274,1788722951.7101562,"[1788722774.5962274, 1788722775.168773, 1788722775.7902331, 1788722776.4496748, 1788722777.1382759, 1788722777.8456743, 1788722778.5901947, 1788722779.3684878, 1788722780.1780272, 1788722780.8175173, 1788722781.3959777, 1788722782.0326042, 1788722782.7013228, 1788722783.4017408, 1788722784.124732, 1788722784.8839033, 1788722785.6772215, 1788722786.5001986, 1788722787.3281004, 1788722787.8869133, 1788722788.5038373, 1788722789.1518826, 1788722789.8332694, 1788722790.5383081, 1788722791.274195, 1788722792.068579, 1788722792.6270666, 1788722793.238422, 1788722793.882453, 1788722794.5569882, 1788722795.2654927, 1788722795.9944038, 1788722796.7652621, 1788722797.4609973, 1788722798.034421, 1788722798.6618483, 1788722799.3216975, 1788722800.0130665, 1788722800.7506123, 1788722801.515888, 1788722802.3115938, 1788722802.9488046, 1788722803.5296829, 1788722804.1679676, 1788722804.8384461, 1788722805.536513, 1788722806.263508, 1788722807.0219016, 1788722807.815221, 1788722808.6087053, 1788722809.1728244, 1788722809.7903235, 1788722810.4396799, 1788722811.1211255, 1788722811.8317199, 1788722812.5881443, 1788722813.3776166, 1788722814.0779781, 1788722814.6770208, 1788722815.329289, 1788722816.0096357, 1788722816.718169, 1788722817.456623, 1788722818.2223017, 1788722818.8963919, 1788722819.4809754, 1788722820.1046877, 1788722820.7666047, 1788722821.4580524, 1788722822.1812818, 1788722822.938242, 1788722823.7276835, 1788722824.4321036, 1788722825.0215402, 1788722825.6689837, 1788722826.338479, 1788722827.0414772, 1788722827.7702687, 1788722828.5287204, 1788722829.3175375, 1788722830.005664, 1788722830.5728629, 1788722831.202083, 1788722831.8642375, 1788722832.5544655, 1788722833.2773197, 1788722834.0426228, 1788722834.8476233, 1788722835.6355577, 1788722836.1972485, 1788722836.8367891, 1788722837.5076945, 1788722838.2114208, 1788722838.9366815, 1788722839.6930149, 1788722840.4818041, 1788722841.2981598, 1788722842.0948498, 1788722842.6525629, 1788722843.2757297, 1788722843.92474, 1788722844.6063793, 1788722845.3171697, 1788722846.059455, 1788722846.829449, 1788722847.5690992, 1788722848.1327891, 1788722848.7544692, 1788722849.411061, 1788722850.1069305, 1788722850.8270557, 1788722851.579698, 1788722852.3630307, 1788722853.1524198, 1788722853.7394516, 1788722854.3693767, 1788722855.029618, 1788722855.719004, 1788722856.4371967, 1788722857.1811538, 1788722857.9591417, 1788722858.7674434, 1788722859.4049041, 1788722859.9886599, 1788722860.6272588, 1788722861.2959383, 1788722861.992962, 1788722862.719969, 1788722863.4825718, 1788722864.226898, 1788722864.8089094, 1788722865.4472628, 1788722866.1132014, 1788722866.8013055, 1788722867.5244143, 1788722868.270212, 1788722869.0468962, 1788722869.6021564, 1788722870.2151358, 1788722870.8627243, 1788722871.5372584, 1788722872.2448275, 1788722872.9812057, 1788722873.7670813, 1788722874.4769413, 1788722875.0430136, 1788722875.6687875, 1788722876.3228421, 1788722877.0097485, 1788722877.7309206, 1788722878.4696975, 1788722879.246008, 1788722880.052762, 1788722880.8268256, 1788722881.3861938, 1788722882.0081031, 1788722882.6631055, 1788722883.3566914, 1788722884.0858932, 1788722884.8368843, 1788722885.6128442, 1788722886.3129294, 1788722886.8833249, 1788722887.5095828, 1788722888.1685925, 1788722888.8594606, 1788722889.5757005, 1788722890.3210895, 1788722891.1026025, 1788722891.926373, 1788722892.6161082, 1788722893.203806, 1788722893.8499484, 1788722894.5267923, 1788722895.2327447, 1788722895.9679887, 1788722896.7286851, 1788722897.5199645, 1788722898.2674673, 1788722898.8334346, 1788722899.4541025, 1788722900.1082177, 1788722900.7919264, 1788722901.506402, 1788722902.2523346, 1788722903.0274634, 1788722903.8380125, 1788722904.678224, 1788722905.5554695, 1788722906.4480002, 1788722907.349608, 1788722907.902861, 1788722908.521087, 1788722909.1720836, 1788722909.8504682, 1788722910.5527139, 1788722911.2893648, 1788722912.0601273, 1788722912.8678133, 1788722913.6945148, 1788722914.5608416, 1788722915.467162, 1788722916.4022372, 1788722917.2568543, 1788722917.8370702, 1788722918.4829519, 1788722919.1544342, 1788722919.8603432, 1788722920.5935152, 1788722921.35002, 1788722922.146041, 1788722922.9707012, 1788722923.8199258, 1788722924.6978705, 1788722925.540701, 1788722926.096967, 1788722926.7179482, 1788722927.3719373, 1788722928.0556757, 1788722928.7669797, 1788722929.5074775, 1788722930.2820694, 1788722931.0919633, 1788722931.9325523, 1788722932.5512843, 1788722933.1260967, 1788722933.7697105, 1788722934.4459298, 1788722935.1522913, 1788722935.8833091, 1788722936.6479313, 1788722937.4461594, 1788722938.2749603, 1788722939.1356516, 1788722940.0269969, 1788722940.8515632, 1788722941.4093072, 1788722942.034239, 1788722942.6905267, 1788722943.385255, 1788722944.1136522, 1788722944.87335, 1788722945.6657755, 1788722946.4881067, 1788722947.3357255, 1788722948.2175276, 1788722949.1205463, 1788722949.6917934, 1788722950.3344133, 1788722950.999933, 1788722951.7049012]","[1, 1, 1, 1, 1, 1, 1, 1, 1, 1, 1, 1, 1, 1, 1, 1, 1, 1, 1, 1, 1, 1, 1, 1, 1, 1, 1, 1, 1, 1, 1, 1, 1, 1, 1, 1, 1, 1, 1, 1, 1, 1, 1, 1, 1, 1, 1, 1, 1, 1, 1, 1, 1, 1, 1, 1, 1, 1, 1, 1, 1, 1, 1, 1, 1, 1, 1, 1, 1, 1, 1, 1, 1, 1, 1, 1, 1, 1, 1, 1, 1, 1, 1, 1, 1, 1, 1, 1, 1, 1, 1, 1, 1, 1, 1, 1, 1, 1, 1, 1, 1, 1, 1, 1, 1, 1, 1, 1, 1, 1, 1, 1, 1, 1, 1, 1, 1, 1, 1, 1, 1, 1, 1, 1, 1, 1, 1, 1, 1, 1, 1, 1, 1, 1, 1, 1, 1, 1, 1, 1, 1, 1, 1, 1, 1, 1, 1, 1, 1, 1, 1, 1, 1, 1, 1, 1, 1, 1, 1, 1, 1, 1, 1, 1, 1, 1, 1, 1, 1, 1, 1, 1, 1, 1, 1, 1, 1, 1, 1, 1, 1, 1, 1, 1, 1, 1, 1, 1, 1, 1, 1, 1, 1, 1, 1, 1, 1, 1, 1, 1, 1, 1, 1, 1, 1, 1, 1, 1, 1, 1, 1, 1, 1, 1, 1, 1, 1, 1, 1, 1, 1, 1, 1, 1, 1, 1, 1, 1, 1, 1, 1, 1, 1, 1, 1, 1, 1, 1, 1, 1, 1, 1, 1, 1, 1, 1, 1, 1, 1, 1, 1]"
User-093,0,trace_0584,1788722955.6128716,streaming,19857,184,154,0,309,261.7933795452118,392.9655051231384,0.8573341541040956,0.0,0,True,,1788722562.6472814,1788722824.440661,1788722955.6127865,"[1788722824.440661, 1788722825.02939, 1788722825.6766238, 1788722826.3468237, 1788722827.0493462, 1788722827.7823987, 1788722829.3252804, 1788722830.5807204, 1788722831.2088199, 1788722832.562345, 1788722833.2847788, 1788722834.0505154, 1788722834.8556588, 1788722835.6435935, 1788722836.2049284, 1788722836.8444827, 1788722837.5154305, 1788722838.2191346, 1788722838.9443684, 1788722839.6999228, 1788722840.48956, 1788722841.3057199, 1788722842.6596267, 1788722843.931807, 1788722844.6139784, 1788722846.065428, 1788722846.8371532, 1788722847.5766087, 1788722848.1397328, 1788722848.7623513, 1788722849.4188514, 1788722850.1146536, 1788722850.8334415, 1788722851.5869505, 1788722852.3703995, 1788722853.1596487, 1788722853.7467155, 1788722854.3764591, 1788722855.7246091, 1788722857.1876528, 1788722857.9662697, 1788722859.4119518, 1788722859.9955313, 1788722860.636155, 1788722861.3030086, 1788722862.0000026, 1788722862.72695, 1788722863.4885442, 1788722864.233273, 1788722864.818311, 1788722865.4537995, 1788722866.118803, 1788722866.8077261, 1788722867.5293198, 1788722869.0535586, 1788722870.2241628, 1788722870.8693674, 1788722872.2505703, 1788722872.9888597, 1788722873.7726505, 1788722874.48353, 1788722875.0493875, 1788722875.675109, 1788722876.3297505, 1788722877.0160606, 1788722877.737218, 1788722878.4760752, 1788722879.2529287, 1788722880.0590959, 1788722880.8329213, 1788722882.015049, 1788722883.3635936, 1788722884.0923514, 1788722885.6196823, 1788722886.3208125, 1788722886.8913977, 1788722887.5199275, 1788722888.175307, 1788722888.8655133, 1788722889.5837567, 1788722890.3281963, 1788722891.1088116, 1788722891.9327946, 1788722892.622161, 1788722893.2128549, 1788722893.8576427, 1788722895.2400467, 1788722896.7361555, 1788722897.5256538, 1788722898.8405845, 1788722899.4608984, 1788722900.1138198, 1788722900.797961, 1788722901.5144317, 1788722902.2606206, 1788722903.035529, 1788722903.8451033, 1788722904.68623, 1788722905.5616374, 1788722906.4556541, 1788722907.3578749, 1788722907.9123523, 1788722909.1797566, 1788722910.558828, 1788722911.2975712, 1788722912.8753977, 1788722913.7024667, 1788722914.5683186, 1788722915.475175, 1788722916.4088507, 1788722917.2640846, 1788722917.8457708, 1788722918.4937282, 1788722919.1606727, 1788722919.8677404, 1788722920.6017408, 1788722921.3565264, 1788722922.154249, 1788722923.8277655, 1788722925.5488458, 1788722926.104109, 1788722927.3783512, 1788722928.0634148, 1788722928.7758317, 1788722929.5154552, 1788722930.2899437, 1788722931.0977228, 1788722931.9406486, 1788722932.557568, 1788722933.1343708, 1788722933.7779295, 1788722934.4529977, 1788722935.1602604, 1788722935.8916118, 1788722937.4529, 1788722939.1496735, 1788722940.037932, 1788722941.4165602, 1788722942.0425935, 1788722942.6989653, 1788722943.3928034, 1788722944.1214826, 1788722944.8812442, 1788722945.6727095, 1788722946.4939003, 1788722947.343143, 1788722948.2238398, 1788722949.1282513, 1788722949.6973395, 1788722950.3418972, 1788722951.708918, 1788722953.1741002, 1788722953.9566617, 1788722955.6109633]","[1, 1, 1, 1, 1, 1, 1, 1, 1, 1, 1, 1, 1, 1, 1, 1, 1, 1, 1, 1, 1, 1, 1, 1, 1, 1, 1, 1, 1, 1, 1, 1, 1, 1, 1, 1, 1, 1, 1, 1, 1, 1, 1, 1, 1, 1, 1, 1, 1, 1, 1, 1, 1, 1, 1, 1, 1, 1, 1, 1, 1, 1, 1, 1, 1, 1, 1, 1, 1, 1, 1, 1, 1, 1, 1, 1, 1, 1, 1, 1, 1, 1, 1, 1, 1, 1, 1, 1, 1, 1, 1, 1, 1, 1, 1, 1, 1, 1, 1, 1, 1, 1, 1, 1, 1, 1, 1, 1, 1, 1, 1, 1, 1, 1, 1, 1, 1, 1, 1, 1, 1, 1, 1, 1, 1, 1, 1, 1, 1, 1, 1, 1, 1, 1, 1, 1, 1, 1, 1, 1, 1, 1, 1, 1, 1, 1, 1, 1, 1, 1, 1, 1, 1, 1]"
User-044,0,trace_0272,1788722966.0244038,streaming,24544,315,315,0,383,182.12099409103394,404.2754683494568,0.707498325663767,0.0,0,True,,1788722561.7487829,1788722743.869777,1788722966.0242512,"[1788722743.869777, 1788722744.436332, 1788722745.0660114, 1788722745.722944, 1788722746.4082355, 1788722747.1351955, 1788722747.8970706, 1788722748.5875888, 1788722749.1627975, 1788722749.793613, 1788722750.4470332, 1788722751.134415, 1788722751.852215, 1788722752.6019685, 1788722753.355978, 1788722753.9224567, 1788722754.5374641, 1788722755.185479, 1788722755.8594441, 1788722756.5682547, 1788722757.3049417, 1788722758.0809624, 1788722758.68098, 1788722759.2666378, 1788722759.9311094, 1788722760.6171606, 1788722761.3367481, 1788722762.0853188, 1788722762.8632653, 1788722763.6687174, 1788722764.229018, 1788722764.8443246, 1788722765.4884129, 1788722766.164592, 1788722766.8662992, 1788722767.6007216, 1788722768.3683503, 1788722769.1676464, 1788722769.9512944, 1788722770.5118032, 1788722771.126386, 1788722771.7765493, 1788722772.4521918, 1788722773.1614928, 1788722773.9007518, 1788722774.6031194, 1788722775.172783, 1788722775.793756, 1788722776.453865, 1788722777.1423955, 1788722777.8500466, 1788722778.594181, 1788722779.3727136, 1788722780.182312, 1788722780.8215265, 1788722781.4002194, 1788722782.0365055, 1788722782.7055073, 1788722783.4056897, 1788722784.1285083, 1788722784.88827, 1788722785.6814532, 1788722786.504108, 1788722787.3323739, 1788722787.8911557, 1788722788.5081153, 1788722789.1560822, 1788722789.8375692, 1788722790.5423877, 1788722791.2784374, 1788722792.0728123, 1788722792.6313043, 1788722793.2427542, 1788722793.886667, 1788722794.561241, 1788722795.2698114, 1788722795.9979236, 1788722796.7694876, 1788722797.465149, 1788722798.0385928, 1788722798.6661344, 1788722799.3259397, 1788722800.0171242, 1788722800.7540882, 1788722801.5200043, 1788722802.3156302, 1788722802.9529712, 1788722803.5344477, 1788722804.1721954, 1788722804.842775, 1788722805.5405807, 1788722806.2676444, 1788722807.0261004, 1788722807.8193278, 1788722808.614183, 1788722809.1776085, 1788722809.7975352, 1788722810.444388, 1788722811.1257598, 1788722811.8383553, 1788722812.5930135, 1788722813.3822455, 1788722814.0837426, 1788722814.6821878, 1788722815.3345382, 1788722816.0170767, 1788722816.7233148, 1788722817.4618378, 1788722818.2275176, 1788722818.9015737, 1788722819.4834578, 1788722820.1099443, 1788722820.77239, 1788722821.4632883, 1788722822.1916888, 1788722822.9426563, 1788722823.7332098, 1788722824.438035, 1788722825.0268805, 1788722825.6741128, 1788722826.3442073, 1788722827.0468225, 1788722827.7798076, 1788722828.5340478, 1788722829.3227186, 1788722830.0109034, 1788722830.5781972, 1788722831.2073467, 1788722831.8694415, 1788722832.559818, 1788722833.2822862, 1788722834.0479705, 1788722834.8531885, 1788722835.6410193, 1788722836.202438, 1788722836.8419821, 1788722837.512912, 1788722838.2166295, 1788722838.9418607, 1788722839.6983428, 1788722840.4870539, 1788722841.3032708, 1788722842.0995631, 1788722842.6576838, 1788722843.2796981, 1788722843.9297879, 1788722844.6114807, 1788722845.322241, 1788722846.0634475, 1788722846.8346164, 1788722847.5741894, 1788722848.1378982, 1788722848.7597542, 1788722849.4162614, 1788722850.1121838, 1788722850.8315878, 1788722851.5843866, 1788722852.3675978, 1788722853.1580706, 1788722853.744728, 1788722854.3744504, 1788722855.0350502, 1788722855.7236996, 1788722856.4423878, 1788722857.1861641, 1788722857.9643183, 1788722858.7730746, 1788722859.4108057, 1788722859.9935894, 1788722860.6349635, 1788722861.3010166, 1788722861.9980106, 1788722862.724953, 1788722863.4876416, 1788722864.23136, 1788722864.8162284, 1788722865.4518526, 1788722866.117266, 1788722866.805741, 1788722867.5278301, 1788722868.2746668, 1788722869.0516121, 1788722869.6065574, 1788722870.2228775, 1788722870.8673515, 1788722871.5417008, 1788722872.2490277, 1788722872.9868238, 1788722873.7716544, 1788722874.481566, 1788722875.0474567, 1788722875.6731663, 1788722876.3278008, 1788722877.0141323, 1788722877.7352955, 1788722878.4741278, 1788722879.2504725, 1788722880.0566788, 1788722880.831977, 1788722881.3903658, 1788722882.0130875, 1788722882.6680164, 1788722883.361628, 1788722884.0911934, 1788722884.841768, 1788722885.6177454, 1788722886.318012, 1788722886.888226, 1788722887.517635, 1788722888.1733398, 1788722888.8635092, 1788722889.5808618, 1788722890.3261259, 1788722891.1076338, 1788722891.9314861, 1788722892.6208873, 1788722893.2119124, 1788722893.8556635, 1788722894.5323212, 1788722895.2382216, 1788722895.9734764, 1788722896.7341588, 1788722897.524744, 1788722898.2732089, 1788722898.8389835, 1788722899.45968, 1788722900.1127222, 1788722900.796072, 1788722901.5119545, 1788722902.2579355, 1788722903.0330622, 1788722903.843949, 1788722904.6837256, 1788722905.560468, 1788722906.4534922, 1788722907.3553703, 1788722907.9090478, 1788722908.5269384, 1788722909.178177, 1788722909.8563151, 1788722910.556951, 1788722911.2950552, 1788722912.0656357, 1788722912.873275, 1788722913.7000217, 1788722914.5671816, 1788722915.4727376, 1788722916.407603, 1788722917.2631807, 1788722917.843702, 1788722918.4914603, 1788722919.159799, 1788722919.8663895, 1788722920.5997128, 1788722921.3556254, 1788722922.152205, 1788722922.9770548, 1788722923.8258011, 1788722924.7028017, 1788722925.5468817, 1788722926.1028125, 1788722926.7264082, 1788722927.376816, 1788722928.0615537, 1788722928.7738311, 1788722929.5134637, 1788722930.288003, 1788722931.0967124, 1788722931.938455, 1788722932.5562098, 1788722933.1319451, 1788722933.7755191, 1788722934.4517653, 1788722935.1586251, 1788722935.8893487, 1788722936.6539836, 1788722937.4517741, 1788722938.2810283, 1788722939.1471324, 1788722940.0359194, 1788722940.857477, 1788722941.4154122, 1788722942.0401442, 1788722942.696482, 1788722943.3915572, 1788722944.119031, 1788722944.8787863, 1788722945.6715047, 1788722946.492707, 1788722947.3406467, 1788722948.2218418, 1788722949.126422, 1788722949.696148, 1788722950.3394356, 1788722951.0049307, 1788722951.7076917, 1788722952.4231062, 1788722953.1722202, 1788722953.9553814, 1788722954.768508, 1788722955.6084733, 1788722956.4753585, 1788722957.3881834, 1788722958.1558108, 1788722958.7188933, 1788722959.34981, 1788722960.0093503, 1788722960.6994865, 1788722961.420322, 1788722962.1706088, 1788722962.9522367, 1788722963.7680712, 1788722964.6137583, 1788722965.4575684, 1788722966.0186098]","[1, 1, 1, 1, 1, 1, 1, 1, 1, 1, 1, 1, 1, 1, 1, 1, 1, 1, 1, 1, 1, 1, 1, 1, 1, 1, 1, 1, 1, 1, 1, 1, 1, 1, 1, 1, 1, 1, 1, 1, 1, 1, 1, 1, 1, 1, 1, 1, 1, 1, 1, 1, 1, 1, 1, 1, 1, 1, 1, 1, 1, 1, 1, 1, 1, 1, 1, 1, 1, 1, 1, 1, 1, 1, 1, 1, 1, 1, 1, 1, 1, 1, 1, 1, 1, 1, 1, 1, 1, 1, 1, 1, 1, 1, 1, 1, 1, 1, 1, 1, 1, 1, 1, 1, 1, 1, 1, 1, 1, 1, 1, 1, 1, 1, 1, 1, 1, 1, 1, 1, 1, 1, 1, 1, 1, 1, 1, 1, 1, 1, 1, 1, 1, 1, 1, 1, 1, 1, 1, 1, 1, 1, 1, 1, 1, 1, 1, 1, 1, 1, 1, 1, 1, 1, 1, 1, 1, 1, 1, 1, 1, 1, 1, 1, 1, 1, 1, 1, 1, 1, 1, 1, 1, 1, 1, 1, 1, 1, 1, 1, 1, 1, 1, 1, 1, 1, 1, 1, 1, 1, 1, 1, 1, 1, 1, 1, 1, 1, 1, 1, 1, 1, 1, 1, 1, 1, 1, 1, 1, 1, 1, 1, 1, 1, 1, 1, 1, 1, 1, 1, 1, 1, 1, 1, 1, 1, 1, 1, 1, 1, 1, 1, 1, 1, 1, 1, 1, 1, 1, 1, 1, 1, 1, 1, 1, 1, 1, 1, 1, 1, 1, 1, 1, 1, 1, 1, 1, 1, 1, 1, 1, 1, 1, 1, 1, 1, 1, 1, 1, 1, 1, 1, 1, 1, 1, 1, 1, 1, 1, 1, 1, 1, 1, 1, 1, 1, 1, 1, 1, 1, 1, 1, 1, 1, 1, 1, 1, 1, 1, 1, 1, 1, 1, 1, 1, 1, 1, 1, 1, 1, 1, 1, 1, 1, 1]"
User-041,0,trace_0570,1788722966.6641262,streaming,18596,326,326,0,290,175.07485342025757,405.0163326263428,0.7075122437110314,0.0,0,True,,1788722561.647718,1788722736.7225714,1788722966.6640506,"[1788722736.7225714, 1788722737.2868803, 1788722737.913029, 1788722738.564832, 1788722739.2545495, 1788722739.970907, 1788722740.7158785, 1788722741.500103, 1788722742.3184092, 1788722743.1627815, 1788722743.8672552, 1788722744.4344397, 1788722745.063974, 1788722745.7208948, 1788722746.4063017, 1788722747.1293607, 1788722747.8951132, 1788722748.5855696, 1788722749.1607974, 1788722749.7915719, 1788722750.4447894, 1788722751.1322863, 1788722751.8501709, 1788722752.599716, 1788722753.3538446, 1788722753.9203677, 1788722754.5353158, 1788722755.1832345, 1788722755.8571863, 1788722756.565679, 1788722757.3029697, 1788722758.078592, 1788722758.6790383, 1788722759.2636423, 1788722759.9294052, 1788722760.61554, 1788722761.3352604, 1788722762.083477, 1788722762.8615856, 1788722763.6663237, 1788722764.2268941, 1788722764.8421438, 1788722765.4861763, 1788722766.1621583, 1788722766.8641427, 1788722767.5977333, 1788722768.366158, 1788722769.1649716, 1788722769.9493368, 1788722770.5098028, 1788722771.1243901, 1788722771.774382, 1788722772.4500568, 1788722773.1593835, 1788722773.898723, 1788722774.5982327, 1788722775.1708152, 1788722775.7920282, 1788722776.451685, 1788722777.1404607, 1788722777.8481083, 1788722778.592232, 1788722779.3705184, 1788722780.180022, 1788722780.819532, 1788722781.3982072, 1788722782.034538, 1788722782.703537, 1788722783.4041018, 1788722784.1268976, 1788722784.8861978, 1788722785.679462, 1788722786.5023935, 1788722787.330268, 1788722787.8891463, 1788722788.5060368, 1788722789.1540694, 1788722789.8354955, 1788722790.5403545, 1788722791.27644, 1788722792.0706172, 1788722792.629281, 1788722793.240704, 1788722793.8844583, 1788722794.559259, 1788722795.267783, 1788722795.9963622, 1788722796.7675102, 1788722797.46301, 1788722798.036526, 1788722798.6641288, 1788722799.323962, 1788722800.0151072, 1788722800.752557, 1788722801.517961, 1788722802.3136563, 1788722802.9508321, 1788722803.532353, 1788722804.1701627, 1788722804.8407588, 1788722805.5388412, 1788722806.2656057, 1788722807.024116, 1788722807.817281, 1788722808.6108925, 1788722809.1751025, 1788722809.7929838, 1788722810.442017, 1788722811.1232421, 1788722811.8337288, 1788722812.5904613, 1788722813.3797815, 1788722814.0810258, 1788722814.679708, 1788722815.332017, 1788722816.014896, 1788722816.7206762, 1788722817.4593499, 1788722818.225011, 1788722818.8989334, 1788722819.482218, 1788722820.1074479, 1788722820.7697828, 1788722821.4607801, 1788722822.189002, 1788722822.9405322, 1788722823.7303731, 1788722824.435456, 1788722825.0243268, 1788722825.6716545, 1788722826.3412714, 1788722827.0442543, 1788722827.7729926, 1788722828.53151, 1788722829.3202279, 1788722830.0082183, 1788722830.5756981, 1788722831.2048094, 1788722831.8669724, 1788722832.5572453, 1788722833.2798326, 1788722834.0454147, 1788722834.8504941, 1788722835.6381798, 1788722836.1999638, 1788722836.8394923, 1788722837.5104024, 1788722838.2141342, 1788722838.939363, 1788722839.695623, 1788722840.4845273, 1788722841.300811, 1788722842.0973768, 1788722842.6551301, 1788722843.2777076, 1788722843.9273083, 1788722844.6089404, 1788722845.3197248, 1788722846.0614448, 1788722846.8320224, 1788722847.5715895, 1788722848.135361, 1788722848.7571108, 1788722849.4137583, 1788722850.1097133, 1788722850.8292308, 1788722851.581868, 1788722852.3650842, 1788722853.1553576, 1788722853.742097, 1788722854.3719327, 1788722855.03242, 1788722855.7217162, 1788722856.439797, 1788722857.1836467, 1788722857.9618306, 1788722858.7702801, 1788722859.4073625, 1788722859.9911244, 1788722860.6298409, 1788722861.2984712, 1788722861.995557, 1788722862.7224169, 1788722863.4851847, 1788722864.2293007, 1788722864.8140752, 1788722865.4498901, 1788722866.1157362, 1788722866.80378, 1788722867.5263288, 1788722868.2727096, 1788722869.0496092, 1788722869.6046212, 1788722870.2175977, 1788722870.8653162, 1788722871.5397236, 1788722872.2474854, 1788722872.9847174, 1788722873.7696946, 1788722874.4796154, 1788722875.0454936, 1788722875.6712244, 1788722876.3257954, 1788722877.0121942, 1788722877.7333648, 1788722878.4721746, 1788722879.2485125, 1788722880.0551162, 1788722880.8303869, 1788722881.3888366, 1788722882.0110924, 1788722882.66606, 1788722883.359672, 1788722884.0892253, 1788722884.8398173, 1788722885.615826, 1788722886.3160436, 1788722886.8862538, 1788722887.515628, 1788722888.1717863, 1788722888.8619313, 1788722889.578794, 1788722890.324137, 1788722891.105629, 1788722891.9294198, 1788722892.619985, 1788722893.2099504, 1788722893.8536634, 1788722894.5303004, 1788722895.236234, 1788722895.9714808, 1788722896.732169, 1788722897.5238056, 1788722898.2709496, 1788722898.836966, 1788722899.4576461, 1788722900.1117587, 1788722900.7945666, 1788722901.5099647, 1788722902.2558994, 1788722903.030997, 1788722903.8419147, 1788722904.6817198, 1788722905.5590413, 1788722906.4515395, 1788722907.3531885, 1788722907.90698, 1788722908.5248742, 1788722909.1761618, 1788722909.8542073, 1788722910.555458, 1788722911.292897, 1788722912.0636497, 1788722912.8713117, 1788722913.6980329, 1788722914.565221, 1788722915.470711, 1788722916.4058535, 1788722917.260347, 1788722917.8407135, 1788722918.486642, 1788722919.1581068, 1788722919.8638911, 1788722920.5972035, 1788722921.3536017, 1788722922.1496866, 1788722922.9745429, 1788722923.8233767, 1788722924.700876, 1788722925.5444694, 1788722926.100375, 1788722926.7216182, 1788722927.3748891, 1788722928.059106, 1788722928.7713268, 1788722929.5110254, 1788722930.2855608, 1788722931.0954354, 1788722931.9359818, 1788722932.5547094, 1788722933.1295102, 1788722933.7730882, 1788722934.4496539, 1788722935.1559813, 1788722935.8868637, 1788722936.6514506, 1788722937.449651, 1788722938.278499, 1788722939.1442223, 1788722940.0298626, 1788722940.8550365, 1788722941.4127226, 1788722942.0376625, 1788722942.6940296, 1788722943.389104, 1788722944.1165848, 1788722944.876321, 1788722945.6688592, 1788722946.4910827, 1788722947.3386679, 1788722948.2202356, 1788722949.1240866, 1788722949.6947904, 1788722950.3374286, 1788722951.0029385, 1788722951.7067149, 1788722952.4210851, 1788722953.1707175, 1788722953.953329, 1788722954.7664316, 1788722955.6065187, 1788722956.473836, 1788722957.386127, 1788722958.1538298, 1788722958.716878, 1788722959.348255, 1788722960.0073352, 1788722960.6979656, 1788722961.4187636, 1788722962.1685932, 1788722962.9502518, 1788722963.7663486, 1788722964.6116548, 1788722965.455636, 1788722966.016605, 1788722966.6570342]","[1, 1, 1, 1, 1, 1, 1, 1, 1, 1, 1, 1, 1, 1, 1, 1, 1, 1, 1, 1, 1, 1, 1, 1, 1, 1, 1, 1, 1, 1, 1, 1, 1, 1, 1, 1, 1, 1, 1, 1, 1, 1, 1, 1, 1, 1, 1, 1, 1, 1, 1, 1, 1, 1, 1, 1, 1, 1, 1, 1, 1, 1, 1, 1, 1, 1, 1, 1, 1, 1, 1, 1, 1, 1, 1, 1, 1, 1, 1, 1, 1, 1, 1, 1, 1, 1, 1, 1, 1, 1, 1, 1, 1, 1, 1, 1, 1, 1, 1, 1, 1, 1, 1, 1, 1, 1, 1, 1, 1, 1, 1, 1, 1, 1, 1, 1, 1, 1, 1, 1, 1, 1, 1, 1, 1, 1, 1, 1, 1, 1, 1, 1, 1, 1, 1, 1, 1, 1, 1, 1, 1, 1, 1, 1, 1, 1, 1, 1, 1, 1, 1, 1, 1, 1, 1, 1, 1, 1, 1, 1, 1, 1, 1, 1, 1, 1, 1, 1, 1, 1, 1, 1, 1, 1, 1, 1, 1, 1, 1, 1, 1, 1, 1, 1, 1, 1, 1, 1, 1, 1, 1, 1, 1, 1, 1, 1, 1, 1, 1, 1, 1, 1, 1, 1, 1, 1, 1, 1, 1, 1, 1, 1, 1, 1, 1, 1, 1, 1, 1, 1, 1, 1, 1, 1, 1, 1, 1, 1, 1, 1, 1, 1, 1, 1, 1, 1, 1, 1, 1, 1, 1, 1, 1, 1, 1, 1, 1, 1, 1, 1, 1, 1, 1, 1, 1, 1, 1, 1, 1, 1, 1, 1, 1, 1, 1, 1, 1, 1, 1, 1, 1, 1, 1, 1, 1, 1, 1, 1, 1, 1, 1, 1, 1, 1, 1, 1, 1, 1, 1, 1, 1, 1, 1, 1, 1, 1, 1, 1, 1, 1, 1, 1, 1, 1, 1, 1, 1, 1, 1, 1, 1, 1, 1, 1, 1, 1, 1, 1, 1, 1, 1, 1, 1, 1, 1, 1]"
User-063,4,trace_0610,1788722980.0368233,streaming,20548,111,111,305,11,333.7967576980591,415.558935880661,0.7432925289327448,14.0,0,True,,1788722564.4778128,1788722898.2745705,1788722980.0367486,"[1788722898.2745705, 1788722898.8399165, 1788722899.4602282, 1788722900.1131604, 1788722900.7968268, 1788722901.5129423, 1788722902.2589405, 1788722903.0340304, 1788722903.8444235, 1788722904.6847227, 1788722905.5609403, 1788722906.4544687, 1788722907.356384, 1788722907.9100945, 1788722908.527451, 1788722909.1790953, 1788722909.8573434, 1788722910.557697, 1788722911.296055, 1788722912.0666492, 1788722912.8742626, 1788722913.7010114, 1788722914.567629, 1788722915.4737432, 1788722916.4080472, 1788722917.2636228, 1788722917.8447526, 1788722918.4926832, 1788722919.1602333, 1788722919.8672876, 1788722920.6007144, 1788722921.3560803, 1788722922.1532385, 1788722922.9780393, 1788722923.826783, 1788722924.7035673, 1788722925.5478659, 1788722926.1036434, 1788722926.7274485, 1788722927.3775873, 1788722928.0625298, 1788722928.7748373, 1788722929.5144324, 1788722930.2889717, 1788722931.0972152, 1788722931.939445, 1788722932.556673, 1788722933.1329083, 1788722933.7764719, 1788722934.452257, 1788722935.1595368, 1788722935.8903317, 1788722936.655005, 1788722937.452223, 1788722938.2820508, 1788722939.1481507, 1788722940.0367324, 1788722940.8585668, 1788722941.4158895, 1788722942.0411234, 1788722942.6974554, 1788722943.391994, 1788722944.1200306, 1788722944.8797598, 1788722945.6719809, 1788722946.4931858, 1788722947.3416278, 1788722948.222642, 1788722949.1274264, 1788722949.6966367, 1788722950.3404155, 1788722951.005925, 1788722951.708191, 1788722952.4241006, 1788722953.1729538, 1788722953.9559975, 1788722954.7695286, 1788722955.6094491, 1788722956.4761286, 1788722957.3892124, 1788722958.1562939, 1788722958.7198956, 1788722959.3505564, 1788722960.0103593, 1788722960.7002625, 1788722961.4211078, 1788722962.171622, 1788722962.953226, 1788722963.7685363, 1788722964.614849, 1788722965.4585404, 1788722966.0199103, 1788722966.6597607, 1788722967.3302705, 1788722968.0299594, 1788722968.753764, 1788722969.5071545, 1788722970.294228, 1788722971.108704, 1788722971.94995, 1788722972.823764, 1788722973.521813, 1788722974.0932415, 1788722974.7279563, 1788722975.3924701, 1788722976.090927, 1788722976.8157399, 1788722977.5665667, 1788722978.3566613, 1788722979.1755009, 1788722980.0330274]","[1, 1, 1, 1, 1, 1, 1, 1, 1, 1, 1, 1, 1, 1, 1, 1, 1, 1, 1, 1, 1, 1, 1, 1, 1, 1, 1, 1, 1, 1, 1, 1, 1, 1, 1, 1, 1, 1, 1, 1, 1, 1, 1, 1, 1, 1, 1, 1, 1, 1, 1, 1, 1, 1, 1, 1, 1, 1, 1, 1, 1, 1, 1, 1, 1, 1, 1, 1, 1, 1, 1, 1, 1, 1, 1, 1, 1, 1, 1, 1, 1, 1, 1, 1, 1, 1, 1, 1, 1, 1, 1, 1, 1, 1, 1, 1, 1, 1, 1, 1, 1, 1, 1, 1, 1, 1, 1, 1, 1, 1, 1]"
User-139,0,trace_0444,1788722980.921995,streaming,12965,397,397,0,202,135.08709836006165,414.66073346138,0.7059940280336322,0.0,0,True,,1788722566.261184,1788722701.3482823,1788722980.9219174,"[1788722701.3482823, 1788722701.9106715, 1788722702.5221798, 1788722703.1644216, 1788722703.8338027, 1788722704.5359159, 1788722705.2664495, 1788722705.9193497, 1788722706.499504, 1788722707.1277535, 1788722707.787691, 1788722708.475248, 1788722709.1953444, 1788722709.9090085, 1788722710.4779239, 1788722711.0970793, 1788722711.7470486, 1788722712.4227595, 1788722713.133207, 1788722713.8793373, 1788722714.6565204, 1788722715.4623163, 1788722716.1196241, 1788722716.705282, 1788722717.3635862, 1788722718.0493968, 1788722718.76717, 1788722719.5155094, 1788722720.2983108, 1788722721.0372748, 1788722721.606645, 1788722722.221, 1788722722.8707707, 1788722723.550546, 1788722724.2672093, 1788722725.0170867, 1788722725.8107138, 1788722726.4364362, 1788722727.0296621, 1788722727.6745722, 1788722728.3452084, 1788722729.0509603, 1788722729.7820163, 1788722730.5465882, 1788722731.3659666, 1788722731.9229984, 1788722732.5334034, 1788722733.1723778, 1788722733.8395615, 1788722734.541293, 1788722735.2727299, 1788722736.0352457, 1788722736.7285306, 1788722737.2922983, 1788722737.918966, 1788722738.5707483, 1788722739.2593582, 1788722739.9753585, 1788722740.7210324, 1788722741.5071, 1788722742.3240733, 1788722743.1682181, 1788722743.874136, 1788722744.43934, 1788722745.0698402, 1788722745.7267535, 1788722746.41124, 1788722747.1398344, 1788722747.9002903, 1788722748.5911088, 1788722749.1662, 1788722749.7968397, 1788722750.4498415, 1788722751.137934, 1788722751.8548265, 1788722752.6051905, 1788722753.3604338, 1788722753.9262853, 1788722754.541387, 1788722755.1895516, 1788722755.8634348, 1788722756.5723243, 1788722757.3088496, 1788722758.08506, 1788722758.6856914, 1788722759.2711606, 1788722759.9356623, 1788722760.6215124, 1788722761.3408344, 1788722762.089764, 1788722762.8677561, 1788722763.6732695, 1788722764.2333508, 1788722764.8485532, 1788722765.4927819, 1788722766.1694236, 1788722766.8701353, 1788722767.6052704, 1788722768.3727891, 1788722769.1720364, 1788722769.9553463, 1788722770.5155902, 1788722771.1308305, 1788722771.780919, 1788722772.4565697, 1788722773.1652908, 1788722773.905258, 1788722774.607281, 1788722775.1773386, 1788722775.797313, 1788722776.4577048, 1788722777.1467943, 1788722777.854391, 1788722778.5985289, 1788722779.3772726, 1788722780.1868527, 1788722780.825969, 1788722781.4039047, 1788722782.0409672, 1788722782.7085485, 1788722783.4092405, 1788722784.1319566, 1788722784.8928773, 1788722785.6859522, 1788722786.507491, 1788722787.3379142, 1788722787.896151, 1788722788.5121403, 1788722789.1611836, 1788722789.8426461, 1788722790.5474036, 1788722791.2834165, 1788722792.0778313, 1788722792.6358252, 1788722793.2477872, 1788722793.8915544, 1788722794.566216, 1788722795.2752664, 1788722796.0020301, 1788722796.774004, 1788722797.4696217, 1788722798.0412521, 1788722798.6706913, 1788722799.3288155, 1788722800.0219517, 1788722800.7571957, 1788722801.524066, 1788722802.3175201, 1788722802.9569573, 1788722803.53851, 1788722804.1758695, 1788722804.8467793, 1788722805.5449715, 1788722806.2695904, 1788722807.0301924, 1788722807.8233788, 1788722808.6183648, 1788722809.1816099, 1788722809.80184, 1788722810.4475136, 1788722811.129845, 1788722811.8410895, 1788722812.597021, 1788722813.3865006, 1788722814.0875728, 1788722814.6846032, 1788722815.3380544, 1788722816.019837, 1788722816.7268198, 1788722817.4653249, 1788722818.2310305, 1788722818.904737, 1788722819.4853687, 1788722820.113942, 1788722820.7763991, 1788722821.4673061, 1788722822.1959736, 1788722822.9453027, 1788722823.736226, 1788722824.4413817, 1788722825.0309098, 1788722825.6784062, 1788722826.3478498, 1788722827.050346, 1788722827.7834516, 1788722828.537458, 1788722829.326286, 1788722830.014321, 1788722830.581719, 1788722831.209271, 1788722831.87284, 1788722832.563392, 1788722833.2857969, 1788722834.0515697, 1788722834.8566718, 1788722835.6442478, 1788722836.2059216, 1788722836.845488, 1788722837.516431, 1788722838.2201371, 1788722838.9453757, 1788722839.700387, 1788722840.4905496, 1788722841.3066888, 1788722842.1012156, 1788722842.660092, 1788722843.2823713, 1788722843.9322777, 1788722844.6150188, 1788722845.3242652, 1788722846.066209, 1788722846.8381689, 1788722847.5775838, 1788722848.140176, 1788722848.7632675, 1788722849.4194639, 1788722850.1153884, 1788722850.8341844, 1788722851.5877297, 1788722852.3713195, 1788722853.160133, 1788722853.7474535, 1788722854.3774393, 1788722855.0378506, 1788722855.725052, 1788722856.4442744, 1788722857.1880856, 1788722857.9672785, 1788722858.7756982, 1788722859.4123979, 1788722859.996493, 1788722860.6366417, 1788722861.3039932, 1788722862.0009844, 1788722862.727931, 1788722863.48899, 1788722864.2342248, 1788722864.819403, 1788722865.454804, 1788722866.1195629, 1788722866.8087027, 1788722867.5300589, 1788722868.2775376, 1788722869.054545, 1788722869.609388, 1788722870.2246554, 1788722870.8705587, 1788722871.5504825, 1788722872.251338, 1788722872.9898577, 1788722873.7738404, 1788722874.4845026, 1788722875.0503612, 1788722875.6757648, 1788722876.3307443, 1788722877.0170352, 1788722877.738195, 1788722878.4770474, 1788722879.2539225, 1788722880.0600953, 1788722880.8334136, 1788722881.3925972, 1788722882.0160189, 1788722882.6713839, 1788722883.3640835, 1788722884.092584, 1788722884.844096, 1788722885.6201582, 1788722886.3213043, 1788722886.891881, 1788722887.5201871, 1788722888.175689, 1788722888.8659048, 1788722889.584006, 1788722890.3284152, 1788722891.109044, 1788722891.9330184, 1788722892.6223774, 1788722893.2130888, 1788722893.858125, 1788722894.5347588, 1788722895.2402651, 1788722895.9758828, 1788722896.73665, 1788722897.5258765, 1788722898.2761312, 1788722898.8408048, 1788722899.461122, 1788722900.1140482, 1788722900.7983413, 1788722901.5149806, 1788722902.2613127, 1788722903.035978, 1788722903.8453238, 1788722904.6867597, 1788722905.5618734, 1788722906.4558697, 1788722907.359265, 1788722907.9128394, 1788722908.528513, 1788722909.1801958, 1788722909.8595846, 1788722910.5595706, 1788722911.2985725, 1788722912.0690644, 1788722912.875839, 1788722913.7044396, 1788722914.5687647, 1788722915.4756212, 1788722916.4093144, 1788722917.2645268, 1788722917.8468075, 1788722918.4947846, 1788722919.1611092, 1788722919.8681946, 1788722920.6027675, 1788722921.3569782, 1788722922.1552494, 1788722922.979559, 1788722923.8287241, 1788722924.7050269, 1788722925.550689, 1788722926.1048093, 1788722926.7299225, 1788722927.379499, 1788722928.0641205, 1788722928.7773018, 1788722929.5161846, 1788722930.291355, 1788722931.0984669, 1788722931.9421124, 1788722932.5582576, 1788722933.1355665, 1788722933.779363, 1788722934.4537303, 1788722935.1609516, 1788722935.8922746, 1788722936.656595, 1788722937.4535587, 1788722938.2842045, 1788722939.1511927, 1788722940.0391338, 1788722940.8603487, 1788722941.4172206, 1788722942.0437646, 1788722942.7004526, 1788722943.3936386, 1788722944.122964, 1788722944.8827226, 1788722945.67342, 1788722946.4946108, 1788722947.3440893, 1788722948.2250268, 1788722949.1289656, 1788722949.6980608, 1788722950.3434124, 1788722951.0082166, 1788722951.7096412, 1788722952.4274004, 1788722953.1752343, 1788722953.9573486, 1788722954.772101, 1788722955.6122057, 1788722956.4780183, 1788722957.3917387, 1788722958.1579192, 1788722958.7229757, 1788722959.35289, 1788722960.012502, 1788722960.7024953, 1788722961.4236875, 1788722962.173047, 1788722962.9561617, 1788722963.7698936, 1788722964.61686, 1788722965.4607277, 1788722966.023476, 1788722966.6632636, 1788722967.3337672, 1788722968.0335135, 1788722968.757275, 1788722969.509123, 1788722970.2977545, 1788722971.11045, 1788722971.9533725, 1788722972.8272955, 1788722973.524617, 1788722974.096309, 1788722974.7313588, 1788722975.3959482, 1788722976.0944223, 1788722976.8192236, 1788722977.5692399, 1788722978.3595269, 1788722979.177061, 1788722980.0359066, 1788722980.9202523]","[1, 1, 1, 1, 1, 1, 1, 1, 1, 1, 1, 1, 1, 1, 1, 1, 1, 1, 1, 1, 1, 1, 1, 1, 1, 1, 1, 1, 1, 1, 1, 1, 1, 1, 1, 1, 1, 1, 1, 1, 1, 1, 1, 1, 1, 1, 1, 1, 1, 1, 1, 1, 1, 1, 1, 1, 1, 1, 1, 1, 1, 1, 1, 1, 1, 1, 1, 1, 1, 1, 1, 1, 1, 1, 1, 1, 1, 1, 1, 1, 1, 1, 1, 1, 1, 1, 1, 1, 1, 1, 1, 1, 1, 1, 1, 1, 1, 1, 1, 1, 1, 1, 1, 1, 1, 1, 1, 1, 1, 1, 1, 1, 1, 1, 1, 1, 1, 1, 1, 1, 1, 1, 1, 1, 1, 1, 1, 1, 1, 1, 1, 1, 1, 1, 1, 1, 1, 1, 1, 1, 1, 1, 1, 1, 1, 1, 1, 1, 1, 1, 1, 1, 1, 1, 1, 1, 1, 1, 1, 1, 1, 1, 1, 1, 1, 1, 1, 1, 1, 1, 1, 1, 1, 1, 1, 1, 1, 1, 1, 1, 1, 1, 1, 1, 1, 1, 1, 1, 1, 1, 1, 1, 1, 1, 1, 1, 1, 1, 1, 1, 1, 1, 1, 1, 1, 1, 1, 1, 1, 1, 1, 1, 1, 1, 1, 1, 1, 1, 1, 1, 1, 1, 1, 1, 1, 1, 1, 1, 1, 1, 1, 1, 1, 1, 1, 1, 1, 1, 1, 1, 1, 1, 1, 1, 1, 1, 1, 1, 1, 1, 1, 1, 1, 1, 1, 1, 1, 1, 1, 1, 1, 1, 1, 1, 1, 1, 1, 1, 1, 1, 1, 1, 1, 1, 1, 1, 1, 1, 1, 1, 1, 1, 1, 1, 1, 1, 1, 1, 1, 1, 1, 1, 1, 1, 1, 1, 1, 1, 1, 1, 1, 1, 1, 1, 1, 1, 1, 1, 1, 1, 1, 1, 1, 1, 1, 1, 1, 1, 1, 1, 1, 1, 1, 1, 1, 1, 1, 1, 1, 1, 1, 1, 1, 1, 1, 1, 1, 1, 1, 1, 1, 1, 1, 1, 1, 1, 1, 1, 1, 1, 1, 1, 1, 1, 1, 1, 1, 1, 1, 1, 1, 1, 1, 1, 1, 1, 1, 1, 1, 1, 1, 1, 1, 1, 1, 1, 1, 1, 1, 1, 1, 1, 1, 1, 1, 1, 1, 1, 1, 1, 1, 1, 1, 1, 1, 1, 1]"
User-076,0,trace_0634,1788722981.7442682,streaming,18489,258,258,0,288,235.12433338165283,419.4100148677826,0.7170649085063415,0.0,0,True,,1788722562.3341308,1788722797.4584641,1788722981.7441456,"[1788722797.4584641, 1788722798.0318036, 1788722798.6588576, 1788722799.3191144, 1788722800.0102026, 1788722800.7475255, 1788722801.5126646, 1788722802.308922, 1788722802.9453356, 1788722803.5264964, 1788722804.1648095, 1788722804.8348875, 1788722805.533326, 1788722806.2602851, 1788722807.0188317, 1788722807.81146, 1788722808.6053088, 1788722809.1691744, 1788722809.7868009, 1788722810.4364536, 1788722811.1173494, 1788722811.827966, 1788722812.585123, 1788722813.3745518, 1788722814.074917, 1788722814.6743617, 1788722815.3267133, 1788722816.0065901, 1788722816.7156067, 1788722817.454049, 1788722818.219764, 1788722818.893627, 1788722819.4797096, 1788722820.1020472, 1788722820.7639875, 1788722821.4554513, 1788722822.178573, 1788722822.9356163, 1788722823.7250998, 1788722824.4294243, 1788722825.0183399, 1788722825.6661785, 1788722826.3356676, 1788722827.0386825, 1788722827.7672348, 1788722828.5258548, 1788722829.3147764, 1788722830.0018904, 1788722830.569127, 1788722831.1986997, 1788722831.8605611, 1788722832.5511127, 1788722833.2734675, 1788722834.0390215, 1788722834.843869, 1788722835.6276736, 1788722836.19319, 1788722836.8326395, 1788722837.5033364, 1788722838.207247, 1788722838.9325855, 1788722839.6889231, 1788722840.4777753, 1788722841.293781, 1788722842.0864015, 1788722842.647747, 1788722843.2708426, 1788722843.9202404, 1788722844.6018453, 1788722845.312586, 1788722846.0525901, 1788722846.8249495, 1788722847.5645754, 1788722848.1282334, 1788722848.749478, 1788722849.4060414, 1788722850.1030135, 1788722850.8232057, 1788722851.5757751, 1788722852.3590684, 1788722853.1482227, 1788722853.7350357, 1788722854.365587, 1788722855.0264094, 1788722855.7157667, 1788722856.43328, 1788722857.1779482, 1788722857.955819, 1788722858.7635589, 1788722859.4007208, 1788722859.984762, 1788722860.622923, 1788722861.2918448, 1788722861.9890172, 1788722862.7159657, 1788722863.478593, 1788722864.2221205, 1788722864.8044314, 1788722865.4426067, 1788722866.1084414, 1788722866.7968495, 1788722867.5201426, 1788722868.265689, 1788722869.041392, 1788722869.597326, 1788722870.2099051, 1788722870.857416, 1788722871.5323474, 1788722872.2398007, 1788722872.9750824, 1788722873.7614763, 1788722874.4703555, 1788722875.036787, 1788722875.6629465, 1788722876.3171136, 1788722877.0036993, 1788722877.7245765, 1788722878.4634905, 1788722879.2402124, 1788722880.0473561, 1788722880.8166242, 1788722881.3802433, 1788722882.001615, 1788722882.656697, 1788722883.3502712, 1788722884.079536, 1788722884.8307402, 1788722885.606806, 1788722886.3066013, 1788722886.87755, 1788722887.5032675, 1788722888.1631126, 1788722888.8535094, 1788722889.5699472, 1788722890.3152118, 1788722891.0965874, 1788722891.9200222, 1788722892.6101637, 1788722893.1979256, 1788722893.844454, 1788722894.5208983, 1788722895.2268944, 1788722895.9617825, 1788722896.7227457, 1788722897.5143542, 1788722898.261345, 1788722898.8275304, 1788722899.4482274, 1788722900.1022804, 1788722900.7861006, 1788722901.4980736, 1788722902.2457228, 1788722903.0221243, 1788722903.832378, 1788722904.6721375, 1788722905.5475545, 1788722906.4425774, 1788722907.344247, 1788722907.897649, 1788722908.516125, 1788722909.1666403, 1788722909.8425736, 1788722910.548357, 1788722911.2840245, 1788722912.0544853, 1788722912.8621755, 1788722913.688978, 1788722914.55555, 1788722915.4616997, 1788722916.3964336, 1788722917.2521467, 1788722917.8316927, 1788722918.4771373, 1788722919.1493397, 1788722919.8546696, 1788722920.5879586, 1788722921.344257, 1788722922.140449, 1788722922.965466, 1788722923.8137321, 1788722924.692177, 1788722925.535454, 1788722926.0913508, 1788722926.7122695, 1788722927.3667939, 1788722928.0500987, 1788722928.7617004, 1788722929.50163, 1788722930.2762473, 1788722931.0839589, 1788722931.927638, 1788722932.5456414, 1788722933.1206412, 1788722933.7643254, 1788722934.4407933, 1788722935.1466749, 1788722935.8782125, 1788722936.6428142, 1788722937.441063, 1788722938.2696462, 1788722939.1304781, 1788722940.0215588, 1788722940.8457344, 1788722941.403296, 1788722942.0281186, 1788722942.6845207, 1788722943.3791366, 1788722944.1074336, 1788722944.8676374, 1788722945.6601677, 1788722946.482317, 1788722947.3299494, 1788722948.208916, 1788722949.1148422, 1788722949.6860836, 1788722950.3286958, 1788722950.9939985, 1788722951.7020724, 1788722952.412668, 1788722953.1636355, 1788722953.9452598, 1788722954.757706, 1788722955.5984464, 1788722956.4663737, 1788722957.377446, 1788722958.1456242, 1788722958.7086945, 1788722959.3403397, 1788722959.9992163, 1788722960.690623, 1788722961.4110396, 1788722962.1604624, 1788722962.9421325, 1788722963.7581837, 1788722964.603086, 1788722965.44752, 1788722966.008508, 1788722966.649097, 1788722967.3198147, 1788722968.0197947, 1788722968.7438176, 1788722969.4972298, 1788722970.2842233, 1788722971.0970838, 1788722971.9396274, 1788722972.8136642, 1788722973.5114255, 1788722974.0830147, 1788722974.7180245, 1788722975.3825145, 1788722976.080763, 1788722976.8049479, 1788722977.5574481, 1788722978.346653, 1788722979.1656039, 1788722980.0225296, 1788722980.9097438, 1788722981.7359717]","[1, 1, 1, 1, 1, 1, 1, 1, 1, 1, 1, 1, 1, 1, 1, 1, 1, 1, 1, 1, 1, 1, 1, 1, 1, 1, 1, 1, 1, 1, 1, 1, 1, 1, 1, 1, 1, 1, 1, 1, 1, 1, 1, 1, 1, 1, 1, 1, 1, 1, 1, 1, 1, 1, 1, 1, 1, 1, 1, 1, 1, 1, 1, 1, 1, 1, 1, 1, 1, 1, 1, 1, 1, 1, 1, 1, 1, 1, 1, 1, 1, 1, 1, 1, 1, 1, 1, 1, 1, 1, 1, 1, 1, 1, 1, 1, 1, 1, 1, 1, 1, 1, 1, 1, 1, 1, 1, 1, 1, 1, 1, 1, 1, 1, 1, 1, 1, 1, 1, 1, 1, 1, 1, 1, 1, 1, 1, 1, 1, 1, 1, 1, 1, 1, 1, 1, 1, 1, 1, 1, 1, 1, 1, 1, 1, 1, 1, 1, 1, 1, 1, 1, 1, 1, 1, 1, 1, 1, 1, 1, 1, 1, 1, 1, 1, 1, 1, 1, 1, 1, 1, 1, 1, 1, 1, 1, 1, 1, 1, 1, 1, 1, 1, 1, 1, 1, 1, 1, 1, 1, 1, 1, 1, 1, 1, 1, 1, 1, 1, 1, 1, 1, 1, 1, 1, 1, 1, 1, 1, 1, 1, 1, 1, 1, 1, 1, 1, 1, 1, 1, 1, 1, 1, 1, 1, 1, 1, 1, 1, 1, 1, 1, 1, 1, 1, 1, 1, 1, 1, 1, 1, 1, 1, 1, 1, 1, 1, 1, 1, 1, 1, 1, 1, 1, 1, 1, 1, 1]"
User-080,0,trace_0725,1788722994.293083,streaming,19001,267,267,0,296,240.56748700141907,431.91218066215515,0.7193409536117897,0.0,0,True,,1788722562.380804,1788722802.948291,1788722994.2929847,"[1788722802.948291, 1788722803.5291536, 1788722804.1674519, 1788722804.8378592, 1788722805.5359938, 1788722806.2629833, 1788722807.0213938, 1788722807.8144574, 1788722808.6080625, 1788722809.1722798, 1788722809.7897978, 1788722810.4391463, 1788722811.120319, 1788722811.8309839, 1788722812.587574, 1788722813.3767176, 1788722814.0771542, 1788722814.676495, 1788722815.3287923, 1788722816.0091176, 1788722816.717665, 1788722817.4561248, 1788722818.2217991, 1788722818.8958886, 1788722819.4807315, 1788722820.1041868, 1788722820.766091, 1788722821.4575326, 1788722822.1807616, 1788722822.937726, 1788722823.7271724, 1788722824.431582, 1788722825.0210001, 1788722825.6684906, 1788722826.3379617, 1788722827.0409606, 1788722827.7697666, 1788722828.5282094, 1788722829.3170373, 1788722830.0042574, 1788722830.571747, 1788722831.2010627, 1788722831.8632028, 1788722832.5534353, 1788722833.275608, 1788722834.0415926, 1788722834.84658, 1788722835.634486, 1788722836.19624, 1788722836.8357794, 1788722837.5066528, 1788722838.2103806, 1788722838.9356813, 1788722839.6919792, 1788722840.4808116, 1788722841.296728, 1788722842.0938377, 1788722842.6515234, 1788722843.274892, 1788722843.923741, 1788722844.605194, 1788722845.315964, 1788722846.0585659, 1788722846.8284469, 1788722847.5681026, 1788722848.1315598, 1788722848.753403, 1788722849.4097106, 1788722850.1059084, 1788722850.8260329, 1788722851.5786333, 1788722852.3618343, 1788722853.1513798, 1788722853.7383878, 1788722854.3680973, 1788722855.0286386, 1788722855.7179618, 1788722856.4361463, 1788722857.1801188, 1788722857.9581087, 1788722858.7660937, 1788722859.40304, 1788722859.9870114, 1788722860.6254249, 1788722861.2941563, 1788722861.99129, 1788722862.7182589, 1788722863.4808776, 1788722864.225385, 1788722864.8072295, 1788722865.4455001, 1788722866.1114428, 1788722866.7996428, 1788722867.523038, 1788722868.2685444, 1788722869.0444753, 1788722869.600037, 1788722870.2129288, 1788722870.860673, 1788722871.5351286, 1788722872.2428162, 1788722872.9787502, 1788722873.7649364, 1788722874.474931, 1788722875.0405874, 1788722875.666821, 1788722876.3205733, 1788722877.0077713, 1788722877.728697, 1788722878.467486, 1788722879.2439973, 1788722880.0510602, 1788722880.8247497, 1788722881.3839965, 1788722882.0051959, 1788722882.6607602, 1788722883.3543715, 1788722884.0835938, 1788722884.8348925, 1788722885.610199, 1788722886.3109727, 1788722886.881305, 1788722887.507313, 1788722888.166574, 1788722888.8570697, 1788722889.5734231, 1788722890.31884, 1788722891.10052, 1788722891.9239557, 1788722892.6140857, 1788722893.2015495, 1788722893.8479125, 1788722894.524549, 1788722895.2304788, 1788722895.965679, 1788722896.7264407, 1788722897.517901, 1788722898.2654002, 1788722898.8311765, 1788722899.452077, 1788722900.1062016, 1788722900.789684, 1788722901.504111, 1788722902.2499473, 1788722903.0252063, 1788722903.8357232, 1788722904.67567, 1788722905.55305, 1788722906.4457066, 1788722907.3475537, 1788722907.9007092, 1788722908.5190415, 1788722909.1700234, 1788722909.8460228, 1788722910.5512166, 1788722911.2871797, 1788722912.0577247, 1788722912.8654697, 1788722913.6922283, 1788722914.5585117, 1788722915.4649522, 1788722916.3999598, 1788722917.2548401, 1788722917.834778, 1788722918.4800515, 1788722919.1523843, 1788722919.8576217, 1788722920.590913, 1788722921.3477087, 1788722922.1433961, 1788722922.9684882, 1788722923.8176453, 1788722924.6955998, 1788722925.538678, 1788722926.0946603, 1788722926.715207, 1788722927.370074, 1788722928.0534515, 1788722928.7646687, 1788722929.5045173, 1788722930.2797928, 1788722931.0889895, 1788722931.9305398, 1788722932.549011, 1788722933.1238918, 1788722933.7675009, 1788722934.4439473, 1788722935.149874, 1788722935.8810365, 1788722936.645611, 1788722937.4439137, 1788722938.2725441, 1788722939.133366, 1788722940.024666, 1788722940.849559, 1788722941.4069839, 1788722942.0318954, 1788722942.687929, 1788722943.3830554, 1788722944.1116562, 1788722944.871061, 1788722945.663805, 1788722946.485833, 1788722947.3337073, 1788722948.2159271, 1788722949.1185353, 1788722949.6897829, 1788722950.332401, 1788722950.997576, 1788722951.7037048, 1788722952.416405, 1788722953.1669815, 1788722953.9485867, 1788722954.7617712, 1788722955.6018744, 1788722956.4697354, 1788722957.3814013, 1788722958.1491408, 1788722958.7121003, 1788722959.343703, 1788722960.0025764, 1788722960.6939328, 1788722961.4144769, 1788722962.1640563, 1788722962.9455278, 1788722963.7615244, 1788722964.6069198, 1788722965.4510033, 1788722966.0118496, 1788722966.6523855, 1788722967.3236918, 1788722968.023162, 1788722968.7471218, 1788722969.5005205, 1788722970.2875419, 1788722971.1007013, 1788722971.943301, 1788722972.8170109, 1788722973.5150642, 1788722974.0865824, 1788722974.7212925, 1788722975.3858175, 1788722976.0841837, 1788722976.8089337, 1788722977.5608022, 1788722978.3499632, 1788722979.1688461, 1788722980.0261593, 1788722980.9127033, 1788722981.7425485, 1788722982.321877, 1788722982.9690402, 1788722983.647933, 1788722984.3513625, 1788722985.0780106, 1788722985.8363872, 1788722986.6282036, 1788722987.4471877, 1788722988.3033116, 1788722989.1830957, 1788722990.0898545, 1788722991.0240705, 1788722991.6984181, 1788722992.26737, 1788722992.9047182, 1788722993.575655, 1788722994.2838619]","[1, 1, 1, 1, 1, 1, 1, 1, 1, 1, 1, 1, 1, 1, 1, 1, 1, 1, 1, 1, 1, 1, 1, 1, 1, 1, 1, 1, 1, 1, 1, 1, 1, 1, 1, 1, 1, 1, 1, 1, 1, 1, 1, 1, 1, 1, 1, 1, 1, 1, 1, 1, 1, 1, 1, 1, 1, 1, 1, 1, 1, 1, 1, 1, 1, 1, 1, 1, 1, 1, 1, 1, 1, 1, 1, 1, 1, 1, 1, 1, 1, 1, 1, 1, 1, 1, 1, 1, 1, 1, 1, 1, 1, 1, 1, 1, 1, 1, 1, 1, 1, 1, 1, 1, 1, 1, 1, 1, 1, 1, 1, 1, 1, 1, 1, 1, 1, 1, 1, 1, 1, 1, 1, 1, 1, 1, 1, 1, 1, 1, 1, 1, 1, 1, 1, 1, 1, 1, 1, 1, 1, 1, 1, 1, 1, 1, 1, 1, 1, 1, 1, 1, 1, 1, 1, 1, 1, 1, 1, 1, 1, 1, 1, 1, 1, 1, 1, 1, 1, 1, 1, 1, 1, 1, 1, 1, 1, 1, 1, 1, 1, 1, 1, 1, 1, 1, 1, 1, 1, 1, 1, 1, 1, 1, 1, 1, 1, 1, 1, 1, 1, 1, 1, 1, 1, 1, 1, 1, 1, 1, 1, 1, 1, 1, 1, 1, 1, 1, 1, 1, 1, 1, 1, 1, 1, 1, 1, 1, 1, 1, 1, 1, 1, 1, 1, 1, 1, 1, 1, 1, 1, 1, 1, 1, 1, 1, 1, 1, 1, 1, 1, 1, 1, 1, 1, 1, 1, 1, 1, 1, 1, 1, 1, 1, 1, 1, 1]"
User-007,0,trace_0398,1788723000.7882528,streaming,13070,443,443,0,203,127.16612672805786,439.74852895736694,0.7072000050436857,0.0,0,True,,1788722561.0396357,1788722688.2057624,1788723000.7881646,"[1788722688.2057624, 1788722688.7761645, 1788722689.4178412, 1788722690.0883884, 1788722690.7910466, 1788722691.4897337, 1788722692.0839005, 1788722692.7260396, 1788722693.396768, 1788722694.0998569, 1788722694.769167, 1788722695.3707914, 1788722696.0252795, 1788722696.6972888, 1788722697.4052434, 1788722698.1101737, 1788722698.6777647, 1788722699.2955804, 1788722699.94329, 1788722700.6190388, 1788722701.3443482, 1788722701.9069955, 1788722702.518353, 1788722703.1607878, 1788722703.8301673, 1788722704.5322914, 1788722705.262826, 1788722705.9139059, 1788722706.4917579, 1788722707.1219687, 1788722707.7826, 1788722708.4700468, 1788722709.1901648, 1788722709.9029608, 1788722710.4722757, 1788722711.0911715, 1788722711.7413087, 1788722712.4172752, 1788722713.127521, 1788722713.8735235, 1788722714.6506858, 1788722715.456352, 1788722716.1137128, 1788722716.699364, 1788722717.357745, 1788722718.0442543, 1788722718.7614427, 1788722719.5093243, 1788722720.2958968, 1788722721.0314257, 1788722721.601077, 1788722722.2153916, 1788722722.864348, 1788722723.5448418, 1788722724.2611794, 1788722725.0133798, 1788722725.8066025, 1788722726.430384, 1788722727.0259962, 1788722727.6709309, 1788722728.3415117, 1788722729.0459454, 1788722729.7782888, 1788722730.5429556, 1788722731.361355, 1788722731.9189281, 1788722732.5285869, 1788722733.1676462, 1788722733.8352282, 1788722734.5369132, 1788722735.2685163, 1788722736.0305266, 1788722736.7236938, 1788722737.2879107, 1788722737.9141808, 1788722738.5659444, 1788722739.2556984, 1788722739.9718282, 1788722740.7168684, 1788722741.5012155, 1788722742.3194268, 1788722743.1638513, 1788722743.8682542, 1788722744.4355743, 1788722745.065057, 1788722745.721973, 1788722746.4074383, 1788722747.1304548, 1788722747.8961143, 1788722748.586581, 1788722749.161783, 1788722749.7926009, 1788722750.4459527, 1788722751.1334155, 1788722751.851352, 1788722752.6009405, 1788722753.3548305, 1788722753.92149, 1788722754.5364897, 1788722755.1844509, 1788722755.8584235, 1788722756.5668833, 1788722757.3039618, 1788722758.0799673, 1788722758.6800175, 1788722759.2648573, 1788722759.9304216, 1788722760.61667, 1788722761.3362541, 1788722762.084817, 1788722762.8627594, 1788722763.6682215, 1788722764.228538, 1788722764.843909, 1788722765.487914, 1788722766.1640866, 1788722766.8658144, 1788722767.6000967, 1788722768.3678565, 1788722769.1670568, 1788722769.9508111, 1788722770.511295, 1788722771.1258905, 1788722771.7760594, 1788722772.4516995, 1788722773.1610045, 1788722773.9002528, 1788722774.6025891, 1788722775.1722867, 1788722775.7933602, 1788722776.4533677, 1788722777.1419065, 1788722777.849563, 1788722778.5936968, 1788722779.372221, 1788722780.1816382, 1788722780.8210301, 1788722781.3997197, 1788722782.0360303, 1788722782.7050111, 1788722783.4053025, 1788722784.1281242, 1788722784.8877537, 1788722785.6809523, 1788722786.5037367, 1788722787.3318594, 1788722787.8906415, 1788722788.5075607, 1788722789.155582, 1788722789.8370156, 1788722790.541871, 1788722791.2779386, 1788722792.072306, 1788722792.6307883, 1788722793.242239, 1788722793.885982, 1788722794.5607455, 1788722795.2693002, 1788722795.9975142, 1788722796.7689917, 1788722797.4646325, 1788722798.038073, 1788722798.6656334, 1788722799.3254426, 1788722800.0166018, 1788722800.7537088, 1788722801.519487, 1788722802.3152485, 1788722802.9523478, 1788722803.5339417, 1788722804.171668, 1788722804.8422625, 1788722805.5401907, 1788722806.267179, 1788722807.0256078, 1788722807.8188224, 1788722808.6136866, 1788722809.1771147, 1788722809.796936, 1788722810.4439976, 1788722811.1252513, 1788722811.8378458, 1788722812.5925112, 1788722813.3817549, 1788722814.0832345, 1788722814.6816993, 1788722815.3340337, 1788722816.0166805, 1788722816.7228174, 1788722817.4613433, 1788722818.227023, 1788722818.9009292, 1788722819.4832158, 1788722820.109438, 1788722820.7718854, 1788722821.4627738, 1788722822.1911695, 1788722822.9420664, 1788722823.732712, 1788722824.437532, 1788722825.026345, 1788722825.6736124, 1788722826.343631, 1788722827.0463, 1788722827.7790146, 1788722828.5335345, 1788722829.3222244, 1788722830.0103903, 1788722830.577705, 1788722831.2068255, 1788722831.8689504, 1788722832.5593, 1788722833.2817986, 1788722834.0474524, 1788722834.852692, 1788722835.6405077, 1788722836.2019384, 1788722836.8414876, 1788722837.5124235, 1788722838.2161374, 1788722838.9413662, 1788722839.6978269, 1788722840.486556, 1788722841.3027742, 1788722842.0992448, 1788722842.6571784, 1788722843.2793045, 1788722843.9292912, 1788722844.6109738, 1788722845.3217394, 1788722846.0630484, 1788722846.8341186, 1788722847.5737062, 1788722848.1373959, 1788722848.7592356, 1788722849.415754, 1788722850.111677, 1788722850.8312168, 1788722851.5838954, 1788722852.367099, 1788722853.157574, 1788722853.7441947, 1788722854.3739388, 1788722855.0345597, 1788722855.7234757, 1788722856.4418688, 1788722857.1856768, 1788722857.963825, 1788722858.7725585, 1788722859.4102995, 1788722859.9931064, 1788722860.6344156, 1788722861.3005161, 1788722861.9975166, 1788722862.724453, 1788722863.487415, 1788722864.2308831, 1788722864.8157055, 1788722865.4513667, 1788722866.1168854, 1788722866.8052464, 1788722867.5274553, 1788722868.274179, 1788722869.0511022, 1788722869.6060832, 1788722870.2222605, 1788722870.866845, 1788722871.5412073, 1788722872.248643, 1788722872.9863005, 1788722873.771287, 1788722874.4810803, 1788722875.0469701, 1788722875.6726925, 1788722876.3273115, 1788722877.0136409, 1788722877.7347999, 1788722878.4736428, 1788722879.2499807, 1788722880.056292, 1788722880.8317394, 1788722881.389986, 1788722882.0125978, 1788722882.6675358, 1788722883.3611403, 1788722884.0906775, 1788722884.8412864, 1788722885.6172636, 1788722886.3175318, 1788722886.8877275, 1788722887.5171385, 1788722888.1729538, 1788722888.8631186, 1788722889.580326, 1788722890.325623, 1788722891.1071362, 1788722891.9309669, 1788722892.620645, 1788722893.211553, 1788722893.855149, 1788722894.531823, 1788722895.2377183, 1788722895.9729836, 1788722896.733658, 1788722897.5245168, 1788722898.272703, 1788722898.838465, 1788722899.459174, 1788722900.1124995, 1788722900.7957025, 1788722901.5114622, 1788722902.2574446, 1788722903.0325549, 1788722903.8434417, 1788722904.6832254, 1788722905.560227, 1788722906.4530053, 1788722907.3546815, 1788722907.9085424, 1788722908.5263906, 1788722909.1776814, 1788722909.8558044, 1788722910.5565712, 1788722911.2945411, 1788722912.0651278, 1788722912.8727884, 1788722913.6995227, 1788722914.566768, 1788722915.4722345, 1788722916.4073787, 1788722917.2627165, 1788722917.843107, 1788722918.4907646, 1788722919.1595798, 1788722919.8658884, 1788722920.599218, 1788722921.3553958, 1788722922.1517096, 1788722922.9765544, 1788722923.825314, 1788722924.7024033, 1788722925.5463874, 1788722926.1022937, 1788722926.7259026, 1788722927.376432, 1788722928.0610688, 1788722928.773315, 1788722929.5129783, 1788722930.2875073, 1788722931.096454, 1788722931.937956, 1788722932.555975, 1788722933.1314623, 1788722933.7750363, 1788722934.4515095, 1788722935.1581106, 1788722935.8888464, 1788722936.653486, 1788722937.451551, 1788722938.2805233, 1788722939.1465867, 1788722940.0355272, 1788722940.8569763, 1788722941.4149215, 1788722942.039655, 1788722942.6959949, 1788722943.3911073, 1788722944.118539, 1788722944.8782892, 1788722945.6710153, 1788722946.4924612, 1788722947.3401508, 1788722948.2214484, 1788722949.1259358, 1788722949.695908, 1788722950.338938, 1788722951.0044415, 1788722951.7074416, 1788722952.422587, 1788722953.1718535, 1788722953.9548717, 1788722954.7679908, 1788722955.607989, 1788722956.474983, 1788722957.3876789, 1788722958.1553662, 1788722958.718395, 1788722959.3494253, 1788722960.0088494, 1788722960.699108, 1788722961.4199407, 1788722962.1700852, 1788722962.951735, 1788722963.767851, 1788722964.6131957, 1788722965.4570832, 1788722966.0180821, 1788722966.6587791, 1788722967.3292706, 1788722968.0289671, 1788722968.752764, 1788722969.5061343, 1788722970.2932403, 1788722971.1066065, 1788722971.9489877, 1788722972.8227518, 1788722973.521006, 1788722974.0921972, 1788722974.7269907, 1788722975.3915026, 1788722976.0899048, 1788722976.8147054, 1788722977.5657988, 1788722978.3556757, 1788722979.1750517, 1788722980.032002, 1788722980.9170828, 1788722981.7477944, 1788722982.327388, 1788722982.9747648, 1788722983.6536412, 1788722984.357052, 1788722985.0825346, 1788722985.8420181, 1788722986.6345062, 1788722987.4528341, 1788722988.3110402, 1788722989.1886284, 1788722990.0954893, 1788722991.0296686, 1788722991.7041044, 1788722992.2727268, 1788722992.9102933, 1788722993.5814862, 1788722994.288489, 1788722995.029553, 1788722995.809393, 1788722996.6083121, 1788722997.4401958, 1788722998.299285, 1788722999.19634, 1788723000.1294725, 1788723000.7834957]","[1, 1, 1, 1, 1, 1, 1, 1, 1, 1, 1, 1, 1, 1, 1, 1, 1, 1, 1, 1, 1, 1, 1, 1, 1, 1, 1, 1, 1, 1, 1, 1, 1, 1, 1, 1, 1, 1, 1, 1, 1, 1, 1, 1, 1, 1, 1, 1, 1, 1, 1, 1, 1, 1, 1, 1, 1, 1, 1, 1, 1, 1, 1, 1, 1, 1, 1, 1, 1, 1, 1, 1, 1, 1, 1, 1, 1, 1, 1, 1, 1, 1, 1, 1, 1, 1, 1, 1, 1, 1, 1, 1, 1, 1, 1, 1, 1, 1, 1, 1, 1, 1, 1, 1, 1, 1, 1, 1, 1, 1, 1, 1, 1, 1, 1, 1, 1, 1, 1, 1, 1, 1, 1, 1, 1, 1, 1, 1, 1, 1, 1, 1, 1, 1, 1, 1, 1, 1, 1, 1, 1, 1, 1, 1, 1, 1, 1, 1, 1, 1, 1, 1, 1, 1, 1, 1, 1, 1, 1, 1, 1, 1, 1, 1, 1, 1, 1, 1, 1, 1, 1, 1, 1, 1, 1, 1, 1, 1, 1, 1, 1, 1, 1, 1, 1, 1, 1, 1, 1, 1, 1, 1, 1, 1, 1, 1, 1, 1, 1, 1, 1, 1, 1, 1, 1, 1, 1, 1, 1, 1, 1, 1, 1, 1, 1, 1, 1, 1, 1, 1, 1, 1, 1, 1, 1, 1, 1, 1, 1, 1, 1, 1, 1, 1, 1, 1, 1, 1, 1, 1, 1, 1, 1, 1, 1, 1, 1, 1, 1, 1, 1, 1, 1, 1, 1, 1, 1, 1, 1, 1, 1, 1, 1, 1, 1, 1, 1, 1, 1, 1, 1, 1, 1, 1, 1, 1, 1, 1, 1, 1, 1, 1, 1, 1, 1, 1, 1, 1, 1, 1, 1, 1, 1, 1, 1, 1, 1, 1, 1, 1, 1, 1, 1, 1, 1, 1, 1, 1, 1, 1, 1, 1, 1, 1, 1, 1, 1, 1, 1, 1, 1, 1, 1, 1, 1, 1, 1, 1, 1, 1, 1, 1, 1, 1, 1, 1, 1, 1, 1, 1, 1, 1, 1, 1, 1, 1, 1, 1, 1, 1, 1, 1, 1, 1, 1, 1, 1, 1, 1, 1, 1, 1, 1, 1, 1, 1, 1, 1, 1, 1, 1, 1, 1, 1, 1, 1, 1, 1, 1, 1, 1, 1, 1, 1, 1, 1, 1, 1, 1, 1, 1, 1, 1, 1, 1, 1, 1, 1, 1, 1, 1, 1, 1, 1, 1, 1, 1, 1, 1, 1, 1, 1, 1, 1, 1, 1, 1, 1, 1, 1, 1, 1, 1, 1, 1, 1, 1, 1, 1, 1, 1, 1, 1, 1, 1, 1, 1, 1, 1, 1, 1, 1, 1]"
User-064,8,trace_0441,1788723002.7279725,streaming,27352,105,105,404,17,360.7929859161377,437.97070693969727,0.7420934713803805,12.0,0,True,,1788722564.757195,1788722925.550181,1788723002.727902,"[1788722925.550181, 1788722926.1045809, 1788722926.729411, 1788722927.3791199, 1788722928.0638885, 1788722928.77681, 1788722929.515946, 1788722930.290937, 1788722931.0982184, 1788722931.9416306, 1788722932.5580301, 1788722933.1353412, 1788722933.7789092, 1788722934.4534836, 1788722935.1607192, 1788722935.892053, 1788722936.656345, 1788722937.4533343, 1788722938.2839744, 1788722939.150689, 1788722940.038715, 1788722940.8601294, 1788722941.4169998, 1788722942.043545, 1788722942.699955, 1788722943.393239, 1788722944.122448, 1788722944.8822348, 1788722945.6731822, 1788722946.4943707, 1788722947.3438458, 1788722948.224638, 1788722949.128725, 1788722949.6978164, 1788722950.342908, 1788722951.0079858, 1788722951.7093916, 1788722952.4268963, 1788722953.174855, 1788722953.9571164, 1788722954.7718587, 1788722955.6119761, 1788722956.4776385, 1788722957.3912592, 1788722958.157239, 1788722958.7219195, 1788722959.3521311, 1788722960.012042, 1788722960.701749, 1788722961.422907, 1788722962.1726031, 1788722962.9552372, 1788722963.7694447, 1788722964.6163728, 1788722965.4598203, 1788722966.021929, 1788722966.661726, 1788722967.3322752, 1788722968.0319777, 1788722968.7557974, 1788722969.5084536, 1788722970.2962806, 1788722971.1097026, 1788722971.9518828, 1788722972.8257654, 1788722973.5234401, 1788722974.0952442, 1788722974.7298944, 1788722975.3944256, 1788722976.0929325, 1788722976.8178432, 1788722977.5681076, 1788722978.3586287, 1788722979.1763933, 1788722980.0352132, 1788722980.919062, 1788722981.7497413, 1788722982.329887, 1788722982.9760523, 1788722983.6561873, 1788722984.3595533, 1788722985.0844004, 1788722985.8472433, 1788722986.6370566, 1788722987.455334, 1788722988.312352, 1788722989.1911547, 1788722990.0966065, 1788722991.03213, 1788722991.7065425, 1788722992.2752259, 1788722992.9158416, 1788722993.5839205, 1788722994.2904615, 1788722995.0316215, 1788722995.8116097, 1788722996.6107924, 1788722997.4426315, 1788722998.3011577, 1788722999.1982386, 1788723000.132037, 1788723000.785698, 1788723001.3764496, 1788723002.0371828, 1788723002.724973]","[1, 1, 1, 1, 1, 1, 1, 1, 1, 1, 1, 1, 1, 1, 1, 1, 1, 1, 1, 1, 1, 1, 1, 1, 1, 1, 1, 1, 1, 1, 1, 1, 1, 1, 1, 1, 1, 1, 1, 1, 1, 1, 1, 1, 1, 1, 1, 1, 1, 1, 1, 1, 1, 1, 1, 1, 1, 1, 1, 1, 1, 1, 1, 1, 1, 1, 1, 1, 1, 1, 1, 1, 1, 1, 1, 1, 1, 1, 1, 1, 1, 1, 1, 1, 1, 1, 1, 1, 1, 1, 1, 1, 1, 1, 1, 1, 1, 1, 1, 1, 1, 1, 1, 1, 1]"
User-120,0,trace_0710,1788723008.2185028,streaming,18968,182,182,0,296,311.2334690093994,444.97855138778687,0.7389231070629141,0.0,0,True,,1788722563.2398531,1788722874.4733222,1788723008.2184045,"[1788722874.4733222, 1788722875.038765, 1788722875.6650739, 1788722876.3190567, 1788722877.0059175, 1788722877.7271907, 1788722878.4659417, 1788722879.2421486, 1788722880.0492568, 1788722880.8227806, 1788722881.3824675, 1788722882.0036457, 1788722882.6586776, 1788722883.3527017, 1788722884.081536, 1788722884.8330047, 1788722885.6086807, 1788722886.3094554, 1788722886.8793693, 1788722887.5051913, 1788722888.1650622, 1788722888.8554764, 1788722889.5718887, 1788722890.3172843, 1788722891.0986848, 1788722891.9223075, 1788722892.6123507, 1788722893.2000413, 1788722893.8463204, 1788722894.5230274, 1788722895.2289534, 1788722895.9641342, 1788722896.7249117, 1788722897.5163567, 1788722898.263852, 1788722898.8296156, 1788722899.450292, 1788722900.1044147, 1788722900.7881606, 1788722901.502514, 1788722902.2480433, 1788722903.0241926, 1788722903.8343189, 1788722904.674374, 1788722905.5499914, 1788722906.4446855, 1788722907.3465102, 1788722907.89964, 1788722908.5179842, 1788722909.1689198, 1788722909.8445826, 1788722910.5502064, 1788722911.286102, 1788722912.0563874, 1788722912.8640885, 1788722913.691129, 1788722914.5574672, 1788722915.463908, 1788722916.3988326, 1788722917.253801, 1788722917.833681, 1788722918.4789948, 1788722919.1513329, 1788722919.8565743, 1788722920.5898244, 1788722921.3465185, 1788722922.1423168, 1788722922.967415, 1788722923.8166108, 1788722924.6944401, 1788722925.5376587, 1788722926.093233, 1788722926.7141092, 1788722927.36904, 1788722928.0524485, 1788722928.7636232, 1788722929.5034952, 1788722930.2787144, 1788722931.0859098, 1788722931.9295416, 1788722932.5479867, 1788722933.1228867, 1788722933.7664845, 1788722934.4428976, 1788722935.148773, 1788722935.880016, 1788722936.6445868, 1788722937.4428742, 1788722938.2715013, 1788722939.1323283, 1788722940.023621, 1788722940.848555, 1788722941.4059634, 1788722942.030541, 1788722942.6869297, 1788722943.3819988, 1788722944.109889, 1788722944.8700266, 1788722945.6625495, 1788722946.48483, 1788722947.3324409, 1788722948.2143528, 1788722949.1175125, 1788722949.6885154, 1788722950.331151, 1788722950.9965189, 1788722951.7032006, 1788722952.4151545, 1788722953.1659303, 1788722953.9475565, 1788722954.7606688, 1788722955.6008744, 1788722956.4687183, 1788722957.3800354, 1788722958.1481078, 1788722958.711096, 1788722959.3426607, 1788722960.0015228, 1788722960.6929226, 1788722961.413436, 1788722962.1627274, 1788722962.9444215, 1788722963.7604957, 1788722964.6055605, 1788722965.4499507, 1788722966.0108383, 1788722966.6514034, 1788722967.3224006, 1788722968.0221212, 1788722968.7460957, 1788722969.4995265, 1788722970.2864995, 1788722971.099477, 1788722971.9420702, 1788722972.8160043, 1788722973.5140493, 1788722974.0854008, 1788722974.7203102, 1788722975.3848128, 1788722976.083173, 1788722976.8075926, 1788722977.5597913, 1788722978.3489633, 1788722979.1678658, 1788722980.0251257, 1788722980.9119194, 1788722981.7410398, 1788722982.3201869, 1788722982.967535, 1788722983.6463737, 1788722984.3497896, 1788722985.0764632, 1788722985.8348644, 1788722986.626528, 1788722987.445596, 1788722988.3014843, 1788722989.1813414, 1788722990.0883365, 1788722991.0225022, 1788722991.6968737, 1788722992.265682, 1788722992.9032292, 1788722993.5740702, 1788722994.2822053, 1788722995.0228922, 1788722995.7972288, 1788722996.6014807, 1788722997.4336526, 1788722998.2942295, 1788722999.1927166, 1788723000.1223404, 1788723000.7771075, 1788723001.369004, 1788723002.0278938, 1788723002.7160158, 1788723003.4318252, 1788723004.175378, 1788723004.9535367, 1788723005.756619, 1788723006.5930774, 1788723007.4564288, 1788723008.2078664]","[1, 1, 1, 1, 1, 1, 1, 1, 1, 1, 1, 1, 1, 1, 1, 1, 1, 1, 1, 1, 1, 1, 1, 1, 1, 1, 1, 1, 1, 1, 1, 1, 1, 1, 1, 1, 1, 1, 1, 1, 1, 1, 1, 1, 1, 1, 1, 1, 1, 1, 1, 1, 1, 1, 1, 1, 1, 1, 1, 1, 1, 1, 1, 1, 1, 1, 1, 1, 1, 1, 1, 1, 1, 1, 1, 1, 1, 1, 1, 1, 1, 1, 1, 1, 1, 1, 1, 1, 1, 1, 1, 1, 1, 1, 1, 1, 1, 1, 1, 1, 1, 1, 1, 1, 1, 1, 1, 1, 1, 1, 1, 1, 1, 1, 1, 1, 1, 1, 1, 1, 1, 1, 1, 1, 1, 1, 1, 1, 1, 1, 1, 1, 1, 1, 1, 1, 1, 1, 1, 1, 1, 1, 1, 1, 1, 1, 1, 1, 1, 1, 1, 1, 1, 1, 1, 1, 1, 1, 1, 1, 1, 1, 1, 1, 1, 1, 1, 1, 1, 1, 1, 1, 1, 1, 1, 1, 1, 1, 1, 1, 1, 1]"
User-071,0,trace_0673,1788723013.1462152,streaming,23858,315,315,0,372,225.08734941482544,450.90006136894226,0.7191487641850854,0.0,0,True,,1788722562.246028,1788722787.3333774,1788723013.1460893,"[1788722787.3333774, 1788722787.8916492, 1788722788.5086138, 1788722789.1565833, 1788722789.8380775, 1788722790.5429046, 1788722791.278951, 1788722792.0733166, 1788722792.631801, 1788722793.2432568, 1788722793.8871765, 1788722794.561732, 1788722795.2703135, 1788722795.998295, 1788722796.7699819, 1788722797.4656613, 1788722798.0392692, 1788722798.6666334, 1788722799.3264723, 1788722800.0176191, 1788722800.7544723, 1788722801.5205019, 1788722802.315873, 1788722802.9534738, 1788722803.534987, 1788722804.1727111, 1788722804.843273, 1788722805.5409718, 1788722806.2679465, 1788722807.0266013, 1788722807.819826, 1788722808.6148658, 1788722809.1781085, 1788722809.7980804, 1788722810.4447722, 1788722811.1262622, 1788722811.838902, 1788722812.59351, 1788722813.382744, 1788722814.0842426, 1788722814.6826835, 1788722815.3350575, 1788722816.0174649, 1788722816.7238162, 1788722817.4623337, 1788722818.2280216, 1788722818.9020877, 1788722819.4836931, 1788722820.1104422, 1788722820.772894, 1788722821.4637806, 1788722822.1922026, 1788722822.9430497, 1788722823.733705, 1788722824.4386811, 1788722825.0273805, 1788722825.6745987, 1788722826.3447347, 1788722827.0473313, 1788722827.7803354, 1788722828.53455, 1788722829.3232481, 1788722830.011416, 1788722830.5786912, 1788722831.2078376, 1788722831.8699415, 1788722832.5603275, 1788722833.2827842, 1788722834.0484731, 1788722834.8536816, 1788722835.641527, 1788722836.2029371, 1788722836.84247, 1788722837.5134108, 1788722838.217124, 1788722838.9423559, 1788722839.6988819, 1788722840.4875433, 1788722841.3037555, 1788722842.0998087, 1788722842.65819, 1788722843.280099, 1788722843.9303026, 1788722844.6119852, 1788722845.3227768, 1788722846.0638366, 1788722846.835133, 1788722847.5746658, 1788722848.1383913, 1788722848.760264, 1788722849.416808, 1788722850.1126745, 1788722850.8319614, 1788722851.5848842, 1788722852.3680885, 1788722853.158565, 1788722853.7452638, 1788722854.374966, 1788722855.0355365, 1788722855.723919, 1788722856.4429278, 1788722857.1866465, 1788722857.964812, 1788722858.7736223, 1788722859.411275, 1788722859.9940763, 1788722860.6354053, 1788722861.3015213, 1788722861.9984992, 1788722862.725457, 1788722863.487866, 1788722864.2318406, 1788722864.8167365, 1788722865.4523451, 1788722866.11765, 1788722866.8062317, 1788722867.5282025, 1788722868.2751732, 1788722869.0520978, 1788722869.607048, 1788722870.2234018, 1788722870.8678546, 1788722871.5421891, 1788722872.2494137, 1788722872.9873352, 1788722873.7719045, 1788722874.4820526, 1788722875.0479422, 1788722875.6736524, 1788722876.32829, 1788722877.0146203, 1788722877.735776, 1788722878.4746134, 1788722879.2513423, 1788722880.05707, 1788722880.832213, 1788722881.3907576, 1788722882.0135837, 1788722882.668502, 1788722883.3621166, 1788722884.0916553, 1788722884.8422477, 1788722885.6182232, 1788722886.318498, 1788722886.8887315, 1788722887.518133, 1788722888.173731, 1788722888.8639045, 1788722889.5813599, 1788722890.3266304, 1788722891.1079197, 1788722891.9319153, 1788722892.621105, 1788722893.2121508, 1788722893.85616, 1788722894.5328202, 1788722895.238715, 1788722895.9739668, 1788722896.7346597, 1788722897.5249667, 1788722898.2737112, 1788722898.839486, 1788722899.4600062, 1788722900.112943, 1788722900.7964537, 1788722901.5124424, 1788722902.2584434, 1788722903.033547, 1788722903.8442018, 1788722904.6842282, 1788722905.5607088, 1788722906.453988, 1788722907.3558762, 1788722907.909559, 1788722908.5272038, 1788722909.178671, 1788722909.8568296, 1788722910.5573235, 1788722911.2955565, 1788722912.0661397, 1788722912.873763, 1788722913.7005208, 1788722914.5674064, 1788722915.4732487, 1788722916.4078243, 1788722917.2634032, 1788722917.8442304, 1788722918.4921606, 1788722919.160017, 1788722919.8669205, 1788722920.6002142, 1788722921.3558538, 1788722922.1527202, 1788722922.9775453, 1788722923.8262885, 1788722924.7031822, 1788722925.547363, 1788722926.1033237, 1788722926.726932, 1788722927.3771951, 1788722928.0620468, 1788722928.7743227, 1788722929.5139494, 1788722930.2884872, 1788722931.0969667, 1788722931.9389517, 1788722932.5564418, 1788722933.1324244, 1788722933.7759974, 1788722934.452014, 1788722935.1591873, 1788722935.8898425, 1788722936.654478, 1788722937.4520001, 1788722938.2815452, 1788722939.1476455, 1788722940.0363224, 1788722940.85797, 1788722941.4156709, 1788722942.0406423, 1788722942.6969714, 1788722943.3917773, 1788722944.1195304, 1788722944.8792696, 1788722945.6717486, 1788722946.4929492, 1788722947.341135, 1788722948.222236, 1788722949.1269364, 1788722949.6963944, 1788722950.339926, 1788722951.00543, 1788722951.7079375, 1788722952.423602, 1788722953.1725855, 1788722953.9557729, 1788722954.7690246, 1788722955.608965, 1788722956.4757485, 1788722957.3886979, 1788722958.156055, 1788722958.7193975, 1788722959.3501832, 1788722960.00986, 1788722960.699868, 1788722961.420717, 1788722962.1711292, 1788722962.952737, 1788722963.7682948, 1788722964.614292, 1788722965.4580572, 1788722966.0194092, 1788722966.6592712, 1788722967.3297653, 1788722968.0294566, 1788722968.7532787, 1788722969.5066361, 1788722970.2937303, 1788722971.1084504, 1788722971.9494686, 1788722972.8232636, 1788722973.521403, 1788722974.0927382, 1788722974.7274702, 1788722975.3919878, 1788722976.0904121, 1788722976.815231, 1788722977.5661922, 1788722978.3561718, 1788722979.1752758, 1788722980.0325062, 1788722980.917484, 1788722981.7481794, 1788722982.3278875, 1788722982.9751844, 1788722983.654155, 1788722984.3575451, 1788722985.0829103, 1788722985.8425353, 1788722986.6350474, 1788722987.4533446, 1788722988.311373, 1788722989.1891267, 1788722990.0957093, 1788722991.030159, 1788722991.7045941, 1788722992.2732403, 1788722992.9141345, 1788722993.5819757, 1788722994.2888799, 1788722995.0300474, 1788722995.809907, 1788722996.6088066, 1788722997.4406955, 1788722998.2996583, 1788722999.1967256, 1788723000.1299753, 1788723000.7841318, 1788723001.3749695, 1788723002.0352042, 1788723002.723017, 1788723003.4390106, 1788723004.1824586, 1788723004.9605947, 1788723005.7637734, 1788723006.6003442, 1788723007.4637012, 1788723008.2154593, 1788723008.8080885, 1788723009.4556093, 1788723010.132587, 1788723010.8422837, 1788723011.576569, 1788723012.3426168, 1788723013.143238]","[1, 1, 1, 1, 1, 1, 1, 1, 1, 1, 1, 1, 1, 1, 1, 1, 1, 1, 1, 1, 1, 1, 1, 1, 1, 1, 1, 1, 1, 1, 1, 1, 1, 1, 1, 1, 1, 1, 1, 1, 1, 1, 1, 1, 1, 1, 1, 1, 1, 1, 1, 1, 1, 1, 1, 1, 1, 1, 1, 1, 1, 1, 1, 1, 1, 1, 1, 1, 1, 1, 1, 1, 1, 1, 1, 1, 1, 1, 1, 1, 1, 1, 1, 1, 1, 1, 1, 1, 1, 1, 1, 1, 1, 1, 1, 1, 1, 1, 1, 1, 1, 1, 1, 1, 1, 1, 1, 1, 1, 1, 1, 1, 1, 1, 1, 1, 1, 1, 1, 1, 1, 1, 1, 1, 1, 1, 1, 1, 1, 1, 1, 1, 1, 1, 1, 1, 1, 1, 1, 1, 1, 1, 1, 1, 1, 1, 1, 1, 1, 1, 1, 1, 1, 1, 1, 1, 1, 1, 1, 1, 1, 1, 1, 1, 1, 1, 1, 1, 1, 1, 1, 1, 1, 1, 1, 1, 1, 1, 1, 1, 1, 1, 1, 1, 1, 1, 1, 1, 1, 1, 1, 1, 1, 1, 1, 1, 1, 1, 1, 1, 1, 1, 1, 1, 1, 1, 1, 1, 1, 1, 1, 1, 1, 1, 1, 1, 1, 1, 1, 1, 1, 1, 1, 1, 1, 1, 1, 1, 1, 1, 1, 1, 1, 1, 1, 1, 1, 1, 1, 1, 1, 1, 1, 1, 1, 1, 1, 1, 1, 1, 1, 1, 1, 1, 1, 1, 1, 1, 1, 1, 1, 1, 1, 1, 1, 1, 1, 1, 1, 1, 1, 1, 1, 1, 1, 1, 1, 1, 1, 1, 1, 1, 1, 1, 1, 1, 1, 1, 1, 1, 1, 1, 1, 1, 1, 1, 1, 1, 1, 1, 1, 1, 1, 1, 1, 1, 1, 1, 1, 1, 1, 1, 1, 1, 1]"
User-095,0,trace_0386,1788723023.836746,streaming,19606,268,268,0,306,267.3094735145569,461.1409966945648,0.7259607609738125,0.0,0,True,,1788722562.6956732,1788722830.0051467,1788723023.83667,"[1788722830.0051467, 1788722830.5723243, 1788722831.2015767, 1788722831.8637266, 1788722832.5539412, 1788722833.276794, 1788722834.0421052, 1788722834.8471189, 1788722835.6350434, 1788722836.1967418, 1788722836.836287, 1788722837.5071797, 1788722838.2109065, 1788722838.9361753, 1788722839.6924949, 1788722840.4813087, 1788722841.2974594, 1788722842.0943327, 1788722842.6520295, 1788722843.2753332, 1788722843.924242, 1788722844.6058624, 1788722845.3164926, 1788722846.058973, 1788722846.8289528, 1788722847.568594, 1788722848.1322706, 1788722848.753933, 1788722849.410527, 1788722850.106418, 1788722850.8265388, 1788722851.5791836, 1788722852.3623397, 1788722853.1519065, 1788722853.7389238, 1788722854.3688502, 1788722855.029133, 1788722855.7184825, 1788722856.4366722, 1788722857.1806371, 1788722857.9586139, 1788722858.766656, 1788722859.4044158, 1788722859.9880102, 1788722860.6267414, 1788722861.2954183, 1788722861.9922917, 1788722862.7192976, 1788722863.4818804, 1788722864.2263536, 1788722864.808396, 1788722865.4467251, 1788722866.1126876, 1788722866.8008049, 1788722867.523875, 1788722868.2697206, 1788722869.0463917, 1788722869.6016684, 1788722870.2146268, 1788722870.8622112, 1788722871.5367658, 1788722872.2443306, 1788722872.9806483, 1788722873.7665324, 1788722874.476428, 1788722875.0424829, 1788722875.6683037, 1788722876.3223348, 1788722877.0092597, 1788722877.7304087, 1788722878.469207, 1788722879.2455072, 1788722880.0523572, 1788722880.8263154, 1788722881.3857057, 1788722882.0075989, 1788722882.662577, 1788722883.3561962, 1788722884.0853963, 1788722884.836395, 1788722885.6122782, 1788722886.3124475, 1788722886.8828297, 1788722887.5090897, 1788722888.1680896, 1788722888.8589432, 1788722889.5751896, 1788722890.320573, 1788722891.102087, 1788722891.9258685, 1788722892.6156104, 1788722893.2032974, 1788722893.8494322, 1788722894.5262773, 1788722895.2322352, 1788722895.9674644, 1788722896.7281826, 1788722897.5194457, 1788722898.266949, 1788722898.8329341, 1788722899.4536095, 1788722900.107724, 1788722900.7914512, 1788722901.5058932, 1788722902.2518163, 1788722903.02694, 1788722903.837493, 1788722904.6777143, 1788722905.5549364, 1788722906.4475005, 1788722907.3491006, 1788722907.902334, 1788722908.5205736, 1788722909.1715844, 1788722909.849935, 1788722910.5523396, 1788722911.2888637, 1788722912.0593855, 1788722912.8670776, 1788722913.694015, 1788722914.5600991, 1788722915.4664495, 1788722916.401512, 1788722917.2563663, 1788722917.836341, 1788722918.4819326, 1788722919.1539352, 1788722919.8595853, 1788722920.5924807, 1788722921.3492625, 1788722922.1453037, 1788722922.9699993, 1788722923.8191762, 1788722924.6971319, 1788722925.5401845, 1788722926.0964742, 1788722926.7167842, 1788722927.3715374, 1788722928.0549562, 1788722928.766209, 1788722929.5065525, 1788722930.2813156, 1788722931.0914412, 1788722931.9320638, 1788722932.5507786, 1788722933.1256082, 1788722933.7692018, 1788722934.4454334, 1788722935.151753, 1788722935.8828068, 1788722936.6474144, 1788722937.445632, 1788722938.274439, 1788722939.1351418, 1788722940.026461, 1788722940.851069, 1788722941.4088163, 1788722942.0337336, 1788722942.6899657, 1788722943.384544, 1788722944.1131654, 1788722944.8728633, 1788722945.6652906, 1788722946.4876194, 1788722947.3352227, 1788722948.2171316, 1788722949.1200402, 1788722949.691303, 1788722950.3339124, 1788722950.9994316, 1788722951.7046373, 1788722952.4179516, 1788722953.1684678, 1788722953.9502869, 1788722954.76334, 1788722955.6035686, 1788722956.47149, 1788722957.3829892, 1788722958.150644, 1788722958.7138438, 1788722959.3454, 1788722960.0043006, 1788722960.6956835, 1788722961.41641, 1788722962.1656191, 1788722962.9472454, 1788722963.7633102, 1788722964.6084704, 1788722965.4524965, 1788722966.013584, 1788722966.654048, 1788722967.3252387, 1788722968.024978, 1788722968.748805, 1788722969.502175, 1788722970.289232, 1788722971.1024435, 1788722971.9450326, 1788722972.818696, 1788722973.5165548, 1788722974.0881128, 1788722974.723089, 1788722975.3875246, 1788722976.0858917, 1788722976.8104916, 1788722977.5625598, 1788722978.3516853, 1788722979.170536, 1788722980.0279307, 1788722980.9139104, 1788722981.7446158, 1788722982.3233812, 1788722982.9707267, 1788722983.6496198, 1788722984.3530314, 1788722985.0795548, 1788722985.8380558, 1788722986.629964, 1788722987.4488597, 1788722988.3048534, 1788722989.18463, 1788722990.091531, 1788722991.0257308, 1788722991.6999388, 1788722992.2688465, 1788722992.9063542, 1788722993.577407, 1788722994.285316, 1788722995.0255673, 1788722995.7999623, 1788722996.6042972, 1788722997.4362926, 1788722998.2962892, 1788722999.194002, 1788723000.125246, 1788723000.7795498, 1788723001.3716044, 1788723002.0306756, 1788723002.7186222, 1788723003.4345024, 1788723004.178049, 1788723004.956105, 1788723005.7592883, 1788723006.5958145, 1788723007.4591556, 1788723008.2107682, 1788723008.8034384, 1788723009.4510512, 1788723010.1279607, 1788723010.8376508, 1788723011.5720913, 1788723012.3380907, 1788723013.1381803, 1788723013.8670452, 1788723014.453296, 1788723015.0926344, 1788723015.7621152, 1788723016.4640455, 1788723017.1903763, 1788723017.9379666, 1788723018.7248995, 1788723019.5329692, 1788723020.3821445, 1788723021.2612429, 1788723021.9489741, 1788723022.5238292, 1788723023.1580203, 1788723023.8279648]","[1, 1, 1, 1, 1, 1, 1, 1, 1, 1, 1, 1, 1, 1, 1, 1, 1, 1, 1, 1, 1, 1, 1, 1, 1, 1, 1, 1, 1, 1, 1, 1, 1, 1, 1, 1, 1, 1, 1, 1, 1, 1, 1, 1, 1, 1, 1, 1, 1, 1, 1, 1, 1, 1, 1, 1, 1, 1, 1, 1, 1, 1, 1, 1, 1, 1, 1, 1, 1, 1, 1, 1, 1, 1, 1, 1, 1, 1, 1, 1, 1, 1, 1, 1, 1, 1, 1, 1, 1, 1, 1, 1, 1, 1, 1, 1, 1, 1, 1, 1, 1, 1, 1, 1, 1, 1, 1, 1, 1, 1, 1, 1, 1, 1, 1, 1, 1, 1, 1, 1, 1, 1, 1, 1, 1, 1, 1, 1, 1, 1, 1, 1, 1, 1, 1, 1, 1, 1, 1, 1, 1, 1, 1, 1, 1, 1, 1, 1, 1, 1, 1, 1, 1, 1, 1, 1, 1, 1, 1, 1, 1, 1, 1, 1, 1, 1, 1, 1, 1, 1, 1, 1, 1, 1, 1, 1, 1, 1, 1, 1, 1, 1, 1, 1, 1, 1, 1, 1, 1, 1, 1, 1, 1, 1, 1, 1, 1, 1, 1, 1, 1, 1, 1, 1, 1, 1, 1, 1, 1, 1, 1, 1, 1, 1, 1, 1, 1, 1, 1, 1, 1, 1, 1, 1, 1, 1, 1, 1, 1, 1, 1, 1, 1, 1, 1, 1, 1, 1, 1, 1, 1, 1, 1, 1, 1, 1, 1, 1, 1, 1, 1, 1, 1, 1, 1, 1, 1, 1, 1, 1, 1, 1, 1, 1, 1, 1, 1, 1]"
User-119,0,trace_0737,1788723024.5490923,streaming,17668,213,213,0,275,305.85160756111145,461.35528111457825,0.7335078941201264,0.0,0,True,,1788722563.1937528,1788722869.0453603,1788723024.5490339,"[1788722869.0453603, 1788722869.6005263, 1788722870.2134717, 1788722870.861187, 1788722871.5356169, 1788722872.2433183, 1788722872.9793234, 1788722873.7654724, 1788722874.4754398, 1788722875.041367, 1788722875.6673186, 1788722876.3210785, 1788722877.0082705, 1788722877.7294219, 1788722878.4679794, 1788722879.2445035, 1788722880.0515609, 1788722880.8252518, 1788722881.3844876, 1788722882.0064304, 1788722882.6612856, 1788722883.3551915, 1788722884.0841045, 1788722884.8354003, 1788722885.610977, 1788722886.3114696, 1788722886.8818216, 1788722887.508093, 1788722888.1670923, 1788722888.8578522, 1788722889.5741553, 1788722890.319351, 1788722891.1010597, 1788722891.92447, 1788722892.6145751, 1788722893.2020595, 1788722893.8484206, 1788722894.5250616, 1788722895.2312198, 1788722895.9661875, 1788722896.7269664, 1788722897.518404, 1788722898.2659104, 1788722898.8316834, 1788722899.4525952, 1788722900.1067076, 1788722900.790403, 1788722901.504637, 1788722902.2504423, 1788722903.02572, 1788722903.8362458, 1788722904.6763551, 1788722905.553588, 1788722906.446453, 1788722907.3480575, 1788722907.9012313, 1788722908.5195568, 1788722909.1705241, 1788722909.8487756, 1788722910.5515869, 1788722911.2876875, 1788722912.0583026, 1788722912.8660133, 1788722913.6927392, 1788722914.5590663, 1788722915.465453, 1788722916.4004824, 1788722917.255339, 1788722917.8353002, 1788722918.480567, 1788722919.1529043, 1788722919.8584468, 1788722920.5914483, 1788722921.348234, 1788722922.1439085, 1788722922.9689918, 1788722923.8181403, 1788722924.6961129, 1788722925.5392025, 1788722926.0954654, 1788722926.715724, 1788722927.3705742, 1788722928.0539439, 1788722928.7651782, 1788722929.5050292, 1788722930.2803106, 1788722931.0903594, 1788722931.9310727, 1788722932.54952, 1788722933.1243935, 1788722933.7679856, 1788722934.4444473, 1788722935.1504185, 1788722935.8817804, 1788722936.6461215, 1788722937.4444346, 1788722938.2730587, 1788722939.1338732, 1788722940.025455, 1788722940.850056, 1788722941.4074953, 1788722942.032677, 1788722942.6886847, 1788722943.3835611, 1788722944.112172, 1788722944.8718636, 1788722945.6642957, 1788722946.4866004, 1788722947.3342106, 1788722948.216325, 1788722949.1190486, 1788722949.6902986, 1788722950.3329124, 1788722950.998386, 1788722951.7039502, 1788722952.4169273, 1788722953.1676843, 1788722953.9492726, 1788722954.7622883, 1788722955.6025643, 1788722956.4702425, 1788722957.3819168, 1788722958.1496353, 1788722958.7128026, 1788722959.344393, 1788722960.003281, 1788722960.6946177, 1788722961.4154718, 1788722962.164584, 1788722962.9462373, 1788722963.7622364, 1788722964.6074412, 1788722965.4515047, 1788722966.0125768, 1788722966.6528823, 1788722967.324204, 1788722968.0239804, 1788722968.7476234, 1788722969.5011964, 1788722970.2880447, 1788722971.1012347, 1788722971.9440074, 1788722972.8175075, 1788722973.515561, 1788722974.0871012, 1788722974.7217915, 1788722975.3865013, 1788722976.0848877, 1788722976.809458, 1788722977.5615282, 1788722978.3506713, 1788722979.1695328, 1788722980.0269032, 1788722980.9131007, 1788722981.742975, 1788722982.3223755, 1788722982.9695437, 1788722983.6486225, 1788722984.3518717, 1788722985.0785031, 1788722985.8370621, 1788722986.6289215, 1788722987.447864, 1788722988.3038201, 1788722989.1836152, 1788722990.0905256, 1788722991.0247414, 1788722991.6989255, 1788722992.267869, 1788722992.9052093, 1788722993.5763664, 1788722994.2845087, 1788722995.0244007, 1788722995.7987747, 1788722996.6030755, 1788722997.4351523, 1788722998.295397, 1788722999.193509, 1788723000.1242208, 1788723000.778596, 1788723001.3706748, 1788723002.0296729, 1788723002.717478, 1788723003.4333322, 1788723004.1769006, 1788723004.9551065, 1788723005.7581077, 1788723006.5948057, 1788723007.4579444, 1788723008.2097483, 1788723008.8023546, 1788723009.45003, 1788723010.1269457, 1788723010.83666, 1788723011.5709105, 1788723012.336857, 1788723013.1343625, 1788723013.8660293, 1788723014.4523556, 1788723015.091454, 1788723015.7610853, 1788723016.4630141, 1788723017.1892085, 1788723017.9369528, 1788723018.7238746, 1788723019.5319672, 1788723020.3811293, 1788723021.260235, 1788723021.948006, 1788723022.5226421, 1788723023.156784, 1788723023.8267863, 1788723024.5397735]","[1, 1, 1, 1, 1, 1, 1, 1, 1, 1, 1, 1, 1, 1, 1, 1, 1, 1, 1, 1, 1, 1, 1, 1, 1, 1, 1, 1, 1, 1, 1, 1, 1, 1, 1, 1, 1, 1, 1, 1, 1, 1, 1, 1, 1, 1, 1, 1, 1, 1, 1, 1, 1, 1, 1, 1, 1, 1, 1, 1, 1, 1, 1, 1, 1, 1, 1, 1, 1, 1, 1, 1, 1, 1, 1, 1, 1, 1, 1, 1, 1, 1, 1, 1, 1, 1, 1, 1, 1, 1, 1, 1, 1, 1, 1, 1, 1, 1, 1, 1, 1, 1, 1, 1, 1, 1, 1, 1, 1, 1, 1, 1, 1, 1, 1, 1, 1, 1, 1, 1, 1, 1, 1, 1, 1, 1, 1, 1, 1, 1, 1, 1, 1, 1, 1, 1, 1, 1, 1, 1, 1, 1, 1, 1, 1, 1, 1, 1, 1, 1, 1, 1, 1, 1, 1, 1, 1, 1, 1, 1, 1, 1, 1, 1, 1, 1, 1, 1, 1, 1, 1, 1, 1, 1, 1, 1, 1, 1, 1, 1, 1, 1, 1, 1, 1, 1, 1, 1, 1, 1, 1, 1, 1, 1, 1, 1, 1, 1, 1, 1, 1, 1, 1, 1, 1, 1, 1, 1, 1, 1, 1, 1, 1]"
User-100,0,trace_0600,1788723026.0661128,streaming,19586,246,246,0,305,284.7292914390564,463.2169179916382,0.7285209247044154,0.0,0,True,,1788722562.8491197,1788722847.578411,1788723026.0660377,"[1788722847.578411, 1788722848.1404052, 1788722848.7635047, 1788722849.4196892, 1788722850.1156034, 1788722850.8345497, 1788722851.5879529, 1788722852.3715394, 1788722853.160377, 1788722853.7476718, 1788722854.377937, 1788722855.0383253, 1788722855.7252715, 1788722856.4445128, 1788722857.1883, 1788722857.9675002, 1788722858.7759345, 1788722859.4126449, 1788722859.9969802, 1788722860.6368978, 1788722861.3044832, 1788722862.0014932, 1788722862.7284184, 1788722863.489209, 1788722864.2347214, 1788722864.8196552, 1788722865.4552963, 1788722866.1199434, 1788722866.8092067, 1788722867.5304303, 1788722868.2780557, 1788722869.0550647, 1788722869.6098685, 1788722870.2248921, 1788722870.8710866, 1788722871.551034, 1788722872.2517152, 1788722872.9903624, 1788722873.7744672, 1788722874.4849877, 1788722875.0508535, 1788722875.6759932, 1788722876.3312242, 1788722877.0175164, 1788722877.738671, 1788722878.4775317, 1788722879.2544067, 1788722880.060588, 1788722880.8336449, 1788722881.3929799, 1788722882.0165033, 1788722882.6717632, 1788722883.364562, 1788722884.0928245, 1788722884.8445876, 1788722885.6206417, 1788722886.3217897, 1788722886.892363, 1788722887.520448, 1788722888.1760762, 1788722888.8663049, 1788722889.5842516, 1788722890.3286324, 1788722891.1092815, 1788722891.9332395, 1788722892.622596, 1788722893.213321, 1788722893.858604, 1788722894.5352788, 1788722895.240491, 1788722895.9763885, 1788722896.7371387, 1788722897.526105, 1788722898.2763548, 1788722898.8410275, 1788722899.4613469, 1788722900.114268, 1788722900.798718, 1788722901.5154974, 1788722902.2617996, 1788722903.0362003, 1788722903.8455458, 1788722904.6872606, 1788722905.5621135, 1788722906.4560883, 1788722907.3597682, 1788722907.9130864, 1788722908.528728, 1788722909.1804106, 1788722909.859824, 1788722910.5599377, 1788722911.2990737, 1788722912.0695736, 1788722912.8760645, 1788722913.7046816, 1788722914.5689864, 1788722915.4758477, 1788722916.4095435, 1788722917.2647529, 1788722917.8473184, 1788722918.495229, 1788722919.161333, 1788722919.8684225, 1788722920.6032364, 1788722921.3572116, 1788722922.1554759, 1788722922.9797838, 1788722923.829209, 1788722924.705419, 1788722925.551215, 1788722926.1050487, 1788722926.7304351, 1788722927.3798783, 1788722928.0643556, 1788722928.7777972, 1788722929.516455, 1788722930.291593, 1788722931.0987213, 1788722931.942604, 1788722932.558486, 1788722933.1357925, 1788722933.7795973, 1788722934.4539702, 1788722935.161382, 1788722935.8925, 1788722936.6568167, 1788722937.453779, 1788722938.2844272, 1788722939.151725, 1788722940.0395136, 1788722940.8605967, 1788722941.4174404, 1788722942.0439944, 1788722942.7009513, 1788722943.3938575, 1788722944.1236446, 1788722944.8832762, 1788722945.6736548, 1788722946.4948614, 1788722947.3443482, 1788722948.2254207, 1788722949.1292112, 1788722949.6983242, 1788722950.3437457, 1788722951.008443, 1788722951.709881, 1788722952.427761, 1788722953.1756082, 1788722953.9575694, 1788722954.7723408, 1788722955.6124306, 1788722956.478408, 1788722957.3919718, 1788722958.1581593, 1788722958.723514, 1788722959.35327, 1788722960.0127277, 1788722960.704757, 1788722961.4239442, 1788722962.173268, 1788722962.956382, 1788722963.7701197, 1788722964.6171036, 1788722965.4609752, 1788722966.0239096, 1788722966.6637623, 1788722967.3342748, 1788722968.0340168, 1788722968.7577755, 1788722969.5093405, 1788722970.298254, 1788722971.1106966, 1788722971.9538598, 1788722972.827789, 1788722973.5250227, 1788722974.096534, 1788722974.7318335, 1788722975.3961828, 1788722976.0949433, 1788722976.8194635, 1788722977.5696187, 1788722978.3597445, 1788722979.1772811, 1788722980.036143, 1788722980.920943, 1788722981.7509425, 1788722982.3312578, 1788722982.9767287, 1788722983.6576712, 1788722984.3610642, 1788722985.0855176, 1788722985.8479724, 1788722986.638564, 1788722987.4568462, 1788722988.3131046, 1788722989.1918123, 1788722990.0972872, 1788722991.0335972, 1788722991.7080016, 1788722992.2763019, 1788722992.9167929, 1788722993.5858548, 1788722994.2920876, 1788722995.0325046, 1788722995.8125527, 1788722996.6119452, 1788722997.4439044, 1788722998.3026683, 1788722999.1997714, 1788723000.1340582, 1788723000.7872405, 1788723001.3779454, 1788723002.0392008, 1788723002.727243, 1788723003.4424484, 1788723004.1845403, 1788723004.9637358, 1788723005.7672687, 1788723006.6036494, 1788723007.4672272, 1788723008.2178664, 1788723008.8118002, 1788723009.4595046, 1788723010.1365561, 1788723010.8462305, 1788723011.5800128, 1788723012.346722, 1788723013.1454742, 1788723013.8755465, 1788723014.4610999, 1788723015.1000504, 1788723015.770462, 1788723016.4723997, 1788723017.198784, 1788723017.9459696, 1788723018.7330635, 1788723019.5411406, 1788723020.388673, 1788723021.2679825, 1788723021.9567122, 1788723022.5302725, 1788723023.164877, 1788723023.8354754, 1788723024.5479558, 1788723025.2901084, 1788723026.0644007]","[1, 1, 1, 1, 1, 1, 1, 1, 1, 1, 1, 1, 1, 1, 1, 1, 1, 1, 1, 1, 1, 1, 1, 1, 1, 1, 1, 1, 1, 1, 1, 1, 1, 1, 1, 1, 1, 1, 1, 1, 1, 1, 1, 1, 1, 1, 1, 1, 1, 1, 1, 1, 1, 1, 1, 1, 1, 1, 1, 1, 1, 1, 1, 1, 1, 1, 1, 1, 1, 1, 1, 1, 1, 1, 1, 1, 1, 1, 1, 1, 1, 1, 1, 1, 1, 1, 1, 1, 1, 1, 1, 1, 1, 1, 1, 1, 1, 1, 1, 1, 1, 1, 1, 1, 1, 1, 1, 1, 1, 1, 1, 1, 1, 1, 1, 1, 1, 1, 1, 1, 1, 1, 1, 1, 1, 1, 1, 1, 1, 1, 1, 1, 1, 1, 1, 1, 1, 1, 1, 1, 1, 1, 1, 1, 1, 1, 1, 1, 1, 1, 1, 1, 1, 1, 1, 1, 1, 1, 1, 1, 1, 1, 1, 1, 1, 1, 1, 1, 1, 1, 1, 1, 1, 1, 1, 1, 1, 1, 1, 1, 1, 1, 1, 1, 1, 1, 1, 1, 1, 1, 1, 1, 1, 1, 1, 1, 1, 1, 1, 1, 1, 1, 1, 1, 1, 1, 1, 1, 1, 1, 1, 1, 1, 1, 1, 1, 1, 1, 1, 1, 1, 1, 1, 1, 1, 1, 1, 1, 1, 1, 1, 1, 1, 1, 1, 1, 1, 1, 1, 1, 1, 1, 1, 1, 1, 1]"
User-127,0,trace_0731,1788723035.7304068,streaming,19319,204,204,0,301,322.90618681907654,472.31668615341187,0.7360123119917996,0.0,0,True,,1788722563.413651,1788722886.3198378,1788723035.7303371,"[1788722886.3198378, 1788722886.8904095, 1788722887.5191662, 1788722888.1745265, 1788722888.8647182, 1788722889.582713, 1788722890.3276699, 1788722891.1083684, 1788722891.9323509, 1788722892.621706, 1788722893.2123835, 1788722893.856646, 1788722894.5333211, 1788722895.2392466, 1788722895.9744673, 1788722896.7351718, 1788722897.5251942, 1788722898.275118, 1788722898.840142, 1788722899.4604516, 1788722900.113384, 1788722900.797209, 1788722901.51344, 1788722902.259461, 1788722903.0345151, 1788722903.8446527, 1788722904.6852334, 1788722905.5611668, 1788722906.4550176, 1788722907.3568788, 1788722907.910628, 1788722908.5276773, 1788722909.1793141, 1788722909.8578622, 1788722910.558071, 1788722911.296565, 1788722912.0671525, 1788722912.8747945, 1788722913.7014968, 1788722914.5678608, 1788722915.474241, 1788722916.408267, 1788722917.263856, 1788722917.8452587, 1788722918.4932024, 1788722919.1604526, 1788722919.8675144, 1788722920.601228, 1788722921.3563023, 1788722922.153744, 1788722922.9785385, 1788722923.827278, 1788722924.7039485, 1788722925.5483587, 1788722926.1038787, 1788722926.7279608, 1788722927.3779666, 1788722928.0630553, 1788722928.7753398, 1788722929.5149589, 1788722930.2894652, 1788722931.097468, 1788722931.9401667, 1788722932.556906, 1788722933.133394, 1788722933.7769582, 1788722934.4524982, 1788722935.159787, 1788722935.8908641, 1788722936.6554916, 1788722937.4524574, 1788722938.2825859, 1788722939.1486847, 1788722940.0371315, 1788722940.859118, 1788722941.4161148, 1788722942.0416112, 1788722942.6979656, 1788722943.3922174, 1788722944.1205125, 1788722944.8802588, 1788722945.6722307, 1788722946.4934247, 1788722947.342121, 1788722948.2230573, 1788722949.127757, 1788722949.6968732, 1788722950.3409064, 1788722951.0064123, 1788722951.7084308, 1788722952.424597, 1788722953.1733205, 1788722953.9562192, 1788722954.7700434, 1788722955.6099336, 1788722956.4765005, 1788722957.3897378, 1788722958.1565328, 1788722958.720409, 1788722959.3509738, 1788722960.010889, 1788722960.7006319, 1788722961.4217234, 1788722962.1719406, 1788722962.9537284, 1788722963.7687616, 1788722964.6153805, 1788722965.4591014, 1788722966.0204177, 1788722966.6602523, 1788722967.3307796, 1788722968.030467, 1788722968.754285, 1788722969.5076523, 1788722970.2947414, 1788722971.108955, 1788722971.9504328, 1788722972.8242702, 1788722973.5222142, 1788722974.093744, 1788722974.7284396, 1788722975.3929553, 1788722976.0914276, 1788722976.8162634, 1788722977.5669627, 1788722978.3571537, 1788722979.1757255, 1788722980.0338502, 1788722980.917871, 1788722981.7485673, 1788722982.328393, 1788722982.9754004, 1788722983.6546965, 1788722984.358041, 1788722985.083281, 1788722985.8456318, 1788722986.6355524, 1788722987.4538543, 1788722988.3116207, 1788722989.189647, 1788722990.0959275, 1788722991.0306435, 1788722991.705082, 1788722992.2737272, 1788722992.9148638, 1788722993.5824618, 1788722994.2892914, 1788722995.0305398, 1788722995.8104165, 1788722996.6092966, 1788722997.4411771, 1788722998.3000336, 1788722999.1971033, 1788723000.1304898, 1788723000.7845342, 1788723001.375338, 1788723002.0357027, 1788723002.7234962, 1788723003.4395044, 1788723004.1829753, 1788723004.9610896, 1788723005.7642715, 1788723006.6008434, 1788723007.4642031, 1788723008.2157059, 1788723008.8085907, 1788723009.4560888, 1788723010.13308, 1788723010.8428137, 1788723011.577071, 1788723012.3431277, 1788723013.1437843, 1788723013.8720148, 1788723014.4576979, 1788723015.0971246, 1788723015.766897, 1788723016.4687939, 1788723017.1951098, 1788723017.9424827, 1788723018.7294898, 1788723019.537708, 1788723020.3860564, 1788723021.265366, 1788723021.9533997, 1788723022.5272539, 1788723023.1618447, 1788723023.8324878, 1788723024.5449548, 1788723025.2861066, 1788723026.0613775, 1788723026.8582535, 1788723027.5907571, 1788723028.159806, 1788723028.7846887, 1788723029.4437249, 1788723030.1382487, 1788723030.8539517, 1788723031.6008048, 1788723032.3808334, 1788723033.1914563, 1788723033.840513, 1788723034.4209387, 1788723035.055543, 1788723035.7261941]","[1, 1, 1, 1, 1, 1, 1, 1, 1, 1, 1, 1, 1, 1, 1, 1, 1, 1, 1, 1, 1, 1, 1, 1, 1, 1, 1, 1, 1, 1, 1, 1, 1, 1, 1, 1, 1, 1, 1, 1, 1, 1, 1, 1, 1, 1, 1, 1, 1, 1, 1, 1, 1, 1, 1, 1, 1, 1, 1, 1, 1, 1, 1, 1, 1, 1, 1, 1, 1, 1, 1, 1, 1, 1, 1, 1, 1, 1, 1, 1, 1, 1, 1, 1, 1, 1, 1, 1, 1, 1, 1, 1, 1, 1, 1, 1, 1, 1, 1, 1, 1, 1, 1, 1, 1, 1, 1, 1, 1, 1, 1, 1, 1, 1, 1, 1, 1, 1, 1, 1, 1, 1, 1, 1, 1, 1, 1, 1, 1, 1, 1, 1, 1, 1, 1, 1, 1, 1, 1, 1, 1, 1, 1, 1, 1, 1, 1, 1, 1, 1, 1, 1, 1, 1, 1, 1, 1, 1, 1, 1, 1, 1, 1, 1, 1, 1, 1, 1, 1, 1, 1, 1, 1, 1, 1, 1, 1, 1, 1, 1, 1, 1, 1, 1, 1, 1, 1, 1, 1, 1, 1, 1, 1, 1, 1, 1, 1, 1, 1, 1, 1, 1, 1, 1]"
User-117,0,trace_0653,1788723050.815428,streaming,18778,257,257,0,293,301.0742347240448,487.66471123695374,0.7288690488785505,0.0,0,True,,1788722563.150659,1788722864.2248938,1788723050.8153703,"[1788722864.2248938, 1788722864.8066986, 1788722865.4449615, 1788722866.1109178, 1788722866.7991424, 1788722867.5224874, 1788722868.2680182, 1788722869.0439773, 1788722869.5995514, 1788722870.2123797, 1788722870.8599143, 1788722871.5345967, 1788722872.242304, 1788722872.9782007, 1788722873.764106, 1788722874.4743803, 1788722875.0400784, 1788722875.6660802, 1788722876.3200774, 1788722877.0072634, 1788722877.728193, 1788722878.4669845, 1788722879.24348, 1788722880.0505233, 1788722880.824227, 1788722881.3835025, 1788722882.0046732, 1788722882.6601572, 1788722883.353839, 1788722884.083071, 1788722884.8343554, 1788722885.609694, 1788722886.3104525, 1788722886.8807821, 1788722887.506752, 1788722888.1660752, 1788722888.856533, 1788722889.5729005, 1788722890.3183045, 1788722891.0997853, 1788722891.9234383, 1788722892.6135817, 1788722893.2010407, 1788722893.8474047, 1788722894.5240476, 1788722895.229971, 1788722895.9651742, 1788722896.7259414, 1788722897.5173938, 1788722898.2648866, 1788722898.8306303, 1788722899.4513335, 1788722900.105697, 1788722900.7891784, 1788722901.5036037, 1788722902.2494276, 1788722903.024701, 1788722903.8351479, 1788722904.67514, 1788722905.5505223, 1788722906.4452026, 1788722907.34705, 1788722907.900182, 1788722908.5185013, 1788722909.1694865, 1788722909.8451269, 1788722910.550726, 1788722911.2866247, 1788722912.05691, 1788722912.8649032, 1788722913.691711, 1788722914.5579937, 1788722915.464442, 1788722916.3994262, 1788722917.254309, 1788722917.8342216, 1788722918.4795327, 1788722919.1518643, 1788722919.8571, 1788722920.5903575, 1788722921.3471544, 1788722922.142878, 1788722922.9679537, 1788722923.8171365, 1788722924.6950684, 1788722925.5381808, 1788722926.094088, 1788722926.7146492, 1788722927.3695586, 1788722928.0529528, 1788722928.7641482, 1788722929.5040047, 1788722930.2792637, 1788722931.0864184, 1788722931.9300425, 1788722932.5485144, 1788722933.1234016, 1788722933.7670085, 1788722934.443413, 1788722935.1493301, 1788722935.8805244, 1788722936.6450982, 1788722937.443411, 1788722938.2720177, 1788722939.1328602, 1788722940.0241425, 1788722940.8490539, 1788722941.4064617, 1788722942.0310822, 1788722942.687432, 1788722943.382521, 1788722944.1108027, 1788722944.870523, 1788722945.6630769, 1788722946.485334, 1788722947.3329453, 1788722948.2155008, 1788722949.1180246, 1788722949.689279, 1788722950.331889, 1788722950.9970636, 1788722951.703452, 1788722952.4158928, 1788722953.1664412, 1788722953.948074, 1788722954.7611907, 1788722955.6013706, 1788722956.46922, 1788722957.3806026, 1788722958.1486523, 1788722958.7115996, 1788722959.3431864, 1788722960.0020435, 1788722960.6934297, 1788722961.4139614, 1788722962.1633313, 1788722962.945011, 1788722963.7610137, 1788722964.6063807, 1788722965.4504542, 1788722966.0113518, 1788722966.651903, 1788722967.3229473, 1788722968.022622, 1788722968.7465987, 1788722969.5000234, 1788722970.2870293, 1788722971.1001995, 1788722971.9425747, 1788722972.8165133, 1788722973.5145524, 1788722974.085899, 1788722974.7208037, 1788722975.3853204, 1788722976.0836794, 1788722976.8084028, 1788722977.560297, 1788722978.3494635, 1788722979.1683574, 1788722980.025645, 1788722980.9123118, 1788722981.7421556, 1788722982.3212109, 1788722982.9685447, 1788722983.6474326, 1788722984.3508487, 1788722985.0775068, 1788722985.8358731, 1788722986.627657, 1788722987.4466412, 1788722988.3028035, 1788722989.1823883, 1788722990.0893435, 1788722991.0235744, 1788722991.6979165, 1788722992.2666595, 1788722992.904227, 1788722993.5751488, 1788722994.2834473, 1788722995.0239027, 1788722995.7982352, 1788722996.6025374, 1788722997.4346309, 1788722998.295016, 1788722999.1932337, 1788723000.123692, 1788723000.7781043, 1788723001.3700008, 1788723002.0291646, 1788723002.7169921, 1788723003.4328377, 1788723004.17641, 1788723004.9545684, 1788723005.7576137, 1788723006.594279, 1788723007.4574444, 1788723008.2092314, 1788723008.80157, 1788723009.4495473, 1788723010.1264093, 1788723010.8361206, 1788723011.5703893, 1788723012.3363461, 1788723013.1338701, 1788723013.8653798, 1788723014.4517102, 1788723015.0909433, 1788723015.7605221, 1788723016.4624677, 1788723017.188684, 1788723017.9362028, 1788723018.7229245, 1788723019.5314553, 1788723020.380633, 1788723021.25972, 1788723021.9474998, 1788723022.5221407, 1788723023.156279, 1788723023.8262832, 1788723024.5392427, 1788723025.2808247, 1788723026.056708, 1788723026.8512669, 1788723027.5856435, 1788723028.1541064, 1788723028.7792726, 1788723029.4379988, 1788723030.1333187, 1788723030.8487022, 1788723031.5950987, 1788723032.3754292, 1788723033.185796, 1788723033.8352633, 1788723034.4154375, 1788723035.0497775, 1788723035.7213597, 1788723036.4372234, 1788723037.1812127, 1788723037.9539676, 1788723038.757666, 1788723039.5893538, 1788723040.4520972, 1788723041.3470347, 1788723041.9817667, 1788723042.562525, 1788723043.1994221, 1788723043.8748038, 1788723044.5783124, 1788723045.3090367, 1788723046.071961, 1788723046.8216326, 1788723047.3862925, 1788723048.0131953, 1788723048.6596446, 1788723049.3447797, 1788723050.0627928, 1788723050.8040879]","[1, 1, 1, 1, 1, 1, 1, 1, 1, 1, 1, 1, 1, 1, 1, 1, 1, 1, 1, 1, 1, 1, 1, 1, 1, 1, 1, 1, 1, 1, 1, 1, 1, 1, 1, 1, 1, 1, 1, 1, 1, 1, 1, 1, 1, 1, 1, 1, 1, 1, 1, 1, 1, 1, 1, 1, 1, 1, 1, 1, 1, 1, 1, 1, 1, 1, 1, 1, 1, 1, 1, 1, 1, 1, 1, 1, 1, 1, 1, 1, 1, 1, 1, 1, 1, 1, 1, 1, 1, 1, 1, 1, 1, 1, 1, 1, 1, 1, 1, 1, 1, 1, 1, 1, 1, 1, 1, 1, 1, 1, 1, 1, 1, 1, 1, 1, 1, 1, 1, 1, 1, 1, 1, 1, 1, 1, 1, 1, 1, 1, 1, 1, 1, 1, 1, 1, 1, 1, 1, 1, 1, 1, 1, 1, 1, 1, 1, 1, 1, 1, 1, 1, 1, 1, 1, 1, 1, 1, 1, 1, 1, 1, 1, 1, 1, 1, 1, 1, 1, 1, 1, 1, 1, 1, 1, 1, 1, 1, 1, 1, 1, 1, 1, 1, 1, 1, 1, 1, 1, 1, 1, 1, 1, 1, 1, 1, 1, 1, 1, 1, 1, 1, 1, 1, 1, 1, 1, 1, 1, 1, 1, 1, 1, 1, 1, 1, 1, 1, 1, 1, 1, 1, 1, 1, 1, 1, 1, 1, 1, 1, 1, 1, 1, 1, 1, 1, 1, 1, 1, 1, 1, 1, 1, 1, 1, 1, 1, 1, 1, 1, 1, 1, 1, 1, 1, 1, 1]"
User-050,2,trace_0243,1788723054.3801148,streaming,28640,156,156,377,38,375.93768548965454,489.4702076911926,0.7324678851712134,12.0,0,True,,1788722564.909823,1788722940.8475084,1788723054.3800306,"[1788722940.8475084, 1788722941.4049318, 1788722942.029521, 1788722942.6858861, 1788722943.3806405, 1788722944.1088665, 1788722944.8690176, 1788722945.66151, 1788722946.4838285, 1788722947.3314204, 1788722948.2103422, 1788722949.1164355, 1788722949.6875093, 1788722950.3300252, 1788722950.9953895, 1788722951.702687, 1788722952.4140022, 1788722953.1648893, 1788722953.9464867, 1788722954.7591705, 1788722955.5997803, 1788722956.467658, 1788722957.3789332, 1788722958.1470704, 1788722958.7099974, 1788722959.341614, 1788722960.0004761, 1788722960.691894, 1788722961.4123693, 1788722962.1616898, 1788722962.9434035, 1788722963.7594707, 1788722964.604492, 1788722965.4489367, 1788722966.0097797, 1788722966.650338, 1788722967.32129, 1788722968.021083, 1788722968.7450845, 1788722969.4984753, 1788722970.2854702, 1788722971.098383, 1788722971.940871, 1788722972.8149228, 1788722973.5129797, 1788722974.084307, 1788722974.7192843, 1788722975.3837993, 1788722976.0820541, 1788722976.8063893, 1788722977.5587213, 1788722978.3479338, 1788722979.1668518, 1788722980.0240293, 1788722980.9108744, 1788722981.7378628, 1788722982.319043, 1788722982.9663475, 1788722983.6452038, 1788722984.348643, 1788722985.0753055, 1788722985.8336766, 1788722986.6253028, 1788722987.4444387, 1788722988.3003235, 1788722989.1802669, 1788722990.0871966, 1788722991.021321, 1788722991.69584, 1788722992.2645578, 1788722992.9020627, 1788722993.5728872, 1788722994.281169, 1788722995.0217042, 1788722995.796082, 1788722996.600294, 1788722997.4325137, 1788722998.2933726, 1788722999.1920328, 1788723000.121262, 1788723000.7757964, 1788723001.3678844, 1788723002.0268238, 1788723002.7148495, 1788723003.4306374, 1788723004.1741555, 1788723004.9521527, 1788723005.7554808, 1788723006.591923, 1788723007.4552724, 1788723008.2065005, 1788723008.7999094, 1788723009.4479096, 1788723010.1247523, 1788723010.8343873, 1788723011.5687432, 1788723012.3347535, 1788723013.132158, 1788723013.861144, 1788723014.4501386, 1788723015.0892649, 1788723015.7587247, 1788723016.4607816, 1788723017.1869717, 1788723017.9344494, 1788723018.7210987, 1788723019.529728, 1788723020.378769, 1788723021.2580185, 1788723021.9457173, 1788723022.518101, 1788723023.1545901, 1788723023.8244967, 1788723024.5375006, 1788723025.279157, 1788723026.0550537, 1788723026.8495777, 1788723027.5839775, 1788723028.1524398, 1788723028.7775753, 1788723029.4363146, 1788723030.131711, 1788723030.8469512, 1788723031.5933926, 1788723032.3737404, 1788723033.1841254, 1788723033.8327336, 1788723034.4131732, 1788723035.0475888, 1788723035.7190492, 1788723036.4347785, 1788723037.1790347, 1788723037.9518077, 1788723038.7556734, 1788723039.5855818, 1788723040.4497452, 1788723041.3442624, 1788723041.9787812, 1788723042.5605114, 1788723043.196835, 1788723043.8702471, 1788723044.576281, 1788723045.3063004, 1788723046.0693228, 1788723046.8195767, 1788723047.384084, 1788723048.0111322, 1788723048.6575031, 1788723049.3427613, 1788723050.05861, 1788723050.802, 1788723051.5855093, 1788723052.4063327, 1788723053.1719716, 1788723053.736674, 1788723054.3635554]","[1, 1, 1, 1, 1, 1, 1, 1, 1, 1, 1, 1, 1, 1, 1, 1, 1, 1, 1, 1, 1, 1, 1, 1, 1, 1, 1, 1, 1, 1, 1, 1, 1, 1, 1, 1, 1, 1, 1, 1, 1, 1, 1, 1, 1, 1, 1, 1, 1, 1, 1, 1, 1, 1, 1, 1, 1, 1, 1, 1, 1, 1, 1, 1, 1, 1, 1, 1, 1, 1, 1, 1, 1, 1, 1, 1, 1, 1, 1, 1, 1, 1, 1, 1, 1, 1, 1, 1, 1, 1, 1, 1, 1, 1, 1, 1, 1, 1, 1, 1, 1, 1, 1, 1, 1, 1, 1, 1, 1, 1, 1, 1, 1, 1, 1, 1, 1, 1, 1, 1, 1, 1, 1, 1, 1, 1, 1, 1, 1, 1, 1, 1, 1, 1, 1, 1, 1, 1, 1, 1, 1, 1, 1, 1, 1, 1, 1, 1, 1, 1, 1, 1, 1, 1, 1, 1]"
User-099,0,trace_0515,1788723065.416248,streaming,22136,310,306,0,345,279.2905592918396,502.61501288414,0.732211323253444,0.0,0,True,,1788722562.8011317,1788722842.091691,1788723065.4161446,"[1788722842.091691, 1788722842.649132, 1788722843.2724514, 1788722843.9214618, 1788722844.6031156, 1788722845.313831, 1788722846.0539823, 1788722846.8262064, 1788722847.5660255, 1788722848.1294699, 1788722848.7509203, 1788722849.4073381, 1788722850.8245096, 1788722851.5770795, 1788722853.1497781, 1788722854.3664744, 1788722855.0270221, 1788722856.4341223, 1788722857.1785443, 1788722857.9564295, 1788722858.7644458, 1788722859.4013393, 1788722859.9853532, 1788722860.6237974, 1788722861.2925763, 1788722861.9896178, 1788722862.7165735, 1788722863.4792354, 1788722864.2228198, 1788722864.805044, 1788722865.443339, 1788722866.1092741, 1788722866.7974546, 1788722867.520773, 1788722868.2662833, 1788722869.0421925, 1788722869.5979097, 1788722870.2105105, 1788722870.8582368, 1788722871.5329373, 1788722872.2407324, 1788722872.9764962, 1788722873.7623684, 1788722874.4711215, 1788722875.037646, 1788722875.663922, 1788722876.3179731, 1788722877.0045226, 1788722877.7259636, 1788722878.4647188, 1788722879.2410645, 1788722880.0482006, 1788722880.8174095, 1788722881.3814068, 1788722882.0025477, 1788722882.657603, 1788722883.3511634, 1788722884.0804722, 1788722884.831608, 1788722885.6076064, 1788722886.3082674, 1788722886.8782756, 1788722887.504134, 1788722888.1640134, 1788722888.8543713, 1788722889.5708117, 1788722890.3161776, 1788722891.0975845, 1788722891.9207473, 1788722892.6110556, 1788722893.1987984, 1788722893.8452194, 1788722894.5219028, 1788722895.2278752, 1788722895.9627738, 1788722896.7237768, 1788722897.5152566, 1788722898.262226, 1788722898.828507, 1788722899.4491868, 1788722900.1032858, 1788722900.7870677, 1788722901.5013309, 1788722902.246661, 1788722903.023097, 1788722903.833255, 1788722904.6729753, 1788722905.548467, 1788722906.4435844, 1788722907.3451583, 1788722907.898521, 1788722908.516893, 1788722909.1675777, 1788722909.84349, 1788722910.5489597, 1788722911.2846649, 1788722912.0551517, 1788722912.8628888, 1788722913.6896093, 1788722914.5562055, 1788722915.4623587, 1788722916.3972769, 1788722917.2527547, 1788722917.832426, 1788722918.4777682, 1788722919.1499588, 1788722919.8553383, 1788722920.5885994, 1788722921.3448873, 1788722922.1410716, 1788722922.9661431, 1788722923.8148317, 1788722924.6928377, 1788722925.5363722, 1788722926.0921628, 1788722926.7129, 1788722927.367664, 1788722928.0510855, 1788722928.762345, 1788722929.5022578, 1788722930.2773564, 1788722931.0848248, 1788722931.9284887, 1788722932.5467887, 1788722933.1215181, 1788722933.7653778, 1788722934.4418066, 1788722935.147623, 1788722935.8789582, 1788722936.643425, 1788722937.4416757, 1788722938.270273, 1788722939.131142, 1788722940.0224888, 1788722940.8463352, 1788722941.4043295, 1788722942.028984, 1788722942.6853464, 1788722943.3800938, 1788722944.1083248, 1788722944.8684783, 1788722945.6609824, 1788722946.4832633, 1788722947.3308618, 1788722948.209802, 1788722949.11565, 1788722949.6869547, 1788722950.3294482, 1788722950.994675, 1788722951.702423, 1788722952.4134178, 1788722953.164245, 1788722953.94586, 1788722954.7585306, 1788722955.5990937, 1788722956.467008, 1788722957.378316, 1788722958.1463478, 1788722958.7093084, 1788722959.340962, 1788722959.9998264, 1788722960.6912434, 1788722961.4116693, 1788722962.1610625, 1788722962.942774, 1788722963.7588296, 1788722964.6039295, 1788722965.448213, 1788722966.0091264, 1788722966.649704, 1788722967.3206964, 1788722968.0203955, 1788722968.74442, 1788722969.4978316, 1788722970.284826, 1788722971.0978394, 1788722971.9403348, 1788722972.814259, 1788722973.5121708, 1788722974.083625, 1788722974.718603, 1788722975.3831515, 1788722976.081368, 1788722976.8058043, 1788722977.5580745, 1788722978.3472981, 1788722979.166211, 1788722980.0234346, 1788722980.910382, 1788722981.737284, 1788722982.3184116, 1788722982.9657402, 1788722983.6445818, 1788722984.3480403, 1788722985.0745041, 1788722985.8330474, 1788722986.624658, 1788722987.4438322, 1788722988.2994072, 1788722989.1793687, 1788722990.0865488, 1788722991.020724, 1788722991.6948435, 1788722992.26396, 1788722992.9014573, 1788722993.5722528, 1788722994.2802882, 1788722995.0211096, 1788722995.7954686, 1788722996.5996735, 1788722997.4319189, 1788722998.2928724, 1788722999.1915963, 1788723000.120409, 1788723000.775041, 1788723001.3672721, 1788723002.0259151, 1788723002.7142198, 1788723003.4300256, 1788723004.173569, 1788723004.9512599, 1788723005.7548733, 1788723006.5912864, 1788723007.4546258, 1788723008.2056768, 1788723008.7990222, 1788723009.4473016, 1788723010.1241326, 1788723010.8337395, 1788723011.5681422, 1788723012.333921, 1788723013.1314902, 1788723013.860485, 1788723014.4494565, 1788723015.0886128, 1788723015.7581203, 1788723016.4601738, 1788723017.1863298, 1788723017.9335737, 1788723018.720343, 1788723019.5284781, 1788723020.3781052, 1788723021.2574131, 1788723021.9450529, 1788723022.5175016, 1788723023.1539824, 1788723023.823808, 1788723024.5368986, 1788723025.2785237, 1788723026.054387, 1788723026.848976, 1788723027.5833292, 1788723028.1518352, 1788723028.7769806, 1788723029.4356813, 1788723030.130981, 1788723030.8462532, 1788723031.592359, 1788723032.3731139, 1788723033.1835282, 1788723033.8320937, 1788723034.4125652, 1788723035.0469642, 1788723035.7184095, 1788723036.4341557, 1788723037.1784098, 1788723037.9511964, 1788723038.7548993, 1788723039.5849323, 1788723040.4490247, 1788723041.3435717, 1788723041.9780912, 1788723042.5597053, 1788723043.19619, 1788723043.869448, 1788723044.5756402, 1788723045.3056107, 1788723046.0662403, 1788723046.8188446, 1788723047.3835516, 1788723048.0103517, 1788723048.65678, 1788723049.3420825, 1788723050.0579307, 1788723050.8014655, 1788723051.5845528, 1788723052.4055343, 1788723053.171238, 1788723053.7360032, 1788723054.3626544, 1788723055.036455, 1788723055.7392938, 1788723056.470335, 1788723057.2310867, 1788723058.0242248, 1788723058.6343083, 1788723059.2170608, 1788723059.8614519, 1788723060.533108, 1788723061.2410529, 1788723061.9731724, 1788723062.7355254, 1788723063.531051, 1788723064.190982, 1788723064.7682407, 1788723065.4041994]","[1, 1, 1, 1, 1, 1, 1, 1, 1, 1, 1, 1, 1, 1, 1, 1, 1, 1, 1, 1, 1, 1, 1, 1, 1, 1, 1, 1, 1, 1, 1, 1, 1, 1, 1, 1, 1, 1, 1, 1, 1, 1, 1, 1, 1, 1, 1, 1, 1, 1, 1, 1, 1, 1, 1, 1, 1, 1, 1, 1, 1, 1, 1, 1, 1, 1, 1, 1, 1, 1, 1, 1, 1, 1, 1, 1, 1, 1, 1, 1, 1, 1, 1, 1, 1, 1, 1, 1, 1, 1, 1, 1, 1, 1, 1, 1, 1, 1, 1, 1, 1, 1, 1, 1, 1, 1, 1, 1, 1, 1, 1, 1, 1, 1, 1, 1, 1, 1, 1, 1, 1, 1, 1, 1, 1, 1, 1, 1, 1, 1, 1, 1, 1, 1, 1, 1, 1, 1, 1, 1, 1, 1, 1, 1, 1, 1, 1, 1, 1, 1, 1, 1, 1, 1, 1, 1, 1, 1, 1, 1, 1, 1, 1, 1, 1, 1, 1, 1, 1, 1, 1, 1, 1, 1, 1, 1, 1, 1, 1, 1, 1, 1, 1, 1, 1, 1, 1, 1, 1, 1, 1, 1, 1, 1, 1, 1, 1, 1, 1, 1, 1, 1, 1, 1, 1, 1, 1, 1, 1, 1, 1, 1, 1, 1, 1, 1, 1, 1, 1, 1, 1, 1, 1, 1, 1, 1, 1, 1, 1, 1, 1, 1, 1, 1, 1, 1, 1, 1, 1, 1, 1, 1, 1, 1, 1, 1, 1, 1, 1, 1, 1, 1, 1, 1, 1, 1, 1, 1, 1, 1, 1, 1, 1, 1, 1, 1, 1, 1, 1, 1, 1, 1, 1, 1, 1, 1, 1, 1, 1, 1, 1, 1, 1, 1, 1, 1, 1, 1, 1, 1, 1, 1, 1, 1, 1, 1, 1, 1, 1, 1, 1, 1, 1, 1, 1, 1]"
User-106,112,trace_0626,1788723066.8175828,streaming,27929,119,119,429,4,416.52076601982117,501.59652757644653,0.720981030140893,6.0,0,True,,1788722565.2209783,1788722981.7417443,1788723066.8175058,"[1788722981.7417443, 1788722982.3206928, 1788722982.9680414, 1788722983.6469285, 1788722984.350292, 1788722985.0769746, 1788722985.8353727, 1788722986.6271138, 1788722987.4461014, 1788722988.302266, 1788722989.181874, 1788722990.0888333, 1788722991.0230482, 1788722991.6973925, 1788722992.2661703, 1788722992.9037297, 1788722993.574581, 1788722994.282711, 1788722995.0234008, 1788722995.7977312, 1788722996.6019917, 1788722997.4341443, 1788722998.2946079, 1788722999.1929798, 1788723000.122895, 1788723000.7776115, 1788723001.3695002, 1788723002.0284152, 1788723002.716507, 1788723003.4323375, 1788723004.1758807, 1788723004.9540598, 1788723005.7571166, 1788723006.5935943, 1788723007.4569447, 1788723008.2086928, 1788723008.801027, 1788723009.4490597, 1788723010.125895, 1788723010.8356152, 1788723011.569879, 1788723012.3358293, 1788723013.1333516, 1788723013.862365, 1788723014.4512239, 1788723015.090392, 1788723015.7599957, 1788723016.4619634, 1788723017.1881254, 1788723017.9356828, 1788723018.72219, 1788723019.530926, 1788723020.3800695, 1788723021.259192, 1788723021.9469976, 1788723022.521629, 1788723023.1557686, 1788723023.825781, 1788723024.5387464, 1788723025.2803106, 1788723026.0561981, 1788723026.850752, 1788723027.5851467, 1788723028.153604, 1788723028.7787623, 1788723029.4374983, 1788723030.132803, 1788723030.848175, 1788723031.5945294, 1788723032.374923, 1788723033.1852975, 1788723033.8347766, 1788723034.4149294, 1788723035.0492716, 1788723035.7208745, 1788723036.436725, 1788723037.1807024, 1788723037.9534595, 1788723038.7571735, 1788723039.5890605, 1788723040.4515903, 1788723041.3464093, 1788723041.9808724, 1788723042.5620356, 1788723043.1985433, 1788723043.8742514, 1788723044.5778155, 1788723045.3083367, 1788723046.0714335, 1788723046.821117, 1788723047.3857834, 1788723048.0126944, 1788723048.659127, 1788723049.344289, 1788723050.0622556, 1788723050.803573, 1788723051.5871441, 1788723052.408124, 1788723053.17351, 1788723053.7382355, 1788723054.3655138, 1788723055.0372055, 1788723055.7409499, 1788723056.4721115, 1788723057.2328222, 1788723058.0260708, 1788723058.637392, 1788723059.2196424, 1788723059.8637378, 1788723060.5352142, 1788723061.2433586, 1788723061.975512, 1788723062.7380583, 1788723063.5332484, 1788723064.1935961, 1788723064.7702806, 1788723065.4066656, 1788723066.089691, 1788723066.8075163]","[1, 1, 1, 1, 1, 1, 1, 1, 1, 1, 1, 1, 1, 1, 1, 1, 1, 1, 1, 1, 1, 1, 1, 1, 1, 1, 1, 1, 1, 1, 1, 1, 1, 1, 1, 1, 1, 1, 1, 1, 1, 1, 1, 1, 1, 1, 1, 1, 1, 1, 1, 1, 1, 1, 1, 1, 1, 1, 1, 1, 1, 1, 1, 1, 1, 1, 1, 1, 1, 1, 1, 1, 1, 1, 1, 1, 1, 1, 1, 1, 1, 1, 1, 1, 1, 1, 1, 1, 1, 1, 1, 1, 1, 1, 1, 1, 1, 1, 1, 1, 1, 1, 1, 1, 1, 1, 1, 1, 1, 1, 1, 1, 1, 1, 1, 1, 1, 1, 1]"
User-092,9,trace_0403,1788723076.8974981,streaming,25558,155,155,380,3,400.3599934577942,511.79695534706116,0.7236166356445907,8.0,0,True,,1788722565.1004834,1788722965.4604769,1788723076.8974388,"[1788722965.4604769, 1788722966.0229452, 1788722966.6627107, 1788722967.3332646, 1788722968.0329874, 1788722968.7567701, 1788722969.5088983, 1788722970.2972577, 1788722971.1102073, 1788722971.9528737, 1788722972.8267937, 1788722973.5242243, 1788722974.096083, 1788722974.7308776, 1788722975.3954456, 1788722976.0939207, 1788722976.8189273, 1788722977.5688593, 1788722978.359305, 1788722979.1768343, 1788722980.0356748, 1788722980.9198353, 1788722981.7505224, 1788722982.330907, 1788722982.9765084, 1788722983.6571577, 1788722984.360561, 1788722985.0851433, 1788722985.8477232, 1788722986.6380653, 1788722987.4563386, 1788722988.3128557, 1788722989.191596, 1788722990.0970666, 1788722991.0331097, 1788722991.7077618, 1788722992.2760592, 1788722992.9165528, 1788722993.5853708, 1788722994.2916946, 1788722995.032282, 1788722995.812323, 1788722996.6117222, 1788722997.4436836, 1788722998.3022914, 1788722999.1993897, 1788723000.1335535, 1788723000.7868557, 1788723001.377572, 1788723002.0386665, 1788723002.7267532, 1788723003.4419568, 1788723004.1843147, 1788723004.963496, 1788723005.7667701, 1788723006.6034214, 1788723007.4666884, 1788723008.2176254, 1788723008.8115635, 1788723009.4589744, 1788723010.1360638, 1788723010.845745, 1788723011.5797951, 1788723012.3461583, 1788723013.1452296, 1788723013.875096, 1788723014.4606035, 1788723015.0998328, 1788723015.7699683, 1788723016.4718962, 1788723017.198239, 1788723017.9454715, 1788723018.7325487, 1788723019.54065, 1788723020.388301, 1788723021.2676015, 1788723021.9564881, 1788723022.529894, 1788723023.1644998, 1788723023.835104, 1788723024.5475786, 1788723025.289614, 1788723026.0640152, 1788723026.8609824, 1788723027.5933623, 1788723028.1624196, 1788723028.7873273, 1788723029.4471939, 1788723030.1408937, 1788723030.856663, 1788723031.6035128, 1788723032.3834722, 1788723033.1941645, 1788723033.844662, 1788723034.42362, 1788723035.0582516, 1788723035.7290344, 1788723036.4443758, 1788723037.1887536, 1788723037.96232, 1788723038.7647347, 1788723039.5938392, 1788723040.4607608, 1788723041.3557808, 1788723041.9905164, 1788723042.571813, 1788723043.208004, 1788723043.8833272, 1788723044.5869741, 1788723045.31335, 1788723046.0809634, 1788723046.8293276, 1788723047.3949082, 1788723048.020322, 1788723048.6683772, 1788723049.3540373, 1788723050.0692291, 1788723050.8132024, 1788723051.5958793, 1788723052.417154, 1788723053.182488, 1788723053.74637, 1788723054.3786793, 1788723055.0415, 1788723055.7506366, 1788723056.4850278, 1788723057.2403638, 1788723058.0353262, 1788723058.6466858, 1788723059.2278893, 1788723059.8728962, 1788723060.5447679, 1788723061.2517436, 1788723061.9846766, 1788723062.7472558, 1788723063.542917, 1788723064.2029295, 1788723064.7793207, 1788723065.4141386, 1788723066.0988762, 1788723066.8162026, 1788723067.5512137, 1788723068.321935, 1788723069.1243563, 1788723069.7465427, 1788723070.3320386, 1788723070.9720094, 1788723071.648242, 1788723072.348499, 1788723073.0778983, 1788723073.8386028, 1788723074.6324043, 1788723075.4560604, 1788723076.3440528, 1788723076.8958194]","[1, 1, 1, 1, 1, 1, 1, 1, 1, 1, 1, 1, 1, 1, 1, 1, 1, 1, 1, 1, 1, 1, 1, 1, 1, 1, 1, 1, 1, 1, 1, 1, 1, 1, 1, 1, 1, 1, 1, 1, 1, 1, 1, 1, 1, 1, 1, 1, 1, 1, 1, 1, 1, 1, 1, 1, 1, 1, 1, 1, 1, 1, 1, 1, 1, 1, 1, 1, 1, 1, 1, 1, 1, 1, 1, 1, 1, 1, 1, 1, 1, 1, 1, 1, 1, 1, 1, 1, 1, 1, 1, 1, 1, 1, 1, 1, 1, 1, 1, 1, 1, 1, 1, 1, 1, 1, 1, 1, 1, 1, 1, 1, 1, 1, 1, 1, 1, 1, 1, 1, 1, 1, 1, 1, 1, 1, 1, 1, 1, 1, 1, 1, 1, 1, 1, 1, 1, 1, 1, 1, 1, 1, 1, 1, 1, 1, 1, 1, 1, 1, 1, 1, 1, 1, 1]"
User-108,0,trace_0695,1788723087.5401428,streaming,20249,325,325,0,316,290.1797618865967,524.5660388469696,0.7234144350628794,0.0,0,True,,1788722562.97403,1788722853.153792,1788723087.5400689,"[1788722853.153792, 1788722853.7405674, 1788722854.3704174, 1788722855.0307522, 1788722855.7201786, 1788722856.4382288, 1788722857.1821535, 1788722857.9603167, 1788722858.7685237, 1788722859.405893, 1788722859.989648, 1788722860.6283114, 1788722861.2969542, 1788722861.9940362, 1788722862.7209482, 1788722863.4836395, 1788722864.2278674, 1788722864.8099093, 1788722865.4483137, 1788722866.114254, 1788722866.8023005, 1788722867.5251925, 1788722868.2712173, 1788722869.0481174, 1788722869.6031454, 1788722870.216124, 1788722870.8637965, 1788722871.5382361, 1788722872.2458096, 1788722872.9829867, 1788722873.768129, 1788722874.4779441, 1788722875.044014, 1788722875.66977, 1788722876.324208, 1788722877.0107388, 1788722877.731908, 1788722878.4706936, 1788722879.247029, 1788722880.0537488, 1788722880.8286698, 1788722881.3876793, 1788722882.0095973, 1788722882.6645875, 1788722883.3581774, 1788722884.0877426, 1788722884.8383517, 1788722885.6143384, 1788722886.3143857, 1788722886.8847933, 1788722887.5140133, 1788722888.1703122, 1788722888.8607054, 1788722889.577227, 1788722890.3225958, 1788722891.1041303, 1788722891.9279127, 1788722892.6186657, 1788722893.2058086, 1788722893.852181, 1788722894.528796, 1788722895.2347481, 1788722895.9699695, 1788722896.730677, 1788722897.522239, 1788722898.2694728, 1788722898.8354862, 1788722899.4561505, 1788722900.1102178, 1788722900.7934456, 1788722901.508465, 1788722902.2543788, 1788722903.0294757, 1788722903.840414, 1788722904.680224, 1788722905.557515, 1788722906.4499843, 1788722907.351657, 1788722907.9053779, 1788722908.523373, 1788722909.1743026, 1788722909.8526342, 1788722910.5542076, 1788722911.2913997, 1788722912.0621512, 1788722912.8698018, 1788722913.6965485, 1788722914.5629368, 1788722915.4692318, 1788722916.4043543, 1788722917.2588618, 1788722917.8391554, 1788722918.4850986, 1788722919.156461, 1788722919.8623638, 1788722920.5956898, 1788722921.3520772, 1788722922.1481464, 1788722922.9728959, 1788722923.8219128, 1788722924.6997325, 1788722925.5426538, 1788722926.0989184, 1788722926.7201207, 1788722927.373723, 1788722928.0576382, 1788722928.769733, 1788722929.509533, 1788722930.2840803, 1788722931.094014, 1788722931.9344947, 1788722932.553237, 1788722933.12808, 1788722933.7716498, 1788722934.448161, 1788722935.1544108, 1788722935.8853703, 1788722936.6499524, 1788722937.4481618, 1788722938.2769802, 1788722939.1376512, 1788722940.0286891, 1788722940.853544, 1788722941.411271, 1788722942.036225, 1788722942.6925488, 1788722943.3872445, 1788722944.1155918, 1788722944.875335, 1788722945.6677103, 1788722946.4900718, 1788722947.3376892, 1788722948.219148, 1788722949.1225336, 1788722949.6937706, 1788722950.336412, 1788722951.0019262, 1788722951.7062168, 1788722952.4200807, 1788722953.1699636, 1788722953.9523172, 1788722954.7653918, 1788722955.6055276, 1788722956.473069, 1788722957.3850946, 1788722958.1528428, 1788722958.71588, 1788722959.3474422, 1788722960.0063121, 1788722960.697216, 1788722961.4179757, 1788722962.1676083, 1788722962.949232, 1788722963.7653599, 1788722964.6106007, 1788722965.454646, 1788722966.0156167, 1788722966.6560373, 1788722967.3272624, 1788722968.0269873, 1788722968.7508056, 1788722969.5041673, 1788722970.2912347, 1788722971.104626, 1788722971.9470065, 1788722972.8207157, 1788722973.5192285, 1788722974.0901842, 1788722974.7250302, 1788722975.3895257, 1788722976.087904, 1788722976.8126342, 1788722977.5642169, 1788722978.3537042, 1788722979.1730742, 1788722980.0299838, 1788722980.915471, 1788722981.7462156, 1788722982.3253877, 1788722982.9727407, 1788722983.6516502, 1788722984.3550525, 1788722985.0810473, 1788722985.8400524, 1788722986.6320722, 1788722987.4508395, 1788722988.3088267, 1788722989.1866355, 1788722990.0935035, 1788722991.0277128, 1788722991.7019284, 1788722992.270783, 1788722992.9083192, 1788722993.5794454, 1788722994.2868977, 1788722995.0275736, 1788722995.8019743, 1788722996.606318, 1788722997.4382265, 1788722998.2977839, 1788722999.1949737, 1788723000.1273859, 1788723000.7811165, 1788723001.373087, 1788723002.0326843, 1788723002.7205827, 1788723003.4365125, 1788723004.1800072, 1788723004.9581144, 1788723005.761268, 1788723006.5978384, 1788723007.4611933, 1788723008.212768, 1788723008.8054655, 1788723009.4531462, 1788723010.1301224, 1788723010.839827, 1788723011.5741146, 1788723012.3401065, 1788723013.1406121, 1788723013.8691194, 1788723014.4552639, 1788723015.0946636, 1788723015.7643316, 1788723016.466287, 1788723017.1924574, 1788723017.9399986, 1788723018.726941, 1788723019.535168, 1788723020.3841808, 1788723021.2634575, 1788723021.9509099, 1788723022.5253384, 1788723023.159978, 1788723023.8302407, 1788723024.5429246, 1788723025.2835817, 1788723026.0594306, 1788723026.8539321, 1788723027.5880969, 1788723028.1567998, 1788723028.7819757, 1788723029.4407134, 1788723030.1359951, 1788723030.8515718, 1788723031.5980103, 1788723032.3781295, 1788723033.1884558, 1788723033.837816, 1788723034.4182043, 1788723035.0524983, 1788723035.7239745, 1788723036.439909, 1788723037.1838732, 1788723037.957554, 1788723038.760197, 1788723039.5909102, 1788723040.4545758, 1788723041.3497827, 1788723041.9843996, 1788723042.5657983, 1788723043.201999, 1788723043.877496, 1788723044.5809782, 1788723045.310463, 1788723046.0747964, 1788723046.8241196, 1788723047.388846, 1788723048.0158608, 1788723048.662333, 1788723049.3479004, 1788723050.0656462, 1788723050.807245, 1788723051.5898812, 1788723052.4106336, 1788723053.1764245, 1788723053.7409441, 1788723054.3719194, 1788723055.0384133, 1788723055.7441103, 1788723056.4799833, 1788723057.2353377, 1788723058.0288894, 1788723058.6399758, 1788723059.2223375, 1788723059.8664386, 1788723060.538119, 1788723061.246021, 1788723061.978202, 1788723062.7407947, 1788723063.5362601, 1788723064.1962817, 1788723064.7730432, 1788723065.4090772, 1788723066.0924056, 1788723066.8105102, 1788723067.5447307, 1788723068.316306, 1788723069.1189826, 1788723069.7408228, 1788723070.3264904, 1788723070.965462, 1788723071.6415434, 1788723072.3435407, 1788723073.0727737, 1788723073.8321323, 1788723074.6273677, 1788723075.4500346, 1788723076.3387043, 1788723076.889978, 1788723077.528983, 1788723078.1949127, 1788723078.8923614, 1788723079.6122978, 1788723080.3615918, 1788723081.1413162, 1788723082.0092723, 1788723082.788047, 1788723083.4467487, 1788723084.0232842, 1788723084.66141, 1788723085.3328598, 1788723086.0389504, 1788723086.7688394, 1788723087.5291808]","[1, 1, 1, 1, 1, 1, 1, 1, 1, 1, 1, 1, 1, 1, 1, 1, 1, 1, 1, 1, 1, 1, 1, 1, 1, 1, 1, 1, 1, 1, 1, 1, 1, 1, 1, 1, 1, 1, 1, 1, 1, 1, 1, 1, 1, 1, 1, 1, 1, 1, 1, 1, 1, 1, 1, 1, 1, 1, 1, 1, 1, 1, 1, 1, 1, 1, 1, 1, 1, 1, 1, 1, 1, 1, 1, 1, 1, 1, 1, 1, 1, 1, 1, 1, 1, 1, 1, 1, 1, 1, 1, 1, 1, 1, 1, 1, 1, 1, 1, 1, 1, 1, 1, 1, 1, 1, 1, 1, 1, 1, 1, 1, 1, 1, 1, 1, 1, 1, 1, 1, 1, 1, 1, 1, 1, 1, 1, 1, 1, 1, 1, 1, 1, 1, 1, 1, 1, 1, 1, 1, 1, 1, 1, 1, 1, 1, 1, 1, 1, 1, 1, 1, 1, 1, 1, 1, 1, 1, 1, 1, 1, 1, 1, 1, 1, 1, 1, 1, 1, 1, 1, 1, 1, 1, 1, 1, 1, 1, 1, 1, 1, 1, 1, 1, 1, 1, 1, 1, 1, 1, 1, 1, 1, 1, 1, 1, 1, 1, 1, 1, 1, 1, 1, 1, 1, 1, 1, 1, 1, 1, 1, 1, 1, 1, 1, 1, 1, 1, 1, 1, 1, 1, 1, 1, 1, 1, 1, 1, 1, 1, 1, 1, 1, 1, 1, 1, 1, 1, 1, 1, 1, 1, 1, 1, 1, 1, 1, 1, 1, 1, 1, 1, 1, 1, 1, 1, 1, 1, 1, 1, 1, 1, 1, 1, 1, 1, 1, 1, 1, 1, 1, 1, 1, 1, 1, 1, 1, 1, 1, 1, 1, 1, 1, 1, 1, 1, 1, 1, 1, 1, 1, 1, 1, 1, 1, 1, 1, 1, 1, 1, 1, 1, 1, 1, 1, 1, 1, 1, 1, 1, 1, 1, 1, 1, 1, 1, 1, 1, 1, 1, 1, 1, 1, 1, 1]"
User-038,2,trace_0661,1788723097.9129848,streaming,30011,263,263,328,131,342.81316566467285,533.3673639297485,0.7273061002483805,14.0,0,True,,1788722564.545554,1788722907.3587196,1788723097.9129179,"[1788722907.3587196, 1788722907.9125948, 1788722908.528288, 1788722909.1799707, 1788722909.8593326, 1788722910.5591986, 1788722911.2980666, 1788722912.0685627, 1788722912.875616, 1788722913.7041247, 1788722914.5685434, 1788722915.4754002, 1788722916.4090817, 1788722917.2643056, 1788722917.8462822, 1788722918.4942334, 1788722919.1608906, 1788722919.8679636, 1788722920.6022358, 1788722921.3567524, 1788722922.1547742, 1788722922.9793375, 1788722923.8282392, 1788722924.7046413, 1788722925.5493495, 1788722926.104354, 1788722926.7288818, 1788722927.378722, 1788722928.06365, 1788722928.776324, 1788722929.515706, 1788722930.2904253, 1788722931.097965, 1788722931.941132, 1788722932.557802, 1788722933.1348767, 1788722933.7784102, 1788722934.4532347, 1788722935.1604877, 1788722935.8918319, 1788722936.656113, 1788722937.4531171, 1788722938.2837389, 1788722939.1501656, 1788722940.038325, 1788722940.8599129, 1788722941.416777, 1788722942.0431144, 1788722942.699462, 1788722943.3930223, 1788722944.121967, 1788722944.881726, 1788722945.672949, 1788722946.4941351, 1788722947.3436093, 1788722948.2242382, 1788722949.1284862, 1788722949.6975772, 1788722950.3423862, 1788722951.007733, 1788722951.709154, 1788722952.4261749, 1788722953.1744661, 1788722953.9568794, 1788722954.771515, 1788722955.611743, 1788722956.477255, 1788722957.3907263, 1788722958.157002, 1788722958.7214177, 1788722959.3517506, 1788722960.0118234, 1788722960.7013798, 1788722961.4224992, 1788722962.172382, 1788722962.9547162, 1788722963.7692208, 1788722964.6161294, 1788722965.4595745, 1788722966.021418, 1788722966.6612294, 1788722967.331781, 1788722968.0314882, 1788722968.7553015, 1788722969.5082278, 1788722970.2957845, 1788722971.1094613, 1788722971.9514043, 1788722972.8252807, 1788722973.5230095, 1788722974.0947158, 1788722974.7294087, 1788722975.393934, 1788722976.0924344, 1788722976.8173015, 1788722977.5677094, 1788722978.3581386, 1788722979.1761725, 1788722980.0348935, 1788722980.918643, 1788722981.7493482, 1788722982.3293931, 1788722982.9758382, 1788722983.6556957, 1788722984.359058, 1788722985.0840316, 1788722985.8468242, 1788722986.6365588, 1788722987.4548473, 1788722988.3121088, 1788722989.190631, 1788722990.0963898, 1788722991.0316436, 1788722991.7060528, 1788722992.274693, 1788722992.915607, 1788722993.5834394, 1788722994.290071, 1788722995.031398, 1788722995.8113716, 1788722996.6102722, 1788722997.4421492, 1788722998.3007839, 1788722999.1978567, 1788723000.1315296, 1788723000.7853072, 1788723001.3760774, 1788723002.0366848, 1788723002.7244592, 1788723003.4404883, 1788723004.1836712, 1788723004.9620707, 1788723005.7652628, 1788723006.6018667, 1788723007.4652004, 1788723008.216183, 1788723008.8095956, 1788723009.4570386, 1788723010.1340585, 1788723010.8438013, 1788723011.5780656, 1788723012.3441167, 1788723013.1442723, 1788723013.8730252, 1788723014.458639, 1788723015.0980825, 1788723015.7678947, 1788723016.4698298, 1788723017.1961396, 1788723017.9434779, 1788723018.730506, 1788723019.5386798, 1788723020.3868134, 1788723021.2661083, 1788723021.954493, 1788723022.528007, 1788723023.1625855, 1788723023.8332326, 1788723024.5457, 1788723025.2871194, 1788723026.062113, 1788723026.8590434, 1788723027.5915017, 1788723028.1605453, 1788723028.7854297, 1788723029.4447207, 1788723030.1390162, 1788723030.854714, 1788723031.6015732, 1788723032.381577, 1788723033.192284, 1788723033.8412623, 1788723034.4216998, 1788723035.056375, 1788723035.7271836, 1788723036.4425154, 1788723037.1874259, 1788723037.96043, 1788723038.7628462, 1788723039.5926394, 1788723040.4580066, 1788723041.3533225, 1788723041.9880674, 1788723042.5693233, 1788723043.205584, 1788723043.8809388, 1788723044.5844007, 1788723045.3121712, 1788723046.0784268, 1788723046.8272781, 1788723047.3924239, 1788723048.0192091, 1788723048.665848, 1788723049.3515162, 1788723050.0680904, 1788723050.810744, 1788723051.5933743, 1788723052.4146597, 1788723053.1805341, 1788723053.7444928, 1788723054.3761032, 1788723055.0403316, 1788723055.748161, 1788723056.4838803, 1788723057.23926, 1788723058.032851, 1788723058.6441922, 1788723059.2263222, 1788723059.8704112, 1788723060.5423048, 1788723061.2499454, 1788723061.9821932, 1788723062.744779, 1788723063.5404131, 1788723064.2004058, 1788723064.776989, 1788723065.4122145, 1788723066.0964062, 1788723066.8146782, 1788723067.548718, 1788723068.3200655, 1788723069.1231368, 1788723069.7446406, 1788723070.3305025, 1788723070.9694934, 1788723071.6456878, 1788723072.346613, 1788723073.0759447, 1788723073.836124, 1788723074.6313248, 1788723075.4539633, 1788723076.3419843, 1788723076.8939166, 1788723077.533127, 1788723078.1988876, 1788723078.8963428, 1788723079.616286, 1788723080.3655853, 1788723081.145393, 1788723082.0112586, 1788723082.792078, 1788723083.4508421, 1788723084.0272996, 1788723084.6654413, 1788723085.3368354, 1788723086.0429432, 1788723086.7728555, 1788723087.5353143, 1788723088.3217049, 1788723088.9050078, 1788723089.5439522, 1788723090.2164729, 1788723090.9177148, 1788723091.6409538, 1788723092.397192, 1788723093.1145098, 1788723093.6880655, 1788723094.3131714, 1788723094.9711764, 1788723095.6626015, 1788723096.3820546, 1788723097.127846, 1788723097.9089198]","[1, 1, 1, 1, 1, 1, 1, 1, 1, 1, 1, 1, 1, 1, 1, 1, 1, 1, 1, 1, 1, 1, 1, 1, 1, 1, 1, 1, 1, 1, 1, 1, 1, 1, 1, 1, 1, 1, 1, 1, 1, 1, 1, 1, 1, 1, 1, 1, 1, 1, 1, 1, 1, 1, 1, 1, 1, 1, 1, 1, 1, 1, 1, 1, 1, 1, 1, 1, 1, 1, 1, 1, 1, 1, 1, 1, 1, 1, 1, 1, 1, 1, 1, 1, 1, 1, 1, 1, 1, 1, 1, 1, 1, 1, 1, 1, 1, 1, 1, 1, 1, 1, 1, 1, 1, 1, 1, 1, 1, 1, 1, 1, 1, 1, 1, 1, 1, 1, 1, 1, 1, 1, 1, 1, 1, 1, 1, 1, 1, 1, 1, 1, 1, 1, 1, 1, 1, 1, 1, 1, 1, 1, 1, 1, 1, 1, 1, 1, 1, 1, 1, 1, 1, 1, 1, 1, 1, 1, 1, 1, 1, 1, 1, 1, 1, 1, 1, 1, 1, 1, 1, 1, 1, 1, 1, 1, 1, 1, 1, 1, 1, 1, 1, 1, 1, 1, 1, 1, 1, 1, 1, 1, 1, 1, 1, 1, 1, 1, 1, 1, 1, 1, 1, 1, 1, 1, 1, 1, 1, 1, 1, 1, 1, 1, 1, 1, 1, 1, 1, 1, 1, 1, 1, 1, 1, 1, 1, 1, 1, 1, 1, 1, 1, 1, 1, 1, 1, 1, 1, 1, 1, 1, 1, 1, 1, 1, 1, 1, 1, 1, 1, 1, 1, 1, 1, 1, 1, 1, 1, 1, 1, 1, 1]"
User-082,0,trace_0739,1788723099.1926887,streaming,21285,406,406,0,332,246.18000411987305,536.7601587772369,0.7174818633515158,0.0,0,True,,1788722562.432456,1788722808.6124601,1788723099.1926148,"[1788722808.6124601, 1788722809.1761062, 1788722809.7940319, 1788722810.4430745, 1788722811.124245, 1788722811.8367393, 1788722812.5915065, 1788722813.380776, 1788722814.0820498, 1788722814.6807096, 1788722815.333016, 1788722816.0158875, 1788722816.7218194, 1788722817.4603536, 1788722818.2260108, 1788722818.8999317, 1788722819.4827118, 1788722820.1084511, 1788722820.7708557, 1788722821.4617746, 1788722822.1900835, 1788722822.9412894, 1788722823.7313793, 1788722824.436484, 1788722825.0253298, 1788722825.672626, 1788722826.3422885, 1788722827.045294, 1788722827.7739825, 1788722828.5325196, 1788722829.3212183, 1788722830.0094075, 1788722830.5767055, 1788722831.2057962, 1788722831.8679583, 1788722832.558252, 1788722833.280818, 1788722834.0464172, 1788722834.8517063, 1788722835.6394696, 1788722836.2009504, 1788722836.8404946, 1788722837.5114155, 1788722838.2151425, 1788722838.9403634, 1788722839.6968012, 1788722840.4855304, 1788722841.3017812, 1788722842.0983799, 1788722842.6561503, 1788722843.2784934, 1788722843.9282866, 1788722844.6099505, 1788722845.3207295, 1788722846.0622451, 1788722846.833015, 1788722847.5725815, 1788722848.1364055, 1788722848.7581484, 1788722849.414753, 1788722850.1106932, 1788722850.8302197, 1788722851.5828958, 1788722852.36609, 1788722853.1565368, 1788722853.7430975, 1788722854.3729372, 1788722855.0336022, 1788722855.7227123, 1788722856.4408305, 1788722857.1846724, 1788722857.9628458, 1788722858.7715228, 1788722859.4093094, 1788722859.9921272, 1788722860.6333337, 1788722861.2995057, 1788722861.996534, 1788722862.723441, 1788722863.4861553, 1788722864.2303944, 1788722864.8151708, 1788722865.450875, 1788722866.116502, 1788722866.804752, 1788722867.5270844, 1788722868.2736895, 1788722869.0506012, 1788722869.6056027, 1788722870.218578, 1788722870.8663328, 1788722871.540716, 1788722872.2482548, 1788722872.9857643, 1788722873.7707675, 1788722874.4805896, 1788722875.0464737, 1788722875.6722033, 1788722876.326811, 1788722877.0131588, 1788722877.734315, 1788722878.4731545, 1788722879.249491, 1788722880.055905, 1788722880.8314168, 1788722881.389605, 1788722882.0121088, 1788722882.6670456, 1788722883.360641, 1788722884.0901916, 1788722884.8407848, 1788722885.6167824, 1788722886.3170462, 1788722886.887245, 1788722887.516638, 1788722888.1725678, 1788722888.8627207, 1788722889.5798092, 1788722890.3251257, 1788722891.1066113, 1788722891.9304156, 1788722892.6204252, 1788722893.2110326, 1788722893.8546438, 1788722894.5313082, 1788722895.23723, 1788722895.9724793, 1788722896.733165, 1788722897.5242896, 1788722898.2719426, 1788722898.8379745, 1788722899.4586391, 1788722900.112274, 1788722900.7953362, 1788722901.510961, 1788722902.256894, 1788722903.0320647, 1788722903.842943, 1788722904.6827111, 1788722905.5599964, 1788722906.4525075, 1788722907.354178, 1788722907.908032, 1788722908.525885, 1788722909.1771662, 1788722909.8552747, 1788722910.556198, 1788722911.293909, 1788722912.0646336, 1788722912.8723001, 1788722913.6990323, 1788722914.566234, 1788722915.471739, 1788722916.4068964, 1788722917.262218, 1788722917.8422546, 1788722918.4902184, 1788722919.1593661, 1788722919.865393, 1788722920.5987096, 1788722921.3551424, 1788722922.15121, 1788722922.9760463, 1788722923.8248293, 1788722924.7020118, 1788722925.5459106, 1788722926.1018174, 1788722926.7253604, 1788722927.376052, 1788722928.060589, 1788722928.7728274, 1788722929.512493, 1788722930.2870212, 1788722931.0962038, 1788722931.937468, 1788722932.5557485, 1788722933.1309776, 1788722933.7745461, 1788722934.4511783, 1788722935.1575968, 1788722935.8883584, 1788722936.652986, 1788722937.4511652, 1788722938.2800214, 1788722939.1460638, 1788722940.0350788, 1788722940.856496, 1788722941.4141889, 1788722942.0391562, 1788722942.6955109, 1788722943.390597, 1788722944.1180408, 1788722944.8778064, 1788722945.6705008, 1788722946.4922175, 1788722947.3396614, 1788722948.2210486, 1788722949.1254377, 1788722949.6956675, 1788722950.3384266, 1788722951.0039294, 1788722951.7072005, 1788722952.422087, 1788722953.171474, 1788722953.9543476, 1788722954.7674675, 1788722955.6074977, 1788722956.4745893, 1788722957.3871768, 1788722958.1548471, 1788722958.7178934, 1788722959.3490524, 1788722960.008347, 1788722960.698736, 1788722961.4195576, 1788722962.1695952, 1788722962.9512465, 1788722963.7674198, 1788722964.612683, 1788722965.456604, 1788722966.0175884, 1788722966.658279, 1788722967.3287764, 1788722968.0284717, 1788722968.7522779, 1788722969.5056472, 1788722970.2927253, 1788722971.106116, 1788722971.9484982, 1788722972.8222256, 1788722973.5206082, 1788722974.0916762, 1788722974.726497, 1788722975.3910086, 1788722976.0894105, 1788722976.8141878, 1788722977.5653949, 1788722978.3551934, 1788722979.1745665, 1788722980.0315053, 1788722980.9166794, 1788722981.7474043, 1788722982.3268864, 1788722982.9742317, 1788722983.6531568, 1788722984.356558, 1788722985.0821667, 1788722985.8415194, 1788722986.6337912, 1788722987.4523413, 1788722988.3104787, 1788722989.188139, 1788722990.0950074, 1788722991.0291817, 1788722991.7036195, 1788722992.2722478, 1788722992.9098089, 1788722993.5809495, 1788722994.288101, 1788722995.029059, 1788722995.8088765, 1788722996.6078153, 1788722997.4397142, 1788722998.2989125, 1788722999.1959558, 1788723000.128956, 1788723000.7830746, 1788723001.3745906, 1788723002.0346904, 1788723002.7225251, 1788723003.4385018, 1788723004.1819744, 1788723004.960105, 1788723005.7632904, 1788723006.5998487, 1788723007.4632077, 1788723008.214784, 1788723008.8075573, 1788723009.4551094, 1788723010.1320918, 1788723010.8417914, 1788723011.576084, 1788723012.342117, 1788723013.1426568, 1788723013.871501, 1788723014.4572217, 1788723015.0966372, 1788723015.7663553, 1788723016.4683022, 1788723017.1945887, 1788723017.9419787, 1788723018.7289846, 1788723019.5372264, 1788723020.3856845, 1788723021.264996, 1788723021.9529037, 1788723022.5268745, 1788723023.1614726, 1788723023.8321073, 1788723024.5445852, 1788723025.2855926, 1788723026.0610006, 1788723026.8578587, 1788723027.590372, 1788723028.1593335, 1788723028.7843122, 1788723029.4432383, 1788723030.1378756, 1788723030.853559, 1788723031.6004126, 1788723032.3804593, 1788723033.1909556, 1788723033.84014, 1788723034.4205601, 1788723035.0550382, 1788723035.7258105, 1788723036.441769, 1788723037.1864166, 1788723037.959643, 1788723038.7620816, 1788723039.592157, 1788723040.4570363, 1788723041.3523414, 1788723041.9870927, 1788723042.5683448, 1788723043.2046168, 1788723043.8799624, 1788723044.5834367, 1788723045.3116915, 1788723046.0774086, 1788723046.8265924, 1788723047.39141, 1788723048.0183892, 1788723048.6648514, 1788723049.3504739, 1788723050.0676186, 1788723050.8097503, 1788723051.5923724, 1788723052.413664, 1788723053.1791112, 1788723053.7433534, 1788723054.3745477, 1788723055.0396218, 1788723055.7466445, 1788723056.4831667, 1788723057.237791, 1788723058.0313756, 1788723058.6426892, 1788723059.224842, 1788723059.8689318, 1788723060.540835, 1788723061.2484963, 1788723061.9806895, 1788723062.7432818, 1788723063.5389156, 1788723064.1987772, 1788723064.7755325, 1788723065.4110548, 1788723066.0949223, 1788723066.8131328, 1788723067.5472364, 1788723068.3188174, 1788723069.1215837, 1788723069.7435005, 1788723070.3289874, 1788723070.9679706, 1788723071.6441417, 1788723072.3454638, 1788723073.074768, 1788723073.8346179, 1788723074.6298444, 1788723075.4525013, 1788723076.3408284, 1788723076.8924384, 1788723077.5316296, 1788723078.1973982, 1788723078.8948588, 1788723079.6148095, 1788723080.3640883, 1788723081.143878, 1788723082.0105214, 1788723082.7905698, 1788723083.4492922, 1788723084.0257926, 1788723084.6639388, 1788723085.3353446, 1788723086.041422, 1788723086.7713752, 1788723087.5337515, 1788723088.3205569, 1788723088.903531, 1788723089.5431068, 1788723090.214965, 1788723090.916252, 1788723091.6394866, 1788723092.395687, 1788723093.1122196, 1788723093.6860776, 1788723094.3111858, 1788723094.9690766, 1788723095.6606045, 1788723096.3801153, 1788723097.1263328, 1788723097.90692, 1788723098.5856082, 1788723099.1863136]","[1, 1, 1, 1, 1, 1, 1, 1, 1, 1, 1, 1, 1, 1, 1, 1, 1, 1, 1, 1, 1, 1, 1, 1, 1, 1, 1, 1, 1, 1, 1, 1, 1, 1, 1, 1, 1, 1, 1, 1, 1, 1, 1, 1, 1, 1, 1, 1, 1, 1, 1, 1, 1, 1, 1, 1, 1, 1, 1, 1, 1, 1, 1, 1, 1, 1, 1, 1, 1, 1, 1, 1, 1, 1, 1, 1, 1, 1, 1, 1, 1, 1, 1, 1, 1, 1, 1, 1, 1, 1, 1, 1, 1, 1, 1, 1, 1, 1, 1, 1, 1, 1, 1, 1, 1, 1, 1, 1, 1, 1, 1, 1, 1, 1, 1, 1, 1, 1, 1, 1, 1, 1, 1, 1, 1, 1, 1, 1, 1, 1, 1, 1, 1, 1, 1, 1, 1, 1, 1, 1, 1, 1, 1, 1, 1, 1, 1, 1, 1, 1, 1, 1, 1, 1, 1, 1, 1, 1, 1, 1, 1, 1, 1, 1, 1, 1, 1, 1, 1, 1, 1, 1, 1, 1, 1, 1, 1, 1, 1, 1, 1, 1, 1, 1, 1, 1, 1, 1, 1, 1, 1, 1, 1, 1, 1, 1, 1, 1, 1, 1, 1, 1, 1, 1, 1, 1, 1, 1, 1, 1, 1, 1, 1, 1, 1, 1, 1, 1, 1, 1, 1, 1, 1, 1, 1, 1, 1, 1, 1, 1, 1, 1, 1, 1, 1, 1, 1, 1, 1, 1, 1, 1, 1, 1, 1, 1, 1, 1, 1, 1, 1, 1, 1, 1, 1, 1, 1, 1, 1, 1, 1, 1, 1, 1, 1, 1, 1, 1, 1, 1, 1, 1, 1, 1, 1, 1, 1, 1, 1, 1, 1, 1, 1, 1, 1, 1, 1, 1, 1, 1, 1, 1, 1, 1, 1, 1, 1, 1, 1, 1, 1, 1, 1, 1, 1, 1, 1, 1, 1, 1, 1, 1, 1, 1, 1, 1, 1, 1, 1, 1, 1, 1, 1, 1, 1, 1, 1, 1, 1, 1, 1, 1, 1, 1, 1, 1, 1, 1, 1, 1, 1, 1, 1, 1, 1, 1, 1, 1, 1, 1, 1, 1, 1, 1, 1, 1, 1, 1, 1, 1, 1, 1, 1, 1, 1, 1, 1, 1, 1, 1, 1, 1, 1, 1, 1, 1, 1, 1, 1, 1, 1, 1, 1, 1, 1, 1, 1, 1, 1, 1, 1, 1, 1, 1, 1, 1, 1, 1, 1, 1, 1, 1, 1, 1, 1, 1]"
User-013,2,trace_0253,1788723106.711662,streaming,22908,242,242,322,10,367.7123456001282,541.8665890693665,0.7226317156399928,15.0,0,True,,1788722564.8449824,1788722932.557328,1788723106.7115715,"[1788722932.557328, 1788722933.1338785, 1788722933.7774434, 1788722934.4527457, 1788722935.1600285, 1788722935.8913524, 1788722936.6557136, 1788722937.4526825, 1788722938.2831297, 1788722939.1491804, 1788722940.0375302, 1788722940.8595235, 1788722941.4163373, 1788722942.0421026, 1788722942.6984582, 1788722943.3925889, 1788722944.1209917, 1788722944.8807552, 1788722945.6724749, 1788722946.493661, 1788722947.342622, 1788722948.2234504, 1788722949.1279984, 1788722949.6971076, 1788722950.3414085, 1788722951.0069396, 1788722951.7086768, 1788722952.425093, 1788722953.173699, 1788722953.95644, 1788722954.7705653, 1788722955.6104221, 1788722956.4768798, 1788722957.3902419, 1788722958.1567693, 1788722958.7209027, 1788722959.3513515, 1788722960.0114121, 1788722960.7010028, 1788722961.4221096, 1788722962.1721606, 1788722962.954227, 1788722963.7689984, 1788722964.6158886, 1788722965.45934, 1788722966.020927, 1788722966.6607428, 1788722967.331283, 1788722968.0309846, 1788722968.7548053, 1788722969.50801, 1788722970.2952633, 1788722971.1092048, 1788722971.9509315, 1788722972.824781, 1788722973.5225992, 1788722974.0942273, 1788722974.7289188, 1788722975.3934429, 1788722976.0919287, 1788722976.816778, 1788722977.5673378, 1788722978.3576448, 1788722979.1759486, 1788722980.0343568, 1788722980.9182525, 1788722981.7489583, 1788722982.3288991, 1788722982.975618, 1788722983.655208, 1788722984.358545, 1788722985.083653, 1788722985.8462338, 1788722986.6360514, 1788722987.4543498, 1788722988.3118675, 1788722989.1901402, 1788722990.0961561, 1788722991.0311546, 1788722991.7055693, 1788722992.2742136, 1788722992.9153423, 1788722993.5829523, 1788722994.2896829, 1788722995.0310624, 1788722995.810957, 1788722996.6097834, 1788722997.4416606, 1788722998.3004065, 1788722999.1974773, 1788723000.131014, 1788723000.784922, 1788723001.375703, 1788723002.0361965, 1788723002.7239728, 1788723003.439998, 1788723004.1834557, 1788723004.9615796, 1788723005.764764, 1788723006.6013424, 1788723007.4646902, 1788723008.215945, 1788723008.8090858, 1788723009.4565625, 1788723010.1335735, 1788723010.8433027, 1788723011.577573, 1788723012.343623, 1788723013.1440341, 1788723013.872521, 1788723014.4581778, 1788723015.0976064, 1788723015.7673957, 1788723016.4693105, 1788723017.1956434, 1788723017.9429827, 1788723018.729999, 1788723019.5381923, 1788723020.3864236, 1788723021.2657354, 1788723021.9539943, 1788723022.5276313, 1788723023.162214, 1788723023.8328574, 1788723024.545322, 1788723025.2866075, 1788723026.0617473, 1788723026.8586478, 1788723027.5911283, 1788723028.1601741, 1788723028.7850618, 1788723029.4442284, 1788723030.1386232, 1788723030.8543358, 1788723031.601188, 1788723032.381205, 1788723033.1919138, 1788723033.8408837, 1788723034.421313, 1788723035.055994, 1788723035.7267966, 1788723036.442138, 1788723037.1869256, 1788723037.960056, 1788723038.762457, 1788723039.5924027, 1788723040.4575248, 1788723041.352827, 1788723041.9875748, 1788723042.5688398, 1788723043.205103, 1788723043.8804486, 1788723044.5839143, 1788723045.3119338, 1788723046.0779157, 1788723046.8270566, 1788723047.391907, 1788723048.0189202, 1788723048.6653454, 1788723049.3510077, 1788723050.0678566, 1788723050.810239, 1788723051.5928779, 1788723052.4141588, 1788723053.1801538, 1788723053.7441175, 1788723054.3755934, 1788723055.0400944, 1788723055.74766, 1788723056.483641, 1788723057.2389228, 1788723058.0323591, 1788723058.6436915, 1788723059.225832, 1788723059.8699167, 1788723060.5418115, 1788723061.2494624, 1788723061.9816957, 1788723062.744288, 1788723063.5399153, 1788723064.1999109, 1788723064.776501, 1788723065.411827, 1788723066.0959206, 1788723066.8141565, 1788723067.548231, 1788723068.3196836, 1788723069.1225998, 1788723069.7442622, 1788723070.3299952, 1788723070.9689682, 1788723071.6451638, 1788723072.3462257, 1788723073.075548, 1788723073.8356183, 1788723074.630864, 1788723075.453481, 1788723076.3416026, 1788723076.8934214, 1788723077.5326285, 1788723078.1983757, 1788723078.8958483, 1788723079.6157959, 1788723080.3650901, 1788723081.1448886, 1788723082.011021, 1788723082.7915785, 1788723083.4503155, 1788723084.0268075, 1788723084.6649504, 1788723085.336343, 1788723086.0424178, 1788723086.7723536, 1788723087.5347931, 1788723088.3213172, 1788723088.9045224, 1788723089.5437286, 1788723090.2159736, 1788723090.917224, 1788723091.6404636, 1788723092.3966908, 1788723093.1140254, 1788723093.6875753, 1788723094.3126755, 1788723094.9706342, 1788723095.6621008, 1788723096.3815634, 1788723097.127469, 1788723097.9083977, 1788723098.5877988, 1788723099.1886752, 1788723099.8357356, 1788723100.5144658, 1788723101.2240407, 1788723101.9572978, 1788723102.7157326, 1788723103.4629445, 1788723104.030332, 1788723104.650448, 1788723105.3052053, 1788723105.9907897, 1788723106.7056997]","[1, 1, 1, 1, 1, 1, 1, 1, 1, 1, 1, 1, 1, 1, 1, 1, 1, 1, 1, 1, 1, 1, 1, 1, 1, 1, 1, 1, 1, 1, 1, 1, 1, 1, 1, 1, 1, 1, 1, 1, 1, 1, 1, 1, 1, 1, 1, 1, 1, 1, 1, 1, 1, 1, 1, 1, 1, 1, 1, 1, 1, 1, 1, 1, 1, 1, 1, 1, 1, 1, 1, 1, 1, 1, 1, 1, 1, 1, 1, 1, 1, 1, 1, 1, 1, 1, 1, 1, 1, 1, 1, 1, 1, 1, 1, 1, 1, 1, 1, 1, 1, 1, 1, 1, 1, 1, 1, 1, 1, 1, 1, 1, 1, 1, 1, 1, 1, 1, 1, 1, 1, 1, 1, 1, 1, 1, 1, 1, 1, 1, 1, 1, 1, 1, 1, 1, 1, 1, 1, 1, 1, 1, 1, 1, 1, 1, 1, 1, 1, 1, 1, 1, 1, 1, 1, 1, 1, 1, 1, 1, 1, 1, 1, 1, 1, 1, 1, 1, 1, 1, 1, 1, 1, 1, 1, 1, 1, 1, 1, 1, 1, 1, 1, 1, 1, 1, 1, 1, 1, 1, 1, 1, 1, 1, 1, 1, 1, 1, 1, 1, 1, 1, 1, 1, 1, 1, 1, 1, 1, 1, 1, 1, 1, 1, 1, 1, 1, 1, 1, 1, 1, 1, 1, 1, 1, 1, 1, 1, 1, 1, 1, 1, 1, 1, 1, 1, 1, 1, 1, 1, 1, 1]"
User-122,4,trace_0513,1788723107.4641168,streaming,25492,142,142,375,16,442.79401898384094,542.0409998893738,0.7038792972023605,8.0,0,True,,1788722565.4230528,1788723008.2170718,1788723107.4640527,"[1788723008.2170718, 1788723008.8111384, 1788723009.4584732, 1788723010.1355748, 1788723010.8452594, 1788723011.5795743, 1788723012.3456225, 1788723013.145, 1788723013.8745604, 1788723014.4601128, 1788723015.099598, 1788723015.769445, 1788723016.471375, 1788723017.1977012, 1788723017.9449754, 1788723018.732033, 1788723019.540164, 1788723020.3879342, 1788723021.2672331, 1788723021.9562523, 1788723022.5295227, 1788723023.1641257, 1788723023.8347156, 1788723024.5472016, 1788723025.2891128, 1788723026.0636446, 1788723026.8606024, 1788723027.5929942, 1788723028.162034, 1788723028.7869556, 1788723029.4466896, 1788723030.1405215, 1788723030.8562694, 1788723031.6031225, 1788723032.383097, 1788723033.1937823, 1788723033.844222, 1788723034.4232385, 1788723035.0578759, 1788723035.7286615, 1788723036.4440086, 1788723037.1885371, 1788723037.9619467, 1788723038.76436, 1788723039.593601, 1788723040.4602807, 1788723041.355295, 1788723041.9900296, 1788723042.571318, 1788723043.2075145, 1788723043.882848, 1788723044.5864494, 1788723045.313118, 1788723046.0804615, 1788723046.8291123, 1788723047.3944068, 1788723048.0201037, 1788723048.667868, 1788723049.3535423, 1788723050.0690014, 1788723050.8127165, 1788723051.595387, 1788723052.416659, 1788723053.1820977, 1788723053.746001, 1788723054.3781729, 1788723055.0412655, 1788723055.7501473, 1788723056.4847972, 1788723057.240141, 1788723058.0348318, 1788723058.6461928, 1788723059.2276711, 1788723059.8724043, 1788723060.544275, 1788723061.251525, 1788723061.9841812, 1788723062.746757, 1788723063.5424054, 1788723064.2024078, 1788723064.7789855, 1788723065.413755, 1788723066.098364, 1788723066.8159573, 1788723067.5506923, 1788723068.3215587, 1788723069.124129, 1788723069.7461567, 1788723070.331815, 1788723070.9715145, 1788723071.6477287, 1788723072.3481233, 1788723073.0774987, 1788723073.8380926, 1788723074.632186, 1788723075.4558368, 1788723076.3436706, 1788723076.8955867, 1788723077.5351572, 1788723078.2008436, 1788723078.898304, 1788723079.618281, 1788723080.3674564, 1788723081.1474147, 1788723082.0122344, 1788723082.7940505, 1788723083.4520993, 1788723084.0282068, 1788723084.667462, 1788723085.3388226, 1788723086.0440805, 1788723086.7748387, 1788723087.5373561, 1788723088.3232503, 1788723088.9069953, 1788723089.5448294, 1788723090.21845, 1788723090.9197176, 1788723091.6450815, 1788723092.399221, 1788723093.1159017, 1788723093.6900141, 1788723094.315175, 1788723094.972307, 1788723095.6639888, 1788723096.3840418, 1788723097.12936, 1788723097.911272, 1788723098.5887806, 1788723099.1906464, 1788723099.8366396, 1788723100.5159523, 1788723101.2249534, 1788723101.9592602, 1788723102.717259, 1788723103.465698, 1788723104.0321267, 1788723104.6522818, 1788723105.3072042, 1788723105.9933987, 1788723106.7084541, 1788723107.4609842]","[1, 1, 1, 1, 1, 1, 1, 1, 1, 1, 1, 1, 1, 1, 1, 1, 1, 1, 1, 1, 1, 1, 1, 1, 1, 1, 1, 1, 1, 1, 1, 1, 1, 1, 1, 1, 1, 1, 1, 1, 1, 1, 1, 1, 1, 1, 1, 1, 1, 1, 1, 1, 1, 1, 1, 1, 1, 1, 1, 1, 1, 1, 1, 1, 1, 1, 1, 1, 1, 1, 1, 1, 1, 1, 1, 1, 1, 1, 1, 1, 1, 1, 1, 1, 1, 1, 1, 1, 1, 1, 1, 1, 1, 1, 1, 1, 1, 1, 1, 1, 1, 1, 1, 1, 1, 1, 1, 1, 1, 1, 1, 1, 1, 1, 1, 1, 1, 1, 1, 1, 1, 1, 1, 1, 1, 1, 1, 1, 1, 1, 1, 1, 1, 1, 1, 1, 1, 1, 1, 1, 1, 1]"
User-096,0,trace_0658,1788723109.6465218,streaming,20676,382,382,0,322,272.8831949234009,546.8999581336975,0.7192041029141644,0.0,0,True,,1788722562.7464852,1788722835.6296802,1788723109.6464434,"[1788722835.6296802, 1788722836.1946328, 1788722836.8341868, 1788722837.5050333, 1788722838.2088287, 1788722838.9341097, 1788722839.6903684, 1788722840.4792812, 1788722841.2952223, 1788722842.0922573, 1788722842.6496644, 1788722843.2729928, 1788722843.9219787, 1788722844.6036317, 1788722845.3143523, 1788722846.0545197, 1788722846.8267207, 1788722847.5665627, 1788722848.1300025, 1788722848.7514765, 1788722849.407866, 1788722850.1046937, 1788722850.8250203, 1788722851.577607, 1788722852.3607965, 1788722853.1503043, 1788722853.7370656, 1788722854.3670487, 1788722855.027637, 1788722855.7169077, 1788722856.4347677, 1788722857.1791108, 1788722857.9570613, 1788722858.7650127, 1788722859.4020057, 1788722859.985971, 1788722860.6243575, 1788722861.2931147, 1788722861.9902427, 1788722862.7172031, 1788722863.4798675, 1788722864.223519, 1788722864.8056707, 1788722865.4438882, 1788722866.1098392, 1788722866.7980843, 1788722867.5214415, 1788722868.2669833, 1788722869.0429342, 1788722869.5985267, 1788722870.2112582, 1788722870.8588583, 1788722871.5335765, 1788722872.2412672, 1788722872.9770966, 1788722873.7629902, 1788722874.4722488, 1788722875.038213, 1788722875.664551, 1788722876.3185062, 1788722877.0053396, 1788722877.7266378, 1788722878.4654143, 1788722879.2416263, 1788722880.0487406, 1788722880.8181717, 1788722881.3819625, 1788722882.0031285, 1788722882.6581633, 1788722883.3517027, 1788722884.0810254, 1788722884.8321426, 1788722885.6081378, 1788722886.3089252, 1788722886.87885, 1788722887.5046723, 1788722888.1645455, 1788722888.8549345, 1788722889.571361, 1788722890.3167574, 1788722891.0981555, 1788722891.9214556, 1788722892.6118174, 1788722893.1995103, 1788722893.8457887, 1788722894.5224743, 1788722895.2284386, 1788722895.963569, 1788722896.724368, 1788722897.515817, 1788722898.2633083, 1788722898.82908, 1788722899.4497561, 1788722900.1038725, 1788722900.7876453, 1788722901.5019696, 1788722902.2474737, 1788722903.0236664, 1788722903.833802, 1788722904.6738086, 1788722905.5493267, 1788722906.444153, 1788722907.345954, 1788722907.8991024, 1788722908.5174456, 1788722909.1681225, 1788722909.844049, 1788722910.549676, 1788722911.2855124, 1788722912.055847, 1788722912.8635688, 1788722913.6902816, 1788722914.5569232, 1788722915.46333, 1788722916.3979778, 1788722917.253289, 1788722917.8331356, 1788722918.4784443, 1788722919.1507714, 1788722919.8560433, 1788722920.5892887, 1788722921.3455994, 1788722922.141777, 1788722922.9668715, 1788722923.8159957, 1788722924.693546, 1788722925.537136, 1788722926.0927088, 1788722926.7135804, 1788722927.368501, 1788722928.0519106, 1788722928.7630818, 1788722929.5029671, 1788722930.2781775, 1788722931.0853925, 1788722931.9290361, 1788722932.5474641, 1788722933.1222985, 1788722933.765969, 1788722934.4423423, 1788722935.1482177, 1788722935.8794994, 1788722936.6440644, 1788722937.4423196, 1788722938.2709687, 1788722939.1318123, 1788722940.0230744, 1788722940.848049, 1788722941.4054594, 1788722942.0300415, 1788722942.6863947, 1788722943.381435, 1788722944.1093867, 1788722944.8695257, 1788722945.6620493, 1788722946.484339, 1788722947.331941, 1788722948.2136433, 1788722949.1169786, 1788722949.6880164, 1788722950.3305993, 1788722950.9959502, 1788722951.7029548, 1788722952.4145784, 1788722953.1654115, 1788722953.947048, 1788722954.7600753, 1788722955.6003473, 1788722956.4681993, 1788722957.379481, 1788722958.1475995, 1788722958.710526, 1788722959.342144, 1788722960.0010123, 1788722960.6924114, 1788722961.4129164, 1788722962.1622012, 1788722962.9439187, 1788722963.7599962, 1788722964.6050293, 1788722965.449448, 1788722966.0103002, 1788722966.6508954, 1788722967.3218904, 1788722968.0216138, 1788722968.7455971, 1788722969.499021, 1788722970.285989, 1788722971.098935, 1788722971.9413793, 1788722972.8154924, 1788722973.5135112, 1788722974.084883, 1788722974.7198, 1788722975.384318, 1788722976.0825825, 1788722976.807034, 1788722977.5592606, 1788722978.348459, 1788722979.1673687, 1788722980.024588, 1788722980.9115205, 1788722981.7383785, 1788722982.3196726, 1788722982.9670143, 1788722983.6458316, 1788722984.3492749, 1788722985.0759454, 1788722985.83431, 1788722986.6259794, 1788722987.4450774, 1788722988.3009317, 1788722989.180811, 1788722990.0878248, 1788722991.0219574, 1788722991.6963665, 1788722992.2651744, 1788722992.9026856, 1788722993.5735347, 1788722994.2816963, 1788722995.022334, 1788722995.796714, 1788722996.600943, 1788722997.433143, 1788722998.2938464, 1788722999.1924672, 1788723000.1218107, 1788723000.7765825, 1788723001.368497, 1788723002.027371, 1788723002.715501, 1788723003.4312983, 1788723004.1748471, 1788723004.952724, 1788723005.756109, 1788723006.5925577, 1788723007.4559038, 1788723008.2073028, 1788723008.8004987, 1788723009.4485428, 1788723010.1253865, 1788723010.8350675, 1788723011.5693681, 1788723012.335316, 1788723013.1328158, 1788723013.8618631, 1788723014.4506857, 1788723015.0898888, 1788723015.759442, 1788723016.4614289, 1788723017.187608, 1788723017.9350827, 1788723018.7216468, 1788723019.5303788, 1788723020.3794706, 1788723021.25866, 1788723021.9464314, 1788723022.521047, 1788723023.1552444, 1788723023.8252044, 1788723024.5381756, 1788723025.2797937, 1788723026.0556831, 1788723026.8502135, 1788723027.5846446, 1788723028.153072, 1788723028.7782156, 1788723029.4369864, 1788723030.1322522, 1788723030.847642, 1788723031.5939808, 1788723032.374381, 1788723033.1847827, 1788723033.8333752, 1788723034.413846, 1788723035.0482297, 1788723035.7197354, 1788723036.4356868, 1788723037.1796732, 1788723037.9524138, 1788723038.7561874, 1788723039.586258, 1788723040.450523, 1788723041.3449216, 1788723041.9798315, 1788723042.5610323, 1788723043.197527, 1788723043.8727922, 1788723044.576821, 1788723045.3070235, 1788723046.0702462, 1788723046.820102, 1788723047.3846006, 1788723048.011663, 1788723048.6580393, 1788723049.3432891, 1788723050.0611353, 1788723050.802543, 1788723051.5860755, 1788723052.406945, 1788723053.1724932, 1788723053.7372122, 1788723054.364454, 1788723055.0367184, 1788723055.7399397, 1788723056.4710639, 1788723057.2318108, 1788723058.0247507, 1788723058.636343, 1788723059.2185712, 1788723059.8626788, 1788723060.5341587, 1788723061.2423031, 1788723061.974454, 1788723062.736974, 1788723063.5322273, 1788723064.1924348, 1788723064.7692835, 1788723065.4056547, 1788723066.0886655, 1788723066.806117, 1788723067.5414412, 1788723068.3130474, 1788723069.112631, 1788723069.736966, 1788723070.3227723, 1788723070.96158, 1788723071.6374297, 1788723072.3398056, 1788723073.0693235, 1788723073.8284051, 1788723074.6236682, 1788723075.4464085, 1788723076.3352475, 1788723076.8863037, 1788723077.5251138, 1788723078.191192, 1788723078.888594, 1788723079.608522, 1788723080.3577824, 1788723081.137547, 1788723082.0075123, 1788723082.7842093, 1788723083.439769, 1788723084.0190077, 1788723084.6571434, 1788723085.3285708, 1788723086.034674, 1788723086.7646227, 1788723087.5249128, 1788723088.3146846, 1788723088.8973417, 1788723089.5369248, 1788723090.2087412, 1788723090.910073, 1788723091.633343, 1788723092.3893354, 1788723093.1062393, 1788723093.6798627, 1788723094.3050194, 1788723094.9624796, 1788723095.6543312, 1788723096.373873, 1788723097.120932, 1788723097.9006479, 1788723098.5773337, 1788723099.179989, 1788723099.828283, 1788723100.5077863, 1788723101.2168126, 1788723101.9495249, 1788723102.7096262, 1788723103.455552, 1788723104.02267, 1788723104.6438391, 1788723105.2975569, 1788723105.9825304, 1788723106.6978679, 1788723107.4510372, 1788723108.2431955, 1788723109.0720332, 1788723109.6354644]","[1, 1, 1, 1, 1, 1, 1, 1, 1, 1, 1, 1, 1, 1, 1, 1, 1, 1, 1, 1, 1, 1, 1, 1, 1, 1, 1, 1, 1, 1, 1, 1, 1, 1, 1, 1, 1, 1, 1, 1, 1, 1, 1, 1, 1, 1, 1, 1, 1, 1, 1, 1, 1, 1, 1, 1, 1, 1, 1, 1, 1, 1, 1, 1, 1, 1, 1, 1, 1, 1, 1, 1, 1, 1, 1, 1, 1, 1, 1, 1, 1, 1, 1, 1, 1, 1, 1, 1, 1, 1, 1, 1, 1, 1, 1, 1, 1, 1, 1, 1, 1, 1, 1, 1, 1, 1, 1, 1, 1, 1, 1, 1, 1, 1, 1, 1, 1, 1, 1, 1, 1, 1, 1, 1, 1, 1, 1, 1, 1, 1, 1, 1, 1, 1, 1, 1, 1, 1, 1, 1, 1, 1, 1, 1, 1, 1, 1, 1, 1, 1, 1, 1, 1, 1, 1, 1, 1, 1, 1, 1, 1, 1, 1, 1, 1, 1, 1, 1, 1, 1, 1, 1, 1, 1, 1, 1, 1, 1, 1, 1, 1, 1, 1, 1, 1, 1, 1, 1, 1, 1, 1, 1, 1, 1, 1, 1, 1, 1, 1, 1, 1, 1, 1, 1, 1, 1, 1, 1, 1, 1, 1, 1, 1, 1, 1, 1, 1, 1, 1, 1, 1, 1, 1, 1, 1, 1, 1, 1, 1, 1, 1, 1, 1, 1, 1, 1, 1, 1, 1, 1, 1, 1, 1, 1, 1, 1, 1, 1, 1, 1, 1, 1, 1, 1, 1, 1, 1, 1, 1, 1, 1, 1, 1, 1, 1, 1, 1, 1, 1, 1, 1, 1, 1, 1, 1, 1, 1, 1, 1, 1, 1, 1, 1, 1, 1, 1, 1, 1, 1, 1, 1, 1, 1, 1, 1, 1, 1, 1, 1, 1, 1, 1, 1, 1, 1, 1, 1, 1, 1, 1, 1, 1, 1, 1, 1, 1, 1, 1, 1, 1, 1, 1, 1, 1, 1, 1, 1, 1, 1, 1, 1, 1, 1, 1, 1, 1, 1, 1, 1, 1, 1, 1, 1, 1, 1, 1, 1, 1, 1, 1, 1, 1, 1, 1, 1, 1, 1, 1, 1, 1, 1, 1, 1, 1, 1, 1, 1, 1, 1, 1, 1, 1, 1, 1, 1, 1, 1, 1, 1, 1, 1, 1]"
User-021,2,trace_0266,1788723128.0765467,streaming,25895,217,217,346,7,408.3677361011505,562.9185228347778,0.7155129015445709,15.0,0,True,,1788722565.1579287,1788722973.5256648,1788723128.0764515,"[1788722973.5256648, 1788722974.0967548, 1788722974.7321231, 1788722975.3964002, 1788722976.0954459, 1788722976.8196998, 1788722977.5700033, 1788722978.3599665, 1788722979.177506, 1788722980.0363784, 1788722980.9214196, 1788722981.7512352, 1788722982.3314857, 1788722982.9769454, 1788722983.658166, 1788722984.3615642, 1788722985.0858924, 1788722985.848222, 1788722986.639098, 1788722987.4573412, 1788722988.3133488, 1788722989.1920297, 1788722990.0975068, 1788722991.0340881, 1788722991.7082384, 1788722992.276521, 1788722992.9170294, 1788722993.5863483, 1788722994.2924802, 1788722995.032724, 1788722995.8127885, 1788722996.6121638, 1788722997.4441247, 1788722998.3030496, 1788722999.2001777, 1788723000.1345673, 1788723000.787622, 1788723001.378315, 1788723002.0395277, 1788723002.7275414, 1788723003.44298, 1788723004.1847556, 1788723004.9639752, 1788723005.7675815, 1788723006.6038694, 1788723007.467578, 1788723008.218101, 1788723008.8120384, 1788723009.4599836, 1788723010.1370542, 1788723010.846715, 1788723011.5802364, 1788723012.3474412, 1788723013.1457236, 1788723013.8757756, 1788723014.4615824, 1788723015.1002796, 1788723015.771009, 1788723016.4729333, 1788723017.1992822, 1788723017.9464793, 1788723018.7335708, 1788723019.54163, 1788723020.3890464, 1788723021.2683809, 1788723021.9569387, 1788723022.5306413, 1788723023.1652458, 1788723023.8358452, 1788723024.5483263, 1788723025.2906036, 1788723026.0650084, 1788723026.8614044, 1788723027.593732, 1788723028.1628006, 1788723028.7877066, 1788723029.4476938, 1788723030.1412656, 1788723030.8570468, 1788723031.603897, 1788723032.3838525, 1788723033.194585, 1788723033.8450494, 1788723034.4240098, 1788723035.0586267, 1788723035.729407, 1788723036.4447396, 1788723037.1889737, 1788723037.9626906, 1788723038.7651134, 1788723039.5940719, 1788723040.4612396, 1788723041.3562713, 1788723041.991873, 1788723042.5728033, 1788723043.208958, 1788723043.8842812, 1788723044.587532, 1788723045.3138146, 1788723046.0820057, 1788723046.829771, 1788723047.39589, 1788723048.0207615, 1788723048.669377, 1788723049.3550735, 1788723050.0696802, 1788723050.8141809, 1788723051.596885, 1788723052.418147, 1788723053.1832705, 1788723053.7471166, 1788723054.3793883, 1788723055.041965, 1788723055.7516375, 1788723056.4854927, 1788723057.240797, 1788723058.036314, 1788723058.647392, 1788723059.2283356, 1788723059.8738947, 1788723060.5457406, 1788723061.2521803, 1788723061.9856782, 1788723062.7482562, 1788723063.5439086, 1788723064.2039115, 1788723064.7800543, 1788723065.415301, 1788723066.0997431, 1788723066.8169327, 1788723067.551887, 1788723068.3230672, 1788723069.1250472, 1788723069.7476988, 1788723070.3327131, 1788723070.9735153, 1788723071.6497948, 1788723072.3496256, 1788723073.0791306, 1788723073.8396654, 1788723074.6330614, 1788723075.4567256, 1788723076.3458827, 1788723076.896862, 1788723077.5371602, 1788723078.2028718, 1788723078.9003077, 1788723079.6197686, 1788723080.3683422, 1788723081.149421, 1788723082.013189, 1788723082.7956855, 1788723083.4530845, 1788723084.0290978, 1788723084.6694582, 1788723085.3408194, 1788723086.0449598, 1788723086.7768033, 1788723087.539431, 1788723088.3247433, 1788723088.9089515, 1788723089.5457046, 1788723090.219901, 1788723090.9217198, 1788723091.6475663, 1788723092.4002259, 1788723093.1168275, 1788723093.691733, 1788723094.3165658, 1788723094.9732645, 1788723095.6648643, 1788723096.385976, 1788723097.1308503, 1788723097.9123337, 1788723098.5897567, 1788723099.1920302, 1788723099.8375263, 1788723100.5174491, 1788723101.2258584, 1788723101.9611967, 1788723102.7187927, 1788723103.4675987, 1788723104.0330007, 1788723104.6537626, 1788723105.3087757, 1788723105.9955242, 1788723106.71042, 1788723107.4634647, 1788723108.2541478, 1788723109.081663, 1788723109.6457899, 1788723110.2767413, 1788723110.9408143, 1788723111.6476216, 1788723112.356969, 1788723113.1086466, 1788723113.8918986, 1788723114.7025669, 1788723115.54135, 1788723116.441785, 1788723116.9912171, 1788723117.605511, 1788723118.2485545, 1788723118.9235933, 1788723119.6327624, 1788723120.3656094, 1788723121.1296864, 1788723121.8192391, 1788723122.3968062, 1788723123.024499, 1788723123.6873536, 1788723124.381313, 1788723125.1097996, 1788723125.8561435, 1788723126.6389275, 1788723127.4502163, 1788723128.075554]","[1, 1, 1, 1, 1, 1, 1, 1, 1, 1, 1, 1, 1, 1, 1, 1, 1, 1, 1, 1, 1, 1, 1, 1, 1, 1, 1, 1, 1, 1, 1, 1, 1, 1, 1, 1, 1, 1, 1, 1, 1, 1, 1, 1, 1, 1, 1, 1, 1, 1, 1, 1, 1, 1, 1, 1, 1, 1, 1, 1, 1, 1, 1, 1, 1, 1, 1, 1, 1, 1, 1, 1, 1, 1, 1, 1, 1, 1, 1, 1, 1, 1, 1, 1, 1, 1, 1, 1, 1, 1, 1, 1, 1, 1, 1, 1, 1, 1, 1, 1, 1, 1, 1, 1, 1, 1, 1, 1, 1, 1, 1, 1, 1, 1, 1, 1, 1, 1, 1, 1, 1, 1, 1, 1, 1, 1, 1, 1, 1, 1, 1, 1, 1, 1, 1, 1, 1, 1, 1, 1, 1, 1, 1, 1, 1, 1, 1, 1, 1, 1, 1, 1, 1, 1, 1, 1, 1, 1, 1, 1, 1, 1, 1, 1, 1, 1, 1, 1, 1, 1, 1, 1, 1, 1, 1, 1, 1, 1, 1, 1, 1, 1, 1, 1, 1, 1, 1, 1, 1, 1, 1, 1, 1, 1, 1, 1, 1, 1, 1, 1, 1, 1, 1, 1, 1, 1, 1, 1, 1, 1, 1, 1, 1, 1, 1, 1, 1]"
User-001,0,trace_0712,1788723129.3393743,streaming,18851,119,119,0,294,486.0672655105591,568.5882959365845,0.6993307663222491,0.0,0,True,,1788722560.750936,1788723046.8182015,1788723129.339232,"[1788723046.8182015, 1788723047.3828409, 1788723048.0094776, 1788723048.6559615, 1788723049.3414562, 1788723050.057288, 1788723050.8006916, 1788723051.5838528, 1788723052.4049225, 1788723053.1705124, 1788723053.735351, 1788723054.3620214, 1788723055.0361185, 1788723055.73863, 1788723056.4695182, 1788723057.2304404, 1788723058.0233798, 1788723058.6336684, 1788723059.2164574, 1788723059.8606448, 1788723060.5324996, 1788723061.2402492, 1788723061.972352, 1788723062.7349083, 1788723063.5304356, 1788723064.1902735, 1788723064.767376, 1788723065.403296, 1788723066.0871866, 1788723066.8047512, 1788723067.540192, 1788723068.311807, 1788723069.111409, 1788723069.7356656, 1788723070.3214977, 1788723070.9602604, 1788723071.6360197, 1788723072.3385258, 1788723073.0678859, 1788723073.8271596, 1788723074.6223788, 1788723075.4451575, 1788723076.3336868, 1788723076.8850374, 1788723077.5237865, 1788723078.1899076, 1788723078.8873606, 1788723079.60728, 1788723080.3565505, 1788723081.1362898, 1788723082.006906, 1788723082.7829344, 1788723083.438425, 1788723084.0177271, 1788723084.6558967, 1788723085.327329, 1788723086.0334015, 1788723086.7633872, 1788723087.5236728, 1788723088.31348, 1788723088.8961992, 1788723089.5357454, 1788723090.2075992, 1788723090.9089143, 1788723091.632163, 1788723092.3881521, 1788723093.1050644, 1788723093.6786892, 1788723094.3038661, 1788723094.9613898, 1788723095.6531694, 1788723096.3722231, 1788723097.1197786, 1788723097.8994482, 1788723098.5761423, 1788723099.1788769, 1788723099.827132, 1788723100.506585, 1788723101.215764, 1788723101.948347, 1788723102.7087882, 1788723103.454352, 1788723104.0215392, 1788723104.642643, 1788723105.2964158, 1788723105.9813902, 1788723106.6967244, 1788723107.4498358, 1788723108.241959, 1788723109.070849, 1788723109.6340609, 1788723110.2658749, 1788723110.9298396, 1788723111.6419206, 1788723112.3462107, 1788723113.0968752, 1788723113.879153, 1788723114.689304, 1788723115.528038, 1788723116.427998, 1788723116.9780595, 1788723117.5922215, 1788723118.2361202, 1788723118.912573, 1788723119.6215377, 1788723120.3548286, 1788723121.1188097, 1788723121.8058276, 1788723122.3847473, 1788723123.0127697, 1788723123.674195, 1788723124.369646, 1788723125.0963557, 1788723125.8417509, 1788723126.6271763, 1788723127.4387949, 1788723128.0613267, 1788723128.6632197, 1788723129.3266182]","[1, 1, 1, 1, 1, 1, 1, 1, 1, 1, 1, 1, 1, 1, 1, 1, 1, 1, 1, 1, 1, 1, 1, 1, 1, 1, 1, 1, 1, 1, 1, 1, 1, 1, 1, 1, 1, 1, 1, 1, 1, 1, 1, 1, 1, 1, 1, 1, 1, 1, 1, 1, 1, 1, 1, 1, 1, 1, 1, 1, 1, 1, 1, 1, 1, 1, 1, 1, 1, 1, 1, 1, 1, 1, 1, 1, 1, 1, 1, 1, 1, 1, 1, 1, 1, 1, 1, 1, 1, 1, 1, 1, 1, 1, 1, 1, 1, 1, 1, 1, 1, 1, 1, 1, 1, 1, 1, 1, 1, 1, 1, 1, 1, 1, 1, 1, 1, 1, 1]"
User-015,7,trace_0687,1788723138.864813,streaming,31526,309,309,480,7,352.6409070491791,574.2444381713867,0.7194919841630119,11.0,0,True,,1788722564.620305,1788722917.261212,1788723138.8647432,"[1788722917.261212, 1788722917.8412218, 1788722918.4890878, 1788722919.158599, 1788722919.8643866, 1788722920.5977046, 1788722921.3540902, 1788722922.150184, 1788722922.9750552, 1788722923.823861, 1788722924.7012575, 1788722925.544956, 1788722926.1008554, 1788722926.7221143, 1788722927.37528, 1788722928.0595944, 1788722928.7718234, 1788722929.5115159, 1788722930.2860413, 1788722931.095686, 1788722931.9364743, 1788722932.5552313, 1788722933.1299899, 1788722933.7735705, 1788722934.4501457, 1788722935.1565375, 1788722935.887349, 1788722936.6519458, 1788722937.4501433, 1788722938.2790036, 1788722939.1450236, 1788722940.030248, 1788722940.8555257, 1788722941.4132109, 1788722942.0381444, 1788722942.6945171, 1788722943.3896031, 1788722944.1170695, 1788722944.8768146, 1788722945.6695201, 1788722946.4915476, 1788722947.3391616, 1788722948.220652, 1788722949.1249304, 1788722949.695299, 1788722950.3379304, 1788722951.0034337, 1788722951.7069619, 1788722952.4215832, 1788722953.1711032, 1788722953.9538372, 1788722954.7669559, 1788722955.6070116, 1788722956.4742138, 1788722957.3866417, 1788722958.1543221, 1788722958.717392, 1788722959.34863, 1788722960.0078497, 1788722960.698346, 1788722961.4191577, 1788722962.1691003, 1788722962.9507527, 1788722963.7668848, 1788722964.6121697, 1788722965.4561257, 1788722966.0170996, 1788722966.6577735, 1788722967.3282719, 1788722968.0279744, 1788722968.751785, 1788722969.5051548, 1788722970.292232, 1788722971.105621, 1788722971.9480064, 1788722972.8217025, 1788722973.5201814, 1788722974.0911796, 1788722974.7260003, 1788722975.3905094, 1788722976.088908, 1788722976.8136673, 1788722977.565017, 1788722978.3546813, 1788722979.1740782, 1788722980.0310001, 1788722980.9162686, 1788722981.7469974, 1788722982.3263776, 1788722982.973728, 1788722983.6526666, 1788722984.3560643, 1788722985.081796, 1788722985.8410282, 1788722986.633277, 1788722987.451841, 1788722988.3099504, 1788722989.1876419, 1788722990.0944884, 1788722991.0286875, 1788722991.7031186, 1788722992.271752, 1788722992.9093194, 1788722993.5804448, 1788722994.2877085, 1788722995.0285666, 1788722995.80799, 1788722996.6073258, 1788722997.439233, 1788722998.2985313, 1788722999.1955729, 1788723000.1284487, 1788723000.7819042, 1788723001.3738377, 1788723002.0336876, 1788723002.7215464, 1788723003.437512, 1788723004.1809945, 1788723004.9591198, 1788723005.762283, 1788723006.598846, 1788723007.4621923, 1788723008.2137582, 1788723008.8065097, 1788723009.4541092, 1788723010.1311064, 1788723010.840822, 1788723011.5751085, 1788723012.341109, 1788723013.1416233, 1788723013.8702748, 1788723014.4562454, 1788723015.0956583, 1788723015.7653449, 1788723016.4673164, 1788723017.1934927, 1788723017.9409704, 1788723018.7279458, 1788723019.536227, 1788723020.3849268, 1788723021.2642512, 1788723021.951878, 1788723022.5260859, 1788723023.1607196, 1788723023.8312273, 1788723024.5438464, 1788723025.2845669, 1788723026.060254, 1788723026.8570085, 1788723027.5888546, 1788723028.1577961, 1788723028.783003, 1788723029.4417357, 1788723030.136743, 1788723030.852399, 1788723031.599073, 1788723032.3791575, 1788723033.1894445, 1788723033.8388128, 1788723034.4192626, 1788723035.0534983, 1788723035.724714, 1788723036.440657, 1788723037.1849318, 1788723037.9584188, 1788723038.760955, 1788723039.591412, 1788723040.4555674, 1788723041.350816, 1788723041.9853876, 1788723042.566858, 1788723043.2029905, 1788723043.8784907, 1788723044.581959, 1788723045.310953, 1788723046.0758638, 1788723046.8251033, 1788723047.3898377, 1788723048.016881, 1788723048.6633475, 1788723049.3489528, 1788723050.0666826, 1788723050.8082428, 1788723051.5908856, 1788723052.411967, 1788723053.177433, 1788723053.7419386, 1788723054.3729658, 1788723055.0388997, 1788723055.7451103, 1788723056.481644, 1788723057.2363098, 1788723058.0298827, 1788723058.6411834, 1788723059.223344, 1788723059.867439, 1788723060.5393567, 1788723061.247015, 1788723061.9792032, 1788723062.7417777, 1788723063.537353, 1788723064.1972759, 1788723064.77404, 1788723065.4098666, 1788723066.093424, 1788723066.8115742, 1788723067.54573, 1788723068.3173077, 1788723069.1200182, 1788723069.7420027, 1788723070.327505, 1788723070.9664688, 1788723071.6425998, 1788723072.3443093, 1788723073.0735824, 1788723073.833122, 1788723074.6283545, 1788723075.4510365, 1788723076.3396335, 1788723076.8909595, 1788723077.530551, 1788723078.1963975, 1788723078.8938627, 1788723079.613791, 1788723080.3630884, 1788723081.1428676, 1788723082.0100064, 1788723082.789545, 1788723083.448277, 1788723084.0247743, 1788723084.6629245, 1788723085.3343406, 1788723086.0404327, 1788723086.770346, 1788723087.532665, 1788723088.3197937, 1788723088.9025295, 1788723089.5420892, 1788723090.213941, 1788723090.9152653, 1788723091.6384919, 1788723092.394668, 1788723093.1112525, 1788723093.6850874, 1788723094.3101895, 1788723094.9680293, 1788723095.659611, 1788723096.379124, 1788723097.125568, 1788723097.905915, 1788723098.5845902, 1788723099.1852844, 1788723099.833492, 1788723100.512634, 1788723101.222086, 1788723101.9548674, 1788723102.7137868, 1788723103.4605448, 1788723104.0278602, 1788723104.6486287, 1788723105.3030806, 1788723105.9881222, 1788723106.7032092, 1788723107.4563003, 1788723108.2483149, 1788723109.0771508, 1788723109.641529, 1788723110.2716403, 1788723110.9357662, 1788723111.6445572, 1788723112.3521755, 1788723113.103319, 1788723113.8856518, 1788723114.6960669, 1788723115.534806, 1788723116.4351435, 1788723116.9846978, 1788723117.5990243, 1788723118.2426572, 1788723118.9184773, 1788723119.627892, 1788723120.3607664, 1788723121.1248379, 1788723121.8129182, 1788723122.391663, 1788723123.019645, 1788723123.6809125, 1788723124.3767514, 1788723125.1032562, 1788723125.8511057, 1788723126.6339874, 1788723127.4453032, 1788723128.0682576, 1788723128.6695285, 1788723129.3335264, 1788723130.0182436, 1788723130.734468, 1788723131.476955, 1788723132.2487924, 1788723132.89079, 1788723133.4686582, 1788723134.1062307, 1788723134.7753172, 1788723135.4806583, 1788723136.2091827, 1788723136.9658687, 1788723137.6458204, 1788723138.2236137, 1788723138.855036]","[1, 1, 1, 1, 1, 1, 1, 1, 1, 1, 1, 1, 1, 1, 1, 1, 1, 1, 1, 1, 1, 1, 1, 1, 1, 1, 1, 1, 1, 1, 1, 1, 1, 1, 1, 1, 1, 1, 1, 1, 1, 1, 1, 1, 1, 1, 1, 1, 1, 1, 1, 1, 1, 1, 1, 1, 1, 1, 1, 1, 1, 1, 1, 1, 1, 1, 1, 1, 1, 1, 1, 1, 1, 1, 1, 1, 1, 1, 1, 1, 1, 1, 1, 1, 1, 1, 1, 1, 1, 1, 1, 1, 1, 1, 1, 1, 1, 1, 1, 1, 1, 1, 1, 1, 1, 1, 1, 1, 1, 1, 1, 1, 1, 1, 1, 1, 1, 1, 1, 1, 1, 1, 1, 1, 1, 1, 1, 1, 1, 1, 1, 1, 1, 1, 1, 1, 1, 1, 1, 1, 1, 1, 1, 1, 1, 1, 1, 1, 1, 1, 1, 1, 1, 1, 1, 1, 1, 1, 1, 1, 1, 1, 1, 1, 1, 1, 1, 1, 1, 1, 1, 1, 1, 1, 1, 1, 1, 1, 1, 1, 1, 1, 1, 1, 1, 1, 1, 1, 1, 1, 1, 1, 1, 1, 1, 1, 1, 1, 1, 1, 1, 1, 1, 1, 1, 1, 1, 1, 1, 1, 1, 1, 1, 1, 1, 1, 1, 1, 1, 1, 1, 1, 1, 1, 1, 1, 1, 1, 1, 1, 1, 1, 1, 1, 1, 1, 1, 1, 1, 1, 1, 1, 1, 1, 1, 1, 1, 1, 1, 1, 1, 1, 1, 1, 1, 1, 1, 1, 1, 1, 1, 1, 1, 1, 1, 1, 1, 1, 1, 1, 1, 1, 1, 1, 1, 1, 1, 1, 1, 1, 1, 1, 1, 1, 1, 1, 1, 1, 1, 1, 1, 1, 1, 1, 1, 1, 1, 1, 1, 1, 1, 1, 1, 1, 1, 1, 1, 1, 1]"
User-081,2,trace_0572,1788723151.9921684,streaming,26467,187,187,366,11,456.3514232635498,586.387776851654,0.6991201805812056,14.0,0,True,,1788722565.6043327,1788723021.955756,1788723151.9921095,"[1788723021.955756, 1788723022.528769, 1788723023.1633468, 1788723023.8339756, 1788723024.546443, 1788723025.2881155, 1788723026.0628693, 1788723026.8598304, 1788723027.592244, 1788723028.161286, 1788723028.7861845, 1788723029.4457035, 1788723030.139773, 1788723030.8555133, 1788723031.6023445, 1788723032.382331, 1788723033.1930394, 1788723033.842018, 1788723034.4224699, 1788723035.0571308, 1788723035.727928, 1788723036.4432743, 1788723037.1881063, 1788723037.9611902, 1788723038.7635965, 1788723039.5931194, 1788723040.4592938, 1788723041.3543084, 1788723041.9890563, 1788723042.5703168, 1788723043.2065382, 1788723043.8818874, 1788723044.585482, 1788723045.312638, 1788723046.0794444, 1788723046.8286514, 1788723047.3934171, 1788723048.0196593, 1788723048.6668634, 1788723049.3525193, 1788723050.068546, 1788723050.8117306, 1788723051.5943735, 1788723052.415668, 1788723053.1813025, 1788723053.745231, 1788723054.377141, 1788723055.0408025, 1788723055.7491553, 1788723056.4843442, 1788723057.2397041, 1788723058.0338502, 1788723058.6451986, 1788723059.2272282, 1788723059.8714125, 1788723060.5433033, 1788723061.2509751, 1788723061.9831936, 1788723062.7457633, 1788723063.5414064, 1788723064.2014081, 1788723064.7779722, 1788723065.4129825, 1788723066.0973825, 1788723066.8154693, 1788723067.5497048, 1788723068.320811, 1788723069.1236646, 1788723069.7454052, 1788723070.3313708, 1788723070.970503, 1788723071.6467056, 1788723072.3473682, 1788723073.0767212, 1788723073.8371143, 1788723074.6317563, 1788723075.455264, 1788723076.3428938, 1788723076.8949273, 1788723077.5341432, 1788723078.1998646, 1788723078.8973148, 1788723079.6172748, 1788723080.3665705, 1788723081.1463988, 1788723082.0117526, 1788723082.7930586, 1788723083.4516091, 1788723084.027777, 1788723084.6664517, 1788723085.3378277, 1788723086.0436373, 1788723086.773856, 1788723087.5363367, 1788723088.3224874, 1788723088.9059987, 1788723089.544395, 1788723090.2174551, 1788723090.9187028, 1788723091.6419225, 1788723092.3982074, 1788723093.1154542, 1788723093.6890402, 1788723094.3141632, 1788723094.9718223, 1788723095.663555, 1788723096.3830523, 1788723097.128609, 1788723097.910236, 1788723098.588292, 1788723099.1896691, 1788723099.8361726, 1788723100.5152135, 1788723101.2244937, 1788723101.9582682, 1788723102.7165031, 1788723103.4638984, 1788723104.0313478, 1788723104.6511846, 1788723105.306018, 1788723105.991849, 1788723106.706981, 1788723107.459275, 1788723108.2512414, 1788723109.079848, 1788723109.644122, 1788723110.274653, 1788723110.9387252, 1788723111.6459818, 1788723112.3551743, 1788723113.1063097, 1788723113.8886766, 1788723114.6990862, 1788723115.5378273, 1788723116.4383287, 1788723116.987721, 1788723117.6020286, 1788723118.2458923, 1788723118.920834, 1788723119.630113, 1788723120.3629973, 1788723121.1271086, 1788723121.8158293, 1788723122.394625, 1788723123.0219052, 1788723123.683886, 1788723124.3797324, 1788723125.1062222, 1788723125.8534348, 1788723126.6362557, 1788723127.4475758, 1788723128.0712008, 1788723128.6718097, 1788723129.335795, 1788723130.023261, 1788723130.737482, 1788723131.4798977, 1788723132.2511048, 1788723132.8948455, 1788723133.4713073, 1788723134.1092684, 1788723134.7780874, 1788723135.4841871, 1788723136.2126455, 1788723136.9694593, 1788723137.6492078, 1788723138.2271452, 1788723138.8608987, 1788723139.531467, 1788723140.2406461, 1788723140.9749157, 1788723141.740148, 1788723142.398557, 1788723142.980051, 1788723143.6139183, 1788723144.2793882, 1788723144.982298, 1788723145.7114553, 1788723146.4676292, 1788723147.2606757, 1788723147.8669312, 1788723148.454076, 1788723149.0959842, 1788723149.7736845, 1788723150.486218, 1788723151.2201161, 1788723151.9878974]","[1, 1, 1, 1, 1, 1, 1, 1, 1, 1, 1, 1, 1, 1, 1, 1, 1, 1, 1, 1, 1, 1, 1, 1, 1, 1, 1, 1, 1, 1, 1, 1, 1, 1, 1, 1, 1, 1, 1, 1, 1, 1, 1, 1, 1, 1, 1, 1, 1, 1, 1, 1, 1, 1, 1, 1, 1, 1, 1, 1, 1, 1, 1, 1, 1, 1, 1, 1, 1, 1, 1, 1, 1, 1, 1, 1, 1, 1, 1, 1, 1, 1, 1, 1, 1, 1, 1, 1, 1, 1, 1, 1, 1, 1, 1, 1, 1, 1, 1, 1, 1, 1, 1, 1, 1, 1, 1, 1, 1, 1, 1, 1, 1, 1, 1, 1, 1, 1, 1, 1, 1, 1, 1, 1, 1, 1, 1, 1, 1, 1, 1, 1, 1, 1, 1, 1, 1, 1, 1, 1, 1, 1, 1, 1, 1, 1, 1, 1, 1, 1, 1, 1, 1, 1, 1, 1, 1, 1, 1, 1, 1, 1, 1, 1, 1, 1, 1, 1, 1, 1, 1, 1, 1, 1, 1, 1, 1, 1, 1, 1, 1, 1, 1, 1, 1, 1, 1]"
User-005,0,trace_0568,1788723154.7493546,streaming,20311,131,131,0,317,503.19776153564453,593.7432973384857,0.6965041215603168,0.0,0,True,,1788722561.0059237,1788723064.2036853,1788723154.749221,"[1788723064.2036853, 1788723064.7798102, 1788723065.414916, 1788723066.099506, 1788723066.8166912, 1788723067.551669, 1788723068.3226821, 1788723069.1248202, 1788723069.7473178, 1788723070.3324864, 1788723070.9730055, 1788723071.6492658, 1788723072.349255, 1788723073.078736, 1788723073.8394458, 1788723074.6328428, 1788723075.4565043, 1788723076.3448231, 1788723076.8964198, 1788723077.5361474, 1788723078.2018645, 1788723078.8993113, 1788723079.6192925, 1788723080.3678935, 1788723081.1484432, 1788723082.012717, 1788723082.7950742, 1788723083.4525764, 1788723084.0286663, 1788723084.668472, 1788723085.3398087, 1788723086.0445235, 1788723086.7758305, 1788723087.5383751, 1788723088.3240018, 1788723088.907982, 1788723089.545267, 1788723090.2194595, 1788723090.920712, 1788723091.6466043, 1788723092.399789, 1788723093.1163561, 1788723093.6910615, 1788723094.3161292, 1788723094.972785, 1788723095.6644237, 1788723096.3850088, 1788723097.1300964, 1788723097.9118783, 1788723098.5892665, 1788723099.1915898, 1788723099.8370883, 1788723100.5167103, 1788723101.2254088, 1788723101.9602258, 1788723102.7180223, 1788723103.4666958, 1788723104.032567, 1788723104.6530306, 1788723105.3079863, 1788723105.994456, 1788723106.7094355, 1788723107.4624374, 1788723108.2531676, 1788723109.0807688, 1788723109.6450853, 1788723110.2760813, 1788723110.9401646, 1788723111.6469283, 1788723112.3563194, 1788723113.1079721, 1788723113.8906777, 1788723114.7010775, 1788723115.5398529, 1788723116.4403079, 1788723116.9897006, 1788723117.6040347, 1788723118.2478485, 1788723118.9224067, 1788723119.6316357, 1788723120.3644989, 1788723121.128577, 1788723121.8177683, 1788723122.3961458, 1788723123.0233936, 1788723123.685852, 1788723124.3806338, 1788723125.1082208, 1788723125.8549788, 1788723126.6377792, 1788723127.4490683, 1788723128.0740423, 1788723128.6737292, 1788723129.3376915, 1788723130.025196, 1788723130.7399352, 1788723131.4810703, 1788723132.2530255, 1788723132.8972738, 1788723133.4731586, 1788723134.111152, 1788723134.7799582, 1788723135.4867063, 1788723136.2151349, 1788723136.9719381, 1788723137.651662, 1788723138.2296224, 1788723138.863401, 1788723139.534012, 1788723140.2431834, 1788723140.976602, 1788723141.7426221, 1788723142.4011517, 1788723142.9814904, 1788723143.6163921, 1788723144.282312, 1788723144.985193, 1788723145.7144501, 1788723146.4689598, 1788723147.2633443, 1788723147.869795, 1788723148.4559212, 1788723149.097305, 1788723149.775785, 1788723150.4892213, 1788723151.2214885, 1788723151.9911134, 1788723152.7925646, 1788723153.5513911, 1788723154.1207356, 1788723154.7480536]","[1, 1, 1, 1, 1, 1, 1, 1, 1, 1, 1, 1, 1, 1, 1, 1, 1, 1, 1, 1, 1, 1, 1, 1, 1, 1, 1, 1, 1, 1, 1, 1, 1, 1, 1, 1, 1, 1, 1, 1, 1, 1, 1, 1, 1, 1, 1, 1, 1, 1, 1, 1, 1, 1, 1, 1, 1, 1, 1, 1, 1, 1, 1, 1, 1, 1, 1, 1, 1, 1, 1, 1, 1, 1, 1, 1, 1, 1, 1, 1, 1, 1, 1, 1, 1, 1, 1, 1, 1, 1, 1, 1, 1, 1, 1, 1, 1, 1, 1, 1, 1, 1, 1, 1, 1, 1, 1, 1, 1, 1, 1, 1, 1, 1, 1, 1, 1, 1, 1, 1, 1, 1, 1, 1, 1, 1, 1, 1, 1, 1, 1]"
User-156,0,trace_0369,1788723172.4753823,streaming,2,303,0,0,386,0.0,0.0,0.0,0.0,0,False,,1788722567.2601013,1788722567.2601013,1788723172.4751368,[],[]
User-154,0,trace_0194,1788723172.3894606,streaming,2,851,0,0,397,0.0,0.0,0.0,0.0,0,False,,1788722567.1533093,1788722567.1533093,1788723172.389331,[],[]
User-152,0,trace_0283,1788723172.2856455,streaming,2,728,0,0,383,0.0,0.0,0.0,0.0,0,False,,1788722567.0229483,1788722567.0229483,1788723172.2853851,[],[]
User-113,89,trace_0017,1788723173.178379,streaming,2,164,0,229,184,0.0,0.0,0.0,159.0,0,False,,1788722570.2572536,1788722570.2572536,1788723173.17821,[],[]
User-125,8,trace_0014,1788723173.2551503,streaming,2,4764,0,396,4,0.0,0.0,0.0,77.0,0,False,,1788722570.4592032,1788722570.4592032,1788723173.2550159,[],[]
User-160,0,trace_0507,1788723173.2002633,streaming,2,405,0,0,153,0.0,0.0,0.0,0.0,0,False,,1788722570.3964293,1788722570.3964293,1788723173.200133,[],[]
User-078,3,trace_0366,1788723172.532261,streaming,2,39,0,389,6,0.0,0.0,0.0,115.0,0,False,,1788722567.3246398,1788722567.3246398,1788723172.5321405,[],[]
User-155,0,trace_0642,1788723172.424349,streaming,2,256,0,0,276,0.0,0.0,0.0,0.0,0,False,,1788722567.1969547,1788722567.1969547,1788723172.4242003,[],[]
User-107,65,trace_0573,1788723177.7135813,streaming,30909,266,266,475,3,426.41054940223694,612.4167673587799,0.7019102564397848,9.0,0,True,,1788722565.2967281,1788722991.7072775,1788723177.7134955,"[1788722991.7072775, 1788722992.2756078, 1788722992.9160786, 1788722993.584412, 1788722994.2908554, 1788722995.0318415, 1788722995.8118618, 1788722996.6112823, 1788722997.443155, 1788722998.3015294, 1788722999.1986222, 1788723000.1325424, 1788723000.7860832, 1788723001.3768265, 1788723002.0376837, 1788723002.7257564, 1788723003.4409752, 1788723004.1838863, 1788723004.9625537, 1788723005.7657533, 1788723006.6023705, 1788723007.465691, 1788723008.2164173, 1788723008.8100953, 1788723009.4575105, 1788723010.1345403, 1788723010.8442798, 1788723011.5785744, 1788723012.3446133, 1788723013.144514, 1788723013.8735447, 1788723014.4591312, 1788723015.098603, 1788723015.7683995, 1788723016.470332, 1788723017.1966703, 1788723017.9439652, 1788723018.7310226, 1788723019.5391843, 1788723020.3871925, 1788723021.2664788, 1788723021.9550152, 1788723022.5283935, 1788723023.162974, 1788723023.8336067, 1788723024.5460658, 1788723025.2876143, 1788723026.0624847, 1788723026.8594348, 1788723027.5918746, 1788723028.1609166, 1788723028.785803, 1788723029.4452124, 1788723030.1393964, 1788723030.8551135, 1788723031.60196, 1788723032.3819466, 1788723033.1926627, 1788723033.8416317, 1788723034.4220722, 1788723035.0567517, 1788723035.7275567, 1788723036.4428985, 1788723037.1878881, 1788723037.9608035, 1788723038.7632205, 1788723039.5928764, 1788723040.458494, 1788723041.353802, 1788723041.9885566, 1788723042.569806, 1788723043.2060606, 1788723043.8814108, 1788723044.5848982, 1788723045.312406, 1788723046.0789402, 1788723046.8275416, 1788723047.3929205, 1788723048.0194361, 1788723048.6663475, 1788723049.3520186, 1788723050.0683203, 1788723050.8112388, 1788723051.593875, 1788723052.4151688, 1788723053.1809173, 1788723053.7448611, 1788723054.3766198, 1788723055.0405676, 1788723055.7486582, 1788723056.4841106, 1788723057.2394884, 1788723058.0333576, 1788723058.6446924, 1788723059.2268338, 1788723059.8709173, 1788723060.5428138, 1788723061.2504568, 1788723061.9826853, 1788723062.7452729, 1788723063.5409093, 1788723064.2009113, 1788723064.7774787, 1788723065.412597, 1788723066.0968883, 1788723066.815216, 1788723067.5492141, 1788723068.3204353, 1788723069.123425, 1788723069.745017, 1788723070.331026, 1788723070.9699953, 1788723071.6461992, 1788723072.346998, 1788723073.0763297, 1788723073.836623, 1788723074.6315408, 1788723075.4546022, 1788723076.3424916, 1788723076.8944128, 1788723077.5336306, 1788723078.199382, 1788723078.896828, 1788723079.6167831, 1788723080.3660777, 1788723081.1458986, 1788723082.0115168, 1788723082.792568, 1788723083.4513495, 1788723084.0275605, 1788723084.6659389, 1788723085.337339, 1788723086.0434134, 1788723086.7733405, 1788723087.535825, 1788723088.3220844, 1788723088.9054968, 1788723089.5441682, 1788723090.2169654, 1788723090.918218, 1788723091.641438, 1788723092.3977077, 1788723093.115033, 1788723093.6885538, 1788723094.3136613, 1788723094.9715729, 1788723095.6631234, 1788723096.3825505, 1788723097.1282215, 1788723097.9097211, 1788723098.5880466, 1788723099.1891782, 1788723099.8359542, 1788723100.514845, 1788723101.2242656, 1788723101.9577854, 1788723102.7161121, 1788723103.4634209, 1788723104.0308483, 1788723104.650822, 1788723105.3056192, 1788723105.991313, 1788723106.7064662, 1788723107.4587843, 1788723108.2507539, 1788723109.079611, 1788723109.643879, 1788723110.2741368, 1788723110.9382274, 1788723111.6457422, 1788723112.3546553, 1788723113.1058211, 1788723113.8881795, 1788723114.6985693, 1788723115.5373359, 1788723116.4378176, 1788723116.9872177, 1788723117.6015227, 1788723118.2453783, 1788723118.92044, 1788723119.6297486, 1788723120.3626215, 1788723121.126703, 1788723121.8153422, 1788723122.3941352, 1788723123.0215409, 1788723123.6834016, 1788723124.3792455, 1788723125.105726, 1788723125.853059, 1788723126.635875, 1788723127.4471905, 1788723128.0707068, 1788723128.6714299, 1788723129.3354197, 1788723130.0228646, 1788723130.7369878, 1788723131.479458, 1788723132.250701, 1788723132.8943076, 1788723133.4709384, 1788723134.1088896, 1788723134.7777174, 1788723135.4836862, 1788723136.2121542, 1788723136.968957, 1788723137.648706, 1788723138.226616, 1788723138.8582928, 1788723139.530956, 1788723140.2401173, 1788723140.974391, 1788723141.7396462, 1788723142.3981786, 1788723142.9796102, 1788723143.6134324, 1788723144.2789028, 1788723144.981819, 1788723145.7109406, 1788723146.4674125, 1788723147.2601805, 1788723147.8664284, 1788723148.4535785, 1788723149.0957644, 1788723149.7731895, 1788723150.4857183, 1788723151.2198784, 1788723151.9873855, 1788723152.791227, 1788723153.5485356, 1788723154.1194131, 1788723154.7462204, 1788723155.4181495, 1788723156.1198351, 1788723156.8526914, 1788723157.6135266, 1788723158.4034328, 1788723159.2251024, 1788723159.7832901, 1788723160.4005103, 1788723161.0480645, 1788723161.7233114, 1788723162.4344661, 1788723163.17431, 1788723163.9421992, 1788723164.6697676, 1788723165.248749, 1788723165.871659, 1788723166.5265288, 1788723167.219137, 1788723167.938877, 1788723168.6860352, 1788723169.415451, 1788723169.9715369, 1788723170.598561, 1788723171.255591, 1788723171.9442868, 1788723172.6721504, 1788723173.4215322, 1788723173.9970894, 1788723174.5767834, 1788723175.191421, 1788723175.7769308, 1788723176.3876383, 1788723177.0312564, 1788723177.7103953]","[1, 1, 1, 1, 1, 1, 1, 1, 1, 1, 1, 1, 1, 1, 1, 1, 1, 1, 1, 1, 1, 1, 1, 1, 1, 1, 1, 1, 1, 1, 1, 1, 1, 1, 1, 1, 1, 1, 1, 1, 1, 1, 1, 1, 1, 1, 1, 1, 1, 1, 1, 1, 1, 1, 1, 1, 1, 1, 1, 1, 1, 1, 1, 1, 1, 1, 1, 1, 1, 1, 1, 1, 1, 1, 1, 1, 1, 1, 1, 1, 1, 1, 1, 1, 1, 1, 1, 1, 1, 1, 1, 1, 1, 1, 1, 1, 1, 1, 1, 1, 1, 1, 1, 1, 1, 1, 1, 1, 1, 1, 1, 1, 1, 1, 1, 1, 1, 1, 1, 1, 1, 1, 1, 1, 1, 1, 1, 1, 1, 1, 1, 1, 1, 1, 1, 1, 1, 1, 1, 1, 1, 1, 1, 1, 1, 1, 1, 1, 1, 1, 1, 1, 1, 1, 1, 1, 1, 1, 1, 1, 1, 1, 1, 1, 1, 1, 1, 1, 1, 1, 1, 1, 1, 1, 1, 1, 1, 1, 1, 1, 1, 1, 1, 1, 1, 1, 1, 1, 1, 1, 1, 1, 1, 1, 1, 1, 1, 1, 1, 1, 1, 1, 1, 1, 1, 1, 1, 1, 1, 1, 1, 1, 1, 1, 1, 1, 1, 1, 1, 1, 1, 1, 1, 1, 1, 1, 1, 1, 1, 1, 1, 1, 1, 1, 1, 1, 1, 1, 1, 1, 1, 1, 1, 1, 1, 1, 1, 1, 1, 1, 1, 1, 1, 1, 1, 1, 1, 1, 1, 1, 1, 1, 1, 1, 1, 1]"
User-151,0,trace_0137,1788723172.235611,streaming,2,481,0,0,399,0.0,0.0,0.0,0.0,0,False,,1788722566.9609578,1788722566.9609578,1788723172.2354534,[],[]
User-131,0,trace_0619,1788723192.0453148,streaming,18268,130,130,0,285,537.5647802352905,626.1448588371277,0.6866672759832337,0.0,0,True,,1788722565.900424,1788723103.4652042,1788723192.0452828,"[1788723103.4652042, 1788723104.0319066, 1788723104.6519122, 1788723105.3068154, 1788723105.9928806, 1788723106.7079608, 1788723107.4604633, 1788723108.2522032, 1788723109.0803082, 1788723109.6446028, 1788723110.2756484, 1788723110.9397197, 1788723111.6464512, 1788723112.3558838, 1788723113.1073413, 1788723113.8896823, 1788723114.7000806, 1788723115.5388536, 1788723116.4393294, 1788723116.9887202, 1788723117.6030447, 1788723118.2469373, 1788723118.9216225, 1788723119.6308548, 1788723120.3637538, 1788723121.127849, 1788723121.8168006, 1788723122.3956506, 1788723123.0226426, 1788723123.6848762, 1788723124.3801942, 1788723125.1072333, 1788723125.8541982, 1788723126.6370132, 1788723127.4483285, 1788723128.0730631, 1788723128.6729574, 1788723129.3369236, 1788723130.0244255, 1788723130.7389915, 1788723131.480583, 1788723132.2522564, 1788723132.8962896, 1788723133.472406, 1788723134.1104, 1788723134.7792218, 1788723135.4857042, 1788723136.2141151, 1788723136.9709914, 1788723137.6506681, 1788723138.2286248, 1788723138.8623862, 1788723139.53299, 1788723140.2421534, 1788723140.976163, 1788723141.741618, 1788723142.3997197, 1788723142.980772, 1788723143.6154273, 1788723144.2808475, 1788723144.9837484, 1788723145.7129486, 1788723146.468299, 1788723147.2621899, 1788723147.8683798, 1788723148.455266, 1788723149.0966525, 1788723149.7751057, 1788723150.4877272, 1788723151.2207913, 1788723151.98968, 1788723152.7918942, 1788723153.5501716, 1788723154.1200693, 1788723154.7473733, 1788723155.4193795, 1788723156.1204748, 1788723156.85386, 1788723157.6150134, 1788723158.404105, 1788723159.226564, 1788723159.7847924, 1788723160.4019957, 1788723161.0495694, 1788723161.7247732, 1788723162.4359648, 1788723163.1754737, 1788723163.943416, 1788723164.6711974, 1788723165.2495022, 1788723165.872304, 1788723166.5275805, 1788723167.2206247, 1788723167.9405563, 1788723168.6873834, 1788723169.4161472, 1788723169.9726841, 1788723170.5997257, 1788723171.2570212, 1788723171.944982, 1788723172.6733196, 1788723173.4230304, 1788723173.998267, 1788723174.5779607, 1788723175.1921158, 1788723175.7783926, 1788723176.3890796, 1788723177.0326989, 1788723177.7117324, 1788723178.3904936, 1788723178.9783957, 1788723179.6195533, 1788723180.2899635, 1788723180.9842472, 1788723181.6165025, 1788723182.2040665, 1788723182.84182, 1788723183.507662, 1788723184.2126923, 1788723184.9418097, 1788723185.7020907, 1788723186.4957497, 1788723187.3050303, 1788723187.861089, 1788723188.4813347, 1788723189.1303785, 1788723189.8105085, 1788723190.5230956, 1788723191.2680595, 1788723192.0434992]","[1, 1, 1, 1, 1, 1, 1, 1, 1, 1, 1, 1, 1, 1, 1, 1, 1, 1, 1, 1, 1, 1, 1, 1, 1, 1, 1, 1, 1, 1, 1, 1, 1, 1, 1, 1, 1, 1, 1, 1, 1, 1, 1, 1, 1, 1, 1, 1, 1, 1, 1, 1, 1, 1, 1, 1, 1, 1, 1, 1, 1, 1, 1, 1, 1, 1, 1, 1, 1, 1, 1, 1, 1, 1, 1, 1, 1, 1, 1, 1, 1, 1, 1, 1, 1, 1, 1, 1, 1, 1, 1, 1, 1, 1, 1, 1, 1, 1, 1, 1, 1, 1, 1, 1, 1, 1, 1, 1, 1, 1, 1, 1, 1, 1, 1, 1, 1, 1, 1, 1, 1, 1, 1, 1, 1, 1, 1, 1, 1, 1]"
User-123,0,trace_0356,1788723172.8327498,streaming,2,228,0,0,431,0.0,0.0,0.0,0.0,0,False,,1788722563.3105314,1788722563.3105314,1788723172.8325708,[],[]
User-158,0,trace_0640,1788723173.10156,streaming,2,825,0,0,317,0.0,0.0,0.0,0.0,0,False,,1788722568.3991058,1788722568.3991058,1788723173.1013992,[],[]
User-161,0,trace_0713,1788723173.2910464,streaming,2,231,0,0,284,0.0,0.0,0.0,0.0,0,False,,1788722571.0722718,1788722571.0722718,1788723173.2909088,[],[]
User-116,0,trace_0229,1788723172.7777991,streaming,2,678,0,0,485,0.0,0.0,0.0,0.0,0,False,,1788722563.1041334,1788722563.1041334,1788723172.7775915,[],[]
User-147,0,trace_0268,1788723172.0608017,streaming,2,205,0,0,289,0.0,0.0,0.0,0.0,0,False,,1788722566.7383277,1788722566.7383277,1788723172.0605974,[],[]
User-132,0,trace_0560,1788723191.2706535,streaming,20217,121,121,0,315,543.1316061019897,625.3210186958313,0.6849117716153462,0.0,0,True,,1788722565.949559,1788723109.081165,1788723191.2705777,"[1788723109.081165, 1788723109.6453168, 1788723110.2762992, 1788723110.9403822, 1788723111.6471603, 1788723112.3565364, 1788723113.108199, 1788723113.8912232, 1788723114.701579, 1788723115.540352, 1788723116.4407969, 1788723116.9901888, 1788723117.6045296, 1788723118.2480888, 1788723118.9228082, 1788723119.6320105, 1788723120.36487, 1788723121.1289542, 1788723121.8182502, 1788723122.39637, 1788723123.0237598, 1788723123.6863446, 1788723124.38086, 1788723125.1087198, 1788723125.8553777, 1788723126.6381588, 1788723127.4494698, 1788723128.074525, 1788723128.674104, 1788723129.3380625, 1788723130.025606, 1788723130.7401562, 1788723131.481299, 1788723132.2534127, 1788723132.897755, 1788723133.473556, 1788723134.1115124, 1788723134.7803195, 1788723135.4872346, 1788723136.21563, 1788723136.972167, 1788723137.6519985, 1788723138.2301092, 1788723138.8638892, 1788723139.5345173, 1788723140.2436984, 1788723140.9768205, 1788723141.7431495, 1788723142.4015234, 1788723142.9817226, 1788723143.6166131, 1788723144.2828217, 1788723144.9856706, 1788723145.7149746, 1788723146.4691834, 1788723147.2635684, 1788723147.8702762, 1788723148.4561408, 1788723149.097523, 1788723149.776005, 1788723150.4897203, 1788723151.2217162, 1788723151.991336, 1788723152.7927842, 1788723153.5516167, 1788723154.120951, 1788723154.7484245, 1788723155.4200742, 1788723156.1211336, 1788723156.8550258, 1788723157.6157174, 1788723158.4047654, 1788723159.227545, 1788723159.786293, 1788723160.4033167, 1788723161.0510979, 1788723161.726233, 1788723162.4374251, 1788723163.176121, 1788723163.9440856, 1788723164.6718743, 1788723165.2502067, 1788723165.8729537, 1788723166.5282297, 1788723167.222107, 1788723167.9421875, 1788723168.6880245, 1788723169.4168625, 1788723169.973823, 1788723170.6008677, 1788723171.2584512, 1788723171.9456823, 1788723172.6744678, 1788723173.4238503, 1788723173.999377, 1788723174.5791435, 1788723175.192801, 1788723175.7795706, 1788723176.3905206, 1788723177.0342882, 1788723177.7124522, 1788723178.3916256, 1788723178.9798536, 1788723179.6202414, 1788723180.2914066, 1788723180.9849353, 1788723181.6172037, 1788723182.204731, 1788723182.8432798, 1788723183.508347, 1788723184.214175, 1788723184.9432852, 1788723185.703467, 1788723186.4964464, 1788723187.3057506, 1788723187.8625193, 1788723188.4827895, 1788723189.131628, 1788723189.8119917, 1788723190.5239575, 1788723191.2688363]","[1, 1, 1, 1, 1, 1, 1, 1, 1, 1, 1, 1, 1, 1, 1, 1, 1, 1, 1, 1, 1, 1, 1, 1, 1, 1, 1, 1, 1, 1, 1, 1, 1, 1, 1, 1, 1, 1, 1, 1, 1, 1, 1, 1, 1, 1, 1, 1, 1, 1, 1, 1, 1, 1, 1, 1, 1, 1, 1, 1, 1, 1, 1, 1, 1, 1, 1, 1, 1, 1, 1, 1, 1, 1, 1, 1, 1, 1, 1, 1, 1, 1, 1, 1, 1, 1, 1, 1, 1, 1, 1, 1, 1, 1, 1, 1, 1, 1, 1, 1, 1, 1, 1, 1, 1, 1, 1, 1, 1, 1, 1, 1, 1, 1, 1, 1, 1, 1, 1, 1, 1]"
User-102,0,trace_0374,1788723172.7138033,streaming,2,249,0,0,445,0.0,0.0,0.0,0.0,0,False,,1788722562.9231977,1788722562.9231977,1788723172.713632,[],[]
User-157,0,trace_0368,1788723172.999681,streaming,2,111,0,0,339,0.0,0.0,0.0,0.0,0,False,,1788722567.3981326,1788722567.3981326,1788723172.9995422,[],[]
User-088,0,trace_0074,1788723172.6551447,streaming,2,445,0,0,466,0.0,0.0,0.0,0.0,0,False,,1788722562.508565,1788722562.508565,1788723172.654973,[],[]
User-163,0,trace_0182,1788723174.4867072,streaming,2,155,0,0,272,0.0,0.0,0.0,0.0,0,False,,1788722574.4205153,1788722574.4205153,1788723174.4865606,[],[]
User-149,0,trace_0371,1788723172.1417172,streaming,2,137,0,0,338,0.0,0.0,0.0,0.0,0,False,,1788722566.8412514,1788722566.8412514,1788723172.1415637,[],[]
User-159,0,trace_0612,1788723173.1344855,streaming,2,259,0,0,266,0.0,0.0,0.0,0.0,0,False,,1788722570.1728902,1788722570.1728902,1788723173.134345,[],[]
User-135,0,trace_0605,1788723217.8363976,streaming,21288,130,130,0,332,561.9601418972015,651.7244243621826,0.6958471508913262,0.0,0,True,,1788722566.1119175,1788723128.0720594,1788723217.8363419,"[1788723128.0720594, 1788723128.6722028, 1788723129.3361664, 1788723130.023653, 1788723130.7379735, 1788723131.4801252, 1788723132.2514863, 1788723132.8953397, 1788723133.4716754, 1788723134.1096492, 1788723134.7784493, 1788723135.484688, 1788723136.213137, 1788723136.9699492, 1788723137.649714, 1788723138.2276487, 1788723138.861408, 1788723139.5319705, 1788723140.2411485, 1788723140.975417, 1788723141.740635, 1788723142.3989604, 1788723142.9802983, 1788723143.6143963, 1788723144.2798715, 1788723144.982787, 1788723145.7119558, 1788723146.4678452, 1788723147.2611845, 1788723147.867415, 1788723148.4545615, 1788723149.09621, 1788723149.7741783, 1788723150.4867127, 1788723151.2203393, 1788723151.9886866, 1788723152.7914464, 1788723153.5490808, 1788723154.119635, 1788723154.7467108, 1788723155.418662, 1788723156.1200473, 1788723156.853082, 1788723157.6140099, 1788723158.4036598, 1788723159.2256007, 1788723159.7837777, 1788723160.4010043, 1788723161.0485606, 1788723161.72379, 1788723162.4349842, 1788723163.1748223, 1788723163.9426947, 1788723164.6702578, 1788723165.249023, 1788723165.871875, 1788723166.5270576, 1788723167.2196293, 1788723167.9393759, 1788723168.6865313, 1788723169.4156845, 1788723169.971917, 1788723170.5989432, 1788723171.2560716, 1788723171.9445133, 1788723172.6725447, 1788723173.4220333, 1788723173.997484, 1788723174.5771775, 1788723175.1916509, 1788723175.7774208, 1788723176.388116, 1788723177.0317376, 1788723177.7112207, 1788723178.3895164, 1788723178.9774323, 1788723179.6188457, 1788723180.2890024, 1788723180.9837785, 1788723181.6160223, 1788723182.203619, 1788723182.840866, 1788723183.5069747, 1788723184.211705, 1788723184.940828, 1788723185.7011259, 1788723186.4951456, 1788723187.3045537, 1788723187.8601303, 1788723188.4803507, 1788723189.1294098, 1788723189.8095286, 1788723190.5221107, 1788723191.2675598, 1788723192.0425332, 1788723192.848067, 1788723193.6904192, 1788723194.558113, 1788723195.4572046, 1788723196.3894522, 1788723197.0390038, 1788723197.6125548, 1788723198.253368, 1788723198.9279428, 1788723199.6344545, 1788723200.3647144, 1788723201.1268122, 1788723201.9173648, 1788723202.6880724, 1788723203.2353358, 1788723203.8604639, 1788723204.5156717, 1788723205.2067032, 1788723205.9261909, 1788723206.665553, 1788723207.4428487, 1788723208.2493727, 1788723208.8721664, 1788723209.4782968, 1788723210.1427593, 1788723210.8278532, 1788723211.5444093, 1788723212.2888758, 1788723213.0639544, 1788723213.8719943, 1788723214.7153938, 1788723215.5777767, 1788723216.4709866, 1788723217.2720056, 1788723217.8329234]","[1, 1, 1, 1, 1, 1, 1, 1, 1, 1, 1, 1, 1, 1, 1, 1, 1, 1, 1, 1, 1, 1, 1, 1, 1, 1, 1, 1, 1, 1, 1, 1, 1, 1, 1, 1, 1, 1, 1, 1, 1, 1, 1, 1, 1, 1, 1, 1, 1, 1, 1, 1, 1, 1, 1, 1, 1, 1, 1, 1, 1, 1, 1, 1, 1, 1, 1, 1, 1, 1, 1, 1, 1, 1, 1, 1, 1, 1, 1, 1, 1, 1, 1, 1, 1, 1, 1, 1, 1, 1, 1, 1, 1, 1, 1, 1, 1, 1, 1, 1, 1, 1, 1, 1, 1, 1, 1, 1, 1, 1, 1, 1, 1, 1, 1, 1, 1, 1, 1, 1, 1, 1, 1, 1, 1, 1, 1, 1, 1, 1]"
User-053,0,trace_0176,1788723172.5941932,streaming,2,291,0,0,467,0.0,0.0,0.0,0.0,0,False,,1788722561.8265915,1788722561.8265915,1788723172.5940576,[],[]
User-153,0,trace_0376,1788723172.3375447,streaming,2,194,0,0,389,0.0,0.0,0.0,0.0,0,False,,1788722567.0868561,1788722567.0868561,1788723172.3373973,[],[]
User-136,0,trace_0692,1788723192.0451713,streaming,17600,88,88,0,274,566.7379715442657,625.8902451992035,0.679911191436066,0.0,0,True,,1788722566.1548624,1788723132.892834,1788723192.0451076,"[1788723132.892834, 1788723133.4697871, 1788723134.1077511, 1788723134.7765963, 1788723135.4821773, 1788723136.2106738, 1788723136.9674122, 1788723137.647288, 1788723138.2251456, 1788723138.8568192, 1788723139.5294216, 1788723140.2385976, 1788723140.9729095, 1788723141.738145, 1788723142.3970144, 1788723142.9778929, 1788723143.6119924, 1788723144.277436, 1788723144.9803452, 1788723145.7094302, 1788723146.4663582, 1788723147.2586415, 1788723147.8649986, 1788723148.4521022, 1788723149.0951157, 1788723149.7717054, 1788723150.4842217, 1788723151.2191806, 1788723151.9855344, 1788723152.7899268, 1788723153.5467052, 1788723154.1183207, 1788723154.7447438, 1788723155.4166307, 1788723156.119192, 1788723156.851516, 1788723157.6120627, 1788723158.4023206, 1788723159.2236485, 1788723159.7818112, 1788723160.399008, 1788723161.0465412, 1788723161.7218308, 1788723162.4329987, 1788723163.1728091, 1788723163.9406843, 1788723164.6675348, 1788723165.2451148, 1788723165.870228, 1788723166.5245936, 1788723167.2171345, 1788723167.9368854, 1788723168.6840837, 1788723169.4137862, 1788723169.9700208, 1788723170.5970519, 1788723171.2536495, 1788723171.943353, 1788723172.670589, 1788723173.4195921, 1788723173.9955273, 1788723174.5752544, 1788723175.1896353, 1788723175.775009, 1788723176.3856895, 1788723177.0293183, 1788723177.708464, 1788723178.3875413, 1788723178.9754987, 1788723179.616884, 1788723180.2870648, 1788723180.9821582, 1788723181.6146502, 1788723182.2020013, 1788723182.8389242, 1788723183.5050094, 1788723184.209731, 1788723184.938867, 1788723185.6991565, 1788723186.4931707, 1788723187.3026953, 1788723187.8577185, 1788723188.4778945, 1788723189.1267831, 1788723189.8070915, 1788723190.5196688, 1788723191.2650824, 1788723192.0397694]","[1, 1, 1, 1, 1, 1, 1, 1, 1, 1, 1, 1, 1, 1, 1, 1, 1, 1, 1, 1, 1, 1, 1, 1, 1, 1, 1, 1, 1, 1, 1, 1, 1, 1, 1, 1, 1, 1, 1, 1, 1, 1, 1, 1, 1, 1, 1, 1, 1, 1, 1, 1, 1, 1, 1, 1, 1, 1, 1, 1, 1, 1, 1, 1, 1, 1, 1, 1, 1, 1, 1, 1, 1, 1, 1, 1, 1, 1, 1, 1, 1, 1, 1, 1, 1, 1, 1, 1]"
User-121,2,trace_0288,1788723173.0626352,streaming,2,426,0,367,44,0.0,0.0,0.0,47.0,0,False,,1788722567.4624598,1788722567.4624598,1788723173.062452,[],[]
User-150,0,trace_0649,1788723172.183672,streaming,2,434,0,0,337,0.0,0.0,0.0,0.0,0,False,,1788722566.895838,1788722566.895838,1788723172.1835034,[],[]
User-018,0,trace_0378,1788723172.9587686,streaming,2,973,0,0,440,0.0,0.0,0.0,0.0,0,False,,1788722561.3163726,1788722561.3163726,1788723172.958596,[],[]
User-148,0,trace_0697,1788723172.0997682,streaming,2,305,0,0,320,0.0,0.0,0.0,0.0,0,False,,1788722566.787928,1788722566.787928,1788723172.0996041,[],[]
User-162,0,trace_0715,1788723173.3269389,streaming,2,262,0,0,288,0.0,0.0,0.0,0.0,0,False,,1788722573.0579958,1788722573.0579958,1788723173.3268044,[],[]
User-004,0,trace_0629,1788723185.704569,streaming,18361,185,185,0,286,497.68148136138916,624.7502381801605,0.6905910696672357,0.0,0,True,,1788722560.9542074,1788723058.6356888,1788723185.7044456,"[1788723058.6356888, 1788723059.218004, 1788723059.8621469, 1788723060.533645, 1788723061.2417574, 1788723061.9739037, 1788723062.7361789, 1788723063.5317094, 1788723064.1915112, 1788723064.768772, 1788723065.4051247, 1788723066.0881286, 1788723066.8055434, 1788723067.5408192, 1788723068.3124082, 1788723069.1119995, 1788723069.7363179, 1788723070.3221118, 1788723070.9610364, 1788723071.6368656, 1788723072.3392644, 1788723073.0687163, 1788723073.827765, 1788723074.6230206, 1788723075.4457736, 1788723076.3344243, 1788723076.885764, 1788723077.5244603, 1788723078.190518, 1788723078.8879588, 1788723079.607889, 1788723080.3571458, 1788723081.136897, 1788723082.0072546, 1788723082.7836745, 1788723083.4391136, 1788723084.018444, 1788723084.6565132, 1788723085.3279202, 1788723086.0340035, 1788723086.7639906, 1788723087.52429, 1788723088.3141594, 1788723088.8968282, 1788723089.536387, 1788723090.2082343, 1788723090.9095597, 1788723091.6328142, 1788723092.3887532, 1788723093.105722, 1788723093.6793497, 1788723094.3045008, 1788723094.961951, 1788723095.6538186, 1788723096.3727767, 1788723097.1204078, 1788723097.9001086, 1788723098.5768116, 1788723099.179431, 1788723099.8277688, 1788723100.5072553, 1788723101.2163012, 1788723101.9490066, 1788723102.709229, 1788723103.4550464, 1788723104.022154, 1788723104.6433327, 1788723105.2970135, 1788723105.9819953, 1788723106.6973543, 1788723107.4504664, 1788723108.2426486, 1788723109.0715296, 1788723109.6348915, 1788723110.2664135, 1788723110.930476, 1788723111.6421797, 1788723112.3469377, 1788723113.0975747, 1788723113.8798323, 1788723114.6899698, 1788723115.5287168, 1788723116.4287498, 1788723116.9788125, 1788723117.5931642, 1788723118.2368796, 1788723118.9132833, 1788723119.6221728, 1788723120.3554642, 1788723121.1194553, 1788723121.806519, 1788723122.3853817, 1788723123.013408, 1788723123.674864, 1788723124.3702826, 1788723125.0969322, 1788723125.8424509, 1788723126.6277874, 1788723127.4394393, 1788723128.0620294, 1788723128.6638553, 1788723129.327513, 1788723130.0126202, 1788723130.7277675, 1788723131.4704463, 1788723132.2423332, 1788723132.8845725, 1788723133.462486, 1788723134.099884, 1788723134.7688768, 1788723135.4741092, 1788723136.2028196, 1788723136.9592311, 1788723137.6384118, 1788723138.2165277, 1788723138.8475466, 1788723139.5212803, 1788723140.2305682, 1788723140.964999, 1788723141.730134, 1788723142.3894968, 1788723142.9674473, 1788723143.603693, 1788723144.2696304, 1788723144.9725964, 1788723145.7015064, 1788723146.4583733, 1788723147.2486346, 1788723147.8565066, 1788723148.4437113, 1788723149.0868528, 1788723149.7632577, 1788723150.4756207, 1788723151.2089748, 1788723151.9769487, 1788723152.7814581, 1788723153.5377512, 1788723154.1095765, 1788723154.7358694, 1788723155.407424, 1788723156.1105585, 1788723156.841593, 1788723157.603074, 1788723158.39338, 1788723159.214967, 1788723159.7729878, 1788723160.3894446, 1788723161.0374014, 1788723161.7130988, 1788723162.4242046, 1788723163.1639543, 1788723163.93184, 1788723164.6589746, 1788723165.2362783, 1788723165.861234, 1788723166.5157409, 1788723167.208238, 1788723167.9279294, 1788723168.6752074, 1788723169.4040792, 1788723169.9616432, 1788723170.5893798, 1788723171.2444642, 1788723171.934218, 1788723172.661727, 1788723173.410306, 1788723173.984241, 1788723174.5670857, 1788723175.1805744, 1788723175.7657175, 1788723176.37663, 1788723177.0202012, 1788723177.6992748, 1788723178.370371, 1788723178.965349, 1788723179.6069229, 1788723180.276587, 1788723180.971758, 1788723181.605244, 1788723182.192538, 1788723182.8285713, 1788723183.4945984, 1788723184.1997335, 1788723184.9273398, 1788723185.6887443]","[1, 1, 1, 1, 1, 1, 1, 1, 1, 1, 1, 1, 1, 1, 1, 1, 1, 1, 1, 1, 1, 1, 1, 1, 1, 1, 1, 1, 1, 1, 1, 1, 1, 1, 1, 1, 1, 1, 1, 1, 1, 1, 1, 1, 1, 1, 1, 1, 1, 1, 1, 1, 1, 1, 1, 1, 1, 1, 1, 1, 1, 1, 1, 1, 1, 1, 1, 1, 1, 1, 1, 1, 1, 1, 1, 1, 1, 1, 1, 1, 1, 1, 1, 1, 1, 1, 1, 1, 1, 1, 1, 1, 1, 1, 1, 1, 1, 1, 1, 1, 1, 1, 1, 1, 1, 1, 1, 1, 1, 1, 1, 1, 1, 1, 1, 1, 1, 1, 1, 1, 1, 1, 1, 1, 1, 1, 1, 1, 1, 1, 1, 1, 1, 1, 1, 1, 1, 1, 1, 1, 1, 1, 1, 1, 1, 1, 1, 1, 1, 1, 1, 1, 1, 1, 1, 1, 1, 1, 1, 1, 1, 1, 1, 1, 1, 1, 1, 1, 1, 1, 1, 1, 1, 1, 1, 1, 1, 1, 1, 1, 1, 1, 1, 1, 1]"
User-003,0,trace_0714,1788723208.8739848,streaming,21916,225,225,0,342,492.2726500034332,647.9667999744415,0.69506316951343,0.0,0,True,,1788722560.9071162,1788723053.1797662,1788723208.8739161,"[1788723053.1797662, 1788723053.743739, 1788723054.3750775, 1788723055.0398593, 1788723055.747159, 1788723056.4834054, 1788723057.2382822, 1788723058.0318727, 1788723058.6431952, 1788723059.2253366, 1788723059.8694253, 1788723060.5413232, 1788723061.248978, 1788723061.9811993, 1788723062.7437918, 1788723063.5394206, 1788723064.199415, 1788723064.7760131, 1788723065.4114413, 1788723066.095423, 1788723066.8136466, 1788723067.54772, 1788723068.3193057, 1788723069.1220891, 1788723069.7438745, 1788723070.3294911, 1788723070.968459, 1788723071.644654, 1788723072.345848, 1788723073.0751553, 1788723073.835121, 1788723074.6303391, 1788723075.45299, 1788723076.3412201, 1788723076.8929222, 1788723077.532129, 1788723078.1978786, 1788723078.8953526, 1788723079.6153052, 1788723080.3645859, 1788723081.1443865, 1788723082.0107808, 1788723082.79108, 1788723083.449814, 1788723084.0262806, 1788723084.664452, 1788723085.3358414, 1788723086.0419173, 1788723086.771872, 1788723087.5342615, 1788723088.3209484, 1788723088.9040253, 1788723089.5435085, 1788723090.2154663, 1788723090.9167387, 1788723091.6399758, 1788723092.3961875, 1788723093.1135426, 1788723093.687083, 1788723094.3121867, 1788723094.9701197, 1788723095.6616015, 1788723096.3810818, 1788723097.1270907, 1788723097.907905, 1788723098.586613, 1788723099.1876495, 1788723099.8350072, 1788723100.5137372, 1788723101.223584, 1788723101.956313, 1788723102.7149456, 1788723103.461964, 1788723104.0293648, 1788723104.6497214, 1788723105.3044152, 1788723105.9897184, 1788723106.704684, 1788723107.457781, 1788723108.2497666, 1788723109.078608, 1788723109.6431158, 1788723110.2731185, 1788723110.937233, 1788723111.6452727, 1788723112.353671, 1788723113.1048286, 1788723113.8871875, 1788723114.6975656, 1788723115.5363169, 1788723116.436667, 1788723116.98621, 1788723117.6005273, 1788723118.24437, 1788723118.9196582, 1788723119.6289961, 1788723120.361887, 1788723121.1259534, 1788723121.814377, 1788723122.3931584, 1788723123.0207975, 1788723123.6824033, 1788723124.3782365, 1788723125.1047473, 1788723125.852291, 1788723126.6351368, 1788723127.4464314, 1788723128.069713, 1788723128.6706557, 1788723129.3346496, 1788723130.0220697, 1788723130.7359831, 1788723131.4784198, 1788723132.2499251, 1788723132.8933268, 1788723133.470176, 1788723134.108149, 1788723134.7769887, 1788723135.48268, 1788723136.2111783, 1788723136.9679298, 1788723137.6477592, 1788723138.2256315, 1788723138.857316, 1788723139.5299284, 1788723140.2391078, 1788723140.9734, 1788723141.7386413, 1788723142.3973973, 1788723142.9784822, 1788723143.6124732, 1788723144.2779207, 1788723144.9808187, 1788723145.7099328, 1788723146.4668753, 1788723147.2591693, 1788723147.8654716, 1788723148.4525979, 1788723149.0953348, 1788723149.7722025, 1788723150.4847162, 1788723151.219418, 1788723151.9862204, 1788723152.79042, 1788723153.5474691, 1788723154.1188347, 1788723154.745234, 1788723155.417135, 1788723156.1194067, 1788723156.8519068, 1788723157.612556, 1788723158.402839, 1788723159.2241268, 1788723159.7822948, 1788723160.3995116, 1788723161.0470564, 1788723161.7223172, 1788723162.4334893, 1788723163.1733265, 1788723163.9411824, 1788723164.6680055, 1788723165.2456043, 1788723165.8707607, 1788723166.52508, 1788723167.2176332, 1788723167.9373913, 1788723168.6845617, 1788723169.4142666, 1788723169.9703975, 1788723170.5974343, 1788723171.2541292, 1788723171.9435863, 1788723172.6709776, 1788723173.4200866, 1788723173.9959178, 1788723174.5756364, 1788723175.1901145, 1788723175.7754924, 1788723176.3861902, 1788723177.029797, 1788723177.708943, 1788723178.388033, 1788723178.9759817, 1788723179.6173677, 1788723180.2875547, 1788723180.9826524, 1788723181.6151674, 1788723182.2024808, 1788723182.8394156, 1788723183.5054932, 1788723184.2102237, 1788723184.9393623, 1788723185.6996489, 1788723186.4936538, 1788723187.3032548, 1788723187.8581946, 1788723188.4783733, 1788723189.1274514, 1788723189.8075783, 1788723190.52015, 1788723191.26559, 1788723192.040546, 1788723192.8464932, 1788723193.6884997, 1788723194.556166, 1788723195.4552503, 1788723196.3875122, 1788723197.0370076, 1788723197.6116376, 1788723198.2514248, 1788723198.9260285, 1788723199.6325061, 1788723200.3632004, 1788723201.1258101, 1788723201.9154665, 1788723202.6866312, 1788723203.2333636, 1788723203.8585145, 1788723204.5137844, 1788723205.2046003, 1788723205.9252775, 1788723206.6636114, 1788723207.4408708, 1788723208.2474182, 1788723208.8705099]","[1, 1, 1, 1, 1, 1, 1, 1, 1, 1, 1, 1, 1, 1, 1, 1, 1, 1, 1, 1, 1, 1, 1, 1, 1, 1, 1, 1, 1, 1, 1, 1, 1, 1, 1, 1, 1, 1, 1, 1, 1, 1, 1, 1, 1, 1, 1, 1, 1, 1, 1, 1, 1, 1, 1, 1, 1, 1, 1, 1, 1, 1, 1, 1, 1, 1, 1, 1, 1, 1, 1, 1, 1, 1, 1, 1, 1, 1, 1, 1, 1, 1, 1, 1, 1, 1, 1, 1, 1, 1, 1, 1, 1, 1, 1, 1, 1, 1, 1, 1, 1, 1, 1, 1, 1, 1, 1, 1, 1, 1, 1, 1, 1, 1, 1, 1, 1, 1, 1, 1, 1, 1, 1, 1, 1, 1, 1, 1, 1, 1, 1, 1, 1, 1, 1, 1, 1, 1, 1, 1, 1, 1, 1, 1, 1, 1, 1, 1, 1, 1, 1, 1, 1, 1, 1, 1, 1, 1, 1, 1, 1, 1, 1, 1, 1, 1, 1, 1, 1, 1, 1, 1, 1, 1, 1, 1, 1, 1, 1, 1, 1, 1, 1, 1, 1, 1, 1, 1, 1, 1, 1, 1, 1, 1, 1, 1, 1, 1, 1, 1, 1, 1, 1, 1, 1, 1, 1, 1, 1, 1, 1, 1, 1, 1, 1, 1, 1, 1, 1, 1, 1, 1, 1, 1, 1]"
