user_id,request_idx,trace_id,timestamp,request_type,input_tokens,output_tokens_expected,output_tokens_actual,cache_hit_blocks,cache_miss_blocks,ttft,ttlt,itl,delay_expected,delay_actual,success,error_message,request_start_time,prefill_complete_time,request_complete_time,token_timestamps,tokens_per_chunk
User-048,3,trace_0546,1788728580.7702503,streaming,14089,78,78,213,4,19.476504802703857,52.24705457687378,0.42559155550870026,5.0,0,True,,1788728528.5231268,1788728547.9996316,1788728580.7701814,"[1788728547.9996316, 1788728548.5987678, 1788728549.2516382, 1788728549.926058, 1788728550.6379845, 1788728551.3820963, 1788728552.156152, 1788728552.9664257, 1788728553.8076334, 1788728554.4807363, 1788728555.072604, 1788728555.7266152, 1788728556.4143426, 1788728557.126562, 1788728557.8753116, 1788728558.655313, 1788728559.407198, 1788728559.9893017, 1788728560.6335337, 1788728561.304489, 1788728562.0053513, 1788728562.7423584, 1788728563.5057983, 1788728564.3048034, 1788728565.1446395, 1788728565.7151337, 1788728566.348268, 1788728567.013008, 1788728567.7051396, 1788728568.4295502, 1788728569.186676, 1788728569.9743161, 1788728570.7771287, 1788728571.3565035, 1788728571.9946952, 1788728572.6613953, 1788728573.3587244, 1788728574.085884, 1788728574.8457575, 1788728575.6339712, 1788728576.4577756, 1788728577.3113463, 1788728578.176487, 1788728578.748406, 1788728579.3899925, 1788728580.0641038, 1788728580.7688043]","[1, 1, 1, 1, 1, 1, 1, 1, 3, 1, 2, 2, 1, 1, 5, 3, 1, 2, 1, 1, 3, 1, 2, 2, 1, 1, 2, 1, 2, 2, 3, 1, 2, 1, 2, 1, 1, 1, 2, 1, 1, 1, 1, 3, 3, 5, 1]"
User-033,2,trace_0538,1788728588.11181,streaming,10677,118,118,159,3,15.697463035583496,59.800862312316895,0.3769521305703709,8.0,0,True,,1788728528.3108535,1788728544.0083165,1788728588.1117158,"[1788728544.0083165, 1788728544.6023252, 1788728545.2391317, 1788728545.9100668, 1788728546.611227, 1788728547.3472848, 1788728547.9971213, 1788728548.5966823, 1788728549.2495222, 1788728549.9239695, 1788728550.6357896, 1788728551.380042, 1788728552.1540847, 1788728552.9642634, 1788728553.8055286, 1788728554.4791873, 1788728555.0706408, 1788728555.724698, 1788728556.4098995, 1788728557.1249754, 1788728557.873671, 1788728558.6533263, 1788728559.4043539, 1788728559.9871554, 1788728560.6310937, 1788728561.3020296, 1788728562.0028672, 1788728562.7379735, 1788728563.50348, 1788728564.302668, 1788728565.141239, 1788728565.7122324, 1788728566.3452516, 1788728567.0099623, 1788728567.7024772, 1788728568.4265666, 1788728569.1837118, 1788728569.9713583, 1788728570.7735727, 1788728571.3531065, 1788728571.989001, 1788728572.6581, 1788728573.3550575, 1788728574.0823789, 1788728574.8400502, 1788728575.6307604, 1788728576.454286, 1788728577.3081942, 1788728578.1720257, 1788728578.7443721, 1788728579.3860667, 1788728580.0600247, 1788728580.7647011, 1788728581.502253, 1788728582.2727416, 1788728583.0751152, 1788728583.9087453, 1788728584.768983, 1788728585.4185634, 1788728586.0287712, 1788728586.6926665, 1788728587.3818996, 1788728588.106234]","[1, 1, 1, 2, 3, 3, 3, 1, 2, 3, 1, 1, 2, 3, 2, 1, 2, 1, 2, 3, 1, 1, 2, 2, 1, 2, 2, 2, 2, 2, 1, 2, 3, 1, 2, 2, 1, 1, 5, 4, 1, 1, 2, 1, 1, 2, 1, 2, 2, 1, 1, 2, 1, 2, 2, 1, 1, 4, 4, 4, 2, 2, 1]"
User-005,0,trace_0568,1788728619.3802981,streaming,20311,131,131,0,317,37.92055940628052,92.15649271011353,0.4171994869525616,0.0,0,True,,1788728527.2235649,1788728565.1441243,1788728619.3800576,"[1788728565.1441243, 1788728565.714603, 1788728566.3477485, 1788728567.0124376, 1788728567.7046428, 1788728568.4290476, 1788728569.18617, 1788728569.9737966, 1788728570.7766237, 1788728571.3560028, 1788728571.9941177, 1788728572.660837, 1788728573.358008, 1788728574.0853636, 1788728574.8426864, 1788728575.6334748, 1788728576.4572647, 1788728577.3108382, 1788728578.1759863, 1788728578.7478883, 1788728579.3894804, 1788728580.0635474, 1788728580.7682025, 1788728581.5056975, 1788728582.2763286, 1788728583.0783155, 1788728583.911918, 1788728584.7725046, 1788728585.4225297, 1788728586.0327897, 1788728586.6967432, 1788728587.3854663, 1788728588.1107, 1788728588.8671443, 1788728589.6635957, 1788728590.482443, 1788728591.0665877, 1788728591.7024367, 1788728592.3729744, 1788728593.0714066, 1788728593.8003583, 1788728594.5582654, 1788728595.3117154, 1788728595.9029608, 1788728596.548822, 1788728597.2238712, 1788728597.9299278, 1788728598.6656108, 1788728599.4288526, 1788728600.231008, 1788728601.067842, 1788728601.7644534, 1788728602.3612628, 1788728603.0199618, 1788728603.7107894, 1788728604.4307501, 1788728605.1792989, 1788728605.9645095, 1788728606.7889557, 1788728607.3732576, 1788728608.0122366, 1788728608.6861956, 1788728609.3807218, 1788728610.1091986, 1788728610.8656716, 1788728611.655436, 1788728612.397147, 1788728612.9923823, 1788728613.6452434, 1788728614.3271654, 1788728615.0385933, 1788728615.7817504, 1788728616.547874, 1788728617.3556092, 1788728618.1216486, 1788728618.7177382, 1788728619.3776143]","[1, 1, 1, 2, 1, 1, 1, 1, 2, 1, 2, 3, 2, 2, 1, 1, 1, 2, 1, 2, 1, 1, 1, 3, 2, 2, 1, 2, 2, 3, 1, 2, 3, 2, 2, 1, 3, 2, 2, 1, 2, 1, 2, 3, 2, 2, 1, 1, 1, 2, 3, 1, 2, 3, 2, 1, 1, 1, 2, 1, 1, 2, 1, 2, 3, 2, 2, 1, 2, 2, 3, 1, 2, 2, 1, 2, 2]"
User-004,0,trace_0629,1788728632.5948179,streaming,18361,185,185,0,286,32.23723125457764,105.42518877983093,0.3977606387242027,0.0,0,True,,1788728527.1694105,1788728559.4066417,1788728632.5945992,"[1788728559.4066417, 1788728559.9887912, 1788728560.6330175, 1788728561.3039773, 1788728562.0048494, 1788728562.741777, 1788728563.5052748, 1788728564.304302, 1788728565.1432528, 1788728565.7141044, 1788728566.3472037, 1788728567.0119233, 1788728567.7040935, 1788728568.428542, 1788728569.1856575, 1788728569.9732895, 1788728570.7752886, 1788728571.3549962, 1788728571.9906583, 1788728572.6597314, 1788728573.356907, 1788728574.0843382, 1788728574.8416002, 1788728575.632453, 1788728576.4562328, 1788728577.3097608, 1788728578.174961, 1788728578.746805, 1788728579.3884864, 1788728580.0624604, 1788728580.767186, 1788728581.5045187, 1788728582.2752202, 1788728583.0772574, 1788728583.910943, 1788728584.7714956, 1788728585.4207644, 1788728586.031223, 1788728586.6952384, 1788728587.3839905, 1788728588.109004, 1788728588.8656006, 1788728589.6620984, 1788728590.4809544, 1788728591.0651157, 1788728591.7009783, 1788728592.3714366, 1788728593.0695045, 1788728593.7988703, 1788728594.5567436, 1788728595.3093913, 1788728595.900926, 1788728596.5467694, 1788728597.221824, 1788728597.9278157, 1788728598.66364, 1788728599.4268112, 1788728600.2290063, 1788728601.0657792, 1788728601.762237, 1788728602.359317, 1788728603.0177975, 1788728603.7087429, 1788728604.4287033, 1788728605.1773293, 1788728605.962253, 1788728606.7869668, 1788728607.3711398, 1788728608.010201, 1788728608.6840394, 1788728609.378714, 1788728610.107235, 1788728610.863665, 1788728611.654293, 1788728612.395083, 1788728612.9898245, 1788728613.643141, 1788728614.3251755, 1788728615.0365086, 1788728615.7794595, 1788728616.545811, 1788728617.3533785, 1788728618.1196396, 1788728618.7156734, 1788728619.375438, 1788728620.0471692, 1788728620.765889, 1788728621.5184438, 1788728622.2936308, 1788728623.1028092, 1788728623.8124216, 1788728624.413727, 1788728625.0707684, 1788728625.762409, 1788728626.4830978, 1788728627.231836, 1788728628.0110571, 1788728628.816785, 1788728629.6614134, 1788728630.5390124, 1788728631.3339605, 1788728631.927389, 1788728632.5899878]","[1, 1, 1, 1, 3, 1, 4, 2, 4, 1, 1, 1, 1, 1, 2, 1, 1, 2, 2, 3, 3, 2, 1, 2, 3, 2, 2, 1, 1, 1, 2, 1, 3, 2, 2, 2, 2, 2, 3, 2, 2, 1, 1, 1, 2, 2, 1, 1, 2, 1, 1, 1, 1, 1, 1, 1, 1, 2, 1, 1, 1, 5, 1, 3, 1, 2, 4, 2, 1, 3, 3, 4, 2, 1, 3, 1, 1, 3, 3, 1, 4, 1, 1, 2, 1, 1, 1, 3, 1, 4, 4, 3, 1, 1, 1, 1, 1, 1, 1, 1, 3, 4, 1]"
User-003,0,trace_0714,1788728642.1222298,streaming,21916,225,225,0,342,27.354705572128296,114.9983434677124,0.3912662406052862,0.0,0,True,,1788728527.1237755,1788728554.478481,1788728642.122119,"[1788728554.478481, 1788728555.069846, 1788728555.7239282, 1788728556.4091449, 1788728557.1242566, 1788728557.8730705, 1788728558.6525064, 1788728559.4035282, 1788728559.9861827, 1788728560.6302533, 1788728561.3012254, 1788728562.002235, 1788728562.7369933, 1788728563.5025077, 1788728564.301862, 1788728565.1405075, 1788728565.7114034, 1788728566.3444564, 1788728567.0091798, 1788728567.701802, 1788728568.4257457, 1788728569.1828473, 1788728569.9705145, 1788728570.7729595, 1788728571.352113, 1788728571.9884043, 1788728572.6572978, 1788728573.3541808, 1788728574.0815616, 1788728574.8393574, 1788728575.6297789, 1788728576.4534557, 1788728577.307526, 1788728578.171299, 1788728578.7435815, 1788728579.3852272, 1788728580.0591788, 1788728580.7638736, 1788728581.501435, 1788728582.2719643, 1788728583.0744703, 1788728583.90777, 1788728584.7681136, 1788728585.4177244, 1788728586.0280757, 1788728586.6918275, 1788728587.3808, 1788728588.105088, 1788728588.8628566, 1788728589.6597195, 1788728590.478482, 1788728591.0625076, 1788728591.6981993, 1788728592.3690438, 1788728593.06722, 1788728593.7964814, 1788728594.553853, 1788728595.306353, 1788728595.8985527, 1788728596.543767, 1788728597.219457, 1788728597.9248688, 1788728598.6606226, 1788728599.4244192, 1788728600.2265363, 1788728601.0629935, 1788728601.7550342, 1788728602.3561754, 1788728603.014475, 1788728603.7058702, 1788728604.4253588, 1788728605.1743734, 1788728605.958544, 1788728606.7819693, 1788728607.367151, 1788728608.0063944, 1788728608.6768785, 1788728609.3749862, 1788728610.103348, 1788728610.8598168, 1788728611.650554, 1788728612.391394, 1788728612.9863634, 1788728613.6392872, 1788728614.3217638, 1788728615.03268, 1788728615.772674, 1788728616.5423362, 1788728617.3496277, 1788728618.1151366, 1788728618.711259, 1788728619.3711655, 1788728620.0428975, 1788728620.7614374, 1788728621.5111237, 1788728622.2889588, 1788728623.0985043, 1788728623.8072424, 1788728624.4088266, 1788728625.0661967, 1788728625.7575855, 1788728626.4780328, 1788728627.2270465, 1788728628.0025802, 1788728628.81242, 1788728629.6564984, 1788728630.5337932, 1788728631.3293347, 1788728631.9222264, 1788728632.585403, 1788728633.271157, 1788728633.9943721, 1788728634.7474337, 1788728635.5276926, 1788728636.3425124, 1788728637.1859028, 1788728638.0568652, 1788728638.9599786, 1788728639.8892233, 1788728640.8522773, 1788728641.502051, 1788728642.116896]","[1, 1, 1, 1, 3, 1, 4, 2, 4, 1, 1, 1, 1, 1, 2, 1, 1, 2, 2, 3, 3, 2, 1, 2, 3, 2, 2, 2, 1, 2, 1, 3, 4, 1, 1, 4, 2, 2, 3, 1, 3, 2, 2, 1, 1, 1, 2, 2, 1, 1, 2, 1, 1, 1, 1, 1, 1, 2, 1, 2, 1, 1, 1, 1, 2, 2, 2, 1, 3, 1, 2, 4, 2, 1, 3, 1, 4, 4, 1, 3, 1, 1, 3, 3, 1, 4, 1, 1, 2, 1, 1, 1, 3, 1, 4, 4, 3, 1, 1, 1, 1, 1, 1, 1, 1, 3, 4, 2, 2, 2, 1, 1, 1, 2, 3, 5, 3, 2, 1, 1, 3, 1]"
User-043,0,trace_0052,1788728662.2518728,streaming,15183,328,328,0,236,13.511194467544556,134.34370923042297,0.3695183937702704,0.0,0,True,,1788728527.9080796,1788728541.419274,1788728662.2517889,"[1788728541.419274, 1788728542.0107024, 1788728542.657836, 1788728543.337592, 1788728544.0088608, 1788728544.6029007, 1788728545.2396777, 1788728545.9106016, 1788728546.6118248, 1788728547.347857, 1788728548.000153, 1788728548.5992985, 1788728549.252169, 1788728549.92659, 1788728550.6385207, 1788728551.3826153, 1788728552.1566813, 1788728552.967035, 1788728553.8081653, 1788728554.481243, 1788728555.0731392, 1788728555.7272446, 1788728556.4149127, 1788728557.1271086, 1788728557.8758512, 1788728558.6558871, 1788728559.4077172, 1788728559.989831, 1788728560.6340532, 1788728561.3049974, 1788728562.0058699, 1788728562.742976, 1788728563.5063763, 1788728564.3053257, 1788728565.1451461, 1788728565.7156484, 1788728566.348824, 1788728567.0135314, 1788728567.7056427, 1788728568.4300785, 1788728569.1872377, 1788728569.9748547, 1788728570.7776642, 1788728571.3570027, 1788728571.9952397, 1788728572.6619358, 1788728573.3593256, 1788728574.0864372, 1788728574.846334, 1788728575.6344745, 1788728576.4582858, 1788728577.3118644, 1788728578.1770008, 1788728578.7489378, 1788728579.3905375, 1788728580.0646296, 1788728580.7696328, 1788728581.5062716, 1788728582.2768543, 1788728583.0788264, 1788728583.9124048, 1788728584.7730525, 1788728585.423018, 1788728586.0333488, 1788728586.6972332, 1788728587.3859518, 1788728588.1112459, 1788728588.867659, 1788728589.664084, 1788728590.4844663, 1788728591.0676193, 1788728591.7034824, 1788728592.3739674, 1788728593.0723813, 1788728593.8019466, 1788728594.5593283, 1788728595.3127131, 1788728595.9039772, 1788728596.5498934, 1788728597.2248414, 1788728597.9310036, 1788728598.6667178, 1788728599.429827, 1788728600.2320647, 1788728601.0688627, 1788728601.7654953, 1788728602.3622797, 1788728603.0209572, 1788728603.7123835, 1788728604.4317412, 1788728605.1802795, 1788728605.9655175, 1788728606.7899325, 1788728607.3742435, 1788728608.0132196, 1788728608.6872492, 1788728609.3817072, 1788728610.1101856, 1788728610.8666663, 1788728611.6559467, 1788728612.3990285, 1788728612.9939399, 1788728613.6467714, 1788728614.3286636, 1788728615.0401719, 1788728615.783325, 1788728616.5495777, 1788728617.3571386, 1788728618.1231995, 1788728618.7192576, 1788728619.3795338, 1788728620.0503116, 1788728620.7689283, 1788728621.5215955, 1788728622.2970543, 1788728623.1058733, 1788728623.815517, 1788728624.4165697, 1788728625.073709, 1788728625.765482, 1788728626.4861178, 1788728627.2349553, 1788728628.0142434, 1788728628.819771, 1788728629.6644285, 1788728630.5421567, 1788728631.3378463, 1788728631.931009, 1788728632.594205, 1788728633.2792964, 1788728634.0026488, 1788728634.7553084, 1788728635.537087, 1788728636.3505745, 1788728637.194079, 1788728638.064452, 1788728638.9681118, 1788728639.896951, 1788728640.8601913, 1788728641.5111535, 1788728642.1264048, 1788728642.8070724, 1788728643.5200803, 1788728644.2661169, 1788728645.038994, 1788728645.8435593, 1788728646.5377233, 1788728647.1427734, 1788728647.805657, 1788728648.504751, 1788728649.2247803, 1788728649.9756188, 1788728650.7556646, 1788728651.5698135, 1788728652.1630309, 1788728652.8092124, 1788728653.4830716, 1788728654.1893666, 1788728654.9266443, 1788728655.6932552, 1788728656.4951563, 1788728657.1914086, 1788728657.8034322, 1788728658.4672527, 1788728659.1643028, 1788728659.8899825, 1788728660.6455333, 1788728661.4311912, 1788728662.2511103]","[1, 1, 1, 1, 3, 1, 4, 2, 4, 1, 1, 2, 1, 2, 1, 1, 2, 2, 3, 3, 2, 1, 2, 3, 2, 2, 1, 1, 1, 2, 1, 3, 4, 1, 1, 4, 2, 2, 2, 1, 3, 2, 1, 1, 2, 2, 1, 1, 2, 1, 1, 1, 1, 4, 1, 1, 2, 2, 3, 2, 2, 1, 1, 1, 1, 1, 1, 1, 2, 2, 3, 4, 1, 1, 1, 3, 5, 1, 1, 3, 3, 4, 2, 1, 3, 3, 1, 1, 2, 1, 4, 3, 1, 1, 2, 1, 1, 1, 2, 1, 5, 3, 3, 1, 1, 1, 1, 1, 1, 1, 1, 3, 3, 1, 1, 1, 2, 1, 6, 3, 2, 1, 4, 5, 2, 1, 2, 1, 3, 1, 1, 2, 2, 3, 1, 3, 1, 1, 2, 5, 3, 4, 1, 1, 4, 1, 1, 1, 1, 3, 5, 2, 1, 4, 5, 1, 1, 2, 1, 4, 1, 3, 1, 3, 1, 3, 1, 1, 2]"
User-020,0,trace_0108,1788728681.409143,streaming,16565,219,219,0,258,67.67633652687073,153.77421355247498,0.3949443900257076,0.0,0,True,,1788728527.634875,1788728595.3112116,1788728681.4090886,"[1788728595.3112116, 1788728595.902466, 1788728596.5482967, 1788728597.2233884, 1788728597.929433, 1788728598.6651225, 1788728599.4283495, 1788728600.2304978, 1788728601.0672882, 1788728601.7639692, 1788728602.3607788, 1788728603.019473, 1788728603.7102885, 1788728604.4301898, 1788728605.178816, 1788728605.9637735, 1788728606.7884562, 1788728607.3727624, 1788728608.0117528, 1788728608.6857, 1788728609.38023, 1788728610.1087139, 1788728610.8651843, 1788728611.6551795, 1788728612.3966553, 1788728612.991864, 1788728613.6447494, 1788728614.3266606, 1788728615.0380268, 1788728615.7812285, 1788728616.5473588, 1788728617.3550642, 1788728618.1211445, 1788728618.7172308, 1788728619.377072, 1788728620.0487568, 1788728620.767518, 1788728621.5200908, 1788728622.2954931, 1788728623.1044514, 1788728623.8139894, 1788728624.4152842, 1788728625.0722864, 1788728625.7639563, 1788728626.484616, 1788728627.2335072, 1788728628.0126603, 1788728628.8182547, 1788728629.6628942, 1788728630.5406704, 1788728631.3354938, 1788728631.929057, 1788728632.5922606, 1788728633.2777805, 1788728634.0010633, 1788728634.753737, 1788728635.5340462, 1788728636.3489735, 1788728637.1925216, 1788728638.0629148, 1788728638.966413, 1788728639.8953056, 1788728640.8586395, 1788728641.5086856, 1788728642.1243188, 1788728642.8049586, 1788728643.5180056, 1788728644.2640994, 1788728645.037044, 1788728645.8414745, 1788728646.5348654, 1788728647.1403732, 1788728647.8031492, 1788728648.5004213, 1788728649.2220097, 1788728649.9730847, 1788728650.7530546, 1788728651.5660372, 1788728652.1599712, 1788728652.8059886, 1788728653.4801323, 1788728654.1863873, 1788728654.9236727, 1788728655.690192, 1788728656.4917097, 1788728657.1876025, 1788728657.7999344, 1788728658.4633865, 1788728659.1601772, 1788728659.8865166, 1788728660.642282, 1788728661.4277203, 1788728662.2484398, 1788728662.9953642, 1788728663.6209989, 1788728664.3018956, 1788728665.0078743, 1788728665.7444475, 1788728666.5093927, 1788728667.305923, 1788728668.1223347, 1788728668.9784093, 1788728669.7824829, 1788728670.3826163, 1788728671.040329, 1788728671.7232742, 1788728672.4415169, 1788728673.1920662, 1788728673.9677365, 1788728674.7717085, 1788728675.6062484, 1788728676.3502643, 1788728676.957335, 1788728677.6214724, 1788728678.3145475, 1788728679.0393472, 1788728679.7949388, 1788728680.5779881, 1788728681.4043577]","[1, 1, 1, 1, 3, 1, 4, 2, 4, 1, 1, 2, 1, 2, 1, 1, 2, 3, 2, 3, 2, 1, 2, 3, 2, 2, 1, 1, 1, 2, 1, 3, 2, 2, 2, 2, 2, 3, 2, 1, 1, 1, 1, 1, 2, 2, 1, 1, 2, 1, 1, 1, 1, 1, 1, 2, 1, 2, 2, 1, 1, 2, 2, 2, 1, 1, 1, 2, 4, 2, 1, 3, 3, 4, 2, 1, 3, 1, 1, 3, 3, 1, 4, 1, 1, 2, 1, 1, 1, 3, 1, 4, 4, 3, 1, 1, 1, 1, 1, 1, 1, 1, 3, 3, 1, 1, 1, 4, 1, 2, 2, 3, 5, 3, 2, 1, 4, 3, 2]"
User-023,0,trace_0562,1788728683.1267705,streaming,20882,175,175,0,325,74.07024431228638,155.44018244743347,0.4676433226157879,0.0,0,True,,1788728527.6864986,1788728601.756743,1788728683.126681,"[1788728601.756743, 1788728602.3570642, 1788728603.0156722, 1788728603.706685, 1788728604.4264948, 1788728605.1752417, 1788728605.9596732, 1788728606.78272, 1788728607.3680067, 1788728608.0075774, 1788728608.6780329, 1788728609.3760612, 1788728610.1044629, 1788728610.8610134, 1788728611.6520154, 1788728612.3922496, 1788728612.9872544, 1788728613.640137, 1788728614.3224645, 1788728615.0335565, 1788728615.773495, 1788728616.5430737, 1788728617.3506713, 1788728618.1159856, 1788728618.712076, 1788728619.3722155, 1788728620.0439477, 1788728620.7623038, 1788728621.5119736, 1788728622.289963, 1788728623.0995064, 1788728623.8081224, 1788728624.4097776, 1788728625.0669587, 1788728625.758543, 1788728626.478925, 1788728627.2280593, 1788728628.0035334, 1788728628.813131, 1788728629.657357, 1788728630.534903, 1788728631.3301876, 1788728631.9233136, 1788728632.586351, 1788728633.2722123, 1788728633.9954946, 1788728634.7483726, 1788728635.528297, 1788728636.3435316, 1788728637.186763, 1788728638.057489, 1788728638.960978, 1788728639.889853, 1788728640.8532543, 1788728641.5029893, 1788728642.1182175, 1788728642.797341, 1788728643.5119624, 1788728644.2580078, 1788728645.0309353, 1788728645.835479, 1788728646.5290642, 1788728647.134344, 1788728647.797389, 1788728648.4941878, 1788728649.2158508, 1788728649.967199, 1788728650.7473092, 1788728651.560601, 1788728652.1537347, 1788728652.7994251, 1788728653.474538, 1788728654.1808352, 1788728654.9176261, 1788728655.6814082, 1788728656.4853666, 1788728657.1821055, 1788728657.794226, 1788728658.4570045, 1788728659.154578, 1788728659.880635, 1788728660.6354935, 1788728661.4189072, 1788728662.2433445, 1788728662.9889886, 1788728663.6150727, 1788728664.2952979, 1788728665.0012946, 1788728665.737704, 1788728666.5031996, 1788728667.297293, 1788728668.1192353, 1788728668.971763, 1788728669.7844937, 1788728670.3846338, 1788728671.0422564, 1788728671.7252285, 1788728672.4434764, 1788728673.1940627, 1788728673.9697518, 1788728674.773776, 1788728675.6082976, 1788728676.3523855, 1788728676.9593484, 1788728677.6234257, 1788728678.3165495, 1788728679.0413089, 1788728679.7968462, 1788728680.5800085, 1788728681.4067981, 1788728682.23485, 1788728683.1237307]","[1, 1, 1, 1, 4, 1, 1, 1, 4, 1, 1, 2, 2, 1, 1, 1, 2, 2, 1, 1, 2, 2, 1, 1, 2, 1, 2, 3, 1, 1, 1, 3, 3, 1, 2, 1, 1, 1, 3, 1, 1, 2, 2, 1, 1, 3, 1, 1, 2, 1, 4, 1, 2, 1, 2, 2, 2, 1, 2, 3, 1, 1, 1, 1, 1, 2, 1, 1, 2, 1, 1, 2, 1, 1, 1, 1, 1, 2, 1, 1, 2, 1, 1, 1, 1, 2, 2, 2, 1, 1, 2, 3, 1, 1, 2, 4, 3, 2, 1, 1, 1, 2, 2, 1, 1, 1, 1, 3, 4, 1, 1, 1]"
User-009,0,trace_0313,1788728684.025564,streaming,12330,368,368,0,192,10.02984881401062,156.6891965866089,0.39961675142397346,0.0,0,True,,1788728527.3362694,1788728537.3661182,1788728684.025466,"[1788728537.3661182, 1788728537.9633198, 1788728538.6158645, 1788728539.2980554, 1788728540.0136755, 1788728540.760555, 1788728541.418293, 1788728542.0100935, 1788728542.6572335, 1788728543.3370092, 1788728544.0073264, 1788728544.6017227, 1788728545.2385137, 1788728545.909485, 1788728546.6103935, 1788728547.34665, 1788728547.9986866, 1788728548.5982063, 1788728549.2510865, 1788728549.9255264, 1788728550.6373987, 1788728551.3815565, 1788728552.1556098, 1788728552.965858, 1788728553.8070965, 1788728554.4802315, 1788728555.0720582, 1788728555.726035, 1788728556.4137478, 1788728557.126054, 1788728557.8748, 1788728558.6547596, 1788728559.4057512, 1788728559.9882686, 1788728560.632485, 1788728561.3034484, 1788728562.0041473, 1788728562.7411847, 1788728563.5047362, 1788728564.3037922, 1788728565.142696, 1788728565.7135882, 1788728566.3464847, 1788728567.0113945, 1788728567.7035668, 1788728568.427989, 1788728569.1851237, 1788728569.9727516, 1788728570.7747552, 1788728571.3544464, 1788728571.9901304, 1788728572.659285, 1788728573.3561096, 1788728574.083748, 1788728574.841089, 1788728575.6318986, 1788728576.4556947, 1788728577.3092542, 1788728578.1735299, 1788728578.7457383, 1788728579.3874521, 1788728580.0610921, 1788728580.7661045, 1788728581.5034404, 1788728582.2741444, 1788728583.0762503, 1788728583.9098566, 1788728584.7703788, 1788728585.4197795, 1788728586.0299535, 1788728586.6937342, 1788728587.3829978, 1788728588.1079817, 1788728588.8645768, 1788728589.6610863, 1788728590.4799309, 1788728591.0641966, 1788728591.699975, 1788728592.3704097, 1788728593.0685766, 1788728593.7978394, 1788728594.5552537, 1788728595.3083417, 1788728595.899928, 1788728596.545179, 1788728597.2208242, 1788728597.9263012, 1788728598.662425, 1788728599.425761, 1788728600.2280018, 1788728601.0647728, 1788728601.7578614, 1788728602.3582733, 1788728603.0167768, 1788728603.7077587, 1788728604.4276776, 1788728605.176266, 1788728605.9612453, 1788728606.7859335, 1788728607.3698115, 1788728608.0092125, 1788728608.6830344, 1788728609.3776023, 1788728610.106107, 1788728610.8626134, 1788728611.6537488, 1788728612.3940055, 1788728612.9888284, 1788728613.6420693, 1788728614.3240619, 1788728615.0354884, 1788728615.7783127, 1788728616.54469, 1788728617.352349, 1788728618.1176565, 1788728618.7139864, 1788728619.3738914, 1788728620.0456088, 1788728620.7643135, 1788728621.5135307, 1788728622.2917652, 1788728623.1011813, 1788728623.8099642, 1788728624.4115098, 1788728625.0686085, 1788728625.7602262, 1788728626.4808812, 1788728627.2297497, 1788728628.00516, 1788728628.814681, 1788728629.65919, 1788728630.5367384, 1788728631.331974, 1788728631.9250975, 1788728632.5879483, 1788728633.2740166, 1788728633.9971974, 1788728634.7500353, 1788728635.5299284, 1788728636.3452246, 1788728637.1886914, 1788728638.0592155, 1788728638.962574, 1788728639.8915966, 1788728640.854896, 1788728641.5048823, 1788728642.1199934, 1788728642.8016157, 1788728643.5147948, 1788728644.2608407, 1788728645.033524, 1788728645.8378851, 1788728646.5318284, 1788728647.1370485, 1788728647.8000028, 1788728648.4968097, 1788728649.218601, 1788728649.969786, 1788728650.7499669, 1788728651.5630307, 1788728652.1564927, 1788728652.8022606, 1788728653.4770906, 1788728654.1833832, 1788728654.9203866, 1788728655.6842391, 1788728656.4882717, 1788728657.1847146, 1788728657.79696, 1788728658.4594822, 1788728659.1570618, 1788728659.883087, 1788728660.6383533, 1788728661.4221418, 1788728662.2456331, 1788728662.992313, 1788728663.618053, 1788728664.2988572, 1788728665.00466, 1788728665.7410905, 1788728666.5061982, 1788728667.3007207, 1788728668.1208446, 1788728668.9753122, 1788728669.7855275, 1788728670.385637, 1788728671.0432825, 1788728671.7262497, 1788728672.4445088, 1788728673.1974738, 1788728673.9707444, 1788728674.7748337, 1788728675.6093233, 1788728676.353416, 1788728676.9603515, 1788728677.62444, 1788728678.3175282, 1788728679.0422997, 1788728679.7978442, 1788728680.5810292, 1788728681.4078004, 1788728682.2358358, 1788728683.1247082, 1788728684.018431]","[1, 1, 1, 1, 3, 1, 4, 2, 4, 1, 1, 2, 2, 1, 1, 1, 1, 1, 3, 1, 1, 2, 1, 1, 1, 1, 2, 1, 3, 1, 1, 2, 1, 3, 1, 2, 1, 3, 1, 1, 1, 1, 4, 1, 2, 2, 1, 2, 1, 1, 4, 3, 1, 1, 4, 3, 2, 1, 1, 1, 2, 4, 1, 1, 1, 1, 3, 2, 1, 1, 2, 1, 3, 2, 3, 3, 1, 1, 1, 5, 1, 2, 2, 1, 1, 2, 2, 2, 2, 2, 1, 3, 1, 5, 1, 2, 1, 1, 1, 3, 1, 1, 4, 2, 1, 2, 1, 2, 1, 2, 1, 1, 2, 1, 1, 2, 1, 4, 4, 1, 6, 3, 2, 2, 1, 2, 2, 1, 2, 1, 6, 1, 1, 1, 2, 3, 1, 2, 2, 1, 4, 5, 1, 1, 1, 2, 2, 1, 2, 1, 2, 1, 2, 2, 1, 1, 1, 2, 1, 1, 3, 1, 1, 1, 2, 4, 1, 1, 1, 5, 3, 1, 1, 2, 2, 1, 2, 2, 1, 1, 2, 5, 2, 1, 3, 2, 1, 2, 2, 2, 2, 5, 1, 2, 1, 1, 1, 1, 2, 1, 1, 2, 1, 3]"
User-019,0,trace_0587,1788728687.7309835,streaming,19031,253,253,0,297,62.89364576339722,160.14073848724365,0.3859011616025652,0.0,0,True,,1788728527.590083,1788728590.4837286,1788728687.7308214,"[1788728590.4837286, 1788728591.0670962, 1788728591.7029927, 1788728592.3734841, 1788728593.0718887, 1788728593.8013275, 1788728594.5587852, 1788728595.312208, 1788728595.9034715, 1788728596.5494008, 1788728597.2243543, 1788728597.9304411, 1788728598.6662188, 1788728599.4293427, 1788728600.2315636, 1788728601.0683615, 1788728601.7649515, 1788728602.361755, 1788728603.02047, 1788728603.7117565, 1788728604.4312427, 1788728605.179783, 1788728605.96502, 1788728606.7894402, 1788728607.3737435, 1788728608.0127265, 1788728608.686739, 1788728609.3812213, 1788728610.1096904, 1788728610.8661811, 1788728611.6556957, 1788728612.398503, 1788728612.9934137, 1788728613.6462467, 1788728614.328157, 1788728615.0396445, 1788728615.782798, 1788728616.5489433, 1788728617.3566232, 1788728618.122675, 1788728618.7187402, 1788728619.3790247, 1788728620.0498056, 1788728620.7684226, 1788728621.5210626, 1788728622.2965283, 1788728623.1053407, 1788728623.8149102, 1788728624.416154, 1788728625.073198, 1788728625.764974, 1788728626.4856043, 1788728627.2343912, 1788728628.0136943, 1788728628.8192554, 1788728629.6639137, 1788728630.5416474, 1788728631.337306, 1788728631.930519, 1788728632.5937161, 1788728633.2787945, 1788728634.0021172, 1788728634.754797, 1788728635.5365548, 1788728636.3500059, 1788728637.193571, 1788728638.063915, 1788728638.9675992, 1788728639.8963757, 1788728640.8596678, 1788728641.5106432, 1788728642.1258857, 1788728642.8065348, 1788728643.5195487, 1788728644.2656088, 1788728645.0384746, 1788728645.843039, 1788728646.5363498, 1788728647.1417682, 1788728647.8046544, 1788728648.5019453, 1788728649.223726, 1788728649.9745843, 1788728650.754637, 1788728651.5686095, 1788728652.1619856, 1788728652.8081737, 1788728653.482096, 1788728654.188411, 1788728654.925632, 1788728655.6922548, 1788728656.494021, 1788728657.189556, 1788728657.8019426, 1788728658.4655843, 1788728659.1626644, 1788728659.8885324, 1788728660.6443622, 1788728661.4296436, 1788728662.2499428, 1788728662.9972115, 1788728663.622901, 1788728664.3039002, 1788728665.0096912, 1788728665.7463586, 1788728666.511259, 1788728667.3080454, 1788728668.1232648, 1788728668.9803462, 1788728669.7870357, 1788728670.3870816, 1788728671.0447068, 1788728671.7277215, 1788728672.4459636, 1788728673.1991348, 1788728673.9722457, 1788728674.7759445, 1788728675.6134582, 1788728676.3549192, 1788728676.9618316, 1788728677.625966, 1788728678.3190448, 1788728679.043783, 1788728679.7993572, 1788728680.582509, 1788728681.408532, 1788728682.2373526, 1788728683.1258373, 1788728684.0240574, 1788728684.9535112, 1788728685.6946745, 1788728686.3227148, 1788728687.0058439, 1788728687.7285264]","[1, 1, 1, 1, 3, 1, 4, 2, 4, 1, 1, 1, 1, 1, 2, 1, 1, 2, 2, 3, 3, 2, 1, 2, 3, 2, 2, 1, 1, 1, 2, 1, 3, 2, 2, 2, 2, 2, 3, 2, 2, 1, 1, 1, 2, 2, 1, 1, 2, 1, 1, 1, 1, 1, 1, 1, 2, 1, 1, 2, 2, 4, 1, 2, 5, 3, 2, 2, 2, 4, 1, 3, 2, 3, 1, 3, 3, 1, 1, 2, 1, 1, 2, 1, 1, 2, 5, 4, 1, 3, 1, 1, 1, 1, 1, 1, 4, 3, 2, 2, 1, 1, 2, 2, 4, 3, 2, 4, 3, 4, 1, 2, 1, 1, 2, 1, 1, 2, 2, 1, 2, 1, 3, 1, 1, 2, 5, 4, 4, 1, 1, 2, 1, 1]"
User-029,0,trace_0579,1788728692.6157832,streaming,18429,180,163,0,287,84.6200795173645,164.8377330303192,0.49517070069725133,0.0,0,True,,1788728527.77792,1788728612.3979995,1788728692.615653,"[1788728612.3979995, 1788728612.9928877, 1788728613.6457567, 1788728614.3276618, 1788728615.0391452, 1788728615.782259, 1788728616.5483758, 1788728617.3561304, 1788728618.122164, 1788728618.7182405, 1788728619.3785021, 1788728620.0493078, 1788728622.296012, 1788728624.4157858, 1788728625.7644656, 1788728626.4851124, 1788728628.0131733, 1788728628.8187501, 1788728629.6634076, 1788728630.54115, 1788728631.3359776, 1788728631.9295344, 1788728632.592745, 1788728633.2782633, 1788728634.0015683, 1788728634.7542508, 1788728635.5345478, 1788728636.3494933, 1788728637.1930554, 1788728638.063416, 1788728638.9670787, 1788728639.8957968, 1788728640.8591619, 1788728641.5092647, 1788728642.1248503, 1788728642.8055043, 1788728643.5185006, 1788728644.2645998, 1788728645.8419871, 1788728646.5353744, 1788728647.803658, 1788728648.5009294, 1788728649.2225397, 1788728649.9735835, 1788728650.7535646, 1788728651.5665278, 1788728652.1604688, 1788728652.8065503, 1788728653.480611, 1788728654.1868925, 1788728654.9241657, 1788728655.6907034, 1788728656.4923413, 1788728657.1880786, 1788728657.8004076, 1788728658.463934, 1788728659.160662, 1788728659.8870912, 1788728660.642863, 1788728662.2488172, 1788728662.9958644, 1788728664.3024523, 1788728665.0083468, 1788728665.7449186, 1788728666.5098705, 1788728667.306516, 1788728668.1225595, 1788728668.9789677, 1788728669.7829883, 1788728670.3831859, 1788728671.040813, 1788728671.7237625, 1788728672.4420033, 1788728673.1925905, 1788728673.9682233, 1788728674.7722178, 1788728675.6067567, 1788728676.3507802, 1788728676.9578474, 1788728678.3150673, 1788728679.0398388, 1788728680.5784934, 1788728681.4051929, 1788728682.2333515, 1788728683.1221359, 1788728684.0220366, 1788728684.9515085, 1788728685.6926882, 1788728686.3204308, 1788728687.004287, 1788728687.726517, 1788728688.4629517, 1788728689.2314632, 1788728690.0339656, 1788728690.8587692, 1788728691.7191381, 1788728692.6118171]","[1, 1, 1, 1, 2, 3, 4, 1, 1, 1, 1, 1, 1, 1, 1, 1, 1, 1, 2, 1, 2, 1, 2, 3, 1, 3, 2, 1, 1, 1, 1, 3, 2, 1, 2, 1, 1, 1, 1, 1, 1, 1, 2, 1, 2, 1, 2, 1, 4, 5, 1, 2, 3, 2, 1, 2, 1, 1, 1, 1, 1, 1, 1, 3, 2, 3, 1, 4, 4, 1, 1, 3, 2, 2, 1, 2, 1, 1, 1, 1, 1, 1, 1, 3, 5, 1, 4, 4, 1, 1, 3, 2, 2, 1, 2, 1, 1]"
User-057,0,trace_0276,1788728703.039837,streaming,18280,101,97,0,285,123.42945313453674,174.901141166687,0.5361634170015653,0.0,0,True,,1788728528.13863,1788728651.568083,1788728703.039771,"[1788728651.568083, 1788728652.1614852, 1788728652.8076153, 1788728653.4815903, 1788728654.1879032, 1788728654.9251437, 1788728655.6917512, 1788728656.493477, 1788728657.189031, 1788728657.8014503, 1788728658.4650404, 1788728659.1620185, 1788728659.8880517, 1788728660.643975, 1788728661.4291446, 1788728662.2495735, 1788728663.6224174, 1788728664.30342, 1788728665.7458994, 1788728667.3075626, 1788728668.1230445, 1788728669.7801201, 1788728670.3802886, 1788728671.0381937, 1788728671.7210383, 1788728672.4392984, 1788728673.1900074, 1788728673.9655595, 1788728674.769612, 1788728675.6041927, 1788728676.347386, 1788728676.9545743, 1788728677.6187673, 1788728678.3118849, 1788728679.036654, 1788728679.792208, 1788728680.5753024, 1788728681.4014618, 1788728682.230635, 1788728683.1195302, 1788728684.0230339, 1788728684.952511, 1788728685.6936805, 1788728686.3217351, 1788728687.0050585, 1788728687.727515, 1788728688.4639366, 1788728689.2324452, 1788728690.0350318, 1788728690.8597665, 1788728691.7201366, 1788728692.6131487, 1788728693.520664, 1788728694.4660316, 1788728695.413276, 1788728695.997108, 1788728696.6484466, 1788728697.331493, 1788728698.0420423, 1788728698.7870286, 1788728699.559686, 1788728700.3595483, 1788728701.0309193, 1788728701.6507773, 1788728702.3242822, 1788728703.0370908]","[1, 1, 3, 2, 1, 1, 2, 1, 2, 2, 1, 1, 2, 2, 1, 1, 1, 1, 1, 1, 1, 1, 1, 1, 2, 2, 1, 2, 1, 1, 2, 3, 2, 1, 1, 1, 1, 1, 1, 2, 1, 2, 1, 1, 1, 1, 1, 2, 2, 2, 2, 3, 1, 2, 1, 2, 1, 2, 1, 1, 1, 1, 1, 4, 3, 1]"
User-026,0,trace_0569,1788728711.2568002,streaming,18579,191,188,0,289,79.05163526535034,183.52354192733765,0.5586732976576861,0.0,0,True,,1788728527.7331553,1788728606.7847905,1788728711.2566972,"[1788728606.7847905, 1788728607.3685622, 1788728608.0081677, 1788728608.6787004, 1788728609.37659, 1788728610.10506, 1788728610.8616056, 1788728611.653081, 1788728612.3929682, 1788728612.9878204, 1788728613.6406887, 1788728614.3230321, 1788728615.0343604, 1788728615.7743013, 1788728616.5436578, 1788728617.3513145, 1788728618.116717, 1788728618.7128801, 1788728619.3728466, 1788728620.0445585, 1788728620.7629273, 1788728621.5125072, 1788728622.2905712, 1788728623.1001105, 1788728623.8088741, 1788728624.410403, 1788728625.0675366, 1788728625.759157, 1788728626.4797595, 1788728627.2286518, 1788728628.0041173, 1788728628.813662, 1788728629.6579807, 1788728630.53556, 1788728631.3309448, 1788728631.9239595, 1788728632.5869272, 1788728633.2728426, 1788728633.9960978, 1788728634.7489529, 1788728635.5289075, 1788728636.3441446, 1788728637.187562, 1788728638.058129, 1788728638.9615524, 1788728639.890507, 1788728640.8538206, 1788728641.5035553, 1788728642.1189117, 1788728642.7983367, 1788728643.5130146, 1788728644.2590587, 1788728645.0318942, 1788728645.8363268, 1788728646.5299468, 1788728647.1353784, 1788728647.798351, 1788728648.4951715, 1788728649.2167118, 1788728649.968186, 1788728650.7481833, 1788728651.561252, 1788728652.1545887, 1788728652.8003702, 1788728653.4754922, 1788728654.1817408, 1788728654.918464, 1788728655.6822658, 1788728656.4862723, 1788728657.1829696, 1788728657.7951987, 1788728658.4578657, 1788728659.1554904, 1788728659.881494, 1788728660.6364489, 1788728661.4198394, 1788728662.2440853, 1788728662.99072, 1788728663.6165593, 1788728664.2970974, 1788728665.002667, 1788728665.7394142, 1788728666.5047042, 1788728667.2987177, 1788728668.1201346, 1788728668.9735239, 1788728669.7815073, 1788728670.3813891, 1788728671.039206, 1788728671.7220576, 1788728672.4405107, 1788728673.190927, 1788728673.9667494, 1788728674.770652, 1788728675.6051078, 1788728676.349263, 1788728676.956336, 1788728677.6203353, 1788728678.3135443, 1788728679.038208, 1788728679.793903, 1788728680.5769696, 1788728681.4030945, 1788728682.232355, 1788728684.016852, 1788728684.9473453, 1788728686.3163028, 1788728687.0000026, 1788728687.7222896, 1788728688.4586985, 1788728689.2273297, 1788728690.0295029, 1788728690.8545344, 1788728691.7145476, 1788728692.6072285, 1788728693.5157719, 1788728694.46114, 1788728695.407936, 1788728695.9918706, 1788728696.6432629, 1788728697.3262572, 1788728698.0367014, 1788728698.7817516, 1788728699.5544236, 1788728700.3541813, 1788728701.0258207, 1788728701.6455712, 1788728702.3191173, 1788728703.0315902, 1788728703.7639956, 1788728704.5282667, 1788728705.3200748, 1788728706.1397712, 1788728706.9915135, 1788728707.8435721, 1788728708.4426284, 1788728709.098862, 1788728709.7802317, 1788728710.494864, 1788728711.2481382]","[1, 1, 1, 1, 1, 2, 1, 1, 1, 1, 1, 2, 1, 2, 1, 1, 2, 2, 1, 1, 1, 1, 1, 1, 1, 2, 1, 1, 1, 2, 1, 1, 1, 1, 1, 1, 2, 1, 2, 2, 1, 1, 1, 1, 1, 1, 1, 2, 1, 1, 3, 2, 1, 1, 1, 1, 1, 2, 1, 1, 1, 2, 1, 1, 1, 1, 1, 1, 1, 1, 1, 1, 1, 2, 1, 1, 1, 1, 1, 1, 2, 1, 2, 2, 1, 1, 1, 1, 1, 1, 2, 1, 2, 2, 1, 1, 1, 1, 1, 1, 2, 1, 1, 1, 1, 1, 1, 1, 1, 1, 3, 1, 4, 2, 4, 1, 1, 1, 1, 1, 2, 1, 1, 2, 2, 3, 3, 2, 1, 2, 3, 2, 2, 1, 1, 1, 3, 1, 1, 1]"
User-054,0,trace_0666,1788728717.1702757,streaming,17435,124,121,0,272,118.44338488578796,189.07639503479004,0.5886084179083506,0.0,0,True,,1788728528.0938194,1788728646.5372043,1788728717.1702144,"[1788728646.5372043, 1788728647.142265, 1788728647.8051517, 1788728648.502437, 1788728649.2242663, 1788728649.975107, 1788728650.7551463, 1788728651.5692897, 1788728652.1624837, 1788728652.8086917, 1788728653.482579, 1788728654.1888819, 1788728654.9261377, 1788728655.6927779, 1788728656.4945955, 1788728657.1909192, 1788728657.802932, 1788728658.4666834, 1788728659.1638007, 1788728659.8895063, 1788728660.6451538, 1788728661.4306386, 1788728662.2507043, 1788728662.9981823, 1788728663.623885, 1788728664.3048725, 1788728665.0106568, 1788728665.7473361, 1788728666.5122259, 1788728667.3090293, 1788728668.1239974, 1788728668.9813397, 1788728669.7875712, 1788728670.3875265, 1788728671.0451896, 1788728671.7281954, 1788728672.446459, 1788728673.199607, 1788728673.9727385, 1788728674.7761734, 1788728675.6138809, 1788728676.3554184, 1788728676.9623275, 1788728677.6264663, 1788728678.3195393, 1788728679.0440044, 1788728679.79977, 1788728680.5830185, 1788728681.4087708, 1788728682.237856, 1788728683.1262197, 1788728684.0251346, 1788728684.9545143, 1788728685.696499, 1788728686.3242216, 1788728687.0070114, 1788728687.7303138, 1788728688.4659367, 1788728689.2344325, 1788728690.0370877, 1788728690.8613281, 1788728691.7221344, 1788728692.6151564, 1788728693.522748, 1788728694.4680958, 1788728695.4153047, 1788728695.9991348, 1788728696.650443, 1788728697.3335218, 1788728698.044055, 1788728698.789031, 1788728699.561772, 1788728700.361575, 1788728701.0337317, 1788728701.6533074, 1788728702.326799, 1788728703.0395296, 1788728704.535491, 1788728705.3273108, 1788728706.9986906, 1788728707.8515265, 1788728708.4502628, 1788728709.1065934, 1788728709.7877955, 1788728710.502618, 1788728711.2563002, 1788728712.0276685, 1788728712.8382778, 1788728713.6755977, 1788728714.4921615, 1788728715.091543, 1788728715.7479794, 1788728716.4349442, 1788728717.1690924]","[1, 1, 1, 2, 1, 1, 2, 2, 1, 1, 1, 2, 1, 1, 1, 2, 2, 1, 1, 2, 1, 1, 1, 1, 2, 1, 1, 2, 2, 1, 1, 2, 1, 1, 1, 2, 1, 1, 1, 1, 2, 1, 1, 1, 1, 1, 2, 2, 2, 1, 1, 1, 2, 2, 1, 1, 2, 1, 1, 1, 2, 1, 1, 1, 1, 2, 1, 1, 1, 1, 1, 2, 1, 1, 1, 1, 1, 1, 1, 1, 1, 1, 2, 2, 1, 2, 1, 1, 1, 1, 1, 1, 3, 1]"
User-008,0,trace_0707,1788728717.1700134,streaming,19408,381,381,0,302,43.469630002975464,189.86336946487427,0.38524668279447055,0.0,0,True,,1788728527.3064969,1788728570.7761269,1788728717.1698663,"[1788728570.7761269, 1788728571.3555052, 1788728571.9935594, 1788728572.660236, 1788728573.357482, 1788728574.084863, 1788728574.842175, 1788728575.6329722, 1788728576.456752, 1788728577.3103175, 1788728578.1754842, 1788728578.7473829, 1788728579.388986, 1788728580.0630174, 1788728580.7676938, 1788728581.5051224, 1788728582.2757676, 1788728583.0777783, 1788728583.9114442, 1788728584.7720053, 1788728585.421247, 1788728586.0317783, 1788728586.6957717, 1788728587.384484, 1788728588.109496, 1788728588.866089, 1788728589.6625836, 1788728590.4814558, 1788728591.0656173, 1788728591.7014658, 1788728592.3720024, 1788728593.0701602, 1788728593.7993736, 1788728594.5572581, 1788728595.3098853, 1788728595.9014952, 1788728596.5472999, 1788728597.2223165, 1788728597.928421, 1788728598.6641405, 1788728599.4273076, 1788728600.2295227, 1788728601.0662856, 1788728601.7629616, 1788728602.359801, 1788728603.0184984, 1788728603.7092385, 1788728604.4292052, 1788728605.17781, 1788728605.9627714, 1788728606.7874646, 1788728607.3716674, 1788728608.0107884, 1788728608.684593, 1788728609.379238, 1788728610.107742, 1788728610.8641555, 1788728611.6545856, 1788728612.3955986, 1788728612.990667, 1788728613.643651, 1788728614.3256712, 1788728615.0370178, 1788728615.7800078, 1788728616.5463262, 1788728617.3538706, 1788728618.1201334, 1788728618.7161782, 1788728619.3760371, 1788728620.047669, 1788728620.7663937, 1788728621.5190396, 1788728622.2942147, 1788728623.103408, 1788728623.8129287, 1788728624.4142299, 1788728625.0712724, 1788728625.762917, 1788728626.483599, 1788728627.2323344, 1788728628.0115716, 1788728628.817269, 1788728629.6618965, 1788728630.53957, 1788728631.334442, 1788728631.9280233, 1788728632.5909545, 1788728633.2768054, 1788728634.000018, 1788728634.7527294, 1788728635.5330436, 1788728636.3479478, 1788728637.1914985, 1788728638.0619082, 1788728638.9652536, 1788728639.894321, 1788728640.8575861, 1788728641.5076485, 1788728642.1232312, 1788728642.8038065, 1788728643.516976, 1788728644.2630575, 1788728645.0360518, 1788728645.8404357, 1788728646.5338335, 1788728647.1393132, 1788728647.8021495, 1788728648.4993813, 1788728649.2209492, 1788728649.971898, 1788728650.752048, 1788728651.5650525, 1788728652.1588726, 1788728652.804827, 1788728653.4791734, 1788728654.185404, 1788728654.9226468, 1788728655.6866155, 1788728656.490553, 1788728657.1866245, 1788728657.7989886, 1788728658.4622004, 1788728659.1592019, 1788728659.8850808, 1788728660.6409621, 1788728661.426649, 1788728662.2476072, 1788728662.9942768, 1788728663.6200461, 1788728664.3009145, 1788728665.006862, 1788728665.7434444, 1788728666.5083861, 1788728667.3027272, 1788728668.1218603, 1788728668.9774559, 1788728669.7819989, 1788728670.3820632, 1788728671.0398326, 1788728671.7227721, 1788728672.441015, 1788728673.1915717, 1788728673.9672458, 1788728674.7711883, 1788728675.6056151, 1788728676.349765, 1788728676.956838, 1788728677.6208537, 1788728678.3140478, 1788728679.0388355, 1788728679.7944105, 1788728680.5774856, 1788728681.4037902, 1788728682.2328537, 1788728683.1216185, 1788728684.0210211, 1788728684.9504952, 1788728685.6917179, 1788728686.3194401, 1788728687.003417, 1788728687.7255385, 1788728688.4619088, 1788728689.230437, 1788728690.0328958, 1788728690.8577447, 1788728691.7179315, 1788728692.6107888, 1788728693.5191176, 1788728694.4644551, 1788728695.4118054, 1788728695.9955962, 1788728696.6469276, 1788728697.329983, 1788728698.0404973, 1788728698.7854962, 1788728699.5581586, 1788728700.3579712, 1788728701.0294645, 1788728701.6492913, 1788728702.322805, 1788728703.0355136, 1788728703.7677286, 1788728704.5320306, 1788728705.3238044, 1788728706.1434026, 1788728706.995222, 1788728707.8472412, 1788728708.446312, 1788728709.1025398, 1788728709.7839468, 1788728710.4985585, 1788728711.2522757, 1788728712.0235944, 1788728712.8309634, 1788728713.6713734, 1788728714.4884017, 1788728715.087727, 1788728715.7439678, 1788728716.430908, 1788728717.1647322]","[1, 1, 1, 1, 3, 1, 4, 2, 4, 1, 1, 2, 1, 2, 1, 1, 2, 2, 3, 3, 2, 1, 2, 3, 2, 2, 2, 1, 2, 1, 3, 2, 2, 2, 2, 2, 3, 2, 1, 1, 1, 1, 1, 2, 2, 1, 1, 2, 2, 1, 1, 2, 1, 1, 1, 1, 2, 2, 4, 3, 1, 4, 3, 2, 1, 1, 2, 3, 4, 2, 1, 3, 1, 3, 3, 1, 1, 2, 1, 1, 2, 1, 1, 2, 5, 4, 1, 3, 1, 1, 1, 1, 1, 1, 1, 1, 3, 4, 4, 1, 2, 2, 1, 2, 1, 1, 1, 1, 1, 1, 1, 1, 3, 2, 1, 1, 1, 4, 5, 1, 1, 1, 2, 4, 3, 4, 1, 2, 1, 3, 1, 2, 2, 2, 1, 3, 1, 2, 5, 4, 4, 1, 1, 3, 2, 1, 1, 1, 2, 4, 3, 1, 1, 1, 1, 2, 1, 3, 2, 1, 2, 4, 1, 2, 1, 1, 1, 1, 3, 2, 3, 1, 1, 2, 1, 4, 5, 1, 2, 1, 3, 1, 2, 2, 2, 2, 1, 2, 5, 4, 2, 1, 2, 2, 1, 1, 1, 2, 2, 4]"
User-017,2,trace_0726,1788728732.1631773,streaming,20943,127,127,317,3,147.99185872077942,203.8066999912262,0.44297493071783156,6.0,0,True,,1788728528.3563848,1788728676.3482435,1788728732.1630847,"[1788728676.3482435, 1788728676.9551284, 1788728677.6192985, 1788728678.31239, 1788728679.0371637, 1788728679.7927408, 1788728680.5758045, 1788728681.4019952, 1788728682.2311692, 1788728683.1200593, 1788728684.023529, 1788728684.9530182, 1788728685.6941657, 1788728686.322229, 1788728687.0054414, 1788728687.7279978, 1788728688.464429, 1788728689.2329419, 1788728690.0355427, 1788728690.8601744, 1788728691.7206335, 1788728692.6136594, 1788728693.5211816, 1788728694.466551, 1788728695.413762, 1788728695.9976175, 1788728696.6489525, 1788728697.3319957, 1788728698.0425396, 1788728698.7875288, 1788728699.5601835, 1788728700.3600435, 1788728701.0314012, 1788728701.6513054, 1788728702.324777, 1788728703.0378926, 1788728703.769206, 1788728704.5335085, 1788728705.3252966, 1788728706.1448998, 1788728706.996708, 1788728707.8495233, 1788728708.4483073, 1788728709.104581, 1788728709.7859604, 1788728710.5006144, 1788728711.254281, 1788728712.0256214, 1788728712.8330011, 1788728713.6734917, 1788728714.4903862, 1788728715.0897331, 1788728715.7459836, 1788728716.432911, 1788728717.167068, 1788728717.907402, 1788728718.6965756, 1788728719.5112762, 1788728720.3618731, 1788728721.0832107, 1788728721.6986115, 1788728722.3631122, 1788728723.0589008, 1788728723.7883823, 1788728724.5452905, 1788728725.3812156, 1788728726.1463108, 1788728726.9979563, 1788728727.8791704, 1788728728.7871602, 1788728729.7316477, 1788728730.7033122, 1788728731.556162, 1788728732.1597493]","[1, 1, 3, 2, 5, 1, 1, 2, 1, 2, 1, 2, 2, 1, 2, 1, 3, 2, 2, 1, 1, 1, 2, 1, 2, 1, 1, 2, 1, 1, 1, 3, 1, 2, 2, 2, 1, 1, 3, 1, 1, 3, 1, 1, 6, 4, 1, 1, 1, 1, 2, 1, 3, 2, 2, 1, 1, 1, 1, 2, 1, 3, 3, 4, 3, 2, 1, 1, 1, 1, 2, 1, 1, 1]"
User-007,0,trace_0398,1788728738.4373438,streaming,13070,443,432,0,203,6.841529369354248,211.18134212493896,0.47410629409648425,0.0,0,True,,1788728527.2559268,1788728534.0974562,1788728738.437269,"[1788728534.0974562, 1788728534.693965, 1788728535.3423266, 1788728536.0240543, 1788728536.7359884, 1788728537.365003, 1788728537.9626386, 1788728538.614979, 1788728539.2974298, 1788728540.012778, 1788728540.7599444, 1788728541.4176736, 1788728542.0094924, 1788728542.6563604, 1788728543.3361135, 1788728544.0064573, 1788728544.6009095, 1788728545.2375977, 1788728545.9085927, 1788728546.609629, 1788728547.345706, 1788728547.9980226, 1788728548.5975976, 1788728549.2504604, 1788728549.924934, 1788728550.6366053, 1788728551.380967, 1788728552.1549773, 1788728552.9650657, 1788728553.806492, 1788728554.479728, 1788728555.071452, 1788728555.725221, 1788728556.410721, 1788728557.1255517, 1788728557.8742607, 1788728558.654137, 1788728559.4051635, 1788728559.987741, 1788728560.631899, 1788728561.302871, 1788728562.0036325, 1788728562.7386053, 1788728563.5041404, 1788728564.303255, 1788728565.1421216, 1788728565.7130253, 1788728566.3457906, 1788728567.0108051, 1788728567.7030466, 1788728568.427408, 1788728569.1845214, 1788728569.9721673, 1788728570.7742164, 1788728571.3538644, 1788728571.98961, 1788728572.6588058, 1788728573.355608, 1788728574.082961, 1788728574.840577, 1788728575.6313725, 1788728576.4551063, 1788728577.3087327, 1788728578.172913, 1788728578.7451673, 1788728579.3868706, 1788728580.060578, 1788728580.7655232, 1788728581.50288, 1788728582.2735643, 1788728583.0757391, 1788728583.9093225, 1788728584.7695308, 1788728585.4192755, 1788728586.0294433, 1788728586.6932218, 1788728587.3824387, 1788728588.107416, 1788728588.8639839, 1788728589.6605587, 1788728590.4792893, 1788728591.063436, 1788728591.6993966, 1788728592.369889, 1788728593.0680492, 1788728593.7972083, 1788728594.554582, 1788728595.3075807, 1788728595.8994102, 1788728596.5446546, 1788728597.220302, 1788728597.9256299, 1788728598.6613324, 1788728599.4252374, 1788728600.2274654, 1788728601.064186, 1788728601.757332, 1788728602.3577523, 1788728603.0162494, 1788728603.707248, 1788728604.4271655, 1788728605.175768, 1788728605.9606524, 1788728606.7853882, 1788728607.3690796, 1788728608.008701, 1788728608.6824791, 1788728609.377104, 1788728610.1056025, 1788728610.8621192, 1788728611.6534257, 1788728612.393499, 1788728612.9883335, 1788728613.6414905, 1788728614.32355, 1788728615.0349655, 1788728616.5441716, 1788728617.3518426, 1788728618.7134662, 1788728619.3733847, 1788728620.0450919, 1788728620.7637153, 1788728621.5130217, 1788728622.291186, 1788728623.1006508, 1788728623.8094337, 1788728624.4109643, 1788728625.068079, 1788728625.759699, 1788728626.4803321, 1788728627.2292066, 1788728628.0046442, 1788728628.8141744, 1788728629.6585517, 1788728630.5361412, 1788728631.331464, 1788728631.9245243, 1788728632.5874355, 1788728633.273453, 1788728633.996636, 1788728634.749497, 1788728635.5294235, 1788728636.3446784, 1788728637.1881347, 1788728638.0586424, 1788728638.962073, 1788728639.8910725, 1788728640.8543437, 1788728641.504072, 1788728642.1194656, 1788728642.8010442, 1788728643.514226, 1788728644.2602825, 1788728645.0330088, 1788728645.8373857, 1788728646.531281, 1788728647.136527, 1788728647.799483, 1788728648.496277, 1788728649.2179806, 1788728649.9692693, 1788728650.7494512, 1788728651.5624938, 1788728652.1556993, 1788728652.801682, 1788728653.4765925, 1788728654.1828828, 1788728654.919564, 1788728655.6833677, 1788728656.4876854, 1788728657.184218, 1788728657.7964633, 1788728658.4589353, 1788728659.1565633, 1788728659.882546, 1788728660.637507, 1788728661.4215574, 1788728662.2451277, 1788728662.9917858, 1788728663.6175723, 1788728664.2982562, 1788728665.004035, 1788728665.7405498, 1788728666.5056984, 1788728667.3001902, 1788728668.1206043, 1788728668.9746764, 1788728669.7850087, 1788728670.385098, 1788728671.0427978, 1788728671.7257245, 1788728672.4439921, 1788728673.1945593, 1788728673.97024, 1788728674.774292, 1788728675.6088154, 1788728676.3529122, 1788728676.9598424, 1788728677.6239414, 1788728678.3170424, 1788728679.0418007, 1788728679.7973452, 1788728680.5805166, 1788728681.4073458, 1788728682.2353542, 1788728683.124321, 1788728684.0179074, 1788728684.9478576, 1788728685.6892087, 1788728686.3168144, 1788728687.0005395, 1788728687.7228367, 1788728688.4592547, 1788728689.227858, 1788728690.030039, 1788728690.8551133, 1788728691.7151122, 1788728692.6077688, 1788728693.516304, 1788728694.4616702, 1788728695.4084556, 1788728695.9924006, 1788728696.643781, 1788728697.3268158, 1788728698.0372179, 1788728698.7822742, 1788728699.5549645, 1788728700.3547068, 1788728701.026458, 1788728701.6461089, 1788728702.3196423, 1788728703.0322497, 1788728703.76452, 1788728704.5288007, 1788728705.320594, 1788728706.1402853, 1788728706.992029, 1788728707.8442473, 1788728708.4431787, 1788728709.0993972, 1788728709.7807448, 1788728710.4953852, 1788728711.2489388, 1788728712.0203724, 1788728712.8278005, 1788728713.6679509, 1788728714.485267, 1788728715.0846362, 1788728715.7407885, 1788728716.4277244, 1788728717.1615353, 1788728718.6919131, 1788728719.506521, 1788728720.3570862, 1788728721.6936698, 1788728723.7836728, 1788728725.3789845, 1788728726.1414757, 1788728727.8741794, 1788728728.782389, 1788728729.7266264, 1788728730.6985607, 1788728731.5515187, 1788728732.15501, 1788728732.8316565, 1788728733.5470111, 1788728734.2923079, 1788728735.0576296, 1788728735.8560138, 1788728736.6807117, 1788728737.5356233, 1788728738.42958]","[1, 1, 1, 2, 2, 1, 1, 2, 3, 1, 1, 1, 1, 1, 1, 1, 1, 1, 2, 1, 1, 2, 3, 1, 1, 2, 2, 1, 1, 2, 1, 5, 1, 1, 1, 1, 1, 2, 1, 1, 2, 1, 2, 3, 1, 1, 2, 1, 2, 1, 1, 2, 1, 2, 3, 1, 1, 1, 1, 1, 1, 2, 1, 2, 1, 3, 2, 1, 2, 1, 1, 1, 1, 2, 4, 1, 1, 2, 1, 1, 2, 4, 1, 1, 1, 1, 1, 1, 2, 1, 2, 3, 1, 1, 2, 1, 1, 1, 1, 2, 1, 1, 2, 3, 1, 1, 1, 1, 2, 1, 1, 2, 1, 1, 1, 1, 1, 1, 1, 1, 1, 2, 2, 2, 1, 2, 1, 1, 1, 2, 2, 2, 1, 1, 1, 2, 2, 2, 1, 2, 1, 1, 1, 1, 1, 1, 2, 1, 3, 3, 2, 1, 1, 2, 2, 1, 2, 2, 1, 4, 2, 1, 1, 3, 1, 1, 1, 1, 2, 1, 1, 3, 2, 1, 1, 2, 1, 4, 3, 1, 1, 1, 1, 1, 2, 1, 2, 3, 2, 3, 4, 4, 1, 1, 1, 2, 1, 2, 1, 1, 2, 4, 1, 1, 1, 1, 1, 2, 1, 2, 5, 1, 1, 2, 1, 1, 2, 2, 5, 1, 2, 2, 1, 1, 2, 1, 6, 1, 1, 1, 1, 2, 2, 3, 4, 2, 1, 1, 2, 2, 3, 2, 1, 2, 1, 4, 1, 1, 1, 2, 1, 1, 1, 1, 1, 1, 1, 1, 1, 1, 1, 2, 2, 2, 1, 3, 1, 3, 2, 2, 3, 2]"
User-061,0,trace_0046,1788728739.3404393,streaming,21901,116,113,0,341,141.49524784088135,211.05454444885254,0.6210651482854571,0.0,0,True,,1788728528.2857516,1788728669.7809994,1788728739.340296,"[1788728669.7809994, 1788728670.3808286, 1788728671.038681, 1788728671.721559, 1788728672.4400046, 1788728673.9662368, 1788728674.7701354, 1788728676.3487544, 1788728676.9556334, 1788728677.6198175, 1788728678.3129096, 1788728679.037696, 1788728679.7932472, 1788728680.576325, 1788728681.4025526, 1788728682.2316728, 1788728683.1205876, 1788728684.0156143, 1788728684.946091, 1788728685.687404, 1788728686.3150384, 1788728686.9985747, 1788728687.7210824, 1788728688.4574478, 1788728689.2260523, 1788728690.028076, 1788728690.8533022, 1788728691.7133157, 1788728692.6059256, 1788728693.514307, 1788728694.4597683, 1788728695.4064882, 1788728695.990583, 1788728696.6420047, 1788728697.3249974, 1788728698.0354815, 1788728698.7805169, 1788728699.553283, 1788728700.3529427, 1788728701.024666, 1788728701.644321, 1788728702.3178577, 1788728703.0302224, 1788728703.762776, 1788728704.5270078, 1788728705.318851, 1788728706.13851, 1788728706.9902375, 1788728707.8423166, 1788728708.4413936, 1788728709.0975819, 1788728709.7789743, 1788728710.493596, 1788728711.2468193, 1788728712.019135, 1788728712.826525, 1788728713.6665092, 1788728714.4828885, 1788728715.0829825, 1788728715.7390127, 1788728716.4258945, 1788728717.1597555, 1788728717.901528, 1788728718.6905978, 1788728719.505266, 1788728720.355852, 1788728721.0766037, 1788728721.6891356, 1788728722.3566713, 1788728723.0524504, 1788728723.7818465, 1788728724.5385334, 1788728725.3780787, 1788728726.1395369, 1788728726.9889605, 1788728727.8722253, 1788728728.780591, 1788728729.724861, 1788728730.696799, 1788728731.5495815, 1788728732.1531475, 1788728732.8298657, 1788728733.5451732, 1788728734.2904527, 1788728735.0557952, 1788728735.854086, 1788728736.6789238, 1788728737.5338132, 1788728738.4272602, 1788728739.3361835]","[1, 1, 1, 1, 1, 1, 1, 1, 1, 2, 1, 1, 1, 1, 1, 1, 1, 1, 1, 2, 3, 1, 1, 1, 1, 1, 1, 1, 1, 1, 1, 2, 3, 1, 1, 1, 1, 1, 1, 1, 1, 2, 3, 1, 1, 1, 1, 1, 1, 1, 2, 1, 2, 3, 1, 1, 1, 1, 1, 1, 1, 1, 2, 3, 1, 1, 1, 1, 1, 1, 1, 1, 2, 3, 1, 1, 1, 1, 1, 1, 1, 1, 2, 3, 1, 1, 1, 1, 1, 1]"
User-025,5,trace_0588,1788728742.925141,streaming,30068,120,120,463,3,166.91977906227112,214.4350070953369,0.3992876305299647,7.0,0,True,,1788728528.490031,1788728695.40981,1788728742.925038,"[1788728695.40981, 1788728695.9934342, 1788728696.6447833, 1788728697.3278282, 1788728698.0382438, 1788728698.7833736, 1788728699.5560071, 1788728700.3557522, 1788728701.0275009, 1788728701.6471388, 1788728702.3206491, 1788728703.033299, 1788728703.7655673, 1788728704.5298648, 1788728705.3216069, 1788728706.1412818, 1788728706.993037, 1788728707.8452632, 1788728708.4441855, 1788728709.1004179, 1788728709.7817626, 1788728710.496407, 1788728711.2499726, 1788728712.0214052, 1788728712.828824, 1788728713.6690607, 1788728714.4862688, 1788728715.0856564, 1788728715.741829, 1788728716.4287624, 1788728717.162529, 1788728717.9037619, 1788728718.6929562, 1788728719.5076077, 1788728720.3581023, 1788728721.0797877, 1788728721.6948318, 1788728722.3594224, 1788728723.0552125, 1788728723.7846825, 1788728724.5415568, 1788728725.3794806, 1788728726.1425197, 1788728726.9917161, 1788728727.8752813, 1788728728.7834442, 1788728729.7276862, 1788728730.6996248, 1788728731.5525243, 1788728732.1559372, 1788728732.832671, 1788728733.5480433, 1788728734.2932336, 1788728735.0586786, 1788728735.8572145, 1788728736.681619, 1788728737.5366657, 1788728738.4309297, 1788728739.3388348, 1788728740.2687092, 1788728741.2418463, 1788728742.2507944, 1788728742.9186418]","[1, 1, 2, 1, 2, 1, 2, 2, 1, 1, 3, 1, 2, 2, 2, 4, 2, 3, 2, 1, 2, 3, 2, 1, 2, 2, 3, 3, 1, 2, 1, 2, 2, 3, 2, 1, 3, 3, 3, 3, 5, 1, 1, 1, 1, 2, 1, 1, 2, 1, 2, 1, 2, 3, 1, 1, 1, 2, 4, 1, 2, 3, 1]"
User-042,2,trace_0582,1788728745.7233112,streaming,21316,75,75,319,11,185.74994134902954,216.98842597007751,0.42214168406821584,11.0,0,True,,1788728528.7347906,1788728714.484732,1788728745.7232165,"[1788728714.484732, 1788728715.0841165, 1788728715.7402635, 1788728716.4271908, 1788728717.16101, 1788728717.902139, 1788728718.6912656, 1788728719.505877, 1788728720.3564553, 1788728721.0783036, 1788728721.6903667, 1788728722.3579247, 1788728723.0536983, 1788728723.7831433, 1788728724.5399313, 1788728725.378704, 1788728726.1409297, 1788728726.9902241, 1788728727.8736348, 1788728728.7818341, 1788728729.7261062, 1788728730.6980326, 1788728731.5509982, 1788728732.154435, 1788728732.8311296, 1788728733.546449, 1788728734.291769, 1788728735.057038, 1788728735.8554814, 1788728736.6801713, 1788728737.5350776, 1788728738.4289818, 1788728739.3377597, 1788728740.2675412, 1788728741.2406619, 1788728742.2496333, 1788728742.9165044, 1788728743.535927, 1788728744.2328587, 1788728744.9538977, 1788728745.7155855]","[1, 1, 2, 3, 1, 1, 1, 2, 1, 2, 2, 1, 2, 1, 1, 2, 2, 1, 1, 2, 1, 1, 1, 2, 1, 2, 2, 3, 1, 4, 6, 3, 1, 3, 3, 1, 3, 2, 1, 1, 3]"
User-058,0,trace_0586,1788728750.3127177,streaming,17876,180,177,0,278,129.0070037841797,222.12926054000854,0.5291037315672095,0.0,0,True,,1788728528.183386,1788728657.1903899,1788728750.3126466,"[1788728657.1903899, 1788728657.8024404, 1788728658.4661334, 1788728659.163295, 1788728659.8890333, 1788728660.6447582, 1788728661.4301524, 1788728662.250327, 1788728662.9976969, 1788728663.6233914, 1788728664.3043861, 1788728665.0101693, 1788728665.7468457, 1788728666.5117466, 1788728667.3085318, 1788728668.123518, 1788728668.980852, 1788728669.7835274, 1788728670.3837023, 1788728671.04129, 1788728671.72427, 1788728672.442485, 1788728673.1930873, 1788728673.9687254, 1788728674.772728, 1788728675.607269, 1788728676.3513882, 1788728676.958334, 1788728677.6223905, 1788728678.3155599, 1788728679.0403254, 1788728679.795847, 1788728680.5790029, 1788728681.405715, 1788728682.233853, 1788728683.122671, 1788728684.024624, 1788728684.9540057, 1788728685.6960127, 1788728686.323723, 1788728687.0066106, 1788728687.729824, 1788728688.4654262, 1788728689.2339344, 1788728690.036565, 1788728690.860945, 1788728691.721637, 1788728692.6146443, 1788728693.5222251, 1788728694.4675815, 1788728695.4147763, 1788728695.998617, 1788728696.6499393, 1788728697.332996, 1788728698.043555, 1788728698.788508, 1788728699.5611858, 1788728700.3610613, 1788728701.0323572, 1788728701.6522865, 1788728702.325768, 1788728703.0389745, 1788728703.7701905, 1788728704.5344908, 1788728705.3263035, 1788728706.1458926, 1788728706.9977021, 1788728707.8505113, 1788728708.4492805, 1788728709.1055882, 1788728709.787013, 1788728710.5016081, 1788728711.2552912, 1788728712.0266306, 1788728712.8340018, 1788728713.6745458, 1788728714.491391, 1788728715.0908277, 1788728715.7469828, 1788728716.4339159, 1788728717.1680515, 1788728717.9083967, 1788728718.6975543, 1788728719.5123012, 1788728720.362873, 1788728721.0841835, 1788728721.6995413, 1788728722.364123, 1788728723.0599215, 1788728723.7893949, 1788728725.3817205, 1788728726.1473453, 1788728727.8802032, 1788728728.7881787, 1788728729.732654, 1788728730.7043009, 1788728731.557143, 1788728732.1610596, 1788728732.837141, 1788728733.5522013, 1788728734.2974086, 1788728735.0629084, 1788728735.8613396, 1788728736.6858156, 1788728737.5408266, 1788728738.4353101, 1788728739.3434432, 1788728740.272882, 1788728741.2459922, 1788728742.2549675, 1788728742.9230175, 1788728743.54361, 1788728744.2383778, 1788728744.9591835, 1788728745.7212543, 1788728746.4934573, 1788728747.3077269, 1788728748.147852, 1788728749.0193257, 1788728749.6849906, 1788728750.3103113]","[1, 1, 1, 1, 2, 3, 1, 1, 1, 1, 1, 1, 1, 2, 3, 1, 1, 1, 1, 1, 1, 1, 1, 5, 1, 1, 1, 1, 1, 1, 1, 2, 3, 1, 2, 1, 1, 2, 1, 1, 1, 2, 3, 1, 1, 1, 1, 1, 1, 1, 1, 1, 2, 3, 1, 3, 1, 1, 1, 1, 1, 2, 3, 1, 1, 1, 1, 1, 1, 1, 2, 3, 1, 1, 1, 1, 1, 1, 1, 2, 3, 1, 1, 1, 2, 1, 1, 1, 1, 1, 1, 1, 1, 1, 1, 1, 3, 2, 3, 2, 4, 1, 1, 2, 1, 2, 1, 1, 2, 2, 3, 3, 2, 1, 2, 3, 2, 2, 1, 1, 1]"
User-035,3,trace_0062,1788728764.461501,streaming,17634,149,149,260,9,172.46995854377747,235.89814710617065,0.4285688416377918,8.0,0,True,,1788728528.5632744,1788728701.033233,1788728764.4614215,"[1788728701.033233, 1788728701.652794, 1788728702.326263, 1788728703.0392969, 1788728703.7707124, 1788728704.5349932, 1788728705.3268075, 1788728706.1463766, 1788728706.9981973, 1788728707.8510067, 1788728708.44977, 1788728709.1060834, 1788728709.787429, 1788728710.5021214, 1788728711.255783, 1788728712.027155, 1788728712.8344986, 1788728713.6750758, 1788728714.491777, 1788728715.091315, 1788728715.7474852, 1788728716.4344094, 1788728717.1685634, 1788728717.908904, 1788728718.698065, 1788728719.5127947, 1788728720.3633807, 1788728721.0847054, 1788728721.6997716, 1788728722.3646224, 1788728723.0604162, 1788728723.7898834, 1788728724.5467582, 1788728725.381956, 1788728726.147847, 1788728726.9994752, 1788728727.8807154, 1788728728.7888527, 1788728729.7331457, 1788728730.7047935, 1788728731.5584822, 1788728732.16207, 1788728732.8381627, 1788728733.5531998, 1788728734.298413, 1788728735.0639021, 1788728735.8623946, 1788728736.686839, 1788728737.541819, 1788728738.4363408, 1788728739.3444674, 1788728740.2738724, 1788728741.2470133, 1788728742.2559667, 1788728742.9240077, 1788728743.544388, 1788728744.2394578, 1788728744.960176, 1788728745.72224, 1788728746.4945045, 1788728747.3087199, 1788728748.1486034, 1788728749.0203273, 1788728749.6859534, 1788728750.311622, 1788728750.9855642, 1788728751.7005014, 1788728752.4459844, 1788728753.2141552, 1788728754.0068884, 1788728754.8313046, 1788728755.687252, 1788728756.575075, 1788728757.494848, 1788728758.4495497, 1788728759.442482, 1788728760.200486, 1788728760.8037524, 1788728761.4742813, 1788728762.1700375, 1788728762.9031827, 1788728763.6631432, 1788728764.4600499]","[1, 1, 1, 1, 2, 1, 1, 2, 1, 2, 1, 1, 1, 1, 4, 2, 1, 3, 2, 3, 2, 1, 2, 1, 1, 3, 1, 2, 3, 1, 1, 4, 1, 3, 6, 3, 2, 2, 1, 2, 1, 1, 1, 1, 1, 3, 3, 1, 1, 1, 1, 2, 1, 4, 1, 2, 1, 2, 4, 3, 2, 1, 2, 3, 2, 1, 1, 1, 4, 2, 3, 2, 1, 1, 1, 2, 2, 2, 1, 1, 2, 2, 1]"
User-041,0,trace_0570,1788728767.967586,streaming,18596,326,326,0,290,95.94042372703552,240.09599566459656,0.4435556059617263,0.0,0,True,,1788728527.8714905,1788728623.8119142,1788728767.9674861,"[1788728623.8119142, 1788728624.4132044, 1788728625.0701458, 1788728625.7618706, 1788728626.4824264, 1788728627.2313042, 1788728628.010491, 1788728628.8162253, 1788728629.6609237, 1788728630.5384073, 1788728631.3334517, 1788728631.9268098, 1788728632.589437, 1788728633.2757375, 1788728633.9989817, 1788728634.7517085, 1788728635.5319684, 1788728636.3467777, 1788728637.1904254, 1788728638.0609019, 1788728638.9641724, 1788728639.8932736, 1788728640.856423, 1788728641.5065799, 1788728642.1216276, 1788728642.8026798, 1788728643.5158389, 1788728644.2618835, 1788728645.0345292, 1788728645.8391807, 1788728646.5328417, 1788728647.138097, 1788728647.8011556, 1788728648.4982123, 1788728649.2197907, 1788728649.9708362, 1788728650.7510226, 1788728651.5640316, 1788728652.1576514, 1788728652.803416, 1788728653.4780777, 1788728654.184333, 1788728654.9215262, 1788728655.6854851, 1788728656.489419, 1788728657.1856744, 1788728657.7979856, 1788728658.4605086, 1788728659.1580725, 1788728659.8840728, 1788728660.6396406, 1788728661.4255445, 1788728662.2466636, 1788728662.9932742, 1788728663.619066, 1788728664.2999425, 1788728665.0056832, 1788728665.7422378, 1788728666.5072262, 1788728667.301713, 1788728668.1213753, 1788728668.976328, 1788728669.7790682, 1788728670.379165, 1788728671.0371435, 1788728671.7199037, 1788728672.438215, 1788728673.1889555, 1788728673.964514, 1788728674.768329, 1788728675.6031458, 1788728676.3462822, 1788728676.9535406, 1788728677.6176898, 1788728678.3108196, 1788728679.0356073, 1788728679.7911642, 1788728680.5742347, 1788728681.4000318, 1788728682.2295985, 1788728683.1184704, 1788728684.0200047, 1788728684.9494028, 1788728685.6907072, 1788728686.318326, 1788728687.0023077, 1788728687.7243524, 1788728688.4607596, 1788728689.229349, 1788728690.031848, 1788728690.8566523, 1788728691.7166715, 1788728692.6094651, 1788728693.5180757, 1788728694.4634285, 1788728695.410846, 1788728695.9944704, 1788728696.6459107, 1788728697.3288693, 1788728698.0393574, 1788728698.784403, 1788728699.5571458, 1788728700.3568096, 1788728701.0284832, 1788728701.648169, 1788728702.3216894, 1788728703.0343506, 1788728703.7665882, 1788728704.5310097, 1788728705.3227873, 1788728706.1422813, 1788728706.9940498, 1788728707.8462656, 1788728708.4452953, 1788728709.1014233, 1788728709.782824, 1788728710.497553, 1788728711.2512662, 1788728712.0224607, 1788728712.8298314, 1788728713.6702964, 1788728714.4872794, 1788728715.0866754, 1788728715.7428489, 1788728716.4297638, 1788728717.1635673, 1788728717.9047887, 1788728718.693971, 1788728719.5086472, 1788728720.3591628, 1788728721.080764, 1788728721.696065, 1788728722.36057, 1788728723.05623, 1788728723.7857342, 1788728724.5426672, 1788728725.3799782, 1788728726.1437345, 1788728726.992831, 1788728727.8765247, 1788728728.7844698, 1788728729.728981, 1788728730.7007565, 1788728731.5535872, 1788728732.1572104, 1788728732.8339453, 1788728733.549063, 1788728734.2942562, 1788728735.0598311, 1788728735.8582482, 1788728736.682635, 1788728737.537796, 1788728738.4321656, 1788728739.340868, 1788728740.2702374, 1788728741.2434, 1788728742.2523437, 1788728742.9204898, 1788728743.5386505, 1788728744.2357714, 1788728744.9565747, 1788728745.7186954, 1788728746.4908533, 1788728747.3051405, 1788728748.1451964, 1788728749.0167089, 1788728749.682476, 1788728750.307705, 1788728750.982347, 1788728751.6973648, 1788728752.4428725, 1788728753.2110338, 1788728754.0037625, 1788728754.8282077, 1788728755.6842027, 1788728756.5719566, 1788728757.4917562, 1788728758.4464343, 1788728759.4394214, 1788728760.1966898, 1788728760.8001986, 1788728761.4705224, 1788728762.1664212, 1788728762.8995745, 1788728763.659512, 1788728764.4564173, 1788728765.2808635, 1788728766.142694, 1788728767.0317998, 1788728767.9630783]","[1, 1, 2, 3, 1, 2, 1, 1, 1, 1, 1, 3, 1, 1, 2, 1, 2, 2, 1, 2, 2, 2, 2, 3, 1, 4, 1, 1, 1, 1, 1, 1, 1, 2, 2, 2, 1, 1, 2, 1, 1, 1, 1, 2, 2, 1, 2, 1, 1, 2, 1, 1, 1, 3, 3, 1, 2, 1, 2, 2, 1, 2, 2, 1, 1, 3, 1, 5, 1, 2, 2, 1, 3, 1, 2, 1, 2, 2, 2, 2, 2, 1, 1, 2, 2, 4, 1, 2, 1, 1, 1, 2, 2, 2, 2, 1, 1, 1, 2, 5, 1, 1, 3, 1, 2, 1, 2, 1, 2, 1, 2, 3, 1, 1, 1, 2, 2, 1, 4, 1, 1, 2, 2, 2, 1, 2, 1, 2, 2, 1, 1, 2, 4, 1, 4, 1, 1, 1, 3, 3, 1, 1, 4, 1, 1, 1, 2, 3, 1, 1, 4, 2, 3, 2, 1, 2, 1, 3, 1, 1, 2, 1, 2, 1, 3, 3, 2, 1, 1, 1, 3, 3, 1, 2, 1, 2, 1, 3, 1, 2, 3, 4, 1, 1, 1, 3, 2, 1, 1, 1]"
User-044,0,trace_0272,1788728769.2781026,streaming,24544,315,315,0,383,103.36496210098267,241.306054353714,0.439302841569208,0.0,0,True,,1788728527.9718356,1788728631.3367977,1788728769.27789,"[1788728631.3367977, 1788728631.930004, 1788728632.5932302, 1788728633.2763293, 1788728633.9994977, 1788728634.7522407, 1788728635.5324914, 1788728636.3473177, 1788728637.1909606, 1788728638.0614142, 1788728638.964673, 1788728639.8938115, 1788728640.856927, 1788728641.507112, 1788728642.122667, 1788728642.8032498, 1788728643.5163515, 1788728644.2623885, 1788728645.0353584, 1788728645.8397875, 1788728646.533339, 1788728647.1386228, 1788728647.8016531, 1788728648.4987252, 1788728649.2203932, 1788728649.9713736, 1788728650.751551, 1788728651.564548, 1788728652.1582108, 1788728652.8039644, 1788728653.4785762, 1788728654.1849222, 1788728654.922028, 1788728655.686041, 1788728656.490003, 1788728657.1861432, 1788728657.79848, 1788728658.4613724, 1788728659.158566, 1788728659.8845785, 1788728660.6402438, 1788728661.4260964, 1788728662.2471952, 1788728662.9938, 1788728663.619576, 1788728664.3004267, 1788728665.006324, 1788728665.7427924, 1788728666.5077245, 1788728667.3022065, 1788728668.1216273, 1788728668.9769652, 1788728669.7796135, 1788728670.3797376, 1788728671.0376732, 1788728671.7205043, 1788728672.438784, 1788728673.1894858, 1788728673.9650462, 1788728674.7689013, 1788728675.6036878, 1788728676.3468506, 1788728676.9540598, 1788728677.618219, 1788728678.3113692, 1788728679.036141, 1788728679.7917073, 1788728680.5747855, 1788728681.4009213, 1788728682.2301376, 1788728683.1190193, 1788728684.020527, 1788728684.949896, 1788728685.6912162, 1788728686.3189402, 1788728687.0028982, 1788728687.72503, 1788728688.4612699, 1788728689.2298396, 1788728690.0323644, 1788728690.8571553, 1788728691.7171817, 1788728692.6101632, 1788728693.5185938, 1788728694.4639437, 1788728695.4113297, 1788728695.9950876, 1788728696.6464148, 1788728697.3294709, 1788728698.0399852, 1788728698.784996, 1788728699.557648, 1788728700.3574388, 1788728701.0289574, 1788728701.648776, 1788728702.3222854, 1788728703.0348735, 1788728703.7671964, 1788728704.531521, 1788728705.3232965, 1788728706.1429029, 1788728706.994662, 1788728707.8467586, 1788728708.4457943, 1788728709.1020281, 1788728709.7834396, 1788728710.4980633, 1788728711.251758, 1788728712.0229852, 1788728712.8304343, 1788728713.67083, 1788728714.4879036, 1788728715.087196, 1788728715.7434614, 1788728716.4303837, 1788728717.164178, 1788728717.9052997, 1788728718.6944761, 1788728719.509155, 1788728720.3596547, 1788728721.0812612, 1788728721.6965797, 1788728722.361101, 1788728723.056818, 1788728723.7863414, 1788728724.5432038, 1788728725.3802197, 1788728726.144251, 1788728726.9933527, 1788728727.8770723, 1788728728.7851388, 1788728729.7296295, 1788728730.701288, 1788728731.5540679, 1788728732.1577246, 1788728732.8346145, 1788728733.5496585, 1788728734.2948823, 1788728735.060335, 1788728735.8587947, 1788728736.6832662, 1788728737.5383172, 1788728738.4327152, 1788728739.3393595, 1788728740.2692106, 1788728741.2423635, 1788728742.251342, 1788728742.9194796, 1788728743.537508, 1788728744.2346961, 1788728744.9555736, 1788728745.7174692, 1788728746.489286, 1788728747.3041131, 1788728748.1441803, 1788728749.0156837, 1788728749.681507, 1788728750.3066678, 1788728750.981319, 1788728751.6963534, 1788728752.4418442, 1788728753.2099478, 1788728754.0027645, 1788728754.8271751, 1788728755.6831977, 1788728756.5707927, 1788728757.490761, 1788728758.4454575, 1788728759.438382, 1788728760.1957111, 1788728760.799146, 1788728761.469475, 1788728762.1653626, 1788728762.8985178, 1788728763.6584792, 1788728764.4554021, 1788728765.2798755, 1788728766.141702, 1788728767.0308373, 1788728767.9620104, 1788728768.62233, 1788728769.2727904]","[1, 1, 1, 1, 3, 1, 4, 2, 4, 1, 1, 2, 2, 1, 1, 3, 3, 1, 1, 3, 1, 2, 1, 2, 3, 2, 2, 1, 1, 3, 1, 2, 4, 1, 1, 2, 2, 2, 3, 2, 1, 1, 1, 1, 1, 1, 2, 1, 1, 1, 1, 3, 1, 3, 3, 2, 2, 1, 1, 1, 1, 5, 1, 1, 2, 2, 2, 1, 2, 1, 1, 2, 1, 3, 1, 1, 1, 5, 2, 3, 1, 2, 2, 1, 1, 1, 1, 1, 1, 1, 1, 3, 4, 1, 1, 1, 1, 3, 3, 2, 1, 2, 1, 3, 2, 1, 1, 1, 2, 3, 3, 2, 4, 1, 1, 3, 2, 2, 1, 2, 4, 1, 2, 1, 2, 1, 1, 1, 2, 1, 1, 3, 1, 1, 1, 1, 1, 1, 2, 4, 2, 1, 3, 1, 1, 1, 2, 1, 2, 1, 1, 5, 3, 2, 2, 3, 1, 2, 1, 1, 2, 2, 1, 1, 2, 1, 1, 1, 4, 2, 2, 2, 2, 1, 1, 2, 2, 1, 1, 1, 2, 1]"
User-022,19,trace_0418,1788728775.5628283,streaming,28119,173,173,423,4,157.27356123924255,247.14076256752014,0.5224837286527767,7.0,0,True,,1788728528.4219632,1788728685.6955245,1788728775.5627258,"[1788728685.6955245, 1788728686.323234, 1788728687.0062277, 1788728687.7293062, 1788728688.4649355, 1788728689.2334402, 1788728690.0360625, 1788728690.860559, 1788728691.7211423, 1788728692.614152, 1788728693.521709, 1788728694.4670694, 1788728695.4142585, 1788728695.998122, 1788728696.6494486, 1788728697.3324955, 1788728698.0430555, 1788728698.7880218, 1788728699.5606818, 1788728700.3605518, 1788728701.0318756, 1788728701.6517947, 1788728702.3252816, 1788728703.0384142, 1788728703.7697005, 1788728704.5339928, 1788728705.3258178, 1788728706.1453974, 1788728706.997216, 1788728707.8500252, 1788728708.448791, 1788728709.1050856, 1788728709.7864938, 1788728710.5011153, 1788728711.2547846, 1788728712.0261211, 1788728712.8335042, 1788728713.6740181, 1788728714.4909143, 1788728715.0903003, 1788728715.7464738, 1788728716.4334254, 1788728717.167563, 1788728717.907909, 1788728718.6970675, 1788728719.5117903, 1788728720.3623757, 1788728721.0837054, 1788728721.6991606, 1788728722.3636308, 1788728723.0594172, 1788728723.78889, 1788728724.545828, 1788728725.3814702, 1788728726.1468246, 1788728726.9984848, 1788728727.8796794, 1788728728.7876678, 1788728729.732152, 1788728730.7037988, 1788728731.5566568, 1788728732.1605406, 1788728732.8366442, 1788728733.5516787, 1788728734.2969086, 1788728735.0623822, 1788728735.8608475, 1788728736.6852977, 1788728737.5403352, 1788728738.434777, 1788728739.3429377, 1788728740.2723782, 1788728741.2454906, 1788728742.2544422, 1788728742.9225118, 1788728743.5432003, 1788728744.2378595, 1788728744.9586701, 1788728745.720751, 1788728746.4929314, 1788728747.3072388, 1788728748.1473475, 1788728749.0188353, 1788728749.684484, 1788728750.30978, 1788728750.984021, 1788728751.6989682, 1788728752.4444633, 1788728753.212647, 1788728754.0053573, 1788728754.829772, 1788728755.6857636, 1788728756.5735025, 1788728757.4933343, 1788728758.44807, 1788728759.4409823, 1788728760.1990108, 1788728760.8022308, 1788728761.4727535, 1788728762.1685338, 1788728762.9016361, 1788728763.661617, 1788728764.458504, 1788728765.2829406, 1788728766.1448364, 1788728767.0339386, 1788728767.965583, 1788728768.6251335, 1788728769.275875, 1788728769.9616177, 1788728770.6864102, 1788728771.431946, 1788728772.211209, 1788728773.022399, 1788728773.8652346, 1788728774.7387116, 1788728775.5604413]","[1, 1, 1, 2, 1, 2, 1, 3, 3, 1, 2, 1, 2, 1, 1, 1, 1, 1, 1, 1, 1, 1, 1, 1, 1, 1, 1, 1, 1, 1, 1, 1, 3, 1, 1, 1, 1, 3, 2, 1, 1, 1, 1, 1, 1, 1, 1, 1, 1, 1, 1, 1, 1, 1, 1, 1, 2, 2, 2, 1, 1, 1, 1, 3, 2, 1, 1, 2, 1, 5, 1, 2, 3, 5, 1, 1, 1, 1, 1, 2, 1, 1, 2, 2, 1, 2, 1, 1, 2, 1, 2, 1, 4, 3, 2, 3, 1, 2, 1, 1, 2, 4, 3, 1, 3, 1, 1, 1, 1, 1, 1, 1, 1, 3, 1, 1, 1]"
User-059,0,trace_0656,1788728781.5618162,streaming,19464,260,260,0,303,134.75988006591797,253.33140397071838,0.457805111601546,0.0,0,True,,1788728528.2303157,1788728662.9901958,1788728781.5617197,"[1788728662.9901958, 1788728663.6158822, 1788728664.2962759, 1788728665.0021353, 1788728665.7387714, 1788728666.5041575, 1788728667.2980225, 1788728668.1198585, 1788728668.9728742, 1788728669.7840126, 1788728670.3841703, 1788728671.0417778, 1788728671.7247465, 1788728672.442987, 1788728673.1935778, 1788728673.9692557, 1788728674.7732382, 1788728675.6078038, 1788728676.3518848, 1788728676.9588504, 1788728677.6229048, 1788728678.3160594, 1788728679.040813, 1788728679.796347, 1788728680.5795147, 1788728681.406232, 1788728682.2343533, 1788728683.1232011, 1788728684.0162258, 1788728684.946694, 1788728685.68809, 1788728686.3156626, 1788728686.999428, 1788728687.7216847, 1788728688.458062, 1788728689.2266588, 1788728690.0289323, 1788728690.853902, 1788728691.7139196, 1788728692.606548, 1788728693.5152042, 1788728694.4605784, 1788728695.407233, 1788728695.9912403, 1788728696.642609, 1788728697.3256242, 1788728698.0360835, 1788728698.781129, 1788728699.5538878, 1788728700.3535497, 1788728701.0253127, 1788728701.6449318, 1788728702.318459, 1788728703.0310404, 1788728703.7633846, 1788728704.5276198, 1788728705.3194563, 1788728706.1391432, 1788728706.9908795, 1788728707.843042, 1788728708.442009, 1788728709.098183, 1788728709.7795844, 1788728710.4942026, 1788728711.247473, 1788728712.0197313, 1788728712.827171, 1788728713.6673737, 1788728714.4837925, 1788728715.0835752, 1788728715.739629, 1788728716.4265237, 1788728717.1603765, 1788728717.909427, 1788728718.6985664, 1788728719.5133092, 1788728720.3638809, 1788728721.0851934, 1788728721.7000146, 1788728722.3651283, 1788728723.0609078, 1788728723.7904122, 1788728724.547279, 1788728725.3821971, 1788728726.148379, 1788728726.9997516, 1788728727.8812325, 1788728728.7894564, 1788728729.73365, 1788728730.7052953, 1788728731.5589874, 1788728732.1625652, 1788728732.8386621, 1788728733.5537004, 1788728734.2989364, 1788728735.0644107, 1788728735.8629391, 1788728736.6873474, 1788728737.5423112, 1788728738.4368536, 1788728739.3449757, 1788728740.2743812, 1788728741.2475243, 1788728742.2564898, 1788728742.9246264, 1788728743.544791, 1788728744.239875, 1788728744.9606829, 1788728745.7227814, 1788728746.4950452, 1788728747.3092144, 1788728748.1490073, 1788728749.0208259, 1788728749.686459, 1788728750.3121455, 1788728750.9860678, 1788728751.7010267, 1788728752.446496, 1788728753.2146819, 1788728754.0074003, 1788728754.8318238, 1788728755.6877615, 1788728756.575594, 1788728757.495357, 1788728758.4500508, 1788728759.443008, 1788728760.2009928, 1788728760.804276, 1788728761.4748158, 1788728762.170536, 1788728762.9036818, 1788728763.663657, 1788728764.4608574, 1788728765.2844563, 1788728766.1463573, 1788728767.0355341, 1788728767.9670994, 1788728768.6265967, 1788728769.2774956, 1788728769.963359, 1788728770.688028, 1788728771.433447, 1788728772.212707, 1788728773.023932, 1788728773.8667157, 1788728774.7402573, 1788728775.5622184, 1788728776.1798391, 1788728776.8646464, 1788728777.5777392, 1788728778.317986, 1788728779.0836554, 1788728779.8748026, 1788728780.7006984, 1788728781.5609443]","[1, 1, 1, 1, 3, 1, 4, 2, 4, 1, 1, 2, 2, 1, 1, 3, 3, 1, 3, 1, 2, 1, 2, 3, 2, 2, 1, 1, 1, 2, 1, 1, 1, 2, 3, 1, 2, 1, 2, 2, 2, 2, 1, 1, 3, 2, 1, 1, 1, 1, 1, 2, 2, 1, 1, 2, 1, 3, 1, 1, 1, 2, 2, 1, 1, 2, 4, 2, 3, 1, 1, 2, 1, 1, 1, 1, 1, 1, 1, 1, 2, 4, 1, 1, 1, 1, 2, 2, 1, 1, 1, 1, 5, 1, 1, 1, 2, 2, 2, 1, 2, 1, 2, 1, 1, 1, 3, 2, 4, 2, 1, 3, 3, 1, 3, 2, 1, 1, 2, 2, 2, 1, 3, 2, 1, 2, 1, 3, 1, 1, 1, 2, 1, 1, 2, 2, 1, 1, 1, 1, 4, 1, 4, 1, 3, 2, 2, 1, 1, 2, 2, 2, 2, 1, 1]"
User-053,0,trace_0176,1788728790.1102493,streaming,29936,291,291,0,467,113.4591155052185,262.05912923812866,0.5124138404583108,0.0,0,True,,1788728528.0510209,1788728641.5101364,1788728790.11015,"[1788728641.5101364, 1788728642.125371, 1788728642.8060088, 1788728643.519015, 1788728644.2650928, 1788728645.037954, 1788728645.8424819, 1788728646.5358634, 1788728647.1412687, 1788728647.804151, 1788728648.501426, 1788728649.2231941, 1788728649.9740815, 1788728650.7541358, 1788728651.567066, 1788728652.1609638, 1788728652.8070707, 1788728653.4811182, 1788728654.1874237, 1788728654.9246511, 1788728655.6912432, 1788728656.4929154, 1788728657.1885593, 1788728657.8008878, 1788728658.4644918, 1788728659.1611462, 1788728659.8875759, 1788728660.6435905, 1788728661.4286354, 1788728662.2491858, 1788728662.9963424, 1788728663.6219435, 1788728664.302942, 1788728665.0088215, 1788728665.7454202, 1788728666.510351, 1788728667.3070712, 1788728668.1228056, 1788728668.979462, 1788728669.7865262, 1788728670.3865776, 1788728671.0442247, 1788728671.7272527, 1788728672.445485, 1788728673.198605, 1788728673.9717267, 1788728674.7757154, 1788728675.6103108, 1788728676.3544078, 1788728676.9613307, 1788728677.6254587, 1788728678.3185308, 1788728679.0433497, 1788728679.7988598, 1788728680.5820165, 1788728681.408274, 1788728682.236829, 1788728683.1254632, 1788728684.0225255, 1788728684.9520066, 1788728685.6931813, 1788728686.321094, 1788728687.0046742, 1788728687.7270274, 1788728688.4634397, 1788728689.231956, 1788728690.0344796, 1788728690.8592784, 1788728691.719641, 1788728692.6126254, 1788728693.5201375, 1788728694.4655125, 1788728695.4127905, 1788728695.9966092, 1788728696.647944, 1788728697.3309948, 1788728698.041521, 1788728698.786511, 1788728699.55917, 1788728700.359047, 1788728701.030432, 1788728701.650281, 1788728702.323793, 1788728703.0365555, 1788728703.768708, 1788728704.5330245, 1788728705.3248127, 1788728706.1444135, 1788728706.9962196, 1788728707.848217, 1788728708.447313, 1788728709.1035488, 1788728709.7849438, 1788728710.4995823, 1788728711.253271, 1788728712.0246038, 1788728712.8319798, 1788728713.6724238, 1788728714.4893951, 1788728715.088716, 1788728715.744981, 1788728716.431904, 1788728717.1660407, 1788728717.9069045, 1788728718.6960847, 1788728719.5107777, 1788728720.3613791, 1788728721.0827208, 1788728721.6981106, 1788728722.3626034, 1788728723.0583732, 1788728723.787879, 1788728724.5447717, 1788728725.380967, 1788728726.1457884, 1788728726.9973328, 1788728727.8786466, 1788728728.7866569, 1788728729.7311506, 1788728730.702816, 1788728731.5556653, 1788728732.1592147, 1788728732.8361535, 1788728733.5511663, 1788728734.2964137, 1788728735.0618627, 1788728735.8603456, 1788728736.6847992, 1788728737.5398464, 1788728738.4342525, 1788728739.3424175, 1788728740.271882, 1788728741.2449865, 1788728742.2539551, 1788728742.9220238, 1788728743.542821, 1788728744.2373402, 1788728744.9581592, 1788728745.7202618, 1788728746.4924238, 1788728747.3067496, 1788728748.146813, 1788728749.0183182, 1788728749.684005, 1788728750.3092792, 1788728750.9835076, 1788728751.6984594, 1788728752.4439542, 1788728753.21214, 1788728754.0048406, 1788728754.8292794, 1788728755.6852663, 1788728756.5729876, 1788728757.4928367, 1788728758.4475577, 1788728759.4404862, 1788728760.197679, 1788728760.8012044, 1788728761.4717433, 1788728762.1675105, 1788728762.9006414, 1788728763.6606064, 1788728764.457509, 1788728765.281925, 1788728766.1438076, 1788728767.0329168, 1788728767.964573, 1788728768.623331, 1788728769.274293, 1788728769.9599452, 1788728770.6845984, 1788728771.4304168, 1788728772.2094727, 1788728773.0208395, 1788728773.863648, 1788728774.7371216, 1788728775.5588932, 1788728776.1773016, 1788728776.8620002, 1788728777.5751476, 1788728778.315404, 1788728779.081022, 1788728779.8722706, 1788728780.6981146, 1788728781.5583096, 1788728782.4338377, 1788728783.3472586, 1788728784.2923145, 1788728785.0294702, 1788728785.6323807, 1788728786.3011456, 1788728787.006834, 1788728787.7318141, 1788728788.4922714, 1788728789.2824967, 1788728790.1068408]","[1, 3, 1, 3, 1, 1, 1, 1, 1, 1, 1, 1, 1, 1, 1, 3, 1, 1, 2, 1, 1, 1, 1, 1, 1, 3, 1, 1, 1, 3, 1, 1, 1, 2, 2, 1, 1, 2, 3, 3, 2, 1, 1, 1, 1, 3, 1, 1, 1, 3, 1, 2, 1, 1, 2, 2, 4, 5, 1, 2, 2, 1, 2, 1, 2, 1, 3, 1, 1, 2, 2, 1, 1, 4, 1, 1, 1, 1, 2, 1, 2, 1, 1, 1, 1, 1, 1, 1, 1, 1, 1, 1, 1, 2, 1, 2, 1, 2, 1, 1, 1, 1, 1, 2, 1, 1, 1, 1, 2, 1, 3, 2, 1, 1, 2, 1, 1, 1, 1, 1, 2, 1, 1, 3, 1, 3, 2, 1, 1, 3, 1, 1, 1, 1, 1, 1, 2, 3, 1, 1, 1, 2, 2, 1, 1, 1, 1, 1, 1, 1, 3, 2, 1, 1, 1, 1, 1, 3, 1, 1, 1, 2, 1, 1, 2, 1, 2, 1, 1, 1, 1, 1, 1, 1, 1, 2, 1, 3, 4, 1, 2, 1, 2, 1, 3, 4, 1, 2, 2, 1, 1, 4, 2, 1, 1, 1]"
User-045,6,trace_0729,1788728794.100185,streaming,32364,108,108,500,2,213.99145817756653,265.1739583015442,0.4783411226539968,6.0,0,True,,1788728528.9261158,1788728742.917574,1788728794.100074,"[1788728742.917574, 1788728743.5364692, 1788728744.2334418, 1788728744.9545124, 1788728745.7164288, 1788728746.488071, 1788728747.3029487, 1788728748.143023, 1788728749.0144897, 1788728749.6804867, 1788728750.305645, 1788728750.9802744, 1788728751.6952887, 1788728752.4408185, 1788728753.2089396, 1788728754.0017023, 1788728754.8261132, 1788728755.6821284, 1788728756.569641, 1788728757.4895225, 1788728758.4444485, 1788728759.4373116, 1788728760.1946352, 1788728760.798052, 1788728761.4683108, 1788728762.1643538, 1788728762.8974957, 1788728763.6574662, 1788728764.4543338, 1788728765.2788458, 1788728766.1406615, 1788728767.0299766, 1788728767.9609747, 1788728768.6208181, 1788728769.2712233, 1788728769.9575908, 1788728770.6807585, 1788728771.4282064, 1788728772.2073777, 1788728773.018807, 1788728773.8615665, 1788728774.7346387, 1788728775.5569115, 1788728776.1751745, 1788728776.8597963, 1788728777.573077, 1788728778.3133314, 1788728779.0786035, 1788728779.8701346, 1788728780.696074, 1788728781.5563207, 1788728782.4316254, 1788728783.345215, 1788728784.2902884, 1788728785.0274992, 1788728785.6302388, 1788728786.2991083, 1788728787.0046022, 1788728787.7297547, 1788728788.490119, 1788728789.28049, 1788728790.10462, 1788728790.9556415, 1788728791.8489232, 1788728792.7739346, 1788728793.475275, 1788728794.0945017]","[1, 1, 1, 1, 1, 3, 2, 2, 3, 1, 1, 1, 3, 1, 1, 1, 1, 1, 2, 2, 1, 2, 1, 3, 1, 1, 1, 1, 2, 1, 2, 1, 1, 1, 1, 2, 2, 2, 1, 3, 2, 5, 2, 2, 1, 3, 3, 3, 1, 2, 2, 2, 1, 1, 2, 1, 1, 1, 1, 1, 3, 2, 2, 1, 1, 1, 1]"
User-055,2,trace_0449,1788728795.4858797,streaming,20692,189,189,232,84,192.2960889339447,266.70424032211304,0.3957880392987677,12.0,0,True,,1788728528.7815444,1788728721.0776334,1788728795.4857848,"[1788728721.0776334, 1788728721.6897395, 1788728722.35737, 1788728723.053059, 1788728723.7824805, 1788728724.5393677, 1788728725.3784394, 1788728726.1402588, 1788728726.989583, 1788728727.872975, 1788728728.7812033, 1788728729.7254696, 1788728730.6974142, 1788728731.5502996, 1788728732.1537845, 1788728732.830477, 1788728733.5458105, 1788728734.2911189, 1788728735.0564125, 1788728735.854919, 1788728736.6795323, 1788728737.5344229, 1788728738.4281626, 1788728739.337045, 1788728740.2669165, 1788728741.24006, 1788728742.2490275, 1788728742.9157407, 1788728743.5352533, 1788728744.2320957, 1788728744.95329, 1788728745.7148805, 1788728746.48726, 1788728747.3022943, 1788728748.142401, 1788728749.0138817, 1788728749.6784308, 1788728750.3050408, 1788728750.9796212, 1788728751.6946282, 1788728752.4401848, 1788728753.2082791, 1788728754.0010653, 1788728754.8254418, 1788728755.681484, 1788728756.5690536, 1788728757.4886928, 1788728758.4437606, 1788728759.4366686, 1788728760.1939523, 1788728760.7973526, 1788728761.4677029, 1788728762.163698, 1788728762.8968658, 1788728763.6568422, 1788728764.4537077, 1788728765.2781749, 1788728766.1400273, 1788728767.0294929, 1788728767.9603436, 1788728768.6201625, 1788728769.2705703, 1788728769.957031, 1788728770.6801465, 1788728771.4276245, 1788728772.2067068, 1788728773.0181217, 1788728773.860933, 1788728774.734005, 1788728775.5564013, 1788728776.1746147, 1788728776.8592565, 1788728777.5725653, 1788728778.312808, 1788728779.0780563, 1788728779.8695962, 1788728780.6955526, 1788728781.5558019, 1788728782.4310641, 1788728783.3446805, 1788728784.2897708, 1788728785.0268497, 1788728785.6297297, 1788728786.2985265, 1788728787.00405, 1788728787.7292252, 1788728788.4896069, 1788728789.2799673, 1788728790.1040895, 1788728790.9551258, 1788728791.8484104, 1788728792.7734113, 1788728793.4747205, 1788728794.093955, 1788728794.7643077, 1788728795.480396]","[1, 1, 3, 2, 1, 2, 1, 2, 5, 2, 1, 1, 1, 1, 1, 1, 2, 2, 1, 2, 1, 1, 1, 1, 2, 1, 2, 1, 1, 1, 3, 1, 1, 1, 2, 1, 1, 1, 3, 1, 3, 5, 2, 4, 3, 4, 6, 1, 2, 1, 1, 1, 3, 2, 2, 1, 5, 1, 2, 3, 2, 2, 2, 4, 2, 1, 3, 3, 3, 3, 3, 3, 1, 1, 3, 2, 2, 2, 3, 4, 2, 2, 2, 3, 2, 1, 1, 2, 3, 1, 1, 2, 1, 2, 1, 2]"
User-013,2,trace_0253,1788728808.0369017,streaming,22909,242,242,322,10,179.16410779953003,279.3518853187561,0.41571691916691317,15.0,0,True,,1788728528.6849198,1788728707.8490276,1788728808.0368052,"[1788728707.8490276, 1788728708.4478114, 1788728709.1040494, 1788728709.78545, 1788728710.5001037, 1788728711.253774, 1788728712.0251057, 1788728712.8324819, 1788728713.6729698, 1788728714.4898844, 1788728715.089218, 1788728715.7454867, 1788728716.432404, 1788728717.1665308, 1788728717.9058936, 1788728718.695076, 1788728719.5097563, 1788728720.360371, 1788728721.0817535, 1788728721.6970859, 1788728722.3616064, 1788728723.0573688, 1788728723.7868633, 1788728724.5437229, 1788728725.3804672, 1788728726.144768, 1788728726.99386, 1788728727.8775895, 1788728728.7856553, 1788728729.7301447, 1788728730.7017956, 1788728731.5545654, 1788728732.1582143, 1788728732.835134, 1788728733.5501542, 1788728734.2954035, 1788728735.0608363, 1788728735.8593173, 1788728736.6837828, 1788728737.5388227, 1788728738.4332335, 1788728739.3413932, 1788728740.2708595, 1788728741.24391, 1788728742.252852, 1788728742.9210055, 1788728743.5419555, 1788728744.2362883, 1788728744.9571621, 1788728745.7192209, 1788728746.4913917, 1788728747.3056464, 1788728748.1456962, 1788728749.017223, 1788728749.6829796, 1788728750.3082845, 1788728750.9845278, 1788728751.6995034, 1788728752.4449563, 1788728753.2131464, 1788728754.0058553, 1788728754.8302739, 1788728755.6862538, 1788728756.5740395, 1788728757.4938426, 1788728758.4485612, 1788728759.4414935, 1788728760.1994965, 1788728760.8027527, 1788728761.4732466, 1788728762.1690347, 1788728762.9021428, 1788728763.6621215, 1788728764.4590187, 1788728765.283431, 1788728766.1453552, 1788728767.0344553, 1788728767.9660897, 1788728768.625618, 1788728769.276419, 1788728769.9622698, 1788728770.6869478, 1788728771.432444, 1788728772.2117112, 1788728773.0229108, 1788728773.86572, 1788728774.7392166, 1788728775.561223, 1788728776.1788175, 1788728776.8636224, 1788728777.5767183, 1788728778.3169904, 1788728779.0825977, 1788728779.8737748, 1788728780.6997085, 1788728781.559892, 1788728782.4354138, 1788728783.3488235, 1788728784.2938824, 1788728785.0309675, 1788728785.6338856, 1788728786.302785, 1788728787.0083828, 1788728787.7333696, 1788728788.49375, 1788728789.2842352, 1788728790.1086278, 1788728790.958771, 1788728791.851968, 1788728792.7770438, 1788728793.4791234, 1788728794.0986178, 1788728794.7679262, 1788728795.4843872, 1788728796.2161062, 1788728796.9734957, 1788728797.7587733, 1788728798.5764687, 1788728799.428048, 1788728800.3160791, 1788728801.2364006, 1788728802.1870484, 1788728803.0334477, 1788728803.624663, 1788728804.2813883, 1788728804.965685, 1788728805.689514, 1788728806.438117, 1788728807.213811, 1788728808.0349698]","[1, 2, 4, 1, 3, 5, 4, 2, 2, 2, 3, 2, 1, 5, 1, 1, 2, 2, 2, 1, 1, 1, 1, 3, 2, 5, 1, 5, 2, 2, 3, 1, 1, 4, 1, 3, 3, 2, 1, 3, 2, 1, 1, 1, 1, 2, 2, 1, 4, 4, 3, 3, 1, 1, 2, 2, 1, 1, 4, 1, 1, 1, 1, 2, 1, 1, 1, 1, 1, 3, 1, 1, 2, 2, 4, 3, 2, 1, 2, 1, 1, 1, 1, 2, 1, 1, 1, 1, 1, 1, 1, 1, 1, 2, 1, 2, 6, 1, 1, 3, 1, 2, 1, 1, 1, 3, 2, 2, 1, 1, 3, 1, 1, 1, 1, 1, 1, 1, 1, 1, 4, 4, 3, 3, 1, 2, 1, 1, 4, 1]"
User-060,23,trace_0527,1788728817.4675615,streaming,28228,79,79,428,2,255.8069987297058,288.2422001361847,0.41583591546767795,7.0,0,True,,1788728529.2252684,1788728785.032267,1788728817.4674685,"[1788728785.032267, 1788728785.6348815, 1788728786.3038135, 1788728787.0094268, 1788728787.7343552, 1788728788.4947705, 1788728789.2852614, 1788728790.1096532, 1788728790.959775, 1788728791.8529632, 1788728792.7780511, 1788728793.4801185, 1788728794.099654, 1788728794.7689085, 1788728795.485425, 1788728796.2171023, 1788728796.9745018, 1788728797.7597983, 1788728798.5775008, 1788728799.42908, 1788728800.3171315, 1788728801.2374375, 1788728802.1880627, 1788728803.0344653, 1788728803.6257365, 1788728804.2823856, 1788728804.9667022, 1788728805.690496, 1788728806.4391248, 1788728807.2148438, 1788728808.0362968, 1788728808.8822856, 1788728809.7656274, 1788728810.6781445, 1788728811.616316, 1788728812.3894014, 1788728812.9948678, 1788728813.6620414, 1788728814.3591893, 1788728815.0905573, 1788728815.8499737, 1788728816.6307514, 1788728817.4666972]","[1, 1, 2, 2, 1, 2, 3, 1, 2, 2, 1, 2, 1, 1, 2, 1, 1, 2, 1, 1, 2, 1, 1, 1, 1, 1, 1, 1, 2, 3, 4, 2, 3, 1, 4, 5, 1, 4, 5, 3, 1, 1, 1]"
User-052,6,trace_0594,1788728821.5827827,streaming,26418,73,73,403,2,264.1891543865204,292.2957065105438,0.3903687795003255,9.0,0,True,,1788728529.286973,1788728793.4761274,1788728821.5826795,"[1788728793.4761274, 1788728794.0953426, 1788728794.7648325, 1788728795.48119, 1788728796.2129648, 1788728796.9703243, 1788728797.755504, 1788728798.5733511, 1788728799.424756, 1788728800.3128371, 1788728801.23307, 1788728802.1838982, 1788728803.0294309, 1788728803.6183882, 1788728804.2776144, 1788728804.9620478, 1788728805.6858077, 1788728806.4344704, 1788728807.2100732, 1788728808.0313058, 1788728808.8781796, 1788728809.761427, 1788728810.6739204, 1788728811.6121106, 1788728812.3846357, 1788728812.9899256, 1788728813.6573837, 1788728814.3541996, 1788728815.0858722, 1788728815.8449707, 1788728816.6260998, 1788728817.4618096, 1788728818.3099961, 1788728819.1971126, 1788728820.1269548, 1788728820.9739716, 1788728821.5775008]","[1, 2, 1, 1, 2, 1, 3, 2, 2, 1, 2, 1, 2, 1, 3, 1, 3, 3, 2, 1, 3, 4, 2, 2, 2, 1, 6, 4, 1, 1, 1, 3, 1, 1, 1, 2, 3]"
User-021,2,trace_0266,1788728831.8208666,streaming,25893,217,217,346,7,239.5191295146942,302.7152450084686,0.29257460876747415,15.0,0,True,,1788728529.1055124,1788728768.624642,1788728831.8207574,"[1788728768.624642, 1788728769.2753325, 1788728769.961117, 1788728770.685874, 1788728771.431443, 1788728772.210671, 1788728773.0218403, 1788728773.8647351, 1788728774.7382114, 1788728775.5599, 1788728776.1783001, 1788728776.8630686, 1788728777.5762208, 1788728778.316485, 1788728779.082057, 1788728779.8732786, 1788728780.6991835, 1788728781.5593848, 1788728782.434907, 1788728783.3483236, 1788728784.2933884, 1788728785.0304654, 1788728785.6333904, 1788728786.3022485, 1788728787.00786, 1788728787.7328823, 1788728788.4932642, 1788728789.283749, 1788728790.1081328, 1788728790.9582467, 1788728791.8514688, 1788728792.7765458, 1788728793.478631, 1788728794.0981321, 1788728794.7674232, 1788728795.4838824, 1788728796.215556, 1788728796.9729967, 1788728797.7582529, 1788728798.575922, 1788728799.427532, 1788728800.3155565, 1788728801.235883, 1788728802.1865199, 1788728803.032955, 1788728803.6241236, 1788728804.2808967, 1788728804.9651906, 1788728805.6890178, 1788728806.4375937, 1788728807.2133121, 1788728808.0344343, 1788728808.881288, 1788728809.7646413, 1788728810.6771474, 1788728811.615297, 1788728812.3884194, 1788728812.9937346, 1788728813.661059, 1788728814.3581448, 1788728815.089549, 1788728815.8489137, 1788728816.629758, 1788728817.4656322, 1788728818.3135097, 1788728819.200263, 1788728820.130262, 1788728820.9770913, 1788728821.5812404, 1788728822.2292228, 1788728822.930127, 1788728823.6600323, 1788728824.4187055, 1788728825.2075262, 1788728826.0263124, 1788728826.8745818, 1788728827.532818, 1788728828.1520598, 1788728828.8229942, 1788728829.529386, 1788728830.258451, 1788728831.0185173, 1788728831.818814]","[1, 1, 1, 1, 2, 3, 1, 1, 2, 2, 2, 5, 1, 4, 1, 1, 2, 3, 1, 3, 1, 4, 1, 5, 2, 2, 1, 1, 2, 2, 2, 3, 1, 1, 4, 2, 1, 2, 1, 2, 1, 1, 1, 5, 2, 1, 1, 2, 3, 5, 1, 1, 4, 2, 4, 4, 2, 1, 2, 2, 4, 4, 2, 5, 2, 4, 6, 4, 5, 6, 5, 3, 5, 1, 6, 3, 5, 6, 3, 5, 4, 4, 2]"
User-015,7,trace_0687,1788728861.4618015,streaming,31527,309,309,480,7,202.70396614074707,332.6076662540436,0.42176526010810556,11.0,0,True,,1788728528.8540204,1788728731.5579865,1788728861.4616866,"[1788728731.5579865, 1788728732.1615644, 1788728732.8376627, 1788728733.5527039, 1788728734.2979097, 1788728735.0634086, 1788728735.8618515, 1788728736.6863163, 1788728737.5413125, 1788728738.4358182, 1788728739.3439472, 1788728740.2733757, 1788728741.246495, 1788728742.255466, 1788728742.9235084, 1788728743.5440037, 1788728744.2389393, 1788728744.9596763, 1788728745.721748, 1788728746.4939773, 1788728747.3082223, 1788728748.148232, 1788728749.0198128, 1788728749.6854692, 1788728750.3111115, 1788728750.985021, 1788728751.6999996, 1788728752.4454834, 1788728753.2136307, 1788728754.006345, 1788728754.830798, 1788728755.6867604, 1788728756.5745533, 1788728757.4943447, 1788728758.4490538, 1788728759.441981, 1788728760.1999822, 1788728760.8032496, 1788728761.4737778, 1788728762.1695404, 1788728762.9026492, 1788728763.6626291, 1788728764.4595091, 1788728765.2839525, 1788728766.1458552, 1788728767.0349822, 1788728767.9665847, 1788728768.626104, 1788728769.276956, 1788728769.9628057, 1788728770.6874824, 1788728771.432948, 1788728772.21221, 1788728773.0234065, 1788728773.8662035, 1788728774.7397265, 1788728775.561722, 1788728776.1793246, 1788728776.8641274, 1788728777.5772226, 1788728778.3174813, 1788728779.0831254, 1788728779.8742871, 1788728780.700205, 1788728781.5604014, 1788728782.435962, 1788728783.3493164, 1788728784.294385, 1788728785.0314677, 1788728785.6343684, 1788728786.3032923, 1788728787.0088992, 1788728787.7338576, 1788728788.494249, 1788728789.2847536, 1788728790.1091433, 1788728790.9592693, 1788728791.852457, 1788728792.7775319, 1788728793.4796314, 1788728794.0991383, 1788728794.768418, 1788728795.4848998, 1788728796.2166061, 1788728796.9739904, 1788728797.7592757, 1788728798.5769622, 1788728799.4285657, 1788728800.3166063, 1788728801.2369142, 1788728802.1875582, 1788728803.033979, 1788728803.6251884, 1788728804.2818944, 1788728804.9661906, 1788728805.6900003, 1788728806.438617, 1788728807.2143335, 1788728808.0357776, 1788728808.8817925, 1788728809.765133, 1788728810.6776505, 1788728811.615807, 1788728812.3889165, 1788728812.9943228, 1788728813.6615517, 1788728814.3586588, 1788728815.0900462, 1788728815.849451, 1788728816.6302428, 1788728817.4661517, 1788728818.314037, 1788728819.2007709, 1788728820.1308155, 1788728820.9776218, 1788728821.581781, 1788728822.2297637, 1788728822.9306664, 1788728823.6605318, 1788728824.419233, 1788728825.2080984, 1788728826.0271747, 1788728826.8751476, 1788728827.5332096, 1788728828.152578, 1788728828.8235028, 1788728829.5299284, 1788728830.2589993, 1788728831.0190358, 1788728831.8196871, 1788728832.6352947, 1788728833.5045884, 1788728834.4004526, 1788728835.3255322, 1788728836.151164, 1788728836.7423086, 1788728837.4007878, 1788728838.0890017, 1788728838.8065724, 1788728839.5554545, 1788728840.3322678, 1788728841.1392431, 1788728841.832977, 1788728842.4452422, 1788728843.115699, 1788728843.8077714, 1788728844.5380492, 1788728845.1889856, 1788728845.8077388, 1788728846.4757204, 1788728847.1727211, 1788728847.9020073, 1788728848.661655, 1788728849.4476767, 1788728850.267539, 1788728851.1173828, 1788728851.9971356, 1788728852.9159384, 1788728853.8766258, 1788728854.455292, 1788728855.1057663, 1788728855.782582, 1788728856.4916587, 1788728857.234151, 1788728858.0020642, 1788728858.8161602, 1788728859.41119, 1788728860.0598662, 1788728860.7405455, 1788728861.4604247]","[1, 1, 1, 1, 2, 2, 2, 1, 3, 3, 2, 2, 1, 1, 1, 3, 1, 1, 1, 2, 2, 3, 4, 1, 2, 4, 3, 1, 2, 3, 2, 1, 1, 1, 2, 1, 2, 2, 1, 1, 2, 1, 3, 2, 1, 3, 1, 1, 3, 4, 6, 1, 2, 2, 1, 2, 1, 1, 1, 2, 1, 4, 2, 1, 2, 1, 1, 4, 1, 1, 1, 1, 2, 1, 1, 1, 2, 2, 2, 2, 2, 1, 3, 1, 2, 2, 4, 1, 1, 2, 1, 3, 3, 1, 2, 1, 1, 3, 2, 1, 1, 1, 1, 1, 1, 1, 2, 1, 1, 2, 3, 1, 1, 1, 3, 1, 3, 1, 4, 3, 3, 3, 1, 1, 1, 1, 2, 2, 1, 3, 1, 1, 1, 1, 1, 3, 2, 2, 2, 1, 1, 2, 1, 4, 1, 3, 2, 3, 1, 3, 4, 1, 1, 1, 2, 3, 2, 2, 3, 1, 1, 3, 3, 1, 1, 2, 3, 2, 2, 3]"
User-064,8,trace_0441,1788728866.0713828,streaming,27350,105,105,404,17,291.415696144104,336.51354789733887,0.4336331899349506,12.0,0,True,,1788728529.5577407,1788728820.9734368,1788728866.0712886,"[1788728820.9734368, 1788728821.5769255, 1788728822.2201443, 1788728822.926911, 1788728823.6568396, 1788728824.4155853, 1788728825.2041218, 1788728826.0231829, 1788728826.8711767, 1788728827.5292952, 1788728828.1479926, 1788728828.8193002, 1788728829.5212276, 1788728830.2547019, 1788728831.0148249, 1788728831.8149335, 1788728832.6312082, 1788728833.50073, 1788728834.3967729, 1788728835.321825, 1788728836.1466057, 1788728836.7381089, 1788728837.396582, 1788728838.0842986, 1788728838.8021898, 1788728839.5511987, 1788728840.3272748, 1788728841.135164, 1788728841.8280241, 1788728842.440635, 1788728843.1079133, 1788728843.8025343, 1788728844.532805, 1788728845.1835873, 1788728845.8022816, 1788728846.469912, 1788728847.1671057, 1788728847.8968394, 1788728848.6560557, 1788728849.4415677, 1788728850.2611952, 1788728851.1120162, 1788728851.9918635, 1788728852.9106035, 1788728853.87062, 1788728854.449471, 1788728855.1000044, 1788728855.7767897, 1788728856.485814, 1788728857.2280512, 1788728857.9963164, 1788728858.8095212, 1788728859.4046729, 1788728860.0537612, 1788728860.7345092, 1788728861.454327, 1788728862.1845338, 1788728862.970978, 1788728863.7866025, 1788728864.6308558, 1788728865.4586086, 1788728866.0639694]","[1, 1, 2, 2, 3, 2, 1, 1, 1, 1, 2, 1, 1, 1, 1, 1, 3, 1, 2, 1, 1, 2, 2, 3, 1, 1, 1, 1, 1, 1, 2, 2, 3, 1, 3, 3, 1, 2, 2, 6, 1, 4, 1, 1, 1, 1, 1, 2, 1, 1, 1, 2, 3, 1, 1, 1, 3, 3, 3, 1, 3, 1]"
User-037,7,trace_0489,1788728867.4595344,streaming,31854,289,289,459,35,231.1495304107666,338.4104628562927,0.37243379321363235,50.0,0,True,,1788728529.0489705,1788728760.1985009,1788728867.4594333,"[1788728760.1985009, 1788728760.8017244, 1788728761.4722471, 1788728762.168014, 1788728762.9011424, 1788728763.6611161, 1788728764.4580092, 1788728765.2824316, 1788728766.1443086, 1788728767.0334084, 1788728767.9650848, 1788728768.623819, 1788728769.274812, 1788728769.9604719, 1788728770.6853278, 1788728771.4309366, 1788728772.2100015, 1788728773.0213373, 1788728773.8642123, 1788728774.737642, 1788728775.5594053, 1788728776.1777966, 1788728776.862533, 1788728777.5757298, 1788728778.3159795, 1788728779.081534, 1788728779.8727863, 1788728780.6986766, 1788728781.5588884, 1788728782.4343796, 1788728783.347828, 1788728784.2928894, 1788728785.0299797, 1788728785.6329012, 1788728786.3017259, 1788728787.0073457, 1788728787.732374, 1788728788.4927711, 1788728789.2832243, 1788728790.1076267, 1788728790.957695, 1788728791.850913, 1788728792.7759936, 1788728793.4781423, 1788728794.0976381, 1788728794.7668574, 1788728795.4832335, 1788728796.2150462, 1788728796.972442, 1788728797.7577512, 1788728798.5754185, 1788728799.4269927, 1788728800.3149743, 1788728801.2353683, 1788728802.1859653, 1788728803.0324502, 1788728803.6236088, 1788728804.2803974, 1788728804.9646895, 1788728805.6885197, 1788728806.4370377, 1788728807.2127311, 1788728808.0339184, 1788728808.8807929, 1788728809.764066, 1788728810.6765697, 1788728811.614783, 1788728812.3879132, 1788728812.993212, 1788728813.6605597, 1788728814.3576245, 1788728815.0890427, 1788728815.8483365, 1788728816.6292589, 1788728817.465046, 1788728818.3129966, 1788728819.1997638, 1788728820.129743, 1788728820.9765673, 1788728821.5807214, 1788728822.2286413, 1788728822.929606, 1788728823.659534, 1788728824.418195, 1788728825.2069933, 1788728826.0257533, 1788728826.8740656, 1788728827.532431, 1788728828.151545, 1788728828.8224044, 1788728829.5288613, 1788728830.2579434, 1788728831.0179937, 1788728831.8182204, 1788728832.6347709, 1788728833.50403, 1788728834.3999455, 1788728835.3249567, 1788728836.1506183, 1788728836.7418056, 1788728837.4002767, 1788728838.0884385, 1788728838.8060613, 1788728839.5549147, 1788728840.3317225, 1788728841.1387246, 1788728841.832484, 1788728842.4446492, 1788728843.1152022, 1788728843.807209, 1788728844.5374794, 1788728845.1876016, 1788728845.806616, 1788728846.4746313, 1788728847.171736, 1788728847.9010155, 1788728848.6606581, 1788728849.446541, 1788728850.2666905, 1788728851.1163485, 1788728851.9961488, 1788728852.9149184, 1788728853.8756127, 1788728854.4542818, 1788728855.1047554, 1788728855.7815506, 1788728856.4906323, 1788728857.2331283, 1788728858.0010226, 1788728858.8150682, 1788728859.4101768, 1788728860.0588758, 1788728860.7395647, 1788728861.4594176, 1788728862.1897075, 1788728862.976647, 1788728863.793823, 1788728864.6365535, 1788728865.4648108, 1788728866.069931, 1788728866.7406023, 1788728867.4577098]","[1, 1, 2, 1, 2, 1, 2, 2, 4, 1, 2, 2, 2, 4, 2, 3, 4, 2, 4, 1, 3, 1, 1, 3, 4, 2, 1, 2, 1, 2, 2, 3, 2, 1, 3, 3, 2, 2, 3, 3, 1, 1, 1, 2, 1, 1, 2, 1, 2, 1, 2, 4, 1, 1, 3, 3, 1, 2, 3, 1, 1, 2, 1, 3, 3, 2, 4, 4, 1, 4, 3, 1, 1, 3, 3, 3, 1, 1, 2, 1, 1, 2, 1, 1, 1, 1, 1, 2, 1, 1, 2, 1, 3, 3, 1, 5, 1, 2, 2, 1, 2, 1, 3, 2, 4, 1, 4, 3, 1, 1, 5, 2, 1, 1, 3, 5, 3, 1, 2, 2, 1, 1, 2, 1, 1, 3, 2, 1, 3, 3, 3, 1, 3, 4, 1, 2, 1, 2, 4, 1, 2, 2]"
User-050,2,trace_0243,1788728870.5780349,streaming,28637,156,156,377,38,282.89089012145996,341.0818769931793,0.37542572175302813,12.0,0,True,,1788728529.496057,1788728812.3869472,1788728870.577934,"[1788728812.3869472, 1788728812.9921615, 1788728813.6595755, 1788728814.3565722, 1788728815.0880337, 1788728815.8472807, 1788728816.628198, 1788728817.4640064, 1788728818.3145845, 1788728819.201276, 1788728820.1313832, 1788728820.97816, 1788728821.5823033, 1788728822.2303247, 1788728822.9311843, 1788728823.6610606, 1788728824.419769, 1788728825.2086132, 1788728826.0278342, 1788728826.8756652, 1788728827.533588, 1788728828.1530974, 1788728828.82401, 1788728829.5304496, 1788728830.2595172, 1788728831.0195417, 1788728831.8202367, 1788728832.635679, 1788728833.5051036, 1788728834.4009688, 1788728835.326044, 1788728836.1515892, 1788728836.7428617, 1788728837.4012957, 1788728838.089528, 1788728838.8071017, 1788728839.556018, 1788728840.3327758, 1788728841.1396716, 1788728841.8334625, 1788728842.4457638, 1788728843.1161978, 1788728843.808263, 1788728844.5386078, 1788728845.189514, 1788728845.808248, 1788728846.476203, 1788728847.173219, 1788728847.9025319, 1788728848.662137, 1788728849.4481683, 1788728850.2679474, 1788728851.1179392, 1788728851.9976532, 1788728852.9165094, 1788728853.8772798, 1788728854.45579, 1788728855.1062856, 1788728855.7830994, 1788728856.4921646, 1788728857.2346892, 1788728858.002589, 1788728858.8166668, 1788728859.4117095, 1788728860.0603635, 1788728860.7410238, 1788728861.4612122, 1788728862.190704, 1788728862.977652, 1788728863.7948136, 1788728864.6375375, 1788728865.465836, 1788728866.0709124, 1788728866.7415762, 1788728867.4589942, 1788728868.1816044, 1788728868.9355147, 1788728869.7188613, 1788728870.5768056]","[1, 1, 1, 1, 2, 2, 1, 2, 3, 1, 3, 1, 1, 1, 4, 1, 1, 4, 3, 2, 1, 2, 1, 2, 1, 1, 1, 3, 2, 2, 2, 3, 4, 6, 1, 1, 3, 1, 1, 1, 1, 3, 1, 1, 2, 3, 1, 2, 1, 3, 5, 2, 2, 1, 3, 2, 1, 4, 3, 2, 2, 5, 1, 2, 1, 2, 2, 1, 1, 4, 2, 1, 3, 1, 1, 3, 1, 3, 2]"
User-063,4,trace_0610,1788728870.57757,streaming,20548,111,111,305,11,297.92620491981506,340.97296667099,0.39133419773795386,14.0,0,True,,1788728529.6045003,1788728827.5307052,1788728870.577467,"[1788728827.5307052, 1788728828.14936, 1788728828.8203745, 1788728829.522261, 1788728830.255792, 1788728831.0158594, 1788728831.8160474, 1788728832.6325905, 1788728833.5018036, 1788728834.3978238, 1788728835.3229113, 1788728836.1476886, 1788728836.7391956, 1788728837.3976088, 1788728838.0856323, 1788728838.803355, 1788728839.5522993, 1788728840.3286443, 1788728841.1361587, 1788728841.829958, 1788728842.4421422, 1788728843.1097784, 1788728843.8044007, 1788728844.5345683, 1788728845.1851127, 1788728845.8041453, 1788728846.4717238, 1788728847.1688273, 1788728847.8983426, 1788728848.657797, 1788728849.4434466, 1788728850.2619991, 1788728851.113618, 1788728851.9934733, 1788728852.9123182, 1788728853.8730865, 1788728854.4516249, 1788728855.1021128, 1788728855.7789, 1788728856.4879339, 1788728857.2303813, 1788728857.9983687, 1788728858.8117247, 1788728859.4070525, 1788728860.055804, 1788728860.736525, 1788728861.4563727, 1788728862.1866946, 1788728862.9732301, 1788728863.7905526, 1788728864.6331737, 1788728865.4616868, 1788728866.0669773, 1788728866.7371974, 1788728867.4546254, 1788728868.1777365, 1788728868.9318268, 1788728869.715176, 1788728870.5714424]","[1, 2, 1, 1, 3, 3, 2, 2, 2, 1, 2, 2, 1, 2, 3, 1, 2, 1, 1, 3, 2, 3, 2, 2, 4, 1, 1, 3, 4, 2, 1, 1, 1, 1, 5, 6, 1, 1, 1, 1, 2, 2, 2, 1, 2, 1, 1, 3, 1, 1, 1, 2, 1, 3, 3, 3, 1, 1, 1]"
User-001,0,trace_0712,1788728893.6000516,streaming,18850,119,119,0,294,314.84858751296997,366.6195447444916,0.4387369256908611,0.0,0,True,,1788728526.9803777,1788728841.8289652,1788728893.5999224,"[1788728841.8289652, 1788728842.4411495, 1788728843.1086934, 1788728843.8031876, 1788728844.5334268, 1788728845.1841183, 1788728845.803017, 1788728846.470521, 1788728847.1676931, 1788728847.8973489, 1788728848.6566436, 1788728849.4422083, 1788728850.2614639, 1788728851.1125662, 1788728851.9923997, 1788728852.9111683, 1788728853.8711903, 1788728854.4500358, 1788728855.1005368, 1788728855.7773123, 1788728856.4863467, 1788728857.228579, 1788728857.9968889, 1788728858.8101737, 1788728859.4053361, 1788728860.0543127, 1788728860.73504, 1788728861.45487, 1788728862.1850972, 1788728862.9715528, 1788728863.7888167, 1788728864.6314478, 1788728865.459229, 1788728866.0647616, 1788728866.7348385, 1788728867.452575, 1788728868.1753447, 1788728868.929748, 1788728869.7130349, 1788728870.5693312, 1788728871.1634161, 1788728871.8232253, 1788728872.5157943, 1788728873.237127, 1788728873.9863455, 1788728874.7622814, 1788728875.5708847, 1788728876.4111338, 1788728877.283954, 1788728878.1841056, 1788728879.1200411, 1788728880.078155, 1788728881.0562925, 1788728881.6419973, 1788728882.2864292, 1788728882.9655902, 1788728883.6721458, 1788728884.420326, 1788728885.1828892, 1788728885.9804237, 1788728886.7085123, 1788728887.315561, 1788728887.9757109, 1788728888.6649795, 1788728889.3910003, 1788728890.1386287, 1788728890.9175618, 1788728891.6097538, 1788728892.2214928, 1788728892.8882403, 1788728893.592534]","[1, 2, 2, 3, 1, 1, 1, 2, 1, 1, 1, 1, 3, 1, 2, 2, 1, 2, 3, 1, 3, 1, 1, 2, 1, 1, 1, 1, 1, 1, 1, 3, 1, 2, 2, 2, 1, 2, 6, 1, 2, 2, 1, 1, 2, 2, 1, 3, 3, 1, 1, 1, 2, 3, 2, 1, 1, 1, 3, 4, 2, 1, 2, 1, 1, 1, 1, 2, 1, 3, 1]"
User-034,4,trace_0164,1788728910.564991,streaming,23070,283,283,311,30,246.3963279724121,381.40546560287476,0.47875580720022215,13.0,0,True,,1788728529.1593993,1788728775.5557272,1788728910.5648649,"[1788728775.5557272, 1788728776.1739988, 1788728776.8586576, 1788728777.5719469, 1788728778.312174, 1788728779.0774887, 1788728779.8689888, 1788728780.6949193, 1788728781.5551867, 1788728782.4304845, 1788728783.3440597, 1788728784.289166, 1788728785.0262847, 1788728785.6291184, 1788728786.2979033, 1788728787.0035062, 1788728787.7286198, 1788728788.48896, 1788728789.2793255, 1788728790.103449, 1788728790.954483, 1788728791.847797, 1788728792.7727876, 1788728793.474072, 1788728794.0933213, 1788728794.7636893, 1788728795.4797292, 1788728796.2123482, 1788728796.9697163, 1788728797.7549477, 1788728798.5727427, 1788728799.424168, 1788728800.3121367, 1788728801.2324898, 1788728802.1832852, 1788728803.0288773, 1788728803.6177635, 1788728804.2770708, 1788728804.9614427, 1788728805.6851954, 1788728806.4338496, 1788728807.20945, 1788728808.0306354, 1788728808.8775642, 1788728809.7608018, 1788728810.6732988, 1788728811.611494, 1788728812.3839908, 1788728812.989308, 1788728813.6568425, 1788728814.3533673, 1788728815.0852482, 1788728815.844235, 1788728816.6254869, 1788728817.4610102, 1788728818.3094494, 1788728819.1964686, 1788728820.1225634, 1788728820.9723876, 1788728821.5762613, 1788728822.2195768, 1788728822.9263346, 1788728823.6562314, 1788728824.4149582, 1788728825.2032127, 1788728826.0226142, 1788728826.8704994, 1788728827.5286057, 1788728828.1474402, 1788728828.818648, 1788728829.5206964, 1788728830.2541094, 1788728831.0141833, 1788728831.814086, 1788728832.6306298, 1788728833.500136, 1788728834.3961475, 1788728835.321252, 1788728836.145856, 1788728836.7375348, 1788728837.396044, 1788728838.0837264, 1788728838.801378, 1788728839.550573, 1788728840.326685, 1788728841.13459, 1788728841.8272724, 1788728842.4399347, 1788728843.10738, 1788728843.8017912, 1788728844.5319655, 1788728845.1828916, 1788728845.8013256, 1788728846.4692805, 1788728847.1664283, 1788728847.896279, 1788728848.6554155, 1788728849.4408915, 1788728850.2608755, 1788728851.1114278, 1788728851.9911466, 1788728852.9100266, 1788728853.869924, 1788728854.4489207, 1788728855.0993571, 1788728855.776161, 1788728856.4851842, 1788728857.2274308, 1788728857.995672, 1788728858.8089845, 1788728859.4039328, 1788728860.0531583, 1788728860.7338903, 1788728861.453681, 1788728862.1840076, 1788728862.970252, 1788728863.785899, 1788728864.6301148, 1788728865.4578722, 1788728866.0632422, 1788728866.7341118, 1788728867.4519508, 1788728868.1737752, 1788728868.9284878, 1788728869.7118032, 1788728870.5679324, 1788728871.1627269, 1788728871.821899, 1788728872.5144408, 1788728873.2358975, 1788728873.9851084, 1788728874.7609878, 1788728875.5696342, 1788728876.4098394, 1788728877.2826004, 1788728878.1828184, 1788728879.118796, 1788728880.0769196, 1788728881.0548916, 1788728881.6407692, 1788728882.2851408, 1788728882.9641182, 1788728883.6708941, 1788728884.4190626, 1788728885.1815946, 1788728885.9791594, 1788728886.7062662, 1788728887.313688, 1788728887.9738784, 1788728888.6631718, 1788728889.3863034, 1788728890.136728, 1788728890.915773, 1788728891.607908, 1788728892.2197108, 1788728892.8863358, 1788728893.5905821, 1788728894.3161774, 1788728895.0738695, 1788728895.8598697, 1788728896.6728814, 1788728897.52635, 1788728898.4094665, 1788728899.122469, 1788728899.734035, 1788728900.4045193, 1788728901.1018956, 1788728901.831676, 1788728902.587617, 1788728903.3312109, 1788728903.9409795, 1788728904.5893166, 1788728905.2719078, 1788728905.985952, 1788728906.7308831, 1788728907.5035896, 1788728908.3041909, 1788728909.1442893, 1788728909.9407516, 1788728910.5496895]","[1, 1, 2, 1, 1, 1, 1, 3, 2, 1, 2, 1, 1, 1, 1, 2, 1, 2, 2, 2, 1, 1, 1, 1, 3, 2, 1, 2, 1, 1, 1, 2, 2, 1, 1, 4, 1, 1, 2, 1, 1, 1, 2, 2, 1, 2, 1, 1, 3, 1, 1, 1, 2, 1, 2, 3, 2, 1, 1, 1, 2, 1, 2, 1, 1, 1, 3, 2, 2, 1, 1, 1, 1, 1, 1, 4, 1, 1, 1, 1, 1, 1, 1, 3, 1, 1, 1, 1, 1, 1, 1, 1, 1, 1, 1, 2, 1, 1, 1, 1, 2, 2, 1, 1, 2, 1, 1, 1, 2, 1, 4, 1, 1, 2, 2, 1, 2, 1, 2, 2, 1, 1, 2, 2, 1, 2, 3, 1, 3, 2, 3, 4, 1, 2, 1, 3, 1, 1, 2, 2, 2, 3, 2, 3, 2, 1, 1, 2, 1, 2, 1, 2, 2, 3, 1, 2, 1, 3, 2, 1, 1, 3, 2, 2, 2, 1, 3, 1, 1, 1, 1, 3, 1, 1, 2, 3, 1, 2, 1, 3]"
User-038,2,trace_0661,1788728911.9159408,streaming,30009,263,263,328,131,273.599791765213,382.4842178821564,0.41558941266008914,14.0,0,True,,1788728529.4316614,1788728803.0314531,1788728911.9158792,"[1788728803.0314531, 1788728803.6224341, 1788728804.2792451, 1788728804.963618, 1788728805.6873777, 1788728806.436048, 1788728807.211686, 1788728808.032835, 1788728808.8797312, 1788728809.763032, 1788728810.6755574, 1788728811.6136737, 1788728812.3861136, 1788728812.9916294, 1788728813.6589708, 1788728814.3559225, 1788728815.0874636, 1788728815.8467188, 1788728816.627668, 1788728817.4634736, 1788728818.3119168, 1788728819.1986587, 1788728820.128697, 1788728820.9755487, 1788728821.5794723, 1788728822.222165, 1788728822.9285896, 1788728823.658383, 1788728824.4171216, 1788728825.205883, 1788728826.0247316, 1788728826.8728254, 1788728827.5316365, 1788728828.1504178, 1788728828.8214028, 1788728829.527628, 1788728830.256861, 1788728831.0169866, 1788728831.8171065, 1788728832.6336346, 1788728833.5029771, 1788728834.3988614, 1788728835.3239403, 1788728836.1496027, 1788728836.740733, 1788728837.3992674, 1788728838.0873358, 1788728838.8049078, 1788728839.5538707, 1788728840.3303914, 1788728841.1376915, 1788728841.8315153, 1788728842.4436703, 1788728843.1141582, 1788728843.806084, 1788728844.536378, 1788728845.186614, 1788728845.8056505, 1788728846.4735043, 1788728847.1706197, 1788728847.8999734, 1788728848.6596549, 1788728849.4454165, 1788728850.2658389, 1788728851.1152835, 1788728851.9950323, 1788728852.913901, 1788728853.8745985, 1788728854.4532785, 1788728855.1037278, 1788728855.780545, 1788728856.4896164, 1788728857.2320323, 1788728857.9999824, 1788728858.8132143, 1788728859.4087074, 1788728860.0573719, 1788728860.7380764, 1788728861.4579482, 1788728862.188226, 1788728862.9750533, 1788728863.7923145, 1788728864.6349733, 1788728865.4631877, 1788728866.0684538, 1788728866.739022, 1788728867.4562209, 1788728868.1794448, 1788728868.9334419, 1788728869.7167928, 1788728870.5735946, 1788728871.165036, 1788728871.8264465, 1788728872.518955, 1788728873.2403052, 1788728873.989535, 1788728874.7654111, 1788728875.57401, 1788728876.4143007, 1788728877.2872312, 1788728878.1873071, 1788728879.1234336, 1788728880.0813322, 1788728881.0592759, 1788728881.6451745, 1788728882.2896323, 1788728882.9694314, 1788728883.675327, 1788728884.4234476, 1788728885.1860185, 1788728885.9836648, 1788728886.7114778, 1788728887.3187807, 1788728887.978894, 1788728888.668157, 1788728889.394278, 1788728890.1419308, 1788728890.921076, 1788728891.6136093, 1788728892.2286696, 1788728892.8920445, 1788728893.5969346, 1788728894.32114, 1788728895.0788364, 1788728895.8648436, 1788728896.6778212, 1788728897.53132, 1788728898.414447, 1788728899.1326675, 1788728899.7394912, 1788728900.4100091, 1788728901.1077218, 1788728901.8371935, 1788728902.5931137, 1788728903.3365135, 1788728903.9466388, 1788728904.5948424, 1788728905.2773137, 1788728905.9914782, 1788728906.7363677, 1788728907.5093904, 1788728908.3096316, 1788728909.150113, 1788728909.9469583, 1788728910.5619564, 1788728911.2029283, 1788728911.9121811]","[1, 2, 5, 1, 2, 1, 3, 2, 1, 3, 1, 2, 1, 1, 3, 2, 1, 3, 3, 3, 2, 2, 2, 3, 3, 2, 1, 2, 2, 1, 4, 4, 4, 2, 1, 1, 1, 1, 1, 1, 1, 1, 1, 1, 2, 1, 1, 3, 1, 1, 1, 1, 1, 4, 1, 1, 1, 1, 1, 1, 5, 6, 1, 1, 3, 1, 1, 1, 1, 1, 3, 2, 1, 3, 2, 1, 2, 1, 1, 1, 2, 4, 2, 3, 1, 1, 1, 1, 5, 3, 1, 1, 2, 1, 3, 3, 1, 2, 1, 1, 1, 1, 2, 2, 2, 1, 2, 2, 1, 2, 3, 4, 1, 1, 2, 1, 1, 1, 1, 2, 1, 1, 1, 2, 1, 3, 1, 1, 3, 3, 1, 1, 2, 1, 2, 1, 2, 2, 1, 3, 3, 3, 1, 2, 2, 1, 1]"
User-067,0,trace_0312,1788728923.5595589,streaming,17368,117,117,0,271,340.76073837280273,393.7444453239441,0.45675609440639103,0.0,0,True,,1788728529.814944,1788728870.5756824,1788728923.5593894,"[1788728870.5756824, 1788728871.1657965, 1788728871.8280056, 1788728872.5204902, 1788728873.2418423, 1788728873.9910827, 1788728874.7669342, 1788728875.5755937, 1788728876.4184744, 1788728877.288764, 1788728878.1888075, 1788728879.1249585, 1788728880.0828815, 1788728881.0607352, 1788728881.646684, 1788728882.2911491, 1788728882.9709768, 1788728883.6768699, 1788728884.424962, 1788728885.1875784, 1788728885.9852, 1788728886.7130597, 1788728887.3203108, 1788728887.9804375, 1788728888.6696727, 1788728889.395944, 1788728890.143482, 1788728890.922571, 1788728891.6151435, 1788728892.230317, 1788728892.8938463, 1788728893.598434, 1788728894.322616, 1788728895.0803308, 1788728895.8663554, 1788728896.679366, 1788728897.5328224, 1788728898.4159703, 1788728899.1342907, 1788728899.7410407, 1788728900.4115264, 1788728901.1092627, 1788728901.8387043, 1788728902.5948596, 1788728903.3379853, 1788728903.9481683, 1788728904.596392, 1788728905.2788863, 1788728905.9929845, 1788728906.7378752, 1788728907.5109658, 1788728908.3111567, 1788728909.151648, 1788728909.9485502, 1788728910.5637882, 1788728911.2044277, 1788728911.9140944, 1788728912.6265304, 1788728913.3797085, 1788728914.162952, 1788728914.9818797, 1788728915.8264832, 1788728916.6428854, 1788728917.2400048, 1788728917.893249, 1788728918.5741186, 1788728919.2877479, 1788728920.034342, 1788728920.8063788, 1788728921.6058283, 1788728922.252663, 1788728922.8760893, 1788728923.556473]","[1, 1, 1, 2, 2, 1, 2, 1, 1, 1, 1, 1, 3, 1, 1, 1, 1, 2, 1, 2, 2, 2, 2, 3, 1, 2, 1, 1, 2, 2, 1, 1, 1, 2, 1, 2, 3, 1, 1, 2, 2, 4, 3, 1, 1, 2, 1, 2, 1, 1, 3, 1, 3, 1, 3, 1, 1, 3, 1, 2, 1, 2, 1, 3, 1, 2, 1, 1, 1, 2, 2, 2, 1]"
User-011,0,trace_0694,1788728925.784068,streaming,24258,686,679,0,378,50.77261805534363,398.38215804100037,0.5126984365570159,0.0,0,True,,1788728527.4017854,1788728578.1744034,1788728925.7839434,"[1788728578.1744034, 1788728578.7462583, 1788728579.3879738, 1788728580.0618987, 1788728580.7666261, 1788728581.503964, 1788728582.2746708, 1788728583.0767555, 1788728583.9104016, 1788728584.7709765, 1788728585.420282, 1788728586.030439, 1788728586.6945877, 1788728587.3834884, 1788728588.1085064, 1788728588.8650913, 1788728589.661612, 1788728590.4804623, 1788728591.70048, 1788728592.3709373, 1788728593.7983406, 1788728594.5561519, 1788728595.3088863, 1788728595.900417, 1788728596.546137, 1788728597.2213383, 1788728597.92685, 1788728598.6631038, 1788728599.4262712, 1788728600.2285156, 1788728601.0652766, 1788728601.758388, 1788728602.3588104, 1788728603.0172982, 1788728603.7082493, 1788728604.4281893, 1788728605.176756, 1788728605.961761, 1788728606.7864344, 1788728607.3705761, 1788728608.0097003, 1788728608.6835308, 1788728609.378122, 1788728610.106617, 1788728610.8631763, 1788728611.6540153, 1788728612.394507, 1788728612.9893305, 1788728613.6425972, 1788728614.3246765, 1788728615.0359945, 1788728615.7789266, 1788728616.5453002, 1788728617.3528597, 1788728618.1181617, 1788728618.7144985, 1788728619.3743942, 1788728620.0461266, 1788728620.764878, 1788728621.5143194, 1788728622.292352, 1788728623.1017294, 1788728623.810487, 1788728624.4120452, 1788728625.0691254, 1788728625.760745, 1788728626.481407, 1788728627.2302723, 1788728628.0058856, 1788728628.8152006, 1788728629.6599107, 1788728630.537299, 1788728631.3324587, 1788728631.9256463, 1788728632.5884428, 1788728633.2745793, 1788728633.9977205, 1788728634.7505672, 1788728635.530433, 1788728636.3457265, 1788728637.189239, 1788728638.059757, 1788728638.9631472, 1788728639.8920965, 1788728640.8554113, 1788728641.5054886, 1788728642.120536, 1788728642.8004549, 1788728643.5136576, 1788728644.2597222, 1788728645.0324824, 1788728645.8368695, 1788728646.5307045, 1788728647.1359875, 1788728647.7989576, 1788728648.4957507, 1788728649.2174041, 1788728649.9687524, 1788728650.7488937, 1788728651.5619628, 1788728652.1551795, 1788728652.8010578, 1788728653.4760437, 1788728654.1823187, 1788728654.9190247, 1788728655.6828363, 1788728656.4870872, 1788728657.1837075, 1788728657.7959545, 1788728658.4583936, 1788728659.1560302, 1788728659.8820407, 1788728660.636993, 1788728661.420918, 1788728662.2446196, 1788728662.991261, 1788728663.6170623, 1788728664.2976835, 1788728665.0032117, 1788728665.739997, 1788728666.505206, 1788728667.2995958, 1788728668.1203732, 1788728668.974105, 1788728669.7775707, 1788728670.3777983, 1788728671.0358973, 1788728671.7183235, 1788728672.4368966, 1788728673.1875463, 1788728673.9631274, 1788728674.7669406, 1788728675.6018643, 1788728676.3448992, 1788728676.9523146, 1788728677.6163738, 1788728678.3093693, 1788728679.0342958, 1788728679.7899017, 1788728680.5729911, 1788728681.3936183, 1788728682.2283158, 1788728683.117245, 1788728684.0173728, 1788728684.948385, 1788728685.689711, 1788728686.3173265, 1788728687.0011, 1788728687.7233465, 1788728688.4597726, 1788728689.2283676, 1788728690.0305762, 1788728690.8556256, 1788728691.715633, 1788728692.6082854, 1788728693.5168726, 1788728694.462192, 1788728695.408979, 1788728695.992926, 1788728696.644282, 1788728697.3273277, 1788728698.037737, 1788728698.7828326, 1788728699.5554986, 1788728700.3552458, 1788728701.0269916, 1788728701.6466043, 1788728702.3201416, 1788728703.0327852, 1788728703.7650652, 1788728704.5293486, 1788728705.3211014, 1788728706.1407874, 1788728706.9925373, 1788728707.8447585, 1788728708.44369, 1788728709.099911, 1788728709.7812557, 1788728710.495896, 1788728711.24946, 1788728712.0208957, 1788728712.8283198, 1788728713.6685073, 1788728714.4857697, 1788728715.0851526, 1788728715.741315, 1788728716.4282448, 1788728717.1620274, 1788728717.9032323, 1788728718.6924362, 1788728719.507074, 1788728720.3575954, 1788728721.0792708, 1788728721.6942918, 1788728722.3588936, 1788728723.054652, 1788728723.7841818, 1788728724.5408807, 1788728725.3792305, 1788728726.1419919, 1788728726.9911902, 1788728727.8747082, 1788728728.7829351, 1788728729.7271743, 1788728730.6991143, 1788728731.5520303, 1788728732.832173, 1788728733.5475533, 1788728735.0581756, 1788728735.856547, 1788728737.5361698, 1788728738.4304018, 1788728739.3382955, 1788728740.2681653, 1788728741.2413192, 1788728742.2502482, 1788728742.9181027, 1788728743.536993, 1788728744.234152, 1788728744.9550672, 1788728745.7169573, 1788728746.4887428, 1788728747.303583, 1788728748.1436496, 1788728749.0151713, 1788728749.6810136, 1788728750.3061495, 1788728750.980811, 1788728751.6958423, 1788728752.4413407, 1788728753.2094474, 1788728754.0022285, 1788728754.8266292, 1788728755.682645, 1788728756.5702076, 1788728757.490227, 1788728758.4449627, 1788728759.4378521, 1788728760.1952057, 1788728760.7986145, 1788728761.4689522, 1788728762.1648617, 1788728762.8980067, 1788728763.6579762, 1788728764.454887, 1788728765.2793741, 1788728766.1412022, 1788728767.0304005, 1788728767.961494, 1788728768.6213303, 1788728769.2717657, 1788728769.9582736, 1788728770.6812785, 1788728771.428761, 1788728772.2079227, 1788728773.019334, 1788728773.8620827, 1788728774.735433, 1788728775.5574186, 1788728776.175708, 1788728776.8603218, 1788728777.5735815, 1788728778.3138473, 1788728779.079192, 1788728779.870628, 1788728780.6966043, 1788728781.556815, 1788728782.432181, 1788728783.3457131, 1788728784.2908218, 1788728785.0279915, 1788728785.6307704, 1788728786.2996185, 1788728787.0051284, 1788728787.7302547, 1788728788.4906206, 1788728789.2810018, 1788728790.1051373, 1788728790.9561656, 1788728791.8494124, 1788728792.7744374, 1788728793.4766393, 1788728794.0958672, 1788728794.7653415, 1788728795.4817095, 1788728796.213489, 1788728796.9708912, 1788728797.7560525, 1788728798.5738995, 1788728799.4253047, 1788728800.3133712, 1788728801.2336042, 1788728802.1844172, 1788728803.0300734, 1788728803.6212628, 1788728804.2781773, 1788728804.9625738, 1788728805.6863272, 1788728806.4350512, 1788728807.2106125, 1788728808.0318236, 1788728808.878693, 1788728809.761978, 1788728810.6744695, 1788728811.6126513, 1788728812.3851464, 1788728812.990486, 1788728813.6579323, 1788728814.3548422, 1788728815.0863786, 1788728815.8456442, 1788728816.6266227, 1788728817.4623864, 1788728818.3105133, 1788728819.1976233, 1788728820.1275873, 1788728820.9744902, 1788728821.5783348, 1788728822.220986, 1788728822.9274545, 1788728823.6573787, 1788728824.4161081, 1788728825.2047453, 1788728826.0237036, 1788728826.8717406, 1788728827.5298126, 1788728828.1487808, 1788728828.8198364, 1788728829.5217378, 1788728830.2552712, 1788728831.0153477, 1788728831.8155153, 1788728832.6320112, 1788728833.5012648, 1788728834.3973107, 1788728835.3223479, 1788728836.1471546, 1788728836.7386427, 1788728837.3970923, 1788728838.0848389, 1788728838.802805, 1788728839.5517423, 1788728840.3280556, 1788728841.1356702, 1788728841.829467, 1788728842.4416595, 1788728843.1092684, 1788728843.8038137, 1788728844.5339997, 1788728845.1846197, 1788728845.8036194, 1788728846.4711409, 1788728847.1682591, 1788728847.8978524, 1788728848.6572108, 1788728849.4428558, 1788728850.2617476, 1788728851.1130912, 1788728851.9929547, 1788728852.9117, 1788728853.8725867, 1788728854.4510968, 1788728855.1015954, 1788728855.7783396, 1788728856.4874177, 1788728857.2298522, 1788728857.9978805, 1788728858.8112235, 1788728859.4064646, 1788728860.0553129, 1788728860.7360356, 1788728861.4558823, 1788728862.186187, 1788728862.9726713, 1788728863.7899883, 1788728864.632619, 1788728865.4602935, 1788728866.0657666, 1788728866.7360404, 1788728867.4536476, 1788728868.1764646, 1788728868.9308069, 1788728869.7141025, 1788728870.5703683, 1788728871.163987, 1788728871.824271, 1788728872.5168157, 1788728873.238151, 1788728873.987413, 1788728874.7633321, 1788728875.571931, 1788728876.4121594, 1788728877.28504, 1788728878.185162, 1788728879.1210709, 1788728880.079221, 1788728881.0573072, 1788728881.643052, 1788728882.287494, 1788728882.9673033, 1788728883.6731665, 1788728884.4213433, 1788728885.1839335, 1788728885.981499, 1788728886.7095037, 1788728887.316646, 1788728887.9767501, 1788728888.6660118, 1788728889.392086, 1788728890.1398625, 1788728890.91858, 1788728891.6107924, 1788728892.2225213, 1788728892.8893895, 1788728893.594198, 1788728894.3190362, 1788728895.0767128, 1788728895.8626902, 1788728896.6756883, 1788728897.5292048, 1788728898.4122725, 1788728899.13058, 1788728899.7373493, 1788728900.4078572, 1788728901.1056666, 1788728901.8350313, 1788728902.5909665, 1788728903.3344622, 1788728903.9446242, 1788728904.5927262, 1788728905.2751899, 1788728905.9893217, 1788728906.7342145, 1788728907.5069072, 1788728908.3075128, 1788728909.148036, 1788728909.9450107, 1788728910.5540142, 1788728911.2008135, 1788728911.9099643, 1788728912.6233296, 1788728913.3766928, 1788728914.1597848, 1788728914.978758, 1788728915.823281, 1788728916.6399086, 1788728917.2367697, 1788728917.8900955, 1788728918.5713198, 1788728919.2846766, 1788728920.0311372, 1788728920.802987, 1788728921.6025443, 1788728922.2487285, 1788728922.8725858, 1788728923.5527277, 1788728924.262247, 1788728925.0018854, 1788728925.777648]","[1, 1, 1, 1, 1, 1, 1, 1, 2, 2, 1, 2, 2, 2, 2, 2, 1, 1, 1, 1, 1, 1, 1, 3, 1, 1, 2, 2, 2, 2, 2, 1, 1, 1, 1, 2, 1, 1, 2, 1, 1, 3, 1, 1, 1, 1, 4, 1, 1, 2, 1, 2, 2, 2, 2, 2, 2, 1, 1, 1, 2, 1, 1, 1, 1, 1, 2, 2, 1, 2, 2, 2, 2, 2, 2, 1, 1, 1, 2, 1, 1, 3, 1, 2, 2, 2, 1, 1, 3, 2, 2, 2, 1, 1, 1, 2, 1, 1, 4, 1, 2, 2, 1, 2, 3, 1, 2, 2, 2, 1, 1, 1, 2, 1, 1, 1, 3, 2, 2, 2, 2, 1, 1, 2, 1, 2, 2, 2, 1, 1, 1, 2, 1, 1, 1, 1, 1, 4, 1, 1, 2, 1, 1, 2, 1, 2, 2, 2, 1, 1, 1, 1, 2, 2, 2, 2, 1, 1, 2, 2, 1, 2, 4, 2, 2, 2, 1, 1, 1, 2, 3, 2, 1, 1, 2, 1, 2, 2, 1, 2, 2, 1, 1, 2, 2, 2, 1, 1, 3, 1, 2, 2, 2, 2, 2, 2, 1, 1, 2, 1, 3, 1, 2, 2, 1, 1, 1, 1, 1, 1, 1, 2, 2, 2, 1, 2, 2, 1, 1, 1, 1, 1, 2, 3, 1, 1, 2, 1, 1, 1, 1, 1, 1, 1, 5, 1, 1, 2, 1, 1, 1, 1, 1, 1, 2, 1, 1, 2, 2, 1, 1, 2, 2, 1, 1, 1, 3, 1, 2, 1, 2, 3, 1, 1, 1, 1, 1, 1, 1, 1, 1, 1, 1, 1, 2, 2, 1, 1, 1, 2, 1, 2, 1, 1, 1, 2, 2, 1, 2, 2, 1, 1, 1, 1, 2, 1, 1, 1, 1, 2, 1, 1, 2, 2, 1, 1, 1, 1, 1, 1, 1, 1, 1, 1, 1, 3, 3, 2, 2, 1, 1, 1, 1, 1, 1, 1, 2, 2, 1, 1, 1, 1, 1, 1, 1, 2, 1, 1, 1, 2, 4, 2, 1, 1, 1, 2, 1, 2, 1, 2, 3, 2, 1, 2, 2, 1, 1, 1, 2, 1, 1, 2, 2, 2, 1, 1, 1, 1, 1, 1, 1, 1, 2, 1, 1, 2, 2, 3, 1, 1, 1, 1, 1, 1, 1, 1, 2, 2, 2, 2, 1, 3, 1, 1, 1, 1, 2, 2, 2, 2, 2, 1, 2, 1, 1, 1, 1, 1, 2, 2, 1, 2, 3, 2, 1, 1, 1, 2, 1, 1, 2, 2, 2, 2, 1, 1, 1, 2, 1, 2, 2, 1, 2, 1, 1, 1, 1, 1, 1, 2, 1, 1, 2, 2, 2, 2, 1, 1, 1, 1, 1, 1, 1, 1, 2, 1, 2, 1, 1]"
User-066,0,trace_0681,1788728935.886584,streaming,21193,176,176,0,330,335.6890137195587,406.1139588356018,0.40242825780596053,0.0,0,True,,1788728529.7721572,1788728865.461171,1788728935.886116,"[1788728865.461171, 1788728866.0663002, 1788728866.7366333, 1788728867.4541347, 1788728868.1770535, 1788728868.9313264, 1788728869.7146215, 1788728870.5709147, 1788728871.1642408, 1788728871.8247917, 1788728872.5173223, 1788728873.238654, 1788728873.9879289, 1788728874.763853, 1788728875.5724277, 1788728876.41271, 1788728877.285567, 1788728878.1856792, 1788728879.121601, 1788728880.0797186, 1788728881.0578039, 1788728881.6435637, 1788728882.2880147, 1788728882.9678729, 1788728883.6737065, 1788728884.4218519, 1788728885.1844456, 1788728885.982022, 1788728886.71001, 1788728887.3171518, 1788728887.9773571, 1788728888.666505, 1788728889.3925977, 1788728890.1403763, 1788728890.9192793, 1788728891.6112947, 1788728892.2261853, 1788728892.8899136, 1788728893.5947256, 1788728894.317952, 1788728895.0756695, 1788728895.861671, 1788728896.6746194, 1788728897.5281742, 1788728898.4112513, 1788728899.129439, 1788728899.7363143, 1788728900.406812, 1788728901.1044176, 1788728901.8339782, 1788728902.5898967, 1788728903.3333395, 1788728903.943425, 1788728904.5916781, 1788728905.2741597, 1788728905.9882421, 1788728906.7331874, 1788728907.5058737, 1788728908.3064466, 1788728909.1467865, 1788728909.9440033, 1788728910.5529296, 1788728911.1996026, 1788728911.9088988, 1788728912.6222484, 1788728913.375592, 1788728914.1587646, 1788728914.9776742, 1788728915.8222208, 1788728916.6389089, 1788728917.2357352, 1788728917.8890135, 1788728918.5701556, 1788728919.2834527, 1788728920.0300477, 1788728920.8017797, 1788728921.601534, 1788728922.2477288, 1788728922.8715656, 1788728923.5517147, 1788728924.2611732, 1788728925.0006268, 1788728925.776529, 1788728926.563266, 1788728927.3729753, 1788728927.9661868, 1788728928.6157184, 1788728929.2957304, 1788728930.0109, 1788728930.7584767, 1788728931.5303059, 1788728932.335972, 1788728933.1691148, 1788728933.8955443, 1788728934.5095484, 1788728935.1785157, 1788728935.8788095]","[1, 1, 1, 1, 3, 1, 4, 2, 4, 1, 1, 2, 2, 1, 1, 3, 3, 1, 4, 1, 2, 3, 3, 2, 2, 2, 1, 2, 1, 1, 1, 2, 3, 1, 1, 2, 2, 1, 2, 3, 2, 1, 1, 2, 2, 1, 1, 1, 2, 2, 1, 2, 2, 1, 1, 2, 1, 1, 1, 2, 1, 1, 1, 1, 1, 2, 2, 4, 1, 2, 5, 3, 2, 1, 4, 2, 1, 2, 3, 2, 3, 1, 3, 1, 2, 1, 1, 2, 1, 1, 2, 1, 1, 2, 5, 3, 1]"
User-068,0,trace_0307,1788728948.0082657,streaming,11896,247,247,0,185,315.3424189090729,418.16206884384155,0.41796605664540115,0.0,0,True,,1788728529.8460524,1788728845.1884713,1788728948.0081213,"[1788728845.1884713, 1788728845.8071375, 1788728846.4751883, 1788728847.17223, 1788728847.9015148, 1788728848.6611743, 1788728849.4471097, 1788728850.2671385, 1788728851.1168659, 1788728851.996645, 1788728852.9154284, 1788728853.8761206, 1788728854.4547858, 1788728855.105256, 1788728855.7820733, 1788728856.491164, 1788728857.233634, 1788728858.0015714, 1788728858.815659, 1788728859.410688, 1788728860.0593479, 1788728860.740063, 1788728861.4599118, 1788728862.1902168, 1788728862.9771523, 1788728863.794304, 1788728864.6370466, 1788728865.4653454, 1788728866.0704098, 1788728866.7410975, 1788728867.4584553, 1788728868.1810436, 1788728868.9349825, 1788728869.7183182, 1788728870.5762882, 1788728871.1660438, 1788728871.8285089, 1788728872.521005, 1788728873.242347, 1788728873.9915857, 1788728874.7674475, 1788728875.576101, 1788728876.419041, 1788728877.289266, 1788728878.1893086, 1788728879.1254673, 1788728880.0833945, 1788728881.0612197, 1788728881.647189, 1788728882.2916422, 1788728882.9714956, 1788728883.6773777, 1788728884.4254591, 1788728885.1880763, 1788728885.985729, 1788728886.7135565, 1788728887.3208404, 1788728887.980944, 1788728888.6701696, 1788728889.396496, 1788728890.1439898, 1788728890.9230814, 1788728891.6156232, 1788728892.2308402, 1788728892.894432, 1788728893.5989566, 1788728894.3231232, 1788728895.080832, 1788728895.8668642, 1788728896.679892, 1788728897.5333223, 1788728898.416469, 1788728899.1348073, 1788728899.7415452, 1788728900.4120219, 1788728901.1097744, 1788728901.8439326, 1788728902.595472, 1788728903.338458, 1788728903.9486747, 1788728904.596889, 1788728905.2793932, 1788728905.9934833, 1788728906.7383645, 1788728907.5114777, 1788728908.311653, 1788728909.1521766, 1788728909.949031, 1788728910.5640478, 1788728911.2049189, 1788728911.9145846, 1788728912.6270835, 1788728913.3801966, 1788728914.1634674, 1788728914.982374, 1788728915.827026, 1788728916.643457, 1788728917.2405224, 1788728917.8937593, 1788728918.574559, 1788728919.2882855, 1788728920.0348558, 1788728920.8068986, 1788728921.606326, 1788728922.2531588, 1788728922.8765948, 1788728923.5572994, 1788728924.265964, 1788728925.0057216, 1788728925.7819867, 1788728926.5675333, 1788728927.3778725, 1788728927.9711027, 1788728928.6205077, 1788728929.3004825, 1788728930.0156407, 1788728930.7632983, 1788728931.535123, 1788728932.3407571, 1788728933.1739452, 1788728933.9003067, 1788728934.5144682, 1788728935.1834884, 1788728935.8840573, 1788728936.6151528, 1788728937.384827, 1788728937.982178, 1788728938.632977, 1788728939.3125548, 1788728940.0219877, 1788728940.7648685, 1788728941.5334764, 1788728942.3305182, 1788728943.1592755, 1788728944.0196311, 1788728944.9101593, 1788728945.834001, 1788728946.7549984, 1788728947.3457732, 1788728948.001567]","[1, 1, 1, 2, 2, 1, 2, 1, 1, 1, 1, 1, 1, 3, 1, 1, 1, 1, 1, 2, 2, 1, 1, 2, 4, 2, 2, 1, 2, 1, 1, 3, 3, 4, 2, 1, 1, 2, 1, 1, 3, 1, 2, 1, 1, 2, 2, 3, 4, 1, 1, 2, 1, 1, 2, 1, 3, 1, 1, 1, 1, 2, 3, 1, 1, 2, 2, 2, 3, 1, 1, 3, 4, 3, 1, 2, 1, 2, 1, 1, 2, 1, 1, 1, 3, 2, 2, 1, 2, 2, 4, 2, 2, 1, 1, 2, 1, 1, 1, 6, 2, 1, 3, 2, 1, 2, 1, 2, 2, 1, 1, 1, 5, 3, 2, 1, 2, 2, 1, 3, 2, 5, 3, 2, 1, 1, 1, 1, 4, 2, 1, 1, 2, 2, 1, 1, 1, 3, 2, 1]"
User-030,3,trace_0082,1788728953.040996,streaming,21833,501,501,274,52,220.70300960540771,424.0661334991455,0.40672624778747557,14.0,0,True,,1788728528.9747694,1788728749.677779,1788728953.0409029,"[1788728749.677779, 1788728750.304419, 1788728750.979005, 1788728751.6940267, 1788728752.4395692, 1788728753.2076583, 1788728754.000456, 1788728754.8248336, 1788728755.6808715, 1788728756.5682445, 1788728757.4880817, 1788728758.443163, 1788728759.4360611, 1788728760.1932333, 1788728760.7967176, 1788728761.4632487, 1788728762.1630828, 1788728762.8962657, 1788728763.6562312, 1788728764.4530854, 1788728765.277555, 1788728766.1394184, 1788728767.0289524, 1788728767.9597185, 1788728768.6194556, 1788728769.2699249, 1788728769.9562852, 1788728770.679508, 1788728771.4268909, 1788728772.2060924, 1788728773.0175107, 1788728773.8603272, 1788728774.7334056, 1788728775.554622, 1788728776.173399, 1788728776.857834, 1788728777.5713346, 1788728778.3115695, 1788728779.076674, 1788728779.8683848, 1788728780.6942816, 1788728781.5545425, 1788728782.429712, 1788728783.3434594, 1788728784.288577, 1788728785.0256026, 1788728785.628514, 1788728786.2972956, 1788728787.0026677, 1788728787.7280135, 1788728788.488354, 1788728789.2786918, 1788728790.1028206, 1788728790.9538748, 1788728791.847169, 1788728792.7721896, 1788728793.473381, 1788728794.092694, 1788728794.7630525, 1788728795.4790869, 1788728796.2117298, 1788728796.9691172, 1788728797.7541294, 1788728798.5721316, 1788728799.42338, 1788728800.311415, 1788728801.231683, 1788728802.1826406, 1788728803.028171, 1788728803.6171477, 1788728804.2763815, 1788728804.960844, 1788728805.684574, 1788728806.4332464, 1788728807.2088432, 1788728808.0300267, 1788728808.8769646, 1788728809.7602088, 1788728810.672693, 1788728811.6108863, 1788728812.3833094, 1788728812.9883943, 1788728813.656058, 1788728814.3525198, 1788728815.0846329, 1788728815.843368, 1788728816.6248884, 1788728817.4601216, 1788728818.308561, 1788728819.195842, 1788728820.1215882, 1788728820.9717638, 1788728821.5751715, 1788728822.2187622, 1788728822.9256432, 1788728823.6556299, 1788728824.414315, 1788728825.202129, 1788728826.0216875, 1788728826.8694396, 1788728827.5279908, 1788728828.146561, 1788728828.8176906, 1788728829.5198824, 1788728830.253256, 1788728831.0135798, 1788728831.8132365, 1788728832.6298146, 1788728833.4992807, 1788728834.3951128, 1788728835.3202922, 1788728836.144962, 1788728836.7365742, 1788728837.395308, 1788728838.0828865, 1788728838.8005795, 1788728839.5496562, 1788728840.32585, 1788728841.1336615, 1788728841.8263412, 1788728842.439126, 1788728843.1064754, 1788728843.8011012, 1788728844.5313063, 1788728845.1820414, 1788728845.8006291, 1788728846.4682667, 1788728847.1653957, 1788728847.8953655, 1788728848.6543536, 1788728849.439596, 1788728850.260031, 1788728851.1104455, 1788728851.9903018, 1788728852.9093397, 1788728853.869188, 1788728854.4483123, 1788728855.0986893, 1788728855.7755246, 1788728856.4845333, 1788728857.226491, 1788728857.9950407, 1788728858.8082874, 1788728859.4032202, 1788728860.0525596, 1788728860.7332923, 1788728861.4530451, 1788728862.183347, 1788728862.9695368, 1788728863.7852125, 1788728864.6294086, 1788728865.4571934, 1788728866.0625052, 1788728866.7334006, 1788728867.451352, 1788728868.1746874, 1788728868.9291098, 1788728869.7124083, 1788728870.5686865, 1788728871.1631374, 1788728871.8225572, 1788728872.5150979, 1788728873.2365086, 1788728873.98573, 1788728874.7616572, 1788728875.5702286, 1788728876.4104652, 1788728877.2833796, 1788728878.1834736, 1788728879.119416, 1788728880.077518, 1788728881.0556293, 1788728881.6413841, 1788728882.2857687, 1788728882.965015, 1788728883.6715324, 1788728884.4196997, 1788728885.1822088, 1788728885.9797707, 1788728886.7069626, 1788728887.3143559, 1788728887.9744904, 1788728888.6638005, 1788728889.3895097, 1788728890.137546, 1788728890.916398, 1788728891.6085827, 1788728892.2203126, 1788728892.887026, 1788728893.591414, 1788728894.316806, 1788728895.0744884, 1788728895.8605123, 1788728896.67348, 1788728897.526994, 1788728898.4100735, 1788728899.1271148, 1788728899.7346478, 1788728900.4051154, 1788728901.1027613, 1788728901.8322852, 1788728902.58832, 1788728903.3318205, 1788728903.9417815, 1788728904.5899348, 1788728905.272524, 1788728905.9865584, 1788728906.7314994, 1788728907.5042152, 1788728908.3047915, 1788728909.145128, 1788728909.941424, 1788728910.550712, 1788728911.1972423, 1788728911.9065208, 1788728912.6199486, 1788728913.3732693, 1788728914.1564324, 1788728914.9753544, 1788728915.8199337, 1788728916.6365783, 1788728917.2332866, 1788728917.886295, 1788728918.567681, 1788728919.2809336, 1788728920.027736, 1788728920.7995093, 1788728921.59923, 1788728922.2453148, 1788728922.869307, 1788728923.5492718, 1788728924.2588274, 1788728924.9981532, 1788728925.7741137, 1788728926.5609155, 1788728927.370385, 1788728927.9638433, 1788728928.6133556, 1788728929.2933695, 1788728930.0085187, 1788728930.7561572, 1788728931.5279944, 1788728932.333516, 1788728933.1667988, 1788728933.8931415, 1788728934.5072997, 1788728935.176261, 1788728935.8765218, 1788728936.6085865, 1788728937.377616, 1788728937.9751754, 1788728938.6257792, 1788728939.305437, 1788728940.0150754, 1788728940.7576778, 1788728941.5259233, 1788728942.3232288, 1788728943.1519842, 1788728944.0125027, 1788728944.9030697, 1788728945.8268461, 1788728946.7580206, 1788728947.348865, 1788728948.0050309, 1788728948.6942277, 1788728949.425249, 1788728950.1803029, 1788728950.9602046, 1788728951.7753074, 1788728952.3821468, 1788728953.037161]","[1, 2, 1, 1, 2, 1, 1, 2, 2, 1, 1, 1, 1, 1, 1, 1, 3, 1, 1, 1, 2, 2, 2, 1, 2, 2, 3, 4, 3, 2, 3, 2, 1, 2, 2, 2, 1, 3, 1, 1, 2, 1, 2, 1, 1, 1, 2, 1, 3, 3, 2, 2, 1, 3, 2, 1, 1, 3, 3, 2, 5, 2, 1, 2, 1, 1, 2, 1, 1, 2, 2, 2, 2, 4, 4, 1, 1, 1, 2, 1, 1, 1, 1, 2, 1, 3, 1, 2, 2, 2, 2, 3, 1, 1, 3, 2, 3, 3, 2, 1, 1, 2, 2, 1, 1, 3, 4, 2, 1, 1, 3, 2, 1, 3, 2, 1, 2, 2, 1, 2, 2, 4, 3, 1, 2, 1, 1, 3, 1, 4, 2, 1, 1, 1, 2, 2, 1, 1, 3, 4, 3, 1, 3, 2, 1, 2, 1, 1, 2, 1, 1, 1, 1, 2, 1, 1, 2, 2, 2, 1, 2, 1, 1, 2, 3, 1, 2, 1, 1, 1, 2, 1, 1, 4, 2, 1, 1, 3, 2, 2, 1, 4, 3, 1, 1, 2, 5, 3, 1, 1, 1, 1, 1, 2, 1, 1, 1, 1, 2, 1, 2, 2, 1, 1, 1, 2, 1, 3, 4, 2, 1, 1, 3, 4, 3, 2, 2, 5, 4, 4, 4, 1, 1, 1, 3, 2, 1, 2, 4, 1, 1, 3, 4, 3, 2, 1, 2, 1, 1, 2, 1, 1, 4, 1, 2, 1, 3, 2, 1, 2, 1, 3, 3, 1, 2, 1, 1, 1, 1, 1, 1, 1, 3, 2, 2, 2, 5, 2, 2, 4, 1]"
User-065,0,trace_0054,1788728955.2135844,streaming,16891,251,251,0,263,329.09419083595276,425.4935941696167,0.38559761333465575,0.0,0,True,,1788728529.7198796,1788728858.8140705,1788728955.2134738,"[1788728858.8140705, 1788728859.409214, 1788728860.0578601, 1788728860.7385764, 1788728861.4584312, 1788728862.1887343, 1788728862.9756248, 1788728863.792829, 1788728864.6355371, 1788728865.4637554, 1788728866.0689516, 1788728866.7395794, 1788728867.4567297, 1788728868.179993, 1788728868.9339664, 1788728869.7173278, 1788728870.5742998, 1788728871.1652925, 1788728871.8269866, 1788728872.5194826, 1788728873.2408168, 1788728873.9900515, 1788728874.7659166, 1788728875.5745375, 1788728876.4171553, 1788728877.2877402, 1788728878.1877985, 1788728879.1239486, 1788728880.0818584, 1788728881.0597749, 1788728881.645683, 1788728882.2901318, 1788728882.9699476, 1788728883.675834, 1788728884.4239619, 1788728885.1865215, 1788728885.9841843, 1788728886.7119637, 1788728887.319277, 1788728887.9794009, 1788728888.6686687, 1788728889.3948593, 1788728890.1424427, 1788728890.9215696, 1788728891.614086, 1788728892.2292397, 1788728892.8925383, 1788728893.5974402, 1788728894.3216376, 1788728895.0793457, 1788728895.8653648, 1788728896.678348, 1788728897.5318086, 1788728898.4149752, 1788728899.1332831, 1788728899.7400057, 1788728900.4105005, 1788728901.1082375, 1788728901.8377087, 1788728902.5936208, 1788728903.336985, 1788728903.9471507, 1788728904.5953505, 1788728905.277816, 1788728905.9919732, 1788728906.7368946, 1788728907.5099313, 1788728908.310141, 1788728909.150624, 1788728909.9474423, 1788728910.562922, 1788728911.203434, 1788728911.91305, 1788728912.6255336, 1788728913.3786733, 1788728914.1619308, 1788728914.9808784, 1788728915.825495, 1788728916.6418846, 1788728917.2389746, 1788728917.8922036, 1788728918.5732894, 1788728919.28671, 1788728920.0333145, 1788728920.8053489, 1788728921.604807, 1788728922.2516248, 1788728922.8750868, 1788728923.55544, 1788728924.2649665, 1788728925.0046349, 1788728925.7809448, 1788728926.5664558, 1788728927.3760364, 1788728927.969474, 1788728928.6189585, 1788728929.298953, 1788728930.0141878, 1788728930.7617111, 1788728931.5335832, 1788728932.339214, 1788728933.1723628, 1788728933.8987114, 1788728934.5129232, 1788728935.1819131, 1788728935.88248, 1788728936.6136208, 1788728937.3832738, 1788728937.980632, 1788728938.6313462, 1788728939.310982, 1788728940.0204859, 1788728940.763267, 1788728941.531762, 1788728942.328872, 1788728943.1577427, 1788728944.018085, 1788728944.9086096, 1788728945.8323982, 1788728946.756504, 1788728947.347347, 1788728948.0034738, 1788728948.7002742, 1788728949.431348, 1788728950.186387, 1788728950.9663372, 1788728951.7736313, 1788728952.3805425, 1788728953.0355024, 1788728953.7229016, 1788728954.4490972, 1788728955.2089708]","[1, 1, 1, 1, 3, 1, 4, 2, 4, 1, 1, 2, 1, 2, 1, 1, 2, 3, 1, 1, 3, 2, 1, 2, 3, 2, 2, 2, 1, 2, 1, 3, 4, 1, 1, 4, 2, 2, 2, 1, 2, 3, 1, 1, 1, 1, 1, 2, 2, 1, 1, 2, 1, 1, 1, 2, 1, 2, 1, 2, 1, 2, 2, 3, 1, 3, 1, 1, 1, 2, 5, 1, 1, 3, 3, 4, 2, 1, 3, 1, 3, 3, 1, 3, 1, 1, 2, 1, 1, 2, 4, 5, 3, 1, 1, 1, 1, 1, 1, 1, 1, 3, 3, 1, 1, 1, 1, 2, 2, 4, 3, 2, 4, 6, 2, 1, 2, 1, 1, 2, 2, 1, 2, 1, 3, 1, 1, 2, 4, 4, 4, 1]"
User-070,0,trace_0477,1788728984.1379418,streaming,16517,209,209,0,257,361.6057653427124,454.1314871311188,0.44483520090579987,0.0,0,True,,1788728530.0063658,1788728891.612131,1788728984.137853,"[1788728891.612131, 1788728892.226843, 1788728892.890515, 1788728893.5952768, 1788728894.3195517, 1788728895.0772305, 1788728895.8632472, 1788728896.6762006, 1788728897.5297027, 1788728898.412783, 1788728899.1310995, 1788728899.7379594, 1788728900.4084988, 1788728901.1061826, 1788728901.8356423, 1788728902.5915828, 1788728903.3350072, 1788728903.945121, 1788728904.5932262, 1788728905.2758005, 1788728905.989869, 1788728906.7347646, 1788728907.5075796, 1788728908.3080163, 1788728909.148555, 1788728909.9454913, 1788728910.554515, 1788728911.201335, 1788728911.9105809, 1788728912.6239922, 1788728913.3771884, 1788728914.1602998, 1788728914.9792712, 1788728915.8238046, 1788728916.6404123, 1788728917.237423, 1788728917.8906107, 1788728918.572017, 1788728919.2851782, 1788728920.0317507, 1788728920.8036466, 1788728921.6032517, 1788728922.249227, 1788728922.8731017, 1788728923.5533602, 1788728924.2628944, 1788728925.0024395, 1788728925.778681, 1788728926.5642996, 1788728927.3740208, 1788728927.9672515, 1788728928.6167345, 1788728929.296734, 1788728930.0120473, 1788728930.7595458, 1788728931.531401, 1788728932.3370378, 1788728933.1701205, 1788728933.8966172, 1788728934.5107598, 1788728935.1796122, 1788728935.8803558, 1788728936.6114397, 1788728937.381289, 1788728937.9785633, 1788728938.6292593, 1788728939.3087735, 1788728940.0183277, 1788728940.7612073, 1788728941.5295696, 1788728942.3267505, 1788728943.1555529, 1788728944.0159717, 1788728944.906454, 1788728945.83031, 1788728946.7596002, 1788728947.3504071, 1788728948.0065725, 1788728948.6976504, 1788728949.428596, 1788728950.1836643, 1788728950.9635832, 1788728951.776829, 1788728952.3835223, 1788728953.0390909, 1788728953.7206032, 1788728954.446708, 1788728955.2067528, 1788728955.9807491, 1788728956.7003222, 1788728957.3097594, 1788728957.9716814, 1788728958.6610658, 1788728959.387421, 1788728960.03192, 1788728960.6609917, 1788728961.3349864, 1788728962.0363472, 1788728962.7717972, 1788728963.5323472, 1788728964.3219905, 1788728965.1430435, 1788728965.9985952, 1788728966.6879635, 1788728967.3022885, 1788728967.9733465, 1788728968.6720653, 1788728969.4016795, 1788728970.1609912, 1788728970.9464488, 1788728971.7657425, 1788728972.6193166, 1788728973.5027776, 1788728974.4228094, 1788728975.3625603, 1788728976.3392165, 1788728976.9266112, 1788728977.5774088, 1788728978.2591143, 1788728978.968913, 1788728979.7148874, 1788728980.484669, 1788728981.2839909, 1788728982.1093693, 1788728982.8490121, 1788728983.4615452, 1788728984.13551]","[1, 1, 1, 2, 2, 1, 2, 1, 1, 2, 1, 3, 1, 1, 2, 1, 2, 2, 1, 2, 2, 2, 2, 1, 4, 2, 1, 3, 1, 1, 2, 2, 2, 2, 3, 1, 1, 2, 1, 3, 1, 2, 3, 1, 3, 1, 2, 3, 1, 1, 1, 1, 3, 1, 2, 1, 3, 2, 1, 2, 1, 2, 2, 1, 4, 3, 1, 1, 1, 1, 2, 1, 1, 2, 1, 1, 1, 1, 1, 1, 1, 1, 2, 3, 1, 1, 4, 2, 2, 1, 1, 1, 1, 1, 2, 2, 1, 1, 2, 1, 2, 1, 3, 1, 1, 1, 1, 1, 1, 1, 1, 2, 4, 2, 1, 6, 1, 2, 1, 1, 2, 2, 2, 1, 3, 1, 1]"
User-006,5,trace_0396,1788728988.8368475,streaming,31169,266,266,385,49,351.14788937568665,458.92254304885864,0.4066968063138566,11.0,0,True,,1788728529.914231,1788728881.0621204,1788728988.836774,"[1788728881.0621204, 1788728881.6476088, 1788728882.2921362, 1788728882.9720201, 1788728883.6779013, 1788728884.4259584, 1788728885.1885777, 1788728885.9862664, 1788728886.7140493, 1788728887.3213623, 1788728887.9814613, 1788728888.6706674, 1788728889.3970165, 1788728890.1445234, 1788728890.9235897, 1788728891.6161122, 1788728892.2313812, 1788728892.8949857, 1788728893.5994697, 1788728894.3236196, 1788728895.0813339, 1788728895.86737, 1788728896.6803937, 1788728897.533824, 1788728898.4169655, 1788728899.135347, 1788728899.742069, 1788728900.4125304, 1788728901.1102946, 1788728901.844686, 1788728902.5960126, 1788728903.3389359, 1788728903.9491873, 1788728904.5973988, 1788728905.2796752, 1788728905.99398, 1788728906.7388778, 1788728907.5119913, 1788728908.3121588, 1788728909.1527097, 1788728909.9495063, 1788728910.5642908, 1788728911.2054055, 1788728911.9151437, 1788728912.6275885, 1788728913.3806806, 1788728914.1639657, 1788728914.9828784, 1788728915.8275292, 1788728916.6439312, 1788728917.2410223, 1788728917.894266, 1788728918.575049, 1788728919.2888224, 1788728920.0353625, 1788728920.8075068, 1788728921.6068313, 1788728922.2536373, 1788728922.8770983, 1788728923.557831, 1788728924.2664866, 1788728925.0062492, 1788728925.7824774, 1788728926.5680275, 1788728927.3784473, 1788728927.9716432, 1788728928.6210363, 1788728929.3010068, 1788728930.0160525, 1788728930.7637942, 1788728931.5356205, 1788728932.3412633, 1788728933.1744785, 1788728933.9009516, 1788728934.5150285, 1788728935.184013, 1788728935.884627, 1788728936.6156826, 1788728937.3853402, 1788728937.9827006, 1788728938.63346, 1788728939.313072, 1788728940.0224888, 1788728940.7653794, 1788728941.5340157, 1788728942.3311005, 1788728943.159514, 1788728944.0201483, 1788728944.9106922, 1788728945.8345244, 1788728946.7606306, 1788728947.3514707, 1788728948.0076199, 1788728948.7017891, 1788728949.432869, 1788728950.1879663, 1788728950.9678698, 1788728951.7778172, 1788728952.3840888, 1788728953.0401804, 1788728953.7256005, 1788728954.4517417, 1788728955.2119322, 1788728955.985113, 1788728956.7055323, 1788728957.3146577, 1788728957.9767532, 1788728958.6658893, 1788728959.3923771, 1788728960.0329204, 1788728960.662068, 1788728961.3360415, 1788728962.0373344, 1788728962.772821, 1788728963.533332, 1788728964.3231478, 1788728965.1440907, 1788728965.9996016, 1788728966.689765, 1788728967.3037252, 1788728967.9761925, 1788728968.6733904, 1788728969.4032202, 1788728970.1623971, 1788728970.9479866, 1788728971.7671993, 1788728972.6208572, 1788728973.5043015, 1788728974.424052, 1788728975.3640304, 1788728976.3407927, 1788728976.9280875, 1788728977.5789843, 1788728978.2605703, 1788728978.97006, 1788728979.716128, 1788728980.4860933, 1788728981.2855089, 1788728982.110948, 1788728982.8505142, 1788728983.463006, 1788728984.137257, 1788728984.8477693, 1788728985.5933719, 1788728986.366516, 1788728987.1585522, 1788728987.9838629, 1788728988.8363323]","[1, 2, 1, 3, 1, 1, 1, 1, 1, 1, 1, 4, 1, 1, 1, 4, 1, 2, 1, 1, 2, 1, 3, 1, 1, 1, 2, 1, 3, 6, 5, 1, 2, 3, 2, 1, 1, 2, 3, 2, 1, 1, 1, 3, 3, 1, 2, 1, 1, 1, 1, 1, 2, 1, 4, 3, 2, 1, 2, 2, 1, 1, 4, 3, 1, 1, 1, 1, 2, 2, 3, 1, 2, 1, 1, 2, 1, 3, 1, 3, 3, 5, 3, 1, 4, 1, 1, 3, 1, 3, 3, 2, 3, 1, 1, 2, 1, 1, 1, 1, 1, 1, 3, 1, 1, 1, 2, 2, 2, 2, 2, 1, 2, 1, 1, 2, 1, 1, 2, 1, 1, 3, 2, 4, 1, 1, 1, 2, 1, 2, 3, 1, 2, 1, 2, 1, 2, 2, 2, 4, 2, 3, 1, 1, 1, 2, 3, 2]"
User-069,0,trace_0672,1788728993.884028,streaming,18368,263,263,0,286,356.7423255443573,463.9182481765747,0.4090684069931962,0.0,0,True,,1788728529.965681,1788728886.7080066,1788728993.8839293,"[1788728886.7080066, 1788728887.315012, 1788728887.9751873, 1788728888.6644547, 1788728889.3904037, 1788728890.1380937, 1788728890.9170372, 1788728891.6092489, 1788728892.2209663, 1788728892.8876674, 1788728893.591977, 1788728894.3174279, 1788728895.0751472, 1788728895.8611438, 1788728896.6740994, 1788728897.527658, 1788728898.4107015, 1788728899.1280358, 1788728899.7352905, 1788728900.4057565, 1788728901.1033163, 1788728901.8329406, 1788728902.5888755, 1788728903.332331, 1788728903.9423347, 1788728904.5905797, 1788728905.273149, 1788728905.987222, 1788728906.732145, 1788728907.5048509, 1788728908.305431, 1788728909.1456916, 1788728909.9420998, 1788728910.551353, 1788728911.1979496, 1788728911.9071796, 1788728912.6205635, 1788728913.3738933, 1788728914.1570415, 1788728914.9759886, 1788728915.8205442, 1788728916.6372285, 1788728917.233962, 1788728917.8871658, 1788728918.5684388, 1788728919.2817674, 1788728920.0283494, 1788728920.8001478, 1788728921.5998464, 1788728922.2459843, 1788728922.869921, 1788728923.5499072, 1788728924.2594614, 1788728924.9989734, 1788728925.7748222, 1788728926.5615494, 1788728927.371215, 1788728927.9644754, 1788728928.6139812, 1788728929.2939775, 1788728930.0091596, 1788728930.7567585, 1788728931.5286028, 1788728932.3341641, 1788728933.167408, 1788728933.8937292, 1788728934.5079677, 1788728935.1769183, 1788728935.8771493, 1788728936.6092458, 1788728937.3783534, 1788728937.9758182, 1788728938.6264317, 1788728939.306121, 1788728940.0157204, 1788728940.7583153, 1788728941.5265496, 1788728942.3238866, 1788728943.1526449, 1788728944.0131614, 1788728944.9037223, 1788728945.8274946, 1788728946.7560291, 1788728947.3468268, 1788728948.002947, 1788728948.6949172, 1788728949.4259179, 1788728950.1809788, 1788728950.9608788, 1788728951.7731447, 1788728952.379826, 1788728953.0348208, 1788728953.7175884, 1788728954.4439743, 1788728955.2036726, 1788728955.9779181, 1788728956.6971393, 1788728957.307064, 1788728957.9684205, 1788728958.6582563, 1788728959.3846307, 1788728960.0293775, 1788728960.658187, 1788728961.3321552, 1788728962.0334408, 1788728962.7692482, 1788728963.5297768, 1788728964.3192658, 1788728965.1404877, 1788728965.99612, 1788728966.6855192, 1788728967.29985, 1788728967.9708884, 1788728968.6692739, 1788728969.3991723, 1788728970.1585476, 1788728970.9440386, 1788728971.7630746, 1788728972.6168935, 1788728973.500305, 1788728974.4206583, 1788728975.3601482, 1788728976.3357813, 1788728976.9234788, 1788728977.5743654, 1788728978.2562287, 1788728978.9662023, 1788728979.7116063, 1788728980.48176, 1788728981.2810044, 1788728982.1064236, 1788728982.8459966, 1788728983.458421, 1788728984.1325154, 1788728984.8435752, 1788728985.5892992, 1788728986.3623993, 1788728987.1545687, 1788728987.979763, 1788728988.831267, 1788728989.421705, 1788728990.0949407, 1788728990.796825, 1788728991.5243979, 1788728992.2779384, 1788728993.0596273, 1788728993.8802605]","[1, 1, 1, 2, 2, 1, 2, 1, 1, 1, 1, 1, 1, 3, 1, 1, 1, 1, 1, 2, 2, 1, 1, 2, 4, 2, 2, 1, 2, 1, 1, 3, 3, 1, 2, 1, 2, 1, 1, 2, 1, 1, 3, 1, 2, 1, 3, 2, 1, 1, 4, 4, 1, 2, 2, 1, 2, 3, 1, 1, 5, 2, 1, 4, 2, 2, 2, 1, 2, 3, 2, 2, 1, 4, 1, 3, 1, 2, 1, 2, 2, 3, 1, 2, 2, 2, 1, 1, 1, 1, 5, 3, 2, 1, 2, 1, 1, 1, 1, 3, 4, 1, 1, 2, 2, 1, 2, 1, 3, 1, 2, 1, 1, 2, 1, 2, 4, 1, 1, 2, 3, 1, 2, 2, 2, 1, 1, 3, 1, 1, 1, 4, 4, 1, 3, 2, 1, 1, 1, 2, 2, 2, 1, 2, 5, 1, 1]"
User-075,0,trace_0559,1788728994.7263737,streaming,17686,177,177,0,276,389.2301936149597,461.70637226104736,0.41179646958004346,0.0,0,True,,1788728533.0198946,1788728922.2500882,1788728994.7262669,"[1788728922.2500882, 1788728922.8735964, 1788728923.5539165, 1788728924.2634006, 1788728925.0030026, 1788728925.7792604, 1788728926.5649104, 1788728927.3745158, 1788728927.9677765, 1788728928.6172385, 1788728929.2972858, 1788728930.012579, 1788728930.7600787, 1788728931.5320382, 1788728932.3376749, 1788728933.1706517, 1788728933.8971064, 1788728934.5112834, 1788728935.180335, 1788728935.8809063, 1788728936.612076, 1788728937.381773, 1788728937.9790802, 1788728938.6297834, 1788728939.3093956, 1788728940.0189548, 1788728940.7617388, 1788728941.5301068, 1788728942.3272936, 1788728943.1560798, 1788728944.0165079, 1788728944.906993, 1788728945.8308256, 1788728946.7518206, 1788728947.342872, 1788728947.9986932, 1788728948.6981494, 1788728949.4292166, 1788728950.1842918, 1788728950.9642181, 1788728951.7692475, 1788728952.3749912, 1788728953.0303516, 1788728953.721147, 1788728954.447239, 1788728955.2073097, 1788728955.9814303, 1788728956.7008011, 1788728957.3103192, 1788728957.9723706, 1788728958.6616707, 1788728959.388075, 1788728960.0242095, 1788728960.6531837, 1788728961.327179, 1788728962.0276031, 1788728962.7628562, 1788728963.5245774, 1788728964.3136988, 1788728965.1355896, 1788728965.9908278, 1788728966.6807947, 1788728967.2949538, 1788728967.9661605, 1788728968.663416, 1788728969.3945951, 1788728970.1538846, 1788728970.939301, 1788728971.7576885, 1788728972.611698, 1788728973.4957368, 1788728974.4136593, 1788728975.354884, 1788728976.3309338, 1788728976.9182832, 1788728977.569559, 1788728978.2513843, 1788728978.9614317, 1788728979.7048292, 1788728980.4763894, 1788728981.2757468, 1788728982.1017013, 1788728982.840311, 1788728983.4531934, 1788728984.1273446, 1788728984.8361564, 1788728985.5840082, 1788728986.3545444, 1788728987.149282, 1788728987.9744275, 1788728988.826227, 1788728989.4165092, 1788728990.0896137, 1788728990.7914836, 1788728991.5191536, 1788728992.271947, 1788728993.0543308, 1788728993.875004, 1788728994.7158499]","[1, 1, 1, 1, 3, 2, 2, 1, 1, 1, 1, 3, 1, 1, 1, 2, 3, 3, 1, 1, 2, 1, 1, 2, 1, 2, 1, 1, 1, 3, 1, 2, 1, 3, 1, 2, 1, 2, 2, 2, 2, 1, 2, 2, 2, 1, 1, 4, 1, 2, 2, 2, 5, 2, 3, 4, 1, 2, 2, 1, 1, 2, 2, 1, 1, 3, 2, 2, 1, 2, 1, 2, 2, 1, 1, 1, 3, 2, 2, 1, 5, 2, 3, 1, 1, 2, 2, 1, 4, 2, 2, 1, 3, 1, 2, 2, 1, 2, 2]"
User-033,3,trace_0538,1788728996.7221408,streaming,11148,105,105,161,8,365.85824728012085,402.551406621933,0.3528188398251167,10.0,0,True,,1788728594.1706274,1788728960.0288746,1788728996.722034,"[1788728960.0288746, 1788728960.6576746, 1788728961.3316255, 1788728962.032759, 1788728962.7687004, 1788728963.529289, 1788728964.3186467, 1788728965.13983, 1788728965.9956152, 1788728966.685036, 1788728967.2993593, 1788728967.9703832, 1788728968.6686661, 1788728969.398687, 1788728970.1580734, 1788728970.9435344, 1788728971.762481, 1788728972.616414, 1788728973.4998252, 1788728974.4202096, 1788728975.35959, 1788728976.3352904, 1788728976.9229064, 1788728977.5738134, 1788728978.2557359, 1788728978.9657314, 1788728979.7110913, 1788728980.4812787, 1788728981.2804425, 1788728982.1059062, 1788728982.8454952, 1788728983.4579234, 1788728984.1319911, 1788728984.8430254, 1788728985.5888019, 1788728986.3618648, 1788728987.154069, 1788728987.9792538, 1788728988.8307142, 1788728989.421174, 1788728990.0944026, 1788728990.796319, 1788728991.5239122, 1788728992.2774014, 1788728993.0591328, 1788728993.8797956, 1788728994.7208858, 1788728995.3432543, 1788728996.0119433, 1788728996.7166767]","[1, 1, 4, 5, 3, 1, 2, 3, 1, 2, 1, 1, 1, 1, 2, 1, 2, 1, 1, 4, 3, 2, 2, 2, 1, 1, 2, 6, 2, 2, 1, 2, 1, 1, 3, 2, 2, 6, 4, 1, 2, 1, 1, 3, 2, 4, 2, 1, 3, 2]"
User-046,2,trace_0334,1788729014.3051753,streaming,15785,132,132,249,246,375.4197745323181,433.0202672481537,0.4396984176781341,77.0,0,True,,1788728581.2847488,1788728956.7045233,1788729014.305016,"[1788728956.7045233, 1788728957.3136048, 1788728957.9757304, 1788728958.6648986, 1788728959.3913507, 1788728960.0265152, 1788728960.6554356, 1788728961.3295286, 1788728962.030242, 1788728962.7651007, 1788728963.5268734, 1788728964.3160255, 1788728965.1377585, 1788728965.9931715, 1788728966.6830566, 1788728967.297171, 1788728967.9683897, 1788728968.6663103, 1788728969.3967671, 1788728970.155945, 1788728970.9415426, 1788728971.7602556, 1788728972.614025, 1788728973.4977138, 1788728974.4177773, 1788728975.3572876, 1788728976.3330398, 1788728976.920706, 1788728977.5718963, 1788728978.2533855, 1788728978.963588, 1788728979.7088661, 1788728980.4792051, 1788728981.2782457, 1788728982.103945, 1788728982.8424594, 1788728983.4554644, 1788728984.1295166, 1788728984.8382654, 1788728985.586272, 1788728986.359225, 1788728987.15154, 1788728987.9767163, 1788728988.8282855, 1788728989.4185393, 1788728990.0917635, 1788728990.7936077, 1788728991.521238, 1788728992.2743347, 1788728993.0564015, 1788728993.8770742, 1788728994.7181883, 1788728995.3407638, 1788728996.0091834, 1788728996.7139769, 1788728997.4431546, 1788728998.1997724, 1788728998.979069, 1788728999.7901838, 1788729000.6307755, 1788729001.5000165, 1788729002.3986087, 1788729003.3266122, 1788729004.2853415, 1788729004.9982955, 1788729005.6091473, 1788729006.285824, 1788729006.9866562, 1788729007.7243202, 1788729008.490452, 1788729009.2842278, 1788729010.106092, 1788729010.7793865, 1788729011.4015648, 1788729012.0792148, 1788729012.7804232, 1788729013.522173, 1788729014.2963545]","[1, 2, 1, 2, 1, 1, 1, 2, 3, 2, 3, 2, 3, 1, 3, 4, 3, 6, 2, 2, 1, 2, 3, 1, 1, 1, 3, 1, 2, 1, 1, 1, 2, 2, 1, 1, 2, 1, 1, 1, 1, 3, 3, 1, 1, 2, 1, 1, 1, 1, 1, 1, 1, 1, 2, 1, 1, 1, 2, 1, 2, 1, 2, 2, 1, 1, 1, 2, 1, 2, 1, 1, 1, 5, 1, 3, 3, 1]"
User-078,0,trace_0366,1788729021.7944446,streaming,21633,133,133,0,337,333.10689306259155,388.21248865127563,0.4174666332476067,0.0,0,True,,1788728633.5818675,1788728966.6887605,1788729021.794356,"[1788728966.6887605, 1788728967.3027728, 1788728967.9738169, 1788728968.672509, 1788728969.4022303, 1788728970.1614616, 1788728970.9469552, 1788728971.7662237, 1788728972.619841, 1788728973.503304, 1788728974.4232118, 1788728975.3630438, 1788728976.3397925, 1788728976.9271412, 1788728977.5779433, 1788728978.2595832, 1788728978.9692845, 1788728979.7154655, 1788728980.4851348, 1788728981.2845223, 1788728982.1098444, 1788728982.8495274, 1788728983.4620223, 1788728984.1362646, 1788728984.8467023, 1788728985.5923448, 1788728986.3654768, 1788728987.1575477, 1788728987.9828415, 1788728988.8356998, 1788728989.425226, 1788728990.0986059, 1788728990.8004704, 1788728991.5313058, 1788728992.2815526, 1788728993.0635264, 1788728993.8832164, 1788728994.725307, 1788728995.3472424, 1788728996.0154738, 1788728996.7210073, 1788728997.4497564, 1788728998.2061036, 1788728998.985312, 1788728999.79639, 1788729000.6373675, 1788729001.5062857, 1788729002.4053767, 1788729003.3332312, 1788729004.2913642, 1788729005.0053155, 1788729005.6159196, 1788729006.292569, 1788729006.9918451, 1788729007.731005, 1788729008.4967673, 1788729009.2908967, 1788729010.1114779, 1788729010.7858768, 1788729011.4083393, 1788729012.0858846, 1788729012.7872493, 1788729013.52826, 1788729014.303584, 1788729015.1026661, 1788729015.9358974, 1788729016.801771, 1788729017.4782045, 1788729018.0980952, 1788729018.776781, 1788729019.4820118, 1788729020.2158244, 1788729020.9851553, 1788729021.792577]","[1, 1, 1, 1, 3, 1, 4, 2, 4, 1, 1, 1, 1, 1, 2, 1, 1, 2, 2, 3, 3, 2, 1, 2, 3, 2, 2, 2, 1, 2, 1, 3, 2, 2, 2, 2, 2, 3, 2, 2, 1, 1, 1, 2, 2, 1, 1, 2, 1, 1, 1, 1, 1, 1, 2, 1, 2, 2, 1, 4, 1, 2, 1, 3, 1, 1, 1, 2, 4, 2, 1, 3, 3, 4]"
User-072,0,trace_0015,1788729022.6194913,streaming,15435,311,311,0,240,371.8458161354065,491.12546849250793,0.3847730721196821,0.0,0,True,,1788728531.4939437,1788728903.3397598,1788729022.6194122,"[1788728903.3397598, 1788728903.949717, 1788728904.5979388, 1788728905.2799072, 1788728905.994485, 1788728906.7394004, 1788728907.5125136, 1788728908.312691, 1788728909.15322, 1788728909.949978, 1788728910.5645535, 1788728911.205941, 1788728911.9156353, 1788728912.6278505, 1788728913.381184, 1788728914.1644921, 1788728914.9833887, 1788728915.827854, 1788728916.6452057, 1788728917.2420275, 1788728917.8993287, 1788728918.5758379, 1788728919.2898576, 1788728920.0363753, 1788728920.8085809, 1788728921.6079037, 1788728922.2546518, 1788728922.8781176, 1788728923.5588965, 1788728924.2708204, 1788728925.0073013, 1788728925.7835326, 1788728926.5690854, 1788728927.3795092, 1788728927.9724667, 1788728928.6220636, 1788728929.30206, 1788728930.0168447, 1788728930.7647893, 1788728931.5366776, 1788728932.3423045, 1788728933.1755033, 1788728933.902132, 1788728934.515509, 1788728935.1850486, 1788728935.8857222, 1788728936.6167667, 1788728937.3863711, 1788728937.9833615, 1788728938.634618, 1788728939.314117, 1788728940.0235004, 1788728940.7664158, 1788728941.5351727, 1788728942.3318954, 1788728943.1599636, 1788728944.0212088, 1788728944.9117186, 1788728945.8356369, 1788728946.7555306, 1788728947.3462982, 1788728948.0023892, 1788728948.7028162, 1788728949.433894, 1788728950.1889832, 1788728950.968913, 1788728951.7726567, 1788728952.3793135, 1788728953.0343056, 1788728953.726693, 1788728954.4527428, 1788728955.2130196, 1788728955.986242, 1788728956.706535, 1788728957.31572, 1788728957.9778283, 1788728958.666983, 1788728959.3934448, 1788728960.028001, 1788728960.6571648, 1788728961.331119, 1788728962.0321946, 1788728962.76661, 1788728963.5288072, 1788728964.318004, 1788728965.1393223, 1788728965.9950228, 1788728966.6845543, 1788728967.2988806, 1788728967.9698837, 1788728968.668074, 1788728969.3981986, 1788728970.1575553, 1788728970.943024, 1788728971.7619328, 1788728972.6159017, 1788728973.4993498, 1788728974.4198158, 1788728975.3590438, 1788728976.334789, 1788728976.9223456, 1788728977.573334, 1788728978.255257, 1788728978.9652526, 1788728979.710542, 1788728980.4808044, 1788728981.2799566, 1788728982.105437, 1788728982.8439705, 1788728983.4568863, 1788728984.1309965, 1788728984.841893, 1788728985.587806, 1788728986.3608375, 1788728987.153037, 1788728987.9782255, 1788728988.829752, 1788728989.4201896, 1788728990.0934134, 1788728990.7953222, 1788728991.5229027, 1788728992.276322, 1788728993.0580435, 1788728993.8787844, 1788728994.7196875, 1788728995.3422496, 1788728996.0108876, 1788728996.7156465, 1788728997.4449642, 1788728998.201499, 1788728998.9807343, 1788728999.7918675, 1788729000.6324918, 1788729001.5015693, 1788729002.4006793, 1788729003.328306, 1788729004.2870324, 1788729004.999769, 1788729005.6107223, 1788729006.2874806, 1788729006.987974, 1788729007.7259645, 1788729008.4920359, 1788729009.285849, 1788729010.1076593, 1788729010.7808516, 1788729011.4033198, 1788729012.0808861, 1788729012.7822418, 1788729013.5237896, 1788729014.2984235, 1788729015.0975819, 1788729015.93076, 1788729016.7967987, 1788729017.473113, 1788729018.0930204, 1788729018.7714932, 1788729019.4766965, 1788729020.2107756, 1788729020.9799826, 1788729021.78764, 1788729022.6125867]","[1, 1, 1, 1, 3, 1, 4, 2, 4, 1, 1, 2, 2, 1, 1, 3, 3, 1, 1, 3, 1, 2, 1, 2, 3, 2, 2, 1, 1, 4, 2, 4, 1, 1, 2, 2, 2, 2, 2, 2, 1, 1, 1, 1, 1, 1, 1, 2, 1, 1, 1, 1, 3, 4, 3, 2, 2, 1, 1, 1, 1, 5, 3, 2, 2, 3, 2, 3, 1, 3, 1, 2, 1, 3, 1, 1, 1, 2, 4, 3, 3, 2, 2, 1, 2, 1, 2, 1, 1, 1, 1, 3, 4, 2, 2, 4, 2, 1, 2, 1, 1, 2, 2, 1, 2, 1, 3, 1, 1, 2, 5, 5, 4, 1, 1, 2, 1, 1, 2, 1, 3, 4, 2, 2, 2, 2, 2, 1, 2, 2, 1, 2, 1, 3, 1, 1, 3, 1, 2, 1, 1, 1, 2, 4, 4, 2, 1, 3, 2, 2, 1, 2, 1, 2, 1, 2, 4, 3, 2, 3, 2, 1]"
User-071,0,trace_0673,1788729033.7476573,streaming,23858,315,315,0,372,368.52684116363525,503.1454267501831,0.42872161014824156,0.0,0,True,,1788728530.602062,1788728899.1289032,1788729033.7474887,"[1788728899.1289032, 1788728899.735812, 1788728900.4062731, 1788728901.1038911, 1788728901.8334627, 1788728902.5893962, 1788728903.3328366, 1788728903.942899, 1788728904.5911417, 1788728905.2736604, 1788728905.9877357, 1788728906.7326622, 1788728907.5053635, 1788728908.305944, 1788728909.1462302, 1788728909.9426103, 1788728910.551875, 1788728911.198525, 1788728911.907823, 1788728912.6211865, 1788728913.3744977, 1788728914.1576657, 1788728914.9766254, 1788728915.821176, 1788728916.6378784, 1788728917.2346284, 1788728917.887908, 1788728918.5690293, 1788728919.2823162, 1788728920.0290074, 1788728920.800706, 1788728921.6004765, 1788728922.2466688, 1788728922.8704727, 1788728923.550569, 1788728924.2601137, 1788728924.9995558, 1788728925.7754805, 1788728926.5621836, 1788728927.3719454, 1788728927.9651217, 1788728928.614605, 1788728929.2946334, 1788728930.0098279, 1788728930.757395, 1788728931.5292249, 1788728932.334879, 1788728933.1680522, 1788728933.8944561, 1788728934.5085332, 1788728935.1774557, 1788728935.877693, 1788728936.609834, 1788728937.378932, 1788728937.976352, 1788728938.6269867, 1788728939.3066845, 1788728940.016231, 1788728940.758917, 1788728941.5271716, 1788728942.3244135, 1788728943.153183, 1788728944.0136795, 1788728944.904278, 1788728945.8280578, 1788728946.7512517, 1788728947.3422682, 1788728947.998027, 1788728948.695458, 1788728949.4264631, 1788728950.1814988, 1788728950.9614193, 1788728951.7685592, 1788728952.3740375, 1788728953.0297966, 1788728953.7182746, 1788728954.444622, 1788728955.2044077, 1788728955.9785397, 1788728956.6977835, 1788728957.3077, 1788728957.9691737, 1788728958.6589162, 1788728959.3853338, 1788728960.0236561, 1788728960.652561, 1788728961.3266108, 1788728962.0268724, 1788728962.76226, 1788728963.5240614, 1788728964.3130412, 1788728965.1349623, 1788728965.989906, 1788728966.6802468, 1788728967.2940352, 1788728967.965494, 1788728968.6627822, 1788728969.393852, 1788728970.153308, 1788728970.9387236, 1788728971.7570293, 1788728972.6108081, 1788728973.4951835, 1788728974.413103, 1788728975.3541849, 1788728976.3302443, 1788728976.9175298, 1788728977.5689788, 1788728978.2507827, 1788728978.9607568, 1788728979.7042792, 1788728980.4757545, 1788728981.275025, 1788728982.1010654, 1788728982.8395402, 1788728983.4526663, 1788728984.126697, 1788728984.8356426, 1788728985.5834591, 1788728986.3540025, 1788728987.1487443, 1788728987.9738152, 1788728988.8255641, 1788728989.4158769, 1788728990.0889802, 1788728990.790854, 1788728991.5184922, 1788728992.2713962, 1788728993.0537086, 1788728993.8743525, 1788728994.7151642, 1788728995.3384302, 1788728996.0069602, 1788728996.7118115, 1788728997.440774, 1788728998.1975145, 1788728998.9767516, 1788728999.7880363, 1788729000.628145, 1788729001.49766, 1788729002.3964524, 1788729003.3244393, 1788729004.2830873, 1788729004.9960496, 1788729005.607015, 1788729006.2836092, 1788729006.9844322, 1788729007.7220943, 1788729008.4881334, 1788729009.2819324, 1788729010.1039448, 1788729010.7771344, 1788729011.399388, 1788729012.0769928, 1788729012.7780073, 1788729013.5197713, 1788729014.2941034, 1788729015.0941222, 1788729015.927393, 1788729016.7933645, 1788729017.4697556, 1788729018.0896647, 1788729018.7640438, 1788729019.4731114, 1788729020.2074122, 1788729020.9766524, 1788729021.784267, 1788729022.6091154, 1788729023.4642437, 1788729024.3601632, 1788729025.2010043, 1788729025.8005767, 1788729026.4587173, 1788729027.1505113, 1788729027.8757532, 1788729028.6276796, 1788729029.410445, 1788729030.2249634, 1788729031.0657947, 1788729031.7065954, 1788729032.3377106, 1788729033.017404, 1788729033.7363763]","[1, 1, 1, 1, 3, 1, 4, 2, 4, 1, 1, 2, 2, 1, 1, 3, 3, 1, 1, 3, 1, 2, 1, 2, 3, 2, 2, 1, 1, 1, 1, 1, 1, 1, 2, 1, 1, 1, 2, 2, 2, 1, 3, 2, 1, 2, 3, 1, 1, 1, 1, 2, 2, 2, 2, 4, 1, 2, 5, 3, 3, 1, 1, 1, 3, 2, 1, 1, 1, 1, 2, 1, 1, 2, 1, 2, 1, 3, 3, 1, 2, 1, 3, 2, 4, 1, 1, 1, 2, 1, 1, 1, 1, 2, 2, 2, 2, 1, 3, 1, 4, 1, 1, 2, 1, 1, 2, 2, 1, 3, 3, 1, 4, 2, 2, 1, 1, 1, 1, 1, 2, 1, 1, 2, 2, 1, 2, 1, 2, 3, 4, 1, 1, 3, 2, 1, 1, 1, 2, 1, 3, 1, 1, 2, 1, 3, 1, 1, 1, 1, 1, 3, 2, 1, 1, 1, 1, 2, 2, 4, 1, 1, 4, 1, 1, 1, 2, 2, 1, 3, 1, 2, 2, 1, 2, 1, 1, 3, 3, 1, 2, 2, 2]"
User-039,2,trace_0220,1788729034.4885268,streaming,13162,211,211,435,12,374.7246870994568,471.8323152065277,0.4624172767003377,22.0,0,True,,1788728562.656083,1788728937.3807702,1788729034.4883983,"[1788728937.3807702, 1788728937.978022, 1788728938.6286254, 1788728939.3082726, 1788728940.0178065, 1788728940.760573, 1788728941.5290074, 1788728942.3260891, 1788728943.154836, 1788728944.0153172, 1788728944.9058368, 1788728945.8296812, 1788728946.7590785, 1788728947.3498843, 1788728948.0060785, 1788728948.697013, 1788728949.4280572, 1788728950.1831346, 1788728950.9630296, 1788728951.7763448, 1788728952.3832757, 1788728953.0385454, 1788728953.719933, 1788728954.446187, 1788728955.2060182, 1788728955.9802122, 1788728956.6996322, 1788728957.3092282, 1788728957.9710112, 1788728958.6605463, 1788728959.3868663, 1788728960.0314498, 1788728960.6603963, 1788728961.3344152, 1788728962.0357904, 1788728962.7713208, 1788728963.5318034, 1788728964.3214598, 1788728965.1425588, 1788728965.998052, 1788728966.6874487, 1788728967.3018205, 1788728967.972871, 1788728968.6716065, 1788728969.4011724, 1788728970.1604815, 1788728970.945965, 1788728971.765243, 1788728972.6188376, 1788728973.5022843, 1788728974.4223967, 1788728975.3620853, 1788728976.3387074, 1788728976.9260561, 1788728977.5768719, 1788728978.258637, 1788728978.968543, 1788728979.7143, 1788728980.4842007, 1788728981.2834897, 1788728982.1088865, 1788728982.8485312, 1788728983.4610348, 1788728984.1349735, 1788728984.8461707, 1788728985.5918577, 1788728986.3649757, 1788728987.157057, 1788728987.982281, 1788728988.835198, 1788728989.4246888, 1788728990.0980697, 1788728990.7999504, 1788728991.530652, 1788728992.2810433, 1788728993.063025, 1788728993.8828235, 1788728994.7239153, 1788728995.346223, 1788728996.0150194, 1788728996.7200165, 1788728997.4487123, 1788728998.2050896, 1788728998.9842992, 1788728999.7953658, 1788729000.636275, 1788729001.5052598, 1788729002.4043515, 1788729003.3322353, 1788729004.29056, 1788729005.0042894, 1788729005.6148946, 1788729006.291589, 1788729006.9910874, 1788729007.7299953, 1788729008.4959948, 1788729009.289891, 1788729010.1106887, 1788729010.7848933, 1788729011.4073427, 1788729012.0848923, 1788729012.7862263, 1788729013.5277796, 1788729014.3025649, 1788729015.1016614, 1788729015.9348755, 1788729016.8007507, 1788729017.4772289, 1788729018.0970974, 1788729018.7757137, 1788729019.480958, 1788729020.21479, 1788729020.9841344, 1788729021.7917957, 1788729022.616911, 1788729023.471541, 1788729024.367321, 1788729025.2087908, 1788729025.808178, 1788729026.4660902, 1788729027.1579835, 1788729027.8831248, 1788729028.6350534, 1788729029.4180567, 1788729030.2323625, 1788729031.0734415, 1788729031.71479, 1788729032.3490045, 1788729033.0254333, 1788729033.7450006, 1788729034.4856737]","[1, 1, 1, 1, 2, 2, 2, 1, 1, 2, 1, 2, 1, 1, 1, 1, 1, 1, 3, 2, 1, 2, 3, 1, 3, 1, 2, 2, 4, 1, 1, 1, 2, 2, 1, 1, 2, 1, 1, 1, 1, 1, 1, 2, 1, 2, 2, 2, 1, 1, 1, 1, 1, 2, 2, 1, 1, 1, 1, 1, 1, 1, 1, 2, 2, 1, 3, 1, 5, 2, 3, 1, 1, 1, 3, 1, 2, 1, 2, 2, 1, 1, 2, 2, 1, 2, 1, 1, 1, 3, 1, 1, 1, 1, 1, 2, 1, 2, 2, 1, 2, 3, 1, 2, 2, 2, 2, 1, 2, 2, 2, 1, 1, 2, 1, 2, 1, 3, 1, 4, 4, 3, 2, 2, 3, 1, 1, 1, 1, 4, 1]"
User-043,1,trace_0052,1788729037.8176768,streaming,20257,158,158,236,80,308.4823479652405,363.4550585746765,0.35014465356328683,12.0,0,True,,1788728674.362492,1788728982.84484,1788729037.8175507,"[1788728982.84484, 1788728983.4573696, 1788728984.131488, 1788728984.8424468, 1788728985.588318, 1788728986.361345, 1788728987.1535542, 1788728987.9787242, 1788728988.830237, 1788728989.420682, 1788728990.0939128, 1788728990.795825, 1788728991.5233996, 1788728992.2768557, 1788728993.0585873, 1788728993.879296, 1788728994.7201805, 1788728995.342763, 1788728996.0114064, 1788728996.716146, 1788728997.4455063, 1788728998.2020025, 1788728998.981236, 1788728999.7923617, 1788729000.6330564, 1788729001.5020869, 1788729002.4011874, 1788729003.3287973, 1788729004.287531, 1788729005.0002491, 1788729005.6112347, 1788729006.287977, 1788729006.9884362, 1788729007.7264671, 1788729008.4925709, 1788729009.286357, 1788729010.1080487, 1788729010.7813296, 1788729011.403814, 1788729012.0813975, 1788729012.7827795, 1788729013.5243175, 1788729014.2989311, 1788729015.0981085, 1788729015.9312692, 1788729016.797293, 1788729017.4736238, 1788729018.0935268, 1788729018.7720745, 1788729019.477228, 1788729020.2112846, 1788729020.9806054, 1788729021.78816, 1788729022.6133642, 1788729023.4679394, 1788729024.363659, 1788729025.2050462, 1788729025.8045614, 1788729026.4625623, 1788729027.1544755, 1788729027.8796163, 1788729028.6315415, 1788729029.4144747, 1788729030.2288315, 1788729031.069765, 1788729031.711152, 1788729032.342219, 1788729033.021821, 1788729033.74122, 1788729034.4820983, 1788729035.2573674, 1788729036.068801, 1788729036.9132133, 1788729037.8114104]","[1, 2, 2, 2, 2, 2, 2, 1, 1, 1, 1, 2, 1, 3, 4, 2, 2, 1, 4, 2, 3, 1, 1, 3, 3, 3, 2, 2, 1, 4, 2, 2, 3, 2, 1, 3, 3, 3, 2, 1, 1, 1, 1, 1, 2, 1, 3, 5, 1, 1, 1, 2, 4, 5, 2, 1, 1, 1, 3, 2, 1, 2, 1, 3, 3, 4, 2, 2, 3, 1, 2, 5, 4, 3]"
User-004,1,trace_0629,1788729039.0989952,streaming,29165,66,66,286,169,312.31597924232483,346.41361832618713,0.5245790628286509,142.0,0,True,,1788728692.685186,1788729005.0011652,1788729039.0988042,"[1788729005.0011652, 1788729005.6117399, 1788729006.2885053, 1788729006.988812, 1788729007.7269797, 1788729008.4930813, 1788729009.2869022, 1788729010.1084297, 1788729010.7818422, 1788729011.4043245, 1788729012.0819054, 1788729012.7832842, 1788729013.5248392, 1788729014.2994468, 1788729015.0986226, 1788729015.9317906, 1788729016.7977972, 1788729017.4741137, 1788729018.0940492, 1788729018.7725952, 1788729019.4777474, 1788729020.2117789, 1788729020.9811246, 1788729021.7886813, 1788729022.613886, 1788729023.4684618, 1788729024.3641686, 1788729025.2055826, 1788729025.8051255, 1788729026.4631062, 1788729027.1549888, 1788729027.8801305, 1788729028.632049, 1788729029.4150026, 1788729030.229333, 1788729031.0703104, 1788729031.7116804, 1788729032.3427181, 1788729033.0223427, 1788729033.7417722, 1788729034.482597, 1788729035.2579024, 1788729036.0693645, 1788729036.91373, 1788729037.8122218, 1788729038.3982859, 1788729039.0896614]","[1, 1, 3, 1, 1, 1, 2, 1, 1, 1, 1, 1, 2, 1, 1, 1, 1, 1, 1, 1, 1, 1, 1, 2, 1, 2, 2, 1, 1, 2, 2, 3, 1, 1, 2, 2, 1, 1, 3, 1, 2, 2, 1, 1, 1, 3, 1]"
User-073,0,trace_0203,1788729043.7009585,streaming,21460,301,301,0,334,377.8099682331085,511.56734251976013,0.4458579142888387,0.0,0,True,,1788728532.133538,1788728909.9435062,1788729043.7008805,"[1788728909.9435062, 1788728910.5524075, 1788728911.199084, 1788728911.9083679, 1788728912.6217096, 1788728913.3750658, 1788728914.1582158, 1788728914.9771667, 1788728915.8217065, 1788728916.6383898, 1788728917.235192, 1788728917.8884656, 1788728918.5695872, 1788728919.2829113, 1788728920.0295424, 1788728920.8012602, 1788728921.6010003, 1788728922.2472312, 1788728922.8710582, 1788728923.5511618, 1788728924.2606306, 1788728925.0001132, 1788728925.7760038, 1788728926.562723, 1788728927.3724709, 1788728927.9656765, 1788728928.6151848, 1788728929.2951987, 1788728930.010379, 1788728930.7579432, 1788728931.5297816, 1788728932.3354383, 1788728933.168603, 1788728933.895023, 1788728934.5090406, 1788728935.1779816, 1788728935.8782406, 1788728936.610368, 1788728937.379435, 1788728937.9768643, 1788728938.6275623, 1788728939.3072627, 1788728940.0167413, 1788728940.7594893, 1788728941.527754, 1788728942.325003, 1788728943.1537173, 1788728944.0142133, 1788728944.904807, 1788728945.828595, 1788728946.7585235, 1788728947.3493629, 1788728948.005554, 1788728948.6959798, 1788728949.4270022, 1788728950.1820347, 1788728950.96196, 1788728951.7758338, 1788728952.3827174, 1788728953.0379658, 1788728953.7188613, 1788728954.4451458, 1788728955.2049716, 1788728955.9791214, 1788728956.6983073, 1788728957.3082213, 1788728957.9697149, 1788728958.6595004, 1788728959.3858476, 1788728960.0309448, 1788728960.659811, 1788728961.333896, 1788728962.0352187, 1788728962.7708359, 1788728963.5313332, 1788728964.3209178, 1788728965.1420507, 1788728965.9975781, 1788728966.686974, 1788728967.3013444, 1788728967.9723344, 1788728968.6710262, 1788728969.4007, 1788728970.160016, 1788728970.945466, 1788728971.76471, 1788728972.6183412, 1788728973.5017524, 1788728974.421994, 1788728975.3616083, 1788728976.3381896, 1788728976.9255693, 1788728977.5763946, 1788728978.2581658, 1788728978.9681284, 1788728979.7137835, 1788728980.4837058, 1788728981.2830172, 1788728982.10839, 1788728982.8480358, 1788728983.4604943, 1788728984.1344929, 1788728984.8456843, 1788728985.591335, 1788728986.364474, 1788728987.1565275, 1788728987.9817548, 1788728988.8334134, 1788728989.4237013, 1788728990.0970209, 1788728990.7988987, 1788728991.526398, 1788728992.280027, 1788728993.0620205, 1788728993.882029, 1788728994.7228508, 1788728995.345242, 1788728996.0139883, 1788728996.719003, 1788728997.447651, 1788728998.2040825, 1788728998.9832947, 1788728999.7943854, 1788729000.6352136, 1788729001.5042338, 1788729002.403316, 1788729003.331241, 1788729004.2895393, 1788729005.0032992, 1788729005.613851, 1788729006.290504, 1788729006.9903407, 1788729007.728992, 1788729008.4951744, 1788729009.2889042, 1788729010.109949, 1788729010.7838078, 1788729011.406337, 1788729012.083911, 1788729012.7852485, 1788729013.5269582, 1788729014.301569, 1788729015.1006522, 1788729015.933859, 1788729016.7997696, 1788729017.4761212, 1788729018.0960524, 1788729018.77462, 1788729019.4798965, 1788729020.2137632, 1788729020.9831018, 1788729021.790867, 1788729022.6159196, 1788729023.4704895, 1788729024.3662853, 1788729025.2077866, 1788729025.8071904, 1788729026.4651012, 1788729027.156984, 1788729027.882107, 1788729028.6340332, 1788729029.4170203, 1788729030.2313561, 1788729031.0724277, 1788729031.7138119, 1788729032.3479586, 1788729033.0244458, 1788729033.7439268, 1788729034.484624, 1788729035.2599132, 1788729036.071454, 1788729036.9158325, 1788729037.8145182, 1788729038.400521, 1788729039.0956936, 1788729039.7712824, 1788729040.5063143, 1788729041.2602153, 1788729042.0441005, 1788729042.856374, 1788729043.6953487]","[1, 1, 1, 2, 2, 1, 2, 1, 1, 1, 1, 1, 1, 3, 1, 1, 1, 1, 1, 2, 2, 1, 1, 2, 4, 2, 2, 1, 2, 1, 1, 3, 2, 1, 1, 2, 1, 2, 1, 1, 2, 1, 1, 3, 1, 2, 2, 1, 1, 1, 2, 2, 2, 1, 2, 2, 2, 1, 1, 1, 1, 3, 1, 2, 1, 1, 2, 1, 1, 1, 3, 1, 3, 1, 1, 1, 4, 1, 2, 1, 4, 1, 1, 1, 2, 2, 2, 1, 1, 1, 1, 2, 1, 1, 1, 2, 1, 1, 3, 2, 3, 1, 1, 1, 1, 2, 2, 2, 1, 1, 2, 3, 3, 2, 2, 1, 2, 2, 4, 1, 2, 1, 1, 1, 2, 1, 5, 2, 1, 1, 3, 1, 4, 1, 1, 2, 1, 2, 1, 2, 1, 2, 1, 2, 2, 1, 1, 2, 2, 1, 2, 1, 5, 3, 2, 2, 1, 1, 2, 2, 4, 3, 2, 1, 3, 1, 2, 1, 1, 2, 1, 1, 1, 3, 1, 2, 3, 3, 3, 1, 1]"
User-077,0,trace_0202,1788729044.3113387,streaming,16793,226,226,0,262,370.8522455692291,463.3918492794037,0.41128712760077585,0.0,0,True,,1788728580.9194186,1788728951.7716641,1788729044.3112679,"[1788728951.7716641, 1788728952.378073, 1788728953.033171, 1788728953.7250948, 1788728954.4512472, 1788728955.2114108, 1788728955.9846168, 1788728956.7050414, 1788728957.314137, 1788728957.9762466, 1788728958.6653967, 1788728959.3918743, 1788728960.0270014, 1788728960.656089, 1788728961.3300767, 1788728962.0309477, 1788728962.7656367, 1788728963.5276535, 1788728964.316868, 1788728965.1382754, 1788728965.9938838, 1788728966.6835487, 1788728967.2978544, 1788728967.969005, 1788728968.6669235, 1788728969.3972554, 1788728970.1565235, 1788728970.942016, 1788728971.760824, 1788728972.61478, 1788728973.4982154, 1788728974.4183824, 1788728975.3578682, 1788728976.3336108, 1788728976.9212599, 1788728977.5723808, 1788728978.2541556, 1788728978.9642742, 1788728979.7094545, 1788728980.479787, 1788728981.278847, 1788728982.104429, 1788728982.842982, 1788728983.4559455, 1788728984.1300285, 1788728984.8407028, 1788728985.5867882, 1788728986.3597574, 1788728987.1520307, 1788728987.977234, 1788728988.828782, 1788728989.4190576, 1788728990.0924234, 1788728990.7942507, 1788728991.5217419, 1788728992.2750714, 1788728993.0570455, 1788728993.8777084, 1788728994.7186902, 1788728995.3412704, 1788728996.0096986, 1788728996.7144852, 1788728997.4438632, 1788728998.2003639, 1788728998.9795902, 1788728999.7907126, 1788729000.631368, 1788729001.50055, 1788729002.3994782, 1788729003.3271663, 1788729004.2858794, 1788729004.9987943, 1788729005.609699, 1788729006.286342, 1788729006.9872222, 1788729007.7248263, 1788729008.4909806, 1788729009.284728, 1788729010.1066124, 1788729010.7798707, 1788729011.4021437, 1788729012.0797117, 1788729012.7809627, 1788729013.5227227, 1788729014.2971694, 1788729015.0964372, 1788729015.9297183, 1788729016.795657, 1788729017.4721172, 1788729018.0918891, 1788729018.7661142, 1788729019.4756434, 1788729020.2096093, 1788729020.9789274, 1788729021.7865648, 1788729022.6114206, 1788729023.4665885, 1788729024.3625417, 1788729025.203998, 1788729025.8033412, 1788729026.461432, 1788729027.1533155, 1788729027.8784335, 1788729028.6303937, 1788729029.4132423, 1788729030.2276766, 1788729031.06871, 1788729031.7093174, 1788729032.3405335, 1788729033.0202067, 1788729033.7396572, 1788729034.4804287, 1788729035.2557242, 1788729036.0670612, 1788729036.9116771, 1788729037.808966, 1788729038.3962035, 1788729039.0874667, 1788729039.7787085, 1788729040.5136538, 1788729041.2672262, 1788729042.0517612, 1788729042.8632126, 1788729043.6917381, 1788729044.3101308]","[1, 1, 1, 2, 2, 1, 2, 1, 1, 2, 1, 1, 3, 1, 1, 1, 1, 1, 2, 2, 1, 1, 2, 4, 2, 2, 1, 2, 1, 1, 3, 2, 1, 1, 2, 1, 2, 1, 1, 2, 1, 1, 3, 1, 2, 1, 3, 2, 1, 1, 4, 4, 1, 2, 2, 1, 2, 3, 1, 1, 5, 2, 1, 2, 4, 2, 2, 1, 2, 3, 2, 1, 1, 1, 3, 1, 1, 2, 1, 2, 1, 3, 1, 1, 1, 3, 4, 3, 3, 2, 1, 1, 2, 2, 1, 1, 1, 2, 1, 1, 1, 3, 1, 1, 2, 5, 3, 4, 1, 1, 1, 3, 1, 3, 1, 4, 3, 5, 1, 3, 2, 2, 1, 1, 1]"
User-020,1,trace_0108,1788729048.7864845,streaming,19880,166,166,258,52,302.33916544914246,362.29109382629395,0.36334502046758477,12.0,0,True,,1788728686.495303,1788728988.8344684,1788729048.7863967,"[1788728988.8344684, 1788728989.4241917, 1788728990.0975416, 1788728990.7994194, 1788728991.5299344, 1788728992.280531, 1788728993.0625176, 1788728993.8824055, 1788728994.7233555, 1788728995.3457267, 1788728996.0144987, 1788728996.7195241, 1788728997.448174, 1788728998.2045822, 1788728998.9837925, 1788728999.7948825, 1788729000.6357274, 1788729001.504749, 1788729002.4038436, 1788729003.3317468, 1788729004.2900352, 1788729005.0037882, 1788729005.6143541, 1788729006.2910852, 1788729006.9907095, 1788729007.7294927, 1788729008.4955845, 1788729009.2893941, 1788729010.1103199, 1788729010.784382, 1788729011.406846, 1788729012.0843995, 1788729012.7857385, 1788729013.5274804, 1788729014.302058, 1788729015.1011462, 1788729015.9343622, 1788729016.8002653, 1788729017.4766088, 1788729018.0965796, 1788729018.7751808, 1788729019.4804356, 1788729020.2142754, 1788729020.9836354, 1788729021.7913833, 1788729022.6164277, 1788729023.4710317, 1788729024.3668103, 1788729025.2082734, 1788729025.8076735, 1788729026.4655933, 1788729027.1574852, 1788729027.882608, 1788729028.6345255, 1788729029.4175477, 1788729030.2318516, 1788729031.0729375, 1788729031.7142932, 1788729032.3484857, 1788729033.0249403, 1788729033.7444623, 1788729034.485128, 1788729035.2604082, 1788729036.0719655, 1788729036.9163349, 1788729037.8150895, 1788729038.4010417, 1788729039.0962057, 1788729039.772747, 1788729040.507706, 1788729041.2613268, 1788729042.0455134, 1788729042.8574822, 1788729043.6960478, 1788729044.3071234, 1788729044.9782825, 1788729045.6789339, 1788729046.417585, 1788729047.1723323, 1788729047.954553, 1788729048.778152]","[1, 1, 3, 2, 2, 3, 1, 4, 5, 1, 1, 1, 1, 2, 2, 1, 2, 2, 2, 1, 2, 1, 4, 1, 3, 2, 3, 2, 1, 3, 1, 1, 1, 1, 4, 4, 4, 1, 6, 3, 1, 2, 2, 2, 6, 2, 2, 1, 2, 2, 1, 1, 3, 1, 4, 1, 1, 1, 1, 1, 3, 2, 3, 1, 3, 2, 4, 2, 1, 3, 2, 1, 3, 2, 1, 1, 1, 1, 3, 3, 1]"
User-079,0,trace_0269,1788729051.0397828,streaming,19105,107,104,0,298,305.43106961250305,361.7458145618439,0.5467450965955419,0.0,0,True,,1788728689.2937217,1788728994.7247913,1788729051.0395362,"[1788728994.7247913, 1788728995.3467443, 1788728996.0152535, 1788728996.720514, 1788728997.4492345, 1788728998.2055995, 1788728998.9848216, 1788728999.7958748, 1788729000.6368244, 1788729001.505767, 1788729002.404852, 1788729003.3327436, 1788729004.2911305, 1788729005.0047963, 1788729005.6153998, 1788729006.292077, 1788729006.991475, 1788729007.7304814, 1788729008.496386, 1788729009.2903926, 1788729010.1110888, 1788729010.7853847, 1788729011.4078429, 1788729012.0853918, 1788729012.7867537, 1788729013.5280297, 1788729014.303068, 1788729015.1021676, 1788729015.9354005, 1788729016.801273, 1788729017.477719, 1788729018.0975995, 1788729018.776276, 1788729019.4814825, 1788729020.2153027, 1788729020.984631, 1788729021.7921875, 1788729022.6174014, 1788729023.472048, 1788729024.3678224, 1788729025.2092998, 1788729025.8086882, 1788729026.466618, 1788729027.1585042, 1788729027.8836584, 1788729028.6355512, 1788729029.4185665, 1788729030.2328799, 1788729031.0739536, 1788729031.7153177, 1788729032.3495317, 1788729033.0259464, 1788729033.7455232, 1788729034.4864292, 1788729035.2609282, 1788729036.0724761, 1788729036.9168344, 1788729037.8156192, 1788729038.401542, 1788729039.0967257, 1788729039.7732806, 1788729040.5082457, 1788729041.2618747, 1788729042.0461428, 1788729042.8579974, 1788729043.6964424, 1788729044.307374, 1788729044.978876, 1788729045.6794548, 1788729046.4180987, 1788729047.9551094, 1788729048.7790008, 1788729050.4224374, 1788729051.0295033]","[1, 1, 1, 1, 1, 1, 2, 3, 1, 1, 2, 1, 1, 2, 1, 1, 1, 1, 1, 2, 3, 1, 1, 2, 1, 1, 2, 1, 1, 1, 2, 1, 2, 3, 1, 1, 1, 1, 2, 2, 3, 1, 1, 2, 1, 1, 2, 3, 1, 1, 1, 1, 2, 2, 1, 1, 1, 2, 3, 1, 1, 2, 2, 2, 1, 1, 1, 1, 1, 1, 1, 1, 1, 1]"
User-076,0,trace_0634,1788729052.4222517,streaming,18489,258,258,0,288,392.94470047950745,517.9894843101501,0.48655557910755914,0.0,0,True,,1788728534.4326704,1788728927.3773708,1788729052.4221547,"[1788728927.3773708, 1788728927.970546, 1788728928.620011, 1788728929.299975, 1788728930.0152504, 1788728930.762774, 1788728931.534587, 1788728932.3402681, 1788728933.1734135, 1788728933.899756, 1788728934.5139449, 1788728935.1829524, 1788728935.8835337, 1788728936.6146212, 1788728937.3843145, 1788728937.9816692, 1788728938.6323557, 1788728939.3120332, 1788728940.0214715, 1788728940.764324, 1788728941.5329518, 1788728942.329996, 1788728943.1588652, 1788728944.0191107, 1788728944.9096315, 1788728945.833466, 1788728946.7570176, 1788728947.3478503, 1788728948.0039694, 1788728948.7012825, 1788728949.4323635, 1788728950.18745, 1788728950.9673507, 1788728951.774278, 1788728952.3810697, 1788728953.0360203, 1788728953.7245955, 1788728954.4507523, 1788728955.2108235, 1788728955.984091, 1788728956.7036967, 1788728957.3130348, 1788728957.9752076, 1788728958.6644125, 1788728959.3908484, 1788728960.029887, 1788728960.658707, 1788728961.3326526, 1788728962.0340006, 1788728962.76979, 1788728963.5302951, 1788728964.3198318, 1788728965.1410003, 1788728965.996615, 1788728966.6859918, 1788728967.3003283, 1788728967.9713678, 1788728968.6698697, 1788728969.399655, 1788728970.1590338, 1788728970.944512, 1788728971.7636333, 1788728972.6173716, 1788728973.5007908, 1788728974.4211428, 1788728975.3606422, 1788728976.336304, 1788728976.9240217, 1788728977.574898, 1788728978.2567492, 1788728978.966682, 1788728979.712163, 1788728980.4822657, 1788728981.2815032, 1788728982.1069272, 1788728982.846512, 1788728983.4589617, 1788728984.1330338, 1788728984.8440802, 1788728985.5898466, 1788728986.3629243, 1788728987.1550689, 1788728987.9802573, 1788728988.831813, 1788728989.4221992, 1788728990.0954864, 1788728990.7973654, 1788728991.5248795, 1788728992.2784753, 1788728993.060329, 1788728993.880875, 1788728994.7213786, 1788728995.3437622, 1788728996.0124602, 1788728996.717476, 1788728997.4460583, 1788728998.202513, 1788728998.9817307, 1788728999.7928514, 1788729000.633608, 1788729001.5026426, 1788729002.4017124, 1788729003.329516, 1788729004.288023, 1788729005.0016649, 1788729005.6122458, 1788729006.2890172, 1788729006.9891875, 1788729007.7274842, 1788729008.493592, 1788729009.287422, 1788729010.108822, 1788729010.7823253, 1788729011.40482, 1788729012.0823977, 1788729012.7837768, 1788729013.5253716, 1788729014.2999833, 1788729015.099139, 1788729015.9323044, 1788729016.798288, 1788729017.4746122, 1788729018.0945425, 1788729018.7730997, 1788729019.4782536, 1788729020.2122703, 1788729020.9816113, 1788729021.789209, 1788729022.614396, 1788729023.4689648, 1788729024.3647006, 1788729025.2062294, 1788729025.805642, 1788729026.4636035, 1788729027.1554878, 1788729027.8806286, 1788729028.6325417, 1788729029.4155078, 1788729030.2298338, 1788729031.0708652, 1788729031.712351, 1788729032.3463538, 1788729033.0228922, 1788729033.742339, 1788729034.4831102, 1788729035.2583952, 1788729036.069875, 1788729036.9142241, 1788729037.812749, 1788729038.3988771, 1788729039.0904672, 1788729039.777641, 1788729040.512623, 1788729041.2662, 1788729042.0506933, 1788729042.8622103, 1788729043.6937742, 1788729044.309359, 1788729044.9834683, 1788729045.6836808, 1788729046.4224024, 1788729047.176973, 1788729047.9593852, 1788729048.783317, 1788729049.6229968, 1788729050.42649, 1788729051.0364318, 1788729051.7073486, 1788729052.4188724]","[1, 1, 2, 1, 2, 1, 2, 2, 2, 1, 1, 2, 1, 1, 3, 2, 1, 2, 2, 2, 1, 1, 3, 1, 2, 3, 1, 1, 1, 1, 1, 2, 1, 1, 2, 1, 1, 1, 2, 1, 2, 2, 2, 1, 1, 1, 2, 3, 1, 2, 2, 1, 3, 1, 2, 2, 2, 2, 1, 2, 1, 1, 1, 1, 2, 2, 2, 4, 2, 1, 3, 2, 2, 1, 1, 4, 2, 1, 1, 1, 1, 1, 1, 2, 1, 1, 1, 1, 2, 1, 1, 2, 1, 1, 2, 1, 1, 1, 2, 1, 1, 1, 2, 2, 1, 2, 1, 1, 1, 2, 1, 1, 2, 1, 1, 4, 3, 1, 1, 1, 1, 1, 3, 1, 1, 1, 1, 2, 1, 1, 1, 1, 3, 1, 2, 1, 1, 2, 1, 2, 1, 1, 1, 2, 1, 1, 1, 1, 3, 1, 1, 2, 1, 1, 2, 1, 1, 1, 1, 1, 3, 1, 1, 3, 3, 4, 1, 2, 2]"
User-083,0,trace_0263,1788729083.3997366,streaming,18762,101,101,0,292,316.2183406352997,355.9195511341095,0.39701210498809814,0.0,0,True,,1788728727.4800694,1788729043.69841,1788729083.3996205,"[1788729043.69841, 1788729044.3098698, 1788729044.98455, 1788729045.6846917, 1788729046.4234266, 1788729047.1779864, 1788729047.9603837, 1788729048.784399, 1788729049.6240127, 1788729050.4275093, 1788729051.0375297, 1788729051.7083995, 1788729052.4201896, 1788729053.1487205, 1788729053.907097, 1788729054.6044528, 1788729055.2190816, 1788729055.8873858, 1788729056.5861385, 1788729057.3158438, 1788729057.9718626, 1788729058.615417, 1788729059.26843, 1788729059.971788, 1788729060.7047427, 1788729061.468358, 1788729062.2544954, 1788729063.0793455, 1788729063.9446297, 1788729064.8294713, 1788729065.742271, 1788729066.687751, 1788729067.6396782, 1788729068.2225575, 1788729068.877056, 1788729069.5568511, 1788729070.265924, 1788729071.0148876, 1788729071.780042, 1788729072.5762293, 1788729073.3679786, 1788729073.972173, 1788729074.6277554, 1788729075.312917, 1788729076.0293727, 1788729076.7707849, 1788729077.5471785, 1788729078.3539844, 1788729079.190335, 1788729079.867458, 1788729080.4855573, 1788729081.158196, 1788729081.8580196, 1788729082.5917094, 1788729083.398967]","[1, 1, 1, 2, 2, 1, 2, 1, 1, 1, 1, 1, 1, 3, 1, 1, 1, 1, 2, 1, 2, 2, 2, 2, 1, 3, 2, 1, 3, 3, 3, 3, 2, 3, 3, 4, 2, 4, 2, 2, 1, 2, 2, 2, 1, 1, 1, 2, 2, 2, 2, 1, 2, 3, 2]"
User-040,0,trace_0278,1788729091.190008,streaming,19520,1035,1031,0,304,90.29249453544617,563.3632500171661,0.45929199561332035,0.0,0,True,,1788728527.826629,1788728618.1191235,1788729091.189879,"[1788728618.1191235, 1788728618.7151604, 1788728619.3749309, 1788728620.0466223, 1788728620.7653913, 1788728621.5176265, 1788728622.2930863, 1788728623.1022704, 1788728623.811029, 1788728624.412679, 1788728625.0696228, 1788728625.7612615, 1788728626.481918, 1788728627.2308054, 1788728628.0065048, 1788728628.8157246, 1788728629.660412, 1788728630.5378606, 1788728631.332945, 1788728631.926214, 1788728632.5889378, 1788728633.275158, 1788728633.9984176, 1788728634.7510989, 1788728635.5311494, 1788728636.3462312, 1788728637.189882, 1788728638.0603786, 1788728638.963661, 1788728639.8927221, 1788728640.8559208, 1788728641.5060315, 1788728642.1210783, 1788728642.8021293, 1788728643.5153158, 1788728644.2613463, 1788728645.0340307, 1788728645.838381, 1788728646.5323436, 1788728647.1375613, 1788728647.800627, 1788728648.4975066, 1788728649.2192297, 1788728649.97031, 1788728650.7505019, 1788728651.5635295, 1788728652.1571047, 1788728652.802843, 1788728653.4775794, 1788728654.183856, 1788728654.9209535, 1788728655.684892, 1788728656.4888306, 1788728657.1851888, 1788728657.7974637, 1788728658.4600155, 1788728659.157578, 1788728659.883583, 1788728660.639052, 1788728661.424853, 1788728662.246139, 1788728662.992794, 1788728663.6185398, 1788728664.2994323, 1788728665.0051718, 1788728665.7416573, 1788728666.5066907, 1788728667.3012226, 1788728668.1210809, 1788728668.9758453, 1788728669.778316, 1788728670.3784623, 1788728671.0365345, 1788728671.7190373, 1788728672.4376805, 1788728673.1884184, 1788728673.9639487, 1788728674.7677777, 1788728675.6024644, 1788728676.345594, 1788728676.952918, 1788728677.6170363, 1788728678.3101647, 1788728679.0349715, 1788728679.79049, 1788728680.5736043, 1788728681.3942504, 1788728682.2289624, 1788728683.1178496, 1788728684.0192938, 1788728684.948899, 1788728685.6902194, 1788728686.317827, 1788728687.0017815, 1788728687.7238433, 1788728688.460271, 1788728689.2288609, 1788728690.0312827, 1788728690.8561459, 1788728691.7161527, 1788728692.6089473, 1788728693.5175364, 1788728694.4628928, 1788728695.4103181, 1788728695.9939425, 1788728696.6453016, 1788728697.3283536, 1788728698.0388117, 1788728698.7838879, 1788728699.5565257, 1788728700.3562765, 1788728701.0279992, 1788728701.647667, 1788728702.3211765, 1788728703.0338273, 1788728703.766066, 1788728704.5303848, 1788728705.32211, 1788728706.1417873, 1788728706.9935572, 1788728707.8457682, 1788728708.4446888, 1788728709.100928, 1788728709.782274, 1788728710.4969375, 1788728711.250699, 1788728712.0219302, 1788728712.8293257, 1788728713.6697507, 1788728714.4867816, 1788728715.0861728, 1788728715.7423341, 1788728716.4292638, 1788728717.1630714, 1788728717.9042892, 1788728718.6934755, 1788728719.508152, 1788728720.3586383, 1788728721.0802758, 1788728721.6954036, 1788728722.360062, 1788728723.055725, 1788728723.7852187, 1788728724.5421166, 1788728725.3797252, 1788728726.1430862, 1788728726.9922264, 1788728727.8759696, 1788728728.7839656, 1788728729.7281942, 1788728730.7001388, 1788728731.553053, 1788728732.1564727, 1788728732.8331807, 1788728733.5485463, 1788728734.293746, 1788728735.0592182, 1788728735.8577406, 1788728736.6821282, 1788728737.537181, 1788728738.4314384, 1788728739.339865, 1788728740.269703, 1788728741.2429018, 1788728742.251844, 1788728742.919986, 1788728743.5381398, 1788728744.235244, 1788728744.9560733, 1788728745.7179945, 1788728746.490044, 1788728747.3046336, 1788728748.144682, 1788728749.0161989, 1788728749.6819878, 1788728750.3072004, 1788728750.9818313, 1788728751.696869, 1788728752.442343, 1788728753.21048, 1788728754.0032697, 1788728754.827684, 1788728755.683701, 1788728756.5714388, 1788728757.4912627, 1788728758.4459484, 1788728759.438921, 1788728760.1962075, 1788728760.7996607, 1788728761.4699934, 1788728762.165883, 1788728762.899064, 1788728763.6590087, 1788728764.455917, 1788728765.2803755, 1788728766.142201, 1788728767.0312672, 1788728767.962522, 1788728768.621828, 1788728769.272262, 1788728769.95887, 1788728770.6817813, 1788728771.4293091, 1788728772.2084358, 1788728773.0198357, 1788728773.8626122, 1788728774.735943, 1788728775.5579093, 1788728776.1762066, 1788728776.8609593, 1788728777.5740888, 1788728778.3143559, 1788728779.0799448, 1788728779.8711715, 1788728780.6971, 1788728781.5573127, 1788728782.4328053, 1788728783.3462067, 1788728784.2913194, 1788728785.0284781, 1788728785.6312876, 1788728786.3001244, 1788728787.0057476, 1788728787.730796, 1788728788.4911604, 1788728789.2814972, 1788728790.105649, 1788728790.9566736, 1788728791.849908, 1788728792.7749681, 1788728793.4771442, 1788728794.0963776, 1788728794.7658486, 1788728795.4822075, 1788728796.2140088, 1788728796.9714353, 1788728797.7565792, 1788728798.5743992, 1788728799.4259298, 1788728800.3139093, 1788728801.2341378, 1788728802.1849406, 1788728803.0305781, 1788728803.6219091, 1788728804.2786872, 1788728804.963115, 1788728805.6868703, 1788728806.435557, 1788728807.211178, 1788728808.032335, 1788728808.8792279, 1788728809.7624867, 1788728810.6750145, 1788728811.6131623, 1788728812.385638, 1788728812.9910767, 1788728813.6584363, 1788728814.3553913, 1788728815.0869148, 1788728815.8461788, 1788728816.6271598, 1788728817.4629476, 1788728818.3113344, 1788728819.198135, 1788728820.1281655, 1788728820.975025, 1788728821.57891, 1788728822.2216208, 1788728822.927982, 1788728823.657887, 1788728824.416615, 1788728825.2052987, 1788728826.0242314, 1788728826.8722878, 1788728827.531258, 1788728828.1498852, 1788728828.820884, 1788728829.5265565, 1788728830.2563334, 1788728831.01638, 1788728831.816583, 1788728832.6331244, 1788728833.5023456, 1788728834.3983378, 1788728835.3234384, 1788728836.1482105, 1788728836.7397075, 1788728837.3982255, 1788728838.0862207, 1788728838.8038878, 1788728839.552828, 1788728840.329179, 1788728841.136644, 1788728841.8304906, 1788728842.442626, 1788728843.1102884, 1788728843.8049762, 1788728844.5352442, 1788728845.1856503, 1788728845.804655, 1788728846.4722922, 1788728847.1693814, 1788728847.8988936, 1788728848.6584847, 1788728849.4440246, 1788728850.2623227, 1788728851.1142225, 1788728851.9939954, 1788728852.9128752, 1788728853.8736026, 1788728854.4522429, 1788728855.1027026, 1788728855.7794194, 1788728856.48854, 1788728857.23098, 1788728857.9989495, 1788728858.812222, 1788728859.4077454, 1788728860.0564032, 1788728860.7370875, 1788728861.4569817, 1788728862.1872084, 1788728862.9739115, 1788728863.791248, 1788728864.6338415, 1788728865.4621966, 1788728866.0674818, 1788728866.7378762, 1788728867.4552321, 1788728868.1782963, 1788728868.9323432, 1788728869.7157576, 1788728870.5722547, 1788728871.1645257, 1788728871.8254118, 1788728872.517831, 1788728873.2392201, 1788728873.9884565, 1788728874.7643485, 1788728875.5729373, 1788728876.4132235, 1788728877.2861862, 1788728878.1861877, 1788728879.1221285, 1788728880.0802293, 1788728881.0583007, 1788728881.6440809, 1788728882.2885256, 1788728882.968402, 1788728883.6742258, 1788728884.4223533, 1788728885.1849453, 1788728885.9825315, 1788728886.7104943, 1788728887.3177505, 1788728887.977862, 1788728888.667047, 1788728889.3931282, 1788728890.1408763, 1788728890.919779, 1788728891.6126304, 1788728892.2275405, 1788728892.891031, 1788728893.5958393, 1788728894.3200583, 1788728895.077825, 1788728895.863757, 1788728896.676792, 1788728897.5302954, 1788728898.413349, 1788728899.1316519, 1788728899.7384787, 1788728900.4090073, 1788728901.1067, 1788728901.8361738, 1788728902.5920894, 1788728903.3354964, 1788728903.9456244, 1788728904.5938134, 1788728905.2763026, 1788728905.99047, 1788728906.735363, 1788728907.5081937, 1788728908.3086138, 1788728909.1490874, 1788728909.9459937, 1788728910.5600348, 1788728911.2018652, 1788728911.9111168, 1788728912.6245012, 1788728913.3776858, 1788728914.1608968, 1788728914.9798775, 1788728915.824489, 1788728916.6408997, 1788728917.2379296, 1788728917.8911533, 1788728918.5724475, 1788728919.285695, 1788728920.032281, 1788728920.804166, 1788728921.6037717, 1788728922.2506087, 1788728922.8740928, 1788728923.5544174, 1788728924.2639208, 1788728925.0035675, 1788728925.7797933, 1788728926.5654416, 1788728927.3750427, 1788728927.9683743, 1788728928.6178637, 1788728929.29789, 1788728930.0131335, 1788728930.76068, 1788728931.5325406, 1788728932.338191, 1788728933.171324, 1788728933.89767, 1788728934.5118809, 1788728935.1808572, 1788728935.8814356, 1788728936.6125867, 1788728937.3822508, 1788728937.9795947, 1788728938.6303074, 1788728939.3099132, 1788728940.019466, 1788728940.7622433, 1788728941.5306587, 1788728942.3278267, 1788728943.1566362, 1788728944.017023, 1788728944.9075136, 1788728945.8313518, 1788728946.753217, 1788728947.3439722, 1788728947.9998064, 1788728948.69921, 1788728949.4302616, 1788728950.1853337, 1788728950.9652767, 1788728951.7702866, 1788728952.3762584, 1788728953.0314445, 1788728953.7223792, 1788728954.4485664, 1788728955.2083602, 1788728955.9824915, 1788728956.701931, 1788728957.3115005, 1788728957.9734254, 1788728958.662807, 1788728959.3890934, 1788728960.0254555, 1788728960.6542706, 1788728961.328326, 1788728962.0288556, 1788728962.7639534, 1788728963.5258076, 1788728964.3148882, 1788728965.136749, 1788728965.9920628, 1788728966.6819303, 1788728967.296146, 1788728967.9674108, 1788728968.6650019, 1788728969.3957617, 1788728970.154982, 1788728970.9403517, 1788728971.7589004, 1788728973.4967551, 1788728976.3319578, 1788728976.9194486, 1788728977.5706606, 1788728978.252412, 1788728978.9625065, 1788728979.7058642, 1788728980.4777968, 1788728981.2768953, 1788728982.1027856, 1788728982.84143, 1788728983.4541774, 1788728984.128344, 1788728984.8371563, 1788728985.5850537, 1788728986.358156, 1788728987.150341, 1788728987.9754837, 1788728988.8272839, 1788728989.4175406, 1788728990.0906668, 1788728990.792575, 1788728991.5201962, 1788728992.2730775, 1788728993.055397, 1788728993.8760498, 1788728994.7171395, 1788728995.339542, 1788728996.0081234, 1788728996.7129622, 1788728997.4419937, 1788728998.1986804, 1788728998.9779704, 1788728999.7891693, 1788729000.6293843, 1788729001.4987993, 1788729002.3975623, 1788729003.325601, 1788729004.2842762, 1788729004.9972947, 1788729005.6081007, 1788729006.2847896, 1788729006.985608, 1788729007.7233057, 1788729008.4892235, 1788729009.2831724, 1788729010.1050868, 1788729010.7783537, 1788729011.4005342, 1788729012.0781367, 1788729012.7791998, 1788729013.5208774, 1788729014.2952917, 1788729015.095381, 1788729015.928487, 1788729016.7945592, 1788729017.4710968, 1788729018.0908537, 1788729018.7650948, 1788729019.4742594, 1788729020.208571, 1788729020.977827, 1788729021.785359, 1788729022.6103125, 1788729023.4654083, 1788729024.3614872, 1788729025.2021015, 1788729025.8017344, 1788729026.4598846, 1788729027.1517658, 1788729027.8768876, 1788729028.6288471, 1788729029.4116476, 1788729030.2261205, 1788729031.0671039, 1788729031.7078142, 1788729032.3389223, 1788729033.0184698, 1788729033.7377725, 1788729034.4788554, 1788729035.2541254, 1788729036.0654006, 1788729036.9100351, 1788729037.807346, 1788729038.3946214, 1788729039.0855978, 1788729039.7743263, 1788729040.509319, 1788729041.2631068, 1788729042.047493, 1788729042.8590312, 1788729043.6901386, 1788729044.3078742, 1788729044.980009, 1788729045.6804893, 1788729046.4191394, 1788729047.173795, 1788729047.9561536, 1788729048.7800593, 1788729049.619757, 1788729050.4234474, 1788729051.032754, 1788729051.7041407, 1788729052.415652, 1788729053.1450155, 1788729053.9034355, 1788729054.600503, 1788729055.2153337, 1788729055.883688, 1788729056.5824094, 1788729057.3120975, 1788729057.968833, 1788729058.613709, 1788729059.2651541, 1788729059.968194, 1788729060.701043, 1788729061.464695, 1788729062.250835, 1788729063.0730503, 1788729063.9410899, 1788729064.8257709, 1788729065.7386882, 1788729066.6840677, 1788729067.6361103, 1788729068.2189887, 1788729068.873292, 1788729069.5532157, 1788729070.2623491, 1788729071.0107577, 1788729071.7764852, 1788729072.5726535, 1788729073.3601763, 1788729073.9643905, 1788729074.620126, 1788729075.304644, 1788729076.0218787, 1788729076.7643719, 1788729077.5390716, 1788729078.346319, 1788729079.1824021, 1788729079.8591385, 1788729080.4769516, 1788729081.149837, 1788729081.8500383, 1788729082.5836196, 1788729083.3950102, 1788729084.138705, 1788729084.9697442, 1788729085.8291373, 1788729086.7185712, 1788729087.6345935, 1788729088.5203514, 1788729089.1167614, 1788729089.771708, 1788729090.4623876, 1788729091.180021]","[1, 1, 1, 1, 1, 1, 2, 1, 1, 1, 2, 2, 1, 1, 1, 3, 1, 1, 1, 3, 1, 2, 1, 1, 1, 2, 2, 2, 3, 1, 3, 2, 2, 3, 1, 2, 1, 1, 1, 3, 2, 3, 1, 1, 1, 1, 3, 1, 1, 1, 3, 2, 1, 3, 2, 1, 1, 1, 2, 2, 4, 1, 1, 1, 2, 5, 2, 1, 1, 1, 2, 1, 1, 3, 1, 3, 3, 1, 2, 1, 1, 2, 1, 2, 1, 2, 1, 1, 1, 2, 3, 1, 2, 1, 3, 1, 1, 5, 2, 2, 2, 1, 1, 4, 2, 1, 4, 2, 2, 1, 4, 1, 2, 2, 2, 1, 1, 2, 1, 1, 1, 1, 1, 4, 1, 1, 1, 3, 4, 1, 1, 1, 1, 1, 1, 1, 1, 1, 1, 1, 2, 1, 4, 4, 1, 1, 1, 2, 1, 1, 2, 2, 3, 3, 3, 2, 1, 1, 1, 2, 1, 2, 3, 2, 1, 2, 1, 1, 2, 2, 1, 1, 2, 2, 1, 1, 2, 1, 3, 4, 1, 3, 1, 1, 2, 1, 1, 1, 4, 4, 2, 1, 2, 2, 1, 1, 1, 1, 1, 2, 1, 1, 1, 3, 1, 1, 1, 1, 1, 2, 4, 2, 1, 1, 1, 1, 1, 2, 2, 1, 1, 2, 1, 1, 3, 1, 4, 1, 1, 1, 2, 3, 1, 1, 1, 1, 1, 1, 1, 1, 4, 5, 2, 1, 2, 2, 2, 1, 2, 1, 4, 2, 2, 1, 2, 1, 2, 1, 1, 3, 2, 1, 4, 4, 2, 1, 2, 2, 1, 1, 1, 1, 1, 1, 1, 1, 2, 2, 2, 2, 1, 1, 1, 1, 1, 1, 2, 1, 2, 2, 1, 1, 3, 1, 2, 1, 1, 3, 1, 1, 1, 3, 2, 3, 2, 2, 2, 1, 1, 2, 1, 4, 3, 3, 1, 1, 2, 1, 2, 1, 1, 2, 1, 1, 1, 1, 1, 1, 4, 4, 1, 1, 2, 1, 1, 2, 1, 1, 1, 1, 1, 1, 2, 2, 1, 1, 2, 1, 1, 1, 1, 1, 1, 1, 1, 3, 1, 1, 1, 1, 1, 4, 3, 2, 1, 1, 2, 1, 1, 1, 1, 1, 1, 1, 6, 2, 3, 2, 2, 1, 1, 2, 1, 2, 1, 2, 4, 2, 1, 2, 1, 2, 1, 1, 2, 1, 1, 2, 1, 1, 3, 1, 2, 1, 2, 1, 1, 2, 1, 3, 2, 4, 2, 4, 2, 1, 2, 3, 4, 2, 1, 1, 1, 1, 1, 1, 1, 1, 1, 1, 1, 1, 1, 1, 3, 2, 2, 4, 4, 1, 3, 1, 2, 3, 3, 1, 3, 4, 1, 2, 1, 2, 3, 3, 2, 2, 1, 1, 2, 2, 2, 1, 2, 3, 1, 1, 1, 1, 1, 2, 1, 1, 1, 1, 1, 1, 2, 1, 1, 1, 1, 2, 1, 1, 1, 2, 1, 1, 3, 1, 2, 1, 1, 1, 2, 2, 2, 2, 2, 2, 1, 3, 2, 1, 1, 1, 1, 2, 1, 2, 1, 5, 1, 1, 1, 1, 2, 2, 1, 2, 3, 2, 1, 2, 1, 1, 3, 1, 1, 2, 3, 2, 2, 2, 3, 1, 2, 1, 2, 1, 1, 1, 1, 2, 4, 2, 2, 1, 1, 1, 1, 1, 1, 1, 1, 2, 1, 2, 1, 1, 2, 3, 1, 1, 2, 1, 2, 1, 2, 1, 1, 2, 1, 1, 1, 1, 1, 1, 1, 3, 1, 1, 2, 1, 1, 2, 1, 3, 2, 2, 1, 3, 2, 1, 4, 1, 3, 1, 1, 1, 1, 4, 1, 1, 2, 3, 1, 1, 1, 2, 3, 1, 1, 1, 3, 1, 1, 2, 1, 1, 1, 2, 1, 2, 1, 1, 1]"
User-025,6,trace_0588,1788729093.556838,streaming,30244,72,72,466,2,321.5347349643707,347.4580760002136,0.36511747937806893,7.0,0,True,,1788728746.0986528,1788729067.6333878,1788729093.5567288,"[1788729067.6333878, 1788729068.2162519, 1788729068.8703952, 1788729069.5503128, 1788729070.2596498, 1788729071.0078888, 1788729071.7736952, 1788729072.5699186, 1788729073.3666544, 1788729073.9706304, 1788729074.626518, 1788729075.3114731, 1788729076.0279598, 1788729076.7696815, 1788729077.5457323, 1788729078.352555, 1788729079.1884887, 1788729079.866025, 1788729080.484425, 1788729081.1567414, 1788729081.8566222, 1788729082.5902827, 1788729083.398228, 1788729084.1458848, 1788729084.9764707, 1788729085.8359935, 1788729086.724952, 1788729087.6415043, 1788729088.5276818, 1788729089.1241088, 1788729089.7789297, 1788729090.4702516, 1788729091.1878924, 1788729091.9367645, 1788729092.7211206, 1788729093.554403]","[1, 2, 2, 4, 2, 1, 1, 1, 2, 1, 2, 2, 1, 2, 1, 1, 3, 2, 3, 1, 1, 3, 4, 1, 2, 3, 3, 1, 3, 1, 1, 5, 4, 1, 2, 2]"
User-007,1,trace_0398,1788729100.6171815,streaming,13735,115,115,203,11,312.09936690330505,358.1180679798126,0.4036728164605927,45.0,0,True,,1788728742.4990377,1788729054.5984046,1788729100.6171057,"[1788729054.5984046, 1788729055.2128582, 1788729055.8812587, 1788729056.5802279, 1788729057.309869, 1788729057.9653974, 1788729058.6124594, 1788729059.2622702, 1788729059.96544, 1788729060.6982915, 1788729061.4618697, 1788729062.247776, 1788729063.0704114, 1788729063.9379241, 1788729064.8230953, 1788729065.7359495, 1788729066.681347, 1788729067.6325147, 1788729068.215623, 1788729068.8695917, 1788729069.549768, 1788729070.2590206, 1788729071.0072057, 1788729071.7731574, 1788729072.569272, 1788729073.361685, 1788729073.9659722, 1788729074.621995, 1788729075.3067746, 1788729076.0234907, 1788729076.765822, 1788729077.5408728, 1788729078.3480835, 1788729079.184025, 1788729079.8606422, 1788729080.4790003, 1788729081.1516511, 1788729081.8516521, 1788729082.5852866, 1788729083.3957899, 1788729084.1405227, 1788729084.9713104, 1788729085.830712, 1788729086.7201748, 1788729087.636217, 1788729088.521862, 1788729089.1183202, 1788729089.7732408, 1788729090.4642344, 1788729091.1819255, 1788729091.9310198, 1788729092.715298, 1788729093.5486598, 1788729094.372322, 1788729095.2450292, 1788729096.1436007, 1788729097.0717137, 1788729097.9335222, 1788729098.5291574, 1788729099.1935775, 1788729099.8798084, 1788729100.6084218]","[1, 1, 1, 1, 1, 3, 2, 2, 1, 1, 3, 2, 3, 1, 1, 2, 2, 1, 1, 3, 2, 1, 2, 1, 4, 3, 1, 1, 3, 1, 1, 2, 4, 1, 5, 2, 1, 6, 3, 2, 1, 2, 1, 1, 1, 1, 2, 3, 2, 3, 1, 2, 1, 2, 2, 1, 3, 1, 1, 1, 2, 2]"
User-017,3,trace_0726,1788729100.6177335,streaming,21132,112,112,320,2,315.1865530014038,365.38285422325134,0.4522189299265544,6.0,0,True,,1788728735.234809,1788729050.421362,1788729100.6176631,"[1788729050.421362, 1788729051.0283058, 1788729051.7024813, 1788729052.4139192, 1788729053.1433058, 1788729053.9017231, 1788729054.5989594, 1788729055.213421, 1788729055.8818386, 1788729056.580846, 1788729057.3105154, 1788729057.9659994, 1788729058.6127253, 1788729059.2628427, 1788729059.9661076, 1788729060.6989603, 1788729061.4625316, 1788729062.2485874, 1788729063.0709927, 1788729063.9385371, 1788729064.8237236, 1788729065.736505, 1788729066.6819932, 1788729067.6339042, 1788729068.2167995, 1788729068.871003, 1788729069.5509474, 1788729070.2601862, 1788729071.0084434, 1788729071.774212, 1788729072.5704455, 1788729073.3651774, 1788729073.9691088, 1788729074.6250088, 1788729075.310007, 1788729076.026517, 1788729076.7685723, 1788729077.5442595, 1788729078.3511355, 1788729079.1869514, 1788729079.8644435, 1788729080.4831953, 1788729081.1552682, 1788729081.855163, 1788729082.5888352, 1788729083.3975093, 1788729084.1443517, 1788729084.9749863, 1788729085.8344305, 1788729086.7238245, 1788729087.640007, 1788729088.525371, 1788729089.1220477, 1788729089.7769043, 1788729090.4681242, 1788729091.1858606, 1788729091.9346964, 1788729092.7190845, 1788729093.552353, 1788729094.3734984, 1788729095.2461836, 1788729096.1447566, 1788729097.0728471, 1788729097.9370816, 1788729098.533018, 1788729099.1973095, 1788729099.883765, 1788729100.6126974]","[1, 1, 2, 3, 2, 1, 1, 3, 2, 2, 2, 1, 1, 2, 1, 3, 3, 2, 1, 2, 1, 2, 2, 1, 1, 2, 1, 1, 1, 2, 1, 2, 1, 2, 4, 1, 2, 1, 1, 3, 1, 3, 3, 1, 2, 1, 1, 1, 3, 1, 1, 1, 4, 1, 3, 2, 1, 1, 2, 1, 1, 1, 2, 1, 1, 2, 1, 1]"
User-016,0,trace_0704,1788729101.2989013,streaming,22705,1173,1165,0,354,57.95980095863342,573.8365571498871,0.4431930895113863,0.0,0,True,,1788728527.4622533,1788728585.4220543,1788729101.2988105,"[1788728585.4220543, 1788728586.0322926, 1788728586.6962614, 1788728587.3849792, 1788728588.1100073, 1788728588.8665862, 1788728589.6631005, 1788728590.4819422, 1788728591.0661, 1788728591.7019525, 1788728592.3724966, 1788728593.0707197, 1788728593.7998645, 1788728594.557755, 1788728595.3103795, 1788728595.9019804, 1788728596.5478065, 1788728597.2228982, 1788728597.928929, 1788728598.6646342, 1788728599.4278643, 1788728600.2300081, 1788728601.0667942, 1788728601.7634664, 1788728602.3602824, 1788728603.0189967, 1788728603.7097301, 1788728604.4296997, 1788728605.1783144, 1788728605.9632692, 1788728606.787959, 1788728607.3722649, 1788728608.011276, 1788728608.6852047, 1788728609.3797483, 1788728610.1082304, 1788728610.864703, 1788728611.654924, 1788728612.3961473, 1788728612.991326, 1788728613.644243, 1788728614.3261707, 1788728615.03752, 1788728615.7806988, 1788728616.5468447, 1788728617.3543801, 1788728618.1206288, 1788728618.716698, 1788728619.376566, 1788728620.0482464, 1788728620.7670016, 1788728621.5195634, 1788728622.294959, 1788728623.1039307, 1788728623.813424, 1788728624.4147182, 1788728625.07177, 1788728625.7634344, 1788728626.4841087, 1788728627.2329886, 1788728628.012112, 1788728628.8177614, 1788728629.662399, 1788728630.5401814, 1788728631.3349524, 1788728631.9285488, 1788728632.591455, 1788728633.2773023, 1788728634.0005195, 1788728634.7532191, 1788728635.5335283, 1788728636.348455, 1788728637.191995, 1788728638.0624042, 1788728638.9658952, 1788728639.8948243, 1788728640.8581352, 1788728641.508162, 1788728642.1238058, 1788728642.8044357, 1788728643.517501, 1788728644.263585, 1788728645.036545, 1788728645.840966, 1788728646.534333, 1788728647.1398473, 1788728647.8026419, 1788728648.4998806, 1788728649.221476, 1788728649.972578, 1788728650.752543, 1788728651.5655437, 1788728652.1594498, 1788728652.8053792, 1788728653.479657, 1788728654.1859102, 1788728654.9231887, 1788728655.6896162, 1788728656.4911394, 1788728657.1871054, 1788728657.7994623, 1788728658.4628077, 1788728659.1596956, 1788728659.885952, 1788728660.6415775, 1788728661.4272091, 1788728662.248062, 1788728662.9947684, 1788728663.6205194, 1788728664.3013954, 1788728665.0073843, 1788728665.7439253, 1788728666.508894, 1788728667.3054085, 1788728668.1220798, 1788728668.9779375, 1788728669.7860346, 1788728670.3861153, 1788728671.0437493, 1788728671.7267663, 1788728672.4450045, 1788728673.1980772, 1788728673.9712415, 1788728674.7753537, 1788728675.6098242, 1788728676.3539221, 1788728676.9608455, 1788728677.6249592, 1788728678.3180304, 1788728679.042827, 1788728679.7983398, 1788728680.5815241, 1788728681.408037, 1788728682.236346, 1788728683.1250968, 1788728684.0215244, 1788728684.9510038, 1788728685.692206, 1788728686.3199303, 1788728687.0038965, 1788728687.7260356, 1788728688.462441, 1788728689.2309763, 1788728690.0334394, 1788728690.8582497, 1788728691.7184436, 1788728692.6113012, 1788728693.5196285, 1788728694.4649637, 1788728695.4122956, 1788728695.99611, 1788728696.647434, 1788728697.3304782, 1788728698.0410054, 1788728698.7860048, 1788728699.5586634, 1788728700.3585124, 1788728701.0299494, 1788728701.649784, 1788728702.3233037, 1788728703.0360415, 1788728703.7682195, 1788728704.5325272, 1788728705.3243005, 1788728706.143908, 1788728706.995722, 1788728707.8477263, 1788728708.4468205, 1788728709.1030586, 1788728709.7844596, 1788728710.499079, 1788728711.252785, 1788728712.0241022, 1788728712.8314714, 1788728713.6718962, 1788728714.4888968, 1788728715.0882254, 1788728715.7444832, 1788728716.431404, 1788728717.1655324, 1788728717.906399, 1788728718.6955788, 1788728719.510266, 1788728720.3608916, 1788728721.0822403, 1788728721.697608, 1788728722.3621058, 1788728723.0578642, 1788728723.7873871, 1788728724.5442564, 1788728725.3807273, 1788728726.14529, 1788728726.9943645, 1788728727.878127, 1788728728.786159, 1788728729.7306497, 1788728730.7022958, 1788728731.5550718, 1788728732.1587062, 1788728732.8356376, 1788728733.5506525, 1788728734.2959182, 1788728735.0613575, 1788728735.859838, 1788728736.6842844, 1788728737.5393388, 1788728738.4337528, 1788728739.3419142, 1788728740.2713807, 1788728741.2444897, 1788728742.253452, 1788728742.9215136, 1788728743.5424025, 1788728744.2368174, 1788728744.9576652, 1788728745.7197456, 1788728746.4919186, 1788728747.3062396, 1788728748.1461983, 1788728749.017815, 1788728749.683485, 1788728750.308785, 1788728750.9828706, 1788728751.6978817, 1788728752.443382, 1788728753.2115483, 1788728754.0042634, 1788728754.828784, 1788728755.6846974, 1788728756.572476, 1788728757.492253, 1788728758.4469633, 1788728759.4399188, 1788728760.1971881, 1788728760.8007085, 1788728761.4710727, 1788728762.1669374, 1788728762.900152, 1788728763.6600187, 1788728764.4569294, 1788728765.2813618, 1788728766.143228, 1788728767.032413, 1788728767.964038, 1788728768.6228335, 1788728769.2737656, 1788728769.959406, 1788728770.6822844, 1788728771.4299095, 1788728772.2089663, 1788728773.0203462, 1788728773.8631434, 1788728774.7365992, 1788728775.5583925, 1788728776.176705, 1788728776.8614683, 1788728777.5746036, 1788728778.3148966, 1788728779.080482, 1788728779.8716877, 1788728780.697591, 1788728781.5578148, 1788728782.4333274, 1788728783.3467026, 1788728784.291811, 1788728785.0289664, 1788728785.6317883, 1788728786.3006513, 1788728787.0062659, 1788728787.7312927, 1788728788.4916885, 1788728789.2819893, 1788728790.1061676, 1788728790.9571855, 1788728791.850411, 1788728792.7754898, 1788728793.4776533, 1788728794.09713, 1788728794.7663472, 1788728795.4827034, 1788728796.2145088, 1788728796.9719453, 1788728797.7572384, 1788728798.5749264, 1788728799.426452, 1788728800.3144271, 1788728801.2348175, 1788728802.1854653, 1788728803.0319562, 1788728803.6229854, 1788728804.2798831, 1788728804.9641914, 1788728805.6878881, 1788728806.4365385, 1788728807.212228, 1788728808.033344, 1788728808.8802376, 1788728809.7635639, 1788728810.6760583, 1788728811.6141984, 1788728812.387433, 1788728812.9926891, 1788728813.6600714, 1788728814.3571057, 1788728815.0885363, 1788728815.847807, 1788728816.628766, 1788728817.4645228, 1788728818.3124728, 1788728819.1992035, 1788728820.1292233, 1788728820.9760573, 1788728821.580189, 1788728822.2226815, 1788728822.9291108, 1788728823.6589556, 1788728824.417632, 1788728825.20644, 1788728826.025256, 1788728826.873527, 1788728827.5320306, 1788728828.1509674, 1788728828.8219001, 1788728829.5282376, 1788728830.2573733, 1788728831.0174925, 1788728831.8176267, 1788728832.6341543, 1788728833.5035048, 1788728834.39938, 1788728835.3244452, 1788728836.1501162, 1788728836.7413054, 1788728837.3997777, 1788728838.0879247, 1788728838.8055592, 1788728839.5543895, 1788728840.331005, 1788728841.1382346, 1788728841.8320012, 1788728842.4441588, 1788728843.114679, 1788728843.8066287, 1788728844.5369277, 1788728845.1871226, 1788728845.806134, 1788728846.474055, 1788728847.1711957, 1788728847.9004967, 1788728848.6601734, 1788728849.4459765, 1788728850.2662628, 1788728851.1158166, 1788728851.9956303, 1788728852.9143937, 1788728853.8751047, 1788728854.453787, 1788728855.104234, 1788728855.781048, 1788728856.4901261, 1788728857.2325842, 1788728858.0005414, 1788728858.8145604, 1788728859.4097009, 1788728860.058336, 1788728860.7390656, 1788728861.4589348, 1788728862.189211, 1788728862.9761517, 1788728863.7933333, 1788728864.6360743, 1788728865.4643087, 1788728866.0694404, 1788728866.7401054, 1788728867.4572055, 1788728868.1805162, 1788728868.9344676, 1788728869.7178292, 1788728870.5748205, 1788728871.1655478, 1788728871.8274834, 1788728872.5199864, 1788728873.24133, 1788728873.9905584, 1788728874.766419, 1788728875.5750558, 1788728876.4178934, 1788728877.288243, 1788728878.188301, 1788728879.1244583, 1788728880.082365, 1788728881.0602574, 1788728881.6461868, 1788728882.2906413, 1788728882.9704614, 1788728883.676354, 1788728884.424465, 1788728885.1870694, 1788728885.9846907, 1788728886.7125697, 1788728887.319778, 1788728887.9799213, 1788728888.6691716, 1788728889.3954148, 1788728890.1429555, 1788728890.9220724, 1788728891.6146276, 1788728892.2297752, 1788728892.893043, 1788728893.59794, 1788728894.3221304, 1788728895.0798442, 1788728895.865856, 1788728896.6788645, 1788728897.5323174, 1788728898.4154785, 1788728899.1338053, 1788728899.7405248, 1788728900.4110098, 1788728901.108742, 1788728901.8382077, 1788728902.5943308, 1788728903.3374896, 1788728903.9476564, 1788728904.5958803, 1788728905.2783473, 1788728905.9924808, 1788728906.7373872, 1788728907.5104518, 1788728908.3106472, 1788728909.1511376, 1788728909.948055, 1788728910.5635173, 1788728911.2039242, 1788728911.9135828, 1788728912.6260338, 1788728913.3792126, 1788728914.1624413, 1788728914.981378, 1788728915.8259883, 1788728916.6423733, 1788728917.2394795, 1788728917.8927147, 1788728918.5737052, 1788728919.2872245, 1788728920.0338292, 1788728920.805866, 1788728921.6053207, 1788728922.252179, 1788728922.875586, 1788728923.5559545, 1788728924.2654681, 1788728925.0051858, 1788728925.7814806, 1788728926.5670078, 1788728927.3765237, 1788728927.969984, 1788728928.6194732, 1788728929.2994554, 1788728930.0147684, 1788728930.7622313, 1788728931.5340838, 1788728932.339719, 1788728933.1728761, 1788728933.8992472, 1788728934.513443, 1788728935.182415, 1788728935.883013, 1788728936.614122, 1788728937.383789, 1788728937.9811447, 1788728938.6318443, 1788728939.311509, 1788728940.0209816, 1788728940.7637727, 1788728941.5323675, 1788728942.3294113, 1788728943.15828, 1788728944.0186028, 1788728944.9091039, 1788728945.832925, 1788728946.760112, 1788728947.3509371, 1788728948.0071015, 1788728948.7007668, 1788728949.431854, 1788728950.1869252, 1788728950.9668443, 1788728951.7773204, 1788728952.3838563, 1788728953.0396776, 1788728953.724084, 1788728954.4502265, 1788728955.21029, 1788728955.9835722, 1788728956.7030592, 1788728957.3125083, 1788728957.9745522, 1788728958.6639163, 1788728959.390297, 1788728960.0324202, 1788728960.6615083, 1788728961.3354902, 1788728962.03685, 1788728962.7722821, 1788728963.5328403, 1788728964.3225815, 1788728965.1435127, 1788728965.9991257, 1788728966.689272, 1788728967.3032467, 1788728967.9743083, 1788728968.6729116, 1788728969.4027402, 1788728970.1619253, 1788728970.947472, 1788728971.7667038, 1788728972.620335, 1788728973.5037832, 1788728974.4236007, 1788728975.3635128, 1788728976.3402786, 1788728976.9276123, 1788728977.5784295, 1788728978.2600691, 1788728978.9696712, 1788728979.7158475, 1788728980.4856253, 1788728981.285029, 1788728982.1103482, 1788728982.8500307, 1788728983.4624982, 1788728984.1367662, 1788728984.8472629, 1788728985.5928526, 1788728986.3660038, 1788728987.1580536, 1788728987.9833531, 1788728988.8360808, 1788728989.425743, 1788728990.8009768, 1788728992.282071, 1788728994.7258415, 1788728996.0157063, 1788728996.721526, 1788728998.206602, 1788728998.9858255, 1788728999.796915, 1788729000.6378944, 1788729001.5121715, 1788729002.4058812, 1788729003.3337286, 1788729004.291583, 1788729005.0058703, 1788729005.6164224, 1788729006.293065, 1788729006.992217, 1788729007.7315025, 1788729008.4971616, 1788729009.2914097, 1788729010.111858, 1788729010.7863739, 1788729011.4088514, 1788729012.0863702, 1788729012.7875037, 1788729013.5285134, 1788729014.3041208, 1788729015.1031861, 1788729015.9364104, 1788729016.8022606, 1788729017.478685, 1788729018.0985932, 1788729018.7773097, 1788729019.48255, 1788729020.2163186, 1788729020.98565, 1788729021.7931676, 1788729022.6179185, 1788729023.4725432, 1788729024.368326, 1788729025.2098107, 1788729025.8091698, 1788729026.4671261, 1788729027.1590092, 1788729027.884151, 1788729028.6357868, 1788729029.4190953, 1788729030.2333963, 1788729031.074455, 1788729031.715808, 1788729032.350041, 1788729033.0264602, 1788729033.7460191, 1788729034.486975, 1788729035.261419, 1788729036.0729976, 1788729036.917338, 1788729037.8161178, 1788729038.4020658, 1788729039.0972414, 1788729039.7761145, 1788729040.5110173, 1788729041.264655, 1788729042.0491004, 1788729042.8607013, 1788729043.6973627, 1788729044.3086143, 1788729044.981829, 1788729045.6821532, 1788729046.4208994, 1788729047.175438, 1788729047.9578354, 1788729048.781808, 1788729049.6214504, 1788729050.42494, 1788729051.0347645, 1788729051.7057824, 1788729052.4172857, 1788729053.1466734, 1788729053.905035, 1788729054.6020007, 1788729055.2169569, 1788729055.885298, 1788729056.584086, 1788729057.3137991, 1788729057.970595, 1788729058.6144502, 1788729059.266709, 1788729059.969892, 1788729060.7026978, 1788729061.4663222, 1788729062.2524724, 1788729063.0745556, 1788729063.9426146, 1788729064.827456, 1788729065.7402403, 1788729066.68574, 1788729067.6376767, 1788729068.2205248, 1788729068.8749447, 1788729069.5547764, 1788729070.2639117, 1788729071.0127356, 1788729071.7779958, 1788729072.5742037, 1788729073.367185, 1788729073.9711573, 1788729074.627061, 1788729075.3119457, 1788729076.0284343, 1788729076.7700508, 1788729077.5462112, 1788729078.3530195, 1788729079.189, 1788729079.8664973, 1788729080.4848096, 1788729081.1572375, 1788729081.8570914, 1788729082.5907722, 1788729083.3984811, 1788729084.14641, 1788729084.9769952, 1788729085.8364823, 1788729086.7253292, 1788729087.642001, 1788729088.5279353, 1788729089.124603, 1788729089.7794266, 1788729090.4708085, 1788729091.1884487, 1788729091.9372673, 1788729092.721617, 1788729093.5551982, 1788729094.3767674, 1788729095.2493954, 1788729096.1479526, 1788729097.07619, 1788729097.9400566, 1788729098.535596, 1788729099.1998675, 1788729099.8863928, 1788729100.6155, 1788729101.293024]","[1, 1, 1, 1, 3, 1, 4, 2, 4, 1, 1, 2, 2, 1, 1, 1, 1, 1, 3, 1, 1, 2, 1, 1, 1, 1, 2, 1, 3, 1, 1, 2, 1, 2, 1, 1, 2, 1, 1, 2, 1, 1, 1, 1, 4, 1, 2, 2, 1, 2, 1, 1, 2, 1, 4, 1, 4, 3, 2, 1, 1, 1, 1, 3, 3, 3, 1, 1, 3, 1, 2, 2, 1, 2, 2, 1, 2, 1, 1, 2, 2, 3, 1, 1, 1, 1, 1, 3, 3, 1, 2, 1, 1, 2, 1, 1, 1, 1, 2, 1, 2, 2, 1, 1, 1, 2, 1, 2, 1, 1, 2, 4, 2, 1, 2, 1, 2, 1, 1, 3, 1, 2, 1, 1, 1, 1, 2, 2, 4, 1, 1, 3, 2, 1, 1, 2, 1, 2, 1, 2, 1, 2, 1, 2, 1, 2, 1, 3, 3, 1, 1, 1, 2, 4, 4, 1, 3, 1, 2, 1, 2, 1, 1, 2, 2, 1, 2, 1, 1, 1, 1, 1, 2, 5, 3, 1, 1, 1, 2, 4, 2, 4, 1, 1, 1, 1, 2, 3, 1, 2, 1, 2, 1, 2, 1, 1, 1, 1, 2, 4, 1, 1, 3, 2, 1, 2, 2, 2, 2, 1, 2, 3, 3, 2, 1, 2, 1, 1, 1, 4, 5, 1, 1, 3, 1, 2, 2, 1, 2, 2, 5, 2, 1, 1, 2, 2, 1, 1, 1, 2, 1, 2, 2, 3, 1, 2, 2, 2, 1, 1, 1, 3, 3, 1, 2, 1, 2, 1, 2, 1, 2, 1, 1, 4, 2, 2, 2, 1, 4, 3, 1, 2, 1, 2, 1, 1, 1, 2, 1, 1, 1, 1, 1, 1, 1, 4, 3, 1, 1, 2, 2, 1, 2, 2, 2, 4, 2, 1, 1, 2, 1, 2, 1, 2, 2, 2, 2, 2, 2, 3, 2, 2, 2, 1, 1, 1, 1, 4, 1, 2, 3, 1, 1, 2, 1, 1, 2, 2, 1, 2, 2, 1, 1, 1, 2, 1, 1, 2, 2, 1, 2, 1, 2, 2, 1, 3, 3, 1, 1, 1, 1, 2, 4, 1, 2, 2, 1, 4, 1, 1, 2, 1, 1, 2, 4, 2, 1, 2, 2, 1, 1, 2, 1, 2, 1, 1, 1, 1, 1, 1, 1, 2, 1, 4, 3, 3, 3, 3, 3, 1, 2, 1, 2, 1, 1, 3, 1, 2, 5, 1, 2, 2, 1, 2, 3, 1, 3, 2, 2, 1, 1, 1, 1, 1, 2, 1, 3, 4, 2, 1, 4, 1, 2, 2, 1, 2, 1, 1, 2, 1, 2, 2, 2, 1, 1, 1, 1, 1, 1, 1, 4, 3, 2, 1, 2, 2, 2, 2, 1, 2, 2, 1, 2, 1, 1, 2, 4, 1, 2, 1, 2, 2, 2, 2, 2, 2, 2, 3, 1, 2, 1, 1, 1, 1, 3, 3, 3, 1, 1, 2, 3, 2, 2, 1, 1, 1, 3, 3, 1, 1, 1, 1, 1, 1, 1, 1, 1, 3, 1, 2, 1, 3, 3, 1, 3, 1, 2, 2, 1, 2, 1, 1, 5, 1, 1, 3, 1, 3, 1, 2, 2, 1, 1, 1, 3, 2, 1, 1, 1, 1, 1, 1, 1, 1, 1, 3, 1, 2, 2, 2, 1, 1, 1, 1, 1, 1, 1, 1, 1, 3, 1, 3, 1, 2, 1, 1, 1, 1, 2, 2, 1, 1, 1, 1, 2, 2, 1, 1, 1, 2, 3, 2, 1, 1, 3, 2, 1, 2, 3, 1, 2, 3, 1, 1, 1, 3, 2, 3, 1, 2, 1, 1, 2, 1, 4, 1, 2, 1, 1, 1, 3, 4, 1, 1, 2, 3, 1, 3, 1, 1, 1, 1, 1, 1, 1, 2, 2, 2, 2, 3, 1, 3, 3, 3, 2, 2, 1, 4, 3, 1, 2, 1, 4, 2, 1, 1, 1, 2, 1, 3, 3, 1, 1, 2, 2, 3, 1, 3, 3, 1, 1, 1, 3, 2, 1, 2, 2, 1, 1, 1, 1, 2, 1, 2, 2, 1, 1, 1, 1, 4, 1, 2, 1, 2, 1, 2, 1, 1, 1, 2, 1, 2, 2]"
User-003,1,trace_0714,1788729104.072155,streaming,30151,283,283,342,128,324.06769251823425,451.80254077911377,0.4529604548258139,16.0,0,True,,1788728652.2695005,1788728976.337193,1788729104.0720413,"[1788728976.337193, 1788728976.9245856, 1788728977.575372, 1788728978.2572253, 1788728978.9672587, 1788728979.7127557, 1788728980.4827464, 1788728981.281989, 1788728982.107417, 1788728982.847009, 1788728983.4594715, 1788728984.1335242, 1788728984.8445792, 1788728985.5903275, 1788728986.3634279, 1788728987.1555555, 1788728987.9807768, 1788728988.8324223, 1788728989.4226847, 1788728990.095984, 1788728990.7978618, 1788728991.5253942, 1788728992.2789996, 1788728993.0610027, 1788728993.881269, 1788728994.7218647, 1788728995.3442695, 1788728996.0129511, 1788728996.7179985, 1788728997.4466, 1788728998.2030594, 1788728998.9822395, 1788728999.7933867, 1788729000.6341462, 1788729001.5031822, 1788729002.402263, 1788729003.3301902, 1788729004.2885358, 1788729005.0022614, 1788729005.612843, 1788729006.289513, 1788729006.9895635, 1788729007.727995, 1788729008.4941134, 1788729009.2879136, 1788729010.1091936, 1788729010.782836, 1788729011.4053326, 1788729012.0829298, 1788729012.7842739, 1788729013.5258877, 1788729014.3005292, 1788729015.0996592, 1788729015.9328117, 1788729016.798789, 1788729017.4751136, 1788729018.0950649, 1788729018.7736022, 1788729019.4788053, 1788729020.2127688, 1788729020.9821029, 1788729021.7897482, 1788729022.6149175, 1788729023.469458, 1788729024.3652165, 1788729025.2067578, 1788729025.806145, 1788729026.4641185, 1788729027.1559744, 1788729027.881126, 1788729028.6330304, 1788729029.4160035, 1788729030.2303352, 1788729031.0713897, 1788729031.7128453, 1788729032.3469067, 1788729033.0234144, 1788729033.742889, 1788729034.4835966, 1788729035.2589083, 1788729036.0703936, 1788729036.9147224, 1788729037.8133128, 1788729038.3994954, 1788729039.094556, 1788729039.7797384, 1788729040.5146947, 1788729041.2682633, 1788729042.052811, 1788729042.86422, 1788729043.694268, 1788729044.310775, 1788729044.9855828, 1788729045.6856883, 1788729046.4244246, 1788729047.179011, 1788729047.9614205, 1788729048.7854464, 1788729049.6250098, 1788729050.4284585, 1788729051.038582, 1788729051.709409, 1788729052.421192, 1788729053.1497257, 1788729053.9080927, 1788729054.605431, 1788729055.220148, 1788729055.8884091, 1788729056.587169, 1788729057.3168228, 1788729057.9723349, 1788729058.615911, 1788729059.269208, 1788729059.9725366, 1788729060.705733, 1788729061.4693508, 1788729062.2555125, 1788729063.0803795, 1788729063.945634, 1788729064.8305056, 1788729065.7432961, 1788729066.6887558, 1788729067.6406543, 1788729068.2233942, 1788729068.8781328, 1788729069.5578775, 1788729070.2669492, 1788729071.015566, 1788729071.7810502, 1788729072.5772223, 1788729073.3656828, 1788729073.9696112, 1788729074.6255121, 1788729075.310509, 1788729076.027005, 1788729076.7689435, 1788729077.544737, 1788729078.3516152, 1788729079.187443, 1788729079.8650615, 1788729080.4836652, 1788729081.1557605, 1788729081.855643, 1788729082.5893312, 1788729083.3977516, 1788729084.1448636, 1788729084.9754844, 1788729085.834955, 1788729086.7242014, 1788729087.6404934, 1788729088.5268219, 1788729089.1230917, 1788729089.7779198, 1788729090.4692092, 1788729091.1868603, 1788729091.935723, 1788729092.720115, 1788729093.5533752, 1788729094.3803866, 1788729095.2529354, 1788729096.1518788, 1788729097.0801752, 1788729097.9382057, 1788729098.534049, 1788729099.1983306, 1788729099.8848188, 1788729100.6139593, 1788729101.2970517, 1788729101.928423, 1788729102.609905, 1788729103.3200643, 1788729104.0701857]","[1, 1, 1, 2, 1, 1, 1, 2, 1, 1, 2, 2, 2, 1, 1, 1, 1, 1, 1, 2, 2, 2, 5, 1, 2, 1, 1, 3, 1, 3, 2, 2, 1, 1, 2, 1, 4, 1, 2, 2, 1, 1, 1, 1, 2, 2, 1, 2, 1, 2, 1, 1, 2, 1, 1, 1, 1, 2, 3, 2, 1, 4, 1, 1, 1, 4, 2, 1, 1, 2, 1, 1, 1, 1, 1, 4, 2, 1, 2, 1, 1, 1, 1, 1, 1, 1, 3, 3, 2, 1, 1, 2, 1, 1, 1, 2, 2, 1, 1, 1, 1, 2, 2, 2, 1, 1, 2, 1, 1, 2, 1, 2, 1, 1, 3, 1, 2, 1, 2, 2, 1, 2, 2, 2, 1, 2, 2, 2, 1, 1, 2, 2, 1, 2, 4, 1, 1, 1, 1, 2, 1, 4, 4, 2, 1, 1, 2, 4, 2, 1, 1, 1, 2, 2, 1, 3, 2, 1, 1, 2, 2, 3, 2, 1, 3, 1, 1, 4, 4, 1, 3, 1]"
User-080,0,trace_0725,1788729122.4467537,streaming,19001,267,267,0,296,316.81181812286377,428.4712288379669,0.4197722207334705,0.0,0,True,,1788728693.9754093,1788729010.7872274,1788729122.446638,"[1788729010.7872274, 1788729011.4093554, 1788729012.0868871, 1788729012.7877252, 1788729013.5287619, 1788729014.3046305, 1788729015.1037056, 1788729015.9369166, 1788729016.8027792, 1788729017.479185, 1788729018.0991282, 1788729018.7778516, 1788729019.483088, 1788729020.2168365, 1788729020.986166, 1788729021.793556, 1788729022.6184382, 1788729023.4730535, 1788729024.3688314, 1788729025.2103078, 1788729025.8096712, 1788729026.4676192, 1788729027.1595242, 1788729027.884659, 1788729028.636017, 1788729029.419602, 1788729030.2339227, 1788729031.0749676, 1788729031.7162967, 1788729032.3505452, 1788729033.0269642, 1788729033.746512, 1788729034.4874718, 1788729035.2619193, 1788729036.0735111, 1788729036.9178329, 1788729037.8166134, 1788729038.4025667, 1788729039.0977569, 1788729039.7771344, 1788729040.512127, 1788729041.2656975, 1788729042.0501716, 1788729042.8617158, 1788729043.697765, 1788729044.3091178, 1788729044.9829276, 1788729045.6831753, 1788729046.4219048, 1788729047.1764603, 1788729047.9588537, 1788729048.7828162, 1788729049.6224756, 1788729050.4260125, 1788729051.035894, 1788729051.7068412, 1788729052.418318, 1788729053.147708, 1788729053.9060564, 1788729054.603293, 1788729055.218012, 1788729055.886356, 1788729056.585116, 1788729057.3148491, 1788729057.971357, 1788729058.6149457, 1788729059.2676222, 1788729059.9710302, 1788729060.7037227, 1788729061.4673545, 1788729062.2534623, 1788729063.078222, 1788729063.9436352, 1788729064.8284717, 1788729065.7412632, 1788729066.6867454, 1788729067.6386623, 1788729068.221522, 1788729068.8760047, 1788729069.5558448, 1788729070.2649133, 1788729071.0137713, 1788729071.7790174, 1788729072.5752192, 1788729073.3675947, 1788729073.9716527, 1788729074.6274996, 1788729075.3124483, 1788729076.0289028, 1788729076.7704136, 1788729077.5466921, 1788729078.3535156, 1788729079.1896667, 1788729079.8669915, 1788729080.4851887, 1788729081.1577184, 1788729081.857555, 1788729082.5912464, 1788729083.3987086, 1788729084.1469254, 1788729084.9774892, 1788729085.8369784, 1788729086.725707, 1788729087.642492, 1788729088.528172, 1788729089.1250932, 1788729089.7799194, 1788729090.471329, 1788729091.1889615, 1788729091.9377642, 1788729092.7221186, 1788729093.5557365, 1788729094.3777857, 1788729095.250395, 1788729096.1491275, 1788729097.0772052, 1788729097.9405427, 1788729098.5361192, 1788729099.200387, 1788729099.8869216, 1788729100.616036, 1788729101.2943125, 1788729101.9262953, 1788729102.6078522, 1788729103.3180597, 1788729104.0680451, 1788729104.807862, 1788729105.5874019, 1788729106.3963237, 1788729107.2344425, 1788729108.1068723, 1788729109.01106, 1788729109.9473188, 1788729110.6028085, 1788729111.212132, 1788729111.886288, 1788729112.5885956, 1788729113.3265939, 1788729114.0890574, 1788729114.860788, 1788729115.4626424, 1788729116.1137333, 1788729116.7946136, 1788729117.504314, 1788729118.2495553, 1788729119.0188954, 1788729119.8225482, 1788729120.660937, 1788729121.5298426, 1788729122.4430912]","[1, 1, 1, 1, 3, 1, 4, 2, 4, 1, 1, 2, 1, 2, 1, 1, 2, 2, 3, 3, 2, 1, 2, 3, 2, 2, 2, 1, 2, 1, 3, 2, 2, 2, 2, 2, 2, 3, 2, 1, 1, 1, 2, 2, 1, 1, 2, 1, 1, 1, 2, 1, 2, 1, 2, 1, 2, 2, 1, 2, 1, 1, 1, 1, 1, 1, 1, 1, 1, 1, 1, 1, 1, 1, 3, 2, 4, 1, 2, 5, 3, 3, 2, 2, 1, 4, 3, 2, 2, 1, 1, 3, 1, 2, 1, 1, 2, 1, 1, 2, 1, 1, 2, 5, 4, 1, 3, 1, 1, 1, 1, 1, 1, 1, 1, 3, 4, 5, 2, 1, 2, 1, 1, 2, 1, 1, 1, 1, 1, 2, 1, 3, 2, 1, 1, 2, 2, 2, 1, 2, 1, 2, 5, 4, 3, 1, 1, 1, 2, 3]"
User-058,1,trace_0586,1788729174.6365573,streaming,18857,251,251,278,16,316.9734740257263,418.2453684806824,0.40508757781982424,11.0,0,True,,1788728756.3911223,1788729073.3645964,1788729174.6364908,"[1788729073.3645964, 1788729073.9686093, 1788729074.6245208, 1788729075.309508, 1788729076.026046, 1788729076.7681973, 1788729077.5437768, 1788729078.35065, 1788729079.1864438, 1788729079.863966, 1788729080.4825802, 1788729081.154787, 1788729081.8546782, 1788729082.58835, 1788729083.3972714, 1788729084.1438124, 1788729084.9744728, 1788729085.8339264, 1788729086.723409, 1788729087.6395164, 1788729088.5248747, 1788729089.1215436, 1788729089.776399, 1788729090.4676003, 1788729091.1853642, 1788729091.9341936, 1788729092.7185597, 1788729093.5518503, 1788729094.378831, 1788729095.2514067, 1788729096.1503286, 1788729097.0784197, 1788729097.9365764, 1788729098.532496, 1788729099.1967692, 1788729099.8832273, 1788729100.6121206, 1788729101.2955165, 1788729101.9268508, 1788729102.6083684, 1788729103.3185453, 1788729104.0685854, 1788729104.8084035, 1788729105.5879357, 1788729106.3968492, 1788729107.2349906, 1788729108.1074102, 1788729109.0116124, 1788729109.947846, 1788729110.603352, 1788729111.2124987, 1788729111.886797, 1788729112.589094, 1788729113.327137, 1788729114.0895913, 1788729114.8612733, 1788729115.4631312, 1788729116.114255, 1788729116.7951608, 1788729117.5048275, 1788729118.2500913, 1788729119.0194032, 1788729119.8230789, 1788729120.661464, 1788729121.5303478, 1788729122.4439723, 1788729123.3610415, 1788729124.3148158, 1788729125.3009946, 1788729126.1391327, 1788729126.728895, 1788729127.3928812, 1788729128.0848682, 1788729128.8129957, 1788729129.567488, 1788729130.3489017, 1788729131.158325, 1788729132.0012338, 1788729132.875925, 1788729133.7818973, 1788729134.7219703, 1788729135.7202876, 1788729136.3071795, 1788729136.9747438, 1788729137.6780243, 1788729138.4079576, 1788729139.1683993, 1788729139.950407, 1788729140.7604547, 1788729141.5992672, 1788729142.439379, 1788729143.0446546, 1788729143.6928923, 1788729144.378676, 1788729145.091138, 1788729145.8386905, 1788729146.6128597, 1788729147.4242506, 1788729148.2543998, 1788729149.1185224, 1788729150.020064, 1788729150.9559758, 1788729151.8393016, 1788729152.4414492, 1788729153.0595644, 1788729153.735411, 1788729154.4005904, 1788729155.1327834, 1788729155.8928094, 1788729156.6803744, 1788729157.49973, 1788729158.3416126, 1788729159.2156005, 1788729160.121273, 1788729161.0547976, 1788729161.8578331, 1788729162.4815972, 1788729163.1388462, 1788729163.8619564, 1788729164.5969126, 1788729165.365074, 1788729166.1697197, 1788729166.999845, 1788729167.8587482, 1788729168.760397, 1788729169.5390146, 1788729170.154868, 1788729170.821665, 1788729171.525576, 1788729172.257897, 1788729173.0184665, 1788729173.808066, 1788729174.6322045]","[1, 1, 1, 1, 2, 2, 1, 2, 3, 1, 3, 1, 1, 2, 1, 3, 1, 4, 3, 1, 1, 1, 2, 1, 2, 1, 1, 1, 3, 2, 2, 2, 3, 4, 6, 1, 3, 1, 1, 1, 1, 1, 3, 1, 3, 3, 1, 2, 1, 3, 5, 3, 1, 2, 2, 2, 2, 1, 4, 1, 3, 5, 1, 2, 1, 3, 1, 1, 2, 1, 6, 2, 1, 3, 1, 1, 3, 1, 3, 2, 1, 2, 3, 1, 1, 3, 2, 2, 1, 4, 1, 1, 2, 2, 1, 1, 2, 1, 2, 1, 2, 2, 1, 1, 2, 2, 3, 1, 1, 1, 5, 2, 3, 2, 1, 2, 1, 1, 1, 2, 1, 1, 1, 1, 1, 1, 1, 1, 2, 2, 6, 2, 2]"
User-081,0,trace_0572,1788729153.74075,streaming,21239,279,279,0,331,314.64857244491577,450.90926241874695,0.49014636681234236,0.0,0,True,,1788728702.8314178,1788729017.4799902,1788729153.7406802,"[1788729017.4799902, 1788729018.099509, 1788729018.7783792, 1788729019.4836094, 1788729020.21734, 1788729020.986672, 1788729021.793935, 1788729022.61896, 1788729023.473559, 1788729024.3693476, 1788729025.2108278, 1788729025.8101616, 1788729026.4681184, 1788729027.1600218, 1788729027.8851695, 1788729028.6362374, 1788729029.4198275, 1788729030.2344246, 1788729031.0754838, 1788729031.7167852, 1788729032.3511455, 1788729033.0274837, 1788729033.747029, 1788729034.4879718, 1788729035.262422, 1788729036.0740483, 1788729036.918329, 1788729037.8171327, 1788729038.4031112, 1788729039.0983012, 1788729039.779222, 1788729040.5141985, 1788729041.2677548, 1788729042.0522952, 1788729042.8637066, 1788729043.7002656, 1788729044.3105056, 1788729044.9850597, 1788729045.6851957, 1788729046.4239206, 1788729047.178486, 1788729047.9609, 1788729048.784941, 1788729049.6245105, 1788729050.4279838, 1788729051.0380504, 1788729051.7089028, 1788729052.420692, 1788729053.149226, 1788729053.9075916, 1788729054.6049395, 1788729055.2196062, 1788729055.887895, 1788729056.5866356, 1788729057.3163319, 1788729057.972102, 1788729058.6156497, 1788729059.2688231, 1788729059.9721656, 1788729060.705237, 1788729061.4688554, 1788729062.2550082, 1788729063.079866, 1788729063.9451327, 1788729064.8300033, 1788729065.7427857, 1788729066.6882536, 1788729067.6401663, 1788729068.22309, 1788729068.8776112, 1788729069.557368, 1788729070.2664297, 1788729071.015334, 1788729071.7805548, 1788729072.5767293, 1788729073.368549, 1788729073.9727087, 1788729074.6280067, 1788729075.3134036, 1788729076.0298476, 1788729076.771154, 1788729077.547648, 1788729078.3544548, 1788729079.190868, 1788729079.8679495, 1788729080.4859357, 1788729081.158675, 1788729081.8585095, 1788729082.5923703, 1788729083.3993707, 1788729084.1474638, 1788729084.9779844, 1788729085.8374748, 1788729086.726086, 1788729087.6430073, 1788729088.5284107, 1788729089.1255913, 1788729089.780424, 1788729090.4716995, 1788729091.1894817, 1788729091.9382603, 1788729092.7226272, 1788729093.5562356, 1788729094.379883, 1788729095.2524328, 1788729096.1513855, 1788729097.0796614, 1788729097.94105, 1788729098.536701, 1788729099.200918, 1788729099.8874493, 1788729100.6166031, 1788729101.2965395, 1788729101.927895, 1788729102.6094077, 1788729103.3195603, 1788729104.069628, 1788729104.809449, 1788729105.5889766, 1788729106.3979053, 1788729107.235998, 1788729108.108409, 1788729109.0128298, 1788729109.948873, 1788729110.6043851, 1788729111.2132866, 1788729111.8877957, 1788729112.5901082, 1788729113.328148, 1788729114.0905776, 1788729114.862247, 1788729115.4641075, 1788729116.1153648, 1788729116.7961972, 1788729117.5058684, 1788729118.2511275, 1788729119.0204513, 1788729119.8240893, 1788729120.6624944, 1788729121.5339763, 1788729122.445036, 1788729123.362047, 1788729124.3158352, 1788729125.3020234, 1788729126.1402607, 1788729126.7299144, 1788729127.393963, 1788729128.0859094, 1788729128.8140063, 1788729129.568514, 1788729130.3499272, 1788729131.1593578, 1788729132.002231, 1788729132.8769774, 1788729133.782937, 1788729134.722992, 1788729135.726594, 1788729136.3108082, 1788729136.9763029, 1788729137.6795943, 1788729138.409485, 1788729139.1698961, 1788729139.952128, 1788729140.7619872, 1788729141.6008089, 1788729142.4429522, 1788729143.0478218, 1788729143.6959186, 1788729144.382213, 1788729145.0947394, 1788729145.842224, 1788729146.6164596, 1788729147.4278355, 1788729148.257869, 1788729149.1220355, 1788729150.0235991, 1788729150.9596195, 1788729151.842964, 1788729152.4450014, 1788729153.0631435, 1788729153.7390013]","[1, 1, 1, 2, 2, 1, 2, 1, 1, 1, 1, 1, 3, 1, 1, 2, 1, 2, 2, 1, 2, 1, 2, 1, 3, 1, 2, 1, 3, 2, 1, 1, 2, 1, 2, 3, 2, 2, 1, 3, 2, 3, 3, 1, 1, 1, 3, 1, 2, 1, 2, 2, 1, 2, 1, 1, 3, 1, 1, 1, 1, 2, 1, 1, 2, 1, 1, 1, 2, 1, 3, 2, 1, 2, 1, 2, 2, 1, 3, 3, 1, 2, 1, 1, 1, 1, 2, 1, 2, 1, 2, 1, 1, 4, 2, 2, 1, 2, 1, 1, 1, 1, 2, 1, 1, 1, 2, 1, 1, 1, 1, 1, 3, 3, 1, 1, 1, 2, 1, 1, 1, 1, 1, 1, 1, 2, 1, 1, 2, 1, 1, 3, 3, 1, 1, 2, 1, 1, 1, 1, 1, 2, 1, 2, 1, 2, 1, 1, 1, 1, 2, 1, 2, 1, 1, 1, 3, 4, 2, 1, 2, 1, 2, 1, 2, 1, 2, 1, 1, 3, 3, 1, 2, 1, 1, 2, 1, 1, 2, 2, 2]"
User-022,20,trace_0418,1788729162.4860399,streaming,28297,166,166,427,2,319.2843236923218,383.83069038391113,0.3911901011611476,8.0,0,True,,1788728778.655236,1788729097.9395597,1788729162.4859264,"[1788729097.9395597, 1788729098.5350866, 1788729099.1993647, 1788729099.8858502, 1788729100.6149938, 1788729101.289875, 1788729101.9219453, 1788729102.603395, 1788729103.313714, 1788729104.063574, 1788729104.8034022, 1788729105.581125, 1788729106.3919973, 1788729107.2301404, 1788729108.1025553, 1788729109.0065417, 1788729109.942653, 1788729110.5974617, 1788729111.2074676, 1788729111.8815236, 1788729112.5837789, 1788729113.3218248, 1788729114.0843627, 1788729114.8562133, 1788729115.4560502, 1788729116.1086566, 1788729116.7897666, 1788729117.4993706, 1788729118.2448888, 1788729119.0140753, 1788729119.8177502, 1788729120.6560876, 1788729121.5250762, 1788729122.4377394, 1788729123.3562818, 1788729124.3100226, 1788729125.2963064, 1788729126.1334002, 1788729126.723514, 1788729127.3876808, 1788729128.0793529, 1788729128.8073041, 1788729129.5621262, 1788729130.3435843, 1788729131.1530213, 1788729131.9959698, 1788729132.870632, 1788729133.7758398, 1788729134.7165976, 1788729135.7223313, 1788729136.3092525, 1788729136.9700904, 1788729137.6727855, 1788729138.403184, 1788729139.1635327, 1788729139.9458988, 1788729140.7555006, 1788729141.5943828, 1788729142.441443, 1788729143.0466876, 1788729143.69495, 1788729144.3807108, 1788729145.09315, 1788729145.8407266, 1788729146.614906, 1788729147.4262798, 1788729148.2563617, 1788729149.1205506, 1788729150.0220726, 1788729150.9579895, 1788729151.8413997, 1788729152.4434948, 1788729153.0616114, 1788729153.7374613, 1788729154.402653, 1788729155.134812, 1788729155.8948042, 1788729156.6823955, 1788729157.5017798, 1788729158.3435402, 1788729159.2176402, 1788729160.123327, 1788729161.0567193, 1788729161.8599684, 1788729162.4836214]","[1, 1, 1, 3, 2, 4, 3, 5, 2, 1, 1, 1, 2, 1, 2, 2, 2, 2, 3, 2, 2, 1, 1, 1, 1, 3, 2, 2, 1, 2, 2, 1, 2, 3, 1, 2, 1, 2, 2, 2, 1, 1, 1, 2, 2, 2, 1, 1, 3, 2, 3, 1, 1, 3, 5, 2, 3, 1, 2, 1, 1, 3, 2, 2, 4, 3, 2, 2, 3, 3, 1, 2, 3, 2, 2, 4, 3, 2, 2, 1, 1, 1, 1, 1, 2]"
User-008,1,trace_0707,1788729153.740393,streaming,19866,309,309,302,7,307.44930243492126,429.47896099090576,0.3962001901168328,16.0,0,True,,1788728724.2613153,1788729031.7106178,1788729153.7402763,"[1788729031.7106178, 1788729032.3417025, 1788729033.0212538, 1788729033.7407005, 1788729034.4815748, 1788729035.256746, 1788729036.0681224, 1788729036.9127135, 1788729037.810848, 1788729038.3977525, 1788729039.0890894, 1788729039.7766314, 1788729040.5116217, 1788729041.265159, 1788729042.0496273, 1788729042.8612006, 1788729043.6932821, 1788729044.3088622, 1788729044.9823844, 1788729045.6826527, 1788729046.421401, 1788729047.175954, 1788729047.9583447, 1788729048.782305, 1788729049.6219578, 1788729050.4255233, 1788729051.03536, 1788729051.7062986, 1788729052.4177945, 1788729053.1472018, 1788729053.9055526, 1788729054.6024935, 1788729055.2174804, 1788729055.8858275, 1788729056.5846114, 1788729057.314343, 1788729057.9711204, 1788729058.6146963, 1788729059.26723, 1788729059.9704368, 1788729060.703215, 1788729061.46684, 1788729062.2529638, 1788729063.077609, 1788729063.9431324, 1788729064.8279586, 1788729065.7407455, 1788729066.6862352, 1788729067.638165, 1788729068.221018, 1788729068.8754692, 1788729069.5553253, 1788729070.2644076, 1788729071.0132473, 1788729071.7784898, 1788729072.5747092, 1788729073.3637629, 1788729073.968102, 1788729074.624011, 1788729075.3090281, 1788729076.0255728, 1788729076.7678053, 1788729077.5432622, 1788729078.35016, 1788729079.1859596, 1788729079.8634963, 1788729080.4820266, 1788729081.154266, 1788729081.8542037, 1788729082.5878708, 1788729083.3970215, 1788729084.1433003, 1788729084.973977, 1788729085.8334217, 1788729086.7228925, 1788729087.6390204, 1788729088.5243876, 1788729089.1210296, 1788729089.7759068, 1788729090.4670734, 1788729091.1848564, 1788729091.9336896, 1788729092.718049, 1788729093.5512989, 1788729094.3772728, 1788729095.2498908, 1788729096.1486177, 1788729097.0766943, 1788729097.936085, 1788729098.5319874, 1788729099.1961195, 1788729099.8826737, 1788729100.6115696, 1788729101.2937927, 1788729101.92528, 1788729102.606746, 1788729103.3170164, 1788729104.0669825, 1788729104.8068051, 1788729105.5863283, 1788729106.395303, 1788729107.2334242, 1788729108.1058342, 1788729109.0100002, 1788729109.9460921, 1788729110.6016488, 1788729111.2111824, 1788729111.885284, 1788729112.5875852, 1788729113.325587, 1788729114.088061, 1788729114.8598166, 1788729115.4617012, 1788729116.1126976, 1788729116.7935686, 1788729117.5031314, 1788729118.2485483, 1788729119.0178514, 1788729119.8215332, 1788729120.6598961, 1788729121.5288339, 1788729122.4419117, 1788729123.360025, 1788729124.3137739, 1788729125.2999845, 1788729126.1380823, 1788729126.727895, 1788729127.3918486, 1788729128.0837004, 1788729128.811981, 1788729129.5664651, 1788729130.347857, 1788729131.157304, 1788729132.0002217, 1788729132.8749113, 1788729133.7809017, 1788729134.7209723, 1788729135.7196543, 1788729136.3066401, 1788729136.9736416, 1788729137.676995, 1788729138.406939, 1788729139.167389, 1788729139.9492285, 1788729140.759423, 1788729141.5982041, 1788729142.4388564, 1788729143.0441444, 1788729143.6923857, 1788729144.3781638, 1788729145.0906153, 1788729145.8381896, 1788729146.6123579, 1788729147.423749, 1788729148.253904, 1788729149.1180303, 1788729150.0195315, 1788729150.9554358, 1788729151.8387873, 1788729152.440931, 1788729153.0590482, 1788729153.7345698]","[1, 2, 4, 2, 6, 4, 1, 1, 3, 3, 2, 3, 2, 1, 5, 1, 1, 2, 2, 4, 1, 1, 2, 1, 1, 1, 2, 2, 2, 2, 3, 1, 1, 1, 1, 1, 1, 2, 1, 5, 2, 2, 3, 2, 3, 2, 2, 1, 2, 1, 2, 2, 1, 1, 1, 3, 6, 1, 2, 2, 1, 3, 1, 2, 2, 1, 3, 3, 1, 3, 3, 1, 1, 2, 2, 1, 1, 4, 1, 1, 5, 1, 3, 1, 2, 1, 1, 1, 2, 1, 2, 2, 1, 1, 1, 3, 1, 1, 1, 2, 3, 1, 1, 2, 2, 1, 2, 1, 1, 1, 2, 2, 2, 3, 1, 1, 1, 2, 1, 2, 1, 5, 1, 4, 2, 2, 4, 2, 2, 1, 1, 1, 1, 1, 3, 1, 1, 1, 2, 1, 4, 1, 3, 2, 4, 4, 2, 1, 1, 2, 1, 1, 1, 2, 1, 3, 6, 1, 1, 2, 2, 2]"
User-084,0,trace_0461,1788729136.3113759,streaming,11642,178,178,0,179,313.8011872768402,392.1442451477051,0.44261614616307837,0.0,0,True,,1788728744.1670656,1788729057.968253,1788729136.3113108,"[1788729057.968253, 1788729058.6134713, 1788729059.2646368, 1788729059.9676747, 1788729060.7005353, 1788729061.4641871, 1788729062.2503111, 1788729063.0725374, 1788729063.940501, 1788729064.825259, 1788729065.738191, 1788729066.6835637, 1788729067.6354816, 1788729068.2183607, 1788729068.872738, 1788729069.5526848, 1788729070.2617323, 1788729071.0100827, 1788729071.775957, 1788729072.572011, 1788729073.362768, 1788729073.9671025, 1788729074.6230218, 1788729075.3078895, 1788729076.02446, 1788729076.7668464, 1788729077.5421386, 1788729078.3490772, 1788729079.1849954, 1788729079.8625267, 1788729080.4808984, 1788729081.1532667, 1788729081.8532495, 1788729082.586912, 1788729083.3965278, 1788729084.1422544, 1788729084.9729507, 1788729085.8323867, 1788729086.7218223, 1788729087.6380172, 1788729088.5233703, 1788729089.1200066, 1788729089.7748923, 1788729090.4660096, 1788729091.183799, 1788729091.9325788, 1788729092.7170289, 1788729093.550223, 1788729094.3750985, 1788729095.247767, 1788729096.1462932, 1788729097.0745976, 1788729097.9350762, 1788729098.530924, 1788729099.195116, 1788729099.8814592, 1788729100.6104932, 1788729101.2915177, 1788729101.9236128, 1788729102.605028, 1788729103.3153856, 1788729104.0653503, 1788729104.8051941, 1788729105.5845008, 1788729106.3936083, 1788729107.2317758, 1788729108.1041825, 1788729109.0081758, 1788729109.944275, 1788729110.6000032, 1788729111.2095637, 1788729111.8836324, 1788729112.5858867, 1788729113.3239632, 1788729114.0863974, 1788729114.858237, 1788729115.458184, 1788729116.1110966, 1788729116.7920358, 1788729117.5015905, 1788729118.24691, 1788729119.0163162, 1788729119.8199909, 1788729120.6583316, 1788729121.5272946, 1788729122.4402337, 1788729123.3584406, 1788729124.312152, 1788729125.2984722, 1788729126.1364946, 1788729126.7263541, 1788729127.3902912, 1788729128.082054, 1788729128.8103755, 1788729129.5649142, 1788729130.346315, 1788729131.1557524, 1788729131.9986598, 1788729132.8733828, 1788729133.779338, 1788729134.7194026, 1788729135.7186022, 1788729136.3052416]","[1, 1, 1, 2, 2, 1, 2, 2, 2, 1, 2, 1, 1, 1, 1, 3, 1, 1, 2, 3, 1, 1, 1, 2, 3, 1, 1, 1, 2, 1, 1, 1, 1, 1, 2, 2, 5, 2, 2, 1, 1, 1, 3, 3, 1, 1, 1, 1, 1, 1, 1, 1, 1, 4, 1, 2, 1, 1, 1, 1, 1, 2, 2, 3, 1, 4, 1, 2, 3, 2, 1, 3, 2, 1, 3, 1, 3, 2, 3, 2, 2, 3, 2, 1, 3, 2, 2, 3, 1, 1, 2, 2, 2, 1, 1, 1, 5, 1, 2, 2, 4, 1, 1]"
