user_id,request_idx,trace_id,timestamp,request_type,input_tokens,output_tokens_expected,output_tokens_actual,cache_hit_blocks,cache_miss_blocks,ttft,ttlt,itl,delay_expected,delay_actual,success,error_message,request_start_time,prefill_complete_time,request_complete_time,token_timestamps,tokens_per_chunk
User-035,0,trace_0062,1788734827.7436483,streaming,14980,113,113,0,233,14.00673532485962,42.58736824989319,0.2551842225449426,0.0,0,True,,1788734785.156201,1788734799.1629362,1788734827.7435691,"[1788734799.1629362, 1788734799.734067, 1788734800.3558612, 1788734801.002619, 1788734801.6751208, 1788734802.3725226, 1788734803.101849, 1788734803.8533485, 1788734804.6011238, 1788734805.1532664, 1788734805.7594516, 1788734806.388288, 1788734807.044131, 1788734807.7254443, 1788734808.4342158, 1788734809.167768, 1788734809.930134, 1788734810.7050521, 1788734811.2492306, 1788734811.850891, 1788734812.4796968, 1788734813.1356618, 1788734813.812106, 1788734814.5168376, 1788734815.2482476, 1788734815.9191933, 1788734816.4768178, 1788734817.0910811, 1788734817.7188675, 1788734818.3777385, 1788734819.0624955, 1788734819.7699, 1788734820.5086014, 1788734821.2699602, 1788734821.8738117, 1788734822.4373047, 1788734823.060344, 1788734823.7030797, 1788734824.3730147, 1788734825.069751, 1788734825.789642, 1788734826.5364752, 1788734827.1733265, 1788734827.740635]","[1, 1, 1, 4, 2, 1, 2, 4, 1, 2, 3, 1, 4, 1, 1, 4, 3, 3, 1, 2, 1, 2, 3, 1, 1, 5, 2, 6, 2, 1, 2, 2, 1, 6, 1, 2, 1, 4, 8, 4, 2, 9, 1, 4]"
User-023,0,trace_0562,1788734852.443361,streaming,20882,175,175,0,325,20.240077257156372,68.08082795143127,0.2749468430705454,0.0,0,True,,1788734784.3624246,1788734804.6025019,1788734852.4432526,"[1788734804.6025019, 1788734805.1545587, 1788734805.7605486, 1788734806.389374, 1788734807.0452662, 1788734807.7265503, 1788734808.4353874, 1788734809.1689522, 1788734809.931286, 1788734810.7061162, 1788734811.2502959, 1788734811.8519814, 1788734812.4807045, 1788734813.1367753, 1788734813.8131902, 1788734814.517871, 1788734815.2493572, 1788734815.9202173, 1788734816.478002, 1788734817.0921247, 1788734817.719901, 1788734818.3787808, 1788734819.0636194, 1788734819.7709715, 1788734820.5096176, 1788734821.2710555, 1788734821.8756573, 1788734822.4390905, 1788734823.0618722, 1788734823.7046144, 1788734824.3748062, 1788734825.0713775, 1788734825.7912052, 1788734826.538031, 1788734827.174828, 1788734827.7425413, 1788734828.353757, 1788734828.9917817, 1788734829.657425, 1788734830.34605, 1788734831.0636632, 1788734831.80527, 1788734832.577323, 1788734833.3717818, 1788734834.099477, 1788734834.650153, 1788734835.2589753, 1788734835.8933256, 1788734836.5496907, 1788734837.2300723, 1788734837.9374568, 1788734838.672442, 1788734839.4330008, 1788734840.222348, 1788734840.8590078, 1788734841.4189386, 1788734842.0326371, 1788734842.6711187, 1788734843.3322396, 1788734844.0185175, 1788734844.7318456, 1788734845.4691885, 1788734846.127256, 1788734846.687247, 1788734847.2981105, 1788734847.9322827, 1788734848.5877879, 1788734849.2690735, 1788734849.972919, 1788734850.6457317, 1788734851.204305, 1788734851.8111362, 1788734852.441923]","[1, 4, 2, 1, 4, 1, 3, 1, 1, 2, 1, 4, 1, 2, 3, 2, 1, 3, 3, 4, 1, 2, 1, 3, 1, 4, 2, 3, 2, 3, 1, 1, 3, 1, 2, 1, 1, 1, 1, 5, 3, 4, 1, 3, 2, 5, 2, 1, 2, 1, 2, 3, 2, 4, 2, 1, 3, 4, 5, 2, 3, 1, 3, 3, 2, 6, 3, 1, 3, 3, 2, 8, 2]"
User-005,0,trace_0568,1788734856.44445,streaming,20311,131,131,0,317,37.96838974952698,72.53734517097473,0.26591504170344427,0.0,0,True,,1788734783.906757,1788734821.8751469,1788734856.4441023,"[1788734821.8751469, 1788734822.4385195, 1788734823.0613387, 1788734823.7041106, 1788734824.3740835, 1788734825.0708375, 1788734825.7906687, 1788734826.5375319, 1788734827.1743228, 1788734827.7420297, 1788734828.353253, 1788734828.9912581, 1788734829.6569304, 1788734830.3455071, 1788734831.0631113, 1788734831.8047771, 1788734832.5768042, 1788734833.371237, 1788734834.098983, 1788734834.6496165, 1788734835.2584088, 1788734835.8927944, 1788734836.549205, 1788734837.229518, 1788734837.9369152, 1788734838.6719465, 1788734839.4324565, 1788734840.218217, 1788734840.8583953, 1788734841.4184284, 1788734842.0321398, 1788734842.6705964, 1788734843.33173, 1788734844.0179749, 1788734844.731308, 1788734845.4686544, 1788734846.126756, 1788734846.6867242, 1788734847.2975974, 1788734847.9317827, 1788734848.5872715, 1788734849.2685256, 1788734849.9723945, 1788734850.64525, 1788734851.2037642, 1788734851.8106146, 1788734852.4413588, 1788734853.093535, 1788734853.765524, 1788734854.464796, 1788734855.1897254, 1788734855.890212, 1788734856.4428418]","[1, 1, 5, 3, 2, 3, 1, 1, 2, 3, 2, 3, 1, 5, 2, 1, 3, 3, 1, 2, 2, 1, 1, 1, 5, 2, 6, 2, 1, 1, 1, 2, 2, 9, 4, 2, 2, 2, 1, 1, 2, 2, 3, 1, 9, 2, 9, 1, 3, 2, 1, 2, 1]"
User-004,0,trace_0629,1788734867.97506,streaming,18361,185,185,0,286,32.069724559783936,84.12594509124756,0.28291424201882404,0.0,0,True,,1788734783.848934,1788734815.9186585,1788734867.974879,"[1788734815.9186585, 1788734816.4763074, 1788734817.0905147, 1788734817.7183213, 1788734818.3772168, 1788734819.0619664, 1788734819.769353, 1788734820.5080748, 1788734821.2694159, 1788734821.8732884, 1788734822.436739, 1788734823.059827, 1788734823.7025163, 1788734824.3724036, 1788734825.0692165, 1788734825.7891285, 1788734826.5359352, 1788734827.17281, 1788734827.740083, 1788734828.3522036, 1788734828.9901936, 1788734829.655908, 1788734830.3444488, 1788734831.0619822, 1788734831.8037481, 1788734832.57577, 1788734833.3701656, 1788734834.0971441, 1788734834.6480112, 1788734835.256841, 1788734835.8912342, 1788734836.5476587, 1788734837.2279878, 1788734837.9353118, 1788734838.6703298, 1788734839.4308548, 1788734840.2167206, 1788734840.8566222, 1788734841.4168386, 1788734842.0305247, 1788734842.6689503, 1788734843.3300958, 1788734844.0163467, 1788734844.729749, 1788734845.4670389, 1788734846.125232, 1788734846.685134, 1788734847.2960207, 1788734847.9301023, 1788734848.5856373, 1788734849.2668905, 1788734849.9708242, 1788734850.6437898, 1788734851.2021728, 1788734851.8090289, 1788734852.4397967, 1788734853.091954, 1788734853.7639449, 1788734854.4635315, 1788734855.1881084, 1788734855.8878129, 1788734856.4407444, 1788734857.0414808, 1788734857.669101, 1788734858.3191977, 1788734858.9933043, 1788734859.6935482, 1788734860.4182234, 1788734861.1048927, 1788734861.660112, 1788734862.2652109, 1788734862.8924913, 1788734863.5441065, 1788734864.2157686, 1788734864.91882, 1788734865.6432788, 1788734866.3961263, 1788734867.169363, 1788734867.9714406]","[1, 1, 1, 3, 1, 4, 4, 3, 2, 1, 6, 1, 2, 7, 1, 2, 3, 2, 3, 1, 3, 3, 3, 7, 1, 1, 1, 1, 3, 2, 2, 3, 2, 6, 3, 4, 1, 1, 1, 2, 2, 2, 1, 1, 3, 9, 1, 1, 3, 4, 2, 1, 1, 2, 1, 3, 2, 2, 1, 3, 5, 1, 2, 2, 2, 4, 2, 3, 1, 3, 1, 1, 2, 3, 4, 1, 1, 2, 1]"
User-003,0,trace_0714,1788734871.7305622,streaming,21916,225,225,0,342,26.9015896320343,87.928386926651,0.2724410593509674,0.0,0,True,,1788734783.802069,1788734810.7036586,1788734871.7304559,"[1788734810.7036586, 1788734811.247988, 1788734811.8494928, 1788734812.4784653, 1788734813.1300857, 1788734813.8108146, 1788734814.5155854, 1788734815.2470512, 1788734815.9170957, 1788734816.4750695, 1788734817.0892982, 1788734817.7170944, 1788734818.375996, 1788734819.0607553, 1788734819.7681284, 1788734820.5068464, 1788734821.2682333, 1788734821.8719466, 1788734822.4355412, 1788734823.058479, 1788734823.701262, 1788734824.371173, 1788734825.0679944, 1788734825.7878988, 1788734826.53471, 1788734827.1707067, 1788734827.7381275, 1788734828.3504295, 1788734828.988447, 1788734829.6541564, 1788734830.3426034, 1788734831.0601542, 1788734831.8019874, 1788734832.5739405, 1788734833.3683674, 1788734834.095266, 1788734834.6462235, 1788734835.2551374, 1788734835.8893821, 1788734836.5458117, 1788734837.226188, 1788734837.9335501, 1788734838.6686199, 1788734839.4290617, 1788734840.2149758, 1788734840.8538864, 1788734841.4144197, 1788734842.0282516, 1788734842.6666176, 1788734843.3277957, 1788734844.0140283, 1788734844.7274997, 1788734845.4647052, 1788734846.1231337, 1788734846.6827796, 1788734847.2937632, 1788734847.9279718, 1788734848.5834658, 1788734849.264614, 1788734849.9685829, 1788734850.640834, 1788734851.1992035, 1788734851.806328, 1788734852.4370353, 1788734853.0892472, 1788734853.7611825, 1788734854.4608133, 1788734855.185374, 1788734855.8819041, 1788734856.4380589, 1788734857.038775, 1788734857.6662464, 1788734858.316456, 1788734858.99047, 1788734859.6908574, 1788734860.4154909, 1788734861.1022189, 1788734861.6572483, 1788734862.2624707, 1788734862.8896408, 1788734863.5412636, 1788734864.2130418, 1788734864.9160633, 1788734865.6404738, 1788734866.3932223, 1788734867.1665564, 1788734867.9686615, 1788734868.7875373, 1788734869.6369147, 1788734870.5160964, 1788734871.1671715, 1788734871.724346]","[1, 4, 2, 1, 2, 2, 2, 1, 4, 4, 1, 1, 2, 3, 3, 2, 3, 2, 1, 5, 2, 1, 2, 2, 1, 2, 3, 2, 2, 2, 7, 1, 2, 4, 1, 1, 4, 2, 1, 6, 1, 2, 1, 7, 3, 1, 2, 3, 3, 2, 1, 1, 6, 2, 2, 2, 1, 2, 3, 2, 1, 2, 2, 1, 1, 6, 2, 1, 3, 1, 1, 2, 3, 3, 4, 1, 1, 1, 1, 3, 9, 3, 3, 2, 3, 1, 1, 2, 3, 9, 7, 1]"
User-009,0,trace_0313,1788734880.3414266,streaming,12330,368,368,0,192,8.210273742675781,96.31954622268677,0.24007976152591548,0.0,0,True,,1788734784.0217655,1788734792.2320392,1788734880.3413117,"[1788734792.2320392, 1788734792.8054576, 1788734793.425274, 1788734794.0696056, 1788734794.7583504, 1788734795.305944, 1788734795.9019318, 1788734796.526796, 1788734797.177254, 1788734797.8554857, 1788734798.5617452, 1788734799.1634965, 1788734799.7346566, 1788734800.3564405, 1788734801.0032735, 1788734801.675696, 1788734802.3731062, 1788734803.1024463, 1788734803.8539844, 1788734804.6030366, 1788734805.155159, 1788734805.7610617, 1788734806.3898864, 1788734807.0457768, 1788734807.7270951, 1788734808.4359167, 1788734809.1694791, 1788734809.9317937, 1788734810.7066524, 1788734811.2508419, 1788734811.8526738, 1788734812.481193, 1788734813.1372957, 1788734813.8137283, 1788734814.5184014, 1788734815.2498603, 1788734815.9207263, 1788734816.4785256, 1788734817.092652, 1788734817.7204146, 1788734818.3793075, 1788734819.0641212, 1788734819.7714896, 1788734820.510121, 1788734821.2715807, 1788734821.8761408, 1788734822.4397933, 1788734823.0624285, 1788734823.7052648, 1788734824.3754768, 1788734825.0719144, 1788734825.7917557, 1788734826.5385804, 1788734827.1753294, 1788734827.7431843, 1788734828.3542864, 1788734828.992368, 1788734829.65796, 1788734830.3466003, 1788734831.064173, 1788734831.8058033, 1788734832.5778584, 1788734833.3723235, 1788734834.0999851, 1788734834.6506865, 1788734835.259478, 1788734835.8938427, 1788734836.5502002, 1788734837.2305744, 1788734837.937956, 1788734838.6729584, 1788734839.4335167, 1788734840.2231324, 1788734840.8595688, 1788734841.4194367, 1788734842.033154, 1788734842.6716528, 1788734843.3327706, 1788734844.0191312, 1788734844.7322345, 1788734845.469698, 1788734846.12776, 1788734846.687764, 1788734847.2986224, 1788734847.932795, 1788734848.5882967, 1788734849.269578, 1788734849.9734054, 1788734850.6462152, 1788734851.2047982, 1788734851.8116596, 1788734852.4427812, 1788734853.0940564, 1788734853.7660384, 1788734854.465196, 1788734855.1902337, 1788734855.8907213, 1788734856.4436588, 1788734857.043585, 1788734857.6712556, 1788734858.3212802, 1788734858.9954264, 1788734859.6956663, 1788734860.4203105, 1788734861.1076708, 1788734861.6627233, 1788734862.2679121, 1788734862.8951528, 1788734863.546697, 1788734864.2183907, 1788734864.9214468, 1788734865.64585, 1788734866.398813, 1788734867.1720412, 1788734867.9745164, 1788734868.7920856, 1788734869.6418638, 1788734870.5210922, 1788734871.1726644, 1788734871.7301013, 1788734872.3422086, 1788734872.9812994, 1788734873.6422794, 1788734874.3290734, 1788734875.042569, 1788734875.7829254, 1788734876.5515292, 1788734877.1815894, 1788734877.7454607, 1788734878.3608458, 1788734878.9963334, 1788734879.6554632, 1788734880.3405643]","[1, 1, 1, 3, 1, 4, 4, 3, 1, 1, 2, 2, 2, 2, 2, 2, 2, 1, 2, 1, 6, 1, 1, 2, 3, 1, 4, 7, 5, 3, 2, 8, 1, 3, 3, 1, 2, 3, 2, 2, 3, 1, 5, 6, 2, 3, 4, 3, 1, 4, 2, 2, 2, 2, 2, 2, 5, 3, 6, 3, 2, 3, 3, 1, 1, 2, 9, 2, 2, 2, 2, 3, 3, 4, 4, 5, 1, 8, 1, 2, 1, 1, 2, 2, 6, 2, 3, 1, 1, 1, 6, 3, 2, 1, 7, 2, 2, 2, 2, 2, 2, 1, 2, 3, 2, 2, 1, 4, 1, 1, 9, 4, 2, 5, 1, 2, 9, 5, 1, 1, 5, 3, 2, 2, 1, 1, 1, 9, 3, 2, 1, 9, 3]"
User-033,0,trace_0538,1788734893.4312634,streaming,11642,393,393,0,155,9.681448221206665,108.35340929031372,0.2517141864007833,0.0,0,True,,1788734785.0777886,1788734794.7592368,1788734893.431198,"[1788734794.7592368, 1788734795.306537, 1788734795.9025662, 1788734796.5274105, 1788734797.1778116, 1788734797.8560429, 1788734798.5622995, 1788734799.1639943, 1788734799.735216, 1788734800.3569455, 1788734801.0037923, 1788734801.676225, 1788734802.373657, 1788734803.1030211, 1788734803.8545134, 1788734804.6016817, 1788734805.1538575, 1788734805.7600307, 1788734806.3888626, 1788734807.044729, 1788734807.726013, 1788734808.4348447, 1788734809.168407, 1788734809.93077, 1788734810.7055886, 1788734811.2497597, 1788734811.851448, 1788734812.4802055, 1788734813.1362324, 1788734813.8126645, 1788734814.5173552, 1788734815.24882, 1788734815.919722, 1788734816.4774725, 1788734817.0916064, 1788734817.7193832, 1788734818.3782485, 1788734819.063051, 1788734819.7704158, 1788734820.5091033, 1788734821.2705083, 1788734821.8743124, 1788734822.4378152, 1788734823.0608442, 1788734823.7036, 1788734824.3735607, 1788734825.0702736, 1788734825.7901492, 1788734826.5370138, 1788734827.17384, 1788734827.7414966, 1788734828.3527186, 1788734828.9907062, 1788734829.6564112, 1788734830.3449843, 1788734831.0625284, 1788734831.8042774, 1788734832.5762787, 1788734833.3706856, 1788734834.0984526, 1788734834.6490326, 1788734835.257857, 1788734835.8922517, 1788734836.5486832, 1788734837.2290199, 1788734837.9363837, 1788734838.6713893, 1788734839.4319437, 1788734840.2177186, 1788734840.8577898, 1788734841.4178793, 1788734842.0315623, 1788734842.670018, 1788734843.331136, 1788734844.0173743, 1788734844.7307982, 1788734845.468078, 1788734846.1262538, 1788734846.686209, 1788734847.2971034, 1788734847.9311502, 1788734848.5867116, 1788734849.2679968, 1788734849.9718735, 1788734850.6447566, 1788734851.203261, 1788734851.8101041, 1788734852.4408653, 1788734853.093037, 1788734853.76502, 1788734854.4644134, 1788734855.189234, 1788734855.889649, 1788734856.4423027, 1788734857.043068, 1788734857.6707067, 1788734858.3207765, 1788734858.9949026, 1788734859.6951447, 1788734860.419806, 1788734861.1063693, 1788734861.6616879, 1788734862.2668529, 1788734862.8941126, 1788734863.5456805, 1788734864.2173836, 1788734864.9204373, 1788734865.644851, 1788734866.3977563, 1788734867.1709514, 1788734867.9734676, 1788734868.7913234, 1788734869.640825, 1788734870.520039, 1788734871.1716838, 1788734871.7290723, 1788734872.341198, 1788734872.9802725, 1788734873.6412346, 1788734874.328067, 1788734875.0415723, 1788734875.781887, 1788734876.550466, 1788734877.1805844, 1788734877.7444437, 1788734878.3596876, 1788734878.9955723, 1788734879.6544278, 1788734880.3395035, 1788734881.0456228, 1788734881.832041, 1788734882.5520215, 1788734883.3406112, 1788734884.149101, 1788734884.9830503, 1788734885.691655, 1788734886.2431612, 1788734886.849808, 1788734887.4852135, 1788734888.1389418, 1788734888.819908, 1788734889.5211465, 1788734890.2526286, 1788734891.0100105, 1788734891.7927375, 1788734892.5975618, 1788734893.4293973]","[1, 1, 5, 3, 1, 1, 3, 2, 2, 4, 4, 3, 2, 2, 2, 1, 1, 1, 1, 1, 3, 3, 3, 3, 3, 3, 5, 3, 1, 2, 1, 5, 4, 3, 2, 4, 1, 9, 2, 1, 1, 1, 7, 1, 2, 2, 1, 2, 1, 1, 3, 3, 2, 1, 3, 3, 1, 1, 5, 3, 3, 4, 3, 5, 1, 5, 1, 4, 1, 7, 2, 4, 3, 2, 5, 1, 3, 3, 2, 1, 9, 9, 3, 5, 3, 2, 3, 1, 2, 2, 2, 1, 3, 3, 1, 8, 1, 1, 2, 1, 1, 1, 4, 1, 2, 1, 1, 1, 1, 8, 2, 1, 1, 4, 2, 1, 1, 5, 3, 1, 2, 9, 9, 1, 4, 2, 1, 2, 2, 2, 2, 9, 2, 1, 2, 1, 9, 1, 1, 1, 4, 2, 2, 1, 9, 1, 1]"
User-017,2,trace_0726,1788734902.3890202,streaming,20944,127,127,317,3,92.60317850112915,117.81359887123108,0.2000827013500153,6.0,0,True,,1788734784.5753393,1788734877.1785178,1788734902.3889382,"[1788734877.1785178, 1788734877.7422526, 1788734878.3546522, 1788734878.9933555, 1788734879.6521683, 1788734880.3373523, 1788734881.0434456, 1788734881.8309884, 1788734882.5497541, 1788734883.338486, 1788734884.1469285, 1788734884.980889, 1788734885.689596, 1788734886.2409608, 1788734886.847675, 1788734887.4815388, 1788734888.136743, 1788734888.8177671, 1788734889.519021, 1788734890.250436, 1788734891.0079436, 1788734891.790583, 1788734892.5951416, 1788734893.4272332, 1788734894.281543, 1788734895.0310197, 1788734895.579299, 1788734896.188233, 1788734896.8199112, 1788734897.4772499, 1788734898.154994, 1788734898.8579047, 1788734899.5847955, 1788734900.3416932, 1788734901.1276379, 1788734901.824932, 1788734902.3848345]","[1, 2, 4, 3, 6, 2, 2, 1, 8, 2, 9, 1, 2, 2, 4, 2, 7, 1, 1, 3, 1, 4, 7, 3, 3, 2, 5, 1, 4, 3, 2, 3, 2, 5, 9, 5, 5]"
User-029,0,trace_0579,1788734906.3994744,streaming,18429,180,180,0,287,76.65073370933533,121.94289636611938,0.2530288416580115,0.0,0,True,,1788734784.456457,1788734861.1071906,1788734906.3993533,"[1788734861.1071906, 1788734861.6621888, 1788734862.2673843, 1788734862.8946304, 1788734863.546197, 1788734864.2178822, 1788734864.9209328, 1788734865.6453407, 1788734866.3982637, 1788734867.1715274, 1788734867.9739883, 1788734868.7917066, 1788734869.641344, 1788734870.5205715, 1788734871.1721714, 1788734871.729568, 1788734872.3416986, 1788734872.9807959, 1788734873.6417584, 1788734874.328578, 1788734875.0420625, 1788734875.7824166, 1788734876.551021, 1788734877.1810954, 1788734877.7449644, 1788734878.3602192, 1788734878.9959533, 1788734879.654951, 1788734880.3400314, 1788734881.046148, 1788734881.8322978, 1788734882.5525842, 1788734883.3411217, 1788734884.1496184, 1788734884.9835768, 1788734885.6921618, 1788734886.2436974, 1788734886.8503137, 1788734887.485726, 1788734888.1394455, 1788734888.820436, 1788734889.5216522, 1788734890.2531354, 1788734891.0105107, 1788734891.7932632, 1788734892.5980697, 1788734893.4301853, 1788734894.2839017, 1788734895.0338578, 1788734895.581949, 1788734896.1908753, 1788734896.8225403, 1788734897.4799051, 1788734898.157638, 1788734898.8604965, 1788734899.5874677, 1788734900.3443666, 1788734901.130324, 1788734901.8283274, 1788734902.388286, 1788734902.9991796, 1788734903.6287544, 1788734904.286999, 1788734904.9646325, 1788734905.6679897, 1788734906.3980422]","[1, 1, 5, 2, 1, 1, 1, 3, 1, 2, 5, 1, 2, 2, 2, 1, 3, 2, 4, 1, 2, 2, 1, 2, 1, 7, 1, 3, 1, 1, 3, 9, 2, 1, 1, 2, 2, 7, 1, 2, 2, 2, 1, 2, 9, 6, 7, 2, 2, 4, 1, 2, 9, 1, 2, 6, 1, 1, 4, 2, 5, 2, 9, 1, 2, 3]"
User-007,0,trace_0398,1788734910.4480014,streaming,13069,443,443,0,203,5.18286657333374,126.50874519348145,0.2744929380546328,0.0,0,True,,1788734783.939195,1788734789.1220615,1788734910.44794,"[1788734789.1220615, 1788734789.6891232, 1788734790.3079135, 1788734790.9530363, 1788734791.6262426, 1788734792.2311172, 1788734792.8048084, 1788734793.4245348, 1788734794.0689218, 1788734794.7577407, 1788734795.3053312, 1788734795.9011347, 1788734796.5261025, 1788734797.1766155, 1788734797.8548703, 1788734798.561086, 1788734799.1619308, 1788734799.7334237, 1788734800.3552308, 1788734801.0019534, 1788734801.674477, 1788734802.3718941, 1788734803.1012142, 1788734803.852739, 1788734804.600404, 1788734805.1526191, 1788734805.7588563, 1788734806.3876693, 1788734807.043507, 1788734807.724832, 1788734808.4335985, 1788734809.167082, 1788734809.9295216, 1788734810.7044466, 1788734811.2485893, 1788734811.8502593, 1788734812.4790926, 1788734813.1307197, 1788734813.8114789, 1788734814.5162191, 1788734815.2476501, 1788734815.9177518, 1788734816.475696, 1788734817.089922, 1788734817.7176957, 1788734818.3765981, 1788734819.0613773, 1788734819.7687445, 1788734820.5074708, 1788734821.2688284, 1788734821.872674, 1788734822.4361393, 1788734823.0591888, 1788734823.7019026, 1788734824.3717687, 1788734825.0686154, 1788734825.7885246, 1788734826.5353327, 1788734827.171406, 1788734827.7389529, 1788734828.3510752, 1788734828.9890714, 1788734829.6547863, 1788734830.3432965, 1788734831.060785, 1788734831.8025906, 1788734832.5745862, 1788734833.3689845, 1788734834.096003, 1788734834.646876, 1788734835.2557402, 1788734835.8899856, 1788734836.5464633, 1788734837.2268276, 1788734837.9341574, 1788734838.6692243, 1788734839.429694, 1788734840.2155886, 1788734840.8554618, 1788734841.4156535, 1788734842.0295017, 1788734842.6678753, 1788734843.329059, 1788734844.015282, 1788734844.7287023, 1788734845.4659357, 1788734846.124254, 1788734846.6839652, 1788734847.2949684, 1788734847.9291124, 1788734848.584636, 1788734849.2658176, 1788734849.969757, 1788734850.6428106, 1788734851.2011614, 1788734851.8080149, 1788734852.4387577, 1788734853.0909154, 1788734853.7628982, 1788734854.4624503, 1788734855.1870656, 1788734855.8867805, 1788734856.4397128, 1788734857.0404294, 1788734857.6679988, 1788734858.3181062, 1788734858.992195, 1788734859.6925204, 1788734860.4171853, 1788734861.1038864, 1788734861.6591048, 1788734862.264183, 1788734862.8914132, 1788734863.5430381, 1788734864.214726, 1788734864.9177434, 1788734865.6421847, 1788734866.3950624, 1788734867.1683202, 1788734867.9703143, 1788734868.789237, 1788734869.6386235, 1788734870.517819, 1788734871.1688676, 1788734871.7262504, 1788734872.3385289, 1788734872.977175, 1788734873.638551, 1788734874.3253188, 1788734875.0389884, 1788734875.7792637, 1788734876.5477889, 1788734877.177188, 1788734877.7412229, 1788734878.3536456, 1788734878.9923413, 1788734879.6510305, 1788734880.3362644, 1788734881.042365, 1788734881.8304455, 1788734882.5486948, 1788734883.337411, 1788734884.145838, 1788734884.9798622, 1788734885.6885557, 1788734886.2399457, 1788734886.8466098, 1788734887.4805198, 1788734888.1356647, 1788734888.816683, 1788734889.5179598, 1788734890.249397, 1788734891.006894, 1788734891.7895465, 1788734892.594068, 1788734893.426131, 1788734894.2803414, 1788734895.0299635, 1788734895.578094, 1788734896.1872094, 1788734896.8188772, 1788734897.476187, 1788734898.1539226, 1788734898.8568857, 1788734899.5837595, 1788734900.3406348, 1788734901.1265378, 1788734901.8239155, 1788734902.3837788, 1788734902.9933078, 1788734903.6250217, 1788734904.28331, 1788734904.9610543, 1788734905.664131, 1788734906.3941898, 1788734907.146294, 1788734907.934261, 1788734908.749585, 1788734909.5830712, 1788734910.4435387]","[1, 1, 5, 4, 1, 3, 3, 2, 2, 4, 2, 2, 2, 2, 2, 1, 6, 3, 3, 2, 1, 4, 3, 1, 6, 5, 1, 4, 2, 2, 2, 3, 2, 1, 6, 1, 2, 3, 6, 3, 2, 3, 3, 3, 3, 4, 1, 3, 1, 1, 2, 1, 7, 1, 3, 1, 1, 1, 2, 2, 4, 2, 4, 2, 5, 3, 2, 6, 3, 1, 2, 5, 2, 1, 2, 1, 2, 2, 3, 1, 1, 4, 1, 3, 4, 2, 3, 2, 1, 1, 2, 1, 5, 2, 3, 4, 5, 1, 3, 4, 4, 1, 1, 5, 5, 2, 1, 4, 1, 1, 2, 1, 4, 3, 1, 1, 2, 1, 2, 3, 1, 2, 1, 2, 1, 4, 1, 2, 4, 1, 2, 2, 5, 2, 1, 1, 9, 2, 1, 3, 3, 3, 8, 2, 1, 2, 1, 1, 2, 6, 2, 3, 3, 2, 1, 1, 1, 1, 2, 6, 3, 3, 1, 2, 2, 1, 5, 1, 3, 2, 4, 1, 2, 2, 1, 1, 2, 1, 3, 1]"
User-020,0,trace_0108,1788734913.1670024,streaming,16565,219,219,0,258,66.33106303215027,128.85620665550232,0.2868125854282204,0.0,0,True,,1788734784.3106987,1788734850.6417618,1788734913.1669054,"[1788734850.6417618, 1788734851.1999724, 1788734851.806977, 1788734852.4376478, 1788734853.089868, 1788734853.761813, 1788734854.4614067, 1788734855.1859806, 1788734855.8825357, 1788734856.4386654, 1788734857.0393765, 1788734857.666895, 1788734858.3170714, 1788734858.9910913, 1788734859.6914933, 1788734860.416113, 1788734861.102723, 1788734861.6578476, 1788734862.263111, 1788734862.8902872, 1788734863.54191, 1788734864.2136815, 1788734864.9167001, 1788734865.6410909, 1788734866.3939133, 1788734867.1672173, 1788734867.969277, 1788734868.7881515, 1788734869.637529, 1788734870.5167284, 1788734871.167861, 1788734871.7251766, 1788734872.3373108, 1788734872.976046, 1788734873.6373756, 1788734874.3241603, 1788734875.0377817, 1788734875.7780476, 1788734876.5466194, 1788734877.1760159, 1788734877.740114, 1788734878.3524647, 1788734878.9911203, 1788734879.6498559, 1788734880.3350873, 1788734881.0412066, 1788734881.8299265, 1788734882.5475204, 1788734883.336073, 1788734884.1446998, 1788734884.9786448, 1788734885.6873584, 1788734886.2388384, 1788734886.8453255, 1788734887.4793212, 1788734888.1344476, 1788734888.8155081, 1788734889.5167782, 1788734890.2482567, 1788734891.0056753, 1788734891.7883613, 1788734892.5929048, 1788734893.4249692, 1788734894.279166, 1788734895.0288131, 1788734895.5768209, 1788734896.1860359, 1788734896.8177125, 1788734897.4750626, 1788734898.1527412, 1788734898.8557563, 1788734899.5825758, 1788734900.3393822, 1788734901.12541, 1788734901.8227818, 1788734902.3825378, 1788734902.9921727, 1788734903.6239276, 1788734904.282097, 1788734904.959872, 1788734905.6628711, 1788734906.3930364, 1788734907.1451554, 1788734907.9331238, 1788734908.7484365, 1788734909.5819128, 1788734910.4422874, 1788734911.3306003, 1788734911.9885895, 1788734912.5404508, 1788734913.161313]","[1, 4, 2, 1, 2, 1, 1, 1, 1, 1, 2, 3, 1, 2, 1, 3, 1, 2, 3, 4, 4, 1, 1, 1, 1, 7, 1, 2, 2, 2, 2, 1, 1, 2, 6, 3, 5, 5, 1, 4, 1, 4, 1, 2, 1, 3, 1, 4, 3, 2, 1, 4, 1, 1, 5, 6, 3, 6, 1, 1, 6, 5, 5, 1, 1, 1, 2, 3, 1, 1, 1, 1, 6, 2, 1, 2, 1, 4, 6, 4, 1, 1, 1, 3, 1, 2, 6, 1, 1, 1, 7]"
User-019,0,trace_0587,1788734915.8752863,streaming,19032,253,253,0,297,61.85458159446716,131.60724520683289,0.27679628417605445,0.0,0,True,,1788734784.2678812,1788734846.1224627,1788734915.8751264,"[1788734846.1224627, 1788734846.6820066, 1788734847.2931018, 1788734847.9273756, 1788734848.5828702, 1788734849.2639897, 1788734849.967983, 1788734850.6402135, 1788734851.1985538, 1788734851.8057353, 1788734852.4364104, 1788734853.0885894, 1788734853.7605662, 1788734854.460185, 1788734855.1847742, 1788734855.8812666, 1788734856.4374313, 1788734857.0381382, 1788734857.6656241, 1788734858.3158438, 1788734858.989691, 1788734859.6902168, 1788734860.4148922, 1788734861.1015458, 1788734861.6564674, 1788734862.2618675, 1788734862.8890426, 1788734863.5406508, 1788734864.2123973, 1788734864.915437, 1788734865.6398606, 1788734866.392479, 1788734867.165919, 1788734867.9680326, 1788734868.786929, 1788734869.6362948, 1788734870.515486, 1788734871.1664057, 1788734871.7236276, 1788734872.336681, 1788734872.975458, 1788734873.6367562, 1788734874.3235493, 1788734875.0371659, 1788734875.777451, 1788734876.546006, 1788734877.1753883, 1788734877.7394865, 1788734878.3518677, 1788734878.9903965, 1788734879.6491206, 1788734880.3343925, 1788734881.0405064, 1788734881.8295627, 1788734882.5468478, 1788734883.335474, 1788734884.1440816, 1788734884.9779878, 1788734885.6865509, 1788734886.2381768, 1788734886.8446932, 1788734887.4786043, 1788734888.1338093, 1788734888.81488, 1788734889.5161176, 1788734890.2476509, 1788734891.005045, 1788734891.7877243, 1788734892.5922952, 1788734893.4243686, 1788734894.278518, 1788734895.028141, 1788734895.576226, 1788734896.1854312, 1788734896.8171113, 1788734897.4744344, 1788734898.152132, 1788734898.8551693, 1788734899.58197, 1788734900.3387032, 1788734901.124807, 1788734901.8220754, 1788734902.381927, 1788734902.991554, 1788734903.62325, 1788734904.281477, 1788734904.959225, 1788734905.6621547, 1788734906.3923993, 1788734907.1445203, 1788734907.932518, 1788734908.7478068, 1788734909.581267, 1788734910.4416878, 1788734911.3299792, 1788734911.98787, 1788734912.5398357, 1788734913.1606266, 1788734913.7974293, 1788734914.4639487, 1788734915.153358, 1788734915.8709812]","[1, 1, 1, 3, 1, 4, 1, 3, 3, 1, 1, 1, 1, 5, 2, 4, 1, 1, 3, 1, 1, 2, 1, 6, 1, 1, 1, 2, 3, 1, 4, 1, 2, 1, 1, 5, 1, 1, 3, 2, 1, 2, 1, 1, 1, 3, 1, 2, 1, 3, 8, 1, 7, 2, 1, 2, 2, 5, 3, 1, 2, 5, 1, 1, 8, 2, 4, 6, 3, 2, 3, 1, 1, 3, 2, 1, 3, 1, 2, 1, 3, 7, 2, 3, 1, 3, 5, 1, 1, 9, 2, 3, 8, 1, 4, 3, 5, 1, 2, 2, 2, 6]"
User-026,0,trace_0569,1788734916.6540203,streaming,18579,191,191,0,289,71.48023390769958,132.2450451850891,0.319814796196787,0.0,0,True,,1788734784.4089143,1788734855.8891482,1788734916.6539595,"[1788734855.8891482, 1788734856.4418035, 1788734857.0425484, 1788734857.6701913, 1788734858.3202753, 1788734858.9943793, 1788734859.6946204, 1788734860.419308, 1788734861.1058877, 1788734861.6612012, 1788734862.266334, 1788734862.8935654, 1788734863.5451868, 1788734864.2168705, 1788734864.9199092, 1788734865.644338, 1788734866.397237, 1788734867.1704323, 1788734867.9729447, 1788734868.7908475, 1788734869.6402986, 1788734870.5195236, 1788734871.1703432, 1788734871.7280366, 1788734872.3401392, 1788734872.9792023, 1788734873.6401284, 1788734874.3269238, 1788734875.0405257, 1788734875.7808168, 1788734876.549348, 1788734877.1795673, 1788734877.7433758, 1788734878.3585644, 1788734878.9944792, 1788734879.653364, 1788734880.3384547, 1788734881.0445662, 1788734881.8314936, 1788734882.5509386, 1788734883.3395424, 1788734884.1480575, 1788734884.9820158, 1788734885.6906376, 1788734886.2421145, 1788734886.848767, 1788734887.4825711, 1788734888.137894, 1788734888.818881, 1788734889.5201044, 1788734890.2515736, 1788734891.0090098, 1788734891.7917228, 1788734892.596363, 1788734893.4283302, 1788734894.282887, 1788734895.032008, 1788734895.5803728, 1788734896.1892667, 1788734896.8210168, 1788734897.47834, 1788734898.1560876, 1788734898.858918, 1788734899.5859053, 1788734900.3427706, 1788734901.1287625, 1788734901.8260007, 1788734902.3863122, 1788734902.9968607, 1788734903.6266546, 1788734904.2848656, 1788734904.962577, 1788734905.6658537, 1788734906.3957846, 1788734907.1478798, 1788734907.9358342, 1788734908.7511442, 1788734909.584914, 1788734910.4454007, 1788734911.3328018, 1788734911.9908237, 1788734912.54264, 1788734913.1639395, 1788734913.7997656, 1788734914.466214, 1788734915.156018, 1788734915.8736722, 1788734916.652295]","[1, 1, 1, 4, 2, 1, 1, 1, 3, 1, 2, 5, 1, 2, 2, 3, 3, 2, 3, 1, 2, 1, 3, 1, 1, 1, 3, 1, 1, 2, 2, 3, 1, 3, 1, 2, 2, 3, 4, 7, 2, 2, 3, 1, 6, 1, 2, 2, 1, 1, 1, 1, 1, 3, 1, 3, 1, 4, 1, 1, 3, 2, 3, 2, 1, 3, 1, 9, 3, 1, 1, 1, 2, 1, 2, 2, 3, 3, 3, 4, 1, 2, 3, 2, 4, 1, 1, 5]"
User-008,0,trace_0707,1788734919.7030942,streaming,19408,381,381,0,302,43.181907415390015,135.71253895759583,0.2435016619531732,0.0,0,True,,1788734783.9904025,1788734827.1723099,1788734919.7029414,"[1788734827.1723099, 1788734827.7395725, 1788734828.3516805, 1788734828.9896755, 1788734829.6554086, 1788734830.3439326, 1788734831.0614424, 1788734831.803238, 1788734832.5752497, 1788734833.3696315, 1788734834.0966392, 1788734834.647491, 1788734835.2563317, 1788734835.89067, 1788734836.5471194, 1788734837.2274454, 1788734837.9347875, 1788734838.6698112, 1788734839.4302948, 1788734840.2161968, 1788734840.856045, 1788734841.41618, 1788734842.0300214, 1788734842.6684463, 1788734843.3295808, 1788734844.0158238, 1788734844.7292495, 1788734845.466482, 1788734846.1247485, 1788734846.684481, 1788734847.2954893, 1788734847.9296093, 1788734848.5851452, 1788734849.266331, 1788734849.9702895, 1788734850.6433153, 1788734851.201673, 1788734851.8085296, 1788734852.4392958, 1788734853.0914319, 1788734853.7634206, 1788734854.463014, 1788734855.1875935, 1788734855.8872907, 1788734856.4402149, 1788734857.0409586, 1788734857.668563, 1788734858.3186285, 1788734858.9927816, 1788734859.6930554, 1788734860.41769, 1788734861.1043775, 1788734861.6596105, 1788734862.264678, 1788734862.891934, 1788734863.543567, 1788734864.2152636, 1788734864.918256, 1788734865.642693, 1788734866.3955874, 1788734867.1688387, 1788734867.9708765, 1788734868.7897449, 1788734869.6391943, 1788734870.5183296, 1788734871.1693573, 1788734871.7269485, 1788734872.339087, 1788734872.9776924, 1788734873.6390927, 1788734874.3258648, 1788734875.0394998, 1788734875.7797716, 1788734876.5482972, 1788734877.177695, 1788734877.741751, 1788734878.3541474, 1788734878.992855, 1788734879.6516478, 1788734880.3367896, 1788734881.0429296, 1788734881.8307164, 1788734882.5492263, 1788734883.3379312, 1788734884.146375, 1788734884.9803786, 1788734885.68907, 1788734886.2404552, 1788734886.8471596, 1788734887.4810393, 1788734888.1361854, 1788734888.817247, 1788734889.5184727, 1788734890.2499182, 1788734891.007439, 1788734891.7900598, 1788734892.5945802, 1788734893.426635, 1788734894.2810104, 1788734895.03046, 1788734895.5787911, 1788734896.1877322, 1788734896.8194077, 1788734897.4767263, 1788734898.1544435, 1788734898.8574052, 1788734899.5842779, 1788734900.3411694, 1788734901.1271298, 1788734901.824421, 1788734902.384287, 1788734902.9938335, 1788734903.625555, 1788734904.283821, 1788734904.9615765, 1788734905.6646843, 1788734906.394696, 1788734907.1468418, 1788734907.9347925, 1788734908.750093, 1788734909.583712, 1788734910.4443297, 1788734911.3317623, 1788734911.9897702, 1788734912.5415962, 1788734913.1627092, 1788734913.7986166, 1788734914.4651816, 1788734915.1548176, 1788734915.872607, 1788734916.651788, 1788734917.3929636, 1788734918.1990447, 1788734919.0269854, 1788734919.6989877]","[1, 1, 5, 2, 1, 2, 4, 1, 2, 3, 1, 4, 1, 1, 4, 3, 3, 1, 2, 1, 2, 2, 1, 1, 1, 5, 2, 6, 2, 1, 2, 2, 1, 6, 1, 2, 1, 3, 1, 8, 4, 2, 9, 3, 5, 2, 2, 2, 2, 1, 3, 6, 3, 4, 9, 2, 2, 5, 4, 3, 1, 4, 2, 2, 7, 1, 9, 3, 7, 3, 1, 1, 6, 2, 1, 2, 2, 1, 1, 9, 3, 5, 6, 6, 2, 1, 4, 2, 2, 3, 4, 2, 2, 4, 1, 3, 2, 8, 2, 2, 1, 3, 1, 2, 1, 1, 3, 1, 1, 3, 3, 5, 1, 2, 2, 3, 8, 3, 1, 1, 1, 4, 2, 2, 3, 4, 2, 2, 5, 3, 1, 6, 2, 2, 1]"
User-022,19,trace_0418,1788734922.8933027,streaming,28117,173,173,423,4,101.05089139938354,138.25112009048462,0.21628039936686672,7.0,0,True,,1788734784.6420815,1788734885.692973,1788734922.8932016,"[1788734885.692973, 1788734886.2442071, 1788734886.8508565, 1788734887.4862192, 1788734888.13995, 1788734888.8209515, 1788734889.5221581, 1788734890.2536373, 1788734891.0110178, 1788734891.793785, 1788734892.5986092, 1788734893.4307559, 1788734894.2844045, 1788734895.0343642, 1788734895.58248, 1788734896.1913671, 1788734896.8230665, 1788734897.480426, 1788734898.1581504, 1788734898.8610115, 1788734899.588017, 1788734900.3448772, 1788734901.1308289, 1788734901.8288352, 1788734902.3886597, 1788734902.999696, 1788734903.6292582, 1788734904.2875254, 1788734904.96513, 1788734905.6685278, 1788734906.3988707, 1788734907.1500428, 1788734907.9379122, 1788734908.7532237, 1788734909.587017, 1788734910.4475975, 1788734911.3349035, 1788734911.9937246, 1788734912.5449398, 1788734913.1665397, 1788734913.8023865, 1788734914.4728675, 1788734915.1587136, 1788734915.8765488, 1788734916.6537364, 1788734917.396346, 1788734918.2023857, 1788734919.0303285, 1788734919.702411, 1788734920.2621272, 1788734920.8822036, 1788734921.5263438, 1788734922.1971686, 1788734922.8924878]","[1, 5, 2, 8, 1, 1, 2, 1, 1, 1, 1, 4, 3, 2, 5, 1, 2, 1, 4, 1, 2, 3, 2, 2, 7, 3, 9, 4, 1, 5, 5, 2, 9, 2, 1, 1, 6, 3, 2, 2, 2, 1, 3, 4, 1, 4, 8, 2, 9, 3, 2, 6, 7, 3]"
User-025,5,trace_0588,1788734925.5597632,streaming,30060,120,120,463,3,110.32301568984985,140.84985041618347,0.2565280229103665,7.0,0,True,,1788734784.7098114,1788734895.0328271,1788734925.5596619,"[1788734895.0328271, 1788734895.5808983, 1788734896.1898217, 1788734896.8215206, 1788734897.4788764, 1788734898.1566029, 1788734898.8594809, 1788734899.5864115, 1788734900.3433197, 1788734901.129278, 1788734901.826479, 1788734902.3869338, 1788734902.9975562, 1788734903.627174, 1788734904.2854486, 1788734904.9630935, 1788734905.6663666, 1788734906.396355, 1788734907.1484256, 1788734907.9363797, 1788734908.7516484, 1788734909.5854733, 1788734910.4460506, 1788734911.3333297, 1788734911.991326, 1788734912.5432086, 1788734913.1644716, 1788734913.8002708, 1788734914.4701595, 1788734915.1565387, 1788734915.874172, 1788734916.6527028, 1788734917.3941483, 1788734918.2001698, 1788734919.0281124, 1788734919.700358, 1788734920.259192, 1788734920.8794684, 1788734921.5236533, 1788734922.1942005, 1788734922.8898325, 1788734923.6063225, 1788734924.3521361, 1788734924.9863138, 1788734925.5562882]","[1, 3, 4, 1, 2, 2, 2, 4, 1, 3, 2, 1, 2, 1, 3, 1, 4, 8, 2, 4, 1, 4, 2, 2, 6, 1, 1, 2, 1, 2, 1, 4, 3, 6, 1, 2, 6, 3, 1, 2, 1, 1, 9, 6, 1]"
User-006,5,trace_0396,1788734926.8222911,streaming,31168,266,266,385,49,86.64373350143433,142.29476523399353,0.21000389333041208,11.0,0,True,,1788734784.527444,1788734871.1711774,1788734926.8222091,"[1788734871.1711774, 1788734871.7285383, 1788734872.3407009, 1788734872.9797113, 1788734873.640688, 1788734874.3275332, 1788734875.0410666, 1788734875.7813787, 1788734876.5499065, 1788734877.1800892, 1788734877.7438788, 1788734878.3591053, 1788734878.9950502, 1788734879.6538947, 1788734880.3390036, 1788734881.0451128, 1788734881.8317544, 1788734882.5514815, 1788734883.340058, 1788734884.1485662, 1788734884.9825244, 1788734885.6911368, 1788734886.242633, 1788734886.849268, 1788734887.4846776, 1788734888.1384218, 1788734888.8193843, 1788734889.5206022, 1788734890.2520804, 1788734891.0095136, 1788734891.7922254, 1788734892.596888, 1788734893.4288542, 1788734894.2834017, 1788734895.03333, 1788734895.5814264, 1788734896.1903472, 1788734896.8220265, 1788734897.4793878, 1788734898.1571136, 1788734898.8599882, 1788734899.586948, 1788734900.3438456, 1788734901.1297987, 1788734901.82699, 1788734902.387494, 1788734902.9981077, 1788734903.627687, 1788734904.285973, 1788734904.9636414, 1788734905.666916, 1788734906.3969223, 1788734907.1489267, 1788734907.9369073, 1788734908.7521873, 1788734909.585997, 1788734910.4465685, 1788734911.3338873, 1788734911.991852, 1788734912.5437727, 1788734913.1649845, 1788734913.800797, 1788734914.4710894, 1788734915.1571202, 1788734915.8746808, 1788734916.6529574, 1788734917.395224, 1788734918.2012463, 1788734919.029265, 1788734919.7013843, 1788734920.260942, 1788734920.8810544, 1788734921.5252416, 1788734922.1960075, 1788734922.8914359, 1788734923.6079178, 1788734924.3537564, 1788734924.9878979, 1788734925.5581884, 1788734926.171847, 1788734926.8213682]","[1, 2, 1, 2, 6, 4, 2, 3, 7, 2, 8, 2, 9, 2, 1, 1, 8, 3, 2, 6, 1, 9, 2, 5, 2, 3, 3, 6, 7, 3, 3, 6, 2, 1, 4, 2, 4, 3, 2, 3, 4, 2, 2, 5, 9, 2, 3, 1, 1, 1, 4, 2, 4, 3, 3, 1, 1, 1, 3, 3, 1, 4, 1, 4, 9, 3, 5, 8, 4, 3, 1, 2, 1, 3, 2, 5, 1, 6, 2, 1, 2]"
User-013,2,trace_0253,1788734947.1078582,streaming,22906,242,242,322,10,117.06436920166016,162.34430313110352,0.1878835432756986,15.0,0,True,,1788734784.763467,1788734901.8278363,1788734947.1077702,"[1788734901.8278363, 1788734902.3879108, 1788734902.9986377, 1788734903.628188, 1788734904.2864895, 1788734904.9641385, 1788734905.6674614, 1788734906.3974466, 1788734907.1494575, 1788734907.937423, 1788734908.7526987, 1788734909.586491, 1788734910.4470851, 1788734911.3343914, 1788734911.9923606, 1788734912.5441697, 1788734913.1654806, 1788734913.801346, 1788734914.47176, 1788734915.1576688, 1788734915.8757017, 1788734916.6532176, 1788734917.3958142, 1788734918.2017906, 1788734919.0298219, 1788734919.7019012, 1788734920.261601, 1788734920.8815928, 1788734921.525804, 1788734922.1965559, 1788734922.8919394, 1788734923.6084523, 1788734924.35428, 1788734924.9884226, 1788734925.558688, 1788734926.1724038, 1788734926.821749, 1788734927.4839673, 1788734928.1809754, 1788734928.9036324, 1788734929.6026409, 1788734930.1610134, 1788734930.7684648, 1788734931.401133, 1788734932.0562327, 1788734932.73741, 1788734933.4493682, 1788734934.1850827, 1788734934.9517624, 1788734935.727224, 1788734936.278494, 1788734936.8788803, 1788734937.506123, 1788734938.1585956, 1788734938.8343575, 1788734939.5349147, 1788734940.2651474, 1788734941.0237055, 1788734941.8048222, 1788734942.5389953, 1788734943.0815303, 1788734943.6900165, 1788734944.322784, 1788734944.9804876, 1788734945.661043, 1788734946.3692899, 1788734947.10646]","[1, 1, 3, 9, 1, 1, 1, 6, 8, 1, 3, 1, 1, 1, 3, 1, 7, 2, 6, 1, 2, 4, 2, 7, 1, 1, 1, 5, 9, 8, 1, 2, 5, 1, 2, 9, 2, 3, 1, 3, 3, 1, 1, 4, 1, 9, 5, 1, 9, 9, 1, 9, 9, 2, 8, 3, 2, 8, 5, 1, 5, 4, 3, 2, 1, 2, 7]"
User-001,0,trace_0712,1788734963.3804526,streaming,18851,119,119,0,294,141.33362579345703,179.7247278690338,0.3253483226743795,0.0,0,True,,1788734783.655617,1788734924.9892428,1788734963.3803449,"[1788734924.9892428, 1788734925.559329, 1788734926.1730156, 1788734926.8219988, 1788734927.4845016, 1788734928.181517, 1788734928.9042294, 1788734929.6031961, 1788734930.1615655, 1788734930.7689698, 1788734931.4016693, 1788734932.0567658, 1788734932.7379549, 1788734933.4499493, 1788734934.1856284, 1788734934.9523149, 1788734935.7277493, 1788734936.2790613, 1788734936.8794513, 1788734937.5066793, 1788734938.1591575, 1788734938.834923, 1788734939.5354705, 1788734940.2657018, 1788734941.024269, 1788734941.8053997, 1788734942.5394921, 1788734943.0820866, 1788734943.690544, 1788734944.3233123, 1788734944.980991, 1788734945.6615427, 1788734946.3697937, 1788734947.10734, 1788734947.867628, 1788734948.6641176, 1788734949.4832811, 1788734950.326429, 1788734951.095257, 1788734951.6417751, 1788734952.2515063, 1788734952.8852, 1788734953.5445127, 1788734954.2251449, 1788734954.9329908, 1788734955.5360007, 1788734956.1107175, 1788734956.7244058, 1788734957.3654444, 1788734958.0310519, 1788734958.720064, 1788734959.436805, 1788734960.177556, 1788734960.9531252, 1788734961.4997663, 1788734962.1006303, 1788734962.7221224, 1788734963.3791173]","[1, 1, 1, 3, 1, 4, 3, 1, 3, 1, 2, 6, 1, 2, 7, 1, 2, 1, 1, 2, 3, 1, 1, 3, 1, 1, 1, 1, 1, 1, 1, 1, 6, 1, 2, 2, 2, 1, 2, 1, 1, 1, 2, 1, 1, 4, 5, 2, 4, 2, 4, 2, 4, 1, 3, 2, 2, 1]"
User-021,2,trace_0266,1788734966.9928916,streaming,25895,217,217,346,7,134.80342626571655,182.09852862358093,0.2189588072123351,15.0,0,True,,1788734784.8942358,1788734919.697662,1788734966.9927645,"[1788734919.697662, 1788734920.2577865, 1788734920.8782268, 1788734921.5223696, 1788734922.192849, 1788734922.888644, 1788734923.6050873, 1788734924.3509386, 1788734924.9850285, 1788734925.5546968, 1788734926.1691456, 1788734926.8202205, 1788734927.4812942, 1788734928.1784081, 1788734928.9009955, 1788734929.5995078, 1788734930.1579454, 1788734930.7656183, 1788734931.3982904, 1788734932.0533962, 1788734932.734613, 1788734933.4463444, 1788734934.1823041, 1788734934.948927, 1788734935.7235637, 1788734936.2749326, 1788734936.875542, 1788734937.5028133, 1788734938.1552238, 1788734938.8310413, 1788734939.5315456, 1788734940.2616706, 1788734941.0200255, 1788734941.8014457, 1788734942.5346997, 1788734943.077527, 1788734943.686076, 1788734944.3189368, 1788734944.9766865, 1788734945.6570861, 1788734946.365328, 1788734947.1025677, 1788734947.863684, 1788734948.6602106, 1788734949.479421, 1788734950.3225672, 1788734951.0913856, 1788734951.6376874, 1788734952.2474833, 1788734952.8813152, 1788734953.540318, 1788734954.2211342, 1788734954.9289286, 1788734955.5313315, 1788734956.1062021, 1788734956.72, 1788734957.3610435, 1788734958.026572, 1788734958.715572, 1788734959.4323487, 1788734960.1731656, 1788734960.9479249, 1788734961.4944575, 1788734962.0953383, 1788734962.7169719, 1788734963.3741007, 1788734964.034278, 1788734964.7299047, 1788734965.4511595, 1788734966.1981447, 1788734966.9891303]","[1, 1, 2, 2, 2, 2, 2, 1, 2, 2, 3, 1, 2, 5, 1, 7, 2, 4, 5, 4, 4, 1, 5, 1, 1, 3, 4, 5, 4, 3, 2, 6, 2, 1, 1, 3, 2, 1, 1, 4, 1, 5, 3, 1, 2, 1, 3, 3, 3, 3, 4, 1, 6, 2, 3, 6, 1, 2, 2, 1, 7, 9, 9, 8, 1, 3, 3, 8, 2, 8, 1]"
User-015,7,trace_0687,1788734990.5709805,streaming,31527,309,309,480,7,127.15829515457153,205.73595809936523,0.25512228228829126,11.0,0,True,,1788734784.8348887,1788734911.9931839,1788734990.5708468,"[1788734911.9931839, 1788734912.5445447, 1788734913.1660175, 1788734913.8018649, 1788734914.4723382, 1788734915.1581879, 1788734915.8761513, 1788734916.6534803, 1788734917.3946614, 1788734918.2007225, 1788734919.028667, 1788734919.700887, 1788734920.2604256, 1788734920.8805354, 1788734921.524687, 1788734922.1954465, 1788734922.8909225, 1788734923.6074033, 1788734924.353252, 1788734924.9873989, 1788734925.5576863, 1788734926.1706367, 1788734926.8208354, 1788734927.482849, 1788734928.1798613, 1788734928.9023933, 1788734929.6007519, 1788734930.159322, 1788734930.7668898, 1788734931.3995862, 1788734932.0546432, 1788734932.7358613, 1788734933.4477286, 1788734934.1835692, 1788734934.9501486, 1788734935.7247403, 1788734936.276223, 1788734936.876779, 1788734937.5040436, 1788734938.1564884, 1788734938.8322933, 1788734939.5327716, 1788734940.2629828, 1788734941.0213604, 1788734941.8026857, 1788734942.536919, 1788734943.0793266, 1788734943.6878858, 1788734944.3206785, 1788734944.9783854, 1788734945.6589022, 1788734946.367147, 1788734947.1043446, 1788734947.865459, 1788734948.6619968, 1788734949.481167, 1788734950.3243241, 1788734951.0932117, 1788734951.6394572, 1788734952.2492962, 1788734952.8831055, 1788734953.5423052, 1788734954.2229533, 1788734954.9307954, 1788734955.5339863, 1788734956.1085546, 1788734956.722264, 1788734957.3633265, 1788734958.028918, 1788734958.7178535, 1788734959.4346027, 1788734960.1754162, 1788734960.9511266, 1788734961.4976234, 1788734962.0984855, 1788734962.7200139, 1788734963.3769252, 1788734964.037133, 1788734964.7327912, 1788734965.4538782, 1788734966.2010114, 1788734966.992375, 1788734967.8017395, 1788734968.6323705, 1788734969.41922, 1788734969.959306, 1788734970.561781, 1788734971.1916385, 1788734971.8451738, 1788734972.5213535, 1788734973.2249157, 1788734973.9542983, 1788734974.7121754, 1788734975.311631, 1788734975.877539, 1788734976.5059066, 1788734977.1712885, 1788734977.8447938, 1788734978.541215, 1788734979.2651422, 1788734980.0080552, 1788734980.6180604, 1788734981.1795309, 1788734981.8003442, 1788734982.444373, 1788734983.126365, 1788734983.8188405, 1788734984.5384045, 1788734985.1614342, 1788734985.7300065, 1788734986.3469841, 1788734986.9882064, 1788734987.6580021, 1788734988.349209, 1788734989.0581467, 1788734989.7994022, 1788734990.567154]","[1, 4, 2, 3, 1, 3, 2, 2, 5, 1, 4, 1, 1, 1, 7, 4, 2, 2, 1, 2, 1, 2, 1, 4, 3, 6, 1, 1, 5, 2, 3, 3, 4, 1, 2, 4, 6, 1, 2, 1, 1, 2, 1, 8, 3, 1, 3, 2, 1, 1, 2, 2, 2, 1, 1, 1, 1, 3, 4, 4, 2, 1, 1, 4, 1, 3, 2, 1, 3, 5, 3, 5, 2, 3, 3, 8, 1, 3, 8, 6, 1, 5, 1, 1, 1, 9, 3, 1, 1, 2, 3, 2, 3, 1, 3, 3, 8, 5, 2, 2, 1, 1, 2, 1, 3, 2, 4, 4, 2, 2, 3, 1, 9, 1, 3, 1, 1]"
User-034,0,trace_0164,1788734997.5149791,streaming,17666,254,254,0,275,144.48147821426392,212.3941674232483,0.268429601616539,0.0,0,True,,1788734785.1206698,1788734929.602148,1788734997.5148373,"[1788734929.602148, 1788734930.1603422, 1788734930.7679672, 1788734931.4006312, 1788734932.0557227, 1788734932.7369099, 1788734933.4487767, 1788734934.1845815, 1788734934.9512663, 1788734935.7266817, 1788734936.2778058, 1788734936.8783493, 1788734937.505609, 1788734938.1580875, 1788734938.8338542, 1788734939.5343568, 1788734940.2646255, 1788734941.0231748, 1788734941.8043096, 1788734942.5384896, 1788734943.081018, 1788734943.6894631, 1788734944.3222203, 1788734944.9799454, 1788734945.6604846, 1788734946.3687274, 1788734947.105875, 1788734947.867062, 1788734948.6635768, 1788734949.4827154, 1788734950.3258915, 1788734951.0947535, 1788734951.6410577, 1788734952.2509208, 1788734952.8846698, 1788734953.5439746, 1788734954.2245693, 1788734954.932401, 1788734955.5354857, 1788734956.1102161, 1788734956.7238998, 1788734957.3649218, 1788734958.030497, 1788734958.7195294, 1788734959.4362617, 1788734960.1770377, 1788734960.9526205, 1788734961.499267, 1788734962.1001227, 1788734962.7215993, 1788734963.3785372, 1788734964.038798, 1788734964.7343907, 1788734965.4554665, 1788734966.2026289, 1788734966.9944565, 1788734967.8032744, 1788734968.6339417, 1788734969.4207437, 1788734969.960934, 1788734970.562551, 1788734971.1933017, 1788734971.8467226, 1788734972.5229797, 1788734973.2265508, 1788734973.9560163, 1788734974.7138555, 1788734975.313116, 1788734975.8791971, 1788734976.507583, 1788734977.172988, 1788734977.846439, 1788734978.5428376, 1788734979.266824, 1788734980.009645, 1788734980.6195815, 1788734981.1811461, 1788734981.8019075, 1788734982.4460313, 1788734983.128013, 1788734983.820482, 1788734984.5400503, 1788734985.1630032, 1788734985.731553, 1788734986.3485289, 1788734986.9897928, 1788734987.6595383, 1788734988.3507602, 1788734989.059695, 1788734989.8008945, 1788734990.569391, 1788734991.174756, 1788734991.7414706, 1788734992.3753824, 1788734993.025381, 1788734993.6900582, 1788734994.381614, 1788734995.077135, 1788734995.632231, 1788734996.2357259, 1788734996.8607578, 1788734997.5125127]","[1, 4, 2, 1, 2, 1, 3, 1, 2, 4, 2, 1, 3, 1, 2, 3, 4, 4, 1, 1, 2, 1, 2, 5, 5, 6, 4, 5, 3, 1, 2, 4, 5, 1, 6, 2, 4, 5, 4, 1, 2, 2, 1, 7, 5, 2, 2, 1, 1, 2, 4, 1, 1, 1, 6, 2, 8, 2, 1, 1, 2, 1, 1, 2, 2, 1, 1, 3, 2, 2, 5, 2, 1, 3, 5, 2, 2, 1, 3, 1, 1, 2, 1, 1, 2, 2, 1, 2, 1, 8, 3, 2, 1, 2, 4, 2, 1, 2, 3, 1, 5, 2]"
User-011,0,trace_0694,1788735019.65328,streaming,24258,686,686,0,378,50.01262879371643,235.56783604621887,0.27088351423722984,0.0,0,True,,1788734784.0853274,1788734834.0979562,1788735019.6531634,"[1788734834.0979562, 1788734834.6485302, 1788734835.257359, 1788734835.8917537, 1788734836.5481653, 1788734837.2285135, 1788734837.9358618, 1788734838.6708872, 1788734839.4313982, 1788734840.2172203, 1788734840.8571997, 1788734841.4173408, 1788734842.0310595, 1788734842.6694674, 1788734843.3306115, 1788734844.0168557, 1788734844.7302575, 1788734845.4675534, 1788734846.125767, 1788734846.6856558, 1788734847.2965913, 1788734847.930613, 1788734848.586158, 1788734849.2674453, 1788734849.971326, 1788734850.6442754, 1788734851.2027264, 1788734851.8095827, 1788734852.4403627, 1788734853.0925248, 1788734853.7645168, 1788734854.4640377, 1788734855.188716, 1788734855.8883333, 1788734856.4413054, 1788734857.042035, 1788734857.6696696, 1788734858.3197532, 1788734858.9938352, 1788734859.6940842, 1788734860.4188054, 1788734861.1053894, 1788734861.6606886, 1788734862.2658215, 1788734862.8930056, 1788734863.544675, 1788734864.2162933, 1788734864.9194038, 1788734865.643834, 1788734866.3967106, 1788734867.169869, 1788734867.9724069, 1788734868.7902603, 1788734869.6397378, 1788734870.518979, 1788734871.1698544, 1788734871.7275066, 1788734872.3396153, 1788734872.9784393, 1788734873.6396282, 1788734874.3263638, 1788734875.0399957, 1788734875.780298, 1788734876.548809, 1788734877.179065, 1788734877.742796, 1788734878.3577852, 1788734878.993909, 1788734879.6527867, 1788734880.3379412, 1788734881.0439887, 1788734881.8312376, 1788734882.550374, 1788734883.3390098, 1788734884.147499, 1788734884.9814222, 1788734885.6901107, 1788734886.2414937, 1788734886.8482068, 1788734887.4820483, 1788734888.1373026, 1788734888.8182745, 1788734889.5195277, 1788734890.2510097, 1788734891.0084448, 1788734891.7911494, 1788734892.5956771, 1788734893.42776, 1788734894.282242, 1788734895.0315158, 1788734895.5798125, 1788734896.188733, 1788734896.8204432, 1788734897.4777734, 1788734898.1555033, 1788734898.8584087, 1788734899.5853124, 1788734900.342239, 1788734901.1281936, 1788734901.825473, 1788734902.38565, 1788734902.9943745, 1788734903.6260786, 1788734904.2843473, 1788734904.9620807, 1788734905.6652446, 1788734906.3952646, 1788734907.1473708, 1788734907.9352999, 1788734908.7505906, 1788734909.5842202, 1788734910.4448729, 1788734911.332282, 1788734911.9902804, 1788734912.5421243, 1788734913.1632679, 1788734913.799243, 1788734914.4657016, 1788734915.1554291, 1788734915.8731632, 1788734916.6520398, 1788734917.393599, 1788734918.1996589, 1788734919.0275605, 1788734919.6998098, 1788734920.259757, 1788734920.8800125, 1788734921.5241795, 1788734922.194864, 1788734922.8903484, 1788734923.6068842, 1788734924.3527062, 1788734924.9868734, 1788734925.557154, 1788734926.1712866, 1788734926.8210826, 1788734927.4834244, 1788734928.1804545, 1788734928.9030285, 1788734929.6013079, 1788734930.1598396, 1788734930.767428, 1788734931.400117, 1788734932.0551918, 1788734932.7363942, 1788734933.448255, 1788734934.1840785, 1788734934.9506974, 1788734935.725333, 1788734936.2767842, 1788734936.877301, 1788734937.5045638, 1788734938.1570194, 1788734938.8328133, 1788734939.5333076, 1788734940.2635567, 1788734941.0219586, 1788734941.8032546, 1788734942.5374506, 1788734943.0798454, 1788734943.688395, 1788734944.3211977, 1788734944.9789436, 1788734945.659432, 1788734946.3676894, 1788734947.1048696, 1788734947.8659742, 1788734948.662516, 1788734949.4816778, 1788734950.324838, 1788734951.0937257, 1788734951.639978, 1788734952.2498534, 1788734952.8836322, 1788734953.5429037, 1788734954.223467, 1788734954.931348, 1788734955.5344748, 1788734956.1090717, 1788734956.7228317, 1788734957.363838, 1788734958.0294576, 1788734958.7183862, 1788734959.4351425, 1788734960.175959, 1788734960.9516375, 1788734961.4981441, 1788734962.0990279, 1788734962.720573, 1788734963.377448, 1788734964.0376463, 1788734964.7333343, 1788734965.4544268, 1788734966.201528, 1788734966.993413, 1788734967.8022497, 1788734968.6328816, 1788734969.4197102, 1788734969.9598355, 1788734970.5620675, 1788734971.1922202, 1788734971.845671, 1788734972.5219314, 1788734973.2254412, 1788734973.9548695, 1788734974.7127903, 1788734975.3121164, 1788734975.8780715, 1788734976.5064297, 1788734977.1718302, 1788734977.8453388, 1788734978.5417366, 1788734979.265713, 1788734980.0085652, 1788734980.618574, 1788734981.1800473, 1788734981.8008573, 1788734982.4449735, 1788734983.126973, 1788734983.81945, 1788734984.5389419, 1788734985.1619613, 1788734985.7305164, 1788734986.3475027, 1788734986.9887695, 1788734987.6585233, 1788734988.3497071, 1788734989.0586681, 1788734989.7999065, 1788734990.5681844, 1788734991.1737456, 1788734991.7404451, 1788734992.374308, 1788734993.024374, 1788734993.6890578, 1788734994.3805802, 1788734995.0752242, 1788734995.6304092, 1788734996.2341547, 1788734996.859154, 1788734997.5108738, 1788734998.1804197, 1788734998.877068, 1788734999.6022892, 1788735000.355946, 1788735001.1353025, 1788735001.9341724, 1788735002.7574368, 1788735003.612352, 1788735004.4847882, 1788735005.1159039, 1788735005.6751404, 1788735006.296077, 1788735006.9421628, 1788735007.6152525, 1788735008.300426, 1788735009.0187569, 1788735009.7608047, 1788735010.53121, 1788735011.2010353, 1788735011.7789443, 1788735012.407915, 1788735013.0489132, 1788735013.7096748, 1788735014.3919034, 1788735015.0304496, 1788735015.599351, 1788735016.2106142, 1788735016.844395, 1788735017.5071979, 1788735018.2055058, 1788735018.9126563, 1788735019.6486428]","[1, 1, 1, 3, 1, 4, 3, 1, 3, 1, 2, 6, 1, 5, 1, 1, 3, 1, 2, 3, 2, 3, 1, 3, 1, 2, 3, 6, 2, 1, 1, 1, 3, 2, 2, 3, 2, 2, 4, 1, 1, 5, 2, 1, 2, 2, 1, 1, 1, 1, 1, 1, 1, 2, 1, 1, 3, 3, 5, 1, 2, 2, 2, 4, 1, 4, 4, 1, 2, 2, 2, 2, 5, 3, 2, 4, 5, 6, 2, 3, 4, 3, 5, 1, 1, 2, 2, 1, 4, 1, 1, 9, 2, 1, 3, 1, 3, 3, 2, 5, 1, 2, 2, 4, 1, 3, 2, 2, 5, 2, 2, 2, 2, 1, 2, 2, 1, 1, 5, 1, 1, 2, 1, 2, 2, 1, 6, 2, 3, 5, 1, 3, 1, 2, 1, 7, 1, 2, 2, 2, 1, 6, 2, 1, 3, 1, 1, 3, 2, 1, 2, 1, 9, 2, 3, 3, 2, 9, 1, 2, 3, 3, 1, 6, 3, 2, 2, 1, 1, 1, 1, 5, 4, 2, 1, 1, 4, 1, 4, 1, 5, 2, 2, 8, 3, 2, 4, 3, 1, 3, 1, 2, 1, 4, 1, 1, 2, 2, 3, 1, 6, 2, 2, 1, 5, 7, 2, 3, 4, 5, 2, 3, 9, 1, 2, 1, 2, 3, 2, 3, 8, 5, 2, 4, 7, 1, 3, 1, 1, 3, 2, 3, 1, 3, 2, 3, 8, 2, 2, 1, 1, 1, 1, 9, 1, 3, 3, 2, 3, 3, 2, 1, 2, 2, 1, 4, 4, 1, 1, 1, 9, 3, 3, 1, 1, 1, 3, 1, 3, 3, 1, 1, 3]"
User-042,0,trace_0582,1788735031.8432827,streaming,20351,153,153,0,317,132.56180381774902,173.22891497612,0.26754678393665116,0.0,0,True,,1788734858.6142802,1788734991.176084,1788735031.8431952,"[1788734991.176084, 1788734991.7424629, 1788734992.3763824, 1788734993.0264056, 1788734993.6911044, 1788734994.3826406, 1788734995.0780978, 1788734995.6332285, 1788734996.236722, 1788734996.8617754, 1788734997.5138338, 1788734998.1824095, 1788734998.8791037, 1788734999.6044, 1788735000.358008, 1788735001.1373487, 1788735001.9362755, 1788735002.7595062, 1788735003.6144986, 1788735004.4868517, 1788735005.1179094, 1788735005.677139, 1788735006.2981708, 1788735006.944229, 1788735007.616213, 1788735008.3024838, 1788735009.0208147, 1788735009.762778, 1788735010.5331545, 1788735011.2039387, 1788735011.7814794, 1788735012.410412, 1788735013.0514631, 1788735013.7121935, 1788735014.394447, 1788735015.0338986, 1788735015.602445, 1788735016.2136648, 1788735016.8474927, 1788735017.5102162, 1788735018.2085905, 1788735018.9157948, 1788735019.6521354, 1788735020.3973742, 1788735021.1711252, 1788735021.9734888, 1788735022.6820033, 1788735023.2438836, 1788735023.8545206, 1788735024.489018, 1788735025.1453507, 1788735025.8270254, 1788735026.5239785, 1788735027.2578168, 1788735028.0185552, 1788735028.680573, 1788735029.244772, 1788735029.863606, 1788735030.4998567, 1788735031.1635888, 1788735031.8419495]","[1, 4, 2, 3, 1, 1, 1, 1, 1, 2, 4, 2, 1, 3, 1, 3, 5, 4, 3, 2, 1, 2, 1, 2, 6, 6, 1, 3, 5, 1, 1, 1, 4, 6, 2, 2, 1, 1, 7, 6, 1, 2, 1, 3, 7, 1, 4, 1, 4, 5, 1, 2, 3, 2, 2, 4, 1, 2, 1, 1, 1]"
User-037,0,trace_0489,1788735034.0299635,streaming,15354,307,307,0,239,169.1046872138977,247.60109496116638,0.2565242083244074,0.0,0,True,,1788734786.4287941,1788734955.5334814,1788735034.029889,"[1788734955.5334814, 1788734956.1080408, 1788734956.7217457, 1788734957.362812, 1788734958.0283833, 1788734958.717321, 1788734959.4340956, 1788734960.174917, 1788734960.9505682, 1788734961.4971187, 1788734962.0979145, 1788734962.719389, 1788734963.376395, 1788734964.0366313, 1788734964.7322528, 1788734965.4533842, 1788734966.2004883, 1788734966.991868, 1788734967.8011696, 1788734968.63185, 1788734969.4186854, 1788734969.9587, 1788734970.561523, 1788734971.1910932, 1788734971.84466, 1788734972.5208418, 1788734973.2243953, 1788734973.9537609, 1788734974.7116632, 1788734975.3111365, 1788734975.8770437, 1788734976.5053809, 1788734977.1707263, 1788734977.8442814, 1788734978.5407073, 1788734979.2646294, 1788734980.0075514, 1788734980.6175518, 1788734981.178981, 1788734981.799836, 1788734982.4438217, 1788734983.1258345, 1788734983.818306, 1788734984.5378754, 1788734985.1609504, 1788734985.7294145, 1788734986.3463943, 1788734986.9876888, 1788734987.657478, 1788734988.3486161, 1788734989.0575714, 1788734989.7988243, 1788734990.5665371, 1788734991.1732426, 1788734991.7398868, 1788734992.3737662, 1788734993.0237846, 1788734993.6884646, 1788734994.3800814, 1788734995.0746844, 1788734995.629883, 1788734996.2336206, 1788734996.8586166, 1788734997.5103302, 1788734998.1798525, 1788734998.8765056, 1788734999.6016908, 1788735000.3553712, 1788735001.1347861, 1788735001.9335883, 1788735002.756847, 1788735003.6117945, 1788735004.4842646, 1788735005.114563, 1788735005.6740055, 1788735006.2949975, 1788735006.9410136, 1788735007.6147227, 1788735008.2993667, 1788735009.0176709, 1788735009.7597005, 1788735010.5301085, 1788735011.200017, 1788735011.777818, 1788735012.4069045, 1788735013.0477526, 1788735013.708521, 1788735014.390885, 1788735015.029456, 1788735015.5982208, 1788735016.2093925, 1788735016.8432398, 1788735017.506065, 1788735018.2044084, 1788735018.91154, 1788735019.6471908, 1788735020.393759, 1788735021.1675205, 1788735021.9698157, 1788735022.6789505, 1788735023.240254, 1788735023.8509827, 1788735024.4853873, 1788735025.1417458, 1788735025.8232818, 1788735026.5203857, 1788735027.2541687, 1788735028.0149486, 1788735028.6760752, 1788735029.2406373, 1788735029.859459, 1788735030.4958355, 1788735031.159485, 1788735031.8377943, 1788735032.5370495, 1788735033.266936, 1788735034.0251615]","[1, 4, 2, 1, 2, 3, 3, 1, 2, 3, 5, 4, 3, 1, 4, 1, 2, 1, 2, 2, 1, 6, 2, 3, 2, 1, 1, 6, 1, 1, 1, 4, 1, 1, 2, 3, 1, 1, 4, 4, 6, 4, 1, 3, 1, 3, 1, 3, 1, 3, 2, 2, 2, 1, 1, 4, 3, 2, 1, 1, 6, 4, 2, 6, 3, 1, 3, 3, 2, 1, 3, 4, 3, 3, 1, 3, 1, 4, 3, 1, 1, 1, 3, 2, 1, 3, 1, 3, 2, 4, 1, 4, 3, 2, 1, 1, 1, 1, 6, 8, 6, 8, 3, 6, 9, 1, 1, 2, 2, 1, 4, 4, 4, 1, 2, 8, 1]"
User-017,3,trace_0726,1788735035.8820045,streaming,21135,112,112,320,2,105.73945307731628,130.41793751716614,0.222328688647296,6.0,0,True,,1788734905.4639947,1788735011.2034478,1788735035.8819323,"[1788735011.2034478, 1788735011.7809894, 1788735012.4098825, 1788735013.0509498, 1788735013.7116942, 1788735014.393937, 1788735015.032525, 1788735015.6014054, 1788735016.212639, 1788735016.8464522, 1788735017.509212, 1788735018.2075815, 1788735018.914722, 1788735019.6511078, 1788735020.3963296, 1788735021.170106, 1788735021.9724839, 1788735022.6812255, 1788735023.2428725, 1788735023.8535328, 1788735024.4880023, 1788735025.1443229, 1788735025.825997, 1788735026.5229683, 1788735027.2567544, 1788735028.017497, 1788735028.6795363, 1788735029.2437308, 1788735029.8625605, 1788735030.4989462, 1788735031.162517, 1788735031.840911, 1788735032.5401564, 1788735033.2700455, 1788735034.0284736, 1788735034.6946304, 1788735035.2608027, 1788735035.8801932]","[1, 1, 6, 1, 1, 2, 9, 5, 2, 2, 1, 1, 3, 2, 2, 1, 2, 2, 2, 2, 1, 3, 9, 1, 6, 3, 2, 3, 3, 1, 7, 1, 7, 9, 1, 2, 1, 4]"
User-007,1,trace_0398,1788735043.3615098,streaming,13738,115,115,203,11,100.52559494972229,128.85362696647644,0.24849150891889604,45.0,0,True,,1788734914.5078135,1788735015.0334084,1788735043.3614404,"[1788735015.0334084, 1788735015.601928, 1788735016.2131472, 1788735016.846972, 1788735017.5097039, 1788735018.208092, 1788735018.9152634, 1788735019.6516275, 1788735020.396856, 1788735021.1705964, 1788735021.9729888, 1788735022.6816201, 1788735023.2433836, 1788735023.8540304, 1788735024.488501, 1788735025.1448398, 1788735025.8265133, 1788735026.5234728, 1788735027.2573009, 1788735028.0180173, 1788735028.680056, 1788735029.2442534, 1788735029.8630931, 1788735030.4994595, 1788735031.1630707, 1788735031.8414097, 1788735032.5407057, 1788735033.2705982, 1788735034.0289793, 1788735034.6952639, 1788735035.2611742, 1788735035.8808286, 1788735036.516995, 1788735037.1734002, 1788735037.856103, 1788735038.5543754, 1788735039.2835221, 1788735040.0503316, 1788735040.8345094, 1788735041.6389403, 1788735042.4730651, 1788735043.3597775]","[1, 3, 3, 2, 3, 2, 3, 1, 4, 1, 4, 2, 3, 1, 2, 3, 1, 1, 3, 5, 4, 4, 1, 1, 3, 3, 2, 9, 3, 3, 4, 2, 4, 2, 2, 4, 6, 3, 1, 3, 2, 1]"
User-035,1,trace_0062,1788735045.1103816,streaming,16360,382,382,233,22,151.34752106666565,211.30024886131287,0.15735624093083259,9.0,0,True,,1788734833.8100612,1788734985.1575823,1788735045.11031,"[1788734985.1575823, 1788734985.7259104, 1788734986.3431067, 1788734986.9843173, 1788734987.654069, 1788734988.3452466, 1788734989.0542164, 1788734989.795475, 1788734990.5631578, 1788734991.1698208, 1788734991.7365448, 1788734992.3704455, 1788734993.020428, 1788734993.6851115, 1788734994.3766215, 1788734995.0713923, 1788734995.626616, 1788734996.2301407, 1788734996.8552687, 1788734997.5066516, 1788734998.1764739, 1788734998.8730927, 1788734999.5983624, 1788735000.351996, 1788735001.1312969, 1788735001.9303024, 1788735002.753183, 1788735003.6084287, 1788735004.480529, 1788735005.110985, 1788735005.6707602, 1788735006.2916522, 1788735006.937603, 1788735007.61314, 1788735008.2957985, 1788735009.0142171, 1788735009.7563345, 1788735010.5268033, 1788735011.1965451, 1788735011.774514, 1788735012.4035273, 1788735013.0444021, 1788735013.7051733, 1788735014.3873112, 1788735015.0261228, 1788735015.594681, 1788735016.2060544, 1788735016.8399262, 1788735017.5027592, 1788735018.2011025, 1788735018.9081984, 1788735019.6397302, 1788735020.3901684, 1788735021.1640835, 1788735021.9659262, 1788735022.6757004, 1788735023.2367008, 1788735023.8476636, 1788735024.4819584, 1788735025.1383297, 1788735025.8199718, 1788735026.5169783, 1788735027.2506995, 1788735028.0115418, 1788735028.6726687, 1788735029.2372146, 1788735029.8562098, 1788735030.4924943, 1788735031.1561358, 1788735031.8345976, 1788735032.533639, 1788735033.2635353, 1788735034.0218, 1788735034.688659, 1788735035.2548816, 1788735035.8744633, 1788735036.5103807, 1788735037.1669416, 1788735037.845389, 1788735038.547723, 1788735039.2769926, 1788735040.0435867, 1788735040.8280854, 1788735041.6325688, 1788735042.466533, 1788735043.353414, 1788735043.8804376, 1788735044.4787116, 1788735045.1024735]","[1, 2, 2, 6, 3, 2, 3, 5, 5, 3, 2, 2, 1, 2, 3, 3, 2, 1, 2, 6, 4, 4, 1, 6, 3, 1, 8, 3, 1, 4, 3, 9, 2, 8, 2, 8, 3, 2, 4, 1, 1, 6, 3, 4, 3, 7, 2, 1, 9, 6, 1, 7, 3, 3, 4, 2, 2, 1, 5, 9, 9, 3, 9, 9, 9, 9, 9, 2, 2, 3, 5, 5, 7, 9, 9, 6, 4, 6, 4, 9, 1, 2, 5, 4, 5, 9, 5, 9, 2]"
User-038,0,trace_0661,1788735047.8583045,streaming,20442,368,368,0,319,174.39737915992737,261.3066418170929,0.23680997999227665,0.0,0,True,,1788734786.5515707,1788734960.9489498,1788735047.8582125,"[1788734960.9489498, 1788734961.495304, 1788734962.0961363, 1788734962.7177453, 1788734963.3747225, 1788734964.0349412, 1788734964.7305598, 1788734965.4517624, 1788734966.1987855, 1788734966.9900203, 1788734967.7994175, 1788734968.6300216, 1788734969.4160364, 1788734969.9564655, 1788734970.5603476, 1788734971.188753, 1788734971.8423817, 1788734972.518413, 1788734973.2220752, 1788734973.9514785, 1788734974.709138, 1788734975.308715, 1788734975.8746147, 1788734976.5031674, 1788734977.1684635, 1788734977.8419616, 1788734978.5383768, 1788734979.2623374, 1788734980.0052106, 1788734980.614304, 1788734981.176164, 1788734981.797056, 1788734982.4410112, 1788734983.1230488, 1788734983.8154893, 1788734984.5351133, 1788734985.1582553, 1788734985.7265291, 1788734986.3437023, 1788734986.98496, 1788734987.6546896, 1788734988.3458524, 1788734989.054881, 1788734989.7961469, 1788734990.563805, 1788734991.1705356, 1788734991.7371597, 1788734992.3711033, 1788734993.0210586, 1788734993.685731, 1788734994.377303, 1788734995.0721774, 1788734995.627257, 1788734996.2307887, 1788734996.8558788, 1788734997.5074985, 1788734998.1771042, 1788734998.8737297, 1788734999.598969, 1788735000.3526468, 1788735001.1319847, 1788735001.9309323, 1788735002.7537966, 1788735003.6090517, 1788735004.4811575, 1788735005.1118884, 1788735005.6713867, 1788735006.2923262, 1788735006.9382327, 1788735007.6134982, 1788735008.2965279, 1788735009.0149496, 1788735009.756939, 1788735010.5274189, 1788735011.1972535, 1788735011.775143, 1788735012.404147, 1788735013.045036, 1788735013.7057946, 1788735014.3880289, 1788735015.0268283, 1788735015.595358, 1788735016.2066646, 1788735016.840512, 1788735017.5034156, 1788735018.2017176, 1788735018.9087937, 1788735019.6403925, 1788735020.390888, 1788735021.164723, 1788735021.9667578, 1788735022.6762667, 1788735023.2374904, 1788735023.8482728, 1788735024.482758, 1788735025.1390147, 1788735025.8206503, 1788735026.5176082, 1788735027.2513976, 1788735028.0121992, 1788735028.6734097, 1788735029.237886, 1788735029.8568892, 1788735030.4931068, 1788735031.1567554, 1788735031.8351982, 1788735032.5342777, 1788735033.2641828, 1788735034.0224533, 1788735034.6893747, 1788735035.2557194, 1788735035.875153, 1788735036.5110831, 1788735037.1676064, 1788735037.8460917, 1788735038.5484524, 1788735039.2776456, 1788735040.0442033, 1788735040.8287375, 1788735041.6332123, 1788735042.4672174, 1788735043.3541567, 1788735043.8811216, 1788735044.4794347, 1788735045.1033564, 1788735045.746788, 1788735046.4222033, 1788735047.1236286, 1788735047.8509176]","[1, 1, 5, 2, 4, 2, 3, 1, 2, 5, 1, 1, 2, 1, 3, 1, 3, 2, 2, 2, 4, 4, 2, 1, 2, 1, 7, 1, 1, 2, 5, 2, 2, 3, 5, 1, 1, 1, 5, 1, 3, 3, 1, 1, 1, 4, 1, 1, 2, 6, 1, 3, 1, 3, 1, 1, 3, 2, 1, 2, 1, 1, 2, 1, 1, 9, 2, 7, 2, 3, 6, 3, 5, 2, 2, 3, 5, 2, 1, 9, 4, 2, 1, 1, 4, 2, 1, 1, 9, 2, 4, 9, 4, 6, 3, 2, 2, 2, 3, 2, 9, 5, 1, 1, 1, 1, 3, 9, 3, 9, 5, 1, 2, 2, 6, 2, 3, 2, 1, 1, 9, 2, 1, 1, 6, 2, 9, 2, 2]"
User-039,0,trace_0220,1788735053.8846498,streaming,27311,360,360,0,426,182.62907695770264,267.0959439277649,0.23528375200574445,0.0,0,True,,1788734786.7885911,1788734969.417668,1788735053.884535,"[1788734969.417668, 1788734969.9576714, 1788734970.5610318, 1788734971.1900115, 1788734971.8436377, 1788734972.5197911, 1788734973.2233438, 1788734973.9527082, 1788734974.7105675, 1788734975.310062, 1788734975.8758729, 1788734976.504365, 1788734977.1697102, 1788734977.843242, 1788734978.539656, 1788734979.2635646, 1788734980.006406, 1788734980.615704, 1788734981.177409, 1788734981.7982767, 1788734982.4422212, 1788734983.124282, 1788734983.8167596, 1788734984.5363326, 1788734985.1594653, 1788734985.7278674, 1788734986.3448842, 1788734986.986112, 1788734987.6558592, 1788734988.3470612, 1788734989.0560443, 1788734989.7972808, 1788734990.5649846, 1788734991.1717606, 1788734991.7383504, 1788734992.372246, 1788734993.0222173, 1788734993.6869044, 1788734994.3784223, 1788734995.0732245, 1788734995.6283982, 1788734996.2319589, 1788734996.857049, 1788734997.508752, 1788734998.178272, 1788734998.874906, 1788734999.6001096, 1788735000.353771, 1788735001.133089, 1788735001.9320545, 1788735002.7551413, 1788735003.610189, 1788735004.4822812, 1788735005.1130314, 1788735005.6725004, 1788735006.2934651, 1788735006.9394531, 1788735007.6140084, 1788735008.2976422, 1788735009.0161152, 1788735009.7581112, 1788735010.5285459, 1788735011.1984386, 1788735011.776278, 1788735012.405268, 1788735013.0461655, 1788735013.7069857, 1788735014.3891284, 1788735015.0279865, 1788735015.5966349, 1788735016.207838, 1788735016.8416631, 1788735017.5045302, 1788735018.2028594, 1788735018.909933, 1788735019.641506, 1788735020.3920262, 1788735021.1658523, 1788735021.968095, 1788735022.677377, 1788735023.2385635, 1788735023.8493373, 1788735024.483839, 1788735025.1400785, 1788735025.8216863, 1788735026.518646, 1788735027.2525017, 1788735028.013262, 1788735028.6744835, 1788735029.2389803, 1788735029.8579042, 1788735030.4941425, 1788735031.1577861, 1788735031.8362284, 1788735032.5353913, 1788735033.2652574, 1788735034.0235295, 1788735034.6904328, 1788735035.2569644, 1788735035.8761723, 1788735036.512161, 1788735037.1686404, 1788735037.8511772, 1788735038.5495305, 1788735039.2787158, 1788735040.0452552, 1788735040.8298166, 1788735041.6342676, 1788735042.468299, 1788735043.3552132, 1788735043.8822167, 1788735044.4804997, 1788735045.1044781, 1788735045.747953, 1788735046.4234402, 1788735047.1247778, 1788735047.8523195, 1788735048.5867715, 1788735049.3349628, 1788735049.8846164, 1788735050.4899595, 1788735051.1143854, 1788735051.76486, 1788735052.4375398, 1788735053.1461918, 1788735053.8776758]","[1, 1, 1, 4, 2, 1, 2, 4, 1, 2, 2, 1, 1, 4, 1, 2, 5, 1, 3, 1, 2, 1, 2, 2, 1, 1, 1, 3, 2, 2, 6, 2, 3, 2, 1, 6, 1, 2, 1, 3, 1, 8, 4, 1, 2, 9, 1, 1, 5, 2, 2, 2, 2, 1, 3, 1, 5, 4, 3, 9, 2, 2, 8, 4, 1, 4, 6, 2, 2, 3, 9, 4, 5, 2, 4, 2, 4, 2, 1, 4, 4, 3, 6, 6, 2, 7, 4, 4, 2, 2, 1, 4, 5, 6, 8, 3, 1, 3, 2, 3, 2, 8, 2, 2, 1, 3, 1, 2, 1, 1, 3, 1, 1, 3, 3, 5, 2, 3, 1, 1, 9, 2, 1, 1, 1, 3]"
User-030,3,trace_0082,1788735054.63328,streaming,21832,501,501,274,52,150.51638841629028,269.42339396476746,0.23781401109695435,14.0,0,True,,1788734785.2097948,1788734935.7261832,1788735054.6331887,"[1788734935.7261832, 1788734936.277294, 1788734936.8778265, 1788734937.5050728, 1788734938.1575856, 1788734938.833336, 1788734939.5338273, 1788734940.2640734, 1788734941.0225122, 1788734941.8038015, 1788734942.5379744, 1788734943.0805008, 1788734943.6889095, 1788734944.32172, 1788734944.979446, 1788734945.6599545, 1788734946.368224, 1788734947.1053748, 1788734947.866498, 1788734948.6630652, 1788734949.4821837, 1788734950.3253446, 1788734951.0942261, 1788734951.6405084, 1788734952.2503858, 1788734952.8841407, 1788734953.5434406, 1788734954.2239873, 1788734954.9318693, 1788734955.534984, 1788734956.1095808, 1788734956.7233307, 1788734957.3643703, 1788734958.0299783, 1788734958.718943, 1788734959.4356997, 1788734960.1764786, 1788734960.9521356, 1788734961.498722, 1788734962.0995765, 1788734962.7210789, 1788734963.3780193, 1788734964.038257, 1788734964.7338939, 1788734965.454973, 1788734966.2021024, 1788734966.9939432, 1788734967.802761, 1788734968.633398, 1788734969.4202192, 1788734969.9604194, 1788734970.5623133, 1788734971.1927657, 1788734971.8462234, 1788734972.5224438, 1788734973.2259617, 1788734973.9554613, 1788734974.713341, 1788734975.3126276, 1788734975.878657, 1788734976.5070603, 1788734977.1724827, 1788734977.8459148, 1788734978.5423207, 1788734979.2662585, 1788734980.0091255, 1788734980.619074, 1788734981.1806495, 1788734981.8014119, 1788734982.445486, 1788734983.1274738, 1788734983.819956, 1788734984.5395296, 1788734985.162481, 1788734985.7310371, 1788734986.348023, 1788734986.9892898, 1788734987.6590438, 1788734988.3502364, 1788734989.059173, 1788734989.8003967, 1788734990.568858, 1788734991.1742437, 1788734991.7409723, 1788734992.3748767, 1788734993.024883, 1788734993.689558, 1788734994.381093, 1788734995.0766432, 1788734995.6317, 1788734996.235205, 1788734996.8602407, 1788734997.5120056, 1788734998.1814158, 1788734998.8780823, 1788734999.603371, 1788735000.3569968, 1788735001.1363366, 1788735001.9352348, 1788735002.7584581, 1788735003.6134427, 1788735004.4858258, 1788735005.116917, 1788735005.6761334, 1788735006.297126, 1788735006.9431877, 1788735007.6157353, 1788735008.3014638, 1788735009.0197663, 1788735009.761782, 1788735010.5321114, 1788735011.2020416, 1788735011.7799828, 1788735012.4088485, 1788735013.0499198, 1788735013.7106626, 1788735014.3928993, 1788735015.0314445, 1788735015.6004107, 1788735016.2116504, 1788735016.845434, 1788735017.5082095, 1788735018.2065399, 1788735018.9137113, 1788735019.6500149, 1788735020.395299, 1788735021.169055, 1788735021.971464, 1788735022.6802876, 1788735023.241841, 1788735023.8525264, 1788735024.4869864, 1788735025.143332, 1788735025.8249834, 1788735026.5219162, 1788735027.255733, 1788735028.016494, 1788735028.6784313, 1788735029.2426803, 1788735029.8615522, 1788735030.4978797, 1788735031.1615212, 1788735031.8399081, 1788735032.5391169, 1788735033.2690256, 1788735034.027451, 1788735034.6934648, 1788735035.2600257, 1788735035.8793821, 1788735036.5154452, 1788735037.1718562, 1788735037.8544753, 1788735038.5527906, 1788735039.281967, 1788735040.0486376, 1788735040.8329687, 1788735041.637423, 1788735042.4715135, 1788735043.3582516, 1788735043.885361, 1788735044.4837456, 1788735045.1078577, 1788735045.751167, 1788735046.426691, 1788735047.1279774, 1788735047.8556879, 1788735048.5900452, 1788735049.3389928, 1788735049.8884106, 1788735050.49393, 1788735051.1182487, 1788735051.7689726, 1788735052.4410334, 1788735053.1499653, 1788735053.8819845, 1788735054.6304297]","[1, 1, 5, 5, 1, 3, 3, 1, 4, 2, 6, 2, 5, 1, 2, 1, 4, 2, 3, 1, 5, 6, 3, 3, 2, 2, 4, 9, 3, 3, 3, 3, 2, 3, 2, 1, 5, 1, 3, 3, 5, 4, 4, 1, 1, 4, 3, 4, 3, 4, 3, 2, 6, 1, 4, 3, 9, 1, 1, 1, 6, 3, 2, 1, 6, 3, 5, 1, 1, 6, 6, 3, 4, 4, 4, 4, 1, 2, 5, 3, 1, 3, 4, 2, 2, 1, 3, 3, 3, 5, 6, 2, 1, 1, 1, 4, 3, 3, 3, 2, 9, 2, 2, 2, 4, 4, 3, 1, 2, 2, 1, 3, 4, 2, 4, 2, 4, 3, 1, 2, 3, 1, 1, 2, 2, 5, 4, 3, 6, 2, 3, 1, 1, 2, 2, 2, 2, 4, 6, 2, 3, 1, 1, 4, 6, 1, 1, 2, 1, 1, 3, 2, 3, 1, 4, 2, 1, 2, 2, 3, 3, 2, 2, 2, 2, 5, 1, 3, 2, 1, 1, 3, 7, 1, 4, 1]"
User-020,1,trace_0108,1788735068.6531613,streaming,19881,166,166,258,52,110.36665558815002,150.34177374839783,0.24227344339544124,12.0,0,True,,1788734918.3112788,1788735028.6779344,1788735068.6530526,"[1788735028.6779344, 1788735029.242159, 1788735029.8610537, 1788735030.4973812, 1788735031.1610239, 1788735031.8394136, 1788735032.5385692, 1788735033.2685287, 1788735034.0269597, 1788735034.6929722, 1788735035.2596262, 1788735035.8788607, 1788735036.514929, 1788735037.17133, 1788735037.8539252, 1788735038.5522635, 1788735039.2814567, 1788735040.0479574, 1788735040.8324609, 1788735041.636921, 1788735042.471003, 1788735043.3577487, 1788735043.884847, 1788735044.4832056, 1788735045.1073081, 1788735045.7506375, 1788735046.4261882, 1788735047.1274655, 1788735047.8551834, 1788735048.5895143, 1788735049.3384805, 1788735049.887901, 1788735050.4934137, 1788735051.1177394, 1788735051.7684534, 1788735052.440639, 1788735053.1494105, 1788735053.881456, 1788735054.6298535, 1788735055.4038742, 1788735056.203199, 1788735057.0324214, 1788735057.8801298, 1788735058.6577172, 1788735059.2059648, 1788735059.813525, 1788735060.4454482, 1788735061.1009414, 1788735061.7785482, 1788735062.4910748, 1788735063.2254782, 1788735063.9860387, 1788735064.7728515, 1788735065.5725708, 1788735066.3985856, 1788735067.2460518, 1788735068.1086051, 1788735068.6501882]","[1, 5, 1, 1, 1, 2, 9, 1, 1, 3, 4, 3, 2, 9, 6, 4, 3, 2, 4, 1, 2, 1, 4, 6, 5, 2, 4, 3, 1, 1, 3, 2, 2, 1, 2, 3, 1, 2, 2, 1, 1, 4, 1, 1, 2, 2, 4, 5, 1, 1, 1, 5, 4, 3, 1, 5, 7, 7]"
User-003,1,trace_0714,1788735069.8910027,streaming,30152,283,283,342,128,123.28945851325989,188.06493139266968,0.22970025843762337,16.0,0,True,,1788734881.825947,1788735005.1154056,1788735069.8908784,"[1788735005.1154056, 1788735005.6745832, 1788735006.2955205, 1788735006.9415903, 1788735007.614976, 1788735008.2999067, 1788735009.0182338, 1788735009.7602837, 1788735010.5306191, 1788735011.2005246, 1788735011.7784069, 1788735012.4074178, 1788735013.048344, 1788735013.7091124, 1788735014.3914008, 1788735015.0299506, 1788735015.598759, 1788735016.2101016, 1788735016.8438835, 1788735017.506683, 1788735018.205003, 1788735018.9120593, 1788735019.6480312, 1788735020.394264, 1788735021.1680267, 1788735021.970366, 1788735022.6794732, 1788735023.2408144, 1788735023.8515224, 1788735024.4859831, 1788735025.1422954, 1788735025.823924, 1788735026.5208929, 1788735027.254684, 1788735028.015472, 1788735028.6765869, 1788735029.2411513, 1788735029.8600538, 1788735030.4963589, 1788735031.1600256, 1788735031.838299, 1788735032.5375597, 1788735033.2674916, 1788735034.025938, 1788735034.6919813, 1788735035.258594, 1788735035.8777099, 1788735036.5138183, 1788735037.17028, 1788735037.8528254, 1788735038.5512059, 1788735039.2804403, 1788735040.0468981, 1788735040.8314462, 1788735041.6359062, 1788735042.469949, 1788735043.3567197, 1788735043.8838348, 1788735044.4821327, 1788735045.106263, 1788735045.7495673, 1788735046.4250386, 1788735047.1263468, 1788735047.8540952, 1788735048.588374, 1788735049.3374367, 1788735049.8867807, 1788735050.4923759, 1788735051.1165695, 1788735051.767305, 1788735052.4397385, 1788735053.148296, 1788735053.8803744, 1788735054.6287107, 1788735055.4026754, 1788735056.2020535, 1788735057.031326, 1788735057.8790076, 1788735058.6567116, 1788735059.2048774, 1788735059.8124135, 1788735060.4442945, 1788735061.099849, 1788735061.7774508, 1788735062.4899833, 1788735063.2244086, 1788735063.984957, 1788735064.771747, 1788735065.571461, 1788735066.397416, 1788735067.2449374, 1788735068.1075764, 1788735068.649113, 1788735069.2528868, 1788735069.8875558]","[1, 6, 1, 9, 6, 3, 1, 1, 2, 3, 2, 2, 9, 9, 3, 2, 5, 2, 3, 3, 2, 2, 7, 1, 3, 1, 2, 7, 3, 2, 6, 3, 4, 2, 2, 2, 1, 1, 2, 1, 3, 2, 1, 2, 4, 2, 2, 5, 9, 2, 3, 1, 1, 1, 4, 2, 4, 2, 5, 3, 2, 6, 1, 2, 4, 2, 2, 2, 2, 2, 1, 1, 1, 2, 9, 5, 1, 1, 3, 1, 1, 5, 2, 9, 2, 1, 2, 1, 3, 2, 4, 9, 3, 2, 2]"
User-041,0,trace_0570,1788735073.0063977,streaming,18597,326,326,0,290,186.8441288471222,279.2333459854126,0.2842745142716628,0.0,0,True,,1788734793.7729268,1788734980.6170557,1788735073.0062728,"[1788734980.6170557, 1788734981.1784427, 1788734981.79934, 1788734982.4433153, 1788734983.1253312, 1788734983.8177943, 1788734984.5373669, 1788734985.1604676, 1788734985.7289052, 1788734986.345895, 1788734986.9871821, 1788734987.6569026, 1788734988.3481176, 1788734989.0570693, 1788734989.7982912, 1788734990.566034, 1788734991.1727598, 1788734991.739373, 1788734992.3732657, 1788734993.023277, 1788734993.687945, 1788734994.3794925, 1788734995.0742025, 1788734995.629388, 1788734996.2330227, 1788734996.8580863, 1788734997.5098016, 1788734998.1793444, 1788734998.8759935, 1788734999.6011467, 1788735000.354844, 1788735001.1342487, 1788735001.9330695, 1788735002.7563214, 1788735003.6112723, 1788735004.4835093, 1788735005.114033, 1788735005.6735008, 1788735006.2944593, 1788735006.940516, 1788735007.6144917, 1788735008.2988439, 1788735009.0171604, 1788735009.7591798, 1788735010.5295904, 1788735011.1995244, 1788735011.7773058, 1788735012.4062855, 1788735013.0472388, 1788735013.7080214, 1788735014.390333, 1788735015.0289767, 1788735015.5977185, 1788735016.2088926, 1788735016.8426943, 1788735017.505553, 1788735018.2038965, 1788735018.9110136, 1788735019.642511, 1788735020.3932412, 1788735021.1669397, 1788735021.9693139, 1788735022.6784062, 1788735023.2396564, 1788735023.850382, 1788735024.4848704, 1788735025.1411452, 1788735025.822725, 1788735026.519745, 1788735027.253572, 1788735028.0143352, 1788735028.6755555, 1788735029.2401142, 1788735029.858951, 1788735030.4951675, 1788735031.1588736, 1788735031.837277, 1788735032.536446, 1788735033.2663345, 1788735034.0245495, 1788735034.6914907, 1788735035.258003, 1788735035.8771756, 1788735036.513307, 1788735037.169708, 1788735037.8522925, 1788735038.5506725, 1788735039.2799144, 1788735040.0462956, 1788735040.8308547, 1788735041.6353204, 1788735042.4693573, 1788735043.35622, 1788735043.8832593, 1788735044.481531, 1788735045.1057415, 1788735045.7489815, 1788735046.424508, 1788735047.1258407, 1788735047.853569, 1788735048.587847, 1788735049.3361058, 1788735049.885689, 1788735050.491149, 1788735051.1155047, 1788735051.7661662, 1788735052.4386134, 1788735053.1472664, 1788735053.879086, 1788735054.6276696, 1788735055.4016466, 1788735056.2010136, 1788735057.0300283, 1788735057.8779664, 1788735058.6557148, 1788735059.203847, 1788735059.8113866, 1788735060.4432087, 1788735061.0987778, 1788735061.7764018, 1788735062.4889312, 1788735063.2234073, 1788735063.9839604, 1788735064.7706046, 1788735065.5703526, 1788735066.3961725, 1788735067.2438948, 1788735068.1065018, 1788735068.6480124, 1788735069.2518632, 1788735069.8862994, 1788735070.5303075, 1788735071.2064202, 1788735071.8018773, 1788735072.3788311, 1788735073.0017679]","[1, 1, 1, 3, 1, 4, 3, 1, 3, 2, 1, 6, 1, 3, 3, 2, 1, 2, 1, 2, 3, 2, 3, 1, 3, 4, 4, 1, 2, 3, 3, 3, 2, 4, 2, 2, 9, 2, 3, 2, 3, 3, 2, 5, 3, 1, 3, 1, 3, 1, 1, 2, 4, 2, 3, 2, 2, 3, 2, 2, 1, 3, 2, 3, 2, 2, 1, 1, 5, 2, 2, 3, 2, 1, 9, 3, 2, 2, 2, 3, 1, 3, 2, 2, 1, 2, 2, 2, 3, 1, 1, 1, 1, 2, 1, 4, 2, 4, 1, 2, 3, 3, 1, 1, 6, 1, 2, 1, 3, 1, 2, 2, 1, 1, 1, 1, 2, 5, 4, 2, 1, 1, 1, 6, 4, 4, 3, 6, 1, 3, 5, 2, 2, 3, 2, 2]"
User-036,0,trace_0615,1788735075.7404892,streaming,22967,474,474,0,358,157.26281571388245,290.4673271179199,0.28161630317978326,0.0,0,True,,1788734785.2730553,1788734942.535871,1788735075.7403824,"[1788734942.535871, 1788734943.0781546, 1788734943.686699, 1788734944.3195455, 1788734944.9772742, 1788734945.6577215, 1788734946.3659523, 1788734947.1032357, 1788734947.8643103, 1788734948.6608288, 1788734949.4800355, 1788734950.3231845, 1788734951.0921004, 1788734951.6383064, 1788734952.2481146, 1788734952.8819447, 1788734953.5410798, 1788734954.2217474, 1788734954.92959, 1788734955.5319688, 1788734956.106857, 1788734956.7206326, 1788734957.3616393, 1788734958.0272088, 1788734958.7161734, 1788734959.4329572, 1788734960.1738021, 1788734960.9495623, 1788734961.4959085, 1788734962.0968256, 1788734962.7182891, 1788734963.3753562, 1788734964.0355513, 1788734964.731193, 1788734965.4523506, 1788734966.1993926, 1788734966.9907641, 1788734967.8000848, 1788734968.6306407, 1788734969.4168239, 1788734969.9570725, 1788734970.5607698, 1788734971.1893954, 1788734971.8430376, 1788734972.5191429, 1788734973.222688, 1788734973.9521108, 1788734974.7099197, 1788734975.3094268, 1788734975.8752477, 1788734976.5037713, 1788734977.169091, 1788734977.8425727, 1788734978.539028, 1788734979.262959, 1788734980.0058064, 1788734980.6150699, 1788734981.1767979, 1788734981.797668, 1788734982.4416118, 1788734983.1236644, 1788734983.8161342, 1788734984.5357058, 1788734985.158929, 1788734985.727165, 1788734986.3443344, 1788734986.9855592, 1788734987.6553304, 1788734988.3464754, 1788734989.0555048, 1788734989.7967472, 1788734990.5644236, 1788734991.1712384, 1788734991.7377687, 1788734992.3717232, 1788734993.0216837, 1788734993.6863546, 1788734994.3779056, 1788734995.0727057, 1788734995.6278794, 1788734996.2314353, 1788734996.8564842, 1788734997.50817, 1788734998.1777196, 1788734998.8743417, 1788734999.5995748, 1788735000.3532622, 1788735001.1325243, 1788735001.9315362, 1788735002.7544029, 1788735003.6096575, 1788735004.4817624, 1788735005.112507, 1788735005.6719818, 1788735006.2929568, 1788735006.9388907, 1788735007.6137688, 1788735008.2971, 1788735009.015591, 1788735009.757574, 1788735010.5280309, 1788735011.1978896, 1788735011.7757623, 1788735012.404761, 1788735013.0456433, 1788735013.7064135, 1788735014.388607, 1788735015.0274837, 1788735015.5959728, 1788735016.2073057, 1788735016.8411129, 1788735017.5040233, 1788735018.20232, 1788735018.909421, 1788735019.6409938, 1788735020.3914738, 1788735021.1653328, 1788735021.967582, 1788735022.676838, 1788735023.2380238, 1788735023.8488214, 1788735024.4833086, 1788735025.1395438, 1788735025.8211815, 1788735026.51814, 1788735027.2519727, 1788735028.0127342, 1788735028.6739635, 1788735029.2384424, 1788735029.857406, 1788735030.4936242, 1788735031.1572788, 1788735031.8357134, 1788735032.5348585, 1788735033.2647474, 1788735034.0230072, 1788735034.689909, 1788735035.2562609, 1788735035.8756747, 1788735036.5116367, 1788735037.168127, 1788735037.846634, 1788735038.5489988, 1788735039.2781873, 1788735040.0447247, 1788735040.8292563, 1788735041.6337326, 1788735042.4677794, 1788735043.3546824, 1788735043.8817003, 1788735044.4799657, 1788735045.1039383, 1788735045.747417, 1788735046.4228547, 1788735047.1242483, 1788735047.8517604, 1788735048.5861251, 1788735049.334407, 1788735049.883991, 1788735050.4894106, 1788735051.1137962, 1788735051.7640178, 1788735052.4369051, 1788735053.1455762, 1788735053.877097, 1788735054.6264703, 1788735055.4004617, 1788735056.1998734, 1788735057.0288353, 1788735057.8767781, 1788735058.6546237, 1788735059.2026272, 1788735059.8102844, 1788735060.4421353, 1788735061.0976543, 1788735061.775326, 1788735062.487856, 1788735063.2223322, 1788735063.9829054, 1788735064.7695367, 1788735065.569304, 1788735066.3949492, 1788735067.2427952, 1788735068.1045783, 1788735068.6464455, 1788735069.2502866, 1788735069.884728, 1788735070.5286984, 1788735071.204803, 1788735071.8002565, 1788735072.3772137, 1788735073.0002208, 1788735073.6388073, 1788735074.3050427, 1788735075.010066, 1788735075.7344675]","[1, 1, 1, 3, 1, 4, 3, 1, 3, 1, 2, 6, 1, 2, 4, 2, 2, 6, 3, 3, 3, 2, 2, 4, 1, 1, 3, 2, 3, 2, 3, 2, 5, 1, 1, 3, 3, 6, 3, 2, 3, 3, 2, 4, 3, 2, 1, 3, 1, 3, 1, 5, 2, 3, 1, 1, 2, 1, 2, 1, 3, 2, 3, 2, 2, 4, 6, 1, 2, 2, 3, 7, 3, 7, 2, 3, 1, 2, 4, 2, 1, 2, 2, 2, 3, 1, 1, 1, 1, 2, 1, 2, 3, 1, 1, 5, 1, 2, 1, 2, 1, 7, 3, 1, 1, 3, 1, 1, 2, 2, 6, 1, 2, 1, 1, 4, 1, 1, 5, 5, 1, 2, 3, 1, 1, 2, 6, 2, 1, 2, 1, 1, 1, 3, 2, 3, 2, 8, 2, 1, 2, 3, 1, 1, 2, 4, 3, 2, 1, 1, 4, 3, 2, 9, 2, 1, 3, 3, 3, 1, 1, 7, 2, 1, 3, 4, 6, 1, 1, 2, 6, 1, 3, 2, 2, 4, 1, 1, 3, 2, 1, 1, 3, 4, 1, 1, 3, 2, 3, 6, 3, 1, 1, 1, 2, 1]"
User-022,20,trace_0418,1788735075.740839,streaming,28295,166,166,427,2,117.32899594306946,149.70908904075623,0.19624298847082888,8.0,0,True,,1788734926.0316727,1788735043.3606687,1788735075.7407618,"[1788735043.3606687, 1788735043.8868866, 1788735044.48527, 1788735045.1094584, 1788735045.7527719, 1788735046.4281294, 1788735047.129519, 1788735047.8573074, 1788735048.5915542, 1788735049.3405116, 1788735049.88997, 1788735050.4954762, 1788735051.1234293, 1788735051.770512, 1788735052.442255, 1788735053.1515129, 1788735053.883547, 1788735054.6322577, 1788735055.4053757, 1788735056.2050507, 1788735057.0339453, 1788735057.881653, 1788735058.659391, 1788735059.2075, 1788735059.8150685, 1788735060.4469972, 1788735061.1025028, 1788735061.780063, 1788735062.4925783, 1788735063.2270522, 1788735063.987633, 1788735064.7744567, 1788735065.574095, 1788735066.4001267, 1788735067.2475877, 1788735068.11021, 1788735068.652092, 1788735069.2550414, 1788735069.8899295, 1788735070.533054, 1788735071.2086372, 1788735071.8051295, 1788735072.38198, 1788735073.005356, 1788735073.6431155, 1788735074.3092518, 1788735075.0144546, 1788735075.7391644]","[1, 1, 2, 1, 2, 2, 1, 1, 3, 2, 3, 6, 5, 4, 4, 3, 3, 1, 5, 4, 8, 5, 1, 2, 5, 5, 2, 1, 4, 2, 9, 5, 4, 9, 3, 5, 2, 1, 1, 7, 4, 2, 7, 1, 2, 9, 3, 3]"
User-004,1,trace_0629,1788735077.5760763,streaming,29165,66,66,286,169,130.55336022377014,149.4753303527832,0.2911072327540471,142.0,0,True,,1788734928.1006358,1788735058.653996,1788735077.5759661,"[1788735058.653996, 1788735059.202011, 1788735059.8096476, 1788735060.441519, 1788735061.0970283, 1788735061.7746687, 1788735062.4872372, 1788735063.221713, 1788735063.982213, 1788735064.7689226, 1788735065.5686963, 1788735066.3941002, 1788735067.2421467, 1788735068.1039238, 1788735068.6458256, 1788735069.249649, 1788735069.8841178, 1788735070.5280821, 1788735071.2041914, 1788735071.7997243, 1788735072.376593, 1788735072.9996073, 1788735073.6381729, 1788735074.3044024, 1788735075.0094783, 1788735075.7337685, 1788735076.3884437, 1788735076.951676, 1788735077.5702605]","[1, 2, 3, 1, 3, 1, 2, 1, 7, 1, 1, 2, 1, 1, 3, 1, 1, 3, 2, 1, 2, 2, 1, 3, 2, 9, 7, 1, 1]"
User-043,0,trace_0052,1788735081.3215714,streaming,15183,328,324,0,236,124.44438433647156,210.68977618217468,0.2670135970455205,0.0,0,True,,1788734870.6317124,1788734995.0760968,1788735081.3214886,"[1788734995.0760968, 1788734995.631141, 1788734996.2346635, 1788734996.8597167, 1788734997.5114849, 1788734998.1809204, 1788734998.8775682, 1788734999.602858, 1788735000.35648, 1788735001.1358275, 1788735001.934713, 1788735002.7579658, 1788735003.6129224, 1788735004.4853103, 1788735005.1164203, 1788735005.6756437, 1788735006.296597, 1788735006.9426804, 1788735007.6154878, 1788735008.3009465, 1788735009.0192783, 1788735009.7612996, 1788735011.2015567, 1788735011.7794886, 1788735013.049421, 1788735013.71017, 1788735014.392405, 1788735015.0309398, 1788735015.5998697, 1788735016.2111316, 1788735016.84492, 1788735017.507723, 1788735018.2060015, 1788735018.9131765, 1788735019.6494932, 1788735020.3947902, 1788735021.168544, 1788735021.9709578, 1788735022.679878, 1788735023.2413318, 1788735023.8520238, 1788735024.4864762, 1788735025.1428185, 1788735025.8244655, 1788735026.5214067, 1788735027.2552264, 1788735028.0159824, 1788735028.6770792, 1788735029.2416503, 1788735029.8605533, 1788735030.4968574, 1788735031.1605222, 1788735031.83891, 1788735032.5380576, 1788735033.2679904, 1788735034.0264573, 1788735034.6924753, 1788735035.2591293, 1788735035.8782895, 1788735036.5143383, 1788735037.170815, 1788735037.8533502, 1788735038.55173, 1788735039.28095, 1788735040.0474298, 1788735040.8319561, 1788735041.6364222, 1788735042.4704669, 1788735043.3572245, 1788735043.8843384, 1788735044.4826725, 1788735045.10679, 1788735045.750074, 1788735046.425648, 1788735047.1268604, 1788735047.854627, 1788735048.588918, 1788735049.337933, 1788735049.8873854, 1788735050.4929066, 1788735051.1172166, 1788735051.7679176, 1788735052.4402158, 1788735053.148825, 1788735053.880902, 1788735054.629245, 1788735055.4033015, 1788735056.2025993, 1788735057.0318508, 1788735057.8795435, 1788735058.6572165, 1788735059.2054565, 1788735059.8130038, 1788735060.4448888, 1788735061.100425, 1788735061.7779996, 1788735062.490558, 1788735063.2249777, 1788735063.9855325, 1788735064.7722514, 1788735065.5720632, 1788735066.3980477, 1788735067.2455263, 1788735068.1081033, 1788735068.6496315, 1788735069.2534685, 1788735069.8883755, 1788735070.5315192, 1788735071.2074637, 1788735071.8028698, 1788735072.3799353, 1788735073.0032804, 1788735073.6409595, 1788735074.3071632, 1788735075.0123718, 1788735075.737056, 1788735076.3907185, 1788735076.9540286, 1788735077.572761, 1788735078.2001677, 1788735078.913071, 1788735079.514009, 1788735080.076296, 1788735080.6787887, 1788735081.31804]","[1, 1, 4, 2, 2, 1, 1, 2, 4, 1, 2, 1, 1, 3, 1, 1, 6, 1, 4, 1, 1, 1, 1, 1, 1, 1, 1, 1, 4, 3, 2, 1, 5, 4, 1, 1, 1, 1, 3, 2, 1, 2, 1, 2, 3, 2, 2, 3, 1, 2, 5, 2, 2, 2, 5, 2, 1, 2, 3, 6, 2, 5, 1, 1, 4, 1, 1, 3, 4, 2, 3, 1, 8, 8, 4, 2, 2, 7, 2, 1, 2, 3, 5, 2, 1, 4, 1, 2, 3, 4, 3, 1, 2, 7, 3, 1, 1, 1, 1, 8, 1, 5, 2, 1, 6, 3, 5, 4, 3, 3, 6, 1, 4, 4, 4, 4, 6, 3, 1, 2, 1, 1, 4, 7, 1]"
User-025,6,trace_0588,1788735086.481307,streaming,30248,72,72,466,2,139.39775037765503,157.77350664138794,0.2588134685032804,7.0,0,True,,1788734928.7077034,1788735068.1054537,1788735086.48121,"[1788735068.1054537, 1788735068.6469922, 1788735069.2508364, 1788735069.8852758, 1788735070.529236, 1788735071.2053552, 1788735071.8008666, 1788735072.3777416, 1788735073.0007374, 1788735073.6393423, 1788735074.3055599, 1788735075.0106022, 1788735075.7353134, 1788735076.3891082, 1788735076.952338, 1788735077.5711687, 1788735078.1984491, 1788735078.9122899, 1788735079.5124843, 1788735080.0746436, 1788735080.6772456, 1788735081.3164508, 1788735081.9875245, 1788735082.643472, 1788735083.2111542, 1788735083.819798, 1788735084.4466302, 1788735085.0982344, 1788735085.7723806, 1788735086.476305]","[1, 1, 3, 1, 2, 4, 7, 2, 1, 6, 1, 3, 2, 3, 2, 2, 2, 1, 1, 1, 1, 2, 3, 3, 2, 3, 3, 4, 3, 2]"
User-045,0,trace_0729,1788735099.3554637,streaming,20161,219,219,0,314,112.62940621376038,177.28858375549316,0.29660173184281097,0.0,0,True,,1788734922.0667865,1788735034.6961927,1788735099.3553703,"[1788735034.6961927, 1788735035.2615585, 1788735035.8812096, 1788735036.516459, 1788735037.172899, 1788735037.8555799, 1788735038.5538642, 1788735039.2830124, 1788735040.0498238, 1788735040.8340032, 1788735041.6384277, 1788735042.472558, 1788735043.3592982, 1788735043.886382, 1788735044.4847739, 1788735045.10895, 1788735045.752258, 1788735046.4277558, 1788735047.1290023, 1788735047.856814, 1788735048.591051, 1788735049.3399913, 1788735049.8894458, 1788735050.494964, 1788735051.1228993, 1788735051.7700036, 1788735052.4418628, 1788735053.1509917, 1788735053.8830338, 1788735054.6317253, 1788735055.4048774, 1788735056.2043788, 1788735057.033448, 1788735057.8811433, 1788735058.6588595, 1788735059.20699, 1788735059.8145552, 1788735060.4464793, 1788735061.1019967, 1788735061.7795658, 1788735062.4920807, 1788735063.2265062, 1788735063.9870934, 1788735064.7739153, 1788735065.5735917, 1788735066.399609, 1788735067.2470884, 1788735068.1097083, 1788735068.6515834, 1788735069.254534, 1788735069.8894231, 1788735070.532549, 1788735071.2082527, 1788735071.8038468, 1788735072.3809733, 1788735073.0043318, 1788735073.6420715, 1788735074.3082392, 1788735075.0134237, 1788735075.738114, 1788735076.3926175, 1788735076.955631, 1788735077.574495, 1788735078.2018836, 1788735078.9138002, 1788735079.5155506, 1788735080.0779128, 1788735080.6803885, 1788735081.3200982, 1788735081.9895377, 1788735082.646298, 1788735083.2140236, 1788735083.8224123, 1788735084.4491386, 1788735085.101244, 1788735085.7750363, 1788735086.4792502, 1788735087.2373486, 1788735087.919542, 1788735088.480932, 1788735089.0889907, 1788735089.717792, 1788735090.3737266, 1788735091.051404, 1788735091.7527027, 1788735092.486121, 1788735093.2446358, 1788735094.0267801, 1788735094.8371356, 1788735095.3772216, 1788735095.9789855, 1788735096.5959249, 1788735097.2460127, 1788735097.929071, 1788735098.6263905, 1788735099.352834]","[1, 1, 1, 4, 4, 3, 1, 1, 3, 2, 1, 1, 1, 2, 1, 3, 3, 1, 2, 1, 2, 3, 4, 1, 1, 4, 1, 2, 1, 4, 2, 1, 2, 2, 4, 2, 1, 2, 3, 2, 2, 4, 4, 9, 1, 3, 2, 3, 3, 1, 1, 4, 3, 2, 1, 3, 1, 3, 1, 5, 4, 1, 2, 2, 3, 2, 2, 1, 1, 3, 2, 3, 2, 3, 1, 3, 1, 2, 3, 1, 3, 6, 3, 5, 1, 1, 4, 4, 3, 1, 1, 1, 1, 1, 4, 1]"
User-044,0,trace_0272,1788735104.7063153,streaming,24544,315,315,0,383,106.02618432044983,188.05765795707703,0.26124673132683823,0.0,0,True,,1788734916.6484447,1788735022.674629,1788735104.7061026,"[1788735022.674629, 1788735023.2358906, 1788735023.8470404, 1788735024.4813273, 1788735025.1377137, 1788735025.8193426, 1788735026.5163538, 1788735027.2500825, 1788735028.010927, 1788735028.671999, 1788735029.2365992, 1788735029.8556135, 1788735030.491883, 1788735031.1555278, 1788735031.8339753, 1788735032.533024, 1788735033.2628763, 1788735034.0211372, 1788735034.6879895, 1788735035.254252, 1788735035.8738475, 1788735036.509685, 1788735037.1662893, 1788735037.8446727, 1788735038.5470226, 1788735039.2762475, 1788735040.0429823, 1788735040.8274703, 1788735041.6319368, 1788735042.465898, 1788735043.3526635, 1788735043.879833, 1788735044.4781055, 1788735045.101745, 1788735045.7461553, 1788735046.421573, 1788735047.123014, 1788735047.8500116, 1788735048.5855193, 1788735049.3337455, 1788735049.8833904, 1788735050.4886265, 1788735051.1132026, 1788735051.7633786, 1788735052.4362195, 1788735053.1449754, 1788735053.8763602, 1788735054.6258426, 1788735055.399859, 1788735056.1992345, 1788735057.0282025, 1788735057.8761592, 1788735058.6529863, 1788735059.2012234, 1788735059.8090334, 1788735060.4408875, 1788735061.0963948, 1788735061.7740455, 1788735062.4865484, 1788735063.22108, 1788735063.981557, 1788735064.7683206, 1788735065.5680735, 1788735066.3934937, 1788735067.2415168, 1788735068.103199, 1788735068.645185, 1788735069.2490308, 1788735069.8834655, 1788735070.5274806, 1788735071.2035723, 1788735071.7991033, 1788735072.3759978, 1788735072.9989686, 1788735073.6375875, 1788735074.3037653, 1788735075.0087001, 1788735075.733133, 1788735076.387763, 1788735076.95104, 1788735077.5695803, 1788735078.1978278, 1788735078.9119127, 1788735079.5108356, 1788735080.0700192, 1788735080.675984, 1788735081.3151872, 1788735081.9862487, 1788735082.64232, 1788735083.2095406, 1788735083.8184915, 1788735084.4453995, 1788735085.0969875, 1788735085.7711258, 1788735086.4750445, 1788735087.23559, 1788735087.914462, 1788735088.4766147, 1788735089.0847037, 1788735089.7135246, 1788735090.3695276, 1788735091.0469708, 1788735091.7483423, 1788735092.4820416, 1788735093.2403562, 1788735094.0227242, 1788735094.8318663, 1788735095.3729208, 1788735095.9744706, 1788735096.5917308, 1788735097.2419884, 1788735097.924785, 1788735098.6220272, 1788735099.3480034, 1788735100.0921235, 1788735100.8644602, 1788735101.5738757, 1788735102.127828, 1788735102.734829, 1788735103.3671536, 1788735104.0289433, 1788735104.702451]","[1, 4, 2, 3, 1, 1, 1, 1, 1, 2, 4, 2, 1, 3, 1, 2, 4, 5, 2, 1, 1, 2, 1, 2, 5, 1, 2, 2, 2, 4, 2, 2, 2, 4, 2, 4, 3, 6, 1, 4, 1, 4, 1, 2, 1, 1, 3, 2, 1, 4, 3, 2, 1, 3, 2, 3, 3, 5, 3, 1, 3, 2, 5, 1, 3, 9, 2, 2, 3, 2, 1, 2, 1, 2, 1, 8, 3, 4, 3, 5, 2, 3, 3, 2, 2, 2, 7, 4, 1, 5, 2, 1, 2, 3, 1, 2, 1, 1, 2, 9, 2, 8, 4, 1, 2, 2, 3, 1, 4, 2, 7, 1, 1, 1, 3, 2, 1, 4, 4, 2, 1, 2]"
User-047,0,trace_0228,1788735108.612509,streaming,16845,122,122,0,262,135.84769868850708,168.06854510307312,0.26628798689724,0.0,0,True,,1788734940.5439048,1788735076.3916035,1788735108.61245,"[1788735076.3916035, 1788735076.954562, 1788735077.5734174, 1788735078.2006726, 1788735078.9133217, 1788735079.5145118, 1788735080.0768566, 1788735080.679347, 1788735081.3188636, 1788735081.9890356, 1788735082.6450095, 1788735083.212987, 1788735083.8213067, 1788735084.4481373, 1788735085.0998673, 1788735085.7739437, 1788735086.4780688, 1788735087.2366633, 1788735087.9184496, 1788735088.479911, 1788735089.0879605, 1788735089.7166975, 1788735090.3727045, 1788735091.0503354, 1788735091.7515688, 1788735092.4850338, 1788735093.2432308, 1788735094.025728, 1788735094.8347156, 1788735095.3757517, 1788735095.97741, 1788735096.5944374, 1788735097.2447972, 1788735097.9276028, 1788735098.6248872, 1788735099.351198, 1788735100.09722, 1788735100.8695822, 1788735101.5788107, 1788735102.1330073, 1788735102.7400012, 1788735103.372179, 1788735104.0311613, 1788735104.7083864, 1788735105.414676, 1788735106.1463373, 1788735106.795408, 1788735107.3582995, 1788735107.9676423, 1788735108.6103888]","[1, 1, 5, 2, 1, 2, 4, 1, 2, 2, 1, 1, 4, 1, 1, 4, 2, 1, 3, 3, 1, 2, 2, 1, 1, 1, 5, 2, 6, 2, 2, 9, 3, 2, 2, 1, 3, 4, 2, 2, 1, 1, 9, 5, 2, 2, 2, 2, 2, 1]"
User-033,1,trace_0538,1788735108.6122015,streaming,12040,99,99,145,14,126.04054069519043,155.14081645011902,0.296941589336006,2576.0,0,True,,1788734953.4713287,1788735079.5118694,1788735108.6121452,"[1788735079.5118694, 1788735080.0738325, 1788735080.6766622, 1788735081.3158307, 1788735081.9869084, 1788735082.6429322, 1788735083.2104576, 1788735083.819159, 1788735084.4459922, 1788735085.0975924, 1788735085.77175, 1788735086.4756546, 1788735087.235931, 1788735087.9166791, 1788735088.478112, 1788735089.08623, 1788735089.7151012, 1788735090.371129, 1788735091.0486517, 1788735091.7498922, 1788735092.483547, 1788735093.2416923, 1788735094.0241094, 1788735094.833169, 1788735095.3741026, 1788735095.9758766, 1788735096.5929432, 1788735097.2434483, 1788735097.9259737, 1788735098.6232846, 1788735099.3493948, 1788735100.0933816, 1788735100.8656752, 1788735101.5752, 1788735102.1291347, 1788735102.7361305, 1788735103.3683946, 1788735104.0294971, 1788735104.704103, 1788735105.4080727, 1788735106.142514, 1788735106.7908123, 1788735107.3537533, 1788735107.9631171, 1788735108.6052845]","[1, 1, 3, 3, 2, 5, 2, 3, 4, 3, 3, 1, 1, 4, 2, 2, 1, 1, 1, 1, 1, 1, 2, 3, 1, 1, 2, 1, 4, 2, 2, 2, 3, 2, 3, 4, 4, 1, 2, 1, 1, 4, 3, 4, 1]"
User-048,0,trace_0546,1788735109.264699,streaming,11642,96,96,0,177,120.46651458740234,147.08532786369324,0.28019803448727254,0.0,0,True,,1788734962.1793003,1788735082.645815,1788735109.2646282,"[1788735082.645815, 1788735083.21351, 1788735083.8218336, 1788735084.4486356, 1788735085.1005647, 1788735085.7744598, 1788735086.4785824, 1788735087.236913, 1788735087.9190128, 1788735088.480425, 1788735089.0884876, 1788735089.7172756, 1788735090.3732197, 1788735091.0508835, 1788735091.7520778, 1788735092.4856107, 1788735093.2440515, 1788735094.0262344, 1788735094.8366354, 1788735095.3767407, 1788735095.9784234, 1788735096.5955405, 1788735097.2456174, 1788735097.9285946, 1788735098.6259024, 1788735099.3522677, 1788735100.095611, 1788735100.8678935, 1788735101.5772772, 1788735102.1312435, 1788735102.7383473, 1788735103.370484, 1788735104.0304375, 1788735104.7067606, 1788735105.4102516, 1788735106.144774, 1788735106.7938728, 1788735107.3566275, 1788735107.9659371, 1788735108.6087058, 1788735109.261658]","[1, 1, 5, 3, 1, 1, 4, 1, 2, 3, 1, 4, 1, 1, 4, 2, 1, 3, 2, 1, 2, 2, 1, 1, 1, 3, 2, 2, 6, 2, 1, 2, 3, 1, 4, 2, 4, 3, 6, 4, 2]"
User-046,0,trace_0334,1788735111.407419,streaming,11961,156,156,0,186,138.9182825088501,178.52097177505493,0.25550122107228923,0.0,0,True,,1788734932.8863626,1788735071.804645,1788735111.4073343,"[1788735071.804645, 1788735072.381473, 1788735073.0048409, 1788735073.6425798, 1788735074.3087468, 1788735075.0139396, 1788735075.7386208, 1788735076.3931406, 1788735076.956127, 1788735077.575011, 1788735078.2025936, 1788735078.914048, 1788735079.516048, 1788735080.0784466, 1788735080.6809072, 1788735081.3206134, 1788735081.9905982, 1788735082.6473424, 1788735083.215091, 1788735083.8234668, 1788735084.4503527, 1788735085.1022406, 1788735085.7760775, 1788735086.480283, 1788735087.2378588, 1788735087.92083, 1788735088.4820426, 1788735089.090114, 1788735089.7189186, 1788735090.3748016, 1788735091.0525157, 1788735091.7537367, 1788735092.4871547, 1788735093.24577, 1788735094.0278387, 1788735094.838381, 1788735095.3782098, 1788735095.9799702, 1788735096.596694, 1788735097.2468257, 1788735097.9300478, 1788735098.627424, 1788735099.3543177, 1788735100.096701, 1788735100.869027, 1788735101.578277, 1788735102.1325085, 1788735102.7394724, 1788735103.3716326, 1788735104.030932, 1788735104.7078686, 1788735105.4133632, 1788735106.1452882, 1788735106.7943861, 1788735107.3572083, 1788735107.966523, 1788735108.60928, 1788735109.262607, 1788735109.9430678, 1788735110.6666906, 1788735111.4051163]","[1, 1, 5, 2, 1, 1, 1, 3, 2, 3, 2, 2, 1, 7, 2, 1, 5, 3, 2, 2, 2, 2, 4, 1, 1, 4, 1, 1, 1, 1, 2, 1, 2, 2, 6, 5, 3, 2, 1, 2, 1, 2, 1, 3, 7, 7, 1, 4, 7, 4, 2, 1, 1, 5, 3, 9, 2, 1, 1, 1, 2]"
User-008,1,trace_0707,1788735112.8133843,streaming,19859,309,309,302,7,122.51998519897461,185.99633526802063,0.20609204567872086,16.0,0,True,,1788734926.816955,1788735049.3369403,1788735112.8132904,"[1788735049.3369403, 1788735049.8861902, 1788735050.491783, 1788735051.1160328, 1788735051.7667022, 1788735052.4391797, 1788735053.1477678, 1788735053.879792, 1788735054.628177, 1788735055.4021602, 1788735056.201536, 1788735057.0305548, 1788735057.8784726, 1788735058.6562095, 1788735059.2043462, 1788735059.8119063, 1788735060.443739, 1788735061.099327, 1788735061.7769191, 1788735062.4894433, 1788735063.2239022, 1788735063.9844568, 1788735064.7711923, 1788735065.5709302, 1788735066.3967073, 1788735067.244422, 1788735068.1070445, 1788735068.6485257, 1788735069.2523804, 1788735069.886872, 1788735070.5308657, 1788735071.2069893, 1788735071.802375, 1788735072.3793497, 1788735073.0025873, 1788735073.6404212, 1788735074.3066132, 1788735075.0118387, 1788735075.736368, 1788735076.390187, 1788735076.9535286, 1788735077.5722353, 1788735078.199665, 1788735078.912806, 1788735079.5134916, 1788735080.0757482, 1788735080.678162, 1788735081.317491, 1788735081.988492, 1788735082.644469, 1788735083.2124078, 1788735083.8207629, 1788735084.4476016, 1788735085.0993528, 1788735085.7734308, 1788735086.4775426, 1788735087.236423, 1788735087.9179134, 1788735088.479297, 1788735089.087319, 1788735089.71615, 1788735090.3720958, 1788735091.0497172, 1788735091.7510269, 1788735092.4844992, 1788735093.2427094, 1788735094.0251315, 1788735094.8342068, 1788735095.375154, 1788735095.976893, 1788735096.593934, 1788735097.2442749, 1788735097.926996, 1788735098.6242988, 1788735099.3504734, 1788735100.0944583, 1788735100.8668108, 1788735101.5762372, 1788735102.1301763, 1788735102.7372613, 1788735103.3694599, 1788735104.0299914, 1788735104.7051451, 1788735105.4092088, 1788735106.1436324, 1788735106.7919915, 1788735107.3549364, 1788735107.9642677, 1788735108.607023, 1788735109.2600045, 1788735109.941464, 1788735110.665034, 1788735111.4033947, 1788735112.1724095, 1788735112.8091059]","[1, 2, 5, 3, 4, 1, 3, 9, 3, 2, 1, 2, 1, 1, 2, 3, 6, 2, 5, 5, 1, 2, 9, 4, 9, 2, 4, 4, 1, 4, 9, 6, 1, 3, 1, 5, 2, 2, 5, 2, 2, 2, 1, 1, 3, 2, 1, 2, 2, 3, 6, 2, 6, 1, 3, 2, 1, 1, 3, 7, 4, 5, 1, 2, 3, 1, 3, 2, 2, 2, 2, 9, 3, 3, 2, 9, 4, 7, 1, 5, 3, 2, 6, 2, 3, 7, 1, 1, 1, 1, 6, 9, 4, 4, 1]"
User-049,0,trace_0273,1788735122.3229227,streaming,18402,104,104,0,287,117.35820889472961,151.76512575149536,0.33404773647345387,0.0,0,True,,1788734970.5577228,1788735087.9159317,1788735122.3228486,"[1788735087.9159317, 1788735088.477428, 1788735089.085646, 1788735089.7144945, 1788735090.3704066, 1788735091.0480301, 1788735091.7490146, 1788735092.482968, 1788735093.2411587, 1788735094.023551, 1788735094.8325398, 1788735095.3735766, 1788735095.9753385, 1788735096.5923283, 1788735097.2428997, 1788735097.9254382, 1788735098.622713, 1788735099.3488412, 1788735100.092754, 1788735100.865057, 1788735101.5745332, 1788735102.1285212, 1788735102.7354522, 1788735103.3677711, 1788735104.029245, 1788735104.7035222, 1788735105.4074652, 1788735106.1418056, 1788735106.790174, 1788735107.352944, 1788735107.9624784, 1788735108.6044967, 1788735109.2586327, 1788735109.9402263, 1788735110.6637857, 1788735111.402087, 1788735112.171101, 1788735112.8077772, 1788735113.3715334, 1788735113.987836, 1788735114.630332, 1788735115.297049, 1788735115.9913857, 1788735116.5905573, 1788735117.1853068, 1788735117.8180199, 1788735118.4691145, 1788735119.1447992, 1788735119.842397, 1788735120.5383344, 1788735121.0905306, 1788735121.6917481, 1788735122.3194761]","[1, 4, 2, 1, 2, 1, 3, 1, 2, 3, 1, 2, 2, 3, 1, 1, 2, 1, 1, 2, 1, 2, 4, 3, 3, 2, 1, 4, 1, 3, 1, 1, 2, 1, 1, 7, 1, 1, 1, 3, 2, 1, 1, 1, 1, 2, 2, 4, 3, 1, 2, 3, 2]"
User-042,1,trace_0582,1788735128.4195693,streaming,20509,96,96,317,2,76.88316583633423,92.4907546043396,0.16429040808426706,8.0,0,True,,1788735035.9287145,1788735112.8118804,1788735128.419469,"[1788735112.8118804, 1788735113.3746336, 1788735113.9908497, 1788735114.6333492, 1788735115.3003812, 1788735115.9943213, 1788735116.5942154, 1788735117.186881, 1788735117.8212924, 1788735118.4723918, 1788735119.148115, 1788735119.8459928, 1788735120.5425208, 1788735121.0948985, 1788735121.695878, 1788735122.3244615, 1788735122.9759362, 1788735123.6712806, 1788735124.3758144, 1788735125.1049976, 1788735125.8699229, 1788735126.6468046, 1788735127.1897624, 1788735127.7874985, 1788735128.4176269]","[1, 4, 2, 3, 4, 1, 2, 5, 5, 1, 1, 8, 4, 2, 1, 3, 9, 7, 9, 8, 1, 2, 4, 3, 6]"
User-013,3,trace_0253,1788735136.7633445,streaming,23772,163,163,332,13,122.6570782661438,164.58473944664001,0.2588127233363964,30.0,0,True,,1788734972.1784842,1788735094.8355625,1788735136.7632236,"[1788735094.8355625, 1788735095.3762503, 1788735095.9779115, 1788735096.5950158, 1788735097.2452104, 1788735097.928098, 1788735098.6253805, 1788735099.3517213, 1788735100.0950713, 1788735100.8673666, 1788735101.5767813, 1788735102.1306837, 1788735102.7378097, 1788735103.3699818, 1788735104.0302157, 1788735104.705704, 1788735105.4097457, 1788735106.1441765, 1788735106.7925367, 1788735107.3554463, 1788735107.9649131, 1788735108.6075852, 1788735109.260572, 1788735109.9420123, 1788735110.6656184, 1788735111.40398, 1788735112.1729767, 1788735112.8099115, 1788735113.3727815, 1788735113.9891055, 1788735114.631606, 1788735115.2984262, 1788735115.9926293, 1788735116.5926347, 1788735117.186115, 1788735117.8197844, 1788735118.4708612, 1788735119.1465533, 1788735119.8443654, 1788735120.5401552, 1788735121.0924995, 1788735121.6935408, 1788735122.3218248, 1788735122.9737954, 1788735123.6689835, 1788735124.3735843, 1788735125.1028843, 1788735125.8617542, 1788735126.644577, 1788735127.187692, 1788735127.7851102, 1788735128.415451, 1788735129.060464, 1788735129.7328415, 1788735130.4314604, 1788735130.984973, 1788735131.583924, 1788735132.2144475, 1788735132.870139, 1788735133.5460513, 1788735134.244183, 1788735134.9725988, 1788735135.5724866, 1788735136.138216, 1788735136.7596426]","[1, 1, 5, 3, 4, 2, 3, 3, 2, 3, 2, 3, 7, 2, 1, 1, 1, 2, 2, 2, 2, 2, 2, 2, 3, 1, 5, 5, 1, 2, 5, 4, 3, 4, 5, 5, 1, 2, 1, 3, 1, 2, 1, 1, 1, 5, 1, 1, 2, 1, 3, 3, 4, 1, 1, 1, 4, 1, 1, 4, 2, 8, 1, 4, 1]"
User-034,1,trace_0164,1788735137.406063,streaming,18034,199,199,275,6,99.18380784988403,129.7963421344757,0.15460875901308926,19.0,0,True,,1788735007.6095672,1788735106.793375,1788735137.4059093,"[1788735106.793375, 1788735107.3561072, 1788735107.9654288, 1788735108.6081493, 1788735109.2611191, 1788735109.9425256, 1788735110.6661594, 1788735111.4045072, 1788735112.1735957, 1788735112.8104954, 1788735113.3733366, 1788735113.9896488, 1788735114.6321738, 1788735115.2990406, 1788735115.9931927, 1788735116.5931835, 1788735117.1863809, 1788735117.820333, 1788735118.4713829, 1788735119.1471076, 1788735119.8449135, 1788735120.5406713, 1788735121.0931711, 1788735121.6941812, 1788735122.3224218, 1788735122.9743266, 1788735123.6695201, 1788735124.3741531, 1788735125.1034107, 1788735125.862286, 1788735126.645121, 1788735127.188216, 1788735127.785637, 1788735128.4159918, 1788735129.0609803, 1788735129.7333548, 1788735130.431946, 1788735130.9854665, 1788735131.5844538, 1788735132.2149944, 1788735132.8707237, 1788735133.5465987, 1788735134.2447064, 1788735134.9731517, 1788735135.5730743, 1788735136.138752, 1788735136.7605596, 1788735137.4030447]","[1, 2, 1, 1, 1, 1, 2, 9, 8, 2, 5, 5, 5, 3, 2, 2, 9, 5, 2, 1, 3, 4, 1, 4, 1, 2, 8, 4, 7, 8, 9, 7, 2, 1, 2, 5, 5, 2, 8, 1, 9, 9, 9, 8, 1, 5, 2, 5]"
User-035,2,trace_0062,1788735147.8526802,streaming,16745,75,75,255,5,85.35561299324036,97.6430230140686,0.16604608136254387,12.0,0,True,,1788735050.2095532,1788735135.5651662,1788735147.8525763,"[1788735135.5651662, 1788735136.1357641, 1788735136.7574012, 1788735137.4004765, 1788735138.061391, 1788735138.7536774, 1788735139.477952, 1788735140.229635, 1788735141.0041082, 1788735141.612656, 1788735142.1780815, 1788735142.7947593, 1788735143.436992, 1788735144.1025927, 1788735144.791459, 1788735145.5191505, 1788735146.2684245, 1788735147.0439813, 1788735147.8475037]","[1, 4, 4, 5, 1, 5, 2, 2, 4, 2, 2, 7, 7, 2, 9, 5, 9, 3, 1]"
User-017,4,trace_0726,1788735154.8860598,streaming,21312,133,133,322,2,87.69456887245178,115.93791556358337,0.21396474766008783,6.0,0,True,,1788735038.948058,1788735126.6426268,1788735154.8859735,"[1788735126.6426268, 1788735127.1859732, 1788735127.7831712, 1788735128.413589, 1788735129.0587573, 1788735129.7310584, 1788735130.429785, 1788735130.9829996, 1788735131.5822124, 1788735132.2127583, 1788735132.8684652, 1788735133.5444179, 1788735134.2424793, 1788735134.9709363, 1788735135.5658028, 1788735136.1364722, 1788735136.7579725, 1788735137.4010825, 1788735138.0620196, 1788735138.7543137, 1788735139.4785707, 1788735140.2302508, 1788735141.0047479, 1788735141.6131847, 1788735142.1786728, 1788735142.7954478, 1788735143.437659, 1788735144.103207, 1788735144.7920904, 1788735145.5197892, 1788735146.2690818, 1788735147.0445485, 1788735147.8483648, 1788735148.4630992, 1788735149.0238497, 1788735149.6392572, 1788735150.2869577, 1788735150.9497075, 1788735151.6384232, 1788735152.371572, 1788735153.0864244, 1788735153.641148, 1788735154.250623, 1788735154.880875]","[1, 3, 4, 1, 2, 4, 3, 2, 3, 5, 2, 3, 4, 4, 4, 4, 2, 1, 1, 3, 2, 2, 2, 1, 1, 2, 3, 2, 3, 1, 9, 2, 2, 4, 2, 2, 4, 2, 6, 9, 5, 5, 2, 4]"
User-050,0,trace_0243,1788735163.8121336,streaming,22167,147,99,0,346,127.3836579322815,189.61516499519348,0.6350153781929795,0.0,0,True,,1788734974.1964889,1788735101.5801468,1788735163.8116539,"[1788735101.5801468, 1788735102.134042, 1788735102.7410429, 1788735103.3732235, 1788735104.0316827, 1788735104.709446, 1788735106.147393, 1788735107.3593347, 1788735107.968668, 1788735108.611823, 1788735109.264304, 1788735109.9446352, 1788735110.6682956, 1788735112.17529, 1788735112.812893, 1788735113.3757393, 1788735113.9918842, 1788735114.6343887, 1788735115.9953759, 1788735116.59521, 1788735117.1873667, 1788735117.8224583, 1788735118.4734402, 1788735119.8471107, 1788735120.5435565, 1788735121.0959272, 1788735121.6969175, 1788735122.3255663, 1788735123.6723912, 1788735124.376949, 1788735125.1061146, 1788735125.871077, 1788735126.6478145, 1788735127.7885342, 1788735128.4190536, 1788735129.0630581, 1788735129.7355483, 1788735130.4341714, 1788735131.5866814, 1788735132.2172182, 1788735132.8729722, 1788735133.5487967, 1788735134.246843, 1788735135.5754137, 1788735136.1408246, 1788735136.76284, 1788735137.4056005, 1788735138.065637, 1788735139.4818075, 1788735140.2334673, 1788735141.0080373, 1788735141.6172116, 1788735142.7991307, 1788735143.4413834, 1788735144.107385, 1788735144.7958097, 1788735146.2728565, 1788735147.0483062, 1788735147.8522203, 1788735148.467714, 1788735149.6435575, 1788735150.2914371, 1788735150.954669, 1788735151.64702, 1788735153.0905805, 1788735153.6456804, 1788735154.2551286, 1788735154.8856428, 1788735156.2104874, 1788735156.9129584, 1788735157.63983, 1788735158.3955693, 1788735160.0022273, 1788735160.6076303, 1788735161.1709535, 1788735161.7947922, 1788735163.111311, 1788735163.810957]","[1, 1, 1, 1, 1, 1, 1, 1, 1, 1, 1, 1, 1, 1, 1, 1, 2, 1, 1, 1, 1, 2, 1, 1, 1, 1, 2, 1, 1, 1, 1, 2, 1, 1, 1, 1, 2, 1, 1, 1, 1, 2, 1, 1, 1, 1, 2, 1, 1, 1, 3, 1, 1, 1, 3, 1, 1, 1, 3, 1, 1, 1, 3, 1, 1, 1, 3, 1, 1, 1, 3, 1, 1, 1, 3, 1, 1, 1]"
User-037,1,trace_0489,1788735165.2661386,streaming,15800,212,212,239,7,82.40702223777771,127.13155937194824,0.21196463096763285,13.0,0,True,,1788735038.1344972,1788735120.5415194,1788735165.2660565,"[1788735120.5415194, 1788735121.0936873, 1788735121.6947165, 1788735122.3233452, 1788735122.9749053, 1788735123.6701207, 1788735124.3747036, 1788735125.1039662, 1788735125.868637, 1788735126.6457005, 1788735127.1887457, 1788735127.786163, 1788735128.416501, 1788735129.0615022, 1788735129.733895, 1788735130.4324718, 1788735130.9859834, 1788735131.5850332, 1788735132.2155235, 1788735132.871364, 1788735133.5472143, 1788735134.245277, 1788735134.9737194, 1788735135.573636, 1788735136.139293, 1788735136.7612545, 1788735137.4038558, 1788735138.0636127, 1788735138.7559893, 1788735139.4801502, 1788735140.2318683, 1788735141.0063272, 1788735141.614827, 1788735142.1803088, 1788735142.7969975, 1788735143.439266, 1788735144.1048045, 1788735144.7936616, 1788735145.521308, 1788735146.2706752, 1788735147.0461578, 1788735147.8500981, 1788735148.4648495, 1788735149.0255847, 1788735149.6408143, 1788735150.2887154, 1788735150.951635, 1788735151.6442215, 1788735152.3731732, 1788735153.0880167, 1788735153.6430018, 1788735154.2525096, 1788735154.882816, 1788735155.5334697, 1788735156.2077663, 1788735156.9101872, 1788735157.6370485, 1788735158.3928401, 1788735159.1860812, 1788735159.9995313, 1788735160.6050277, 1788735161.1683204, 1788735161.7921777, 1788735162.4374568, 1788735163.1086268, 1788735163.808181, 1788735164.5197258, 1788735165.263159]","[1, 5, 3, 4, 1, 3, 1, 1, 2, 5, 3, 4, 1, 1, 5, 2, 1, 4, 9, 5, 3, 1, 9, 8, 4, 4, 1, 7, 3, 7, 2, 4, 4, 1, 1, 5, 1, 4, 3, 7, 2, 2, 4, 1, 2, 2, 5, 6, 1, 2, 2, 2, 1, 4, 4, 1, 4, 3, 3, 4, 6, 1, 2, 1, 3, 2, 1, 1]"
User-016,0,trace_0704,1788735166.039388,streaming,22704,1173,1108,0,354,56.70904231071472,381.89338064193726,0.2937527898204359,0.0,0,True,,1788734784.145893,1788734840.8549354,1788735166.0392737,"[1788734840.8549354, 1788734841.4150512, 1788734842.0288599, 1788734842.6672747, 1788734843.328418, 1788734844.0146315, 1788734844.7280903, 1788734845.4653413, 1788734846.12375, 1788734846.6834044, 1788734847.2943993, 1788734847.928584, 1788734848.5840843, 1788734849.265255, 1788734849.9692032, 1788734850.6422658, 1788734851.2004976, 1788734851.8074918, 1788734852.4381685, 1788734853.0903947, 1788734853.762345, 1788734854.4619243, 1788734855.1865044, 1788734855.8861454, 1788734856.4392095, 1788734857.0399115, 1788734857.6674387, 1788734858.3175948, 1788734858.9916346, 1788734859.6920211, 1788734860.4166684, 1788734861.1033483, 1788734861.6583743, 1788734862.2636611, 1788734862.8908958, 1788734863.5424964, 1788734864.2142048, 1788734864.9172285, 1788734865.6416502, 1788734866.3944736, 1788734867.1678023, 1788734867.969796, 1788734868.788688, 1788734869.6380498, 1788734870.5172622, 1788734871.1683738, 1788734871.725711, 1788734872.3379457, 1788734872.9766471, 1788734873.6380184, 1788734874.3247721, 1788734875.0384133, 1788734875.7787058, 1788734876.5472658, 1788734877.176666, 1788734877.7407146, 1788734878.353094, 1788734878.99176, 1788734879.650464, 1788734880.3357153, 1788734881.0418434, 1788734881.8301935, 1788734882.5481706, 1788734883.3366494, 1788734884.1453218, 1788734884.9793088, 1788734885.6880302, 1788734886.2394307, 1788734886.845919, 1788734887.4798834, 1788734888.1351242, 1788734888.8161397, 1788734889.5174289, 1788734890.2488723, 1788734891.006296, 1788734891.7889943, 1788734892.593536, 1788734893.425607, 1788734894.279796, 1788734895.029444, 1788734895.577566, 1788734896.1866462, 1788734896.8183172, 1788734897.475658, 1788734898.153375, 1788734898.8563652, 1788734899.5832086, 1788734900.3400548, 1788734901.1260185, 1788734901.823303, 1788734902.3832316, 1788734902.9927826, 1788734903.624491, 1788734904.282777, 1788734904.9605198, 1788734905.6635838, 1788734906.3936453, 1788734907.145772, 1788734907.9337535, 1788734908.749036, 1788734909.5825193, 1788734910.4429805, 1788734911.3312483, 1788734911.9892256, 1788734912.5410473, 1788734913.16217, 1788734913.7980914, 1788734914.4645457, 1788734915.1541207, 1788734915.871896, 1788734916.651436, 1788734917.3922904, 1788734918.198379, 1788734919.0261855, 1788734919.6983192, 1788734920.2583907, 1788734920.8788679, 1788734921.5230255, 1788734922.1935978, 1788734922.8892455, 1788734923.6057005, 1788734924.3515418, 1788734924.9856648, 1788734925.5555937, 1788734926.1700096, 1788734926.8205693, 1788734927.4821851, 1788734928.1792479, 1788734928.901741, 1788734929.6002107, 1788734930.1585734, 1788734930.7662556, 1788734931.3989892, 1788734932.0540376, 1788734932.7352777, 1788734933.4471393, 1788734934.1829596, 1788734934.949542, 1788734935.724204, 1788734936.2755814, 1788734936.8761656, 1788734937.5034518, 1788734938.155859, 1788734938.8316708, 1788734939.53217, 1788734940.2623296, 1788734941.0208125, 1788734941.802058, 1788734942.5363963, 1788734943.0787904, 1788734943.6873338, 1788734944.320151, 1788734944.9778616, 1788734945.658331, 1788734946.3665633, 1788734947.103831, 1788734947.864918, 1788734948.661429, 1788734949.4806437, 1788734950.3237994, 1788734951.092701, 1788734951.638938, 1788734952.2487617, 1788734952.8825476, 1788734953.5417285, 1788734954.2223938, 1788734954.930223, 1788734955.5325356, 1788734956.1074812, 1788734956.7212274, 1788734957.362261, 1788734958.0278468, 1788734958.7167907, 1788734959.4335694, 1788734960.1743975, 1788734960.950076, 1788734961.4965792, 1788734962.097368, 1788734962.7188468, 1788734963.3758888, 1788734964.0361156, 1788734964.7317448, 1788734965.4528658, 1788734966.199945, 1788734966.991317, 1788734967.800636, 1788734968.6312985, 1788734969.418175, 1788734969.9581854, 1788734970.5612779, 1788734971.190543, 1788734971.8441567, 1788734972.5203192, 1788734973.2238677, 1788734973.9532444, 1788734974.7111363, 1788734975.3105693, 1788734975.8763955, 1788734976.5048797, 1788734977.1702244, 1788734977.8437698, 1788734978.5401874, 1788734979.2641096, 1788734980.007007, 1788734980.6162198, 1788734981.1779258, 1788734981.7988214, 1788734982.4427679, 1788734983.1248062, 1788734983.8172762, 1788734984.5368538, 1788734985.1599627, 1788734985.72837, 1788734986.3454025, 1788734986.9866202, 1788734987.6564038, 1788734988.347582, 1788734989.0565546, 1788734989.79779, 1788734990.5655136, 1788734991.172257, 1788734991.7388713, 1788734992.3727655, 1788734993.0227134, 1788734993.687433, 1788734994.37896, 1788734995.0737157, 1788734995.628894, 1788734996.2324867, 1788734996.8575652, 1788734997.50928, 1788734998.178828, 1788734998.8754652, 1788734999.600613, 1788735000.3542902, 1788735001.1336932, 1788735001.932565, 1788735002.7556698, 1788735003.610697, 1788735004.482806, 1788735005.11353, 1788735005.6730049, 1788735006.2939587, 1788735006.939992, 1788735007.6142566, 1788735008.2981586, 1788735009.0166395, 1788735009.758638, 1788735010.52907, 1788735011.1990159, 1788735011.7767959, 1788735012.4057686, 1788735013.0466971, 1788735013.707524, 1788735014.3896816, 1788735015.0284789, 1788735015.597205, 1788735016.2083817, 1788735016.8421957, 1788735017.505058, 1788735018.2033715, 1788735018.9104505, 1788735019.64201, 1788735020.3926008, 1788735021.166371, 1788735021.9687943, 1788735022.6778967, 1788735023.2391074, 1788735023.8498623, 1788735024.4843698, 1788735025.1406348, 1788735025.8221962, 1788735026.5192242, 1788735027.253038, 1788735028.0137901, 1788735028.6750267, 1788735029.2394998, 1788735029.8583996, 1788735030.4946508, 1788735031.1583076, 1788735031.8367667, 1788735032.5359406, 1788735033.2657773, 1788735034.0240462, 1788735034.6909873, 1788735035.2574954, 1788735035.8766727, 1788735036.5126872, 1788735037.1691651, 1788735037.8517568, 1788735038.5500593, 1788735039.2792675, 1788735040.0457833, 1788735040.8303268, 1788735041.6348045, 1788735042.4688141, 1788735043.3557148, 1788735043.8827226, 1788735044.481016, 1788735045.10501, 1788735045.748478, 1788735046.4239717, 1788735047.12533, 1788735047.8530424, 1788735048.5873113, 1788735049.3355863, 1788735049.8851695, 1788735050.490542, 1788735051.1149638, 1788735051.7654164, 1788735052.4380832, 1788735053.146718, 1788735053.878505, 1788735054.6271508, 1788735055.4010987, 1788735056.2004895, 1788735057.0294871, 1788735057.8774002, 1788735058.6552033, 1788735059.2031903, 1788735059.8108675, 1788735060.4426746, 1788735061.0982013, 1788735061.7758708, 1788735062.488381, 1788735063.222884, 1788735063.983451, 1788735064.7700818, 1788735065.56982, 1788735066.3954911, 1788735067.2433562, 1788735068.1059632, 1788735068.6475058, 1788735069.2513666, 1788735069.8857927, 1788735070.5297513, 1788735071.2058918, 1788735071.8013709, 1788735072.3782663, 1788735073.0012465, 1788735073.6399083, 1788735074.3060927, 1788735075.0111918, 1788735075.7358494, 1788735076.3896418, 1788735076.95288, 1788735077.5716996, 1788735078.1991158, 1788735078.9125516, 1788735079.5129962, 1788735080.0752015, 1788735081.3169894, 1788735083.211879, 1788735085.0988355, 1788735085.7729216, 1788735087.2361805, 1788735087.9173787, 1788735089.086803, 1788735089.7156377, 1788735091.0491977, 1788735091.7504644, 1788735093.242209, 1788735094.0246282, 1788735094.8337092, 1788735095.3746278, 1788735095.9763906, 1788735096.593447, 1788735097.243865, 1788735097.9264984, 1788735098.6238043, 1788735099.3499386, 1788735100.0939486, 1788735100.8662605, 1788735101.5757403, 1788735102.1296742, 1788735102.7367482, 1788735103.3689513, 1788735104.0297658, 1788735104.7046354, 1788735105.4086926, 1788735106.1430962, 1788735106.7914898, 1788735107.3543897, 1788735107.9637523, 1788735108.6063807, 1788735109.2594512, 1788735109.9408648, 1788735110.6644077, 1788735111.402778, 1788735112.1718304, 1788735112.8084562, 1788735113.3722277, 1788735113.988555, 1788735114.6310654, 1788735115.2978637, 1788735115.9920788, 1788735116.5911899, 1788735117.18561, 1788735117.8186204, 1788735118.4697142, 1788735119.1454134, 1788735119.8432155, 1788735120.5389864, 1788735121.0911915, 1788735121.692394, 1788735122.3206809, 1788735122.9725761, 1788735123.6677718, 1788735124.3723269, 1788735125.1016495, 1788735125.8605366, 1788735126.6435142, 1788735127.186573, 1788735127.7837994, 1788735128.4142084, 1788735129.0593631, 1788735129.7317064, 1788735130.430431, 1788735130.9837914, 1788735131.5828662, 1788735132.2134078, 1788735132.8690484, 1788735133.5450313, 1788735134.2431443, 1788735134.9715493, 1788735135.5663478, 1788735136.137176, 1788735136.7585104, 1788735137.401889, 1788735138.0625427, 1788735138.7548885, 1788735139.4791305, 1788735140.2308378, 1788735141.0052915, 1788735141.6137865, 1788735142.179299, 1788735142.7959785, 1788735143.4382176, 1788735144.1037729, 1788735144.7926362, 1788735145.5203068, 1788735146.269658, 1788735147.0450754, 1788735147.848922, 1788735148.4637876, 1788735149.0244656, 1788735149.6398737, 1788735150.2876868, 1788735150.9505486, 1788735151.6432004, 1788735152.3721483, 1788735153.087001, 1788735153.6418617, 1788735154.2512238, 1788735154.881734, 1788735155.5325205, 1788735156.2066965, 1788735156.9091616, 1788735157.6361282, 1788735158.3915918, 1788735159.1850255, 1788735159.9984093, 1788735160.604011, 1788735161.1673214, 1788735161.7911303, 1788735162.436448, 1788735163.1076105, 1788735163.8072753, 1788735164.518672, 1788735165.2620766, 1788735166.0358324]","[1, 1, 5, 2, 4, 2, 3, 1, 1, 2, 2, 2, 3, 6, 5, 3, 1, 1, 3, 1, 3, 2, 3, 4, 1, 1, 4, 1, 3, 1, 2, 4, 2, 3, 1, 2, 6, 1, 3, 4, 1, 1, 5, 6, 3, 1, 2, 9, 2, 1, 6, 3, 1, 2, 3, 1, 3, 2, 2, 3, 2, 1, 2, 1, 3, 7, 2, 2, 1, 2, 1, 2, 1, 3, 5, 7, 4, 3, 5, 2, 2, 2, 2, 3, 8, 1, 3, 9, 1, 3, 2, 3, 2, 2, 4, 1, 6, 1, 1, 1, 2, 3, 1, 4, 4, 2, 1, 7, 1, 2, 3, 2, 4, 1, 1, 2, 1, 1, 2, 1, 8, 1, 7, 1, 4, 3, 4, 2, 3, 1, 9, 2, 3, 3, 1, 5, 1, 7, 4, 5, 6, 1, 7, 2, 2, 3, 1, 3, 2, 3, 4, 1, 3, 2, 7, 1, 2, 9, 1, 4, 3, 1, 3, 2, 6, 2, 2, 2, 6, 1, 2, 5, 2, 3, 1, 2, 7, 5, 3, 2, 2, 1, 2, 9, 3, 1, 5, 2, 2, 1, 3, 1, 1, 3, 2, 1, 2, 2, 2, 2, 1, 2, 3, 8, 1, 2, 1, 4, 2, 3, 2, 2, 1, 1, 2, 4, 8, 1, 2, 3, 2, 1, 2, 1, 2, 1, 2, 1, 7, 1, 2, 1, 4, 6, 5, 4, 2, 1, 7, 3, 3, 1, 3, 4, 2, 1, 3, 1, 3, 2, 2, 3, 1, 2, 4, 4, 3, 3, 1, 1, 3, 7, 1, 3, 6, 3, 2, 5, 3, 2, 1, 5, 3, 1, 4, 4, 1, 2, 1, 4, 1, 4, 9, 1, 2, 2, 2, 2, 9, 1, 1, 1, 2, 1, 1, 5, 4, 2, 3, 3, 1, 5, 1, 3, 3, 1, 3, 3, 1, 7, 5, 2, 2, 1, 5, 2, 8, 9, 2, 2, 1, 1, 8, 5, 6, 1, 2, 1, 6, 3, 5, 6, 3, 1, 3, 7, 3, 3, 3, 1, 1, 2, 3, 1, 4, 2, 4, 1, 1, 1, 1, 1, 1, 1, 1, 1, 1, 1, 1, 1, 1, 1, 1, 1, 1, 1, 1, 1, 1, 1, 1, 1, 1, 1, 1, 1, 1, 1, 1, 1, 1, 1, 1, 1, 1, 1, 1, 1, 1, 1, 1, 1, 1, 1, 1, 1, 1, 1, 1, 1, 1, 1, 1, 1, 1, 1, 1, 1, 1, 1, 1, 1, 1, 1, 1, 1, 1, 1, 1, 1, 1, 1, 1, 1, 1, 1, 1, 1, 1, 1, 1, 1, 1, 1, 1, 1, 1, 1, 1, 1, 1, 1, 1, 1, 1, 1, 1, 1, 1, 1, 1, 1, 1, 1, 1, 1, 1, 1, 1, 1, 1, 1, 1, 1, 1, 1, 1, 1, 1, 1, 1]"
User-007,2,trace_0398,1788735183.5985808,streaming,13999,202,202,214,4,82.97078084945679,136.14008474349976,0.264523899970363,7.0,0,True,,1788735047.4584022,1788735130.429183,1788735183.598487,"[1788735130.429183, 1788735130.9823675, 1788735131.5815816, 1788735132.2121499, 1788735132.8677094, 1788735133.5437968, 1788735134.2418952, 1788735134.9702904, 1788735135.5641828, 1788735136.13514, 1788735136.7565823, 1788735137.399651, 1788735138.0607772, 1788735138.753033, 1788735139.4773371, 1788735140.2290087, 1788735141.0034516, 1788735141.6119664, 1788735142.1774683, 1788735142.7941308, 1788735143.4364002, 1788735144.1017401, 1788735144.7908618, 1788735145.5185103, 1788735146.267818, 1788735147.0433092, 1788735147.8468044, 1788735148.462392, 1788735149.0232382, 1788735149.638602, 1788735150.2862012, 1788735150.949088, 1788735151.637814, 1788735152.3708699, 1788735153.0848188, 1788735153.6397781, 1788735154.2492366, 1788735154.8795788, 1788735155.531135, 1788735156.2054482, 1788735156.907929, 1788735157.6348732, 1788735158.3902178, 1788735159.1836836, 1788735159.9971757, 1788735160.6018484, 1788735161.165445, 1788735161.7890816, 1788735162.4346294, 1788735163.1059098, 1788735163.8054533, 1788735164.5168378, 1788735165.2603087, 1788735166.033937, 1788735166.8310955, 1788735167.665374, 1788735168.5372682, 1788735169.248157, 1788735169.8053296, 1788735170.421053, 1788735171.061187, 1788735171.724337, 1788735172.415378, 1788735173.1350753, 1788735173.8791566, 1788735174.6505008, 1788735175.4449975, 1788735176.2680876, 1788735177.1284423, 1788735178.0037453, 1788735178.6364913, 1788735179.1950357, 1788735179.8126922, 1788735180.4671466, 1788735181.1410954, 1788735181.7723522, 1788735182.3451943, 1788735182.9561503, 1788735183.5942817]","[1, 1, 4, 2, 2, 2, 2, 2, 3, 7, 7, 2, 2, 8, 1, 4, 5, 6, 4, 1, 1, 2, 1, 1, 1, 2, 4, 5, 1, 4, 5, 4, 2, 4, 1, 1, 3, 2, 3, 2, 1, 6, 4, 3, 1, 3, 9, 1, 3, 1, 1, 5, 1, 3, 1, 3, 1, 1, 1, 1, 1, 1, 2, 1, 1, 2, 2, 4, 1, 1, 3, 2, 3, 5, 3, 1, 2, 1, 1]"
User-036,1,trace_0615,1788735188.20029,streaming,24140,133,133,358,18,81.76098108291626,109.35828161239624,0.2090704585566665,12.0,0,True,,1788735078.8418899,1788735160.602871,1788735188.2001715,"[1788735160.602871, 1788735161.1660883, 1788735161.7898724, 1788735162.4352822, 1788735163.106512, 1788735163.8060732, 1788735164.517485, 1788735165.2609386, 1788735166.0345953, 1788735166.8317165, 1788735167.6660583, 1788735168.5381913, 1788735169.2488842, 1788735169.8059168, 1788735170.4216673, 1788735171.061787, 1788735171.7250936, 1788735172.4161527, 1788735173.1356895, 1788735173.87978, 1788735174.6511598, 1788735175.4456172, 1788735176.268728, 1788735177.1290526, 1788735178.0044556, 1788735178.637166, 1788735179.1956635, 1788735179.8133032, 1788735180.4677868, 1788735181.1417143, 1788735181.7729685, 1788735182.3458116, 1788735182.9567554, 1788735183.5952194, 1788735184.2505515, 1788735184.9326553, 1788735185.6433113, 1788735186.3878062, 1788735186.9507658, 1788735187.5660872, 1788735188.1967776]","[1, 3, 5, 4, 1, 3, 1, 1, 3, 4, 3, 3, 1, 1, 1, 5, 2, 1, 4, 9, 5, 2, 9, 5, 6, 2, 1, 4, 3, 9, 1, 2, 4, 4, 1, 1, 5, 1, 4, 3, 5]"
User-022,21,trace_0418,1788735197.6422918,streaming,28654,116,116,429,6,90.3434226512909,118.73471164703369,0.24688077387602433,7.0,0,True,,1788735078.9074862,1788735169.2509089,1788735197.6421978,"[1788735169.2509089, 1788735169.8075037, 1788735170.4233055, 1788735171.063499, 1788735171.7268088, 1788735172.41792, 1788735173.1373377, 1788735173.8814867, 1788735174.6528382, 1788735175.4472876, 1788735176.2704155, 1788735177.1335192, 1788735178.0061505, 1788735178.6397004, 1788735179.1981952, 1788735179.8155413, 1788735180.4699583, 1788735181.143985, 1788735181.7751055, 1788735182.3481712, 1788735182.9593506, 1788735183.5975885, 1788735184.2529187, 1788735184.935008, 1788735185.645808, 1788735186.3909316, 1788735186.95359, 1788735187.5688725, 1788735188.2007704, 1788735188.8477461, 1788735189.514689, 1788735190.205585, 1788735190.925457, 1788735191.6713753, 1788735192.4445658, 1788735193.2662127, 1788735194.1100698, 1788735194.964286, 1788735195.8748882, 1788735196.4097893, 1788735197.0091867, 1788735197.6387079]","[1, 4, 3, 5, 2, 3, 2, 5, 1, 1, 3, 6, 4, 3, 1, 1, 1, 2, 3, 3, 8, 1, 4, 2, 3, 1, 1, 2, 4, 2, 3, 2, 7, 1, 3, 2, 6, 1, 4, 3, 1, 1]"
User-020,2,trace_0108,1788735203.0362706,streaming,23360,261,261,310,54,73.6943609714508,128.26477766036987,0.2098862180343041,11.0,0,True,,1788735074.7713757,1788735148.4657366,1788735203.0361533,"[1788735148.4657366, 1788735149.0261064, 1788735149.6413655, 1788735150.289247, 1788735150.9523695, 1788735151.6448205, 1788735152.3736804, 1788735153.0885315, 1788735153.6435878, 1788735154.2530286, 1788735154.8835058, 1788735155.5340428, 1788735156.2083068, 1788735156.9107137, 1788735157.6376123, 1788735158.3934016, 1788735159.1867204, 1788735160.000089, 1788735160.6055567, 1788735161.1688244, 1788735161.792713, 1788735162.4379704, 1788735163.109212, 1788735163.8087223, 1788735164.5202363, 1788735165.2639658, 1788735166.0371647, 1788735166.833392, 1788735167.6678255, 1788735168.5400004, 1788735169.251441, 1788735169.8081973, 1788735170.4238343, 1788735171.0640757, 1788735171.7275846, 1788735172.4185019, 1788735173.1378686, 1788735173.8820674, 1788735174.6533701, 1788735175.447808, 1788735176.2709706, 1788735177.1343155, 1788735178.006703, 1788735178.64022, 1788735179.1988976, 1788735179.8160434, 1788735180.4704885, 1788735181.1445036, 1788735181.7756093, 1788735182.3487005, 1788735182.9600315, 1788735183.5980976, 1788735184.2534504, 1788735184.9355586, 1788735185.646345, 1788735186.391451, 1788735186.9541695, 1788735187.5693874, 1788735188.2013488, 1788735188.8483484, 1788735189.5152464, 1788735190.2062232, 1788735190.925998, 1788735191.6718922, 1788735192.4450927, 1788735193.2667267, 1788735194.1106186, 1788735194.9648025, 1788735195.8754292, 1788735196.4103436, 1788735197.0097072, 1788735197.6395354, 1788735198.2815406, 1788735198.9512594, 1788735199.6472027, 1788735200.366961, 1788735201.1141057, 1788735201.8593187, 1788735202.424952, 1788735203.0326648]","[1, 2, 1, 4, 3, 4, 4, 9, 3, 2, 2, 1, 1, 5, 5, 2, 2, 3, 2, 2, 1, 2, 9, 9, 4, 4, 9, 9, 7, 3, 1, 5, 2, 2, 5, 2, 3, 1, 1, 1, 3, 2, 1, 2, 2, 3, 5, 3, 6, 3, 2, 1, 2, 8, 1, 2, 7, 4, 5, 1, 2, 3, 1, 3, 2, 1, 4, 3, 1, 9, 3, 2, 9, 3, 1, 3, 1, 2, 4, 3]"
User-040,0,trace_0278,1788735210.1471343,streaming,19520,1035,1032,0,304,188.3691954612732,423.2022137641907,0.2277720837079704,0.0,0,True,,1788734786.9447591,1788734975.3139546,1788735210.146973,"[1788734975.3139546, 1788734975.879701, 1788734976.508091, 1788734977.173521, 1788734977.846955, 1788734978.54334, 1788734979.2673318, 1788734980.0101922, 1788734980.6200666, 1788734981.1816537, 1788734981.8023994, 1788734982.4465387, 1788734983.1285052, 1788734983.820981, 1788734984.5405595, 1788734985.1635053, 1788734985.7320507, 1788734986.3490412, 1788734986.9902983, 1788734987.6599922, 1788734988.3512654, 1788734989.0601914, 1788734989.8014126, 1788734990.5698998, 1788734991.1752696, 1788734991.7419653, 1788734992.3758752, 1788734993.0259073, 1788734993.6905801, 1788734994.3821337, 1788734995.0776184, 1788734995.6327379, 1788734996.2362158, 1788734996.8612838, 1788734997.5133226, 1788734998.1819158, 1788734998.8785756, 1788734999.603879, 1788735000.3575132, 1788735001.1368456, 1788735001.9357383, 1788735002.758976, 1788735003.613998, 1788735004.4863412, 1788735005.1174076, 1788735005.6766448, 1788735006.2976546, 1788735006.9437146, 1788735007.615975, 1788735008.3019621, 1788735009.0202844, 1788735009.762277, 1788735010.5326288, 1788735011.202559, 1788735011.7804966, 1788735012.4093847, 1788735013.0504391, 1788735013.7111855, 1788735014.3934305, 1788735015.031968, 1788735015.600904, 1788735016.2121434, 1788735016.8459487, 1788735017.5087059, 1788735018.2070546, 1788735018.9142241, 1788735019.6505456, 1788735020.3958185, 1788735021.1695879, 1788735021.9719899, 1788735022.6808212, 1788735023.2423413, 1788735023.8530405, 1788735024.48749, 1788735025.1438262, 1788735025.8254933, 1788735026.5224235, 1788735027.2562363, 1788735028.0170007, 1788735028.6789763, 1788735029.2432296, 1788735029.862055, 1788735030.4984138, 1788735031.1620114, 1788735031.8403971, 1788735032.539631, 1788735033.2695413, 1788735034.0279593, 1788735034.6940324, 1788735035.2604103, 1788735035.8797975, 1788735036.5159583, 1788735037.1723692, 1788735037.8550491, 1788735038.5533504, 1788735039.2824743, 1788735040.0491562, 1788735040.8334649, 1788735041.6379185, 1788735042.4720237, 1788735043.3587973, 1788735043.8858707, 1788735044.4842694, 1788735045.1084285, 1788735045.751675, 1788735046.427235, 1788735047.128492, 1788735047.856259, 1788735048.590536, 1788735049.3394992, 1788735049.8889313, 1788735050.4944406, 1788735051.1221914, 1788735051.769509, 1788735052.4414725, 1788735053.1504612, 1788735053.8825161, 1788735054.631213, 1788735055.4043725, 1788735056.2038784, 1788735057.0329492, 1788735057.880636, 1788735058.6582303, 1788735059.206464, 1788735059.8140461, 1788735060.4459794, 1788735061.101497, 1788735061.77907, 1788735062.4915814, 1788735063.2259815, 1788735063.9865763, 1788735064.7734194, 1788735065.573088, 1788735066.3991032, 1788735067.246574, 1788735068.1091657, 1788735068.6510286, 1788735069.2539995, 1788735069.8889163, 1788735070.5320458, 1788735071.207864, 1788735071.8033452, 1788735072.3804784, 1788735073.0038033, 1788735073.6415431, 1788735074.3077338, 1788735075.012903, 1788735075.7375984, 1788735076.3921025, 1788735076.9551268, 1788735077.5739517, 1788735078.2013714, 1788735078.9135604, 1788735079.5150259, 1788735080.0774007, 1788735080.6798756, 1788735081.3195636, 1788735081.9900913, 1788735082.6468294, 1788735083.2145562, 1788735083.8229558, 1788735084.4498086, 1788735085.101742, 1788735085.775571, 1788735086.479763, 1788735087.2376037, 1788735087.920165, 1788735088.4814897, 1788735089.0895817, 1788735089.718357, 1788735090.374283, 1788735091.0519385, 1788735091.7532158, 1788735092.4866276, 1788735093.2452419, 1788735094.0273094, 1788735094.837884, 1788735095.3777075, 1788735095.9794831, 1788735096.5963097, 1788735097.2464046, 1788735097.929559, 1788735098.6269236, 1788735099.3536704, 1788735100.0961869, 1788735100.8684492, 1788735101.5777836, 1788735102.131981, 1788735102.738887, 1788735103.3710818, 1788735104.0306695, 1788735104.707335, 1788735105.4141085, 1788735106.1457984, 1788735106.7949102, 1788735107.357735, 1788735107.967093, 1788735108.609815, 1788735109.2631657, 1788735109.9435706, 1788735110.6672127, 1788735111.4060588, 1788735112.1741996, 1788735112.8110485, 1788735113.3740516, 1788735113.9902298, 1788735114.632739, 1788735115.2997677, 1788735115.9937315, 1788735116.5937097, 1788735117.1866422, 1788735118.4718893, 1788735119.147616, 1788735120.542033, 1788735121.0942936, 1788735121.695311, 1788735122.3239353, 1788735122.9754179, 1788735123.6706555, 1788735124.3753, 1788735125.1044667, 1788735125.8693836, 1788735126.6462498, 1788735127.189262, 1788735127.7868814, 1788735128.4170601, 1788735129.062009, 1788735129.7344437, 1788735130.4329798, 1788735130.9865394, 1788735131.5856187, 1788735132.2161014, 1788735132.8719413, 1788735133.547784, 1788735134.2458284, 1788735134.9743102, 1788735135.5742314, 1788735136.1398115, 1788735136.761814, 1788735137.4045186, 1788735138.064408, 1788735138.7565186, 1788735139.4807208, 1788735140.2323961, 1788735141.0068908, 1788735141.6153479, 1788735142.180806, 1788735142.7975078, 1788735143.439801, 1788735144.1053884, 1788735144.7942054, 1788735145.5219362, 1788735146.2712655, 1788735147.0466769, 1788735147.8506298, 1788735148.4662423, 1788735149.0266676, 1788735149.6418853, 1788735150.2897885, 1788735150.9530632, 1788735151.645355, 1788735152.3742766, 1788735153.089052, 1788735153.6441069, 1788735154.2535462, 1788735154.8840394, 1788735155.5346332, 1788735156.2088249, 1788735156.9112751, 1788735157.638143, 1788735158.3939416, 1788735159.1873002, 1788735160.0006187, 1788735160.606062, 1788735161.1693885, 1788735161.7932339, 1788735162.438516, 1788735163.109777, 1788735163.8092704, 1788735164.52081, 1788735165.2646344, 1788735166.037874, 1788735166.8339372, 1788735167.66845, 1788735168.540733, 1788735169.2519515, 1788735169.8087294, 1788735170.4244025, 1788735171.0645947, 1788735171.7281303, 1788735172.4190817, 1788735173.1383781, 1788735173.882587, 1788735174.653884, 1788735175.4483137, 1788735176.2716415, 1788735177.1349182, 1788735178.0072944, 1788735178.640716, 1788735179.1994882, 1788735179.8165562, 1788735180.471089, 1788735181.1451113, 1788735181.7761114, 1788735182.3492744, 1788735182.9605274, 1788735183.5990264, 1788735184.253978, 1788735184.936099, 1788735185.6469402, 1788735186.3919635, 1788735186.954714, 1788735187.5699468, 1788735188.2018971, 1788735188.8488796, 1788735189.5157573, 1788735190.2067711, 1788735190.9264987, 1788735191.6724026, 1788735192.4456515, 1788735193.267269, 1788735194.111226, 1788735194.9653304, 1788735195.875936, 1788735196.4109347, 1788735197.0103152, 1788735197.6402113, 1788735198.2820895, 1788735198.9518178, 1788735199.6477053, 1788735200.3674817, 1788735201.1146128, 1788735201.8606975, 1788735202.4260519, 1788735203.0342376, 1788735203.6608205, 1788735204.3197012, 1788735204.988607, 1788735205.6866193, 1788735206.4114301, 1788735207.164918, 1788735207.9455276, 1788735208.758053, 1788735209.6052985, 1788735210.1446228]","[1, 1, 5, 3, 2, 4, 1, 2, 3, 1, 4, 1, 2, 5, 1, 3, 3, 1, 2, 2, 1, 1, 1, 3, 2, 2, 6, 2, 1, 2, 2, 1, 6, 1, 2, 1, 4, 8, 4, 1, 9, 8, 1, 1, 3, 2, 5, 3, 4, 4, 8, 1, 4, 2, 2, 2, 3, 2, 3, 2, 3, 3, 1, 3, 8, 1, 6, 4, 4, 2, 2, 4, 1, 9, 1, 2, 7, 1, 1, 1, 2, 4, 2, 2, 3, 3, 1, 8, 7, 6, 3, 1, 5, 4, 3, 3, 1, 7, 5, 7, 2, 4, 3, 3, 9, 4, 3, 2, 3, 2, 8, 2, 2, 1, 3, 3, 1, 1, 3, 1, 1, 3, 3, 2, 3, 2, 3, 1, 1, 9, 2, 1, 1, 1, 4, 2, 5, 4, 2, 2, 5, 2, 1, 5, 3, 2, 1, 2, 1, 1, 3, 2, 1, 2, 1, 1, 3, 1, 7, 2, 1, 5, 1, 1, 4, 2, 4, 7, 2, 3, 2, 3, 1, 2, 2, 6, 1, 3, 1, 1, 7, 1, 1, 2, 1, 5, 1, 1, 1, 7, 5, 3, 1, 2, 2, 4, 4, 6, 7, 2, 5, 1, 1, 1, 4, 3, 3, 3, 2, 2, 1, 1, 1, 1, 4, 3, 1, 1, 9, 1, 3, 1, 5, 1, 6, 3, 3, 3, 2, 2, 2, 4, 1, 1, 1, 3, 1, 1, 2, 4, 2, 1, 4, 3, 9, 2, 1, 7, 4, 4, 4, 6, 4, 6, 9, 1, 2, 9, 4, 1, 2, 1, 7, 2, 2, 5, 9, 9, 9, 8, 1, 1, 1, 2, 2, 1, 2, 1, 2, 2, 2, 1, 2, 2, 9, 2, 2, 8, 6, 4, 7, 2, 9, 1, 1, 1, 4, 2, 2, 8, 2, 7, 4, 2, 4, 4, 9, 9, 1, 1, 1, 2, 2, 2, 2, 3, 3, 4, 2, 4, 1, 3, 2, 2, 1, 1, 2, 1, 2, 1, 1, 1, 4, 1, 2, 7, 3, 2, 1, 3, 2, 5, 3, 4, 4]"
User-018,0,trace_0378,1788735212.6925328,streaming,28209,973,973,0,440,166.87510538101196,428.47145199775696,0.2691320438443879,0.0,0,True,,1788734784.220959,1788734951.0960643,1788735212.692411,"[1788734951.0960643, 1788734951.6422782, 1788734952.252002, 1788734952.8857257, 1788734953.5450368, 1788734954.2256806, 1788734954.933526, 1788734955.5365117, 1788734956.1112647, 1788734956.7248995, 1788734957.3659463, 1788734958.0315695, 1788734958.7205758, 1788734959.4373164, 1788734960.1780727, 1788734960.9536085, 1788734961.500266, 1788734962.1011777, 1788734962.7226295, 1788734963.3799088, 1788734964.0392976, 1788734964.7349243, 1788734965.455971, 1788734966.203175, 1788734966.9949946, 1788734967.803846, 1788734968.6344633, 1788734969.4213104, 1788734969.961444, 1788734970.5628085, 1788734971.1937973, 1788734971.8472323, 1788734972.5235054, 1788734973.2270749, 1788734973.956517, 1788734974.7143674, 1788734975.314448, 1788734975.8800774, 1788734976.5086033, 1788734977.1740355, 1788734977.847464, 1788734978.5438523, 1788734979.267832, 1788734980.0106945, 1788734980.6205945, 1788734981.1821547, 1788734981.8029184, 1788734982.447052, 1788734983.1290083, 1788734983.821492, 1788734984.5410616, 1788734985.163995, 1788734985.7325552, 1788734986.3495338, 1788734986.9908085, 1788734987.6603663, 1788734988.3517575, 1788734989.0606773, 1788734989.8019047, 1788734990.5703926, 1788734991.1766293, 1788734991.743023, 1788734992.3768935, 1788734993.0269492, 1788734993.6916192, 1788734994.3831658, 1788734995.0785778, 1788734995.633726, 1788734996.2372153, 1788734996.8622644, 1788734997.51433, 1788734998.1829183, 1788734998.8794804, 1788734999.604904, 1788735000.3585002, 1788735001.1378756, 1788735001.9368134, 1788735002.7600298, 1788735003.615034, 1788735004.4873726, 1788735005.1183999, 1788735005.6776342, 1788735006.2986643, 1788735006.9447303, 1788735007.616455, 1788735008.3030217, 1788735009.0213184, 1788735009.7632952, 1788735010.533678, 1788735011.204423, 1788735011.7819703, 1788735012.4109173, 1788735013.0519767, 1788735013.7127485, 1788735014.3949716, 1788735015.0344076, 1788735015.6029553, 1788735016.2141736, 1788735016.8480299, 1788735017.5107803, 1788735018.209083, 1788735018.9163046, 1788735019.6526566, 1788735020.3978984, 1788735021.171606, 1788735021.974, 1788735022.6824288, 1788735023.2443845, 1788735023.855053, 1788735024.4895718, 1788735025.1458526, 1788735025.827554, 1788735026.5245028, 1788735027.2583368, 1788735028.0190957, 1788735028.681077, 1788735029.2452755, 1788735029.8641126, 1788735030.500268, 1788735031.1640813, 1788735031.8427508, 1788735032.5412104, 1788735033.2711456, 1788735034.0294912, 1788735034.696783, 1788735035.261933, 1788735035.8815863, 1788735036.5175424, 1788735037.173895, 1788735037.8566542, 1788735038.5549204, 1788735039.2840571, 1788735040.0508504, 1788735040.8350139, 1788735041.6394691, 1788735042.47357, 1788735043.3610728, 1788735043.8874002, 1788735044.4857922, 1788735045.1099641, 1788735045.753275, 1788735046.4285188, 1788735047.1300256, 1788735047.857801, 1788735048.5920799, 1788735049.341007, 1788735049.8904853, 1788735050.4960575, 1788735051.1239111, 1788735051.7710679, 1788735052.4426916, 1788735053.152042, 1788735053.884103, 1788735054.6327827, 1788735055.4059448, 1788735056.205584, 1788735057.0344923, 1788735057.8821979, 1788735058.659879, 1788735059.2080274, 1788735059.8155909, 1788735060.4475346, 1788735061.10302, 1788735061.7805824, 1788735062.493106, 1788735063.227559, 1788735063.9881973, 1788735064.7750034, 1788735065.574604, 1788735066.4006891, 1788735067.2480996, 1788735068.1107173, 1788735068.652614, 1788735069.2555516, 1788735069.8904436, 1788735070.5335953, 1788735071.2090383, 1788735071.805633, 1788735072.3825293, 1788735073.0058787, 1788735073.64362, 1788735074.309803, 1788735075.0149963, 1788735075.7400026, 1788735076.3936682, 1788735076.9566271, 1788735077.5755835, 1788735078.2031121, 1788735078.9143057, 1788735079.516536, 1788735080.0790727, 1788735080.6814175, 1788735081.3211257, 1788735081.991182, 1788735082.6477356, 1788735083.215647, 1788735083.82397, 1788735084.4508696, 1788735085.102774, 1788735085.7765968, 1788735086.4808288, 1788735087.2381036, 1788735087.9214067, 1788735088.4825687, 1788735089.09062, 1788735089.7194235, 1788735090.3753343, 1788735091.0530353, 1788735091.7542355, 1788735092.4876719, 1788735093.246286, 1788735094.028367, 1788735094.8389215, 1788735095.37872, 1788735095.980456, 1788735096.5971122, 1788735097.2472372, 1788735097.9305255, 1788735098.6278245, 1788735099.3549304, 1788735100.0977383, 1788735100.8701077, 1788735101.5793161, 1788735102.1335106, 1788735102.7405164, 1788735103.3726904, 1788735104.0314186, 1788735104.70892, 1788735105.4152312, 1788735106.1468604, 1788735106.7958932, 1788735107.3588119, 1788735107.968147, 1788735108.611228, 1788735109.2637513, 1788735109.944083, 1788735110.6677852, 1788735111.4065828, 1788735112.174745, 1788735112.8123837, 1788735113.3751984, 1788735113.9913754, 1788735114.6338723, 1788735115.3011131, 1788735115.994864, 1788735116.5947013, 1788735117.1871233, 1788735117.821857, 1788735118.472899, 1788735119.1486318, 1788735119.8465905, 1788735120.5430396, 1788735121.095417, 1788735121.696391, 1788735122.3250253, 1788735122.976515, 1788735123.6718717, 1788735124.3764088, 1788735125.1055484, 1788735125.8705163, 1788735126.647323, 1788735127.1902726, 1788735127.7880166, 1788735128.4184914, 1788735129.062552, 1788735129.7350228, 1788735130.433493, 1788735130.9870822, 1788735131.586141, 1788735132.2166843, 1788735132.8724601, 1788735133.5482883, 1788735134.2463303, 1788735134.9748356, 1788735135.5747983, 1788735136.140313, 1788735136.7623322, 1788735137.4050708, 1788735138.0651126, 1788735138.7570653, 1788735139.4812958, 1788735140.232934, 1788735141.0074875, 1788735141.616698, 1788735142.181859, 1788735142.7986012, 1788735143.440868, 1788735144.106639, 1788735144.7952967, 1788735145.5229785, 1788735146.2723458, 1788735147.0477936, 1788735147.8517125, 1788735148.467277, 1788735149.0276914, 1788735149.6430383, 1788735150.2909117, 1788735150.95416, 1788735151.6464808, 1788735152.3753502, 1788735153.0900807, 1788735153.6451392, 1788735154.2545795, 1788735154.885096, 1788735155.535764, 1788735156.209951, 1788735156.9124048, 1788735157.6393132, 1788735158.3950255, 1788735159.1884098, 1788735160.0016909, 1788735160.607126, 1788735161.1704328, 1788735161.7942607, 1788735162.4396079, 1788735163.1108136, 1788735163.8103886, 1788735164.5218565, 1788735165.2656965, 1788735166.0389407, 1788735166.837458, 1788735167.6696835, 1788735168.541856, 1788735169.252949, 1788735169.8098264, 1788735170.4254956, 1788735171.0656781, 1788735171.7292142, 1788735172.420225, 1788735173.139471, 1788735173.8837202, 1788735174.6549406, 1788735175.4493878, 1788735176.2729537, 1788735177.1359828, 1788735178.0083454, 1788735178.6417444, 1788735179.200534, 1788735179.8176143, 1788735180.4721367, 1788735181.1461296, 1788735181.7783153, 1788735182.3508465, 1788735182.9621124, 1788735183.6007357, 1788735184.2556832, 1788735184.93769, 1788735185.6485672, 1788735186.3934646, 1788735186.956266, 1788735187.5714958, 1788735188.2035, 1788735188.850552, 1788735189.5173616, 1788735190.2083902, 1788735190.9280756, 1788735191.6739786, 1788735192.4471993, 1788735193.268857, 1788735194.1128654, 1788735194.966929, 1788735195.8774953, 1788735196.4125464, 1788735197.011913, 1788735197.6417837, 1788735198.2836926, 1788735198.9534278, 1788735199.6493108, 1788735200.3690605, 1788735201.1162806, 1788735201.8622363, 1788735202.4276075, 1788735203.0357978, 1788735203.6620219, 1788735204.3213136, 1788735204.9903374, 1788735205.6882014, 1788735206.4130683, 1788735207.1664886, 1788735207.9471989, 1788735208.760047, 1788735209.6068923, 1788735210.1465065, 1788735210.7472618, 1788735211.3689816, 1788735212.0155017, 1788735212.6917248]","[1, 1, 1, 3, 1, 4, 3, 1, 3, 1, 2, 6, 1, 2, 7, 1, 2, 3, 2, 3, 1, 3, 1, 2, 6, 2, 1, 1, 1, 1, 3, 2, 2, 3, 2, 6, 1, 1, 5, 2, 1, 2, 2, 1, 1, 1, 1, 1, 1, 1, 2, 1, 1, 3, 3, 5, 1, 2, 2, 2, 3, 2, 3, 1, 4, 4, 1, 1, 2, 1, 7, 2, 2, 3, 3, 9, 1, 3, 4, 2, 1, 1, 2, 3, 2, 2, 2, 3, 1, 7, 1, 1, 2, 1, 1, 2, 2, 2, 1, 3, 3, 4, 4, 4, 1, 5, 1, 4, 3, 2, 3, 3, 3, 1, 8, 3, 2, 1, 1, 1, 4, 1, 2, 1, 6, 1, 4, 1, 2, 1, 3, 1, 4, 2, 4, 2, 2, 1, 4, 4, 2, 1, 3, 6, 3, 1, 1, 1, 3, 1, 1, 1, 5, 2, 1, 3, 2, 1, 1, 2, 1, 3, 1, 1, 1, 8, 2, 3, 4, 1, 2, 3, 1, 2, 5, 1, 7, 3, 1, 3, 2, 3, 5, 2, 2, 2, 4, 3, 4, 4, 1, 2, 3, 2, 1, 1, 1, 1, 2, 2, 3, 8, 3, 2, 4, 3, 1, 3, 1, 2, 2, 2, 3, 2, 1, 2, 3, 1, 1, 2, 9, 1, 1, 2, 2, 4, 8, 2, 2, 4, 1, 1, 2, 9, 5, 2, 2, 2, 1, 3, 3, 2, 1, 3, 1, 1, 7, 8, 2, 5, 1, 5, 3, 2, 1, 1, 3, 3, 6, 2, 1, 5, 2, 3, 1, 1, 1, 4, 7, 3, 1, 2, 1, 4, 2, 1, 1, 3, 1, 2, 1, 2, 5, 2, 2, 1, 2, 4, 3, 1, 2, 1, 2, 7, 1, 3, 1, 3, 2, 5, 2, 4, 2, 3, 2, 3, 8, 2, 1, 4, 5, 3, 2, 2, 2, 1, 6, 1, 4, 2, 1, 6, 2, 4, 1, 2, 3, 1, 3, 1, 1, 2, 1, 4, 1, 8, 4, 1, 1, 2, 1, 1, 2, 5, 1, 1, 4, 2, 4, 4, 5, 3, 1, 8, 3, 2, 2, 4, 1, 1, 3, 2, 3, 1, 3, 1, 4, 1, 2, 1, 2, 5, 1, 1, 1, 1, 8, 3, 4, 5, 2, 2, 1, 2, 6, 2, 1]"
User-025,7,trace_0588,1788735223.0296662,streaming,30380,125,125,468,1,105.29434943199158,132.4519646167755,0.21901302568374142,7.0,0,True,,1788735090.5775797,1788735195.8719292,1788735223.0295444,"[1788735195.8719292, 1788735196.4063292, 1788735197.0064385, 1788735197.6359217, 1788735198.2786722, 1788735198.9485528, 1788735199.644383, 1788735200.3641894, 1788735201.1112802, 1788735201.8544955, 1788735202.4221582, 1788735203.0299313, 1788735203.6574779, 1788735204.310056, 1788735204.9851656, 1788735205.683387, 1788735206.4080024, 1788735207.1615987, 1788735207.942169, 1788735208.7545161, 1788735209.602189, 1788735210.1413312, 1788735210.7427158, 1788735211.3646717, 1788735212.0112224, 1788735212.6874092, 1788735213.3827143, 1788735214.1083326, 1788735214.869782, 1788735215.651055, 1788735216.4550369, 1788735217.288795, 1788735218.0861301, 1788735218.6292095, 1788735219.2337978, 1788735219.8610883, 1788735220.51833, 1788735221.225048, 1788735221.7975533, 1788735222.394512, 1788735223.0240102]","[1, 1, 2, 2, 8, 1, 1, 2, 1, 1, 2, 4, 3, 2, 5, 1, 2, 1, 4, 1, 2, 3, 2, 2, 3, 1, 9, 1, 9, 5, 9, 9, 1, 3, 2, 5, 2, 3, 3, 4, 2]"
User-054,0,trace_0666,1788735223.6746864,streaming,17435,124,124,0,272,99.15700030326843,136.4417109489441,0.30312772882663136,0.0,0,True,,1788735087.2328827,1788735186.389883,1788735223.6745937,"[1788735186.389883, 1788735186.9525526, 1788735187.567843, 1788735188.1992102, 1788735188.8463736, 1788735189.5136442, 1788735190.2045877, 1788735190.9243925, 1788735191.670293, 1788735192.4436255, 1788735193.2651522, 1788735194.1090112, 1788735194.9632208, 1788735195.873805, 1788735196.4086692, 1788735197.008233, 1788735197.6376817, 1788735198.2805212, 1788735198.9502926, 1788735199.6461537, 1788735200.3659298, 1788735201.1130483, 1788735201.8563542, 1788735202.4239457, 1788735203.031729, 1788735203.659387, 1788735204.3180406, 1788735204.9869633, 1788735205.6851013, 1788735206.4098024, 1788735207.1633596, 1788735207.9439673, 1788735208.7564764, 1788735209.6037834, 1788735210.1430125, 1788735210.744582, 1788735211.3663094, 1788735212.012883, 1788735212.6890407, 1788735213.3844345, 1788735214.1099954, 1788735214.8715036, 1788735215.6527274, 1788735216.4567227, 1788735217.2905228, 1788735218.0946836, 1788735218.630854, 1788735219.2354767, 1788735219.8627262, 1788735220.520021, 1788735221.2266476, 1788735221.7992911, 1788735222.3962684, 1788735223.0259683, 1788735223.670707]","[1, 4, 2, 1, 3, 2, 1, 3, 1, 1, 4, 3, 1, 4, 4, 3, 2, 1, 2, 1, 2, 1, 1, 1, 1, 3, 1, 1, 2, 1, 1, 4, 1, 4, 4, 3, 2, 2, 1, 1, 4, 6, 1, 4, 1, 6, 2, 2, 1, 1, 2, 5, 2, 3, 3]"
User-038,1,trace_0661,1788735224.3403902,streaming,21049,288,288,319,9,89.68691992759705,172.41101717948914,0.28823727265467625,10.0,0,True,,1788735051.9292803,1788735141.6162002,1788735224.3402975,"[1788735141.6162002, 1788735142.1813495, 1788735142.798048, 1788735143.4403596, 1788735144.1061144, 1788735144.794769, 1788735145.522466, 1788735146.2718215, 1788735147.0472662, 1788735147.851203, 1788735148.466777, 1788735149.0271914, 1788735149.642509, 1788735150.2903745, 1788735150.9536145, 1788735151.6459613, 1788735152.3748293, 1788735153.0895734, 1788735153.6446214, 1788735154.2540593, 1788735154.8845832, 1788735155.5352352, 1788735156.2094314, 1788735156.9118884, 1788735157.638746, 1788735158.3944666, 1788735159.187825, 1788735160.0011408, 1788735160.6065674, 1788735161.1699228, 1788735161.7937555, 1788735162.4390404, 1788735163.1102843, 1788735163.809838, 1788735164.5213435, 1788735165.2651727, 1788735166.0384083, 1788735166.8344543, 1788735167.6690044, 1788735168.541312, 1788735169.2524543, 1788735169.809276, 1788735170.424976, 1788735171.0651364, 1788735171.7286682, 1788735172.4196906, 1788735173.138937, 1788735173.8831968, 1788735174.6543877, 1788735175.4488573, 1788735176.2722738, 1788735177.135543, 1788735178.0078206, 1788735178.641211, 1788735179.2000222, 1788735179.8171043, 1788735180.4716399, 1788735181.1456223, 1788735181.7778022, 1788735182.3503246, 1788735182.9616039, 1788735183.6001873, 1788735184.2551298, 1788735184.9371843, 1788735185.6480167, 1788735186.3929706, 1788735186.9557428, 1788735187.57097, 1788735188.202971, 1788735188.850003, 1788735189.516853, 1788735190.2078524, 1788735190.927633, 1788735191.6734776, 1788735192.4466765, 1788735193.2683353, 1788735194.112337, 1788735194.9664068, 1788735195.8769383, 1788735196.4120026, 1788735197.0114026, 1788735197.6412666, 1788735198.2831602, 1788735198.952897, 1788735199.648793, 1788735200.3685575, 1788735201.1157699, 1788735201.8617373, 1788735202.427094, 1788735203.035292, 1788735203.661636, 1788735204.3207998, 1788735204.989838, 1788735205.6876695, 1788735206.4125571, 1788735207.1659698, 1788735207.9466617, 1788735208.7593243, 1788735209.606371, 1788735210.1459868, 1788735210.746752, 1788735211.3684607, 1788735212.0149872, 1788735212.691163, 1788735213.386622, 1788735214.1121516, 1788735214.8736613, 1788735215.6548862, 1788735216.458875, 1788735217.29271, 1788735218.0976453, 1788735218.6335175, 1788735219.2381039, 1788735219.8653765, 1788735220.5227275, 1788735221.2292445, 1788735221.8019629, 1788735222.3989034, 1788735223.0286534, 1788735223.6737735, 1788735224.339096]","[1, 1, 5, 3, 2, 2, 2, 2, 4, 2, 3, 2, 3, 6, 5, 1, 2, 4, 2, 2, 2, 3, 3, 1, 2, 3, 5, 2, 4, 5, 1, 5, 3, 3, 1, 1, 1, 3, 4, 2, 1, 5, 2, 1, 6, 1, 3, 1, 2, 3, 2, 1, 2, 2, 3, 1, 1, 2, 5, 1, 2, 1, 4, 2, 2, 1, 2, 2, 1, 4, 1, 2, 1, 1, 1, 1, 3, 1, 3, 3, 2, 2, 3, 4, 1, 2, 1, 1, 1, 4, 2, 1, 1, 1, 1, 2, 4, 3, 3, 3, 2, 1, 4, 5, 1, 2, 7, 2, 1, 3, 1, 3, 2, 7, 2, 5, 3, 1, 1, 1, 1]"
User-043,1,trace_0052,1788735230.6503925,streaming,20255,158,158,236,80,108.39159631729126,137.18172216415405,0.18337659775071843,12.0,0,True,,1788735093.4685786,1788735201.860175,1788735230.6503007,"[1788735201.860175, 1788735202.42547, 1788735203.0336685, 1788735203.660381, 1788735204.3191233, 1788735204.988094, 1788735205.6861134, 1788735206.410871, 1788735207.164397, 1788735207.9450042, 1788735208.7575223, 1788735209.6047933, 1788735210.144048, 1788735210.7456374, 1788735211.3674538, 1788735212.0139182, 1788735212.6900554, 1788735213.385554, 1788735214.1110766, 1788735214.8725607, 1788735215.6537461, 1788735216.457793, 1788735217.2915912, 1788735218.0957747, 1788735218.6319747, 1788735219.236529, 1788735219.8638175, 1788735220.5210316, 1788735221.2277005, 1788735221.8003714, 1788735222.3973012, 1788735223.0270889, 1788735223.6720414, 1788735224.3374872, 1788735225.0357766, 1788735225.5917804, 1788735226.2039342, 1788735226.7780905, 1788735227.3668454, 1788735227.9969535, 1788735228.6301985, 1788735229.2937415, 1788735229.9832888, 1788735230.6479201]","[1, 7, 8, 7, 1, 3, 1, 8, 4, 2, 2, 3, 1, 1, 1, 4, 9, 3, 2, 3, 6, 2, 8, 2, 3, 1, 3, 3, 1, 1, 2, 1, 4, 4, 9, 1, 1, 1, 2, 4, 9, 9, 9, 1]"
User-052,0,trace_0594,1788735231.2078981,streaming,17534,261,261,0,273,76.99370408058167,155.11569356918335,0.3004691903407757,0.0,0,True,,1788735076.0921087,1788735153.0858128,1788735231.2078023,"[1788735153.0858128, 1788735153.6405432, 1788735154.2500522, 1788735154.880218, 1788735155.5318797, 1788735156.2060795, 1788735156.9085488, 1788735157.6355088, 1788735158.3910077, 1788735159.184456, 1788735159.997797, 1788735160.6035008, 1788735161.1667793, 1788735161.7905123, 1788735162.4359016, 1788735163.107079, 1788735163.8066862, 1788735164.518124, 1788735165.2615495, 1788735166.0352604, 1788735166.8323534, 1788735167.6667004, 1788735168.5388772, 1788735169.2495143, 1788735169.806525, 1788735170.4222553, 1788735171.0624154, 1788735171.725735, 1788735172.4167366, 1788735173.1363003, 1788735173.8804147, 1788735174.6517909, 1788735175.4462268, 1788735176.2693868, 1788735177.129683, 1788735178.005067, 1788735178.6377943, 1788735179.1962767, 1788735179.8139389, 1788735180.4684098, 1788735181.1423733, 1788735181.7734878, 1788735182.3464205, 1788735182.9573731, 1788735183.5959797, 1788735184.251201, 1788735184.9332604, 1788735185.644118, 1788735186.388419, 1788735186.95138, 1788735187.5666895, 1788735188.197964, 1788735188.845123, 1788735189.5124245, 1788735190.2032776, 1788735190.9231682, 1788735191.6690502, 1788735192.442368, 1788735193.2639122, 1788735194.1076941, 1788735194.9618926, 1788735195.8727355, 1788735196.4073322, 1788735197.0070856, 1788735197.6365235, 1788735198.2793822, 1788735198.949154, 1788735199.6449828, 1788735200.3647914, 1788735201.1118739, 1788735201.8552725, 1788735202.422796, 1788735203.0305386, 1788735203.6583526, 1788735204.3106856, 1788735204.9858541, 1788735205.6839771, 1788735206.408608, 1788735207.1621873, 1788735207.942817, 1788735208.755319, 1788735209.602721, 1788735210.1419396, 1788735210.743373, 1788735211.3652694, 1788735212.0118334, 1788735212.6880083, 1788735213.3834012, 1788735214.1089325, 1788735214.8704247, 1788735215.6516728, 1788735216.4556708, 1788735217.2894807, 1788735218.0929177, 1788735218.6297617, 1788735219.2343895, 1788735219.861693, 1788735220.518978, 1788735221.2255733, 1788735221.7981815, 1788735222.3951857, 1788735223.024916, 1788735223.6695304, 1788735224.335844, 1788735225.0332658, 1788735225.5893328, 1788735226.2028913, 1788735226.7751336, 1788735227.364139, 1788735227.993881, 1788735228.6274903, 1788735229.2909167, 1788735229.9805107, 1788735230.6442463, 1788735231.2026536]","[1, 1, 1, 3, 1, 4, 3, 1, 3, 2, 1, 1, 1, 5, 3, 1, 2, 2, 1, 3, 1, 1, 3, 1, 1, 1, 3, 1, 2, 1, 4, 2, 1, 2, 2, 4, 2, 1, 2, 3, 2, 2, 4, 3, 3, 6, 3, 2, 3, 3, 2, 4, 3, 2, 1, 3, 4, 2, 6, 4, 2, 2, 3, 2, 3, 1, 2, 3, 2, 2, 4, 1, 5, 1, 2, 2, 2, 9, 1, 3, 7, 1, 2, 3, 2, 1, 2, 1, 3, 2, 1, 2, 1, 4, 1, 1, 2, 3, 1, 2, 3, 1, 3, 1, 1, 6, 1, 2, 1, 1, 2, 1, 2, 1, 1]"
User-051,0,trace_0167,1788735239.1275632,streaming,13714,479,435,0,213,78.86562037467957,201.4009907245636,0.282339563018166,0.0,0,True,,1788735037.726495,1788735116.5921154,1788735239.1274858,"[1788735116.5921154, 1788735117.1858478, 1788735117.8192527, 1788735118.4703124, 1788735119.146018, 1788735119.8437707, 1788735120.539606, 1788735121.0919611, 1788735121.6930068, 1788735122.321269, 1788735122.9731708, 1788735123.6683707, 1788735124.3729396, 1788735125.1022427, 1788735125.8611405, 1788735126.6440544, 1788735127.187149, 1788735127.7843938, 1788735128.4148943, 1788735129.0599482, 1788735129.7323074, 1788735130.4309607, 1788735130.9843087, 1788735131.583386, 1788735132.2139285, 1788735132.8695776, 1788735133.545545, 1788735134.2436576, 1788735134.9720705, 1788735135.571071, 1788735136.13769, 1788735136.7590585, 1788735137.4024668, 1788735138.0630925, 1788735138.7554066, 1788735139.479639, 1788735140.231355, 1788735141.0058033, 1788735141.6142795, 1788735142.179803, 1788735142.7964811, 1788735143.4387262, 1788735144.104289, 1788735144.7931397, 1788735145.5208077, 1788735146.2701635, 1788735147.0455816, 1788735147.8494248, 1788735148.4643068, 1788735149.0249813, 1788735150.2882066, 1788735150.9511034, 1788735152.3726635, 1788735153.0875058, 1788735153.6423755, 1788735154.2518933, 1788735154.8822732, 1788735156.2072604, 1788735156.9096906, 1788735158.3921242, 1788735159.1855595, 1788735159.998957, 1788735160.6045063, 1788735161.1678255, 1788735162.4369507, 1788735163.1081114, 1788735164.5191991, 1788735165.262575, 1788735166.0366414, 1788735166.832873, 1788735167.6672738, 1788735168.53944, 1788735169.2500265, 1788735170.4227934, 1788735171.0629892, 1788735172.4173808, 1788735173.1368253, 1788735173.880951, 1788735174.6523123, 1788735175.4467788, 1788735176.2699087, 1788735177.1302402, 1788735178.005627, 1788735178.639179, 1788735179.1976705, 1788735179.8150132, 1788735180.4694517, 1788735181.14346, 1788735181.7745693, 1788735182.3476572, 1788735182.958841, 1788735183.5970538, 1788735184.2523549, 1788735184.934435, 1788735185.6452632, 1788735186.3903894, 1788735186.9530728, 1788735187.5683606, 1788735188.1997423, 1788735188.8469882, 1788735189.5141842, 1788735190.9249458, 1788735191.670865, 1788735193.265703, 1788735194.1095586, 1788735194.9637468, 1788735195.874329, 1788735196.4092536, 1788735197.6381862, 1788735198.2810364, 1788735199.6466658, 1788735200.3664396, 1788735201.113572, 1788735201.85698, 1788735202.424453, 1788735203.659798, 1788735204.3185787, 1788735204.98747, 1788735205.6856184, 1788735206.4103086, 1788735207.1638696, 1788735207.9444976, 1788735209.6043031, 1788735210.1435506, 1788735210.7450995, 1788735211.3668664, 1788735212.0133991, 1788735212.689555, 1788735214.1105347, 1788735214.8720582, 1788735215.6532393, 1788735216.4572601, 1788735217.2910619, 1788735218.0952654, 1788735219.2360113, 1788735219.8632693, 1788735220.520526, 1788735221.2271852, 1788735221.7998405, 1788735222.396796, 1788735223.6715193, 1788735224.336982, 1788735225.034415, 1788735225.5905416, 1788735226.2034314, 1788735226.7762778, 1788735227.9954257, 1788735228.6286502, 1788735229.2921016, 1788735229.9816709, 1788735230.6461794, 1788735231.2046082, 1788735232.4423923, 1788735233.101564, 1788735233.781224, 1788735234.484889, 1788735235.2187016, 1788735235.9830325, 1788735237.2029269, 1788735237.8256476, 1788735238.461019, 1788735239.1233323]","[1, 1, 1, 1, 2, 7, 3, 2, 2, 1, 1, 1, 3, 1, 4, 1, 2, 2, 1, 1, 3, 1, 2, 4, 4, 2, 2, 2, 2, 1, 3, 2, 1, 2, 8, 2, 1, 2, 2, 2, 4, 2, 1, 2, 1, 2, 2, 3, 3, 1, 1, 1, 1, 2, 9, 6, 1, 1, 1, 2, 1, 9, 6, 1, 1, 1, 1, 1, 1, 2, 9, 6, 1, 1, 1, 1, 2, 9, 6, 1, 1, 1, 1, 3, 2, 5, 2, 3, 1, 1, 1, 3, 5, 2, 1, 2, 1, 3, 1, 1, 1, 1, 1, 2, 1, 9, 6, 1, 1, 1, 1, 2, 9, 6, 1, 1, 1, 2, 1, 9, 6, 1, 1, 1, 3, 9, 6, 1, 1, 1, 3, 9, 6, 1, 1, 1, 3, 9, 6, 1, 1, 1, 3, 9, 6, 1, 1, 1, 3, 9, 6, 1, 1, 1, 3, 9, 6, 1, 1, 1, 3, 7]"
User-048,1,trace_0546,1788735244.384267,streaming,13780,94,94,177,33,111.67864036560059,131.02756190299988,0.20805291975698165,7.0,0,True,,1788735113.3566344,1788735225.0352747,1788735244.3841963,"[1788735225.0352747, 1788735225.591258, 1788735226.2036912, 1788735226.776771, 1788735227.3656926, 1788735227.9959316, 1788735228.6291497, 1788735229.292643, 1788735229.9822106, 1788735230.6466887, 1788735231.205099, 1788735231.8069606, 1788735232.4429507, 1788735233.1020646, 1788735233.7817786, 1788735234.4854228, 1788735235.2193108, 1788735235.9835403, 1788735236.6297581, 1788735237.2034457, 1788735237.8261702, 1788735238.4615383, 1788735239.1242156, 1788735239.8075988, 1788735240.5239391, 1788735241.2664855, 1788735241.8971884, 1788735242.467314, 1788735243.0768678, 1788735243.7188118, 1788735244.3806887]","[1, 2, 1, 4, 3, 1, 2, 4, 2, 2, 1, 4, 1, 3, 1, 1, 1, 3, 9, 6, 9, 2, 8, 2, 2, 1, 1, 6, 5, 4, 2]"
User-033,2,trace_0538,1788735251.8378894,streaming,12217,118,118,159,3,108.58302783966064,139.19072937965393,0.2616042866666093,8.0,0,True,,1788735112.647095,1788735221.2301228,1788735251.8378243,"[1788735221.2301228, 1788735221.802492, 1788735222.3994257, 1788735223.0291579, 1788735223.6742759, 1788735224.3399763, 1788735225.0373666, 1788735225.5933995, 1788735226.204684, 1788735226.7796476, 1788735227.3682098, 1788735227.998557, 1788735228.6318152, 1788735229.2954721, 1788735229.9849036, 1788735230.6499064, 1788735231.2057323, 1788735231.8075159, 1788735232.4434757, 1788735233.1026103, 1788735233.7823508, 1788735234.4859242, 1788735235.219848, 1788735235.984071, 1788735236.6303391, 1788735237.2040007, 1788735237.8268018, 1788735238.462068, 1788735239.1248136, 1788735239.8081415, 1788735240.5244553, 1788735241.267033, 1788735241.8976917, 1788735242.467865, 1788735243.0774329, 1788735243.7193527, 1788735244.3814988, 1788735245.068278, 1788735245.7890248, 1788735246.5304468, 1788735247.2988708, 1788735247.9502082, 1788735248.5094051, 1788735249.1192732, 1788735249.7666056, 1788735250.4284039, 1788735251.1178832, 1788735251.834362]","[1, 2, 1, 1, 1, 1, 2, 1, 2, 1, 3, 4, 1, 3, 2, 1, 6, 2, 1, 1, 1, 2, 4, 1, 6, 1, 5, 4, 4, 3, 2, 1, 3, 3, 1, 3, 1, 2, 2, 3, 4, 1, 3, 2, 4, 4, 3, 8]"
User-039,1,trace_0220,1788735257.792415,streaming,12377,407,407,242,193,98.74915957450867,174.76431035995483,0.1872294354321334,36.0,0,True,,1788735083.0279937,1788735181.7771533,1788735257.792304,"[1788735181.7771533, 1788735182.349805, 1788735182.9610906, 1788735183.5995958, 1788735184.254585, 1788735184.936603, 1788735185.6474872, 1788735186.392484, 1788735186.955243, 1788735187.5704567, 1788735188.2024364, 1788735188.8494003, 1788735189.5163348, 1788735190.2073243, 1788735190.9270785, 1788735191.6729577, 1788735192.4461792, 1788735193.26782, 1788735194.1117766, 1788735194.9658926, 1788735195.8764427, 1788735196.4114783, 1788735197.0108836, 1788735197.6407335, 1788735198.2826455, 1788735198.952386, 1788735199.648271, 1788735200.3680384, 1788735201.1151614, 1788735201.861239, 1788735202.4265604, 1788735203.0347755, 1788735203.6612413, 1788735204.3202624, 1788735204.989304, 1788735205.687162, 1788735206.4120443, 1788735207.1654277, 1788735207.9461324, 1788735208.758594, 1788735209.6058178, 1788735210.1454597, 1788735210.7462316, 1788735211.3679633, 1788735212.0144646, 1788735212.690636, 1788735213.386118, 1788735214.1116264, 1788735214.87311, 1788735215.6543624, 1788735216.458337, 1788735217.2921743, 1788735218.0962973, 1788735218.6324832, 1788735219.2370844, 1788735219.864327, 1788735220.521635, 1788735221.2281885, 1788735221.8009255, 1788735222.397872, 1788735223.0276165, 1788735223.672707, 1788735224.3380196, 1788735225.0363011, 1788735225.592289, 1788735226.20418, 1788735226.7785864, 1788735227.3674188, 1788735227.9974802, 1788735228.6308017, 1788735229.294293, 1788735229.9838736, 1788735230.6488738, 1788735231.206281, 1788735231.8086178, 1788735232.4445825, 1788735233.1037786, 1788735233.783432, 1788735234.4870224, 1788735235.220979, 1788735235.9851358, 1788735236.6314082, 1788735237.2050548, 1788735237.8279598, 1788735238.4635625, 1788735239.1260688, 1788735239.8093, 1788735240.525498, 1788735241.2680502, 1788735241.8987198, 1788735242.4689858, 1788735243.07852, 1788735243.7204595, 1788735244.3827262, 1788735245.0693753, 1788735245.7900622, 1788735246.5315387, 1788735247.299969, 1788735247.951287, 1788735248.510507, 1788735249.1203282, 1788735249.767732, 1788735250.4296741, 1788735251.118984, 1788735251.8359294, 1788735252.5406153, 1788735253.0929816, 1788735253.6934566, 1788735254.3228743, 1788735254.9746585, 1788735255.6498358, 1788735256.3581998, 1788735257.1037338, 1788735257.7899988]","[1, 3, 2, 6, 2, 1, 1, 2, 1, 1, 1, 1, 4, 3, 2, 5, 1, 2, 1, 4, 1, 2, 3, 4, 3, 6, 1, 4, 9, 1, 3, 2, 5, 2, 9, 2, 1, 1, 6, 3, 2, 2, 2, 1, 3, 4, 1, 5, 7, 2, 9, 3, 2, 6, 7, 6, 7, 9, 3, 2, 1, 7, 1, 9, 5, 3, 5, 1, 2, 1, 3, 3, 5, 3, 5, 5, 6, 6, 3, 2, 1, 3, 4, 8, 2, 1, 1, 2, 5, 9, 4, 1, 5, 3, 3, 9, 4, 3, 1, 5, 1, 9, 3, 3, 1, 1, 1, 9, 4, 9, 9, 9, 1, 2]"
User-053,0,trace_0176,1788735261.637525,streaming,29936,291,291,0,467,98.7236258983612,181.7224156856537,0.28620272340445685,0.0,0,True,,1788735079.9150293,1788735178.6386552,1788735261.637445,"[1788735178.6386552, 1788735179.197, 1788735179.8144753, 1788735180.4689362, 1788735181.1429412, 1788735181.7740712, 1788735182.3469813, 1788735182.9581282, 1788735183.5965195, 1788735184.251818, 1788735184.9338865, 1788735185.6446993, 1788735186.3889458, 1788735186.9519947, 1788735187.5673265, 1788735188.1985912, 1788735188.84574, 1788735189.5130396, 1788735190.2040315, 1788735190.9237697, 1788735191.6696832, 1788735192.443022, 1788735193.2645366, 1788735194.108326, 1788735194.9625354, 1788735195.873292, 1788735196.408055, 1788735197.0077004, 1788735197.637157, 1788735198.2799957, 1788735198.9497657, 1788735199.645592, 1788735200.3654132, 1788735201.112481, 1788735201.8558316, 1788735202.4234161, 1788735203.0312033, 1788735203.6589367, 1788735204.317459, 1788735204.986405, 1788735205.6845067, 1788735206.409277, 1788735207.1628351, 1788735207.9434476, 1788735208.7559085, 1788735209.6032813, 1788735210.1424627, 1788735210.744061, 1788735211.3657932, 1788735212.0123641, 1788735212.6885304, 1788735213.3839164, 1788735214.1094756, 1788735214.8709905, 1788735215.6522062, 1788735216.4562006, 1788735217.2900145, 1788735218.0941436, 1788735218.6302722, 1788735219.234953, 1788735219.8622143, 1788735220.519511, 1788735221.2261543, 1788735221.79877, 1788735222.3957453, 1788735223.0254574, 1788735223.6701524, 1788735224.3364494, 1788735225.0338993, 1788735225.5899527, 1788735226.2031586, 1788735226.775735, 1788735227.36475, 1788735227.9946952, 1788735228.6281035, 1788735229.2915595, 1788735229.9811249, 1788735230.6456797, 1788735231.204095, 1788735231.8060112, 1788735232.4418511, 1788735233.1010456, 1788735233.7806923, 1788735234.4843426, 1788735235.2181454, 1788735235.9824746, 1788735236.628836, 1788735237.2023394, 1788735237.8251083, 1788735238.460499, 1788735239.1227248, 1788735239.807051, 1788735240.523417, 1788735241.2659621, 1788735241.896686, 1788735242.4666343, 1788735243.0763407, 1788735243.7182822, 1788735244.380144, 1788735245.0677485, 1788735245.7884977, 1788735246.5299344, 1788735247.2983098, 1788735247.949709, 1788735248.50886, 1788735249.1187158, 1788735249.76609, 1788735250.4278727, 1788735251.117349, 1788735251.8338232, 1788735252.5387077, 1788735253.0912251, 1788735253.691869, 1788735254.3212738, 1788735254.9730804, 1788735255.6480966, 1788735256.3566175, 1788735257.1020947, 1788735257.7876465, 1788735258.34929, 1788735258.9582171, 1788735259.5861452, 1788735260.2407846, 1788735260.9246402, 1788735261.6328733]","[1, 1, 1, 3, 1, 4, 4, 3, 1, 2, 6, 1, 2, 3, 1, 2, 3, 1, 2, 1, 2, 3, 3, 4, 3, 1, 5, 2, 2, 2, 3, 6, 1, 5, 3, 6, 3, 2, 3, 3, 4, 3, 2, 1, 3, 1, 1, 3, 1, 6, 2, 3, 2, 2, 3, 2, 2, 1, 5, 3, 2, 2, 1, 1, 5, 1, 2, 3, 2, 9, 4, 4, 2, 1, 3, 2, 3, 2, 2, 1, 1, 2, 1, 6, 1, 1, 1, 2, 1, 1, 1, 2, 1, 2, 2, 2, 2, 1, 1, 1, 6, 1, 2, 1, 1, 1, 1, 4, 4, 1, 1, 2, 1, 2, 1, 5, 1, 1, 2, 3, 4, 2, 2, 2, 1]"
User-042,2,trace_0582,1788735261.6378906,streaming,21198,75,75,319,11,115.45747327804565,129.14217734336853,0.184928433315174,11.0,0,True,,1788735132.4956234,1788735247.9530966,1788735261.6378007,"[1788735247.9530966, 1788735248.5120957, 1788735249.1219215, 1788735249.7694101, 1788735250.4313395, 1788735251.1206207, 1788735251.837478, 1788735252.5420992, 1788735253.0945303, 1788735253.6951008, 1788735254.3245761, 1788735254.9763746, 1788735255.6515286, 1788735256.3598905, 1788735257.1053402, 1788735257.7918928, 1788735258.3527637, 1788735258.9616709, 1788735259.589334, 1788735260.2440562, 1788735260.9279013, 1788735261.6365511]","[1, 5, 1, 2, 3, 9, 2, 7, 4, 3, 5, 2, 2, 2, 2, 2, 9, 1, 3, 1, 3, 6]"
User-049,1,trace_0273,1788735261.6372848,streaming,18573,106,106,287,2,115.50471138954163,135.24636840820312,0.18801578113010953,8.0,0,True,,1788735126.3908365,1788735241.8955479,1788735261.637205,"[1788735241.8955479, 1788735242.4617946, 1788735243.0751493, 1788735243.7171228, 1788735244.378994, 1788735245.0665803, 1788735245.7873394, 1788735246.5287585, 1788735247.2971642, 1788735247.9485075, 1788735248.507607, 1788735249.1175628, 1788735249.7649148, 1788735250.4264965, 1788735251.1161683, 1788735251.8326652, 1788735252.53757, 1788735253.0900402, 1788735253.690645, 1788735254.320203, 1788735254.9719632, 1788735255.6469924, 1788735256.3554807, 1788735257.1009161, 1788735257.786443, 1788735258.347955, 1788735258.9570386, 1788735259.5849872, 1788735260.2396364, 1788735260.923497, 1788735261.6314838]","[1, 2, 5, 3, 4, 1, 3, 3, 2, 4, 7, 2, 4, 3, 7, 3, 4, 9, 5, 1, 6, 1, 4, 2, 5, 1, 5, 2, 2, 3, 2]"
User-030,4,trace_0082,1788735262.3624318,streaming,5775,208,208,244,89,111.98788952827454,147.57251906394958,0.17190642287765723,175.0,0,True,,1788735114.7897131,1788735226.7776027,1788735262.3622322,"[1788735226.7776027, 1788735227.3662186, 1788735227.996439, 1788735228.6296766, 1788735229.2932088, 1788735229.982758, 1788735230.6474042, 1788735231.207419, 1788735231.8091788, 1788735232.445146, 1788735233.104342, 1788735233.783982, 1788735234.4875503, 1788735235.221506, 1788735235.9856584, 1788735236.631916, 1788735237.2055757, 1788735237.828533, 1788735238.4640899, 1788735239.1265786, 1788735239.8098218, 1788735240.5260427, 1788735241.26864, 1788735241.8992803, 1788735242.4695983, 1788735243.0790393, 1788735243.7210016, 1788735244.3832846, 1788735245.0699081, 1788735245.7907062, 1788735246.5321088, 1788735247.300536, 1788735247.9517777, 1788735248.511121, 1788735249.1208816, 1788735249.768369, 1788735250.4302478, 1788735251.1195657, 1788735251.8364532, 1788735252.541112, 1788735253.0934799, 1788735253.6940026, 1788735254.3235273, 1788735254.9753416, 1788735255.6504364, 1788735256.3588274, 1788735257.1042898, 1788735257.790781, 1788735258.3522024, 1788735258.9610863, 1788735259.5887794, 1788735260.2435207, 1788735260.9273665, 1788735261.635938, 1788735262.3615944]","[1, 9, 2, 1, 3, 3, 1, 8, 6, 3, 6, 4, 3, 2, 9, 4, 2, 1, 3, 5, 2, 2, 1, 1, 3, 2, 1, 7, 2, 5, 7, 1, 3, 1, 3, 1, 6, 1, 4, 2, 6, 2, 5, 4, 2, 2, 1, 5, 7, 9, 9, 6, 8, 9, 2]"
User-044,1,trace_0272,1788735267.039197,streaming,27550,252,252,383,46,106.31827139854431,155.26021122932434,0.19498780809075708,14.0,0,True,,1788735111.7788725,1788735218.097144,1788735267.0390837,"[1788735218.097144, 1788735218.6330097, 1788735219.2375998, 1788735219.864877, 1788735220.522205, 1788735221.2287254, 1788735221.8014612, 1788735222.3983846, 1788735223.0281157, 1788735223.673251, 1788735224.3385253, 1788735225.036862, 1788735225.5928845, 1788735226.2044396, 1788735226.779131, 1788735227.367827, 1788735227.9980247, 1788735228.6313093, 1788735229.2948837, 1788735229.9844053, 1788735230.6494193, 1788735231.206856, 1788735231.80805, 1788735232.44406, 1788735233.1031537, 1788735233.782882, 1788735234.4864502, 1788735235.2204444, 1788735235.9845812, 1788735236.630908, 1788735237.2045193, 1788735237.8274276, 1788735238.4628193, 1788735239.1255038, 1788735239.8087273, 1788735240.5249875, 1788735241.2675467, 1788735241.8982067, 1788735242.4684064, 1788735243.077953, 1788735243.7199073, 1788735244.3820443, 1788735245.0688124, 1788735245.7895467, 1788735246.5310082, 1788735247.2994294, 1788735247.9507096, 1788735248.5099518, 1788735249.1198049, 1788735249.7672079, 1788735250.429139, 1788735251.1184165, 1788735251.8352573, 1788735252.5400858, 1788735253.0924122, 1788735253.6929107, 1788735254.3223, 1788735254.9741495, 1788735255.6492677, 1788735256.3576844, 1788735257.1032097, 1788735257.789473, 1788735258.3510973, 1788735258.9600048, 1788735259.5877268, 1788735260.2423897, 1788735260.9262366, 1788735261.6348612, 1788735262.3610604, 1788735263.1428971, 1788735263.910407, 1788735264.4558234, 1788735265.0656598, 1788735265.6953516, 1788735266.3503947, 1788735267.0383604]","[1, 6, 2, 3, 5, 4, 2, 1, 8, 2, 4, 2, 2, 2, 2, 2, 9, 1, 2, 1, 1, 3, 9, 1, 3, 3, 6, 2, 1, 2, 4, 2, 2, 4, 9, 3, 1, 3, 1, 4, 2, 7, 1, 1, 2, 7, 9, 3, 4, 5, 5, 4, 1, 7, 3, 6, 5, 3, 6, 1, 2, 1, 6, 3, 1, 6, 3, 4, 1, 3, 3, 3, 4, 1, 2, 2]"
User-035,3,trace_0062,1788735280.7842727,streaming,17341,149,149,260,9,98.61108112335205,126.85571599006653,0.19084212747780052,8.0,0,True,,1788735153.9284866,1788735252.5395677,1788735280.7842026,"[1788735252.5395677, 1788735253.0918899, 1788735253.692397, 1788735254.3217895, 1788735254.9735844, 1788735255.648647, 1788735256.357137, 1788735257.1026118, 1788735257.78898, 1788735258.350542, 1788735258.9593582, 1788735259.5872164, 1788735260.241837, 1788735260.9256713, 1788735261.6343303, 1788735262.3599732, 1788735263.1417592, 1788735263.9093819, 1788735264.4546528, 1788735265.06461, 1788735265.6942663, 1788735266.3493721, 1788735267.0372264, 1788735267.7470675, 1788735268.4909928, 1788735269.2001767, 1788735269.7554445, 1788735270.3621473, 1788735270.993867, 1788735271.648833, 1788735272.3355992, 1788735273.0854974, 1788735273.7257323, 1788735274.2877681, 1788735274.9052544, 1788735275.543772, 1788735276.215888, 1788735276.7401752, 1788735277.345459, 1788735277.9813523, 1788735278.6365492, 1788735279.3240385, 1788735280.0381296, 1788735280.782597]","[1, 2, 1, 1, 1, 4, 4, 5, 4, 1, 9, 3, 6, 6, 3, 3, 5, 2, 2, 5, 5, 3, 2, 1, 2, 1, 5, 2, 4, 4, 7, 9, 6, 1, 9, 2, 3, 1, 9, 1, 1, 1, 1, 1]"
User-017,5,trace_0726,1788735284.8767757,streaming,21513,109,109,324,2,105.9482774734497,126.91714262962341,0.19415615885346024,6.0,0,True,,1788735157.9595463,1788735263.9078238,1788735284.876689,"[1788735263.9078238, 1788735264.4530084, 1788735265.0629716, 1788735265.6925783, 1788735266.3476617, 1788735267.035615, 1788735267.7453492, 1788735268.4892688, 1788735269.1985767, 1788735269.7538497, 1788735270.360508, 1788735270.9922569, 1788735271.6472526, 1788735272.3339937, 1788735273.0846725, 1788735273.723391, 1788735274.2853782, 1788735274.9031432, 1788735275.5417125, 1788735276.2148125, 1788735276.7377353, 1788735277.3433745, 1788735277.9792395, 1788735278.6344385, 1788735279.321887, 1788735280.0360467, 1788735280.7783508, 1788735281.5429308, 1788735282.3394055, 1788735283.156276, 1788735284.0003169, 1788735284.8732033]","[1, 4, 2, 3, 2, 1, 2, 2, 1, 4, 3, 7, 4, 2, 7, 3, 6, 3, 1, 3, 2, 5, 6, 8, 4, 3, 4, 3, 2, 1, 9, 1]"
User-056,0,trace_0590,1788735285.7689176,streaming,18127,103,103,0,282,102.85026407241821,130.83060383796692,0.27431705652498733,0.0,0,True,,1788735154.9382145,1788735257.7884786,1788735285.7688184,"[1788735257.7884786, 1788735258.3498635, 1788735258.9588068, 1788735259.5866644, 1788735260.2413216, 1788735260.925161, 1788735261.6336384, 1788735262.3594282, 1788735263.1412365, 1788735263.908877, 1788735264.4541335, 1788735265.0640945, 1788735265.6937547, 1788735266.3488512, 1788735267.036708, 1788735267.7464683, 1788735268.49041, 1788735269.199666, 1788735269.754925, 1788735270.3616102, 1788735270.9933662, 1788735271.6483252, 1788735272.335083, 1788735273.0852504, 1788735273.7244043, 1788735274.286622, 1788735274.9042163, 1788735275.5427666, 1788735276.215351, 1788735276.738996, 1788735277.344434, 1788735277.9802713, 1788735278.6355329, 1788735279.3229773, 1788735280.0370872, 1788735280.7814217, 1788735281.543995, 1788735282.34047, 1788735283.157319, 1788735284.0014496, 1788735284.8745244, 1788735285.7656536]","[1, 7, 2, 1, 3, 1, 2, 4, 2, 2, 3, 1, 1, 2, 1, 3, 4, 3, 3, 2, 1, 3, 1, 1, 1, 2, 6, 2, 7, 2, 4, 3, 1, 2, 3, 2, 2, 4, 1, 3, 1, 3]"
User-037,2,trace_0489,1788735286.9140098,streaming,16199,74,74,246,6,105.33134579658508,118.52004814147949,0.18066715540951245,8.0,0,True,,1788735168.39388,1788735273.7252257,1788735286.913928,"[1788735273.7252257, 1788735274.2871847, 1788735274.9047382, 1788735275.5432744, 1788735276.2156425, 1788735276.73959, 1788735277.344954, 1788735277.9807928, 1788735278.6360312, 1788735279.3235078, 1788735280.037619, 1788735280.78203, 1788735281.5445771, 1788735282.340993, 1788735283.1578202, 1788735284.001964, 1788735284.8750691, 1788735285.7664578, 1788735286.3092682, 1788735286.9116416]","[1, 6, 4, 1, 2, 5, 1, 5, 2, 5, 2, 1, 4, 3, 7, 2, 4, 9, 9, 1]"
User-047,1,trace_0228,1788735291.8947852,streaming,9738,75,75,142,151,107.49567437171936,123.17406558990479,0.21187015159710035,2383.0,0,True,,1788735168.7206216,1788735276.216296,1788735291.8946872,"[1788735276.216296, 1788735276.7406952, 1788735277.346055, 1788735277.981851, 1788735278.6371753, 1788735279.324586, 1788735280.0386672, 1788735280.7835069, 1788735281.5451007, 1788735282.3415437, 1788735283.1584263, 1788735284.0024884, 1788735284.8756027, 1788735285.7670581, 1788735286.3100927, 1788735286.9124255, 1788735287.5422544, 1788735288.1964734, 1788735288.8738453, 1788735289.5870783, 1788735290.3195758, 1788735291.090147, 1788735291.8928883]","[1, 9, 2, 1, 3, 2, 1, 1, 4, 4, 7, 4, 2, 3, 4, 2, 1, 2, 2, 9, 4, 3, 4]"
User-055,0,trace_0449,1788735294.5353398,streaming,14508,264,264,0,226,108.84080338478088,172.73088669776917,0.24292807343341552,0.0,0,True,,1788735121.8043728,1788735230.6451762,1788735294.5352595,"[1788735230.6451762, 1788735231.2035613, 1788735231.8053935, 1788735232.4412267, 1788735233.1004395, 1788735233.7801223, 1788735234.4837265, 1788735235.2174833, 1788735235.981861, 1788735236.6281958, 1788735237.2018034, 1788735237.8244636, 1788735238.4599087, 1788735239.1221602, 1788735239.806435, 1788735240.5228016, 1788735241.26531, 1788735241.8961694, 1788735242.4624143, 1788735243.0758052, 1788735243.717734, 1788735244.379614, 1788735245.0672185, 1788735245.787967, 1788735246.5293908, 1788735247.2977834, 1788735247.9490907, 1788735248.5082245, 1788735249.118178, 1788735249.765551, 1788735250.427159, 1788735251.1168256, 1788735251.8332856, 1788735252.5381336, 1788735253.0906565, 1788735253.691337, 1788735254.3207335, 1788735254.97253, 1788735255.6475492, 1788735256.3561, 1788735257.1015253, 1788735257.7870235, 1788735258.3487532, 1788735258.9576712, 1788735259.5856054, 1788735260.240262, 1788735260.9241118, 1788735261.6323168, 1788735262.3588119, 1788735263.1406415, 1788735263.9083633, 1788735264.4536135, 1788735265.0635781, 1788735265.6931725, 1788735266.3482661, 1788735267.0361738, 1788735267.7459106, 1788735268.489871, 1788735269.1991534, 1788735269.7543862, 1788735270.3610713, 1788735270.9928532, 1788735271.647795, 1788735272.3345315, 1788735273.0849922, 1788735273.723908, 1788735274.2860737, 1788735274.9036837, 1788735275.5422385, 1788735276.2150803, 1788735276.7384079, 1788735277.3439274, 1788735277.9797754, 1788735278.6350114, 1788735279.3224301, 1788735280.0365746, 1788735280.7808094, 1788735281.5434906, 1788735282.3399317, 1788735283.1568053, 1788735284.0008962, 1788735284.8739953, 1788735285.765059, 1788735286.3087313, 1788735286.9111032, 1788735287.541741, 1788735288.1959453, 1788735288.8733294, 1788735289.5864065, 1788735290.3190386, 1788735291.0896232, 1788735291.8923528, 1788735292.7514422, 1788735293.2966714, 1788735293.9047017, 1788735294.5328453]","[1, 1, 5, 2, 1, 2, 3, 2, 2, 3, 1, 4, 1, 1, 4, 3, 4, 1, 1, 2, 2, 1, 1, 1, 5, 2, 6, 2, 2, 3, 6, 1, 2, 1, 4, 3, 4, 1, 4, 1, 9, 4, 1, 3, 1, 3, 2, 2, 3, 2, 2, 2, 1, 9, 8, 2, 2, 2, 3, 1, 1, 3, 2, 3, 3, 1, 9, 2, 1, 6, 4, 3, 1, 4, 2, 2, 2, 1, 4, 1, 9, 2, 7, 1, 1, 2, 4, 2, 2, 3, 2, 1, 3, 7, 1, 4]"
User-034,2,trace_0164,1788735301.9442046,streaming,18770,162,162,281,11,107.72717905044556,140.4732747077942,0.20339189849284864,14.0,0,True,,1788735161.4708085,1788735269.1979876,1788735301.9440832,"[1788735269.1979876, 1788735269.7532501, 1788735270.3598638, 1788735270.991608, 1788735271.6466286, 1788735272.3333168, 1788735273.084388, 1788735273.7227592, 1788735274.2847412, 1788735274.9024813, 1788735275.541115, 1788735276.2145374, 1788735276.737179, 1788735277.3427832, 1788735277.9786224, 1788735278.633826, 1788735279.3212798, 1788735280.0354228, 1788735280.7777555, 1788735281.5423214, 1788735282.3388035, 1788735283.155665, 1788735283.9997098, 1788735284.872555, 1788735285.7644565, 1788735286.3079894, 1788735286.9104846, 1788735287.5411482, 1788735288.1953418, 1788735288.8727303, 1788735289.5858276, 1788735290.3183758, 1788735291.0890224, 1788735291.8917572, 1788735292.7508008, 1788735293.2960517, 1788735293.9040744, 1788735294.5322266, 1788735295.182135, 1788735295.8575985, 1788735296.5826936, 1788735297.140549, 1788735297.7416193, 1788735298.3794532, 1788735299.0506191, 1788735299.7339566, 1788735300.4503536, 1788735301.1785433, 1788735301.9417033]","[1, 2, 2, 7, 2, 8, 5, 3, 7, 3, 1, 1, 2, 1, 1, 2, 4, 3, 2, 5, 1, 2, 1, 3, 1, 1, 2, 2, 1, 2, 2, 9, 2, 2, 5, 2, 8, 1, 9, 5, 8, 3, 1, 8, 2, 9, 1, 4, 3]"
User-008,2,trace_0707,1788735315.3923023,streaming,20355,368,368,309,8,114.71680402755737,193.47622799873352,0.21460333507132465,15.0,0,True,,1788735121.9159775,1788735236.6327815,1788735315.3922055,"[1788735236.6327815, 1788735237.2060785, 1788735237.829048, 1788735238.4646065, 1788735239.1271286, 1788735239.8103633, 1788735240.5265574, 1788735241.2691553, 1788735241.899794, 1788735242.4701374, 1788735243.0795584, 1788735243.7214987, 1788735244.383825, 1788735245.0704274, 1788735245.7912822, 1788735246.5326464, 1788735247.3010533, 1788735247.9522755, 1788735248.5116494, 1788735249.1213903, 1788735249.7688787, 1788735250.4308023, 1788735251.120074, 1788735251.8369694, 1788735252.5415998, 1788735253.0940094, 1788735253.6945498, 1788735254.3240638, 1788735254.975862, 1788735255.6509867, 1788735256.3593776, 1788735257.1047893, 1788735257.7913234, 1788735258.3516483, 1788735258.9605381, 1788735259.588231, 1788735260.2429886, 1788735260.9268289, 1788735261.635416, 1788735262.360509, 1788735263.142328, 1788735263.909896, 1788735264.4552007, 1788735265.0651536, 1788735265.6948247, 1788735266.3498998, 1788735267.0377867, 1788735267.7475994, 1788735268.4915147, 1788735269.2006867, 1788735269.7561193, 1788735270.3626773, 1788735270.9943893, 1788735271.64937, 1788735272.3361688, 1788735273.0857816, 1788735273.7262502, 1788735274.2883573, 1788735274.9058409, 1788735275.544271, 1788735276.2165446, 1788735276.7412379, 1788735277.3465662, 1788735277.9823465, 1788735278.6377497, 1788735279.325102, 1788735280.0391746, 1788735280.7839143, 1788735281.5456705, 1788735282.342092, 1788735283.159006, 1788735284.0030663, 1788735284.876309, 1788735285.7675748, 1788735286.3106937, 1788735286.9129684, 1788735287.5427814, 1788735288.1970181, 1788735288.8743546, 1788735289.5876496, 1788735290.3200934, 1788735291.0906644, 1788735291.8937314, 1788735292.7528021, 1788735293.2978885, 1788735293.9060562, 1788735294.5341952, 1788735295.183599, 1788735295.8587215, 1788735296.5837548, 1788735297.1418078, 1788735297.74269, 1788735298.380535, 1788735299.0517366, 1788735299.7351053, 1788735300.4515193, 1788735301.1797204, 1788735301.9431083, 1788735302.7312634, 1788735303.5525918, 1788735304.2244694, 1788735304.7851965, 1788735305.4032285, 1788735306.0483754, 1788735306.7152972, 1788735307.4114618, 1788735308.151791, 1788735308.9113243, 1788735309.6896036, 1788735310.5024703, 1788735311.336306, 1788735312.1984098, 1788735312.911474, 1788735313.4654386, 1788735314.0799294, 1788735314.7208555, 1788735315.3909254]","[1, 4, 2, 5, 1, 5, 1, 4, 2, 3, 5, 1, 7, 4, 5, 3, 2, 1, 4, 3, 3, 3, 6, 1, 2, 2, 8, 2, 2, 4, 1, 5, 4, 9, 3, 1, 4, 3, 2, 5, 7, 4, 1, 1, 1, 2, 6, 2, 1, 2, 1, 2, 5, 1, 3, 2, 4, 4, 1, 2, 1, 4, 4, 2, 4, 2, 2, 2, 5, 7, 1, 6, 7, 1, 4, 4, 3, 4, 5, 2, 1, 5, 7, 5, 2, 4, 8, 6, 4, 1, 7, 3, 1, 2, 2, 1, 4, 4, 1, 2, 1, 2, 1, 6, 1, 4, 1, 6, 1, 1, 6, 1, 1, 1, 1, 7, 2]"
User-045,1,trace_0729,1788735323.4182863,streaming,26029,560,560,314,92,101.09883832931519,214.915611743927,0.20360782363973493,13.0,0,True,,1788735108.5025733,1788735209.6014116,1788735323.418185,"[1788735209.6014116, 1788735210.1406827, 1788735210.7420933, 1788735211.3640704, 1788735212.0105243, 1788735212.6867971, 1788735213.3820758, 1788735214.1076994, 1788735214.869159, 1788735215.6503897, 1788735216.4543762, 1788735217.2881868, 1788735218.0854518, 1788735218.6285074, 1788735219.2331824, 1788735219.8604531, 1788735220.5177228, 1788735221.2244213, 1788735221.7969556, 1788735222.3938928, 1788735223.0232325, 1788735223.6687262, 1788735224.3352373, 1788735225.0326185, 1788735225.5887156, 1788735226.2024956, 1788735226.7744567, 1788735227.363533, 1788735227.9932747, 1788735228.626886, 1788735229.290144, 1788735229.9798453, 1788735230.6436293, 1788735231.2019129, 1788735231.8047547, 1788735232.4404979, 1788735233.0998106, 1788735233.7793016, 1788735234.4831223, 1788735235.2167032, 1788735235.9812074, 1788735236.6275702, 1788735237.2011473, 1788735237.8236513, 1788735238.4593039, 1788735239.121523, 1788735239.8055818, 1788735240.5221465, 1788735241.2646997, 1788735241.894523, 1788735242.4611797, 1788735243.0744627, 1788735243.7165139, 1788735244.378345, 1788735245.0659564, 1788735245.7866874, 1788735246.5281193, 1788735247.2965393, 1788735247.9478214, 1788735248.506522, 1788735249.1169438, 1788735249.7642777, 1788735250.4258807, 1788735251.115564, 1788735251.832038, 1788735252.5369291, 1788735253.089228, 1788735253.690007, 1788735254.3195982, 1788735254.9712677, 1788735255.646181, 1788735256.3548598, 1788735257.1002862, 1788735257.7857847, 1788735258.347212, 1788735258.9563239, 1788735259.5843623, 1788735260.2390065, 1788735260.922866, 1788735261.6307106, 1788735262.3581352, 1788735263.140018, 1788735263.9066193, 1788735264.452221, 1788735265.0623214, 1788735265.6919644, 1788735266.347005, 1788735267.0348225, 1788735267.744638, 1788735268.4886243, 1788735269.196965, 1788735269.7524686, 1788735270.35909, 1788735270.990945, 1788735271.6460094, 1788735272.3326814, 1788735273.0840216, 1788735273.7220774, 1788735274.2841253, 1788735274.9018505, 1788735275.5404673, 1788735276.2141826, 1788735276.7364175, 1788735277.3421419, 1788735277.9779987, 1788735278.6332352, 1788735279.3206413, 1788735280.0347877, 1788735280.777105, 1788735281.5416453, 1788735282.3381393, 1788735283.155009, 1788735283.9990659, 1788735284.871895, 1788735285.7636616, 1788735286.3072212, 1788735286.9096637, 1788735287.5405471, 1788735288.1946595, 1788735288.8721097, 1788735289.5850139, 1788735290.317771, 1788735291.0883732, 1788735291.8911455, 1788735292.750098, 1788735293.2954113, 1788735293.9033096, 1788735294.5316055, 1788735295.1813881, 1788735295.8569705, 1788735296.5811796, 1788735297.139339, 1788735297.7404304, 1788735298.378204, 1788735299.0494063, 1788735299.732738, 1788735300.4491723, 1788735301.177185, 1788735301.9404438, 1788735302.7294486, 1788735303.5507207, 1788735304.2218068, 1788735304.782649, 1788735305.400894, 1788735306.046031, 1788735306.7129579, 1788735307.4091828, 1788735308.149473, 1788735308.910037, 1788735309.6872818, 1788735310.5002165, 1788735311.333975, 1788735312.196176, 1788735312.9082866, 1788735313.4622607, 1788735314.0771146, 1788735314.7180567, 1788735315.3880622, 1788735316.075712, 1788735316.7946863, 1788735317.5418344, 1788735318.3164198, 1788735319.1204386, 1788735319.9569862, 1788735320.8198402, 1788735321.6267614, 1788735322.1700194, 1788735322.7775686, 1788735323.4140115]","[1, 6, 2, 3, 9, 2, 7, 4, 3, 5, 2, 2, 2, 2, 2, 9, 1, 3, 1, 3, 9, 1, 1, 4, 3, 4, 5, 1, 1, 3, 2, 9, 2, 5, 4, 7, 3, 3, 2, 5, 6, 2, 9, 3, 1, 4, 7, 1, 2, 2, 2, 3, 1, 1, 2, 1, 4, 3, 2, 2, 2, 6, 4, 2, 2, 2, 4, 5, 1, 4, 1, 3, 7, 7, 5, 6, 3, 1, 1, 8, 1, 2, 5, 5, 1, 2, 9, 1, 4, 5, 2, 1, 4, 6, 1, 5, 3, 2, 2, 4, 6, 3, 2, 1, 2, 1, 3, 6, 3, 1, 1, 9, 2, 6, 4, 1, 3, 1, 1, 2, 2, 1, 2, 2, 1, 7, 6, 3, 2, 6, 1, 1, 1, 1, 1, 2, 3, 1, 2, 7, 3, 6, 1, 9, 5, 1, 1, 1, 7, 1, 2, 1, 3, 2, 5, 4, 9, 2, 8, 9, 6, 2, 1, 2, 5, 2, 1, 8, 3]"
User-007,3,trace_0398,1788735327.4325776,streaming,14307,127,127,218,4,108.92362213134766,139.77402234077454,0.24484444610656253,7.0,0,True,,1788735187.6584854,1788735296.5821075,1788735327.4325078,"[1788735296.5821075, 1788735297.139939, 1788735297.7410278, 1788735298.3788373, 1788735299.0500016, 1788735299.733362, 1788735300.4497957, 1788735301.177967, 1788735301.9410803, 1788735302.7300978, 1788735303.551392, 1788735304.2225103, 1788735304.7834606, 1788735305.401531, 1788735306.0466835, 1788735306.7135525, 1788735307.4097946, 1788735308.1500843, 1788735308.9104366, 1788735309.6879559, 1788735310.5008206, 1788735311.3345835, 1788735312.19679, 1788735312.9089637, 1788735313.4629478, 1788735314.077727, 1788735314.7187033, 1788735315.388678, 1788735316.0763607, 1788735316.7953436, 1788735317.542464, 1788735318.3170388, 1788735319.121041, 1788735319.9576077, 1788735320.8204696, 1788735321.6274226, 1788735322.1706202, 1788735322.778227, 1788735323.4149463, 1788735324.0702314, 1788735324.7531261, 1788735325.4659667, 1788735326.2053602, 1788735326.8606892, 1788735327.42838]","[1, 2, 3, 3, 5, 1, 3, 2, 2, 1, 8, 1, 3, 2, 1, 1, 1, 2, 8, 3, 2, 5, 1, 3, 1, 2, 1, 3, 9, 3, 1, 6, 1, 2, 6, 4, 1, 5, 3, 3, 4, 1, 3, 3, 1]"
User-022,22,trace_0418,1788735336.898837,streaming,28840,134,134,435,2,111.17053842544556,135.15881395339966,0.18036297389439174,7.0,0,True,,1788735201.739891,1788735312.9104295,1788735336.898705,"[1788735312.9104295, 1788735313.464222, 1788735314.0788722, 1788735314.7198489, 1788735315.389849, 1788735316.0775018, 1788735316.7965133, 1788735317.5436163, 1788735318.318168, 1788735319.122186, 1788735319.958723, 1788735320.821596, 1788735321.628562, 1788735322.171794, 1788735322.7794368, 1788735323.4162405, 1788735324.0717707, 1788735324.7543552, 1788735325.467201, 1788735326.2066064, 1788735326.8618276, 1788735327.4300213, 1788735328.0428824, 1788735328.6878815, 1788735329.3553686, 1788735330.0502849, 1788735330.7705023, 1788735331.5185914, 1788735332.2950025, 1788735333.0986235, 1788735333.9360907, 1788735334.7991838, 1788735335.685619, 1788735336.331773, 1788735336.8950984]","[1, 6, 4, 1, 2, 2, 3, 1, 4, 4, 2, 4, 8, 2, 2, 9, 9, 9, 5, 2, 3, 2, 4, 3, 6, 5, 3, 2, 1, 9, 2, 1, 1, 4, 8]"
User-020,3,trace_0108,1788735347.1403604,streaming,29469,131,131,364,95,113.49104118347168,139.00132703781128,0.1962329681103046,11.0,0,True,,1788735208.1389081,1788735321.6299493,1788735347.1402352,"[1788735321.6299493, 1788735322.1730032, 1788735322.7804754, 1788735323.4173243, 1788735324.0730286, 1788735324.7554832, 1788735325.4682796, 1788735326.2077107, 1788735326.8630679, 1788735327.4311461, 1788735328.0440252, 1788735328.689017, 1788735329.3566418, 1788735330.051504, 1788735330.7716622, 1788735331.51976, 1788735332.2961211, 1788735333.099819, 1788735333.9371977, 1788735334.8004632, 1788735335.6868494, 1788735336.33294, 1788735336.8965445, 1788735337.512451, 1788735338.163151, 1788735338.836365, 1788735339.5350757, 1788735340.264168, 1788735340.9665718, 1788735341.524128, 1788735342.1328669, 1788735342.7686045, 1788735343.4345462, 1788735344.123225, 1788735344.8325136, 1788735345.5735962, 1788735346.3375974, 1788735347.1378605]","[1, 7, 1, 1, 8, 4, 1, 1, 3, 1, 2, 1, 1, 2, 1, 1, 5, 2, 2, 2, 1, 5, 9, 3, 2, 3, 1, 1, 3, 3, 9, 9, 4, 8, 9, 7, 6, 1]"
User-025,8,trace_0588,1788735351.507816,streaming,30567,70,70,469,3,107.19701361656189,122.37090492248535,0.2199114682017893,10.0,0,True,,1788735229.136812,1788735336.3338256,1788735351.507717,"[1788735336.3338256, 1788735336.8971221, 1788735337.5129876, 1788735338.1636975, 1788735338.8369045, 1788735339.535605, 1788735340.2646894, 1788735340.9671865, 1788735341.5246658, 1788735342.1334243, 1788735342.7691844, 1788735343.4383278, 1788735344.1238158, 1788735344.8330498, 1788735345.5741205, 1788735346.33816, 1788735347.138697, 1788735347.9626117, 1788735348.8167477, 1788735349.7360752, 1788735350.2764697, 1788735350.876085, 1788735351.5058808]","[1, 2, 3, 2, 2, 2, 2, 1, 1, 1, 2, 1, 6, 9, 5, 5, 4, 4, 4, 3, 6, 2, 2]"
User-057,0,trace_0276,1788735356.636929,streaming,18280,101,101,0,285,100.6644561290741,130.43736219406128,0.2977290606498718,0.0,0,True,,1788735226.199455,1788735326.8639112,1788735356.6368172,"[1788735326.8639112, 1788735327.4316578, 1788735328.044545, 1788735328.689518, 1788735329.3571508, 1788735330.052024, 1788735330.7721984, 1788735331.520282, 1788735332.2966757, 1788735333.1003377, 1788735333.9377458, 1788735334.8010154, 1788735335.6873865, 1788735336.334345, 1788735336.8976498, 1788735337.5134954, 1788735338.164235, 1788735338.8374104, 1788735339.5361118, 1788735340.265211, 1788735340.9677045, 1788735341.5252976, 1788735342.1339424, 1788735342.7696939, 1788735343.4390574, 1788735344.1243577, 1788735344.8335836, 1788735345.574642, 1788735346.3386714, 1788735347.139281, 1788735347.9631572, 1788735348.817268, 1788735349.7365677, 1788735350.2770102, 1788735350.8765867, 1788735351.5066698, 1788735352.1566103, 1788735352.8321726, 1788735353.5355952, 1788735354.2654946, 1788735355.0231826, 1788735355.8185422, 1788735356.635567]","[1, 1, 5, 2, 4, 1, 1, 3, 1, 2, 5, 1, 1, 1, 4, 3, 3, 2, 3, 1, 2, 3, 1, 2, 1, 1, 1, 3, 2, 2, 1, 2, 3, 4, 2, 2, 3, 4, 9, 1, 2, 4, 1]"
User-050,1,trace_0243,1788735371.5228167,streaming,24218,287,287,345,32,120.79354643821716,199.56382608413696,0.27542055820251676,12.0,0,True,,1788735171.958746,1788735292.7522924,1788735371.522572,"[1788735292.7522924, 1788735293.2973568, 1788735293.905499, 1788735294.5336647, 1788735295.1830454, 1788735295.858191, 1788735296.5832536, 1788735297.1410885, 1788735297.7421598, 1788735298.3800046, 1788735299.0512223, 1788735299.7345164, 1788735300.4509125, 1788735301.1791687, 1788735301.9425104, 1788735302.7307034, 1788735303.5520332, 1788735304.2239618, 1788735304.7846565, 1788735305.402663, 1788735306.047863, 1788735306.7147732, 1788735307.4109411, 1788735308.1512728, 1788735308.9110415, 1788735309.689064, 1788735310.5019546, 1788735311.3357842, 1788735312.1979043, 1788735312.9109778, 1788735313.4649067, 1788735314.0793936, 1788735314.7203577, 1788735315.3903594, 1788735316.0780132, 1788735316.7970476, 1788735317.5441206, 1788735318.3187056, 1788735319.1227202, 1788735319.9592826, 1788735320.8221123, 1788735321.6291063, 1788735322.172314, 1788735322.779965, 1788735323.4167912, 1788735324.0724206, 1788735324.7549627, 1788735325.4677303, 1788735326.207189, 1788735326.862509, 1788735327.4305801, 1788735328.0435019, 1788735328.6884828, 1788735329.3560493, 1788735330.0509353, 1788735330.7710996, 1788735331.5191836, 1788735332.2955885, 1788735333.099281, 1788735333.9366822, 1788735334.7998004, 1788735335.6862252, 1788735336.332395, 1788735336.8960145, 1788735337.5118551, 1788735338.1624975, 1788735338.8357828, 1788735339.5344331, 1788735340.2635865, 1788735340.9659948, 1788735341.5235865, 1788735342.1323464, 1788735342.76806, 1788735343.4340239, 1788735344.122629, 1788735344.8319821, 1788735345.5730894, 1788735346.3370616, 1788735347.1373074, 1788735347.9620802, 1788735348.8161976, 1788735349.7347002, 1788735350.2753837, 1788735350.8748436, 1788735351.504804, 1788735352.1555529, 1788735352.8311095, 1788735353.5344925, 1788735354.2644386, 1788735355.0220096, 1788735355.8174856, 1788735356.6344628, 1788735357.3602812, 1788735357.921045, 1788735358.5333424, 1788735359.1724148, 1788735359.8378453, 1788735360.5304239, 1788735361.2536411, 1788735362.0081522, 1788735362.7029514, 1788735363.2689226, 1788735363.8803961, 1788735364.5241165, 1788735365.1866088, 1788735365.8724046, 1788735366.5155313, 1788735367.0856655, 1788735367.699183, 1788735368.3492584, 1788735369.0079722, 1788735369.7016637, 1788735370.3287783, 1788735370.9017208, 1788735371.5202017]","[1, 1, 1, 1, 1, 1, 1, 2, 3, 4, 1, 7, 1, 2, 2, 1, 2, 1, 3, 2, 1, 2, 2, 1, 1, 4, 1, 1, 2, 1, 2, 3, 1, 1, 2, 3, 1, 1, 5, 2, 1, 2, 5, 1, 5, 3, 4, 7, 5, 4, 1, 1, 1, 8, 6, 9, 1, 1, 2, 1, 5, 7, 2, 1, 1, 3, 2, 4, 1, 6, 4, 1, 4, 1, 3, 3, 1, 1, 2, 4, 3, 1, 6, 2, 2, 2, 1, 3, 2, 2, 3, 2, 1, 2, 1, 3, 6, 1, 5, 3, 1, 2, 1, 3, 2, 2, 3, 6, 1, 3, 3, 4, 1, 4, 1]"
User-036,2,trace_0615,1788735375.952938,streaming,24726,343,343,376,9,107.92310094833374,179.6525104045868,0.20973511536916098,11.0,0,True,,1788735196.3003454,1788735304.2234464,1788735375.9528558,"[1788735304.2234464, 1788735304.7840755, 1788735305.4021275, 1788735306.0473194, 1788735306.714139, 1788735307.4103768, 1788735308.1506884, 1788735308.910755, 1788735309.6885338, 1788735310.5014122, 1788735311.3352587, 1788735312.197377, 1788735312.9095762, 1788735313.4636223, 1788735314.078319, 1788735314.7193363, 1788735315.3892868, 1788735316.0769727, 1788735316.7959707, 1788735317.5430803, 1788735318.3176544, 1788735319.1216335, 1788735319.9582088, 1788735320.8210695, 1788735321.6280448, 1788735322.1712668, 1788735322.7788796, 1788735323.415694, 1788735324.0710936, 1788735324.753752, 1788735325.466568, 1788735326.2059844, 1788735326.8613114, 1788735327.4292765, 1788735328.0422418, 1788735328.6872554, 1788735329.3547206, 1788735330.0496056, 1788735330.769872, 1788735331.5178335, 1788735332.2943637, 1788735333.097992, 1788735333.9354296, 1788735334.7983005, 1788735335.6848505, 1788735336.33108, 1788735336.8943293, 1788735337.5112545, 1788735338.1617894, 1788735338.8351698, 1788735339.53381, 1788735340.262961, 1788735340.964349, 1788735341.5223224, 1788735342.1311326, 1788735342.7668526, 1788735343.4327483, 1788735344.1214135, 1788735344.83072, 1788735345.5718725, 1788735346.3358383, 1788735347.136064, 1788735347.9609065, 1788735348.8149898, 1788735349.733378, 1788735350.274123, 1788735350.8736238, 1788735351.503538, 1788735352.1543133, 1788735352.8298278, 1788735353.533259, 1788735354.263114, 1788735355.0205512, 1788735355.8162625, 1788735356.6332645, 1788735357.3592553, 1788735357.9196703, 1788735358.5321786, 1788735359.1713417, 1788735359.8366916, 1788735360.5292864, 1788735361.2524598, 1788735362.00701, 1788735362.7017856, 1788735363.2676525, 1788735363.8792233, 1788735364.522955, 1788735365.1854756, 1788735365.8712702, 1788735366.5135398, 1788735367.083789, 1788735367.6974287, 1788735368.348421, 1788735369.006325, 1788735369.7001278, 1788735370.326224, 1788735370.8994944, 1788735371.5179605, 1788735372.1569114, 1788735372.8205903, 1788735373.4890444, 1788735374.0536737, 1788735374.6596181, 1788735375.2931705, 1788735375.9486928]","[1, 6, 2, 9, 6, 3, 4, 3, 1, 5, 1, 3, 6, 6, 1, 3, 5, 3, 2, 2, 2, 8, 2, 2, 4, 1, 5, 2, 1, 3, 3, 1, 1, 2, 9, 4, 2, 6, 8, 8, 1, 6, 9, 4, 4, 3, 1, 1, 3, 3, 2, 2, 3, 1, 1, 1, 4, 2, 7, 4, 1, 2, 1, 1, 4, 1, 1, 6, 2, 2, 3, 7, 6, 1, 1, 1, 4, 3, 1, 6, 5, 1, 2, 3, 1, 7, 1, 6, 3, 3, 1, 6, 9, 4, 4, 3, 2, 3, 4, 2, 3, 1, 3, 1, 3]"
User-046,1,trace_0334,1788735393.8962982,streaming,31251,421,421,0,487,114.17732954025269,222.30510354042053,0.25744708095278057,2041.0,0,True,,1788735171.591064,1788735285.7683935,1788735393.8961675,"[1788735285.7683935, 1788735286.3112695, 1788735286.9135106, 1788735287.5433125, 1788735288.1975505, 1788735288.8749077, 1788735289.5882225, 1788735290.3205996, 1788735291.0912175, 1788735291.894269, 1788735292.7533114, 1788735293.298554, 1788735293.9068582, 1788735294.5348997, 1788735295.1841667, 1788735295.8619502, 1788735296.5842562, 1788735297.1423485, 1788735297.7434433, 1788735298.3810406, 1788735299.0522618, 1788735299.7356257, 1788735300.4520292, 1788735301.1803024, 1788735301.9436488, 1788735302.7317739, 1788735303.553111, 1788735304.2249656, 1788735304.7858946, 1788735305.403736, 1788735306.0489235, 1788735306.7158005, 1788735307.4119942, 1788735308.1523051, 1788735308.9116151, 1788735309.69014, 1788735310.5030265, 1788735311.3368564, 1788735312.1989493, 1788735312.9119656, 1788735313.4659357, 1788735314.0804389, 1788735314.7213714, 1788735315.3917632, 1788735316.0785387, 1788735316.7975707, 1788735317.5446239, 1788735318.319256, 1788735319.1232975, 1788735319.9597926, 1788735320.822621, 1788735321.6304393, 1788735322.1735559, 1788735322.7809842, 1788735323.417838, 1788735324.0736375, 1788735324.756016, 1788735325.468813, 1788735326.208219, 1788735326.86441, 1788735327.4321592, 1788735328.0450664, 1788735328.6900237, 1788735329.357666, 1788735330.0525317, 1788735330.7727108, 1788735331.5208042, 1788735332.2971938, 1788735333.100838, 1788735333.9382753, 1788735334.8015792, 1788735335.6878958, 1788735336.3348548, 1788735336.8983216, 1788735337.5140007, 1788735338.1647646, 1788735338.837913, 1788735339.5366254, 1788735340.265716, 1788735340.968208, 1788735341.5258176, 1788735342.1344664, 1788735342.7701993, 1788735343.4394798, 1788735344.12489, 1788735344.834086, 1788735345.5751922, 1788735346.3392282, 1788735347.139801, 1788735347.9636695, 1788735348.817782, 1788735349.7370887, 1788735350.2775311, 1788735350.8772583, 1788735351.5072246, 1788735352.1571267, 1788735352.8327045, 1788735353.5361395, 1788735354.2659976, 1788735355.0238044, 1788735355.8190937, 1788735356.6363606, 1788735357.3612661, 1788735357.922248, 1788735358.5343604, 1788735359.1734664, 1788735359.838935, 1788735360.5314755, 1788735361.2547266, 1788735362.0092072, 1788735362.7048423, 1788735363.2707152, 1788735363.8819525, 1788735364.5256681, 1788735365.1882076, 1788735365.8740084, 1788735366.5170288, 1788735367.0874093, 1788735367.7007775, 1788735368.3500297, 1788735369.0095692, 1788735369.7033136, 1788735370.3302436, 1788735370.903508, 1788735371.5221727, 1788735372.1602619, 1788735372.823952, 1788735373.4930382, 1788735374.0574749, 1788735374.6633952, 1788735375.297013, 1788735375.9525726, 1788735376.6271176, 1788735377.3339376, 1788735378.0685942, 1788735378.7973642, 1788735379.3558009, 1788735379.9609842, 1788735380.591493, 1788735381.2437701, 1788735381.9216645, 1788735382.627402, 1788735383.3584328, 1788735384.117588, 1788735384.7221332, 1788735385.290097, 1788735385.9086485, 1788735386.5520833, 1788735387.2176967, 1788735387.9102626, 1788735388.6292324, 1788735389.227529, 1788735389.7973652, 1788735390.4159765, 1788735391.0624871, 1788735391.7245636, 1788735392.4211278, 1788735393.1444778, 1788735393.8954923]","[1, 5, 1, 1, 1, 2, 9, 1, 1, 3, 4, 3, 2, 3, 9, 3, 4, 3, 2, 4, 3, 1, 4, 6, 5, 2, 4, 3, 1, 1, 2, 1, 2, 2, 1, 2, 3, 1, 2, 2, 1, 1, 4, 2, 2, 2, 2, 2, 5, 1, 1, 1, 5, 4, 3, 1, 5, 7, 8, 1, 2, 3, 2, 1, 6, 6, 1, 2, 1, 2, 2, 5, 2, 9, 5, 6, 2, 1, 1, 2, 2, 7, 2, 1, 2, 2, 2, 1, 3, 6, 1, 1, 1, 1, 9, 3, 3, 3, 2, 1, 2, 1, 3, 4, 2, 2, 9, 1, 2, 2, 3, 1, 2, 6, 1, 9, 1, 1, 5, 2, 1, 1, 1, 1, 6, 1, 1, 1, 5, 2, 1, 4, 1, 2, 1, 2, 1, 1, 2, 1, 3, 2, 2, 1, 1, 3, 2, 1, 5, 1, 3, 1, 4, 2, 4, 4, 1, 1, 3]"
User-052,1,trace_0594,1788735427.0406377,streaming,19113,247,247,273,25,125.41007876396179,189.74630498886108,0.26152937489796463,10.0,0,True,,1788735237.294238,1788735362.7043169,1788735427.040543,"[1788735362.7043169, 1788735363.2701654, 1788735363.8814478, 1788735364.525131, 1788735365.1876895, 1788735365.8734694, 1788735366.516531, 1788735367.0868504, 1788735367.7002401, 1788735368.349781, 1788735369.0090728, 1788735369.702802, 1788735370.3297572, 1788735370.903, 1788735371.5216544, 1788735372.1596923, 1788735372.8233945, 1788735373.4917285, 1788735374.0564065, 1788735374.6622703, 1788735375.295988, 1788735375.9517484, 1788735376.6260078, 1788735377.3328545, 1788735378.067531, 1788735378.7954783, 1788735379.3541322, 1788735379.9593797, 1788735380.5897264, 1788735381.242154, 1788735381.9201198, 1788735382.6257913, 1788735383.3568895, 1788735384.1159954, 1788735384.7197862, 1788735385.2879984, 1788735385.9064093, 1788735386.549867, 1788735387.2155976, 1788735387.9081724, 1788735388.6270664, 1788735389.2246537, 1788735389.7945716, 1788735390.4133506, 1788735391.059763, 1788735391.7218764, 1788735392.418424, 1788735393.1417637, 1788735393.8927953, 1788735394.6646411, 1788735395.4704688, 1788735396.3062692, 1788735397.1693823, 1788735398.0673664, 1788735398.6061459, 1788735399.2054183, 1788735399.833683, 1788735400.4798787, 1788735401.1531527, 1788735401.85563, 1788735402.5410497, 1788735403.099192, 1788735403.7067044, 1788735404.3414779, 1788735404.9934537, 1788735405.6745434, 1788735406.380565, 1788735407.1215131, 1788735407.889197, 1788735408.6856194, 1788735409.2342732, 1788735409.8324342, 1788735410.457758, 1788735411.1065822, 1788735411.7823408, 1788735412.4834027, 1788735413.2174892, 1788735413.9671028, 1788735414.7505352, 1788735415.562521, 1788735416.404864, 1788735417.013608, 1788735417.5790613, 1788735418.2033875, 1788735418.8525114, 1788735419.5272844, 1788735420.2282007, 1788735420.954987, 1788735421.708655, 1788735422.4893825, 1788735423.1261098, 1788735423.6909826, 1788735424.3094978, 1788735424.9538362, 1788735425.6270247, 1788735426.316176, 1788735427.0381756]","[1, 2, 1, 2, 2, 4, 2, 2, 2, 2, 1, 2, 1, 1, 2, 4, 7, 2, 2, 9, 1, 6, 5, 2, 1, 5, 1, 1, 1, 1, 2, 4, 1, 5, 1, 3, 9, 1, 2, 1, 2, 4, 1, 1, 3, 4, 7, 1, 1, 1, 1, 1, 1, 1, 6, 3, 1, 1, 1, 4, 1, 1, 1, 7, 1, 2, 4, 3, 2, 5, 1, 3, 3, 9, 1, 2, 1, 3, 4, 2, 5, 1, 2, 3, 6, 4, 1, 1, 2, 1, 3, 1, 5, 1, 1, 4, 1]"
User-043,2,trace_0052,1788735399.835732,streaming,25109,222,222,315,76,122.55982971191406,165.0369257926941,0.19220405466416302,10.0,0,True,,1788735234.7986953,1788735357.358525,1788735399.835621,"[1788735357.358525, 1788735357.9190493, 1788735358.531559, 1788735359.1705694, 1788735359.8360786, 1788735360.5286722, 1788735361.251838, 1788735362.006364, 1788735362.7011604, 1788735363.2670448, 1788735363.8785698, 1788735364.522318, 1788735365.1848688, 1788735365.8705997, 1788735366.5128965, 1788735367.0828521, 1788735367.6967688, 1788735368.3480678, 1788735369.0056229, 1788735369.6994185, 1788735370.3256016, 1788735370.8989017, 1788735371.517344, 1788735372.1562898, 1788735372.8199754, 1788735373.4884152, 1788735374.053005, 1788735374.6590185, 1788735375.2925436, 1788735375.9480078, 1788735376.623242, 1788735377.329981, 1788735378.0642426, 1788735378.7927299, 1788735379.35095, 1788735379.9565334, 1788735380.5867555, 1788735381.2393086, 1788735381.9172418, 1788735382.6230142, 1788735383.3540196, 1788735384.1129532, 1788735384.7169917, 1788735385.2851384, 1788735385.9035714, 1788735386.5468261, 1788735387.2127266, 1788735387.9053202, 1788735388.6241913, 1788735389.2213833, 1788735389.7923188, 1788735390.411177, 1788735391.0571609, 1788735391.720128, 1788735392.416673, 1788735393.1400423, 1788735393.8909924, 1788735394.6623049, 1788735395.4678674, 1788735396.3045712, 1788735397.1676722, 1788735398.0646894, 1788735398.6037192, 1788735399.203111, 1788735399.8309925]","[1, 1, 2, 2, 3, 4, 1, 3, 1, 1, 3, 4, 3, 3, 6, 5, 4, 2, 4, 2, 1, 1, 1, 3, 2, 3, 9, 2, 2, 1, 9, 5, 3, 1, 1, 4, 7, 3, 4, 5, 1, 6, 2, 6, 3, 8, 8, 1, 9, 2, 6, 4, 2, 4, 1, 2, 3, 2, 5, 7, 2, 2, 2, 4, 8]"
User-038,2,trace_0661,1788735413.219076,streaming,29418,263,263,328,131,116.24479007720947,179.72818517684937,0.24230303473144998,14.0,0,True,,1788735233.490785,1788735349.735575,1788735413.21897,"[1788735349.735575, 1788735350.2759507, 1788735350.8755653, 1788735351.5053437, 1788735352.1560838, 1788735352.8316438, 1788735353.5350676, 1788735354.2649853, 1788735355.0225875, 1788735355.818032, 1788735356.6350172, 1788735357.3607724, 1788735357.9217439, 1788735358.5338545, 1788735359.1729462, 1788735359.838387, 1788735360.5309725, 1788735361.2541678, 1788735362.0086877, 1788735362.7034643, 1788735363.2696245, 1788735363.8808994, 1788735364.5246346, 1788735365.1871526, 1788735365.872948, 1788735366.5160344, 1788735367.0862708, 1788735367.699715, 1788735368.3495345, 1788735369.008571, 1788735369.702265, 1788735370.3292649, 1788735370.9022686, 1788735371.5209901, 1788735372.1591556, 1788735372.8228896, 1788735373.4912426, 1788735374.0558863, 1788735374.66176, 1788735375.2954803, 1788735375.9511564, 1788735376.625476, 1788735377.332328, 1788735378.0669234, 1788735378.794989, 1788735379.3535626, 1788735379.9588225, 1788735380.5892236, 1788735381.2416582, 1788735381.9195905, 1788735382.6252613, 1788735383.3563905, 1788735384.115442, 1788735384.7192826, 1788735385.2873468, 1788735385.9059002, 1788735386.5493448, 1788735387.2150757, 1788735387.9076123, 1788735388.6264982, 1788735389.2241154, 1788735389.7940755, 1788735390.4128149, 1788735391.059238, 1788735391.7213418, 1788735392.4178848, 1788735393.1412437, 1788735393.8922617, 1788735394.6635618, 1788735395.4691195, 1788735396.3057246, 1788735397.1688592, 1788735398.0668378, 1788735398.60546, 1788735399.20489, 1788735399.8331516, 1788735400.4788413, 1788735401.1520956, 1788735401.8545382, 1788735402.5400417, 1788735403.098103, 1788735403.7056832, 1788735404.3404474, 1788735404.9924173, 1788735405.6735172, 1788735406.3795073, 1788735407.1204538, 1788735407.8881655, 1788735408.6845984, 1788735409.2330527, 1788735409.8314323, 1788735410.4567478, 1788735411.1055694, 1788735411.7810688, 1788735412.482227, 1788735413.2161055]","[1, 1, 5, 3, 2, 1, 3, 2, 2, 4, 3, 4, 5, 5, 3, 2, 1, 9, 4, 2, 1, 4, 1, 1, 2, 1, 1, 3, 3, 2, 2, 4, 8, 3, 6, 2, 4, 4, 1, 2, 1, 3, 2, 2, 1, 3, 4, 1, 1, 2, 2, 1, 4, 1, 1, 1, 2, 2, 7, 1, 4, 1, 2, 3, 3, 1, 2, 2, 5, 4, 2, 2, 1, 3, 4, 3, 1, 8, 1, 1, 9, 9, 5, 4, 3, 1, 1, 2, 2, 2, 1, 1, 2, 2, 4, 3]"
User-061,0,trace_0046,1788735439.4774535,streaming,21901,116,116,0,341,132.4755883216858,163.26589727401733,0.267741816976796,0.0,0,True,,1788735276.211388,1788735408.6869764,1788735439.4772854,"[1788735408.6869764, 1788735409.235509, 1788735409.8334904, 1788735410.4587991, 1788735411.1120458, 1788735411.7835867, 1788735412.4844487, 1788735413.218611, 1788735413.9686866, 1788735414.7521331, 1788735415.5641026, 1788735416.406407, 1788735417.0151148, 1788735417.5807118, 1788735418.2049193, 1788735418.8541288, 1788735419.5288246, 1788735420.229718, 1788735420.956531, 1788735421.7101784, 1788735422.4909463, 1788735423.1277003, 1788735423.6927192, 1788735424.3111422, 1788735424.9554265, 1788735425.628626, 1788735426.3177915, 1788735427.0402076, 1788735427.7868876, 1788735428.5626142, 1788735429.3291233, 1788735429.8826632, 1788735430.4889328, 1788735431.120774, 1788735431.776112, 1788735432.4582999, 1788735433.166356, 1788735433.9011815, 1788735434.6604555, 1788735435.4517844, 1788735436.2782617, 1788735436.9969764, 1788735437.5573711, 1788735438.1686673, 1788735438.8085244, 1788735439.476583]","[1, 4, 2, 1, 3, 2, 1, 1, 3, 1, 1, 1, 6, 1, 2, 3, 1, 5, 1, 5, 3, 1, 2, 2, 1, 7, 2, 2, 1, 3, 1, 1, 6, 3, 2, 3, 2, 2, 7, 3, 2, 3, 3, 3, 4, 2]"
User-058,0,trace_0586,1788735391.062907,streaming,17875,180,180,0,278,109.10503268241882,159.20240926742554,0.2798736122067414,0.0,0,True,,1788735231.860424,1788735340.9654567,1788735391.0628333,"[1788735340.9654567, 1788735341.5229466, 1788735342.1317458, 1788735342.7674556, 1788735343.4334025, 1788735344.1220293, 1788735344.8313775, 1788735345.5725071, 1788735346.3364449, 1788735347.1366765, 1788735347.9615006, 1788735348.8156154, 1788735349.7340937, 1788735350.27476, 1788735350.8742287, 1788735351.5041916, 1788735352.154967, 1788735352.8304443, 1788735353.5339038, 1788735354.2638264, 1788735355.0214238, 1788735355.8168678, 1788735356.6338825, 1788735357.3597775, 1788735357.920505, 1788735358.5328207, 1788735359.171901, 1788735359.8373113, 1788735360.5299046, 1788735361.2530975, 1788735362.0076227, 1788735362.7023945, 1788735363.268401, 1788735363.8798702, 1788735364.5235496, 1788735365.18609, 1788735365.871876, 1788735366.5140793, 1788735367.084356, 1788735367.698071, 1788735368.3487542, 1788735369.0069382, 1788735369.7007167, 1788735370.3268037, 1788735370.9000983, 1788735371.5185916, 1788735372.1575463, 1788735372.8212025, 1788735373.4895837, 1788735374.054274, 1788735374.6602206, 1788735375.2938125, 1788735375.9495332, 1788735376.6238678, 1788735377.3306227, 1788735378.065078, 1788735378.7933557, 1788735379.3516552, 1788735379.9571643, 1788735380.5875769, 1788735381.2399285, 1788735381.9178808, 1788735382.6236408, 1788735383.354612, 1788735384.1137776, 1788735384.7176037, 1788735385.2857692, 1788735385.9041965, 1788735386.5474992, 1788735387.2133954, 1788735387.9059253, 1788735388.6248271, 1788735389.22203, 1788735389.792961, 1788735390.4117963, 1788735391.0578675]","[1, 6, 3, 2, 2, 1, 1, 1, 3, 7, 1, 1, 2, 3, 1, 2, 2, 2, 2, 1, 2, 1, 1, 2, 4, 3, 1, 2, 1, 3, 1, 2, 3, 1, 4, 1, 4, 5, 1, 1, 1, 3, 3, 5, 1, 1, 1, 5, 5, 1, 2, 5, 3, 2, 1, 2, 2, 5, 1, 1, 1, 2, 1, 5, 3, 6, 1, 2, 5, 1, 1, 5, 2, 3, 2, 3]"
User-048,2,trace_0546,1788735389.2280402,streaming,13951,82,82,210,3,121.8852117061615,140.78489708900452,0.23332944917090145,8.0,0,True,,1788735248.443059,1788735370.3282707,1788735389.227956,"[1788735370.3282707, 1788735370.9011838, 1788735371.5196428, 1788735372.1585746, 1788735372.8223104, 1788735373.490697, 1788735374.0553544, 1788735374.661249, 1788735375.2948937, 1788735375.9505835, 1788735376.6249716, 1788735377.3317995, 1788735378.066201, 1788735378.794431, 1788735379.3528628, 1788735379.958286, 1788735380.5887208, 1788735381.2411282, 1788735381.91907, 1788735382.624758, 1788735383.3558853, 1788735384.1149123, 1788735384.718781, 1788735385.286813, 1788735385.9053438, 1788735386.548647, 1788735387.2145164, 1788735387.9070914, 1788735388.6259923, 1788735389.2232847]","[1, 2, 2, 2, 3, 4, 3, 1, 4, 5, 4, 1, 5, 6, 8, 1, 1, 2, 2, 1, 1, 1, 2, 4, 7, 3, 1, 2, 1, 2]"
User-053,1,trace_0176,1788735427.787399,streaming,16219,247,247,231,253,120.46372961997986,159.0245006084442,0.1567511015791234,14.0,0,True,,1788735268.762797,1788735389.2265267,1788735427.7872977,"[1788735389.2265267, 1788735389.796338, 1788735390.414893, 1788735391.061449, 1788735391.723479, 1788735392.4200594, 1788735393.143377, 1788735393.8943565, 1788735394.665669, 1788735395.47155, 1788735396.3074017, 1788735397.1704042, 1788735398.0683734, 1788735398.607446, 1788735399.2064621, 1788735399.8347137, 1788735400.4803808, 1788735401.1536512, 1788735401.8561578, 1788735402.5415506, 1788735403.0996935, 1788735403.707249, 1788735404.3420336, 1788735404.993966, 1788735405.6750932, 1788735406.3811026, 1788735407.122039, 1788735407.8897212, 1788735408.6861396, 1788735409.2347968, 1788735409.8329434, 1788735410.458272, 1788735411.1113968, 1788735411.7828844, 1788735412.4839206, 1788735413.2179914, 1788735413.9681807, 1788735414.7516036, 1788735415.5635865, 1788735416.405916, 1788735417.014592, 1788735417.5802014, 1788735418.2044082, 1788735418.8535793, 1788735419.5283148, 1788735420.229206, 1788735420.9560087, 1788735421.7096574, 1788735422.4904056, 1788735423.1271672, 1788735423.6921732, 1788735424.310564, 1788735424.9548733, 1788735425.62809, 1788735426.3172286, 1788735427.0396764, 1788735427.7860944]","[1, 3, 3, 3, 2, 1, 5, 2, 2, 8, 4, 2, 3, 5, 2, 7, 4, 3, 1, 4, 3, 9, 2, 8, 2, 8, 3, 3, 3, 1, 7, 3, 4, 3, 7, 2, 1, 8, 7, 1, 7, 3, 3, 4, 2, 2, 1, 5, 9, 6, 6, 9, 9, 9, 9, 9, 4]"
User-033,3,trace_0538,1788735395.472644,streaming,12690,105,105,161,8,115.56320285797119,137.54321932792664,0.21134631221111005,10.0,0,True,,1788735257.929346,1788735373.492549,1788735395.4725654,"[1788735373.492549, 1788735374.0569584, 1788735374.662886, 1788735375.2965035, 1788735375.952171, 1788735376.6265535, 1788735377.3334088, 1788735378.0680652, 1788735378.796002, 1788735379.3547573, 1788735379.959909, 1788735380.5902238, 1788735381.2426655, 1788735381.92062, 1788735382.6263266, 1788735383.357388, 1788735384.1165173, 1788735384.72027, 1788735385.2885368, 1788735385.9070542, 1788735386.5503824, 1788735387.2161505, 1788735387.9086778, 1788735388.6275918, 1788735389.2251792, 1788735389.7951124, 1788735390.4138525, 1788735391.0602772, 1788735391.7224035, 1788735392.4190164, 1788735393.1422784, 1788735393.8933263, 1788735394.664115, 1788735395.4696877]","[1, 6, 2, 2, 3, 5, 4, 1, 2, 1, 7, 5, 2, 3, 3, 1, 4, 3, 2, 9, 3, 1, 3, 3, 5, 4, 3, 2, 2, 4, 1, 4, 3, 1]"
User-049,2,trace_0273,1788735404.3433757,streaming,18863,91,91,289,5,112.0527753829956,137.59916305541992,0.28384875191582576,10.0,0,True,,1788735266.744105,1788735378.7968805,1788735404.3432682,"[1788735378.7968805, 1788735379.3552835, 1788735379.9604573, 1788735380.590975, 1788735381.2432497, 1788735381.9211252, 1788735382.6268976, 1788735383.3579366, 1788735384.117064, 1788735384.7216246, 1788735385.2895956, 1788735385.9081204, 1788735386.5515165, 1788735387.2171953, 1788735387.9097414, 1788735388.6286845, 1788735389.227043, 1788735389.7968616, 1788735390.4154623, 1788735391.061975, 1788735391.7239914, 1788735392.4205728, 1788735393.1439345, 1788735393.8948908, 1788735394.6662133, 1788735395.472211, 1788735396.3080986, 1788735397.1709764, 1788735398.0688899, 1788735398.607967, 1788735399.2069774, 1788735399.8352733, 1788735400.4809039, 1788735401.154163, 1788735401.856667, 1788735402.5420394, 1788735403.1002064, 1788735403.7077851, 1788735404.3425636]","[1, 1, 1, 2, 3, 2, 1, 1, 1, 4, 1, 4, 4, 1, 2, 3, 1, 1, 2, 1, 8, 4, 1, 1, 1, 3, 1, 1, 5, 4, 1, 2, 1, 1, 9, 4, 2, 3, 2]"
