user_id,request_idx,trace_id,timestamp,request_type,input_tokens,output_tokens_expected,output_tokens_actual,cache_hit_blocks,cache_miss_blocks,ttft,ttlt,itl,delay_expected,delay_actual,success,error_message,request_start_time,prefill_complete_time,request_complete_time,token_timestamps,tokens_per_chunk
User-048,3,trace_0546,1788732281.175904,streaming,14087,78,78,213,4,19.38863253593445,46.62818694114685,0.35376044682094027,5.0,0,True,,1788732234.5476542,1788732253.9362867,1788732281.175841,"[1788732253.9362867, 1788732254.533238, 1788732255.179928, 1788732255.8570101, 1788732256.5658202, 1788732257.263529, 1788732257.8475714, 1788732258.4850874, 1788732259.1519911, 1788732259.8518686, 1788732260.5844183, 1788732261.345981, 1788732262.1409853, 1788732262.968167, 1788732263.7263675, 1788732264.3084464, 1788732264.9524124, 1788732265.6230445, 1788732266.325101, 1788732267.058505, 1788732267.8231196, 1788732268.6207507, 1788732269.2391741, 1788732269.8426235, 1788732270.5010417, 1788732271.1873393, 1788732271.907865, 1788732272.6578395, 1788732273.4390876, 1788732274.2571166, 1788732274.938182, 1788732275.532359, 1788732276.183402, 1788732276.8615873, 1788732277.571025, 1788732278.3118684, 1788732279.0853426, 1788732279.8962905, 1788732280.5721147, 1788732281.1739237]","[1, 1, 1, 3, 2, 2, 1, 1, 2, 2, 3, 2, 2, 3, 1, 1, 2, 3, 2, 1, 1, 3, 2, 3, 1, 1, 2, 1, 2, 1, 2, 3, 3, 3, 3, 2, 2, 1, 3, 3]"
User-033,2,trace_0538,1788732286.430573,streaming,10676,118,118,159,3,15.450853824615479,51.91574573516846,0.3116657428252391,8.0,0,True,,1788732234.5147595,1788732249.9656134,1788732286.4305053,"[1788732249.9656134, 1788732250.55266, 1788732251.1885242, 1788732251.8593507, 1788732252.5550582, 1788732253.2890851, 1788732253.9337592, 1788732254.5309262, 1788732255.177553, 1788732255.8546896, 1788732256.5634272, 1788732257.2613604, 1788732257.8453243, 1788732258.4828734, 1788732259.1497009, 1788732259.849434, 1788732260.5821824, 1788732261.3437285, 1788732262.138778, 1788732262.965902, 1788732263.7242563, 1788732264.3061771, 1788732264.950137, 1788732265.6208909, 1788732266.3228374, 1788732267.0562763, 1788732267.820891, 1788732268.618543, 1788732269.2369692, 1788732269.8404164, 1788732270.4986734, 1788732271.185107, 1788732271.9056177, 1788732272.6556025, 1788732273.436839, 1788732274.2529564, 1788732274.9360795, 1788732275.5301635, 1788732276.181274, 1788732276.8595006, 1788732277.5688925, 1788732278.3097272, 1788732279.083052, 1788732279.8940496, 1788732280.5690966, 1788732281.1712043, 1788732281.8206487, 1788732282.5151825, 1788732283.239453, 1788732283.9916859, 1788732284.7716198, 1788732285.5811188, 1788732286.4264238]","[1, 3, 2, 1, 2, 1, 1, 2, 1, 4, 4, 1, 2, 3, 1, 1, 4, 3, 2, 1, 1, 3, 4, 6, 5, 2, 2, 1, 6, 2, 1, 2, 1, 2, 1, 3, 1, 5, 2, 1, 2, 1, 2, 1, 2, 1, 6, 3, 1, 1, 4, 2, 1]"
User-039,2,trace_0220,1788732325.091789,streaming,13162,211,211,435,12,21.711690664291382,89.54257440567017,0.32300420829227994,22.0,0,True,,1788732235.5490801,1788732257.2607708,1788732325.0916545,"[1788732257.2607708, 1788732257.8447053, 1788732258.4821906, 1788732259.149077, 1788732259.8487997, 1788732260.5815585, 1788732261.343099, 1788732262.13813, 1788732262.9651036, 1788732263.7235336, 1788732264.305486, 1788732264.9495177, 1788732265.6201704, 1788732266.322168, 1788732267.0556514, 1788732267.8202493, 1788732268.6179163, 1788732269.236325, 1788732269.8397624, 1788732270.4980564, 1788732271.184469, 1788732271.9050004, 1788732272.6549652, 1788732273.4362092, 1788732274.2523382, 1788732274.9354253, 1788732275.5295107, 1788732276.1806486, 1788732276.8588505, 1788732277.5682635, 1788732278.309085, 1788732279.0824282, 1788732279.893489, 1788732280.5685556, 1788732281.1705167, 1788732281.8200536, 1788732282.5144935, 1788732283.238812, 1788732283.9910374, 1788732284.7709703, 1788732285.5804987, 1788732286.4257505, 1788732287.2905388, 1788732287.9668975, 1788732288.563083, 1788732289.2203047, 1788732289.9035943, 1788732290.6155593, 1788732291.3617551, 1788732292.1386774, 1788732292.9507608, 1788732293.7947123, 1788732294.5337815, 1788732295.125486, 1788732295.7714295, 1788732296.4503663, 1788732297.156006, 1788732297.8940537, 1788732298.6610699, 1788732299.4640515, 1788732300.1059625, 1788732300.7113447, 1788732301.3701885, 1788732302.0606072, 1788732302.7786345, 1788732303.5296466, 1788732304.311112, 1788732305.0795536, 1788732305.6681852, 1788732306.309406, 1788732306.9820874, 1788732307.6849284, 1788732308.417494, 1788732309.1775982, 1788732309.979751, 1788732310.7602458, 1788732311.3481996, 1788732311.9902167, 1788732312.6636279, 1788732313.3653443, 1788732314.0981855, 1788732314.8581684, 1788732315.651082, 1788732316.367363, 1788732316.9653285, 1788732317.622019, 1788732318.3007398, 1788732319.0143979, 1788732319.7553732, 1788732320.5263863, 1788732321.3300378, 1788732322.1666236, 1788732323.0329356, 1788732323.8414035, 1788732324.432208, 1788732325.0854702]","[1, 2, 4, 2, 6, 4, 2, 2, 2, 3, 1, 1, 1, 1, 1, 5, 2, 3, 4, 1, 3, 2, 5, 5, 4, 5, 1, 1, 4, 1, 3, 4, 2, 1, 2, 2, 1, 1, 1, 1, 1, 1, 2, 5, 3, 4, 3, 2, 2, 1, 4, 2, 1, 1, 1, 2, 1, 1, 3, 1, 2, 1, 2, 1, 2, 2, 1, 1, 1, 2, 4, 3, 2, 1, 3, 1, 4, 1, 1, 1, 1, 1, 2, 1, 1, 2, 1, 6, 3, 1, 5, 2, 5, 1, 1, 4]"
User-005,0,trace_0568,1788732327.238598,streaming,20311,131,131,0,317,41.67640447616577,93.97997617721558,0.40233516693115234,0.0,0,True,,1788732233.2583895,1788732274.934794,1788732327.2383657,"[1788732274.934794, 1788732275.528896, 1788732276.1800318, 1788732276.8582084, 1788732277.567626, 1788732278.3084471, 1788732279.0816581, 1788732279.892754, 1788732280.5679379, 1788732281.1699047, 1788732281.819241, 1788732282.513862, 1788732283.2381563, 1788732283.9903858, 1788732284.7703104, 1788732285.5798836, 1788732286.4251344, 1788732287.2899122, 1788732287.966191, 1788732288.5622563, 1788732289.2194886, 1788732289.9027934, 1788732290.6149225, 1788732291.3611453, 1788732292.1380606, 1788732292.9499633, 1788732293.794052, 1788732294.5331478, 1788732295.1248655, 1788732295.7707753, 1788732296.4497383, 1788732297.1553743, 1788732297.8934505, 1788732298.660465, 1788732299.463435, 1788732300.105325, 1788732300.7106562, 1788732301.3695614, 1788732302.0599813, 1788732302.7780004, 1788732303.5289888, 1788732304.310461, 1788732305.0780134, 1788732305.6670187, 1788732306.3082194, 1788732306.9809306, 1788732307.6837564, 1788732308.4163337, 1788732309.176406, 1788732309.9785643, 1788732310.759084, 1788732311.3470447, 1788732311.9890292, 1788732312.6624188, 1788732313.3641763, 1788732314.0970242, 1788732314.856989, 1788732315.6499808, 1788732316.366309, 1788732316.9643786, 1788732317.620914, 1788732318.2997203, 1788732319.0134726, 1788732319.7542574, 1788732320.5253038, 1788732321.3289802, 1788732322.165559, 1788732323.0318735, 1788732323.8403575, 1788732324.431249, 1788732325.0844212, 1788732325.756007, 1788732326.475613, 1788732327.2316613]","[1, 1, 1, 1, 3, 3, 1, 1, 2, 2, 2, 1, 2, 1, 1, 1, 1, 1, 2, 3, 2, 2, 2, 2, 1, 2, 1, 2, 1, 3, 1, 2, 1, 2, 2, 2, 3, 2, 1, 1, 2, 1, 1, 3, 4, 1, 2, 2, 2, 2, 2, 1, 3, 2, 2, 2, 3, 1, 1, 2, 1, 1, 1, 3, 2, 2, 3, 2, 2, 1, 2, 1, 4, 1]"
User-004,0,trace_0629,1788732346.4580958,streaming,18361,185,185,0,286,36.03431558609009,113.25228428840637,0.41966287338215374,0.0,0,True,,1788732233.20568,1788732269.2399955,1788732346.4579642,"[1788732269.2399955, 1788732269.843185, 1788732270.5015576, 1788732271.187848, 1788732271.9083874, 1788732272.6583562, 1788732273.4396267, 1788732274.2576814, 1788732274.9386923, 1788732275.5328763, 1788732276.1839206, 1788732276.8621175, 1788732277.571551, 1788732278.3123763, 1788732279.0858612, 1788732279.896811, 1788732280.5726397, 1788732281.1749678, 1788732281.8234916, 1788732282.5178053, 1788732283.2420874, 1788732283.9942832, 1788732284.7742715, 1788732285.5837684, 1788732286.4293883, 1788732287.293343, 1788732287.970453, 1788732288.5664346, 1788732289.2272048, 1788732289.9069614, 1788732290.6187942, 1788732291.365132, 1788732292.1419384, 1788732292.9541624, 1788732293.798068, 1788732294.5378258, 1788732295.1292694, 1788732295.7752407, 1788732296.4542804, 1788732297.1597657, 1788732297.8978915, 1788732298.6649404, 1788732299.4679198, 1788732300.1095245, 1788732300.7151616, 1788732301.3739786, 1788732302.0643613, 1788732302.782367, 1788732303.5335488, 1788732304.3147967, 1788732305.0830631, 1788732305.671935, 1788732306.3130987, 1788732306.9858518, 1788732307.6887097, 1788732308.4212756, 1788732309.1814055, 1788732309.983504, 1788732310.7645895, 1788732311.352485, 1788732311.9944665, 1788732312.6678307, 1788732313.3696644, 1788732314.102496, 1788732314.8625023, 1788732315.6553574, 1788732316.3713357, 1788732316.9695258, 1788732317.6264892, 1788732318.3056662, 1788732319.0191345, 1788732319.7596884, 1788732320.5308044, 1788732321.3343394, 1788732322.170878, 1788732323.0363865, 1788732323.845865, 1788732324.4399116, 1788732325.09068, 1788732325.7614212, 1788732326.4809356, 1788732327.237437, 1788732328.0040717, 1788732328.8086483, 1788732329.6450522, 1788732330.5071642, 1788732331.4004686, 1788732332.3254704, 1788732333.2836897, 1788732333.9250758, 1788732334.528005, 1788732335.1921642, 1788732335.8922954, 1788732336.6186435, 1788732337.3738036, 1788732338.1606562, 1788732338.8317714, 1788732339.4414406, 1788732340.1027591, 1788732340.791216, 1788732341.5145228, 1788732342.262033, 1788732343.0411599, 1788732343.8334064, 1788732344.4242077, 1788732345.06511, 1788732345.7400067, 1788732346.4568434]","[1, 1, 1, 2, 2, 2, 1, 1, 1, 1, 1, 1, 1, 1, 1, 1, 3, 1, 1, 2, 1, 1, 1, 2, 3, 1, 1, 2, 2, 2, 3, 1, 1, 2, 1, 1, 1, 2, 2, 2, 2, 1, 1, 3, 1, 1, 1, 1, 2, 1, 1, 2, 1, 1, 1, 1, 4, 1, 2, 2, 2, 1, 2, 2, 1, 2, 3, 2, 1, 1, 3, 3, 2, 5, 1, 2, 2, 2, 1, 3, 3, 4, 1, 3, 1, 2, 1, 1, 2, 5, 3, 1, 1, 1, 1, 1, 2, 1, 5, 1, 1, 3, 2, 3, 2, 1, 3, 1]"
User-009,0,trace_0313,1788732357.123163,streaming,12330,368,368,0,192,9.969667434692383,123.75215077400208,0.31003401454852775,0.0,0,True,,1788732233.3709152,1788732243.3405826,1788732357.123066,"[1788732243.3405826, 1788732243.9393241, 1788732244.5894463, 1788732245.2769575, 1788732245.983075, 1788732246.7268054, 1788732247.3793495, 1788732247.9723432, 1788732248.6180577, 1788732249.2957318, 1788732249.966688, 1788732250.5538383, 1788732251.1896808, 1788732251.860479, 1788732252.5562522, 1788732253.2902799, 1788732253.934965, 1788732254.532191, 1788732255.1788104, 1788732255.8559492, 1788732256.5647087, 1788732257.26247, 1788732257.8464875, 1788732258.484049, 1788732259.1509578, 1788732259.850794, 1788732260.5833864, 1788732261.3449228, 1788732262.1399283, 1788732262.9672441, 1788732263.7253606, 1788732264.3074248, 1788732264.9513483, 1788732265.6219778, 1788732266.3240635, 1788732267.0574422, 1788732267.8220396, 1788732268.6197162, 1788732269.2381213, 1788732269.8415978, 1788732270.500022, 1788732271.1862633, 1788732271.9067988, 1788732272.6568072, 1788732273.4380138, 1788732274.254134, 1788732274.9371276, 1788732275.5313253, 1788732276.182317, 1788732276.8605535, 1788732277.5699475, 1788732278.3108313, 1788732279.0841608, 1788732279.895138, 1788732280.5702245, 1788732281.1722996, 1788732281.821786, 1788732282.5162501, 1788732283.2405171, 1788732283.992714, 1788732284.772696, 1788732285.5821729, 1788732286.4278202, 1788732287.2917707, 1788732287.9689252, 1788732288.5647297, 1788732289.222252, 1788732289.9052873, 1788732290.6172364, 1788732291.3635333, 1788732292.140378, 1788732292.952506, 1788732293.796444, 1788732294.5354738, 1788732295.1271205, 1788732295.7730887, 1788732296.4521954, 1788732297.1576023, 1788732297.8957798, 1788732298.6628118, 1788732299.465775, 1788732300.107517, 1788732300.7129388, 1788732301.3718188, 1788732302.0622067, 1788732302.7802362, 1788732303.5313537, 1788732304.3126593, 1788732305.0810394, 1788732305.6697433, 1788732306.3110003, 1788732306.9837322, 1788732307.686513, 1788732308.419126, 1788732309.179198, 1788732309.9813223, 1788732310.761774, 1788732311.3498163, 1788732311.991839, 1788732312.6651561, 1788732313.3669596, 1788732314.0998042, 1788732314.85982, 1788732315.6526604, 1788732316.3688867, 1788732316.9669125, 1788732317.6238506, 1788732318.3031132, 1788732319.0164115, 1788732319.7570658, 1788732320.5281441, 1788732321.3317335, 1788732322.1683538, 1788732323.034577, 1788732323.8437788, 1788732324.4337907, 1788732325.088111, 1788732325.7588305, 1788732326.4783633, 1788732327.2347627, 1788732328.0014453, 1788732328.8061516, 1788732329.6424844, 1788732330.504628, 1788732331.3977997, 1788732332.3228848, 1788732333.2810097, 1788732333.9224763, 1788732334.5252929, 1788732335.1895428, 1788732335.8896832, 1788732336.6160657, 1788732337.3711843, 1788732338.1581078, 1788732338.8292198, 1788732339.4389315, 1788732340.1001449, 1788732340.7886932, 1788732341.511906, 1788732342.2595286, 1788732343.0385306, 1788732343.8307717, 1788732344.4215941, 1788732345.0625226, 1788732345.7371168, 1788732346.4550924, 1788732347.1831598, 1788732347.9544265, 1788732348.7615266, 1788732349.4436944, 1788732350.048178, 1788732350.7105765, 1788732351.4008594, 1788732352.12312, 1788732352.8721118, 1788732353.6467395, 1788732354.4610124, 1788732355.1644838, 1788732355.7705438, 1788732356.427204, 1788732357.119976]","[1, 1, 1, 4, 1, 1, 1, 3, 2, 1, 1, 2, 1, 3, 1, 2, 1, 1, 3, 2, 2, 1, 1, 1, 1, 1, 1, 1, 1, 3, 2, 1, 2, 2, 1, 1, 1, 3, 1, 1, 3, 5, 2, 2, 1, 1, 4, 1, 1, 3, 2, 1, 4, 1, 3, 3, 1, 2, 3, 6, 4, 1, 5, 2, 4, 5, 4, 3, 1, 4, 1, 1, 6, 6, 1, 5, 4, 2, 2, 4, 5, 4, 4, 1, 1, 4, 6, 2, 1, 4, 3, 1, 2, 6, 5, 4, 4, 4, 4, 3, 1, 2, 6, 3, 1, 1, 3, 1, 2, 2, 3, 2, 1, 2, 1, 1, 5, 1, 2, 2, 1, 2, 1, 3, 2, 2, 1, 2, 4, 1, 1, 3, 2, 1, 1, 1, 1, 1, 4, 2, 1, 2, 4, 3, 3, 1, 3, 1, 2, 2, 2, 2, 4, 1, 1, 1, 3, 5, 2, 2, 2]"
User-003,0,trace_0714,1788732360.217458,streaming,21916,225,217,0,342,30.567355394363403,127.05748724937439,0.44671357340282863,0.0,0,True,,1788732233.1598618,1788732263.7272172,1788732360.217349,"[1788732263.7272172, 1788732264.308951, 1788732264.9529395, 1788732265.6236138, 1788732266.3256173, 1788732267.0590587, 1788732267.823624, 1788732268.6212778, 1788732269.240499, 1788732269.8437057, 1788732270.502068, 1788732271.1883934, 1788732271.9089224, 1788732272.6588867, 1788732273.44015, 1788732274.258219, 1788732274.939212, 1788732275.5334349, 1788732276.184479, 1788732276.862643, 1788732277.5721061, 1788732278.3129165, 1788732279.8973348, 1788732280.573164, 1788732281.824017, 1788732283.9948764, 1788732286.4301145, 1788732287.9709694, 1788732288.5669944, 1788732289.9074807, 1788732290.6193287, 1788732291.3656464, 1788732292.1425142, 1788732292.9547086, 1788732293.7986429, 1788732294.5383427, 1788732295.1297817, 1788732295.7757592, 1788732296.4548569, 1788732297.1603012, 1788732297.8984349, 1788732298.6654532, 1788732299.4684765, 1788732300.1100342, 1788732300.7156727, 1788732301.3744936, 1788732302.0648777, 1788732302.7866611, 1788732303.5340607, 1788732304.3153033, 1788732305.083557, 1788732305.6724508, 1788732306.3136203, 1788732306.986363, 1788732307.6892176, 1788732308.4218023, 1788732309.1819544, 1788732309.9838898, 1788732310.7651076, 1788732311.3530176, 1788732311.994987, 1788732312.6683526, 1788732313.3701897, 1788732314.1030467, 1788732314.8630276, 1788732315.6558738, 1788732316.371844, 1788732316.9700592, 1788732317.6270263, 1788732318.3061898, 1788732319.019636, 1788732319.7601984, 1788732320.5313313, 1788732321.3348901, 1788732322.1713808, 1788732323.0366209, 1788732323.8462634, 1788732324.4403346, 1788732325.0912051, 1788732325.7619624, 1788732326.4814525, 1788732327.2379596, 1788732328.0045989, 1788732328.8091428, 1788732329.6455595, 1788732330.5076594, 1788732331.4009914, 1788732332.3259897, 1788732333.2842107, 1788732333.9265401, 1788732334.5290298, 1788732335.1931806, 1788732335.8933196, 1788732336.619675, 1788732337.3749015, 1788732338.1616964, 1788732338.8327794, 1788732339.4424357, 1788732340.1038244, 1788732340.7922068, 1788732341.5155754, 1788732342.2649353, 1788732343.042226, 1788732343.834419, 1788732344.4252203, 1788732345.0661347, 1788732345.741161, 1788732346.4575555, 1788732347.186365, 1788732347.9575553, 1788732348.7646923, 1788732349.446217, 1788732350.0512571, 1788732350.7137039, 1788732351.403984, 1788732352.126102, 1788732352.875121, 1788732353.6498187, 1788732354.4640882, 1788732355.1675928, 1788732355.7735934, 1788732356.430249, 1788732357.1226494, 1788732357.8346748, 1788732358.5918477, 1788732359.3813903, 1788732360.2165532]","[1, 1, 1, 1, 1, 1, 3, 1, 1, 2, 1, 1, 1, 1, 2, 1, 2, 2, 2, 1, 1, 1, 1, 1, 1, 1, 1, 1, 1, 1, 1, 1, 3, 1, 3, 1, 1, 2, 1, 1, 1, 2, 1, 3, 2, 1, 3, 1, 2, 1, 2, 1, 2, 1, 2, 1, 2, 2, 1, 1, 4, 2, 1, 2, 3, 5, 2, 2, 2, 2, 3, 2, 1, 1, 2, 1, 2, 1, 3, 1, 3, 1, 3, 1, 3, 1, 2, 2, 4, 2, 2, 2, 2, 2, 2, 2, 2, 3, 2, 2, 2, 2, 1, 1, 3, 2, 2, 3, 2, 1, 1, 1, 1, 1, 2, 2, 3, 1, 1, 2, 3, 3, 3, 1, 2, 1, 1]"
User-043,0,trace_0052,1788732365.2228951,streaming,15183,328,328,0,236,13.451107501983643,131.2957730293274,0.3603812401447821,0.0,0,True,,1788732233.9270425,1788732247.37815,1788732365.2228155,"[1788732247.37815, 1788732247.9711373, 1788732248.616852, 1788732249.2941701, 1788732249.9646728, 1788732250.5520253, 1788732251.187921, 1788732251.8586557, 1788732252.5544176, 1788732253.2866685, 1788732253.9354813, 1788732254.5327134, 1788732255.1793659, 1788732255.8564913, 1788732256.5652606, 1788732257.262997, 1788732257.8470469, 1788732258.4845679, 1788732259.1514747, 1788732259.851341, 1788732260.583898, 1788732261.3454416, 1788732262.1404352, 1788732262.9677525, 1788732263.7258677, 1788732264.3079486, 1788732264.9518945, 1788732265.6224945, 1788732266.3245907, 1788732267.0579774, 1788732267.8225713, 1788732268.6202412, 1788732269.2386315, 1788732269.8421166, 1788732270.5005357, 1788732271.186816, 1788732271.9073248, 1788732272.6573243, 1788732273.4385166, 1788732274.2546523, 1788732274.9376724, 1788732275.5318367, 1788732276.182857, 1788732276.8610737, 1788732277.57046, 1788732278.3113618, 1788732279.0848062, 1788732279.895732, 1788732280.571632, 1788732281.173353, 1788732281.8229547, 1788732282.517272, 1788732283.241572, 1788732283.9937613, 1788732284.77375, 1788732285.5832498, 1788732286.428872, 1788732287.292832, 1788732287.9699576, 1788732288.565901, 1788732289.226637, 1788732289.9064248, 1788732290.6182675, 1788732291.3646164, 1788732292.1414084, 1788732292.9536295, 1788732293.7975345, 1788732294.5373366, 1788732295.128713, 1788732295.7747185, 1788732296.4537647, 1788732297.159206, 1788732297.8973312, 1788732298.6643803, 1788732299.467403, 1788732300.1090114, 1788732300.714619, 1788732301.3734312, 1788732302.0638378, 1788732302.7818074, 1788732303.5330076, 1788732304.3142653, 1788732305.0825505, 1788732305.6714268, 1788732306.3125992, 1788732306.9853196, 1788732307.688187, 1788732308.4207692, 1788732309.1808906, 1788732309.9829957, 1788732310.763287, 1788732311.351462, 1788732311.993433, 1788732312.6668046, 1788732313.3685956, 1788732314.1014602, 1788732314.8614693, 1788732315.6543217, 1788732316.3703368, 1788732316.9685173, 1788732317.6254587, 1788732318.3046403, 1788732319.0180657, 1788732319.7586448, 1788732320.5297518, 1788732321.3332436, 1788732322.1698666, 1788732323.035931, 1788732323.8449655, 1788732324.4390793, 1788732325.0896633, 1788732325.7603807, 1788732326.4799023, 1788732327.2364078, 1788732328.0030155, 1788732328.807664, 1788732329.644007, 1788732330.5061479, 1788732331.3994641, 1788732332.3244467, 1788732333.2826204, 1788732333.9240482, 1788732334.5269687, 1788732335.191153, 1788732335.8912961, 1788732336.6176445, 1788732337.3727808, 1788732338.159648, 1788732338.8307064, 1788732339.4404445, 1788732340.1017194, 1788732340.7901933, 1788732341.5134869, 1788732342.2610366, 1788732343.040131, 1788732343.8323936, 1788732344.4231484, 1788732345.064093, 1788732345.7388685, 1788732346.4562862, 1788732347.1847508, 1788732347.955983, 1788732348.7631207, 1788732349.4449668, 1788732350.0496967, 1788732350.71214, 1788732351.402375, 1788732352.1246035, 1788732352.8736148, 1788732353.6482718, 1788732354.4625401, 1788732355.1660829, 1788732355.7720938, 1788732356.4287274, 1788732357.121433, 1788732357.8331146, 1788732358.5905325, 1788732359.3798988, 1788732360.2149734, 1788732361.0602498, 1788732361.822483, 1788732362.42071, 1788732363.0736182, 1788732363.7544336, 1788732364.470263, 1788732365.218503]","[1, 1, 1, 1, 2, 3, 1, 2, 2, 1, 1, 2, 4, 1, 2, 2, 1, 1, 1, 2, 1, 3, 2, 2, 2, 1, 2, 1, 2, 2, 2, 2, 2, 1, 1, 1, 3, 1, 1, 1, 1, 3, 2, 1, 2, 1, 1, 2, 1, 3, 1, 2, 1, 1, 1, 1, 1, 1, 1, 1, 1, 1, 1, 2, 2, 2, 1, 1, 2, 1, 1, 1, 1, 1, 1, 2, 2, 3, 3, 2, 3, 2, 2, 1, 1, 2, 3, 1, 1, 1, 1, 3, 1, 3, 4, 4, 1, 3, 2, 1, 2, 1, 3, 3, 1, 1, 2, 1, 1, 1, 2, 2, 3, 1, 2, 2, 5, 4, 1, 1, 1, 1, 2, 2, 2, 3, 2, 2, 1, 2, 1, 2, 2, 3, 1, 3, 5, 3, 1, 5, 4, 2, 2, 4, 4, 4, 2, 6, 4, 6, 4, 2, 1, 4, 2, 1, 2, 2, 6, 4, 4, 2, 4, 3, 1, 1]"
User-026,0,trace_0569,1788732379.769518,streaming,18579,191,191,0,289,66.35481119155884,146.01950860023499,0.4192878810982955,0.0,0,True,,1788732233.749897,1788732300.1047082,1788732379.7694056,"[1788732300.1047082, 1788732300.710013, 1788732301.3689454, 1788732302.0593731, 1788732302.7773955, 1788732303.5283775, 1788732304.3098547, 1788732305.0773702, 1788732305.6663544, 1788732306.3075957, 1788732306.980322, 1788732307.6829772, 1788732308.4157374, 1788732309.1757982, 1788732309.9779472, 1788732310.758389, 1788732311.3464105, 1788732311.9884226, 1788732312.6617942, 1788732313.3635623, 1788732314.0964131, 1788732314.8563824, 1788732315.6493716, 1788732316.3646736, 1788732316.9631221, 1788732317.619306, 1788732318.2983148, 1788732319.0121393, 1788732319.752983, 1788732320.5239587, 1788732321.327695, 1788732322.1642387, 1788732323.030589, 1788732323.8390055, 1788732324.4301012, 1788732325.0831852, 1788732325.754616, 1788732326.4741392, 1788732327.2302194, 1788732327.9976463, 1788732328.802555, 1788732329.638889, 1788732330.501202, 1788732331.3943505, 1788732332.3193705, 1788732333.277479, 1788732333.9190311, 1788732334.5218945, 1788732335.186291, 1788732335.8862138, 1788732336.6128623, 1788732337.3675659, 1788732338.1544428, 1788732338.8251278, 1788732339.4350233, 1788732340.0943053, 1788732340.7847164, 1788732341.5077212, 1788732342.2556167, 1788732343.0342395, 1788732343.826914, 1788732344.4176633, 1788732345.0586438, 1788732345.7327163, 1788732346.4441478, 1788732347.1792912, 1788732347.9506423, 1788732348.757241, 1788732349.438892, 1788732350.04389, 1788732350.7061517, 1788732351.3965876, 1788732352.118793, 1788732352.8677163, 1788732353.642402, 1788732354.4566941, 1788732355.1593826, 1788732355.7656891, 1788732356.4221613, 1788732357.1151829, 1788732357.827095, 1788732358.5847301, 1788732359.3741941, 1788732360.2089124, 1788732361.054524, 1788732361.8163702, 1788732362.4146833, 1788732363.067671, 1788732363.7482533, 1788732364.463843, 1788732365.2123957, 1788732365.9902048, 1788732366.8050444, 1788732367.6551623, 1788732368.3417525, 1788732368.948026, 1788732369.612785, 1788732370.3236952, 1788732371.0278635, 1788732371.7781043, 1788732372.556656, 1788732373.3692732, 1788732374.214979, 1788732375.0967789, 1788732376.0033689, 1788732376.9434931, 1788732377.8503926, 1788732378.4288716, 1788732379.0775952, 1788732379.7605805]","[1, 1, 1, 2, 2, 2, 1, 2, 2, 3, 2, 1, 1, 2, 2, 2, 1, 2, 2, 1, 2, 1, 1, 1, 2, 1, 2, 2, 2, 1, 1, 1, 2, 2, 2, 1, 2, 1, 1, 1, 1, 2, 2, 1, 4, 1, 2, 3, 2, 1, 3, 3, 2, 2, 1, 1, 2, 2, 2, 3, 2, 2, 2, 4, 1, 3, 1, 1, 3, 3, 2, 2, 5, 2, 1, 1, 2, 2, 1, 2, 1, 1, 1, 1, 1, 2, 1, 2, 2, 1, 1, 1, 1, 1, 1, 1, 6, 2, 2, 1, 1, 2, 2, 2, 2, 2, 1, 2, 2, 1]"
User-029,0,trace_0579,1788732380.4966247,streaming,18429,180,160,0,287,71.28263688087463,146.7001302242279,0.4743238575053665,0.0,0,True,,1788732233.796392,1788732305.0790288,1788732380.4965222,"[1788732305.0790288, 1788732305.667662, 1788732306.3088682, 1788732306.98156, 1788732307.6843991, 1788732308.4169726, 1788732309.1770604, 1788732309.9792275, 1788732310.7597408, 1788732311.347674, 1788732311.9896936, 1788732312.6631033, 1788732313.364822, 1788732314.0976696, 1788732314.8576436, 1788732316.3668637, 1788732317.621461, 1788732318.300237, 1788732319.7548442, 1788732320.5258644, 1788732321.3295107, 1788732322.1660872, 1788732323.0324066, 1788732323.8408952, 1788732324.4317887, 1788732325.0849378, 1788732325.756535, 1788732326.47618, 1788732327.232483, 1788732327.999101, 1788732328.8039706, 1788732329.6402266, 1788732330.5024755, 1788732331.3956928, 1788732333.9204485, 1788732335.887599, 1788732337.3689468, 1788732338.1558702, 1788732339.436783, 1788732340.0979595, 1788732340.786469, 1788732341.509735, 1788732342.257356, 1788732343.0362444, 1788732343.8286614, 1788732344.4193702, 1788732345.0602684, 1788732345.7345483, 1788732346.4459305, 1788732347.1809437, 1788732348.7592614, 1788732349.4405522, 1788732350.7078514, 1788732351.3981762, 1788732352.1204798, 1788732352.8693156, 1788732353.64407, 1788732354.4582918, 1788732355.1619663, 1788732355.7679915, 1788732356.4244356, 1788732357.117358, 1788732357.828833, 1788732358.586362, 1788732360.2106206, 1788732361.0556967, 1788732362.4163916, 1788732363.069293, 1788732363.7500532, 1788732364.4654856, 1788732365.2140734, 1788732365.99202, 1788732366.8066921, 1788732367.6568036, 1788732368.3443682, 1788732368.950258, 1788732369.61504, 1788732371.0299728, 1788732371.7804818, 1788732373.3715088, 1788732374.2172687, 1788732375.0992203, 1788732376.0056229, 1788732376.945715, 1788732377.8535771, 1788732378.431679, 1788732379.0802531, 1788732379.7637436, 1788732380.4902272]","[1, 1, 1, 1, 1, 1, 1, 1, 1, 1, 1, 1, 1, 1, 1, 1, 1, 1, 1, 1, 2, 1, 1, 1, 1, 1, 1, 1, 1, 5, 2, 5, 2, 1, 1, 1, 1, 1, 1, 1, 3, 1, 2, 2, 1, 4, 6, 3, 2, 1, 1, 1, 1, 1, 3, 2, 1, 2, 1, 3, 4, 6, 2, 1, 1, 1, 1, 1, 3, 2, 1, 6, 3, 6, 1, 2, 1, 1, 1, 1, 1, 3, 2, 1, 6, 3, 2, 2, 3]"
User-007,0,trace_0398,1788732387.159018,streaming,13070,443,440,0,203,6.799018621444702,153.86600732803345,0.3350045300833457,0.0,0,True,,1788732233.2929378,1788732240.0919564,1788732387.158945,"[1788732240.0919564, 1788732240.6815495, 1788732241.3279414, 1788732242.0072532, 1788732242.7183204, 1788732243.3396087, 1788732243.938683, 1788732244.5888197, 1788732245.276327, 1788732245.9824307, 1788732246.7261336, 1788732247.3787596, 1788732247.9717448, 1788732248.6174688, 1788732249.2949953, 1788732249.966184, 1788732250.5532937, 1788732251.18915, 1788732251.85995, 1788732252.5556734, 1788732253.289706, 1788732253.934352, 1788732254.531564, 1788732255.1781769, 1788732255.8553402, 1788732256.564085, 1788732257.2618904, 1788732257.845937, 1788732258.4834986, 1788732259.1503682, 1788732259.850224, 1788732260.5828407, 1788732261.3443465, 1788732262.1393929, 1788732262.9665039, 1788732263.7248561, 1788732264.3068724, 1788732264.9508076, 1788732265.6214576, 1788732266.3235018, 1788732267.0569026, 1788732267.8215165, 1788732268.6191905, 1788732269.2375278, 1788732269.8410609, 1788732270.4994955, 1788732271.1857362, 1788732271.9062521, 1788732272.6562455, 1788732273.437474, 1788732274.2536025, 1788732274.9366183, 1788732275.530708, 1788732276.1818066, 1788732276.8600307, 1788732277.5694337, 1788732278.3102555, 1788732279.083595, 1788732279.8945775, 1788732280.5697231, 1788732281.1717389, 1788732281.821222, 1788732282.5157387, 1788732283.2399745, 1788732283.9922044, 1788732284.7721758, 1788732285.5816615, 1788732286.427278, 1788732287.2912107, 1788732287.9683988, 1788732288.5641882, 1788732289.2216873, 1788732289.9047413, 1788732290.6167216, 1788732291.3629558, 1788732292.139866, 1788732292.951933, 1788732293.7959206, 1788732294.5349684, 1788732295.772576, 1788732296.4516802, 1788732297.8952625, 1788732298.6622593, 1788732299.465233, 1788732300.107016, 1788732300.7124052, 1788732301.371295, 1788732302.061671, 1788732302.77971, 1788732303.5307922, 1788732304.312158, 1788732305.0805361, 1788732305.6692162, 1788732306.3104353, 1788732306.983196, 1788732307.6859987, 1788732308.4185493, 1788732309.1786335, 1788732309.9808085, 1788732310.7612836, 1788732311.3492732, 1788732311.991319, 1788732312.6646485, 1788732313.3664103, 1788732314.0992708, 1788732314.8592894, 1788732315.6521525, 1788732316.3683572, 1788732316.9663548, 1788732317.6233072, 1788732318.3024201, 1788732319.0158699, 1788732319.7565565, 1788732320.5276139, 1788732321.3312454, 1788732322.1678581, 1788732323.03402, 1788732323.84243, 1788732324.4330013, 1788732325.0870714, 1788732325.7576413, 1788732326.477225, 1788732327.233522, 1788732328.0002532, 1788732328.8050208, 1788732329.6413527, 1788732330.503523, 1788732331.3967426, 1788732332.3216817, 1788732333.2798457, 1788732333.9214761, 1788732334.5242834, 1788732335.1885228, 1788732335.8886285, 1788732336.615061, 1788732337.3699908, 1788732338.1569467, 1788732338.8282406, 1788732339.4378054, 1788732340.0989993, 1788732340.787558, 1788732341.5108647, 1788732342.2583888, 1788732343.037344, 1788732343.8297193, 1788732344.4204273, 1788732345.06151, 1788732345.7359376, 1788732346.4536016, 1788732347.1819832, 1788732347.9533174, 1788732348.7604828, 1788732349.4426076, 1788732350.0471654, 1788732350.7095447, 1788732351.3998647, 1788732352.122013, 1788732352.871083, 1788732353.6457253, 1788732354.4599943, 1788732355.1634872, 1788732355.7695417, 1788732356.4261792, 1788732357.119136, 1788732357.8305097, 1788732358.5880215, 1788732359.3773453, 1788732360.2123806, 1788732361.0574129, 1788732361.819851, 1788732362.4180748, 1788732363.0710208, 1788732363.751874, 1788732364.4674225, 1788732365.2158306, 1788732365.9937027, 1788732366.8084629, 1788732367.658398, 1788732368.345873, 1788732368.9517717, 1788732369.616757, 1788732370.3254724, 1788732371.0316052, 1788732371.7820787, 1788732372.5608795, 1788732373.373108, 1788732374.2189617, 1788732375.1005614, 1788732376.0073147, 1788732376.9474232, 1788732377.8551285, 1788732378.4333332, 1788732379.081911, 1788732379.7653117, 1788732380.4922807, 1788732381.237613, 1788732382.0137262, 1788732382.8235111, 1788732383.6612868, 1788732384.528351, 1788732385.4232252, 1788732386.354789, 1788732387.1544948]","[1, 1, 1, 1, 1, 1, 1, 1, 1, 2, 3, 2, 2, 1, 1, 1, 1, 2, 1, 5, 2, 1, 2, 1, 2, 1, 5, 3, 1, 3, 2, 1, 5, 2, 1, 1, 2, 2, 1, 5, 2, 1, 1, 2, 2, 1, 2, 1, 5, 2, 2, 1, 3, 1, 1, 1, 5, 2, 2, 1, 3, 2, 1, 5, 1, 1, 2, 1, 3, 2, 1, 5, 2, 2, 4, 1, 2, 1, 1, 1, 1, 1, 1, 3, 1, 4, 1, 3, 2, 3, 1, 2, 2, 1, 2, 2, 2, 3, 1, 1, 3, 2, 1, 1, 1, 2, 2, 1, 3, 2, 2, 2, 1, 2, 1, 1, 2, 2, 1, 1, 3, 1, 1, 1, 1, 1, 4, 3, 2, 1, 1, 1, 1, 4, 2, 2, 2, 1, 1, 3, 1, 1, 2, 5, 4, 5, 1, 1, 1, 1, 2, 6, 3, 1, 2, 3, 2, 2, 3, 6, 4, 2, 3, 4, 1, 2, 6, 3, 1, 5, 4, 2, 4, 3, 4, 4, 2, 5, 3, 1, 1, 3, 6, 1, 2, 2, 3, 2, 4, 2, 3, 5, 3, 2, 4, 3, 2, 4, 5, 3, 3, 1, 3]"
User-057,0,trace_0276,1788732390.62133,streaming,18280,101,101,0,285,109.66431212425232,156.4593482017517,0.4679503607749939,0.0,0,True,,1788732234.1618793,1788732343.8261914,1788732390.6212275,"[1788732343.8261914, 1788732344.416817, 1788732345.05793, 1788732345.7318323, 1788732346.443352, 1788732347.1783972, 1788732347.950022, 1788732348.756211, 1788732349.438054, 1788732350.0432832, 1788732350.705308, 1788732351.395782, 1788732352.118148, 1788732352.866908, 1788732353.6415749, 1788732354.4559236, 1788732355.158628, 1788732355.7648995, 1788732356.421556, 1788732357.114305, 1788732357.831554, 1788732358.5889952, 1788732359.3783493, 1788732360.213418, 1788732361.0584686, 1788732361.8209012, 1788732362.4191446, 1788732363.0720525, 1788732363.7529132, 1788732364.4685547, 1788732365.2169044, 1788732365.9947085, 1788732366.809495, 1788732367.659541, 1788732368.346939, 1788732368.9525456, 1788732369.6181638, 1788732370.325978, 1788732371.0326025, 1788732371.7831197, 1788732372.5620139, 1788732373.3741443, 1788732374.2200098, 1788732375.101363, 1788732376.0083532, 1788732376.948444, 1788732377.8561237, 1788732378.4343672, 1788732379.0829577, 1788732379.7663193, 1788732380.4934251, 1788732381.2387874, 1788732382.01487, 1788732382.8246653, 1788732383.6623597, 1788732384.5293767, 1788732385.4243824, 1788732386.3558064, 1788732387.156004, 1788732387.7436929, 1788732388.4167097, 1788732389.1202884, 1788732389.8519478, 1788732390.6176584]","[1, 1, 1, 1, 1, 2, 1, 1, 1, 1, 1, 1, 1, 1, 2, 2, 1, 1, 1, 2, 1, 1, 2, 1, 2, 1, 2, 5, 2, 1, 2, 1, 1, 2, 1, 2, 1, 5, 1, 1, 1, 1, 2, 2, 2, 1, 2, 1, 5, 2, 2, 1, 1, 2, 1, 2, 1, 1, 5, 2, 2, 1, 1, 1]"
User-054,0,trace_0666,1788732393.4406424,streaming,17434,124,124,0,272,104.70910215377808,159.32286500930786,0.4440143321587787,0.0,0,True,,1788732234.1176884,1788732338.8267906,1788732393.4405534,"[1788732338.8267906, 1788732339.4362624, 1788732340.097422, 1788732340.78594, 1788732341.5090318, 1788732342.256831, 1788732343.0357108, 1788732343.8281436, 1788732344.418791, 1788732345.0597558, 1788732345.7339492, 1788732346.4452596, 1788732347.18039, 1788732347.9518588, 1788732348.7586496, 1788732349.440001, 1788732350.0450425, 1788732350.7072735, 1788732351.3976429, 1788732352.1199744, 1788732352.868792, 1788732353.6435528, 1788732354.4577773, 1788732355.1614547, 1788732355.7673216, 1788732356.423906, 1788732357.1168294, 1788732357.828315, 1788732358.5858436, 1788732359.3753002, 1788732360.2101042, 1788732361.0620003, 1788732361.8239932, 1788732362.4222827, 1788732363.0751808, 1788732363.755965, 1788732364.4719748, 1788732365.2225215, 1788732365.9972239, 1788732366.812231, 1788732367.662076, 1788732368.3490422, 1788732368.9545217, 1788732369.6200025, 1788732370.3272336, 1788732371.035369, 1788732371.7857316, 1788732372.5648954, 1788732373.381364, 1788732374.2226346, 1788732375.1034248, 1788732376.0109434, 1788732376.9510899, 1788732377.8587525, 1788732378.4369323, 1788732379.0855708, 1788732379.7689378, 1788732380.496151, 1788732381.241361, 1788732382.017088, 1788732382.8272254, 1788732383.6649358, 1788732384.531837, 1788732385.4270134, 1788732386.3583527, 1788732387.158564, 1788732387.7462614, 1788732388.419244, 1788732389.1228735, 1788732389.8545372, 1788732390.6207051, 1788732391.4012318, 1788732392.2001693, 1788732392.7873187, 1788732393.4397812]","[1, 1, 1, 2, 2, 3, 1, 1, 4, 1, 2, 1, 2, 2, 1, 2, 1, 2, 2, 3, 2, 2, 2, 2, 1, 2, 1, 1, 1, 2, 1, 1, 1, 3, 1, 3, 1, 1, 1, 1, 2, 2, 2, 2, 1, 1, 1, 2, 1, 1, 1, 2, 2, 2, 1, 2, 1, 3, 2, 2, 1, 1, 2, 2, 2, 1, 2, 2, 2, 2, 1, 3, 1, 2, 2]"
User-061,0,trace_0046,1788732410.971569,streaming,21901,116,116,0,341,127.51329255104065,176.6667139530182,0.4274210556693699,0.0,0,True,,1788732234.304618,1788732361.8179104,1788732410.9713318,"[1788732361.8179104, 1788732362.4158666, 1788732363.0687695, 1788732363.7495327, 1788732364.4649096, 1788732365.2135465, 1788732365.991518, 1788732366.8061411, 1788732367.656304, 1788732368.3438423, 1788732368.9497364, 1788732369.6144588, 1788732370.3245144, 1788732371.0294771, 1788732371.779804, 1788732372.5584989, 1788732373.37099, 1788732374.216746, 1788732375.098601, 1788732376.0051012, 1788732376.9451504, 1788732377.8530493, 1788732378.431154, 1788732379.0797377, 1788732379.7630165, 1788732380.4896867, 1788732381.236033, 1788732382.012186, 1788732382.8218994, 1788732383.6596313, 1788732384.5266783, 1788732385.4216497, 1788732386.3530908, 1788732387.1529603, 1788732387.7414665, 1788732388.4145477, 1788732389.1181986, 1788732389.8497188, 1788732390.6153514, 1788732391.3969097, 1788732392.1959972, 1788732392.7831073, 1788732393.4354591, 1788732394.103659, 1788732394.808469, 1788732395.5467794, 1788732396.3143897, 1788732397.1159587, 1788732397.947022, 1788732398.660529, 1788732399.266481, 1788732399.9253001, 1788732400.6134849, 1788732401.333919, 1788732402.0844145, 1788732402.8705306, 1788732403.6828377, 1788732404.5238209, 1788732405.3984568, 1788732406.3052716, 1788732407.2441537, 1788732408.209772, 1788732409.0228167, 1788732409.6168797, 1788732410.273495, 1788732410.96621]","[1, 1, 1, 1, 2, 2, 1, 2, 1, 2, 2, 2, 2, 1, 1, 2, 3, 1, 2, 2, 1, 3, 1, 2, 1, 2, 2, 1, 1, 1, 2, 1, 1, 2, 2, 1, 2, 3, 1, 1, 2, 1, 1, 2, 2, 3, 2, 2, 1, 1, 1, 1, 2, 2, 2, 3, 3, 1, 3, 1, 1, 6, 2, 2, 3, 3]"
User-008,0,trace_0707,1788732414.9122317,streaming,19407,381,381,0,302,47.230597734451294,181.57159781455994,0.35352894757923325,0.0,0,True,,1788732233.3405185,1788732280.5711162,1788732414.9121163,"[1788732280.5711162, 1788732281.172829, 1788732281.8224018, 1788732282.516765, 1788732283.2410445, 1788732283.9932418, 1788732284.773231, 1788732285.5826952, 1788732286.4283671, 1788732287.2923021, 1788732287.9694562, 1788732288.5653672, 1788732289.2259924, 1788732289.905844, 1788732290.617739, 1788732291.3640814, 1788732292.140898, 1788732292.9530957, 1788732293.7969882, 1788732294.5368423, 1788732295.128154, 1788732295.7741537, 1788732296.453259, 1788732297.158657, 1788732297.8968124, 1788732298.6638572, 1788732299.4668891, 1788732300.1085203, 1788732300.7139888, 1788732301.3728578, 1788732302.0632632, 1788732302.7812796, 1788732303.5324256, 1788732304.313696, 1788732305.0820348, 1788732305.6709006, 1788732306.3120332, 1788732306.9848242, 1788732307.6876614, 1788732308.420194, 1788732309.1803675, 1788732309.9824467, 1788732310.7628, 1788732311.3509483, 1788732311.9928691, 1788732312.6662683, 1788732313.368075, 1788732314.1009321, 1788732314.8608804, 1788732315.6537983, 1788732316.3698506, 1788732316.9680104, 1788732317.6249034, 1788732318.3041444, 1788732319.0175607, 1788732319.7581086, 1788732320.5291965, 1788732321.3327422, 1788732322.1693547, 1788732323.035698, 1788732323.844572, 1788732324.4345734, 1788732325.0891626, 1788732325.7598634, 1788732326.4793937, 1788732327.235839, 1788732328.0024986, 1788732328.8071747, 1788732329.6434903, 1788732330.5056415, 1788732331.3989315, 1788732332.3239355, 1788732333.282099, 1788732333.923543, 1788732334.5264513, 1788732335.1906357, 1788732335.8907864, 1788732336.6171563, 1788732337.3722527, 1788732338.1591232, 1788732338.8302062, 1788732339.4399443, 1788732340.1011899, 1788732340.789703, 1788732341.5129492, 1788732342.2605407, 1788732343.0395875, 1788732343.8317964, 1788732344.4226267, 1788732345.063586, 1788732345.7382739, 1788732346.4560328, 1788732347.184227, 1788732347.9554784, 1788732348.7625964, 1788732349.4445603, 1788732350.0491893, 1788732350.711609, 1788732351.4018595, 1788732352.124114, 1788732352.8731096, 1788732353.6477478, 1788732354.4620323, 1788732355.1655796, 1788732355.7715735, 1788732356.4282255, 1788732357.1210387, 1788732357.832592, 1788732358.5900223, 1788732359.3793945, 1788732360.214448, 1788732361.059531, 1788732361.821982, 1788732362.4201863, 1788732363.073095, 1788732363.7539346, 1788732364.4696896, 1788732365.2179472, 1788732365.9957168, 1788732366.810575, 1788732367.6605384, 1788732368.3478556, 1788732368.9533248, 1788732369.6192548, 1788732370.3264723, 1788732371.0336816, 1788732371.784157, 1788732372.5631664, 1788732373.3797667, 1788732374.221039, 1788732375.1021934, 1788732376.0093844, 1788732376.949476, 1788732377.8572128, 1788732378.4354198, 1788732379.0840168, 1788732379.767409, 1788732380.4945204, 1788732381.239813, 1788732382.0157695, 1788732382.825681, 1788732383.6634111, 1788732384.530406, 1788732385.4254143, 1788732386.3568125, 1788732387.1570232, 1788732387.7447257, 1788732388.4177127, 1788732389.12131, 1788732389.8529732, 1788732390.619064, 1788732391.399571, 1788732392.1985223, 1788732392.785769, 1788732393.438163, 1788732394.1063678, 1788732394.8111057, 1788732395.5494828, 1788732396.3170571, 1788732397.1186106, 1788732397.9496524, 1788732398.663913, 1788732399.269683, 1788732399.9285321, 1788732400.616758, 1788732401.3372195, 1788732402.0878208, 1788732402.8737595, 1788732403.6859374, 1788732404.527018, 1788732405.4016392, 1788732406.3085003, 1788732407.2473226, 1788732408.2130656, 1788732409.025836, 1788732409.6200745, 1788732410.2767372, 1788732410.9698603, 1788732411.6852937, 1788732412.439214, 1788732413.2302094, 1788732414.0523164, 1788732414.9106617]","[1, 1, 1, 2, 2, 2, 1, 3, 1, 1, 2, 2, 1, 1, 2, 1, 1, 2, 2, 2, 3, 1, 1, 1, 1, 2, 1, 2, 1, 1, 1, 3, 1, 1, 3, 2, 1, 1, 1, 1, 1, 2, 1, 3, 1, 2, 1, 3, 2, 2, 2, 1, 2, 1, 1, 2, 4, 1, 5, 4, 1, 2, 1, 1, 1, 2, 2, 2, 3, 3, 4, 1, 2, 1, 1, 1, 3, 1, 3, 5, 2, 2, 4, 2, 5, 3, 2, 2, 1, 1, 1, 1, 1, 1, 1, 5, 1, 2, 1, 1, 1, 3, 2, 1, 3, 1, 1, 3, 1, 1, 1, 3, 1, 1, 2, 1, 2, 2, 1, 6, 5, 1, 1, 2, 6, 4, 2, 2, 2, 1, 3, 5, 1, 2, 1, 4, 3, 6, 3, 2, 3, 1, 1, 2, 1, 2, 1, 1, 6, 3, 2, 3, 2, 2, 4, 1, 3, 2, 1, 2, 1, 1, 3, 6, 2, 6, 1, 4, 1, 3, 5, 1, 4, 4, 4, 4, 6, 3, 1, 2, 1, 1, 1]"
User-017,2,trace_0726,1788732419.1561458,streaming,20941,127,127,317,3,133.9909930229187,184.8037302494049,0.4032756922737,6.0,0,True,,1788732234.352326,1788732368.343319,1788732419.1560562,"[1788732368.343319, 1788732368.9491875, 1788732369.6139162, 1788732370.3242543, 1788732371.0289588, 1788732371.7792573, 1788732372.557863, 1788732373.3704376, 1788732374.216186, 1788732375.098023, 1788732376.0045679, 1788732376.9446187, 1788732377.852501, 1788732378.4306023, 1788732379.0792253, 1788732379.7624676, 1788732380.4891694, 1788732381.2354977, 1788732382.0116577, 1788732382.8213565, 1788732383.659092, 1788732384.5261447, 1788732385.421102, 1788732386.3525238, 1788732387.1524336, 1788732387.740926, 1788732388.4140384, 1788732389.1175566, 1788732389.849204, 1788732390.6147735, 1788732391.3963573, 1788732392.1955028, 1788732392.7825615, 1788732393.4349418, 1788732394.1031218, 1788732394.8079245, 1788732395.5462317, 1788732396.3138344, 1788732397.1154356, 1788732397.946461, 1788732398.6600254, 1788732399.265955, 1788732399.9247649, 1788732400.6129546, 1788732401.3332524, 1788732402.0838788, 1788732402.8700068, 1788732403.6822712, 1788732404.5233161, 1788732405.3979454, 1788732406.304761, 1788732407.2436087, 1788732408.2092607, 1788732409.0223017, 1788732409.6163502, 1788732410.2729669, 1788732410.9656572, 1788732411.682156, 1788732412.4359984, 1788732413.2270358, 1788732414.0490968, 1788732414.905128, 1788732415.632696, 1788732416.2563097, 1788732416.9350617, 1788732417.643985, 1788732418.380117, 1788732419.1515694]","[1, 3, 1, 1, 1, 1, 3, 1, 2, 2, 2, 1, 2, 2, 1, 1, 2, 2, 3, 3, 1, 3, 2, 4, 2, 2, 1, 2, 1, 2, 1, 2, 1, 1, 5, 3, 1, 2, 2, 4, 1, 1, 4, 2, 1, 1, 1, 2, 1, 1, 1, 4, 3, 3, 3, 2, 1, 3, 2, 1, 2, 1, 1, 3, 2, 1, 1, 1]"
User-025,5,trace_0588,1788732420.7723358,streaming,30059,120,120,463,3,143.43368339538574,186.3539524078369,0.3606745295163964,7.0,0,True,,1788732234.4182878,1788732377.8519711,1788732420.7722402,"[1788732377.8519711, 1788732378.4300542, 1788732379.0786655, 1788732379.7619512, 1788732380.4886267, 1788732381.23495, 1788732382.0111225, 1788732382.8208282, 1788732383.6585286, 1788732384.525589, 1788732385.42056, 1788732386.3519535, 1788732387.1518958, 1788732387.7404125, 1788732388.4135156, 1788732389.117032, 1788732389.8486867, 1788732390.6141555, 1788732391.3957725, 1788732392.19499, 1788732392.7819777, 1788732393.4343712, 1788732394.1025765, 1788732394.8074124, 1788732395.545717, 1788732396.313153, 1788732397.1149065, 1788732397.9459426, 1788732398.6595113, 1788732399.265434, 1788732399.9242613, 1788732400.6124341, 1788732401.3326898, 1788732402.0833373, 1788732402.8694987, 1788732403.6816387, 1788732404.5228045, 1788732405.3974292, 1788732406.3042233, 1788732407.2429326, 1788732408.2087512, 1788732409.0209413, 1788732409.6153104, 1788732410.2719316, 1788732410.964601, 1788732411.681004, 1788732412.434966, 1788732413.225918, 1788732414.048079, 1788732414.9040847, 1788732415.631645, 1788732416.2552485, 1788732416.9340167, 1788732417.6428921, 1788732418.3790445, 1788732419.150426, 1788732419.935381, 1788732420.7671638]","[1, 2, 1, 2, 3, 3, 2, 2, 1, 2, 2, 3, 3, 1, 1, 1, 1, 4, 4, 2, 6, 2, 1, 4, 2, 2, 2, 1, 3, 1, 1, 1, 3, 2, 1, 2, 1, 1, 3, 1, 1, 2, 1, 2, 3, 1, 1, 4, 2, 2, 1, 4, 1, 3, 3, 4, 2, 2]"
User-058,0,trace_0586,1788732422.980531,streaming,17875,180,180,0,278,115.23671984672546,188.77559781074524,0.4108317204693842,0.0,0,True,,1788732234.2048578,1788732349.4415777,1788732422.9804556,"[1788732349.4415777, 1788732350.0459554, 1788732350.708503, 1788732351.398845, 1788732352.1209877, 1788732352.8698876, 1788732353.6445808, 1788732354.4588368, 1788732355.16247, 1788732355.7685268, 1788732356.425059, 1788732357.1180842, 1788732357.8293514, 1788732358.5868824, 1788732359.3762364, 1788732360.2111728, 1788732361.0562284, 1788732361.8188567, 1788732362.4169056, 1788732363.0698133, 1788732363.7506325, 1788732364.4660718, 1788732365.2145948, 1788732365.992594, 1788732366.807427, 1788732367.6573825, 1788732368.3448634, 1788732368.9508173, 1788732369.6156876, 1788732370.324982, 1788732371.0304697, 1788732371.7809997, 1788732372.5597363, 1788732373.3720088, 1788732374.2177887, 1788732375.0997481, 1788732376.0061383, 1788732376.9462383, 1788732377.854111, 1788732378.432201, 1788732379.080778, 1788732379.7642896, 1788732380.49105, 1788732381.2365572, 1788732382.0126922, 1788732382.8224242, 1788732383.660144, 1788732384.5272253, 1788732385.4221673, 1788732386.3536148, 1788732387.1534638, 1788732387.742117, 1788732388.4150872, 1788732389.1187167, 1788732389.8502586, 1788732390.6160245, 1788732391.3984988, 1788732392.1975048, 1788732392.7847373, 1788732393.437104, 1788732394.1053288, 1788732394.8100846, 1788732395.5484653, 1788732396.315987, 1788732397.1175683, 1788732397.9486353, 1788732398.6629045, 1788732399.2686517, 1788732399.9274797, 1788732400.6157131, 1788732401.336149, 1788732402.0867271, 1788732402.872719, 1788732403.6849124, 1788732404.5259879, 1788732405.4006214, 1788732406.3074594, 1788732407.2462533, 1788732408.212032, 1788732409.0248322, 1788732409.6190462, 1788732410.2757046, 1788732410.9688334, 1788732411.684258, 1788732412.4381473, 1788732413.2291994, 1788732414.0512502, 1788732414.9097662, 1788732415.634868, 1788732416.258901, 1788732416.937388, 1788732417.6460848, 1788732418.3822887, 1788732419.1540968, 1788732419.9381957, 1788732420.7702746, 1788732421.6104934, 1788732422.3579187, 1788732422.9780898]","[1, 1, 1, 2, 2, 1, 1, 1, 3, 1, 1, 2, 2, 1, 1, 1, 2, 1, 2, 1, 1, 2, 1, 2, 1, 1, 1, 2, 2, 2, 1, 1, 1, 2, 2, 2, 1, 2, 1, 1, 1, 1, 2, 2, 1, 4, 1, 2, 3, 1, 2, 3, 4, 2, 1, 2, 2, 2, 3, 2, 1, 2, 1, 3, 4, 3, 1, 4, 4, 2, 1, 1, 2, 1, 1, 1, 1, 6, 1, 2, 2, 1, 1, 1, 1, 1, 2, 2, 2, 1, 2, 3, 1, 2, 2, 6, 4, 1, 5]"
User-042,2,trace_0582,1788732445.164397,streaming,21313,75,75,319,11,180.80715656280518,210.3403124809265,0.3990967015962343,11.0,0,True,,1788732234.823973,1788732415.6311295,1788732445.1642854,"[1788732415.6311295, 1788732416.2547042, 1788732416.9335008, 1788732417.6422036, 1788732418.37849, 1788732419.1499116, 1788732419.9348629, 1788732420.7666144, 1788732421.6077769, 1788732422.354306, 1788732422.9747713, 1788732423.639893, 1788732424.338672, 1788732425.0651028, 1788732425.8158228, 1788732426.5930824, 1788732427.4011898, 1788732428.2390454, 1788732429.1097016, 1788732430.0138445, 1788732430.9481437, 1788732431.917267, 1788732432.876857, 1788732433.460453, 1788732434.1054296, 1788732434.7797601, 1788732435.4875913, 1788732436.226193, 1788732436.9930062, 1788732437.7886114, 1788732438.6163146, 1788732439.473353, 1788732440.3643486, 1788732441.2848864, 1788732442.2387612, 1788732443.230881, 1788732443.8777218, 1788732444.482668, 1788732445.1618414]","[1, 1, 1, 1, 2, 2, 1, 1, 2, 2, 2, 1, 2, 1, 4, 1, 1, 1, 1, 4, 1, 3, 1, 2, 1, 3, 2, 2, 2, 2, 5, 3, 3, 3, 1, 4, 2, 2, 1]"
User-035,3,trace_0062,1788732448.2130594,streaming,17635,149,149,260,9,157.6069676876068,213.62549924850464,0.37850359162768804,8.0,0,True,,1788732234.5874705,1788732392.1944382,1788732448.2129698,"[1788732392.1944382, 1788732392.7814546, 1788732393.433849, 1788732394.1020422, 1788732394.8068757, 1788732395.5452, 1788732396.3126194, 1788732397.1143405, 1788732397.945416, 1788732398.6589954, 1788732399.2649155, 1788732399.9237154, 1788732400.6119087, 1788732401.332137, 1788732402.0827668, 1788732402.8689718, 1788732403.6810975, 1788732404.5222538, 1788732405.396891, 1788732406.3036728, 1788732407.2423475, 1788732408.2082448, 1788732409.020397, 1788732409.6147597, 1788732410.271414, 1788732410.9640725, 1788732411.680441, 1788732412.434405, 1788732413.2253282, 1788732414.047562, 1788732414.9035301, 1788732415.6302388, 1788732416.2541957, 1788732416.9329007, 1788732417.6416721, 1788732418.3779454, 1788732419.1493766, 1788732419.9343054, 1788732420.7660968, 1788732421.6072304, 1788732422.3537545, 1788732422.9742062, 1788732423.6366048, 1788732424.335284, 1788732425.0618057, 1788732425.8126197, 1788732426.5897653, 1788732427.397937, 1788732428.235807, 1788732429.106328, 1788732430.010529, 1788732430.9450574, 1788732431.9140058, 1788732432.8728561, 1788732433.4566417, 1788732434.1016674, 1788732434.776067, 1788732435.4838748, 1788732436.220576, 1788732436.9891963, 1788732437.7848759, 1788732438.6125839, 1788732439.4696076, 1788732440.3606298, 1788732441.2810578, 1788732442.235023, 1788732443.227151, 1788732443.8732538, 1788732444.4784205, 1788732445.157511, 1788732445.8694046, 1788732446.6170468, 1788732447.3933454, 1788732448.206599]","[1, 1, 1, 3, 3, 1, 1, 2, 1, 2, 1, 4, 2, 1, 2, 1, 1, 1, 3, 4, 2, 1, 1, 3, 1, 3, 4, 3, 5, 1, 1, 1, 1, 6, 2, 3, 2, 2, 2, 2, 2, 3, 2, 3, 2, 1, 2, 4, 2, 1, 1, 2, 1, 2, 3, 2, 2, 2, 1, 6, 1, 2, 1, 1, 1, 1, 1, 3, 3, 2, 1, 1, 2, 3]"
User-041,0,trace_0570,1788732452.2562115,streaming,18596,326,323,0,290,82.47845411300659,218.36891722679138,0.42202007178194034,0.0,0,True,,1788732233.8871958,1788732316.36565,1788732452.256113,"[1788732316.36565, 1788732316.9637315, 1788732317.620337, 1788732318.299169, 1788732319.0129325, 1788732319.7536843, 1788732320.5247462, 1788732321.3284209, 1788732322.1650205, 1788732323.0312364, 1788732323.8397005, 1788732324.4307992, 1788732325.0838823, 1788732325.75545, 1788732326.4750462, 1788732327.230894, 1788732327.9984763, 1788732328.8033967, 1788732329.6396806, 1788732330.5019443, 1788732331.3950522, 1788732332.3201644, 1788732333.278291, 1788732333.9197643, 1788732334.522761, 1788732335.1869502, 1788732335.8869486, 1788732336.6134722, 1788732337.3683972, 1788732338.155314, 1788732338.8257644, 1788732339.4356258, 1788732340.096638, 1788732340.7854111, 1788732341.508447, 1788732342.2562187, 1788732343.035142, 1788732343.8275914, 1788732344.4182084, 1788732345.0592287, 1788732345.733354, 1788732346.444718, 1788732347.1798654, 1788732347.9513235, 1788732348.7580585, 1788732349.439463, 1788732350.0445225, 1788732350.7067013, 1788732351.3971207, 1788732352.119451, 1788732352.8682654, 1788732353.6430173, 1788732354.4572246, 1788732355.1600742, 1788732355.7662392, 1788732356.4228292, 1788732357.1157482, 1788732357.827775, 1788732358.5852761, 1788732359.3747602, 1788732360.2095613, 1788732361.0551472, 1788732361.817045, 1788732362.4153256, 1788732363.0682416, 1788732363.7489758, 1788732364.4643981, 1788732365.2129962, 1788732365.9909596, 1788732366.8056118, 1788732367.6557846, 1788732368.3424459, 1788732368.948657, 1788732369.6133766, 1788732370.323976, 1788732371.0284317, 1788732371.778669, 1788732372.5572536, 1788732373.3699067, 1788732374.2156389, 1788732375.0974073, 1788732376.0040414, 1788732377.8511, 1788732378.429525, 1788732379.7614083, 1788732380.4879732, 1788732381.2343721, 1788732382.01046, 1788732382.8201842, 1788732383.6578846, 1788732384.524942, 1788732385.4198916, 1788732386.351302, 1788732387.1503294, 1788732387.7393427, 1788732388.412358, 1788732389.1159558, 1788732389.8474872, 1788732390.6130214, 1788732391.3944538, 1788732392.192889, 1788732392.780244, 1788732393.4326558, 1788732394.1008575, 1788732394.8056753, 1788732395.5440373, 1788732396.3114934, 1788732397.1131504, 1788732397.9442308, 1788732398.6577246, 1788732399.2636905, 1788732399.9224854, 1788732400.6106725, 1788732401.3310058, 1788732402.08151, 1788732402.8677492, 1788732403.6799927, 1788732404.52099, 1788732405.3956842, 1788732406.3024058, 1788732407.2412193, 1788732408.2070782, 1788732409.0190525, 1788732409.61352, 1788732410.270183, 1788732410.9628742, 1788732411.6793199, 1788732412.4332178, 1788732413.2241235, 1788732414.046293, 1788732414.9022768, 1788732415.629052, 1788732416.2529888, 1788732416.9316785, 1788732417.6405404, 1788732418.3767798, 1788732419.1481829, 1788732419.9330966, 1788732420.764922, 1788732421.6060019, 1788732422.3526282, 1788732422.9729438, 1788732423.6354458, 1788732424.334132, 1788732425.0606055, 1788732425.8114495, 1788732426.5885494, 1788732427.3967192, 1788732428.23459, 1788732429.1050658, 1788732430.009339, 1788732430.9438806, 1788732431.9128253, 1788732432.871649, 1788732433.4554808, 1788732434.100513, 1788732434.7748933, 1788732435.4826574, 1788732436.2193751, 1788732436.9879973, 1788732437.7836895, 1788732438.6113822, 1788732439.4684353, 1788732440.359459, 1788732441.279811, 1788732442.2337937, 1788732443.2259402, 1788732443.872058, 1788732444.4772615, 1788732445.156311, 1788732445.8682237, 1788732446.615871, 1788732447.3921545, 1788732448.2053854, 1788732449.0338998, 1788732449.8969302, 1788732450.7901964, 1788732451.6569893, 1788732452.248668]","[1, 1, 1, 1, 2, 1, 1, 1, 1, 1, 2, 2, 1, 2, 2, 1, 2, 1, 1, 1, 1, 1, 2, 1, 5, 2, 1, 2, 1, 1, 1, 5, 3, 1, 2, 1, 1, 3, 3, 2, 1, 2, 1, 1, 4, 2, 2, 1, 2, 1, 1, 4, 2, 2, 1, 2, 1, 1, 5, 1, 2, 1, 2, 1, 1, 3, 2, 1, 2, 1, 2, 1, 1, 3, 3, 2, 1, 2, 1, 1, 2, 1, 1, 1, 1, 1, 1, 2, 2, 2, 1, 1, 1, 2, 1, 2, 2, 2, 1, 2, 1, 2, 1, 1, 1, 1, 2, 1, 3, 2, 4, 2, 3, 1, 2, 4, 2, 5, 1, 2, 1, 1, 2, 1, 3, 2, 1, 3, 1, 2, 2, 1, 1, 1, 1, 2, 2, 2, 2, 5, 4, 1, 1, 1, 1, 2, 5, 5, 1, 1, 2, 2, 1, 1, 1, 3, 1, 1, 4, 3, 3, 2, 2, 3, 6, 4, 2, 1, 1, 1, 1, 2, 1, 1, 1, 1, 2, 3, 4]"
User-022,19,trace_0418,1788732452.9014153,streaming,28118,173,173,423,4,152.66369676589966,218.41365933418274,0.38226722423420395,7.0,0,True,,1788732234.487671,1788732387.1513677,1788732452.9013302,"[1788732387.1513677, 1788732387.7398894, 1788732388.41299, 1788732389.1165183, 1788732389.8481278, 1788732390.613612, 1788732391.3952127, 1788732392.1935687, 1788732392.7809064, 1788732393.4332967, 1788732394.101493, 1788732394.8063056, 1788732395.54467, 1788732396.3120663, 1788732397.11378, 1788732397.9448867, 1788732398.6584356, 1788732399.2643569, 1788732399.923184, 1788732400.611358, 1788732401.3315814, 1788732402.0821636, 1788732402.8684294, 1788732403.6805573, 1788732404.5217035, 1788732405.3963473, 1788732406.3031282, 1788732407.241781, 1788732408.2077157, 1788732409.0196958, 1788732409.6141684, 1788732410.270877, 1788732410.963537, 1788732411.6798856, 1788732412.433878, 1788732413.2247667, 1788732414.0470393, 1788732414.9029894, 1788732415.629706, 1788732416.253632, 1788732416.932319, 1788732417.6411018, 1788732418.377421, 1788732419.1488388, 1788732419.9337494, 1788732420.7655609, 1788732421.6066515, 1788732422.3532195, 1788732422.9736452, 1788732423.6360717, 1788732424.334679, 1788732425.0612671, 1788732425.8120892, 1788732426.5892158, 1788732427.397385, 1788732428.235262, 1788732429.1056285, 1788732430.0099835, 1788732430.944532, 1788732431.9134567, 1788732432.8723228, 1788732433.4561136, 1788732434.101148, 1788732434.7755272, 1788732435.4833362, 1788732436.2200477, 1788732436.9886484, 1788732437.7843528, 1788732438.612051, 1788732439.4690747, 1788732440.360104, 1788732441.2805014, 1788732442.2344546, 1788732443.2265832, 1788732443.8727252, 1788732444.477899, 1788732445.156944, 1788732445.868873, 1788732446.6164858, 1788732447.3928175, 1788732448.2060392, 1788732449.0345345, 1788732449.8975713, 1788732450.7908623, 1788732451.6576967, 1788732452.2495246, 1788732452.897763]","[1, 1, 4, 1, 2, 1, 3, 4, 2, 2, 2, 1, 1, 2, 4, 2, 1, 3, 1, 2, 1, 1, 2, 2, 2, 4, 2, 3, 1, 2, 1, 1, 2, 2, 1, 3, 1, 2, 2, 2, 2, 3, 1, 1, 4, 2, 1, 2, 1, 1, 3, 1, 2, 4, 4, 5, 1, 4, 1, 2, 1, 2, 1, 3, 2, 1, 1, 1, 1, 2, 1, 2, 1, 1, 2, 1, 6, 2, 4, 1, 1, 2, 6, 1, 1, 2, 2]"
User-053,0,trace_0176,1788732463.3058555,streaming,29936,291,291,0,467,99.85424733161926,229.2339572906494,0.44613693089320744,0.0,0,True,,1788732234.071776,1788732333.9260232,1788732463.3057332,"[1788732333.9260232, 1788732334.528524, 1788732335.192662, 1788732335.892794, 1788732336.6191614, 1788732337.3743272, 1788732338.1611743, 1788732338.8322804, 1788732339.4419343, 1788732340.1032863, 1788732340.7917058, 1788732341.515055, 1788732342.2625437, 1788732343.0416844, 1788732343.8339264, 1788732344.424712, 1788732345.0656269, 1788732345.740594, 1788732346.45728, 1788732347.1858404, 1788732347.957014, 1788732348.764176, 1788732349.44579, 1788732350.0507426, 1788732350.7131898, 1788732351.403478, 1788732352.1255987, 1788732352.8746521, 1788732353.649324, 1788732354.4635866, 1788732355.1671004, 1788732355.773084, 1788732356.4297347, 1788732357.1222508, 1788732357.8341427, 1788732358.5914588, 1788732359.3808966, 1788732360.216008, 1788732361.061474, 1788732361.8234982, 1788732362.421733, 1788732363.0746346, 1788732363.7554586, 1788732364.4713898, 1788732365.2222645, 1788732365.9967148, 1788732366.811689, 1788732367.6615522, 1788732368.3486483, 1788732368.954095, 1788732369.6197639, 1788732370.3269837, 1788732371.034872, 1788732371.7852094, 1788732372.5643027, 1788732373.380839, 1788732374.2221098, 1788732375.1030157, 1788732376.0104144, 1788732376.9505484, 1788732377.8582065, 1788732378.4364204, 1788732379.0850601, 1788732379.7684348, 1788732380.49559, 1788732381.2408342, 1788732382.0166771, 1788732382.8266916, 1788732383.6644213, 1788732384.5314517, 1788732385.4264953, 1788732386.357839, 1788732387.1580412, 1788732387.745749, 1788732388.4187217, 1788732389.1223485, 1788732389.8540237, 1788732390.6201646, 1788732391.4006786, 1788732392.1996677, 1788732392.7868032, 1788732393.4392343, 1788732394.1074173, 1788732394.8121316, 1788732395.5505285, 1788732396.318149, 1788732397.1196697, 1788732397.950672, 1788732398.664946, 1788732399.2707002, 1788732399.9295816, 1788732400.6177974, 1788732401.3382907, 1788732402.0888712, 1788732402.8748047, 1788732403.6869664, 1788732404.5280342, 1788732405.4026897, 1788732406.3095202, 1788732407.2483869, 1788732408.2141042, 1788732409.0268505, 1788732409.6211243, 1788732410.2778096, 1788732410.9709213, 1788732411.6863165, 1788732412.4402437, 1788732413.2312703, 1788732414.0533183, 1788732414.911719, 1788732415.6364949, 1788732416.2604966, 1788732416.9390135, 1788732417.6477232, 1788732418.3838305, 1788732419.155665, 1788732419.9397666, 1788732420.771863, 1788732421.6120915, 1788732422.359539, 1788732422.979982, 1788732423.6414394, 1788732424.3403022, 1788732425.0666952, 1788732425.8174303, 1788732426.594659, 1788732427.4027407, 1788732428.2405875, 1788732429.1113346, 1788732430.0154624, 1788732430.9497166, 1788732431.9188333, 1788732432.8783839, 1788732433.4620178, 1788732434.1069624, 1788732434.781294, 1788732435.4891412, 1788732436.2278273, 1788732436.9945383, 1788732437.7901614, 1788732438.6179044, 1788732439.474943, 1788732440.3659163, 1788732441.2864234, 1788732442.2403383, 1788732443.232487, 1788732443.8792322, 1788732444.4842222, 1788732445.1637485, 1788732445.8749132, 1788732446.6223845, 1788732447.3986404, 1788732448.212562, 1788732449.0398767, 1788732449.9029603, 1788732450.8001454, 1788732451.6639287, 1788732452.255699, 1788732452.904474, 1788732453.569943, 1788732454.300958, 1788732455.055307, 1788732455.8373144, 1788732456.6514382, 1788732457.4942515, 1788732458.3649516, 1788732459.076821, 1788732459.683168, 1788732460.3464117, 1788732461.0337229, 1788732461.75685, 1788732462.5119, 1788732463.3049128]","[1, 1, 2, 2, 1, 3, 2, 2, 1, 3, 1, 1, 1, 2, 1, 3, 2, 2, 2, 2, 2, 3, 1, 2, 1, 2, 2, 2, 1, 2, 1, 1, 2, 1, 2, 1, 1, 1, 1, 1, 3, 1, 1, 2, 1, 3, 2, 1, 1, 4, 1, 1, 1, 1, 3, 3, 2, 1, 3, 1, 2, 2, 1, 2, 2, 3, 3, 2, 1, 1, 2, 2, 1, 2, 1, 1, 1, 1, 2, 1, 1, 1, 1, 1, 1, 2, 1, 1, 1, 2, 1, 1, 1, 3, 1, 1, 1, 1, 3, 2, 2, 2, 2, 2, 1, 2, 1, 1, 2, 1, 1, 2, 1, 1, 1, 1, 3, 3, 3, 1, 1, 3, 3, 1, 2, 2, 1, 3, 2, 1, 2, 1, 3, 3, 1, 2, 1, 2, 1, 2, 2, 2, 2, 2, 1, 3, 2, 1, 2, 1, 2, 6, 1, 1, 4, 3, 2, 2, 2, 1, 1, 1, 1, 3, 2, 1, 1, 3, 1, 1, 1, 1, 1]"
User-044,0,trace_0272,1788732464.987039,streaming,24544,315,315,0,383,89.85471701622009,230.99816823005676,0.449501436986741,0.0,0,True,,1788732233.988605,1788732323.843322,1788732464.9867733,"[1788732323.843322, 1788732324.433398, 1788732325.0875924, 1788732325.7582912, 1788732326.477841, 1788732327.234046, 1788732328.0007927, 1788732328.8055453, 1788732329.6419756, 1788732330.5040276, 1788732331.3972764, 1788732332.322343, 1788732333.2804904, 1788732333.9219854, 1788732334.52478, 1788732335.1890285, 1788732335.8891697, 1788732336.6155639, 1788732337.3706288, 1788732338.1574786, 1788732338.8287323, 1788732339.4383097, 1788732340.099521, 1788732340.7881644, 1788732341.5113797, 1788732342.2589319, 1788732343.0380063, 1788732343.8302538, 1788732344.420972, 1788732345.062014, 1788732345.736523, 1788732346.4545064, 1788732347.1826117, 1788732347.9538288, 1788732348.7610164, 1788732349.4431689, 1788732350.0476742, 1788732350.7100694, 1788732351.4003665, 1788732352.1226068, 1788732352.871601, 1788732353.6462245, 1788732354.4605172, 1788732355.163985, 1788732355.770051, 1788732356.4266863, 1788732357.1195571, 1788732357.8310356, 1788732358.5885086, 1788732359.3778596, 1788732360.2129085, 1788732361.0579257, 1788732361.8203816, 1788732362.4186075, 1788732363.0715299, 1788732363.7524123, 1788732364.4679945, 1788732365.2163575, 1788732365.9942226, 1788732366.8089771, 1788732367.6590443, 1788732368.346389, 1788732368.952154, 1788732369.6174893, 1788732370.3257241, 1788732371.032109, 1788732371.782592, 1788732372.5614536, 1788732373.3736277, 1788732374.2194912, 1788732375.1009634, 1788732376.0078452, 1788732376.9479344, 1788732377.8556256, 1788732378.4338593, 1788732379.0824292, 1788732379.7658179, 1788732380.4928741, 1788732381.238227, 1788732382.0143313, 1788732382.8241484, 1788732383.6618352, 1788732384.5288625, 1788732385.4237792, 1788732386.3553002, 1788732387.1553187, 1788732387.7431824, 1788732388.4162, 1788732389.1197808, 1788732389.8514187, 1788732390.6171067, 1788732391.397983, 1788732392.197001, 1788732392.7842295, 1788732393.4365845, 1788732394.1048186, 1788732394.809572, 1788732395.547922, 1788732396.3154566, 1788732397.1170626, 1788732397.9480622, 1788732398.6623933, 1788732399.268135, 1788732399.9269624, 1788732400.6151874, 1788732401.3356302, 1788732402.0862126, 1788732402.872212, 1788732403.684397, 1788732404.5254736, 1788732405.400106, 1788732406.3069553, 1788732407.2457304, 1788732408.211522, 1788732409.024332, 1788732409.6185262, 1788732410.2751956, 1788732410.9683232, 1788732411.683753, 1788732412.4376464, 1788732413.22869, 1788732414.0507128, 1788732414.9092546, 1788732415.6342869, 1788732416.2582002, 1788732416.936874, 1788732417.6455657, 1788732418.381758, 1788732419.1535861, 1788732419.93766, 1788732420.7697487, 1788732421.6099758, 1788732422.3565316, 1788732422.9770098, 1788732423.6388514, 1788732424.3376358, 1788732425.063982, 1788732425.8146932, 1788732426.591945, 1788732427.4000783, 1788732428.2379255, 1788732429.108635, 1788732430.012651, 1788732430.9471312, 1788732431.9161725, 1788732432.8758378, 1788732433.459442, 1788732434.104428, 1788732434.778725, 1788732435.4865458, 1788732436.225108, 1788732436.991967, 1788732437.7875946, 1788732438.615257, 1788732439.472318, 1788732440.3633099, 1788732441.2838476, 1788732442.237701, 1788732443.2298293, 1788732443.876649, 1788732444.4816492, 1788732445.160773, 1788732445.8728144, 1788732446.6203291, 1788732447.396571, 1788732448.2103627, 1788732449.0378065, 1788732449.90087, 1788732450.7940683, 1788732451.6617348, 1788732452.2536228, 1788732452.9024105, 1788732453.5678716, 1788732454.2988048, 1788732455.053143, 1788732455.8351786, 1788732456.6492822, 1788732457.4921348, 1788732458.362752, 1788732459.0747976, 1788732459.6767092, 1788732460.3443131, 1788732461.0316474, 1788732461.754768, 1788732462.5098119, 1788732463.3028455, 1788732464.1198769, 1788732464.9844372]","[1, 1, 1, 2, 2, 2, 2, 2, 1, 1, 2, 2, 1, 1, 2, 2, 1, 1, 2, 2, 1, 2, 1, 2, 1, 1, 1, 2, 1, 2, 1, 3, 2, 1, 1, 2, 1, 1, 1, 1, 2, 3, 1, 1, 1, 2, 2, 3, 1, 3, 1, 2, 2, 1, 3, 1, 1, 5, 1, 1, 1, 1, 2, 2, 1, 1, 1, 1, 3, 2, 2, 2, 1, 1, 3, 1, 1, 1, 6, 1, 3, 4, 4, 3, 1, 1, 1, 1, 1, 1, 1, 1, 1, 1, 1, 2, 4, 4, 1, 1, 1, 1, 1, 1, 2, 2, 1, 1, 1, 4, 1, 1, 1, 1, 1, 2, 1, 1, 1, 1, 2, 5, 3, 1, 1, 2, 2, 2, 1, 1, 1, 1, 2, 3, 1, 3, 2, 2, 2, 2, 2, 1, 2, 1, 1, 1, 1, 1, 1, 2, 2, 3, 3, 1, 2, 1, 1, 1, 1, 2, 1, 1, 1, 2, 3, 3, 3, 1, 2, 4, 1, 1, 1, 1, 3, 1, 1, 1, 3, 1, 3, 1, 5, 3, 1, 2, 2, 1]"
User-059,0,trace_0656,1788732465.865495,streaming,19463,260,256,0,303,120.90848517417908,231.61294627189636,0.43413514155967564,0.0,0,True,,1788732234.2524483,1788732355.1609335,1788732465.8653946,"[1788732355.1609335, 1788732355.7667875, 1788732356.4233742, 1788732357.116305, 1788732357.8263187, 1788732358.5839517, 1788732359.3734043, 1788732360.2082374, 1788732361.0537171, 1788732361.8156698, 1788732362.4138458, 1788732363.066806, 1788732363.7475712, 1788732364.4630425, 1788732365.211456, 1788732365.989492, 1788732366.804206, 1788732367.6545534, 1788732368.3410182, 1788732368.9473863, 1788732369.6119068, 1788732370.3233044, 1788732371.0270755, 1788732371.7772794, 1788732372.5557988, 1788732373.368672, 1788732374.214306, 1788732375.0958555, 1788732376.0026932, 1788732376.9427738, 1788732377.8496623, 1788732378.428259, 1788732379.0769835, 1788732379.759821, 1788732380.4873343, 1788732381.2337682, 1788732382.0098534, 1788732382.8195553, 1788732383.6571915, 1788732384.524312, 1788732385.4192705, 1788732386.350658, 1788732387.149621, 1788732387.7385683, 1788732388.4117296, 1788732389.1152694, 1788732389.8468719, 1788732390.6121309, 1788732391.3937032, 1788732392.1922076, 1788732392.779621, 1788732393.432032, 1788732394.100242, 1788732394.8050554, 1788732395.543409, 1788732396.3106632, 1788732397.11254, 1788732397.9435883, 1788732398.657059, 1788732399.263068, 1788732399.9218736, 1788732400.610043, 1788732401.3301506, 1788732402.0808244, 1788732402.867144, 1788732403.6793034, 1788732405.3950825, 1788732407.2404284, 1788732408.2064636, 1788732409.6129093, 1788732410.269564, 1788732410.9622152, 1788732411.6785595, 1788732412.432599, 1788732413.2235196, 1788732414.0456784, 1788732414.9016182, 1788732415.6283834, 1788732416.2523656, 1788732416.93105, 1788732417.6397555, 1788732418.3761647, 1788732419.1475637, 1788732419.9324884, 1788732420.7642953, 1788732421.6053834, 1788732422.351853, 1788732422.9723132, 1788732423.634821, 1788732424.3333585, 1788732425.0599296, 1788732425.8108342, 1788732426.5879312, 1788732427.3961082, 1788732428.2339716, 1788732429.104295, 1788732430.008716, 1788732430.9432611, 1788732431.912212, 1788732432.870951, 1788732433.454865, 1788732434.099893, 1788732434.7742562, 1788732435.4819863, 1788732436.2187102, 1788732436.987358, 1788732437.7830665, 1788732438.6107583, 1788732439.467833, 1788732440.358842, 1788732441.2791913, 1788732442.2331743, 1788732443.2253015, 1788732443.8713737, 1788732444.476651, 1788732445.1556675, 1788732445.867605, 1788732446.6152594, 1788732447.3915446, 1788732448.2047656, 1788732449.0332575, 1788732449.8963141, 1788732450.7895837, 1788732451.6562648, 1788732452.247943, 1788732452.8971362, 1788732453.563625, 1788732454.2949393, 1788732455.049221, 1788732455.8312411, 1788732456.644987, 1788732457.488164, 1788732458.3587751, 1788732459.0699098, 1788732459.672186, 1788732460.3394036, 1788732461.0271297, 1788732461.7501795, 1788732462.5053468, 1788732463.2980244, 1788732464.1154132, 1788732464.9798245, 1788732465.861671]","[1, 1, 2, 1, 2, 1, 2, 2, 1, 2, 2, 3, 2, 2, 1, 1, 3, 1, 2, 1, 5, 2, 1, 1, 1, 1, 2, 1, 1, 1, 1, 2, 1, 5, 2, 1, 1, 1, 1, 2, 2, 1, 4, 1, 2, 1, 2, 1, 2, 2, 2, 1, 4, 1, 2, 2, 1, 2, 1, 1, 2, 2, 2, 1, 1, 1, 1, 1, 1, 1, 1, 1, 2, 2, 1, 1, 1, 1, 1, 2, 1, 2, 2, 1, 1, 1, 1, 1, 1, 1, 2, 1, 1, 1, 1, 3, 3, 2, 2, 2, 3, 1, 1, 3, 2, 3, 1, 1, 1, 1, 3, 1, 1, 1, 3, 4, 1, 2, 1, 1, 3, 2, 2, 3, 2, 1, 1, 1, 3, 4, 4, 1, 2, 5, 6, 5, 5, 2, 2, 3, 2, 4, 1]"
User-055,2,trace_0449,1788732466.7823858,streaming,20690,189,189,232,84,163.95727252960205,232.078186750412,0.3623452884085635,12.0,0,True,,1788732234.7040894,1788732398.661362,1788732466.7822762,"[1788732398.661362, 1788732399.267009, 1788732399.925807, 1788732400.6140025, 1788732401.3344579, 1788732402.0850682, 1788732402.8710718, 1788732403.6833608, 1788732404.5243452, 1788732405.3990011, 1788732406.3057833, 1788732407.244669, 1788732408.2103462, 1788732409.0233195, 1788732409.6174903, 1788732410.274111, 1788732410.96724, 1788732411.6826875, 1788732412.43653, 1788732413.2275705, 1788732414.04961, 1788732414.9056423, 1788732415.6331944, 1788732416.2569792, 1788732416.9357445, 1788732417.6445086, 1788732418.3807225, 1788732419.1525507, 1788732419.9364798, 1788732420.7686877, 1788732421.6088266, 1788732422.3555238, 1788732422.975824, 1788732423.6376932, 1788732424.3365304, 1788732425.0629165, 1788732425.8136656, 1788732426.5908809, 1788732427.3990498, 1788732428.2368698, 1788732429.1075008, 1788732430.011604, 1788732430.9461076, 1788732431.9150827, 1788732432.8747077, 1788732433.458241, 1788732434.103247, 1788732434.7776253, 1788732435.485439, 1788732436.2221315, 1788732436.990845, 1788732437.7864554, 1788732438.614157, 1788732439.471191, 1788732440.3621767, 1788732441.2826276, 1788732442.236585, 1788732443.2287061, 1788732443.875627, 1788732444.4805195, 1788732445.1597476, 1788732445.8715386, 1788732446.6192713, 1788732447.3954608, 1788732448.2090719, 1788732449.0366895, 1788732449.899742, 1788732450.7929578, 1788732451.660699, 1788732452.252566, 1788732452.900901, 1788732453.5666199, 1788732454.2977211, 1788732455.0521183, 1788732455.8341186, 1788732456.648218, 1788732457.4910674, 1788732458.361675, 1788732459.073789, 1788732459.6755843, 1788732460.343119, 1788732461.030528, 1788732461.7536287, 1788732462.5087106, 1788732463.3017488, 1788732464.1188946, 1788732464.9833066, 1788732465.8659081, 1788732466.779284]","[1, 5, 3, 3, 3, 4, 3, 2, 1, 1, 2, 3, 3, 2, 2, 3, 2, 4, 2, 1, 2, 1, 2, 2, 1, 2, 2, 1, 1, 5, 4, 2, 2, 3, 3, 1, 1, 5, 1, 2, 4, 2, 1, 6, 4, 6, 2, 2, 2, 1, 1, 2, 1, 1, 1, 1, 1, 1, 1, 2, 1, 1, 5, 1, 1, 3, 1, 1, 2, 6, 1, 2, 3, 1, 1, 1, 6, 1, 2, 1, 2, 1, 1, 1, 1, 1, 1, 4, 1]"
User-045,6,trace_0729,1788732481.8747382,streaming,32371,108,108,500,2,197.9314363002777,246.93235659599304,0.45795252612818066,6.0,0,True,,1788732234.9422646,1788732432.8737009,1788732481.8746212,"[1788732432.8737009, 1788732433.4571762, 1788732434.1021955, 1788732434.7765844, 1788732435.4844058, 1788732436.2210865, 1788732436.9897482, 1788732437.7853878, 1788732438.613121, 1788732439.4701314, 1788732440.3611434, 1788732441.281584, 1788732442.2355509, 1788732443.2276707, 1788732443.8737707, 1788732444.4789643, 1788732445.1580434, 1788732445.8699355, 1788732446.6175625, 1788732447.3938692, 1788732448.20745, 1788732449.035107, 1788732449.898127, 1788732450.791389, 1788732451.6582153, 1788732452.250087, 1788732452.8987775, 1788732453.564235, 1788732454.2955492, 1788732455.049839, 1788732455.8318617, 1788732456.645785, 1788732457.4887977, 1788732458.359397, 1788732459.0706055, 1788732459.6728091, 1788732460.3402119, 1788732461.0277624, 1788732461.7508447, 1788732462.5059705, 1788732463.2986488, 1788732464.1160536, 1788732464.9804592, 1788732465.8627124, 1788732466.776056, 1788732467.7148328, 1788732468.3073971, 1788732468.9619129, 1788732469.647845, 1788732470.3651266, 1788732471.1064947, 1788732471.87398, 1788732472.6720238, 1788732473.501525, 1788732474.3596063, 1788732475.2552886, 1788732476.124095, 1788732476.707072, 1788732477.352455, 1788732478.0311644, 1788732478.733757, 1788732479.4711716, 1788732480.2330003, 1788732481.0294902, 1788732481.8708441]","[1, 2, 2, 3, 1, 1, 2, 2, 2, 1, 1, 1, 2, 1, 3, 1, 1, 2, 3, 1, 4, 1, 1, 1, 2, 2, 2, 1, 1, 1, 1, 2, 1, 1, 2, 1, 2, 1, 2, 2, 1, 3, 2, 4, 1, 2, 1, 1, 5, 1, 1, 2, 1, 2, 2, 1, 1, 2, 2, 1, 1, 2, 1, 3, 1]"
User-060,23,trace_0527,1788732495.4466145,streaming,28229,79,79,428,2,232.51846957206726,260.24688720703125,0.3554925337815896,7.0,0,True,,1788732235.199619,1788732467.7180886,1788732495.4465063,"[1788732467.7180886, 1788732468.3102696, 1788732468.9647558, 1788732469.6509826, 1788732470.367985, 1788732471.109596, 1788732471.8771436, 1788732472.6752672, 1788732473.5044007, 1788732474.3624175, 1788732475.2581735, 1788732476.127867, 1788732476.7104836, 1788732477.3559136, 1788732478.034463, 1788732478.7371318, 1788732479.4745102, 1788732480.236391, 1788732481.0329258, 1788732481.8751986, 1788732482.7288015, 1788732483.626967, 1788732484.5591593, 1788732485.5123982, 1788732486.184274, 1788732486.787564, 1788732487.4521735, 1788732488.1538336, 1788732488.877968, 1788732489.6316483, 1788732490.4151418, 1788732491.2352517, 1788732492.09039, 1788732492.9768336, 1788732493.8939261, 1788732494.8530874, 1788732495.4422202]","[1, 1, 4, 1, 1, 4, 4, 2, 2, 2, 1, 1, 2, 4, 2, 2, 4, 3, 2, 2, 2, 2, 2, 5, 3, 2, 2, 1, 1, 2, 2, 1, 4, 2, 1, 1, 1]"
User-052,6,trace_0594,1788732502.8602686,streaming,26431,73,73,403,2,240.86672830581665,267.5995445251465,0.3712891141573588,9.0,0,True,,1788732235.260614,1788732476.1273422,1788732502.8601584,"[1788732476.1273422, 1788732476.7099686, 1788732477.355391, 1788732478.0339508, 1788732478.7366107, 1788732479.473989, 1788732480.2358768, 1788732481.0323896, 1788732481.874146, 1788732482.728263, 1788732483.626404, 1788732484.558585, 1788732485.5119894, 1788732486.1837742, 1788732486.78705, 1788732487.4515367, 1788732488.1533146, 1788732488.8774626, 1788732489.6311226, 1788732490.4145813, 1788732491.2346852, 1788732492.089866, 1788732492.976307, 1788732493.8934119, 1788732494.8525672, 1788732495.441653, 1788732496.0898764, 1788732496.781162, 1788732497.4969974, 1788732498.2448132, 1788732499.0185845, 1788732499.827676, 1788732500.668056, 1788732501.531863, 1788732502.2445385, 1788732502.8560724]","[1, 2, 2, 2, 1, 2, 1, 3, 1, 3, 1, 2, 1, 1, 1, 1, 4, 1, 3, 2, 2, 1, 3, 2, 3, 2, 2, 2, 2, 1, 6, 4, 1, 2, 1, 4]"
User-015,7,trace_0687,1788732523.4191248,streaming,31527,309,309,480,7,174.24914240837097,288.64634680747986,0.3714194948023016,11.0,0,True,,1788732234.7726507,1788732409.0217931,1788732523.4189975,"[1788732409.0217931, 1788732409.615845, 1788732410.27245, 1788732410.9651234, 1788732411.681642, 1788732412.4354928, 1788732413.226464, 1788732414.0485885, 1788732414.9046092, 1788732415.6321564, 1788732416.2557883, 1788732416.9345262, 1788732417.6434457, 1788732418.3795927, 1788732419.151017, 1788732419.9359288, 1788732420.7679734, 1788732421.6082985, 1788732422.3550036, 1788732422.9753, 1788732423.6371331, 1788732424.3358707, 1788732425.0623617, 1788732425.813152, 1788732426.5903084, 1788732427.3984733, 1788732428.2363496, 1788732429.1069095, 1788732430.0110955, 1788732430.9455948, 1788732431.914524, 1788732432.8742073, 1788732433.4577124, 1788732434.1027036, 1788732434.7771156, 1788732435.484916, 1788732436.2216022, 1788732436.9902847, 1788732437.7859175, 1788732438.613645, 1788732439.4706368, 1788732440.3616583, 1788732441.28211, 1788732442.2360687, 1788732443.2282002, 1788732443.8751287, 1788732444.48, 1788732445.1591322, 1788732445.8710177, 1788732446.6186364, 1788732447.3949358, 1788732448.2085388, 1788732449.036168, 1788732449.8992112, 1788732450.7924335, 1788732451.6593351, 1788732452.2514904, 1788732452.8998575, 1788732453.5653987, 1788732454.2966928, 1788732455.05107, 1788732455.8330586, 1788732456.6469343, 1788732457.4899802, 1788732458.360582, 1788732459.0718763, 1788732459.6739655, 1788732460.3413322, 1788732461.028929, 1788732461.752039, 1788732462.507158, 1788732463.299863, 1788732464.1172256, 1788732464.981672, 1788732465.8639154, 1788732466.777468, 1788732467.7161567, 1788732468.3086584, 1788732468.963186, 1788732469.6492088, 1788732470.366359, 1788732471.10784, 1788732471.8754385, 1788732472.6734006, 1788732473.5028155, 1788732474.3608692, 1788732475.256507, 1788732476.1254272, 1788732476.7083488, 1788732477.3537433, 1788732478.032384, 1788732478.7350357, 1788732479.4724448, 1788732480.2342584, 1788732481.0307958, 1788732481.8725553, 1788732482.7265203, 1788732483.6247015, 1788732484.5569477, 1788732485.510233, 1788732486.1820357, 1788732486.7853277, 1788732487.4498084, 1788732488.1515853, 1788732488.87579, 1788732489.6294067, 1788732490.4128773, 1788732491.2329843, 1788732492.0881627, 1788732492.9745512, 1788732493.891703, 1788732494.850993, 1788732495.4399219, 1788732496.088173, 1788732496.779429, 1788732497.4952962, 1788732498.2431116, 1788732499.016893, 1788732499.8258252, 1788732500.6663353, 1788732501.5301306, 1788732502.2430003, 1788732502.8544276, 1788732503.5073392, 1788732504.2184303, 1788732504.9582398, 1788732505.7169027, 1788732506.5069284, 1788732507.3286104, 1788732508.1793113, 1788732509.0597534, 1788732509.9680781, 1788732510.8532455, 1788732511.4396827, 1788732512.0822184, 1788732512.756379, 1788732513.4659636, 1788732514.2064807, 1788732514.9714878, 1788732515.7693398, 1788732516.5979931, 1788732517.4618232, 1788732518.3590806, 1788732519.287638, 1788732519.934906, 1788732520.5512347, 1788732521.2125623, 1788732521.910532, 1788732522.643173, 1788732523.4124396]","[1, 1, 2, 3, 1, 1, 4, 2, 1, 2, 1, 1, 2, 3, 1, 3, 2, 3, 1, 3, 3, 2, 1, 1, 1, 4, 1, 4, 2, 2, 2, 1, 1, 2, 1, 3, 3, 2, 5, 2, 2, 1, 2, 2, 2, 1, 1, 1, 1, 4, 1, 1, 1, 1, 3, 1, 4, 2, 1, 1, 1, 3, 3, 2, 1, 2, 2, 1, 1, 3, 1, 2, 2, 1, 4, 4, 3, 1, 2, 4, 2, 4, 2, 2, 2, 1, 3, 3, 1, 3, 4, 3, 4, 4, 2, 1, 3, 3, 1, 4, 2, 1, 3, 1, 2, 3, 2, 3, 2, 2, 4, 1, 3, 3, 2, 2, 3, 1, 2, 2, 2, 2, 4, 1, 1, 1, 1, 4, 1, 1, 1, 1, 4, 1, 1, 1, 2, 1, 1, 1, 2, 3, 4, 2, 1, 2, 1, 2, 2, 5]"
User-021,2,trace_0266,1788732526.410313,streaming,25893,217,217,346,7,216.58274388313293,291.3327462673187,0.346064825852712,15.0,0,True,,1788732235.0774343,1788732451.6601782,1788732526.4101806,"[1788732451.6601782, 1788732452.2520313, 1788732452.9003727, 1788732453.5659137, 1788732454.2972007, 1788732455.0516016, 1788732455.8335779, 1788732456.6475303, 1788732457.4904988, 1788732458.3611157, 1788732459.073251, 1788732459.6750598, 1788732460.342525, 1788732461.0299802, 1788732461.7531111, 1788732462.5081787, 1788732463.301072, 1788732464.1183274, 1788732464.9827542, 1788732465.8649821, 1788732466.7786198, 1788732467.7172503, 1788732468.309713, 1788732468.96425, 1788732469.6503336, 1788732470.3674693, 1788732471.1090364, 1788732471.8765242, 1788732472.6744986, 1788732473.5038779, 1788732474.3619015, 1788732475.2575808, 1788732476.1264758, 1788732476.7094178, 1788732477.35485, 1788732478.0334194, 1788732478.7360878, 1788732479.4734786, 1788732480.2353265, 1788732481.031862, 1788732481.8736236, 1788732482.727742, 1788732483.625857, 1788732484.5580392, 1788732485.5114977, 1788732486.1832533, 1788732486.786485, 1788732487.450986, 1788732488.1527789, 1788732488.8769522, 1788732489.630553, 1788732490.414065, 1788732491.2341611, 1788732492.0893488, 1788732492.9757938, 1788732493.8928897, 1788732494.852061, 1788732495.4410987, 1788732496.089356, 1788732496.78063, 1788732497.4964879, 1788732498.2442873, 1788732499.0180585, 1788732499.8270893, 1788732500.6675406, 1788732501.5313373, 1788732502.2440405, 1788732502.8555343, 1788732503.5083773, 1788732504.2195952, 1788732504.9593818, 1788732505.71797, 1788732506.507986, 1788732507.3296328, 1788732508.1805222, 1788732509.0608559, 1788732509.969135, 1788732510.8544436, 1788732511.440734, 1788732512.0833256, 1788732512.757413, 1788732513.4670553, 1788732514.207564, 1788732514.9725215, 1788732515.770382, 1788732516.5990963, 1788732517.4629505, 1788732518.3601313, 1788732519.288684, 1788732519.9359534, 1788732520.5522995, 1788732521.2135904, 1788732521.911634, 1788732522.644266, 1788732523.4139254, 1788732524.1888306, 1788732525.0229864, 1788732525.7916105, 1788732526.4049504]","[1, 1, 1, 4, 2, 2, 3, 3, 3, 3, 3, 1, 3, 4, 1, 3, 2, 2, 4, 1, 2, 2, 4, 2, 1, 3, 2, 1, 5, 2, 2, 2, 2, 3, 2, 3, 2, 1, 2, 3, 3, 1, 4, 5, 3, 2, 1, 2, 1, 2, 2, 2, 1, 2, 1, 1, 1, 4, 2, 3, 1, 3, 2, 3, 3, 3, 1, 2, 1, 2, 1, 3, 2, 2, 3, 2, 1, 1, 2, 1, 1, 2, 3, 3, 1, 3, 4, 3, 1, 2, 1, 2, 2, 3, 4, 2, 3, 1, 1]"
User-050,2,trace_0243,1788732553.4242637,streaming,28639,156,156,377,38,259.45930886268616,318.0290241241455,0.37786913071909256,12.0,0,True,,1788732235.3951108,1788732494.8544197,1788732553.424135,"[1788732494.8544197, 1788732495.4438417, 1788732496.0909934, 1788732496.7822106, 1788732497.498048, 1788732498.2458339, 1788732499.0196726, 1788732499.8289447, 1788732500.6690824, 1788732501.5328944, 1788732502.2455497, 1788732502.8576436, 1788732503.5094335, 1788732504.2206347, 1788732504.9604359, 1788732505.719084, 1788732506.5090373, 1788732507.3306763, 1788732508.1817327, 1788732509.062062, 1788732509.9701707, 1788732510.85547, 1788732511.4417777, 1788732512.0843587, 1788732512.7584548, 1788732513.4680648, 1788732514.2086065, 1788732514.9735754, 1788732515.7714477, 1788732516.6001375, 1788732517.463993, 1788732518.3611732, 1788732519.2897239, 1788732519.937829, 1788732520.5539372, 1788732521.2151492, 1788732521.9135852, 1788732522.6459055, 1788732523.4155395, 1788732524.190442, 1788732525.024581, 1788732525.7931376, 1788732526.4070406, 1788732527.0653076, 1788732527.7681377, 1788732528.504216, 1788732529.268473, 1788732530.052617, 1788732530.8734984, 1788732531.5714662, 1788732532.1766002, 1788732532.8458166, 1788732533.537142, 1788732534.266907, 1788732534.9168766, 1788732535.5312648, 1788732536.2018309, 1788732536.9201238, 1788732537.6469624, 1788732538.3992329, 1788732539.17959, 1788732539.9952228, 1788732540.847837, 1788732541.7313085, 1788732542.6442688, 1788732543.6004004, 1788732544.1730714, 1788732544.8145342, 1788732545.4849787, 1788732546.1865873, 1788732546.9218657, 1788732547.6814146, 1788732548.472044, 1788732549.2797189, 1788732549.8734925, 1788732550.5192394, 1788732551.1950147, 1788732551.9005117, 1788732552.640499, 1788732553.4202034]","[1, 2, 3, 3, 2, 1, 3, 1, 4, 3, 1, 3, 6, 2, 1, 1, 1, 3, 3, 2, 1, 2, 2, 3, 1, 3, 4, 2, 2, 1, 2, 1, 2, 1, 1, 2, 3, 1, 1, 1, 2, 1, 1, 1, 1, 2, 3, 1, 1, 1, 1, 3, 1, 6, 1, 1, 1, 2, 1, 1, 2, 3, 4, 1, 1, 1, 2, 1, 4, 3, 1, 1, 3, 6, 2, 1, 1, 1, 3, 1]"
User-037,7,trace_0489,1788732554.1819344,streaming,31852,289,289,459,35,208.8547773361206,319.16199231147766,0.38301116310887867,50.0,0,True,,1788732235.0198338,1788732443.8746111,1788732554.181826,"[1788732443.8746111, 1788732444.4794796, 1788732445.1585655, 1788732445.8704634, 1788732446.6180968, 1788732447.3943863, 1788732448.2079973, 1788732449.0356436, 1788732449.8986573, 1788732450.7919152, 1788732451.658791, 1788732452.250619, 1788732452.8993385, 1788732453.5648649, 1788732454.2961757, 1788732455.0504987, 1788732455.832505, 1788732456.6463602, 1788732457.4894347, 1788732458.3600466, 1788732459.0713472, 1788732459.6734395, 1788732460.3407922, 1788732461.0283983, 1788732461.7514863, 1788732462.5065925, 1788732463.299341, 1788732464.1167042, 1788732464.9811022, 1788732465.8633778, 1788732466.7768455, 1788732467.7155125, 1788732468.3080244, 1788732468.9625325, 1788732469.648621, 1788732470.365734, 1788732471.1072469, 1788732471.8748567, 1788732472.6728249, 1788732473.5021532, 1788732474.3602183, 1788732475.2559648, 1788732476.1247704, 1788732476.7077117, 1788732477.3530965, 1788732478.031777, 1788732478.73437, 1788732479.4718027, 1788732480.233616, 1788732481.030124, 1788732481.8719873, 1788732482.7259061, 1788732483.6240754, 1788732484.5562012, 1788732485.5095344, 1788732486.1813905, 1788732486.784686, 1788732487.44904, 1788732488.150976, 1788732488.8751726, 1788732489.6287887, 1788732490.4122572, 1788732491.2323751, 1788732492.0875587, 1788732492.9739304, 1788732493.8910854, 1788732494.8500981, 1788732495.4390419, 1788732496.0875661, 1788732496.7788079, 1788732497.4946425, 1788732498.2424755, 1788732499.0162818, 1788732499.8251123, 1788732500.6656992, 1788732501.5295234, 1788732502.242274, 1788732502.8537817, 1788732503.5066462, 1788732504.2177994, 1788732504.9546714, 1788732505.7162526, 1788732506.5062537, 1788732507.3279717, 1788732508.178698, 1788732509.0591943, 1788732509.9674382, 1788732510.8527055, 1788732511.4390512, 1788732512.0811975, 1788732512.7557344, 1788732513.4653127, 1788732514.205796, 1788732514.9708507, 1788732515.7686636, 1788732516.5973606, 1788732517.4611707, 1788732518.3584087, 1788732519.28701, 1788732519.934215, 1788732520.550574, 1788732521.2118943, 1788732521.9099014, 1788732522.6424825, 1788732523.4117506, 1788732524.1876385, 1788732525.0217748, 1788732525.7895164, 1788732526.4032307, 1788732527.0624664, 1788732527.7652223, 1788732528.501382, 1788732529.2653668, 1788732530.0498693, 1788732530.87062, 1788732531.5688093, 1788732532.1739724, 1788732532.8430126, 1788732533.5343704, 1788732534.2639909, 1788732534.9142842, 1788732535.5285263, 1788732536.1989102, 1788732536.9173872, 1788732537.6442475, 1788732538.3964698, 1788732539.1768637, 1788732539.9925416, 1788732540.845138, 1788732541.7285903, 1788732542.641507, 1788732543.596867, 1788732544.1698568, 1788732544.8112962, 1788732545.4817684, 1788732546.1833885, 1788732546.918671, 1788732547.6781375, 1788732548.4688125, 1788732549.2766159, 1788732549.8702555, 1788732550.5159776, 1788732551.1917324, 1788732551.8971944, 1788732552.637205, 1788732553.416907, 1788732554.1744862]","[1, 2, 4, 2, 5, 2, 4, 1, 1, 2, 3, 2, 2, 2, 1, 2, 4, 1, 4, 3, 1, 1, 1, 2, 2, 1, 1, 2, 3, 2, 4, 1, 1, 2, 3, 2, 4, 2, 1, 2, 1, 1, 1, 1, 2, 2, 3, 1, 4, 1, 2, 1, 4, 1, 3, 1, 2, 1, 1, 1, 1, 1, 1, 1, 1, 2, 1, 3, 3, 1, 3, 1, 2, 3, 5, 1, 1, 1, 1, 1, 2, 3, 2, 2, 1, 1, 2, 2, 1, 2, 3, 1, 4, 1, 3, 3, 2, 1, 2, 1, 1, 3, 1, 2, 2, 1, 5, 1, 4, 4, 2, 2, 1, 5, 1, 6, 1, 2, 1, 1, 1, 5, 1, 3, 1, 3, 1, 1, 1, 2, 1, 3, 1, 2, 2, 1, 3, 1, 2, 2, 3, 2, 2, 2, 1, 2, 1]"
User-063,4,trace_0610,1788732560.077315,streaming,20548,111,111,305,11,290.06938195228577,324.35549330711365,0.31169192140752616,14.0,0,True,,1788732235.7217116,1788732525.7910936,1788732560.077205,"[1788732525.7910936, 1788732526.4043865, 1788732527.0637171, 1788732527.766366, 1788732528.5024881, 1788732529.2665603, 1788732530.0510654, 1788732530.8718607, 1788732531.5699098, 1788732532.1750565, 1788732532.8441083, 1788732533.5354705, 1788732534.2651243, 1788732534.9153345, 1788732535.5296025, 1788732536.2000194, 1788732536.9185498, 1788732537.6452842, 1788732538.3975282, 1788732539.1779275, 1788732539.9935899, 1788732540.8461847, 1788732541.7296295, 1788732542.6425455, 1788732543.5988336, 1788732544.1715615, 1788732544.812876, 1788732545.4833517, 1788732546.184932, 1788732546.9203165, 1788732547.679747, 1788732548.4704041, 1788732549.2781796, 1788732549.871836, 1788732550.5175745, 1788732551.1933048, 1788732551.898817, 1788732552.6388292, 1788732553.4184675, 1788732554.1763618, 1788732554.7862656, 1788732555.454928, 1788732556.1508253, 1788732556.8761702, 1788732557.6277628, 1788732558.4107177, 1788732559.2160408, 1788732560.0712621]","[1, 2, 2, 3, 1, 2, 1, 5, 2, 1, 1, 1, 2, 4, 3, 2, 2, 2, 1, 2, 1, 5, 3, 3, 2, 2, 4, 1, 3, 5, 4, 1, 2, 1, 3, 2, 2, 2, 2, 2, 3, 1, 1, 3, 5, 4, 2, 2]"
User-011,0,trace_0694,1788732560.0779335,streaming,24258,686,686,0,378,54.53578853607178,326.6457579135895,0.39724083120805503,0.0,0,True,,1788732233.4320955,1788732287.967884,1788732560.0778534,"[1788732287.967884, 1788732288.5636573, 1788732289.2211592, 1788732289.9041877, 1788732290.6161954, 1788732291.3623996, 1788732292.1393425, 1788732292.9513597, 1788732293.795392, 1788732294.5344217, 1788732295.1261353, 1788732295.7720523, 1788732296.451139, 1788732297.156643, 1788732297.894688, 1788732298.661727, 1788732299.4647138, 1788732300.1064746, 1788732300.711883, 1788732301.3707166, 1788732302.061142, 1788732302.7791958, 1788732303.530226, 1788732304.3116465, 1788732305.0800471, 1788732305.6686976, 1788732306.3099117, 1788732306.9826446, 1788732307.685461, 1788732308.4180207, 1788732309.1781151, 1788732309.980281, 1788732310.7607665, 1788732311.3487458, 1788732311.9907737, 1788732312.6641328, 1788732313.365873, 1788732314.098721, 1788732314.8587048, 1788732315.6516397, 1788732316.3678687, 1788732316.9658353, 1788732317.6227543, 1788732318.3017662, 1788732319.0152895, 1788732319.7560136, 1788732320.5269818, 1788732321.330687, 1788732322.1673024, 1788732323.0335155, 1788732323.841914, 1788732324.4326038, 1788732325.0865114, 1788732325.7570653, 1788732326.4767163, 1788732327.2330139, 1788732327.999698, 1788732328.8045034, 1788732329.6408098, 1788732330.5030212, 1788732331.3962162, 1788732332.3211434, 1788732333.2793024, 1788732333.9209697, 1788732334.5237656, 1788732335.1879902, 1788732335.8881083, 1788732336.614519, 1788732337.3694715, 1788732338.1563966, 1788732338.8277268, 1788732339.4372826, 1788732340.0984817, 1788732340.7870424, 1788732341.5102868, 1788732342.2578928, 1788732343.036803, 1788732343.8291755, 1788732344.4199247, 1788732345.060977, 1788732345.73522, 1788732346.446465, 1788732347.1814616, 1788732347.9528072, 1788732348.759832, 1788732349.4421008, 1788732350.046473, 1788732350.7090187, 1788732351.3993638, 1788732352.121498, 1788732352.870531, 1788732353.64521, 1788732354.459484, 1788732355.1629813, 1788732355.7690406, 1788732356.4256766, 1788732357.1186068, 1788732357.8298736, 1788732358.5875008, 1788732359.3768523, 1788732360.211715, 1788732361.056889, 1788732361.8193572, 1788732362.4175634, 1788732363.0704632, 1788732363.7513459, 1788732364.4668086, 1788732365.21527, 1788732365.9931095, 1788732366.8079464, 1788732367.6578825, 1788732368.3453548, 1788732368.9513185, 1788732369.616227, 1788732370.3252304, 1788732371.0310926, 1788732371.7815418, 1788732372.560319, 1788732373.3725164, 1788732374.2183216, 1788732375.1001525, 1788732376.0066547, 1788732376.946892, 1788732377.854614, 1788732378.4328153, 1788732379.0813959, 1788732379.7647953, 1788732380.4915888, 1788732381.237084, 1788732382.0132082, 1788732382.8229845, 1788732383.6606622, 1788732384.5277402, 1788732385.4227, 1788732386.3541422, 1788732387.1539536, 1788732387.7426364, 1788732388.415607, 1788732389.1192625, 1788732389.8507934, 1788732390.616566, 1788732391.3974478, 1788732392.1965036, 1788732392.7836258, 1788732393.43598, 1788732394.1042144, 1788732394.808981, 1788732395.5473938, 1788732396.3149247, 1788732397.116471, 1788732397.9475303, 1788732398.66189, 1788732399.2676234, 1788732399.9264245, 1788732400.6146247, 1788732401.335074, 1788732402.0856404, 1788732402.8717003, 1788732403.6838923, 1788732404.5249505, 1788732405.3995242, 1788732406.3063977, 1788732407.2452078, 1788732408.210986, 1788732409.0238347, 1788732409.6180232, 1788732410.274649, 1788732410.9677908, 1788732411.6832318, 1788732412.4371397, 1788732413.2281704, 1788732414.0501194, 1788732414.9062564, 1788732415.6337621, 1788732416.2575147, 1788732416.9363072, 1788732417.6450481, 1788732418.381243, 1788732419.1530783, 1788732419.9371397, 1788732420.7692277, 1788732421.609362, 1788732422.3560262, 1788732422.9763458, 1788732423.6382272, 1788732424.3371098, 1788732425.063452, 1788732425.814177, 1788732426.5914176, 1788732427.399573, 1788732428.2373984, 1788732429.1080945, 1788732430.012132, 1788732430.9466121, 1788732431.9156492, 1788732432.8753128, 1788732433.4588175, 1788732434.103775, 1788732434.7781417, 1788732435.4859588, 1788732436.2226553, 1788732436.991451, 1788732437.7869856, 1788732438.6146657, 1788732439.471707, 1788732440.362695, 1788732441.283157, 1788732442.2371056, 1788732443.2292202, 1788732443.8761415, 1788732444.4811258, 1788732445.160263, 1788732445.8722944, 1788732446.6198204, 1788732447.396053, 1788732448.2098215, 1788732449.0372226, 1788732449.9002683, 1788732450.793472, 1788732451.6612139, 1788732452.253118, 1788732452.9018683, 1788732453.5671873, 1788732454.2982507, 1788732455.0526195, 1788732455.8346312, 1788732456.6487505, 1788732457.4916167, 1788732458.3622115, 1788732459.0742903, 1788732459.6761088, 1788732460.343716, 1788732461.0310557, 1788732461.7542317, 1788732462.5092323, 1788732463.3022578, 1788732464.1194339, 1788732464.983829, 1788732465.8664525, 1788732466.7800956, 1788732467.7186046, 1788732468.310816, 1788732468.9652812, 1788732469.6515374, 1788732470.3685012, 1788732471.1101537, 1788732471.87771, 1788732472.6758301, 1788732473.5049326, 1788732474.3629642, 1788732475.2586863, 1788732476.128366, 1788732476.7110114, 1788732477.3564382, 1788732478.0350845, 1788732478.737659, 1788732479.4750645, 1788732480.2369287, 1788732481.0334501, 1788732481.8757498, 1788732482.729322, 1788732483.627494, 1788732484.5597615, 1788732485.5128176, 1788732486.1847794, 1788732486.7880976, 1788732487.4527175, 1788732488.1543324, 1788732488.8784773, 1788732489.6321578, 1788732490.4156578, 1788732491.2357652, 1788732492.090961, 1788732492.9773488, 1788732493.8944325, 1788732494.8535874, 1788732495.4432743, 1788732496.0904067, 1788732496.7816794, 1788732497.497529, 1788732498.2453196, 1788732499.0191593, 1788732499.828316, 1788732500.668567, 1788732501.5323765, 1788732502.24504, 1788732502.856908, 1788732503.5088902, 1788732504.2201111, 1788732504.9599178, 1788732505.7185073, 1788732506.50851, 1788732507.330164, 1788732508.1811945, 1788732509.061504, 1788732509.9696484, 1788732510.854974, 1788732511.4412615, 1788732512.0838416, 1788732512.7579286, 1788732513.4675608, 1788732514.2080822, 1788732514.973067, 1788732515.7709317, 1788732516.5996156, 1788732517.4634802, 1788732518.360658, 1788732519.2892072, 1788732519.9373229, 1788732520.5533297, 1788732521.2146168, 1788732521.912863, 1788732522.6453645, 1788732523.414982, 1788732524.1898901, 1788732525.0240467, 1788732525.7926416, 1788732526.406494, 1788732527.0647926, 1788732527.76761, 1788732528.503558, 1788732529.2677927, 1788732530.0520942, 1788732530.8729649, 1788732531.5709555, 1788732532.176083, 1788732532.8452845, 1788732533.5366256, 1788732534.2663329, 1788732534.916358, 1788732535.530656, 1788732536.2013092, 1788732536.9196246, 1788732537.6464374, 1788732538.3986547, 1788732539.1789804, 1788732539.994618, 1788732540.847307, 1788732541.7307007, 1788732542.6437433, 1788732543.599877, 1788732544.1725676, 1788732544.8140135, 1788732545.4844625, 1788732546.1860633, 1788732546.9213612, 1788732547.6808763, 1788732548.4715219, 1788732549.2792146, 1788732549.8729663, 1788732550.5187137, 1788732551.1944842, 1788732551.89998, 1788732552.6399934, 1788732553.419655, 1788732554.1773732, 1788732554.7873628, 1788732555.4559524, 1788732556.151838, 1788732556.8771973, 1788732557.628829, 1788732558.4118252, 1788732559.2171333, 1788732560.072848]","[1, 1, 1, 2, 2, 1, 1, 3, 1, 1, 1, 2, 2, 1, 2, 2, 1, 2, 1, 1, 2, 1, 1, 1, 1, 1, 1, 1, 1, 2, 2, 1, 2, 2, 2, 2, 1, 2, 2, 1, 1, 2, 1, 1, 1, 4, 1, 2, 3, 1, 2, 2, 2, 4, 1, 1, 3, 3, 4, 1, 2, 2, 2, 2, 1, 1, 2, 2, 1, 3, 1, 2, 1, 4, 3, 1, 2, 3, 1, 2, 1, 1, 1, 1, 1, 1, 3, 3, 1, 2, 2, 1, 2, 2, 2, 1, 1, 1, 3, 1, 3, 1, 1, 2, 6, 2, 6, 4, 1, 2, 3, 3, 2, 2, 1, 1, 3, 1, 1, 1, 4, 5, 2, 1, 2, 1, 2, 1, 1, 1, 1, 1, 2, 1, 6, 3, 1, 2, 1, 4, 2, 1, 2, 2, 1, 2, 1, 2, 1, 2, 2, 1, 1, 6, 5, 6, 5, 1, 1, 2, 1, 5, 3, 4, 1, 1, 6, 4, 1, 1, 1, 1, 1, 1, 1, 2, 1, 1, 1, 3, 3, 3, 1, 1, 1, 2, 2, 2, 2, 1, 2, 1, 1, 1, 1, 3, 5, 1, 1, 1, 3, 3, 3, 2, 2, 1, 5, 1, 2, 3, 2, 2, 1, 2, 1, 3, 2, 3, 1, 2, 1, 3, 2, 5, 4, 2, 1, 1, 1, 1, 1, 2, 1, 1, 1, 1, 1, 2, 2, 2, 3, 2, 1, 2, 1, 1, 2, 1, 1, 2, 1, 2, 1, 2, 2, 2, 1, 2, 3, 3, 2, 1, 6, 5, 3, 3, 1, 1, 2, 1, 3, 2, 3, 1, 1, 3, 3, 6, 2, 1, 1, 1, 2, 1, 1, 2, 6, 4, 2, 1, 2, 2, 1, 1, 2, 2, 1, 1, 1, 1, 3, 2, 1, 1, 1, 3, 2, 1, 1, 2, 2, 2, 2, 1, 2, 5, 1, 1, 1, 1, 2, 2, 2, 2, 3, 2, 2, 1, 2, 2, 1, 1, 1, 1, 4, 2, 1, 1, 2, 4, 1, 1, 1, 1, 2, 1, 2, 1, 2, 3, 2, 1, 1, 1, 1, 2, 3, 3, 2, 1, 3, 1, 1, 1]"
User-064,8,trace_0441,1788732564.2959955,streaming,27352,105,105,404,17,284.26161193847656,328.6206912994385,0.4265296092400184,12.0,0,True,,1788732235.6752057,1788732519.9368176,1788732564.295897,"[1788732519.9368176, 1788732520.5528116, 1788732521.214107, 1788732521.9123507, 1788732522.6448169, 1788732523.4144542, 1788732524.189365, 1788732525.0235214, 1788732525.7921224, 1788732526.4057724, 1788732527.0642772, 1788732527.7669704, 1788732528.5030286, 1788732529.2672064, 1788732530.0515814, 1788732530.872437, 1788732531.5704265, 1788732532.1755738, 1788732532.8447518, 1788732533.5360076, 1788732534.2656758, 1788732534.915851, 1788732535.5301287, 1788732536.200776, 1788732536.9191117, 1788732537.6458225, 1788732538.3980494, 1788732539.1784532, 1788732539.9941015, 1788732540.8467693, 1788732541.7301812, 1788732542.6431355, 1788732543.599363, 1788732544.1720686, 1788732544.813409, 1788732545.4839637, 1788732546.1854613, 1788732546.9208481, 1788732547.6802742, 1788732548.471012, 1788732549.2786837, 1788732549.8723433, 1788732550.518108, 1788732551.1939323, 1788732551.8993585, 1788732552.6394553, 1788732553.4190383, 1788732554.1768665, 1788732554.7868328, 1788732555.4554415, 1788732556.1513355, 1788732556.8766968, 1788732557.6283083, 1788732558.4112775, 1788732559.2165732, 1788732560.0720947, 1788732560.7935321, 1788732561.4153893, 1788732562.0887825, 1788732562.789653, 1788732563.5220842, 1788732564.290762]","[1, 1, 2, 2, 1, 1, 2, 2, 1, 2, 1, 2, 1, 2, 3, 1, 3, 3, 2, 1, 2, 1, 2, 1, 1, 3, 2, 2, 1, 2, 2, 3, 2, 2, 1, 2, 1, 3, 1, 2, 2, 3, 1, 2, 1, 3, 1, 1, 2, 2, 1, 1, 1, 1, 3, 1, 1, 2, 1, 1, 2, 2]"
User-034,4,trace_0164,1788732573.726523,streaming,23068,283,283,311,30,223.94133234024048,338.5950152873993,0.4065733437842511,13.0,0,True,,1788732235.1314096,1788732459.072742,1788732573.726425,"[1788732459.072742, 1788732459.6744957, 1788732460.341869, 1788732461.0294557, 1788732461.752577, 1788732462.5076702, 1788732463.300548, 1788732464.117787, 1788732464.9822097, 1788732465.864459, 1788732466.7780614, 1788732467.7167177, 1788732468.3091824, 1788732468.9637284, 1788732469.6497836, 1788732470.3669357, 1788732471.108488, 1788732471.8759878, 1788732472.6739607, 1788732473.5033505, 1788732474.3613875, 1788732475.2570407, 1788732476.1259592, 1788732476.7088776, 1788732477.3542812, 1788732478.032908, 1788732478.7355726, 1788732479.4729738, 1788732480.234805, 1788732481.0313249, 1788732481.8730788, 1788732482.727189, 1788732483.6253326, 1788732484.5575027, 1788732485.51094, 1788732486.182695, 1788732486.7859538, 1788732487.4503856, 1788732488.1522326, 1788732488.8764265, 1788732489.6300309, 1788732490.4135156, 1788732491.2336168, 1788732492.088797, 1788732492.9752471, 1788732493.892358, 1788732494.851542, 1788732495.44053, 1788732496.0888271, 1788732496.7800727, 1788732497.495953, 1788732498.2437594, 1788732499.0175195, 1788732499.826487, 1788732500.6670113, 1788732501.5308077, 1788732502.243518, 1788732502.8550084, 1788732503.5078664, 1788732504.2189837, 1788732504.958828, 1788732505.7174356, 1788732506.5074759, 1788732507.3291264, 1788732508.1799748, 1788732509.0602841, 1788732509.9686124, 1788732510.8539298, 1788732511.4402068, 1788732512.0827932, 1788732512.7568996, 1788732513.4664993, 1788732514.2070456, 1788732514.9720066, 1788732515.7698665, 1788732516.5985355, 1788732517.4623878, 1788732518.3596137, 1788732519.2881672, 1788732519.9354372, 1788732520.5517623, 1788732521.213079, 1788732521.911089, 1788732522.643721, 1788732523.4133623, 1788732524.188293, 1788732525.0224245, 1788732525.790178, 1788732526.4038353, 1788732527.0631576, 1788732527.7658088, 1788732528.501949, 1788732529.2659748, 1788732530.0505052, 1788732530.871301, 1788732531.5693831, 1788732532.174488, 1788732532.843576, 1788732533.5349407, 1788732534.2645504, 1788732534.914826, 1788732535.5290594, 1788732536.1994808, 1788732536.9179246, 1788732537.644765, 1788732538.3970144, 1788732539.177396, 1788732539.9930747, 1788732540.8456645, 1788732541.7291133, 1788732542.6420197, 1788732543.5982974, 1788732544.1710446, 1788732544.8123455, 1788732545.4828317, 1788732546.1844223, 1788732546.91979, 1788732547.679226, 1788732548.469858, 1788732549.277674, 1788732549.8713336, 1788732550.5170522, 1788732551.1927767, 1788732551.8982418, 1788732552.6382797, 1788732553.4179611, 1788732554.1758428, 1788732554.785609, 1788732555.454404, 1788732556.1502852, 1788732556.875638, 1788732557.6272247, 1788732558.4101806, 1788732559.21552, 1788732560.0706909, 1788732560.792994, 1788732561.4148588, 1788732562.088268, 1788732562.7891352, 1788732563.521527, 1788732564.2900262, 1788732565.0717947, 1788732565.8149023, 1788732566.4184763, 1788732567.099127, 1788732567.801976, 1788732568.5367992, 1788732569.3006732, 1788732570.0924225, 1788732570.91312, 1788732571.7630975, 1788732572.4420755, 1788732573.0485845, 1788732573.7203267]","[1, 1, 1, 3, 3, 1, 1, 2, 1, 1, 3, 3, 3, 2, 3, 3, 2, 1, 1, 2, 2, 2, 1, 2, 2, 3, 1, 1, 2, 4, 2, 2, 1, 2, 1, 3, 1, 4, 3, 1, 1, 4, 3, 2, 2, 1, 1, 2, 1, 3, 2, 1, 2, 1, 1, 1, 3, 1, 1, 2, 3, 2, 1, 2, 1, 3, 2, 1, 1, 3, 1, 1, 1, 1, 1, 1, 2, 2, 1, 2, 2, 2, 1, 4, 3, 1, 1, 2, 1, 3, 2, 2, 1, 1, 2, 3, 3, 1, 1, 3, 2, 3, 1, 2, 1, 1, 1, 1, 2, 1, 2, 1, 1, 4, 1, 1, 2, 1, 4, 1, 2, 2, 2, 5, 2, 1, 1, 1, 2, 1, 2, 1, 1, 1, 1, 6, 1, 2, 1, 4, 1, 1, 2, 2, 2, 2, 1, 3, 4, 1, 3, 1, 3, 1]"
User-038,2,trace_0661,1788732585.0746484,streaming,30010,263,263,328,131,250.85575103759766,349.74466919898987,0.3774386189366115,14.0,0,True,,1788732235.3298726,1788732486.1856236,1788732585.0745418,"[1788732486.1856236, 1788732486.7886927, 1788732487.4532464, 1788732488.154862, 1788732488.8790073, 1788732489.6326773, 1788732490.416178, 1788732491.2362885, 1788732492.0914943, 1788732492.9778671, 1788732493.8949778, 1788732494.8550146, 1788732495.4444354, 1788732496.0915391, 1788732496.7827787, 1788732497.498566, 1788732498.2463415, 1788732499.0202103, 1788732499.829468, 1788732500.669622, 1788732501.5334258, 1788732502.2460334, 1788732502.8581662, 1788732503.509996, 1788732504.2211673, 1788732504.9609582, 1788732505.7197547, 1788732506.5095634, 1788732507.3312335, 1788732508.1823072, 1788732509.0625935, 1788732509.9706929, 1788732510.8559644, 1788732511.4423594, 1788732512.0849438, 1788732512.7589726, 1788732513.468592, 1788732514.2091355, 1788732514.974098, 1788732515.7719724, 1788732516.6006548, 1788732517.4645, 1788732518.3616862, 1788732519.290322, 1788732519.938331, 1788732520.5544438, 1788732521.2156718, 1788732521.9141867, 1788732522.646488, 1788732523.4162924, 1788732524.1909747, 1788732525.0251067, 1788732525.7936368, 1788732526.407559, 1788732527.0658183, 1788732527.7686517, 1788732528.5047367, 1788732529.2690718, 1788732530.053124, 1788732530.8741047, 1788732531.5719857, 1788732532.1771924, 1788732532.8463814, 1788732533.537661, 1788732534.2674596, 1788732534.9173727, 1788732535.5317762, 1788732536.2023487, 1788732536.9206302, 1788732537.6474683, 1788732538.3996644, 1788732539.1801078, 1788732539.9957466, 1788732540.8483825, 1788732541.7318234, 1788732542.6447818, 1788732543.6009142, 1788732544.1735828, 1788732544.8150477, 1788732545.4855025, 1788732546.187124, 1788732546.9223812, 1788732547.6819136, 1788732548.472569, 1788732549.2802424, 1788732549.8739989, 1788732550.519766, 1788732551.1955183, 1788732551.9010277, 1788732552.6410139, 1788732553.421046, 1788732554.178394, 1788732554.7883947, 1788732555.4570768, 1788732556.1529803, 1788732556.8783085, 1788732557.629996, 1788732558.412971, 1788732559.218254, 1788732560.0741434, 1788732560.795978, 1788732561.4175267, 1788732562.0910378, 1788732562.7918406, 1788732563.5243294, 1788732564.2933562, 1788732565.0739331, 1788732565.8162324, 1788732566.4206927, 1788732567.1012738, 1788732567.804097, 1788732568.5389643, 1788732569.3028638, 1788732570.0946636, 1788732570.9154143, 1788732571.76525, 1788732572.4441125, 1788732573.050793, 1788732573.7228851, 1788732574.4251015, 1788732575.161404, 1788732575.9246902, 1788732576.7174647, 1788732577.4465895, 1788732578.036878, 1788732578.6938791, 1788732579.3805413, 1788732580.098814, 1788732580.8519084, 1788732581.6347883, 1788732582.4444628, 1788732583.283991, 1788732584.155514, 1788732585.0706513]","[1, 3, 4, 2, 6, 4, 2, 2, 2, 2, 3, 2, 4, 1, 4, 1, 2, 1, 1, 1, 1, 1, 3, 1, 1, 1, 2, 1, 2, 1, 4, 2, 3, 3, 2, 1, 4, 1, 1, 2, 3, 1, 2, 1, 2, 2, 3, 2, 2, 2, 2, 1, 3, 2, 5, 1, 1, 1, 1, 2, 2, 1, 3, 1, 1, 2, 1, 2, 1, 2, 1, 1, 1, 1, 1, 2, 2, 2, 3, 1, 2, 2, 2, 1, 2, 3, 3, 3, 3, 1, 2, 1, 2, 1, 2, 1, 2, 1, 1, 2, 1, 1, 2, 1, 3, 3, 2, 1, 2, 2, 1, 1, 1, 1, 2, 2, 1, 1, 1, 3, 3, 4, 1, 2, 2, 2, 3, 3, 4, 6, 1, 4, 2, 2]"
User-013,2,trace_0253,1788732589.0142705,streaming,22910,242,242,322,10,266.79281640052795,353.5653381347656,0.3600519574034758,15.0,0,True,,1788732235.4488382,1788732502.2416546,1788732589.0141764,"[1788732502.2416546, 1788732502.8531516, 1788732503.5060213, 1788732504.2171786, 1788732504.9540603, 1788732505.7156131, 1788732506.5056577, 1788732507.3273683, 1788732508.1778996, 1788732509.058387, 1788732509.966828, 1788732510.8520405, 1788732511.438411, 1788732512.0804894, 1788732512.7551014, 1788732513.4646606, 1788732514.205179, 1788732514.9701931, 1788732515.7680545, 1788732516.596732, 1788732517.4605122, 1788732518.357786, 1788732519.2863696, 1788732519.9335501, 1788732520.54991, 1788732521.2112765, 1788732521.9092872, 1788732522.6418645, 1788732523.4111342, 1788732524.1869895, 1788732525.021162, 1788732525.788855, 1788732526.402351, 1788732527.0618365, 1788732527.7644181, 1788732528.5005984, 1788732529.2644608, 1788732530.0492456, 1788732530.8698816, 1788732531.568263, 1788732532.1733317, 1788732532.8423886, 1788732533.5338109, 1788732534.26338, 1788732534.9137342, 1788732535.5279908, 1788732536.198321, 1788732536.9168425, 1788732537.643694, 1788732538.3959422, 1788732539.1763318, 1788732539.9920042, 1788732540.844507, 1788732541.7280655, 1788732542.6409802, 1788732543.596326, 1788732544.1693234, 1788732544.81068, 1788732545.4812336, 1788732546.1828523, 1788732546.9180124, 1788732547.6775932, 1788732548.468277, 1788732549.275937, 1788732549.8697174, 1788732550.5154479, 1788732551.1911972, 1788732551.8966553, 1788732552.6366696, 1788732553.4163463, 1788732554.173795, 1788732554.7845032, 1788732555.4533584, 1788732556.149225, 1788732556.8745592, 1788732557.626128, 1788732558.4090705, 1788732559.2144027, 1788732560.069612, 1788732560.7919588, 1788732561.4137626, 1788732562.0872183, 1788732562.7880685, 1788732563.52044, 1788732564.2887535, 1788732565.0707064, 1788732565.8143642, 1788732566.4174032, 1788732567.098045, 1788732567.8009143, 1788732568.535699, 1788732569.2995822, 1788732570.091332, 1788732570.9120195, 1788732571.762001, 1788732572.4409397, 1788732573.047498, 1788732573.7192328, 1788732574.422394, 1788732575.1587107, 1788732575.9219856, 1788732576.7148585, 1788732577.4431357, 1788732578.0336277, 1788732578.6907847, 1788732579.3769772, 1788732580.0955827, 1788732580.8487127, 1788732581.6315367, 1788732582.4411683, 1788732583.280332, 1788732584.152279, 1788732585.0673518, 1788732585.9903288, 1788732586.9606452, 1788732587.7517188, 1788732588.3384283, 1788732589.006816]","[1, 2, 2, 2, 1, 1, 1, 1, 1, 2, 1, 2, 1, 1, 2, 1, 3, 1, 1, 1, 3, 1, 1, 3, 1, 1, 2, 4, 1, 4, 2, 1, 3, 3, 4, 2, 2, 2, 3, 2, 3, 2, 1, 1, 3, 3, 2, 4, 4, 2, 2, 2, 1, 2, 1, 2, 2, 2, 3, 1, 4, 4, 2, 5, 2, 1, 1, 2, 1, 1, 3, 2, 1, 2, 3, 1, 1, 1, 4, 2, 2, 1, 1, 2, 3, 2, 4, 2, 2, 2, 3, 1, 1, 1, 1, 1, 3, 3, 3, 3, 1, 1, 1, 1, 3, 1, 4, 4, 3, 3, 2, 4, 2, 1, 2, 1, 3, 5]"
User-001,0,trace_0712,1788732596.919009,streaming,18851,119,106,0,294,298.5581796169281,363.90964245796204,0.6223948842003232,0.0,0,True,,1788732233.0092313,1788732531.567411,1788732596.9188738,"[1788732531.567411, 1788732532.1727014, 1788732532.8415568, 1788732533.5330021, 1788732534.2623057, 1788732534.9120014, 1788732535.5267022, 1788732536.1968725, 1788732536.915485, 1788732537.6423738, 1788732538.3946562, 1788732539.175046, 1788732539.9907272, 1788732540.8433406, 1788732541.7268076, 1788732542.6397488, 1788732543.594722, 1788732544.8094456, 1788732545.480009, 1788732546.9168441, 1788732547.6763515, 1788732549.2747555, 1788732549.8684666, 1788732550.5141566, 1788732551.1899385, 1788732551.895394, 1788732552.6354296, 1788732553.4150605, 1788732554.1726053, 1788732554.78318, 1788732555.4521108, 1788732556.147947, 1788732556.8733125, 1788732557.6248803, 1788732558.4076135, 1788732559.2130876, 1788732560.0682952, 1788732560.790632, 1788732561.4124944, 1788732562.0859292, 1788732563.5191271, 1788732565.069437, 1788732565.813789, 1788732567.0967524, 1788732567.7996674, 1788732568.5343957, 1788732569.2982597, 1788732570.0899584, 1788732570.910636, 1788732571.760702, 1788732572.4397738, 1788732573.0462193, 1788732573.717922, 1788732574.421069, 1788732575.1574547, 1788732575.9205997, 1788732576.71356, 1788732577.4416046, 1788732578.032346, 1788732578.6894746, 1788732579.3755932, 1788732580.094252, 1788732580.8473372, 1788732581.6302257, 1788732583.2790992, 1788732585.0660417, 1788732586.9593873, 1788732587.7502632, 1788732589.0055313, 1788732589.6856754, 1788732590.419064, 1788732591.1803331, 1788732591.9723773, 1788732592.8189812, 1788732593.405242, 1788732594.0446196, 1788732594.7110903, 1788732595.4110825, 1788732596.143764, 1788732596.910021]","[1, 1, 1, 1, 2, 1, 1, 2, 1, 2, 2, 1, 1, 1, 1, 1, 1, 1, 1, 1, 1, 1, 1, 2, 1, 1, 1, 1, 1, 1, 1, 2, 1, 1, 1, 2, 3, 2, 2, 1, 1, 1, 1, 1, 1, 2, 1, 1, 1, 2, 1, 1, 1, 1, 2, 2, 2, 2, 1, 2, 2, 2, 1, 1, 1, 1, 1, 1, 1, 1, 2, 3, 1, 2, 1, 2, 1, 1, 2, 1]"
User-030,3,trace_0082,1788732604.547685,streaming,21831,501,501,274,52,187.4855306148529,369.6757552623749,0.36438044929504393,14.0,0,True,,1788732234.8718648,1788732422.3573954,1788732604.54762,"[1788732422.3573954, 1788732422.9775574, 1788732423.6393616, 1788732424.3381562, 1788732425.064591, 1788732425.8152883, 1788732426.5925448, 1788732427.4006631, 1788732428.2385182, 1788732429.109162, 1788732430.013307, 1788732430.9476376, 1788732431.9167583, 1788732432.8763442, 1788732433.459951, 1788732434.1049318, 1788732434.779249, 1788732435.4870684, 1788732436.2256548, 1788732436.9924943, 1788732437.788107, 1788732438.6157656, 1788732439.4728446, 1788732440.3638356, 1788732441.2843757, 1788732442.2382302, 1788732443.2303512, 1788732443.8771522, 1788732444.4821568, 1788732445.1612942, 1788732445.8733456, 1788732446.6208532, 1788732447.397086, 1788732448.2108886, 1788732449.0383372, 1788732449.9014165, 1788732450.7945905, 1788732451.6622822, 1788732452.2541373, 1788732452.9029322, 1788732453.5683982, 1788732454.2993777, 1788732455.0537436, 1788732455.8357, 1788732456.6498091, 1788732457.4927163, 1788732458.363374, 1788732459.0752928, 1788732459.677247, 1788732460.3448446, 1788732461.032168, 1788732461.7552898, 1788732462.510325, 1788732463.3033607, 1788732464.1210597, 1788732464.9863038, 1788732465.868002, 1788732466.7817297, 1788732467.7201629, 1788732468.3124497, 1788732468.9668763, 1788732469.6531565, 1788732470.3701193, 1788732471.111838, 1788732471.8793018, 1788732472.6777828, 1788732473.5065796, 1788732474.3646333, 1788732475.260264, 1788732476.1299016, 1788732476.7126062, 1788732477.3580313, 1788732478.0366542, 1788732478.7392747, 1788732479.4766612, 1788732480.2385235, 1788732481.0350943, 1788732481.877322, 1788732482.731193, 1788732483.6291044, 1788732484.5613654, 1788732485.5140738, 1788732486.1871524, 1788732486.7902281, 1788732487.454891, 1788732488.1565595, 1788732488.8806095, 1788732489.6342971, 1788732490.41778, 1788732491.2379243, 1788732492.0930915, 1788732492.97955, 1788732493.8966343, 1788732494.8565533, 1788732495.4460726, 1788732496.093136, 1788732496.7844038, 1788732497.5002675, 1788732498.2479434, 1788732499.0218074, 1788732499.8311088, 1788732500.6712275, 1788732501.535062, 1788732502.2475648, 1788732502.859736, 1788732503.511644, 1788732504.2228346, 1788732504.9625857, 1788732505.7213118, 1788732506.5111716, 1788732507.3328323, 1788732508.1839437, 1788732509.0642478, 1788732509.9722989, 1788732510.8583405, 1788732511.4486556, 1788732512.0870085, 1788732512.7610755, 1788732513.4707127, 1788732514.21138, 1788732514.9763246, 1788732515.774171, 1788732516.6028683, 1788732517.466621, 1788732518.3638816, 1788732519.292105, 1788732519.9404132, 1788732520.5567183, 1788732521.2177777, 1788732521.9162912, 1788732522.6486108, 1788732523.4185255, 1788732524.1931705, 1788732525.0272477, 1788732525.7956991, 1788732526.4097288, 1788732527.0679884, 1788732527.7707613, 1788732528.5068386, 1788732529.271399, 1788732530.0552545, 1788732530.8762248, 1788732531.574182, 1788732532.1792524, 1788732532.848526, 1788732533.5397668, 1788732534.2696276, 1788732534.9195075, 1788732535.5338058, 1788732536.2044907, 1788732536.9226565, 1788732537.6495464, 1788732538.401228, 1788732539.1821709, 1788732539.9978263, 1788732540.850563, 1788732541.7338877, 1788732542.6468787, 1788732543.6030383, 1788732544.1757085, 1788732544.8171406, 1788732545.4875362, 1788732546.1892474, 1788732546.9245925, 1788732547.683985, 1788732548.4747882, 1788732549.2831972, 1788732549.876611, 1788732550.5223105, 1788732551.1980946, 1788732551.9035957, 1788732552.6435847, 1788732553.4236288, 1788732554.181417, 1788732554.7910068, 1788732555.459638, 1788732556.1555445, 1788732556.8808525, 1788732557.632603, 1788732558.4156244, 1788732559.2208278, 1788732560.076789, 1788732560.7979803, 1788732561.419643, 1788732562.0930955, 1788732562.793904, 1788732563.526428, 1788732564.295448, 1788732565.0760305, 1788732565.817615, 1788732566.4232757, 1788732567.103857, 1788732567.8067088, 1788732568.5415246, 1788732569.305291, 1788732570.0975022, 1788732570.918062, 1788732571.7677038, 1788732572.4474964, 1788732573.0538712, 1788732573.726015, 1788732574.4283156, 1788732575.1645794, 1788732575.9279482, 1788732576.7206776, 1788732577.4496658, 1788732578.040012, 1788732578.6971233, 1788732579.384199, 1788732580.1019187, 1788732580.8543704, 1788732581.637907, 1788732582.447651, 1788732583.287125, 1788732584.1586146, 1788732585.074072, 1788732585.9964478, 1788732586.9665036, 1788732587.7582052, 1788732588.3448675, 1788732589.0137522, 1788732589.6928408, 1788732590.4254465, 1788732591.1876056, 1788732591.9794884, 1788732592.8270285, 1788732593.412529, 1788732594.0522256, 1788732594.7186089, 1788732595.419, 1788732596.1514413, 1788732596.9227867, 1788732597.599939, 1788732598.2277763, 1788732598.9017973, 1788732599.6056442, 1788732600.3400183, 1788732601.1011293, 1788732601.891938, 1788732602.5735884, 1788732603.1839015, 1788732603.8455443, 1788732604.5471208]","[1, 1, 2, 2, 1, 4, 3, 2, 1, 1, 1, 1, 1, 1, 1, 1, 2, 2, 2, 1, 2, 5, 1, 2, 1, 2, 1, 1, 1, 3, 1, 1, 4, 2, 1, 1, 2, 6, 1, 1, 1, 5, 2, 1, 2, 2, 1, 1, 2, 3, 4, 1, 2, 2, 3, 2, 3, 2, 1, 1, 1, 2, 1, 1, 3, 3, 2, 3, 2, 2, 6, 2, 3, 1, 1, 2, 2, 1, 2, 4, 1, 1, 1, 4, 1, 2, 5, 2, 3, 1, 2, 4, 1, 2, 2, 1, 1, 1, 1, 1, 1, 3, 1, 3, 1, 2, 2, 2, 2, 2, 3, 3, 2, 1, 1, 5, 1, 2, 4, 1, 3, 2, 2, 1, 3, 2, 1, 1, 2, 3, 1, 4, 3, 4, 1, 3, 1, 3, 3, 3, 6, 4, 1, 1, 1, 2, 1, 1, 3, 3, 1, 3, 1, 1, 2, 2, 1, 3, 1, 2, 3, 1, 2, 2, 1, 1, 2, 2, 4, 1, 1, 4, 1, 4, 1, 2, 3, 1, 1, 1, 1, 1, 1, 2, 1, 6, 5, 4, 2, 1, 2, 3, 2, 3, 3, 3, 1, 2, 4, 4, 1, 3, 1, 2, 1, 1, 4, 4, 3, 1, 2, 2, 1, 1, 2, 1, 3, 2, 2, 2, 4, 2, 1, 1, 1, 4, 4, 1, 4, 3, 5, 1, 1, 3, 3, 3, 1, 2, 2, 1, 3, 2, 1]"
User-068,0,trace_0307,1788732628.2501962,streaming,11897,247,247,0,185,299.01526165008545,392.3522698879242,0.3794187326741412,0.0,0,True,,1788732235.8978004,1788732534.913062,1788732628.2500703,"[1788732534.913062, 1788732535.5273602, 1788732536.1977322, 1788732536.9162712, 1788732537.6430585, 1788732538.3953097, 1788732539.1756544, 1788732539.9913657, 1788732540.8439393, 1788732541.727422, 1788732542.6403518, 1788732543.5955975, 1788732544.168756, 1788732544.8100448, 1788732545.4806051, 1788732546.1821291, 1788732546.9174447, 1788732547.6769462, 1788732548.4676147, 1788732549.2753954, 1788732549.8690772, 1788732550.5147982, 1788732551.190543, 1788732551.8960125, 1788732552.6360407, 1788732553.4156942, 1788732554.1732576, 1788732554.7839487, 1788732555.4527218, 1788732556.1485634, 1788732556.8739157, 1788732557.6254869, 1788732558.408385, 1788732559.213698, 1788732560.0689535, 1788732560.7913115, 1788732561.4131238, 1788732562.0865395, 1788732562.7873995, 1788732563.5197678, 1788732564.2880614, 1788732565.0700517, 1788732565.8141115, 1788732566.4167209, 1788732567.0974042, 1788732567.8002744, 1788732568.5350533, 1788732569.298902, 1788732570.0907679, 1788732570.9114373, 1788732571.7613332, 1788732572.440405, 1788732573.0468612, 1788732573.7185361, 1788732574.4216895, 1788732575.158081, 1788732575.9212892, 1788732576.7141774, 1788732577.4423842, 1788732578.0329812, 1788732578.6900985, 1788732579.376394, 1788732580.0949256, 1788732580.8481119, 1788732581.6308792, 1788732582.4405022, 1788732583.2797022, 1788732584.1516144, 1788732585.0666585, 1788732585.989663, 1788732586.9600036, 1788732587.750999, 1788732588.3377635, 1788732589.0061386, 1788732589.6862886, 1788732590.4196868, 1788732591.1809738, 1788732591.97299, 1788732592.8196824, 1788732593.4058633, 1788732594.045239, 1788732594.7116923, 1788732595.411693, 1788732596.1443865, 1788732596.914685, 1788732597.5920918, 1788732598.2201717, 1788732598.894107, 1788732599.5979817, 1788732600.3322697, 1788732601.0934453, 1788732601.8842711, 1788732602.565268, 1788732603.1757193, 1788732603.837465, 1788732604.5383737, 1788732605.2667987, 1788732606.030847, 1788732606.8322387, 1788732607.6612172, 1788732608.5197992, 1788732609.4026778, 1788732610.0972207, 1788732610.6958823, 1788732611.3624802, 1788732612.0592508, 1788732612.784849, 1788732613.5440195, 1788732614.3290696, 1788732615.1465418, 1788732615.992934, 1788732616.651387, 1788732617.2604384, 1788732617.9272327, 1788732618.6230226, 1788732619.353487, 1788732620.110698, 1788732620.8978384, 1788732621.7180493, 1788732622.568725, 1788732623.2447293, 1788732623.853423, 1788732624.520968, 1788732625.2152896, 1788732625.9460783, 1788732626.7075257, 1788732627.4987016, 1788732628.2472365]","[1, 1, 2, 3, 1, 1, 4, 1, 1, 1, 1, 2, 1, 1, 2, 2, 2, 2, 2, 2, 1, 1, 1, 1, 1, 1, 1, 1, 2, 2, 2, 1, 2, 2, 2, 1, 3, 1, 2, 2, 2, 2, 1, 1, 1, 1, 2, 5, 1, 3, 5, 2, 1, 1, 1, 1, 4, 1, 1, 2, 1, 2, 4, 2, 1, 1, 2, 1, 1, 1, 2, 5, 4, 2, 2, 5, 2, 1, 2, 1, 1, 1, 1, 1, 1, 2, 6, 5, 2, 1, 1, 1, 1, 2, 3, 4, 2, 1, 1, 2, 2, 3, 2, 1, 1, 1, 1, 6, 4, 1, 5, 1, 1, 3, 1, 6, 4, 1, 2, 1, 1, 1, 1, 1, 6, 4, 3, 1]"
User-067,0,trace_0312,1788732629.5537314,streaming,17367,117,117,0,271,341.5759131908417,393.68494725227356,0.4492158108744128,0.0,0,True,,1788732235.8686216,1788732577.4445348,1788732629.5535688,"[1788732577.4445348, 1788732578.0346737, 1788732578.6918473, 1788732579.3783054, 1788732580.0966477, 1788732580.8500378, 1788732581.632599, 1788732582.4422803, 1788732583.2818127, 1788732584.1533568, 1788732585.0684395, 1788732585.9914653, 1788732586.9617226, 1788732587.752745, 1788732588.3395693, 1788732589.008201, 1788732589.6875165, 1788732590.4208598, 1788732591.182164, 1788732591.9741611, 1788732592.8209257, 1788732593.407048, 1788732594.0463834, 1788732594.7128668, 1788732595.41284, 1788732596.1455455, 1788732596.9161396, 1788732597.593383, 1788732598.221446, 1788732598.8954456, 1788732599.59927, 1788732600.3335905, 1788732601.0946918, 1788732601.8855069, 1788732602.5665753, 1788732603.1769788, 1788732603.8387218, 1788732604.53983, 1788732605.2680578, 1788732606.0320933, 1788732606.833497, 1788732607.6623716, 1788732608.521055, 1788732609.404011, 1788732610.099617, 1788732610.697693, 1788732611.3642905, 1788732612.0610363, 1788732612.7866225, 1788732613.5457969, 1788732614.3312454, 1788732615.1484575, 1788732615.994808, 1788732616.6533022, 1788732617.2622223, 1788732617.9290578, 1788732618.624793, 1788732619.3553476, 1788732620.1125395, 1788732620.8998294, 1788732621.71989, 1788732622.570507, 1788732623.246633, 1788732623.8552666, 1788732624.522775, 1788732625.2170599, 1788732625.9479322, 1788732626.7093754, 1788732627.5005171, 1788732628.2413135, 1788732628.8609476, 1788732629.5446196]","[1, 1, 1, 3, 1, 2, 2, 1, 1, 2, 2, 2, 1, 1, 1, 3, 1, 1, 1, 2, 1, 3, 4, 2, 2, 1, 2, 3, 1, 1, 2, 1, 1, 2, 2, 1, 1, 1, 2, 2, 3, 1, 1, 4, 2, 1, 2, 1, 1, 2, 1, 1, 1, 4, 2, 2, 1, 1, 1, 1, 2, 2, 2, 2, 1, 1, 1, 1, 1, 1, 4, 1]"
User-023,0,trace_0562,1788732634.0434937,streaming,20882,175,175,0,325,327.08830094337463,400.33730912208557,0.4209713113719019,0.0,0,True,,1788732233.706061,1788732560.7943618,1788732634.04337,"[1788732560.7943618, 1788732561.4159114, 1788732562.089281, 1788732562.7901633, 1788732563.5226302, 1788732564.2915924, 1788732565.0723107, 1788732565.8151557, 1788732566.4190283, 1788732567.0996513, 1788732567.8025057, 1788732568.5373127, 1788732569.3012154, 1788732570.093104, 1788732570.9137728, 1788732571.7636354, 1788732572.442577, 1788732573.0491292, 1788732573.721131, 1788732574.423503, 1788732575.159834, 1788732575.9231083, 1788732576.7159133, 1788732577.4450586, 1788732578.0352216, 1788732578.6923578, 1788732579.3788912, 1788732580.0971596, 1788732580.8505764, 1788732581.633127, 1788732582.4428272, 1788732583.282333, 1788732584.1538758, 1788732585.0689769, 1788732585.9919834, 1788732586.9622302, 1788732587.7541082, 1788732588.3405905, 1788732589.0092523, 1788732589.6885822, 1788732590.4219298, 1788732591.1832392, 1788732591.9752336, 1788732592.8228712, 1788732593.4086626, 1788732594.0479732, 1788732594.7144055, 1788732595.4147615, 1788732596.1471133, 1788732596.9178271, 1788732597.5958111, 1788732598.223542, 1788732598.89751, 1788732599.601366, 1788732600.3357055, 1788732601.096846, 1788732601.887646, 1788732602.5694616, 1788732603.179606, 1788732603.8413517, 1788732604.5426958, 1788732605.2706194, 1788732606.034694, 1788732606.83616, 1788732607.6651452, 1788732608.5236797, 1788732609.4066226, 1788732610.102212, 1788732610.700408, 1788732611.366997, 1788732612.0636299, 1788732612.7893176, 1788732613.548593, 1788732614.3340092, 1788732615.1512468, 1788732615.9975483, 1788732616.655893, 1788732617.264982, 1788732617.9318023, 1788732618.6275425, 1788732619.3580554, 1788732620.1153145, 1788732620.9026606, 1788732621.7224965, 1788732622.573272, 1788732623.250056, 1788732623.8585236, 1788732624.5259848, 1788732625.2202876, 1788732625.9512184, 1788732626.7126317, 1788732627.5037818, 1788732628.245665, 1788732628.864517, 1788732629.5489602, 1788732630.2435153, 1788732630.9770823, 1788732631.730356, 1788732632.5186486, 1788732633.3375952, 1788732634.037591]","[1, 1, 1, 1, 3, 3, 1, 1, 1, 1, 1, 4, 2, 2, 2, 2, 1, 1, 2, 2, 1, 1, 2, 2, 2, 2, 1, 1, 1, 1, 1, 2, 2, 1, 1, 1, 1, 3, 3, 1, 2, 1, 2, 1, 2, 3, 3, 1, 3, 2, 2, 2, 3, 1, 1, 2, 1, 2, 1, 1, 3, 1, 1, 2, 1, 3, 2, 1, 1, 1, 3, 2, 3, 1, 2, 2, 1, 1, 3, 2, 5, 1, 2, 1, 1, 3, 1, 2, 2, 4, 1, 1, 1, 1, 1, 1, 3, 3, 2, 2, 2]"
User-019,0,trace_0587,1788732635.3306646,streaming,19031,253,253,0,297,315.66926741600037,401.7181737422943,0.34146391399322995,0.0,0,True,,1788732233.612338,1788732549.2816055,1788732635.3305118,"[1788732549.2816055, 1788732549.875066, 1788732550.5207942, 1788732551.1965597, 1788732551.9020433, 1788732552.642018, 1788732553.4220796, 1788732554.1789079, 1788732554.788924, 1788732555.457585, 1788732556.1534946, 1788732556.8788385, 1788732557.6305172, 1788732558.4134886, 1788732559.2187748, 1788732560.0746596, 1788732560.7954109, 1788732561.4170134, 1788732562.0904746, 1788732562.7913158, 1788732563.5238113, 1788732564.292835, 1788732565.0733516, 1788732565.8156517, 1788732566.4201708, 1788732567.1006737, 1788732567.8035743, 1788732568.53836, 1788732569.3023376, 1788732570.0941398, 1788732570.9148865, 1788732571.7646575, 1788732572.4436219, 1788732573.0501747, 1788732573.7221842, 1788732574.424589, 1788732575.1608858, 1788732575.9241662, 1788732576.7169523, 1788732577.4460852, 1788732578.0362759, 1788732578.693363, 1788732579.3800085, 1788732580.0982018, 1788732580.8515148, 1788732581.634168, 1788732582.443864, 1788732583.283391, 1788732584.154911, 1788732585.0700207, 1788732585.9931393, 1788732586.9632983, 1788732587.7551212, 1788732588.341726, 1788732589.010477, 1788732589.6896238, 1788732590.4230185, 1788732591.1842854, 1788732591.976268, 1788732592.8238776, 1788732593.4097888, 1788732594.049115, 1788732594.7155292, 1788732595.4158738, 1788732596.1482544, 1788732596.9194677, 1788732597.596804, 1788732598.2246566, 1788732598.8986409, 1788732599.6024983, 1788732600.3368576, 1788732601.097981, 1788732601.8887868, 1788732602.5704613, 1788732603.1808147, 1788732603.8424895, 1788732604.5438032, 1788732605.2717884, 1788732606.0357742, 1788732606.8373022, 1788732607.6661813, 1788732608.5248, 1788732609.4077897, 1788732610.103323, 1788732610.7014408, 1788732611.3680067, 1788732612.0647628, 1788732612.7903545, 1788732613.5496514, 1788732614.335095, 1788732615.152348, 1788732615.9986, 1788732616.6577294, 1788732617.2665215, 1788732617.9333484, 1788732618.6290755, 1788732619.3596814, 1788732620.116865, 1788732620.9042773, 1788732621.7241406, 1788732622.5748577, 1788732623.2518673, 1788732623.8600395, 1788732624.527532, 1788732625.2218754, 1788732625.952781, 1788732626.7141323, 1788732627.5055828, 1788732628.2486694, 1788732628.865675, 1788732629.5505347, 1788732630.2450795, 1788732630.9787235, 1788732631.7319386, 1788732632.5202246, 1788732633.339134, 1788732634.0394244, 1788732634.6424782, 1788732635.326506]","[1, 1, 1, 2, 2, 2, 2, 2, 1, 1, 2, 1, 1, 1, 2, 2, 1, 1, 3, 4, 1, 2, 1, 2, 1, 2, 3, 2, 2, 2, 1, 2, 1, 2, 1, 2, 1, 1, 1, 1, 2, 2, 2, 2, 1, 1, 1, 1, 2, 3, 1, 2, 1, 3, 2, 1, 1, 2, 2, 1, 2, 6, 3, 2, 3, 1, 1, 1, 3, 4, 3, 2, 3, 2, 1, 1, 3, 1, 1, 3, 4, 2, 2, 1, 2, 3, 4, 3, 1, 2, 1, 2, 2, 2, 3, 2, 4, 5, 3, 6, 4, 3, 2, 2, 4, 2, 3, 4, 2, 5, 4, 6, 3, 3, 1, 3, 2, 2, 1]"
User-066,0,trace_0681,1788732642.6241431,streaming,21193,176,176,0,330,336.62117552757263,406.79984283447266,0.4010209560394287,0.0,0,True,,1788732235.823761,1788732572.4449365,1788732642.6236038,"[1788732572.4449365, 1788732573.0513175, 1788732573.7233987, 1788732574.4256456, 1788732575.1620007, 1788732575.9252334, 1788732576.71807, 1788732577.4471107, 1788732578.0374188, 1788732578.6944668, 1788732579.3810966, 1788732580.0993493, 1788732580.8523319, 1788732581.635344, 1788732582.4449701, 1788732583.284519, 1788732584.156024, 1788732585.0714705, 1788732585.9936562, 1788732586.9639015, 1788732587.755618, 1788732588.342267, 1788732589.0110104, 1788732589.6902175, 1788732590.4235032, 1788732591.1847992, 1788732591.97686, 1788732592.824407, 1788732593.4103024, 1788732594.0496404, 1788732594.716054, 1788732595.416407, 1788732596.1487885, 1788732596.920081, 1788732597.597325, 1788732598.2251813, 1788732598.8992136, 1788732599.6030498, 1788732600.3373828, 1788732601.0984988, 1788732601.8893032, 1788732602.5710547, 1788732603.181332, 1788732603.843014, 1788732604.5443532, 1788732605.2743192, 1788732606.0377874, 1788732606.8398676, 1788732607.6688542, 1788732608.5277655, 1788732609.4103613, 1788732610.1058564, 1788732610.7040343, 1788732611.3705769, 1788732612.067386, 1788732612.79292, 1788732613.5522006, 1788732614.3377595, 1788732615.1550481, 1788732616.0011497, 1788732616.660249, 1788732617.2690885, 1788732617.9357066, 1788732618.631645, 1788732619.3622816, 1788732620.1195517, 1788732620.9069698, 1788732621.7267618, 1788732622.5774674, 1788732623.2546074, 1788732623.8626041, 1788732624.5300403, 1788732625.22446, 1788732625.955341, 1788732626.7166917, 1788732627.5081584, 1788732628.249673, 1788732628.8676257, 1788732629.553202, 1788732630.2477276, 1788732630.9813263, 1788732631.7344904, 1788732632.522857, 1788732633.3417003, 1788732634.0429647, 1788732634.6455975, 1788732635.330009, 1788732636.0343325, 1788732636.7716806, 1788732637.5351753, 1788732638.3299117, 1788732639.1553397, 1788732639.9870589, 1788732640.5760531, 1788732641.2228017, 1788732641.9055107, 1788732642.622828]","[1, 1, 1, 2, 2, 2, 3, 1, 1, 1, 2, 1, 1, 1, 2, 1, 1, 1, 1, 2, 3, 3, 2, 1, 2, 1, 2, 2, 1, 2, 1, 1, 2, 2, 1, 2, 1, 1, 2, 1, 2, 4, 1, 1, 1, 1, 3, 1, 2, 2, 1, 1, 3, 3, 1, 3, 2, 2, 1, 1, 2, 3, 2, 4, 1, 1, 1, 3, 3, 3, 2, 5, 5, 2, 2, 1, 4, 1, 1, 2, 2, 2, 1, 1, 3, 2, 2, 1, 1, 2, 4, 1, 2, 1, 2, 3, 1]"
User-020,0,trace_0108,1788732643.3698833,streaming,16565,219,219,0,258,320.52586126327515,409.7158999443054,0.40912861780289117,0.0,0,True,,1788732233.6538851,1788732554.1797464,1788732643.369785,"[1788732554.1797464, 1788732554.789438, 1788732555.4580884, 1788732556.1539955, 1788732556.879339, 1788732557.6310391, 1788732558.4140124, 1788732559.219291, 1788732560.0752113, 1788732560.796476, 1788732561.4180396, 1788732562.0915456, 1788732562.7923553, 1788732563.5248687, 1788732564.2938657, 1788732565.0744452, 1788732565.816489, 1788732566.4212089, 1788732567.1018045, 1788732567.804681, 1788732568.5394764, 1788732569.3033683, 1788732570.095204, 1788732570.9159594, 1788732571.7657647, 1788732572.4454408, 1788732573.0518231, 1788732573.7239125, 1788732574.4262302, 1788732575.1625156, 1788732575.9257581, 1788732576.7185931, 1788732577.4476216, 1788732578.0379326, 1788732578.694996, 1788732579.3816335, 1788732580.0998516, 1788732580.852732, 1788732581.63585, 1788732582.445483, 1788732583.285034, 1788732584.1565332, 1788732585.0719903, 1788732585.9941738, 1788732586.9644413, 1788732587.7561386, 1788732588.3427932, 1788732589.0115583, 1788732589.690745, 1788732590.4238899, 1788732591.1854389, 1788732591.9773767, 1788732592.8249278, 1788732593.4108398, 1788732594.050144, 1788732594.716552, 1788732595.4169114, 1788732596.1493154, 1788732596.9206364, 1788732597.5978975, 1788732598.225696, 1788732598.8997264, 1788732599.603554, 1788732600.3379, 1788732601.0990274, 1788732601.889814, 1788732602.5715966, 1788732603.1818326, 1788732603.8435159, 1788732604.5448804, 1788732605.2722871, 1788732606.036159, 1788732606.8378196, 1788732607.666712, 1788732608.525304, 1788732609.4083066, 1788732610.1038327, 1788732610.7019532, 1788732611.3685234, 1788732612.0652854, 1788732612.7908764, 1788732613.5501544, 1788732614.3356254, 1788732615.152867, 1788732615.9991302, 1788732616.6582437, 1788732617.2670414, 1788732617.9338553, 1788732618.6295798, 1788732619.3602083, 1788732620.1174037, 1788732620.9048085, 1788732621.7246816, 1788732622.5753813, 1788732623.2525716, 1788732623.8605525, 1788732624.5280447, 1788732625.2223973, 1788732625.9532812, 1788732626.7146358, 1788732627.506104, 1788732628.2431543, 1788732628.8660622, 1788732629.5510528, 1788732630.2456217, 1788732630.9792511, 1788732631.7324586, 1788732632.5207353, 1788732633.3396475, 1788732634.0409117, 1788732634.6435337, 1788732635.3278751, 1788732636.032246, 1788732636.7695577, 1788732637.533108, 1788732638.3278306, 1788732639.1532462, 1788732639.9849882, 1788732640.5741158, 1788732641.221226, 1788732641.9033873, 1788732642.620774, 1788732643.3669407]","[1, 1, 1, 2, 2, 2, 1, 3, 2, 1, 1, 2, 1, 2, 2, 1, 3, 1, 2, 2, 1, 1, 1, 1, 2, 2, 2, 1, 2, 2, 2, 2, 1, 2, 1, 2, 2, 2, 1, 4, 1, 1, 2, 1, 1, 2, 2, 1, 3, 2, 6, 1, 1, 1, 1, 1, 1, 3, 1, 4, 1, 2, 1, 4, 3, 3, 1, 1, 2, 1, 1, 2, 3, 2, 3, 2, 2, 2, 2, 2, 1, 3, 3, 2, 1, 1, 1, 1, 1, 3, 6, 2, 1, 1, 1, 1, 1, 1, 1, 1, 1, 4, 4, 2, 1, 2, 1, 2, 2, 2, 1, 1, 2, 2, 2, 3, 2, 1, 2, 1, 2, 2, 1]"
User-065,0,trace_0054,1788732663.6994483,streaming,16892,251,251,0,263,330.04589653015137,427.92805004119873,0.3915286140441894,0.0,0,True,,1788732235.7712429,1788732565.8171394,1788732663.699293,"[1788732565.8171394, 1788732566.422237, 1788732567.1028235, 1788732567.805697, 1788732568.5404947, 1788732569.3043754, 1788732570.0962598, 1788732570.9170156, 1788732571.7667918, 1788732572.4464643, 1788732573.052853, 1788732573.7250202, 1788732574.4272733, 1788732575.1635644, 1788732575.926895, 1788732576.7196288, 1788732577.4486454, 1788732578.0389638, 1788732578.6960707, 1788732579.3831246, 1788732580.100894, 1788732580.8535585, 1788732581.6368687, 1788732582.4465423, 1788732583.28608, 1788732584.1575782, 1788732585.073048, 1788732585.9952154, 1788732586.9654725, 1788732587.7571616, 1788732588.3438418, 1788732589.0126715, 1788732589.6917844, 1788732590.4246674, 1788732591.1865237, 1788732591.9784088, 1788732592.8260098, 1788732593.411756, 1788732594.0511887, 1788732594.7175746, 1788732595.4179525, 1788732596.1503766, 1788732596.9216976, 1788732597.598949, 1788732598.226725, 1788732598.9007661, 1788732599.6045973, 1788732600.3389738, 1788732601.100073, 1788732601.8908515, 1788732602.5725756, 1788732603.182862, 1788732603.844519, 1788732604.545956, 1788732605.2733064, 1788732606.0369794, 1788732606.8388517, 1788732607.6678221, 1788732608.52655, 1788732609.4093366, 1788732610.104851, 1788732610.7029858, 1788732611.3695524, 1788732612.0663292, 1788732612.7919092, 1788732613.5511801, 1788732614.3366933, 1788732615.154003, 1788732616.000133, 1788732616.6592453, 1788732617.268042, 1788732617.9349012, 1788732618.630598, 1788732619.3612406, 1788732620.1184871, 1788732620.9058557, 1788732621.7256916, 1788732622.5764034, 1788732623.2535982, 1788732623.8615701, 1788732624.5290346, 1788732625.22343, 1788732625.9542906, 1788732626.7156663, 1788732627.5071502, 1788732628.2436686, 1788732628.866848, 1788732629.5521228, 1788732630.2466621, 1788732630.9803, 1788732631.733462, 1788732632.521788, 1788732633.3406792, 1788732634.0419228, 1788732634.6445653, 1788732635.3289266, 1788732636.0332704, 1788732636.7705977, 1788732637.5341365, 1788732638.328894, 1788732639.1542745, 1788732639.9859948, 1788732640.5752532, 1788732641.2219813, 1788732641.9044278, 1788732642.6217792, 1788732643.3682947, 1788732644.1376445, 1788732644.943959, 1788732645.7785597, 1788732646.6438098, 1788732647.53755, 1788732648.464833, 1788732649.3567295, 1788732649.9391005, 1788732650.5889263, 1788732651.2666981, 1788732651.9743493, 1788732652.7164626, 1788732653.483499, 1788732654.2406325, 1788732654.839556, 1788732655.4886334, 1788732656.1678042, 1788732656.8794215, 1788732657.6235297, 1788732658.3918982, 1788732659.078049, 1788732659.686718, 1788732660.350788, 1788732661.0418613, 1788732661.7755487, 1788732662.3750696, 1788732663.015196, 1788732663.6932495]","[1, 1, 1, 2, 2, 2, 3, 1, 1, 1, 1, 1, 2, 1, 1, 2, 1, 2, 1, 1, 1, 1, 2, 3, 1, 2, 1, 2, 1, 2, 1, 2, 3, 2, 1, 3, 1, 1, 2, 1, 3, 1, 2, 2, 2, 2, 1, 1, 2, 4, 1, 2, 6, 3, 1, 2, 4, 1, 1, 2, 3, 2, 2, 2, 1, 1, 3, 1, 1, 2, 4, 1, 4, 3, 2, 5, 2, 1, 1, 1, 1, 1, 1, 1, 1, 2, 1, 6, 3, 1, 1, 2, 2, 2, 1, 1, 1, 1, 1, 2, 2, 2, 2, 4, 3, 2, 1, 3, 6, 2, 2, 1, 3, 1, 2, 2, 1, 1, 1, 1, 2, 1, 5, 5, 2, 1, 1, 1, 2, 2, 1, 1, 1, 1, 5]"
User-006,5,trace_0396,1788732682.7389934,streaming,31170,266,266,385,49,351.78833770751953,446.77361845970154,0.3584350217063472,11.0,0,True,,1788732235.9652474,1788732587.753585,1788732682.7388659,"[1788732587.753585, 1788732588.3400815, 1788732589.008733, 1788732589.688042, 1788732590.4213905, 1788732591.1826913, 1788732591.9746907, 1788732592.8223062, 1788732593.4081032, 1788732594.0474641, 1788732594.7138896, 1788732595.4142275, 1788732596.1465638, 1788732596.9172914, 1788732597.5944257, 1788732598.2224824, 1788732598.8964918, 1788732599.6003194, 1788732600.3346353, 1788732601.095789, 1788732601.8865762, 1788732602.568466, 1788732603.1785252, 1788732603.8403168, 1788732604.541613, 1788732605.2696114, 1788732606.0336568, 1788732606.8351161, 1788732607.6641119, 1788732608.5226283, 1788732609.4055915, 1788732610.1011927, 1788732610.6992812, 1788732611.3658574, 1788732612.0625691, 1788732612.7881944, 1788732613.547396, 1788732614.3328815, 1788732615.1501813, 1788732615.996385, 1788732616.6548743, 1788732617.2638402, 1788732617.930645, 1788732618.6263776, 1788732619.3569057, 1788732620.1141248, 1788732620.9014466, 1788732621.7214606, 1788732622.5721211, 1788732623.2481952, 1788732623.8568418, 1788732624.524326, 1788732625.2185953, 1788732625.9494855, 1788732626.7109792, 1788732627.5020726, 1788732628.239399, 1788732628.8631327, 1788732629.547065, 1788732630.2417629, 1788732630.9754412, 1788732631.7287254, 1788732632.5170856, 1788732633.3359382, 1788732634.0358984, 1788732634.6367402, 1788732635.3236897, 1788732636.0289752, 1788732636.766194, 1788732637.5299323, 1788732638.3245275, 1788732639.149942, 1788732639.9817474, 1788732640.570885, 1788732641.2184718, 1788732641.9001896, 1788732642.6175678, 1788732643.3641276, 1788732644.1343806, 1788732644.9407353, 1788732645.7752957, 1788732646.640532, 1788732647.5343652, 1788732648.4615822, 1788732649.3536007, 1788732649.935867, 1788732650.5857248, 1788732651.2634778, 1788732651.9712453, 1788732652.7132819, 1788732653.4803255, 1788732654.2374723, 1788732654.836426, 1788732655.4856, 1788732656.1647182, 1788732656.8763692, 1788732657.6204658, 1788732658.3889213, 1788732659.0741367, 1788732659.6832535, 1788732660.347187, 1788732661.0382533, 1788732661.771848, 1788732662.371122, 1788732663.0112724, 1788732663.6892662, 1788732664.3873787, 1788732665.1347003, 1788732665.905782, 1788732666.7131894, 1788732667.5485926, 1788732668.4097824, 1788732669.0578325, 1788732669.6743736, 1788732670.3462515, 1788732671.0441768, 1788732671.7759542, 1788732672.496312, 1788732673.0983515, 1788732673.7514377, 1788732674.435186, 1788732675.1467886, 1788732675.8882213, 1788732676.656055, 1788732677.4559908, 1788732678.30074, 1788732679.167851, 1788732680.061173, 1788732680.984327, 1788732681.940969, 1788732682.7310724]","[1, 1, 1, 3, 3, 3, 1, 3, 6, 1, 2, 2, 1, 2, 1, 1, 1, 1, 1, 2, 1, 1, 2, 2, 3, 1, 1, 2, 1, 1, 2, 2, 3, 4, 2, 3, 6, 5, 1, 4, 1, 4, 2, 1, 1, 3, 2, 2, 1, 1, 4, 1, 1, 1, 1, 1, 3, 2, 1, 3, 2, 1, 2, 1, 1, 2, 2, 1, 2, 1, 1, 2, 2, 2, 1, 1, 2, 1, 3, 2, 3, 4, 2, 5, 2, 3, 1, 2, 3, 3, 3, 5, 1, 2, 3, 2, 6, 4, 3, 2, 2, 1, 2, 1, 2, 2, 1, 1, 1, 1, 1, 2, 2, 2, 2, 1, 4, 1, 2, 1, 1, 2, 2, 1, 3, 2, 4, 1, 4, 2, 1]"
User-069,0,trace_0672,1788732687.8523111,streaming,18367,263,263,0,286,356.8071370124817,451.8376078605652,0.3627117207942118,0.0,0,True,,1788732236.0146492,1788732592.8217862,1788732687.852257,"[1788732592.8217862, 1788732593.4075856, 1788732594.0469449, 1788732594.7133777, 1788732595.4135363, 1788732596.1460578, 1788732596.9167209, 1788732597.5939224, 1788732598.221973, 1788732598.8959758, 1788732599.5998073, 1788732600.3341174, 1788732601.0952663, 1788732601.8860486, 1788732602.5671284, 1788732603.1775088, 1788732603.8392837, 1788732604.5403779, 1788732605.2685835, 1788732606.032629, 1788732606.8340406, 1788732607.6629446, 1788732608.5215814, 1788732609.4045575, 1788732610.1001387, 1788732610.6982114, 1788732611.364818, 1788732612.061545, 1788732612.7871754, 1788732613.546311, 1788732614.331791, 1788732615.1489997, 1788732615.995351, 1788732616.6538386, 1788732617.262802, 1788732617.9295871, 1788732618.6253088, 1788732619.355873, 1788732620.113061, 1788732620.9003675, 1788732621.7204056, 1788732622.571081, 1788732623.2471917, 1788732623.8558016, 1788732624.523291, 1788732625.217573, 1788732625.9484613, 1788732626.7098913, 1788732627.5010307, 1788732628.2401044, 1788732628.8615217, 1788732629.5454197, 1788732630.2407236, 1788732630.9743629, 1788732631.7276938, 1788732632.5160413, 1788732633.3348806, 1788732634.0346715, 1788732634.6356947, 1788732635.3223748, 1788732636.0279248, 1788732636.765161, 1788732637.5289092, 1788732638.3235047, 1788732639.1488543, 1788732639.9806771, 1788732640.569889, 1788732641.2174492, 1788732641.8989518, 1788732642.616644, 1788732643.3630924, 1788732644.1333387, 1788732644.9396982, 1788732645.7741942, 1788732646.639495, 1788732647.5333347, 1788732648.4604645, 1788732649.3517005, 1788732649.934259, 1788732650.584176, 1788732651.2617345, 1788732651.969532, 1788732652.7115934, 1788732653.4785862, 1788732654.235248, 1788732654.8342369, 1788732655.4834356, 1788732656.1626077, 1788732656.8741212, 1788732657.6182048, 1788732658.3866718, 1788732659.0721393, 1788732659.6810179, 1788732660.3449216, 1788732661.0360415, 1788732661.7730389, 1788732662.3722458, 1788732663.0124574, 1788732663.6904442, 1788732664.3850973, 1788732665.132375, 1788732665.9035635, 1788732666.7109776, 1788732667.5463102, 1788732668.407583, 1788732669.0590765, 1788732669.6755924, 1788732670.3474512, 1788732671.045526, 1788732671.7771606, 1788732672.4975102, 1788732673.0995755, 1788732673.7526207, 1788732674.43635, 1788732675.1480234, 1788732675.8894377, 1788732676.6572218, 1788732677.4572003, 1788732678.3019326, 1788732679.1690502, 1788732680.0623474, 1788732680.9855509, 1788732681.942223, 1788732682.7326846, 1788732683.3370917, 1788732684.0180335, 1788732684.7241383, 1788732685.4595847, 1788732686.2218497, 1788732687.0135977, 1788732687.8433383]","[1, 1, 1, 2, 2, 2, 1, 2, 1, 1, 1, 1, 1, 2, 1, 1, 2, 2, 1, 1, 2, 2, 2, 2, 3, 2, 3, 1, 1, 1, 2, 1, 1, 3, 1, 3, 2, 1, 2, 1, 5, 2, 1, 1, 3, 2, 1, 1, 1, 1, 2, 4, 1, 5, 3, 2, 3, 1, 1, 3, 1, 1, 1, 3, 1, 4, 3, 3, 2, 2, 1, 1, 3, 1, 1, 2, 4, 6, 4, 1, 6, 1, 1, 1, 1, 1, 1, 1, 6, 2, 1, 1, 1, 1, 2, 1, 2, 4, 3, 1, 1, 3, 2, 6, 4, 3, 3, 1, 3, 4, 3, 1, 1, 1, 2, 6, 5, 2, 1, 1, 1, 1, 2, 1, 1, 1, 1, 4, 6, 2, 1]"
User-033,3,trace_0538,1788732689.3123097,streaming,11149,105,105,161,8,369.2707624435425,396.80514788627625,0.26475370618013233,10.0,0,True,,1788732292.5071259,1788732661.7778883,1788732689.3122737,"[1788732661.7778883, 1788732662.3771482, 1788732663.0172257, 1788732663.695627, 1788732664.3868227, 1788732665.1341658, 1788732665.9052777, 1788732666.7125525, 1788732667.548051, 1788732668.4092565, 1788732669.0639055, 1788732669.6803145, 1788732670.3523023, 1788732671.049616, 1788732671.781957, 1788732672.502048, 1788732673.1043673, 1788732673.757299, 1788732674.441147, 1788732675.1527746, 1788732675.8942776, 1788732676.6620185, 1788732677.4618928, 1788732678.3068125, 1788732679.1738658, 1788732680.0671167, 1788732680.9904103, 1788732681.9470358, 1788732682.7395618, 1788732683.3424714, 1788732684.0256605, 1788732684.7295823, 1788732685.4649024, 1788732686.2272246, 1788732687.0189998, 1788732687.849138, 1788732688.6957295, 1788732689.3083696]","[1, 3, 4, 5, 4, 1, 1, 3, 2, 3, 1, 6, 3, 1, 3, 1, 1, 2, 4, 3, 1, 3, 5, 4, 6, 2, 3, 4, 2, 4, 2, 1, 5, 1, 2, 2, 3, 3]"
User-070,0,trace_0477,1788732689.980958,streaming,16517,209,209,0,257,366.449907541275,453.8628318309784,0.42025444370049697,0.0,0,True,,1788732236.1180503,1788732602.5679579,1788732689.9808822,"[1788732602.5679579, 1788732603.1780162, 1788732603.839799, 1788732604.5409205, 1788732605.2690918, 1788732606.0331426, 1788732606.8345628, 1788732607.663595, 1788732608.52212, 1788732609.40508, 1788732610.1006768, 1788732610.6987257, 1788732611.3653371, 1788732612.0620615, 1788732612.7876892, 1788732613.5468626, 1788732614.3323374, 1788732615.1495311, 1788732615.9958625, 1788732616.6543405, 1788732617.2633235, 1788732617.9301314, 1788732618.6258352, 1788732619.3563983, 1788732620.1136022, 1788732620.90091, 1788732621.7209563, 1788732622.571595, 1788732623.2476974, 1788732623.8563232, 1788732624.5238278, 1788732625.2180898, 1788732625.9489782, 1788732626.710401, 1788732627.501534, 1788732628.2446544, 1788732628.8620398, 1788732629.545974, 1788732630.24019, 1788732630.9738166, 1788732631.7271457, 1788732632.5155108, 1788732633.3342881, 1788732634.0341625, 1788732634.6351488, 1788732635.321778, 1788732636.0273411, 1788732636.764551, 1788732637.5283775, 1788732638.3229513, 1788732639.148329, 1788732639.9801598, 1788732640.5691671, 1788732641.2169344, 1788732641.8983703, 1788732642.6161346, 1788732643.3625426, 1788732644.132783, 1788732644.9391642, 1788732645.773687, 1788732646.6389773, 1788732647.5328243, 1788732648.4598978, 1788732649.351168, 1788732649.9337485, 1788732650.5836616, 1788732651.261209, 1788732651.969003, 1788732652.711064, 1788732653.4780457, 1788732654.2346866, 1788732654.833707, 1788732655.4828813, 1788732656.1620903, 1788732656.8735936, 1788732657.617692, 1788732658.3861578, 1788732659.0716233, 1788732659.6804807, 1788732660.3444011, 1788732661.0355313, 1788732661.77706, 1788732662.3766277, 1788732663.0167122, 1788732663.6951146, 1788732664.384578, 1788732665.1318314, 1788732665.9030356, 1788732666.7104328, 1788732667.5457506, 1788732668.40704, 1788732669.0634172, 1788732669.6797915, 1788732670.3517501, 1788732671.0492315, 1788732671.781455, 1788732672.5015543, 1788732673.1038659, 1788732673.7567956, 1788732674.4406147, 1788732675.1522586, 1788732675.8937771, 1788732676.661492, 1788732677.4613867, 1788732678.3062813, 1788732679.1733456, 1788732680.0665984, 1788732680.9898965, 1788732681.9465132, 1788732682.7382693, 1788732683.3419633, 1788732684.0251434, 1788732684.729024, 1788732685.464381, 1788732686.2266903, 1788732687.018471, 1788732687.8486261, 1788732688.6952379, 1788732689.3078198, 1788732689.975956]","[1, 1, 1, 1, 2, 1, 2, 2, 1, 1, 1, 1, 2, 1, 2, 1, 2, 1, 2, 1, 2, 1, 2, 1, 2, 1, 1, 2, 1, 1, 2, 1, 2, 3, 3, 1, 3, 2, 1, 2, 2, 2, 3, 1, 2, 2, 3, 3, 1, 2, 1, 3, 2, 1, 2, 1, 2, 3, 2, 1, 1, 1, 1, 1, 1, 1, 2, 3, 2, 2, 2, 2, 2, 1, 2, 1, 1, 4, 3, 2, 1, 2, 1, 2, 1, 1, 1, 2, 1, 5, 2, 1, 2, 1, 2, 1, 2, 1, 1, 5, 2, 1, 2, 1, 2, 2, 1, 2, 1, 5, 2, 1, 4, 1, 3, 2, 2, 1, 2, 2]"
User-040,0,trace_0278,1788732695.7943265,streaming,19519,1035,1031,0,304,76.92081308364868,461.9509084224701,0.3738156265425451,0.0,0,True,,1788732233.843287,1788732310.7641,1788732695.7941954,"[1788732310.7641, 1788732311.3519824, 1788732311.9939654, 1788732312.6673274, 1788732313.3691463, 1788732314.1019824, 1788732314.8619905, 1788732315.6548507, 1788732316.370843, 1788732316.969021, 1788732317.6259742, 1788732318.3051367, 1788732319.0185893, 1788732319.7591722, 1788732320.5302775, 1788732321.3338256, 1788732322.1703706, 1788732323.0361562, 1788732323.8454547, 1788732324.4395032, 1788732325.0901706, 1788732325.7608895, 1788732326.4804149, 1788732327.2369277, 1788732328.0035422, 1788732328.8081691, 1788732329.6445355, 1788732330.5066628, 1788732331.3999608, 1788732332.3249452, 1788732333.283152, 1788732333.9245422, 1788732334.5274737, 1788732335.1916645, 1788732335.8918002, 1788732336.618156, 1788732337.3732839, 1788732338.1601548, 1788732338.8312807, 1788732339.440943, 1788732340.1022327, 1788732340.790693, 1788732341.5140004, 1788732342.2615376, 1788732343.0406432, 1788732343.8328996, 1788732344.4236708, 1788732345.0646062, 1788732345.739448, 1788732346.4565637, 1788732347.1853096, 1788732347.956505, 1788732348.7636437, 1788732349.4453943, 1788732350.0502172, 1788732350.7126763, 1788732351.402918, 1788732352.1251094, 1788732352.8741384, 1788732353.6488, 1788732354.4630804, 1788732355.1665728, 1788732355.7725923, 1788732356.4292336, 1788732357.1218345, 1788732357.8336222, 1788732358.5910678, 1788732359.3803914, 1788732360.2154977, 1788732361.0607867, 1788732361.8230088, 1788732362.421221, 1788732363.0741308, 1788732363.7549543, 1788732364.4708276, 1788732365.2219663, 1788732365.9962122, 1788732366.8111522, 1788732367.6610608, 1788732368.3482556, 1788732368.9537163, 1788732369.6195, 1788732370.3267255, 1788732371.03427, 1788732371.7846892, 1788732372.563731, 1788732373.380307, 1788732374.2215598, 1788732375.1026015, 1788732376.0099142, 1788732376.9499996, 1788732377.8577113, 1788732378.4359162, 1788732379.0845435, 1788732379.767925, 1788732380.4950588, 1788732381.2403321, 1788732382.0162985, 1788732382.8261933, 1788732383.663915, 1788732384.530947, 1788732385.4259498, 1788732386.3573222, 1788732387.1575255, 1788732387.7452366, 1788732388.4182155, 1788732389.1218276, 1788732389.8534968, 1788732390.61962, 1788732391.400133, 1788732392.1990354, 1788732392.7862763, 1788732393.438701, 1788732394.106893, 1788732394.8116224, 1788732395.5499969, 1788732396.3175848, 1788732397.1191385, 1788732397.9501543, 1788732398.664415, 1788732399.2701943, 1788732399.9290664, 1788732400.6172822, 1788732401.3377533, 1788732402.0883434, 1788732402.874275, 1788732403.6864383, 1788732404.5275295, 1788732405.4021587, 1788732406.3090012, 1788732407.2478533, 1788732408.2135847, 1788732409.026335, 1788732409.6206021, 1788732410.277281, 1788732410.9703877, 1788732411.6857996, 1788732412.4397287, 1788732413.2307112, 1788732414.0528145, 1788732414.9112976, 1788732415.6358988, 1788732416.2599566, 1788732416.9384503, 1788732417.647163, 1788732418.3833215, 1788732419.1551473, 1788732419.939249, 1788732420.7713478, 1788732421.611579, 1788732422.359022, 1788732422.9794688, 1788732423.6409206, 1788732424.3397677, 1788732425.0661523, 1788732425.8169012, 1788732426.5941336, 1788732427.402206, 1788732428.2400682, 1788732429.1107993, 1788732430.0149267, 1788732430.9492102, 1788732431.9183044, 1788732432.8778622, 1788732433.4615035, 1788732434.1064322, 1788732434.7807822, 1788732435.4886305, 1788732436.2273002, 1788732436.9940147, 1788732437.7896483, 1788732438.6173942, 1788732439.4744031, 1788732440.3653965, 1788732441.2859087, 1788732442.2397923, 1788732443.2319663, 1788732443.8787081, 1788732444.4836936, 1788732445.163199, 1788732445.8743682, 1788732446.62187, 1788732447.3981225, 1788732448.2119765, 1788732449.0393627, 1788732449.9024324, 1788732450.7995882, 1788732451.663423, 1788732452.2551694, 1788732452.903945, 1788732453.5694337, 1788732454.3004436, 1788732455.0547905, 1788732455.8368027, 1788732456.650882, 1788732457.4937463, 1788732458.3644207, 1788732459.0762918, 1788732459.6782448, 1788732460.345901, 1788732461.033199, 1788732461.756338, 1788732462.511383, 1788732463.3043811, 1788732464.1206613, 1788732464.9857805, 1788732465.8674862, 1788732466.7811968, 1788732467.7196562, 1788732468.311907, 1788732468.9663558, 1788732469.6526165, 1788732470.3695917, 1788732471.1112888, 1788732471.8787787, 1788732472.6770642, 1788732473.5060477, 1788732474.3641217, 1788732475.2597418, 1788732476.129364, 1788732476.712088, 1788732477.3575199, 1788732478.0361285, 1788732478.738755, 1788732479.4761448, 1788732480.2380066, 1788732481.034564, 1788732481.8768084, 1788732482.7306414, 1788732483.628579, 1788732484.5608432, 1788732485.5136802, 1788732486.1866276, 1788732486.78972, 1788732487.454351, 1788732488.1560407, 1788732488.880105, 1788732489.633776, 1788732490.4172654, 1788732491.237396, 1788732492.0925837, 1788732492.9790256, 1788732493.8961174, 1788732494.8560367, 1788732495.4455364, 1788732496.0926282, 1788732496.7838745, 1788732497.4997532, 1788732498.2474322, 1788732499.0213017, 1788732499.830556, 1788732500.6707006, 1788732501.5345209, 1788732502.2470548, 1788732502.8592167, 1788732503.5111318, 1788732504.2222943, 1788732504.9620614, 1788732505.7207947, 1788732506.5106425, 1788732507.332315, 1788732508.183383, 1788732509.0637264, 1788732509.9717858, 1788732510.857825, 1788732511.4484046, 1788732512.086485, 1788732512.760562, 1788732513.470194, 1788732514.2108347, 1788732514.97579, 1788732515.7736335, 1788732516.6023147, 1788732517.4661028, 1788732518.3633418, 1788732519.291719, 1788732519.9398851, 1788732520.5561397, 1788732521.217271, 1788732521.9157703, 1788732522.648096, 1788732523.4179852, 1788732524.1926122, 1788732525.0267184, 1788732525.7951615, 1788732526.409177, 1788732527.0674522, 1788732527.7702172, 1788732528.506298, 1788732529.270813, 1788732530.0547028, 1788732530.8757012, 1788732531.573616, 1788732532.178711, 1788732532.8479912, 1788732533.53925, 1788732534.2690587, 1788732534.9189978, 1788732535.5332954, 1788732536.203959, 1788732536.9221442, 1788732537.6490078, 1788732538.400838, 1788732539.1816502, 1788732539.9972873, 1788732540.8500004, 1788732541.7333672, 1788732542.6463304, 1788732543.602484, 1788732544.175162, 1788732544.8165998, 1788732545.4870238, 1788732546.1886988, 1788732546.9240718, 1788732547.6834517, 1788732548.4740562, 1788732549.2826765, 1788732549.8760839, 1788732550.5217988, 1788732551.197579, 1788732551.9030774, 1788732552.6430585, 1788732553.4231179, 1788732554.1808858, 1788732554.7904644, 1788732555.4591262, 1788732556.155029, 1788732556.8803446, 1788732557.6320887, 1788732558.4150965, 1788732559.2203224, 1788732560.0762596, 1788732560.7974677, 1788732561.4190896, 1788732562.0925605, 1788732562.7933714, 1788732563.5258934, 1788732564.2949035, 1788732565.0754814, 1788732565.8173776, 1788732566.4227612, 1788732567.1033356, 1788732567.8062027, 1788732568.5410125, 1788732570.096975, 1788732570.9175324, 1788732572.4469972, 1788732573.053357, 1788732573.7255118, 1788732574.4277813, 1788732575.1640663, 1788732575.927416, 1788732576.720148, 1788732577.4491556, 1788732578.0394788, 1788732578.696587, 1788732579.3836648, 1788732580.1014037, 1788732580.853965, 1788732581.6373827, 1788732582.4471102, 1788732583.286591, 1788732584.1580942, 1788732585.0735552, 1788732585.99573, 1788732586.9659805, 1788732587.757663, 1788732588.3443556, 1788732589.013243, 1788732589.692317, 1788732590.425056, 1788732591.1870522, 1788732591.9789546, 1788732592.8265088, 1788732593.4121368, 1788732594.051713, 1788732594.718096, 1788732595.4184563, 1788732596.1508956, 1788732596.9222214, 1788732597.5994482, 1788732598.2272506, 1788732598.9012792, 1788732599.6051135, 1788732600.3394852, 1788732601.100592, 1788732601.8913949, 1788732602.5730646, 1788732603.1833808, 1788732603.8450313, 1788732604.5465024, 1788732605.2738092, 1788732606.0373886, 1788732606.8393643, 1788732607.6683342, 1788732608.5270774, 1788732609.4098532, 1788732610.1053543, 1788732610.703492, 1788732611.3700535, 1788732612.0668526, 1788732612.7924147, 1788732613.5516875, 1788732614.3372278, 1788732615.1545177, 1788732616.0006225, 1788732616.659747, 1788732617.2685757, 1788732617.935415, 1788732618.6311276, 1788732619.3617635, 1788732620.119018, 1788732620.9064074, 1788732621.726216, 1788732622.5769103, 1788732623.2540996, 1788732623.862076, 1788732624.5295355, 1788732625.223927, 1788732625.954798, 1788732626.716167, 1788732627.5076513, 1788732628.2491689, 1788732628.8672264, 1788732629.5526853, 1788732630.247199, 1788732630.9808085, 1788732631.733962, 1788732632.5223062, 1788732633.3411794, 1788732634.042429, 1788732634.6450734, 1788732635.3294356, 1788732636.0338001, 1788732636.7711163, 1788732637.534632, 1788732638.3294032, 1788732639.154811, 1788732639.9865158, 1788732640.5757775, 1788732641.2223856, 1788732641.9049697, 1788732642.6222794, 1788732643.368798, 1788732644.138157, 1788732644.9445064, 1788732645.7790992, 1788732646.6443186, 1788732647.5380623, 1788732648.4653795, 1788732649.3572378, 1788732649.939617, 1788732650.5894308, 1788732651.2672198, 1788732651.9748766, 1788732652.7169666, 1788732653.484033, 1788732654.2411556, 1788732654.8400578, 1788732655.4891577, 1788732656.1683538, 1788732656.879924, 1788732657.62404, 1788732658.3924172, 1788732659.0785396, 1788732659.6872573, 1788732660.3511915, 1788732661.0423691, 1788732661.7809148, 1788732662.3802238, 1788732663.0203168, 1788732663.6986318, 1788732664.391452, 1788732665.1390164, 1788732665.909757, 1788732666.7172587, 1788732667.5526989, 1788732668.4137802, 1788732669.066979, 1788732669.6834347, 1788732670.3552837, 1788732671.051832, 1788732671.7850654, 1788732672.5059202, 1788732673.107589, 1788732673.7599943, 1788732674.4446535, 1788732675.1563156, 1788732675.8978457, 1788732676.6655915, 1788732677.4649923, 1788732678.3103762, 1788732679.1774054, 1788732680.0706189, 1788732680.9940674, 1788732681.950698, 1788732682.7434635, 1788732683.3460183, 1788732684.0282931, 1788732684.7332275, 1788732685.468442, 1788732686.2307427, 1788732687.0225754, 1788732687.852043, 1788732688.7000334, 1788732689.3120172, 1788732689.9804008, 1788732690.662637, 1788732691.3804343, 1788732692.1273158, 1788732692.90282, 1788732693.711041, 1788732694.5497866, 1788732695.1413999, 1788732695.7934222]","[1, 1, 1, 2, 2, 2, 1, 2, 2, 1, 2, 2, 1, 2, 1, 1, 1, 1, 1, 4, 3, 3, 3, 2, 3, 2, 2, 1, 1, 1, 2, 1, 2, 1, 2, 1, 1, 1, 1, 2, 2, 4, 2, 1, 1, 2, 3, 1, 1, 3, 2, 2, 2, 1, 3, 2, 2, 1, 5, 5, 1, 3, 1, 1, 5, 2, 2, 3, 2, 1, 1, 1, 2, 1, 1, 1, 2, 4, 1, 2, 1, 6, 3, 4, 2, 2, 3, 6, 2, 1, 6, 1, 2, 4, 3, 2, 2, 3, 1, 1, 3, 6, 4, 2, 2, 1, 1, 3, 2, 2, 3, 1, 1, 1, 1, 3, 4, 3, 1, 2, 1, 1, 1, 2, 1, 1, 1, 1, 2, 1, 1, 2, 2, 1, 1, 1, 1, 2, 1, 1, 2, 4, 4, 3, 1, 1, 2, 1, 1, 1, 1, 1, 1, 2, 2, 2, 1, 1, 3, 1, 3, 1, 1, 1, 1, 1, 1, 1, 1, 3, 1, 1, 1, 3, 2, 3, 2, 1, 1, 2, 1, 1, 1, 4, 1, 2, 1, 2, 1, 3, 1, 2, 2, 1, 2, 1, 4, 4, 2, 1, 3, 1, 2, 1, 2, 1, 1, 1, 4, 4, 1, 3, 3, 2, 2, 1, 2, 1, 4, 4, 2, 2, 1, 2, 2, 1, 2, 2, 5, 1, 2, 2, 3, 1, 1, 2, 1, 2, 2, 2, 1, 2, 1, 4, 3, 1, 4, 1, 2, 1, 3, 1, 2, 4, 1, 1, 2, 1, 3, 1, 2, 3, 1, 2, 2, 2, 1, 3, 1, 2, 4, 3, 3, 2, 3, 1, 2, 2, 1, 1, 1, 2, 4, 2, 1, 2, 5, 1, 1, 1, 3, 1, 4, 1, 2, 2, 2, 1, 1, 1, 2, 2, 3, 1, 5, 4, 1, 1, 3, 5, 3, 1, 3, 1, 1, 1, 4, 3, 1, 1, 2, 2, 4, 2, 1, 2, 2, 1, 2, 1, 1, 2, 2, 2, 2, 1, 1, 2, 2, 1, 1, 1, 1, 1, 1, 1, 1, 1, 1, 2, 2, 1, 3, 1, 2, 3, 1, 1, 2, 2, 2, 1, 1, 2, 2, 3, 5, 1, 1, 1, 1, 4, 2, 1, 2, 2, 2, 2, 5, 2, 3, 4, 4, 3, 3, 3, 2, 4, 1, 2, 3, 1, 3, 1, 3, 1, 2, 1, 3, 2, 5, 1, 2, 1, 1, 2, 1, 1, 1, 2, 2, 1, 2, 1, 5, 1, 1, 3, 4, 3, 2, 1, 3, 4, 3, 1, 1, 1, 4, 3, 2, 1, 2, 2, 4, 3, 1, 1, 3, 1, 2, 2, 1, 1, 1, 3, 6, 1, 1, 2, 5, 1, 3, 1, 1, 1, 4, 1, 1, 2, 2, 3, 1, 2, 2, 1, 4, 1, 2, 4, 4, 1, 4, 4, 3, 2, 2, 3, 3, 1, 1, 3, 1, 1, 2, 1, 4, 2, 1, 1, 3, 1, 1, 5, 2, 4, 4, 1, 4, 1, 2, 3, 3, 3, 6, 3, 3, 2, 2, 1, 3, 5, 1, 1, 1]"
User-075,0,trace_0559,1788732706.355198,streaming,17686,177,170,0,276,390.1453173160553,468.258291721344,0.46220694914372007,0.0,0,True,,1788732238.096818,1788732628.2421353,1788732706.3551097,"[1788732628.2421353, 1788732628.8625712, 1788732629.5464873, 1788732630.2412467, 1788732630.974922, 1788732631.7282112, 1788732632.516565, 1788732633.3354218, 1788732634.0352068, 1788732634.6362214, 1788732635.3230069, 1788732636.0284486, 1788732636.7656832, 1788732637.5294275, 1788732638.3240204, 1788732639.1493745, 1788732639.9812362, 1788732641.2179706, 1788732641.89966, 1788732643.3636239, 1788732644.1338542, 1788732644.9402168, 1788732645.7747014, 1788732646.6400166, 1788732647.5338545, 1788732648.4610431, 1788732649.3522267, 1788732649.9348269, 1788732650.5846844, 1788732651.2622952, 1788732651.9700518, 1788732652.7121017, 1788732653.4791465, 1788732654.8347697, 1788732655.4839556, 1788732656.8746603, 1788732657.6187248, 1788732658.3872309, 1788732659.0726273, 1788732659.6815448, 1788732660.3454502, 1788732661.0365798, 1788732661.7740486, 1788732662.3732836, 1788732663.0135128, 1788732663.6915267, 1788732664.3856285, 1788732665.133076, 1788732665.9040751, 1788732666.7115326, 1788732667.5468874, 1788732668.4081182, 1788732669.0600994, 1788732669.676619, 1788732670.3484797, 1788732671.0465574, 1788732671.7781937, 1788732672.498535, 1788732673.1006155, 1788732673.7536306, 1788732674.4373734, 1788732675.1490538, 1788732675.8904765, 1788732676.6582618, 1788732677.4582493, 1788732678.3030152, 1788732679.1700904, 1788732680.063439, 1788732680.986616, 1788732681.943303, 1788732682.734877, 1788732683.3386896, 1788732684.0215962, 1788732684.7257462, 1788732685.4611628, 1788732686.2234879, 1788732687.0152209, 1788732687.8452282, 1788732688.6920483, 1788732689.3046622, 1788732689.9725862, 1788732690.65682, 1788732691.3746476, 1788732692.12144, 1788732692.896989, 1788732693.7061954, 1788732694.542254, 1788732695.1341465, 1788732695.7861707, 1788732696.471657, 1788732697.191191, 1788732697.93893, 1788732698.6876688, 1788732699.2796273, 1788732699.9317806, 1788732700.6117928, 1788732701.3229465, 1788732702.066709, 1788732702.8359113, 1788732703.6352754, 1788732704.410295, 1788732705.0046136, 1788732705.657544, 1788732706.3465052]","[1, 1, 1, 1, 1, 1, 2, 1, 1, 1, 2, 1, 1, 1, 1, 3, 1, 1, 1, 1, 1, 1, 1, 1, 1, 1, 2, 1, 1, 5, 2, 3, 1, 1, 1, 1, 1, 2, 1, 1, 3, 2, 2, 3, 1, 1, 1, 2, 1, 1, 1, 1, 2, 2, 1, 1, 4, 1, 3, 2, 3, 1, 1, 2, 4, 1, 1, 2, 2, 1, 1, 1, 2, 2, 3, 1, 1, 3, 1, 2, 4, 2, 3, 1, 1, 1, 2, 1, 1, 1, 2, 3, 3, 1, 2, 1, 2, 1, 2, 6, 1, 3, 2, 1]"
User-046,2,trace_0334,1788732707.0810719,streaming,15785,132,132,249,246,370.9239294528961,418.92792201042175,0.3664426912788216,77.0,0,True,,1788732288.1530464,1788732659.0769758,1788732707.0809684,"[1788732659.0769758, 1788732659.685789, 1788732660.3497515, 1788732661.0408545, 1788732661.772371, 1788732662.371691, 1788732663.0119326, 1788732663.689911, 1788732664.3899176, 1788732665.1374116, 1788732665.9083242, 1788732666.7158248, 1788732667.5511713, 1788732668.4123495, 1788732669.058389, 1788732669.675055, 1788732670.346922, 1788732671.0448139, 1788732671.7766247, 1788732672.4968476, 1788732673.0990226, 1788732673.7520764, 1788732674.4358268, 1788732675.1474705, 1788732675.8888772, 1788732676.6566908, 1788732677.4566648, 1788732678.301399, 1788732679.168517, 1788732680.0618193, 1788732680.9850194, 1788732681.9416797, 1788732682.7321477, 1788732683.3364341, 1788732684.0173573, 1788732684.7234716, 1788732685.4589317, 1788732686.221175, 1788732687.012957, 1788732687.8426137, 1788732688.6902907, 1788732689.3029401, 1788732689.9708939, 1788732690.6605942, 1788732691.3784783, 1788732692.12529, 1788732692.9007432, 1788732693.7094574, 1788732694.5405943, 1788732695.1324668, 1788732695.784455, 1788732696.4749036, 1788732697.1945438, 1788732697.942152, 1788732698.6855893, 1788732699.2778995, 1788732699.9300203, 1788732700.610076, 1788732701.321221, 1788732702.0650275, 1788732702.834145, 1788732703.6335332, 1788732704.408493, 1788732705.00286, 1788732705.655942, 1788732706.344787, 1788732707.0711212]","[1, 3, 1, 1, 1, 4, 1, 2, 1, 1, 2, 1, 1, 1, 1, 2, 2, 2, 1, 2, 2, 3, 1, 3, 3, 1, 1, 2, 1, 1, 1, 4, 3, 5, 2, 1, 3, 3, 3, 4, 5, 4, 1, 2, 2, 2, 3, 2, 1, 2, 1, 2, 2, 2, 3, 2, 2, 1, 1, 1, 3, 2, 2, 2, 2, 1, 1]"
User-039,3,trace_0220,1788732709.4316995,streaming,13435,120,120,447,4,326.3298399448395,363.2559995651245,0.3103038623553364,26.0,0,True,,1788732346.1755795,1788732672.5054195,1788732709.431579,"[1788732672.5054195, 1788732673.107362, 1788732673.7597568, 1788732674.444143, 1788732675.1557927, 1788732675.8973234, 1788732676.6650593, 1788732677.4646058, 1788732678.3098605, 1788732679.176888, 1788732680.0701005, 1788732680.993553, 1788732681.9501774, 1788732682.7430034, 1788732683.3455093, 1788732684.0280573, 1788732684.7327056, 1788732685.4679248, 1788732686.2302241, 1788732687.0220675, 1788732687.8518145, 1788732688.6986775, 1788732689.3115675, 1788732689.979343, 1788732690.6573315, 1788732691.375213, 1788732692.121963, 1788732692.8974996, 1788732693.7069328, 1788732694.548777, 1788732695.1403935, 1788732695.7923694, 1788732696.4721708, 1788732697.191737, 1788732697.9394531, 1788732698.6956568, 1788732699.2864394, 1788732699.93862, 1788732700.618518, 1788732701.329795, 1788732702.0736082, 1788732702.8426614, 1788732703.6420677, 1788732704.4169087, 1788732705.0115178, 1788732705.6644058, 1788732706.353678, 1788732707.079505, 1788732707.8207254, 1788732708.6046896, 1788732709.4244769]","[1, 1, 2, 2, 2, 2, 1, 2, 2, 1, 2, 4, 3, 1, 1, 2, 3, 2, 1, 1, 2, 5, 1, 2, 2, 5, 6, 3, 3, 3, 2, 2, 1, 2, 4, 1, 5, 1, 2, 3, 1, 4, 2, 4, 2, 1, 4, 1, 2, 3, 5]"
User-072,0,trace_0015,1788732712.0489295,streaming,15435,311,311,0,240,361.37765979766846,475.83120250701904,0.3692049764817761,0.0,0,True,,1788732236.2176263,1788732597.5952861,1788732712.0488288,"[1788732597.5952861, 1788732598.2230268, 1788732598.896996, 1788732599.600843, 1788732600.3351796, 1788732601.0963185, 1788732601.8871264, 1788732602.5689633, 1788732603.1790767, 1788732603.8408253, 1788732604.5421624, 1788732605.2701094, 1788732606.0341792, 1788732606.8356414, 1788732607.6646254, 1788732608.523167, 1788732609.4061038, 1788732610.1017044, 1788732610.699904, 1788732611.3663864, 1788732612.0631077, 1788732612.788717, 1788732613.5479727, 1788732614.3334768, 1788732615.1507075, 1788732615.9969404, 1788732616.655373, 1788732617.2643647, 1788732617.931181, 1788732618.6270204, 1788732619.3574333, 1788732620.1146722, 1788732620.9021273, 1788732621.7219808, 1788732622.5726426, 1788732623.248704, 1788732623.857375, 1788732624.5248494, 1788732625.2191367, 1788732625.9500158, 1788732626.7114978, 1788732627.5027194, 1788732628.244164, 1788732628.8636622, 1788732629.5475826, 1788732630.2423387, 1788732630.9759526, 1788732631.7292354, 1788732632.5176003, 1788732633.3364573, 1788732634.0363982, 1788732634.6373715, 1788732635.3243206, 1788732636.0294878, 1788732636.76676, 1788732637.530438, 1788732638.3250487, 1788732639.1504755, 1788732639.9823918, 1788732640.5714567, 1788732641.21903, 1788732641.9007297, 1788732642.618088, 1788732643.3693473, 1788732644.1386743, 1788732644.9450192, 1788732645.7796562, 1788732646.6448336, 1788732647.538579, 1788732648.465913, 1788732649.3577614, 1788732649.94013, 1788732650.589939, 1788732651.2677336, 1788732651.9753892, 1788732652.71749, 1788732653.4845598, 1788732654.2416532, 1788732654.8405645, 1788732655.4896863, 1788732656.1688805, 1788732656.880435, 1788732657.624558, 1788732658.392936, 1788732659.0790718, 1788732659.6877916, 1788732660.3514345, 1788732661.0428996, 1788732661.7765577, 1788732662.376114, 1788732663.0162082, 1788732663.694584, 1788732664.3919876, 1788732665.1395545, 1788732665.9102855, 1788732666.7177918, 1788732667.5532115, 1788732668.414304, 1788732669.0629237, 1788732669.6792917, 1788732670.3512, 1788732671.0488443, 1788732671.7809553, 1788732672.5010684, 1788732673.1033173, 1788732673.7563, 1788732674.4401026, 1788732675.1517403, 1788732675.893236, 1788732676.6609797, 1788732677.4608843, 1788732678.3057399, 1788732679.1728272, 1788732680.066082, 1788732680.9893923, 1788732681.946011, 1788732682.7376764, 1788732683.341443, 1788732684.024608, 1788732684.7285054, 1788732685.4638813, 1788732686.2261863, 1788732687.017967, 1788732687.848098, 1788732688.6947007, 1788732689.3073153, 1788732689.9754055, 1788732690.6631742, 1788732691.3809636, 1788732692.1278248, 1788732692.9033458, 1788732693.7114544, 1788732694.545807, 1788732695.1373994, 1788732695.7893338, 1788732696.4780252, 1788732697.1976771, 1788732697.9451225, 1788732698.6919904, 1788732699.2833714, 1788732699.935608, 1788732700.6155665, 1788732701.3267436, 1788732702.0705183, 1788732702.8397102, 1788732703.639107, 1788732704.4137642, 1788732705.0084224, 1788732705.6613786, 1788732706.350628, 1788732707.0764487, 1788732707.8264835, 1788732708.6106865, 1788732709.430708, 1788732710.2667027, 1788732711.140681, 1788732712.0475202]","[1, 1, 1, 2, 2, 2, 1, 3, 1, 3, 2, 1, 1, 1, 2, 1, 2, 1, 1, 2, 2, 1, 1, 1, 1, 2, 2, 2, 1, 2, 2, 2, 2, 1, 3, 1, 1, 1, 2, 2, 1, 4, 1, 2, 3, 2, 1, 2, 4, 2, 1, 1, 3, 4, 3, 1, 3, 2, 2, 3, 3, 2, 1, 2, 3, 2, 2, 5, 2, 1, 1, 1, 1, 1, 1, 3, 2, 1, 1, 1, 1, 2, 2, 2, 2, 1, 1, 5, 2, 2, 2, 1, 1, 2, 1, 1, 2, 2, 1, 1, 1, 3, 1, 1, 3, 1, 3, 4, 5, 2, 1, 6, 3, 3, 1, 2, 2, 2, 2, 2, 1, 1, 2, 1, 3, 1, 6, 4, 5, 2, 1, 1, 1, 2, 1, 1, 3, 6, 1, 3, 2, 2, 1, 2, 3, 1, 2, 1, 2, 2, 3, 2, 2, 1, 1, 6, 6]"
User-071,0,trace_0673,1788732726.1803894,streaming,23858,315,315,0,372,373.92025899887085,490.00197672843933,0.36968699913875314,0.0,0,True,,1788732236.1782398,1788732610.0984988,1788732726.1802166,"[1788732610.0984988, 1788732610.6965053, 1788732611.3631225, 1788732612.0598743, 1788732612.7854617, 1788732613.5446432, 1788732614.3298712, 1788732615.147341, 1788732615.9935973, 1788732616.6520505, 1788732617.2610557, 1788732617.9278846, 1788732618.623633, 1788732619.3541336, 1788732620.1113677, 1788732620.898551, 1788732621.718691, 1788732622.5693436, 1788732623.2454274, 1788732623.8540297, 1788732624.5215757, 1788732625.2159054, 1788732625.9467006, 1788732626.7081516, 1788732627.4993505, 1788732628.2480273, 1788732628.859695, 1788732629.5433538, 1788732630.2389405, 1788732630.9725707, 1788732631.7258499, 1788732632.5141573, 1788732633.3330169, 1788732634.032752, 1788732634.6338632, 1788732635.3205194, 1788732636.0260313, 1788732636.7633061, 1788732637.5270677, 1788732638.32167, 1788732639.1470764, 1788732639.9790452, 1788732640.568078, 1788732641.2157478, 1788732641.8972764, 1788732642.6149461, 1788732643.3613544, 1788732644.1316226, 1788732644.9379714, 1788732645.7725363, 1788732646.6377368, 1788732647.531639, 1788732648.4592886, 1788732649.3499095, 1788732649.932517, 1788732650.582444, 1788732651.2600033, 1788732651.9678576, 1788732652.709866, 1788732653.476861, 1788732654.2334902, 1788732654.8325233, 1788732655.4816742, 1788732656.160729, 1788732656.8724332, 1788732657.6165094, 1788732658.3849912, 1788732659.0703945, 1788732659.6793032, 1788732660.34324, 1788732661.034319, 1788732661.780417, 1788732662.3796923, 1788732663.0197814, 1788732663.6981149, 1788732664.383365, 1788732665.1306627, 1788732665.9018264, 1788732666.7092175, 1788732667.5445771, 1788732668.40583, 1788732669.0664687, 1788732669.682917, 1788732670.3548546, 1788732671.0514493, 1788732671.784554, 1788732672.504593, 1788732673.106961, 1788732673.7595396, 1788732674.4436343, 1788732675.1552567, 1788732675.8968234, 1788732676.6645534, 1788732677.4642198, 1788732678.309354, 1788732679.1763666, 1788732680.0696006, 1788732680.993035, 1788732681.9496608, 1788732682.7423887, 1788732683.3449998, 1788732684.0278244, 1788732684.7321641, 1788732685.4674156, 1788732686.2296875, 1788732687.0215476, 1788732687.851581, 1788732688.6981654, 1788732689.3111453, 1788732689.9788177, 1788732690.655126, 1788732691.373051, 1788732692.1198425, 1788732692.8952618, 1788732693.7046733, 1788732694.548285, 1788732695.1398857, 1788732695.7918684, 1788732696.4699447, 1788732697.189408, 1788732697.9373007, 1788732698.695099, 1788732699.2859287, 1788732699.9381182, 1788732700.6180086, 1788732701.3292902, 1788732702.0731046, 1788732702.84216, 1788732703.6415663, 1788732704.416403, 1788732705.0110145, 1788732705.663903, 1788732706.353174, 1788732707.0790045, 1788732707.8183868, 1788732708.6023808, 1788732709.4222126, 1788732710.2591326, 1788732711.133073, 1788732712.0398462, 1788732712.705271, 1788732713.3273215, 1788732714.0079842, 1788732714.712397, 1788732715.451507, 1788732716.213952, 1788732717.007193, 1788732717.8702679, 1788732718.684535, 1788732719.317491, 1788732719.9372976, 1788732720.609222, 1788732721.308434, 1788732722.0423975, 1788732722.8045416, 1788732723.5940337, 1788732724.4156651, 1788732725.2721992, 1788732726.1704931]","[1, 1, 1, 2, 2, 2, 1, 2, 1, 1, 1, 2, 2, 1, 1, 2, 2, 1, 1, 2, 2, 1, 1, 1, 2, 1, 2, 1, 2, 1, 1, 2, 1, 2, 2, 2, 2, 1, 2, 1, 1, 1, 1, 3, 1, 1, 3, 1, 1, 2, 3, 1, 2, 2, 2, 2, 2, 1, 1, 2, 3, 5, 2, 2, 2, 2, 1, 2, 2, 3, 1, 2, 1, 4, 4, 3, 1, 2, 3, 2, 1, 1, 1, 1, 1, 1, 1, 3, 1, 2, 3, 1, 2, 1, 1, 3, 1, 3, 4, 1, 1, 1, 2, 6, 3, 2, 6, 5, 2, 3, 1, 3, 1, 3, 3, 1, 2, 1, 1, 1, 4, 2, 3, 2, 2, 1, 1, 1, 1, 2, 1, 1, 1, 1, 4, 5, 1, 2, 1, 1, 1, 2, 1, 2, 5, 1, 2, 1, 6, 4, 2, 6, 6, 3, 6, 3, 3, 1, 3]"
User-073,0,trace_0203,1788732732.9948413,streaming,21460,301,301,0,334,379.8681914806366,496.2061927318573,0.387793337504069,0.0,0,True,,1788732236.788527,1788732616.6567185,1788732732.9947197,"[1788732616.6567185, 1788732617.2654963, 1788732617.9323215, 1788732618.6280508, 1788732619.3586128, 1788732620.1158278, 1788732620.9032137, 1788732621.723104, 1788732622.5737836, 1788732623.2505622, 1788732623.859036, 1788732624.5264907, 1788732625.2207978, 1788732625.9517467, 1788732626.71313, 1788732627.5042841, 1788732628.242634, 1788732628.8649044, 1788732629.5495155, 1788732630.2440357, 1788732630.9776237, 1788732631.7308931, 1788732632.5191736, 1788732633.3381069, 1788732634.038375, 1788732634.6382916, 1788732635.3253613, 1788732636.030636, 1788732636.7679498, 1788732637.5315874, 1788732638.3262222, 1788732639.1516547, 1788732639.9834564, 1788732640.5725222, 1788732641.2200835, 1788732641.9017859, 1788732642.6192167, 1788732643.365318, 1788732644.1355486, 1788732644.9418375, 1788732645.7764678, 1788732646.6417212, 1788732647.5355027, 1788732648.4627175, 1788732649.3546202, 1788732649.9370236, 1788732650.5868587, 1788732651.264649, 1788732651.9722981, 1788732652.7143347, 1788732653.4813905, 1788732654.2385037, 1788732654.8374743, 1788732655.486669, 1788732656.1657562, 1788732656.8773713, 1788732657.621557, 1788732658.3899474, 1788732659.0751514, 1788732659.684275, 1788732660.3482056, 1788732661.0393007, 1788732661.7745543, 1788732662.373983, 1788732663.0140219, 1788732663.692047, 1788732664.3883913, 1788732665.1358037, 1788732665.9068093, 1788732666.7142377, 1788732667.5496137, 1788732668.410816, 1788732669.0605915, 1788732669.6771314, 1788732670.348986, 1788732671.0471013, 1788732671.778716, 1788732672.499072, 1788732673.1011274, 1788732673.7541454, 1788732674.4378915, 1788732675.1495655, 1788732675.89102, 1788732676.6589506, 1788732677.4588037, 1788732678.3035457, 1788732679.1706116, 1788732680.0639706, 1788732680.9871914, 1788732681.9438193, 1788732682.735387, 1788732683.3392425, 1788732684.022142, 1788732684.7262712, 1788732685.4616833, 1788732686.2240176, 1788732687.015744, 1788732687.8457408, 1788732688.6925478, 1788732689.305206, 1788732689.9731185, 1788732690.6590283, 1788732691.3769689, 1788732692.123724, 1788732692.8991816, 1788732693.7082944, 1788732694.5428238, 1788732695.1346543, 1788732695.7866814, 1788732696.473328, 1788732697.192956, 1788732697.9406185, 1788732698.689198, 1788732699.280648, 1788732699.932844, 1788732700.6128163, 1788732701.3239756, 1788732702.067935, 1788732702.8369625, 1788732703.636348, 1788732704.4113462, 1788732705.005661, 1788732705.658775, 1788732706.347885, 1788732707.0735126, 1788732707.82239, 1788732708.6063974, 1788732709.426529, 1788732710.2625465, 1788732711.1365123, 1788732712.0435169, 1788732712.708445, 1788732713.3307698, 1788732714.0114932, 1788732714.7156925, 1788732715.45484, 1788732716.2173567, 1788732717.01044, 1788732717.8718913, 1788732718.6879652, 1788732719.3207953, 1788732719.9407427, 1788732720.6124353, 1788732721.3117726, 1788732722.045664, 1788732722.8077996, 1788732723.597308, 1788732724.419233, 1788732725.2754781, 1788732726.174554, 1788732727.0876267, 1788732728.0328443, 1788732728.740175, 1788732729.3431149, 1788732730.0090811, 1788732730.7044332, 1788732731.4392047, 1788732732.1936295, 1788732732.9888842]","[1, 1, 1, 2, 2, 2, 1, 2, 2, 1, 1, 1, 2, 1, 1, 2, 2, 2, 2, 2, 2, 2, 1, 1, 1, 1, 2, 2, 2, 2, 1, 1, 2, 2, 1, 1, 3, 1, 4, 1, 2, 3, 1, 1, 1, 4, 1, 1, 1, 2, 2, 2, 2, 1, 2, 1, 1, 1, 3, 1, 1, 1, 1, 1, 1, 1, 1, 3, 3, 1, 2, 2, 1, 1, 2, 2, 1, 3, 2, 1, 5, 1, 1, 1, 2, 2, 1, 2, 2, 3, 1, 2, 1, 1, 3, 2, 4, 2, 1, 2, 1, 2, 1, 1, 1, 1, 1, 2, 1, 6, 2, 2, 2, 2, 1, 4, 5, 1, 2, 3, 1, 6, 2, 2, 4, 2, 3, 2, 3, 1, 2, 1, 5, 5, 4, 1, 1, 2, 1, 1, 1, 1, 1, 1, 3, 6, 1, 4, 1, 4, 1, 4, 1, 4, 1, 1, 6, 2, 1]"
User-079,0,trace_0269,1788732735.3360162,streaming,19105,107,107,0,298,303.8698616027832,344.6614136695862,0.3848259628943677,0.0,0,True,,1788732390.6743498,1788732694.5442114,1788732735.3357635,"[1788732694.5442114, 1788732695.135867, 1788732695.7878866, 1788732696.4754586, 1788732697.1951027, 1788732697.9426553, 1788732698.6903214, 1788732699.2818305, 1788732699.9340358, 1788732700.6139905, 1788732701.325184, 1788732702.0689912, 1788732702.8381553, 1788732703.637571, 1788732704.4123554, 1788732705.0068645, 1788732705.6598032, 1788732706.3491762, 1788732707.0748017, 1788732707.8239286, 1788732708.6079721, 1788732709.4282181, 1788732710.264133, 1788732711.1380548, 1788732712.04505, 1788732712.7099714, 1788732713.3323476, 1788732714.0130644, 1788732714.7172863, 1788732715.4564993, 1788732716.2190123, 1788732717.012107, 1788732717.872635, 1788732718.6895037, 1788732719.3231363, 1788732719.9426658, 1788732720.6145802, 1788732721.3139646, 1788732722.0477703, 1788732722.8099816, 1788732723.5994565, 1788732724.4213617, 1788732725.2776482, 1788732726.1766913, 1788732727.089679, 1788732728.035029, 1788732728.7421618, 1788732729.3451736, 1788732730.015647, 1788732730.70654, 1788732731.4408777, 1788732732.1957977, 1788732732.991253, 1788732733.8082438, 1788732734.663278, 1788732735.331115]","[1, 1, 2, 2, 1, 2, 1, 1, 2, 1, 3, 1, 2, 2, 1, 2, 1, 2, 4, 1, 2, 4, 2, 2, 1, 1, 2, 1, 3, 2, 2, 2, 1, 2, 1, 3, 2, 1, 2, 2, 2, 4, 2, 1, 2, 4, 1, 2, 2, 3, 1, 3, 2, 2, 4, 1]"
User-007,1,trace_0398,1788732736.653743,streaming,13739,115,115,203,11,307.42653799057007,345.3916108608246,0.3330269550022326,45.0,0,True,,1788732391.2620835,1788732698.6886215,1788732736.6536944,"[1788732698.6886215, 1788732699.2801306, 1788732699.932291, 1788732700.6122992, 1788732701.323459, 1788732702.0672698, 1788732702.8364449, 1788732703.635824, 1788732704.4108365, 1788732705.0051358, 1788732705.6582122, 1788732706.347366, 1788732707.0729935, 1788732707.8202074, 1788732708.6041572, 1788732709.4239254, 1788732710.2608178, 1788732711.1348128, 1788732712.0416853, 1788732712.7069304, 1788732713.3290133, 1788732714.009692, 1788732714.713992, 1788732715.4532487, 1788732716.215738, 1788732717.0088937, 1788732717.8711073, 1788732718.6863503, 1788732719.3192503, 1788732719.9390094, 1788732720.6108506, 1788732721.3101397, 1788732722.0441139, 1788732722.8061779, 1788732723.5957568, 1788732724.4173803, 1788732725.2738829, 1788732726.1724172, 1788732727.0857625, 1788732728.0312486, 1788732728.7385554, 1788732729.3413978, 1788732730.007487, 1788732730.702796, 1788732731.437556, 1788732732.192075, 1788732732.987199, 1788732733.8053467, 1788732734.6600027, 1788732735.3279173, 1788732735.9572194, 1788732736.6473382]","[1, 2, 3, 1, 2, 1, 1, 2, 1, 4, 2, 1, 1, 1, 3, 3, 1, 2, 4, 1, 2, 3, 3, 2, 4, 2, 4, 1, 3, 6, 4, 4, 2, 3, 3, 3, 2, 1, 1, 3, 3, 2, 4, 1, 1, 1, 1, 1, 1, 1, 5, 1]"
User-078,0,trace_0366,1788732737.3665712,streaming,21632,133,108,0,337,327.5890579223633,395.89364886283875,0.6383606629950977,0.0,0,True,,1788732341.4728355,1788732669.0618935,1788732737.3664844,"[1788732669.0618935, 1788732669.6782665, 1788732670.3501415, 1788732671.0480669, 1788732671.7799356, 1788732672.5000792, 1788732673.1022775, 1788732673.7553, 1788732674.439085, 1788732675.150715, 1788732675.8922346, 1788732676.6599784, 1788732678.3047135, 1788732679.1718068, 1788732680.988374, 1788732681.9449863, 1788732682.7365158, 1788732683.340405, 1788732684.023531, 1788732684.7274675, 1788732685.4628694, 1788732686.225167, 1788732687.0169246, 1788732687.8470268, 1788732688.6935754, 1788732689.9743228, 1788732690.656301, 1788732692.896471, 1788732695.136385, 1788732696.4711497, 1788732697.1906245, 1788732698.690884, 1788732699.2823336, 1788732699.934541, 1788732700.6145036, 1788732701.325714, 1788732702.0694966, 1788732702.8386784, 1788732703.6380844, 1788732705.007373, 1788732705.6603382, 1788732707.0753615, 1788732707.8196342, 1788732708.603634, 1788732709.4234123, 1788732710.2602983, 1788732711.1342576, 1788732712.0410354, 1788732713.3285005, 1788732714.0091753, 1788732715.4527354, 1788732716.215189, 1788732717.0083644, 1788732717.8708477, 1788732718.6856794, 1788732719.3187017, 1788732719.938466, 1788732721.3096337, 1788732722.0435946, 1788732723.5952406, 1788732724.4168115, 1788732725.2733548, 1788732726.171902, 1788732727.085238, 1788732728.0307035, 1788732728.7380505, 1788732730.0069702, 1788732730.7020392, 1788732732.1915658, 1788732732.9866238, 1788732733.8048203, 1788732734.659482, 1788732735.3274221, 1788732735.9567058, 1788732737.3591418]","[1, 1, 2, 1, 1, 1, 1, 1, 1, 1, 1, 1, 1, 1, 1, 1, 3, 1, 1, 1, 1, 1, 1, 1, 1, 1, 1, 1, 1, 1, 1, 1, 3, 2, 3, 1, 1, 1, 1, 1, 1, 1, 5, 3, 1, 1, 1, 1, 1, 1, 1, 5, 3, 1, 1, 1, 1, 1, 1, 1, 5, 3, 1, 1, 1, 1, 1, 1, 1, 5, 3, 2, 1, 1, 1]"
User-077,0,trace_0202,1788732744.6650968,streaming,16794,226,226,0,262,372.91639137268066,463.3449103832245,0.40190452893575035,0.0,0,True,,1788732281.3200746,1788732654.236466,1788732744.664985,"[1788732654.236466, 1788732654.8352916, 1788732655.4844599, 1788732656.163583, 1788732656.875205, 1788732657.6192977, 1788732658.387772, 1788732659.0731182, 1788732659.6820748, 1788732660.3459811, 1788732661.0371048, 1788732661.779925, 1788732662.3791776, 1788732663.0192788, 1788732663.697611, 1788732664.3909385, 1788732665.1384676, 1788732665.9092436, 1788732666.7167468, 1788732667.5521843, 1788732668.4132652, 1788732669.0659826, 1788732669.682395, 1788732670.354326, 1788732671.051068, 1788732671.7840495, 1788732672.5040855, 1788732673.1064277, 1788732673.759312, 1788732674.443117, 1788732675.1547444, 1788732675.8963165, 1788732676.6640377, 1788732677.4638329, 1788732678.3088493, 1788732679.1758537, 1788732680.0690877, 1788732680.9924872, 1788732681.9491334, 1788732682.7418041, 1788732683.3444967, 1788732684.0275865, 1788732684.7316608, 1788732685.4668965, 1788732686.229172, 1788732687.021037, 1788732687.851203, 1788732688.6976638, 1788732689.3106034, 1788732689.9783041, 1788732690.6621165, 1788732691.379926, 1788732692.1267886, 1788732692.902273, 1788732693.7106404, 1788732694.5477755, 1788732695.1393692, 1788732695.7913685, 1788732696.4770157, 1788732697.1966166, 1788732697.9440892, 1788732698.6945062, 1788732699.285425, 1788732699.9376078, 1788732700.617499, 1788732701.3287764, 1788732702.07257, 1788732702.841655, 1788732703.6410584, 1788732704.4158258, 1788732705.010478, 1788732705.6633794, 1788732706.3526714, 1788732707.078496, 1788732707.8254666, 1788732708.6096709, 1788732709.429688, 1788732710.2656794, 1788732711.1396375, 1788732712.0464754, 1788732712.7123303, 1788732713.334409, 1788732714.0151107, 1788732714.7192292, 1788732715.4585102, 1788732716.2210681, 1788732717.0141802, 1788732717.8735785, 1788732718.6914945, 1788732719.3252254, 1788732719.9447496, 1788732720.6165125, 1788732721.3159235, 1788732722.049821, 1788732722.812238, 1788732723.6014054, 1788732724.4234283, 1788732725.2797043, 1788732726.1787627, 1788732727.0916638, 1788732728.036981, 1788732728.7442527, 1788732729.3472037, 1788732730.0176456, 1788732730.708588, 1788732731.4425209, 1788732732.1978462, 1788732732.9932384, 1788732733.8097177, 1788732734.665474, 1788732735.3342698, 1788732735.9626143, 1788732736.6525722, 1788732737.364912, 1788732738.0952983, 1788732738.8639147, 1788732739.6645045, 1788732740.49832, 1788732741.217703, 1788732741.821246, 1788732742.484961, 1788732743.1767788, 1788732743.899995, 1788732744.6629305]","[1, 1, 1, 2, 2, 2, 3, 2, 3, 2, 1, 1, 2, 2, 1, 1, 2, 2, 2, 2, 2, 1, 1, 1, 1, 1, 1, 1, 3, 3, 2, 2, 1, 1, 1, 3, 1, 5, 3, 3, 2, 2, 1, 3, 1, 2, 2, 1, 2, 1, 3, 2, 3, 1, 1, 1, 1, 1, 1, 2, 1, 1, 1, 1, 1, 2, 2, 3, 1, 4, 6, 3, 2, 1, 1, 2, 3, 3, 4, 2, 1, 1, 2, 1, 1, 1, 1, 1, 1, 2, 2, 1, 1, 1, 1, 1, 2, 2, 3, 4, 2, 1, 1, 3, 2, 2, 2, 2, 3, 2, 2, 2, 2, 1, 3, 1, 2, 1, 1, 1, 2, 3, 4, 2]"
User-043,1,trace_0052,1788732749.7962213,streaming,20256,158,158,236,80,311.33800649642944,372.43458342552185,0.38915017152288156,12.0,0,True,,1788732377.361515,1788732688.6995215,1788732749.7960985,"[1788732688.6995215, 1788732689.3117888, 1788732689.9798532, 1788732690.661113, 1788732691.3790019, 1788732692.1258209, 1788732692.901258, 1788732693.7098699, 1788732694.5492795, 1788732695.1408942, 1788732695.7928796, 1788732696.4759588, 1788732697.195644, 1788732697.9431784, 1788732698.6962237, 1788732699.2870076, 1788732699.9391513, 1788732700.6190548, 1788732701.3303308, 1788732702.0741205, 1788732702.8432317, 1788732703.6426003, 1788732704.4174197, 1788732705.012026, 1788732705.6649036, 1788732706.3541942, 1788732707.080039, 1788732707.8244278, 1788732708.6086104, 1788732709.4287791, 1788732710.264649, 1788732711.1385694, 1788732712.0455565, 1788732712.710574, 1788732713.3328645, 1788732714.0135663, 1788732714.7177973, 1788732715.4570093, 1788732716.2195249, 1788732717.012612, 1788732717.8728907, 1788732718.6900213, 1788732719.3237104, 1788732719.94323, 1788732720.6151, 1788732721.3144832, 1788732722.0482776, 1788732722.8104935, 1788732723.599962, 1788732724.421922, 1788732725.2781634, 1788732726.17722, 1788732727.0902004, 1788732728.0355637, 1788732728.7427511, 1788732729.345682, 1788732730.0161567, 1788732730.7071137, 1788732731.4413025, 1788732732.1963289, 1788732732.9917495, 1788732733.808628, 1788732734.6638181, 1788732735.3319173, 1788732735.9604805, 1788732736.650996, 1788732737.3627815, 1788732738.0933435, 1788732738.8619735, 1788732739.6623957, 1788732740.4963007, 1788732741.2156901, 1788732741.8193374, 1788732742.4829278, 1788732743.1746907, 1788732743.8979595, 1788732744.6607678, 1788732745.4347422, 1788732746.2588615, 1788732747.107495, 1788732747.8015356, 1788732748.4218159, 1788732749.087194, 1788732749.7928236]","[1, 1, 2, 1, 1, 2, 1, 1, 1, 1, 2, 1, 2, 1, 3, 1, 2, 2, 2, 1, 2, 1, 2, 2, 2, 3, 3, 3, 2, 1, 2, 4, 3, 2, 2, 2, 1, 2, 2, 3, 2, 1, 3, 3, 1, 2, 1, 5, 1, 3, 1, 2, 3, 1, 1, 2, 2, 2, 1, 1, 2, 3, 3, 1, 1, 1, 2, 2, 1, 3, 2, 2, 1, 1, 2, 2, 3, 2, 3, 4, 1, 1, 2, 2]"
User-076,0,trace_0634,1788732751.2923746,streaming,18489,258,255,0,288,395.66346549987793,512.9154994487762,0.46162218090117446,0.0,0,True,,1788732238.376776,1788732634.0402415,1788732751.2922754,"[1788732634.0402415, 1788732634.6430092, 1788732635.3273163, 1788732636.0317063, 1788732636.769043, 1788732637.53261, 1788732638.327322, 1788732639.1527312, 1788732639.9844816, 1788732640.573594, 1788732641.2208385, 1788732641.9028592, 1788732642.6202567, 1788732643.366396, 1788732644.1365974, 1788732644.942905, 1788732645.7775173, 1788732646.6427763, 1788732647.5365472, 1788732648.4637742, 1788732649.3556397, 1788732649.9380598, 1788732650.5878806, 1788732651.265668, 1788732651.9733355, 1788732652.7154222, 1788732653.4824438, 1788732654.239621, 1788732654.8385253, 1788732655.4877074, 1788732656.1667912, 1788732656.8783906, 1788732657.6225944, 1788732658.390972, 1788732659.0761635, 1788732659.6852863, 1788732660.3492382, 1788732661.0403504, 1788732661.7750595, 1788732662.374509, 1788732663.014652, 1788732663.692697, 1788732664.3894134, 1788732665.1368868, 1788732665.9078214, 1788732666.7152994, 1788732667.5506363, 1788732668.411851, 1788732669.061075, 1788732669.6777563, 1788732670.3495076, 1788732671.0475326, 1788732671.7793987, 1788732672.4995847, 1788732673.101636, 1788732673.7547848, 1788732674.4384267, 1788732675.150076, 1788732675.8917212, 1788732676.6594653, 1788732677.4593196, 1788732678.3040671, 1788732679.1711454, 1788732680.0644906, 1788732680.9877162, 1788732681.9443414, 1788732682.7359452, 1788732683.3398895, 1788732684.0226943, 1788732684.7269504, 1788732685.4623146, 1788732686.2245333, 1788732687.0164037, 1788732687.8464859, 1788732688.6930707, 1788732689.3057258, 1788732689.9736419, 1788732690.6600823, 1788732691.3779778, 1788732692.124782, 1788732692.9002073, 1788732693.7090707, 1788732694.5433505, 1788732695.1352088, 1788732695.787239, 1788732696.4743767, 1788732697.1940167, 1788732697.941651, 1788732698.6897643, 1788732699.281297, 1788732699.9334924, 1788732700.6133575, 1788732701.3246663, 1788732702.068472, 1788732702.837608, 1788732703.637056, 1788732704.4118595, 1788732705.0063288, 1788732705.6592906, 1788732706.3484075, 1788732707.074259, 1788732707.8234234, 1788732708.607471, 1788732709.427645, 1788732710.2636082, 1788732711.137543, 1788732712.0445418, 1788732712.7094603, 1788732713.3318384, 1788732714.0125566, 1788732714.716755, 1788732715.455984, 1788732716.21849, 1788732717.0115995, 1788732717.8723872, 1788732718.688994, 1788732719.3218133, 1788732720.6135798, 1788732721.3129587, 1788732722.8089733, 1788732723.5984235, 1788732724.4202967, 1788732725.2766342, 1788732726.1756134, 1788732727.0886667, 1788732728.034003, 1788732728.741164, 1788732729.3441656, 1788732730.0102358, 1788732730.7054894, 1788732731.4400527, 1788732732.1947849, 1788732732.9902256, 1788732733.8074768, 1788732734.662235, 1788732735.3299892, 1788732735.9594567, 1788732736.6499135, 1788732737.3617342, 1788732738.0922122, 1788732738.8608465, 1788732739.6613486, 1788732740.4951968, 1788732741.2146666, 1788732741.8182015, 1788732742.481719, 1788732743.1736689, 1788732743.8969088, 1788732744.6596515, 1788732745.4336188, 1788732746.2578256, 1788732747.1064441, 1788732747.8005435, 1788732748.4208052, 1788732749.0861242, 1788732749.7917964, 1788732750.5150213, 1788732751.2883904]","[1, 1, 2, 2, 1, 1, 1, 2, 2, 1, 1, 1, 1, 1, 2, 3, 2, 2, 1, 1, 2, 1, 4, 1, 1, 1, 1, 2, 1, 2, 1, 2, 1, 2, 2, 1, 1, 2, 1, 4, 2, 2, 1, 2, 2, 3, 1, 2, 1, 2, 1, 3, 2, 2, 1, 2, 3, 2, 1, 1, 1, 1, 2, 2, 2, 1, 1, 1, 2, 2, 2, 1, 1, 2, 1, 2, 4, 2, 2, 1, 1, 1, 1, 3, 1, 2, 1, 2, 1, 3, 2, 2, 1, 2, 5, 1, 2, 1, 1, 3, 2, 2, 1, 2, 1, 2, 1, 1, 2, 1, 4, 2, 2, 1, 2, 1, 1, 1, 1, 1, 1, 1, 2, 2, 2, 1, 1, 1, 2, 1, 2, 1, 1, 2, 1, 1, 1, 1, 1, 1, 2, 1, 2, 2, 2, 3, 2, 3, 1, 2, 1, 1, 1, 1, 3, 1, 1, 2]"
User-004,1,trace_0629,1788732760.800016,streaming,29165,66,66,286,169,322.1497905254364,354.21211099624634,0.49326646878169134,142.0,0,True,,1788732406.5877333,1788732728.7375238,1788732760.7998443,"[1788732728.7375238, 1788732729.3404486, 1788732730.0064, 1788732730.701487, 1788732731.4365613, 1788732732.191028, 1788732732.9860983, 1788732733.8042948, 1788732734.6589556, 1788732735.3268695, 1788732735.9561796, 1788732736.6463246, 1788732737.3585432, 1788732738.090059, 1788732738.8587043, 1788732739.6589718, 1788732740.4930408, 1788732741.2117584, 1788732741.815422, 1788732742.479092, 1788732743.1708891, 1788732743.893937, 1788732744.6569808, 1788732745.4309685, 1788732746.2550874, 1788732747.1036134, 1788732747.7970982, 1788732748.4175842, 1788732749.0829096, 1788732749.7885354, 1788732750.5115206, 1788732751.2847447, 1788732752.0807195, 1788732752.9082627, 1788732753.7628574, 1788732754.6523924, 1788732755.5660357, 1788732756.5182874, 1788732757.4278748, 1788732758.0071554, 1788732758.655574, 1788732759.3310032, 1788732760.0395908, 1788732760.7926705]","[1, 1, 1, 1, 2, 2, 2, 1, 1, 2, 2, 1, 2, 1, 2, 2, 1, 2, 2, 1, 1, 1, 1, 1, 1, 1, 1, 1, 2, 2, 1, 1, 2, 2, 1, 3, 2, 1, 3, 1, 2, 3, 1, 1]"
User-025,6,trace_0588,1788732782.8420055,streaming,30246,72,72,466,2,333.57126784324646,358.9813573360443,0.35788858440560356,7.0,0,True,,1788732423.860571,1788732757.4318388,1788732782.8419282,"[1788732757.4318388, 1788732758.0110002, 1788732758.65953, 1788732759.3347404, 1788732760.0433552, 1788732760.7967892, 1788732761.5695822, 1788732762.3841603, 1788732763.1481159, 1788732763.7543774, 1788732764.410381, 1788732765.0920582, 1788732765.8068025, 1788732766.5632424, 1788732767.3344188, 1788732768.139786, 1788732768.97717, 1788732769.8455963, 1788732770.747154, 1788732771.6913927, 1788732772.4611268, 1788732773.0653858, 1788732773.7249691, 1788732774.4183135, 1788732775.1413667, 1788732775.8968158, 1788732776.6785364, 1788732777.4974923, 1788732778.1583555, 1788732778.7756915, 1788732779.4495666, 1788732780.1442723, 1788732780.8772562, 1788732781.5045345, 1788732782.135604, 1788732782.8388364]","[1, 1, 1, 2, 2, 1, 2, 3, 2, 2, 2, 2, 3, 1, 1, 5, 2, 1, 1, 1, 1, 1, 4, 1, 1, 3, 2, 4, 1, 4, 1, 4, 2, 1, 5, 1]"
User-003,1,trace_0714,1788732792.9826362,streaming,30150,283,283,342,128,312.4142942428589,422.6631212234497,0.39095328716521566,16.0,0,True,,1788732370.3194087,1788732682.733703,1788732792.9825299,"[1788732682.733703, 1788732683.3376236, 1788732684.018568, 1788732684.7246966, 1788732685.4601076, 1788732686.222429, 1788732687.0141363, 1788732687.8441613, 1788732688.6909976, 1788732689.3036125, 1788732689.9715347, 1788732690.663881, 1788732691.3815095, 1788732692.1283386, 1788732692.9036777, 1788732693.711847, 1788732694.5412364, 1788732695.1331027, 1788732695.785092, 1788732696.4785423, 1788732697.198197, 1788732697.9456658, 1788732698.6862543, 1788732699.2785342, 1788732699.9306707, 1788732700.6107144, 1788732701.321863, 1788732702.0656567, 1788732702.8348386, 1788732703.6341748, 1788732704.40924, 1788732705.0034993, 1788732705.656493, 1788732706.3454354, 1788732707.0719335, 1788732707.8270166, 1788732708.6112316, 1788732709.4312205, 1788732710.2672596, 1788732711.1412294, 1788732712.0483596, 1788732712.7133627, 1788732713.3354418, 1788732714.016126, 1788732714.7202334, 1788732715.4595702, 1788732716.2221136, 1788732717.0152318, 1788732717.874086, 1788732718.6925242, 1788732719.3262308, 1788732719.9457846, 1788732720.6175468, 1788732721.3169298, 1788732722.0508757, 1788732722.813374, 1788732723.602442, 1788732724.4244905, 1788732725.2807436, 1788732726.1797898, 1788732727.0927284, 1788732728.0380185, 1788732728.7452536, 1788732729.3482232, 1788732730.0187635, 1788732730.7096515, 1788732731.4433346, 1788732732.198873, 1788732732.994257, 1788732733.8105278, 1788732734.6666398, 1788732735.3353214, 1788732735.963859, 1788732736.6533732, 1788732737.3659647, 1788732738.0963612, 1788732738.864948, 1788732739.6655917, 1788732740.4993467, 1788732741.2186813, 1788732741.8222759, 1788732742.4859653, 1788732743.177828, 1788732743.9010735, 1788732744.6644175, 1788732745.4373248, 1788732746.261431, 1788732747.1100814, 1788732747.8041213, 1788732748.42434, 1788732749.0897987, 1788732749.7955928, 1788732750.518112, 1788732751.2917774, 1788732752.086551, 1788732752.9132955, 1788732753.7686212, 1788732754.6584272, 1788732755.572151, 1788732756.5242398, 1788732757.43427, 1788732758.013636, 1788732758.6621711, 1788732759.3372364, 1788732760.0459056, 1788732760.7994103, 1788732761.5720685, 1788732762.3866458, 1788732763.150694, 1788732763.7569788, 1788732764.4128547, 1788732765.0945776, 1788732765.8093805, 1788732766.5658782, 1788732767.33716, 1788732768.1422765, 1788732768.979746, 1788732769.848149, 1788732770.749859, 1788732771.6938593, 1788732772.463674, 1788732773.0680046, 1788732773.7274632, 1788732774.4208176, 1788732775.1440017, 1788732775.8994412, 1788732776.6810277, 1788732777.5000045, 1788732778.1618283, 1788732778.7788053, 1788732779.4526114, 1788732780.1472719, 1788732780.8803816, 1788732781.5076551, 1788732782.1378899, 1788732782.8415434, 1788732783.5562048, 1788732784.303965, 1788732785.0807683, 1788732785.8692532, 1788732786.4650478, 1788732787.114621, 1788732787.7984664, 1788732788.5119104, 1788732789.2570693, 1788732790.036342, 1788732790.8401945, 1788732791.6734753, 1788732792.352532, 1788732792.9744585]","[1, 2, 2, 1, 3, 2, 3, 1, 1, 2, 1, 4, 1, 1, 1, 2, 1, 1, 3, 3, 3, 2, 3, 1, 2, 2, 2, 1, 2, 2, 3, 5, 1, 1, 1, 1, 1, 1, 1, 1, 1, 1, 1, 1, 2, 1, 2, 1, 4, 2, 1, 1, 2, 1, 1, 1, 3, 1, 1, 4, 2, 1, 1, 1, 2, 1, 2, 1, 2, 2, 1, 1, 2, 1, 3, 2, 2, 3, 1, 3, 1, 3, 2, 1, 2, 2, 2, 1, 2, 2, 2, 1, 1, 2, 2, 2, 1, 1, 3, 1, 3, 2, 2, 1, 1, 1, 5, 2, 2, 4, 4, 2, 3, 1, 2, 1, 3, 2, 2, 6, 3, 3, 2, 1, 2, 3, 2, 2, 1, 3, 3, 1, 3, 4, 2, 2, 3, 2, 2, 1, 3, 2, 1, 1, 1, 1, 4, 1, 1, 2]"
User-017,3,trace_0726,1788732798.459494,streaming,21136,112,112,320,2,325.5664267539978,376.22737884521484,0.4564049737947481,6.0,0,True,,1788732422.232022,1788732747.7984488,1788732798.459401,"[1788732747.7984488, 1788732748.418626, 1788732749.0839658, 1788732749.7895849, 1788732750.512642, 1788732751.2859907, 1788732752.0818229, 1788732752.9093237, 1788732753.7639086, 1788732754.6535203, 1788732755.567098, 1788732756.519406, 1788732757.4289517, 1788732758.008225, 1788732758.6566768, 1788732759.3320832, 1788732760.040627, 1788732760.7939997, 1788732761.566856, 1788732762.3814156, 1788732763.144744, 1788732763.7510912, 1788732764.4071343, 1788732765.0888128, 1788732765.8035069, 1788732766.5576158, 1788732767.3311658, 1788732768.1363246, 1788732768.9739015, 1788732769.8423412, 1788732770.7439113, 1788732771.6881275, 1788732772.4580545, 1788732773.0620477, 1788732773.7217336, 1788732774.4150882, 1788732775.1381257, 1788732775.8935387, 1788732776.6752853, 1788732777.4942732, 1788732778.1553373, 1788732778.7724135, 1788732779.446274, 1788732780.1410327, 1788732780.8739297, 1788732781.5006604, 1788732782.1318502, 1788732782.835002, 1788732783.5499973, 1788732784.2975574, 1788732785.0743861, 1788732785.8628187, 1788732786.4581585, 1788732787.1084237, 1788732787.791774, 1788732788.5048738, 1788732789.250091, 1788732790.029473, 1788732790.8334272, 1788732791.6665645, 1788732792.3545456, 1788732792.9769247, 1788732793.6266713, 1788732794.3351972, 1788732795.074479, 1788732795.7128115, 1788732796.3328643, 1788732797.0062435, 1788732797.7108169, 1788732798.4526443]","[1, 1, 2, 2, 2, 1, 4, 3, 2, 2, 2, 1, 1, 1, 1, 1, 2, 2, 2, 3, 1, 2, 2, 1, 4, 1, 1, 1, 1, 1, 3, 1, 1, 1, 1, 3, 2, 1, 1, 2, 1, 1, 3, 1, 3, 2, 1, 1, 1, 3, 2, 1, 2, 1, 2, 1, 1, 1, 2, 1, 3, 1, 1, 1, 1, 3, 1, 1, 1, 1]"
User-080,0,trace_0725,1788732816.027068,streaming,19003,267,267,0,296,308.4141511917114,420.02287006378174,0.4195816498950012,0.0,0,True,,1788732396.0041084,1788732704.4182596,1788732816.0269785,"[1788732704.4182596, 1788732705.012559, 1788732705.6654203, 1788732706.3547103, 1788732707.0806155, 1788732707.8212478, 1788732708.605206, 1788732709.425275, 1788732710.2613368, 1788732711.1353352, 1788732712.0422277, 1788732712.707437, 1788732713.3295665, 1788732714.0102317, 1788732714.7145061, 1788732715.4537625, 1788732716.216308, 1788732717.0094094, 1788732717.8713753, 1788732718.686927, 1788732719.3198054, 1788732719.9395533, 1788732720.6113892, 1788732721.3106802, 1788732722.04464, 1788732722.806709, 1788732723.5962873, 1788732724.4181423, 1788732725.2744114, 1788732726.1731396, 1788732727.0863152, 1788732728.031804, 1788732728.7391086, 1788732729.3419335, 1788732730.0080388, 1788732730.703355, 1788732731.4380896, 1788732732.1925988, 1788732732.9877138, 1788732733.8058574, 1788732734.6605144, 1788732735.3284197, 1788732735.9577675, 1788732736.6481383, 1788732737.3599374, 1788732738.0906143, 1788732738.8592813, 1788732739.659546, 1788732740.493584, 1788732741.213122, 1788732741.81651, 1788732742.480159, 1788732743.1719725, 1788732743.8950713, 1788732744.658009, 1788732745.4320512, 1788732746.2561622, 1788732747.1046996, 1788732747.79898, 1788732748.4191828, 1788732749.0844786, 1788732749.79011, 1788732750.5133955, 1788732751.286693, 1788732752.0823572, 1788732752.9098337, 1788732753.7644238, 1788732754.6541865, 1788732755.5676122, 1788732756.5200627, 1788732757.4294653, 1788732758.0088809, 1788732758.6573462, 1788732759.332593, 1788732760.041138, 1788732760.7945142, 1788732761.5673957, 1788732762.381969, 1788732763.145253, 1788732763.7516139, 1788732764.4076774, 1788732765.089335, 1788732765.804043, 1788732766.55813, 1788732767.3317199, 1788732768.1368499, 1788732768.9744225, 1788732769.8428838, 1788732770.7444367, 1788732771.6886384, 1788732772.4585488, 1788732773.0627015, 1788732773.722241, 1788732774.4156215, 1788732775.1386387, 1788732775.8941755, 1788732776.6757984, 1788732777.4948285, 1788732778.1558294, 1788732778.7729235, 1788732779.446828, 1788732780.1415415, 1788732780.8744607, 1788732781.5011802, 1788732782.1323786, 1788732782.8355203, 1788732783.5505135, 1788732784.2981107, 1788732785.0749424, 1788732785.8633144, 1788732786.45868, 1788732787.108998, 1788732787.7922866, 1788732788.5053766, 1788732789.2506018, 1788732790.0299814, 1788732790.8339467, 1788732791.6671243, 1788732792.3600507, 1788732792.9820483, 1788732793.6329684, 1788732794.341554, 1788732795.0807583, 1788732795.7186592, 1788732796.338558, 1788732797.011838, 1788732797.716485, 1788732798.4590054, 1788732799.2497976, 1788732800.0310023, 1788732800.8698468, 1788732801.7294545, 1788732802.331875, 1788732802.983472, 1788732803.6596775, 1788732804.3691463, 1788732805.1159344, 1788732805.8853123, 1788732806.6823795, 1788732807.506998, 1788732808.3655019, 1788732809.2545197, 1788732810.1730597, 1788732810.9882333, 1788732811.5876708, 1788732812.2439349, 1788732812.9401042, 1788732813.666473, 1788732814.4192333, 1788732815.2035189, 1788732816.0261734]","[1, 1, 2, 1, 2, 1, 1, 2, 2, 1, 2, 1, 1, 2, 1, 3, 1, 1, 1, 1, 1, 3, 1, 1, 1, 2, 1, 3, 1, 1, 1, 1, 1, 2, 2, 1, 3, 1, 1, 3, 1, 2, 1, 1, 3, 2, 2, 2, 1, 2, 3, 1, 1, 2, 1, 1, 3, 3, 3, 1, 2, 1, 3, 2, 3, 1, 1, 2, 4, 2, 2, 2, 2, 2, 1, 2, 4, 2, 3, 2, 1, 1, 1, 1, 2, 2, 1, 1, 1, 2, 2, 1, 1, 1, 2, 3, 1, 5, 1, 2, 2, 2, 4, 2, 2, 2, 1, 1, 1, 3, 2, 2, 3, 2, 1, 5, 2, 2, 1, 1, 1, 2, 2, 1, 2, 2, 2, 2, 1, 3, 2, 2, 1, 1, 1, 1, 3, 1, 1, 2, 2, 3, 1, 2, 4, 2, 2, 3, 1, 2, 1]"
User-083,0,trace_0263,1788732820.5843422,streaming,18762,101,101,0,292,311.7381377220154,354.1609411239624,0.42422803401947023,0.0,0,True,,1788732466.423174,1788732778.1613116,1788732820.584115,"[1788732778.1613116, 1788732778.778283, 1788732779.452096, 1788732780.1467528, 1788732780.87986, 1788732781.5071507, 1788732782.1374998, 1788732782.8411603, 1788732783.5558152, 1788732784.303451, 1788732785.080247, 1788732785.868868, 1788732786.464527, 1788732787.114211, 1788732787.7979527, 1788732788.5114977, 1788732789.2565582, 1788732790.0358078, 1788732790.8396866, 1788732791.6729665, 1788732792.3520167, 1788732792.9737582, 1788732793.632455, 1788732794.3410492, 1788732795.0802448, 1788732795.710797, 1788732796.33081, 1788732797.0041618, 1788732797.7086546, 1788732798.4504282, 1788732799.2495406, 1788732800.0304694, 1788732800.8694577, 1788732801.7213042, 1788732802.3241131, 1788732802.9761996, 1788732803.6525335, 1788732804.3613458, 1788732805.1094496, 1788732805.8775382, 1788732806.6745882, 1788732807.4991584, 1788732808.3573258, 1788732809.2467813, 1788732810.1651762, 1788732810.97979, 1788732811.5792596, 1788732812.2366254, 1788732812.9317029, 1788732813.6580002, 1788732814.4109986, 1788732815.1954813, 1788732816.017753, 1788732816.8608124, 1788732817.7454484, 1788732818.6635945, 1788732819.5991287, 1788732820.5752149]","[1, 1, 1, 1, 1, 2, 1, 2, 2, 1, 2, 1, 2, 1, 3, 1, 1, 2, 1, 1, 2, 2, 1, 1, 2, 1, 2, 1, 1, 2, 5, 1, 1, 2, 2, 2, 3, 2, 1, 1, 5, 1, 1, 2, 2, 3, 1, 2, 2, 1, 5, 1, 2, 2, 2, 1, 3, 2]"
User-016,0,trace_0704,1788732878.2503414,streaming,22704,1173,1008,0,354,61.04676818847656,644.7606778144836,0.5796563154180805,0.0,0,True,,1788732233.4895773,1788732294.5363455,1788732878.250255,"[1788732294.5363455, 1788732295.1276484, 1788732295.7736316, 1788732296.4527352, 1788732297.1581278, 1788732297.8962972, 1788732298.663341, 1788732299.466326, 1788732300.108027, 1788732300.713474, 1788732301.372329, 1788732302.0627115, 1788732302.7807639, 1788732303.5318925, 1788732304.3131845, 1788732305.0815313, 1788732305.6703105, 1788732306.3115277, 1788732306.9842482, 1788732307.6870463, 1788732308.419678, 1788732309.1797342, 1788732309.9818497, 1788732310.7622714, 1788732311.3503497, 1788732311.9923666, 1788732312.6657574, 1788732313.367494, 1788732314.1003356, 1788732314.860357, 1788732315.6532, 1788732316.3693674, 1788732316.9675117, 1788732317.6243827, 1788732318.3036385, 1788732319.0170398, 1788732319.7575812, 1788732320.528674, 1788732321.332237, 1788732322.1688442, 1788732323.0352187, 1788732323.8441684, 1788732324.4341815, 1788732325.0886362, 1788732325.7593515, 1788732326.478889, 1788732327.2353046, 1788732328.001968, 1788732328.8066487, 1788732329.6429896, 1788732330.5051496, 1788732331.3983967, 1788732332.3234043, 1788732333.2815514, 1788732333.9230163, 1788732334.5259216, 1788732335.190135, 1788732335.890274, 1788732336.6166627, 1788732337.3717067, 1788732338.158609, 1788732338.82972, 1788732339.4394314, 1788732340.1006734, 1788732340.7891927, 1788732341.5124245, 1788732342.2600427, 1788732343.039059, 1788732343.8312936, 1788732344.4221075, 1788732345.0630534, 1788732345.737709, 1788732346.4556189, 1788732347.1836925, 1788732347.954966, 1788732348.7620583, 1788732349.44415, 1788732350.0486813, 1788732350.7111025, 1788732351.4013577, 1788732352.1236196, 1788732352.8726091, 1788732353.647244, 1788732354.4615166, 1788732355.1650817, 1788732355.7710643, 1788732356.4277165, 1788732357.1206162, 1788732357.832071, 1788732358.589492, 1788732359.3788662, 1788732360.213927, 1788732361.0590105, 1788732361.8214784, 1788732362.4196808, 1788732363.0725746, 1788732363.753425, 1788732364.4691274, 1788732365.2174277, 1788732365.9952192, 1788732366.8100278, 1788732367.6600413, 1788732368.3473952, 1788732368.9529443, 1788732369.618688, 1788732370.3262258, 1788732371.0331132, 1788732371.7836356, 1788732372.5625863, 1788732373.3746402, 1788732374.2205331, 1788732375.1017833, 1788732376.008857, 1788732376.9489615, 1788732377.856712, 1788732378.4348981, 1788732379.083504, 1788732379.7668536, 1788732380.4939823, 1788732381.2393014, 1788732382.0153913, 1788732382.8251786, 1788732383.6628804, 1788732384.5298865, 1788732385.424892, 1788732386.3563094, 1788732387.15653, 1788732387.7442179, 1788732388.4172158, 1788732389.1207914, 1788732389.8524592, 1788732390.6184819, 1788732391.3990343, 1788732392.1980078, 1788732392.7852476, 1788732393.4376256, 1788732394.10584, 1788732394.8105843, 1788732395.5489686, 1788732396.316519, 1788732397.118096, 1788732397.9491498, 1788732398.6633992, 1788732399.269174, 1788732399.928013, 1788732400.6162422, 1788732401.336686, 1788732402.0872743, 1788732402.8732333, 1788732403.6854217, 1788732404.5265, 1788732405.4011238, 1788732406.3079689, 1788732407.2467976, 1788732408.2125483, 1788732409.0253396, 1788732409.619558, 1788732410.2762153, 1788732410.9693532, 1788732411.684777, 1788732412.4386678, 1788732413.2297027, 1788732414.0517795, 1788732414.9102283, 1788732415.635369, 1788732416.2594056, 1788732416.937908, 1788732417.646618, 1788732418.3828151, 1788732419.1546135, 1788732419.938739, 1788732420.7708209, 1788732421.611043, 1788732422.358471, 1788732422.9789317, 1788732423.6404068, 1788732424.339229, 1788732425.0656211, 1788732425.8163657, 1788732426.5936007, 1788732427.4016957, 1788732428.2395623, 1788732429.1102357, 1788732430.0143852, 1788732430.948702, 1788732431.9177985, 1788732432.8773704, 1788732433.4609816, 1788732434.1059294, 1788732434.7802777, 1788732435.4881134, 1788732436.2267694, 1788732436.993504, 1788732437.7891238, 1788732438.6168735, 1788732439.473891, 1788732440.3648806, 1788732441.2853994, 1788732442.2392752, 1788732443.2314575, 1788732443.8782175, 1788732444.483193, 1788732445.1626515, 1788732445.8738558, 1788732446.6213646, 1788732447.3976119, 1788732448.2114267, 1788732449.0388575, 1788732449.9019291, 1788732450.7990105, 1788732451.662916, 1788732452.25464, 1788732452.9034355, 1788732453.5689068, 1788732454.299931, 1788732455.0542514, 1788732455.836291, 1788732456.6503508, 1788732457.4932275, 1788732458.3639038, 1788732459.0758016, 1788732459.6777437, 1788732460.3453653, 1788732461.0326867, 1788732461.7558103, 1788732462.5108807, 1788732463.3038738, 1788732464.1202757, 1788732464.9852262, 1788732465.8669794, 1788732466.7806382, 1788732467.7191505, 1788732468.3113492, 1788732468.9658453, 1788732469.6520936, 1788732470.36907, 1788732471.1107163, 1788732471.8782353, 1788732472.6765401, 1788732473.5055046, 1788732474.363479, 1788732475.2592318, 1788732476.1288762, 1788732476.7115803, 1788732477.3570106, 1788732478.0356119, 1788732478.7382386, 1788732479.4756322, 1788732480.2374911, 1788732481.034031, 1788732481.8762937, 1788732482.7300181, 1788732483.628017, 1788732484.5603082, 1788732485.5132463, 1788732486.1861386, 1788732486.7892156, 1788732487.4538245, 1788732488.1553836, 1788732488.8795366, 1788732489.6332572, 1788732490.4167492, 1788732491.2368693, 1788732492.092011, 1788732492.9784946, 1788732493.8955746, 1788732494.8555334, 1788732495.445007, 1788732496.0921085, 1788732496.7833648, 1788732497.499093, 1788732498.2469163, 1788732499.0207827, 1788732499.8300016, 1788732500.670189, 1788732501.533958, 1788732502.2465367, 1788732502.8586934, 1788732503.5105836, 1788732504.2217522, 1788732504.9615426, 1788732505.720269, 1788732506.5101266, 1788732507.3318157, 1788732508.1828442, 1788732509.0631695, 1788732509.9712753, 1788732510.857304, 1788732511.4481623, 1788732512.085981, 1788732512.760058, 1788732513.4696853, 1788732514.2102945, 1788732514.975257, 1788732515.7731082, 1788732516.6017919, 1788732517.4655972, 1788732518.3628283, 1788732519.2913337, 1788732519.9393892, 1788732520.5555818, 1788732521.216775, 1788732521.9152622, 1788732522.6475809, 1788732523.4174263, 1788732524.192096, 1788732525.0262094, 1788732525.7946389, 1788732526.408649, 1788732527.066943, 1788732527.7696815, 1788732528.5057852, 1788732529.270232, 1788732530.0542016, 1788732530.8751602, 1788732531.573042, 1788732532.1782138, 1788732532.8474512, 1788732533.5386996, 1788732534.2685118, 1788732534.9184594, 1788732535.5327885, 1788732536.2034302, 1788732536.92164, 1788732537.6484876, 1788732538.4004397, 1788732539.1811335, 1788732539.996771, 1788732540.8494897, 1788732541.7328398, 1788732542.6458106, 1788732543.6019526, 1788732544.1746223, 1788732544.8160894, 1788732545.486505, 1788732546.188188, 1788732546.923551, 1788732547.6829436, 1788732548.473562, 1788732549.282118, 1788732549.8755808, 1788732550.5212953, 1788732551.197082, 1788732551.902557, 1788732552.6425192, 1788732553.422594, 1788732554.1802487, 1788732554.7899535, 1788732555.458594, 1788732556.1544967, 1788732556.8798394, 1788732557.6315613, 1788732558.4145324, 1788732559.2198102, 1788732560.07575, 1788732560.7969575, 1788732561.4185443, 1788732562.0920522, 1788732562.7928603, 1788732563.5253797, 1788732564.2943747, 1788732565.0749624, 1788732565.8167384, 1788732566.4217193, 1788732567.1023116, 1788732567.805192, 1788732568.5399847, 1788732569.3038697, 1788732570.0957224, 1788732570.916474, 1788732571.766273, 1788732572.4459448, 1788732573.052345, 1788732573.7244644, 1788732574.4267573, 1788732575.1630433, 1788732575.9263585, 1788732576.7191188, 1788732577.4481447, 1788732578.0384407, 1788732578.695514, 1788732579.3823843, 1788732580.1003835, 1788732580.8531456, 1788732581.6363595, 1788732582.446017, 1788732583.2855625, 1788732584.1570437, 1788732585.0725212, 1788732585.9946897, 1788732586.9649475, 1788732587.756651, 1788732588.3433108, 1788732589.0121138, 1788732589.6912808, 1788732590.4242759, 1788732591.185994, 1788732591.9778922, 1788732592.8255088, 1788732593.411313, 1788732594.0506396, 1788732594.717055, 1788732595.417427, 1788732596.14984, 1788732596.9211626, 1788732597.5984292, 1788732598.2261975, 1788732598.9002304, 1788732599.6040626, 1788732600.338443, 1788732601.09954, 1788732601.8903258, 1788732602.572086, 1788732603.1823285, 1788732603.844009, 1788732604.5454085, 1788732605.2727907, 1788732606.0365806, 1788732606.8383186, 1788732607.6672542, 1788732608.5258324, 1788732609.4088185, 1788732610.104334, 1788732610.7024608, 1788732611.369032, 1788732612.0657942, 1788732612.7913823, 1788732613.550657, 1788732614.3361573, 1788732615.1534154, 1788732615.999626, 1788732616.6587553, 1788732617.2675433, 1788732617.9343624, 1788732618.6300857, 1788732619.360716, 1788732620.1179633, 1788732620.9053342, 1788732621.7251859, 1788732622.575892, 1788732623.2530804, 1788732623.8610504, 1788732624.5285408, 1788732625.2229304, 1788732625.9537818, 1788732626.715153, 1788732627.5066044, 1788732628.2467005, 1788732628.866457, 1788732629.5515785, 1788732630.2461345, 1788732630.979793, 1788732631.7329533, 1788732632.5212488, 1788732633.3401558, 1788732634.0414228, 1788732634.6440415, 1788732635.3283784, 1788732636.0327592, 1788732636.7700775, 1788732637.5336387, 1788732638.328356, 1788732639.153767, 1788732639.985503, 1788732640.5746481, 1788732641.2216015, 1788732641.9039118, 1788732642.6212792, 1788732643.367754, 1788732644.1371188, 1788732644.9434383, 1788732645.7780402, 1788732646.6432886, 1788732647.5370471, 1788732648.4642901, 1788732649.3561594, 1788732649.938563, 1788732650.5884151, 1788732651.2661805, 1788732651.9738302, 1788732652.7159472, 1788732653.4829748, 1788732654.2401452, 1788732654.8390584, 1788732656.167296, 1788732656.8789124, 1788732659.0775628, 1788732660.3502533, 1788732661.0413628, 1788732663.018773, 1788732664.3904245, 1788732665.137945, 1788732667.5516832, 1788732669.0654943, 1788732669.6818957, 1788732671.7835398, 1788732673.1059272, 1788732673.758839, 1788732675.8958132, 1788732677.463456, 1788732678.3083458, 1788732680.991978, 1788732681.9486287, 1788732684.0272808, 1788732684.7311535, 1788732687.0205383, 1788732687.8506715, 1788732689.9777977, 1788732690.6616166, 1788732692.9017699, 1788732693.710259, 1788732695.790866, 1788732696.4765155, 1788732698.6936843, 1788732699.2849295, 1788732701.3282743, 1788732702.072071, 1788732704.4153194, 1788732705.0099742, 1788732707.0779994, 1788732707.824963, 1788732710.2651694, 1788732711.139128, 1788732713.3339047, 1788732714.0145955, 1788732716.2205622, 1788732717.01368, 1788732719.324733, 1788732719.9442513, 1788732722.0493197, 1788732722.8115675, 1788732725.2792, 1788732726.1782527, 1788732728.7437656, 1788732729.346686, 1788732731.4421299, 1788732732.1973464, 1788732734.6649756, 1788732735.3329353, 1788732736.651792, 1788732737.363826, 1788732739.6634643, 1788732740.4973128, 1788732742.4839573, 1788732743.1757548, 1788732745.4357712, 1788732746.2598941, 1788732748.4228349, 1788732749.0882246, 1788732751.290238, 1788732752.085021, 1788732754.6568294, 1788732755.570609, 1788732758.0120413, 1788732758.6606033, 1788732760.0443738, 1788732760.79784, 1788732763.14915, 1788732763.7554479, 1788732765.8078516, 1788732766.5643077, 1788732768.978201, 1788732769.8466167, 1788732772.4621139, 1788732773.0664272, 1788732775.1424236, 1788732775.8978574, 1788732778.1594784, 1788732778.7767487, 1788732780.878288, 1788732781.5056858, 1788732783.55425, 1788732784.3018906, 1788732786.4629896, 1788732787.1130164, 1788732789.2549872, 1788732790.0342538, 1788732791.6714115, 1788732792.3565974, 1788732793.630956, 1788732794.3395452, 1788732795.7148123, 1788732796.3350427, 1788732797.7130373, 1788732798.455304, 1788732800.8678706, 1788732801.7249336, 1788732802.979958, 1788732803.6563184, 1788732805.1127608, 1788732805.8812733, 1788732807.5030036, 1788732808.3611228, 1788732810.983358, 1788732811.5830748, 1788732812.9354608, 1788732813.6618729, 1788732815.1993282, 1788732816.0215685, 1788732817.7492235, 1788732818.667407, 1788732820.5793905, 1788732821.571449, 1788732822.942606, 1788732823.6346002, 1788732825.8875988, 1788732826.6853383, 1788732828.3671825, 1788732829.2505517, 1788732831.7861116, 1788732832.398106, 1788732833.77756, 1788732834.5148444, 1788732836.0741699, 1788732836.911952, 1788732838.6683328, 1788732839.6016822, 1788732841.0426795, 1788732841.6796913, 1788732843.0530248, 1788732843.7858288, 1788732845.3194177, 1788732846.1326613, 1788732847.8369777, 1788732848.7344356, 1788732850.4641457, 1788732851.0723374, 1788732852.4460683, 1788732853.2050445, 1788732854.7697022, 1788732855.5942128, 1788732858.2384286, 1788732859.1812599, 1788732860.8147082, 1788732861.454049, 1788732862.87525, 1788732863.6287527, 1788732865.2033029, 1788732866.056845, 1788732867.3007174, 1788732867.974683, 1788732869.4414158, 1788732870.2226794, 1788732871.871579, 1788732872.7522554, 1788732874.5763462, 1788732875.529294, 1788732877.5253131, 1788732878.2480056]","[1, 1, 2, 2, 1, 2, 1, 2, 1, 1, 1, 1, 1, 2, 2, 1, 2, 1, 1, 3, 1, 1, 2, 2, 2, 1, 1, 1, 2, 1, 3, 1, 1, 1, 1, 1, 4, 1, 1, 2, 1, 1, 1, 2, 1, 3, 2, 2, 2, 1, 1, 2, 2, 3, 2, 1, 1, 3, 1, 2, 1, 1, 1, 2, 2, 1, 1, 3, 2, 2, 2, 1, 1, 1, 2, 3, 1, 3, 1, 1, 2, 1, 2, 3, 1, 2, 3, 2, 1, 1, 4, 1, 1, 1, 1, 2, 1, 1, 1, 1, 3, 1, 1, 1, 2, 5, 1, 1, 1, 3, 1, 1, 3, 2, 2, 2, 1, 3, 1, 1, 1, 1, 3, 2, 2, 1, 2, 1, 1, 2, 1, 4, 2, 2, 1, 2, 3, 1, 2, 2, 2, 1, 3, 1, 1, 5, 2, 2, 1, 2, 1, 1, 3, 1, 2, 1, 1, 2, 1, 2, 3, 2, 5, 1, 1, 4, 3, 1, 1, 2, 1, 1, 5, 1, 3, 1, 2, 1, 3, 3, 1, 1, 1, 3, 2, 2, 1, 2, 2, 3, 2, 1, 1, 3, 2, 1, 2, 2, 1, 1, 1, 1, 2, 2, 2, 2, 1, 1, 1, 1, 3, 2, 1, 3, 2, 1, 1, 1, 1, 2, 1, 1, 2, 2, 1, 1, 1, 1, 1, 2, 4, 3, 1, 2, 2, 2, 1, 2, 1, 1, 2, 3, 1, 1, 1, 2, 1, 1, 1, 1, 1, 1, 1, 2, 1, 2, 1, 2, 3, 2, 1, 2, 1, 3, 1, 2, 1, 2, 2, 1, 4, 1, 1, 4, 3, 2, 2, 1, 1, 5, 1, 2, 2, 1, 1, 1, 2, 1, 1, 1, 2, 1, 1, 3, 1, 1, 1, 1, 1, 2, 1, 1, 1, 1, 2, 3, 2, 1, 2, 1, 1, 1, 1, 1, 4, 1, 1, 3, 3, 2, 2, 1, 1, 2, 3, 3, 1, 2, 1, 2, 2, 1, 2, 2, 1, 1, 2, 1, 1, 1, 1, 1, 1, 1, 3, 1, 1, 1, 1, 1, 1, 3, 2, 3, 1, 4, 3, 2, 1, 1, 1, 2, 1, 2, 1, 1, 1, 1, 1, 1, 1, 1, 2, 1, 2, 2, 2, 2, 1, 1, 3, 1, 2, 1, 2, 4, 1, 3, 1, 2, 2, 3, 2, 1, 2, 3, 3, 2, 1, 5, 2, 5, 3, 5, 3, 2, 1, 3, 2, 1, 2, 2, 2, 2, 1, 4, 2, 3, 2, 2, 6, 2, 1, 2, 1, 3, 2, 1, 2, 5, 1, 1, 1, 1, 1, 3, 2, 2, 1, 1, 4, 1, 1, 2, 2, 1, 1, 1, 1, 1, 5, 1, 1, 6, 1, 1, 1, 4, 1, 2, 1, 2, 2, 2, 6, 1, 1, 1, 3, 1, 2, 2, 2, 3, 3, 1, 3, 1, 3, 1, 2, 1, 1, 1, 1, 1, 1, 1, 1, 1, 1, 1, 1, 1, 1, 1, 1, 1, 1, 1, 1, 1, 1, 1, 1, 1, 1, 1, 1, 1, 1, 1, 1, 1, 1, 1, 1, 1, 1, 1, 1, 1, 1, 1, 1, 1, 1, 1, 1, 1, 1, 1, 1, 1, 1, 1, 1, 1, 1, 1, 1, 1, 1, 1, 1, 1, 1, 1, 1, 1, 1, 1, 1, 1, 1, 1, 1, 1, 1, 1, 1, 1, 1, 1, 1, 1, 1, 1, 1, 1, 1, 1, 1, 1, 1, 1, 1, 1, 1, 1, 1, 1, 1, 1, 1, 1, 1, 1, 1, 1, 1, 1, 1, 1, 1, 1, 1, 1, 1, 1, 1, 1, 1, 1, 1, 1, 1, 1, 1, 1, 1, 1, 1, 1, 1, 1, 1, 1, 1, 1, 1, 1, 1, 1, 1, 1, 1, 1, 1, 1, 1, 1, 1, 1, 1, 1, 1, 1, 1, 1, 1, 1, 1, 1, 1, 1, 1, 1, 1]"
User-058,1,trace_0586,1788732851.7465358,streaming,18855,251,251,278,16,334.09097838401794,422.6898114681244,0.3543953323364258,11.0,0,True,,1788732429.0566382,1788732763.1476166,1788732851.7464497,"[1788732763.1476166, 1788732763.7538335, 1788732764.4098558, 1788732765.091536, 1788732765.8062353, 1788732766.562675, 1788732767.333898, 1788732768.1392612, 1788732768.976641, 1788732769.8450897, 1788732770.7465177, 1788732771.6908574, 1788732772.4606285, 1788732773.064877, 1788732773.7244558, 1788732774.4178, 1788732775.14085, 1788732775.896301, 1788732776.6780233, 1788732777.4969478, 1788732778.157838, 1788732778.7751782, 1788732779.449029, 1788732780.1437542, 1788732780.8767333, 1788732781.5032225, 1788732782.1345484, 1788732782.837761, 1788732783.552708, 1788732784.300357, 1788732785.0771816, 1788732785.8661747, 1788732786.4614282, 1788732787.111771, 1788732787.7949657, 1788732788.508502, 1788732789.2534208, 1788732790.0327227, 1788732790.836714, 1788732791.6698506, 1788732792.3590388, 1788732792.980986, 1788732793.629389, 1788732794.3379738, 1788732795.077253, 1788732795.7168458, 1788732796.3370411, 1788732797.0102859, 1788732797.7151103, 1788732798.4574394, 1788732799.2479005, 1788732800.026917, 1788732800.8666074, 1788732801.7270858, 1788732802.3298342, 1788732802.981975, 1788732803.658357, 1788732804.3671103, 1788732805.1142972, 1788732805.8832905, 1788732806.6803107, 1788732807.5049539, 1788732808.3633657, 1788732809.2524724, 1788732810.1710203, 1788732810.9862652, 1788732811.5856624, 1788732812.2428772, 1788732812.9380245, 1788732813.6644113, 1788732814.4172003, 1788732815.2018332, 1788732816.0241022, 1788732816.8670845, 1788732817.7518036, 1788732818.6699464, 1788732819.60539, 1788732820.5821068, 1788732821.5698693, 1788732822.3106585, 1788732822.9451258, 1788732823.6372778, 1788732824.3585818, 1788732825.116577, 1788732825.89017, 1788732826.6879184, 1788732827.5166547, 1788732828.3697457, 1788732829.2531328, 1788732830.1661701, 1788732831.1099377, 1788732831.788722, 1788732832.4006426, 1788732833.074516, 1788732833.7801235, 1788732834.517387, 1788732835.2860475, 1788732836.076704, 1788732836.9145045, 1788732837.7763264, 1788732838.6709156, 1788732839.6045728, 1788732840.4441805, 1788732841.0446787, 1788732841.6817307, 1788732842.3573146, 1788732843.0550618, 1788732843.7878768, 1788732844.5448468, 1788732845.3214455, 1788732846.1347046, 1788732846.9713674, 1788732847.8390028, 1788732848.7365005, 1788732849.6666186, 1788732850.4670873, 1788732851.0748584, 1788732851.744654]","[1, 2, 2, 1, 1, 2, 1, 2, 2, 2, 4, 3, 1, 1, 2, 3, 2, 2, 1, 3, 5, 1, 2, 1, 1, 1, 3, 2, 2, 1, 2, 1, 3, 2, 1, 2, 1, 1, 1, 1, 2, 4, 3, 6, 1, 3, 2, 2, 1, 4, 2, 4, 2, 1, 2, 1, 2, 3, 1, 1, 3, 3, 4, 1, 3, 2, 1, 3, 4, 3, 1, 3, 1, 1, 2, 1, 2, 3, 2, 5, 1, 3, 2, 1, 1, 6, 2, 4, 2, 1, 2, 1, 3, 1, 1, 1, 2, 2, 2, 3, 1, 3, 1, 5, 6, 1, 1, 1, 1, 2, 1, 1, 3, 3, 4, 6, 2, 1]"
User-053,1,trace_0176,1788732873.659758,streaming,16219,247,247,231,253,315.34733843803406,403.1422829627991,0.3568900183933537,14.0,0,True,,1788732470.517339,1788732785.8646774,1788732873.659622,"[1788732785.8646774, 1788732786.45975, 1788732787.1100755, 1788732787.793315, 1788732788.5064135, 1788732789.2516987, 1788732790.0310512, 1788732790.8350244, 1788732791.6681798, 1788732792.3514833, 1788732792.9732196, 1788732793.6277575, 1788732794.336236, 1788732795.075553, 1788732795.7102182, 1788732796.3302455, 1788732797.003477, 1788732797.7081122, 1788732798.4498932, 1788732799.2471523, 1788732800.0253313, 1788732800.8584297, 1788732801.7207882, 1788732802.3235965, 1788732802.9756634, 1788732803.6519845, 1788732804.3608065, 1788732805.1088974, 1788732805.8770235, 1788732806.6740618, 1788732807.498581, 1788732808.3567877, 1788732809.2462184, 1788732810.1646461, 1788732810.97927, 1788732811.5786915, 1788732812.2361028, 1788732812.9311721, 1788732813.657468, 1788732814.4104354, 1788732815.1949053, 1788732816.017229, 1788732816.8602595, 1788732817.7448888, 1788732818.6630611, 1788732819.5985663, 1788732820.5746264, 1788732821.5681887, 1788732822.3036304, 1788732822.938189, 1788732823.63009, 1788732824.3518164, 1788732825.1098711, 1788732825.883238, 1788732826.6810217, 1788732827.509838, 1788732828.3628304, 1788732829.2461128, 1788732830.1593182, 1788732831.1028814, 1788732831.781031, 1788732832.3932898, 1788732833.0671437, 1788732833.7727396, 1788732834.5098984, 1788732835.2782302, 1788732836.069369, 1788732836.9065611, 1788732837.7694445, 1788732838.664094, 1788732839.5973823, 1788732840.4380805, 1788732841.0374866, 1788732841.674856, 1788732842.3504558, 1788732843.048167, 1788732843.7809775, 1788732844.5379963, 1788732845.3145835, 1788732846.1277845, 1788732846.9646587, 1788732847.8321717, 1788732848.7295885, 1788732849.659955, 1788732850.459535, 1788732851.067549, 1788732851.7376404, 1788732852.4412491, 1788732853.200246, 1788732853.9774933, 1788732854.764988, 1788732855.5893269, 1788732856.4435542, 1788732857.3202493, 1788732858.2335665, 1788732859.1764503, 1788732860.1551652, 1788732860.8091655, 1788732861.4487305, 1788732862.146472, 1788732862.8699758, 1788732863.623417, 1788732864.3966017, 1788732865.1979005, 1788732866.0508447, 1788732866.6415985, 1788732867.2947247, 1788732867.96875, 1788732868.6849678, 1788732869.4354851, 1788732870.2168527, 1788732871.0231104, 1788732871.865714, 1788732872.746392, 1788732873.650508]","[1, 4, 3, 2, 6, 4, 2, 2, 2, 3, 2, 2, 4, 1, 5, 2, 1, 1, 2, 2, 2, 4, 1, 1, 1, 2, 2, 1, 3, 2, 1, 5, 3, 2, 3, 2, 1, 1, 3, 1, 3, 1, 2, 3, 1, 2, 1, 1, 2, 6, 2, 2, 1, 4, 2, 1, 1, 1, 1, 1, 2, 1, 2, 1, 1, 1, 1, 1, 1, 1, 1, 1, 2, 5, 1, 3, 1, 3, 1, 2, 1, 5, 4, 2, 1, 1, 2, 1, 2, 2, 1, 6, 1, 2, 1, 3, 2, 1, 1, 1, 1, 1, 3, 1, 4, 3, 4, 2, 2, 6, 1, 6, 2, 5, 4]"
User-008,1,trace_0707,1788732853.9867036,streaming,19865,309,309,302,7,319.1850526332855,431.9590497016907,0.3661493411311856,16.0,0,True,,1788732422.0275595,1788732741.2126122,1788732853.9866092,"[1788732741.2126122, 1788732741.8159592, 1788732742.479617, 1788732743.1714482, 1788732743.8944755, 1788732744.6574981, 1788732745.4315004, 1788732746.255628, 1788732747.1041534, 1788732747.7976165, 1788732748.4181008, 1788732749.083456, 1788732749.7890759, 1788732750.512084, 1788732751.2854602, 1788732752.0812726, 1788732752.9087908, 1788732753.763392, 1788732754.6529732, 1788732755.566558, 1788732756.5188603, 1788732757.4284425, 1788732758.007691, 1788732758.6561244, 1788732759.3315732, 1788732760.0401204, 1788732760.7934809, 1788732761.5662777, 1788732762.3808596, 1788732763.1442244, 1788732763.7505076, 1788732764.4065654, 1788732765.088282, 1788732765.802973, 1788732766.5570862, 1788732767.3305557, 1788732768.1356602, 1788732768.9733553, 1788732769.84181, 1788732770.7433796, 1788732771.6875973, 1788732772.4575367, 1788732773.0615184, 1788732773.7212226, 1788732774.4145203, 1788732775.1375997, 1788732775.8930209, 1788732776.6747208, 1788732777.4937408, 1788732778.1548216, 1788732778.7719066, 1788732779.4457545, 1788732780.1405077, 1788732780.8734035, 1788732781.5001361, 1788732782.1313336, 1788732782.8344474, 1788732783.549464, 1788732784.2970257, 1788732785.073869, 1788732785.8623006, 1788732786.457646, 1788732787.1078362, 1788732787.7912514, 1788732788.5043652, 1788732789.249571, 1788732790.0289574, 1788732790.8328943, 1788732791.666045, 1788732792.3585262, 1788732792.9804726, 1788732793.6261635, 1788732794.3346496, 1788732795.0739672, 1788732795.7163582, 1788732796.336541, 1788732797.009771, 1788732797.7145698, 1788732798.4569263, 1788732799.2466428, 1788732800.0241325, 1788732800.8573787, 1788732801.7265615, 1788732802.3293169, 1788732802.9814756, 1788732803.6578465, 1788732804.3665686, 1788732805.1138928, 1788732805.8827815, 1788732806.6798003, 1788732807.5044363, 1788732808.362658, 1788732809.2519689, 1788732810.1704755, 1788732810.9857621, 1788732811.5851457, 1788732812.2423465, 1788732812.9374986, 1788732813.663915, 1788732814.4166846, 1788732815.2013295, 1788732816.0236027, 1788732816.8665454, 1788732817.7512925, 1788732818.6694407, 1788732819.6048856, 1788732820.5816014, 1788732821.5671432, 1788732822.3101587, 1788732822.9446256, 1788732823.636758, 1788732824.3580813, 1788732825.1160464, 1788732825.8896685, 1788732826.6873949, 1788732827.5161438, 1788732828.3692334, 1788732829.2526171, 1788732830.1656659, 1788732831.1094184, 1788732831.7882109, 1788732832.4001317, 1788732833.074004, 1788732833.7796042, 1788732834.5168803, 1788732835.2853587, 1788732836.076204, 1788732836.9139993, 1788732837.7758067, 1788732838.6703837, 1788732839.6040583, 1788732840.4436138, 1788732841.0441835, 1788732841.6811929, 1788732842.3567886, 1788732843.054534, 1788732843.7873695, 1788732844.5442908, 1788732845.320925, 1788732846.1342018, 1788732846.9708366, 1788732847.8384721, 1788732848.7359989, 1788732849.6661122, 1788732850.4657376, 1788732851.0738292, 1788732851.743873, 1788732852.4476016, 1788732853.2065625, 1788732853.9838707]","[1, 4, 2, 2, 6, 3, 3, 3, 3, 2, 3, 1, 1, 1, 4, 2, 3, 2, 3, 1, 1, 1, 3, 1, 1, 1, 2, 2, 4, 2, 2, 1, 2, 3, 2, 4, 2, 2, 3, 1, 1, 2, 1, 1, 1, 2, 1, 2, 1, 2, 1, 1, 1, 1, 4, 1, 3, 3, 2, 2, 1, 1, 3, 2, 2, 2, 1, 4, 1, 3, 1, 3, 1, 2, 2, 1, 3, 2, 1, 2, 2, 3, 1, 1, 1, 1, 2, 1, 1, 1, 2, 2, 1, 3, 2, 2, 2, 3, 1, 1, 1, 3, 3, 3, 1, 2, 2, 3, 1, 1, 2, 1, 4, 1, 4, 2, 1, 4, 2, 2, 4, 2, 1, 2, 1, 3, 1, 2, 1, 2, 1, 5, 1, 5, 6, 2, 2, 4, 2, 3, 3, 3, 1, 3, 1, 2, 1, 2, 1, 5]"
User-084,0,trace_0461,1788732860.163695,streaming,11643,178,175,0,179,312.1749975681305,390.83459544181824,0.4520666544464813,0.0,0,True,,1788732469.3290436,1788732781.5040412,1788732860.163639,"[1788732781.5040412, 1788732782.1350968, 1788732782.8382728, 1788732783.5532193, 1788732784.3008766, 1788732785.077708, 1788732785.8667796, 1788732786.4619484, 1788732787.1122081, 1788732787.7954712, 1788732788.5090237, 1788732789.2539387, 1788732790.0332336, 1788732790.837219, 1788732791.6703603, 1788732792.3507774, 1788732792.9726808, 1788732793.6299124, 1788732794.3385174, 1788732795.0777495, 1788732795.709548, 1788732796.3296084, 1788732797.002901, 1788732797.70747, 1788732798.449247, 1788732799.248138, 1788732800.0274582, 1788732800.8670247, 1788732801.7201235, 1788732802.322954, 1788732802.9749749, 1788732803.651297, 1788732804.3601577, 1788732805.1081178, 1788732805.8763878, 1788732806.6734216, 1788732807.4979498, 1788732808.3561492, 1788732809.24558, 1788732810.1639836, 1788732810.9785488, 1788732811.5780504, 1788732812.2354476, 1788732812.9304874, 1788732813.6568172, 1788732814.4097927, 1788732815.1942284, 1788732816.0165827, 1788732816.8595831, 1788732817.7442405, 1788732818.6623812, 1788732819.5979264, 1788732820.5739825, 1788732821.570387, 1788732822.302946, 1788732822.9375453, 1788732823.6295187, 1788732824.3511593, 1788732825.1091418, 1788732825.8825383, 1788732826.6803918, 1788732827.509183, 1788732828.3621588, 1788732829.2454746, 1788732830.1586542, 1788732831.1022406, 1788732831.780326, 1788732832.3926606, 1788732833.0664098, 1788732833.7720814, 1788732834.509263, 1788732835.2775998, 1788732836.0687242, 1788732836.9058876, 1788732837.7687879, 1788732838.663461, 1788732839.5967228, 1788732840.4375305, 1788732841.036975, 1788732841.6742897, 1788732842.3499238, 1788732843.0476372, 1788732843.7803948, 1788732844.5374613, 1788732845.3140485, 1788732846.1272602, 1788732846.9641383, 1788732848.7290647, 1788732849.6594403, 1788732851.0670245, 1788732851.7371125, 1788732852.440728, 1788732853.1997154, 1788732853.9769614, 1788732854.7644682, 1788732855.5888023, 1788732856.4430175, 1788732857.3197155, 1788732858.2330375, 1788732859.1759198, 1788732860.1543334]","[1, 1, 1, 2, 2, 2, 1, 1, 1, 1, 1, 3, 2, 1, 1, 1, 1, 4, 1, 2, 1, 1, 3, 2, 1, 1, 4, 1, 1, 1, 5, 3, 2, 3, 1, 2, 1, 1, 1, 3, 2, 1, 2, 2, 3, 1, 1, 1, 5, 2, 1, 1, 1, 3, 1, 1, 1, 3, 2, 3, 1, 3, 1, 1, 1, 5, 2, 1, 2, 3, 1, 1, 1, 6, 2, 1, 2, 3, 1, 1, 1, 1, 5, 1, 2, 1, 1, 1, 1, 1, 1, 1, 2, 2, 1, 1, 1, 3, 1, 1, 2]"
User-060,24,trace_0527,1788732876.8662384,streaming,28375,112,112,430,2,332.2511737346649,377.332715511322,0.40614001600591987,7.0,0,True,,1788732499.5334072,1788732831.784581,1788732876.8661227,"[1788732831.784581, 1788732832.396598, 1788732833.0703242, 1788732833.7760208, 1788732834.513257, 1788732835.2815962, 1788732836.0726156, 1788732836.9102619, 1788732837.7720735, 1788732838.6666653, 1788732839.6000445, 1788732840.4406965, 1788732841.0411532, 1788732841.678118, 1788732842.3537874, 1788732843.0514686, 1788732843.7842698, 1788732844.541272, 1788732845.3178744, 1788732846.1310658, 1788732846.9678948, 1788732847.8354428, 1788732848.732853, 1788732849.663177, 1788732850.4626071, 1788732851.070785, 1788732851.7409537, 1788732852.4445202, 1788732853.203484, 1788732853.9808133, 1788732854.7681963, 1788732855.592659, 1788732856.446767, 1788732857.3234901, 1788732858.236849, 1788732859.1797223, 1788732860.1586618, 1788732860.813093, 1788732861.452509, 1788732862.1502628, 1788732862.8737109, 1788732863.6272094, 1788732864.400595, 1788732865.2017403, 1788732866.055233, 1788732866.6459124, 1788732867.2991486, 1788732867.9731524, 1788732868.6892316, 1788732869.4398606, 1788732870.2211637, 1788732871.02743, 1788732871.8700185, 1788732872.7506843, 1788732873.6552362, 1788732874.5747807, 1788732875.5277567, 1788732876.2371387, 1788732876.8612309]","[1, 2, 4, 2, 1, 2, 2, 3, 2, 1, 1, 1, 2, 1, 1, 4, 6, 1, 2, 1, 3, 2, 3, 1, 2, 3, 2, 1, 3, 1, 1, 1, 2, 2, 4, 2, 1, 2, 1, 1, 1, 1, 1, 3, 1, 4, 4, 1, 1, 4, 2, 1, 2, 1, 1, 1, 2, 1, 2]"
User-081,0,trace_0572,1788732836.9199817,streaming,21239,279,279,0,331,317.6775562763214,435.2748396396637,0.4230118106595046,0.0,0,True,,1788732401.6450636,1788732719.32262,1788732836.9199033,"[1788732719.32262, 1788732719.942154, 1788732720.614078, 1788732721.3134553, 1788732722.0472553, 1788732722.8094766, 1788732723.5989442, 1788732724.4208262, 1788732725.2771432, 1788732726.1761415, 1788732727.0891752, 1788732728.0345144, 1788732728.741656, 1788732729.3446712, 1788732730.0150948, 1788732730.7060177, 1788732731.4404693, 1788732732.1952891, 1788732732.9907453, 1788732733.8078628, 1788732734.662757, 1788732735.3304813, 1788732735.9599662, 1788732736.6504536, 1788732737.3622537, 1788732738.0927548, 1788732738.8613758, 1788732739.6618795, 1788732740.4957137, 1788732741.2151916, 1788732741.8188221, 1788732742.4823864, 1788732743.174186, 1788732743.8974385, 1788732744.6602528, 1788732745.4342177, 1788732746.258336, 1788732747.1069722, 1788732747.8010361, 1788732748.4213126, 1788732749.0866416, 1788732749.7923017, 1788732750.515548, 1788732751.2892, 1788732752.0839996, 1788732752.9114516, 1788732753.7661233, 1788732754.6557763, 1788732755.569583, 1788732756.5216808, 1788732757.431009, 1788732758.0104675, 1788732758.6590028, 1788732759.3342257, 1788732760.0428424, 1788732760.796272, 1788732761.5689752, 1788732762.3835735, 1788732763.1467714, 1788732763.7531574, 1788732764.4092631, 1788732765.0909348, 1788732765.8056345, 1788732766.5620148, 1788732767.3333669, 1788732768.1387548, 1788732768.9760342, 1788732769.8445714, 1788732770.746001, 1788732771.6902182, 1788732772.460131, 1788732773.0643632, 1788732773.7239277, 1788732774.4172873, 1788732775.1403203, 1788732775.8957796, 1788732776.6775029, 1788732777.4964197, 1788732778.1573462, 1788732778.774627, 1788732779.448512, 1788732780.1432378, 1788732780.8761868, 1788732781.5026975, 1788732782.1340384, 1788732782.8372397, 1788732783.5521848, 1788732784.2998466, 1788732785.0766659, 1788732785.8656745, 1788732786.4609184, 1788732787.111227, 1788732787.7944477, 1788732788.5079858, 1788732789.2529187, 1788732790.0321982, 1788732790.8362029, 1788732791.6693294, 1788732792.353541, 1788732792.9758918, 1788732793.6288867, 1788732794.3374443, 1788732795.0767274, 1788732795.7118115, 1788732796.3318424, 1788732797.0052004, 1788732797.7097027, 1788732798.4515479, 1788732799.2476556, 1788732800.026378, 1788732800.8661916, 1788732801.7223272, 1788732802.325154, 1788732802.9772215, 1788732803.6536107, 1788732804.3623734, 1788732805.1105542, 1788732805.878552, 1788732806.6756938, 1788732807.5002117, 1788732808.358356, 1788732809.2478554, 1788732810.166221, 1788732810.9808066, 1788732811.580316, 1788732812.2376695, 1788732812.9327497, 1788732813.659084, 1788732814.4120479, 1788732815.1965485, 1788732816.0188346, 1788732816.861863, 1788732817.7464767, 1788732818.6646264, 1788732819.6001837, 1788732820.5765617, 1788732821.569368, 1788732822.3046613, 1788732822.9393091, 1788732823.6312153, 1788732824.3528621, 1788732825.1109612, 1788732825.8843215, 1788732826.6820607, 1788732827.5109432, 1788732828.363887, 1788732829.2472153, 1788732830.1603484, 1788732831.1039767, 1788732831.7820907, 1788732832.3943183, 1788732833.0682116, 1788732833.7737799, 1788732834.5109713, 1788732835.279308, 1788732836.0704088, 1788732836.9076653]","[1, 1, 1, 2, 2, 2, 1, 3, 1, 1, 1, 1, 2, 1, 1, 1, 1, 1, 1, 1, 1, 2, 2, 2, 2, 1, 1, 1, 1, 1, 1, 1, 1, 3, 2, 1, 2, 1, 2, 1, 2, 2, 2, 1, 3, 3, 4, 2, 1, 1, 2, 2, 2, 1, 3, 2, 3, 1, 2, 1, 1, 1, 1, 1, 1, 1, 1, 1, 1, 1, 1, 1, 2, 1, 2, 3, 1, 4, 2, 4, 1, 1, 6, 3, 2, 2, 2, 1, 2, 1, 1, 2, 1, 1, 1, 3, 1, 1, 1, 1, 1, 2, 2, 2, 1, 5, 6, 6, 1, 3, 1, 1, 2, 1, 1, 1, 1, 1, 1, 3, 1, 1, 2, 2, 5, 4, 1, 6, 2, 2, 2, 2, 1, 1, 1, 1, 2, 1, 1, 1, 1, 1, 3, 1, 1, 2, 3, 3, 5, 6, 2, 2, 2, 2, 2, 1, 1]"
User-022,20,trace_0418,1788732839.606766,streaming,28296,166,166,427,2,316.4660141468048,383.6156964302063,0.4069677714145545,8.0,0,True,,1788732455.9909744,1788732772.4569886,1788732839.6066709,"[1788732772.4569886, 1788732773.0609827, 1788732773.720691, 1788732774.4139934, 1788732775.1370695, 1788732775.8924963, 1788732776.6741836, 1788732777.493216, 1788732778.1542523, 1788732778.771384, 1788732779.4452112, 1788732780.1399808, 1788732780.8728395, 1788732781.4996262, 1788732782.1307948, 1788732782.8338864, 1788732783.5489106, 1788732784.296484, 1788732785.0733392, 1788732785.8617587, 1788732786.4571068, 1788732787.107278, 1788732787.79069, 1788732788.5038197, 1788732789.249012, 1788732790.0284324, 1788732790.8323705, 1788732791.6655138, 1788732792.3570926, 1788732792.9794252, 1788732793.6251318, 1788732794.3336062, 1788732795.0729337, 1788732795.7153027, 1788732796.335541, 1788732797.008736, 1788732797.713542, 1788732798.4558148, 1788732799.2461324, 1788732800.0230594, 1788732800.8563251, 1788732801.725555, 1788732802.3282747, 1788732802.9804626, 1788732803.65682, 1788732804.3655713, 1788732805.113164, 1788732805.8817728, 1788732806.678788, 1788732807.5035083, 1788732808.3616295, 1788732809.2509613, 1788732810.169454, 1788732810.984778, 1788732811.5840933, 1788732812.2413492, 1788732812.9364567, 1788732813.6628928, 1788732814.4156797, 1788732815.2003229, 1788732816.0225718, 1788732816.8655162, 1788732817.7502582, 1788732818.6684268, 1788732819.6038566, 1788732820.5805116, 1788732821.5660827, 1788732822.3091505, 1788732822.9436264, 1788732823.6356895, 1788732824.3570552, 1788732825.1150348, 1788732825.8886483, 1788732826.6863372, 1788732827.5151296, 1788732828.3682222, 1788732829.2515903, 1788732830.1646197, 1788732831.108373, 1788732831.7872095, 1788732832.3991158, 1788732833.0729632, 1788732833.7785668, 1788732834.515877, 1788732835.2841475, 1788732836.0751805, 1788732836.9129922, 1788732837.774762, 1788732838.6693628, 1788732839.6027088]","[1, 1, 4, 1, 2, 1, 1, 1, 3, 1, 2, 1, 2, 2, 1, 2, 2, 3, 1, 2, 2, 2, 1, 2, 4, 1, 1, 1, 2, 2, 2, 1, 1, 1, 1, 2, 4, 3, 1, 2, 1, 1, 2, 2, 3, 1, 1, 2, 1, 3, 3, 1, 2, 1, 2, 1, 5, 2, 1, 4, 3, 3, 2, 2, 1, 3, 1, 2, 1, 1, 2, 3, 2, 4, 1, 1, 2, 2, 2, 1, 1, 2, 2, 1, 3, 2, 2, 1, 2, 2]"
User-086,0,trace_0482,1788732868.6946485,streaming,11642,169,165,0,160,324.5084111690521,397.48485112190247,0.4449782923954289,0.0,0,True,,1788732471.209732,1788732795.7181432,1788732868.6945832,"[1788732795.7181432, 1788732796.3380458, 1788732797.0113275, 1788732797.7160954, 1788732798.458469, 1788732799.2490656, 1788732800.0294409, 1788732800.8686795, 1788732801.7280931, 1788732802.3308682, 1788732802.983016, 1788732803.659216, 1788732804.3681183, 1788732805.1151252, 1788732805.8843057, 1788732806.681369, 1788732807.505975, 1788732808.3644927, 1788732809.2534995, 1788732810.1720445, 1788732810.9872477, 1788732811.5866544, 1788732812.2434847, 1788732812.939062, 1788732813.6654189, 1788732814.41821, 1788732815.2028892, 1788732816.0251045, 1788732816.8680825, 1788732817.7528207, 1788732818.6709714, 1788732819.6064112, 1788732820.583121, 1788732821.572458, 1788732822.3115027, 1788732822.946136, 1788732823.6383042, 1788732824.3596106, 1788732825.117616, 1788732825.8911965, 1788732826.688959, 1788732827.5176642, 1788732828.3708155, 1788732829.2541552, 1788732830.1672006, 1788732831.1109862, 1788732831.7897067, 1788732832.401667, 1788732833.075567, 1788732833.781137, 1788732834.5183983, 1788732835.2870681, 1788732836.0777144, 1788732836.919234, 1788732837.7773676, 1788732838.6719427, 1788732839.6056068, 1788732840.4451659, 1788732841.0456927, 1788732841.6827812, 1788732842.35833, 1788732843.0560894, 1788732843.7889147, 1788732844.5459673, 1788732845.3224669, 1788732846.1357415, 1788732846.9723666, 1788732847.8400066, 1788732848.7375512, 1788732849.6676733, 1788732850.468111, 1788732851.075871, 1788732851.7456484, 1788732852.4491048, 1788732853.208106, 1788732853.985689, 1788732854.772269, 1788732855.5967627, 1788732856.451211, 1788732857.327494, 1788732858.2410147, 1788732859.183847, 1788732860.1627543, 1788732860.817181, 1788732861.4566512, 1788732862.1542842, 1788732862.8777475, 1788732864.4047878, 1788732865.2058802, 1788732866.6499104, 1788732867.3032618, 1788732868.6932702]","[1, 1, 1, 2, 1, 2, 1, 1, 1, 1, 1, 3, 2, 1, 1, 1, 1, 2, 3, 1, 2, 1, 1, 3, 2, 1, 2, 3, 1, 1, 1, 2, 3, 3, 1, 2, 3, 1, 2, 1, 5, 2, 1, 1, 2, 3, 1, 1, 1, 5, 2, 1, 2, 4, 1, 1, 5, 2, 1, 2, 3, 1, 2, 6, 2, 1, 2, 2, 3, 1, 1, 1, 1, 4, 2, 1, 4, 1, 2, 1, 4, 2, 1, 2, 1, 1, 1, 1, 1, 1, 1, 1]"
