user_id,request_idx,trace_id,timestamp,request_type,input_tokens,output_tokens_expected,output_tokens_actual,cache_hit_blocks,cache_miss_blocks,ttft,ttlt,itl,delay_expected,delay_actual,success,error_message,request_start_time,prefill_complete_time,request_complete_time,token_timestamps,tokens_per_chunk
User-048,3,trace_0546,1788737272.2182581,streaming,14089,78,78,213,4,24.332554817199707,36.729801177978516,0.16100319949063388,5.0,0,True,,1788737235.488393,1788737259.820948,1788737272.2181942,"[1788737259.820948, 1788737260.3833175, 1788737260.9997706, 1788737261.6390617, 1788737262.3083103, 1788737262.9996576, 1788737263.7194736, 1788737264.4589934, 1788737265.2300887, 1788737265.8902018, 1788737266.452757, 1788737267.075701, 1788737267.7243686, 1788737268.391464, 1788737269.0610063, 1788737269.6152678, 1788737270.2178133, 1788737270.8425336, 1788737271.504873, 1788737272.217234]","[1, 3, 1, 4, 5, 6, 6, 2, 2, 6, 2, 7, 8, 1, 3, 2, 5, 7, 6, 1]"
User-033,2,trace_0538,1788737277.9577332,streaming,10677,118,118,159,3,20.555432558059692,42.5048348903656,0.18760172933594793,8.0,0,True,,1788737235.452836,1788737256.0082686,1788737277.957671,"[1788737256.0082686, 1788737256.5702856, 1788737257.1754594, 1788737257.8074052, 1788737258.464333, 1788737259.1513097, 1788737259.8200552, 1788737260.3825705, 1788737260.9992473, 1788737261.638504, 1788737262.3075998, 1788737262.999126, 1788737263.718943, 1788737264.4584491, 1788737265.229564, 1788737265.889717, 1788737266.4522405, 1788737267.0751245, 1788737267.7238655, 1788737268.390893, 1788737269.0604784, 1788737269.6147263, 1788737270.2172554, 1788737270.8419957, 1788737271.504372, 1788737272.2166426, 1788737272.929947, 1788737273.5806184, 1788737274.1475544, 1788737274.7635345, 1788737275.400449, 1788737276.0615113, 1788737276.7501688, 1788737277.3878138, 1788737277.9567268]","[1, 4, 9, 1, 1, 1, 2, 4, 1, 3, 4, 1, 1, 2, 2, 3, 6, 6, 2, 5, 8, 3, 5, 3, 1, 4, 6, 3, 3, 1, 3, 3, 2, 7, 7]"
User-098,385,trace_0379,1788737292.6438448,streaming,14076,67,67,210,7,40.06908392906189,55.32648587226868,0.23117275671525436,5.0,0,True,,1788737237.3172588,1788737277.3863428,1788737292.6437447,"[1788737277.3863428, 1788737277.9549448, 1788737278.5657792, 1788737279.2026434, 1788737279.8646295, 1788737280.5521185, 1788737281.2778406, 1788737282.0368853, 1788737282.8077571, 1788737283.5472586, 1788737284.0983698, 1788737284.7038538, 1788737285.334388, 1788737285.9886062, 1788737286.668573, 1788737287.3861787, 1788737288.1172795, 1788737288.7926505, 1788737289.3505104, 1788737289.9649992, 1788737290.596899, 1788737291.2574334, 1788737291.9304867, 1788737292.6411204]","[1, 2, 1, 1, 2, 1, 5, 8, 1, 3, 5, 2, 5, 4, 3, 2, 3, 2, 4, 4, 4, 1, 1, 2]"
User-046,2,trace_0334,1788737301.9480562,streaming,15785,132,132,249,246,36.365227699279785,64.73610758781433,0.21657160220255378,77.0,0,True,,1788737237.2118146,1788737273.5770423,1788737301.9479222,"[1788737273.5770423, 1788737274.1441479, 1788737274.760227, 1788737275.3969457, 1788737276.058221, 1788737276.7470036, 1788737277.3838744, 1788737277.9526803, 1788737278.563568, 1788737279.2004664, 1788737279.8623636, 1788737280.5498643, 1788737281.2756107, 1788737282.0346494, 1788737282.8055685, 1788737283.544252, 1788737284.0953772, 1788737284.7010727, 1788737285.3316872, 1788737285.985886, 1788737286.665781, 1788737287.3835053, 1788737288.114537, 1788737288.7899888, 1788737289.3476393, 1788737289.9621801, 1788737290.594154, 1788737291.2544963, 1788737291.9278438, 1788737292.638327, 1788737293.3729053, 1788737294.1362004, 1788737294.7709532, 1788737295.3328617, 1788737295.9562848, 1788737296.6026866, 1788737297.2663186, 1788737297.961976, 1788737298.676705, 1788737299.4257536, 1788737300.1314068, 1788737300.6960492, 1788737301.300948, 1788737301.9421184]","[1, 2, 1, 4, 7, 1, 2, 2, 1, 2, 1, 5, 2, 2, 3, 2, 1, 5, 3, 2, 2, 2, 1, 2, 3, 5, 4, 1, 3, 4, 4, 7, 2, 5, 4, 4, 2, 3, 3, 2, 7, 8, 1, 4]"
User-070,2,trace_0477,1788737304.7088437,streaming,20651,163,163,307,15,30.36312508583069,69.18316388130188,0.23962986910784687,12.0,0,True,,1788737235.5255926,1788737265.8887177,1788737304.7087564,"[1788737265.8887177, 1788737266.4512289, 1788737267.0740554, 1788737267.7228503, 1788737268.3898377, 1788737269.058578, 1788737269.6130023, 1788737270.2155988, 1788737270.8404646, 1788737271.5028343, 1788737272.2151122, 1788737272.928245, 1788737273.578691, 1788737274.1459858, 1788737274.7619374, 1788737275.3988051, 1788737276.0599358, 1788737276.748636, 1788737277.385515, 1788737277.9543867, 1788737278.5652635, 1788737279.202116, 1788737279.8640964, 1788737280.551616, 1788737281.2772987, 1788737282.0363736, 1788737282.807253, 1788737283.5467632, 1788737284.0978408, 1788737284.7033472, 1788737285.3338811, 1788737285.9881024, 1788737286.6680284, 1788737287.385691, 1788737288.1167839, 1788737288.7921703, 1788737289.3499858, 1788737289.9644763, 1788737290.5963948, 1788737291.2569199, 1788737291.9299943, 1788737292.6405933, 1788737293.3752162, 1788737294.1384249, 1788737294.7739632, 1788737295.3358343, 1788737295.959237, 1788737296.6055255, 1788737297.2690911, 1788737297.9651978, 1788737298.6800098, 1788737299.4289544, 1788737300.1350102, 1788737300.6993465, 1788737301.3083556, 1788737301.9451861, 1788737302.59458, 1788737303.2728398, 1788737303.97431, 1788737304.7057633]","[1, 4, 3, 5, 2, 3, 2, 2, 3, 1, 3, 1, 1, 3, 1, 3, 3, 2, 1, 2, 3, 3, 8, 1, 5, 3, 1, 1, 2, 3, 1, 2, 5, 1, 1, 1, 2, 2, 3, 6, 1, 3, 2, 6, 1, 2, 1, 3, 1, 2, 5, 5, 4, 1, 1, 6, 9, 3, 6, 1]"
User-068,0,trace_0307,1788737316.3330069,streaming,11896,247,247,0,185,19.330493688583374,82.15054512023926,0.2553660627303085,0.0,0,True,,1788737234.1822946,1788737253.5127883,1788737316.3328397,"[1788737253.5127883, 1788737254.0849648, 1788737254.7101703, 1788737255.3543425, 1788737256.007382, 1788737256.5695543, 1788737257.1749017, 1788737257.806849, 1788737258.4637253, 1788737259.1507223, 1788737259.8195167, 1788737260.3820512, 1788737260.998667, 1788737261.6379635, 1788737262.3071055, 1788737262.9985535, 1788737263.718384, 1788737264.4579086, 1788737265.2290106, 1788737265.8892174, 1788737266.4517493, 1788737267.0745733, 1788737267.7233815, 1788737268.3903482, 1788737269.0599902, 1788737269.6142392, 1788737270.2166839, 1788737270.8415008, 1788737271.5038648, 1788737272.2161372, 1788737272.9294026, 1788737273.5799015, 1788737274.1470468, 1788737274.763009, 1788737275.3999426, 1788737276.0610087, 1788737276.7496467, 1788737277.3873396, 1788737277.9559908, 1788737278.5668077, 1788737279.2036817, 1788737279.865664, 1788737280.5531933, 1788737281.2789333, 1788737282.037963, 1788737282.8087697, 1788737283.5482805, 1788737284.0994637, 1788737284.7049117, 1788737285.3354907, 1788737285.9896975, 1788737286.6696708, 1788737287.3872514, 1788737288.1183364, 1788737288.7936485, 1788737289.3516397, 1788737289.9660094, 1788737290.5979857, 1788737291.2584796, 1788737291.9315627, 1788737292.6426253, 1788737293.3762417, 1788737294.1395109, 1788737294.774952, 1788737295.3369148, 1788737295.9602687, 1788737296.6065795, 1788737297.2701676, 1788737297.966284, 1788737298.6811357, 1788737299.430125, 1788737300.136977, 1788737300.7010565, 1788737301.310089, 1788737301.946751, 1788737302.596295, 1788737303.2744515, 1788737303.9761357, 1788737304.7077746, 1788737305.4684603, 1788737306.2852058, 1788737307.1117191, 1788737307.6521065, 1788737308.2556043, 1788737308.877219, 1788737309.5195289, 1788737310.187971, 1788737310.8807921, 1788737311.6056335, 1788737312.3507264, 1788737313.1218054, 1788737313.8648832, 1788737314.4132721, 1788737315.0150495, 1788737315.6776378, 1788737316.3307953]","[1, 7, 2, 2, 2, 1, 1, 2, 8, 2, 2, 1, 3, 1, 1, 1, 1, 3, 1, 2, 1, 1, 1, 1, 2, 1, 2, 1, 1, 1, 1, 7, 2, 2, 1, 1, 2, 1, 4, 1, 1, 3, 3, 2, 1, 2, 1, 6, 3, 5, 4, 2, 1, 1, 1, 2, 2, 2, 2, 5, 5, 1, 5, 3, 1, 1, 1, 9, 1, 2, 2, 7, 2, 7, 6, 3, 2, 1, 5, 2, 4, 2, 3, 9, 3, 2, 2, 1, 1, 3, 2, 1, 9, 9, 2, 1]"
User-039,2,trace_0220,1788737318.440164,streaming,13161,211,211,435,12,33.21763777732849,82.59822916984558,0.23514567329770042,22.0,0,True,,1788737235.8418443,1788737269.059482,1788737318.4400735,"[1788737269.059482, 1788737269.6136987, 1788737270.216146, 1788737270.8409998, 1788737271.5033476, 1788737272.2156243, 1788737272.928809, 1788737273.5793874, 1788737274.1464877, 1788737274.762461, 1788737275.3994374, 1788737276.0604725, 1788737276.749144, 1788737277.3868577, 1788737277.955457, 1788737278.5662813, 1788737279.203177, 1788737279.8651452, 1788737280.5526276, 1788737281.278402, 1788737282.0374527, 1788737282.8082595, 1788737283.547784, 1788737284.0989258, 1788737284.704354, 1788737285.3349397, 1788737285.9891214, 1788737286.6691082, 1788737287.3866994, 1788737288.1177993, 1788737288.7931693, 1788737289.3510745, 1788737289.9655042, 1788737290.5974333, 1788737291.2579262, 1788737291.931005, 1788737292.6419725, 1788737293.3757353, 1788737294.1389725, 1788737294.7744524, 1788737295.3363512, 1788737295.9597414, 1788737296.6060379, 1788737297.2696607, 1788737297.9657195, 1788737298.6805534, 1788737299.429522, 1788737300.1355574, 1788737300.6999762, 1788737301.3088863, 1788737301.9457135, 1788737302.5952487, 1788737303.2733676, 1788737303.974889, 1788737304.706553, 1788737305.4673445, 1788737306.2841601, 1788737307.110637, 1788737307.6511111, 1788737308.254539, 1788737308.8761282, 1788737309.5184817, 1788737310.186902, 1788737310.8797095, 1788737311.6045442, 1788737312.3496735, 1788737313.1207795, 1788737313.8637943, 1788737314.4122186, 1788737315.0140045, 1788737315.6765609, 1788737316.3296566, 1788737317.0056338, 1788737317.7110114, 1788737318.4376132]","[1, 5, 3, 1, 2, 2, 2, 3, 4, 1, 2, 2, 1, 1, 3, 1, 1, 1, 2, 2, 1, 1, 1, 2, 1, 5, 6, 3, 9, 4, 1, 3, 1, 1, 6, 2, 1, 2, 3, 4, 4, 2, 4, 1, 1, 7, 2, 4, 8, 1, 1, 3, 9, 2, 4, 1, 7, 3, 1, 2, 1, 1, 1, 9, 2, 4, 1, 5, 3, 1, 6, 6, 1, 1, 5]"
User-005,0,trace_0568,1788737330.9334512,streaming,20311,131,131,0,317,61.78214478492737,97.94292521476746,0.27815984946030836,0.0,0,True,,1788737232.990286,1788737294.772431,1788737330.9332113,"[1788737294.772431, 1788737295.3342092, 1788737295.957427, 1788737296.60396, 1788737297.267486, 1788737297.9635184, 1788737298.6783438, 1788737299.4270065, 1788737300.133171, 1788737300.69727, 1788737301.3024752, 1788737301.943593, 1788737302.5929458, 1788737303.271167, 1788737303.9726748, 1788737304.7041357, 1788737305.4653285, 1788737306.2824497, 1788737307.108876, 1788737307.6493127, 1788737308.2529435, 1788737308.8744712, 1788737309.5168858, 1788737310.1845791, 1788737310.877991, 1788737311.6025534, 1788737312.3479161, 1788737313.119185, 1788737313.8621018, 1788737314.4105508, 1788737315.0123703, 1788737315.6749806, 1788737316.3280942, 1788737317.0040386, 1788737317.709381, 1788737318.4359384, 1788737319.1884503, 1788737319.734907, 1788737320.3315628, 1788737320.954568, 1788737321.611414, 1788737322.280579, 1788737322.984641, 1788737323.709487, 1788737324.2985332, 1788737324.8730667, 1788737325.4914482, 1788737326.1354904, 1788737326.8010921, 1788737327.5056376, 1788737328.223268, 1788737328.9790256, 1788737329.7497594, 1788737330.3512757, 1788737330.9288461]","[1, 2, 4, 1, 3, 2, 4, 1, 4, 1, 1, 2, 1, 5, 4, 1, 1, 3, 5, 5, 1, 1, 2, 1, 2, 1, 6, 2, 4, 2, 4, 1, 1, 1, 2, 3, 1, 7, 2, 2, 1, 3, 2, 1, 1, 3, 2, 3, 8, 2, 2, 2, 1, 1, 2]"
User-043,0,trace_0052,1788737333.5719702,streaming,15183,328,328,0,236,16.725847959518433,99.89708018302917,0.2543462759128769,0.0,0,True,,1788737233.674814,1788737250.400662,1788737333.5718942,"[1788737250.400662, 1788737250.9646888, 1788737251.5803127, 1788737252.2212334, 1788737252.8890393, 1788737253.5118377, 1788737254.0844123, 1788737254.7096431, 1788737255.353783, 1788737256.0067701, 1788737256.5689628, 1788737257.1743243, 1788737257.8062055, 1788737258.4631572, 1788737259.1501422, 1788737259.818867, 1788737260.3815339, 1788737260.9981158, 1788737261.637438, 1788737262.3065248, 1788737262.9980001, 1788737263.7178452, 1788737264.457381, 1788737265.2285023, 1788737265.8878167, 1788737266.4506416, 1788737267.0734882, 1788737267.722312, 1788737268.3892937, 1788737269.0580459, 1788737269.6124763, 1788737270.2150638, 1788737270.8399417, 1788737271.5022748, 1788737272.2145536, 1788737272.9277008, 1788737273.5781593, 1788737274.145487, 1788737274.7614222, 1788737275.3981073, 1788737276.05943, 1788737276.7481382, 1788737277.384996, 1788737277.9538705, 1788737278.5647423, 1788737279.2016203, 1788737279.8635728, 1788737280.551108, 1788737281.2767801, 1788737282.0358522, 1788737282.80671, 1788737283.5453951, 1788737284.0966444, 1788737284.7022429, 1788737285.3328788, 1788737285.9870844, 1788737286.666982, 1788737287.38468, 1788737288.1157615, 1788737288.79117, 1788737289.348943, 1788737289.9634268, 1788737290.5953808, 1788737291.2558544, 1788737291.928962, 1788737292.639537, 1788737293.3740318, 1788737294.1373882, 1788737294.772924, 1788737295.3347232, 1788737295.95797, 1788737296.6044888, 1788737297.2680094, 1788737297.9640923, 1788737298.678927, 1788737299.427531, 1788737300.133923, 1788737300.6981301, 1788737301.3071408, 1788737301.9441242, 1788737302.5934803, 1788737303.2717392, 1788737303.973224, 1788737304.704665, 1788737305.4661682, 1788737306.2830467, 1788737307.109557, 1788737307.6498733, 1788737308.2534876, 1788737308.8750453, 1788737309.5174372, 1788737310.185392, 1788737310.8785775, 1788737311.6031237, 1788737312.3485467, 1788737313.1197376, 1788737313.8626363, 1788737314.4111228, 1788737315.012913, 1788737315.6755307, 1788737316.3286095, 1788737317.0045705, 1788737317.7099328, 1788737318.4365046, 1788737319.188964, 1788737319.735459, 1788737320.3322713, 1788737320.9551182, 1788737321.6119215, 1788737322.2811022, 1788737322.9851627, 1788737323.7099977, 1788737324.29904, 1788737324.8735774, 1788737325.491948, 1788737326.1360235, 1788737326.8016608, 1788737327.506153, 1788737328.2238162, 1788737328.9795825, 1788737329.7502627, 1788737330.351752, 1788737330.9296718, 1788737331.550205, 1788737332.1949432, 1788737332.867225, 1788737333.5683956]","[1, 2, 4, 3, 2, 2, 2, 1, 2, 1, 5, 1, 3, 2, 2, 1, 1, 4, 1, 2, 6, 1, 1, 1, 1, 3, 4, 1, 3, 2, 2, 1, 2, 2, 2, 3, 8, 1, 3, 1, 1, 1, 4, 1, 1, 1, 5, 1, 1, 2, 1, 3, 1, 2, 1, 1, 4, 1, 4, 1, 2, 3, 2, 1, 2, 3, 1, 2, 1, 1, 3, 2, 4, 1, 4, 1, 3, 3, 6, 4, 4, 8, 6, 2, 2, 4, 2, 3, 2, 2, 1, 2, 3, 9, 3, 1, 4, 3, 7, 1, 3, 3, 4, 4, 2, 2, 1, 2, 9, 3, 1, 4, 1, 5, 2, 7, 3, 2, 3, 1, 9, 1, 1, 4, 2, 3, 1]"
User-009,0,trace_0313,1788737334.313775,streaming,12330,368,368,0,192,13.386689186096191,101.21008586883545,0.2393008083998345,0.0,0,True,,1788737233.1035912,1788737246.4902804,1788737334.313677,"[1788737246.4902804, 1788737247.0742927, 1788737247.7184849, 1788737248.370654, 1788737249.0445623, 1788737249.7544043, 1788737250.3996878, 1788737250.9640694, 1788737251.5796852, 1788737252.2206192, 1788737252.8884296, 1788737253.5112598, 1788737254.0837696, 1788737254.7089849, 1788737255.353148, 1788737256.0052834, 1788737256.567368, 1788737257.1727211, 1788737257.8046656, 1788737258.461783, 1788737259.1487463, 1788737259.8174074, 1788737260.3801246, 1788737260.9969256, 1788737261.6361833, 1788737262.3053186, 1788737262.9967027, 1788737263.7164843, 1788737264.4561484, 1788737265.2272809, 1788737265.8866048, 1788737266.4492319, 1788737267.0722508, 1788737267.7210586, 1788737268.3880134, 1788737269.0566983, 1788737269.6112137, 1788737270.2136576, 1788737270.8386915, 1788737271.5010574, 1788737272.2132797, 1788737272.92634, 1788737273.5760994, 1788737274.1435325, 1788737274.759631, 1788737275.3963504, 1788737276.0575876, 1788737276.7463849, 1788737277.3832033, 1788737277.9518392, 1788737278.5629432, 1788737279.1998644, 1788737279.8617356, 1788737280.5492594, 1788737281.275007, 1788737282.0340369, 1788737282.8049595, 1788737283.5435655, 1788737284.09454, 1788737284.700455, 1788737285.3310637, 1788737285.9852645, 1788737286.6651635, 1788737287.3828743, 1788737288.1139073, 1788737288.7892919, 1788737289.3470104, 1788737289.9615638, 1788737290.5935009, 1788737291.2537155, 1788737291.9272392, 1788737292.6377053, 1788737293.3722117, 1788737294.1355872, 1788737294.7702713, 1788737295.3322608, 1788737295.9553638, 1788737296.6017704, 1788737297.265506, 1788737297.9612963, 1788737298.6760497, 1788737299.4251077, 1788737300.1303794, 1788737300.6953843, 1788737301.3002942, 1788737301.9413395, 1788737302.5913692, 1788737303.26952, 1788737303.9710946, 1788737304.7025597, 1788737305.4639966, 1788737306.280844, 1788737307.1073155, 1788737307.6479876, 1788737308.2512267, 1788737308.872797, 1788737309.5153532, 1788737310.1832168, 1788737310.876397, 1788737311.6012406, 1788737312.3462646, 1788737313.1176934, 1788737313.860061, 1788737314.4085321, 1788737315.0101354, 1788737315.6726232, 1788737316.325902, 1788737317.0018384, 1788737317.7073128, 1788737318.433722, 1788737319.1866667, 1788737319.732662, 1788737320.32972, 1788737320.9528315, 1788737321.6096206, 1788737322.2789369, 1788737322.9828577, 1788737323.7078083, 1788737324.2960632, 1788737324.870698, 1788737325.489238, 1788737326.1332335, 1788737326.7988577, 1788737327.5034022, 1788737328.2209446, 1788737328.9767652, 1788737329.747578, 1788737330.3490953, 1788737330.926607, 1788737331.5480177, 1788737332.1926394, 1788737332.8649101, 1788737333.5661707, 1788737334.3084695]","[1, 2, 4, 3, 2, 4, 1, 2, 3, 1, 4, 1, 1, 3, 1, 2, 1, 3, 1, 1, 1, 2, 3, 1, 4, 1, 2, 1, 1, 5, 6, 2, 4, 3, 2, 1, 2, 4, 1, 4, 3, 1, 1, 1, 2, 1, 5, 1, 9, 2, 2, 1, 2, 1, 1, 1, 1, 7, 3, 1, 2, 1, 1, 2, 2, 9, 1, 1, 9, 5, 1, 2, 2, 4, 2, 2, 5, 9, 1, 1, 2, 1, 1, 1, 3, 2, 2, 9, 3, 1, 3, 4, 1, 8, 2, 9, 5, 2, 2, 2, 2, 1, 5, 4, 3, 9, 3, 2, 1, 3, 3, 1, 1, 6, 5, 2, 5, 2, 1, 1, 1, 2, 1, 6, 1, 2, 3, 2, 2, 9, 5, 9, 2, 1]"
User-003,0,trace_0714,1788737338.176072,streaming,21916,225,225,0,342,50.65636444091797,105.28609895706177,0.24388274337564195,0.0,0,True,,1788737232.8898764,1788737283.5462408,1788737338.1759753,"[1788737283.5462408, 1788737284.0971694, 1788737284.7027955, 1788737285.3333812, 1788737285.9876025, 1788737286.667525, 1788737287.3851855, 1788737288.1162832, 1788737288.7916782, 1788737289.3494573, 1788737289.963944, 1788737290.595895, 1788737291.2563646, 1788737291.929472, 1788737292.6400595, 1788737293.3746321, 1788737294.1379197, 1788737294.7734346, 1788737295.3352728, 1788737295.9584892, 1788737296.6050084, 1788737297.2685566, 1788737297.964625, 1788737298.6794746, 1788737299.4283614, 1788737300.1344721, 1788737300.698773, 1788737301.3078353, 1788737301.9446647, 1788737302.5940359, 1788737303.2722878, 1788737303.973773, 1788737304.705193, 1788737305.4667895, 1788737306.2835934, 1788737307.1101153, 1788737307.6504054, 1788737308.2540135, 1788737308.875617, 1788737309.5179574, 1788737310.186178, 1788737310.8791778, 1788737311.6039808, 1788737312.3491302, 1788737313.1202633, 1788737313.8632185, 1788737314.4116788, 1788737315.01346, 1788737315.6760461, 1788737316.3291297, 1788737317.0051026, 1788737317.7104578, 1788737318.437054, 1788737319.1894796, 1788737319.7359664, 1788737320.3327749, 1788737320.9556527, 1788737321.6124763, 1788737322.2816892, 1788737322.9856741, 1788737323.7105346, 1788737324.2995362, 1788737324.8741372, 1788737325.492473, 1788737326.136574, 1788737326.8023596, 1788737327.506691, 1788737328.2244246, 1788737328.9801738, 1788737329.750848, 1788737330.3522508, 1788737330.9302053, 1788737331.5508528, 1788737332.195471, 1788737332.8677356, 1788737333.5691993, 1788737334.310955, 1788737335.0615816, 1788737335.6719964, 1788737336.2409034, 1788737336.8592517, 1788737337.5025804, 1788737338.172684]","[1, 2, 5, 2, 2, 2, 1, 1, 1, 3, 7, 1, 5, 3, 3, 4, 2, 4, 8, 2, 3, 2, 3, 4, 2, 1, 1, 1, 2, 3, 6, 4, 4, 2, 4, 2, 2, 2, 1, 3, 2, 1, 1, 4, 1, 9, 2, 3, 1, 4, 3, 2, 3, 6, 2, 2, 3, 1, 3, 1, 2, 1, 2, 1, 1, 2, 3, 3, 2, 2, 6, 2, 3, 5, 1, 3, 1, 2, 4, 2, 5, 1, 6]"
User-004,0,trace_0629,1788737339.5899036,streaming,18361,185,185,0,286,55.85800313949585,106.65327453613281,0.2760612575904183,0.0,0,True,,1788737232.9364722,1788737288.7944753,1788737339.5897467,"[1788737288.7944753, 1788737289.3521473, 1788737289.9665527, 1788737290.5984976, 1788737291.2590024, 1788737291.9320972, 1788737292.6431856, 1788737293.3767636, 1788737294.1400595, 1788737294.7754626, 1788737295.3374305, 1788737295.960784, 1788737296.6071436, 1788737297.2707405, 1788737297.9668462, 1788737298.6816604, 1788737299.430657, 1788737300.137538, 1788737300.7015774, 1788737301.3106418, 1788737301.947297, 1788737302.596831, 1788737303.2750208, 1788737303.9766564, 1788737304.7083158, 1788737305.4691608, 1788737306.2857368, 1788737307.1122394, 1788737307.6526248, 1788737308.2561505, 1788737308.8777966, 1788737309.5200455, 1788737310.1885, 1788737310.8813596, 1788737311.6062193, 1788737312.3512943, 1788737313.1223693, 1788737313.8653831, 1788737314.4138386, 1788737315.0156126, 1788737315.6782026, 1788737316.3317344, 1788737317.0066867, 1788737317.7120664, 1788737318.438971, 1788737319.19053, 1788737319.737059, 1788737320.333833, 1788737320.956715, 1788737321.6134937, 1788737322.2827547, 1788737322.9867685, 1788737323.711642, 1788737324.3004827, 1788737324.8752527, 1788737325.4935436, 1788737326.1376743, 1788737326.803675, 1788737327.5112388, 1788737328.22547, 1788737328.9811964, 1788737329.7517807, 1788737330.3541167, 1788737330.9320297, 1788737331.552452, 1788737332.1971238, 1788737332.8693411, 1788737333.5709195, 1788737334.312702, 1788737335.0637507, 1788737335.6740015, 1788737336.2430458, 1788737336.8614545, 1788737337.5046833, 1788737338.1754007, 1788737338.8616173, 1788737339.588446]","[1, 2, 4, 3, 2, 2, 1, 1, 1, 3, 7, 1, 3, 3, 1, 3, 3, 2, 1, 1, 2, 1, 1, 1, 1, 2, 1, 8, 1, 1, 2, 2, 5, 2, 3, 3, 3, 3, 2, 1, 2, 1, 2, 1, 6, 1, 2, 1, 1, 1, 1, 4, 2, 1, 3, 6, 4, 1, 4, 1, 3, 3, 5, 4, 7, 9, 1, 1, 3, 2, 1, 2, 3, 2, 2, 1, 1]"
User-007,0,trace_0398,1788737344.8795755,streaming,13070,443,443,0,203,10.363819599151611,111.85669350624084,0.2296218866676227,0.0,0,True,,1788737233.0228055,1788737243.386625,1788737344.879499,"[1788737243.386625, 1788737243.9422224, 1788737244.566554, 1788737245.2162297, 1788737245.8799567, 1788737246.4892135, 1788737247.0705657, 1788737247.7177186, 1788737248.3697257, 1788737249.0437353, 1788737249.7535627, 1788737250.398789, 1788737250.963123, 1788737251.5788395, 1788737252.219737, 1788737252.8876019, 1788737253.510392, 1788737254.0828922, 1788737254.7081523, 1788737255.3523102, 1788737256.0061266, 1788737256.5683057, 1788737257.1736665, 1788737257.8053594, 1788737258.4624994, 1788737259.1492867, 1788737259.8180401, 1788737260.38074, 1788737260.9975157, 1788737261.6368237, 1788737262.3059263, 1788737262.997357, 1788737263.7172785, 1788737264.4567657, 1788737265.227976, 1788737265.8872914, 1788737266.449846, 1788737267.0728743, 1788737267.7216842, 1788737268.388645, 1788737269.0573897, 1788737269.6118455, 1788737270.2144647, 1788737270.8393157, 1788737271.5016613, 1788737272.2139266, 1788737272.9271338, 1788737273.577634, 1788737274.1447642, 1788737274.7608638, 1788737275.3975914, 1788737276.0588787, 1788737276.747618, 1788737277.384404, 1788737277.9533284, 1788737278.5641887, 1788737279.2010877, 1788737279.8630445, 1788737280.5505152, 1788737281.2762294, 1788737282.0353155, 1788737282.8061879, 1788737283.5448792, 1788737284.0959835, 1788737284.7017322, 1788737285.332326, 1788737285.986518, 1788737286.6664083, 1788737287.384139, 1788737288.115213, 1788737288.7906227, 1788737289.348271, 1788737289.962884, 1788737290.5948386, 1788737291.2552464, 1788737291.9284432, 1788737292.6390123, 1788737293.3734677, 1788737294.1368732, 1788737294.771586, 1788737295.3336508, 1788737295.9568703, 1788737296.603433, 1788737297.2669322, 1788737297.96267, 1788737298.6777093, 1788737299.4264295, 1788737300.1322677, 1788737300.6967204, 1788737301.3018517, 1788737301.9430265, 1788737302.5923092, 1788737303.2704043, 1788737303.9719777, 1788737304.7034414, 1788737305.4646683, 1788737306.281727, 1788737307.1079829, 1788737307.6486404, 1788737308.2520607, 1788737308.8737617, 1788737309.5161986, 1788737310.183883, 1788737310.877043, 1788737311.6018908, 1788737312.3469303, 1788737313.1184568, 1788737313.8615859, 1788737314.4100113, 1788737315.0117795, 1788737315.6743639, 1788737316.3275607, 1788737317.003477, 1788737317.7088351, 1788737318.4353533, 1788737319.1878884, 1788737319.7343273, 1788737320.331, 1788737320.954046, 1788737321.6108809, 1788737322.2800555, 1788737322.9841008, 1788737323.7089567, 1788737324.2980406, 1788737324.8725362, 1788737325.4909313, 1788737326.1349735, 1788737326.8005655, 1788737327.5051115, 1788737328.2226987, 1788737328.9784765, 1788737329.749254, 1788737330.3507774, 1788737330.9283097, 1788737331.5496733, 1788737332.1943586, 1788737332.8666818, 1788737333.567869, 1788737334.3103778, 1788737335.0609741, 1788737335.6714876, 1788737336.240376, 1788737336.858693, 1788737337.5020676, 1788737338.1721036, 1788737338.8594258, 1788737339.5862417, 1788737340.343534, 1788737340.8986154, 1788737341.4985363, 1788737342.1273856, 1788737342.7759833, 1788737343.4481595, 1788737344.1485045, 1788737344.876444]","[1, 1, 5, 3, 2, 4, 1, 2, 1, 2, 1, 4, 1, 2, 5, 1, 3, 2, 1, 2, 3, 1, 1, 5, 1, 2, 2, 5, 1, 2, 1, 3, 1, 2, 1, 1, 7, 3, 3, 9, 2, 2, 3, 1, 1, 2, 1, 3, 9, 5, 2, 2, 3, 3, 7, 9, 3, 2, 3, 4, 2, 1, 1, 9, 1, 2, 4, 2, 5, 6, 4, 3, 4, 7, 5, 2, 3, 3, 1, 1, 4, 8, 1, 5, 1, 8, 3, 3, 1, 2, 2, 9, 6, 1, 3, 1, 1, 1, 2, 9, 4, 3, 3, 3, 2, 7, 1, 1, 1, 7, 5, 2, 3, 2, 1, 6, 2, 7, 1, 3, 1, 2, 2, 1, 2, 1, 1, 4, 4, 3, 1, 1, 1, 1, 2, 8, 1, 1, 1, 5, 1, 1, 1, 1, 2, 1, 2, 4, 1, 4, 2, 4, 2, 4, 4]"
User-008,0,trace_0707,1788737385.403252,streaming,19408,381,381,0,302,67.06317472457886,152.32985496520996,0.22438600063323974,0.0,0,True,,1788737233.0732818,1788737300.1364565,1788737385.4031367,"[1788737300.1364565, 1788737300.7005334, 1788737301.3094635, 1788737301.9462347, 1788737302.595776, 1788737303.273932, 1788737303.9754243, 1788737304.7072506, 1788737305.467879, 1788737306.2846925, 1788737307.1112041, 1788737307.6516073, 1788737308.2550807, 1788737308.876632, 1788737309.5190213, 1788737310.1874418, 1788737310.880251, 1788737311.6050832, 1788737312.3502045, 1788737313.1212947, 1788737313.8643703, 1788737314.4127548, 1788737315.0145183, 1788737315.6771212, 1788737316.33024, 1788737317.0061517, 1788737317.7115204, 1788737318.4384289, 1788737319.1900198, 1788737319.7364974, 1788737320.333296, 1788737320.9561937, 1788737321.6129773, 1788737322.2822106, 1788737322.9862344, 1788737323.7110777, 1788737324.300013, 1788737324.8747118, 1788737325.4929776, 1788737326.1371307, 1788737326.8028865, 1788737327.5105355, 1788737328.2249558, 1788737328.9806957, 1788737329.7513735, 1788737330.352774, 1788737330.930908, 1788737331.5514, 1788737332.196023, 1788737332.8682628, 1788737333.5697384, 1788737334.3116083, 1788737335.062124, 1788737335.672532, 1788737336.2414143, 1788737336.8598716, 1788737337.503114, 1788737338.1735604, 1788737338.859927, 1788737339.5868158, 1788737340.34406, 1788737340.8991785, 1788737341.4991007, 1788737342.127912, 1788737342.7765203, 1788737343.4486892, 1788737344.1490445, 1788737344.8772538, 1788737345.6444843, 1788737346.2781963, 1788737346.84122, 1788737347.457603, 1788737348.099646, 1788737348.7653706, 1788737349.4609447, 1788737350.1799858, 1788737350.9261897, 1788737351.553223, 1788737352.117054, 1788737352.7353308, 1788737353.3724675, 1788737354.0343976, 1788737354.7208753, 1788737355.4356935, 1788737356.1794593, 1788737356.9602482, 1788737357.7602472, 1788737358.5381835, 1788737359.0836306, 1788737359.6841326, 1788737360.3149195, 1788737360.961192, 1788737361.6347814, 1788737362.3379035, 1788737363.0648186, 1788737363.8203104, 1788737364.6044834, 1788737365.4125729, 1788737366.2442458, 1788737367.0990927, 1788737367.9071264, 1788737368.4582565, 1788737369.0650234, 1788737369.691878, 1788737370.3452249, 1788737371.0169127, 1788737371.7196004, 1788737372.446843, 1788737373.0830297, 1788737373.646074, 1788737374.2669485, 1788737374.91346, 1788737375.5775547, 1788737376.2607832, 1788737376.9713466, 1788737377.7030272, 1788737378.3416848, 1788737378.904112, 1788737379.5186975, 1788737380.156592, 1788737380.8165329, 1788737381.4968932, 1788737382.2058473, 1788737382.939915, 1788737383.5589135, 1788737384.13338, 1788737384.7517653, 1788737385.3976803]","[1, 1, 5, 1, 3, 1, 1, 3, 1, 1, 2, 1, 2, 8, 1, 3, 2, 3, 4, 1, 1, 1, 1, 2, 1, 4, 7, 1, 1, 2, 5, 4, 2, 3, 2, 3, 1, 2, 1, 5, 4, 7, 1, 1, 3, 1, 1, 4, 1, 1, 1, 7, 1, 1, 2, 1, 3, 3, 1, 5, 3, 3, 1, 2, 1, 1, 1, 4, 3, 4, 9, 1, 3, 5, 1, 7, 1, 3, 2, 2, 2, 2, 1, 1, 2, 4, 3, 2, 3, 9, 1, 2, 9, 6, 3, 9, 7, 7, 7, 3, 1, 9, 9, 7, 3, 2, 9, 2, 2, 2, 3, 2, 2, 1, 8, 1, 2, 1, 2, 5, 4, 7, 3, 2, 2, 3, 1, 3]"
User-020,0,trace_0108,1788737385.4028594,streaming,16563,219,219,0,258,90.89941716194153,152.00514817237854,0.2803015183965,0.0,0,True,,1788737233.3976204,1788737324.2970376,1788737385.4027686,"[1788737324.2970376, 1788737324.8713503, 1788737325.4898784, 1788737326.1338692, 1788737326.7995102, 1788737327.5040488, 1788737328.221584, 1788737328.9774206, 1788737329.7482216, 1788737330.3496294, 1788737330.9272783, 1788737331.5486312, 1788737332.1933212, 1788737332.8655736, 1788737333.5668373, 1788737334.3092809, 1788737335.0596507, 1788737335.6703465, 1788737336.2393026, 1788737336.8576717, 1788737337.5010495, 1788737338.1709936, 1788737338.858342, 1788737339.5850537, 1788737340.3424907, 1788737340.897564, 1788737341.4974668, 1788737342.1262763, 1788737342.7749422, 1788737343.447078, 1788737344.1474407, 1788737344.8753748, 1788737345.643974, 1788737346.277185, 1788737346.8399212, 1788737347.4565375, 1788737348.0985267, 1788737348.7642946, 1788737349.4597578, 1788737350.1789453, 1788737350.925163, 1788737351.551274, 1788737352.115521, 1788737352.7301733, 1788737353.370871, 1788737354.0328588, 1788737354.7192957, 1788737355.4341056, 1788737356.1778772, 1788737356.9586112, 1788737357.758651, 1788737358.536506, 1788737359.0818744, 1788737359.6825464, 1788737360.3100045, 1788737360.9595866, 1788737361.6331983, 1788737362.3362062, 1788737363.063273, 1788737363.8186464, 1788737364.6029353, 1788737365.4109654, 1788737366.2426662, 1788737367.0975006, 1788737367.9054437, 1788737368.4566915, 1788737369.0634363, 1788737369.6902297, 1788737370.3436635, 1788737371.015356, 1788737371.7178144, 1788737372.4452102, 1788737373.0814161, 1788737373.6443663, 1788737374.26536, 1788737374.9118679, 1788737375.5759954, 1788737376.259198, 1788737376.9696617, 1788737377.701424, 1788737378.3391912, 1788737378.901894, 1788737379.5164924, 1788737380.154461, 1788737380.814414, 1788737381.494667, 1788737382.2037945, 1788737382.9378407, 1788737383.5568619, 1788737384.1313596, 1788737384.7496614, 1788737385.3952577]","[1, 1, 1, 4, 2, 4, 2, 3, 1, 1, 2, 1, 2, 8, 1, 3, 2, 3, 1, 1, 1, 2, 2, 1, 2, 1, 3, 3, 1, 4, 1, 1, 2, 1, 1, 6, 3, 1, 5, 1, 1, 2, 1, 2, 5, 1, 1, 2, 1, 2, 1, 1, 1, 1, 6, 2, 2, 3, 1, 3, 1, 2, 3, 1, 3, 1, 4, 7, 2, 1, 5, 5, 1, 1, 1, 2, 1, 8, 1, 9, 3, 1, 2, 1, 1, 4, 2, 2, 9, 2, 5, 3]"
User-026,0,trace_0569,1788737388.1906934,streaming,18579,191,191,0,289,102.17262434959412,154.6940414905548,0.27642851126821416,0.0,0,True,,1788737233.4965522,1788737335.6691766,1788737388.1905937,"[1788737335.6691766, 1788737336.2377887, 1788737336.8564298, 1788737337.4997895, 1788737338.1694715, 1788737338.8570733, 1788737339.5819788, 1788737340.3411937, 1788737340.8962848, 1788737341.4962132, 1788737342.1250196, 1788737342.7736926, 1788737343.445822, 1788737344.1460655, 1788737344.8740776, 1788737345.6433427, 1788737346.275627, 1788737346.8383803, 1788737347.4552715, 1788737348.097267, 1788737348.762868, 1788737349.4582555, 1788737350.1776912, 1788737350.923937, 1788737351.5500576, 1788737352.114247, 1788737352.72895, 1788737353.369483, 1788737354.0316265, 1788737354.7180035, 1788737355.4328437, 1788737356.176705, 1788737356.9573765, 1788737357.757388, 1788737358.5352771, 1788737359.0804482, 1788737359.6813056, 1788737360.3087354, 1788737360.9582684, 1788737361.6319022, 1788737362.3347783, 1788737363.0620055, 1788737363.8173065, 1788737364.6016166, 1788737365.4096866, 1788737366.2414021, 1788737367.0962298, 1788737367.9042304, 1788737368.4555502, 1788737369.0621686, 1788737369.6889825, 1788737370.342361, 1788737371.0140188, 1788737371.7165203, 1788737372.443985, 1788737373.0799565, 1788737373.6430888, 1788737374.26413, 1788737374.9105823, 1788737375.5747025, 1788737376.2578793, 1788737376.9681773, 1788737377.7001703, 1788737378.3379645, 1788737378.9004817, 1788737379.5152683, 1788737380.153248, 1788737380.8131883, 1788737381.4934175, 1788737382.2024992, 1788737382.9365544, 1788737383.5554626, 1788737384.130106, 1788737384.7483761, 1788737385.3939118, 1788737386.0505655, 1788737386.735076, 1788737387.4462385, 1788737388.1867697]","[1, 1, 5, 1, 3, 1, 1, 3, 1, 1, 2, 1, 2, 8, 3, 3, 4, 2, 1, 1, 1, 1, 2, 3, 1, 2, 1, 3, 1, 1, 2, 1, 1, 3, 2, 3, 2, 3, 2, 1, 1, 1, 1, 4, 1, 3, 3, 1, 1, 1, 1, 4, 4, 1, 2, 5, 9, 1, 1, 3, 6, 7, 2, 9, 1, 1, 1, 2, 2, 6, 3, 1, 2, 7, 3, 3, 2, 1, 3]"
User-029,0,trace_0579,1788737388.1956685,streaming,18429,180,180,0,287,106.80361652374268,154.6542730331421,0.267322103404466,0.0,0,True,,1788737233.5413013,1788737340.3449178,1788737388.1955743,"[1788737340.3449178, 1788737340.8997025, 1788737341.4996023, 1788737342.1284091, 1788737342.7770133, 1788737343.4491885, 1788737344.1495464, 1788737344.8777986, 1788737345.6447468, 1788737346.2787156, 1788737346.8417943, 1788737347.4581282, 1788737348.100181, 1788737348.765975, 1788737349.4614878, 1788737350.1805255, 1788737350.9266865, 1788737351.553717, 1788737352.1177077, 1788737352.7358599, 1788737353.3729796, 1788737354.0349343, 1788737354.7213736, 1788737355.436191, 1788737356.1800206, 1788737356.9607804, 1788737357.7607498, 1788737358.5386844, 1788737359.084152, 1788737359.684672, 1788737360.3154347, 1788737360.9617565, 1788737361.6353495, 1788737362.3385284, 1788737363.0653224, 1788737363.8208869, 1788737364.605025, 1788737365.4131005, 1788737366.2447596, 1788737367.0995927, 1788737367.9076173, 1788737368.4588246, 1788737369.0655577, 1788737369.692407, 1788737370.3457475, 1788737371.017423, 1788737371.7201617, 1788737372.4473746, 1788737373.0835361, 1788737373.6466, 1788737374.2674882, 1788737374.913963, 1788737375.5780618, 1788737376.2612798, 1788737376.972011, 1788737377.7035294, 1788737378.342173, 1788737378.904599, 1788737379.5192103, 1788737380.1571152, 1788737380.817055, 1788737381.497433, 1788737382.2063396, 1788737382.9404294, 1788737383.5594, 1788737384.1338844, 1788737384.7522614, 1788737385.3984406, 1788737386.053989, 1788737386.7385726, 1788737387.4496186, 1788737388.19113]","[1, 6, 1, 3, 2, 4, 1, 4, 1, 1, 2, 1, 5, 4, 1, 1, 3, 8, 1, 1, 1, 2, 1, 2, 1, 6, 2, 4, 2, 4, 2, 2, 1, 8, 2, 2, 7, 2, 1, 3, 1, 2, 7, 3, 3, 2, 1, 5, 3, 6, 4, 1, 1, 1, 2, 1, 1, 1, 1, 3, 7, 2, 1, 3, 1, 1, 3, 1, 1, 1, 2, 2]"
User-023,0,trace_0562,1788737390.7073603,streaming,20882,175,172,0,325,96.90312719345093,157.25681281089783,0.35294552992659006,0.0,0,True,,1788737233.4504788,1788737330.353606,1788737390.7072916,"[1788737330.353606, 1788737330.9314442, 1788737331.5519414, 1788737332.1965938, 1788737332.8688192, 1788737333.570375, 1788737334.3121965, 1788737335.0626485, 1788737335.6730146, 1788737336.2419221, 1788737336.860371, 1788737337.503622, 1788737338.174234, 1788737338.8604178, 1788737339.587379, 1788737340.3454137, 1788737340.9002838, 1788737341.5001037, 1788737342.12891, 1788737342.777517, 1788737343.4497159, 1788737344.1500502, 1788737344.8783152, 1788737345.6449962, 1788737346.2820022, 1788737346.842359, 1788737347.4586806, 1788737348.1006985, 1788737348.7667732, 1788737349.4620168, 1788737350.1810274, 1788737350.927216, 1788737351.5542948, 1788737352.1182184, 1788737352.7363782, 1788737353.3734834, 1788737354.0354388, 1788737354.721929, 1788737355.4367042, 1788737356.1805263, 1788737356.9613001, 1788737357.7612536, 1788737358.5400147, 1788737359.085154, 1788737359.685761, 1788737360.3165004, 1788737360.9628053, 1788737361.6364384, 1788737362.3396113, 1788737363.0663848, 1788737363.8219783, 1788737364.6060727, 1788737365.4143393, 1788737366.2457888, 1788737367.1006143, 1788737367.9086053, 1788737368.4598331, 1788737369.0666049, 1788737369.6934674, 1788737370.3468874, 1788737371.0184147, 1788737371.7211735, 1788737372.4484727, 1788737373.0845406, 1788737373.6477237, 1788737374.268538, 1788737374.914974, 1788737375.5791626, 1788737376.262372, 1788737376.9730604, 1788737377.7045903, 1788737378.3431473, 1788737378.9056828, 1788737379.52021, 1788737380.158218, 1788737380.8181918, 1788737381.4984972, 1788737382.2074223, 1788737382.941541, 1788737383.5603824, 1788737384.1350107, 1788737384.7533784, 1788737385.3997014, 1788737386.0550919, 1788737386.740008, 1788737387.4506583, 1788737388.9215062, 1788737389.4680471, 1788737390.0743608, 1788737390.7042768]","[1, 2, 2, 2, 1, 1, 2, 1, 1, 1, 1, 2, 1, 3, 1, 5, 1, 4, 1, 2, 2, 3, 4, 1, 1, 2, 1, 2, 5, 4, 1, 2, 1, 2, 1, 2, 2, 3, 2, 4, 1, 1, 1, 2, 2, 2, 3, 3, 4, 1, 1, 1, 1, 1, 1, 2, 1, 3, 3, 4, 1, 1, 1, 3, 1, 3, 1, 1, 4, 1, 1, 1, 2, 1, 6, 2, 1, 1, 2, 2, 4, 3, 2, 2, 1, 1, 1, 1, 1, 2]"
User-019,0,trace_0587,1788737393.4526753,streaming,19031,253,253,0,297,85.83340907096863,160.099867105484,0.2947081668036325,0.0,0,True,,1788737233.3526556,1788737319.1860647,1788737393.4525228,"[1788737319.1860647, 1788737319.7319593, 1788737320.328898, 1788737320.952198, 1788737321.6089797, 1788737322.2782104, 1788737322.9821537, 1788737323.7071986, 1788737324.295453, 1788737324.870066, 1788737325.4886096, 1788737326.132603, 1788737326.7982004, 1788737327.502794, 1788737328.2202353, 1788737328.976104, 1788737329.7469556, 1788737330.3484461, 1788737330.9259846, 1788737331.5473063, 1788737332.1920023, 1788737332.8642812, 1788737333.5655365, 1788737334.3077304, 1788737335.0586755, 1788737335.6697638, 1788737336.2384129, 1788737336.8570566, 1788737337.5004036, 1788737338.1701164, 1788737338.8576844, 1788737339.5844183, 1788737340.3418553, 1788737340.8969047, 1788737341.4968126, 1788737342.1256332, 1788737342.774284, 1788737343.4464333, 1788737344.1467106, 1788737344.8747146, 1788737345.643698, 1788737346.2765296, 1788737346.8391378, 1788737347.4559624, 1788737348.0978806, 1788737348.7636938, 1788737349.4591496, 1788737350.1783006, 1788737350.9245522, 1788737351.5507114, 1788737352.1148956, 1788737352.7295604, 1788737353.3701668, 1788737354.0322263, 1788737354.7186177, 1788737355.4334705, 1788737356.17733, 1788737356.9579816, 1788737357.758006, 1788737358.5359874, 1788737359.0810761, 1788737359.681917, 1788737360.3093655, 1788737360.9590297, 1788737361.632557, 1788737362.335575, 1788737363.0625963, 1788737363.8180733, 1788737364.6022458, 1788737365.4102883, 1788737366.2420156, 1788737367.0968528, 1788737367.9049091, 1788737368.4561458, 1788737369.0628157, 1788737369.6895988, 1788737370.343007, 1788737371.0146537, 1788737371.7172601, 1788737372.444588, 1788737373.0807357, 1788737373.6437647, 1788737374.264727, 1788737374.9112172, 1788737375.5753608, 1788737376.258522, 1788737376.9690857, 1788737377.7007937, 1788737378.338636, 1788737378.9012768, 1788737379.5158632, 1788737380.1538422, 1788737380.813793, 1788737381.4941254, 1788737382.2031617, 1788737382.937213, 1788737383.5561543, 1788737384.130699, 1788737384.749002, 1788737385.394518, 1788737386.0512135, 1788737386.7356882, 1788737387.4468772, 1788737388.1878686, 1788737388.9167519, 1788737389.4633348, 1788737390.0699277, 1788737390.698113, 1788737391.3475122, 1788737392.01943, 1788737392.7219133, 1788737393.4475317]","[1, 1, 1, 1, 3, 1, 2, 1, 1, 1, 3, 1, 2, 2, 6, 2, 2, 1, 3, 3, 2, 2, 2, 2, 4, 5, 2, 1, 2, 1, 1, 1, 3, 9, 2, 1, 2, 1, 6, 5, 2, 1, 5, 6, 1, 2, 4, 1, 1, 1, 1, 1, 2, 2, 2, 3, 1, 2, 2, 1, 1, 2, 2, 1, 2, 7, 2, 1, 4, 3, 3, 4, 1, 6, 1, 1, 2, 3, 1, 1, 1, 1, 1, 2, 1, 2, 1, 2, 2, 2, 5, 1, 2, 2, 2, 1, 2, 1, 4, 4, 6, 2, 3, 2, 1, 2, 3, 3, 3, 4, 3, 1]"
User-054,0,trace_0666,1788737403.3444715,streaming,17435,124,124,0,272,139.22305607795715,169.4805088043213,0.24599555062084663,0.0,0,True,,1788737233.8638713,1788737373.0869274,1788737403.3443801,"[1788737373.0869274, 1788737373.6497948, 1788737374.2705874, 1788737374.917038, 1788737375.581258, 1788737376.2644613, 1788737376.9752014, 1788737377.7066321, 1788737378.3451219, 1788737378.9077199, 1788737379.5222645, 1788737380.1602607, 1788737380.8257682, 1788737381.5005748, 1788737382.209458, 1788737382.9436066, 1788737383.56231, 1788737384.137022, 1788737384.755388, 1788737385.4016879, 1788737386.0534647, 1788737386.7380478, 1788737387.4491236, 1788737388.1900373, 1788737388.9199708, 1788737389.466426, 1788737390.0727654, 1788737390.701114, 1788737391.350302, 1788737392.0222487, 1788737392.72494, 1788737393.4508772, 1788737394.1997812, 1788737394.9773016, 1788737395.6273634, 1788737396.1942363, 1788737396.8079827, 1788737397.4508102, 1788737398.112705, 1788737398.8037083, 1788737399.5157008, 1788737400.2118955, 1788737400.7544408, 1788737401.3636441, 1788737401.9958172, 1788737402.6590905, 1788737403.340294]","[1, 4, 2, 3, 2, 2, 1, 1, 1, 3, 7, 1, 3, 5, 1, 2, 5, 3, 3, 2, 4, 2, 1, 1, 3, 1, 2, 2, 2, 2, 4, 5, 4, 3, 1, 3, 4, 1, 4, 4, 3, 1, 4, 1, 4, 3, 3]"
User-057,0,trace_0276,1788737404.7785783,streaming,18280,101,101,0,285,144.4328727722168,170.8701729774475,0.2643730020523071,0.0,0,True,,1788737233.9083223,1788737378.341195,1788737404.7784953,"[1788737378.341195, 1788737378.903622, 1788737379.5180998, 1788737380.156098, 1788737380.816024, 1788737381.4962747, 1788737382.2053518, 1788737382.9394207, 1788737383.5584095, 1788737384.1328814, 1788737384.7512708, 1788737385.3971467, 1788737386.0529356, 1788737386.7375464, 1788737387.4486115, 1788737388.189514, 1788737388.9194858, 1788737389.465782, 1788737390.0722609, 1788737390.7005963, 1788737391.3498013, 1788737392.0217478, 1788737392.7244105, 1788737393.4503431, 1788737394.1992486, 1788737394.9767656, 1788737395.626857, 1788737396.1937215, 1788737396.807474, 1788737397.4502604, 1788737398.112199, 1788737398.8031883, 1788737399.5151885, 1788737400.2113729, 1788737400.753911, 1788737401.363126, 1788737401.995309, 1788737402.658557, 1788737403.3397496, 1788737404.041139, 1788737404.7742383]","[1, 1, 5, 2, 4, 2, 3, 1, 1, 3, 2, 8, 1, 3, 2, 3, 1, 1, 1, 2, 2, 1, 2, 1, 3, 2, 1, 4, 1, 1, 2, 1, 3, 8, 3, 3, 2, 2, 2, 4, 6]"
User-061,0,trace_0046,1788737424.226411,streaming,21901,116,116,0,341,161.57170701026917,190.1682641506195,0.248665714263916,0.0,0,True,,1788737234.0580034,1788737395.6297104,1788737424.2262676,"[1788737395.6297104, 1788737396.1963904, 1788737396.8100848, 1788737397.4529755, 1788737398.1148052, 1788737398.805911, 1788737399.5178196, 1788737400.2139006, 1788737400.756602, 1788737401.3657346, 1788737401.9979467, 1788737402.6612322, 1788737403.3428247, 1788737404.043257, 1788737404.7769363, 1788737405.5290596, 1788737406.277759, 1788737406.8295794, 1788737407.4272542, 1788737408.0545256, 1788737408.7133074, 1788737409.3908992, 1788737410.0950246, 1788737410.8195689, 1788737411.596332, 1788737412.35212, 1788737413.1547177, 1788737413.771279, 1788737414.3361526, 1788737414.9555964, 1788737415.5992186, 1788737416.265169, 1788737416.9556828, 1788737417.67025, 1788737418.4026294, 1788737418.951834, 1788737419.5572088, 1788737420.1857216, 1788737420.8360481, 1788737421.5076933, 1788737422.201947, 1788737422.923098, 1788737423.6706476, 1788737424.222692]","[1, 2, 4, 2, 4, 1, 5, 1, 3, 2, 8, 1, 3, 2, 3, 1, 1, 1, 2, 2, 1, 8, 1, 1, 2, 2, 2, 2, 2, 1, 4, 1, 1, 2, 1, 3, 8, 3, 3, 2, 2, 2, 4, 9]"
User-041,0,trace_0570,1788737433.4465864,streaming,18596,326,326,0,290,117.91558480262756,199.8093421459198,0.2519807918255146,0.0,0,True,,1788737233.637148,1788737351.5527327,1788737433.44649,"[1788737351.5527327, 1788737352.1165514, 1788737352.7347693, 1788737353.3719656, 1788737354.033897, 1788737354.7203689, 1788737355.435175, 1788737356.178955, 1788737356.9597294, 1788737357.7597394, 1788737358.5376933, 1788737359.0831082, 1788737359.6836183, 1788737360.314268, 1788737360.9606771, 1788737361.6342385, 1788737362.337354, 1788737363.064319, 1788737363.8197803, 1788737364.6039672, 1788737365.412024, 1788737366.2437475, 1788737367.0985477, 1788737367.9065776, 1788737368.4577436, 1788737369.0644767, 1788737369.6913488, 1788737370.344713, 1788737371.016408, 1788737371.7189164, 1788737372.4462972, 1788737373.0824592, 1788737373.6455534, 1788737374.2663822, 1788737374.9129255, 1788737375.5770478, 1788737376.2602751, 1788737376.9707952, 1788737377.7025006, 1788737378.3403568, 1788737378.90312, 1788737379.517574, 1788737380.1555648, 1788737380.815492, 1788737381.4957418, 1788737382.2048373, 1788737382.9389133, 1788737383.557922, 1788737384.1323786, 1788737384.7507148, 1788737385.396632, 1788737386.0523958, 1788737386.7370296, 1788737387.4481049, 1788737388.1890013, 1788737388.9189599, 1788737389.465275, 1788737390.0717316, 1788737390.7000833, 1788737391.349296, 1788737392.0212414, 1788737392.723847, 1788737393.4498208, 1788737394.1986914, 1788737394.9762475, 1788737395.6263058, 1788737396.1930015, 1788737396.806928, 1788737397.449737, 1788737398.1116729, 1788737398.8025959, 1788737399.5146291, 1788737400.2108474, 1788737400.7533607, 1788737401.362574, 1788737401.9947755, 1788737402.6580522, 1788737403.339241, 1788737404.0406294, 1788737404.773698, 1788737405.526933, 1788737406.2757282, 1788737406.8274298, 1788737407.4252026, 1788737408.052366, 1788737408.7111764, 1788737409.3887997, 1788737410.0928996, 1788737410.8174036, 1788737411.5953298, 1788737412.3499167, 1788737413.1523774, 1788737413.769276, 1788737414.3340082, 1788737414.9534183, 1788737415.5970526, 1788737416.2626634, 1788737416.9535708, 1788737417.6681402, 1788737418.4005127, 1788737418.9496348, 1788737419.5550935, 1788737420.183616, 1788737420.8338828, 1788737421.5054944, 1788737422.1996713, 1788737422.920999, 1788737423.6656706, 1788737424.2205074, 1788737424.8173919, 1788737425.4435976, 1788737426.0912476, 1788737426.7620609, 1788737427.4551528, 1788737428.1748378, 1788737428.921044, 1788737429.5540798, 1788737430.1244516, 1788737430.7389524, 1788737431.3802967, 1788737432.0420172, 1788737432.7283034, 1788737433.4413822]","[1, 2, 4, 1, 3, 2, 4, 1, 3, 2, 1, 2, 3, 6, 3, 2, 2, 2, 1, 4, 6, 1, 2, 3, 2, 5, 2, 1, 2, 7, 1, 9, 2, 1, 3, 1, 1, 2, 2, 1, 2, 2, 2, 1, 1, 5, 1, 1, 3, 3, 3, 6, 1, 2, 2, 4, 1, 3, 1, 1, 2, 1, 3, 1, 1, 3, 6, 4, 1, 1, 5, 1, 3, 6, 1, 3, 1, 1, 1, 1, 9, 1, 2, 4, 4, 4, 4, 1, 1, 1, 1, 6, 3, 3, 2, 2, 3, 6, 3, 1, 5, 8, 1, 4, 3, 1, 1, 4, 3, 3, 1, 5, 6, 3, 1, 1, 2, 2, 4, 2, 1, 9, 1]"
User-044,0,trace_0272,1788737434.9460423,streaming,24544,315,315,0,383,124.80279779434204,201.20911979675293,0.2433322356764678,0.0,0,True,,1788737233.736726,1788737358.5395238,1788737434.9458458,"[1788737358.5395238, 1788737359.0846522, 1788737359.6851933, 1788737360.3159852, 1788737360.9622803, 1788737361.6359255, 1788737362.3390977, 1788737363.0658388, 1788737363.8214645, 1788737364.605563, 1788737365.4137864, 1788737366.2452502, 1788737367.1001122, 1788737367.9081168, 1788737368.4593291, 1788737369.0660906, 1788737369.692912, 1788737370.346289, 1788737371.0179129, 1788737371.7206676, 1788737372.4479125, 1788737373.0840495, 1788737373.6471527, 1788737374.2680316, 1788737374.9144554, 1788737375.5785713, 1788737376.2617862, 1788737376.9725409, 1788737377.7040288, 1788737378.3426497, 1788737378.9051852, 1788737379.5197005, 1788737380.1576095, 1788737380.8176715, 1788737381.4979513, 1788737382.206845, 1788737382.9410338, 1788737383.5598903, 1788737384.1344748, 1788737384.7528555, 1788737385.3991761, 1788737386.0544982, 1788737386.7393036, 1788737387.4501336, 1788737388.1920784, 1788737388.920492, 1788737389.466957, 1788737390.0732794, 1788737390.70171, 1788737391.350869, 1788737392.022785, 1788737392.7255626, 1788737393.4514222, 1788737394.200284, 1788737394.977842, 1788737395.6278481, 1788737396.1947865, 1788737396.8084955, 1788737397.4513412, 1788737398.1132123, 1788737398.804263, 1788737399.5162144, 1788737400.2123964, 1788737400.755062, 1788737401.364131, 1788737401.996344, 1788737402.659611, 1788737403.3411188, 1788737404.0416768, 1788737404.7752955, 1788737405.5275006, 1788737406.2762234, 1788737406.8279324, 1788737407.4257157, 1788737408.0529122, 1788737408.711686, 1788737409.389325, 1788737410.0933988, 1788737410.8179276, 1788737411.5955713, 1788737412.350438, 1788737413.1529293, 1788737413.7697878, 1788737414.3345273, 1788737414.9539492, 1788737415.5975728, 1788737416.2632127, 1788737416.954094, 1788737417.6686568, 1788737418.4010077, 1788737418.9501624, 1788737419.5556295, 1788737420.1841214, 1788737420.8344011, 1788737421.506019, 1788737422.2003624, 1788737422.921504, 1788737423.6661668, 1788737424.221026, 1788737424.8179123, 1788737425.4441116, 1788737426.0918024, 1788737426.7626028, 1788737427.4558585, 1788737428.1753507, 1788737428.921547, 1788737429.5545728, 1788737430.1250014, 1788737430.7394795, 1788737431.380798, 1788737432.0425258, 1788737432.728855, 1788737433.442176, 1788737434.1763122, 1788737434.9413822]","[1, 1, 5, 2, 4, 2, 3, 1, 1, 3, 2, 8, 1, 3, 2, 4, 1, 1, 2, 2, 1, 2, 1, 3, 3, 1, 4, 1, 1, 2, 1, 3, 8, 3, 3, 2, 2, 1, 8, 3, 4, 5, 6, 1, 2, 4, 1, 1, 1, 1, 2, 3, 7, 2, 1, 6, 2, 1, 2, 1, 1, 5, 1, 1, 2, 4, 9, 1, 2, 9, 3, 1, 2, 1, 3, 3, 1, 1, 8, 3, 4, 2, 1, 4, 1, 5, 1, 2, 3, 9, 5, 9, 6, 1, 1, 2, 1, 1, 1, 1, 1, 1, 9, 3, 5, 1, 3, 3, 1, 3, 1, 3, 1, 2, 2]"
User-053,0,trace_0176,1788737440.2281322,streaming,29936,291,291,0,467,134.08933019638062,206.4074192047119,0.2493727207183838,0.0,0,True,,1788737233.8206062,1788737367.9099364,1788737440.2280254,"[1788737367.9099364, 1788737368.4610834, 1788737369.067695, 1788737369.6944816, 1788737370.3479068, 1788737371.0229268, 1788737371.7221565, 1788737372.4495196, 1788737373.0855694, 1788737373.6487565, 1788737374.269606, 1788737374.9160423, 1788737375.5802116, 1788737376.2634194, 1788737376.9741256, 1788737377.7056038, 1788737378.3441343, 1788737378.9066877, 1788737379.5211837, 1788737380.1592593, 1788737380.8252492, 1788737381.4995687, 1788737382.2084115, 1788737382.942557, 1788737383.5613546, 1788737384.1360114, 1788737384.7543936, 1788737385.400681, 1788737386.0561106, 1788737386.7410214, 1788737387.4517958, 1788737388.1936414, 1788737388.9209962, 1788737389.4674711, 1788737390.0737793, 1788737390.70225, 1788737391.3513796, 1788737392.0232725, 1788737392.7261055, 1788737393.4519596, 1788737394.2007794, 1788737394.9784164, 1788737395.6283884, 1788737396.1953154, 1788737396.8089952, 1788737397.4519427, 1788737398.1137123, 1788737398.804867, 1788737399.516746, 1788737400.2128904, 1788737400.7555695, 1788737401.3646305, 1788737401.9968626, 1788737402.6601543, 1788737403.341641, 1788737404.042188, 1788737404.7758956, 1788737405.5280166, 1788737406.27671, 1788737406.8284423, 1788737407.4262097, 1788737408.0534263, 1788737408.7121994, 1788737409.3898346, 1788737410.0939047, 1788737410.8184717, 1788737411.595825, 1788737412.3509996, 1788737413.1534357, 1788737413.7702794, 1788737414.3350806, 1788737414.9545014, 1788737415.598111, 1788737416.2638836, 1788737416.9546123, 1788737417.6691616, 1788737418.4015427, 1788737418.9507067, 1788737419.5561583, 1788737420.1846492, 1788737420.8349411, 1788737421.5065377, 1788737422.200857, 1788737422.922004, 1788737423.6666589, 1788737424.2215424, 1788737424.818423, 1788737425.4446175, 1788737426.0923104, 1788737426.763183, 1788737427.4563842, 1788737428.1758683, 1788737428.9220452, 1788737429.5550978, 1788737430.1255174, 1788737430.739989, 1788737431.381302, 1788737432.0430508, 1788737432.729367, 1788737433.4426954, 1788737434.1768222, 1788737434.942169, 1788737435.6520205, 1788737436.2149782, 1788737436.8247368, 1788737437.4558454, 1788737438.1115165, 1788737438.7887554, 1788737439.4918222, 1788737440.2234263]","[1, 1, 1, 4, 1, 3, 2, 4, 1, 4, 1, 1, 3, 5, 4, 2, 3, 4, 6, 1, 1, 1, 2, 2, 1, 6, 2, 4, 2, 4, 1, 3, 1, 8, 2, 1, 4, 5, 2, 3, 1, 2, 1, 3, 4, 2, 2, 1, 1, 3, 8, 2, 2, 2, 1, 4, 2, 1, 1, 7, 2, 1, 1, 1, 1, 3, 3, 1, 1, 3, 2, 2, 1, 1, 9, 2, 9, 3, 1, 2, 5, 3, 1, 1, 2, 1, 5, 1, 9, 2, 2, 1, 2, 1, 1, 1, 1, 9, 1, 1, 3, 1, 1, 2, 3, 4, 3, 8, 9, 1]"
User-058,0,trace_0586,1788737440.9809258,streaming,17876,180,177,0,278,149.611257314682,207.02886724472046,0.3262364200570367,0.0,0,True,,1788737233.9519942,1788737383.5632515,1788737440.9808614,"[1788737383.5632515, 1788737384.1375191, 1788737384.755888, 1788737385.4021962, 1788737386.0571036, 1788737386.742039, 1788737387.4528744, 1788737388.1946719, 1788737388.9230251, 1788737389.4695902, 1788737390.0759304, 1788737390.706672, 1788737391.3529954, 1788737392.0244617, 1788737392.72768, 1788737393.4541664, 1788737394.202385, 1788737394.9799793, 1788737395.6307642, 1788737396.1974251, 1788737396.8111103, 1788737397.453994, 1788737398.1158123, 1788737398.8069508, 1788737399.518881, 1788737400.2149012, 1788737400.7576196, 1788737401.3667245, 1788737401.998984, 1788737402.6624446, 1788737403.3438413, 1788737404.044256, 1788737404.7779834, 1788737405.5301063, 1788737406.278773, 1788737406.8305745, 1788737407.4283614, 1788737408.055573, 1788737408.7143092, 1788737409.3919585, 1788737410.0960214, 1788737410.820577, 1788737411.5968237, 1788737412.353135, 1788737413.1559212, 1788737413.772305, 1788737414.3372066, 1788737414.956654, 1788737415.6002517, 1788737416.2662272, 1788737416.9567897, 1788737417.6712837, 1788737418.4036286, 1788737418.9528415, 1788737419.5582905, 1788737420.186738, 1788737420.8370545, 1788737421.508443, 1788737422.2030106, 1788737422.9241347, 1788737423.67167, 1788737424.2240927, 1788737424.820122, 1788737425.4462013, 1788737426.0939872, 1788737426.7649133, 1788737427.4581954, 1788737428.1774967, 1788737428.923643, 1788737429.5566638, 1788737430.1271877, 1788737430.7416015, 1788737431.382901, 1788737432.044666, 1788737432.7310066, 1788737433.4444137, 1788737434.1783793, 1788737434.9439, 1788737435.6543539, 1788737436.2174318, 1788737436.8268902, 1788737438.113675, 1788737438.7910345, 1788737440.2259703, 1788737440.97842]","[1, 1, 2, 2, 1, 2, 2, 1, 1, 1, 1, 4, 3, 1, 1, 2, 3, 2, 1, 4, 2, 2, 1, 2, 1, 1, 4, 2, 1, 4, 2, 1, 2, 3, 2, 1, 4, 2, 4, 2, 3, 2, 1, 4, 2, 1, 4, 3, 2, 1, 6, 1, 1, 3, 3, 4, 2, 1, 2, 3, 2, 1, 4, 2, 1, 2, 3, 2, 1, 4, 3, 1, 3, 2, 1, 4, 2, 1, 1, 1, 1, 1, 1, 1, 4]"
User-066,0,trace_0681,1788737448.870893,streaming,21193,176,176,0,330,172.1200590133667,214.71722412109375,0.24341237204415458,0.0,0,True,,1788737234.1531594,1788737406.2732184,1788737448.8703835,"[1788737406.2732184, 1788737406.8251278, 1788737407.4228938, 1788737408.0500436, 1788737408.7088766, 1788737409.3864782, 1788737410.0905864, 1788737410.815154, 1788737411.5941997, 1788737412.3475404, 1788737413.1499834, 1788737413.7667806, 1788737414.3315096, 1788737414.9507556, 1788737415.5947003, 1788737416.2602742, 1788737416.951232, 1788737417.66576, 1788737418.3980129, 1788737418.9473224, 1788737419.5527449, 1788737420.1813073, 1788737420.8314204, 1788737421.5031378, 1788737422.1973596, 1788737422.9186532, 1788737423.6633122, 1788737424.2180696, 1788737424.8151133, 1788737425.441208, 1788737426.0888767, 1788737426.7596374, 1788737427.4526033, 1788737428.1724794, 1788737428.9187768, 1788737429.5508704, 1788737430.121263, 1788737430.7360835, 1788737431.3774571, 1788737432.0391247, 1788737432.7254066, 1788737433.438514, 1788737434.1734056, 1788737434.9384332, 1788737435.6490002, 1788737436.2117634, 1788737436.821813, 1788737437.4528685, 1788737438.108635, 1788737438.7858963, 1788737439.4889925, 1788737440.2204936, 1788737440.973901, 1788737441.756409, 1788737442.5687032, 1788737443.4024553, 1788737444.2596586, 1788737445.0524662, 1788737445.598381, 1788737446.2026074, 1788737446.8331757, 1788737447.4875832, 1788737448.1669543, 1788737448.8666909]","[1, 1, 5, 2, 4, 1, 1, 3, 1, 1, 3, 2, 8, 1, 3, 2, 4, 1, 1, 2, 2, 1, 8, 1, 1, 6, 1, 2, 1, 2, 1, 1, 1, 3, 4, 1, 1, 2, 3, 8, 3, 3, 2, 2, 2, 4, 9, 1, 2, 1, 2, 7, 1, 5, 5, 2, 3, 5, 3, 1, 3, 2, 9, 2]"
User-059,0,trace_0656,1788737454.1471748,streaming,19464,260,260,0,303,154.91585683822632,220.14451265335083,0.2518480919502877,0.0,0,True,,1788737234.00256,1788737388.9184167,1788737454.1470726,"[1788737388.9184167, 1788737389.464744, 1788737390.0712206, 1788737390.699539, 1788737391.3487637, 1788737392.0207224, 1788737392.723323, 1788737393.4492915, 1788737394.1980612, 1788737394.975691, 1788737395.6256316, 1788737396.1923919, 1788737396.8062477, 1788737397.449177, 1788737398.1110463, 1788737398.8020277, 1788737399.5140066, 1788737400.2102895, 1788737400.7526963, 1788737401.3620708, 1788737401.9942207, 1788737402.6575406, 1788737403.3386874, 1788737404.0401073, 1788737404.7731698, 1788737405.5263724, 1788737406.2752025, 1788737406.8269067, 1788737407.4246795, 1788737408.0518577, 1788737408.710656, 1788737409.388299, 1788737410.0923736, 1788737410.8169055, 1788737411.5950642, 1788737412.3493965, 1788737413.1518624, 1788737413.7687664, 1788737414.3334806, 1788737414.9528518, 1788737415.5965211, 1788737416.2621238, 1788737416.9530437, 1788737417.6676102, 1788737418.4000018, 1788737418.9491029, 1788737419.5545242, 1788737420.1831121, 1788737420.8333719, 1788737421.504953, 1788737422.1991596, 1788737422.9204834, 1788737423.6651676, 1788737424.2199585, 1788737424.8168838, 1788737425.4430485, 1788737426.0906963, 1788737426.7615328, 1788737427.4545922, 1788737428.1742914, 1788737428.9205322, 1788737429.553577, 1788737430.123945, 1788737430.7384071, 1788737431.3797972, 1788737432.0414717, 1788737432.7277708, 1788737433.4408588, 1788737434.1757705, 1788737434.9408314, 1788737435.6514914, 1788737436.2143302, 1788737436.8241882, 1788737437.4552715, 1788737438.1110098, 1788737438.788251, 1788737439.4913015, 1788737440.2228842, 1788737440.976204, 1788737441.7588515, 1788737442.5714262, 1788737443.4048152, 1788737444.262008, 1788737445.05498, 1788737445.6008267, 1788737446.2049248, 1788737446.8355198, 1788737447.4903307, 1788737448.169547, 1788737448.8693933, 1788737449.595241, 1788737450.3362684, 1788737450.8865292, 1788737451.4850633, 1788737452.1162097, 1788737452.7681565, 1788737453.4413095, 1788737454.1418872]","[1, 6, 2, 4, 2, 3, 1, 1, 3, 2, 8, 1, 3, 2, 2, 4, 4, 2, 3, 1, 7, 1, 1, 2, 2, 3, 3, 4, 4, 1, 1, 1, 5, 1, 2, 1, 1, 2, 1, 2, 2, 5, 3, 3, 2, 3, 2, 1, 1, 6, 2, 3, 1, 3, 1, 7, 1, 2, 3, 1, 1, 2, 1, 2, 2, 4, 2, 1, 2, 2, 8, 5, 9, 2, 1, 2, 1, 1, 1, 2, 6, 1, 2, 9, 1, 3, 2, 9, 4, 1, 2, 2, 1, 3, 3, 1, 6, 1]"
User-065,0,trace_0054,1788737462.6612368,streaming,16892,251,251,0,263,166.10895156860352,228.56121587753296,0.24980905723571778,0.0,0,True,,1788737234.0999286,1788737400.2088802,1788737462.6611445,"[1788737400.2088802, 1788737400.7512894, 1788737401.3608284, 1788737401.992976, 1788737402.6562839, 1788737403.3373954, 1788737404.0388637, 1788737404.771818, 1788737405.5250936, 1788737406.2739432, 1788737406.8257296, 1788737407.423517, 1788737408.0506506, 1788737408.7094824, 1788737409.3871303, 1788737410.091221, 1788737410.8157637, 1788737411.5945356, 1788737412.3481863, 1788737413.1505885, 1788737413.767498, 1788737414.3321395, 1788737414.9515285, 1788737415.5953603, 1788737416.260895, 1788737416.9518578, 1788737417.6663685, 1788737418.3987837, 1788737418.9479275, 1788737419.5533571, 1788737420.1819117, 1788737420.832042, 1788737421.5037556, 1788737422.1979709, 1788737422.9193234, 1788737423.6639788, 1788737424.2187047, 1788737424.815723, 1788737425.4418218, 1788737426.0894825, 1788737426.7602527, 1788737427.4532158, 1788737428.173109, 1788737428.9193974, 1788737429.551545, 1788737430.121865, 1788737430.7366972, 1788737431.3780844, 1788737432.0397515, 1788737432.72603, 1788737433.4391878, 1788737434.1741362, 1788737434.9390957, 1788737435.6496825, 1788737436.2123792, 1788737436.8224242, 1788737437.4534707, 1788737438.1092317, 1788737438.7865024, 1788737439.4896111, 1788737440.2211492, 1788737440.9745157, 1788737441.757205, 1788737442.569537, 1788737443.4030972, 1788737444.2602692, 1788737445.0531945, 1788737445.5990252, 1788737446.2032318, 1788737446.8337853, 1788737447.4883883, 1788737448.1678433, 1788737448.8677828, 1788737449.5934072, 1788737450.3345578, 1788737450.8847418, 1788737451.4833236, 1788737452.1145089, 1788737452.766406, 1788737453.439647, 1788737454.139902, 1788737454.8607087, 1788737455.501151, 1788737456.067819, 1788737456.6795013, 1788737457.3164961, 1788737457.9769843, 1788737458.6612017, 1788737459.3704197, 1788737460.1117327, 1788737460.8865936, 1788737461.432236, 1788737462.0289555, 1788737462.6541069]","[1, 2, 4, 1, 3, 2, 1, 3, 1, 2, 1, 4, 3, 4, 1, 2, 1, 3, 6, 2, 6, 1, 2, 1, 3, 2, 3, 1, 1, 2, 1, 1, 1, 1, 2, 2, 6, 1, 1, 6, 9, 2, 4, 3, 1, 7, 1, 3, 1, 2, 1, 3, 1, 4, 3, 1, 6, 6, 3, 1, 3, 2, 3, 1, 2, 7, 3, 1, 3, 2, 2, 2, 9, 4, 3, 1, 4, 2, 6, 3, 2, 2, 1, 1, 2, 3, 1, 8, 1, 2, 2, 3, 6, 1]"
User-075,0,trace_0559,1788737469.290585,streaming,17686,177,177,0,276,184.11300492286682,234.9985706806183,0.28912253271449695,0.0,0,True,,1788737234.2919226,1788737418.4049275,1788737469.2904932,"[1788737418.4049275, 1788737418.9538546, 1788737419.5593162, 1788737420.187755, 1788737420.8380537, 1788737421.509206, 1788737422.2040372, 1788737422.9251742, 1788737423.6735203, 1788737424.225629, 1788737424.8216848, 1788737425.4477458, 1788737426.0955439, 1788737426.7664423, 1788737427.4597292, 1788737428.1790383, 1788737428.9251187, 1788737429.5581589, 1788737430.1287394, 1788737430.7431684, 1788737431.384455, 1788737432.0461903, 1788737432.732553, 1788737433.4459674, 1788737434.1798973, 1788737434.9453824, 1788737435.6580932, 1788737436.2189994, 1788737436.8283925, 1788737437.4594264, 1788737438.115177, 1788737438.7925746, 1788737439.4956534, 1788737440.2274857, 1788737440.9803314, 1788737441.7620792, 1788737442.5750303, 1788737443.4079957, 1788737444.2668445, 1788737445.0589428, 1788737445.6043098, 1788737446.2085187, 1788737446.8392773, 1788737447.4940808, 1788737448.1733692, 1788737448.8739026, 1788737449.5988028, 1788737450.339664, 1788737450.8902116, 1788737451.488745, 1788737452.1198568, 1788737452.7718256, 1788737453.4450827, 1788737454.14639, 1788737454.865575, 1788737455.506634, 1788737456.073088, 1788737456.6847076, 1788737457.3222249, 1788737457.9821358, 1788737458.6664243, 1788737459.3760035, 1788737460.117028, 1788737460.896262, 1788737461.4381843, 1788737462.0356295, 1788737462.6606033, 1788737463.3008718, 1788737463.9684005, 1788737464.6624928, 1788737465.383289, 1788737466.1276126, 1788737466.8311229, 1788737467.3862457, 1788737467.9954977, 1788737468.6274893, 1788737469.2895784]","[1, 1, 5, 1, 3, 2, 4, 1, 4, 1, 1, 2, 1, 5, 4, 1, 1, 3, 1, 3, 6, 1, 1, 2, 1, 2, 1, 6, 2, 4, 2, 4, 2, 1, 2, 2, 2, 2, 2, 3, 2, 1, 4, 1, 1, 2, 1, 3, 3, 1, 5, 4, 4, 8, 1, 2, 2, 1, 2, 1, 1, 4, 3, 4, 1, 1, 1, 1, 2, 7, 3, 1, 1, 1, 2, 1, 1]"
User-011,0,trace_0694,1788737477.4464958,streaming,24258,686,683,0,378,73.94402432441711,244.2772867679596,0.24975551677938782,0.0,0,True,,1788737233.1691074,1788737307.1131318,1788737477.4463942,"[1788737307.1131318, 1788737307.6531212, 1788737308.256694, 1788737308.878319, 1788737309.5205967, 1788737310.189088, 1788737310.8818827, 1788737311.6067853, 1788737312.3518753, 1788737313.1229296, 1788737313.8659077, 1788737314.414378, 1788737315.0161357, 1788737315.6787508, 1788737316.332261, 1788737317.0072827, 1788737317.7126153, 1788737318.4396214, 1788737319.1910524, 1788737319.7375865, 1788737320.3345206, 1788737320.9572372, 1788737321.614012, 1788737322.28327, 1788737322.987302, 1788737323.7121553, 1788737324.300955, 1788737324.8757606, 1788737325.4940906, 1788737326.1382022, 1788737326.8041933, 1788737327.5117872, 1788737328.2259812, 1788737328.9817219, 1788737329.7521875, 1788737330.354666, 1788737330.9326398, 1788737331.5530443, 1788737332.1976733, 1788737332.869841, 1788737333.571423, 1788737334.3132408, 1788737335.0632234, 1788737335.673499, 1788737336.2424996, 1788737336.8609452, 1788737337.5041552, 1788737338.174828, 1788737338.860976, 1788737339.5879016, 1788737340.3459494, 1788737340.90085, 1788737341.5006294, 1788737342.1294181, 1788737342.7780356, 1788737343.4502637, 1788737344.1506395, 1788737344.878992, 1788737345.645252, 1788737346.2825203, 1788737346.8428843, 1788737347.459232, 1788737348.1012087, 1788737348.7675161, 1788737349.4626203, 1788737350.1815333, 1788737350.9277358, 1788737351.5548007, 1788737352.1189415, 1788737352.7369382, 1788737353.3740413, 1788737354.0359554, 1788737354.722461, 1788737355.4372418, 1788737356.1810527, 1788737356.9618177, 1788737357.7618036, 1788737358.5405025, 1788737359.0857074, 1788737359.6862555, 1788737360.317247, 1788737360.963346, 1788737361.636945, 1788737362.3401546, 1788737363.0668995, 1788737363.8224893, 1788737364.6066153, 1788737365.4150403, 1788737366.2463331, 1788737367.1011593, 1788737367.9090877, 1788737368.460348, 1788737369.0671759, 1788737369.6939645, 1788737370.3474233, 1788737371.0223215, 1788737371.7216659, 1788737372.4489744, 1788737373.0850568, 1788737373.6482232, 1788737374.269117, 1788737374.915527, 1788737375.5796716, 1788737376.262902, 1788737376.973584, 1788737377.7050934, 1788737378.3436267, 1788737378.9061959, 1788737379.5206962, 1788737380.158766, 1788737380.8186998, 1788737381.4990165, 1788737382.207916, 1788737382.9420316, 1788737383.5608764, 1788737384.1355195, 1788737384.7538927, 1788737385.40019, 1788737386.0555966, 1788737386.7405279, 1788737387.4512408, 1788737388.1930988, 1788737388.9219933, 1788737389.4685388, 1788737390.0748684, 1788737390.7055047, 1788737391.3519535, 1788737392.023703, 1788737392.7266157, 1788737393.4530761, 1788737394.2012753, 1788737394.9789464, 1788737395.628869, 1788737396.1958911, 1788737396.8095074, 1788737397.4524639, 1788737398.1142168, 1788737398.8053741, 1788737399.517246, 1788737400.213402, 1788737400.7561023, 1788737401.3651998, 1788737401.9974275, 1788737402.6606708, 1788737403.3422956, 1788737404.0426936, 1788737404.7764208, 1788737405.5285275, 1788737406.277212, 1788737406.8289795, 1788737407.4267263, 1788737408.053938, 1788737408.712721, 1788737409.3903344, 1788737410.094424, 1788737410.8189957, 1788737411.5960789, 1788737412.3515806, 1788737413.153999, 1788737413.7707882, 1788737414.335599, 1788737414.955065, 1788737415.598618, 1788737416.264574, 1788737416.9551651, 1788737417.6696668, 1788737418.4020936, 1788737418.9512603, 1788737419.5566645, 1788737420.1851523, 1788737420.8354738, 1788737421.5071647, 1788737422.2013571, 1788737422.9225101, 1788737423.670085, 1788737424.2221262, 1788737424.8189647, 1788737425.4451122, 1788737426.0928445, 1788737426.763699, 1788737427.4570403, 1788737428.1763787, 1788737428.9225562, 1788737429.5556004, 1788737430.1260264, 1788737430.74057, 1788737431.3818738, 1788737432.043652, 1788737432.729957, 1788737433.4433975, 1788737434.177335, 1788737434.9428484, 1788737435.6533422, 1788737436.2162178, 1788737436.8257825, 1788737437.4569976, 1788737438.1125538, 1788737438.7898557, 1788737439.4929318, 1788737440.2249007, 1788737440.9772267, 1788737441.7598803, 1788737442.572813, 1788737443.405834, 1788737444.264673, 1788737445.0560567, 1788737445.6017218, 1788737446.205927, 1788737446.8365343, 1788737447.49138, 1788737448.170709, 1788737448.8713026, 1788737449.5962448, 1788737450.3372314, 1788737450.8875797, 1788737451.4860942, 1788737452.1172442, 1788737452.76918, 1788737453.4423711, 1788737454.1433928, 1788737454.8629756, 1788737455.5041797, 1788737456.6821802, 1788737457.3192356, 1788737458.6639009, 1788737459.3733227, 1788737460.1144016, 1788737460.8926756, 1788737461.435052, 1788737462.032363, 1788737462.6574743, 1788737463.2977529, 1788737463.9651842, 1788737464.6592782, 1788737465.379561, 1788737466.124458, 1788737466.8247185, 1788737467.3830047, 1788737467.9922562, 1788737468.624309, 1788737469.2862785, 1788737469.9592774, 1788737470.6736042, 1788737471.4041944, 1788737472.160863, 1788737472.869098, 1788737473.4231415, 1788737474.030466, 1788737474.6613774, 1788737475.3144202, 1788737475.9930792, 1788737476.7026918, 1788737477.4423916]","[1, 4, 2, 1, 3, 2, 1, 4, 2, 2, 1, 1, 1, 2, 3, 1, 4, 3, 5, 1, 5, 2, 1, 2, 2, 1, 1, 2, 2, 2, 1, 2, 3, 3, 1, 2, 1, 5, 1, 2, 1, 1, 1, 2, 2, 2, 1, 3, 8, 1, 5, 4, 2, 2, 1, 4, 2, 1, 1, 3, 1, 8, 3, 3, 4, 3, 6, 4, 2, 3, 1, 2, 1, 3, 2, 3, 1, 5, 1, 1, 1, 1, 1, 5, 2, 2, 4, 2, 2, 3, 4, 4, 4, 2, 1, 1, 1, 9, 1, 5, 1, 4, 9, 1, 2, 2, 4, 1, 1, 1, 4, 5, 1, 4, 1, 1, 1, 2, 3, 1, 9, 2, 5, 7, 9, 5, 2, 4, 2, 1, 2, 4, 1, 1, 3, 1, 1, 2, 2, 2, 2, 7, 3, 2, 4, 2, 2, 9, 5, 1, 1, 4, 5, 1, 2, 2, 3, 4, 6, 2, 1, 2, 2, 7, 4, 1, 9, 1, 4, 2, 2, 4, 1, 2, 3, 2, 3, 1, 9, 2, 5, 2, 1, 9, 3, 3, 2, 2, 4, 3, 1, 6, 2, 4, 2, 3, 6, 5, 5, 1, 7, 3, 5, 1, 2, 4, 2, 2, 1, 1, 1, 2, 1, 1, 5, 5, 2, 1, 1, 1, 1, 1, 1, 1, 1, 1, 2, 4, 2, 1, 1, 1, 3, 1, 1, 7, 1, 4, 3, 7, 1, 3, 4, 3, 3, 3, 2, 3, 7, 1, 2, 1, 2]"
User-091,0,trace_0285,1788737480.8115041,streaming,17210,107,107,0,268,220.89456796646118,246.2038712501526,0.23876701211029627,0.0,0,True,,1788737234.6075351,1788737455.502103,1788737480.8114064,"[1788737455.502103, 1788737456.0684254, 1788737456.6801279, 1788737457.3171313, 1788737457.9776142, 1788737458.661848, 1788737459.3710322, 1788737460.1122773, 1788737460.890282, 1788737461.4327977, 1788737462.0296633, 1788737462.6550395, 1788737463.2954347, 1788737463.9629266, 1788737464.6565115, 1788737465.3771613, 1788737466.1219707, 1788737466.8212068, 1788737467.3799272, 1788737467.9888515, 1788737468.6214347, 1788737469.2830977, 1788737469.956458, 1788737470.6704137, 1788737471.4012694, 1788737472.1577468, 1788737472.8654246, 1788737473.4197032, 1788737474.0265954, 1788737474.657599, 1788737475.3110852, 1788737475.989666, 1788737476.699265, 1788737477.4389637, 1788737478.1911182, 1788737478.9724472, 1788737479.6272454, 1788737480.1875954, 1788737480.8040545]","[1, 2, 5, 3, 2, 4, 1, 1, 1, 1, 2, 8, 2, 1, 3, 1, 4, 2, 5, 3, 4, 1, 3, 1, 7, 8, 2, 2, 1, 2, 3, 1, 3, 3, 4, 2, 3, 1, 4]"
User-071,0,trace_0673,1788737485.5424101,streaming,23858,315,315,0,372,179.52549004554749,251.29464507102966,0.2285641879792426,0.0,0,True,,1788737234.2476246,1788737413.7731147,1788737485.5422697,"[1788737413.7731147, 1788737414.3377488, 1788737414.9572036, 1788737415.6007774, 1788737416.2667522, 1788737416.9573355, 1788737417.6717935, 1788737418.4041219, 1788737418.9533446, 1788737419.5588145, 1788737420.1872537, 1788737420.8375552, 1788737421.5088222, 1788737422.203525, 1788737422.9246502, 1788737423.6721797, 1788737424.2246032, 1788737424.8206494, 1788737425.4467175, 1788737426.0944946, 1788737426.76543, 1788737427.458713, 1788737428.1780117, 1788737428.9241345, 1788737429.5571787, 1788737430.127706, 1788737430.742115, 1788737431.3834171, 1788737432.0451825, 1788737432.731518, 1788737433.444951, 1788737434.1788924, 1788737434.9443972, 1788737435.6570423, 1788737436.2179275, 1788737436.8273768, 1788737437.4583972, 1788737438.1141677, 1788737438.7915232, 1788737439.4946237, 1788737440.2264686, 1788737440.9792933, 1788737441.7610044, 1788737442.573936, 1788737443.4069178, 1788737444.2658205, 1788737445.0579028, 1788737445.603321, 1788737446.2075164, 1788737446.838234, 1788737447.4929829, 1788737448.172309, 1788737448.8728764, 1788737449.5978005, 1788737450.3386996, 1788737450.889209, 1788737451.4877553, 1788737452.11886, 1788737452.7708132, 1788737453.4440827, 1788737454.1451986, 1788737454.8645442, 1788737455.5056713, 1788737456.0720944, 1788737456.6837318, 1788737457.3212042, 1788737457.981153, 1788737458.6654432, 1788737459.3749256, 1788737460.1160219, 1788737460.8951967, 1788737461.4371943, 1788737462.0345652, 1788737462.6595335, 1788737463.2998679, 1788737463.9673443, 1788737464.6614764, 1788737465.3821545, 1788737466.126562, 1788737466.8297322, 1788737467.3851438, 1788737467.994448, 1788737468.6264238, 1788737469.2884994, 1788737469.961308, 1788737470.6759322, 1788737471.4064, 1788737472.163089, 1788737472.874394, 1788737473.4253228, 1788737474.0327132, 1788737474.6635914, 1788737475.3170784, 1788737475.995201, 1788737476.7053094, 1788737477.4453008, 1788737478.1965687, 1788737478.9774377, 1788737479.6330128, 1788737480.1936045, 1788737480.8101974, 1788737481.4446535, 1788737482.1046653, 1788737482.7905698, 1788737483.502659, 1788737484.236216, 1788737484.9871855, 1788737485.540924]","[1, 1, 5, 1, 3, 2, 4, 1, 4, 1, 1, 2, 1, 2, 6, 3, 2, 2, 2, 1, 2, 1, 2, 1, 2, 5, 4, 2, 1, 4, 2, 2, 2, 4, 3, 2, 1, 3, 2, 2, 1, 7, 3, 2, 3, 1, 9, 2, 2, 1, 5, 9, 1, 2, 1, 2, 1, 1, 1, 1, 9, 5, 1, 4, 3, 9, 4, 1, 2, 1, 1, 4, 1, 2, 1, 9, 1, 4, 3, 5, 9, 2, 2, 1, 1, 3, 1, 1, 9, 2, 2, 7, 1, 2, 3, 9, 2, 1, 3, 1, 1, 2, 4, 7, 7, 4, 9, 2]"
User-076,0,trace_0634,1788737486.7774835,streaming,18489,258,258,0,288,189.33570766448975,252.44009232521057,0.2455423527654507,0.0,0,True,,1788737234.337308,1788737423.6730156,1788737486.7774003,"[1788737423.6730156, 1788737424.225116, 1788737424.821179, 1788737425.447244, 1788737426.0950189, 1788737426.765935, 1788737427.459224, 1788737428.1785126, 1788737428.924626, 1788737429.557663, 1788737430.1282368, 1788737430.7426484, 1788737431.383932, 1788737432.0456944, 1788737432.7320445, 1788737433.445461, 1788737434.179389, 1788737434.9448857, 1788737435.6575992, 1788737436.2184718, 1788737436.8278935, 1788737437.4589, 1788737438.1146631, 1788737438.792028, 1788737439.4951537, 1788737440.226977, 1788737440.9798183, 1788737441.7615178, 1788737442.5744636, 1788737443.4074452, 1788737444.2663176, 1788737445.0584254, 1788737445.6038074, 1788737446.208009, 1788737446.8387241, 1788737447.4935184, 1788737448.1728592, 1788737448.8733816, 1788737449.5982978, 1788737450.339185, 1788737450.8897069, 1788737451.4882534, 1788737452.119356, 1788737452.771309, 1788737453.4445798, 1788737454.1458032, 1788737454.865072, 1788737455.506141, 1788737456.0725963, 1788737456.6842253, 1788737457.3217337, 1788737457.9816437, 1788737458.665928, 1788737459.375438, 1788737460.1165278, 1788737460.89571, 1788737461.4376915, 1788737462.0351086, 1788737462.6600583, 1788737463.3003705, 1788737463.967874, 1788737464.6619859, 1788737465.382692, 1788737466.127087, 1788737466.8304956, 1788737467.3856962, 1788737467.9949863, 1788737468.626951, 1788737469.2890208, 1788737469.9618232, 1788737470.6764884, 1788737471.4069273, 1788737472.1636062, 1788737472.8750014, 1788737473.4258244, 1788737474.0332375, 1788737474.664126, 1788737475.317624, 1788737475.9957192, 1788737476.7058585, 1788737477.445843, 1788737478.1970859, 1788737478.9779449, 1788737479.6335275, 1788737480.194108, 1788737480.8107016, 1788737481.4451528, 1788737482.1051915, 1788737482.7911248, 1788737483.5032055, 1788737484.2367375, 1788737484.9877386, 1788737485.5417116, 1788737486.1426404, 1788737486.776651]","[1, 2, 4, 2, 4, 1, 1, 3, 1, 1, 3, 2, 8, 1, 3, 2, 3, 1, 1, 1, 1, 2, 1, 3, 1, 2, 2, 4, 5, 5, 1, 2, 1, 3, 6, 7, 1, 5, 1, 1, 2, 1, 2, 5, 3, 1, 2, 4, 1, 1, 1, 1, 3, 7, 1, 3, 1, 2, 7, 1, 4, 1, 8, 3, 2, 7, 1, 8, 9, 5, 2, 1, 2, 1, 1, 1, 1, 8, 2, 1, 2, 1, 1, 4, 2, 3, 2, 1, 2, 3, 1, 8, 2, 9, 1]"
User-089,0,trace_0671,1788737495.3709686,streaming,18879,183,183,0,294,215.7688000202179,260.80570912361145,0.2474555445241404,0.0,0,True,,1788737234.565157,1788737450.333957,1788737495.370866,"[1788737450.333957, 1788737450.8841245, 1788737451.4826808, 1788737452.1138606, 1788737452.7657669, 1788737453.439044, 1788737454.1390803, 1788737454.8601055, 1788737455.5005217, 1788737456.0672042, 1788737456.6789024, 1788737457.3159, 1788737457.976395, 1788737458.660563, 1788737459.3696818, 1788737460.1109061, 1788737460.885866, 1788737461.4314616, 1788737462.028199, 1788737462.6531227, 1788737463.2945442, 1788737463.9620628, 1788737464.6558535, 1788737465.376486, 1788737466.1211376, 1788737466.820566, 1788737467.3790653, 1788737467.9881527, 1788737468.6205893, 1788737469.2824054, 1788737469.9557598, 1788737470.6697292, 1788737471.4004326, 1788737472.1571052, 1788737472.864797, 1788737473.4188561, 1788737474.0258837, 1788737474.6569488, 1788737475.3104115, 1788737475.9888165, 1788737476.698584, 1788737477.4382927, 1788737478.1904414, 1788737478.9715738, 1788737479.626559, 1788737480.1868534, 1788737480.8032737, 1788737481.4388943, 1788737482.098831, 1788737482.7845488, 1788737483.496626, 1788737484.2301042, 1788737484.9805572, 1788737485.5344794, 1788737486.1360056, 1788737486.770208, 1788737487.4180157, 1788737488.0890207, 1788737488.7862785, 1788737489.5097752, 1788737490.2646682, 1788737491.0459418, 1788737491.8483522, 1788737492.6777866, 1788737493.5306337, 1788737494.1961992, 1788737494.7460194, 1788737495.366975]","[1, 4, 2, 4, 3, 3, 1, 2, 1, 3, 2, 2, 1, 6, 2, 3, 2, 3, 6, 2, 4, 1, 2, 5, 1, 2, 4, 5, 2, 2, 4, 4, 2, 1, 1, 4, 3, 1, 2, 4, 1, 2, 1, 5, 4, 3, 2, 9, 2, 4, 1, 3, 4, 2, 2, 1, 2, 3, 1, 1, 3, 1, 1, 3, 5, 1, 3, 6]"
User-080,0,trace_0725,1788737496.6797426,streaming,19001,267,267,0,296,195.16843056678772,262.2955255508423,0.25235749994005474,0.0,0,True,,1788737234.3841145,1788737429.552545,1788737496.67964,"[1788737429.552545, 1788737430.122868, 1788737430.7373378, 1788737431.3787596, 1788737432.0403743, 1788737432.726659, 1788737433.439812, 1788737434.1746883, 1788737434.9397228, 1788737435.6503947, 1788737436.213055, 1788737436.823086, 1788737437.454113, 1788737438.109934, 1788737438.7872021, 1788737439.4902344, 1788737440.2217784, 1788737440.9751818, 1788737441.7577899, 1788737442.5701041, 1788737443.403727, 1788737444.2609086, 1788737445.053881, 1788737445.5996454, 1788737446.2038703, 1788737446.8344226, 1788737447.4889805, 1788737448.1684237, 1788737448.8683755, 1788737449.594042, 1788737450.33515, 1788737450.8853564, 1788737451.4839697, 1788737452.1151586, 1788737452.7670934, 1788737453.4402764, 1788737454.140529, 1788737454.8613288, 1788737455.5025995, 1788737456.0690558, 1788737456.6806614, 1788737457.3176537, 1788737457.978131, 1788737458.6623816, 1788737459.3715663, 1788737460.1127949, 1788737460.8909702, 1788737461.43348, 1788737462.0306795, 1788737462.6556683, 1788737463.296122, 1788737463.9636018, 1788737464.657193, 1788737465.3778355, 1788737466.1227067, 1788737466.8217676, 1788737467.380834, 1788737467.9895499, 1788737468.6221683, 1788737469.283779, 1788737469.9570355, 1788737470.6711292, 1788737471.4020307, 1788737472.1586397, 1788737472.8659863, 1788737473.4203794, 1788737474.02731, 1788737474.658525, 1788737475.3117645, 1788737475.9903827, 1788737476.6999555, 1788737477.4396422, 1788737478.1920373, 1788737478.9731507, 1788737479.6278188, 1788737480.1887007, 1788737480.805247, 1788737481.4404647, 1788737482.1003819, 1788737482.785886, 1788737483.497937, 1788737484.2316954, 1788737484.9818575, 1788737485.5361297, 1788737486.1373851, 1788737486.7718265, 1788737487.4193692, 1788737488.0905356, 1788737488.787857, 1788737489.511307, 1788737490.2660606, 1788737491.047365, 1788737491.8499393, 1788737492.6793547, 1788737493.5321383, 1788737494.197602, 1788737494.7473078, 1788737495.3686326, 1788737496.03423, 1788737496.6732125]","[1, 2, 4, 3, 2, 2, 1, 1, 3, 3, 5, 3, 2, 3, 2, 2, 1, 1, 1, 2, 4, 1, 1, 1, 2, 2, 3, 2, 1, 1, 1, 1, 5, 1, 4, 1, 4, 5, 2, 1, 3, 1, 3, 1, 5, 1, 6, 3, 2, 1, 3, 1, 9, 5, 9, 3, 2, 5, 6, 2, 2, 2, 1, 2, 1, 1, 2, 4, 1, 1, 2, 2, 9, 6, 1, 2, 1, 1, 1, 2, 3, 2, 7, 9, 6, 1, 2, 1, 5, 2, 1, 1, 3, 5, 1, 9, 2, 2, 1, 2]"
User-093,0,trace_0584,1788737504.8668165,streaming,19857,184,184,0,309,226.2347023487091,270.20673751831055,0.2402843451890789,0.0,0,True,,1788737234.6599646,1788737460.894667,1788737504.866702,"[1788737460.894667, 1788737461.4367003, 1788737462.0339742, 1788737462.6590261, 1788737463.2993083, 1788737463.9668312, 1788737464.6608827, 1788737465.3815553, 1788737466.1259933, 1788737466.8262653, 1788737467.3846297, 1788737467.9939318, 1788737468.6259267, 1788737469.287964, 1788737469.960811, 1788737470.6754231, 1788737471.4058518, 1788737472.1624744, 1788737472.870672, 1788737473.424822, 1788737474.0322094, 1788737474.6630712, 1788737475.3164606, 1788737475.9946823, 1788737476.7047381, 1788737477.4447854, 1788737478.1948965, 1788737478.9758477, 1788737479.6314418, 1788737480.191995, 1788737480.8086739, 1788737481.4430358, 1788737482.103057, 1788737482.7889383, 1788737483.501038, 1788737484.2344587, 1788737484.9856396, 1788737485.5392706, 1788737486.1406684, 1788737486.77501, 1788737487.4225152, 1788737488.093634, 1788737488.7911315, 1788737489.5144343, 1788737490.2693605, 1788737491.0511358, 1788737491.8531563, 1788737492.6828446, 1788737493.5354168, 1788737494.2016628, 1788737494.751071, 1788737495.3729997, 1788737496.0360346, 1788737496.6779554, 1788737497.3594213, 1788737498.075479, 1788737498.8190968, 1788737499.6006656, 1788737500.1493785, 1788737500.745774, 1788737501.377068, 1788737502.0188804, 1788737502.6913056, 1788737503.38528, 1788737504.1084344, 1788737504.864745]","[1, 1, 5, 1, 3, 2, 4, 1, 3, 3, 1, 2, 1, 3, 1, 1, 4, 6, 4, 2, 1, 1, 7, 2, 1, 2, 2, 2, 3, 2, 2, 3, 1, 1, 1, 2, 1, 2, 1, 3, 2, 2, 4, 8, 2, 7, 2, 3, 7, 4, 2, 1, 3, 3, 1, 1, 8, 5, 6, 1, 4, 4, 4, 3, 2, 6]"
User-095,0,trace_0386,1788737525.6258276,streaming,19606,268,268,0,306,232.11575198173523,290.91785764694214,0.22023260548766632,0.0,0,True,,1788737234.7078981,1788737466.8236501,1788737525.6257558,"[1788737466.8236501, 1788737467.3819344, 1788737467.991113, 1788737468.6232991, 1788737469.2852015, 1788737469.9580913, 1788737470.6722162, 1788737471.4031312, 1788737472.159799, 1788737472.8680775, 1788737473.4220834, 1788737474.0293, 1788737474.6603274, 1788737475.3133585, 1788737475.9920452, 1788737476.7015781, 1788737477.4412103, 1788737478.1938338, 1788737478.974821, 1788737479.6303902, 1788737480.19099, 1788737480.8074656, 1788737481.442005, 1788737482.1019626, 1788737482.7878838, 1788737483.4999664, 1788737484.2334032, 1788737484.9836986, 1788737485.5377314, 1788737486.139084, 1788737486.7734334, 1788737487.420939, 1788737488.092124, 1788737488.7895405, 1788737489.512888, 1788737490.2677462, 1788737491.049508, 1788737491.851585, 1788737492.6811814, 1788737493.533753, 1788737494.2001102, 1788737494.749472, 1788737495.371385, 1788737496.0352743, 1788737496.6763084, 1788737497.3577745, 1788737498.073893, 1788737498.8175309, 1788737499.599145, 1788737500.1478012, 1788737500.7442255, 1788737501.3754792, 1788737502.0173485, 1788737502.6896825, 1788737503.383437, 1788737504.1068687, 1788737504.8630936, 1788737505.623296, 1788737506.1744514, 1788737506.7748451, 1788737507.3981516, 1788737508.0469363, 1788737508.7181063, 1788737509.4181519, 1788737510.1411147, 1788737510.897363, 1788737511.6808474, 1788737512.485028, 1788737513.3133159, 1788737514.1688786, 1788737515.0436816, 1788737515.7370017, 1788737516.292471, 1788737516.907664, 1788737517.5447268, 1788737518.2053342, 1788737518.888316, 1788737519.6029947, 1788737520.3459358, 1788737521.0254905, 1788737521.58971, 1788737522.2045107, 1788737522.8392618, 1788737523.4986606, 1788737524.1780362, 1788737524.8863323, 1788737525.6216586]","[1, 1, 5, 2, 4, 2, 3, 1, 1, 3, 2, 8, 1, 3, 2, 3, 1, 1, 1, 2, 2, 1, 2, 1, 3, 3, 1, 4, 1, 1, 2, 1, 3, 8, 3, 3, 2, 2, 2, 4, 9, 3, 3, 2, 1, 2, 8, 5, 1, 2, 4, 2, 1, 4, 9, 2, 6, 1, 5, 1, 9, 3, 1, 9, 1, 3, 2, 5, 2, 9, 3, 2, 3, 4, 2, 1, 9, 3, 1, 4, 1, 7, 5, 1, 9, 1, 1]"
User-082,0,trace_0739,1788737538.5166159,streaming,21285,406,395,0,332,201.21192407608032,304.07559871673584,0.2610753163468414,0.0,0,True,,1788737234.4409199,1788737435.652844,1788737538.5165186,"[1788737435.652844, 1788737436.2155418, 1788737436.8252556, 1788737437.4564004, 1788737438.112046, 1788737438.789333, 1788737439.4924066, 1788737440.224228, 1788737440.9766977, 1788737441.759369, 1788737442.5722072, 1788737443.4053195, 1788737444.26253, 1788737445.0555367, 1788737446.2054331, 1788737446.8360362, 1788737448.1701033, 1788737449.5957515, 1788737450.3367567, 1788737450.8870697, 1788737451.4855766, 1788737452.116738, 1788737452.768668, 1788737453.4418645, 1788737454.1427972, 1788737454.8624208, 1788737455.5036838, 1788737456.0700672, 1788737456.6816773, 1788737457.3186827, 1788737457.9792027, 1788737458.6634083, 1788737459.3728018, 1788737460.113893, 1788737460.8921456, 1788737461.4345076, 1788737462.0318356, 1788737462.6569185, 1788737463.297202, 1788737463.9646678, 1788737464.6586542, 1788737465.3790224, 1788737466.123905, 1788737466.8241808, 1788737467.3824553, 1788737467.9917235, 1788737468.6238005, 1788737469.285748, 1788737469.9587185, 1788737470.672746, 1788737471.4036422, 1788737472.160318, 1788737472.8685887, 1788737473.4226, 1788737474.029917, 1788737474.6608555, 1788737475.3138793, 1788737475.9925628, 1788737476.70211, 1788737477.441712, 1788737478.194348, 1788737478.975332, 1788737479.630919, 1788737480.1914985, 1788737480.8081644, 1788737481.4425118, 1788737482.10247, 1788737482.7884254, 1788737483.500509, 1788737484.23392, 1788737484.9842196, 1788737485.5382316, 1788737486.1396058, 1788737486.7739518, 1788737487.4214392, 1788737488.0926313, 1788737488.790069, 1788737489.5133893, 1788737490.2682748, 1788737491.0500503, 1788737491.8520865, 1788737492.6818204, 1788737493.534292, 1788737494.2006314, 1788737494.7499883, 1788737495.3719158, 1788737496.035511, 1788737496.676843, 1788737497.3582911, 1788737498.0744197, 1788737498.8180563, 1788737499.5996363, 1788737500.1483028, 1788737500.744723, 1788737501.3759954, 1788737502.017836, 1788737502.690215, 1788737503.3842733, 1788737504.1073942, 1788737504.8636427, 1788737505.623797, 1788737506.1749895, 1788737506.775379, 1788737507.3987155, 1788737508.0474768, 1788737508.718597, 1788737509.4186857, 1788737510.1416132, 1788737510.8978748, 1788737511.6813507, 1788737512.4855618, 1788737513.3138573, 1788737514.1695044, 1788737515.04426, 1788737515.7374983, 1788737516.292987, 1788737516.9081893, 1788737517.5452368, 1788737518.8888807, 1788737520.3464458, 1788737521.0260186, 1788737522.2050593, 1788737523.4991877, 1788737524.1785908, 1788737524.8868573, 1788737525.6226501, 1788737526.2416012, 1788737526.8147986, 1788737527.4329348, 1788737528.0778358, 1788737528.752083, 1788737529.4342875, 1788737530.1485636, 1788737530.886209, 1788737531.5687199, 1788737532.1259093, 1788737532.7420764, 1788737533.3804882, 1788737534.044075, 1788737534.7234433, 1788737535.43112, 1788737536.1636777, 1788737536.9289832, 1788737537.7078059, 1788737538.5129886]","[1, 4, 2, 2, 1, 2, 2, 1, 2, 1, 2, 2, 1, 2, 1, 1, 1, 1, 1, 1, 3, 2, 1, 2, 1, 3, 1, 4, 2, 2, 1, 2, 1, 2, 1, 3, 1, 3, 2, 2, 5, 1, 1, 2, 1, 1, 3, 1, 4, 1, 6, 4, 3, 4, 3, 3, 1, 1, 9, 2, 2, 1, 2, 1, 1, 1, 6, 1, 3, 5, 5, 1, 1, 4, 2, 1, 3, 1, 7, 1, 1, 2, 3, 5, 1, 9, 5, 6, 9, 2, 2, 9, 3, 1, 2, 1, 2, 2, 3, 1, 1, 1, 2, 8, 2, 3, 9, 3, 1, 1, 1, 2, 3, 1, 2, 1, 1, 1, 1, 1, 1, 1, 1, 1, 1, 3, 3, 2, 4, 5, 2, 2, 1, 6, 3, 6, 8, 3, 9, 8, 7, 4, 8, 9, 8]"
User-100,0,trace_0600,1788737542.608218,streaming,19586,246,246,0,305,250.12282514572144,307.74583172798157,0.23519594523371481,0.0,0,True,,1788737234.8622937,1788737484.9851189,1788737542.6081254,"[1788737484.9851189, 1788737485.538763, 1788737486.1401348, 1788737486.774486, 1788737487.4219587, 1788737488.0931318, 1788737488.7905848, 1788737489.51389, 1788737490.2688215, 1788737491.0505855, 1788737491.852583, 1788737492.6823273, 1788737493.5348537, 1788737494.2011573, 1788737494.7505367, 1788737495.372492, 1788737496.0357633, 1788737496.6774194, 1788737497.3588798, 1788737498.0749831, 1788737498.8185596, 1788737499.6001735, 1788737500.1488256, 1788737500.7452192, 1788737501.3765092, 1788737502.0183206, 1788737502.6907408, 1788737503.3847792, 1788737504.1079192, 1788737504.8642154, 1788737505.6243072, 1788737506.1755533, 1788737506.7759264, 1788737507.399293, 1788737508.0480561, 1788737508.7191699, 1788737509.4194257, 1788737510.1421921, 1788737510.898366, 1788737511.6818976, 1788737512.4861186, 1788737513.3143826, 1788737514.1700299, 1788737515.0447679, 1788737515.7380004, 1788737516.293569, 1788737516.9087546, 1788737517.5457935, 1788737518.206319, 1788737518.8894467, 1788737519.6040165, 1788737520.3469515, 1788737521.0265255, 1788737521.5906389, 1788737522.2055697, 1788737522.8397222, 1788737523.4995759, 1788737524.1791787, 1788737524.8874345, 1788737525.6231942, 1788737526.242107, 1788737526.8153105, 1788737527.4335434, 1788737528.0784578, 1788737528.7525942, 1788737529.434819, 1788737530.14914, 1788737530.8870022, 1788737531.5692198, 1788737532.1265025, 1788737532.7424266, 1788737533.3810525, 1788737534.0447001, 1788737534.72404, 1788737535.431714, 1788737536.1641965, 1788737536.9295604, 1788737537.7083855, 1788737538.5138168, 1788737539.3506482, 1788737540.1672251, 1788737540.715283, 1788737541.3191066, 1788737541.950187, 1788737542.6046412]","[1, 2, 4, 1, 3, 2, 4, 1, 4, 1, 2, 1, 5, 1, 2, 2, 9, 1, 4, 2, 3, 3, 1, 1, 2, 1, 1, 1, 2, 1, 1, 3, 1, 9, 8, 2, 2, 2, 5, 5, 2, 2, 2, 1, 3, 1, 1, 3, 4, 1, 3, 2, 5, 6, 6, 2, 3, 1, 2, 1, 1, 3, 5, 4, 4, 3, 2, 1, 2, 2, 2, 2, 5, 2, 9, 9, 5, 4, 1, 6, 3, 1, 4, 6, 3]"
User-102,0,trace_0374,1788737549.4515188,streaming,28564,249,249,0,445,259.2643699645996,314.5162048339844,0.22278965673139017,0.0,0,True,,1788737234.9352224,1788737494.1995924,1788737549.4514272,"[1788737494.1995924, 1788737494.7489743, 1788737495.370216, 1788737496.035011, 1788737496.6755924, 1788737497.357279, 1788737498.073373, 1788737498.8170245, 1788737499.5986147, 1788737500.147303, 1788737500.7435737, 1788737501.374925, 1788737502.0168533, 1788737502.6891534, 1788737503.3828504, 1788737504.1062207, 1788737504.8625557, 1788737505.6227841, 1788737506.1739323, 1788737506.7743073, 1788737507.3976083, 1788737508.0463734, 1788737508.7175848, 1788737509.417594, 1788737510.140607, 1788737510.8968525, 1788737511.680337, 1788737512.484498, 1788737513.3127966, 1788737514.1683385, 1788737515.0431383, 1788737515.7364833, 1788737516.2919338, 1788737516.9071057, 1788737517.5442305, 1788737518.2048323, 1788737518.887785, 1788737519.6024373, 1788737520.3454258, 1788737521.024914, 1788737521.5891693, 1788737522.2039886, 1788737522.839015, 1788737523.4981492, 1788737524.177529, 1788737524.8858306, 1788737525.6211288, 1788737526.2402666, 1788737526.8136802, 1788737527.431901, 1788737528.0768144, 1788737528.750876, 1788737529.4331725, 1788737530.1474934, 1788737530.885174, 1788737531.5677013, 1788737532.1247497, 1788737532.741589, 1788737533.379296, 1788737534.0429707, 1788737534.7222893, 1788737535.429975, 1788737536.16257, 1788737536.9276927, 1788737537.7067633, 1788737538.5118463, 1788737539.3495414, 1788737540.1661854, 1788737540.7141373, 1788737541.3180513, 1788737541.9490697, 1788737542.6034849, 1788737543.2741623, 1788737543.9732938, 1788737544.697651, 1788737545.4659462, 1788737546.259094, 1788737546.9901547, 1788737547.5459588, 1788737548.155065, 1788737548.7873037, 1788737549.4471824]","[1, 2, 5, 3, 2, 1, 3, 1, 1, 1, 2, 7, 1, 3, 6, 3, 1, 5, 3, 1, 2, 2, 4, 8, 4, 3, 2, 4, 1, 2, 3, 3, 6, 6, 1, 1, 2, 2, 1, 9, 5, 2, 1, 1, 1, 1, 1, 6, 1, 4, 6, 2, 2, 6, 1, 4, 7, 3, 7, 2, 2, 2, 1, 2, 9, 2, 1, 8, 2, 9, 3, 3, 2, 1, 3, 1, 2, 9, 2, 1, 1, 2]"
User-088,0,trace_0074,1788737554.7628644,streaming,29853,445,445,0,466,210.53863644599915,320.24449467658997,0.24708526628511446,0.0,0,True,,1788737234.5182674,1788737445.0569038,1788737554.762762,"[1788737445.0569038, 1788737445.6022482, 1788737446.2064302, 1788737446.8370469, 1788737447.4919188, 1788737448.1712582, 1788737448.8718338, 1788737449.5967493, 1788737450.3377178, 1788737450.8881133, 1788737451.4866428, 1788737452.1177635, 1788737452.769712, 1788737453.4428833, 1788737454.1439943, 1788737454.863479, 1788737455.504661, 1788737456.071017, 1788737456.6826673, 1788737457.319726, 1788737457.980099, 1788737458.6643927, 1788737459.37384, 1788737460.114946, 1788737460.8932269, 1788737461.4355674, 1788737462.0329006, 1788737462.6579912, 1788737463.2982638, 1788737463.9657238, 1788737464.6598144, 1788737465.3800848, 1788737466.124987, 1788737466.8252265, 1788737467.383553, 1788737467.9928036, 1788737468.6248288, 1788737469.2868233, 1788737469.959802, 1788737470.674222, 1788737471.404719, 1788737472.1613963, 1788737472.869616, 1788737473.423674, 1788737474.0310645, 1788737474.6619706, 1788737475.3150241, 1788737475.993669, 1788737476.7032297, 1788737477.4434743, 1788737478.1954978, 1788737478.9764216, 1788737479.6319623, 1788737480.192501, 1788737480.8091857, 1788737481.4435508, 1788737482.1035666, 1788737482.7894619, 1788737483.5015569, 1788737484.2350924, 1788737484.9861453, 1788737485.5398057, 1788737486.141539, 1788737486.7755885, 1788737487.4230342, 1788737488.0942025, 1788737488.7917116, 1788737489.5192304, 1788737490.2699254, 1788737491.0516903, 1788737491.8536515, 1788737492.6834102, 1788737493.5359206, 1788737494.2021785, 1788737494.7515683, 1788737495.373491, 1788737496.0362709, 1788737496.6784785, 1788737497.3599558, 1788737498.0759625, 1788737498.8196273, 1788737499.6011682, 1788737500.1499164, 1788737500.7462711, 1788737501.3775895, 1788737502.0193906, 1788737502.6918666, 1788737503.3857977, 1788737504.1089578, 1788737504.865561, 1788737505.624792, 1788737506.176071, 1788737506.776449, 1788737507.3998897, 1788737508.0485857, 1788737508.7196658, 1788737509.419925, 1788737510.1426964, 1788737510.8988976, 1788737511.6824253, 1788737512.486618, 1788737513.314904, 1788737514.1705613, 1788737515.0452595, 1788737515.7393742, 1788737516.2945726, 1788737516.9097497, 1788737517.5468302, 1788737518.2073433, 1788737518.8904405, 1788737519.6050384, 1788737520.3480208, 1788737521.0276098, 1788737521.591839, 1788737522.2067053, 1788737522.8402221, 1788737523.5003548, 1788737524.1801908, 1788737524.888477, 1788737525.6241953, 1788737526.2430987, 1788737526.8163407, 1788737527.434615, 1788737528.079539, 1788737528.7536523, 1788737529.4358764, 1788737530.1501863, 1788737530.8880417, 1788737531.5702357, 1788737532.127543, 1788737532.742952, 1788737533.3820589, 1788737534.045856, 1788737534.7250843, 1788737535.432837, 1788737536.1653278, 1788737536.9305985, 1788737537.7094057, 1788737538.5148675, 1788737539.3517427, 1788737540.1682484, 1788737540.7162898, 1788737541.3201227, 1788737541.9512534, 1788737542.6059864, 1788737543.2759476, 1788737543.974933, 1788737544.7021542, 1788737545.467576, 1788737546.2607331, 1788737546.9916952, 1788737547.5476093, 1788737548.1567442, 1788737548.7889223, 1788737549.4490545, 1788737550.121619, 1788737550.8304567, 1788737551.5566568, 1788737552.3094225, 1788737552.9117079, 1788737553.4841797, 1788737554.1070023, 1788737554.759745]","[1, 2, 4, 2, 4, 1, 5, 1, 3, 2, 8, 1, 2, 1, 2, 2, 4, 4, 2, 1, 2, 1, 7, 1, 1, 6, 2, 1, 1, 2, 4, 4, 1, 1, 1, 5, 3, 1, 1, 2, 2, 4, 7, 1, 2, 1, 1, 1, 2, 1, 1, 1, 1, 6, 1, 1, 3, 2, 2, 8, 1, 2, 4, 1, 2, 1, 2, 3, 3, 2, 1, 1, 9, 1, 1, 2, 4, 9, 3, 1, 2, 1, 1, 1, 1, 1, 7, 1, 2, 9, 1, 3, 2, 4, 9, 2, 3, 1, 3, 2, 1, 1, 9, 1, 8, 2, 4, 1, 9, 5, 1, 1, 1, 1, 1, 1, 6, 1, 1, 9, 1, 1, 1, 3, 3, 9, 3, 2, 1, 3, 3, 1, 1, 6, 1, 1, 8, 6, 5, 9, 3, 2, 1, 2, 1, 1, 1, 1, 6, 4, 7, 1, 1, 3, 1, 3, 4, 2, 2, 2, 6, 1, 2]"
User-099,0,trace_0515,1788737562.535222,streaming,22136,310,310,0,345,244.81611251831055,327.7213728427887,0.2683018133478257,0.0,0,True,,1788737234.8137631,1788737479.6298757,1788737562.535136,"[1788737479.6298757, 1788737480.1904116, 1788737480.8069327, 1788737481.4414997, 1788737482.101452, 1788737482.7873054, 1788737483.4993844, 1788737484.2328832, 1788737484.98316, 1788737485.5372071, 1788737486.1385336, 1788737486.7729104, 1788737487.4204104, 1788737488.0915809, 1788737488.7890074, 1788737489.5123544, 1788737490.2672179, 1788737491.0489006, 1788737491.8510666, 1788737492.6806464, 1788737493.5332167, 1788737494.1987212, 1788737494.7484672, 1788737495.3697057, 1788737496.034763, 1788737496.6750593, 1788737497.3567638, 1788737498.0728543, 1788737498.8164885, 1788737499.5972426, 1788737500.1461987, 1788737500.7424583, 1788737501.3738618, 1788737502.0158222, 1788737502.6880982, 1788737503.3817747, 1788737504.105189, 1788737504.8614821, 1788737505.6209142, 1788737506.1722977, 1788737506.7725534, 1788737507.3958905, 1788737508.0448124, 1788737508.7160542, 1788737509.416078, 1788737510.1390498, 1788737510.895271, 1788737511.678773, 1788737512.4829516, 1788737513.311051, 1788737514.1666596, 1788737515.0412235, 1788737515.734858, 1788737516.290215, 1788737516.9055412, 1788737517.5426137, 1788737518.203301, 1788737518.886153, 1788737519.6008637, 1788737520.3438146, 1788737521.0231688, 1788737521.5874968, 1788737522.2023733, 1788737522.8382614, 1788737523.496498, 1788737524.175924, 1788737524.884199, 1788737525.6195538, 1788737526.238675, 1788737526.8119316, 1788737527.4302921, 1788737528.0752401, 1788737528.7460952, 1788737529.4315164, 1788737530.1458316, 1788737530.8835747, 1788737531.5661638, 1788737532.1231894, 1788737532.7408078, 1788737533.3776665, 1788737534.0410557, 1788737534.720646, 1788737535.4284358, 1788737536.1610293, 1788737536.9260716, 1788737537.705187, 1788737538.5102193, 1788737539.3479857, 1788737540.1646762, 1788737540.7105174, 1788737541.3164296, 1788737541.947495, 1788737542.6018293, 1788737543.2725863, 1788737543.9717495, 1788737544.695868, 1788737545.4643881, 1788737546.257449, 1788737546.9877768, 1788737547.5439203, 1788737548.1528687, 1788737548.7851396, 1788737549.4449308, 1788737550.118353, 1788737550.827282, 1788737551.5536041, 1788737552.3061922, 1788737552.9087434, 1788737553.481056, 1788737554.100724, 1788737554.7564642, 1788737555.4358077, 1788737556.1298318, 1788737556.8465183, 1788737557.5925896, 1788737558.3581076, 1788737559.1529055, 1788737559.9641907, 1788737560.806094, 1788737561.6715117, 1788737562.528875]","[1, 7, 2, 2, 2, 1, 1, 1, 3, 7, 1, 3, 3, 4, 2, 2, 1, 1, 1, 1, 3, 1, 1, 1, 2, 1, 1, 3, 2, 2, 3, 5, 2, 6, 4, 1, 1, 3, 1, 5, 2, 3, 1, 4, 2, 3, 7, 2, 1, 5, 4, 2, 6, 2, 1, 3, 1, 2, 5, 5, 1, 1, 2, 1, 3, 3, 8, 3, 1, 3, 2, 1, 3, 2, 2, 1, 2, 2, 1, 2, 2, 4, 1, 1, 2, 1, 3, 2, 5, 3, 1, 7, 5, 3, 1, 2, 2, 1, 5, 2, 3, 2, 7, 3, 1, 6, 2, 2, 4, 4, 2, 2, 4, 1, 3, 1, 1, 2, 1, 2, 5]"
User-016,0,trace_0704,1788737563.6835327,streaming,22705,1173,1170,0,354,80.63307785987854,330.45547103881836,0.2137060677321983,0.0,0,True,,1788737233.2279787,1788737313.8610566,1788737563.6834497,"[1788737313.8610566, 1788737314.4092135, 1788737315.0110555, 1788737315.6735966, 1788737316.326818, 1788737317.0026724, 1788737317.7081509, 1788737318.4343793, 1788737319.1873527, 1788737319.733581, 1788737320.3304021, 1788737320.9535143, 1788737321.610316, 1788737322.2795017, 1788737322.9835558, 1788737323.7084396, 1788737324.2975402, 1788737324.871872, 1788737325.4903977, 1788737326.134397, 1788737326.8000283, 1788737327.5045848, 1788737328.2221348, 1788737328.9779553, 1788737329.7487438, 1788737330.3502576, 1788737330.9277983, 1788737331.5491495, 1788737332.1938477, 1788737332.866129, 1788737333.5673668, 1788737334.3098245, 1788737335.0603867, 1788737335.671, 1788737336.2398233, 1788737336.8581917, 1788737337.5015633, 1788737338.1715837, 1788737338.8589091, 1788737339.5857017, 1788737340.3430338, 1788737340.8980875, 1788737341.4979985, 1788737342.1268585, 1788737342.7754686, 1788737343.4476464, 1788737344.1479657, 1788737344.8758943, 1788737345.644229, 1788737346.2776992, 1788737346.8404684, 1788737347.4570901, 1788737348.0991068, 1788737348.764837, 1788737349.460337, 1788737350.1794667, 1788737350.925673, 1788737351.5518832, 1788737352.1160278, 1788737352.730687, 1788737353.3714375, 1788737354.033375, 1788737354.7198324, 1788737355.4346302, 1788737356.1783903, 1788737356.959204, 1788737357.7592225, 1788737358.5371282, 1788737359.082392, 1788737359.6830933, 1788737360.310545, 1788737360.960121, 1788737361.6337314, 1788737362.3367743, 1788737363.063787, 1788737363.8192263, 1788737364.6034548, 1788737365.4114945, 1788737366.2432208, 1788737367.0980248, 1788737367.9060688, 1788737368.457219, 1788737369.0639665, 1788737369.6908238, 1788737370.3442, 1788737371.0158975, 1788737371.7183642, 1788737372.4457726, 1788737373.0819404, 1788737373.6450331, 1788737374.2658744, 1788737374.912383, 1788737375.5765295, 1788737376.2597604, 1788737376.9702024, 1788737377.7019875, 1788737378.3398328, 1788737378.9024186, 1788737379.5170155, 1788737380.1550138, 1788737380.8149593, 1788737381.4952385, 1788737382.204313, 1788737382.9383724, 1788737383.5574186, 1788737384.1318774, 1788737384.750205, 1788737385.396119, 1788737386.051872, 1788737386.7363327, 1788737387.4475374, 1788737388.1884432, 1788737388.9174135, 1788737389.4641187, 1788737390.0705593, 1788737390.6989622, 1788737391.3481333, 1788737392.0200748, 1788737392.722757, 1788737393.4484015, 1788737394.1974065, 1788737394.9748614, 1788737395.624962, 1788737396.1916096, 1788737396.8056035, 1788737397.4483511, 1788737398.1103623, 1788737398.8011897, 1788737399.513383, 1788737400.2096112, 1788737400.7521532, 1788737401.3614397, 1788737401.9936075, 1788737402.6569269, 1788737403.3380303, 1788737404.0394745, 1788737404.7726157, 1788737405.5257223, 1788737406.274635, 1788737406.8263507, 1788737407.4241729, 1788737408.0513327, 1788737408.7101264, 1788737409.3877673, 1788737410.0918548, 1788737410.816388, 1788737411.594812, 1788737412.3488455, 1788737413.1512747, 1788737413.768217, 1788737414.332774, 1788737414.9521189, 1788737415.595996, 1788737416.2615478, 1788737416.9525015, 1788737417.6670647, 1788737418.3994782, 1788737418.948549, 1788737419.5540092, 1788737420.1825294, 1788737420.8328016, 1788737421.504375, 1788737422.1986063, 1788737422.9199586, 1788737423.6646593, 1788737424.2194276, 1788737424.8163664, 1788737425.4424548, 1788737426.0901666, 1788737426.7609596, 1788737427.454058, 1788737428.1737545, 1788737428.9200191, 1788737429.5530605, 1788737430.1234217, 1788737430.7378688, 1788737431.3792963, 1788737432.0409236, 1788737432.7272234, 1788737433.4403348, 1788737434.1752632, 1788737434.940289, 1788737435.6509745, 1788737436.2137294, 1788737436.8236485, 1788737437.4546573, 1788737438.1104782, 1788737438.7877421, 1788737439.4907887, 1788737440.2223084, 1788737440.9756947, 1788737441.7583067, 1788737442.5708618, 1788737443.4042985, 1788737444.2614462, 1788737445.054398, 1788737445.600322, 1788737446.2044034, 1788737446.8349895, 1788737447.4896758, 1788737448.168992, 1788737448.868899, 1788737449.5946686, 1788737450.3357525, 1788737450.8860104, 1788737451.484546, 1788737452.1156843, 1788737452.76764, 1788737453.4407942, 1788737454.14127, 1788737454.8619087, 1788737455.5031464, 1788737456.0695508, 1788737456.6811733, 1788737457.318155, 1788737457.978652, 1788737458.6629124, 1788737459.3722668, 1788737460.1133206, 1788737460.891607, 1788737461.4340024, 1788737462.0312939, 1788737462.656208, 1788737463.2966805, 1788737463.9641345, 1788737464.6580741, 1788737465.3784285, 1788737466.1233647, 1788737466.8226604, 1788737467.3813875, 1788737467.990267, 1788737468.6227672, 1788737469.2845995, 1788737469.9575605, 1788737470.6716754, 1788737471.4025784, 1788737472.1592424, 1788737472.866646, 1788737473.420915, 1788737474.0278585, 1788737474.6592164, 1788737475.3122997, 1788737475.990952, 1788737476.7005033, 1788737477.4401686, 1788737478.1927333, 1788737478.9737182, 1788737479.6284716, 1788737480.1893284, 1788737480.805827, 1788737481.4409924, 1788737482.1009314, 1788737482.7864423, 1788737483.498498, 1788737484.2323325, 1788737484.9825974, 1788737485.5366802, 1788737486.13797, 1788737486.7723668, 1788737487.4198904, 1788737488.0910761, 1788737488.7884548, 1788737489.5118337, 1788737490.2666063, 1788737491.0479262, 1788737491.8504887, 1788737492.680131, 1788737493.532675, 1788737494.1981847, 1788737494.7479599, 1788737495.3691645, 1788737496.0344822, 1788737496.6742656, 1788737497.3561585, 1788737498.0722127, 1788737498.8158367, 1788737499.5965652, 1788737500.1455517, 1788737500.7418408, 1788737502.0152068, 1788737502.6874776, 1788737504.104632, 1788737504.8608642, 1788737505.6202679, 1788737506.1716251, 1788737506.7719736, 1788737507.3953154, 1788737508.044179, 1788737508.7154222, 1788737509.415454, 1788737510.138393, 1788737510.8946912, 1788737511.678126, 1788737512.4822838, 1788737513.3103802, 1788737514.1661077, 1788737515.0405664, 1788737515.7341065, 1788737516.2895648, 1788737516.9049108, 1788737517.5419729, 1788737518.2026365, 1788737518.8855076, 1788737519.6002848, 1788737520.34311, 1788737521.0224936, 1788737521.5862978, 1788737522.201658, 1788737522.8379724, 1788737523.495952, 1788737524.17527, 1788737524.8835309, 1788737525.6188967, 1788737526.238021, 1788737526.811233, 1788737527.4296231, 1788737528.0745442, 1788737528.745455, 1788737529.4309516, 1788737530.1451511, 1788737530.8829267, 1788737531.5656607, 1788737532.12261, 1788737532.7404854, 1788737533.3770742, 1788737534.0405328, 1788737534.720111, 1788737535.4278615, 1788737536.1604917, 1788737536.9255292, 1788737537.7045205, 1788737538.5096312, 1788737539.3474205, 1788737540.1641152, 1788737540.7098246, 1788737541.3159142, 1788737541.946908, 1788737542.6012821, 1788737543.2720494, 1788737543.9712076, 1788737544.6951623, 1788737545.4638164, 1788737546.2568886, 1788737546.9872181, 1788737547.5432208, 1788737548.1523163, 1788737548.7846065, 1788737549.4443438, 1788737550.1178374, 1788737550.826697, 1788737551.5530539, 1788737552.3056352, 1788737552.908233, 1788737553.4805264, 1788737554.1001692, 1788737554.7559264, 1788737555.4352493, 1788737556.1292906, 1788737556.8459637, 1788737557.5920377, 1788737558.35751, 1788737559.1523263, 1788737559.9636588, 1788737560.8055656, 1788737561.6709564, 1788737562.528344, 1788737563.0702665, 1788737563.6772726]","[1, 1, 5, 2, 4, 2, 3, 2, 3, 2, 8, 1, 3, 4, 1, 1, 2, 1, 1, 6, 3, 2, 3, 1, 1, 1, 1, 2, 1, 2, 1, 2, 7, 1, 1, 1, 1, 4, 3, 2, 2, 3, 2, 2, 3, 1, 1, 3, 3, 1, 3, 2, 3, 1, 5, 2, 3, 1, 2, 1, 1, 3, 2, 3, 4, 2, 3, 5, 2, 2, 1, 9, 2, 9, 6, 3, 2, 4, 2, 4, 3, 9, 1, 1, 1, 2, 1, 3, 2, 3, 1, 9, 1, 1, 2, 1, 6, 9, 9, 7, 5, 1, 4, 2, 2, 3, 3, 1, 3, 2, 9, 5, 1, 1, 1, 1, 1, 2, 1, 9, 5, 2, 1, 2, 1, 9, 2, 9, 3, 1, 2, 5, 3, 1, 5, 4, 1, 9, 2, 1, 1, 1, 2, 1, 1, 1, 1, 9, 7, 2, 3, 9, 1, 9, 5, 5, 3, 5, 3, 8, 9, 7, 1, 3, 1, 1, 1, 9, 1, 4, 2, 3, 3, 2, 4, 5, 2, 9, 5, 2, 1, 5, 3, 5, 2, 9, 1, 2, 1, 4, 2, 1, 1, 4, 9, 4, 1, 1, 2, 8, 1, 3, 3, 4, 4, 3, 3, 1, 1, 3, 1, 8, 4, 3, 4, 4, 1, 2, 7, 4, 2, 2, 1, 2, 5, 2, 3, 2, 2, 4, 2, 2, 6, 4, 3, 1, 2, 2, 2, 9, 3, 2, 5, 3, 1, 3, 8, 3, 1, 2, 1, 2, 3, 2, 1, 1, 4, 6, 3, 1, 1, 2, 3, 5, 3, 3, 1, 4, 1, 1, 5, 3, 1, 1, 1, 2, 3, 3, 1, 1, 1, 1, 1, 2, 2, 2, 2, 3, 4, 2, 1, 1, 2, 1, 8, 2, 3, 2, 4, 2, 2, 1, 2, 3, 1, 6, 2, 2, 2, 1, 2, 2, 3, 1, 5, 6, 3, 1, 2, 9, 2, 1, 3, 3, 5, 2, 2, 7, 4, 3, 3, 9, 6, 8, 8, 2, 7, 2, 1, 2, 1, 9, 2, 9, 5, 2, 6, 9, 1, 9, 5, 6, 2, 4, 9, 5, 2, 2, 4, 9, 9, 9, 1, 3, 8, 3, 4, 8]"
User-096,0,trace_0658,1788737564.9616594,streaming,20676,382,382,0,322,238.1080687046051,330.2020580768585,0.24171650753872287,0.0,0,True,,1788737234.759494,1788737472.8675628,1788737564.9615521,"[1788737472.8675628, 1788737473.4215734, 1788737474.0284405, 1788737474.6597903, 1788737475.3128364, 1788737475.9915228, 1788737476.701047, 1788737477.440684, 1788737478.1933036, 1788737478.9742656, 1788737479.6290004, 1788737480.1898775, 1788737480.8063629, 1788737481.4397588, 1788737482.0996885, 1788737482.7852168, 1788737483.4972737, 1788737484.230773, 1788737484.981275, 1788737485.5353634, 1788737486.1367059, 1788737486.7710757, 1788737487.4186754, 1788737488.08985, 1788737488.7869508, 1788737489.510586, 1788737490.2653453, 1788737491.0465968, 1788737491.849179, 1788737492.6786163, 1788737493.5314643, 1788737494.196913, 1788737494.7466605, 1788737495.368079, 1788737496.0338135, 1788737496.6723764, 1788737497.3555326, 1788737498.0716114, 1788737498.8152323, 1788737499.5958889, 1788737500.144941, 1788737500.74123, 1788737501.3726876, 1788737502.0145729, 1788737502.6867995, 1788737503.380399, 1788737504.1038072, 1788737504.8602047, 1788737505.6195934, 1788737506.1708503, 1788737506.7711706, 1788737507.394399, 1788737508.0435371, 1788737508.7148159, 1788737509.4148207, 1788737510.1378052, 1788737510.8940678, 1788737511.6774874, 1788737512.4816437, 1788737513.309535, 1788737514.1653466, 1788737515.0399587, 1788737515.7333808, 1788737516.2889504, 1788737516.9042928, 1788737517.5413437, 1788737518.2020235, 1788737518.8848746, 1788737519.5995297, 1788737520.342203, 1788737521.0216236, 1788737521.5855727, 1788737522.2008197, 1788737522.8376203, 1788737523.4951956, 1788737524.1745923, 1788737524.882902, 1788737525.6182418, 1788737526.2373655, 1788737526.8105795, 1788737527.4290075, 1788737528.073929, 1788737528.7448242, 1788737529.4301975, 1788737530.1445246, 1788737530.882256, 1788737531.5649915, 1788737532.1219654, 1788737532.7401445, 1788737533.376366, 1788737534.0396328, 1788737534.7194667, 1788737535.4271843, 1788737536.1598244, 1788737536.9248025, 1788737537.7039547, 1788737538.5089934, 1788737539.3467705, 1788737540.1634107, 1788737540.7090511, 1788737541.3153691, 1788737541.9462485, 1788737542.6006453, 1788737543.2713616, 1788737543.9705367, 1788737544.694519, 1788737545.4631767, 1788737546.2562573, 1788737546.9865258, 1788737547.5425735, 1788737548.15162, 1788737548.7839468, 1788737549.4437053, 1788737550.1172063, 1788737550.8260112, 1788737551.5524836, 1788737552.3049884, 1788737552.907543, 1788737553.4799032, 1788737554.099533, 1788737554.7553313, 1788737555.4345868, 1788737556.1286454, 1788737556.8451815, 1788737557.5913985, 1788737558.3568804, 1788737559.1517766, 1788737559.9630437, 1788737560.8049543, 1788737561.6703732, 1788737562.527665, 1788737563.0694463, 1788737563.6765888, 1788737564.301116, 1788737564.9554062]","[1, 1, 1, 4, 1, 3, 2, 4, 1, 3, 3, 2, 3, 2, 1, 2, 1, 2, 4, 9, 1, 5, 2, 1, 1, 1, 3, 2, 8, 2, 1, 3, 2, 1, 1, 3, 2, 4, 1, 2, 1, 1, 1, 3, 4, 4, 5, 4, 1, 1, 2, 5, 5, 1, 1, 1, 2, 4, 4, 9, 1, 1, 1, 4, 3, 4, 3, 1, 1, 5, 3, 2, 3, 5, 2, 8, 2, 2, 3, 1, 1, 1, 4, 4, 2, 1, 2, 1, 1, 4, 4, 1, 9, 1, 9, 5, 2, 1, 6, 2, 2, 2, 3, 9, 2, 1, 1, 2, 1, 3, 2, 2, 1, 1, 9, 3, 3, 3, 1, 1, 9, 2, 9, 5, 2, 2, 2, 2, 1, 5, 4, 3, 9, 3, 1]"
User-040,0,trace_0278,1788737571.6625526,streaming,19520,1035,1032,0,304,112.69135355949402,338.0704002380371,0.21860237311206895,0.0,0,True,,1788737233.5920494,1788737346.283403,1788737571.6624496,"[1788737346.283403, 1788737346.843402, 1788737347.4597888, 1788737348.1017752, 1788737348.7680645, 1788737349.4631686, 1788737350.1820695, 1788737350.9282606, 1788737351.5553207, 1788737352.1194746, 1788737352.73754, 1788737353.3745577, 1788737354.0364938, 1788737354.7229884, 1788737355.4377608, 1788737356.1815593, 1788737356.9624002, 1788737357.7624993, 1788737358.5410347, 1788737359.0862246, 1788737359.6867945, 1788737360.3177671, 1788737360.9638498, 1788737361.637462, 1788737362.3407068, 1788737363.06742, 1788737363.8230224, 1788737364.607155, 1788737365.4155502, 1788737366.2468655, 1788737367.1016672, 1788737367.9104407, 1788737368.4615912, 1788737369.0681984, 1788737369.6950073, 1788737370.3482852, 1788737371.0234647, 1788737371.7226553, 1788737372.450035, 1788737373.086053, 1788737373.649261, 1788737374.2700956, 1788737374.9165335, 1788737375.580726, 1788737376.2639265, 1788737376.9746535, 1788737377.7061114, 1788737378.3446162, 1788737378.9072258, 1788737379.5217283, 1788737380.1597552, 1788737380.825516, 1788737381.500062, 1788737382.208918, 1788737382.9430676, 1788737383.5618258, 1788737384.136532, 1788737384.754898, 1788737385.4011838, 1788737386.0566087, 1788737386.741518, 1788737387.4523141, 1788737388.1941679, 1788737388.9225075, 1788737389.4690506, 1788737390.0753984, 1788737390.706142, 1788737391.3524792, 1788737392.0240853, 1788737392.7271519, 1788737393.4536014, 1788737394.2018352, 1788737394.979474, 1788737395.6302137, 1788737396.1968913, 1788737396.810594, 1788737397.4534795, 1788737398.115318, 1788737398.806428, 1788737399.5183573, 1788737400.214392, 1788737400.7571118, 1788737401.36623, 1788737401.998468, 1788737402.661736, 1788737403.3433318, 1788737404.04376, 1788737404.7774553, 1788737405.5295973, 1788737406.2782495, 1788737406.8300776, 1788737407.4278145, 1788737408.0550458, 1788737408.7138064, 1788737409.3914528, 1788737410.0955217, 1788737410.8200622, 1788737411.5965734, 1788737412.352626, 1788737413.1552372, 1788737413.7717798, 1788737414.336661, 1788737414.956126, 1788737415.599741, 1788737416.2656758, 1788737416.9561872, 1788737417.6707747, 1788737418.4031377, 1788737418.9523408, 1788737419.5577872, 1788737420.186233, 1788737420.8365571, 1788737421.5080688, 1788737422.2024543, 1788737422.9236033, 1788737423.6711762, 1788737424.2235682, 1788737424.8195765, 1788737425.4456851, 1788737426.0934699, 1788737426.764216, 1788737427.4576461, 1788737428.1769814, 1788737428.9231331, 1788737429.5561507, 1788737430.1266327, 1788737430.7411067, 1788737431.382381, 1788737432.0441558, 1788737432.7304943, 1788737433.4439135, 1788737434.1778345, 1788737434.9433968, 1788737435.6538527, 1788737436.2168357, 1788737436.8263826, 1788737437.4575045, 1788737438.1131096, 1788737438.7904694, 1788737439.4936864, 1788737440.2254183, 1788737440.977864, 1788737441.7604854, 1788737442.5733902, 1788737443.4063458, 1788737444.26524, 1788737445.0573964, 1788737445.6028187, 1788737446.207008, 1788737446.8377273, 1788737447.492452, 1788737448.1717725, 1788737448.8723576, 1788737449.5972514, 1788737450.3382046, 1788737450.8886864, 1788737451.4871826, 1788737452.1183252, 1788737452.770279, 1788737453.443389, 1788737454.1445735, 1788737454.8639865, 1788737455.5051622, 1788737456.071587, 1788737456.6832285, 1788737457.3202856, 1788737457.9806633, 1788737458.6649427, 1788737459.3743715, 1788737460.1155093, 1788737460.8937445, 1788737461.4361858, 1788737462.0334158, 1788737462.6584897, 1788737463.2987788, 1788737463.966308, 1788737464.6603503, 1788737465.380935, 1788737466.1254864, 1788737466.825732, 1788737467.3840907, 1788737467.9933379, 1788737468.6253562, 1788737469.2873511, 1788737469.960306, 1788737470.6748686, 1788737471.4052465, 1788737472.1619403, 1788737472.8701694, 1788737473.4242601, 1788737474.0316715, 1788737474.6625435, 1788737475.3155513, 1788737475.9941838, 1788737476.7038329, 1788737477.4442348, 1788737478.1960213, 1788737478.9769208, 1788737479.632472, 1788737480.193019, 1788737480.8096821, 1788737481.4440863, 1788737482.1041367, 1788737482.7900503, 1788737483.5021405, 1788737484.2356405, 1788737484.9866526, 1788737485.5403128, 1788737486.142119, 1788737486.776087, 1788737487.4235282, 1788737488.0947156, 1788737489.519858, 1788737490.2704518, 1788737491.8541477, 1788737492.6839302, 1788737493.536362, 1788737494.2026834, 1788737494.7520678, 1788737495.3739955, 1788737496.036536, 1788737496.6790557, 1788737497.3604841, 1788737498.076454, 1788737498.820135, 1788737499.601662, 1788737500.150421, 1788737500.7467847, 1788737501.3780901, 1788737502.0198808, 1788737502.6924412, 1788737503.3863018, 1788737504.1094663, 1788737504.8660994, 1788737505.625283, 1788737506.1765773, 1788737506.7769766, 1788737507.4004388, 1788737508.0491254, 1788737508.720167, 1788737509.4204354, 1788737510.1432097, 1788737510.8994246, 1788737511.6829417, 1788737512.4873023, 1788737513.3154433, 1788737514.1711564, 1788737515.0457702, 1788737515.7399092, 1788737516.295087, 1788737516.9102848, 1788737517.5473552, 1788737518.2078874, 1788737518.8909981, 1788737519.6055527, 1788737520.3485298, 1788737521.0281112, 1788737521.592359, 1788737522.20722, 1788737522.8404746, 1788737523.500789, 1788737524.1807017, 1788737524.8889832, 1788737525.6247418, 1788737526.2436028, 1788737526.8168445, 1788737527.4351175, 1788737528.0800483, 1788737528.7541873, 1788737529.436437, 1788737530.150704, 1788737530.8885512, 1788737531.5707633, 1788737532.1280591, 1788737532.7431953, 1788737533.3825634, 1788737534.0463638, 1788737534.725679, 1788737535.4333713, 1788737536.1658704, 1788737536.9311442, 1788737537.709812, 1788737538.5153992, 1788737539.3522925, 1788737540.1687574, 1788737540.716796, 1788737541.3206086, 1788737541.9517627, 1788737542.6064944, 1788737543.2764502, 1788737543.9754355, 1788737544.702699, 1788737545.4681127, 1788737546.2612867, 1788737546.9922106, 1788737547.5480127, 1788737548.1572843, 1788737548.7894368, 1788737549.44956, 1788737550.1221461, 1788737550.8310053, 1788737551.5571737, 1788737552.30995, 1788737552.9121125, 1788737553.4845803, 1788737554.107542, 1788737554.7605376, 1788737555.4389997, 1788737556.133139, 1788737556.849825, 1788737557.5958476, 1788737558.3613029, 1788737559.1565282, 1788737559.96736, 1788737560.809371, 1788737561.6747513, 1788737562.5330584, 1788737563.074245, 1788737563.6814208, 1788737564.3050263, 1788737564.9595697, 1788737565.6272912, 1788737566.3282673, 1788737567.0541847, 1788737567.8046803, 1788737568.554588, 1788737569.1013982, 1788737569.7023883, 1788737570.3319104, 1788737570.9813313, 1788737571.6600373]","[1, 2, 4, 2, 4, 1, 1, 3, 1, 1, 3, 2, 8, 1, 2, 1, 2, 2, 4, 4, 2, 3, 1, 7, 1, 1, 2, 2, 3, 2, 1, 1, 2, 4, 4, 1, 1, 1, 5, 4, 4, 1, 1, 4, 4, 1, 4, 2, 2, 7, 2, 2, 4, 6, 3, 2, 1, 1, 3, 2, 2, 9, 1, 5, 5, 7, 2, 3, 1, 1, 5, 9, 2, 9, 5, 1, 1, 2, 1, 3, 2, 2, 1, 1, 9, 2, 1, 2, 3, 2, 2, 5, 2, 1, 1, 1, 1, 2, 1, 1, 5, 9, 1, 2, 9, 7, 1, 2, 1, 1, 1, 2, 1, 9, 4, 1, 2, 5, 4, 4, 1, 9, 2, 2, 9, 6, 1, 3, 3, 1, 1, 9, 1, 3, 5, 1, 2, 3, 4, 4, 7, 6, 2, 9, 3, 1, 2, 2, 1, 1, 2, 2, 2, 1, 3, 9, 1, 2, 3, 4, 6, 1, 3, 2, 2, 5, 1, 2, 5, 2, 9, 1, 4, 3, 2, 1, 1, 3, 1, 4, 6, 1, 1, 6, 1, 2, 5, 3, 1, 4, 6, 2, 2, 1, 5, 2, 4, 2, 4, 4, 2, 7, 2, 1, 2, 9, 2, 5, 1, 7, 3, 1, 1, 1, 1, 1, 3, 3, 3, 2, 2, 4, 1, 3, 8, 4, 2, 1, 5, 1, 1, 1, 1, 3, 2, 3, 7, 1, 1, 4, 2, 2, 2, 2, 2, 1, 5, 2, 4, 3, 1, 4, 3, 2, 1, 7, 2, 8, 2, 7, 3, 1, 2, 1, 5, 3, 1, 6, 9, 2, 4, 3, 1, 9, 6, 4, 5, 2, 1, 2, 1, 5, 4, 1, 9, 4, 2, 4, 2, 7, 8, 4, 3, 9, 2, 6, 2, 4, 9, 2, 2, 1, 1, 1, 1, 3, 1, 2, 1, 4, 1, 6, 1, 9, 1, 9, 4, 5, 1, 4, 1, 2, 5, 4, 1, 5, 2, 9, 8, 8, 4]"
User-119,0,trace_0737,1788737576.3800216,streaming,17668,213,213,0,275,291.0345847606659,341.17342257499695,0.23650395195439178,0.0,0,True,,1788737235.2065244,1788737526.2411091,1788737576.379947,"[1788737526.2411091, 1788737526.8142695, 1788737527.4324148, 1788737528.0773284, 1788737528.7514377, 1788737529.4337723, 1788737530.1480384, 1788737530.8856938, 1788737531.5682156, 1788737532.1253083, 1788737532.7418406, 1788737533.379894, 1788737534.0435026, 1788737534.7229226, 1788737535.4305196, 1788737536.1630876, 1788737536.92825, 1788737537.7073357, 1788737538.512365, 1788737539.3500516, 1788737540.1667268, 1788737540.714669, 1788737541.3185937, 1788737541.9496844, 1788737542.6040146, 1788737543.274678, 1788737543.973791, 1788737544.6982396, 1788737545.4665406, 1788737546.2596276, 1788737546.9906847, 1788737547.5465438, 1788737548.1556776, 1788737548.78781, 1788737549.4479918, 1788737550.120496, 1788737550.8293476, 1788737551.5556765, 1788737552.3083203, 1788737552.910715, 1788737553.4833016, 1788737554.1056447, 1788737554.7586823, 1788737555.4378972, 1788737556.1319108, 1788737556.8487284, 1788737557.5946927, 1788737558.3601813, 1788737559.1554825, 1788737559.966241, 1788737560.8081887, 1788737561.6736743, 1788737562.531172, 1788737563.0725965, 1788737563.6796746, 1788737564.3033657, 1788737564.9578426, 1788737565.6257334, 1788737566.3266587, 1788737567.05264, 1788737567.8031545, 1788737568.5521932, 1788737569.0992084, 1788737569.700218, 1788737570.32963, 1788737570.9789245, 1788737571.6578152, 1788737572.352291, 1788737573.1111658, 1788737573.83546, 1788737574.598803, 1788737575.146687, 1788737575.7475412, 1788737576.3747933]","[1, 2, 4, 1, 3, 2, 4, 1, 3, 2, 1, 2, 1, 5, 4, 1, 1, 3, 4, 6, 1, 1, 2, 1, 2, 1, 6, 2, 4, 2, 4, 2, 2, 1, 5, 9, 1, 1, 3, 1, 4, 2, 2, 4, 1, 4, 4, 1, 3, 2, 9, 6, 8, 1, 3, 1, 4, 3, 1, 2, 3, 6, 2, 9, 1, 2, 8, 3, 1, 2, 4, 2, 2, 1]"
User-108,0,trace_0695,1788737577.6977232,streaming,20249,325,325,0,316,264.6128120422363,342.7123284339905,0.24104789009800665,0.0,0,True,,1788737234.9852982,1788737499.5981102,1788737577.6976266,"[1788737499.5981102, 1788737500.1467855, 1788737500.7430482, 1788737501.3743918, 1788737502.0163527, 1788737502.6886415, 1788737503.3823192, 1788737504.1057112, 1788737504.8620377, 1788737505.6214228, 1788737506.172853, 1788737506.7731016, 1788737507.3964489, 1788737508.0453608, 1788737508.716592, 1788737509.4165874, 1788737510.1395931, 1788737510.8958328, 1788737511.6793005, 1788737512.483482, 1788737513.3116202, 1788737514.167284, 1788737515.041743, 1788737515.7354417, 1788737516.290776, 1788737516.9060626, 1788737517.5432153, 1788737518.2038157, 1788737518.8867042, 1788737519.6014175, 1788737520.3443863, 1788737521.023865, 1788737521.5880744, 1788737522.2029614, 1788737522.8385127, 1788737523.4970312, 1788737524.1764815, 1788737524.884762, 1788737525.620098, 1788737526.2392108, 1788737526.8124702, 1788737527.430864, 1788737528.0757685, 1788737528.746639, 1788737529.43206, 1788737530.1463797, 1788737530.8841367, 1788737531.5666862, 1788737532.1237261, 1788737532.7410705, 1788737533.3782263, 1788737534.0417805, 1788737534.7212021, 1788737535.4289575, 1788737536.1615543, 1788737536.926589, 1788737537.7057056, 1788737538.5107687, 1788737539.3485258, 1788737540.165201, 1788737540.7130466, 1788737541.3169267, 1788737541.9480414, 1788737542.6023946, 1788737543.2731397, 1788737543.9722564, 1788737544.6964655, 1788737545.4649084, 1788737546.2579625, 1788737546.989146, 1788737547.544937, 1788737548.153956, 1788737548.7862012, 1788737549.4460125, 1788737550.1194282, 1788737550.8283224, 1788737551.5546181, 1788737552.3072834, 1788737552.9097407, 1788737553.482106, 1788737554.10174, 1788737554.757615, 1788737555.4368715, 1788737556.1308954, 1788737556.8476899, 1788737557.593658, 1788737558.359163, 1788737559.1541522, 1788737559.965235, 1788737560.8071547, 1788737561.672538, 1788737562.5301716, 1788737563.0715349, 1788737563.6786413, 1788737564.3022852, 1788737564.9567966, 1788737565.6247141, 1788737566.3255944, 1788737567.0515947, 1788737567.8020608, 1788737568.5510461, 1788737569.0981066, 1788737569.699015, 1788737570.328621, 1788737570.977871, 1788737571.6567194, 1788737572.3533347, 1788737573.1116493, 1788737573.8367553, 1788737574.5998356, 1788737575.1477778, 1788737575.7485476, 1788737576.3761108, 1788737577.0216084, 1788737577.6930876]","[1, 1, 5, 2, 4, 2, 3, 1, 1, 3, 2, 8, 1, 3, 2, 3, 3, 4, 2, 3, 1, 7, 1, 1, 6, 2, 1, 2, 2, 1, 4, 2, 2, 1, 1, 1, 5, 3, 1, 4, 1, 3, 4, 4, 9, 2, 3, 5, 1, 1, 2, 1, 7, 1, 1, 2, 1, 2, 1, 1, 1, 1, 6, 4, 3, 6, 1, 1, 6, 2, 4, 2, 6, 2, 9, 3, 1, 2, 1, 1, 4, 2, 1, 1, 8, 3, 1, 1, 3, 4, 4, 1, 1, 2, 1, 8, 2, 9, 5, 1, 1, 2, 1, 1, 1, 7, 5, 1, 2, 2, 1, 5, 3, 9, 6]"
User-117,0,trace_0653,1788737579.8704643,streaming,18778,257,257,0,293,285.86503171920776,344.7064278125763,0.22984920348972082,0.0,0,True,,1788737235.1639545,1788737521.0289862,1788737579.8703823,"[1788737521.0289862, 1788737521.592915, 1788737522.2077296, 1788737522.8407388, 1788737523.5011816, 1788737524.1812146, 1788737524.8894932, 1788737525.6252427, 1788737526.2441027, 1788737526.8173585, 1788737527.4356124, 1788737528.0805905, 1788737528.754821, 1788737529.4369574, 1788737530.151257, 1788737530.8890717, 1788737531.5712636, 1788737532.128649, 1788737532.7434947, 1788737533.3831303, 1788737534.04696, 1788737534.7261908, 1788737535.4338865, 1788737536.1663918, 1788737536.9316514, 1788737537.7102256, 1788737538.5159416, 1788737539.35282, 1788737540.1692948, 1788737540.7173252, 1788737541.3211021, 1788737541.9522882, 1788737542.607014, 1788737543.2769918, 1788737543.9759717, 1788737544.7032871, 1788737545.4686139, 1788737546.2618382, 1788737546.9927194, 1788737547.5484173, 1788737548.1578019, 1788737548.7899687, 1788737549.4500985, 1788737550.1226625, 1788737550.831521, 1788737551.5576656, 1788737552.3104565, 1788737552.9124937, 1788737553.484962, 1788737554.1080866, 1788737554.7610762, 1788737555.4395158, 1788737556.1336539, 1788737556.8503337, 1788737557.596356, 1788737558.3618476, 1788737559.1570473, 1788737559.9678895, 1788737560.8098752, 1788737561.6752844, 1788737562.5335639, 1788737563.074781, 1788737563.6819153, 1788737564.3055499, 1788737564.9600706, 1788737565.6278446, 1788737566.3288581, 1788737567.054762, 1788737567.805178, 1788737568.5551174, 1788737569.1019294, 1788737569.7029564, 1788737570.3324976, 1788737570.981947, 1788737571.660837, 1788737572.3595939, 1788737573.1126745, 1788737573.8390203, 1788737574.6018002, 1788737575.149909, 1788737575.7506297, 1788737576.3783553, 1788737577.0246844, 1788737577.6960304, 1788737578.3889575, 1788737579.1102364, 1788737579.8684325]","[1, 6, 1, 3, 2, 4, 1, 4, 1, 1, 2, 1, 5, 4, 2, 3, 4, 6, 1, 1, 1, 2, 2, 1, 6, 2, 4, 2, 4, 1, 3, 1, 4, 6, 2, 4, 1, 2, 1, 1, 2, 1, 4, 3, 1, 2, 1, 3, 2, 2, 9, 4, 7, 3, 1, 1, 2, 4, 2, 2, 2, 3, 9, 1, 2, 7, 2, 2, 2, 1, 3, 6, 4, 3, 9, 5, 9, 3, 1, 3, 2, 5, 2, 1, 3, 2, 6]"
User-120,0,trace_0710,1788737581.448147,streaming,18968,182,182,0,296,296.3097484111786,346.1934595108032,0.27560061381008083,0.0,0,True,,1788737235.2546098,1788737531.5643582,1788737581.4480693,"[1788737531.5643582, 1788737532.1213496, 1788737532.7397528, 1788737533.375725, 1788737534.0389938, 1788737534.7188122, 1788737535.4265046, 1788737536.159199, 1788737536.924113, 1788737537.7032268, 1788737538.508342, 1788737539.3460867, 1788737540.162697, 1788737540.7084203, 1788737541.314641, 1788737541.945585, 1788737542.5999784, 1788737543.2706518, 1788737543.9699042, 1788737544.6937885, 1788737545.4625008, 1788737546.2556322, 1788737546.985835, 1788737547.5418243, 1788737548.1508849, 1788737548.7832954, 1788737549.4430673, 1788737550.1165473, 1788737550.8253932, 1788737551.5518658, 1788737552.3043325, 1788737552.906876, 1788737553.4792664, 1788737554.098862, 1788737554.7545922, 1788737555.4339209, 1788737556.1280377, 1788737556.8445523, 1788737557.59071, 1788737558.3562453, 1788737559.150948, 1788737559.9624205, 1788737560.8043172, 1788737561.6696677, 1788737562.5269947, 1788737563.068773, 1788737563.6759498, 1788737564.300474, 1788737564.9546604, 1788737565.6234605, 1788737566.324333, 1788737567.05028, 1788737567.8007972, 1788737568.5498056, 1788737569.0964258, 1788737569.6977391, 1788737570.3273442, 1788737570.9766304, 1788737571.6554098, 1788737572.3510613, 1788737573.1105726, 1788737573.829656, 1788737574.5966408, 1788737575.144892, 1788737575.7457268, 1788737576.3729165, 1788737577.019849, 1788737577.691285, 1788737578.3849971, 1788737579.1063073, 1788737579.8592823, 1788737580.6350703, 1788737581.4433348]","[1, 2, 5, 3, 2, 1, 3, 1, 1, 1, 2, 2, 2, 3, 4, 1, 2, 3, 1, 3, 2, 3, 3, 3, 3, 2, 1, 2, 3, 1, 4, 6, 3, 9, 1, 6, 1, 4, 4, 2, 2, 2, 3, 1, 1, 1, 1, 3, 1, 1, 3, 4, 2, 1, 1, 2, 6, 2, 1, 4, 4, 2, 3, 3, 4, 4, 1, 1, 4, 1, 3, 2, 2]"
User-123,0,trace_0356,1788737601.1473262,streaming,27667,228,228,0,431,304.8455150127411,365.8225734233856,0.268621402690064,0.0,0,True,,1788737235.3246043,1788737540.1701193,1788737601.1471777,"[1788737540.1701193, 1788737540.7178352, 1788737541.321617, 1788737541.9527965, 1788737542.6075387, 1788737543.277536, 1788737543.9764686, 1788737544.7037842, 1788737545.4691067, 1788737546.2623525, 1788737546.9931998, 1788737547.5487986, 1788737548.158329, 1788737548.7904654, 1788737549.450628, 1788737550.1231854, 1788737550.8320289, 1788737551.5581648, 1788737552.3109698, 1788737552.9128916, 1788737553.485336, 1788737554.1086156, 1788737554.7616084, 1788737555.4400492, 1788737556.134195, 1788737556.8508482, 1788737557.5968494, 1788737558.3623507, 1788737559.1575494, 1788737559.9682717, 1788737560.8103762, 1788737561.6757853, 1788737562.534046, 1788737563.0752876, 1788737563.6824422, 1788737564.3060644, 1788737564.9605732, 1788737565.6283867, 1788737566.3293664, 1788737567.0552847, 1788737567.8057225, 1788737568.5555959, 1788737569.1024346, 1788737569.7034945, 1788737570.3330004, 1788737570.9824543, 1788737571.6613789, 1788737572.3601563, 1788737573.1129372, 1788737573.8395412, 1788737574.6022782, 1788737575.1504154, 1788737575.751136, 1788737576.3788776, 1788737577.0253575, 1788737577.6966543, 1788737578.3894763, 1788737579.110751, 1788737579.8693755, 1788737580.63897, 1788737581.4475906, 1788737582.280543, 1788737583.1741998, 1788737583.7138224, 1788737584.3148277, 1788737584.940184, 1788737585.589606, 1788737586.2617104, 1788737586.9624033, 1788737587.6890473, 1788737588.4441707, 1788737589.230792, 1788737590.040591, 1788737590.873476, 1788737591.7321002, 1788737592.5871472, 1788737593.1243157, 1788737593.726636, 1788737594.3526888, 1788737595.004284, 1788737595.6794133, 1788737596.380601, 1788737597.1075587, 1788737597.8583293, 1788737598.6374388, 1788737599.441604, 1788737600.278433, 1788737601.145675]","[1, 2, 4, 2, 3, 2, 1, 1, 2, 6, 2, 1, 5, 3, 2, 1, 4, 3, 3, 2, 2, 9, 4, 2, 1, 4, 3, 3, 1, 2, 2, 2, 3, 4, 3, 1, 1, 3, 2, 5, 1, 1, 3, 2, 7, 1, 1, 9, 1, 4, 3, 1, 2, 2, 3, 1, 1, 2, 1, 1, 1, 1, 4, 9, 1, 2, 1, 2, 3, 1, 1, 4, 1, 1, 2, 7, 3, 3, 1, 3, 1, 7, 3, 2, 4, 2, 3, 1]"
User-017,2,trace_0726,1788737604.5501106,streaming,20952,127,127,317,3,338.90945982933044,368.86186480522156,0.23771749980865964,6.0,0,True,,1788737235.688163,1788737574.5976229,1788737604.5500278,"[1788737574.5976229, 1788737575.1455193, 1788737575.7463317, 1788737576.3735993, 1788737577.0204594, 1788737577.6918986, 1788737578.3856568, 1788737579.1070077, 1788737579.8649745, 1788737580.6357057, 1788737581.4442368, 1788737582.2771604, 1788737583.1699314, 1788737583.7097785, 1788737584.3101473, 1788737584.9355628, 1788737585.5852687, 1788737586.2576323, 1788737586.9580238, 1788737587.6847897, 1788737588.4398563, 1788737589.226649, 1788737590.0362918, 1788737590.869292, 1788737591.727511, 1788737592.5822837, 1788737593.1193917, 1788737593.7217774, 1788737594.3479068, 1788737594.999454, 1788737595.67461, 1788737596.3757777, 1788737597.1027195, 1788737597.8537872, 1788737598.63293, 1788737599.436783, 1788737600.2731903, 1788737601.1409144, 1788737602.0322905, 1788737602.739302, 1788737603.289129, 1788737603.9041097, 1788737604.5461683]","[1, 1, 5, 1, 4, 3, 4, 1, 2, 1, 2, 3, 2, 1, 7, 1, 2, 2, 3, 3, 7, 6, 5, 1, 1, 4, 3, 1, 4, 1, 3, 2, 2, 4, 5, 6, 1, 3, 2, 9, 1, 3, 4]"
User-127,0,trace_0731,1788737607.912887,streaming,19319,204,204,0,301,317.48651599884033,372.4857597351074,0.2709322351540251,0.0,0,True,,1788737235.4270442,1788737552.9135602,1788737607.912804,"[1788737552.9135602, 1788737553.4857206, 1788737554.1092076, 1788737554.762157, 1788737555.4405556, 1788737556.134696, 1788737556.8513694, 1788737557.5973742, 1788737558.3628833, 1788737559.1580691, 1788737559.9686613, 1788737560.8109002, 1788737561.6763184, 1788737562.5345464, 1788737563.0758321, 1788737563.6829786, 1788737564.3065734, 1788737564.9610865, 1788737565.6289241, 1788737566.3298893, 1788737567.0558171, 1788737567.806235, 1788737568.5560856, 1788737569.1029882, 1788737569.703991, 1788737570.3335426, 1788737570.98296, 1788737571.6618884, 1788737572.360732, 1788737573.1131883, 1788737573.8400805, 1788737574.6028109, 1788737575.150935, 1788737575.7516634, 1788737576.379397, 1788737577.0258813, 1788737577.6971588, 1788737578.38998, 1788737579.1112566, 1788737579.8699157, 1788737580.6395159, 1788737581.4485574, 1788737582.2810476, 1788737583.1747015, 1788737583.7143996, 1788737584.315393, 1788737584.940758, 1788737585.5901103, 1788737586.2622187, 1788737586.9629757, 1788737587.689549, 1788737588.444687, 1788737589.231325, 1788737590.0411074, 1788737590.874002, 1788737591.7326236, 1788737592.587698, 1788737593.1248436, 1788737593.7271812, 1788737594.3532329, 1788737595.0048208, 1788737595.6799307, 1788737596.3811705, 1788737597.1081023, 1788737597.858851, 1788737598.6379488, 1788737599.4421144, 1788737600.2789955, 1788737601.146624, 1788737602.037128, 1788737602.748114, 1788737603.2946882, 1788737603.9098613, 1788737604.552157, 1788737605.2121658, 1788737605.8980815, 1788737606.6105585, 1788737607.3538823, 1788737607.9119136]","[1, 7, 3, 3, 3, 1, 2, 1, 3, 2, 2, 1, 5, 3, 1, 2, 2, 3, 1, 5, 6, 2, 4, 2, 2, 5, 1, 2, 6, 2, 3, 2, 2, 7, 5, 1, 2, 1, 1, 2, 2, 3, 1, 3, 4, 6, 1, 1, 2, 1, 4, 1, 2, 7, 1, 2, 5, 2, 3, 1, 2, 3, 3, 2, 1, 2, 6, 2, 3, 1, 2, 1, 3, 1, 4, 1, 2, 2, 2]"
User-055,2,trace_0449,1788737608.5169928,streaming,20689,189,189,232,84,332.9141631126404,372.8774883747101,0.21257087905356226,12.0,0,True,,1788737235.639403,1788737568.5535662,1788737608.5168915,"[1788737568.5535662, 1788737569.100275, 1788737569.7012842, 1788737570.3306432, 1788737570.9801111, 1788737571.658917, 1788737572.3543634, 1788737573.1121929, 1788737573.8379087, 1788737574.600813, 1788737575.1487994, 1788737575.7495697, 1788737576.377309, 1788737577.023403, 1788737577.6949778, 1788737578.3868484, 1788737579.1080976, 1788737579.8662949, 1788737580.636852, 1788737581.445516, 1788737582.2784169, 1788737583.1712763, 1788737583.7110417, 1788737584.3119175, 1788737584.936985, 1788737585.5869083, 1788737586.2590194, 1788737586.9593954, 1788737587.6863565, 1788737588.4414265, 1788737589.2281919, 1788737590.0378525, 1788737590.8706965, 1788737591.7291896, 1788737592.584509, 1788737593.121602, 1788737593.7240365, 1788737594.3500185, 1788737595.0015469, 1788737595.6767128, 1788737596.3778486, 1788737597.1048763, 1788737597.8556597, 1788737598.634704, 1788737599.438946, 1788737600.2755573, 1788737601.1430104, 1788737602.03444, 1788737602.744179, 1788737603.2914484, 1788737603.9062228, 1788737604.5483832, 1788737605.2054725, 1788737605.8948421, 1788737606.6072998, 1788737607.3508685, 1788737607.9086008, 1788737608.510099]","[1, 4, 3, 9, 3, 2, 1, 3, 2, 1, 1, 3, 1, 2, 6, 1, 1, 4, 1, 2, 5, 5, 2, 5, 7, 4, 4, 1, 4, 8, 2, 2, 2, 5, 2, 3, 3, 2, 6, 3, 1, 7, 3, 9, 5, 4, 2, 3, 3, 1, 1, 2, 3, 4, 2, 2, 7, 4]"
User-022,19,trace_0418,1788737618.0043108,streaming,28118,173,173,423,4,347.42267370224,382.25368452072144,0.20250587685163632,7.0,0,True,,1788737235.75054,1788737583.1732137,1788737618.0042245,"[1788737583.1732137, 1788737583.7127798, 1788737584.3137329, 1788737584.9386613, 1788737585.5885763, 1788737586.260657, 1788737586.9613643, 1788737587.6880023, 1788737588.4430683, 1788737589.2297375, 1788737590.0395484, 1788737590.8723795, 1788737591.7309935, 1788737592.586079, 1788737593.1231918, 1788737593.7256079, 1788737594.35166, 1788737595.0031648, 1788737595.6783032, 1788737596.3794625, 1788737597.1064444, 1788737597.8573017, 1788737598.6363428, 1788737599.440566, 1788737600.2773428, 1788737601.1445868, 1788737602.0360916, 1788737602.7458427, 1788737603.2930546, 1788737603.9080617, 1788737604.5505545, 1788737605.2101445, 1788737605.8964643, 1788737606.6089418, 1788737607.3524008, 1788737607.9101994, 1788737608.5150883, 1788737609.1361313, 1788737609.7897248, 1788737610.464577, 1788737611.171532, 1788737611.8991263, 1788737612.6579843, 1788737613.4425075, 1788737614.0857475, 1788737614.650625, 1788737615.2718349, 1788737615.917961, 1788737616.58627, 1788737617.278933, 1788737618.0017054]","[1, 2, 5, 3, 3, 4, 2, 7, 9, 1, 3, 3, 2, 3, 3, 3, 2, 2, 2, 9, 9, 2, 4, 1, 9, 3, 4, 1, 3, 3, 2, 3, 3, 3, 4, 4, 2, 2, 1, 3, 1, 6, 3, 1, 6, 2, 2, 8, 3, 5, 1]"
User-025,5,trace_0588,1788737620.887874,streaming,30057,120,120,463,3,356.76633763313293,385.0707948207855,0.23785258140884527,7.0,0,True,,1788737235.8169835,1788737592.583321,1788737620.8877783,"[1788737592.583321, 1788737593.120314, 1788737593.722455, 1788737594.3487582, 1788737595.000291, 1788737595.6754656, 1788737596.3766267, 1788737597.1036236, 1788737597.8545299, 1788737598.633556, 1788737599.437671, 1788737600.2740276, 1788737601.141759, 1788737602.0331974, 1788737602.7429304, 1788737603.289974, 1788737603.9049509, 1788737604.5472748, 1788737605.2042005, 1788737605.893536, 1788737606.6060185, 1788737607.348681, 1788737607.906514, 1788737608.508275, 1788737609.1331925, 1788737609.786836, 1788737610.4616573, 1788737611.168643, 1788737611.896262, 1788737612.6551616, 1788737613.439632, 1788737614.0825803, 1788737614.6475515, 1788737615.2689242, 1788737615.9151437, 1788737616.583339, 1788737617.2758138, 1788737617.9986722, 1788737618.7447257, 1788737619.5231118, 1788737620.3344908, 1788737620.8834736]","[1, 1, 3, 1, 3, 2, 1, 2, 5, 3, 2, 4, 1, 4, 1, 1, 8, 4, 1, 4, 1, 6, 9, 9, 1, 1, 2, 2, 2, 2, 3, 3, 1, 3, 1, 1, 9, 4, 2, 4, 1, 1]"
User-006,5,trace_0396,1788737621.489314,streaming,31168,266,266,385,49,326.9395363330841,385.8967044353485,0.22247987963118643,11.0,0,True,,1788737235.5925179,1788737562.5320542,1788737621.4892223,"[1788737562.5320542, 1788737563.0732021, 1788737563.680188, 1788737564.3038764, 1788737564.9583695, 1788737565.626237, 1788737566.327197, 1788737567.0531406, 1788737567.8036644, 1788737568.5527258, 1788737569.0997403, 1788737569.700769, 1788737570.3301303, 1788737570.9794247, 1788737571.6583607, 1788737572.35386, 1788737573.1119292, 1788737573.8373008, 1788737574.6003194, 1788737575.1482887, 1788737575.7490547, 1788737576.3766448, 1788737577.0226598, 1788737577.6944516, 1788737578.387858, 1788737579.1091902, 1788737579.8673394, 1788737580.6378834, 1788737581.4465597, 1788737582.2795372, 1788737583.172339, 1788737583.7122548, 1788737584.3132045, 1788737584.938093, 1788737585.5880272, 1788737586.260092, 1788737586.9608123, 1788737587.6874785, 1788737588.4425094, 1788737589.2292273, 1788737590.038992, 1788737590.8718195, 1788737591.7303708, 1788737592.5855498, 1788737593.1226194, 1788737593.725099, 1788737594.3511353, 1788737595.0026183, 1788737595.6777456, 1788737596.3789287, 1788737597.105931, 1788737597.8567948, 1788737598.6358228, 1788737599.4400375, 1788737600.2768323, 1788737601.1440773, 1788737602.0355704, 1788737602.7453337, 1788737603.2925122, 1788737603.907493, 1788737604.549463, 1788737605.2065253, 1788737605.895955, 1788737606.6084006, 1788737607.3518856, 1788737607.909671, 1788737608.5145035, 1788737609.1355784, 1788737609.7892091, 1788737610.4640534, 1788737611.171005, 1788737611.898581, 1788737612.6574595, 1788737613.441976, 1788737614.0851772, 1788737614.6501071, 1788737615.2713292, 1788737615.91745, 1788737616.5857344, 1788737617.2783682, 1788737618.0011432, 1788737618.747133, 1788737619.5254219, 1788737620.3368623, 1788737620.8861752, 1788737621.4860985]","[1, 1, 8, 8, 2, 1, 6, 7, 1, 1, 3, 1, 2, 2, 3, 1, 3, 1, 2, 2, 1, 2, 1, 1, 1, 4, 1, 2, 1, 1, 5, 2, 1, 3, 2, 5, 3, 2, 2, 1, 7, 4, 6, 4, 4, 2, 2, 2, 8, 2, 3, 1, 3, 3, 1, 1, 4, 1, 5, 6, 3, 3, 1, 9, 9, 1, 9, 9, 2, 8, 1, 4, 4, 4, 3, 2, 1, 2, 7, 1, 3, 2, 1, 8, 2, 1]"
User-035,3,trace_0062,1788737637.2390115,streaming,17635,149,149,260,9,371.39546489715576,401.28470635414124,0.20195433416882078,8.0,0,True,,1788737235.9542294,1788737607.3496943,1788737637.2389357,"[1788737607.3496943, 1788737607.907347, 1788737608.5089173, 1788737609.133822, 1788737609.787461, 1788737610.462279, 1788737611.1692777, 1788737611.8968709, 1788737612.6557794, 1788737613.4402645, 1788737614.0834417, 1788737614.648173, 1788737615.2695675, 1788737615.9157462, 1788737616.583973, 1788737617.276596, 1788737617.9993446, 1788737618.7453556, 1788737619.5237517, 1788737620.3351598, 1788737620.8843513, 1788737621.4839718, 1788737622.1072245, 1788737622.761117, 1788737623.4377644, 1788737624.1419067, 1788737624.8724508, 1788737625.6290047, 1788737626.4205227, 1788737626.966112, 1788737627.5660715, 1788737628.1934507, 1788737628.8462005, 1788737629.5223043, 1788737630.2241335, 1788737630.952269, 1788737631.7085211, 1788737632.491852, 1788737633.3017685, 1788737634.1282673, 1788737634.6712258, 1788737635.2723284, 1788737635.9008465, 1788737636.5549684, 1788737637.2340865]","[1, 4, 2, 3, 2, 1, 2, 2, 1, 4, 3, 7, 4, 2, 5, 2, 3, 6, 3, 2, 5, 6, 5, 3, 6, 6, 6, 3, 1, 9, 2, 2, 2, 5, 2, 2, 3, 1, 1, 2, 1, 2, 3, 4, 8]"
User-042,2,trace_0582,1788737641.8686802,streaming,21315,75,75,319,11,390.2541136741638,405.7000412940979,0.20872875162073085,11.0,0,True,,1788737236.1685479,1788737626.4226615,1788737641.8685892,"[1788737626.4226615, 1788737626.9679942, 1788737627.5680175, 1788737628.1952393, 1788737628.8479705, 1788737629.524132, 1788737630.2259028, 1788737630.9540784, 1788737631.7103803, 1788737632.49382, 1788737633.3035748, 1788737634.1301138, 1788737634.6731787, 1788737635.2741067, 1788737635.9027176, 1788737636.55684, 1788737637.2363079, 1788737637.934464, 1788737638.663025, 1788737639.4177592, 1788737640.208351, 1788737641.0252612, 1788737641.8649619]","[1, 2, 3, 4, 4, 6, 1, 9, 4, 2, 1, 3, 1, 2, 7, 2, 3, 2, 2, 1, 2, 9, 4]"
User-045,6,trace_0729,1788737661.788109,streaming,32372,108,108,500,2,408.13867712020874,425.4890820980072,0.16215331754951834,6.0,0,True,,1788737236.2989361,1788737644.4376132,1788737661.7880182,"[1788737644.4376132, 1788737644.984884, 1788737645.5966291, 1788737646.2333992, 1788737646.8963299, 1788737647.5825984, 1788737648.2951055, 1788737649.0340273, 1788737649.8009784, 1788737650.5954545, 1788737651.4149861, 1788737652.2618022, 1788737653.1346552, 1788737654.0441291, 1788737654.6897674, 1788737655.2501802, 1788737655.8742912, 1788737656.5229154, 1788737657.1952124, 1788737657.8924437, 1788737658.624363, 1788737659.3689377, 1788737660.146674, 1788737660.9510694, 1788737661.7851238]","[1, 1, 3, 5, 6, 9, 4, 4, 5, 3, 2, 7, 3, 9, 7, 3, 5, 4, 2, 1, 8, 3, 6, 1, 6]"
User-015,7,trace_0687,1788737671.535402,streaming,31527,309,309,480,7,366.8335485458374,435.62137961387634,0.2233371138572693,11.0,0,True,,1788737235.9139209,1788737602.7474694,1788737671.5353005,"[1788737602.7474694, 1788737603.2941325, 1788737603.9092932, 1788737604.5516322, 1788737605.2114036, 1788737605.8975577, 1788737606.6099963, 1788737607.3533785, 1788737607.9113348, 1788737608.5163615, 1788737609.1372402, 1788737609.7907846, 1788737610.4656134, 1788737611.1726003, 1788737611.900174, 1788737612.6590798, 1788737613.4436002, 1788737614.0868628, 1788737614.6518211, 1788737615.2728903, 1788737615.919062, 1788737616.5873616, 1788737617.2799275, 1788737618.0031605, 1788737618.7481792, 1788737619.5264535, 1788737620.3378835, 1788737620.8872526, 1788737621.4875069, 1788737622.1095412, 1788737622.7634406, 1788737623.4401293, 1788737624.1445339, 1788737624.874843, 1788737625.6313806, 1788737626.4236975, 1788737626.9692063, 1788737627.5690947, 1788737628.1963217, 1788737628.8490174, 1788737629.5251899, 1788737630.2269402, 1788737630.9552052, 1788737631.7114813, 1788737632.4949572, 1788737633.304619, 1788737634.1320016, 1788737634.674752, 1788737635.2788658, 1788737635.9044275, 1788737636.5584104, 1788737637.2378826, 1788737637.9361408, 1788737638.6645954, 1788737639.419407, 1788737640.2099426, 1788737641.0269554, 1788737641.8669484, 1788737642.726075, 1788737643.6166017, 1788737644.4367833, 1788737644.9843106, 1788737645.5961263, 1788737646.2328758, 1788737646.8958168, 1788737647.5820882, 1788737648.2945514, 1788737649.0335028, 1788737649.8004415, 1788737650.5948973, 1788737651.4143972, 1788737652.2612765, 1788737653.1341343, 1788737654.0435812, 1788737654.68924, 1788737655.24949, 1788737655.8737812, 1788737656.5223584, 1788737657.194629, 1788737657.8919187, 1788737658.62383, 1788737659.3684144, 1788737660.146159, 1788737660.950524, 1788737661.784509, 1788737662.6364968, 1788737663.5263636, 1788737664.0668464, 1788737664.671381, 1788737665.3010416, 1788737665.9561064, 1788737666.6343925, 1788737667.338894, 1788737668.067684, 1788737668.8225913, 1788737669.6066544, 1788737670.3759089, 1788737670.923408, 1788737671.5332775]","[1, 6, 2, 2, 4, 3, 2, 1, 2, 2, 1, 1, 1, 2, 1, 6, 2, 2, 3, 4, 2, 2, 1, 9, 1, 1, 1, 7, 4, 9, 1, 9, 1, 1, 4, 1, 2, 4, 3, 2, 1, 6, 9, 1, 3, 5, 5, 1, 2, 9, 7, 2, 2, 2, 1, 3, 4, 4, 4, 5, 4, 5, 2, 1, 1, 1, 4, 3, 3, 5, 5, 5, 1, 9, 5, 4, 3, 1, 3, 2, 1, 3, 1, 1, 1, 2, 1, 1, 2, 8, 8, 3, 2, 9, 1, 1, 4, 3, 1]"
User-112,0,trace_0275,1788737672.1660345,streaming,20528,735,735,0,320,270.58640575408936,437.13009309768677,0.22689875659890654,0.0,0,True,,1788737235.0358505,1788737505.6222563,1788737672.1659436,"[1788737505.6222563, 1788737506.1733687, 1788737506.77366, 1788737507.3969848, 1788737508.0458713, 1788737508.7170906, 1788737509.4170964, 1788737510.1401107, 1788737510.8963437, 1788737511.6798122, 1788737512.4839966, 1788737513.3121662, 1788737514.1678216, 1788737515.0424302, 1788737515.7359443, 1788737516.2914252, 1788737516.906569, 1788737517.5437233, 1788737518.2043278, 1788737518.8872647, 1788737519.601937, 1788737520.3449132, 1788737521.024403, 1788737521.5886245, 1788737522.2034788, 1788737522.838769, 1788737523.497538, 1788737524.1770158, 1788737524.8852804, 1788737525.6206067, 1788737526.2397592, 1788737526.812993, 1788737527.4313984, 1788737528.0763001, 1788737528.7502933, 1788737529.4326522, 1788737530.146959, 1788737530.884655, 1788737531.5672064, 1788737532.1242378, 1788737532.7413094, 1788737533.3787804, 1788737534.0424125, 1788737534.7217705, 1788737535.4294581, 1788737536.1620655, 1788737536.9271374, 1788737537.7062173, 1788737538.511291, 1788737539.349035, 1788737540.1656938, 1788737540.7136085, 1788737541.317435, 1788737541.948562, 1788737542.602955, 1788737543.2736511, 1788737543.9727852, 1788737544.697058, 1788737545.4654152, 1788737546.258504, 1788737546.9896486, 1788737547.5454533, 1788737548.154489, 1788737548.7867627, 1788737549.4465313, 1788737550.11996, 1788737550.8288288, 1788737551.5551593, 1788737552.307808, 1788737552.910227, 1788737553.482702, 1788737554.102252, 1788737554.758149, 1788737555.4373775, 1788737556.1314054, 1788737556.8482232, 1788737557.59417, 1788737558.3596606, 1788737559.1548696, 1788737559.9657378, 1788737560.8076699, 1788737561.673168, 1788737562.5306575, 1788737563.0720656, 1788737563.6791778, 1788737564.3028333, 1788737564.9573376, 1788737565.625226, 1788737566.3261356, 1788737567.0521605, 1788737567.8025892, 1788737568.5516806, 1788737569.0986404, 1788737569.6995463, 1788737570.3291352, 1788737570.9783869, 1788737571.6572783, 1788737572.3528209, 1788737573.1114051, 1788737573.8361564, 1788737574.5993314, 1788737575.1472418, 1788737575.7480452, 1788737576.375592, 1788737577.0221565, 1788737577.693915, 1788737578.38736, 1788737579.1086853, 1788737579.8668208, 1788737580.6373808, 1788737581.4460356, 1788737582.2790103, 1788737583.171842, 1788737583.711588, 1788737584.3126745, 1788737584.9375613, 1788737585.5875015, 1788737586.2595646, 1788737586.9602354, 1788737587.6869419, 1788737588.4419925, 1788737589.2287233, 1788737590.0383976, 1788737590.8712726, 1788737591.7297635, 1788737592.5850122, 1788737593.1221192, 1788737593.724587, 1788737594.3505769, 1788737595.0020878, 1788737595.6772344, 1788737596.3783703, 1788737597.1054113, 1788737597.8562078, 1788737598.635311, 1788737599.4395204, 1788737600.2761183, 1788737601.143565, 1788737602.0350378, 1788737602.7448215, 1788737603.2919824, 1788737603.9067645, 1788737604.5489497, 1788737605.2060146, 1788737605.8954, 1788737606.607845, 1788737607.3513875, 1788737607.9091516, 1788737608.513853, 1788737609.1350467, 1788737609.788661, 1788737610.4635162, 1788737611.1704535, 1788737611.898017, 1788737612.656935, 1788737613.4414585, 1788737614.084677, 1788737614.6495855, 1788737615.2708056, 1788737615.916939, 1788737616.5852206, 1788737617.2778084, 1788737618.0005538, 1788737618.7465553, 1788737619.524908, 1788737620.3363464, 1788737620.8856645, 1788737621.485529, 1788737622.10851, 1788737622.7623532, 1788737623.4390442, 1788737624.1433563, 1788737624.8737311, 1788737625.6302946, 1788737626.4216921, 1788737626.9674542, 1788737627.5673108, 1788737628.1946764, 1788737628.847448, 1788737629.5235968, 1788737630.2253835, 1788737630.9535449, 1788737631.709802, 1788737632.4932587, 1788737633.3030512, 1788737634.1295002, 1788737634.6724703, 1788737635.2735958, 1788737635.9021776, 1788737636.556299, 1788737637.2357771, 1788737637.933817, 1788737638.66237, 1788737639.4171505, 1788737640.2077339, 1788737641.0246468, 1788737641.8642833, 1788737642.7244, 1788737643.6148715, 1788737644.4351213, 1788737644.9821897, 1788737645.5944166, 1788737646.2312067, 1788737646.8940165, 1788737647.5803854, 1788737648.2928352, 1788737649.0317957, 1788737649.7987018, 1788737650.5930371, 1788737651.4126508, 1788737652.2595725, 1788737653.1324995, 1788737654.0418205, 1788737654.687669, 1788737655.2476783, 1788737655.8721898, 1788737656.520754, 1788737657.1929877, 1788737657.89026, 1788737658.6221585, 1788737659.3668468, 1788737660.1445498, 1788737660.948896, 1788737661.7827826, 1788737662.6348968, 1788737663.5247788, 1788737664.0650249, 1788737664.6697412, 1788737665.2994685, 1788737665.9545248, 1788737666.6327732, 1788737667.3372066, 1788737668.0660868, 1788737668.8210545, 1788737669.6050243, 1788737670.3743784, 1788737670.921778, 1788737671.5316918, 1788737672.1629615]","[1, 6, 3, 2, 2, 1, 1, 1, 3, 7, 1, 3, 3, 4, 4, 1, 1, 1, 1, 3, 1, 1, 1, 3, 1, 3, 2, 2, 3, 4, 1, 2, 1, 4, 1, 1, 3, 4, 1, 1, 2, 1, 4, 1, 4, 2, 5, 2, 9, 1, 2, 2, 1, 1, 2, 1, 2, 3, 5, 1, 1, 2, 3, 4, 1, 4, 3, 2, 1, 1, 8, 1, 5, 5, 1, 2, 5, 3, 7, 2, 1, 2, 1, 4, 2, 1, 2, 2, 3, 1, 7, 4, 2, 1, 1, 1, 2, 4, 1, 8, 9, 6, 1, 2, 1, 4, 1, 1, 3, 1, 3, 4, 1, 9, 2, 2, 1, 2, 1, 1, 1, 1, 8, 1, 9, 7, 1, 3, 2, 7, 2, 3, 4, 9, 1, 1, 2, 2, 4, 2, 2, 8, 2, 1, 9, 6, 2, 1, 3, 3, 6, 4, 3, 9, 4, 2, 1, 3, 3, 1, 1, 7, 9, 6, 1, 5, 1, 3, 1, 3, 6, 1, 2, 2, 8, 6, 1, 1, 3, 1, 1, 2, 9, 2, 1, 9, 5, 1, 3, 4, 3, 8, 2, 2, 2, 1, 8, 3, 1, 2, 1, 3, 2, 1, 3, 6, 1, 1, 9, 9, 5, 4, 7, 5, 9, 5, 1, 2, 2, 1, 3, 3, 2, 9, 8, 2, 7, 6, 1, 3, 3, 9, 4, 2, 2, 1, 1, 3, 3]"
User-013,2,trace_0253,1788737674.9446414,streaming,22910,242,242,322,10,384.21667885780334,438.8225429058075,0.2265803487469052,15.0,0,True,,1788737236.1220183,1788737620.3386972,1788737674.9445612,"[1788737620.3386972, 1788737620.888382, 1788737621.4882026, 1788737622.110117, 1788737622.7639496, 1788737623.4406846, 1788737624.1450686, 1788737624.8753555, 1788737625.631905, 1788737626.4241962, 1788737626.9697206, 1788737627.5696282, 1788737628.196851, 1788737628.849531, 1788737629.5257063, 1788737630.2274647, 1788737630.9557664, 1788737631.711989, 1788737632.4954898, 1788737633.3051438, 1788737634.132507, 1788737634.675266, 1788737635.2794132, 1788737635.9049754, 1788737636.5591457, 1788737637.2384002, 1788737637.9366534, 1788737638.665105, 1788737639.4199169, 1788737640.210459, 1788737641.0274851, 1788737641.867505, 1788737642.7266145, 1788737643.6171486, 1788737644.4381146, 1788737644.9853902, 1788737645.5971372, 1788737646.2339435, 1788737646.8968694, 1788737647.5832021, 1788737648.2956352, 1788737649.034562, 1788737649.801498, 1788737650.5959904, 1788737651.4155006, 1788737652.2623296, 1788737653.1352117, 1788737654.0446796, 1788737654.690275, 1788737655.2507026, 1788737655.8748496, 1788737656.5234482, 1788737657.1958098, 1788737657.892962, 1788737658.6249232, 1788737659.3695226, 1788737660.1472397, 1788737660.9515889, 1788737661.7868636, 1788737662.6370137, 1788737663.5268788, 1788737664.0674157, 1788737664.6718905, 1788737665.3016007, 1788737665.9566462, 1788737666.6349447, 1788737667.3394527, 1788737668.0682516, 1788737668.8231049, 1788737669.607201, 1788737670.376413, 1788737670.9239855, 1788737671.5342388, 1788737672.1648774, 1788737672.8186827, 1788737673.499312, 1788737674.2077348, 1788737674.9431052]","[1, 1, 5, 5, 2, 1, 3, 4, 1, 2, 2, 4, 6, 1, 1, 2, 2, 8, 2, 4, 2, 9, 2, 1, 4, 3, 5, 3, 2, 2, 4, 5, 6, 1, 2, 2, 1, 8, 2, 3, 3, 1, 1, 1, 2, 7, 3, 9, 2, 1, 4, 7, 4, 1, 1, 7, 1, 1, 4, 2, 1, 6, 2, 7, 2, 2, 1, 1, 1, 9, 9, 6, 1, 1, 2, 1, 2, 2]"
User-021,2,trace_0266,1788737678.1796346,streaming,25895,217,217,346,7,397.9066255092621,441.9551682472229,0.20392843860167045,15.0,0,True,,1788737236.2243652,1788737634.1309907,1788737678.1795335,"[1788737634.1309907, 1788737634.673692, 1788737635.274611, 1788737635.9033031, 1788737636.5573587, 1788737637.2368279, 1788737637.9350667, 1788737638.663556, 1788737639.4182763, 1788737640.2088735, 1788737641.0258377, 1788737641.8658166, 1788737642.7250173, 1788737643.6154814, 1788737644.435755, 1788737644.9830198, 1788737645.5950747, 1788737646.2318306, 1788737646.8946564, 1788737647.5809996, 1788737648.29349, 1788737649.032402, 1788737649.799348, 1788737650.5937004, 1788737651.4133213, 1788737652.2602077, 1788737653.1330595, 1788737654.042467, 1788737654.6881893, 1788737655.248244, 1788737655.8727293, 1788737656.5212696, 1788737657.1935441, 1788737657.8908544, 1788737658.622718, 1788737659.3673766, 1788737660.1450872, 1788737660.9494276, 1788737661.7833762, 1788737662.6354716, 1788737663.5252867, 1788737664.0655677, 1788737664.670277, 1788737665.2999904, 1788737665.955071, 1788737666.6332967, 1788737667.3377883, 1788737668.0666244, 1788737668.8215687, 1788737669.6055388, 1788737670.3749082, 1788737670.922281, 1788737671.532229, 1788737672.1637988, 1788737672.8176064, 1788737673.4982448, 1788737674.2066383, 1788737674.9420342, 1788737675.7035754, 1788737676.4953907, 1788737677.3220093, 1788737678.1774864]","[1, 3, 2, 2, 2, 1, 2, 3, 2, 4, 3, 3, 1, 5, 1, 9, 4, 4, 4, 2, 2, 7, 3, 5, 5, 3, 1, 3, 3, 3, 3, 4, 1, 6, 3, 1, 2, 6, 4, 4, 8, 9, 9, 9, 5, 2, 1, 1, 2, 7, 3, 9, 4, 9, 3, 1, 1, 1, 1, 1, 2, 2]"
User-126,0,trace_0596,1788737682.1198971,streaming,22381,593,593,0,349,311.60900616645813,446.74009799957275,0.22826197944782875,0.0,0,True,,1788737235.3796394,1788737546.9886456,1788737682.1197374,"[1788737546.9886456, 1788737547.5444324, 1788737548.1534183, 1788737548.785679, 1788737549.4454916, 1788737550.1189132, 1788737550.8277996, 1788737551.5541248, 1788737552.306766, 1788737552.9092526, 1788737553.4815965, 1788737554.101238, 1788737554.757003, 1788737555.4363291, 1788737556.1303582, 1788737556.847195, 1788737557.593153, 1788737558.358618, 1788737559.1534371, 1788737559.9647164, 1788737560.8066146, 1788737561.6720276, 1788737562.529662, 1788737563.0710123, 1788737563.6781187, 1788737564.301762, 1788737564.9562185, 1788737565.6240659, 1788737566.3249612, 1788737567.0509636, 1788737567.8014355, 1788737568.5504744, 1788737569.0973, 1788737569.6983645, 1788737570.3279908, 1788737570.9772522, 1788737571.6560647, 1788737572.3516781, 1788737573.1109114, 1788737573.8303995, 1788737574.5982637, 1788737575.1461601, 1788737575.747019, 1788737576.3742375, 1788737577.0210938, 1788737577.692534, 1788737578.3862913, 1788737579.1075637, 1788737579.8656385, 1788737580.636327, 1788737581.4449778, 1788737582.2777889, 1788737583.170605, 1788737583.710394, 1788737584.31109, 1788737584.9363043, 1788737585.5861216, 1788737586.258326, 1788737586.9586995, 1788737587.6856208, 1788737588.4407153, 1788737589.2275171, 1788737590.037172, 1788737590.869994, 1788737591.7284453, 1788737592.5839622, 1788737593.1208978, 1788737593.7234545, 1788737594.3494627, 1788737595.0009964, 1788737595.6761467, 1788737596.3773205, 1788737597.1043272, 1788737597.8551357, 1788737598.6341748, 1788737599.4383643, 1788737600.2748039, 1788737601.1424456, 1788737602.033895, 1788737602.74365, 1788737603.2906702, 1788737603.9056761, 1788737604.547857, 1788737605.2048228, 1788737605.8941867, 1788737606.6066468, 1788737607.350308, 1788737607.908029, 1788737608.5095613, 1788737609.1344943, 1788737609.788102, 1788737610.462936, 1788737611.1699014, 1788737611.8974996, 1788737612.6563947, 1788737613.4409256, 1788737614.0841346, 1788737614.6489413, 1788737615.2702396, 1788737615.916405, 1788737616.584662, 1788737617.2771697, 1788737617.9999845, 1788737618.746021, 1788737619.524374, 1788737620.3357933, 1788737620.8851109, 1788737621.4849608, 1788737622.107881, 1788737622.7617333, 1788737623.4384024, 1788737624.1427171, 1788737624.8731117, 1788737625.6296504, 1788737626.421159, 1788737626.9668226, 1788737627.5666723, 1788737628.1940603, 1788737628.8468406, 1788737629.5229604, 1788737630.2247522, 1788737630.9528918, 1788737631.7091553, 1788737632.492559, 1788737633.3023963, 1788737634.128964, 1788737634.6718388, 1788737635.2729573, 1788737635.901595, 1788737636.5556364, 1788737637.2350383, 1788737637.9331915, 1788737638.661758, 1788737639.4165304, 1788737640.2070901, 1788737641.0240142, 1788737641.8636532, 1788737642.723775, 1788737643.6142197, 1788737644.434413, 1788737644.98155, 1788737645.5937731, 1788737646.230561, 1788737646.8934104, 1788737647.579758, 1788737648.2922354, 1788737649.031153, 1788737649.7980504, 1788737650.5923612, 1788737651.4120202, 1788737652.2589483, 1788737653.1317036, 1788737654.0411887, 1788737654.687046, 1788737655.2468321, 1788737655.8715322, 1788737656.5201187, 1788737657.192415, 1788737657.8896177, 1788737658.6211827, 1788737659.3662033, 1788737660.1438699, 1788737660.948337, 1788737661.7822053, 1788737662.634242, 1788737663.5233028, 1788737664.063875, 1788737664.6685336, 1788737665.298226, 1788737665.953362, 1788737666.6316738, 1788737667.3361225, 1788737668.0649245, 1788737668.8199081, 1788737669.6039567, 1788737670.3733807, 1788737670.9207113, 1788737671.530592, 1788737672.1618035, 1788737672.8164895, 1788737673.4971845, 1788737674.2055805, 1788737674.940967, 1788737675.7024755, 1788737676.4942758, 1788737677.3209662, 1788737678.176331, 1788737678.9847107, 1788737679.532324, 1788737680.1396797, 1788737680.7721512, 1788737681.4304216, 1788737682.1172519]","[1, 2, 4, 1, 3, 2, 4, 1, 3, 2, 1, 2, 1, 5, 4, 1, 1, 3, 4, 6, 1, 1, 2, 1, 2, 1, 6, 3, 4, 2, 4, 2, 1, 2, 3, 1, 7, 1, 1, 2, 1, 3, 2, 1, 1, 3, 2, 3, 8, 2, 2, 2, 1, 1, 9, 3, 5, 2, 2, 6, 1, 1, 1, 7, 1, 3, 7, 3, 4, 3, 5, 1, 3, 1, 3, 2, 6, 1, 2, 1, 2, 2, 1, 5, 1, 3, 4, 6, 3, 2, 4, 8, 5, 1, 2, 3, 1, 9, 2, 1, 6, 4, 7, 2, 4, 6, 2, 2, 3, 4, 1, 3, 3, 8, 2, 1, 2, 5, 2, 3, 2, 7, 3, 7, 1, 1, 4, 6, 6, 7, 2, 4, 1, 3, 3, 3, 1, 2, 2, 1, 5, 1, 2, 2, 3, 1, 3, 8, 2, 3, 2, 4, 3, 7, 2, 5, 3, 1, 2, 2, 1, 9, 2, 1, 1, 2, 4, 1, 6, 4, 2, 2, 3, 3, 4, 1, 3, 5, 9, 8, 3, 2, 6, 9, 3, 2, 4, 1, 6, 4, 3, 1, 3]"
User-116,0,trace_0229,1788737698.446138,streaming,31069,678,678,0,485,280.62157583236694,463.32872438430786,0.269877619722217,0.0,0,True,,1788737235.117302,1788737515.7388778,1788737698.4460263,"[1788737515.7388778, 1788737516.2940643, 1788737516.9092543, 1788737517.5463026, 1788737518.206846, 1788737518.8899412, 1788737519.6045344, 1788737520.3474698, 1788737521.0270863, 1788737521.5912669, 1788737522.206192, 1788737522.8399684, 1788737523.499959, 1788737524.1796873, 1788737524.887952, 1788737525.6236942, 1788737526.2426004, 1788737526.8158338, 1788737527.434084, 1788737528.0789988, 1788737528.7531404, 1788737529.435369, 1788737530.1496537, 1788737530.887512, 1788737531.5697262, 1788737532.127035, 1788737532.742701, 1788737533.3815544, 1788737534.045252, 1788737534.7245479, 1788737535.432279, 1788737536.1647704, 1788737536.9300973, 1788737537.7088203, 1788737538.514323, 1788737539.351195, 1788737540.1677215, 1788737540.7157822, 1788737541.319606, 1788737541.9507167, 1788737542.6054516, 1788737543.2754061, 1788737543.9743733, 1788737544.7014527, 1788737545.4670627, 1788737546.2602086, 1788737546.9911954, 1788737547.5470881, 1788737548.1562061, 1788737548.7883909, 1788737549.4485528, 1788737550.1211085, 1788737550.8298597, 1788737551.5561616, 1788737552.3089159, 1788737552.911241, 1788737553.4838064, 1788737554.1064167, 1788737554.7591946, 1788737555.4384758, 1788737556.1326277, 1788737556.8493087, 1788737557.5952916, 1788737558.3607488, 1788737559.1559978, 1788737559.9668329, 1788737560.8088088, 1788737561.6742013, 1788737562.5325506, 1788737563.0737236, 1788737563.6809177, 1788737564.3044403, 1788737564.959053, 1788737565.626775, 1788737566.3277273, 1788737567.0536692, 1788737567.8041668, 1788737568.5540688, 1788737569.1008706, 1788737569.701871, 1788737570.3312223, 1788737570.980619, 1788737571.6594424, 1788737572.3589053, 1788737573.1124344, 1788737573.8384573, 1788737574.6013138, 1788737575.1493933, 1788737575.7501345, 1788737576.3778203, 1788737577.0241113, 1788737577.6955056, 1788737578.3883693, 1788737579.109724, 1788737579.867845, 1788737580.6384323, 1788737581.4470758, 1788737582.2800438, 1788737583.1737127, 1788737583.7133095, 1788737584.3143008, 1788737584.9395468, 1788737585.589095, 1788737586.261194, 1788737586.9618776, 1788737587.6885455, 1788737588.4436424, 1788737589.2302465, 1788737590.0400798, 1788737590.872932, 1788737591.7315502, 1788737592.5865848, 1788737593.123778, 1788737593.726113, 1788737594.3521638, 1788737595.00371, 1788737595.6788418, 1788737596.380049, 1788737597.107039, 1788737597.8578193, 1788737598.6369069, 1788737599.4410772, 1788737600.277908, 1788737601.1451128, 1788737602.0366116, 1788737602.7463367, 1788737603.2935824, 1788737603.9087698, 1788737604.551096, 1788737605.210823, 1788737605.8970048, 1788737606.6094565, 1788737607.3528945, 1788737607.910792, 1788737608.5156384, 1788737609.136666, 1788737609.790223, 1788737610.4650953, 1788737611.1720495, 1788737611.8996444, 1788737612.6584952, 1788737613.4430676, 1788737614.0863488, 1788737614.6512065, 1788737615.2723536, 1788737615.9185317, 1788737616.5868232, 1788737617.2794704, 1788737618.0024889, 1788737618.747668, 1788737619.5259383, 1788737620.3373723, 1788737620.8866909, 1788737621.4869392, 1788737622.109032, 1788737622.7629237, 1788737623.4395986, 1788737624.143984, 1788737624.8742785, 1788737625.6308534, 1788737626.423199, 1788737626.9685283, 1788737627.568552, 1788737628.1957815, 1788737628.8485014, 1788737629.5246775, 1788737630.2264056, 1788737630.9546447, 1788737631.7109544, 1788737632.4943724, 1788737633.3040864, 1788737634.1314995, 1788737634.6742287, 1788737635.2782764, 1788737635.903831, 1788737636.5578847, 1788737637.2373402, 1788737637.935607, 1788737638.664084, 1788737639.4188335, 1788737640.2094233, 1788737641.026376, 1788737641.866375, 1788737642.7255554, 1788737643.6160522, 1788737644.4362714, 1788737644.9836068, 1788737645.5956109, 1788737646.2323563, 1788737646.8952448, 1788737647.5815408, 1788737648.2940304, 1788737649.0329874, 1788737649.7999115, 1788737650.5942802, 1788737651.4138827, 1788737652.2607527, 1788737653.1336045, 1788737654.0430484, 1788737654.6887116, 1788737655.248958, 1788737655.8732672, 1788737656.5218225, 1788737657.194083, 1788737657.8914146, 1788737658.6232996, 1788737659.3679073, 1788737660.1456165, 1788737660.9499705, 1788737661.7839167, 1788737662.635993, 1788737663.525821, 1788737664.0661101, 1788737664.670846, 1788737665.300523, 1788737665.9555986, 1788737666.6338167, 1788737667.3383095, 1788737668.0671778, 1788737668.8220828, 1788737669.6061516, 1788737670.3754065, 1788737670.9228625, 1788737671.5327477, 1788737672.1643527, 1788737672.8181264, 1788737673.4987743, 1788737674.2071881, 1788737674.9425414, 1788737675.704095, 1788737676.4959083, 1788737677.3225262, 1788737678.1783373, 1788737678.9852192, 1788737679.533062, 1788737680.140232, 1788737680.7726648, 1788737681.430972, 1788737682.118051, 1788737682.8200881, 1788737683.558289, 1788737684.3354127, 1788737685.1314886, 1788737685.9549658, 1788737686.7756777, 1788737687.3242686, 1788737687.9301622, 1788737688.5606933, 1788737689.2171037, 1788737689.8970149, 1788737690.6015162, 1788737691.3346496, 1788737692.0962727, 1788737692.885038, 1788737693.7024155, 1788737694.5465057, 1788737695.288875, 1788737695.8364546, 1788737696.449637, 1788737697.0874434, 1788737697.7523012, 1788737698.4435668]","[1, 4, 2, 3, 1, 2, 1, 2, 4, 2, 2, 3, 1, 1, 5, 1, 2, 1, 4, 3, 1, 1, 2, 4, 2, 1, 1, 1, 7, 2, 5, 4, 1, 6, 2, 5, 5, 1, 3, 4, 3, 3, 8, 2, 2, 4, 3, 2, 2, 4, 1, 1, 3, 1, 1, 1, 1, 3, 1, 2, 1, 1, 9, 4, 1, 2, 7, 4, 1, 1, 1, 2, 1, 2, 3, 2, 1, 3, 1, 1, 1, 4, 2, 2, 1, 4, 1, 1, 1, 2, 9, 2, 3, 5, 9, 3, 2, 1, 2, 1, 1, 4, 2, 2, 1, 1, 3, 1, 1, 2, 9, 4, 4, 2, 4, 5, 4, 2, 1, 2, 5, 3, 1, 2, 1, 3, 1, 1, 4, 2, 2, 5, 1, 3, 2, 7, 2, 1, 1, 3, 9, 3, 1, 9, 1, 1, 1, 1, 1, 1, 2, 2, 1, 1, 1, 2, 3, 1, 2, 1, 2, 9, 4, 4, 1, 2, 1, 2, 1, 1, 3, 1, 1, 2, 5, 3, 4, 1, 1, 3, 2, 3, 2, 1, 2, 2, 2, 1, 2, 8, 7, 2, 1, 2, 9, 1, 1, 1, 1, 6, 2, 1, 5, 2, 1, 1, 2, 9, 4, 6, 1, 4, 3, 4, 4, 1, 3, 1, 1, 1, 1, 3, 5, 1, 2, 2, 3, 1, 2, 2, 8, 9, 3, 2, 1, 9, 1, 1, 2, 2, 1, 4, 2, 1, 1, 1, 2, 1, 2, 3, 1, 2, 9, 4, 1, 1, 5, 2, 2, 1, 1, 4]"
User-052,6,trace_0594,1788737699.9022539,streaming,26419,73,73,403,2,450.0887463092804,463.21571946144104,0.18231907155778673,9.0,0,True,,1788737236.6864293,1788737686.7751756,1788737699.9021487,"[1788737686.7751756, 1788737687.323736, 1788737687.9296255, 1788737688.5601425, 1788737689.216552, 1788737689.8965018, 1788737690.6009943, 1788737691.3341079, 1788737692.0957513, 1788737692.8844821, 1788737693.7018929, 1788737694.5459936, 1788737695.2883487, 1788737695.8359113, 1788737696.4491084, 1788737697.0869105, 1788737697.751761, 1788737698.4430232, 1788737699.1527278, 1788737699.8963473]","[1, 3, 4, 2, 2, 2, 2, 3, 7, 7, 2, 2, 6, 4, 9, 4, 4, 3, 3, 3]"
User-037,7,trace_0489,1788737702.2948895,streaming,31852,289,289,459,35,418.31646966934204,465.9248790740967,0.1653069770998425,50.0,0,True,,1788737236.369917,1788737654.6863866,1788737702.294796,"[1788737654.6863866, 1788737655.2461946, 1788737655.870918, 1788737656.519497, 1788737657.191611, 1788737657.8890002, 1788737658.6142387, 1788737659.3655593, 1788737660.143253, 1788737660.947697, 1788737661.781423, 1788737662.6336212, 1788737663.5226007, 1788737664.0632622, 1788737664.6678674, 1788737665.2975943, 1788737665.952748, 1788737666.6309087, 1788737667.3353543, 1788737668.0643046, 1788737668.8192813, 1788737669.603272, 1788737670.3727705, 1788737670.9200714, 1788737671.5299604, 1788737672.1611333, 1788737672.815857, 1788737673.4965467, 1788737674.204959, 1788737674.9402916, 1788737675.7018607, 1788737676.4936097, 1788737677.320273, 1788737678.1756537, 1788737678.9835858, 1788737679.5309014, 1788737680.1384153, 1788737680.7709467, 1788737681.4292712, 1788737682.1160512, 1788737682.8189082, 1788737683.5571535, 1788737684.334197, 1788737685.130285, 1788737685.953718, 1788737686.7736638, 1788737687.322528, 1788737687.9285102, 1788737688.5589437, 1788737689.2153308, 1788737689.8953922, 1788737690.5998738, 1788737691.332956, 1788737692.094589, 1788737692.88334, 1788737693.7007034, 1788737694.5447974, 1788737695.2871823, 1788737695.834371, 1788737696.447891, 1788737697.085696, 1788737697.7505233, 1788737698.4418278, 1788737699.1516163, 1788737699.895185, 1788737700.6605582, 1788737701.4562821, 1788737702.291751]","[1, 1, 3, 5, 6, 2, 3, 8, 4, 6, 2, 2, 7, 3, 6, 5, 3, 4, 1, 5, 4, 2, 1, 8, 3, 6, 2, 7, 3, 8, 1, 9, 9, 4, 1, 5, 9, 9, 1, 5, 2, 1, 1, 8, 2, 9, 3, 1, 3, 6, 1, 2, 3, 1, 1, 8, 9, 2, 1, 9, 9, 9, 9, 8, 3, 2, 1, 1]"
User-060,23,trace_0527,1788737704.4787157,streaming,28232,79,79,428,2,442.359094619751,467.85166215896606,0.326827788964296,7.0,0,True,,1788737236.6269681,1788737678.9860628,1788737704.4786303,"[1788737678.9860628, 1788737679.5335853, 1788737680.1407642, 1788737680.7731702, 1788737681.4314945, 1788737682.1185813, 1788737682.8206234, 1788737683.5588331, 1788737684.3359528, 1788737685.132015, 1788737685.955484, 1788737686.7761796, 1788737687.324915, 1788737687.9306662, 1788737688.5612075, 1788737689.217625, 1788737689.8975413, 1788737690.602019, 1788737691.3351939, 1788737692.0968382, 1788737692.8855584, 1788737693.7029562, 1788737694.5470595, 1788737695.2894025, 1788737695.8371093, 1788737696.4501493, 1788737697.08796, 1788737697.7528238, 1788737698.4443786, 1788737699.153309, 1788737699.8971367, 1788737700.6617305, 1788737701.4574852, 1788737702.2931142, 1788737703.1461923, 1788737703.922724, 1788737704.4766827]","[1, 1, 3, 1, 3, 5, 6, 1, 1, 3, 2, 2, 2, 2, 3, 4, 1, 3, 2, 2, 1, 4, 1, 1, 2, 2, 2, 2, 2, 1, 2, 2, 4, 1, 1, 1, 2]"
User-034,4,trace_0164,1788737721.0996764,streaming,23068,283,283,311,30,433.80690598487854,484.53437423706055,0.17988463919213477,13.0,0,True,,1788737236.5652213,1788737670.3721273,1788737721.0995955,"[1788737670.3721273, 1788737670.9194484, 1788737671.5293396, 1788737672.1605175, 1788737672.8152168, 1788737673.495886, 1788737674.2043371, 1788737674.9396753, 1788737675.7012455, 1788737676.4929829, 1788737677.3196514, 1788737678.174817, 1788737678.9829307, 1788737679.5302553, 1788737680.1378064, 1788737680.770246, 1788737681.4286282, 1788737682.115434, 1788737682.8182113, 1788737683.55653, 1788737684.3335707, 1788737685.1296768, 1788737685.9530468, 1788737686.773006, 1788737687.3219366, 1788737687.9278922, 1788737688.5582275, 1788737689.214663, 1788737689.8947809, 1788737690.5992565, 1788737691.332313, 1788737692.093975, 1788737692.8826675, 1788737693.7000847, 1788737694.5441334, 1788737695.2864501, 1788737695.833745, 1788737696.4472706, 1788737697.085074, 1788737697.749873, 1788737698.4411638, 1788737699.1509335, 1788737699.894513, 1788737700.6598768, 1788737701.4556274, 1788737702.2910538, 1788737703.1448631, 1788737703.9206004, 1788737704.4748578, 1788737705.0859666, 1788737705.7255685, 1788737706.3918486, 1788737707.0821803, 1788737707.7998884, 1788737708.5759406, 1788737709.3333638, 1788737709.9506729, 1788737710.5192924, 1788737711.1456428, 1788737711.7990866, 1788737712.474072, 1788737713.1770804, 1788737713.9107733, 1788737714.67076, 1788737715.452819, 1788737716.2646267, 1788737717.1023357, 1788737717.969114, 1788737718.584564, 1788737719.14324, 1788737719.7669513, 1788737720.4184277, 1788737721.0951874]","[1, 2, 3, 2, 3, 7, 2, 2, 1, 8, 2, 5, 2, 1, 2, 5, 8, 1, 2, 2, 6, 3, 2, 7, 1, 4, 4, 5, 2, 5, 9, 2, 5, 4, 7, 4, 1, 2, 4, 4, 7, 1, 8, 4, 8, 1, 4, 3, 3, 3, 5, 5, 3, 1, 2, 5, 9, 5, 4, 3, 9, 4, 6, 2, 3, 4, 2, 6, 5, 9, 3, 1, 3]"
User-038,2,trace_0661,1788737724.0713458,streaming,30011,263,263,328,131,427.01250863075256,487.559494972229,0.23109536771555894,14.0,0,True,,1788737236.511759,1788737663.5242677,1788737724.071254,"[1788737663.5242677, 1788737664.064503, 1788737664.669169, 1788737665.2989306, 1788737665.9540021, 1788737666.6322236, 1788737667.336673, 1788737668.0655644, 1788737668.820528, 1788737669.6045103, 1788737670.3738837, 1788737670.92126, 1788737671.5311685, 1788737672.1623611, 1788737672.8170738, 1788737673.497736, 1788737674.2061303, 1788737674.9415114, 1788737675.703065, 1788737676.494866, 1788737677.3214972, 1788737678.1768985, 1788737678.9841938, 1788737679.531753, 1788737680.139124, 1788737680.7716157, 1788737681.4298792, 1788737682.1166852, 1788737682.8195446, 1788737683.5577497, 1788737684.3348563, 1788737685.1309705, 1788737685.9543488, 1788737686.7742171, 1788737687.3232038, 1788737687.9291105, 1788737688.5595832, 1788737689.2160006, 1788737689.8959885, 1788737690.600471, 1788737691.3335783, 1788737692.09523, 1788737692.8839607, 1788737693.7013261, 1788737694.5454316, 1788737695.287724, 1788737695.8352072, 1788737696.4485502, 1788737697.0863342, 1788737697.7512126, 1788737698.4424658, 1788737699.1521957, 1788737699.8958013, 1788737700.6611958, 1788737701.4569209, 1788737702.2925696, 1788737703.145581, 1788737703.9212637, 1788737704.4754827, 1788737705.0866926, 1788737705.7262325, 1788737706.392507, 1788737707.0828462, 1788737707.8005106, 1788737708.5762663, 1788737709.334026, 1788737709.9513817, 1788737710.5199232, 1788737711.1462734, 1788737711.7997146, 1788737712.4747798, 1788737713.1777337, 1788737713.9114292, 1788737714.671402, 1788737715.4534476, 1788737716.2652626, 1788737717.103064, 1788737717.969774, 1788737718.5852664, 1788737719.1439729, 1788737719.7676315, 1788737720.419064, 1788737721.0960891, 1788737721.790608, 1788737722.5209444, 1788737723.2791016, 1788737724.0675156]","[1, 1, 7, 4, 2, 3, 2, 1, 2, 2, 1, 4, 3, 6, 4, 1, 2, 5, 2, 3, 1, 5, 3, 7, 5, 5, 9, 6, 4, 3, 2, 1, 8, 3, 1, 2, 2, 2, 1, 2, 1, 2, 3, 7, 6, 8, 2, 3, 3, 2, 1, 1, 1, 1, 7, 2, 1, 1, 1, 2, 3, 7, 1, 9, 1, 1, 1, 3, 6, 2, 5, 5, 4, 2, 2, 1, 2, 2, 1, 1, 3, 1, 8, 2, 3, 2, 2]"
User-063,4,trace_0610,1788737732.4772046,streaming,20547,111,111,305,11,473.0930609703064,495.61738777160645,0.2047666072845459,14.0,0,True,,1788737236.8597395,1788737709.9528005,1788737732.4771273,"[1788737709.9528005, 1788737710.521083, 1788737711.1474652, 1788737711.8008652, 1788737712.475951, 1788737713.1791005, 1788737713.9125903, 1788737714.6725514, 1788737715.4545743, 1788737716.2664034, 1788737717.1041522, 1788737717.9709563, 1788737718.5871353, 1788737719.1458433, 1788737719.7693026, 1788737720.4207554, 1788737721.097992, 1788737721.7923977, 1788737722.522777, 1788737723.280829, 1788737724.0696285, 1788737724.8784847, 1788737725.7185106, 1788737726.4569495, 1788737727.013856, 1788737727.6312308, 1788737728.2727177, 1788737728.9381053, 1788737729.627542, 1788737730.349706, 1788737731.0958736, 1788737731.8713455, 1788737732.4751546]","[1, 1, 4, 5, 6, 3, 2, 1, 2, 2, 1, 4, 3, 6, 4, 1, 5, 2, 5, 1, 5, 3, 2, 6, 5, 5, 9, 6, 4, 3, 2, 1, 1]"
User-030,3,trace_0082,1788737733.6765788,streaming,21833,501,501,274,52,378.01757764816284,497.60636925697327,0.23917758321762084,14.0,0,True,,1788737236.0701225,1788737614.0877001,1788737733.6764917,"[1788737614.0877001, 1788737614.6525595, 1788737615.2735085, 1788737615.9195933, 1788737616.5879102, 1788737617.280325, 1788737618.003742, 1788737618.7487104, 1788737619.526989, 1788737620.3391988, 1788737620.8889215, 1788737621.4887545, 1788737622.1106617, 1788737622.7644994, 1788737623.441218, 1788737624.1456316, 1788737624.8759282, 1788737625.6324332, 1788737626.424699, 1788737626.9702554, 1788737627.5704005, 1788737628.1973991, 1788737628.8500345, 1788737629.5262175, 1788737630.227984, 1788737630.9562964, 1788737631.7125456, 1788737632.4960349, 1788737633.3056977, 1788737634.1330168, 1788737634.675796, 1788737635.2799954, 1788737635.9054785, 1788737636.5597076, 1788737637.2394397, 1788737637.937193, 1788737638.6656168, 1788737639.4204588, 1788737640.2109818, 1788737641.027996, 1788737641.8680248, 1788737642.7271922, 1788737643.6176546, 1788737644.438609, 1788737644.9859178, 1788737645.5976508, 1788737646.2344706, 1788737646.8973818, 1788737647.583719, 1788737648.2961547, 1788737649.035099, 1788737649.8020113, 1788737650.5965378, 1788737651.4160178, 1788737652.2629094, 1788737653.135758, 1788737654.0452313, 1788737654.6907747, 1788737655.2512653, 1788737655.8754067, 1788737656.5241468, 1788737657.1963768, 1788737657.8935006, 1788737658.625486, 1788737659.370058, 1788737660.147742, 1788737660.9522877, 1788737661.7874255, 1788737662.6375332, 1788737663.5273745, 1788737664.067954, 1788737664.6724355, 1788737665.30212, 1788737665.9573064, 1788737666.6354725, 1788737667.3399765, 1788737668.068783, 1788737668.8236172, 1788737669.6077542, 1788737670.37697, 1788737670.9245381, 1788737671.5347822, 1788737672.165513, 1788737672.8192108, 1788737673.4998276, 1788737674.20825, 1788737674.9438944, 1788737675.7046125, 1788737676.4964755, 1788737677.3231316, 1788737678.178917, 1788737678.9865677, 1788737679.5341032, 1788737680.1412888, 1788737680.7736793, 1788737681.4320178, 1788737682.1191492, 1788737682.8211613, 1788737683.5593472, 1788737684.336474, 1788737685.132543, 1788737685.9560037, 1788737686.776681, 1788737687.325428, 1788737687.9312344, 1788737688.5617423, 1788737689.2181723, 1788737689.8980544, 1788737690.6025631, 1788737691.335739, 1788737692.0973706, 1788737692.8860672, 1788737693.7034924, 1788737694.547579, 1788737695.2898922, 1788737695.8376253, 1788737696.4506512, 1788737697.0884778, 1788737697.753354, 1788737698.4449086, 1788737699.153809, 1788737699.8976789, 1788737700.662266, 1788737701.4580119, 1788737702.2936246, 1788737703.1467204, 1788737703.923293, 1788737704.4774845, 1788737705.0878503, 1788737705.7274466, 1788737706.3936996, 1788737707.0840354, 1788737707.8016922, 1788737708.5767767, 1788737709.335222, 1788737709.9533072, 1788737710.5216117, 1788737711.1480038, 1788737711.8014293, 1788737712.476516, 1788737713.1796308, 1788737713.9131112, 1788737714.6730657, 1788737715.455104, 1788737716.2669485, 1788737717.1046877, 1788737717.9714913, 1788737718.5876405, 1788737719.1463745, 1788737719.76983, 1788737720.4212587, 1788737721.0985267, 1788737721.7929177, 1788737722.5233228, 1788737723.2813392, 1788737724.0701556, 1788737724.8790402, 1788737725.7190635, 1788737726.4574914, 1788737727.0143797, 1788737727.6317627, 1788737728.2733252, 1788737728.9386528, 1788737729.628076, 1788737730.350234, 1788737731.096388, 1788737731.8718603, 1788737732.4759393, 1788737733.0459604, 1788737733.675096]","[1, 2, 3, 2, 1, 5, 1, 2, 3, 9, 4, 3, 3, 1, 9, 2, 5, 2, 2, 1, 3, 9, 6, 2, 3, 2, 2, 1, 1, 2, 2, 7, 1, 3, 1, 2, 2, 5, 1, 2, 2, 7, 3, 5, 1, 4, 1, 3, 3, 4, 2, 4, 2, 1, 1, 2, 6, 3, 5, 2, 2, 1, 1, 2, 2, 3, 2, 3, 2, 2, 3, 1, 3, 1, 2, 7, 1, 3, 1, 3, 1, 3, 1, 1, 2, 2, 1, 2, 1, 7, 2, 1, 1, 2, 1, 3, 2, 2, 9, 6, 1, 3, 2, 3, 3, 1, 2, 9, 1, 2, 3, 3, 2, 2, 2, 8, 5, 2, 6, 5, 1, 2, 2, 6, 3, 6, 1, 3, 3, 2, 7, 5, 4, 2, 2, 1, 1, 5, 9, 1, 4, 3, 1, 5, 3, 1, 2, 6, 2, 1, 2, 2, 1, 1, 2, 9, 5, 5, 2, 6, 7, 1, 2, 1, 4, 6, 1, 5, 3, 3]"
User-050,2,trace_0243,1788737739.5815268,streaming,28640,156,156,377,38,467.1079683303833,502.76717352867126,0.2300593883760514,12.0,0,True,,1788737236.8142426,1788737703.922211,1788737739.5814161,"[1788737703.922211, 1788737704.4760997, 1788737705.0872695, 1788737705.726883, 1788737706.3931487, 1788737707.0834482, 1788737707.8011565, 1788737708.5765183, 1788737709.3346214, 1788737709.9519045, 1788737710.5205405, 1788737711.1469367, 1788737711.800321, 1788737712.47541, 1788737713.1785138, 1788737713.912045, 1788737714.6720057, 1788737715.4540503, 1788737716.265869, 1788737717.1036255, 1788737717.9703739, 1788737718.586623, 1788737719.1451113, 1788737719.7687871, 1788737720.4202213, 1788737721.0974514, 1788737721.7918832, 1788737722.5222216, 1788737723.2803092, 1788737724.069087, 1788737724.877872, 1788737725.7179234, 1788737726.4564447, 1788737727.013324, 1788737727.6306696, 1788737728.2722645, 1788737728.9375722, 1788737729.6269786, 1788737730.3491325, 1788737731.0953183, 1788737731.8707974, 1788737732.4745698, 1788737733.0454373, 1788737733.6745214, 1788737734.325574, 1788737735.0022273, 1788737735.7092118, 1788737736.4408715, 1788737737.2015762, 1788737737.9887352, 1788737738.805228, 1788737739.580048]","[1, 6, 1, 9, 3, 5, 2, 2, 4, 2, 4, 1, 3, 5, 3, 4, 2, 3, 6, 2, 5, 1, 2, 2, 5, 4, 1, 3, 1, 2, 7, 1, 2, 4, 1, 2, 3, 5, 6, 5, 3, 2, 2, 4, 2, 1, 1, 6, 1, 2, 1, 1]"
User-064,8,trace_0441,1788737751.9699419,streaming,27351,105,105,404,17,489.4664008617401,514.9810705184937,0.24533336208416864,12.0,0,True,,1788737236.9887743,1788737726.4551752,1788737751.9698448,"[1788737726.4551752, 1788737727.012074, 1788737727.6294158, 1788737728.271, 1788737728.9362636, 1788737729.625679, 1788737730.3478334, 1788737731.0940447, 1788737731.8694308, 1788737732.4735382, 1788737733.0442524, 1788737733.673309, 1788737734.324396, 1788737735.001018, 1788737735.7080724, 1788737736.4397166, 1788737737.2004323, 1788737737.9875777, 1788737738.8040526, 1788737739.5789907, 1788737740.1289415, 1788737740.7381942, 1788737741.3751147, 1788737742.035703, 1788737742.7242155, 1788737743.4373808, 1788737744.1789327, 1788737744.9486747, 1788737745.7509727, 1788737746.5783117, 1788737747.3636222, 1788737747.910195, 1788737748.5212276, 1788737749.1560006, 1788737749.8173711, 1788737750.5020852, 1788737751.219455, 1788737751.9664843]","[1, 4, 1, 6, 5, 2, 6, 3, 2, 1, 3, 9, 4, 9, 1, 3, 1, 2, 2, 2, 4, 1, 2, 4, 3, 1, 1, 1, 7, 1, 1, 1, 4, 2, 1, 1, 1, 2]"
User-081,2,trace_0572,1788737780.2499497,streaming,26465,187,187,366,11,509.9289495944977,542.8137593269348,0.17680005232493082,14.0,0,True,,1788737237.436107,1788737747.3650565,1788737780.2498662,"[1788737747.3650565, 1788737747.91126, 1788737748.5222716, 1788737749.157064, 1788737749.8184006, 1788737750.5031588, 1788737751.2205365, 1788737751.968531, 1788737752.730936, 1788737753.5286934, 1788737754.3561137, 1788737755.211817, 1788737755.9023356, 1788737756.4571228, 1788737757.0752459, 1788737757.7201629, 1788737758.3899412, 1788737759.082284, 1788737759.8072767, 1788737760.5557215, 1788737761.3360732, 1788737762.1465654, 1788737762.9847465, 1788737763.8461623, 1788737764.7345276, 1788737765.406383, 1788737765.9630964, 1788737766.5817485, 1788737767.2272263, 1788737767.8962584, 1788737768.5939639, 1788737769.3173695, 1788737770.067928, 1788737770.843996, 1788737771.6496518, 1788737772.4789457, 1788737773.3370862, 1788737774.0050957, 1788737774.5650663, 1788737775.1854928, 1788737775.830443, 1788737776.4998877, 1788737777.1940362, 1788737777.9122288, 1788737778.6619673, 1788737779.4392128, 1788737780.2468905]","[1, 3, 3, 4, 7, 1, 4, 8, 2, 4, 3, 5, 2, 9, 5, 1, 4, 3, 9, 2, 8, 2, 8, 3, 1, 5, 1, 1, 6, 3, 4, 3, 7, 2, 1, 8, 7, 2, 6, 3, 3, 4, 2, 2, 1, 5, 9]"
User-078,3,trace_0366,1788737781.0782504,streaming,28539,39,39,389,6,536.3774924278259,543.4487113952637,0.18608470966941432,115.0,0,True,,1788737237.6294575,1788737774.00695,1788737781.0781689,"[1788737774.00695, 1788737774.5668273, 1788737775.18701, 1788737775.8320389, 1788737776.5015225, 1788737777.1957133, 1788737777.9137726, 1788737778.6635609, 1788737779.440772, 1788737780.248732, 1788737781.0768642]","[1, 1, 3, 9, 2, 3, 7, 2, 1, 6, 4]"
User-092,9,trace_0403,1788737787.3406918,streaming,25556,155,155,380,3,502.2001597881317,549.9630150794983,0.31014841098289986,8.0,0,True,,1788737237.3775866,1788737739.5777464,1788737787.3406017,"[1788737739.5777464, 1788737740.1275883, 1788737740.73696, 1788737741.3738997, 1788737742.0342584, 1788737742.722994, 1788737743.4361463, 1788737744.1776507, 1788737744.947421, 1788737745.749702, 1788737746.5770962, 1788737747.3624065, 1788737747.9088056, 1788737748.51997, 1788737749.1547618, 1788737749.8161442, 1788737750.5008242, 1788737751.2181315, 1788737751.9651623, 1788737752.7290695, 1788737753.5269148, 1788737754.3543327, 1788737755.2099664, 1788737755.9005249, 1788737756.455171, 1788737757.074298, 1788737757.7182958, 1788737758.3881307, 1788737759.080436, 1788737759.8054874, 1788737760.5538964, 1788737761.334285, 1788737762.1447947, 1788737762.9829793, 1788737763.8444033, 1788737764.7327974, 1788737765.4046044, 1788737765.961067, 1788737766.5800064, 1788737767.2253468, 1788737767.8944807, 1788737768.592196, 1788737769.3156004, 1788737770.0661097, 1788737770.8422, 1788737771.6478326, 1788737772.477154, 1788737773.335271, 1788737774.0032837, 1788737774.5630136, 1788737775.1837685, 1788737775.8286018, 1788737776.4980419, 1788737777.192157, 1788737777.910418, 1788737778.6601865, 1788737779.437394, 1788737780.2450657, 1788737781.0737271, 1788737781.9308765, 1788737782.7629504, 1788737783.3548071, 1788737783.91418, 1788737784.545559, 1788737785.2047694, 1788737785.8856027, 1788737786.593285, 1788737787.3360157]","[1, 1, 3, 1, 3, 5, 5, 2, 2, 1, 2, 1, 1, 4, 2, 2, 1, 1, 1, 4, 3, 2, 2, 1, 3, 2, 2, 2, 3, 6, 1, 3, 2, 2, 1, 2, 2, 4, 1, 6, 1, 2, 2, 5, 1, 3, 1, 2, 1, 3, 2, 4, 2, 3, 1, 1, 2, 3, 1, 3, 1, 1, 5, 4, 1, 2, 4, 1]"
User-106,112,trace_0626,1788737787.341184,streaming,27928,119,119,429,4,518.4039578437805,549.8418607711792,0.2664229061643956,6.0,0,True,,1788737237.499243,1788737755.9032009,1788737787.3411038,"[1788737755.9032009, 1788737756.4576778, 1788737757.0754972, 1788737757.72068, 1788737758.390464, 1788737759.082884, 1788737759.807817, 1788737760.5562353, 1788737761.3365946, 1788737762.1471083, 1788737762.9852898, 1788737763.8466747, 1788737764.735064, 1788737765.4069347, 1788737765.9636097, 1788737766.5822558, 1788737767.2277474, 1788737767.896776, 1788737768.5944846, 1788737769.3178854, 1788737770.0684605, 1788737770.8445072, 1788737771.6501563, 1788737772.4794796, 1788737773.3376074, 1788737774.0055974, 1788737774.5655859, 1788737775.1859725, 1788737775.8310058, 1788737776.500405, 1788737777.1945684, 1788737777.9127443, 1788737778.6624687, 1788737779.4397287, 1788737780.2476933, 1788737781.0758584, 1788737781.9326918, 1788737782.7647147, 1788737783.3556528, 1788737783.916058, 1788737784.547345, 1788737785.2065387, 1788737785.8873973, 1788737786.5950558, 1788737787.3382003]","[1, 1, 1, 3, 4, 2, 3, 1, 3, 1, 2, 3, 3, 2, 1, 2, 5, 2, 3, 2, 5, 4, 3, 2, 2, 3, 3, 2, 2, 6, 1, 3, 5, 5, 5, 1, 5, 2, 2, 2, 1, 3, 1, 2, 4]"
User-107,65,trace_0573,1788737816.8471842,streaming,30897,266,266,475,3,527.839611530304,579.278929233551,0.1941106328424418,9.0,0,True,,1788737237.5681493,1788737765.4077609,1788737816.8470786,"[1788737765.4077609, 1788737765.964289, 1788737766.5828137, 1788737767.2282772, 1788737767.8972785, 1788737768.5950382, 1788737769.3184025, 1788737770.068992, 1788737770.8450406, 1788737771.6506636, 1788737772.4800098, 1788737773.3383038, 1788737774.0061054, 1788737774.566088, 1788737775.1864717, 1788737775.8315325, 1788737776.5009582, 1788737777.195167, 1788737777.9132724, 1788737778.6630423, 1788737779.4402356, 1788737780.2481978, 1788737781.0763562, 1788737781.9332252, 1788737782.7652216, 1788737783.3558948, 1788737783.916607, 1788737784.5478556, 1788737785.2070727, 1788737785.8878899, 1788737786.5955575, 1788737787.3390276, 1788737788.0966592, 1788737788.8508234, 1788737789.4061017, 1788737790.0147085, 1788737790.6493316, 1788737791.308819, 1788737791.994077, 1788737792.7066648, 1788737793.4460337, 1788737794.2105856, 1788737794.8220124, 1788737795.3914745, 1788737796.0139492, 1788737796.6639268, 1788737797.338429, 1788737798.0361555, 1788737798.7631552, 1788737799.5166328, 1788737800.2963412, 1788737801.1062348, 1788737801.9189193, 1788737802.4693735, 1788737803.0753515, 1788737803.7059133, 1788737804.3629692, 1788737805.0437787, 1788737805.7533252, 1788737806.4874558, 1788737807.248259, 1788737808.0370224, 1788737808.852625, 1788737809.6993127, 1788737810.3563602, 1788737810.9194324, 1788737811.5420923, 1788737812.1874468, 1788737812.8570187, 1788737813.5511239, 1788737814.2722826, 1788737815.0190234, 1788737815.6606483, 1788737816.2245657, 1788737816.8450816]","[1, 4, 9, 1, 1, 2, 4, 7, 4, 3, 3, 3, 2, 5, 3, 2, 8, 9, 1, 6, 2, 6, 1, 7, 2, 5, 1, 2, 4, 3, 9, 2, 4, 9, 1, 4, 1, 2, 5, 3, 3, 2, 1, 4, 2, 1, 1, 3, 2, 2, 4, 2, 9, 2, 9, 1, 1, 1, 6, 3, 2, 3, 2, 4, 3, 2, 8, 3, 5, 6, 4, 1, 3, 7, 3]"
User-133,0,trace_0674,1788737844.3649352,streaming,2,251,0,0,387,0.0,0.0,0.0,0.0,0,False,,1788737238.1656406,1788737238.1656406,1788737844.364647,[],[]
User-155,0,trace_0642,1788737845.1408057,streaming,2,256,0,0,276,0.0,0.0,0.0,0.0,0,False,,1788737239.2456899,1788737239.2456899,1788737845.1406991,[],[]
User-098,386,trace_0379,1788737886.6174562,streaming,14204,57,57,217,2,579.2240352630615,590.911639213562,0.20870721340179443,5.0,0,True,,1788737295.7057486,1788737874.9297838,1788737886.6173878,"[1788737874.9297838, 1788737875.5009954, 1788737876.1204872, 1788737876.7666285, 1788737877.4343154, 1788737878.1241121, 1788737878.8404574, 1788737879.5814607, 1788737880.3497186, 1788737880.9885948, 1788737881.550871, 1788737882.1678011, 1788737882.8082592, 1788737883.486463, 1788737884.178269, 1788737884.78281, 1788737885.3535492, 1788737885.9734335, 1788737886.615577]","[1, 4, 3, 4, 1, 2, 2, 2, 1, 2, 3, 1, 3, 4, 9, 5, 2, 3, 5]"
User-162,0,trace_0715,1788737846.149399,streaming,2,262,0,0,288,0.0,0.0,0.0,0.0,0,False,,1788737246.1025424,1788737246.1025424,1788737846.1493006,[],[]
User-134,0,trace_0733,1788737844.4008832,streaming,2,182,0,0,287,0.0,0.0,0.0,0.0,0,False,,1788737238.2120998,1788737238.2120998,1788737844.4007459,[],[]
User-143,0,trace_0716,1788737844.6255114,streaming,2,120,0,0,331,0.0,0.0,0.0,0.0,0,False,,1788737238.6042273,1788737238.6042273,1788737844.6252265,[],[]
User-149,0,trace_0371,1788737844.856216,streaming,2,137,0,0,338,0.0,0.0,0.0,0.0,0,False,,1788737238.8906362,1788737238.8906362,1788737844.85609,[],[]
User-001,0,trace_0712,1788737860.8411102,streaming,18851,119,112,0,294,582.9134101867676,628.0958445072174,0.4070489578418904,0.0,0,True,,1788737232.7451735,1788737815.6585836,1788737860.841018,"[1788737815.6585836, 1788737816.2222812, 1788737816.843012, 1788737817.4810581, 1788737818.149678, 1788737818.7622836, 1788737819.3346279, 1788737819.9490159, 1788737820.5885172, 1788737821.9465613, 1788737822.4992466, 1788737824.370306, 1788737825.0431266, 1788737826.8620105, 1788737827.490707, 1788737828.8257475, 1788737829.5315902, 1788737830.175865, 1788737830.738921, 1788737831.3520203, 1788737831.9857228, 1788737832.6436007, 1788737833.3243968, 1788737834.0286362, 1788737834.7608612, 1788737835.5217655, 1788737836.3135915, 1788737837.1310158, 1788737837.968621, 1788737838.7860808, 1788737839.3258445, 1788737839.9292786, 1788737840.5542455, 1788737841.203406, 1788737841.8841019, 1788737842.5858595, 1788737843.3132133, 1788737844.0681672, 1788737844.653558, 1788737845.2517989, 1788737845.819071, 1788737846.3921144, 1788737846.9605534, 1788737847.5360665, 1788737848.1407146, 1788737848.7650633, 1788737849.4086103, 1788737850.080405, 1788737850.7753892, 1788737851.4938235, 1788737852.180745, 1788737852.7471595, 1788737853.346998, 1788737853.9755006, 1788737854.6416714, 1788737855.3255541, 1788737856.0297902, 1788737856.7572112, 1788737857.5113926, 1788737858.289911, 1788737859.0252752, 1788737859.6033947, 1788737860.2088814, 1788737860.8381507]","[1, 1, 1, 1, 2, 1, 3, 1, 3, 1, 1, 1, 1, 1, 1, 1, 1, 1, 1, 5, 4, 1, 1, 1, 1, 2, 4, 1, 1, 1, 2, 2, 1, 1, 1, 1, 2, 1, 2, 1, 2, 2, 2, 2, 1, 1, 1, 2, 1, 3, 1, 1, 2, 4, 4, 3, 3, 2, 3, 3, 2, 1, 4, 2]"
User-111,70,trace_0585,1788737873.648981,streaming,19961,386,386,411,97,557.0241487026215,635.8525388240814,0.20474906525054534,15.0,0,True,,1788737237.7963176,1788737794.8204663,1788737873.6488564,"[1788737794.8204663, 1788737795.3898351, 1788737796.0123203, 1788737796.6622236, 1788737797.336785, 1788737798.0344524, 1788737798.761415, 1788737799.5149565, 1788737800.2946, 1788737801.104655, 1788737801.916371, 1788737802.4670088, 1788737803.0731559, 1788737803.7037926, 1788737804.3607798, 1788737805.0415924, 1788737805.7511168, 1788737806.485212, 1788737807.2460175, 1788737808.0349133, 1788737808.8503397, 1788737809.6971843, 1788737810.3533688, 1788737810.9163628, 1788737811.5393574, 1788737812.1845388, 1788737812.8543644, 1788737813.5484457, 1788737814.2696435, 1788737815.0163872, 1788737815.6568885, 1788737816.2211237, 1788737816.8417983, 1788737817.4798722, 1788737818.148332, 1788737818.7612252, 1788737819.3335786, 1788737819.9480028, 1788737820.5874786, 1788737821.250528, 1788737821.945565, 1788737822.4979973, 1788737823.097197, 1788737823.721892, 1788737824.3690913, 1788737825.042002, 1788737825.6812325, 1788737826.2477572, 1788737826.8603332, 1788737827.489133, 1788737828.1446464, 1788737828.8241444, 1788737829.5294867, 1788737830.174286, 1788737830.7373137, 1788737831.3503902, 1788737831.9840033, 1788737832.641987, 1788737833.3228445, 1788737834.0270884, 1788737834.759208, 1788737835.5201695, 1788737836.311979, 1788737837.1293, 1788737837.9670668, 1788737838.7846003, 1788737839.324347, 1788737839.9277308, 1788737840.552752, 1788737841.202166, 1788737841.8825316, 1788737842.5842767, 1788737843.3116808, 1788737844.0666292, 1788737844.651925, 1788737845.250161, 1788737845.8174925, 1788737846.3905585, 1788737846.9590266, 1788737847.5345192, 1788737848.139145, 1788737848.7635512, 1788737849.4070945, 1788737850.0788112, 1788737850.7737315, 1788737851.4922538, 1788737852.1792276, 1788737852.745586, 1788737853.345342, 1788737853.9740574, 1788737854.6401196, 1788737855.3239255, 1788737856.0281653, 1788737856.7555587, 1788737857.5098581, 1788737858.2883537, 1788737859.0236616, 1788737859.6017845, 1788737860.2071729, 1788737860.8365304, 1788737861.4831886, 1788737862.1564121, 1788737862.8510563, 1788737863.5779014, 1788737864.333017, 1788737864.9105554, 1788737865.509402, 1788737866.130605, 1788737866.7788703, 1788737867.4471667, 1788737868.0340629, 1788737868.612094, 1788737869.2336295, 1788737869.874964, 1788737870.544635, 1788737871.102976, 1788737871.7024024, 1788737872.3260145, 1788737872.973207, 1788737873.6441922]","[1, 3, 3, 2, 3, 5, 4, 2, 1, 6, 4, 3, 6, 1, 2, 2, 2, 2, 9, 1, 2, 1, 1, 3, 9, 1, 1, 4, 4, 5, 2, 3, 2, 9, 2, 5, 4, 7, 3, 3, 2, 5, 6, 3, 1, 9, 3, 1, 4, 7, 3, 2, 2, 3, 2, 1, 4, 2, 1, 1, 6, 2, 9, 1, 2, 2, 2, 3, 1, 2, 2, 2, 2, 1, 3, 6, 2, 1, 3, 2, 9, 1, 2, 3, 1, 2, 4, 1, 1, 8, 1, 2, 1, 4, 1, 3, 2, 5, 4, 3, 4, 3, 1, 2, 8, 1, 3, 1, 9, 2, 7, 5, 4, 3, 1, 1, 3, 9, 7, 5]"
User-135,0,trace_0605,1788737844.4428108,streaming,2,130,0,0,332,0.0,0.0,0.0,0.0,0,False,,1788737238.2648668,1788737238.2648668,1788737844.4426785,[],[]
User-158,0,trace_0640,1788737845.3438141,streaming,2,825,0,0,317,0.0,0.0,0.0,0.0,0,False,,1788737242.8274226,1788737242.8274226,1788737845.343689,[],[]
User-142,0,trace_0043,1788737869.237519,streaming,15840,132,132,0,247,591.6223433017731,630.6872866153717,0.29820567414960786,0.0,0,True,,1788737238.550153,1788737830.1724963,1788737869.2374396,"[1788737830.1724963, 1788737830.7347903, 1788737831.3484824, 1788737831.9821618, 1788737832.640228, 1788737833.3209968, 1788737834.0252526, 1788737834.7575152, 1788737835.5183647, 1788737836.305756, 1788737837.1271074, 1788737837.965215, 1788737838.7828696, 1788737839.3224132, 1788737839.926054, 1788737840.5510702, 1788737841.2008824, 1788737841.880898, 1788737842.5825775, 1788737843.309993, 1788737844.0649467, 1788737844.6502361, 1788737845.248522, 1788737845.8157816, 1788737846.3888822, 1788737846.9572067, 1788737847.5328085, 1788737848.1372337, 1788737848.7618425, 1788737849.4053044, 1788737850.0769856, 1788737850.7720895, 1788737851.4905286, 1788737852.177689, 1788737852.7438595, 1788737853.343771, 1788737853.9728782, 1788737854.6384816, 1788737855.3223672, 1788737856.026565, 1788737856.7539754, 1788737857.5083373, 1788737858.2867596, 1788737859.0220764, 1788737859.6002321, 1788737860.2055602, 1788737860.8349762, 1788737861.4814382, 1788737862.1548176, 1788737862.8494558, 1788737863.5762675, 1788737864.3318086, 1788737864.9088457, 1788737865.5076735, 1788737866.129054, 1788737866.7772737, 1788737867.4460027, 1788737868.032522, 1788737868.6103723, 1788737869.231692]","[1, 1, 5, 1, 3, 1, 1, 3, 1, 1, 2, 1, 2, 8, 1, 3, 2, 2, 4, 2, 2, 1, 1, 5, 1, 3, 2, 1, 2, 6, 1, 1, 1, 3, 2, 3, 2, 2, 1, 2, 2, 1, 7, 2, 1, 5, 1, 1, 2, 1, 8, 1, 2, 1, 2, 1, 1, 1, 1, 4]"
User-163,0,trace_0182,1788737887.9666622,streaming,17465,155,155,0,272,595.5497610569,631.3399007320404,0.23240350438402846,0.0,0,True,,1788737256.6266677,1788737852.1764288,1788737887.9665685,"[1788737852.1764288, 1788737852.7421534, 1788737853.3424768, 1788737853.971721, 1788737854.6372325, 1788737855.3211446, 1788737856.0253334, 1788737856.7527397, 1788737857.507058, 1788737858.2854636, 1788737859.0208116, 1788737859.5989707, 1788737860.2042825, 1788737860.833631, 1788737861.4801927, 1788737862.1535504, 1788737862.848222, 1788737863.5749888, 1788737864.3307922, 1788737864.9076028, 1788737865.5063877, 1788737866.1278098, 1788737866.7759879, 1788737867.4450257, 1788737868.031281, 1788737868.6091416, 1788737869.2303896, 1788737869.8726149, 1788737870.5422173, 1788737871.1003335, 1788737871.6999872, 1788737872.3236315, 1788737872.9706247, 1788737873.6417675, 1788737874.3313756, 1788737874.9249976, 1788737875.4963784, 1788737876.115937, 1788737876.7621248, 1788737877.4299333, 1788737878.1196516, 1788737878.8360226, 1788737879.5769157, 1788737880.3452673, 1788737880.9833813, 1788737881.5457208, 1788737882.162691, 1788737882.8032258, 1788737883.481428, 1788737884.173219, 1788737884.7770405, 1788737885.3479807, 1788737885.9678154, 1788737886.6113157, 1788737887.2717402, 1788737887.9611]","[1, 2, 4, 1, 3, 2, 1, 1, 1, 4, 2, 7, 1, 9, 2, 1, 3, 1, 3, 3, 5, 4, 2, 1, 3, 1, 2, 2, 1, 1, 5, 4, 1, 7, 3, 2, 2, 3, 4, 1, 7, 1, 3, 3, 5, 1, 5, 2, 2, 1, 2, 3, 2, 1, 5, 6]"
User-153,0,trace_0376,1788737845.0530138,streaming,2,194,0,0,389,0.0,0.0,0.0,0.0,0,False,,1788737239.138281,1788737239.138281,1788737845.0528898,[],[]
User-136,0,trace_0692,1788737844.48071,streaming,2,88,0,0,274,0.0,0.0,0.0,0.0,0,False,,1788737238.3071983,1788737238.3071983,1788737844.4805875,[],[]
User-161,0,trace_0713,1788737845.4434378,streaming,2,231,0,0,284,0.0,0.0,0.0,0.0,0,False,,1788737244.2946475,1788737244.2946475,1788737845.4433265,[],[]
User-113,89,trace_0017,1788737858.358755,streaming,2,164,0,229,184,0.0,0.0,0.0,159.0,0,False,,1788737258.2802107,1788737258.2802107,1788737858.3585463,[],[]
User-137,0,trace_0491,1788737863.5819151,streaming,13043,187,187,0,203,583.6110694408417,625.2434973716736,0.22383025769264467,0.0,0,True,,1788737238.3383627,1788737821.9494321,1788737863.58186,"[1788737821.9494321, 1788737822.5019257, 1788737823.1008518, 1788737823.7255256, 1788737824.3730712, 1788737825.0457618, 1788737825.685881, 1788737826.2519238, 1788737826.8647718, 1788737827.4933772, 1788737828.148804, 1788737828.8284392, 1788737829.5343552, 1788737830.1784852, 1788737830.7416956, 1788737831.355138, 1788737831.9883704, 1788737832.6462634, 1788737833.3271165, 1788737834.0312295, 1788737834.763396, 1788737835.5244372, 1788737836.315708, 1788737837.1337109, 1788737837.971693, 1788737838.7884417, 1788737839.3274286, 1788737839.9308813, 1788737840.5558853, 1788737841.2045538, 1788737841.88571, 1788737842.5873904, 1788737843.3148568, 1788737844.0697784, 1788737844.655168, 1788737845.2533474, 1788737845.8206716, 1788737846.3937395, 1788737846.9621832, 1788737847.537715, 1788737848.1423442, 1788737848.7666528, 1788737849.4102316, 1788737850.082032, 1788737850.776923, 1788737851.495424, 1788737852.1822622, 1788737852.7487726, 1788737853.3485255, 1788737853.9766617, 1788737854.643301, 1788737855.3271737, 1788737856.0313456, 1788737856.7588098, 1788737857.5130517, 1788737858.2915344, 1788737859.026819, 1788737859.6049914, 1788737860.210412, 1788737860.8400013, 1788737861.4860384, 1788737862.15905, 1788737862.853693, 1788737863.5805707]","[1, 1, 5, 2, 4, 2, 3, 1, 1, 3, 2, 8, 1, 3, 2, 4, 1, 1, 2, 2, 1, 8, 1, 1, 4, 2, 1, 2, 2, 1, 1, 1, 1, 5, 2, 3, 1, 2, 1, 3, 5, 2, 7, 8, 4, 5, 1, 3, 1, 2, 4, 1, 2, 1, 3, 9, 2, 6, 2, 4, 3, 9, 3, 8]"
User-147,0,trace_0268,1788737844.7744093,streaming,2,205,0,0,289,0.0,0.0,0.0,0.0,0,False,,1788737238.7878458,1788737238.7878458,1788737844.7742863,[],[]
User-160,0,trace_0507,1788737845.4055483,streaming,2,405,0,0,153,0.0,0.0,0.0,0.0,0,False,,1788737243.523401,1788737243.523401,1788737845.4054449,[],[]
User-145,0,trace_0284,1788737844.7026014,streaming,2,135,0,0,295,0.0,0.0,0.0,0.0,0,False,,1788737238.7003787,1788737238.7003787,1788737844.702479,[],[]
User-138,0,trace_0597,1788737844.5136054,streaming,2,247,0,0,278,0.0,0.0,0.0,0.0,0,False,,1788737238.3814008,1788737238.3814008,1788737844.513485,[],[]
User-156,0,trace_0369,1788737845.1978393,streaming,2,303,0,0,386,0.0,0.0,0.0,0.0,0,False,,1788737239.3075674,1788737239.3075674,1788737845.1975818,[],[]
User-114,109,trace_0696,1788737838.7895775,streaming,29546,317,317,435,23,545.070262670517,601.0936779975891,0.17728928900972196,7.0,0,True,,1788737237.695801,1788737782.7660637,1788737838.789479,"[1788737782.7660637, 1788737783.3561618, 1788737783.9171307, 1788737784.5483778, 1788737785.2076533, 1788737785.888395, 1788737786.5960839, 1788737787.3395653, 1788737788.0971808, 1788737788.8513508, 1788737789.4068065, 1788737790.0152798, 1788737790.649836, 1788737791.3093245, 1788737791.994644, 1788737792.7072291, 1788737793.4465868, 1788737794.2111685, 1788737794.8225129, 1788737795.391969, 1788737796.014443, 1788737796.664423, 1788737797.3389454, 1788737798.0368624, 1788737798.7636645, 1788737799.5171435, 1788737800.2968693, 1788737801.1067793, 1788737801.9194574, 1788737802.4699118, 1788737803.075936, 1788737803.7064466, 1788737804.3634646, 1788737805.04427, 1788737805.7538455, 1788737806.4879627, 1788737807.2487442, 1788737808.037548, 1788737808.8531327, 1788737809.6998575, 1788737810.3568573, 1788737810.919935, 1788737811.5426593, 1788737812.1881938, 1788737812.8575308, 1788737813.5516984, 1788737814.2728193, 1788737815.0195055, 1788737815.6611502, 1788737816.2251592, 1788737816.8460205, 1788737817.483111, 1788737818.151984, 1788737818.7642686, 1788737819.3367953, 1788737819.9510522, 1788737820.5905867, 1788737821.2539334, 1788737821.948589, 1788737822.5014234, 1788737823.100341, 1788737823.7250113, 1788737824.3725705, 1788737825.0452292, 1788737825.6853492, 1788737826.251409, 1788737826.8642392, 1788737827.4928842, 1788737828.1483076, 1788737828.8279374, 1788737829.5338137, 1788737830.177973, 1788737830.740981, 1788737831.3542738, 1788737831.9878392, 1788737832.6457355, 1788737833.3265758, 1788737834.030709, 1788737834.7628815, 1788737835.523892, 1788737836.3154624, 1788737837.1331854, 1788737837.9711545, 1788737838.7876754]","[1, 7, 8, 6, 1, 1, 3, 1, 4, 3, 1, 4, 2, 2, 3, 1, 1, 1, 9, 4, 3, 2, 3, 6, 2, 8, 2, 3, 1, 3, 3, 1, 1, 2, 1, 4, 3, 3, 4, 4, 1, 1, 2, 4, 6, 9, 3, 9, 9, 2, 8, 5, 4, 4, 3, 2, 1, 2, 7, 1, 3, 2, 1, 8, 2, 5, 5, 1, 2, 1, 6, 7, 5, 3, 9, 7, 9, 2, 2, 9, 9, 9, 3, 2]"
User-157,0,trace_0368,1788737845.3029132,streaming,2,111,0,0,339,0.0,0.0,0.0,0.0,0,False,,1788737242.4551852,1788737242.4551852,1788737845.3028007,[],[]
User-121,2,trace_0288,1788737845.2599902,streaming,2,426,0,367,44,0.0,0.0,0.0,47.0,0,False,,1788737239.3928537,1788737239.3928537,1788737845.2597973,[],[]
User-122,4,trace_0513,1788737837.9730825,streaming,25491,142,142,375,16,564.0641298294067,600.1187210083008,0.25570632041768826,8.0,0,True,,1788737237.8542557,1788737801.9183855,1788737837.9729767,"[1788737801.9183855, 1788737802.4688542, 1788737803.0748239, 1788737803.705393, 1788737804.362442, 1788737805.0432813, 1788737805.7528148, 1788737806.486935, 1788737807.247752, 1788737808.0365002, 1788737808.8521147, 1788737809.6987991, 1788737810.3558738, 1788737810.918893, 1788737811.541574, 1788737812.186914, 1788737812.8565128, 1788737813.5504932, 1788737814.2717967, 1788737815.018502, 1788737815.6601653, 1788737816.2240434, 1788737816.8445323, 1788737817.4825819, 1788737818.1512485, 1788737818.7637823, 1788737819.3362515, 1788737819.9505484, 1788737820.5900679, 1788737821.2532191, 1788737821.9480784, 1788737822.5008907, 1788737823.0997667, 1788737823.7244213, 1788737824.3720195, 1788737825.044668, 1788737825.6846457, 1788737826.2509022, 1788737826.863706, 1788737827.4923544, 1788737828.1477902, 1788737828.8274162, 1788737829.5332792, 1788737830.1774318, 1788737830.7404742, 1788737831.3537457, 1788737831.9873133, 1788737832.6452198, 1788737833.3260512, 1788737834.0302076, 1788737834.7623782, 1788737835.5233767, 1788737836.3152218, 1788737837.132636, 1788737837.9702737]","[1, 1, 1, 3, 2, 1, 1, 2, 4, 3, 1, 1, 2, 5, 4, 5, 1, 7, 1, 1, 1, 2, 4, 2, 3, 1, 8, 3, 4, 2, 4, 5, 2, 4, 1, 2, 2, 1, 1, 5, 3, 2, 2, 6, 1, 2, 2, 3, 2, 1, 1, 1, 2, 9, 1]"
User-140,0,trace_0282,1788737844.5455081,streaming,2,746,0,0,261,0.0,0.0,0.0,0.0,0,False,,1788737238.452706,1788737238.452706,1788737844.5453966,[],[]
User-130,0,trace_0425,1788737844.231843,streaming,2,285,0,0,298,0.0,0.0,0.0,0.0,0,False,,1788737238.0053627,1788737238.0053627,1788737844.2316952,[],[]
User-141,0,trace_0424,1788737844.5834298,streaming,2,285,0,0,298,0.0,0.0,0.0,0.0,0,False,,1788737238.4989555,1788737238.4989555,1788737844.5833101,[],[]
User-154,0,trace_0194,1788737845.1069345,streaming,2,851,0,0,397,0.0,0.0,0.0,0.0,0,False,,1788737239.202894,1788737239.202894,1788737845.1068144,[],[]
User-152,0,trace_0283,1788737845.0010955,streaming,2,728,0,0,383,0.0,0.0,0.0,0.0,0,False,,1788737239.0748625,1788737239.0748625,1788737845.0008304,[],[]
User-159,0,trace_0612,1788737845.3816998,streaming,2,259,0,0,266,0.0,0.0,0.0,0.0,0,False,,1788737243.3822622,1788737243.3822622,1788737845.3815882,[],[]
User-151,0,trace_0137,1788737844.952041,streaming,2,481,0,0,399,0.0,0.0,0.0,0.0,0,False,,1788737239.011781,1788737239.011781,1788737844.9519072,[],[]
User-131,0,trace_0619,1788737844.2989357,streaming,2,130,0,0,285,0.0,0.0,0.0,0.0,0,False,,1788737238.0490928,1788737238.0490928,1788737844.2988214,[],[]
User-150,0,trace_0649,1788737844.898127,streaming,2,434,0,0,337,0.0,0.0,0.0,0.0,0,False,,1788737238.9429026,1788737238.9429026,1788737844.8980043,[],[]
User-148,0,trace_0697,1788737844.8133168,streaming,2,305,0,0,320,0.0,0.0,0.0,0.0,0,False,,1788737238.8377848,1788737238.8377848,1788737844.8131816,[],[]
User-146,0,trace_0676,1788737844.7365057,streaming,2,885,0,0,269,0.0,0.0,0.0,0.0,0,False,,1788737238.7428117,1788737238.7428117,1788737844.7363822,[],[]
User-144,0,trace_0669,1788737844.6646924,streaming,2,173,0,0,319,0.0,0.0,0.0,0.0,0,False,,1788737238.6541536,1788737238.6541536,1788737844.6645708,[],[]
User-125,8,trace_0014,1788737863.2607436,streaming,2,4764,0,396,4,0.0,0.0,0.0,77.0,0,False,,1788737263.1855953,1788737263.1855953,1788737863.260599,[],[]
User-132,0,trace_0560,1788737844.3138587,streaming,2,121,0,0,315,0.0,0.0,0.0,0.0,0,False,,1788737238.0986679,1788737238.0986679,1788737844.3137386,[],[]
User-072,3,trace_0015,1788737890.2115397,streaming,21423,421,421,261,60,551.1003942489624,652.461550951004,0.24133608738581339,21.0,0,True,,1788737237.7498872,1788737788.8502815,1788737890.2114382,"[1788737788.8502815, 1788737789.405522, 1788737790.0141826, 1788737790.6488132, 1788737791.3082952, 1788737791.9935284, 1788737792.7061148, 1788737793.4454694, 1788737794.2100444, 1788737794.821507, 1788737795.3909724, 1788737796.0134163, 1788737796.6633918, 1788737797.3379319, 1788737798.0356474, 1788737798.7625968, 1788737799.516109, 1788737800.2958145, 1788737801.1057274, 1788737801.9175582, 1788737802.4681344, 1788737803.0742912, 1788737803.7048657, 1788737804.3619385, 1788737805.0427217, 1788737805.7523005, 1788737806.4863603, 1788737807.247215, 1788737808.035985, 1788737808.8515615, 1788737809.6982648, 1788737810.3553803, 1788737810.918231, 1788737811.541066, 1788737812.1861672, 1788737812.8560164, 1788737813.5499969, 1788737814.2713106, 1788737815.0180092, 1788737815.6596646, 1788737816.2233565, 1788737816.8440366, 1788737817.4820716, 1788737818.1506858, 1788737818.763304, 1788737819.3357036, 1788737819.9500673, 1788737820.5895143, 1788737821.2525315, 1788737821.9475925, 1788737822.5002716, 1788737823.0992384, 1788737823.7238905, 1788737824.3715007, 1788737825.0441103, 1788737825.6841516, 1788737826.2503412, 1788737826.8630924, 1788737827.4918363, 1788737828.147218, 1788737828.8268123, 1788737829.5326712, 1788737830.1769137, 1788737830.7399523, 1788737831.35314, 1788737831.9867952, 1788737832.6447096, 1788737833.3254316, 1788737834.0297065, 1788737834.761872, 1788737835.5228035, 1788737836.314682, 1788737837.1320448, 1788737837.9696622, 1788737838.7871416, 1788737839.326932, 1788737839.9303505, 1788737840.555346, 1788737841.204161, 1788737841.8852093, 1788737842.5868826, 1788737843.3142893, 1788737844.0692515, 1788737844.6546385, 1788737845.2528365, 1788737845.820165, 1788737846.3932083, 1788737846.961654, 1788737847.5371652, 1788737848.1418238, 1788737848.7661455, 1788737849.4097013, 1788737850.0815148, 1788737850.7764094, 1788737851.494905, 1788737852.1817586, 1788737852.7482255, 1788737853.3480294, 1788737853.9762893, 1788737854.6427786, 1788737855.3266551, 1788737856.0308404, 1788737856.7582679, 1788737857.512507, 1788737858.2910151, 1788737859.026301, 1788737859.6044738, 1788737860.209916, 1788737860.8395, 1788737861.485533, 1788737862.15852, 1788737862.8531864, 1788737863.5800178, 1788737864.334697, 1788737864.9126418, 1788737865.5116427, 1788737866.1327019, 1788737866.7810483, 1788737867.4491591, 1788737868.0361142, 1788737868.6142871, 1788737869.2359343, 1788737869.87711, 1788737870.5467947, 1788737871.1051118, 1788737871.7045927, 1788737872.3282902, 1788737872.9754965, 1788737873.6467943, 1788737874.3352327, 1788737874.928972, 1788737875.5004723, 1788737876.119916, 1788737876.7660508, 1788737877.4338071, 1788737878.1235936, 1788737878.8399272, 1788737879.5808794, 1788737880.3492017, 1788737880.9881053, 1788737881.5503402, 1788737882.1672573, 1788737882.8076808, 1788737883.4859555, 1788737884.177761, 1788737884.7823145, 1788737885.353031, 1788737885.9729273, 1788737886.6151483, 1788737887.276824, 1788737887.9670818, 1788737888.6741605, 1788737889.4226115, 1788737890.208729]","[1, 6, 2, 2, 1, 2, 5, 4, 2, 2, 1, 5, 5, 1, 2, 2, 2, 3, 1, 2, 3, 3, 5, 1, 1, 1, 6, 4, 8, 7, 1, 2, 2, 3, 5, 1, 2, 1, 2, 2, 5, 1, 3, 4, 1, 2, 1, 3, 1, 2, 5, 3, 2, 3, 5, 2, 6, 3, 1, 1, 4, 1, 4, 4, 4, 1, 2, 8, 2, 2, 3, 2, 6, 2, 4, 1, 2, 4, 1, 1, 1, 9, 5, 4, 1, 1, 3, 9, 6, 3, 1, 3, 2, 3, 2, 4, 5, 1, 1, 3, 3, 1, 4, 5, 2, 1, 3, 1, 1, 1, 2, 2, 3, 6, 3, 1, 2, 6, 1, 1, 2, 3, 2, 1, 1, 1, 1, 6, 2, 2, 3, 2, 3, 4, 1, 2, 3, 3, 2, 1, 3, 3, 2, 2, 2, 1, 2, 2, 6, 6, 4, 1, 2, 1]"
