user_id,request_idx,trace_id,timestamp,request_type,input_tokens,output_tokens_expected,output_tokens_actual,cache_hit_blocks,cache_miss_blocks,ttft,ttlt,itl,delay_expected,delay_actual,success,error_message,request_start_time,prefill_complete_time,request_complete_time,token_timestamps,tokens_per_chunk
User-035,0,trace_0062,1788727468.523334,streaming,14980,113,113,0,233,14.113389015197754,64.50660991668701,0.44993947233472553,0.0,0,True,,1788727404.0166495,1788727418.1300385,1788727468.5232594,"[1788727418.1300385, 1788727418.7005672, 1788727419.3278337, 1788727419.9870005, 1788727420.6782665, 1788727421.401673, 1788727422.1564436, 1788727422.787358, 1788727423.3879392, 1788727424.040787, 1788727424.7258995, 1788727425.443329, 1788727426.192041, 1788727426.9735591, 1788727427.7873187, 1788727428.6344025, 1788727429.2559667, 1788727429.8590708, 1788727430.517099, 1788727431.2068348, 1788727431.9277883, 1788727432.6820562, 1788727433.4719834, 1788727434.1752949, 1788727434.7672124, 1788727435.414706, 1788727436.0913584, 1788727436.8005464, 1788727437.5403492, 1788727438.3090036, 1788727439.1133022, 1788727439.9025307, 1788727440.4827702, 1788727441.122614, 1788727441.7912126, 1788727442.490181, 1788727443.2222192, 1788727443.9847934, 1788727444.7773182, 1788727445.5369048, 1788727446.125493, 1788727446.7688131, 1788727447.4410133, 1788727448.1415868, 1788727448.8765147, 1788727449.6393328, 1788727450.4363325, 1788727451.2663534, 1788727452.1246338, 1788727452.924315, 1788727453.5097175, 1788727454.1555526, 1788727454.8315723, 1788727455.5354548, 1788727456.2736375, 1788727457.0379765, 1788727457.8380802, 1788727458.6704984, 1788727459.5370934, 1788727460.1141171, 1788727460.7514985, 1788727461.4201086, 1788727462.1173208, 1788727462.843724, 1788727463.6010256, 1788727464.3890417, 1788727465.1706471, 1788727465.7570517, 1788727466.4052737, 1788727467.0762925, 1788727467.7810092, 1788727468.5189638]","[1, 1, 1, 1, 3, 3, 1, 1, 1, 3, 2, 1, 2, 1, 1, 1, 1, 1, 2, 1, 2, 1, 1, 1, 2, 2, 1, 1, 1, 1, 1, 2, 1, 1, 4, 2, 1, 1, 1, 2, 1, 1, 1, 2, 4, 2, 2, 1, 1, 2, 3, 3, 3, 2, 1, 1, 1, 3, 1, 1, 1, 1, 2, 4, 1, 1, 1, 2, 1, 1, 3, 1]"
User-005,0,trace_0568,1788727497.825049,streaming,20311,131,131,0,317,37.19020748138428,95.11014723777771,0.44553799812610334,0.0,0,True,,1788727402.7146618,1788727439.9048693,1788727497.824809,"[1788727439.9048693, 1788727440.4847488, 1788727441.125217, 1788727441.7932947, 1788727442.4929707, 1788727443.2242787, 1788727443.9869866, 1788727444.7793672, 1788727445.5396616, 1788727446.1276705, 1788727446.770952, 1788727447.443071, 1788727448.143662, 1788727448.8785331, 1788727449.6415226, 1788727450.4383476, 1788727451.2683926, 1788727452.126721, 1788727452.9272518, 1788727453.5123966, 1788727454.1581538, 1788727454.8341353, 1788727455.5379508, 1788727456.2762926, 1788727457.0410523, 1788727457.8406284, 1788727458.6755683, 1788727459.5396981, 1788727460.116524, 1788727460.7539985, 1788727461.423197, 1788727462.1203241, 1788727462.8469036, 1788727463.603574, 1788727464.3921962, 1788727465.1741848, 1788727465.7600434, 1788727466.4083776, 1788727467.0793684, 1788727467.7847912, 1788727468.5228865, 1788727469.289622, 1788727470.0168839, 1788727470.6127102, 1788727471.2610552, 1788727471.9448655, 1788727472.6497483, 1788727473.3889203, 1788727474.160477, 1788727474.9605505, 1788727475.7918227, 1788727476.4645705, 1788727477.0660396, 1788727477.7280693, 1788727478.426157, 1788727479.1442952, 1788727479.89468, 1788727480.6762106, 1788727481.49157, 1788727482.0753884, 1788727482.7177393, 1788727483.3890593, 1788727484.0916097, 1788727484.8222578, 1788727485.585779, 1788727486.3717563, 1788727487.123566, 1788727487.7211854, 1788727488.374913, 1788727489.058816, 1788727489.770713, 1788727490.5121284, 1788727491.2827187, 1788727492.0895462, 1788727492.9191024, 1788727493.599205, 1788727494.2038913, 1788727494.8654587, 1788727495.5595083, 1788727496.2812145, 1788727497.036436, 1788727497.8239152]","[1, 1, 1, 2, 2, 1, 2, 2, 1, 2, 2, 1, 1, 3, 1, 1, 3, 3, 1, 1, 2, 2, 1, 1, 2, 2, 1, 1, 2, 1, 2, 1, 2, 2, 1, 1, 1, 1, 1, 1, 2, 1, 1, 2, 1, 3, 2, 2, 3, 3, 1, 1, 1, 2, 1, 1, 2, 3, 2, 1, 1, 1, 2, 1, 2, 2, 2, 2, 2, 1, 1, 1, 2, 2, 1, 2, 1, 3, 2, 1, 3, 1]"
User-004,0,trace_0629,1788727518.1574616,streaming,18361,185,185,0,286,31.516828298568726,115.49954652786255,0.4564278164635534,0.0,0,True,,1788727402.6577597,1788727434.174588,1788727518.1573062,"[1788727434.174588, 1788727434.7666688, 1788727435.4141996, 1788727436.090846, 1788727436.8000274, 1788727437.5398357, 1788727438.3084865, 1788727439.1127973, 1788727439.9020333, 1788727440.4822445, 1788727441.1220765, 1788727441.7906578, 1788727442.4896731, 1788727443.221688, 1788727443.9842098, 1788727444.7767963, 1788727445.5355248, 1788727446.1243763, 1788727446.7672603, 1788727447.439976, 1788727448.1405673, 1788727448.8755023, 1788727449.6379364, 1788727450.4353228, 1788727451.265351, 1788727452.1235552, 1788727452.9229116, 1788727453.5084095, 1788727454.1543965, 1788727454.8301072, 1788727455.5344183, 1788727456.272122, 1788727457.0369477, 1788727457.8370373, 1788727458.6691065, 1788727459.5346096, 1788727460.112624, 1788727460.7499764, 1788727461.4184878, 1788727462.1153746, 1788727462.8421462, 1788727463.5991087, 1788727464.3874793, 1788727465.1686912, 1788727465.7555294, 1788727466.403726, 1788727467.074708, 1788727467.779443, 1788727468.5171604, 1788727469.2853887, 1788727470.0113635, 1788727470.6081262, 1788727471.256506, 1788727471.940236, 1788727472.6451025, 1788727473.3837976, 1788727474.155771, 1788727474.9560068, 1788727475.786543, 1788727476.4585638, 1788727477.0605612, 1788727477.722354, 1788727478.4211352, 1788727479.1385553, 1788727479.8895597, 1788727480.6700923, 1788727481.4846218, 1788727482.0698483, 1788727482.7121437, 1788727483.3834643, 1788727484.0852995, 1788727484.8164716, 1788727485.5800052, 1788727486.3661537, 1788727487.1163516, 1788727487.7151532, 1788727488.36883, 1788727489.0526385, 1788727489.7645478, 1788727490.5053182, 1788727491.2756844, 1788727492.0830986, 1788727492.9131038, 1788727493.592103, 1788727494.1972811, 1788727494.8588445, 1788727495.552824, 1788727496.277984, 1788727497.0292828, 1788727497.8166213, 1788727498.6308405, 1788727499.4744503, 1788727500.3482008, 1788727501.2532957, 1788727502.1891253, 1788727503.0882366, 1788727503.6718946, 1788727504.320955, 1788727505.0006652, 1788727505.7105885, 1788727506.4500346, 1788727507.2139935, 1788727508.0123472, 1788727508.8472805, 1788727509.7090123, 1788727510.6001313, 1788727511.528152, 1788727512.3131843, 1788727512.9115188, 1788727513.5681398, 1788727514.2567966, 1788727514.9783869, 1788727515.7229931, 1788727516.496757, 1788727517.3056097, 1788727518.1497886]","[1, 1, 1, 1, 3, 2, 1, 1, 1, 1, 3, 2, 1, 2, 1, 1, 2, 1, 1, 1, 2, 1, 1, 2, 1, 2, 1, 1, 1, 2, 1, 1, 1, 1, 1, 1, 1, 2, 1, 2, 1, 4, 2, 1, 1, 1, 1, 2, 1, 1, 2, 2, 1, 4, 1, 1, 2, 2, 2, 1, 2, 1, 1, 2, 2, 1, 2, 2, 4, 3, 1, 1, 1, 1, 2, 3, 2, 1, 1, 2, 2, 1, 2, 2, 3, 2, 1, 2, 2, 3, 3, 1, 3, 1, 1, 1, 1, 2, 3, 3, 1, 1, 2, 1, 1, 1, 1, 2, 1, 1, 2, 1, 3, 1, 4, 1]"
User-003,0,trace_0714,1788727526.5248022,streaming,21916,225,225,0,342,26.64655900001526,123.91338682174683,0.4342269099184445,0.0,0,True,,1788727402.611313,1788727429.257872,1788727526.5247,"[1788727429.257872, 1788727429.8606486, 1788727430.5186002, 1788727431.2087526, 1788727431.9294345, 1788727432.683612, 1788727433.4735248, 1788727434.1768346, 1788727434.769109, 1788727435.4162285, 1788727436.0928483, 1788727436.8020332, 1788727437.5418403, 1788727438.3104982, 1788727439.116512, 1788727439.9040804, 1788727440.4842732, 1788727441.124626, 1788727441.7927556, 1788727442.492419, 1788727443.2237582, 1788727443.9863474, 1788727444.778842, 1788727445.5391257, 1788727446.1271422, 1788727446.7704113, 1788727447.442501, 1788727448.1431723, 1788727448.8780441, 1788727449.6410074, 1788727450.4378605, 1788727451.2678952, 1788727452.1262255, 1788727452.9259195, 1788727453.511357, 1788727454.1571796, 1788727454.8331664, 1788727455.5369852, 1788727456.2753057, 1788727457.0400102, 1788727457.8396652, 1788727458.6744876, 1788727459.5386705, 1788727460.115742, 1788727460.7530384, 1788727461.422141, 1788727462.1191337, 1788727462.8458762, 1788727463.6025593, 1788727464.3911903, 1788727465.1731946, 1788727465.759096, 1788727466.407364, 1788727467.0783846, 1788727467.783801, 1788727468.5218885, 1788727469.2886543, 1788727470.0158954, 1788727470.611702, 1788727471.2600906, 1788727471.9438775, 1788727472.648759, 1788727473.3879251, 1788727474.1595032, 1788727474.9595587, 1788727475.7906895, 1788727476.463599, 1788727477.0650413, 1788727477.7270339, 1788727478.4251952, 1788727479.1433132, 1788727479.8937075, 1788727480.6744976, 1788727481.4903388, 1788727482.0744066, 1788727482.716771, 1788727483.388076, 1788727484.090549, 1788727484.8212533, 1788727485.584803, 1788727486.3707907, 1788727487.1225471, 1788727487.7202108, 1788727488.3739188, 1788727489.0578358, 1788727489.769721, 1788727490.5111425, 1788727491.281747, 1788727492.088562, 1788727492.918116, 1788727493.5982115, 1788727494.202906, 1788727494.8644645, 1788727495.5585318, 1788727496.2807603, 1788727497.0354657, 1788727497.8228853, 1788727498.6365135, 1788727499.4801197, 1788727500.353862, 1788727501.259243, 1788727502.1951437, 1788727503.0946898, 1788727503.6779864, 1788727504.327892, 1788727505.009214, 1788727505.71671, 1788727506.4562466, 1788727507.2201543, 1788727508.0185442, 1788727508.8534236, 1788727509.715176, 1788727510.6063497, 1788727511.5342941, 1788727512.3173854, 1788727512.917566, 1788727513.574179, 1788727514.2629216, 1788727514.9869926, 1788727515.7291043, 1788727516.50299, 1788727517.311941, 1788727518.1564522, 1788727519.0315967, 1788727519.6726494, 1788727520.286944, 1788727520.9605415, 1788727521.6609266, 1788727522.3929622, 1788727523.152739, 1788727523.941387, 1788727524.7621324, 1788727525.6217818, 1788727526.523445]","[1, 1, 1, 2, 2, 1, 2, 3, 2, 1, 1, 1, 1, 1, 1, 2, 1, 4, 2, 2, 2, 3, 1, 3, 3, 2, 4, 2, 2, 2, 2, 3, 1, 1, 1, 1, 1, 1, 3, 3, 1, 1, 2, 2, 1, 1, 1, 2, 2, 2, 1, 1, 4, 1, 1, 1, 1, 1, 3, 2, 1, 2, 3, 2, 2, 1, 1, 2, 4, 3, 1, 1, 1, 2, 1, 3, 1, 2, 3, 2, 1, 1, 2, 1, 2, 1, 2, 1, 1, 1, 1, 1, 4, 2, 1, 1, 1, 1, 1, 2, 2, 2, 1, 1, 2, 1, 1, 3, 1, 1, 1, 4, 1, 3, 1, 2, 1, 1, 1, 1, 1, 2, 1, 1, 1, 1, 3, 2, 3, 1, 1, 2, 3, 2]"
User-017,2,trace_0726,1788727549.778791,streaming,20944,127,127,317,3,90.28734993934631,146.468825340271,0.44588472540416413,6.0,0,True,,1788727403.3098435,1788727493.5971935,1788727549.7786689,"[1788727493.5971935, 1788727494.201899, 1788727494.8634832, 1788727495.5575464, 1788727496.2802892, 1788727497.0344524, 1788727497.8218873, 1788727498.6355293, 1788727499.4791088, 1788727500.3528607, 1788727501.2580857, 1788727502.1941378, 1788727503.0928085, 1788727503.6764884, 1788727504.3263023, 1788727505.0054142, 1788727505.7151678, 1788727506.4547062, 1788727507.2186778, 1788727508.017072, 1788727508.8519368, 1788727509.7136962, 1788727510.6048796, 1788727511.5328085, 1788727512.315832, 1788727512.9160724, 1788727513.5727205, 1788727514.2613993, 1788727514.9855168, 1788727515.7276666, 1788727516.5014477, 1788727517.3104675, 1788727518.1549337, 1788727519.0257654, 1788727519.6671722, 1788727520.281291, 1788727520.9535108, 1788727521.6553977, 1788727522.3876808, 1788727523.147167, 1788727523.9358532, 1788727524.756548, 1788727525.6161716, 1788727526.5177855, 1788727527.4282098, 1788727528.385706, 1788727529.36826, 1788727530.0835178, 1788727530.6851523, 1788727531.3532586, 1788727532.0516825, 1788727532.7796345, 1788727533.534888, 1788727534.3211062, 1788727535.1402721, 1788727535.9978144, 1788727536.8738286, 1788727537.7826514, 1788727538.7264392, 1788727539.7015462, 1788727540.4138093, 1788727541.0212002, 1788727541.6907988, 1788727542.389923, 1788727543.1202166, 1788727543.8788922, 1788727544.665091, 1788727545.4817777, 1788727546.3303378, 1788727547.056967, 1788727547.6657512, 1788727548.333716, 1788727549.0274308, 1788727549.7730634]","[1, 2, 2, 1, 1, 1, 3, 2, 1, 2, 2, 1, 1, 1, 1, 4, 2, 2, 1, 1, 2, 1, 1, 3, 2, 1, 1, 1, 3, 1, 4, 1, 1, 1, 1, 1, 1, 4, 5, 2, 2, 4, 1, 1, 1, 1, 2, 3, 1, 2, 1, 1, 2, 3, 1, 1, 1, 1, 2, 3, 2, 3, 1, 2, 1, 1, 3, 2, 1, 2, 1, 3, 1, 1]"
User-025,5,trace_0588,1788727549.7790573,streaming,30062,120,120,463,3,99.71057176589966,146.39586114883423,0.39231335615911406,7.0,0,True,,1788727403.3831189,1788727503.0936906,1788727549.77898,"[1788727503.0936906, 1788727503.676967, 1788727504.3268306, 1788727505.0059118, 1788727505.7156873, 1788727506.4552162, 1788727507.2191806, 1788727508.0175552, 1788727508.8524394, 1788727509.7141767, 1788727510.6053753, 1788727511.5333312, 1788727512.3163369, 1788727512.9165547, 1788727513.5732176, 1788727514.261889, 1788727514.9859993, 1788727515.7281427, 1788727516.501963, 1788727517.3109658, 1788727518.155461, 1788727519.0305748, 1788727519.6716893, 1788727520.2859216, 1788727520.9581456, 1788727521.659929, 1788727522.3921812, 1788727523.1517785, 1788727523.9404182, 1788727524.7611282, 1788727525.6207714, 1788727526.5224116, 1788727527.4329185, 1788727528.3903005, 1788727529.3728726, 1788727530.088127, 1788727530.6897807, 1788727531.35785, 1788727532.0562873, 1788727532.7842567, 1788727533.5395763, 1788727534.3281362, 1788727535.1448166, 1788727536.0024922, 1788727536.8787947, 1788727537.7873366, 1788727538.7312644, 1788727539.7057092, 1788727540.4189568, 1788727541.0260751, 1788727541.6955256, 1788727542.3944993, 1788727543.124934, 1788727543.8834982, 1788727544.6703851, 1788727545.4865005, 1788727546.3355277, 1788727547.0592506, 1788727547.667799, 1788727548.3358223, 1788727549.0294673, 1788727549.7754438]","[1, 2, 1, 2, 2, 1, 2, 3, 1, 2, 2, 1, 1, 2, 1, 2, 1, 1, 5, 2, 1, 1, 1, 2, 1, 2, 1, 3, 5, 2, 1, 3, 1, 1, 1, 1, 3, 1, 3, 3, 1, 2, 1, 3, 5, 2, 2, 1, 4, 2, 4, 1, 3, 5, 1, 2, 1, 1, 2, 2, 2, 1]"
User-023,0,trace_0562,1788727555.5069363,streaming,20881,175,175,0,325,73.28725004196167,152.33321714401245,0.4542871672531654,0.0,0,True,,1788727403.1736145,1788727476.4608645,1788727555.5068316,"[1788727476.4608645, 1788727477.062459, 1788727477.7239487, 1788727478.4226422, 1788727479.1402645, 1788727479.8911421, 1788727480.6716714, 1788727481.486923, 1788727482.0713928, 1788727482.713696, 1788727483.3849995, 1788727484.0868893, 1788727484.8179958, 1788727485.581603, 1788727486.3677027, 1788727487.1180203, 1788727487.7166772, 1788727488.370368, 1788727489.0542176, 1788727489.7660756, 1788727490.5069401, 1788727491.277632, 1788727492.0849006, 1788727492.9145827, 1788727493.5937164, 1788727494.1988618, 1788727494.8603818, 1788727495.5543349, 1788727496.278786, 1788727497.0313094, 1788727497.818925, 1788727498.632392, 1788727499.4760196, 1788727500.3497484, 1788727501.2548234, 1788727502.1906557, 1788727503.089829, 1788727503.6734004, 1788727504.3225503, 1788727505.0022714, 1788727505.712169, 1788727506.451595, 1788727507.2155726, 1788727508.013907, 1788727508.8489447, 1788727509.7105618, 1788727510.6017404, 1788727511.5296695, 1788727512.3139422, 1788727512.9129827, 1788727513.5696118, 1788727514.2583137, 1788727514.9820285, 1788727515.72452, 1788727516.4983015, 1788727517.3074505, 1788727518.1516554, 1788727519.0273604, 1788727519.6686635, 1788727520.2829113, 1788727520.9550335, 1788727521.6568658, 1788727522.3892903, 1788727523.1488206, 1788727523.9373233, 1788727524.7580516, 1788727525.617802, 1788727526.5193455, 1788727527.4297538, 1788727528.3872366, 1788727529.3697753, 1788727530.085062, 1788727530.6868377, 1788727531.354856, 1788727532.0533473, 1788727532.7812772, 1788727533.536476, 1788727534.3249369, 1788727535.1417522, 1788727535.9994812, 1788727536.8754559, 1788727537.7843423, 1788727538.7281876, 1788727539.7032952, 1788727540.4157736, 1788727541.022962, 1788727541.692471, 1788727542.3914967, 1788727543.1219091, 1788727543.8804283, 1788727544.6669075, 1788727545.4834595, 1788727546.3321388, 1788727547.0538642, 1788727547.6624858, 1788727548.33041, 1788727549.0241342, 1788727549.7698028, 1788727550.522027, 1788727551.3168643, 1788727552.1446936, 1788727553.0037181, 1788727553.8835146, 1788727554.7941177, 1788727555.5003567]","[1, 1, 1, 1, 3, 2, 1, 2, 2, 1, 1, 1, 1, 3, 1, 1, 1, 1, 2, 2, 1, 3, 1, 1, 2, 1, 1, 1, 1, 1, 1, 4, 2, 1, 1, 1, 2, 1, 1, 1, 2, 2, 3, 2, 1, 1, 2, 1, 1, 2, 1, 1, 4, 1, 1, 3, 3, 5, 1, 1, 1, 2, 2, 1, 2, 1, 1, 2, 4, 1, 1, 2, 3, 2, 1, 1, 1, 3, 1, 3, 1, 1, 1, 1, 3, 1, 3, 1, 1, 1, 2, 3, 1, 3, 1, 3, 4, 1, 1, 2, 1, 2, 3, 1, 3]"
User-037,0,trace_0489,1788727559.8487546,streaming,15354,307,307,0,239,18.67341947555542,155.735413312912,0.44791501254038096,0.0,0,True,,1788727404.1132839,1788727422.7867033,1788727559.8486972,"[1788727422.7867033, 1788727423.3873725, 1788727424.0401013, 1788727424.7252727, 1788727425.442681, 1788727426.191422, 1788727426.9729705, 1788727427.7866402, 1788727428.6337907, 1788727429.255308, 1788727429.8584802, 1788727430.5164647, 1788727431.2062275, 1788727431.9268446, 1788727432.6813996, 1788727433.471383, 1788727434.1734014, 1788727434.7660697, 1788727435.413531, 1788727436.0901423, 1788727436.7993772, 1788727437.53919, 1788727438.3078346, 1788727439.1121402, 1788727439.9014323, 1788727440.4816244, 1788727441.121466, 1788727441.7900577, 1788727442.489091, 1788727443.2209785, 1788727443.983151, 1788727444.7761378, 1788727445.534981, 1788727446.1233003, 1788727446.7666073, 1788727447.4390802, 1788727448.1399162, 1788727448.874874, 1788727449.637323, 1788727450.4346151, 1788727451.2646859, 1788727452.122578, 1788727452.9222915, 1788727453.5077958, 1788727454.1534376, 1788727454.8294897, 1788727455.5337777, 1788727456.2715046, 1788727457.0363293, 1788727457.8363757, 1788727458.66849, 1788727459.534101, 1788727460.1119702, 1788727460.7493212, 1788727461.4178536, 1788727462.114717, 1788727462.8415432, 1788727463.5984612, 1788727464.3868558, 1788727465.1681762, 1788727465.754859, 1788727466.402937, 1788727467.074172, 1788727467.778782, 1788727468.5165362, 1788727469.2843611, 1788727470.0107675, 1788727470.607474, 1788727471.2557864, 1788727471.9395878, 1788727472.6441867, 1788727473.3831747, 1788727474.1507156, 1788727474.9554656, 1788727475.7859142, 1788727476.4580257, 1788727477.0599377, 1788727477.721718, 1788727478.4204278, 1788727479.1379993, 1788727479.8889034, 1788727480.6694674, 1788727481.484094, 1788727482.0691795, 1788727482.7114809, 1788727483.3827786, 1788727484.0846617, 1788727484.8158598, 1788727485.5787933, 1788727486.3655076, 1788727487.1158266, 1788727487.714434, 1788727488.368119, 1788727489.0516877, 1788727489.7637973, 1788727490.5046527, 1788727491.2750227, 1788727492.0785162, 1788727492.9125752, 1788727493.5909138, 1788727494.196567, 1788727494.8580928, 1788727495.552153, 1788727496.277577, 1788727497.028615, 1788727497.8160534, 1788727498.6299891, 1788727499.473718, 1788727500.347495, 1788727501.2525191, 1788727502.1884296, 1788727503.0874424, 1788727503.6712356, 1788727504.3202374, 1788727504.999688, 1788727505.7098742, 1788727506.4493177, 1788727507.213297, 1788727508.0115955, 1788727508.846673, 1788727509.7083335, 1788727510.5991094, 1788727511.527574, 1788727512.3123448, 1788727512.9102972, 1788727513.5669048, 1788727514.255575, 1788727514.9771104, 1788727515.7216883, 1788727516.4955318, 1788727517.3041074, 1788727518.1484272, 1788727519.0244944, 1788727519.66485, 1788727520.279689, 1788727520.9517543, 1788727521.6536453, 1788727522.3859441, 1788727523.1453414, 1788727523.9340851, 1788727524.7547688, 1788727525.6140332, 1788727526.5159655, 1788727527.4263659, 1788727528.3839507, 1788727529.366432, 1788727530.0802999, 1788727530.6828709, 1788727531.351013, 1788727532.0489671, 1788727532.7772675, 1788727533.5325816, 1788727534.318425, 1788727535.1379578, 1788727535.995097, 1788727536.8713303, 1788727537.780398, 1788727538.7241642, 1788727539.6988614, 1788727540.4116173, 1788727541.0184932, 1788727541.6883771, 1788727542.385625, 1788727543.1178741, 1788727543.8765922, 1788727544.6623957, 1788727545.4794774, 1788727546.3277614, 1788727547.0564597, 1788727547.6652424, 1788727548.3332, 1788727549.0269172, 1788727549.7725148, 1788727550.518677, 1788727551.313288, 1788727552.1412888, 1788727553.0000937, 1788727553.8809774, 1788727554.7901785, 1788727555.4966402, 1788727556.0999808, 1788727556.7900693, 1788727557.5158844, 1788727558.2591426, 1788727559.0346925, 1788727559.8405797]","[1, 1, 1, 2, 2, 1, 2, 3, 3, 1, 1, 1, 1, 2, 1, 2, 2, 2, 2, 3, 3, 1, 3, 3, 2, 2, 1, 1, 1, 1, 1, 1, 2, 1, 2, 1, 1, 2, 1, 1, 1, 1, 1, 4, 2, 1, 1, 2, 1, 1, 2, 1, 2, 1, 1, 1, 1, 3, 1, 2, 1, 2, 2, 3, 4, 2, 3, 1, 2, 2, 1, 1, 2, 2, 1, 1, 2, 1, 2, 2, 2, 2, 2, 1, 1, 2, 1, 1, 1, 2, 1, 1, 3, 1, 3, 1, 2, 2, 1, 2, 2, 3, 2, 4, 1, 2, 1, 1, 1, 1, 1, 2, 1, 2, 2, 4, 3, 2, 2, 1, 2, 3, 1, 1, 1, 1, 1, 1, 2, 1, 4, 4, 2, 1, 1, 1, 1, 1, 1, 1, 3, 4, 1, 1, 1, 1, 3, 1, 2, 3, 3, 1, 2, 2, 2, 1, 1, 2, 2, 1, 1, 1, 1, 4, 1, 1, 1, 1, 2, 1, 2, 2, 1, 1, 1, 1, 1, 2, 2, 1, 2, 1, 1, 2, 2, 1]"
User-033,0,trace_0538,1788727566.9189413,streaming,11642,393,393,0,155,10.14880108833313,162.98510074615479,0.3898885195352593,0.0,0,True,,1788727403.9337664,1788727414.0825675,1788727566.918867,"[1788727414.0825675, 1788727414.6594195, 1788727415.2889404, 1788727415.950824, 1788727416.642661, 1788727417.365577, 1788727418.1311464, 1788727418.7016928, 1788727419.32897, 1788727419.988134, 1788727420.6794684, 1788727421.4028537, 1788727422.1575449, 1788727422.7884393, 1788727423.3889422, 1788727424.0418632, 1788727424.7269576, 1788727425.4443486, 1788727426.1930957, 1788727426.9751089, 1788727427.7883797, 1788727428.635554, 1788727429.2570074, 1788727429.8601289, 1788727430.5181036, 1788727431.2082396, 1788727431.9289167, 1788727432.6830971, 1788727433.473039, 1788727434.1763268, 1788727434.768598, 1788727435.4157457, 1788727436.0923543, 1788727436.8015482, 1788727437.5413353, 1788727438.3100097, 1788727439.1143117, 1788727439.9035952, 1788727440.4837866, 1788727441.1240432, 1788727441.792254, 1788727442.4918792, 1788727443.223271, 1788727443.9858353, 1788727444.7783191, 1788727445.53849, 1788727446.1265852, 1788727446.7698567, 1788727447.4420052, 1788727448.142605, 1788727448.87756, 1788727449.6404624, 1788727450.4373362, 1788727451.2673802, 1788727452.1256666, 1788727452.9254172, 1788727453.5108645, 1788727454.1565683, 1788727454.8326194, 1788727455.5364556, 1788727456.2747018, 1788727457.0393782, 1788727457.8391137, 1788727458.6739578, 1788727459.5381458, 1788727460.1152062, 1788727460.7524865, 1788727461.4215598, 1788727462.1184113, 1788727462.8453493, 1788727463.6019983, 1788727464.3906353, 1788727465.1726775, 1788727465.758564, 1788727466.4068372, 1788727467.0778906, 1788727467.7832787, 1788727468.5213737, 1788727469.2881508, 1788727470.015392, 1788727470.6112077, 1788727471.259604, 1788727471.9433951, 1788727472.6482704, 1788727473.3874164, 1788727474.15899, 1788727474.9590733, 1788727475.7897933, 1788727476.463091, 1788727477.064546, 1788727477.7264237, 1788727478.4246888, 1788727479.1427953, 1788727479.8932192, 1788727480.6737828, 1788727481.4898217, 1788727482.073928, 1788727482.7162645, 1788727483.3875582, 1788727484.0900354, 1788727484.8207495, 1788727485.584313, 1788727486.3702996, 1788727487.122021, 1788727487.7197082, 1788727488.3734229, 1788727489.0573587, 1788727489.769221, 1788727490.5106163, 1788727491.2810616, 1788727492.0880728, 1788727492.9176435, 1788727493.5977018, 1788727494.2023911, 1788727494.8639636, 1788727495.5580337, 1788727496.2805307, 1788727497.0349576, 1788727497.8223813, 1788727498.636031, 1788727499.4796124, 1788727500.3533666, 1788727501.2587523, 1788727502.1946287, 1788727503.094184, 1788727503.6774821, 1788727504.3273835, 1788727505.0064025, 1788727505.7162058, 1788727506.4557078, 1788727507.2196755, 1788727508.0180602, 1788727508.85293, 1788727509.714675, 1788727510.6058648, 1788727511.5338175, 1788727512.3168824, 1788727512.9170473, 1788727513.5736952, 1788727514.262392, 1788727514.9864857, 1788727515.7286282, 1788727516.5025032, 1788727517.3114522, 1788727518.1559446, 1788727519.0310733, 1788727519.6721594, 1788727520.2864213, 1788727520.9586432, 1788727521.6604202, 1788727522.3925648, 1788727523.1522605, 1788727523.9409041, 1788727524.7616408, 1788727525.621257, 1788727526.5229347, 1788727527.4333987, 1788727528.3908043, 1788727529.3733432, 1788727530.088609, 1788727530.6902614, 1788727531.3583312, 1788727532.056784, 1788727532.7847676, 1788727533.5400681, 1788727534.3286371, 1788727535.1453133, 1788727536.0029998, 1788727536.879355, 1788727537.78783, 1788727538.7317784, 1788727539.7060826, 1788727540.4203131, 1788727541.0271244, 1788727541.696531, 1788727542.3955038, 1788727543.1259472, 1788727543.884524, 1788727544.6714103, 1788727545.4875238, 1788727546.3363085, 1788727547.0549312, 1788727547.6635554, 1788727548.3314903, 1788727549.025179, 1788727549.770855, 1788727550.5255542, 1788727551.320426, 1788727552.148902, 1788727553.0076652, 1788727553.8870587, 1788727554.7977207, 1788727555.5054553, 1788727556.1073904, 1788727556.7971482, 1788727557.5234296, 1788727558.266152, 1788727559.042226, 1788727559.8476787, 1788727560.6702576, 1788727561.3109095, 1788727561.9293804, 1788727562.60874, 1788727563.3026278, 1788727564.0374172, 1788727564.799716, 1788727565.5874805, 1788727566.301321, 1788727566.916557]","[1, 1, 1, 2, 2, 3, 3, 3, 1, 1, 1, 1, 1, 1, 1, 1, 2, 2, 2, 2, 2, 1, 2, 2, 4, 3, 2, 2, 1, 1, 1, 1, 1, 1, 1, 1, 2, 3, 1, 1, 1, 2, 1, 1, 2, 1, 2, 1, 1, 1, 2, 1, 1, 1, 2, 1, 2, 1, 1, 2, 1, 1, 2, 3, 4, 5, 3, 3, 1, 2, 2, 1, 1, 2, 3, 2, 2, 3, 2, 2, 1, 1, 1, 3, 2, 2, 1, 3, 1, 1, 1, 2, 1, 1, 5, 5, 1, 2, 3, 2, 4, 1, 2, 4, 4, 1, 1, 1, 2, 1, 1, 1, 5, 2, 2, 1, 1, 3, 1, 2, 6, 2, 1, 1, 3, 1, 2, 6, 2, 5, 2, 4, 2, 1, 1, 1, 2, 4, 1, 3, 1, 1, 1, 1, 2, 3, 2, 5, 1, 2, 1, 1, 1, 2, 2, 2, 4, 2, 1, 1, 1, 2, 1, 2, 1, 3, 3, 2, 1, 2, 1, 2, 1, 6, 1, 2, 1, 1, 1, 2, 3, 1, 2, 2, 1, 4, 6, 5, 1, 2, 1, 1, 1, 2, 1, 4, 1, 1, 1, 1, 1, 3, 1, 2, 1, 1, 1, 1, 3]"
User-009,0,trace_0313,1788727568.2818341,streaming,12330,368,368,0,192,8.60300064086914,165.45610928535461,0.42739266660622743,0.0,0,True,,1788727402.8256164,1788727411.428617,1788727568.2817256,"[1788727411.428617, 1788727412.028681, 1788727412.6802073, 1788727413.362066, 1788727414.0805593, 1788727414.65813, 1788727415.2873244, 1788727415.948886, 1788727416.6410613, 1788727417.3639607, 1788727418.1290479, 1788727418.6997426, 1788727419.3269725, 1788727419.9860926, 1788727420.6774387, 1788727421.4008317, 1788727422.1556058, 1788727422.7853117, 1788727423.3866994, 1788727424.0391412, 1788727424.7244344, 1788727425.4417968, 1788727426.1905468, 1788727426.97232, 1788727427.7857435, 1788727428.633076, 1788727429.2543104, 1788727429.857565, 1788727430.5155876, 1788727431.2055824, 1788727431.926191, 1788727432.6804502, 1788727433.470319, 1788727434.172769, 1788727434.7654605, 1788727435.4126704, 1788727436.0892918, 1788727436.7984855, 1788727437.5382812, 1788727438.306986, 1788727439.1112647, 1788727439.9007478, 1788727440.4808218, 1788727441.1207826, 1788727441.7894323, 1788727442.4884899, 1788727443.219911, 1788727443.982501, 1788727444.7752466, 1788727445.5343142, 1788727446.1226606, 1788727446.7659912, 1788727447.4383106, 1788727448.1390772, 1788727448.873906, 1788727449.6366434, 1788727450.4337702, 1788727451.2638464, 1788727452.1219404, 1788727452.9216304, 1788727453.5071623, 1788727454.1528096, 1788727454.8288374, 1788727455.5329576, 1788727456.27088, 1788727457.0357158, 1788727457.8355386, 1788727458.667864, 1788727459.5334733, 1788727460.1111586, 1788727460.7484984, 1788727461.417213, 1788727462.1141107, 1788727462.8409104, 1788727463.5978458, 1788727464.386189, 1788727465.1675186, 1788727465.754008, 1788727466.3986976, 1788727467.073417, 1788727467.7780783, 1788727468.5158846, 1788727469.2837377, 1788727470.0101027, 1788727470.6066563, 1788727471.2549305, 1788727471.9386444, 1788727472.6435566, 1788727473.3825114, 1788727474.1500998, 1788727474.95461, 1788727475.7851865, 1788727476.4573934, 1788727477.0593195, 1788727477.7210932, 1788727478.4193475, 1788727479.1371903, 1788727479.8881536, 1788727480.6688402, 1788727481.4834409, 1788727482.068358, 1788727482.7106395, 1788727483.3818634, 1788727484.0840333, 1788727484.815246, 1788727485.574183, 1788727486.364788, 1788727487.115132, 1788727487.7135794, 1788727488.367249, 1788727489.0510526, 1788727489.762836, 1788727490.5039809, 1788727491.274389, 1788727492.077884, 1788727492.9117672, 1788727493.5901814, 1788727494.1956947, 1788727494.8572016, 1788727495.5512557, 1788727496.2769785, 1788727497.0279326, 1788727497.8153393, 1788727498.6264374, 1788727499.4728515, 1788727500.3465931, 1788727501.2516325, 1788727502.1875067, 1788727503.0863786, 1788727503.6703856, 1788727504.3195558, 1788727504.9990623, 1788727505.709194, 1788727506.448464, 1788727507.2124488, 1788727508.0105197, 1788727508.845663, 1788727509.7074304, 1788727510.598434, 1788727511.5264354, 1788727512.3116994, 1788727512.9094484, 1788727513.5660002, 1788727514.2546992, 1788727514.9762592, 1788727515.7208107, 1788727516.494633, 1788727517.3033516, 1788727518.1474645, 1788727519.023475, 1788727519.6637604, 1788727520.2787747, 1788727520.9508822, 1788727521.6530223, 1788727522.3850453, 1788727523.1443865, 1788727523.9331055, 1788727524.7538307, 1788727525.6133587, 1788727526.5149648, 1788727527.425494, 1788727528.3828874, 1788727529.3654578, 1788727530.0795786, 1788727530.682043, 1788727531.3501365, 1788727532.0483282, 1788727532.7762942, 1788727533.5316737, 1788727534.3177872, 1788727535.1372678, 1788727535.99436, 1788727536.8705342, 1788727537.7795606, 1788727538.723342, 1788727539.698171, 1788727540.4109447, 1788727541.0178576, 1788727541.6875265, 1788727542.384944, 1788727543.1170282, 1788727543.875637, 1788727544.661744, 1788727545.4786243, 1788727546.327078, 1788727547.0616112, 1788727547.66982, 1788727548.3378332, 1788727549.0315282, 1788727549.7777038, 1788727550.5177286, 1788727551.3124542, 1788727552.1406133, 1788727552.9992065, 1788727553.8801343, 1788727554.7895017, 1788727555.49597, 1788727556.0993438, 1788727556.7892437, 1788727557.5152054, 1788727558.2582374, 1788727559.0303872, 1788727559.8398387, 1788727560.6624222, 1788727561.3035076, 1788727561.9215102, 1788727562.5941164, 1788727563.295603, 1788727564.0317664, 1788727564.7926288, 1788727565.58058, 1788727566.2943404, 1788727566.9089332, 1788727567.5662084, 1788727568.2771046]","[1, 1, 1, 2, 2, 1, 2, 2, 1, 1, 1, 1, 1, 2, 1, 2, 1, 5, 1, 2, 1, 3, 1, 1, 1, 1, 1, 2, 3, 1, 1, 1, 3, 1, 1, 3, 2, 2, 3, 1, 2, 4, 1, 1, 3, 2, 2, 1, 2, 1, 1, 1, 2, 1, 1, 1, 1, 1, 1, 2, 2, 2, 3, 1, 1, 1, 2, 1, 1, 3, 1, 1, 1, 3, 1, 3, 3, 2, 1, 1, 2, 2, 2, 2, 3, 1, 1, 3, 1, 1, 1, 2, 1, 2, 3, 2, 4, 1, 1, 1, 3, 1, 2, 1, 1, 2, 1, 5, 2, 1, 1, 1, 2, 1, 3, 1, 2, 1, 1, 1, 1, 2, 1, 1, 1, 1, 1, 1, 1, 1, 2, 1, 1, 2, 1, 4, 5, 3, 1, 2, 1, 3, 3, 2, 1, 3, 4, 1, 2, 1, 3, 1, 2, 1, 2, 1, 4, 2, 1, 1, 1, 2, 2, 6, 2, 1, 1, 1, 2, 1, 2, 2, 2, 1, 1, 1, 2, 1, 1, 2, 2, 2, 2, 1, 5, 1, 1, 1, 2, 3, 1, 2, 1, 1, 4, 5, 1, 1, 1, 6, 4, 2, 2, 1, 1, 1, 1, 1, 1, 1, 1, 1, 2, 1, 1]"
User-020,0,trace_0108,1788727569.7880476,streaming,16565,219,219,0,258,66.89433741569519,166.66895627975464,0.45768173790852956,0.0,0,True,,1788727403.1190085,1788727470.013346,1788727569.7879648,"[1788727470.013346, 1788727470.6091695, 1788727471.257511, 1788727471.9413977, 1788727472.646158, 1788727473.3851779, 1788727474.1568873, 1788727474.9570117, 1788727475.7876725, 1788727476.4596927, 1788727477.0619252, 1788727477.7234306, 1788727478.4221463, 1788727479.1396477, 1788727479.8906035, 1788727480.6711566, 1788727481.4863665, 1788727482.0708964, 1788727482.7131894, 1788727483.38451, 1788727484.086344, 1788727484.8174906, 1788727485.581103, 1788727486.3671813, 1788727487.1175084, 1788727487.7161872, 1788727488.3698788, 1788727489.0537221, 1788727489.7655792, 1788727490.5063934, 1788727491.2771223, 1788727492.084391, 1788727492.9141066, 1788727493.5932136, 1788727494.1983392, 1788727494.8598924, 1788727495.5538394, 1788727496.2785077, 1788727497.030796, 1788727497.8183722, 1788727498.6318917, 1788727499.4755223, 1788727500.3492498, 1788727501.2543108, 1788727502.1901662, 1788727503.0893204, 1788727503.6729045, 1788727504.3220277, 1788727505.0017712, 1788727505.7116628, 1788727506.4510934, 1788727507.2150476, 1788727508.0134013, 1788727508.8484406, 1788727509.710037, 1788727510.6012402, 1788727511.529154, 1788727512.3136883, 1788727512.9125059, 1788727513.5691261, 1788727514.2578268, 1788727514.981531, 1788727515.7240317, 1788727516.497774, 1788727517.3069296, 1788727518.1511495, 1788727519.02686, 1788727519.6681793, 1788727520.2824142, 1788727520.9545004, 1788727521.65638, 1788727522.3887568, 1788727523.148199, 1788727523.9368346, 1788727524.7575364, 1788727525.617182, 1788727526.5188181, 1788727527.429234, 1788727528.38671, 1788727529.3692632, 1788727530.0845683, 1788727530.686299, 1788727531.354243, 1788727532.0528488, 1788727532.7807827, 1788727533.535874, 1788727534.3222442, 1788727535.141247, 1788727535.9988587, 1788727536.8749242, 1788727537.7837183, 1788727538.7275093, 1788727539.702607, 1788727540.4152381, 1788727541.0222714, 1788727541.6918356, 1788727542.3909838, 1788727543.1214077, 1788727543.8799262, 1788727544.666206, 1788727545.4828289, 1788727546.3316247, 1788727547.058031, 1788727547.6667862, 1788727548.3347707, 1788727549.0284405, 1788727549.7743807, 1788727550.5215237, 1788727551.316211, 1788727552.14414, 1788727553.0028822, 1788727553.8830192, 1788727554.7936046, 1788727555.4997427, 1788727556.103196, 1788727556.792967, 1788727557.5191507, 1788727558.2619553, 1788727559.0379639, 1788727559.8435078, 1788727560.665482, 1788727561.3068388, 1788727561.9252338, 1788727562.6044552, 1788727563.298415, 1788727564.0342183, 1788727564.7956016, 1788727565.5833757, 1788727566.2971504, 1788727566.9118025, 1788727567.5690455, 1788727568.2803109, 1788727569.0104134, 1788727569.7816536]","[1, 1, 1, 1, 3, 2, 1, 1, 1, 1, 3, 2, 1, 1, 1, 1, 2, 1, 1, 1, 2, 1, 1, 2, 2, 2, 1, 1, 1, 2, 1, 1, 1, 1, 1, 1, 1, 2, 1, 1, 4, 2, 1, 1, 1, 2, 1, 1, 1, 2, 4, 3, 1, 2, 4, 1, 2, 3, 1, 2, 2, 1, 1, 3, 3, 1, 1, 1, 1, 1, 3, 3, 1, 1, 1, 1, 2, 1, 1, 1, 1, 3, 1, 4, 3, 1, 1, 1, 1, 1, 1, 2, 1, 2, 1, 2, 2, 1, 3, 1, 2, 1, 2, 2, 2, 5, 2, 1, 3, 3, 1, 1, 1, 3, 1, 2, 1, 1, 2, 2, 2, 2, 2, 2, 3, 1, 2, 1, 1, 4, 1, 1, 3, 1]"
User-026,0,trace_0569,1788727575.070591,streaming,18579,191,191,0,289,78.26831912994385,171.8510091304779,0.49254047368702136,0.0,0,True,,1788727403.2194767,1788727481.4877958,1788727575.0704858,"[1788727481.4877958, 1788727482.0718822, 1788727482.7142024, 1788727483.3855057, 1788727484.0874476, 1788727484.8184924, 1788727485.5822024, 1788727486.3682027, 1788727487.1190112, 1788727487.7171633, 1788727488.3708878, 1788727489.054708, 1788727489.7665775, 1788727490.5078466, 1788727491.2781756, 1788727492.0854125, 1788727492.9151025, 1788727493.594232, 1788727494.1993566, 1788727494.8608832, 1788727495.5548744, 1788727496.2790308, 1788727497.0317993, 1788727497.8194227, 1788727498.6328874, 1788727499.476507, 1788727500.3502426, 1788727501.255309, 1788727502.191181, 1788727503.090321, 1788727503.6740088, 1788727504.3230927, 1788727505.0027986, 1788727505.7126658, 1788727506.4520848, 1788727507.2160885, 1788727508.0144405, 1788727508.8494394, 1788727509.7110894, 1788727510.6022391, 1788727511.5303035, 1788727512.314175, 1788727512.9134808, 1788727513.5700939, 1788727514.2588344, 1788727514.9827163, 1788727515.7250369, 1788727516.4990058, 1788727517.3079755, 1788727518.1521978, 1788727519.0279238, 1788727519.6691625, 1788727520.2834067, 1788727520.955647, 1788727521.657384, 1788727522.3899376, 1788727523.1493082, 1788727523.9379394, 1788727524.7586594, 1788727525.6182942, 1788727526.5199487, 1788727527.430398, 1788727528.3877332, 1788727529.3703823, 1788727530.0855522, 1788727530.6873536, 1788727531.355368, 1788727532.053836, 1788727532.781766, 1788727533.5369792, 1788727534.3255534, 1788727535.142235, 1788727535.9999764, 1788727536.8759952, 1788727537.7848392, 1788727538.7286928, 1788727539.7037847, 1788727540.4162946, 1788727541.023481, 1788727541.6930082, 1788727542.3920007, 1788727543.1224062, 1788727543.880927, 1788727544.6674325, 1788727545.4839687, 1788727546.3328302, 1788727547.0586987, 1788727547.6672866, 1788727548.3352985, 1788727549.0289679, 1788727549.7749023, 1788727550.522519, 1788727551.3173923, 1788727552.145333, 1788727553.0044434, 1788727553.8840425, 1788727554.7946193, 1788727555.5011806, 1788727556.1037226, 1788727556.7934837, 1788727557.5196807, 1788727558.262601, 1788727559.0384936, 1788727559.8442051, 1788727560.666034, 1788727561.3073628, 1788727561.925754, 1788727562.6049604, 1788727563.2989593, 1788727564.034623, 1788727564.7961073, 1788727565.5838683, 1788727566.2976387, 1788727566.9123287, 1788727567.5695565, 1788727568.280814, 1788727569.0109627, 1788727569.7824197, 1788727570.5694363, 1788727571.393408, 1788727572.2443783, 1788727573.1517391, 1788727573.7387056, 1788727574.382854, 1788727575.0640588]","[1, 1, 1, 2, 2, 1, 2, 3, 2, 1, 1, 1, 2, 1, 2, 2, 1, 1, 1, 2, 3, 1, 1, 1, 2, 3, 1, 2, 1, 1, 1, 1, 1, 2, 1, 1, 1, 2, 1, 1, 3, 2, 3, 1, 1, 2, 2, 1, 3, 1, 1, 2, 4, 1, 2, 1, 1, 1, 1, 2, 1, 1, 2, 3, 2, 1, 1, 1, 1, 2, 2, 1, 1, 3, 1, 2, 1, 3, 2, 1, 1, 1, 2, 2, 2, 2, 2, 1, 2, 1, 3, 2, 1, 1, 1, 1, 2, 1, 1, 1, 2, 1, 2, 4, 1, 1, 2, 1, 1, 1, 2, 3, 1, 2, 1, 1, 1, 2, 1, 1, 1, 1, 1, 1, 1]"
User-029,0,trace_0579,1788727577.2994843,streaming,18429,180,180,0,287,83.85767364501953,174.0355408191681,0.503786967453344,0.0,0,True,,1788727403.2638288,1788727487.1215024,1788727577.2993696,"[1788727487.1215024, 1788727487.7192285, 1788727488.3729436, 1788727489.056876, 1788727489.7687278, 1788727490.5101194, 1788727491.2805657, 1788727492.087561, 1788727492.9171584, 1788727493.5962698, 1788727494.2014165, 1788727494.8629925, 1788727495.5570598, 1788727496.2800553, 1788727497.0339506, 1788727497.821403, 1788727498.6350315, 1788727499.4786057, 1788727500.3523688, 1788727501.2573898, 1788727502.1936474, 1788727503.092319, 1788727503.676006, 1788727504.325773, 1788727505.004908, 1788727505.71467, 1788727506.454213, 1788727507.2181911, 1788727508.016577, 1788727508.8514266, 1788727509.7131917, 1788727510.604399, 1788727511.5323246, 1788727512.315343, 1788727512.9155886, 1788727513.572236, 1788727514.26091, 1788727514.9849856, 1788727515.7271607, 1788727516.5009618, 1788727517.3099859, 1788727518.1544337, 1788727519.0300567, 1788727519.6711895, 1788727520.2854474, 1788727520.9576385, 1788727521.659384, 1788727522.391784, 1788727523.15128, 1788727523.939934, 1788727524.7606435, 1788727525.62029, 1788727526.5219238, 1788727527.4324257, 1788727528.3898265, 1788727529.3723886, 1788727530.0876348, 1788727530.689297, 1788727531.3573506, 1788727532.0558088, 1788727532.7837548, 1788727533.5389495, 1788727534.327622, 1788727535.1442268, 1788727536.001994, 1788727536.8782487, 1788727537.7868478, 1788727538.7307072, 1788727539.7053316, 1788727540.4184453, 1788727541.0255737, 1788727541.6950126, 1788727542.3939905, 1788727543.124427, 1788727543.882964, 1788727544.6698818, 1788727545.486011, 1788727546.3351033, 1788727547.0533404, 1788727547.661919, 1788727548.3298664, 1788727549.0236106, 1788727549.7692752, 1788727550.5245585, 1788727551.3194127, 1788727552.1478648, 1788727553.0066779, 1788727553.8860304, 1788727554.7967017, 1788727555.5033631, 1788727556.1058872, 1788727556.795621, 1788727557.5218532, 1788727558.2646475, 1788727559.0406957, 1788727559.846268, 1788727560.6687183, 1788727561.3093944, 1788727561.9278572, 1788727562.6071842, 1788727563.3011124, 1788727564.036236, 1788727564.7981682, 1788727565.585992, 1788727566.3001838, 1788727566.9149852, 1788727567.572243, 1788727568.2837725, 1788727569.013639, 1788727569.7851667, 1788727570.5724704, 1788727571.3960686, 1788727572.247048, 1788727573.154184, 1788727573.741425, 1788727574.3855243, 1788727575.0669131, 1788727575.778524, 1788727576.5190785, 1788727577.2954724]","[1, 1, 1, 1, 3, 2, 1, 2, 1, 1, 1, 2, 1, 2, 1, 2, 2, 1, 2, 1, 2, 1, 2, 1, 1, 1, 1, 1, 2, 4, 3, 1, 1, 2, 2, 2, 2, 3, 2, 1, 2, 1, 1, 2, 1, 1, 1, 1, 2, 1, 1, 1, 1, 1, 1, 3, 3, 1, 1, 1, 1, 1, 1, 1, 1, 3, 1, 3, 1, 1, 1, 1, 1, 1, 3, 1, 1, 1, 2, 1, 1, 1, 2, 3, 3, 1, 1, 1, 1, 1, 2, 1, 1, 1, 2, 1, 1, 1, 2, 5, 3, 1, 1, 1, 1, 1, 2, 2, 1, 2, 3, 1, 2, 1, 1, 1, 1, 1, 1, 3]"
User-019,0,trace_0587,1788727578.9244554,streaming,19031,253,253,0,297,62.093876123428345,175.84607195854187,0.45139760252029176,0.0,0,True,,1788727403.078287,1788727465.172163,1788727578.9243588,"[1788727465.172163, 1788727465.7580302, 1788727466.4062636, 1788727467.0774128, 1788727467.7826474, 1788727468.5208452, 1788727469.2870476, 1788727470.0143483, 1788727470.6101573, 1788727471.258585, 1788727471.9423764, 1788727472.6472225, 1788727473.3862677, 1788727474.1578841, 1788727474.9580567, 1788727475.7886937, 1788727476.4620473, 1788727477.0635688, 1788727477.7249608, 1788727478.4236245, 1788727479.1413012, 1788727479.892221, 1788727480.672766, 1788727481.4888015, 1788727482.0729554, 1788727482.715283, 1788727483.3865514, 1788727484.088916, 1788727484.819689, 1788727485.5833313, 1788727486.3693037, 1788727487.1201732, 1788727487.718238, 1788727488.3718884, 1788727489.0559037, 1788727489.7676208, 1788727490.509099, 1788727491.2793906, 1788727492.086538, 1788727492.9160824, 1788727493.5952535, 1788727494.2004454, 1788727494.8620095, 1788727495.555969, 1788727496.2795753, 1788727497.0329337, 1788727497.8204396, 1788727498.6340122, 1788727499.4775958, 1788727500.3513749, 1788727501.2563994, 1788727502.1924827, 1788727503.0913193, 1788727503.6750119, 1788727504.3243132, 1788727505.0039232, 1788727505.7136672, 1788727506.4532115, 1788727507.2171924, 1788727508.0155935, 1788727508.850426, 1788727509.712211, 1788727510.6032932, 1788727511.5313182, 1788727512.3146677, 1788727512.914596, 1788727513.5712304, 1788727514.2599277, 1788727514.983954, 1788727515.7261596, 1788727516.49999, 1788727517.3089728, 1788727518.1534305, 1788727519.029016, 1788727519.6701927, 1788727520.2844412, 1788727520.9566529, 1788727521.6583974, 1788727522.3909378, 1788727523.1502764, 1788727523.938964, 1788727524.7596676, 1788727525.6193147, 1788727526.5209663, 1788727527.4314015, 1788727528.3888469, 1788727529.3713963, 1788727530.0866504, 1788727530.6883147, 1788727531.3563757, 1788727532.0548284, 1788727532.7827804, 1788727533.5379612, 1788727534.32657, 1788727535.1432607, 1788727536.0009863, 1788727536.8770912, 1788727537.7858415, 1788727538.7297058, 1788727539.7045615, 1788727540.417336, 1788727541.0245156, 1788727541.6939988, 1788727542.3929944, 1788727543.1234417, 1788727543.8819501, 1788727544.6688116, 1788727545.4849808, 1788727546.334025, 1788727547.060249, 1788727547.6688123, 1788727548.3368251, 1788727549.0304697, 1788727549.7766855, 1788727550.5235431, 1788727551.318381, 1788727552.1467838, 1788727553.0055661, 1788727553.8850276, 1788727554.7956898, 1788727555.5022528, 1788727556.104883, 1788727556.7946253, 1788727557.5208447, 1788727558.2636263, 1788727559.0395355, 1788727559.8452628, 1788727560.6675158, 1788727561.3083715, 1788727561.9268184, 1788727562.6061223, 1788727563.300086, 1788727564.035435, 1788727564.7971134, 1788727565.5849786, 1788727566.2994273, 1788727566.9139674, 1788727567.571259, 1788727568.2827723, 1788727569.011971, 1788727569.7836664, 1788727570.570644, 1788727571.394413, 1788727572.2453907, 1788727573.1527174, 1788727573.7397664, 1788727574.3839962, 1788727575.0653858, 1788727575.776913, 1788727576.517464, 1788727577.2937548, 1788727578.0829492, 1788727578.9173136]","[1, 1, 1, 1, 3, 2, 2, 1, 2, 1, 1, 1, 3, 1, 1, 1, 1, 1, 1, 1, 2, 2, 1, 1, 1, 1, 1, 1, 1, 1, 1, 1, 1, 1, 1, 1, 1, 4, 3, 4, 1, 1, 4, 2, 2, 3, 1, 1, 1, 1, 1, 2, 1, 1, 1, 1, 3, 2, 1, 2, 1, 1, 2, 2, 2, 3, 1, 1, 2, 1, 1, 1, 1, 1, 2, 1, 1, 1, 1, 1, 1, 2, 1, 1, 2, 2, 1, 1, 2, 2, 1, 4, 1, 1, 1, 2, 1, 1, 1, 2, 3, 4, 1, 1, 1, 2, 3, 2, 3, 1, 1, 2, 3, 2, 1, 1, 4, 3, 2, 1, 2, 1, 1, 1, 2, 1, 2, 2, 1, 1, 4, 3, 4, 6, 1, 1, 2, 2, 3, 2, 2, 1, 1, 2, 5, 2, 1, 2, 2, 1, 2, 2, 1]"
User-022,19,trace_0418,1788727585.8541245,streaming,28118,173,173,423,4,108.86574792861938,182.40686130523682,0.4275646126547525,7.0,0,True,,1788727403.447175,1788727512.312923,1788727585.8540363,"[1788727512.312923, 1788727512.9109957, 1788727513.567603, 1788727514.2562716, 1788727514.977825, 1788727515.722427, 1788727516.4962032, 1788727517.3050077, 1788727518.149195, 1788727519.025245, 1788727519.6665947, 1788727520.280766, 1788727520.9529629, 1788727521.6548688, 1788727522.3871615, 1788727523.146607, 1788727523.9353626, 1788727524.7560084, 1788727525.6156297, 1788727526.5172641, 1788727527.4276698, 1788727528.3852117, 1788727529.3677187, 1788727530.0821133, 1788727530.684116, 1788727531.3522763, 1788727532.0505269, 1788727532.7785323, 1788727533.5338445, 1788727534.3200834, 1788727535.139234, 1788727535.996783, 1788727536.8726845, 1788727537.7816324, 1788727538.7254047, 1788727539.7003965, 1788727540.4128106, 1788727541.0197277, 1788727541.689729, 1788727542.3866744, 1788727543.1191664, 1788727543.877698, 1788727544.6636822, 1788727545.4807246, 1788727546.3289533, 1788727547.052619, 1788727547.660974, 1788727548.3290493, 1788727549.0229166, 1788727549.7685256, 1788727550.519837, 1788727551.314548, 1788727552.1425083, 1788727553.0012167, 1788727553.8821735, 1788727554.7917435, 1788727555.497845, 1788727556.1015112, 1788727556.7913768, 1788727557.5175335, 1788727558.2604032, 1788727559.03635, 1788727559.8419356, 1788727560.6644168, 1788727561.305686, 1788727561.9239533, 1788727562.603412, 1788727563.2974153, 1788727564.0334342, 1788727564.7944043, 1788727565.5823464, 1788727566.296168, 1788727566.910718, 1788727567.5680418, 1788727568.2792997, 1788727569.0093944, 1788727569.780567, 1788727570.5683484, 1788727571.3923914, 1788727572.243318, 1788727573.1505318, 1788727573.7376657, 1788727574.3817494, 1788727575.0628593, 1788727575.7753491, 1788727576.5159252, 1788727577.2921257, 1788727578.0813339, 1788727578.9155736, 1788727579.767797, 1788727580.6575854, 1788727581.5777473, 1788727582.4639049, 1788727583.050189, 1788727583.7010055, 1788727584.3818438, 1788727585.1321344, 1788727585.847421]","[1, 1, 2, 1, 2, 2, 3, 1, 1, 1, 5, 2, 2, 3, 3, 1, 1, 1, 2, 3, 2, 1, 2, 1, 1, 1, 1, 2, 2, 1, 3, 1, 1, 1, 2, 3, 3, 5, 1, 1, 1, 1, 2, 1, 1, 1, 1, 1, 2, 2, 1, 1, 2, 1, 1, 2, 1, 1, 4, 1, 3, 4, 2, 2, 1, 1, 1, 1, 1, 1, 2, 1, 1, 1, 2, 1, 1, 3, 1, 2, 1, 3, 3, 3, 3, 2, 1, 2, 1, 3, 3, 2, 2, 2, 3, 2, 3, 1]"
User-007,0,trace_0398,1788727591.6783793,streaming,13070,443,443,0,203,5.422263145446777,188.93055129051208,0.41517712250014777,0.0,0,True,,1788727402.747748,1788727408.170011,1788727591.6782992,"[1788727408.170011, 1788727408.7644262, 1788727409.4119117, 1788727410.0927272, 1788727410.80477, 1788727411.4293287, 1788727412.0292916, 1788727412.6808908, 1788727413.363035, 1788727414.081198, 1788727414.6588438, 1788727415.288339, 1788727415.9501283, 1788727416.6419916, 1788727417.3649228, 1788727418.1305938, 1788727418.7011738, 1788727419.3284395, 1788727419.9876137, 1788727420.6789422, 1788727421.4023156, 1788727422.1570437, 1788727422.7878923, 1788727423.3884456, 1788727424.04134, 1788727424.726422, 1788727425.443844, 1788727426.19255, 1788727426.9744277, 1788727427.7878282, 1788727428.6349666, 1788727429.2564957, 1788727429.85959, 1788727430.5176175, 1788727431.2076578, 1788727431.928391, 1788727432.6825743, 1788727433.4725296, 1788727434.1758208, 1788727434.7680268, 1788727435.4152465, 1788727436.0918505, 1788727436.8010406, 1788727437.540848, 1788727438.3095183, 1788727439.1138036, 1788727439.9030957, 1788727440.483289, 1788727441.1231675, 1788727441.791728, 1788727442.4912908, 1788727443.2227635, 1788727443.9853253, 1788727444.7778027, 1788727445.5374117, 1788727446.1260076, 1788727446.7693305, 1788727447.4415004, 1788727448.1420963, 1788727448.8770247, 1788727449.63993, 1788727450.4368362, 1788727451.2668967, 1788727452.1251373, 1788727452.924898, 1788727453.5103056, 1788727454.1560636, 1788727454.8321135, 1788727455.5359704, 1788727456.274179, 1788727457.0384774, 1788727457.8385794, 1788727458.673393, 1788727459.5376277, 1788727460.1146097, 1788727460.751982, 1788727461.4209628, 1788727462.1178243, 1788727462.8446841, 1788727463.6015153, 1788727464.3899655, 1788727465.1713002, 1788727465.7575417, 1788727466.4057765, 1788727467.0769205, 1788727467.7820065, 1788727468.5201018, 1788727469.287586, 1788727470.014895, 1788727470.6106431, 1788727471.2591207, 1788727471.942907, 1788727472.647769, 1788727473.3868933, 1788727474.1584604, 1788727474.9585695, 1788727475.7892144, 1788727476.4625628, 1788727477.0640533, 1788727477.7255282, 1788727478.424195, 1788727479.1421692, 1788727479.8927238, 1788727480.673272, 1788727481.4893248, 1788727482.0734406, 1788727482.7157624, 1788727483.387048, 1788727484.0894933, 1788727484.8201954, 1788727485.5838122, 1788727486.3698063, 1788727487.1206682, 1788727487.7187183, 1788727488.3724525, 1788727489.0563922, 1788727489.7682152, 1788727490.5096018, 1788727491.2799184, 1788727492.0870538, 1788727492.9166617, 1788727493.5957444, 1788727494.2009356, 1788727494.8624926, 1788727495.5565524, 1788727496.2798126, 1788727497.033448, 1788727497.820922, 1788727498.6345224, 1788727499.4780862, 1788727500.3518658, 1788727501.256893, 1788727502.1931503, 1788727503.0918105, 1788727503.6755013, 1788727504.3251853, 1788727505.0044105, 1788727505.7141564, 1788727506.4537265, 1788727507.2176821, 1788727508.016091, 1788727508.8509245, 1788727509.7127004, 1788727510.603897, 1788727511.5318282, 1788727512.314931, 1788727512.9151037, 1788727513.5717149, 1788727514.2604148, 1788727514.984492, 1788727515.7266555, 1788727516.5004742, 1788727517.30946, 1788727518.1539223, 1788727519.0295393, 1788727519.6706822, 1788727520.284921, 1788727520.957156, 1788727521.6588926, 1788727522.3914068, 1788727523.1507695, 1788727523.9394455, 1788727524.7601511, 1788727525.6197865, 1788727526.5214477, 1788727527.4319198, 1788727528.3893373, 1788727529.371881, 1788727530.0871522, 1788727530.688796, 1788727531.356871, 1788727532.0553124, 1788727532.783275, 1788727533.5384376, 1788727534.3270762, 1788727535.1437402, 1788727536.0014796, 1788727536.877634, 1788727537.786342, 1788727538.7302103, 1788727539.7049448, 1788727540.4179378, 1788727541.02504, 1788727541.6944928, 1788727542.3934982, 1788727543.1239316, 1788727543.8824527, 1788727544.6693523, 1788727545.4855075, 1788727546.3345463, 1788727547.0543883, 1788727547.663042, 1788727548.3309715, 1788727549.024671, 1788727549.7703133, 1788727550.5240455, 1788727551.3188884, 1788727552.1473327, 1788727553.0061357, 1788727553.885534, 1788727554.7961948, 1788727555.5028012, 1788727556.105393, 1788727556.7951324, 1788727557.5213504, 1788727558.2641332, 1788727559.0401585, 1788727559.845766, 1788727560.6680703, 1788727561.3088832, 1788727561.9273326, 1788727562.606647, 1788727563.3006184, 1788727564.035848, 1788727564.7976513, 1788727565.5854695, 1788727566.299806, 1788727566.9144776, 1788727567.571749, 1788727568.2832808, 1788727569.0130992, 1788727569.784676, 1788727570.5719545, 1788727571.3955536, 1788727572.2465014, 1788727573.153704, 1788727573.7409286, 1788727574.3850112, 1788727575.0663912, 1788727575.7780182, 1788727576.5185616, 1788727577.294926, 1788727578.0840473, 1788727578.9186575, 1788727579.7700014, 1788727580.6597376, 1788727581.5798814, 1788727582.4667778, 1788727583.0529187, 1788727583.7037005, 1788727584.3845806, 1788727585.1333723, 1788727585.8505156, 1788727586.6248674, 1788727587.4392934, 1788727588.2850614, 1788727588.9647868, 1788727589.5761077, 1788727590.243809, 1788727590.9394693, 1788727591.6737657]","[1, 1, 1, 2, 2, 1, 2, 3, 2, 1, 1, 1, 1, 2, 1, 2, 2, 2, 2, 2, 2, 1, 4, 2, 3, 1, 2, 2, 2, 2, 2, 2, 1, 1, 1, 2, 1, 1, 1, 1, 1, 2, 2, 1, 2, 1, 1, 2, 2, 2, 1, 1, 1, 2, 2, 3, 2, 2, 2, 1, 2, 1, 1, 3, 1, 2, 2, 1, 1, 3, 2, 2, 1, 1, 4, 3, 2, 2, 2, 1, 3, 1, 2, 1, 1, 2, 1, 1, 2, 1, 1, 1, 1, 1, 2, 1, 2, 1, 1, 3, 3, 3, 1, 1, 3, 1, 2, 2, 2, 1, 1, 2, 1, 3, 2, 1, 3, 1, 1, 2, 5, 2, 1, 1, 3, 2, 1, 2, 2, 2, 2, 2, 2, 2, 2, 1, 1, 1, 1, 2, 1, 2, 1, 2, 2, 1, 3, 5, 1, 1, 1, 1, 2, 2, 4, 4, 3, 1, 1, 1, 2, 1, 1, 1, 1, 3, 2, 1, 3, 3, 1, 1, 1, 3, 2, 2, 1, 1, 1, 1, 2, 1, 2, 4, 1, 2, 1, 2, 5, 3, 1, 1, 1, 1, 2, 2, 4, 1, 1, 2, 1, 4, 1, 1, 1, 1, 2, 4, 5, 1, 2, 3, 2, 1, 5, 4, 2, 1, 2, 1, 3, 2, 1, 1, 6, 1, 1, 1, 1, 2, 2, 1, 1, 1, 1, 3, 1, 1, 1, 1, 1, 1, 3, 1, 2, 2, 1, 1, 2, 1, 4]"
User-001,0,trace_0712,1788727610.2536612,streaming,18850,119,119,0,294,158.84969663619995,207.79097890853882,0.4147566294266006,0.0,0,True,,1788727402.4625793,1788727561.312276,1788727610.2535582,"[1788727561.312276, 1788727561.9304125, 1788727562.6097536, 1788727563.3036537, 1788727564.038193, 1788727564.8007085, 1788727565.5882137, 1788727566.3021448, 1788727566.9178605, 1788727567.5742502, 1788727568.2857773, 1788727569.0156336, 1788727569.787149, 1788727570.5744617, 1788727571.3980613, 1788727572.249068, 1788727573.1569462, 1788727573.747647, 1788727574.3880475, 1788727575.0696611, 1788727575.7810512, 1788727576.521601, 1788727577.2983737, 1788727578.0865452, 1788727578.9238503, 1788727579.7725604, 1788727580.6624343, 1788727581.58252, 1788727582.4693136, 1788727583.0554655, 1788727583.7062528, 1788727584.3871162, 1788727585.1346307, 1788727585.8531704, 1788727586.6274328, 1788727587.441929, 1788727588.2876952, 1788727588.9681726, 1788727589.5792928, 1788727590.2470925, 1788727590.9425817, 1788727591.6774313, 1788727592.4254448, 1788727593.228903, 1788727594.067014, 1788727594.9292762, 1788727595.820897, 1788727596.7417166, 1788727597.5319629, 1788727598.1270838, 1788727598.7847219, 1788727599.4713776, 1788727600.190718, 1788727600.9420757, 1788727601.7179143, 1788727602.5245204, 1788727603.2819173, 1788727603.8827446, 1788727604.5371177, 1788727605.221952, 1788727605.9397025, 1788727606.6901827, 1788727607.466856, 1788727608.2733195, 1788727608.965078, 1788727609.5790727, 1788727610.25229]","[1, 1, 1, 2, 2, 1, 2, 2, 1, 2, 2, 1, 1, 1, 3, 1, 1, 2, 2, 2, 2, 2, 2, 2, 1, 2, 1, 1, 2, 1, 1, 1, 1, 4, 2, 2, 3, 2, 1, 1, 1, 2, 2, 4, 3, 3, 1, 1, 1, 3, 3, 3, 1, 2, 2, 3, 2, 1, 1, 2, 2, 4, 1, 3, 1, 1, 1]"
User-008,0,trace_0707,1788727617.4462404,streaming,19408,381,381,0,302,42.74061369895935,214.65036582946777,0.4523940845539695,0.0,0,True,,1788727402.7957976,1788727445.5364113,1788727617.4461634,"[1788727445.5364113, 1788727446.1249757, 1788727446.7682178, 1788727447.4405174, 1788727448.1410878, 1788727448.8760147, 1788727449.6384637, 1788727450.4358375, 1788727451.2658532, 1788727452.124128, 1788727452.9234037, 1788727453.5089324, 1788727454.1550007, 1788727454.83098, 1788727455.5349565, 1788727456.2730494, 1788727457.0374627, 1788727457.8375518, 1788727458.6696308, 1788727459.536538, 1788727460.1136236, 1788727460.7510114, 1788727461.419574, 1788727462.1168084, 1788727462.8432143, 1788727463.6005206, 1788727464.3885329, 1788727465.16976, 1788727465.7565548, 1788727466.404772, 1788727467.0757537, 1788727467.780495, 1788727468.5182178, 1788727469.2864928, 1788727470.0138576, 1788727470.6096587, 1788727471.2580125, 1788727471.9418879, 1788727472.6466625, 1788727473.3857527, 1788727474.1573951, 1788727474.9575007, 1788727475.7881896, 1788727476.4615242, 1788727477.0630832, 1788727477.7244601, 1788727478.4231431, 1788727479.140791, 1788727479.8916476, 1788727480.672187, 1788727481.488304, 1788727482.0724719, 1788727482.7147927, 1788727483.3860695, 1788727484.088042, 1788727484.8190618, 1788727485.5828297, 1788727486.368816, 1788727487.1196215, 1788727487.717752, 1788727488.3714018, 1788727489.0552573, 1788727489.767119, 1788727490.508463, 1788727491.2788818, 1788727492.0859153, 1788727492.91559, 1788727493.5947597, 1788727494.199852, 1788727494.8614986, 1788727495.5554519, 1788727496.2793353, 1788727497.0323145, 1788727497.819923, 1788727498.6335056, 1788727499.4770048, 1788727500.3508554, 1788727501.2558162, 1788727502.1919823, 1788727503.0908182, 1788727503.674515, 1788727504.32362, 1788727505.0034244, 1788727505.7131753, 1788727506.4526076, 1788727507.2166996, 1788727508.015072, 1788727508.8499405, 1788727509.71171, 1788727510.602758, 1788727511.5308344, 1788727512.3144183, 1788727512.9140995, 1788727513.5705812, 1788727514.2594361, 1788727514.9833813, 1788727515.7256675, 1788727516.4995024, 1788727517.308472, 1788727518.1529317, 1788727519.0285254, 1788727519.6696599, 1788727520.2839394, 1788727520.9561534, 1788727521.6578727, 1788727522.3904212, 1788727523.149795, 1788727523.9384415, 1788727524.7591727, 1788727525.6188195, 1788727526.5204566, 1788727527.4309084, 1788727528.388334, 1788727529.3709097, 1788727530.0860615, 1788727530.68783, 1788727531.3558567, 1788727532.0543308, 1788727532.7822676, 1788727533.5374818, 1788727534.326065, 1788727535.1427536, 1788727536.0004828, 1788727536.876562, 1788727537.7853413, 1788727538.7292101, 1788727539.7041793, 1788727540.4168115, 1788727541.0240004, 1788727541.6935015, 1788727542.392502, 1788727543.122936, 1788727543.8814437, 1788727544.6681206, 1788727545.484474, 1788727546.3333402, 1788727547.0597508, 1788727547.6683106, 1788727548.3363273, 1788727549.0299673, 1788727549.7761812, 1788727550.523033, 1788727551.3178885, 1788727552.146176, 1788727553.0050044, 1788727553.884539, 1788727554.7951806, 1788727555.501714, 1788727556.104375, 1788727556.7941053, 1788727557.520208, 1788727558.2631297, 1788727559.039018, 1788727559.8447475, 1788727560.6669276, 1788727561.3078701, 1788727561.92629, 1788727562.6054919, 1788727563.2994735, 1788727564.035035, 1788727564.7966042, 1788727565.5843873, 1788727566.2989757, 1788727566.9134686, 1788727567.570752, 1788727568.2822347, 1788727569.0124996, 1788727569.7841797, 1788727570.571171, 1788727571.3950346, 1788727572.2459102, 1788727573.1532235, 1788727573.7402804, 1788727574.3845015, 1788727575.065895, 1788727575.777419, 1788727576.5179608, 1788727577.2943938, 1788727578.0834556, 1788727578.918124, 1788727579.7694027, 1788727580.6592095, 1788727581.579365, 1788727582.4654365, 1788727583.0518122, 1788727583.702556, 1788727584.3834586, 1788727585.1328888, 1788727585.849277, 1788727586.623858, 1788727587.438188, 1788727588.2838218, 1788727588.9637463, 1788727589.5749507, 1788727590.2427177, 1788727590.9383874, 1788727591.6726635, 1788727592.4218144, 1788727593.2252848, 1788727594.0633612, 1788727594.9255834, 1788727595.8171952, 1788727596.737964, 1788727597.5275757, 1788727598.1229324, 1788727598.780583, 1788727599.467277, 1788727600.1865613, 1788727600.9378808, 1788727601.713435, 1788727602.520345, 1788727603.277105, 1788727603.8778834, 1788727604.5324636, 1788727605.217342, 1788727605.9350684, 1788727606.6855183, 1788727607.4620337, 1788727608.2686307, 1788727608.9603298, 1788727609.5739696, 1788727610.247092, 1788727610.9536583, 1788727611.701344, 1788727612.4611406, 1788727613.25635, 1788727613.9026926, 1788727614.5246472, 1788727615.1975608, 1788727615.8955412, 1788727616.6326246, 1788727617.4428294]","[1, 1, 1, 1, 3, 2, 1, 1, 1, 2, 1, 1, 2, 2, 1, 1, 1, 1, 2, 1, 1, 1, 3, 1, 1, 2, 3, 1, 1, 1, 1, 2, 1, 2, 1, 1, 1, 2, 1, 1, 1, 2, 2, 1, 1, 1, 1, 1, 1, 2, 1, 1, 1, 1, 1, 3, 2, 1, 2, 1, 1, 4, 1, 1, 1, 1, 1, 1, 2, 4, 2, 1, 1, 3, 2, 1, 2, 2, 1, 1, 1, 1, 1, 1, 2, 1, 2, 1, 1, 2, 3, 3, 1, 1, 2, 4, 1, 1, 2, 1, 1, 3, 2, 1, 2, 1, 1, 2, 1, 2, 2, 2, 1, 1, 2, 1, 4, 2, 2, 1, 1, 2, 2, 2, 2, 1, 2, 1, 2, 2, 1, 4, 4, 2, 2, 2, 1, 2, 2, 2, 1, 2, 1, 2, 4, 1, 2, 2, 1, 4, 3, 1, 1, 2, 2, 1, 2, 1, 3, 3, 1, 1, 1, 1, 2, 2, 2, 2, 1, 2, 1, 3, 3, 1, 1, 1, 2, 1, 2, 2, 1, 2, 1, 2, 1, 3, 3, 1, 2, 2, 4, 2, 3, 1, 2, 1, 2, 1, 3, 1, 1, 1, 1, 3, 1, 2, 1, 1, 2, 1, 2, 1, 1, 2, 2, 1, 3, 2, 1, 3, 1, 3, 1, 1, 2, 2, 2, 1, 2, 2, 1, 2]"
User-013,2,trace_0253,1788727625.6320853,streaming,22910,242,242,322,10,116.16870331764221,222.13464188575745,0.4396926911540051,15.0,0,True,,1788727403.4973476,1788727519.666051,1788727625.6319895,"[1788727519.666051, 1788727520.280241, 1788727520.9524426, 1788727521.6543229, 1788727522.3866332, 1788727523.146081, 1788727523.9348397, 1788727524.7554908, 1788727525.615058, 1788727526.5167375, 1788727527.4271, 1788727528.3846672, 1788727529.3671677, 1788727530.0815146, 1788727530.6835968, 1788727531.3517244, 1788727532.0496273, 1788727532.7780256, 1788727533.5332916, 1788727534.3194947, 1788727535.1386812, 1788727535.9961812, 1788727536.8721085, 1788727537.781096, 1788727538.7248752, 1788727539.699563, 1788727540.4122977, 1788727541.0191977, 1788727541.6891842, 1788727542.3861556, 1788727543.1185958, 1788727543.8771574, 1788727544.6631243, 1788727545.4801831, 1788727546.3284214, 1788727547.0517695, 1788727547.6602848, 1788727548.326365, 1788727549.0220156, 1788727549.7676227, 1788727550.5193088, 1788727551.3139894, 1788727552.1419625, 1788727553.0006633, 1788727553.8817446, 1788727554.790881, 1788727555.4973369, 1788727556.1006567, 1788727556.7908356, 1788727557.5169334, 1788727558.2598603, 1788727559.035787, 1788727559.8414035, 1788727560.6631777, 1788727561.3041308, 1788727561.9223416, 1788727562.601047, 1788727563.29635, 1788727564.0324485, 1788727564.7933233, 1788727565.5811934, 1788727566.2949927, 1788727566.9095423, 1788727567.5668488, 1788727568.278, 1788727569.0081558, 1788727569.779291, 1788727570.5670738, 1788727571.3911717, 1788727572.2420309, 1788727573.1493666, 1788727573.7364285, 1788727574.3804934, 1788727575.0615554, 1788727575.7740705, 1788727576.5146604, 1788727577.2906952, 1788727578.080107, 1788727578.9141102, 1788727579.766474, 1788727580.6563313, 1788727581.5765042, 1788727582.462429, 1788727583.0489318, 1788727583.69973, 1788727584.3805912, 1788727585.131509, 1788727585.8460217, 1788727586.621557, 1788727587.4358952, 1788727588.2813618, 1788727588.961725, 1788727589.572439, 1788727590.2403748, 1788727590.9360638, 1788727591.6701896, 1788727592.4195178, 1788727593.2229917, 1788727594.0610373, 1788727594.9232826, 1788727595.8146596, 1788727596.7338667, 1788727597.5252185, 1788727598.1206262, 1788727598.7782853, 1788727599.4649482, 1788727600.1842957, 1788727600.9355743, 1788727601.7111306, 1788727602.5180497, 1788727603.2745764, 1788727603.8754737, 1788727604.5301573, 1788727605.2151546, 1788727605.932725, 1788727606.683229, 1788727607.459807, 1788727608.2663467, 1788727608.9580529, 1788727609.571726, 1788727610.2447295, 1788727610.9512167, 1788727611.6990368, 1788727612.4588509, 1788727613.2540045, 1788727613.9004352, 1788727614.5223072, 1788727615.1951246, 1788727615.8932486, 1788727616.630288, 1788727617.4415224, 1788727618.1797366, 1788727619.0114605, 1788727619.78379, 1788727620.3880198, 1788727621.0431962, 1788727621.7291873, 1788727622.4465675, 1788727623.196742, 1788727623.9742773, 1788727624.7809339, 1788727625.6286604]","[1, 1, 1, 1, 1, 1, 1, 2, 1, 3, 3, 3, 3, 1, 2, 2, 2, 1, 3, 3, 1, 1, 1, 3, 1, 1, 1, 1, 1, 2, 1, 1, 3, 1, 1, 2, 3, 1, 2, 3, 1, 2, 2, 1, 4, 4, 1, 4, 1, 1, 2, 1, 3, 2, 1, 6, 1, 1, 1, 2, 2, 3, 2, 3, 2, 2, 1, 1, 1, 2, 2, 2, 1, 3, 1, 2, 2, 1, 1, 3, 2, 2, 1, 1, 2, 1, 2, 1, 2, 1, 1, 2, 1, 2, 1, 1, 1, 2, 1, 3, 1, 1, 2, 1, 1, 2, 2, 2, 1, 1, 1, 2, 3, 3, 2, 2, 1, 3, 1, 1, 1, 1, 2, 1, 1, 1, 2, 4, 1, 3, 1, 1, 2, 2, 1, 1, 1, 2, 1, 1, 3, 1]"
User-021,2,trace_0266,1788727646.7978687,streaming,25893,217,217,346,7,151.68016386032104,242.97298574447632,0.4226519531673855,15.0,0,True,,1788727403.824781,1788727555.5049448,1788727646.7977667,"[1788727555.5049448, 1788727556.1068923, 1788727556.7966533, 1788727557.5229084, 1788727558.2656405, 1788727559.0417178, 1788727559.8473063, 1788727560.6697557, 1788727561.3104012, 1788727561.9288855, 1788727562.6082337, 1788727563.3021183, 1788727564.0370164, 1788727564.7992046, 1788727565.5870357, 1788727566.300944, 1788727566.9160185, 1788727567.5732596, 1788727568.2847826, 1788727569.0146396, 1788727569.7861526, 1788727570.5734694, 1788727571.3970675, 1788727572.248069, 1788727573.1551645, 1788727573.7424214, 1788727574.3865528, 1788727575.0679605, 1788727575.7795386, 1788727576.5200965, 1788727577.2968206, 1788727578.085049, 1788727578.9223707, 1788727579.7710176, 1788727580.6609302, 1788727581.5810084, 1788727582.4677823, 1788727583.053931, 1788727583.704716, 1788727584.3855836, 1788727585.1338575, 1788727585.8515532, 1788727586.6259463, 1788727587.4404104, 1788727588.2861257, 1788727588.9657912, 1788727589.5771625, 1788727590.245007, 1788727590.9405563, 1788727591.675319, 1788727592.423371, 1788727593.2268007, 1788727594.0649002, 1788727594.9272637, 1788727595.8188198, 1788727596.739622, 1788727597.5299425, 1788727598.1250772, 1788727598.7827206, 1788727599.469366, 1788727600.1887317, 1788727600.9400592, 1788727601.7157192, 1788727602.5224824, 1788727603.2799604, 1788727603.880618, 1788727604.535091, 1788727605.2199717, 1788727605.9376853, 1788727606.6881394, 1788727607.4647884, 1788727608.2712743, 1788727608.9628408, 1788727609.5765648, 1788727610.2497509, 1788727610.9559112, 1788727611.703473, 1788727612.463338, 1788727613.258535, 1788727613.9054477, 1788727614.5272863, 1788727615.2002983, 1788727615.8981605, 1788727616.6352682, 1788727617.4443438, 1788727618.1843016, 1788727619.0159132, 1788727619.7886076, 1788727620.392986, 1788727621.0501082, 1788727621.734242, 1788727622.4515269, 1788727623.201609, 1788727623.9796336, 1788727624.788357, 1788727625.6347635, 1788727626.5018682, 1788727627.4093928, 1788727628.3433282, 1788727629.3066747, 1788727629.9934762, 1788727630.5984998, 1788727631.2712817, 1788727631.972009, 1788727632.7037873, 1788727633.4647574, 1788727634.2544317, 1788727635.074339, 1788727635.9465852, 1788727636.5396116, 1788727637.1879954, 1788727637.8659008, 1788727638.5721366, 1788727639.3130267, 1788727640.0866144, 1788727640.876399, 1788727641.7023814, 1788727642.5638165, 1788727643.4583237, 1788727644.3828733, 1788727645.3400254, 1788727646.1872392, 1788727646.7937953]","[1, 1, 1, 1, 2, 2, 1, 1, 1, 1, 1, 4, 1, 3, 1, 2, 1, 2, 3, 1, 2, 1, 1, 2, 1, 2, 1, 1, 1, 3, 1, 1, 3, 2, 1, 2, 1, 3, 3, 3, 5, 2, 2, 2, 1, 1, 3, 3, 1, 1, 1, 2, 1, 1, 2, 3, 1, 1, 4, 1, 1, 3, 1, 3, 1, 3, 2, 1, 2, 1, 4, 2, 1, 2, 1, 2, 4, 3, 2, 1, 2, 3, 1, 3, 1, 3, 3, 4, 1, 1, 2, 1, 2, 3, 1, 1, 2, 3, 1, 1, 1, 1, 1, 2, 3, 3, 1, 2, 1, 1, 2, 1, 3, 1, 1, 2, 1, 1, 1, 1, 2, 1, 1]"
User-006,5,trace_0396,1788727648.185609,streaming,31170,266,266,385,49,136.7780830860138,244.54380702972412,0.4066631092215484,11.0,0,True,,1788727403.641714,1788727540.4197972,1788727648.1855211,"[1788727540.4197972, 1788727541.0266016, 1788727541.6960402, 1788727542.3950028, 1788727543.1254432, 1788727543.884026, 1788727544.6709032, 1788727545.4870229, 1788727546.3359265, 1788727547.0621219, 1788727547.6703317, 1788727548.3383546, 1788727549.0320299, 1788727549.778227, 1788727550.5250554, 1788727551.3199222, 1788727552.148387, 1788727553.0072541, 1788727553.886536, 1788727554.7971947, 1788727555.5041022, 1788727556.1063843, 1788727556.7961357, 1788727557.5223649, 1788727558.2651386, 1788727559.0412045, 1788727559.846819, 1788727560.6692462, 1788727561.309899, 1788727561.9283836, 1788727562.6077302, 1788727563.3016183, 1788727564.0366228, 1788727564.7986763, 1788727565.5864964, 1788727566.3005562, 1788727566.915496, 1788727567.5727572, 1788727568.2842705, 1788727569.0141273, 1788727569.7856574, 1788727570.572982, 1788727571.396573, 1788727572.2475717, 1788727573.1546736, 1788727573.7419188, 1788727574.3860495, 1788727575.06742, 1788727575.7790377, 1788727576.5195825, 1788727577.296294, 1788727578.0845537, 1788727578.921833, 1788727579.7705069, 1788727580.6603959, 1788727581.5804856, 1788727582.467286, 1788727583.0534184, 1788727583.7042096, 1788727584.385089, 1788727585.1336143, 1788727585.8510556, 1788727586.62537, 1788727587.4398892, 1788727588.2855933, 1788727588.965299, 1788727589.5766418, 1788727590.244374, 1788727590.9400566, 1788727591.6747751, 1788727592.4228423, 1788727593.2262928, 1788727594.0643756, 1788727594.9266186, 1788727595.8182533, 1788727596.7390115, 1788727597.5285845, 1788727598.1239738, 1788727598.7815917, 1788727599.468266, 1788727600.1876042, 1788727600.9389226, 1788727601.714437, 1788727602.5213463, 1788727603.2781165, 1788727603.8789485, 1788727604.5334835, 1788727605.2184615, 1788727605.9360824, 1788727606.686516, 1788727607.4631677, 1788727608.2696347, 1788727608.961338, 1788727609.5749793, 1788727610.2481227, 1788727610.9547446, 1788727611.7023413, 1788727612.4621503, 1788727613.2574992, 1788727613.903691, 1788727614.5256503, 1788727615.198623, 1788727615.8965502, 1788727616.6336193, 1788727617.4436102, 1788727618.1825988, 1788727619.0142567, 1788727619.7874253, 1788727620.3913622, 1788727621.046537, 1788727621.7326994, 1788727622.449884, 1788727623.1999931, 1788727623.9778194, 1788727624.7866442, 1788727625.633204, 1788727626.5002508, 1788727627.4075067, 1788727628.3413858, 1788727629.3050644, 1788727629.9919772, 1788727630.5969858, 1788727631.2696486, 1788727631.970367, 1788727632.7021396, 1788727633.4630916, 1788727634.2528415, 1788727635.0726418, 1788727635.9449906, 1788727636.5380416, 1788727637.1863077, 1788727637.8642173, 1788727638.5705986, 1788727639.3114777, 1788727640.085044, 1788727640.8746324, 1788727641.700693, 1788727642.5620952, 1788727643.4564564, 1788727644.381143, 1788727645.3386333, 1788727646.1857004, 1788727646.7918315, 1788727647.4618626, 1788727648.1807928]","[1, 2, 2, 1, 1, 1, 2, 3, 1, 1, 1, 1, 2, 4, 1, 2, 1, 1, 2, 2, 1, 1, 3, 4, 1, 3, 2, 2, 1, 1, 4, 2, 2, 3, 3, 2, 3, 2, 3, 3, 2, 1, 1, 1, 1, 1, 1, 3, 2, 2, 1, 1, 1, 1, 4, 3, 2, 2, 1, 1, 2, 1, 2, 2, 2, 3, 3, 4, 1, 1, 1, 1, 1, 3, 4, 3, 2, 2, 1, 2, 4, 2, 1, 3, 4, 1, 1, 1, 3, 1, 2, 1, 1, 2, 3, 1, 1, 2, 2, 1, 3, 1, 3, 1, 3, 2, 2, 2, 4, 3, 2, 1, 2, 1, 3, 1, 1, 2, 3, 3, 1, 2, 1, 3, 1, 1, 1, 2, 2, 1, 1, 1, 1, 1, 1, 1, 2, 2, 2, 1, 1, 1, 2, 2, 1]"
User-015,7,trace_0687,1788727650.4628823,streaming,31526,309,309,480,7,126.51112365722656,246.89092898368835,0.3908435237872136,11.0,0,True,,1788727403.5718584,1788727530.082982,1788727650.4627874,"[1788727530.082982, 1788727530.6846313, 1788727531.3527675, 1788727532.0511603, 1788727532.7790897, 1788727533.5343666, 1788727534.3205945, 1788727535.1397774, 1788727535.9973187, 1788727536.8732398, 1788727537.78214, 1788727538.7259264, 1788727539.700995, 1788727540.413317, 1788727541.0205631, 1788727541.6902497, 1788727542.3891723, 1788727543.1196983, 1788727543.878207, 1788727544.6645164, 1788727545.481274, 1788727546.3294806, 1788727547.0559492, 1788727547.6645737, 1788727548.33268, 1788727549.0263906, 1788727549.77188, 1788727550.5203552, 1788727551.3151238, 1788727552.1430902, 1788727553.001736, 1788727553.8824198, 1788727554.792344, 1788727555.4983566, 1788727556.102107, 1788727556.7919059, 1788727557.5180614, 1788727558.2609382, 1788727559.0369124, 1788727559.842454, 1788727560.6638794, 1788727561.3046677, 1788727561.9233365, 1788727562.6028175, 1788727563.296896, 1788727564.0328827, 1788727564.7938623, 1788727565.5818384, 1788727566.2955344, 1788727566.910193, 1788727567.5675104, 1788727568.2787707, 1788727569.0087667, 1788727569.7799263, 1788727570.5676856, 1788727571.3917747, 1788727572.2426527, 1788727573.1500204, 1788727573.7370481, 1788727574.3811154, 1788727575.062296, 1788727575.7746692, 1788727576.5153015, 1788727577.291575, 1788727578.0807066, 1788727578.9149997, 1788727579.767161, 1788727580.656961, 1788727581.5771196, 1788727582.4631922, 1788727583.049538, 1788727583.7003665, 1788727584.381198, 1788727585.1318622, 1788727585.8467054, 1788727586.6221638, 1788727587.436515, 1788727588.2821457, 1788727588.9623435, 1788727589.5731936, 1788727590.2410133, 1788727590.9366877, 1788727591.6709156, 1788727592.4201431, 1788727593.223614, 1788727594.0616407, 1788727594.923887, 1788727595.8154233, 1788727596.7344642, 1788727597.5258794, 1788727598.1212342, 1788727598.7789161, 1788727599.4655886, 1788727600.1849117, 1788727600.9361975, 1788727601.711748, 1788727602.5186532, 1788727603.2753422, 1788727603.8761704, 1788727604.5308082, 1788727605.2157757, 1788727605.93336, 1788727606.6838489, 1788727607.4604032, 1788727608.266993, 1788727608.9586668, 1788727609.5723226, 1788727610.2453578, 1788727610.951893, 1788727611.699647, 1788727612.4594605, 1788727613.2546713, 1788727613.901038, 1788727614.522965, 1788727615.1958492, 1788727615.8938572, 1788727616.6309643, 1788727617.4418578, 1788727618.180403, 1788727619.0120854, 1788727619.7844372, 1788727620.3886209, 1788727621.0438588, 1788727621.729869, 1788727622.447202, 1788727623.1973453, 1788727623.9749258, 1788727624.781672, 1788727625.6297338, 1788727626.4974284, 1788727627.4040854, 1788727628.3380027, 1788727629.301868, 1788727629.9878976, 1788727630.5932858, 1788727631.2659569, 1788727631.9660513, 1788727632.6984189, 1788727633.459278, 1788727634.2492275, 1788727635.0691361, 1788727635.940192, 1788727636.534004, 1788727637.1818533, 1788727637.8600008, 1788727638.5663369, 1788727639.3069904, 1788727640.0746083, 1788727640.8701704, 1788727641.696547, 1788727642.558135, 1788727643.4520085, 1788727644.3767302, 1788727645.3342488, 1788727646.1808026, 1788727646.786967, 1788727647.456943, 1788727648.175772, 1788727648.8971677, 1788727649.655491, 1788727650.4561756]","[1, 2, 1, 1, 3, 1, 3, 2, 1, 2, 3, 2, 2, 1, 5, 3, 2, 1, 3, 2, 1, 4, 2, 4, 1, 2, 2, 3, 1, 4, 2, 2, 4, 2, 2, 2, 1, 1, 1, 3, 1, 3, 1, 2, 2, 1, 3, 3, 1, 3, 2, 1, 1, 2, 2, 1, 2, 1, 1, 1, 1, 2, 1, 1, 1, 1, 1, 1, 2, 3, 1, 1, 4, 3, 2, 1, 2, 1, 3, 2, 1, 1, 4, 3, 1, 1, 2, 4, 2, 1, 1, 1, 1, 1, 2, 1, 2, 5, 1, 1, 2, 2, 2, 2, 3, 2, 4, 4, 1, 2, 1, 1, 2, 1, 3, 2, 2, 3, 2, 3, 3, 1, 2, 1, 1, 1, 1, 2, 1, 1, 2, 2, 2, 2, 3, 5, 4, 2, 1, 3, 1, 1, 1, 2, 2, 3, 2, 1, 1, 3, 2, 2, 1, 1, 2, 6, 1, 1, 1, 1, 1]"
User-025,6,trace_0588,1788727678.2112198,streaming,30247,72,72,466,2,93.2621660232544,125.28961658477783,0.45109085297920337,7.0,0,True,,1788727552.921471,1788727646.1836371,1788727678.2110877,"[1788727646.1836371, 1788727646.7895432, 1788727647.459641, 1788727648.1784809, 1788727648.899591, 1788727649.6579554, 1788727650.458969, 1788727651.0636995, 1788727651.7304916, 1788727652.4224882, 1788727653.1457982, 1788727653.897033, 1788727654.679547, 1788727655.394148, 1788727656.004407, 1788727656.6643393, 1788727657.3516665, 1788727658.0736122, 1788727658.8265665, 1788727659.6031017, 1788727660.411962, 1788727661.2255526, 1788727661.825567, 1788727662.4833817, 1788727663.1602821, 1788727663.8719263, 1788727664.6163454, 1788727665.3877828, 1788727666.1883194, 1788727667.0219238, 1788727667.8858829, 1788727668.7872448, 1788727669.7144492, 1788727670.6705196, 1788727671.326209, 1788727671.9398031, 1788727672.61886, 1788727673.3247175, 1788727674.0633147, 1788727674.8299441, 1788727675.6276815, 1788727676.454366, 1788727677.310891, 1788727678.207146]","[1, 3, 2, 1, 1, 1, 2, 1, 2, 2, 2, 1, 1, 2, 1, 1, 4, 2, 2, 1, 1, 4, 1, 2, 1, 3, 1, 3, 1, 1, 1, 2, 3, 1, 1, 1, 2, 1, 1, 1, 1, 1, 2, 3]"
User-017,3,trace_0726,1788727678.9317744,streaming,21136,112,112,320,2,83.09399843215942,126.0817768573761,0.38727728311006016,6.0,0,True,,1788727552.8499315,1788727635.94393,1788727678.9317083,"[1788727635.94393, 1788727636.536911, 1788727637.1848207, 1788727637.8632019, 1788727638.5694516, 1788727639.3102312, 1788727640.0839677, 1788727640.873232, 1788727641.6996503, 1788727642.561064, 1788727643.4549897, 1788727644.3797052, 1788727645.3376114, 1788727646.184668, 1788727646.7906282, 1788727647.460696, 1788727648.1795957, 1788727648.900616, 1788727649.6590197, 1788727650.4600172, 1788727651.0647454, 1788727651.7315698, 1788727652.4237754, 1788727653.1469169, 1788727653.8981807, 1788727654.6805978, 1788727655.3953588, 1788727656.0058296, 1788727656.6654475, 1788727657.3530579, 1788727658.0746803, 1788727658.827851, 1788727659.6043055, 1788727660.4129944, 1788727661.22658, 1788727661.8265886, 1788727662.4844475, 1788727663.1613145, 1788727663.873052, 1788727664.617377, 1788727665.3888485, 1788727666.1893497, 1788727667.0230248, 1788727667.8869832, 1788727668.788276, 1788727669.715536, 1788727670.6715941, 1788727671.3274467, 1788727671.9407969, 1788727672.6198847, 1788727673.325724, 1788727674.0643358, 1788727674.830968, 1788727675.6286786, 1788727676.4553978, 1788727677.3119094, 1788727678.2085037, 1788727678.928042]","[1, 2, 3, 1, 1, 5, 3, 1, 1, 3, 4, 2, 2, 1, 1, 1, 1, 1, 2, 2, 1, 1, 1, 2, 1, 2, 2, 3, 2, 1, 6, 2, 6, 2, 1, 1, 1, 1, 1, 2, 1, 1, 4, 1, 1, 1, 2, 3, 2, 2, 2, 5, 1, 1, 3, 3, 1, 1]"
User-034,0,trace_0164,1788727681.6902976,streaming,17666,254,254,0,275,162.31839227676392,277.71009969711304,0.45609370521877124,0.0,0,True,,1788727403.980069,1788727566.2984612,1788727681.6901686,"[1788727566.2984612, 1788727566.9128413, 1788727567.5700908, 1788727568.281322, 1788727569.0114713, 1788727569.782968, 1788727570.5699604, 1788727571.3939059, 1788727572.2448912, 1788727573.1522226, 1788727573.739258, 1788727574.383373, 1788727575.0648665, 1788727575.7764115, 1788727576.51697, 1788727577.2932143, 1788727578.0824082, 1788727578.9166343, 1788727579.7688882, 1788727580.658647, 1788727581.5788429, 1788727582.4649394, 1788727583.051292, 1788727583.702048, 1788727584.382942, 1788727585.1326413, 1788727585.8487542, 1788727586.623356, 1788727587.4376802, 1788727588.2832875, 1788727588.963228, 1788727589.5743937, 1788727590.2421668, 1788727590.9378645, 1788727591.6721387, 1788727592.4212885, 1788727593.2247715, 1788727594.0628219, 1788727594.9250648, 1788727595.8166714, 1788727596.737453, 1788727597.5270865, 1788727598.1224017, 1788727598.7800872, 1788727599.466724, 1788727600.1860528, 1788727600.937378, 1788727601.7129183, 1788727602.5198498, 1788727603.2766013, 1788727603.87737, 1788727604.531953, 1788727605.2168481, 1788727605.9345334, 1788727606.6850014, 1788727607.4615374, 1788727608.268133, 1788727608.9598396, 1788727609.573466, 1788727610.2465434, 1788727610.9531205, 1788727611.7008095, 1788727612.4606209, 1788727613.2558374, 1788727613.9021995, 1788727614.5241342, 1788727615.1970527, 1788727615.8950398, 1788727616.6321242, 1788727617.4425657, 1788727618.1815736, 1788727619.0132523, 1788727619.7864187, 1788727620.390284, 1788727621.0455008, 1788727621.7314978, 1788727622.4488544, 1788727623.1990135, 1788727623.9766035, 1788727624.7855937, 1788727625.6313632, 1788727626.4992118, 1788727627.4063764, 1788727628.3403072, 1788727629.3038604, 1788727629.9909601, 1788727630.5959682, 1788727631.2686353, 1788727631.9693403, 1788727632.701058, 1788727633.4620278, 1788727634.2517755, 1788727635.0715854, 1788727635.9430377, 1788727636.536405, 1788727637.1842864, 1788727637.8626423, 1788727638.5689378, 1788727639.3096805, 1788727640.0832722, 1788727640.87268, 1788727641.699135, 1788727642.5605567, 1788727643.4544404, 1788727644.3791742, 1788727645.3370583, 1788727646.1841583, 1788727646.7901058, 1788727647.4601552, 1788727648.1790524, 1788727648.9000993, 1788727649.658465, 1788727650.4594877, 1788727651.0642207, 1788727651.731051, 1788727652.4230552, 1788727653.1463397, 1788727653.8976276, 1788727654.6800616, 1788727655.3948102, 1788727656.0052211, 1788727656.6649144, 1788727657.3524835, 1788727658.074148, 1788727658.8272963, 1788727659.60378, 1788727660.4124737, 1788727661.226079, 1788727661.826081, 1788727662.4839325, 1788727663.1608088, 1788727663.872511, 1788727664.6168692, 1788727665.3883204, 1788727666.1888251, 1788727667.022446, 1788727667.8863919, 1788727668.7877622, 1788727669.7150147, 1788727670.6710882, 1788727671.3202283, 1788727671.9367132, 1788727672.6156623, 1788727673.3214583, 1788727674.060216, 1788727674.8266716, 1788727675.6244206, 1788727676.4512079, 1788727677.3078275, 1788727678.2039156, 1788727678.9243996, 1788727679.5453904, 1788727680.2276683, 1788727680.936817, 1788727681.682712]","[1, 1, 3, 2, 1, 2, 3, 1, 1, 1, 3, 1, 1, 1, 1, 1, 1, 1, 1, 1, 2, 1, 3, 1, 1, 1, 1, 1, 1, 4, 2, 1, 3, 2, 1, 2, 1, 3, 2, 2, 1, 1, 1, 1, 4, 1, 1, 3, 1, 2, 2, 2, 1, 2, 3, 1, 1, 1, 1, 1, 1, 1, 1, 1, 1, 2, 1, 1, 1, 1, 1, 2, 1, 2, 2, 3, 1, 1, 2, 1, 1, 2, 2, 1, 3, 1, 1, 1, 1, 1, 1, 1, 1, 2, 2, 1, 1, 2, 2, 2, 3, 2, 1, 1, 1, 4, 2, 1, 2, 2, 2, 5, 4, 1, 1, 2, 3, 2, 1, 3, 4, 1, 1, 2, 1, 2, 2, 1, 1, 1, 1, 1, 1, 3, 1, 3, 2, 1, 1, 1, 2, 4, 1, 2, 2, 2, 2, 1, 2, 1, 2, 2, 1, 4, 2]"
User-042,0,trace_0582,1788727690.6954632,streaming,20351,153,153,0,317,107.73549151420593,178.64544582366943,0.46651285729910197,0.0,0,True,,1788727512.049946,1788727619.7854376,1788727690.695392,"[1788727619.7854376, 1788727620.389238, 1788727621.0444787, 1788727621.7304175, 1788727622.4478235, 1788727623.19796, 1788727623.9755762, 1788727624.7823923, 1788727625.6302998, 1788727626.498026, 1788727627.4052212, 1788727628.3386898, 1788727629.302706, 1788727629.9897192, 1788727630.5949106, 1788727631.267555, 1788727631.9682622, 1788727632.7000172, 1788727633.460881, 1788727634.25064, 1788727635.0704427, 1788727635.9418535, 1788727636.5353615, 1788727637.1832128, 1788727637.8615842, 1788727638.5679095, 1788727639.3083022, 1788727640.082125, 1788727640.8715878, 1788727641.6980178, 1788727642.5595055, 1788727643.4533732, 1788727644.3780365, 1788727645.3358965, 1788727646.1821806, 1788727646.788435, 1788727647.4585161, 1788727648.1773384, 1788727648.8985195, 1788727649.656914, 1788727650.4578612, 1788727651.062521, 1788727651.7292783, 1788727652.4212687, 1788727653.1446056, 1788727653.8955486, 1788727654.6783943, 1788727655.3927069, 1788727656.0032132, 1788727656.662857, 1788727657.3503895, 1788727658.0720768, 1788727658.8218281, 1788727659.6018157, 1788727660.4104028, 1788727661.2242813, 1788727661.8242981, 1788727662.481806, 1788727663.1587183, 1788727663.8703735, 1788727664.615087, 1788727665.3864777, 1788727666.1870425, 1788727667.0206764, 1788727667.8846338, 1788727668.7859313, 1788727669.7131855, 1788727670.6692927, 1788727671.318672, 1788727671.9351466, 1788727672.6141093, 1788727673.319876, 1788727674.0584579, 1788727674.8250885, 1788727675.622848, 1788727676.449571, 1788727677.3062224, 1788727678.2021937, 1788727678.9227998, 1788727679.5436208, 1788727680.225836, 1788727680.935057, 1788727681.6809006, 1788727682.442683, 1788727683.2836044, 1788727684.067943, 1788727684.8871453, 1788727685.475395, 1788727686.1285007, 1788727686.811957, 1788727687.5239375, 1788727688.2696605, 1788727689.0417538, 1788727689.8421435, 1788727690.6882737]","[1, 1, 1, 2, 2, 1, 2, 1, 2, 3, 1, 2, 1, 1, 1, 3, 2, 2, 2, 2, 3, 1, 1, 1, 1, 1, 1, 1, 2, 1, 1, 1, 1, 2, 1, 1, 2, 1, 1, 1, 1, 1, 1, 1, 1, 1, 2, 1, 1, 1, 1, 1, 3, 1, 2, 2, 2, 3, 3, 1, 1, 4, 3, 2, 2, 2, 1, 1, 1, 2, 1, 2, 1, 1, 2, 4, 2, 1, 2, 3, 2, 3, 1, 1, 1, 1, 1, 2, 1, 1, 1, 2, 3, 5, 2]"
User-004,1,trace_0629,1788727696.9020615,streaming,29165,66,66,286,169,93.04540657997131,118.62523484230042,0.39353581942044774,142.0,0,True,,1788727578.27667,1788727671.3220766,1788727696.9019048,"[1788727671.3220766, 1788727671.938262, 1788727672.6173227, 1788727673.3231711, 1788727674.0617778, 1788727674.8283997, 1788727675.6261249, 1788727676.4528546, 1788727677.3093472, 1788727678.2055852, 1788727678.9259405, 1788727679.549721, 1788727680.2321093, 1788727680.9414065, 1788727681.687334, 1788727682.4481218, 1788727683.2860982, 1788727684.0734444, 1788727684.8945765, 1788727685.4806643, 1788727686.1337056, 1788727686.8171277, 1788727687.5291173, 1788727688.274894, 1788727689.047095, 1788727689.8473725, 1788727690.6932833, 1788727691.5613258, 1788727692.4607468, 1788727693.39052, 1788727694.2317114, 1788727694.8213272, 1788727695.4811609, 1788727696.169452, 1788727696.8981595]","[1, 2, 2, 1, 3, 2, 1, 1, 1, 3, 3, 1, 3, 1, 1, 3, 2, 2, 2, 2, 3, 1, 1, 2, 1, 4, 1, 2, 3, 1, 2, 1, 3, 2, 2]"
User-020,1,trace_0108,1788727727.53025,streaming,19881,166,166,258,52,86.36607050895691,152.6667013168335,0.4018220048962217,12.0,0,True,,1788727574.8634527,1788727661.2295232,1788727727.530154,"[1788727661.2295232, 1788727661.829324, 1788727662.487167, 1788727663.1640105, 1788727663.875811, 1788727664.6229253, 1788727665.3914404, 1788727666.1920853, 1788727667.0257313, 1788727667.889684, 1788727668.7910178, 1788727669.7181597, 1788727670.6743155, 1788727671.3173826, 1788727671.9338307, 1788727672.612851, 1788727673.3183143, 1788727674.0573318, 1788727674.8235476, 1788727675.6215587, 1788727676.4483182, 1788727677.304946, 1788727678.2007551, 1788727678.9214733, 1788727679.5481546, 1788727680.2303417, 1788727680.9398813, 1788727681.6858087, 1788727682.4466064, 1788727683.285386, 1788727684.0718412, 1788727684.8927445, 1788727685.4791398, 1788727686.1322055, 1788727686.8156354, 1788727687.5275993, 1788727688.273386, 1788727689.0454984, 1788727689.8458521, 1788727690.692153, 1788727691.559727, 1788727692.459189, 1788727693.389004, 1788727694.2302198, 1788727694.8200989, 1788727695.4796228, 1788727696.1679118, 1788727696.8966248, 1788727697.5876286, 1788727698.2136045, 1788727698.8879216, 1788727699.5900898, 1788727700.3225527, 1788727701.0814793, 1788727701.7686539, 1788727702.3856359, 1788727703.052509, 1788727703.745878, 1788727704.4740524, 1788727705.2301838, 1788727706.0146282, 1788727706.7294822, 1788727707.3380353, 1788727708.002676, 1788727708.694685, 1788727709.4222798, 1788727710.1770163, 1788727710.9578526, 1788727711.7689428, 1788727712.5862584, 1788727713.1838326, 1788727713.83905, 1788727714.522486, 1788727715.234337, 1788727715.9713044, 1788727716.5767553, 1788727717.2295153, 1788727717.911814, 1788727718.6238263, 1788727719.3420305, 1788727719.9535406, 1788727720.6086833, 1788727721.294401, 1788727722.007197, 1788727722.7535996, 1788727723.5248744, 1788727724.3316069, 1788727725.1687489, 1788727726.0305946, 1788727726.9151325, 1788727727.519307]","[1, 2, 1, 1, 2, 1, 1, 1, 1, 2, 3, 2, 3, 1, 2, 3, 1, 1, 2, 1, 2, 1, 1, 2, 1, 2, 1, 2, 1, 1, 3, 5, 3, 1, 2, 3, 2, 4, 1, 2, 2, 2, 1, 1, 5, 2, 1, 1, 1, 2, 1, 1, 2, 2, 2, 1, 6, 1, 2, 3, 3, 3, 1, 2, 1, 1, 5, 1, 1, 1, 1, 2, 1, 3, 3, 2, 1, 5, 2, 2, 3, 1, 1, 1, 1, 1, 1, 1, 1, 2, 1]"
User-037,1,trace_0489,1788727743.6095004,streaming,15800,212,212,239,7,91.4879994392395,179.6996808052063,0.41806484059699905,13.0,0,True,,1788727563.9097667,1788727655.397766,1788727743.6094475,"[1788727655.397766, 1788727656.0081363, 1788727656.667704, 1788727657.3553543, 1788727658.0768945, 1788727658.8301885, 1788727659.6064813, 1788727660.4150746, 1788727661.2286837, 1788727661.8288202, 1788727662.4866316, 1788727663.163509, 1788727663.875312, 1788727664.6223702, 1788727665.3909204, 1788727666.1915743, 1788727667.025235, 1788727667.8891628, 1788727668.7905004, 1788727669.7176611, 1788727670.6738038, 1788727671.3192213, 1788727671.9356916, 1788727672.6146202, 1788727673.3204236, 1788727674.0590048, 1788727674.825632, 1788727675.6233823, 1788727676.4501202, 1788727677.30679, 1788727678.2028904, 1788727678.9233239, 1788727679.5459023, 1788727680.228178, 1788727680.9373367, 1788727681.6835387, 1788727682.4443884, 1788727683.2843897, 1788727684.0695503, 1788727684.8886604, 1788727685.4769323, 1788727686.1300673, 1788727686.8134887, 1788727687.5254648, 1788727688.2712238, 1788727689.0433464, 1788727689.8436933, 1788727690.6901202, 1788727691.5544658, 1788727692.4558716, 1788727693.3857815, 1788727694.2271526, 1788727694.817637, 1788727695.4763172, 1788727696.1646354, 1788727696.8933566, 1788727697.5845778, 1788727698.2102568, 1788727698.884743, 1788727699.5869162, 1788727700.319343, 1788727701.0782294, 1788727701.77027, 1788727702.3873823, 1788727703.0541136, 1788727703.7475052, 1788727704.475662, 1788727705.2318072, 1788727706.0162227, 1788727706.7310064, 1788727707.3396456, 1788727708.0044644, 1788727708.6963367, 1788727709.4238594, 1788727710.1785777, 1788727710.9594586, 1788727711.7704716, 1788727712.5877953, 1788727713.185366, 1788727713.840812, 1788727714.524033, 1788727715.2359114, 1788727715.9728076, 1788727716.57829, 1788727717.2310517, 1788727717.913326, 1788727718.6256695, 1788727719.343537, 1788727719.9551208, 1788727720.6102493, 1788727721.2960918, 1788727722.0087252, 1788727722.7551382, 1788727723.5263886, 1788727724.3330996, 1788727725.1702425, 1788727726.0323167, 1788727726.916633, 1788727727.5211067, 1788727728.184591, 1788727728.8836944, 1788727729.6091127, 1788727730.3641546, 1788727731.1452928, 1788727731.9498467, 1788727732.7338593, 1788727733.3394363, 1788727734.0025322, 1788727734.690953, 1788727735.4084778, 1788727736.1598608, 1788727736.9355848, 1788727737.7412114, 1788727738.578451, 1788727739.3925924, 1788727739.997864, 1788727740.6594145, 1788727741.3497524, 1788727742.0648296, 1788727742.816035, 1788727743.5982828]","[1, 1, 2, 1, 1, 1, 1, 1, 1, 1, 2, 2, 1, 2, 2, 1, 1, 3, 2, 2, 5, 1, 2, 1, 3, 3, 2, 1, 3, 3, 1, 4, 1, 1, 4, 1, 1, 2, 3, 1, 1, 1, 1, 1, 2, 2, 3, 2, 1, 2, 3, 2, 4, 3, 1, 5, 1, 2, 1, 2, 1, 2, 1, 1, 2, 2, 1, 1, 1, 1, 1, 2, 2, 3, 2, 1, 2, 1, 2, 1, 1, 1, 3, 2, 1, 2, 1, 2, 2, 3, 1, 3, 1, 1, 1, 2, 1, 1, 1, 2, 1, 2, 1, 2, 1, 2, 1, 1, 2, 3, 2, 3, 4, 1, 1, 3, 1, 1, 2, 2, 2]"
User-003,1,trace_0714,1788727747.0444677,streaming,30151,283,283,342,128,93.31890368461609,210.37424397468567,0.4150898591846439,16.0,0,True,,1788727536.6701207,1788727629.9890244,1788727747.0443647,"[1788727629.9890244, 1788727630.594153, 1788727631.266841, 1788727631.9671478, 1788727632.6992931, 1788727633.4599252, 1788727634.2498937, 1788727635.0697703, 1788727635.9408307, 1788727636.5346794, 1788727637.182511, 1788727637.8608603, 1788727638.567217, 1788727639.3076403, 1788727640.0814874, 1788727640.8708858, 1788727641.697304, 1788727642.5588217, 1788727643.4526594, 1788727644.3773594, 1788727645.334916, 1788727646.1814783, 1788727646.7877357, 1788727647.4578023, 1788727648.176417, 1788727648.897814, 1788727649.6562374, 1788727650.4570756, 1788727651.0615506, 1788727651.7283993, 1788727652.4205368, 1788727653.1439474, 1788727653.8949108, 1788727654.677299, 1788727655.392032, 1788727656.0025382, 1788727656.6621776, 1788727657.3496995, 1788727658.071435, 1788727658.8211577, 1788727659.6010683, 1788727660.409674, 1788727661.2234437, 1788727661.8234577, 1788727662.4810917, 1788727663.15807, 1788727663.8697188, 1788727664.6141753, 1788727665.3858306, 1788727666.1861813, 1788727667.0198362, 1788727667.883801, 1788727668.7850785, 1788727669.7123399, 1788727670.668442, 1788727671.31654, 1788727671.9332006, 1788727672.612069, 1788727673.317605, 1788727674.0563984, 1788727674.8229022, 1788727675.6207342, 1788727676.4474964, 1788727677.3042767, 1788727678.1999142, 1788727678.9206426, 1788727679.542787, 1788727680.2249968, 1788727680.934178, 1788727681.680046, 1788727682.44163, 1788727683.283253, 1788727684.0671299, 1788727684.8854134, 1788727685.474093, 1788727686.127283, 1788727686.8106563, 1788727687.5226645, 1788727688.2684033, 1788727689.0405092, 1788727689.8408825, 1788727690.6869798, 1788727691.5532262, 1788727692.4543924, 1788727693.3845334, 1788727694.2256327, 1788727694.816499, 1788727695.4750266, 1788727696.16337, 1788727696.8920944, 1788727697.5831592, 1788727698.208983, 1788727698.8834834, 1788727699.5856328, 1788727700.3180764, 1788727701.0769823, 1788727701.7674634, 1788727702.3843832, 1788727703.051211, 1788727703.7446344, 1788727704.472817, 1788727705.2289104, 1788727706.013363, 1788727706.7280881, 1788727707.3368049, 1788727708.0013807, 1788727708.6934726, 1788727709.4210184, 1788727710.175755, 1788727710.9566045, 1788727711.7676845, 1788727712.5848203, 1788727713.182558, 1788727713.837743, 1788727714.5211987, 1788727715.2330961, 1788727715.9691606, 1788727716.5749466, 1788727717.2277234, 1788727717.9099622, 1788727718.6216738, 1788727719.3402858, 1788727719.9517465, 1788727720.6068854, 1788727721.2927437, 1788727722.0050926, 1788727722.751835, 1788727723.523114, 1788727724.3297875, 1788727725.1669352, 1788727726.0287657, 1788727726.9131124, 1788727727.5173554, 1788727728.181482, 1788727728.8806517, 1788727729.6060135, 1788727730.361103, 1788727731.142356, 1788727731.9467835, 1788727732.7308562, 1788727733.33664, 1788727733.9992223, 1788727734.6881623, 1788727735.4056506, 1788727736.1570442, 1788727736.9324985, 1788727737.7384455, 1788727738.575649, 1788727739.38886, 1788727739.994581, 1788727740.655979, 1788727741.3459394, 1788727742.0615058, 1788727742.8126476, 1788727743.594968, 1788727744.4005978, 1788727745.2359111, 1788727746.1152918, 1788727747.0414658]","[1, 1, 2, 2, 3, 2, 1, 1, 1, 1, 2, 1, 1, 1, 1, 1, 3, 1, 4, 1, 1, 1, 1, 1, 2, 5, 1, 2, 2, 1, 4, 5, 1, 2, 1, 1, 3, 4, 2, 2, 4, 5, 2, 1, 1, 2, 1, 4, 2, 1, 1, 1, 1, 4, 4, 1, 1, 3, 2, 1, 1, 1, 1, 1, 1, 1, 1, 1, 2, 2, 1, 1, 2, 1, 3, 1, 3, 1, 3, 1, 1, 2, 3, 1, 2, 1, 1, 1, 2, 1, 1, 2, 1, 3, 1, 1, 2, 1, 1, 1, 4, 3, 3, 5, 1, 1, 1, 3, 2, 3, 3, 1, 1, 1, 2, 1, 1, 3, 1, 3, 3, 1, 3, 1, 1, 2, 1, 1, 2, 1, 1, 1, 2, 1, 1, 2, 4, 3, 1, 2, 1, 1, 1, 1, 1, 1, 2, 2, 1, 1, 1, 3, 3, 5, 1, 3, 2, 2, 1]"
User-030,3,trace_0082,1788727747.0556376,streaming,21830,501,501,274,52,143.29511046409607,343.2896206378937,0.3999890203475952,14.0,0,True,,1788727403.7659776,1788727547.061088,1788727747.0555983,"[1788727547.061088, 1788727547.669311, 1788727548.3373375, 1788727549.0310223, 1788727549.7771902, 1788727550.5265641, 1788727551.3214452, 1788727552.1499326, 1788727553.008472, 1788727553.8880687, 1788727554.798746, 1788727555.5064676, 1788727556.1084056, 1788727556.7981462, 1788727557.5244968, 1788727558.2671828, 1788727559.0432718, 1788727559.848431, 1788727560.6712806, 1788727561.3127906, 1788727561.9309387, 1788727562.6102643, 1788727563.3041625, 1788727564.0385876, 1788727564.8012216, 1788727565.58859, 1788727566.3025324, 1788727566.9183671, 1788727567.5747893, 1788727568.2862844, 1788727569.0161326, 1788727569.7876508, 1788727570.574979, 1788727571.3985786, 1788727572.249576, 1788727573.157445, 1788727573.7479002, 1788727574.388555, 1788727575.07016, 1788727575.7815692, 1788727576.5221019, 1788727577.298937, 1788727578.0870585, 1788727578.924104, 1788727579.7730682, 1788727580.6629586, 1788727581.5830352, 1788727582.469814, 1788727583.0559652, 1788727583.7067692, 1788727584.3876216, 1788727585.13488, 1788727585.8537052, 1788727586.6279352, 1788727587.4424434, 1788727588.288223, 1788727588.968678, 1788727589.579797, 1788727590.2475932, 1788727590.9431016, 1788727591.6779516, 1788727592.425948, 1788727593.2294142, 1788727594.067527, 1788727594.9297945, 1788727595.821423, 1788727596.742225, 1788727597.5324476, 1788727598.1276197, 1788727598.785232, 1788727599.471899, 1788727600.191229, 1788727600.9425814, 1788727601.7184246, 1788727602.525038, 1788727603.2824204, 1788727603.883269, 1788727604.5376222, 1788727605.2224805, 1788727605.9402127, 1788727606.6907032, 1788727607.467359, 1788727608.273827, 1788727608.9654608, 1788727609.5795186, 1788727610.253076, 1788727610.9590492, 1788727611.7068515, 1788727612.4663792, 1788727613.261603, 1788727613.9082003, 1788727614.5303059, 1788727615.2033665, 1788727615.901116, 1788727616.638314, 1788727617.4459476, 1788727618.1874013, 1788727619.0188735, 1788727619.7909315, 1788727620.3959918, 1788727621.0531611, 1788727621.737251, 1788727622.4545128, 1788727623.204622, 1788727623.982655, 1788727624.791452, 1788727625.6378076, 1788727626.5048993, 1788727627.4127908, 1788727628.346536, 1788727629.3098521, 1788727629.9965205, 1788727630.601649, 1788727631.2743073, 1788727631.97432, 1788727632.706882, 1788727633.4715161, 1788727634.2575448, 1788727635.077843, 1788727635.9497309, 1788727636.5426314, 1788727637.1911404, 1788727637.8689182, 1788727638.5751917, 1788727639.3161066, 1788727640.0883298, 1788727640.8794842, 1788727641.705427, 1788727642.5668497, 1788727643.4615114, 1788727644.3859406, 1788727645.3423665, 1788727646.1904411, 1788727646.7972896, 1788727647.465934, 1788727648.1851335, 1788727648.9052818, 1788727649.6636918, 1788727650.4659202, 1788727651.0701058, 1788727651.7368474, 1788727652.4292593, 1788727653.1526904, 1788727653.9034579, 1788727654.6859581, 1788727655.4009082, 1788727656.0116987, 1788727656.6712608, 1788727657.3588896, 1788727658.0804145, 1788727658.8338013, 1788727659.6099873, 1788727660.4187396, 1788727661.2332072, 1788727661.8328927, 1788727662.490693, 1788727663.1675177, 1788727663.8793776, 1788727664.626557, 1788727665.3942094, 1788727666.1956723, 1788727667.0292876, 1788727667.8932514, 1788727668.7949321, 1788727669.7220721, 1788727670.6778514, 1788727671.3283432, 1788727671.9424193, 1788727672.6214097, 1788727673.3272562, 1788727674.0658731, 1788727674.832493, 1788727675.6302018, 1788727676.4569213, 1788727677.3135355, 1788727678.210014, 1788727678.9308496, 1788727679.5523372, 1788727680.2348573, 1788727680.943948, 1788727681.6898491, 1788727682.4506636, 1788727683.2873135, 1788727684.076081, 1788727684.896494, 1788727685.4831991, 1788727686.136209, 1788727686.8195014, 1788727687.5313544, 1788727688.2773955, 1788727689.049599, 1788727689.8498971, 1788727690.6951444, 1788727691.5639598, 1788727692.4633613, 1788727693.3930333, 1788727694.23499, 1788727694.8237245, 1788727695.4842355, 1788727696.17247, 1788727696.901462, 1788727697.5918653, 1788727698.2181864, 1788727698.8923903, 1788727699.5945504, 1788727700.3271213, 1788727701.0859742, 1788727701.7772558, 1788727702.393476, 1788727703.0604901, 1788727703.753641, 1788727704.4818392, 1788727705.2380426, 1788727706.0223546, 1788727706.7378767, 1788727707.348291, 1788727708.0110252, 1788727708.703036, 1788727709.4305913, 1788727710.1854239, 1788727710.9664779, 1788727711.777249, 1788727712.5939589, 1788727713.1954765, 1788727713.8473408, 1788727714.53065, 1788727715.2425578, 1788727715.9792907, 1788727716.584948, 1788727717.237701, 1788727717.9199426, 1788727718.632137, 1788727719.350142, 1788727719.9622557, 1788727720.6174767, 1788727721.303238, 1788727722.0159798, 1788727722.7617612, 1788727723.5337186, 1788727724.3400638, 1788727725.1772294, 1788727726.0391908, 1788727726.9236207, 1788727727.528261, 1788727728.1915884, 1788727728.8905983, 1788727729.6178885, 1788727730.3711326, 1788727731.1518607, 1788727731.9567854, 1788727732.7412524, 1788727733.3471203, 1788727734.0102577, 1788727734.698576, 1788727735.4155788, 1788727736.1691134, 1788727736.943169, 1788727737.7488754, 1788727738.5860522, 1788727739.4000974, 1788727740.0056129, 1788727740.6670828, 1788727741.3574376, 1788727742.0718248, 1788727742.823741, 1788727743.6085818, 1788727744.4112668, 1788727745.246491, 1788727746.1258051, 1788727747.0533862]","[1, 1, 1, 2, 3, 5, 2, 3, 2, 1, 3, 1, 1, 1, 1, 1, 2, 2, 2, 3, 1, 3, 1, 1, 1, 1, 2, 2, 1, 1, 3, 1, 1, 3, 6, 2, 1, 2, 2, 2, 2, 1, 1, 1, 1, 1, 3, 3, 1, 1, 2, 1, 1, 1, 5, 2, 1, 2, 6, 2, 2, 1, 1, 2, 1, 1, 1, 2, 2, 1, 1, 1, 1, 1, 2, 1, 1, 2, 2, 1, 3, 1, 3, 2, 1, 3, 1, 1, 1, 4, 2, 3, 1, 1, 4, 1, 2, 1, 1, 2, 1, 1, 1, 1, 2, 2, 1, 1, 3, 2, 1, 2, 1, 1, 1, 5, 2, 4, 3, 1, 3, 3, 2, 1, 2, 1, 1, 1, 1, 3, 2, 3, 1, 1, 1, 3, 1, 1, 1, 2, 3, 3, 2, 1, 3, 1, 2, 3, 2, 1, 3, 1, 3, 1, 1, 1, 1, 2, 2, 1, 1, 3, 6, 1, 1, 1, 3, 1, 2, 1, 1, 2, 2, 3, 1, 3, 1, 1, 3, 2, 2, 1, 2, 1, 2, 1, 1, 3, 1, 1, 1, 2, 1, 2, 1, 4, 3, 2, 1, 1, 3, 1, 1, 2, 2, 5, 3, 1, 3, 1, 1, 2, 1, 3, 1, 2, 2, 2, 1, 2, 1, 2, 1, 2, 1, 1, 2, 2, 3, 4, 4, 1, 2, 5, 2, 2, 2, 2, 3, 1, 2, 3, 3, 2, 1, 4, 1, 1, 2, 1, 3, 3, 3, 1, 4, 3, 2, 2, 1, 3, 1, 2, 1, 3, 4, 1, 1, 1, 1, 2]"
User-007,1,trace_0398,1788727748.9263725,streaming,13738,115,115,203,11,106.04266571998596,153.1969940662384,0.413634459177653,45.0,0,True,,1788727595.7292962,1788727701.771962,1788727748.9262903,"[1788727701.771962, 1788727702.3889186, 1788727703.055806, 1788727703.7491376, 1788727704.4772978, 1788727705.2335038, 1788727706.017857, 1788727706.7324948, 1788727707.341297, 1788727708.0060277, 1788727708.6979904, 1788727709.4255254, 1788727710.1803195, 1788727710.9611278, 1788727711.7722058, 1788727712.5893083, 1788727713.190005, 1788727713.8423371, 1788727714.5256808, 1788727715.2375457, 1788727715.97428, 1788727716.5800014, 1788727717.2327244, 1788727717.915001, 1788727718.627275, 1788727719.3449798, 1788727719.9567974, 1788727720.6119616, 1788727721.297604, 1788727722.0104003, 1788727722.7568223, 1788727723.5280573, 1788727724.3347569, 1788727725.1718736, 1788727726.03379, 1788727726.9181063, 1788727727.5228856, 1788727728.1861079, 1788727728.885163, 1788727729.610647, 1788727730.3656812, 1788727731.1467783, 1788727731.9513974, 1788727732.7353919, 1788727733.3411174, 1788727734.0040827, 1788727734.6926482, 1788727735.4101565, 1788727736.1615388, 1788727736.9371264, 1788727737.7428808, 1788727738.5801816, 1788727739.3940833, 1788727739.9995596, 1788727740.6610956, 1788727741.3513148, 1788727742.0664911, 1788727742.8177404, 1788727743.603884, 1788727744.4050293, 1788727745.2404966, 1788727746.1196537, 1788727747.0470407, 1788727747.9580657, 1788727748.918602]","[1, 1, 2, 4, 2, 1, 1, 1, 2, 2, 1, 2, 2, 1, 1, 3, 2, 2, 1, 1, 1, 1, 2, 2, 1, 1, 1, 2, 1, 1, 3, 2, 2, 2, 2, 1, 3, 3, 4, 2, 1, 1, 1, 1, 2, 1, 1, 1, 1, 3, 1, 2, 1, 1, 1, 1, 3, 2, 4, 3, 1, 2, 3, 6, 1]"
User-038,0,trace_0661,1788727751.8029573,streaming,20442,368,368,0,319,183.6022777557373,346.43744373321533,0.44369255034735156,0.0,0,True,,1788727405.3653924,1788727588.9676702,1788727751.8028362,"[1788727588.9676702, 1788727589.5787842, 1788727590.2465668, 1788727590.9420872, 1788727591.6769319, 1788727592.4249437, 1788727593.228395, 1788727594.0665035, 1788727594.9287784, 1788727595.8203819, 1788727596.741208, 1788727597.5314713, 1788727598.1265657, 1788727598.7842362, 1788727599.47089, 1788727600.1902268, 1788727600.9415843, 1788727601.7174137, 1788727602.524016, 1788727603.2814264, 1788727603.882222, 1788727604.5366197, 1788727605.2214475, 1788727605.9392123, 1788727606.689681, 1788727607.4663444, 1788727608.272811, 1788727608.964711, 1788727609.5785482, 1788727610.251768, 1788727610.9580142, 1788727611.705672, 1788727612.4653766, 1788727613.2605898, 1788727613.9074173, 1788727614.529299, 1788727615.202316, 1788727615.9001253, 1788727616.6373158, 1788727617.4454663, 1788727618.1863587, 1788727619.017877, 1788727619.7901423, 1788727620.3949878, 1788727621.0521402, 1788727621.73625, 1788727622.4535112, 1788727623.2036102, 1788727623.981616, 1788727624.7903988, 1788727625.6368077, 1788727626.5038824, 1788727627.4117079, 1788727628.3455372, 1788727629.308762, 1788727629.9954977, 1788727630.600609, 1788727631.2733026, 1788727631.9735472, 1788727632.705821, 1788727633.4701023, 1788727634.2564995, 1788727635.0767255, 1788727635.9486473, 1788727636.5416327, 1788727637.1900747, 1788727637.867906, 1788727638.5741599, 1788727639.3150787, 1788727640.0878599, 1788727640.87841, 1788727641.7044203, 1788727642.5658417, 1788727643.460453, 1788727644.3849149, 1788727645.3415873, 1788727646.189409, 1788727646.796257, 1788727647.4649343, 1788727648.1841302, 1788727648.9042861, 1788727649.6626627, 1788727650.464895, 1788727651.0690699, 1788727651.7358503, 1788727652.4282541, 1788727653.1516557, 1788727653.9024422, 1788727654.6849332, 1788727655.4001508, 1788727656.0106459, 1788727656.6702342, 1788727657.3578675, 1788727658.0794072, 1788727658.8327804, 1788727659.6089816, 1788727660.4177125, 1788727661.2321863, 1788727661.831866, 1788727662.4896793, 1788727663.1665068, 1788727663.8783467, 1788727664.6254778, 1788727665.3934484, 1788727666.1946485, 1788727667.028272, 1788727667.8922312, 1788727668.7938857, 1788727669.72105, 1788727670.676859, 1788727671.3181312, 1788727671.934554, 1788727672.613562, 1788727673.3192968, 1788727674.0579267, 1788727674.8245022, 1788727675.6222737, 1788727676.449038, 1788727677.3056777, 1788727678.2014718, 1788727678.9222398, 1788727679.551261, 1788727680.23382, 1788727680.9429228, 1788727681.6888282, 1788727682.4496636, 1788727683.286825, 1788727684.0750458, 1788727684.895718, 1788727685.4821703, 1788727686.1352172, 1788727686.8185964, 1788727687.5305994, 1788727688.2763884, 1788727689.0485928, 1788727689.848894, 1788727690.6943948, 1788727691.5629117, 1788727692.4623048, 1788727693.3920083, 1788727694.23318, 1788727694.8225067, 1788727695.4826798, 1788727696.1709633, 1788727696.8999555, 1788727697.5908854, 1788727698.21669, 1788727698.8909018, 1788727699.593068, 1788727700.3255618, 1788727701.0844817, 1788727701.7697875, 1788727702.3866744, 1788727703.0535898, 1788727703.746982, 1788727704.4751465, 1788727705.231263, 1788727706.0157151, 1788727706.7304626, 1788727707.33913, 1788727708.0037603, 1788727708.6958203, 1788727709.4233527, 1788727710.1780684, 1788727710.958929, 1788727711.769962, 1788727712.5873034, 1788727713.1848583, 1788727713.84012, 1788727714.5235417, 1788727715.2353942, 1788727715.9723, 1788727716.577783, 1788727717.2305207, 1788727717.9128356, 1788727718.624932, 1788727719.3430407, 1788727719.9545708, 1788727720.6097248, 1788727721.2955635, 1788727722.0082169, 1788727722.754602, 1788727723.5258853, 1788727724.3326015, 1788727725.1697452, 1788727726.0318286, 1788727726.9161391, 1788727727.520604, 1788727728.1838999, 1788727728.8830137, 1788727729.6083922, 1788727730.3634582, 1788727731.1447997, 1788727731.9491713, 1788727732.7333515, 1788727733.3388994, 1788727734.0017848, 1788727734.6904006, 1788727735.407981, 1788727736.1593547, 1788727736.934871, 1788727737.7407112, 1788727738.5779457, 1788727739.39211, 1788727739.9973757, 1788727740.6588683, 1788727741.3492057, 1788727742.0643435, 1788727742.8155289, 1788727743.597759, 1788727744.4035306, 1788727745.238782, 1788727746.1181395, 1788727747.0454707, 1788727747.9563735, 1788727748.9169173, 1788727749.7918224, 1788727750.4052947, 1788727751.0792043, 1788727751.7909007]","[1, 1, 3, 2, 1, 2, 3, 2, 1, 1, 2, 2, 3, 1, 1, 2, 2, 2, 2, 3, 3, 1, 2, 1, 1, 1, 1, 1, 1, 2, 1, 2, 2, 1, 1, 1, 2, 1, 1, 3, 2, 1, 2, 1, 1, 2, 1, 2, 2, 1, 3, 3, 2, 1, 6, 3, 4, 1, 4, 1, 1, 1, 1, 1, 1, 1, 1, 2, 3, 3, 1, 3, 1, 1, 1, 1, 3, 1, 1, 1, 1, 2, 3, 1, 1, 2, 1, 1, 2, 1, 1, 1, 1, 2, 2, 1, 3, 1, 1, 2, 1, 1, 2, 2, 1, 1, 4, 1, 1, 1, 2, 4, 3, 1, 2, 1, 1, 1, 2, 1, 1, 3, 2, 3, 2, 1, 2, 1, 1, 2, 1, 3, 2, 2, 1, 2, 1, 1, 2, 2, 2, 3, 1, 1, 2, 4, 1, 2, 1, 2, 1, 1, 2, 1, 1, 1, 4, 2, 2, 2, 1, 2, 1, 1, 2, 2, 1, 1, 1, 1, 2, 1, 2, 1, 1, 2, 1, 1, 2, 4, 4, 3, 1, 1, 1, 1, 2, 1, 2, 1, 3, 2, 1, 1, 1, 4, 2, 2, 1, 1, 1, 2, 3, 1, 2, 2, 3, 1, 1, 1, 1, 1, 1, 2, 1, 1, 3, 1, 1, 2]"
User-041,0,trace_0570,1788727754.0783896,streaming,18596,326,323,0,290,196.3129894733429,341.42772030830383,0.45066686594708366,0.0,0,True,,1788727412.6505823,1788727608.9635718,1788727754.0783026,"[1788727608.9635718, 1788727609.5770662, 1788727610.2502651, 1788727610.95647, 1788727611.704017, 1788727612.463862, 1788727613.259073, 1788727613.905931, 1788727614.5277925, 1788727615.200823, 1788727615.898645, 1788727616.63583, 1788727617.4446063, 1788727618.1848357, 1788727619.0164077, 1788727619.788996, 1788727620.3934877, 1788727621.0506175, 1788727621.7347567, 1788727622.452017, 1788727623.2021155, 1788727623.980131, 1788727624.7888694, 1788727625.6352816, 1788727626.5023713, 1788727627.410136, 1788727628.3440259, 1788727629.307214, 1788727629.9939826, 1788727630.5990262, 1788727631.2718, 1788727631.9724033, 1788727632.704309, 1788727633.4652753, 1788727634.2549531, 1788727635.0748634, 1788727635.9471104, 1788727636.5401149, 1788727637.188502, 1788727637.8663986, 1788727638.5726607, 1788727639.3135586, 1788727640.0871413, 1788727640.8769026, 1788727641.7029023, 1788727642.5643184, 1788727643.4588766, 1788727644.383385, 1788727645.340418, 1788727646.1878805, 1788727646.794673, 1788727647.4634154, 1788727648.1826005, 1788727648.9027264, 1788727649.6611776, 1788727650.463347, 1788727651.067533, 1788727651.734304, 1788727652.4267085, 1788727653.150031, 1788727653.9009323, 1788727654.6833644, 1788727655.398797, 1788727656.0091558, 1788727656.6687202, 1788727657.3563657, 1788727658.0779002, 1788727658.8312254, 1788727659.607489, 1788727660.4162104, 1788727661.2305658, 1788727661.8303502, 1788727662.4881763, 1788727663.1650267, 1788727663.8768365, 1788727664.6239526, 1788727665.3922336, 1788727666.1931398, 1788727667.0267498, 1788727667.8907053, 1788727668.7922044, 1788727669.7191727, 1788727670.6753516, 1788727671.3281147, 1788727671.941904, 1788727672.6209118, 1788727673.32676, 1788727674.065353, 1788727674.8319848, 1788727675.6296988, 1788727676.456417, 1788727677.3129983, 1788727678.2095122, 1788727678.9303098, 1788727679.5491896, 1788727680.2313862, 1788727680.9408984, 1788727681.6868339, 1788727682.4476206, 1788727683.2858593, 1788727684.0728889, 1788727684.8941944, 1788727685.4801674, 1788727686.133212, 1788727686.8166342, 1788727687.5286224, 1788727688.2743778, 1788727689.0465612, 1788727689.8468728, 1788727690.6929128, 1788727691.560802, 1788727692.4602323, 1788727693.3900108, 1788727694.2312183, 1788727694.8208935, 1788727695.4806662, 1788727696.1689374, 1788727696.8976254, 1788727697.588601, 1788727698.2146447, 1788727698.8889232, 1788727699.5911133, 1788727700.3235533, 1788727701.0824788, 1788727701.7768676, 1788727702.392977, 1788727703.0599847, 1788727703.7531507, 1788727704.4813478, 1788727705.237553, 1788727706.0218608, 1788727706.7364984, 1788727707.3478239, 1788727708.0100315, 1788727708.7020092, 1788727709.4295847, 1788727710.1844094, 1788727710.9653225, 1788727711.7762413, 1788727712.5931487, 1788727713.1943614, 1788727713.8463194, 1788727714.52967, 1788727715.2415497, 1788727715.9782832, 1788727716.583964, 1788727717.2367058, 1788727717.9189677, 1788727718.631453, 1788727719.3493881, 1788727719.9612598, 1788727720.6164908, 1788727721.302226, 1788727722.014982, 1788727722.7610254, 1788727723.5326736, 1788727724.339283, 1788727725.1762607, 1788727726.0381992, 1788727726.9226296, 1788727727.527288, 1788727728.190574, 1788727728.8896258, 1788727729.6167738, 1788727730.370145, 1788727731.1513772, 1788727731.9558113, 1788727732.7404888, 1788727733.3461254, 1788727734.0092387, 1788727734.6976032, 1788727735.4151282, 1788727736.9421659, 1788727737.747908, 1788727739.3991215, 1788727740.0046227, 1788727740.6660593, 1788727741.356408, 1788727742.0713716, 1788727742.8227386, 1788727743.608121, 1788727744.4102435, 1788727745.245461, 1788727746.1248112, 1788727747.0523653, 1788727747.9634132, 1788727748.9239125, 1788727749.797798, 1788727750.4114738, 1788727751.0853918, 1788727751.8003798, 1788727752.5227957, 1788727753.3002641, 1788727754.075556]","[1, 1, 1, 2, 2, 1, 2, 1, 2, 1, 1, 1, 1, 2, 2, 4, 2, 2, 2, 2, 1, 2, 1, 3, 2, 1, 2, 1, 3, 1, 1, 4, 3, 3, 3, 1, 2, 1, 2, 1, 1, 1, 1, 1, 1, 2, 1, 1, 2, 2, 3, 1, 1, 4, 1, 2, 2, 4, 2, 1, 3, 2, 1, 1, 1, 1, 1, 1, 1, 1, 1, 1, 1, 1, 1, 1, 2, 1, 4, 2, 1, 2, 2, 1, 5, 1, 1, 2, 1, 1, 1, 6, 2, 1, 3, 3, 2, 3, 2, 2, 4, 1, 2, 1, 1, 1, 2, 1, 1, 1, 1, 2, 2, 2, 2, 1, 2, 2, 1, 1, 1, 1, 2, 1, 3, 3, 2, 1, 1, 1, 2, 1, 1, 1, 2, 2, 2, 2, 1, 2, 2, 3, 1, 1, 2, 1, 1, 1, 3, 1, 2, 2, 1, 4, 1, 2, 2, 1, 1, 1, 2, 2, 3, 2, 1, 2, 2, 1, 2, 1, 2, 1, 1, 1, 1, 1, 2, 3, 1, 2, 1, 2, 1, 1, 2, 1, 1, 1, 1, 1, 3, 1, 2, 1]"
User-047,0,trace_0228,1788727756.6160874,streaming,16844,122,122,0,262,89.29856038093567,139.17719173431396,0.4122200938295727,0.0,0,True,,1788727617.4388175,1788727706.737378,1788727756.6160092,"[1788727706.737378, 1788727707.3480551, 1788727708.0105214, 1788727708.702528, 1788727709.430093, 1788727710.1849225, 1788727710.9659882, 1788727711.7767398, 1788727712.593554, 1788727713.1949246, 1788727713.8468456, 1788727714.5301616, 1788727715.2420685, 1788727715.9788036, 1788727716.5844557, 1788727717.2372048, 1788727717.9194548, 1788727718.6319025, 1788727719.3497558, 1788727719.961763, 1788727720.6169846, 1788727721.3027105, 1788727722.0154898, 1788727722.7613933, 1788727723.5331948, 1788727724.3397725, 1788727725.1767442, 1788727726.038681, 1788727726.9231484, 1788727727.5277765, 1788727728.191097, 1788727728.890113, 1788727729.6173713, 1788727730.3706276, 1788727731.151619, 1788727731.9562948, 1788727732.7408674, 1788727733.3466089, 1788727734.0097494, 1788727734.6980853, 1788727735.4153504, 1788727736.1688812, 1788727736.942661, 1788727737.748393, 1788727738.5855484, 1788727739.3996067, 1788727740.0051162, 1788727740.6665847, 1788727741.3569338, 1788727742.07159, 1788727742.8232393, 1788727743.6083536, 1788727744.4107683, 1788727745.2459624, 1788727746.12531, 1788727747.0528681, 1788727747.9636312, 1788727748.9244218, 1788727749.7982867, 1788727750.411975, 1788727751.085903, 1788727751.80091, 1788727752.523295, 1788727753.30051, 1788727754.0763326, 1788727754.885194, 1788727755.732748, 1788727756.613774]","[1, 1, 1, 2, 2, 1, 2, 3, 2, 2, 1, 1, 1, 1, 2, 2, 2, 2, 2, 1, 2, 3, 2, 2, 3, 4, 2, 1, 1, 2, 1, 2, 2, 3, 3, 2, 1, 2, 2, 1, 2, 1, 1, 2, 1, 3, 2, 1, 1, 3, 2, 1, 1, 5, 2, 1, 1, 1, 2, 1, 2, 2, 1, 1, 3, 3, 1, 2]"
User-033,1,trace_0538,1788727758.576252,streaming,12039,99,99,145,14,88.99323177337646,131.59921979904175,0.43475497985372735,2576.0,0,True,,1788727626.9768863,1788727715.970118,1788727758.576106,"[1788727715.970118, 1788727716.5755796, 1788727717.2283244, 1788727717.910585, 1788727718.6226528, 1788727719.340883, 1788727719.9523737, 1788727720.6074932, 1788727721.2933414, 1788727722.0057054, 1788727722.752445, 1788727723.5237217, 1788727724.3304121, 1788727725.167572, 1788727726.0295563, 1788727726.9140575, 1788727727.5181723, 1788727728.1822782, 1788727728.8814383, 1788727729.6068494, 1788727730.3618944, 1788727731.143122, 1788727731.947584, 1788727732.7317731, 1788727733.3373477, 1788727734.000037, 1788727734.688757, 1788727735.4062698, 1788727736.1576586, 1788727736.9332213, 1788727737.7390735, 1788727738.5762708, 1788727739.3895118, 1788727739.995219, 1788727740.6565907, 1788727741.346797, 1788727742.0621412, 1788727742.813296, 1788727743.5955722, 1788727744.4012713, 1788727745.2365413, 1788727746.1159027, 1788727747.042632, 1788727747.9539893, 1788727748.914612, 1788727749.7884498, 1788727750.4024622, 1788727751.0763252, 1788727751.7880092, 1788727752.5141306, 1788727753.2962909, 1788727754.066838, 1788727754.8767328, 1788727755.7242453, 1788727756.6047442, 1788727757.2378151, 1788727757.8763006, 1788727758.5723307]","[1, 2, 2, 2, 1, 2, 1, 2, 1, 1, 1, 1, 1, 3, 1, 1, 2, 2, 2, 2, 2, 2, 4, 3, 2, 2, 1, 1, 1, 2, 1, 3, 2, 4, 2, 1, 1, 3, 1, 2, 1, 2, 1, 1, 1, 2, 2, 2, 2, 1, 1, 1, 3, 1, 4, 1, 1, 1]"
User-039,0,trace_0220,1788727759.301678,streaming,27311,360,360,0,426,191.98333954811096,353.7554669380188,0.45061873924765417,0.0,0,True,,1788727405.5461087,1788727597.5294483,1788727759.3015757,"[1788727597.5294483, 1788727598.1244981, 1788727598.7821014, 1788727599.4687836, 1788727600.188146, 1788727600.939466, 1788727601.7151086, 1788727602.5218594, 1788727603.2794714, 1788727603.8800056, 1788727604.534574, 1788727605.219468, 1788727605.937191, 1788727606.6875508, 1788727607.4642525, 1788727608.270764, 1788727608.9623375, 1788727609.576074, 1788727610.249246, 1788727610.9553974, 1788727611.7028744, 1788727612.4626634, 1788727613.2580247, 1788727613.90497, 1788727614.5267856, 1788727615.1997917, 1788727615.897665, 1788727616.6347487, 1788727617.4441073, 1788727618.1837974, 1788727619.015321, 1788727619.7882328, 1788727620.3924856, 1788727621.0495858, 1788727621.7337356, 1788727622.4510262, 1788727623.2011092, 1788727623.9791305, 1788727624.7878566, 1788727625.6342366, 1788727626.5013666, 1788727627.4087508, 1788727628.3426502, 1788727629.3061516, 1788727629.9929702, 1788727630.5979936, 1788727631.2707758, 1788727631.9714403, 1788727632.703272, 1788727633.4642484, 1788727634.2539163, 1788727635.0738225, 1788727635.9460583, 1788727636.5390837, 1788727637.1874778, 1788727637.8653948, 1788727638.5716286, 1788727639.31252, 1788727640.086092, 1788727640.875877, 1788727641.7018592, 1788727642.563306, 1788727643.457761, 1788727644.382339, 1788727645.3396416, 1788727646.186697, 1788727646.7931836, 1788727647.462914, 1788727648.1820624, 1788727648.9022255, 1788727649.6606643, 1788727650.4624023, 1788727651.067009, 1788727651.7337658, 1788727652.4261801, 1788727653.1494803, 1788727653.9004228, 1788727654.6828299, 1788727655.3982685, 1788727656.0086432, 1788727656.6682143, 1788727657.3558562, 1788727658.0773861, 1788727658.8307025, 1788727659.606994, 1788727660.4156864, 1788727661.2300434, 1788727661.829838, 1788727662.4876819, 1788727663.1645055, 1788727663.8763278, 1788727664.6234407, 1788727665.3918614, 1788727666.1925964, 1788727667.0262349, 1788727667.8901908, 1788727668.7916977, 1788727669.71866, 1788727670.6748297, 1788727671.3212314, 1788727671.9377491, 1788727672.616787, 1788727673.3225157, 1788727674.0612626, 1788727674.827885, 1788727675.6256144, 1788727676.4522274, 1788727677.3088462, 1788727678.2049305, 1788727678.9254239, 1788727679.548664, 1788727680.2308764, 1788727680.9403856, 1788727681.6863086, 1788727682.447125, 1788727683.2856271, 1788727684.0723581, 1788727684.893795, 1788727685.479658, 1788727686.1327236, 1788727686.8161292, 1788727687.5281222, 1788727688.2738838, 1788727689.0460358, 1788727689.8463526, 1788727690.692534, 1788727691.5602624, 1788727692.459717, 1788727693.3895166, 1788727694.230723, 1788727694.8204968, 1788727695.4801562, 1788727696.1684437, 1788727696.8971162, 1788727697.5881243, 1788727698.2141383, 1788727698.888418, 1788727699.5905943, 1788727700.3230622, 1788727701.0819833, 1788727701.7723515, 1788727702.3894258, 1788727703.056324, 1788727703.749661, 1788727704.4778042, 1788727705.2339997, 1788727706.0183601, 1788727706.7330036, 1788727707.3417907, 1788727708.006544, 1788727708.6985087, 1788727709.4260368, 1788727710.180818, 1788727710.961626, 1788727711.772709, 1788727712.5897973, 1788727713.190627, 1788727713.842839, 1788727714.5261848, 1788727715.238047, 1788727715.9747682, 1788727716.580487, 1788727717.2332263, 1788727717.915501, 1788727718.627807, 1788727719.345456, 1788727719.9572866, 1788727720.6124744, 1788727721.2980967, 1788727722.0109146, 1788727722.757336, 1788727723.5285609, 1788727724.3352685, 1788727725.172357, 1788727726.0342774, 1788727726.9185894, 1788727727.5233738, 1788727728.1866052, 1788727728.8856556, 1788727729.6111596, 1788727730.3661888, 1788727731.1472716, 1788727731.951888, 1788727732.7358925, 1788727733.3416567, 1788727734.004598, 1788727734.6931393, 1788727735.410653, 1788727736.1620388, 1788727736.9376407, 1788727737.7434125, 1788727738.5806751, 1788727739.3945704, 1788727740.0000691, 1788727740.6615915, 1788727741.3518255, 1788727742.06699, 1788727742.8182278, 1788727743.6044102, 1788727744.4055352, 1788727745.241003, 1788727746.1202989, 1788727747.047557, 1788727747.9587939, 1788727748.9193892, 1788727749.7933345, 1788727750.4069974, 1788727751.0808778, 1788727751.7929735, 1788727752.5182123, 1788727753.2981226, 1788727754.0709383, 1788727754.8806808, 1788727755.7281046, 1788727756.6090755, 1788727757.2424178, 1788727757.8808625, 1788727758.577722, 1788727759.2949886]","[1, 1, 1, 2, 2, 1, 2, 1, 1, 2, 1, 1, 1, 1, 2, 2, 1, 1, 3, 1, 1, 3, 2, 2, 1, 1, 1, 1, 1, 2, 2, 1, 2, 1, 3, 1, 3, 1, 1, 2, 2, 2, 1, 2, 2, 1, 1, 4, 2, 4, 1, 3, 2, 2, 1, 3, 1, 1, 1, 1, 1, 1, 1, 1, 2, 2, 2, 2, 3, 1, 2, 1, 2, 3, 3, 1, 1, 3, 1, 1, 2, 1, 1, 1, 2, 1, 3, 4, 2, 3, 2, 1, 1, 2, 1, 2, 2, 1, 3, 2, 2, 2, 1, 1, 2, 1, 2, 2, 3, 2, 1, 1, 4, 1, 1, 1, 2, 1, 2, 2, 1, 2, 1, 4, 2, 2, 3, 5, 2, 1, 1, 1, 1, 2, 1, 2, 1, 2, 1, 1, 1, 2, 1, 1, 1, 1, 1, 3, 1, 1, 1, 1, 3, 1, 1, 1, 2, 2, 1, 2, 3, 1, 1, 1, 2, 3, 3, 2, 1, 1, 1, 1, 1, 2, 1, 2, 1, 1, 2, 2, 1, 1, 1, 2, 2, 2, 1, 1, 2, 3, 3, 2, 1, 2, 3, 1, 1, 1, 1, 2, 1, 1, 3, 2, 2, 1, 1, 3, 1, 1, 2, 1, 2, 3, 1, 1, 1, 1, 1]"
User-022,20,trace_0418,1788727759.301903,streaming,28296,166,166,427,2,105.28906273841858,170.35643696784973,0.394347722602613,8.0,0,True,,1788727588.9453926,1788727694.2344553,1788727759.3018296,"[1788727694.2344553, 1788727694.823332, 1788727695.4837017, 1788727696.1719534, 1788727696.900962, 1788727697.5916238, 1788727698.217682, 1788727698.8918939, 1788727699.5940528, 1788727700.3265638, 1788727701.0854642, 1788727701.7735088, 1788727702.3909817, 1788727703.0579317, 1788727703.7511694, 1788727704.4793284, 1788727705.235545, 1788727706.0198498, 1788727706.73452, 1788727707.3459609, 1788727708.0080533, 1788727708.700027, 1788727709.4275584, 1788727710.1823654, 1788727710.9631383, 1788727711.774214, 1788727712.5913231, 1788727713.1922379, 1788727713.8443089, 1788727714.5276575, 1788727715.239536, 1788727715.9762251, 1788727716.581961, 1788727717.2347405, 1788727717.9169886, 1788727718.6293652, 1788727719.347083, 1788727719.9587905, 1788727720.614006, 1788727721.2997396, 1788727722.0124266, 1788727722.7588944, 1788727723.5300522, 1788727724.3367593, 1788727725.173811, 1788727726.0357594, 1788727726.9202263, 1788727727.5248222, 1788727728.1881049, 1788727728.8871717, 1788727729.61262, 1788727730.367677, 1788727731.1492894, 1788727731.9533563, 1788727732.738345, 1788727733.3436124, 1788727734.006707, 1788727734.6951203, 1788727735.4126253, 1788727736.167478, 1788727736.939681, 1788727737.745425, 1788727738.5826519, 1788727739.3965578, 1788727740.002067, 1788727740.6635966, 1788727741.3538563, 1788727742.0689864, 1788727742.8202107, 1788727743.6065028, 1788727744.4076846, 1788727745.2429957, 1788727746.1222937, 1788727747.0496545, 1788727747.9608963, 1788727748.9214168, 1788727749.7952862, 1788727750.4089928, 1788727751.0828962, 1788727751.79762, 1788727752.5202718, 1788727753.2990844, 1788727754.0729897, 1788727754.8826847, 1788727755.7302349, 1788727756.6111715, 1788727757.2444568, 1788727757.8828828, 1788727758.5797575, 1788727759.2973354]","[1, 1, 3, 2, 1, 4, 1, 1, 2, 4, 2, 2, 2, 1, 3, 2, 1, 2, 2, 3, 1, 2, 2, 1, 1, 2, 2, 3, 1, 1, 1, 1, 2, 3, 3, 2, 4, 1, 1, 2, 1, 1, 1, 2, 1, 2, 2, 1, 1, 2, 1, 3, 1, 1, 4, 4, 2, 2, 2, 2, 2, 1, 1, 1, 3, 1, 1, 1, 2, 1, 1, 3, 1, 2, 2, 2, 3, 3, 3, 2, 1, 1, 1, 1, 3, 5, 1, 1, 2, 2]"
User-011,0,trace_0694,1788727762.9799852,streaming,24258,686,686,0,378,50.03966522216797,360.0927984714508,0.45263231131282167,0.0,0,True,,1788727402.8870873,1788727452.9267526,1788727762.9798858,"[1788727452.9267526, 1788727453.5119054, 1788727454.1576674, 1788727454.8336558, 1788727455.5374694, 1788727456.2758062, 1788727457.0405593, 1788727457.8401527, 1788727458.6750689, 1788727459.539213, 1788727460.1161358, 1788727460.75352, 1788727461.42265, 1788727462.1196423, 1788727462.8463814, 1788727463.6030824, 1788727464.3917003, 1788727465.1736825, 1788727465.7595732, 1788727466.4078887, 1788727467.0788822, 1788727467.7842984, 1788727468.5223796, 1788727469.289137, 1788727470.016378, 1788727470.612214, 1788727471.2605677, 1788727471.9443545, 1788727472.6492677, 1788727473.3884351, 1788727474.1599932, 1788727474.9600687, 1788727475.7913058, 1788727476.4640877, 1788727477.0655522, 1788727477.7275622, 1788727478.4256766, 1788727479.1438136, 1788727479.8941998, 1788727480.6754363, 1788727481.4908407, 1788727482.0748928, 1788727482.7172546, 1788727483.3885562, 1788727484.0910857, 1788727484.8217556, 1788727485.585282, 1788727486.3712718, 1788727487.1230693, 1788727487.7206898, 1788727488.3743997, 1788727489.058332, 1788727489.7702007, 1788727490.511633, 1788727491.282227, 1788727492.0890524, 1788727492.9186006, 1788727493.5986955, 1788727494.2033951, 1788727494.8649616, 1788727495.559024, 1788727496.280988, 1788727497.0359476, 1788727497.8233633, 1788727498.6370099, 1788727499.480612, 1788727500.3543668, 1788727501.25976, 1788727502.1956568, 1788727503.0951924, 1788727503.678471, 1788727504.3283944, 1788727505.0098374, 1788727505.7172236, 1788727506.4567418, 1788727507.220645, 1788727508.0190487, 1788727508.8539057, 1788727509.7156873, 1788727510.6068468, 1788727511.5348177, 1788727512.3178878, 1788727512.918065, 1788727513.5746627, 1788727514.2634113, 1788727514.987479, 1788727515.7295952, 1788727516.503498, 1788727517.3124688, 1788727518.1569383, 1788727519.0320907, 1788727519.6732266, 1788727520.287446, 1788727520.9610584, 1788727521.6614196, 1788727522.3933911, 1788727523.1532247, 1788727523.9418745, 1788727524.7626421, 1788727525.6222978, 1788727526.5242176, 1788727527.4338906, 1788727528.391313, 1788727529.3738294, 1788727530.0890965, 1788727530.6908002, 1788727531.3588479, 1788727532.057294, 1788727532.7852664, 1788727533.5407414, 1788727534.32916, 1788727535.14583, 1788727536.003504, 1788727536.8798902, 1788727537.788342, 1788727538.732289, 1788727539.7064843, 1788727540.420828, 1788727541.0276704, 1788727541.69704, 1788727542.3960166, 1788727543.1264498, 1788727543.885021, 1788727544.6719143, 1788727545.4880257, 1788727546.3367028, 1788727547.055438, 1788727547.6640658, 1788727548.3320143, 1788727549.0258849, 1788727549.7713716, 1788727550.5260766, 1788727551.3209364, 1788727552.1494064, 1788727553.0080643, 1788727553.8875515, 1788727554.7982311, 1788727555.5059543, 1788727556.1078994, 1788727556.797647, 1788727557.5239654, 1788727558.2666483, 1788727559.042748, 1788727559.8480477, 1788727560.6707723, 1788727561.3114147, 1788727561.929913, 1788727562.6092436, 1788727563.3031483, 1788727564.037813, 1788727564.800214, 1788727565.5878508, 1788727566.3017201, 1788727566.9173567, 1788727567.5737567, 1788727568.2852883, 1788727569.0151362, 1788727569.7866452, 1788727570.5739598, 1788727571.397569, 1788727572.2485754, 1788727573.1556556, 1788727573.7463465, 1788727574.3870606, 1788727575.0686471, 1788727575.7800474, 1788727576.5206087, 1788727577.2973428, 1788727578.0855498, 1788727578.9229481, 1788727579.7715447, 1788727580.6614308, 1788727581.5815086, 1788727582.468276, 1788727583.054459, 1788727583.7052226, 1788727584.386111, 1788727585.1341326, 1788727585.852095, 1788727586.626447, 1788727587.44093, 1788727588.2866445, 1788727588.9662752, 1788727589.5777502, 1788727590.2455509, 1788727590.941095, 1788727591.6758294, 1788727592.4239476, 1788727593.227392, 1788727594.0654867, 1788727594.927783, 1788727595.8193514, 1788727596.7401595, 1788727597.5304615, 1788727598.125578, 1788727598.7832482, 1788727599.4698696, 1788727600.1892366, 1788727600.9405808, 1788727601.716407, 1788727602.52302, 1788727603.2804468, 1788727603.8811996, 1788727604.5356019, 1788727605.2204616, 1788727605.9382071, 1788727606.6886687, 1788727607.4653244, 1788727608.2717993, 1788727608.9639504, 1788727609.5775628, 1788727610.2507684, 1788727610.9569845, 1788727611.7045271, 1788727612.4643652, 1788727613.2595825, 1788727613.9064083, 1788727614.5283024, 1788727615.201328, 1788727615.8991494, 1788727616.6363292, 1788727617.4448383, 1788727618.1853437, 1788727619.0168958, 1788727619.7893689, 1788727620.3939831, 1788727621.0511353, 1788727621.7352505, 1788727622.4525163, 1788727623.2026038, 1788727623.9806192, 1788727624.7893689, 1788727625.6357908, 1788727626.5028787, 1788727627.410649, 1788727628.3445246, 1788727629.307725, 1788727629.9944918, 1788727630.599606, 1788727631.2722898, 1788727631.9727888, 1788727632.704812, 1788727633.465789, 1788727634.2554839, 1788727635.0753908, 1788727635.9476187, 1788727636.5406177, 1788727637.1890204, 1788727637.866903, 1788727638.5731587, 1788727639.3140688, 1788727640.08737, 1788727640.8774095, 1788727641.7034066, 1788727642.5648339, 1788727643.4594069, 1788727644.3838909, 1788727645.3408196, 1788727646.188378, 1788727646.7952342, 1788727647.4639108, 1788727648.1831193, 1788727648.9032743, 1788727649.6616719, 1788727650.463869, 1788727651.0680475, 1788727651.7348406, 1788727652.4272463, 1788727653.1505806, 1788727653.9014418, 1788727654.6838853, 1788727655.3993142, 1788727656.0096545, 1788727656.669226, 1788727657.3568695, 1788727658.0783982, 1788727658.8317401, 1788727659.607977, 1788727660.4167094, 1788727661.2310827, 1788727661.8308673, 1788727662.488666, 1788727663.1655161, 1788727663.877336, 1788727664.6244667, 1788727665.3926222, 1788727666.1936357, 1788727667.0272627, 1788727667.8912313, 1788727668.7928758, 1788727669.7198606, 1788727670.6758573, 1788727671.3225915, 1788727671.9387956, 1788727672.6178453, 1788727673.3236883, 1788727674.0622928, 1788727674.828902, 1788727675.6266425, 1788727676.45337, 1788727677.3098676, 1788727678.2061102, 1788727678.9264743, 1788727679.5502307, 1788727680.2326221, 1788727680.9419127, 1788727681.6878319, 1788727682.4486308, 1788727683.2863362, 1788727684.0739686, 1788727684.894964, 1788727685.48117, 1788727686.1342049, 1788727686.8176153, 1788727687.5296082, 1788727688.2753909, 1788727689.047589, 1788727689.8478947, 1788727690.693659, 1788727691.561845, 1788727692.4612918, 1788727693.3910263, 1788727694.232209, 1788727694.8217285, 1788727695.4816782, 1788727696.1699498, 1788727696.898955, 1788727697.5898967, 1788727698.2156723, 1788727698.889913, 1788727699.5920882, 1788727700.3245704, 1788727701.0834863, 1788727701.772731, 1788727702.3899348, 1788727703.056825, 1788727703.7501535, 1788727704.4782944, 1788727705.2345045, 1788727706.0188637, 1788727706.7335172, 1788727707.342292, 1788727708.0070636, 1788727708.6990206, 1788727709.4265277, 1788727710.1813595, 1788727710.9621158, 1788727711.7732077, 1788727712.5902843, 1788727713.1911907, 1788727713.8433278, 1788727714.5266695, 1788727715.2385325, 1788727715.9752538, 1788727716.580974, 1788727717.2337177, 1788727717.9159923, 1788727718.628339, 1788727719.3460793, 1788727719.95779, 1788727720.612992, 1788727721.298725, 1788727722.0114326, 1788727722.757832, 1788727723.5290663, 1788727724.3357542, 1788727725.1728344, 1788727726.0347645, 1788727726.9191024, 1788727727.5238543, 1788727728.187104, 1788727728.8861537, 1788727729.6116514, 1788727730.3666868, 1788727731.1481047, 1788727731.9523847, 1788727732.7363791, 1788727733.3421519, 1788727734.005123, 1788727734.693637, 1788727735.4111602, 1788727736.162537, 1788727736.938151, 1788727737.7439337, 1788727738.5811672, 1788727739.3950627, 1788727740.0005724, 1788727740.6621058, 1788727741.3523412, 1788727742.0674913, 1788727742.8187187, 1788727743.6049466, 1788727744.4060485, 1788727745.241495, 1788727746.120811, 1788727747.0480967, 1788727747.9594033, 1788727748.9199042, 1788727749.7938142, 1788727750.4074934, 1788727751.081393, 1788727751.7934804, 1788727752.5192647, 1788727753.298598, 1788727754.0719607, 1788727754.8816867, 1788727755.7292397, 1788727756.6101189, 1788727757.2433965, 1788727757.8818698, 1788727758.5787456, 1788727759.2962985, 1788727760.0295491, 1788727760.8037488, 1788727761.609807, 1788727762.39588, 1788727762.97721]","[1, 1, 1, 1, 3, 2, 1, 1, 1, 1, 1, 1, 2, 1, 1, 2, 2, 1, 1, 1, 1, 2, 1, 1, 1, 1, 1, 1, 1, 1, 1, 3, 3, 1, 1, 1, 1, 2, 1, 1, 2, 2, 1, 3, 1, 1, 2, 1, 2, 1, 2, 2, 1, 1, 1, 1, 1, 1, 2, 1, 1, 1, 2, 2, 2, 1, 1, 1, 1, 2, 1, 1, 1, 1, 1, 1, 2, 2, 2, 3, 1, 1, 1, 1, 1, 1, 2, 3, 1, 1, 3, 3, 2, 1, 2, 4, 1, 2, 1, 2, 1, 1, 1, 1, 2, 1, 1, 4, 1, 1, 1, 2, 4, 4, 1, 2, 1, 2, 6, 1, 3, 2, 2, 1, 2, 1, 2, 1, 2, 2, 2, 1, 2, 2, 2, 2, 1, 1, 1, 3, 3, 2, 2, 2, 1, 1, 1, 2, 2, 1, 1, 1, 1, 1, 1, 1, 1, 1, 1, 2, 1, 2, 3, 2, 1, 3, 3, 1, 2, 2, 2, 1, 1, 2, 1, 1, 2, 1, 1, 1, 1, 1, 1, 1, 1, 1, 1, 2, 2, 1, 1, 2, 2, 4, 1, 2, 2, 1, 2, 2, 1, 1, 2, 2, 1, 3, 3, 1, 1, 1, 2, 1, 1, 1, 1, 1, 2, 2, 1, 2, 1, 2, 1, 3, 3, 1, 1, 2, 1, 1, 2, 1, 2, 1, 1, 2, 1, 1, 1, 2, 2, 2, 1, 2, 1, 3, 3, 1, 1, 1, 1, 3, 1, 1, 1, 2, 1, 3, 1, 1, 1, 1, 2, 1, 2, 1, 2, 4, 4, 2, 3, 2, 1, 2, 1, 2, 3, 1, 3, 1, 2, 1, 2, 1, 2, 2, 2, 2, 1, 1, 2, 1, 1, 1, 2, 2, 1, 3, 2, 2, 1, 1, 1, 2, 2, 1, 2, 2, 3, 2, 1, 1, 2, 1, 1, 1, 1, 1, 2, 3, 2, 1, 1, 2, 2, 2, 1, 2, 1, 1, 1, 1, 2, 1, 2, 2, 1, 4, 4, 2, 2, 3, 2, 2, 2, 1, 1, 2, 3, 1, 1, 1, 1, 5, 1, 2, 1, 2, 2, 2, 2, 1, 2, 2, 1, 1, 3, 2, 1, 5, 4, 2, 1, 1, 2, 2, 2, 1, 4, 1, 1, 2, 3, 1, 4, 5, 2, 2, 1, 4, 2, 3, 1, 1, 1, 1, 2, 1, 2, 1, 1, 4, 2, 1, 2, 2, 2, 1, 4, 2, 1, 1, 1, 2, 1, 1, 2]"
User-035,1,trace_0062,1788727764.33529,streaming,16362,382,382,233,22,139.31304550170898,289.7437734603882,0.3948313069781606,9.0,0,True,,1788727474.591443,1788727613.9044886,1788727764.3352165,"[1788727613.9044886, 1788727614.526176, 1788727615.1992786, 1788727615.8970678, 1788727616.6341238, 1788727617.4438555, 1788727618.1832795, 1788727619.0148036, 1788727619.787841, 1788727620.3918955, 1788727621.0489113, 1788727621.733217, 1788727622.4504128, 1788727623.200514, 1788727623.9783278, 1788727624.787341, 1788727625.6337085, 1788727626.5007613, 1788727627.4080317, 1788727628.3419485, 1788727629.305623, 1788727629.9924767, 1788727630.5974996, 1788727631.2702641, 1788727631.9709094, 1788727632.7026508, 1788727633.4637332, 1788727634.253385, 1788727635.0732954, 1788727635.9455261, 1788727636.538552, 1788727637.1869223, 1788727637.8648412, 1788727638.571112, 1788727639.3119876, 1788727640.0855708, 1788727640.8752315, 1788727641.7013054, 1788727642.5627599, 1788727643.457209, 1788727644.3818192, 1788727645.3392534, 1788727646.186192, 1788727646.7923653, 1788727647.4623783, 1788727648.1815538, 1788727648.9017196, 1788727649.6601698, 1788727650.4618704, 1788727651.0664732, 1788727651.7332191, 1788727652.4256585, 1788727653.148798, 1788727653.8997824, 1788727654.6823037, 1788727655.396908, 1788727656.007599, 1788727656.66717, 1788727657.3548262, 1788727658.076386, 1788727658.8296618, 1788727659.6059666, 1788727660.4145439, 1788727661.2281528, 1788727661.828306, 1788727662.486101, 1788727663.1629915, 1788727663.874807, 1788727664.6215162, 1788727665.390386, 1788727666.1909187, 1788727667.0247166, 1788727667.888651, 1788727668.789998, 1788727669.7170484, 1788727670.673294, 1788727671.3278806, 1788727671.941392, 1788727672.6204073, 1788727673.3262398, 1788727674.064849, 1788727674.8314786, 1788727675.629196, 1788727676.4559126, 1788727677.3124285, 1788727678.2090137, 1788727678.929797, 1788727679.5476427, 1788727680.2297125, 1788727680.9392152, 1788727681.6852958, 1788727682.4459498, 1788727683.2851436, 1788727684.0713193, 1788727684.8901653, 1788727685.4786072, 1788727686.1317039, 1788727686.8151355, 1788727687.5270865, 1788727688.2728813, 1788727689.0449889, 1788727689.8453414, 1788727690.6917808, 1788727691.5590634, 1788727692.4586523, 1788727693.3883758, 1788727694.2297091, 1788727694.8197074, 1788727695.4789255, 1788727696.1672845, 1788727696.8961277, 1788727697.5871367, 1788727698.2129588, 1788727698.8873165, 1788727699.5894618, 1788727700.3219013, 1788727701.0808527, 1788727701.7747214, 1788727702.3924916, 1788727703.05948, 1788727703.7526562, 1788727704.480845, 1788727705.2370508, 1788727706.021371, 1788727706.7360108, 1788727707.3475761, 1788727708.0095406, 1788727708.7015207, 1788727709.4290876, 1788727710.1838906, 1788727710.9648106, 1788727711.7757437, 1788727712.5927498, 1788727713.1938448, 1788727713.8458047, 1788727714.5291777, 1788727715.241041, 1788727715.9778016, 1788727716.583461, 1788727717.2362177, 1788727717.9184523, 1788727718.630935, 1788727719.3490107, 1788727719.9607623, 1788727720.616005, 1788727721.3017275, 1788727722.0144775, 1788727722.7606463, 1788727723.5320709, 1788727724.3387852, 1788727725.175773, 1788727726.0377114, 1788727726.9221559, 1788727727.5267823, 1788727728.190076, 1788727728.88914, 1788727729.6145847, 1788727730.3696592, 1788727731.1511488, 1788727731.955319, 1788727732.740082, 1788727733.345636, 1788727734.0087402, 1788727734.6971035, 1788727735.4146066, 1788727736.1684556, 1788727736.9416575, 1788727737.7473984, 1788727738.5846467, 1788727739.398632, 1788727740.0041015, 1788727740.665553, 1788727741.3559062, 1788727742.0709722, 1788727742.8222222, 1788727743.607892, 1788727744.409735, 1788727745.2449656, 1788727746.124321, 1788727747.0518084, 1788727747.9629228, 1788727748.923411, 1788727749.7972488, 1788727750.4109564, 1788727751.0848923, 1788727751.799812, 1788727752.522292, 1788727753.3000338, 1788727754.0750208, 1788727754.8846903, 1788727755.7322435, 1788727756.6132288, 1788727757.2464023, 1788727757.8848646, 1788727758.5817847, 1788727759.29962, 1788727760.0253305, 1788727760.799507, 1788727761.6055703, 1788727762.3939252, 1788727762.9731407, 1788727763.6213582, 1788727764.3293087]","[1, 2, 1, 1, 2, 2, 2, 1, 2, 2, 1, 3, 1, 1, 3, 2, 2, 2, 2, 3, 1, 1, 2, 1, 4, 1, 2, 1, 2, 2, 1, 3, 4, 2, 2, 2, 2, 4, 2, 1, 3, 6, 1, 1, 2, 1, 1, 2, 2, 3, 3, 2, 1, 3, 1, 1, 3, 3, 2, 1, 3, 4, 1, 2, 1, 2, 1, 1, 3, 2, 3, 3, 1, 1, 1, 3, 3, 1, 2, 3, 3, 2, 2, 1, 2, 1, 1, 1, 3, 1, 1, 3, 2, 3, 5, 1, 1, 1, 1, 1, 1, 2, 1, 2, 3, 4, 4, 1, 3, 2, 1, 1, 1, 4, 4, 1, 3, 3, 1, 1, 3, 3, 2, 2, 1, 2, 1, 1, 1, 1, 3, 1, 1, 1, 1, 1, 1, 1, 2, 1, 2, 1, 4, 3, 1, 1, 1, 2, 2, 1, 2, 1, 1, 2, 2, 1, 3, 1, 1, 2, 3, 2, 1, 3, 1, 2, 1, 3, 3, 1, 2, 1, 3, 4, 2, 1, 1, 1, 1, 1, 1, 1, 1, 5, 1, 2, 1, 1, 2, 2, 2, 2, 1, 5, 1, 2, 2, 1, 1, 2, 2, 1, 4]"
User-046,0,trace_0334,1788727765.8219304,streaming,11962,156,156,0,186,106.3670904636383,174.5995328426361,0.44020930567095357,0.0,0,True,,1788727591.2223082,1788727697.5893986,1788727765.821841,"[1788727697.5893986, 1788727698.2151656, 1788727698.8894231, 1788727699.5916014, 1788727700.3240714, 1788727701.0829813, 1788727701.7693, 1788727702.3861454, 1788727703.05307, 1788727703.7464354, 1788727704.4746, 1788727705.2307048, 1788727706.0151882, 1788727706.72998, 1788727707.338549, 1788727708.0032332, 1788727708.6952825, 1788727709.4228303, 1788727710.1775641, 1788727710.9583848, 1788727711.7694526, 1788727712.5868022, 1788727713.1843588, 1788727713.8396072, 1788727714.5230389, 1788727715.2348819, 1788727715.9718118, 1788727716.5772831, 1788727717.2300198, 1788727717.9123352, 1788727718.6243865, 1788727719.3425272, 1788727719.9540703, 1788727720.6091988, 1788727721.2950556, 1788727722.0077078, 1788727722.7541003, 1788727723.525383, 1788727724.3321009, 1788727725.169264, 1788727726.0311282, 1788727726.9156442, 1788727727.5200982, 1788727728.1833901, 1788727728.882467, 1788727729.6078963, 1788727730.362954, 1788727731.1442866, 1788727731.9486666, 1788727732.7328513, 1788727733.3383782, 1788727734.0012412, 1788727734.6898909, 1788727735.407457, 1788727736.158834, 1788727736.9342995, 1788727737.7402189, 1788727738.5774388, 1788727739.3907585, 1788727739.9963737, 1788727740.6577547, 1788727741.3479083, 1788727742.0633364, 1788727742.8144693, 1788727743.596728, 1788727744.4024572, 1788727745.2377386, 1788727746.1170876, 1788727747.043809, 1788727747.9552965, 1788727748.9158876, 1788727749.7898576, 1788727750.4037426, 1788727751.0776067, 1788727751.789287, 1788727752.5154426, 1788727753.296888, 1788727754.068161, 1788727754.877956, 1788727755.725506, 1788727756.606171, 1788727757.2391465, 1788727757.8775847, 1788727758.574009, 1788727759.2915792, 1788727760.026998, 1788727760.801153, 1788727761.6072276, 1788727762.394651, 1788727762.974656, 1788727763.6228762, 1788727764.3313448, 1788727765.0542753, 1788727765.8176038]","[1, 1, 1, 1, 3, 3, 1, 1, 1, 1, 1, 3, 2, 1, 4, 1, 2, 2, 2, 2, 2, 2, 1, 2, 1, 2, 2, 1, 1, 1, 1, 2, 1, 3, 1, 1, 2, 1, 1, 1, 1, 3, 3, 1, 1, 1, 1, 2, 1, 1, 1, 2, 2, 3, 2, 1, 1, 2, 2, 1, 1, 1, 2, 1, 1, 2, 1, 1, 2, 4, 2, 3, 2, 2, 1, 1, 2, 1, 1, 1, 1, 2, 1, 2, 3, 2, 4, 1, 2, 1, 1, 6, 1, 2]"
User-048,0,trace_0546,1788727768.9304707,streaming,11641,96,96,0,177,90.86608242988586,140.44823789596558,0.5219174259587338,0.0,0,True,,1788727628.4821746,1788727719.348257,1788727768.9304125,"[1788727719.348257, 1788727719.9597723, 1788727720.6150208, 1788727721.3007345, 1788727722.013459, 1788727722.759895, 1788727723.5310657, 1788727724.337761, 1788727725.1747797, 1788727726.036732, 1788727726.9211943, 1788727727.5258033, 1788727728.1890934, 1788727728.8881698, 1788727729.613598, 1788727730.3686848, 1788727731.150275, 1788727731.9543295, 1788727732.7393017, 1788727733.3446236, 1788727734.0077376, 1788727734.6961231, 1788727735.4136252, 1788727736.1679718, 1788727736.9406853, 1788727737.7464037, 1788727738.5836518, 1788727739.397645, 1788727740.003114, 1788727740.6645777, 1788727741.354884, 1788727742.069965, 1788727742.8211958, 1788727743.607427, 1788727744.4087293, 1788727745.2439923, 1788727746.1233246, 1788727747.0507066, 1788727747.9619133, 1788727748.922422, 1788727749.7962835, 1788727750.409963, 1788727751.0838966, 1788727751.7987726, 1788727752.5212727, 1788727753.299554, 1788727754.074009, 1788727754.8837001, 1788727755.7312417, 1788727756.6122165, 1788727757.245443, 1788727757.8838882, 1788727758.5807776, 1788727759.2985828, 1788727760.0237725, 1788727760.7979243, 1788727761.6040514, 1788727762.3932126, 1788727762.9713907, 1788727763.619722, 1788727764.327786, 1788727765.051629, 1788727765.8149362, 1788727766.5978277, 1788727767.4134839, 1788727768.2858233, 1788727768.9231453]","[1, 1, 1, 2, 2, 1, 2, 3, 2, 1, 1, 1, 3, 1, 1, 1, 1, 1, 4, 4, 1, 1, 1, 3, 1, 1, 2, 1, 1, 1, 2, 1, 2, 2, 1, 1, 2, 1, 1, 2, 2, 1, 1, 1, 1, 2, 1, 1, 1, 2, 1, 1, 2, 2, 1, 1, 1, 1, 1, 2, 1, 1, 1, 2, 1, 1, 1]"
User-049,0,trace_0273,1788727778.243937,streaming,18402,104,104,0,287,78.70138049125671,124.20751857757568,0.4418071658865919,0.0,0,True,,1788727654.0363314,1788727732.737712,1788727778.24385,"[1788727732.737712, 1788727733.3431299, 1788727734.0062025, 1788727734.6946094, 1788727735.4121308, 1788727736.1672385, 1788727736.939183, 1788727737.7449255, 1788727738.5821583, 1788727739.3960588, 1788727740.0015717, 1788727740.6631033, 1788727741.3533564, 1788727742.0684977, 1788727742.8197186, 1788727743.6059906, 1788727744.4070559, 1788727745.2424886, 1788727746.121798, 1788727747.0491445, 1788727747.9603956, 1788727748.9209085, 1788727749.7948012, 1788727750.4084935, 1788727751.082387, 1788727751.7944903, 1788727752.5187514, 1788727753.2983632, 1788727754.071439, 1788727754.8811817, 1788727755.72873, 1788727756.609586, 1788727757.2429154, 1788727757.8813617, 1788727758.5782309, 1788727759.2957737, 1788727760.0285227, 1788727760.8027034, 1788727761.6087928, 1788727762.3954113, 1788727762.9761682, 1788727763.6248531, 1788727764.3334482, 1788727765.056321, 1788727765.8199468, 1788727766.6021595, 1788727767.4176033, 1788727768.287692, 1788727768.9277165, 1788727769.5577924, 1788727770.2419622, 1788727770.9553132, 1788727771.7008386, 1788727772.459694, 1788727773.061201, 1788727773.709708, 1788727774.387049, 1788727775.0969841, 1788727775.835538, 1788727776.6017637, 1788727777.401953, 1788727778.2411375]","[1, 1, 1, 2, 2, 1, 2, 3, 1, 1, 1, 2, 1, 2, 2, 2, 2, 2, 3, 1, 3, 3, 2, 2, 1, 1, 1, 1, 2, 2, 1, 3, 1, 2, 1, 1, 1, 1, 1, 1, 4, 2, 1, 1, 1, 1, 2, 1, 1, 2, 2, 1, 4, 1, 3, 1, 1, 2, 2, 1, 3, 3]"
User-045,0,trace_0729,1788727779.1043348,streaming,20160,219,219,0,314,97.36332678794861,191.58093667030334,0.43219087101997583,0.0,0,True,,1788727587.5232675,1788727684.8865943,1788727779.1042042,"[1788727684.8865943, 1788727685.4747226, 1788727686.1278813, 1788727686.8113205, 1788727687.5233045, 1788727688.269032, 1788727689.041115, 1788727689.8415065, 1788727690.6876278, 1788727691.5538342, 1788727692.4553108, 1788727693.3851464, 1788727694.226375, 1788727694.817075, 1788727695.4756649, 1788727696.1640007, 1788727696.8927236, 1788727697.5838811, 1788727698.2097037, 1788727698.884088, 1788727699.586249, 1788727700.3186913, 1788727701.0775967, 1788727701.7681115, 1788727702.3850856, 1788727703.0518725, 1788727703.7452445, 1788727704.4734297, 1788727705.2295225, 1788727706.013991, 1788727706.7287905, 1788727707.3374088, 1788727708.0021174, 1788727708.6940649, 1788727709.4216447, 1788727710.1763732, 1788727710.9572277, 1788727711.7683184, 1788727712.585538, 1788727713.1832, 1788727713.838447, 1788727714.521805, 1788727715.2337053, 1788727715.9708009, 1788727716.5762393, 1788727717.2289608, 1788727717.9112616, 1788727718.623259, 1788727719.3415256, 1788727719.9530158, 1788727720.6081576, 1788727721.2938852, 1788727722.0065696, 1788727722.7530866, 1788727723.5243628, 1788727724.3310878, 1788727725.1682415, 1788727726.030091, 1788727726.914582, 1788727727.518701, 1788727728.1828375, 1788727728.8819594, 1788727729.6073978, 1788727730.3624208, 1788727731.1436481, 1788727731.9481282, 1788727732.7323244, 1788727733.3378885, 1788727734.0006733, 1788727734.689381, 1788727735.4069362, 1788727736.1582892, 1788727736.9337742, 1788727737.7397082, 1788727738.5769086, 1788727739.3902216, 1788727739.9958513, 1788727740.657235, 1788727741.3473656, 1788727742.0627987, 1788727742.8139493, 1788727743.59621, 1788727744.4019413, 1788727745.237179, 1788727746.1165516, 1788727747.0432684, 1788727747.9546013, 1788727748.9152596, 1788727749.7891328, 1788727750.4031096, 1788727751.0769298, 1788727751.7886472, 1788727752.514791, 1788727753.296638, 1788727754.067587, 1788727754.877335, 1788727755.7248733, 1788727756.6055877, 1788727757.2384453, 1788727757.8769054, 1788727758.57341, 1788727759.2909355, 1788727760.021945, 1788727760.7961795, 1788727761.6022632, 1788727762.392351, 1788727762.9693017, 1788727763.6179361, 1788727764.3259919, 1788727765.0498161, 1788727765.8131301, 1788727766.596078, 1788727767.4117138, 1788727768.2848752, 1788727768.9212022, 1788727769.5522146, 1788727770.2365098, 1788727770.949895, 1788727771.6954448, 1788727772.4547613, 1788727773.0560272, 1788727773.7043407, 1788727774.3817003, 1788727775.0901089, 1788727775.8301816, 1788727776.5964854, 1788727777.3962293, 1788727778.2357545, 1788727779.1002421]","[1, 1, 1, 2, 2, 1, 2, 3, 2, 1, 1, 1, 3, 1, 2, 1, 1, 1, 1, 3, 2, 2, 2, 2, 2, 2, 1, 1, 2, 2, 1, 1, 2, 1, 1, 1, 1, 2, 2, 2, 3, 3, 2, 2, 1, 3, 2, 1, 1, 3, 3, 1, 3, 1, 1, 2, 3, 1, 1, 2, 4, 2, 1, 1, 1, 2, 3, 1, 3, 1, 1, 1, 2, 1, 3, 1, 2, 1, 2, 1, 1, 3, 1, 3, 1, 1, 2, 2, 2, 1, 1, 1, 2, 1, 3, 1, 1, 5, 1, 2, 3, 2, 2, 1, 1, 1, 1, 2, 1, 2, 1, 1, 2, 5, 2, 2, 2, 1, 1, 1, 1, 1, 1, 1, 1, 2, 3, 3, 1]"
User-043,0,trace_0052,1788727786.222233,streaming,15183,328,328,0,236,88.76347827911377,224.52476406097412,0.4151721277732732,0.0,0,True,,1788727561.6973839,1788727650.4608622,1788727786.222148,"[1788727650.4608622, 1788727651.0654135, 1788727651.7320683, 1788727652.4244542, 1788727653.1474426, 1788727653.8987093, 1788727654.6812496, 1788727655.3958862, 1788727656.006385, 1788727656.6659744, 1788727657.3535943, 1788727658.0752416, 1788727658.828458, 1788727659.6049495, 1788727660.4135244, 1788727661.2271366, 1788727661.8271368, 1788727662.4849548, 1788727663.1618314, 1788727663.8735714, 1788727664.6178732, 1788727665.3893683, 1788727666.189859, 1788727667.0235503, 1788727667.887494, 1788727668.788801, 1788727669.716046, 1788727670.6721177, 1788727671.3197281, 1788727671.9362035, 1788727672.6151576, 1788727673.3209429, 1788727674.059701, 1788727674.8261518, 1788727675.6238973, 1788727676.4506705, 1788727677.307317, 1788727678.2034056, 1788727678.9238708, 1788727679.5448766, 1788727680.2271347, 1788727680.9362912, 1788727681.6821768, 1788727682.443865, 1788727683.2841444, 1788727684.0690296, 1788727684.8881588, 1788727685.4764302, 1788727686.1295629, 1788727686.812979, 1788727687.5249524, 1788727688.270693, 1788727689.0428224, 1788727689.843188, 1788727690.6896229, 1788727691.5574102, 1788727692.4569132, 1788727693.3868492, 1788727694.228183, 1788727694.8185165, 1788727695.4773808, 1788727696.165702, 1788727696.8944204, 1788727697.585634, 1788727698.2113516, 1788727698.8857474, 1788727699.5879586, 1788727700.3203933, 1788727701.0793014, 1788727701.7708187, 1788727702.3879035, 1788727703.054671, 1788727703.7480125, 1788727704.476154, 1788727705.2323306, 1788727706.0167234, 1788727706.7315166, 1788727707.3401742, 1788727708.0049999, 1788727708.6968496, 1788727709.4243686, 1788727710.1791265, 1788727710.959962, 1788727711.7710147, 1788727712.5883002, 1788727713.185871, 1788727713.8413348, 1788727714.5245419, 1788727715.236424, 1788727715.973305, 1788727716.5788102, 1788727717.2315662, 1788727717.9138281, 1788727718.6261976, 1788727719.3440335, 1788727719.9558027, 1788727720.6109364, 1788727721.2966032, 1788727722.0092509, 1788727722.7556753, 1788727723.526923, 1788727724.3337436, 1788727725.1708992, 1788727726.032821, 1788727726.917119, 1788727727.5218897, 1788727728.1851077, 1788727728.8841906, 1788727729.6096344, 1788727730.3646634, 1788727731.145803, 1788727731.9503615, 1788727732.7343793, 1788727733.3401306, 1788727734.0030627, 1788727734.691483, 1788727735.4089983, 1788727736.160384, 1788727736.9361014, 1788727737.7417195, 1788727738.5789943, 1788727739.3930986, 1788727739.9983737, 1788727740.6599119, 1788727741.3502636, 1788727742.0653212, 1788727742.8165565, 1788727743.6023524, 1788727744.4040291, 1788727745.239324, 1788727746.1186333, 1788727747.0460043, 1788727747.9568732, 1788727748.9174125, 1788727749.7923248, 1788727750.4058166, 1788727751.0796993, 1788727751.7916934, 1788727752.5170238, 1788727753.2976449, 1788727754.0698655, 1788727754.8795435, 1788727755.7270935, 1788727756.6079993, 1788727757.2406428, 1788727757.8792026, 1788727758.5756524, 1788727759.2932785, 1788727760.0232458, 1788727760.7974102, 1788727761.6035304, 1788727762.392944, 1788727762.9707925, 1788727763.619199, 1788727764.3272665, 1788727765.0504236, 1788727765.8137455, 1788727766.5966735, 1788727767.4123163, 1788727768.285254, 1788727768.92191, 1788727769.552924, 1788727770.237122, 1788727770.9504933, 1788727771.6960433, 1788727772.4553869, 1788727773.0567648, 1788727773.704988, 1788727774.3823438, 1788727775.090722, 1788727775.8308244, 1788727776.5971, 1788727777.3968654, 1788727778.236407, 1788727779.1012263, 1788727779.8895228, 1788727780.506547, 1788727781.180485, 1788727781.8829656, 1788727782.6184149, 1788727783.3766613, 1788727784.1661453, 1788727784.9661338, 1788727785.5605125, 1788727786.2139115]","[1, 1, 1, 2, 2, 1, 2, 3, 3, 1, 2, 1, 1, 1, 2, 1, 2, 2, 2, 2, 2, 1, 4, 1, 1, 3, 2, 3, 1, 1, 2, 2, 2, 1, 2, 1, 1, 1, 1, 1, 4, 1, 1, 1, 1, 1, 2, 1, 1, 2, 2, 1, 4, 1, 3, 2, 2, 1, 1, 1, 2, 3, 2, 1, 1, 2, 1, 1, 1, 2, 2, 1, 2, 2, 1, 2, 1, 2, 1, 2, 1, 2, 2, 5, 2, 1, 2, 1, 1, 1, 4, 2, 4, 1, 1, 2, 3, 3, 1, 1, 1, 1, 1, 1, 1, 1, 2, 1, 2, 2, 1, 5, 1, 1, 2, 2, 1, 1, 1, 1, 1, 4, 3, 2, 1, 1, 5, 2, 1, 2, 1, 3, 6, 2, 2, 3, 1, 2, 2, 1, 4, 1, 4, 4, 1, 2, 2, 1, 1, 1, 1, 1, 3, 2, 1, 1, 1, 1, 5, 2, 1, 1, 2, 1, 1, 1, 1, 2, 6, 3, 3, 1, 2, 1, 2, 1, 1, 1, 1, 1, 1, 4, 3, 2, 1]"
User-036,0,trace_0615,1788727787.6386015,streaming,22967,474,474,0,358,169.0810194015503,383.56306624412537,0.453450416157664,0.0,0,True,,1788727404.0754466,1788727573.156466,1788727787.6385128,"[1788727573.156466, 1788727573.74719, 1788727574.3875558, 1788727575.0691524, 1788727575.7805536, 1788727576.5211086, 1788727577.2978566, 1788727578.0860498, 1788727578.9234886, 1788727579.772046, 1788727580.6619291, 1788727581.5820203, 1788727582.4688265, 1788727583.0549626, 1788727583.7057354, 1788727584.386609, 1788727585.1343706, 1788727585.8526447, 1788727586.6269448, 1788727587.4414244, 1788727588.2871687, 1788727588.966795, 1788727589.578266, 1788727590.2460709, 1788727590.9415865, 1788727591.6763704, 1788727592.4244478, 1788727593.2279038, 1788727594.0659957, 1788727594.928288, 1788727595.8198674, 1788727596.7406852, 1788727597.5309772, 1788727598.1260664, 1788727598.783751, 1788727599.47038, 1788727600.18973, 1788727600.9410875, 1788727601.7169132, 1788727602.5235171, 1788727603.280936, 1788727603.8817043, 1788727604.5361083, 1788727605.2209475, 1788727605.9386997, 1788727606.6891878, 1788727607.4658184, 1788727608.272309, 1788727608.964336, 1788727609.5780556, 1788727610.2512596, 1788727610.9575088, 1788727611.7050147, 1788727612.4648762, 1788727613.2600763, 1788727613.9069378, 1788727614.5287967, 1788727615.2018237, 1788727615.8996418, 1788727616.636816, 1788727617.4450758, 1788727618.1858513, 1788727619.017383, 1788727619.7897625, 1788727620.3944821, 1788727621.0516262, 1788727621.7357543, 1788727622.4529994, 1788727623.2031198, 1788727623.9811203, 1788727624.7898726, 1788727625.6362915, 1788727626.503368, 1788727627.4111722, 1788727628.3450477, 1788727629.308234, 1788727629.9950008, 1788727630.6001055, 1788727631.272792, 1788727631.9731684, 1788727632.7053156, 1788727633.4662838, 1788727634.2559931, 1788727635.0758967, 1788727635.9481218, 1788727636.5411367, 1788727637.1895666, 1788727637.8674014, 1788727638.5736544, 1788727639.3145597, 1788727640.0876193, 1788727640.8779104, 1788727641.7039018, 1788727642.5653315, 1788727643.4599314, 1788727644.3843937, 1788727645.3412108, 1788727646.1888916, 1788727646.7957408, 1788727647.4644253, 1788727648.1836255, 1788727648.903785, 1788727649.6621704, 1788727650.464392, 1788727651.0685532, 1788727651.7353544, 1788727652.427756, 1788727653.1511338, 1788727653.901946, 1788727654.6844206, 1788727655.3997276, 1788727656.0101461, 1788727656.6697323, 1788727657.3573675, 1788727658.0789092, 1788727658.8322594, 1788727659.6084795, 1788727660.4172213, 1788727661.231654, 1788727661.8313744, 1788727662.4891665, 1788727663.1660147, 1788727663.877838, 1788727664.6249719, 1788727665.3930569, 1788727666.19414, 1788727667.0277689, 1788727667.891716, 1788727668.793374, 1788727669.720362, 1788727670.6763585, 1788727671.3256166, 1788727671.9392931, 1788727672.6183496, 1788727673.3242035, 1788727674.062817, 1788727674.8294241, 1788727675.6271746, 1788727676.4538689, 1788727677.3103724, 1788727678.2066011, 1788727678.926991, 1788727679.5507534, 1788727680.2333255, 1788727680.9424071, 1788727681.6883214, 1788727682.4491491, 1788727683.28658, 1788727684.074494, 1788727684.8953462, 1788727685.4816694, 1788727686.1347175, 1788727686.818106, 1788727687.5301096, 1788727688.2758949, 1788727689.0480971, 1788727689.848392, 1788727690.6940262, 1788727691.562369, 1788727692.4617984, 1788727693.391521, 1788727694.2327013, 1788727694.822114, 1788727695.4821901, 1788727696.1704447, 1788727696.8994665, 1788727697.5903804, 1788727698.2161865, 1788727698.8904004, 1788727699.59258, 1788727700.3250585, 1788727701.083987, 1788727701.7731118, 1788727702.3904607, 1788727703.0573323, 1788727703.7506564, 1788727704.4788194, 1788727705.2350302, 1788727706.0193653, 1788727706.734016, 1788727707.345318, 1788727708.007559, 1788727708.6995184, 1788727709.4270613, 1788727710.1818619, 1788727710.9626174, 1788727711.7737095, 1788727712.590829, 1788727713.191716, 1788727713.8438244, 1788727714.5271728, 1788727715.2390447, 1788727715.9757478, 1788727716.5814607, 1788727717.234237, 1788727717.9164805, 1788727718.628851, 1788727719.346562, 1788727719.9582784, 1788727720.6134887, 1788727721.2992375, 1788727722.0119338, 1788727722.7583427, 1788727723.5295565, 1788727724.3362474, 1788727725.173337, 1788727726.0352466, 1788727726.91973, 1788727727.5243456, 1788727728.1876094, 1788727728.8866482, 1788727729.612135, 1788727730.3671973, 1788727731.1486123, 1788727731.9528701, 1788727732.736879, 1788727733.3426356, 1788727734.005685, 1788727734.6941214, 1788727735.4116488, 1788727736.166567, 1788727736.9386735, 1788727737.7444305, 1788727738.5816653, 1788727739.3955717, 1788727740.001077, 1788727740.662596, 1788727741.352847, 1788727742.0680017, 1788727742.8192286, 1788727743.6054804, 1788727744.4065437, 1788727745.2419965, 1788727746.1213043, 1788727747.0486078, 1788727747.9599009, 1788727748.9204, 1788727749.794298, 1788727750.4079897, 1788727751.0818906, 1788727751.7939909, 1788727752.51978, 1788727753.2988477, 1788727754.0724761, 1788727754.882199, 1788727755.7297425, 1788727756.610637, 1788727757.2438931, 1788727757.8823764, 1788727758.57925, 1788727759.2968132, 1788727760.03005, 1788727760.8042517, 1788727761.6103084, 1788727762.39611, 1788727762.9779744, 1788727763.625357, 1788727764.3339343, 1788727765.0568185, 1788727765.8204412, 1788727766.6027508, 1788727767.4181, 1788727768.287922, 1788727768.9282072, 1788727769.5583026, 1788727770.242465, 1788727770.955802, 1788727771.7013412, 1788727772.4602253, 1788727773.0615907, 1788727773.7102046, 1788727774.3875456, 1788727775.0974948, 1788727775.8360403, 1788727776.602253, 1788727777.4024558, 1788727778.2419264, 1788727779.10626, 1788727779.8949418, 1788727780.5119572, 1788727781.1857674, 1788727781.8883307, 1788727782.6238809, 1788727783.3819258, 1788727784.1715, 1788727784.9718926, 1788727785.5680683, 1788727786.2202103, 1788727786.9078422, 1788727787.6363022]","[1, 1, 1, 2, 2, 1, 2, 2, 1, 2, 2, 2, 1, 2, 4, 2, 3, 1, 1, 1, 4, 3, 1, 1, 1, 1, 1, 1, 1, 1, 2, 1, 2, 2, 1, 2, 1, 1, 2, 1, 2, 2, 1, 1, 1, 2, 4, 1, 1, 1, 1, 1, 2, 2, 1, 1, 1, 1, 1, 1, 2, 1, 1, 1, 1, 2, 3, 3, 1, 1, 2, 1, 4, 2, 1, 2, 1, 1, 2, 2, 1, 2, 2, 2, 3, 2, 2, 1, 1, 2, 2, 1, 4, 2, 1, 2, 1, 4, 2, 1, 1, 1, 1, 3, 2, 1, 2, 1, 1, 1, 2, 2, 1, 1, 1, 2, 1, 1, 4, 1, 1, 1, 1, 1, 4, 3, 1, 3, 1, 2, 1, 5, 3, 1, 1, 1, 2, 1, 1, 1, 1, 4, 2, 1, 2, 2, 2, 4, 2, 1, 1, 1, 2, 1, 1, 1, 1, 1, 2, 1, 1, 1, 1, 2, 3, 1, 1, 2, 1, 1, 2, 1, 2, 2, 1, 1, 2, 2, 1, 2, 1, 4, 2, 1, 1, 2, 2, 2, 1, 1, 1, 2, 3, 1, 2, 3, 1, 1, 3, 4, 2, 1, 3, 1, 3, 3, 3, 1, 2, 1, 2, 1, 1, 1, 1, 1, 2, 3, 1, 1, 2, 3, 1, 1, 2, 1, 2, 2, 2, 2, 1, 1, 1, 3, 3, 1, 1, 2, 1, 2, 1, 1, 1, 1, 1, 2, 3, 1, 1, 2, 2, 1, 2, 3, 2, 2, 1, 1, 1, 3, 3, 1, 1, 1, 2, 1, 3, 1, 1, 1, 1, 2, 3, 1, 1, 1, 2, 1, 1, 2, 1, 2, 1, 2, 1, 2, 1, 1, 1, 2]"
User-017,4,trace_0726,1788727795.9485893,streaming,21315,133,133,322,2,57.33959603309631,113.89648032188416,0.4284612446120291,6.0,0,True,,1788727682.052012,1788727739.391608,1788727795.9484923,"[1788727739.391608, 1788727739.9968753, 1788727740.6583002, 1788727741.3484378, 1788727742.0638406, 1788727742.8150265, 1788727743.5972326, 1788727744.403014, 1788727745.2382464, 1788727746.1175926, 1788727747.04493, 1788727747.9558568, 1788727748.9164147, 1788727749.7903824, 1788727750.4042704, 1788727751.078152, 1788727751.7898207, 1788727752.5159795, 1788727753.2971392, 1788727754.0686758, 1788727754.8784728, 1788727755.726034, 1788727756.6067069, 1788727757.239663, 1788727757.8781054, 1788727758.5745523, 1788727759.2922134, 1788727760.0280237, 1788727760.8021762, 1788727761.6082492, 1788727762.395175, 1788727762.975669, 1788727763.6238618, 1788727764.3324306, 1788727765.0553155, 1788727765.8189313, 1788727766.6005611, 1788727767.416109, 1788727768.2869828, 1788727768.9259686, 1788727769.5562692, 1788727770.2404451, 1788727770.953791, 1788727771.699347, 1788727772.4582558, 1788727773.0600054, 1788727773.7081947, 1788727774.3855317, 1788727775.0954876, 1788727775.8340347, 1788727776.600274, 1788727777.4004612, 1788727778.2396164, 1788727779.1047363, 1788727779.8934689, 1788727780.5104127, 1788727781.1842625, 1788727781.8867898, 1788727782.6222672, 1788727783.380448, 1788727784.1699705, 1788727784.9698112, 1788727785.5658762, 1788727786.2180834, 1788727786.9055417, 1788727787.6341665, 1788727788.4433992, 1788727789.1544502, 1788727789.888009, 1788727790.4915376, 1788727791.147065, 1788727791.8303757, 1788727792.5448809, 1788727793.288879, 1788727793.9751449, 1788727794.5846906, 1788727795.2464437, 1788727795.9442477]","[1, 2, 4, 2, 2, 1, 4, 1, 3, 3, 1, 3, 1, 5, 2, 1, 1, 1, 2, 1, 2, 3, 3, 1, 3, 2, 1, 3, 6, 4, 2, 1, 2, 1, 1, 2, 1, 1, 3, 1, 1, 1, 1, 1, 1, 1, 1, 1, 1, 3, 2, 1, 1, 1, 1, 1, 1, 2, 5, 1, 1, 1, 1, 1, 1, 1, 1, 1, 2, 2, 2, 1, 1, 1, 1, 1, 1, 1]"
User-013,3,trace_0253,1788727796.685416,streaming,23776,163,163,332,13,76.19517850875854,145.9555788040161,0.43061975490899734,30.0,0,True,,1788727650.7297344,1788727726.924913,1788727796.6853132,"[1788727726.924913, 1788727727.529242, 1788727728.1925533, 1788727728.891631, 1788727729.618913, 1788727730.3721266, 1788727731.1523385, 1788727731.9577456, 1788727732.7420437, 1788727733.3480816, 1788727734.011197, 1788727734.6995983, 1788727735.4160335, 1788727736.1695795, 1788727736.9441822, 1788727737.7498796, 1788727738.5871196, 1788727739.4010623, 1788727740.006608, 1788727740.6680732, 1788727741.3584497, 1788727742.0722792, 1788727742.8247595, 1788727743.6090326, 1788727744.4122431, 1788727745.247429, 1788727746.126815, 1788727747.0546613, 1788727747.964073, 1788727748.9253938, 1788727749.7992492, 1788727750.4129803, 1788727751.0869393, 1788727751.8019116, 1788727752.5242774, 1788727753.3009946, 1788727754.0773718, 1788727754.886213, 1788727755.7337644, 1788727756.6150777, 1788727757.2473903, 1788727757.8858726, 1788727758.582818, 1788727759.3006525, 1788727760.0275204, 1788727760.801677, 1788727761.6077232, 1788727762.3949187, 1788727762.9751725, 1788727763.623366, 1788727764.3318884, 1788727765.054799, 1788727765.818406, 1788727766.6010563, 1788727767.4166083, 1788727768.2872198, 1788727768.9264653, 1788727769.556771, 1788727770.2409387, 1788727770.9542928, 1788727771.6998453, 1788727772.458738, 1788727773.0604067, 1788727773.7086895, 1788727774.3860352, 1788727775.095987, 1788727775.8345351, 1788727776.6007807, 1788727777.4009564, 1788727778.2401175, 1788727779.105244, 1788727779.8939545, 1788727780.5109239, 1788727781.1847625, 1788727781.8873081, 1788727782.622811, 1788727783.380938, 1788727784.1704748, 1788727784.9702942, 1788727785.566478, 1788727786.2185838, 1788727786.906123, 1788727787.6347582, 1788727788.4436352, 1788727789.1549523, 1788727789.888483, 1788727790.4920354, 1788727791.1475728, 1788727791.8308809, 1788727792.545381, 1788727793.2893832, 1788727793.975625, 1788727794.585182, 1788727795.2469585, 1788727795.9450321, 1788727796.6817052]","[1, 1, 1, 2, 1, 1, 1, 2, 1, 1, 2, 1, 2, 1, 1, 2, 2, 1, 1, 3, 2, 2, 2, 1, 2, 2, 4, 2, 2, 3, 3, 2, 2, 2, 1, 3, 1, 1, 1, 1, 2, 3, 3, 1, 2, 1, 3, 2, 1, 3, 1, 1, 1, 1, 1, 2, 2, 1, 2, 1, 2, 3, 2, 4, 3, 1, 2, 3, 1, 2, 3, 1, 3, 1, 2, 2, 1, 2, 1, 1, 2, 1, 1, 1, 1, 2, 1, 1, 1, 1, 3, 1, 1, 1, 3, 1]"
User-025,7,trace_0588,1788727800.8042965,streaming,30384,125,125,468,1,67.42234992980957,118.43522047996521,0.41139411733996484,7.0,0,True,,1788727682.3689663,1788727749.7913163,1788727800.8041868,"[1788727749.7913163, 1788727750.404793, 1788727751.0786607, 1788727751.7903352, 1788727752.5165076, 1788727753.2974036, 1788727754.0691907, 1788727754.879025, 1788727755.7265546, 1788727756.6072931, 1788727757.240155, 1788727757.8786478, 1788727758.5751145, 1788727759.292761, 1788727760.0290296, 1788727760.803222, 1788727761.6092975, 1788727762.395643, 1788727762.97667, 1788727763.624352, 1788727764.33295, 1788727765.0558019, 1788727765.8194413, 1788727766.601672, 1788727767.4171019, 1788727768.2874494, 1788727768.9270551, 1788727769.5572884, 1788727770.2414482, 1788727770.9548113, 1788727771.7003407, 1788727772.45922, 1788727773.0608134, 1788727773.7091866, 1788727774.3865383, 1788727775.096486, 1788727775.8350456, 1788727776.6012764, 1788727777.4014468, 1788727778.2406127, 1788727779.1057441, 1788727779.894447, 1788727780.511452, 1788727781.1852677, 1788727781.8878143, 1788727782.6233575, 1788727783.3814387, 1788727784.170993, 1788727784.9715014, 1788727785.567534, 1788727786.2196662, 1788727786.9073381, 1788727787.63579, 1788727788.444109, 1788727789.1559477, 1788727789.8894627, 1788727790.4930608, 1788727791.1485672, 1788727791.831886, 1788727792.546395, 1788727793.2903965, 1788727793.9765823, 1788727794.5861678, 1788727795.2479665, 1788727795.946058, 1788727796.6829712, 1788727797.437911, 1788727798.231045, 1788727799.055294, 1788727799.9099412, 1788727800.8012383]","[1, 2, 2, 1, 1, 1, 1, 1, 1, 2, 1, 2, 2, 1, 1, 2, 1, 2, 2, 4, 2, 3, 2, 2, 2, 2, 1, 1, 2, 1, 1, 3, 1, 5, 1, 1, 1, 1, 2, 1, 1, 1, 1, 2, 2, 4, 1, 1, 1, 4, 2, 2, 1, 2, 1, 1, 2, 3, 1, 1, 1, 2, 3, 1, 1, 1, 5, 5, 2, 2, 2]"
User-042,1,trace_0582,1788727809.3292925,streaming,20509,96,96,317,2,74.16607785224915,114.56626439094543,0.4252651214599609,8.0,0,True,,1788727694.7629266,1788727768.9290044,1788727809.329191,"[1788727768.9290044, 1788727769.5588398, 1788727770.2429714, 1788727770.9561987, 1788727771.7018404, 1788727772.460714, 1788727773.062001, 1788727773.710692, 1788727774.3880286, 1788727775.097991, 1788727775.8365417, 1788727776.6027536, 1788727777.402955, 1788727778.2424405, 1788727779.106764, 1788727779.895422, 1788727780.5124605, 1788727781.1862638, 1788727781.8888364, 1788727782.6243758, 1788727783.382417, 1788727784.1719913, 1788727784.9722826, 1788727785.568564, 1788727786.2207458, 1788727786.908484, 1788727787.6370761, 1788727788.4443493, 1788727789.1564548, 1788727789.8899333, 1788727790.4935493, 1788727791.149085, 1788727791.8323762, 1788727792.5468986, 1788727793.290902, 1788727793.9770544, 1788727794.586682, 1788727795.248452, 1788727795.9465487, 1788727796.6834667, 1788727797.4384468, 1788727798.2315593, 1788727799.0555556, 1788727799.9104557, 1788727800.8020253, 1788727801.7031322, 1788727802.6428347, 1788727803.5752194, 1788727804.1593525, 1788727804.812996, 1788727805.4824362, 1788727806.1892729, 1788727806.9286673, 1788727807.691901, 1788727808.487727, 1788727809.3269255]","[1, 1, 1, 2, 2, 3, 3, 3, 1, 2, 1, 1, 2, 1, 1, 2, 2, 2, 2, 2, 3, 1, 1, 1, 1, 1, 2, 2, 4, 2, 2, 1, 1, 1, 1, 1, 1, 2, 1, 2, 1, 1, 1, 1, 4, 1, 2, 2, 1, 1, 2, 4, 3, 2, 3, 1]"
User-044,0,trace_0272,1788727814.3813446,streaming,24544,315,315,0,383,93.80061984062195,229.25263261795044,0.43137583687047293,0.0,0,True,,1788727585.128518,1788727678.929138,1788727814.3811507,"[1788727678.929138, 1788727679.5464365, 1788727680.2286882, 1788727680.937863, 1788727681.6840687, 1788727682.444914, 1788727683.284634, 1788727684.0702546, 1788727684.8891606, 1788727685.477464, 1788727686.1305656, 1788727686.8139858, 1788727687.525953, 1788727688.271753, 1788727689.0438468, 1788727689.844209, 1788727690.6906464, 1788727691.5579724, 1788727692.4576077, 1788727693.38736, 1788727694.2286825, 1788727694.8189309, 1788727695.4778938, 1788727696.1662169, 1788727696.8949876, 1788727697.586131, 1788727698.2118707, 1788727698.8862526, 1788727699.5884612, 1788727700.3208952, 1788727701.0798178, 1788727701.7742884, 1788727702.3919864, 1788727703.0589635, 1788727703.7521617, 1788727704.4803512, 1788727705.2365553, 1788727706.0208707, 1788727706.7355108, 1788727707.347114, 1788727708.009049, 1788727708.701032, 1788727709.4285865, 1788727710.1833966, 1788727710.9641566, 1788727711.7752426, 1788727712.592254, 1788727713.1933134, 1788727713.845307, 1788727714.5286834, 1788727715.2405424, 1788727715.9772296, 1788727716.5829675, 1788727717.2357266, 1788727717.9179683, 1788727718.6303866, 1788727719.348632, 1788727719.9602664, 1788727720.6155128, 1788727721.301234, 1788727722.0139558, 1788727722.7602663, 1788727723.5315664, 1788727724.3382616, 1788727725.1752658, 1788727726.0372293, 1788727726.921668, 1788727727.5262845, 1788727728.1895835, 1788727728.888653, 1788727729.6140885, 1788727730.369176, 1788727731.1507862, 1788727731.9548266, 1788727732.739694, 1788727733.3451283, 1788727734.0082395, 1788727734.6966121, 1788727735.4141135, 1788727736.1682093, 1788727736.9411733, 1788727737.746904, 1788727738.584149, 1788727739.398128, 1788727740.003614, 1788727740.6650643, 1788727741.3554027, 1788727742.0704486, 1788727742.8217, 1788727743.6076608, 1788727744.409228, 1788727745.2444756, 1788727746.1238217, 1788727747.0512617, 1788727747.9623988, 1788727748.922925, 1788727749.7967567, 1788727750.410454, 1788727751.0843847, 1788727751.7992747, 1788727752.5217724, 1788727753.2997937, 1788727754.0745027, 1788727754.8841863, 1788727755.7317302, 1788727756.6127226, 1788727757.2459235, 1788727757.8843687, 1788727758.5812833, 1788727759.299118, 1788727760.0242918, 1788727760.798436, 1788727761.6045628, 1788727762.3934524, 1788727762.9719503, 1788727763.6202426, 1788727764.3282917, 1788727765.0521402, 1788727765.8154547, 1788727766.5983422, 1788727767.4139924, 1788727768.2860541, 1788727768.9239507, 1788727769.5541437, 1788727770.2382503, 1788727770.9516287, 1788727771.697176, 1788727772.4563503, 1788727773.057877, 1788727773.7060091, 1788727774.3834176, 1788727775.0933492, 1788727775.8318636, 1788727776.5981114, 1788727777.398039, 1788727778.237459, 1788727779.1022582, 1788727779.8906732, 1788727780.5077543, 1788727781.1816173, 1788727781.8841126, 1788727782.6195207, 1788727783.3777852, 1788727784.1673467, 1788727784.9673152, 1788727785.5616891, 1788727786.2153027, 1788727786.9029746, 1788727787.6315815, 1788727788.4421382, 1788727789.151816, 1788727789.8856091, 1788727790.4889352, 1788727791.1443653, 1788727791.8278806, 1788727792.542154, 1788727793.2862823, 1788727793.9727225, 1788727794.582062, 1788727795.2438297, 1788727795.9415433, 1788727796.6791008, 1788727797.4346168, 1788727798.2279308, 1788727799.0538538, 1788727799.9067485, 1788727800.7980554, 1788727801.700025, 1788727802.6396682, 1788727803.572267, 1788727804.1562653, 1788727804.8097208, 1788727805.4793406, 1788727806.1861463, 1788727806.925417, 1788727807.6886694, 1788727808.4846444, 1788727809.3218389, 1788727810.0855868, 1788727810.7049747, 1788727811.380934, 1788727812.087257, 1788727812.8191195, 1788727813.5786002, 1788727814.3755236]","[1, 1, 1, 2, 2, 1, 2, 2, 1, 1, 1, 1, 1, 2, 1, 2, 1, 3, 3, 2, 3, 1, 2, 1, 1, 2, 1, 3, 1, 1, 4, 2, 2, 3, 2, 1, 1, 2, 1, 1, 1, 1, 1, 1, 1, 1, 1, 1, 2, 2, 2, 2, 2, 1, 1, 1, 2, 1, 1, 1, 2, 2, 1, 3, 4, 2, 1, 2, 2, 2, 2, 1, 3, 2, 1, 3, 1, 1, 1, 3, 3, 1, 3, 2, 1, 1, 2, 3, 4, 1, 2, 1, 1, 1, 1, 1, 2, 1, 2, 2, 5, 3, 1, 2, 2, 1, 1, 2, 1, 2, 2, 1, 1, 1, 1, 1, 1, 1, 1, 2, 1, 2, 1, 1, 2, 1, 1, 1, 1, 3, 1, 2, 3, 2, 4, 1, 3, 1, 2, 1, 1, 1, 1, 1, 1, 3, 1, 1, 1, 1, 2, 3, 1, 1, 1, 2, 1, 3, 2, 1, 1, 1, 1, 1, 3, 4, 2, 3, 1, 2, 4, 3, 1, 1, 2, 2, 1, 1, 2, 2, 1, 4, 4, 3, 4]"
User-050,0,trace_0243,1788727820.156808,streaming,22167,147,147,0,346,73.70995497703552,136.6246781349182,0.4309227613553609,0.0,0,True,,1788727683.531977,1788727757.241932,1788727820.156655,"[1788727757.241932, 1788727757.880353, 1788727758.5772045, 1788727759.2942836, 1788727760.0259538, 1788727760.800131, 1788727761.6061912, 1788727762.394162, 1788727762.97366, 1788727763.6218581, 1788727764.330282, 1788727765.0531554, 1788727765.816459, 1788727766.5994048, 1788727767.4150193, 1788727768.286512, 1788727768.9249744, 1788727769.5552096, 1788727770.2393143, 1788727770.9526443, 1788727771.6981747, 1788727772.457303, 1788727773.0589707, 1788727773.7070642, 1788727774.3844066, 1788727775.0943644, 1788727775.8328865, 1788727776.599154, 1788727777.399336, 1788727778.2384746, 1788727779.1033182, 1788727779.8916845, 1788727780.5087755, 1788727781.1826298, 1788727781.885146, 1788727782.6206973, 1788727783.378819, 1788727784.1683643, 1788727784.9683077, 1788727785.5627165, 1788727786.2165682, 1788727786.904011, 1788727787.6326323, 1788727788.4426262, 1788727789.1528366, 1788727789.886506, 1788727790.489931, 1788727791.1455226, 1788727791.8287761, 1788727792.543213, 1788727793.2873123, 1788727793.973706, 1788727794.5831006, 1788727795.2448316, 1788727795.9425898, 1788727796.680099, 1788727797.43584, 1788727798.2289631, 1788727799.054337, 1788727799.90791, 1788727800.7991142, 1788727801.7010396, 1788727802.6407042, 1788727803.5732627, 1788727804.1572654, 1788727804.810834, 1788727805.4803517, 1788727806.187169, 1788727806.9264545, 1788727807.6898143, 1788727808.485649, 1788727809.3246603, 1788727810.0866203, 1788727810.7059958, 1788727811.3819299, 1788727812.0882676, 1788727812.8201325, 1788727813.5822206, 1788727814.3770473, 1788727815.183728, 1788727816.028242, 1788727816.914859, 1788727817.8233123, 1788727818.7586436, 1788727819.5384054, 1788727820.1482487]","[1, 1, 1, 2, 2, 1, 2, 3, 1, 1, 1, 2, 2, 1, 1, 1, 1, 3, 1, 1, 4, 2, 4, 1, 3, 2, 1, 1, 1, 2, 2, 2, 1, 1, 1, 1, 2, 4, 1, 2, 3, 1, 1, 1, 1, 2, 2, 2, 2, 1, 3, 3, 1, 2, 2, 2, 3, 3, 1, 2, 2, 1, 3, 2, 2, 2, 1, 2, 1, 2, 2, 2, 3, 2, 2, 1, 1, 1, 2, 1, 1, 1, 2, 1, 1, 1]"
User-037,2,trace_0489,1788727820.1565652,streaming,16199,74,74,246,6,43.21317982673645,73.4852888584137,0.41468642509146914,8.0,0,True,,1788727746.6712267,1788727789.8844066,1788727820.1565156,"[1788727789.8844066, 1788727790.4877925, 1788727791.1432722, 1788727791.8266623, 1788727792.5410051, 1788727793.2851303, 1788727793.9715848, 1788727794.5809174, 1788727795.2426448, 1788727795.940386, 1788727796.677933, 1788727797.4335163, 1788727798.226716, 1788727799.0533469, 1788727799.9056876, 1788727800.7968822, 1788727801.6988819, 1788727802.63848, 1788727803.5702229, 1788727804.1545806, 1788727804.806006, 1788727805.4776492, 1788727806.184484, 1788727806.9237316, 1788727807.6870558, 1788727808.4829862, 1788727809.3201594, 1788727810.083881, 1788727810.7033052, 1788727811.3792672, 1788727812.08557, 1788727812.8174171, 1788727813.5769815, 1788727814.3735974, 1788727815.1815739, 1788727816.0261855, 1788727816.9131584, 1788727817.821566, 1788727818.7565558, 1788727819.536642, 1788727820.1462533]","[1, 1, 2, 3, 1, 1, 1, 1, 2, 3, 2, 1, 2, 1, 2, 3, 3, 3, 6, 1, 3, 1, 2, 2, 1, 3, 2, 3, 1, 1, 1, 1, 1, 1, 1, 3, 2, 1, 2, 1, 1]"
User-008,1,trace_0707,1788727834.7274072,streaming,19859,309,309,302,7,88.06007409095764,210.1927833557129,0.3965347703401144,16.0,0,True,,1788727624.5345054,1788727712.5945795,1788727834.7272887,"[1788727712.5945795, 1788727713.1958144, 1788727713.847837, 1788727714.531161, 1788727715.243073, 1788727715.979769, 1788727716.5854669, 1788727717.2382085, 1788727717.9204621, 1788727718.632376, 1788727719.3505373, 1788727719.9627812, 1788727720.6179817, 1788727721.3037333, 1788727722.016507, 1788727722.7621336, 1788727723.5342262, 1788727724.3403006, 1788727725.1777296, 1788727726.0396855, 1788727726.9241118, 1788727727.5287578, 1788727728.1920702, 1788727728.8911319, 1788727729.6183991, 1788727730.3716164, 1788727731.1521046, 1788727731.9572616, 1788727732.741651, 1788727733.3476005, 1788727734.0108042, 1788727734.6990867, 1788727735.415813, 1788727736.1693516, 1788727736.9436815, 1788727737.7493687, 1788727738.586565, 1788727739.400584, 1788727740.0060985, 1788727740.6675851, 1788727741.3579419, 1788727742.0720499, 1788727742.8242621, 1788727743.608809, 1788727744.4117534, 1788727745.247026, 1788727746.126296, 1788727747.0541463, 1788727747.9638543, 1788727748.9249067, 1788727749.798769, 1788727750.4124734, 1788727751.0864062, 1788727751.801412, 1788727752.5237908, 1788727753.3007443, 1788727754.0768535, 1788727754.8857017, 1788727755.733266, 1788727756.6145477, 1788727757.2468996, 1788727757.8853805, 1788727758.5822914, 1788727759.300125, 1788727760.0264647, 1788727760.8006437, 1788727761.6067088, 1788727762.3944032, 1788727762.9741645, 1788727763.6223645, 1788727764.3308194, 1788727765.0537589, 1788727765.817067, 1788727766.6000419, 1788727767.4155219, 1788727768.2867496, 1788727768.9254587, 1788727769.5557544, 1788727770.239844, 1788727770.9531488, 1788727771.698708, 1788727772.4577792, 1788727773.0595088, 1788727773.707572, 1788727774.3849254, 1788727775.0948904, 1788727775.8335202, 1788727776.5996537, 1788727777.399847, 1788727778.2390049, 1788727779.103838, 1788727779.892975, 1788727780.5097983, 1788727781.1836822, 1788727781.8861663, 1788727782.6217592, 1788727783.3798535, 1788727784.1693802, 1788727784.9693255, 1788727785.565334, 1788727786.217592, 1788727786.9050374, 1788727787.63366, 1788727788.4431453, 1788727789.1539464, 1788727789.8875146, 1788727790.4909494, 1788727791.1465466, 1788727791.8297997, 1788727792.5442386, 1788727793.2883062, 1788727793.9746683, 1788727794.5840993, 1788727795.2458537, 1788727795.943637, 1788727796.681186, 1788727797.4368968, 1788727798.2299633, 1788727799.054833, 1788727799.9089212, 1788727800.8001297, 1788727801.7020445, 1788727802.6417363, 1788727803.5742385, 1788727804.1583312, 1788727804.8119712, 1788727805.4814363, 1788727806.1882727, 1788727806.9276276, 1788727807.6908805, 1788727808.486726, 1788727809.3258622, 1788727810.0876248, 1788727810.70717, 1788727811.3830268, 1788727812.0893395, 1788727812.8212514, 1788727813.583495, 1788727814.3782632, 1788727815.185452, 1788727816.0297997, 1788727816.916574, 1788727817.8252485, 1788727818.7602582, 1788727819.539962, 1788727820.150246, 1788727820.8110254, 1788727821.5311053, 1788727822.2526147, 1788727822.944, 1788727823.5518837, 1788727824.2076275, 1788727824.894433, 1788727825.6093073, 1788727826.3590736, 1788727827.1316755, 1788727827.8850083, 1788727828.4848928, 1788727829.1337006, 1788727829.817785, 1788727830.5254052, 1788727831.265904, 1788727832.0341835, 1788727832.7733057, 1788727833.3751602, 1788727834.0272355, 1788727834.7225995]","[1, 1, 2, 3, 2, 1, 1, 3, 2, 2, 2, 1, 1, 2, 2, 1, 1, 2, 1, 2, 2, 1, 1, 1, 1, 3, 1, 1, 1, 1, 2, 2, 3, 2, 3, 1, 4, 1, 2, 3, 6, 2, 1, 1, 1, 1, 2, 2, 1, 2, 1, 4, 2, 2, 1, 3, 2, 3, 1, 2, 2, 2, 3, 3, 2, 1, 1, 2, 1, 4, 1, 2, 3, 2, 2, 1, 2, 4, 1, 3, 3, 1, 1, 2, 1, 2, 2, 2, 3, 1, 1, 4, 3, 1, 3, 1, 2, 1, 2, 3, 1, 1, 1, 3, 2, 3, 2, 1, 3, 1, 1, 1, 2, 1, 1, 2, 1, 1, 1, 2, 3, 3, 4, 1, 1, 1, 2, 1, 5, 3, 1, 2, 1, 3, 1, 1, 3, 3, 1, 1, 3, 1, 2, 1, 3, 1, 4, 2, 2, 2, 5, 2, 1, 1, 1, 2, 2, 1, 2, 1, 1, 2, 1, 1, 1, 1, 1]"
User-034,1,trace_0164,1788727834.7279472,streaming,18034,199,199,275,6,70.65215182304382,142.98306369781494,0.36530763573116726,19.0,0,True,,1788727691.7445817,1788727762.3967335,1788727834.7276454,"[1788727762.3967335, 1788727762.979444, 1788727763.6263719, 1788727764.3349187, 1788727765.0578012, 1788727765.8214576, 1788727766.6037612, 1788727767.4191318, 1788727768.2883787, 1788727768.930068, 1788727769.5598629, 1788727770.2439775, 1788727770.9569392, 1788727771.7028587, 1788727772.4616098, 1788727773.0627894, 1788727773.711604, 1788727774.389005, 1788727775.0990057, 1788727775.8375282, 1788727776.6037378, 1788727777.4039514, 1788727778.243453, 1788727779.10777, 1788727779.896435, 1788727780.5134594, 1788727781.1872764, 1788727781.8898351, 1788727782.6253839, 1788727783.383453, 1788727784.1729941, 1788727784.9732683, 1788727785.5695674, 1788727786.2217667, 1788727786.9094708, 1788727787.6381178, 1788727788.4448304, 1788727789.157468, 1788727789.8909094, 1788727790.4945364, 1788727791.1500876, 1788727791.8333607, 1788727792.547905, 1788727793.2918937, 1788727793.978821, 1788727794.5881839, 1788727795.2499423, 1788727795.9480748, 1788727796.68495, 1788727797.4399953, 1788727798.2330253, 1788727799.056268, 1788727799.911895, 1788727800.8037581, 1788727801.7046113, 1788727802.6443326, 1788727803.5766678, 1788727804.160852, 1788727804.8145285, 1788727805.483952, 1788727806.1908243, 1788727806.9302313, 1788727807.6934159, 1788727808.4892113, 1788727809.3287375, 1788727810.0904157, 1788727810.7096498, 1788727811.3855393, 1788727812.0918124, 1788727812.8237827, 1788727813.586084, 1788727814.3808117, 1788727815.1880546, 1788727816.0324235, 1788727816.919215, 1788727817.8282418, 1788727818.7633147, 1788727819.5434802, 1788727820.1563017, 1788727820.8141456, 1788727821.532597, 1788727822.2556608, 1788727822.9470694, 1788727823.5542765, 1788727824.2111466, 1788727824.897845, 1788727825.618029, 1788727826.3615236, 1788727827.1351807, 1788727827.8884885, 1788727828.4886818, 1788727829.137311, 1788727829.8214338, 1788727830.5290687, 1788727831.2696216, 1788727832.037888, 1788727832.7765195, 1788727833.3788307, 1788727834.0308282, 1788727834.7265406]","[1, 1, 1, 1, 2, 2, 2, 2, 3, 3, 1, 1, 3, 2, 1, 2, 2, 2, 2, 2, 1, 3, 1, 2, 2, 2, 1, 1, 1, 3, 3, 1, 1, 2, 1, 4, 5, 3, 1, 1, 1, 2, 3, 3, 2, 1, 1, 3, 1, 5, 3, 4, 2, 1, 1, 2, 1, 2, 1, 2, 1, 2, 1, 3, 4, 2, 1, 5, 2, 2, 1, 1, 2, 4, 1, 2, 1, 3, 3, 3, 2, 1, 3, 1, 1, 1, 2, 1, 2, 3, 3, 4, 3, 2, 3, 1, 1, 1, 3, 1]"
User-007,2,trace_0398,1788727854.8833103,streaming,13997,202,202,214,4,40.93206334114075,101.8374719619751,0.3030119831882306,7.0,0,True,,1788727753.0457695,1788727793.9778328,1788727854.8832414,"[1788727793.9778328, 1788727794.58719, 1788727795.2489607, 1788727795.947061, 1788727796.6839595, 1788727797.4389696, 1788727798.2320447, 1788727799.055791, 1788727799.9109771, 1788727800.8025653, 1788727801.703627, 1788727802.6433358, 1788727803.5757012, 1788727804.159852, 1788727804.8135068, 1788727805.4829443, 1788727806.1898038, 1788727806.929214, 1788727807.6924064, 1788727808.4882252, 1788727809.3277154, 1788727810.0894167, 1788727810.7086496, 1788727811.3845258, 1788727812.09082, 1788727812.8227823, 1788727813.5850737, 1788727814.3798227, 1788727815.187026, 1788727816.0314307, 1788727816.9181423, 1788727817.8270295, 1788727818.7620661, 1788727819.5424051, 1788727820.1552107, 1788727820.8131123, 1788727821.5321062, 1788727822.2546327, 1788727822.9460433, 1788727823.5534983, 1788727824.210036, 1788727824.8967903, 1788727825.6168675, 1788727826.3607209, 1788727827.1341436, 1788727827.8877332, 1788727828.48759, 1788727829.1363242, 1788727829.8204286, 1788727830.528033, 1788727831.2685912, 1788727832.0368853, 1788727832.775741, 1788727833.3778052, 1788727834.029797, 1788727834.7255106, 1788727835.4386573, 1788727836.199745, 1788727836.8786447, 1788727837.486846, 1788727838.1457171, 1788727838.8384478, 1788727839.5610628, 1788727840.3117359, 1788727841.0915248, 1788727841.903087, 1788727842.5364084, 1788727843.1561553, 1788727843.831582, 1788727844.525717, 1788727845.2567298, 1788727846.0170314, 1788727846.8070612, 1788727847.6293883, 1788727848.4821448, 1788727849.3683813, 1788727850.2647614, 1788727850.8498857, 1788727851.4966393, 1788727852.1728928, 1788727852.8825047, 1788727853.6407018, 1788727854.2326002, 1788727854.8824906]","[1, 1, 3, 2, 2, 3, 1, 4, 5, 1, 1, 1, 1, 2, 2, 1, 2, 2, 2, 1, 1, 2, 4, 3, 2, 1, 1, 1, 1, 1, 5, 3, 5, 6, 1, 4, 3, 6, 1, 2, 1, 2, 2, 2, 3, 1, 4, 1, 1, 1, 1, 1, 3, 2, 3, 1, 3, 6, 2, 4, 1, 1, 4, 1, 1, 1, 1, 1, 3, 4, 5, 5, 5, 1, 2, 5, 2, 5, 4, 1, 1, 6, 4, 3]"
User-035,2,trace_0062,1788727859.4275513,streaming,16749,75,75,255,5,63.29543733596802,89.9519875049591,0.360223650932312,12.0,0,True,,1788727769.475483,1788727832.7709203,1788727859.4274704,"[1788727832.7709203, 1788727833.373079, 1788727834.0250297, 1788727834.7203743, 1788727835.4339058, 1788727836.1920648, 1788727836.87302, 1788727837.4815426, 1788727838.140439, 1788727838.8331912, 1788727839.5557494, 1788727840.306502, 1788727841.0858734, 1788727841.8978713, 1788727842.5316334, 1788727843.1485198, 1788727843.8289213, 1788727844.5204837, 1788727845.2514765, 1788727846.0117476, 1788727846.8016977, 1788727847.6240752, 1788727848.4767528, 1788727849.3629482, 1788727850.2586672, 1788727850.843919, 1788727851.490857, 1788727852.1671014, 1788727852.8764884, 1788727853.6335132, 1788727854.226173, 1788727854.8761036, 1788727855.54338, 1788727856.2658575, 1788727857.0079536, 1788727857.7775402, 1788727858.5792894, 1788727859.4243436]","[1, 1, 2, 3, 1, 1, 2, 3, 3, 1, 4, 2, 2, 1, 2, 3, 2, 5, 2, 1, 1, 1, 1, 3, 3, 3, 2, 2, 2, 1, 2, 1, 1, 1, 4, 1, 2, 2]"
User-022,21,trace_0418,1788727867.6665583,streaming,28654,116,116,429,6,57.15284776687622,105.27795362472534,0.41847918137260104,7.0,0,True,,1788727762.3885124,1788727819.5413601,1788727867.666466,"[1788727819.5413601, 1788727820.1540844, 1788727820.812061, 1788727821.531606, 1788727822.2536268, 1788727822.9450212, 1788727823.5527139, 1788727824.2089596, 1788727824.895555, 1788727825.6104045, 1788727826.3598835, 1788727827.133046, 1788727827.8860228, 1788727828.485956, 1788727829.134707, 1788727829.8188918, 1788727830.5264122, 1788727831.2670438, 1788727832.035334, 1788727832.7743647, 1788727833.3762941, 1788727834.0282643, 1788727834.7239628, 1788727835.436619, 1788727836.1973765, 1788727836.876634, 1788727837.4847775, 1788727838.1436648, 1788727838.8364024, 1788727839.5590403, 1788727840.30968, 1788727841.0894752, 1788727841.9010706, 1788727842.5346837, 1788727843.1548586, 1788727843.8304868, 1788727844.5237033, 1788727845.254643, 1788727846.0149846, 1788727846.8050337, 1788727847.6273856, 1788727848.4800158, 1788727849.3663192, 1788727850.2627003, 1788727850.8478508, 1788727851.494624, 1788727852.1708627, 1788727852.8804586, 1788727853.6371837, 1788727854.2299907, 1788727854.879886, 1788727855.5471334, 1788727856.2696822, 1788727857.011764, 1788727857.781667, 1788727858.5831013, 1788727859.4290242, 1788727860.2833238, 1788727861.1725235, 1788727861.8270686, 1788727862.4372845, 1788727863.109106, 1788727863.8097923, 1788727864.5409446, 1788727865.299216, 1788727866.0875046, 1788727866.908802, 1788727867.6623905]","[1, 1, 2, 2, 1, 1, 1, 1, 1, 3, 2, 3, 1, 2, 2, 1, 1, 1, 1, 1, 1, 1, 2, 1, 3, 1, 3, 3, 1, 1, 1, 3, 3, 1, 4, 3, 4, 6, 4, 1, 1, 1, 2, 1, 2, 1, 1, 1, 1, 2, 1, 1, 2, 3, 1, 3, 1, 1, 1, 1, 1, 1, 1, 5, 1, 1, 1, 1]"
User-033,2,trace_0538,1788727868.960806,streaming,12216,118,118,159,3,60.28786849975586,106.30624961853027,0.39331949674166167,8.0,0,True,,1788727762.6544907,1788727822.9423592,1788727868.9607403,"[1788727822.9423592, 1788727823.5498035, 1788727824.2057178, 1788727824.8927705, 1788727825.6077125, 1788727826.3574262, 1788727827.130072, 1788727827.883472, 1788727828.4831223, 1788727829.132188, 1788727829.8162026, 1788727830.5237947, 1788727831.264359, 1788727832.0326025, 1788727832.7714489, 1788727833.373592, 1788727834.0256877, 1788727834.720919, 1788727835.434414, 1788727836.1926, 1788727836.8744452, 1788727837.4826043, 1788727838.141481, 1788727838.8342338, 1788727839.5568156, 1788727840.3075764, 1788727841.0869799, 1788727841.898949, 1788727842.5326586, 1788727843.1495728, 1788727843.8294423, 1788727844.521672, 1788727845.2524865, 1788727846.0128045, 1788727846.8028498, 1788727847.625279, 1788727848.4778864, 1788727849.3641324, 1788727850.259775, 1788727850.8450253, 1788727851.4919116, 1788727852.168122, 1788727852.877629, 1788727853.6345537, 1788727854.227248, 1788727854.8771515, 1788727855.5449338, 1788727856.2674513, 1788727857.0095518, 1788727857.779271, 1788727858.5808966, 1788727859.4264493, 1788727860.280996, 1788727861.1702936, 1788727861.8250299, 1788727862.4351351, 1788727863.1069353, 1788727863.8076363, 1788727864.5387998, 1788727865.2970734, 1788727866.0853138, 1788727866.9066265, 1788727867.6603587, 1788727868.274681, 1788727868.955181]","[1, 1, 2, 1, 1, 2, 3, 2, 1, 1, 5, 3, 1, 2, 1, 1, 1, 2, 1, 1, 2, 2, 1, 2, 5, 1, 2, 1, 2, 1, 1, 1, 2, 1, 1, 1, 1, 3, 3, 6, 1, 2, 3, 3, 4, 2, 1, 3, 2, 2, 1, 1, 1, 3, 1, 3, 1, 4, 1, 1, 1, 2, 1, 1, 1]"
User-048,1,trace_0546,1788727877.7719898,streaming,13779,94,94,177,33,63.88364362716675,104.78165125846863,0.43976352291722454,7.0,0,True,,1788727772.9902651,1788727836.8739088,1788727877.7719164,"[1788727836.8739088, 1788727837.4820845, 1788727838.140973, 1788727838.8337235, 1788727839.5562904, 1788727840.3070579, 1788727841.0864272, 1788727841.8983934, 1788727842.5321407, 1788727843.1490538, 1788727843.829182, 1788727844.5211375, 1788727845.2519836, 1788727846.0122635, 1788727846.8022478, 1788727847.6246932, 1788727848.4773152, 1788727849.3635502, 1788727850.259241, 1788727850.8444638, 1788727851.491393, 1788727852.1676226, 1788727852.877088, 1788727853.6340554, 1788727854.2267087, 1788727854.8766096, 1788727855.543905, 1788727856.2663813, 1788727857.008495, 1788727857.7780793, 1788727858.5798273, 1788727859.4253824, 1788727860.2799277, 1788727861.1692774, 1788727861.8231733, 1788727862.4335735, 1788727863.105358, 1788727863.806038, 1788727864.5372214, 1788727865.2955654, 1788727866.0834827, 1788727866.905099, 1788727867.6587977, 1788727868.2730012, 1788727868.9535632, 1788727869.6521535, 1788727870.383247, 1788727871.1397264, 1788727871.9286418, 1788727872.7443693, 1788727873.5894587, 1788727874.3344193, 1788727874.9388714, 1788727875.598933, 1788727876.289343, 1788727877.0086205, 1788727877.7649043]","[1, 2, 2, 1, 3, 2, 2, 1, 2, 1, 1, 2, 1, 3, 1, 2, 1, 3, 2, 2, 2, 1, 2, 1, 1, 2, 1, 1, 1, 1, 4, 1, 1, 1, 1, 1, 1, 2, 4, 1, 1, 2, 3, 1, 2, 1, 1, 2, 2, 2, 1, 1, 3, 1, 1, 1, 4]"
User-049,1,trace_0273,1788727881.1153886,streaming,18568,106,106,287,2,60.16229772567749,98.74773645401001,0.3674803688412621,8.0,0,True,,1788727782.367569,1788727842.5298667,1788727881.1153054,"[1788727842.5298667, 1788727843.146723, 1788727843.8280993, 1788727844.5188098, 1788727845.2496471, 1788727846.0099485, 1788727846.8000097, 1788727847.6224444, 1788727848.4749389, 1788727849.3608654, 1788727850.2567606, 1788727850.8417668, 1788727851.4890125, 1788727852.1652737, 1788727852.8732276, 1788727853.6316812, 1788727854.2243402, 1788727854.8742306, 1788727855.5421078, 1788727856.2646058, 1788727857.0066435, 1788727857.7764876, 1788727858.5780206, 1788727859.4201772, 1788727860.2787662, 1788727861.1681302, 1788727861.8219023, 1788727862.4324052, 1788727863.1041908, 1788727863.804866, 1788727864.5360556, 1788727865.2943342, 1788727866.0822768, 1788727866.9039533, 1788727867.657516, 1788727868.271861, 1788727868.9523954, 1788727869.6509776, 1788727870.3820877, 1788727871.1385195, 1788727871.9273326, 1788727872.7432508, 1788727873.5883133, 1788727874.3332186, 1788727874.9376848, 1788727875.59781, 1788727876.2861042, 1788727877.0075688, 1788727877.7637274, 1788727878.5358014, 1788727879.3642988, 1788727880.2194324, 1788727881.1074371]","[1, 1, 2, 3, 2, 1, 1, 3, 2, 2, 2, 1, 2, 1, 2, 1, 2, 2, 1, 2, 2, 1, 3, 4, 1, 1, 1, 3, 3, 2, 2, 4, 4, 1, 2, 3, 6, 2, 1, 1, 1, 1, 4, 2, 2, 1, 2, 1, 2, 2, 2, 1, 4]"
User-020,2,trace_0108,1788727885.2407913,streaming,23362,261,261,310,54,46.25571084022522,151.60390615463257,0.40518536659387444,11.0,0,True,,1788727733.6367755,1788727779.8924863,1788727885.2406816,"[1788727779.8924863, 1788727780.5092733, 1788727781.183173, 1788727781.8856442, 1788727782.6212072, 1788727783.3793206, 1788727784.168874, 1788727784.9687946, 1788727785.5648062, 1788727786.2170846, 1788727786.904519, 1788727787.6331336, 1788727788.442892, 1788727789.153429, 1788727789.887021, 1788727790.4904351, 1788727791.1460435, 1788727791.8292747, 1788727792.5437145, 1788727793.2878118, 1788727793.9741974, 1788727794.5835958, 1788727795.2453356, 1788727795.943126, 1788727796.680605, 1788727797.4363668, 1788727798.229467, 1788727799.0545728, 1788727799.9084187, 1788727800.7996309, 1788727801.701541, 1788727802.6412182, 1788727803.5737534, 1788727804.157764, 1788727804.8113694, 1788727805.4809296, 1788727806.1876762, 1788727806.926983, 1788727807.6903546, 1788727808.4861593, 1788727809.3252597, 1788727810.0871403, 1788727810.7066395, 1788727811.3824356, 1788727812.0887673, 1788727812.8206596, 1788727813.582829, 1788727814.3775697, 1788727815.1849399, 1788727816.0292861, 1788727816.916048, 1788727817.824381, 1788727818.7597144, 1788727819.5394583, 1788727820.149733, 1788727820.8104637, 1788727821.5308533, 1788727822.2520247, 1788727822.9434645, 1788727823.5510209, 1788727824.2070608, 1788727824.8938906, 1788727825.6087801, 1788727826.3585124, 1788727827.1311674, 1788727827.884502, 1788727828.4843504, 1788727829.133197, 1788727829.8172765, 1788727830.5248997, 1788727831.2653942, 1788727832.033671, 1788727832.7726188, 1788727833.374615, 1788727834.0267093, 1788727834.7219446, 1788727835.4354935, 1788727836.193628, 1788727836.8755715, 1788727837.483667, 1788727838.1425147, 1788727838.8352957, 1788727839.557896, 1788727840.308586, 1788727841.0882063, 1788727841.8999693, 1788727842.5336776, 1788727843.1507092, 1788727843.82997, 1788727844.522691, 1788727845.2536201, 1788727846.0139225, 1788727846.8039455, 1788727847.6263378, 1788727848.478916, 1788727849.3653035, 1788727850.2608123, 1788727850.846221, 1788727851.4930398, 1788727852.1693158, 1788727852.8787136, 1788727853.6356745, 1788727854.2284253, 1788727854.8783107, 1788727855.5460892, 1788727856.2686305, 1788727857.010571, 1788727857.7802935, 1788727858.5820162, 1788727859.4279852, 1788727860.2822208, 1788727861.171392, 1788727861.826028, 1788727862.436268, 1788727863.1080859, 1788727863.8087852, 1788727864.5399296, 1788727865.2981818, 1788727866.0863774, 1788727866.9077926, 1788727867.6613736, 1788727868.2757301, 1788727868.956692, 1788727869.6542096, 1788727870.3855462, 1788727871.141788, 1788727871.9309769, 1788727872.7465618, 1788727873.5915997, 1788727874.3364727, 1788727874.9410565, 1788727875.6012366, 1788727876.2916315, 1788727877.0107973, 1788727877.7674987, 1788727878.538686, 1788727879.366996, 1788727880.2220967, 1788727881.1105933, 1788727882.011719, 1788727882.9586325, 1788727883.935085, 1788727884.6254148, 1788727885.2352474]","[1, 1, 1, 1, 3, 5, 1, 4, 2, 2, 3, 3, 2, 2, 1, 1, 1, 4, 1, 2, 1, 5, 3, 1, 2, 2, 1, 1, 2, 1, 1, 1, 1, 1, 3, 3, 1, 1, 2, 1, 1, 1, 5, 2, 1, 2, 6, 2, 2, 1, 2, 1, 2, 2, 2, 1, 1, 1, 1, 2, 1, 1, 2, 2, 1, 3, 1, 3, 2, 1, 3, 1, 1, 1, 2, 2, 1, 1, 2, 1, 1, 1, 3, 1, 1, 4, 1, 1, 1, 1, 1, 3, 1, 2, 3, 3, 3, 3, 2, 2, 3, 1, 2, 2, 2, 2, 2, 2, 1, 1, 4, 1, 4, 2, 1, 1, 2, 2, 1, 1, 1, 1, 1, 2, 2, 3, 3, 1, 3, 2, 1, 1, 1, 1, 1, 2, 2, 1, 2, 1, 3, 1, 4, 1]"
User-054,0,trace_0666,1788727887.1878161,streaming,17435,124,124,0,272,59.60546159744263,118.90584325790405,0.4821169240687921,0.0,0,True,,1788727768.2818804,1788727827.887342,1788727887.1877236,"[1788727827.887342, 1788727828.4870472, 1788727829.1358347, 1788727829.819917, 1788727830.5275187, 1788727831.2680717, 1788727832.036374, 1788727832.7753642, 1788727833.3772998, 1788727834.0292752, 1788727834.7250075, 1788727835.4376576, 1788727836.1986363, 1788727836.8776336, 1788727837.4858217, 1788727838.1447124, 1788727838.8374348, 1788727839.5600657, 1788727840.3107002, 1788727841.0905068, 1788727841.9020813, 1788727842.5356348, 1788727843.1556616, 1788727843.8310642, 1788727844.5247223, 1788727845.2557242, 1788727846.0160224, 1788727846.8060412, 1788727847.628382, 1788727848.481139, 1788727849.3673768, 1788727850.263766, 1788727850.8488626, 1788727851.4956462, 1788727852.1718779, 1788727852.8814745, 1788727853.639651, 1788727854.2315924, 1788727854.8814583, 1788727855.5486798, 1788727856.2712522, 1788727857.0133696, 1788727857.7832985, 1788727858.5846581, 1788727859.4306185, 1788727860.2848947, 1788727861.1740248, 1788727861.8286076, 1788727862.4388006, 1788727863.1106274, 1788727863.8113134, 1788727864.5424948, 1788727865.30074, 1788727866.0890977, 1788727866.9103396, 1788727867.6650493, 1788727868.278236, 1788727868.9592683, 1788727869.6569555, 1788727870.3882563, 1788727871.144465, 1788727871.9338462, 1788727872.7490675, 1788727873.5940876, 1788727874.3397474, 1788727874.9441469, 1788727875.6043668, 1788727876.2947056, 1788727877.0131626, 1788727877.7705402, 1788727878.5421195, 1788727879.3701608, 1788727880.225259, 1788727881.113922, 1788727882.0153112, 1788727882.9618528, 1788727883.9385536, 1788727884.6297722, 1788727885.239315, 1788727885.8687332, 1788727886.505923, 1788727887.1859968]","[1, 1, 1, 2, 2, 3, 3, 2, 1, 1, 1, 1, 1, 1, 2, 2, 1, 1, 1, 2, 3, 1, 1, 1, 2, 1, 1, 1, 1, 2, 1, 1, 1, 1, 1, 1, 1, 1, 1, 1, 2, 1, 1, 3, 2, 3, 3, 2, 3, 2, 1, 2, 3, 2, 1, 1, 1, 2, 1, 3, 1, 1, 1, 2, 1, 3, 1, 2, 1, 1, 1, 1, 1, 1, 4, 2, 1, 1, 1, 1, 2, 1]"
User-052,0,trace_0594,1788727896.655807,streaming,17534,261,261,0,273,43.909648180007935,155.59428215026855,0.42955628450100236,0.0,0,True,,1788727741.061468,1788727784.971116,1788727896.65575,"[1788727784.971116, 1788727785.5670094, 1788727786.219129, 1788727786.9066422, 1788727787.6352668, 1788727788.4438725, 1788727789.155452, 1788727789.8889725, 1788727790.492537, 1788727791.1480699, 1788727791.8313959, 1788727792.5459015, 1788727793.2898972, 1788727793.9760966, 1788727794.585675, 1788727795.2474782, 1788727795.9455516, 1788727796.6824503, 1788727797.4374087, 1788727798.2305326, 1788727799.0550659, 1788727799.9094255, 1788727800.800716, 1788727801.7026162, 1788727802.642314, 1788727803.5747235, 1788727804.1588426, 1788727804.8124855, 1788727805.4819398, 1788727806.188777, 1788727806.928152, 1788727807.6913981, 1788727808.4872394, 1788727809.3263772, 1788727810.08893, 1788727810.7081587, 1788727811.3840275, 1788727812.0903156, 1788727812.822273, 1788727813.5845647, 1788727814.379329, 1788727815.186486, 1788727816.030931, 1788727816.917616, 1788727817.8264728, 1788727818.7613776, 1788727819.5418885, 1788727820.154637, 1788727820.812593, 1788727821.5318599, 1788727822.254119, 1788727822.94553, 1788727823.5531003, 1788727824.2094994, 1788727824.8962448, 1788727825.615545, 1788727826.3603048, 1788727827.1336377, 1788727827.8865247, 1788727828.486492, 1788727829.1353211, 1788727829.819412, 1788727830.526937, 1788727831.2675622, 1788727832.035848, 1788727832.7749076, 1788727833.3767993, 1788727834.0287786, 1788727834.724488, 1788727835.437132, 1788727836.1980994, 1788727836.877132, 1788727837.4852998, 1788727838.144196, 1788727838.8369286, 1788727839.5595453, 1788727840.3101854, 1788727841.090001, 1788727841.9015796, 1788727842.5352235, 1788727843.1554134, 1788727843.8307874, 1788727844.5242233, 1788727845.2551906, 1788727846.0155153, 1788727846.805541, 1788727847.6278844, 1788727848.4805229, 1788727849.3668346, 1788727850.2632287, 1788727850.8483608, 1788727851.4951532, 1788727852.1713636, 1788727852.880964, 1788727853.6377385, 1788727854.2305336, 1788727854.8804114, 1788727855.5476296, 1788727856.2702098, 1788727857.012307, 1788727857.7821894, 1788727858.5836155, 1788727859.4295518, 1788727860.2838418, 1788727861.173027, 1788727861.8275816, 1788727862.4377866, 1788727863.1096122, 1788727863.8103, 1788727864.5414681, 1788727865.2997139, 1788727866.0880327, 1788727866.9093146, 1788727867.664033, 1788727868.277232, 1788727868.9582434, 1788727869.6558437, 1788727870.3871799, 1788727871.1434512, 1788727871.9325924, 1788727872.7480845, 1788727873.5930984, 1788727874.3388612, 1788727874.9430919, 1788727875.6033158, 1788727876.2936773, 1788727877.0123875, 1788727877.7695348, 1788727878.5410893, 1788727879.3691149, 1788727880.2242482, 1788727881.1128004, 1788727882.014184, 1788727882.960819, 1788727883.937445, 1788727884.6278827, 1788727885.237769, 1788727885.8671618, 1788727886.5043306, 1788727887.1844258, 1788727887.8791502, 1788727888.6096704, 1788727889.3648283, 1788727890.1493917, 1788727890.9646466, 1788727891.8091967, 1788727892.5382595, 1788727893.1415088, 1788727893.800229, 1788727894.49166, 1788727895.2130105, 1788727895.9674962, 1788727896.6523747]","[1, 1, 1, 2, 2, 1, 2, 3, 3, 1, 1, 1, 1, 1, 2, 2, 2, 2, 2, 2, 1, 4, 2, 2, 2, 2, 4, 3, 2, 2, 2, 2, 2, 3, 3, 1, 1, 1, 1, 1, 1, 2, 1, 2, 1, 1, 1, 1, 1, 1, 3, 1, 2, 1, 1, 1, 2, 1, 1, 2, 4, 1, 1, 2, 3, 1, 1, 2, 1, 1, 2, 1, 2, 2, 2, 1, 3, 1, 1, 1, 2, 2, 2, 4, 1, 1, 1, 3, 1, 2, 1, 1, 2, 1, 3, 4, 3, 1, 1, 1, 3, 4, 3, 1, 1, 4, 1, 1, 2, 1, 2, 1, 1, 1, 1, 1, 1, 2, 2, 1, 2, 2, 1, 1, 1, 1, 1, 1, 3, 4, 1, 3, 1, 2, 2, 2, 2, 1, 1, 3, 3, 1, 1, 1, 2, 1, 1, 2, 1, 3, 3, 1, 1]"
User-025,8,trace_0588,1788727907.9495156,streaming,30566,70,70,469,3,77.72827410697937,101.04841899871826,0.3379731143730274,10.0,0,True,,1788727806.9009836,1788727884.6292577,1788727907.9494026,"[1788727884.6292577, 1788727885.2387943, 1788727885.8681998, 1788727886.5053833, 1788727887.185455, 1788727887.879674, 1788727888.610177, 1788727889.3653238, 1788727890.1499004, 1788727890.9651678, 1788727891.8096926, 1788727892.5387855, 1788727893.1420298, 1788727893.8007538, 1788727894.492178, 1788727895.213544, 1788727895.968015, 1788727896.6531746, 1788727897.2786396, 1788727897.957163, 1788727898.6642337, 1788727899.3412101, 1788727899.9537435, 1788727900.61479, 1788727901.303927, 1788727902.0241482, 1788727902.7779403, 1788727903.553355, 1788727904.3618257, 1788727905.2072642, 1788727906.0938363, 1788727906.9972615, 1788727907.9464798]","[1, 1, 2, 2, 1, 1, 2, 2, 3, 2, 2, 4, 5, 2, 2, 1, 2, 2, 2, 2, 2, 3, 1, 2, 5, 2, 1, 1, 2, 3, 2, 4, 1]"
User-036,1,trace_0615,1788727911.379549,streaming,24139,133,133,358,18,71.1068799495697,120.66183710098267,0.3754163420561588,12.0,0,True,,1788727790.7176385,1788727861.8245184,1788727911.3794756,"[1788727861.8245184, 1788727862.4345741, 1788727863.1063926, 1788727863.8071232, 1788727864.5382473, 1788727865.2965703, 1788727866.0847552, 1788727866.9061124, 1788727867.6598492, 1788727868.274042, 1788727868.9546034, 1788727869.6531794, 1788727870.3843212, 1788727871.140765, 1788727871.9297395, 1788727872.7454038, 1788727873.5904665, 1788727874.3354723, 1788727874.9399354, 1788727875.600188, 1788727876.2904198, 1788727877.00976, 1788727877.7662616, 1788727878.5374954, 1788727879.3659458, 1788727880.2210917, 1788727881.1093793, 1788727882.0106118, 1788727882.957597, 1788727883.93348, 1788727884.6244068, 1788727885.2341547, 1788727885.8637085, 1788727886.500884, 1788727887.1811397, 1788727887.8759682, 1788727888.606472, 1788727889.3616316, 1788727890.145833, 1788727890.961281, 1788727891.8058496, 1788727892.5289733, 1788727893.138169, 1788727893.7967107, 1788727894.4883008, 1788727895.209379, 1788727895.9640758, 1788727896.6479328, 1788727897.2749307, 1788727897.9532757, 1788727898.659914, 1788727899.3366208, 1788727899.9495246, 1788727900.610053, 1788727901.2990887, 1788727902.0193841, 1788727902.7724912, 1788727903.5485077, 1788727904.3574998, 1788727905.2029107, 1788727906.0853431, 1788727906.9927905, 1788727907.9413822, 1788727908.533756, 1788727909.1978006, 1788727909.8900945, 1788727910.6123495, 1788727911.3732066]","[1, 2, 2, 2, 2, 2, 3, 2, 2, 2, 2, 4, 3, 2, 1, 1, 1, 2, 1, 2, 2, 1, 2, 1, 1, 2, 2, 1, 1, 2, 1, 1, 1, 2, 1, 1, 5, 2, 4, 6, 3, 1, 3, 2, 2, 2, 2, 2, 1, 1, 2, 3, 1, 1, 3, 3, 4, 1, 3, 3, 3, 1, 1, 2, 1, 2, 1, 1]"
User-042,2,trace_0582,1788727917.898039,streaming,21198,75,75,319,11,79.14488458633423,104.50263094902039,0.34267224814440755,11.0,0,True,,1788727813.3953218,1788727892.5402064,1788727917.8979528,"[1788727892.5402064, 1788727893.143131, 1788727893.801813, 1788727894.4932153, 1788727895.2145827, 1788727895.9690688, 1788727896.6544032, 1788727897.2796648, 1788727897.9581747, 1788727898.66526, 1788727899.3422434, 1788727899.9547262, 1788727900.6158166, 1788727901.3049529, 1788727902.0251997, 1788727902.779242, 1788727903.5544355, 1788727904.3628466, 1788727905.2085338, 1788727906.0949347, 1788727906.9982736, 1788727907.9480233, 1788727908.5390797, 1788727909.203095, 1788727909.895455, 1788727910.6176288, 1788727911.3783836, 1788727912.1460092, 1788727912.9566662, 1788727913.6859224, 1788727914.2880535, 1788727914.9476845, 1788727915.636026, 1788727916.353838, 1788727917.1035142, 1788727917.8954382]","[1, 1, 3, 2, 2, 6, 4, 2, 2, 2, 3, 2, 1, 1, 1, 5, 1, 1, 1, 2, 2, 1, 3, 1, 1, 1, 1, 1, 2, 3, 5, 2, 3, 2, 3, 1]"
User-017,5,trace_0726,1788727917.8977618,streaming,21510,109,109,324,2,75.28933811187744,118.84868860244751,0.4033273193571303,6.0,0,True,,1788727799.0489793,1788727874.3383174,1788727917.897668,"[1788727874.3383174, 1788727874.942577, 1788727875.6028025, 1788727876.2931666, 1788727877.0119972, 1788727877.7690303, 1788727878.5405865, 1788727879.3686173, 1788727880.2237382, 1788727881.1122491, 1788727882.0136557, 1788727882.9603107, 1788727883.9367943, 1788727884.627376, 1788727885.2372687, 1788727885.8666463, 1788727886.503805, 1788727887.1838722, 1788727887.8785584, 1788727888.6091785, 1788727889.3643343, 1788727890.1488867, 1788727890.964125, 1788727891.808602, 1788727892.5377152, 1788727893.1408935, 1788727893.79969, 1788727894.4911442, 1788727895.2124865, 1788727895.9669492, 1788727896.65184, 1788727897.278126, 1788727897.956654, 1788727898.6637194, 1788727899.3406093, 1788727899.9532473, 1788727900.6142697, 1788727901.30342, 1788727902.0236282, 1788727902.7773118, 1788727903.5528238, 1788727904.3613236, 1788727905.2067497, 1788727906.0932746, 1788727906.996756, 1788727907.945934, 1788727908.538039, 1788727909.2020452, 1788727909.8944345, 1788727910.6166255, 1788727911.3775554, 1788727912.144986, 1788727912.9556065, 1788727913.6849098, 1788727914.287035, 1788727914.9466414, 1788727915.6350183, 1788727916.3528192, 1788727917.1024683, 1788727917.8940978]","[1, 1, 2, 1, 2, 2, 1, 1, 3, 2, 2, 2, 1, 1, 2, 1, 3, 3, 1, 2, 1, 2, 2, 1, 1, 2, 1, 1, 1, 2, 1, 2, 1, 2, 4, 1, 2, 1, 1, 3, 2, 3, 1, 3, 1, 3, 4, 5, 1, 1, 2, 4, 2, 2, 1, 2, 1, 2, 2, 1]"
User-038,1,trace_0661,1788727926.0057123,streaming,21049,288,288,319,9,54.14012956619263,170.05732417106628,0.40389266412847963,10.0,0,True,,1788727755.9482963,1788727810.0884259,1788727926.0056205,"[1788727810.0884259, 1788727810.7076678, 1788727811.3835216, 1788727812.0898297, 1788727812.8217576, 1788727813.5840394, 1788727814.3788073, 1788727815.1859791, 1788727816.0304048, 1788727816.9171014, 1788727817.8259296, 1788727818.7608585, 1788727819.5404894, 1788727820.1533659, 1788727820.8115587, 1788727821.5313458, 1788727822.253119, 1788727822.9445105, 1788727823.5523193, 1788727824.2082434, 1788727824.8949974, 1788727825.6098187, 1788727826.3594773, 1788727827.1323564, 1788727827.8855157, 1788727828.4854262, 1788727829.1341903, 1788727829.818296, 1788727830.5259087, 1788727831.2664328, 1788727832.0346901, 1788727832.7738223, 1788727833.3757734, 1788727834.0277436, 1788727834.723438, 1788727835.436017, 1788727836.1941469, 1788727836.8761063, 1788727837.4842489, 1788727838.1431525, 1788727838.8358848, 1788727839.558513, 1788727840.3090994, 1788727841.0889623, 1788727841.9004924, 1788727842.5341792, 1788727843.1542885, 1788727843.8302295, 1788727844.5232, 1788727845.2541363, 1788727846.014458, 1788727846.8044546, 1788727847.62689, 1788727848.4795005, 1788727849.3658223, 1788727850.2622018, 1788727850.8473382, 1788727851.4940739, 1788727852.170328, 1788727852.8799427, 1788727853.6366847, 1788727854.2294834, 1788727854.8793523, 1788727855.5466, 1788727856.269151, 1788727857.0112505, 1788727857.780976, 1788727858.5825486, 1788727859.4285078, 1788727860.2827961, 1788727861.1719866, 1788727861.8265536, 1788727862.4367766, 1788727863.1085913, 1788727863.8092916, 1788727864.5404346, 1788727865.2987049, 1788727866.0869398, 1788727866.9083033, 1788727867.6618733, 1788727868.276231, 1788727868.9572039, 1788727869.6548257, 1788727870.386093, 1788727871.1424139, 1788727871.9315436, 1788727872.7470684, 1788727873.5921137, 1788727874.336983, 1788727874.941576, 1788727875.6017482, 1788727876.2921495, 1788727877.0112443, 1788727877.7680185, 1788727878.5394142, 1788727879.367611, 1788727880.2226908, 1788727881.1111317, 1788727882.0124383, 1788727882.959192, 1788727883.935708, 1788727884.6262407, 1788727885.2360473, 1788727885.8656232, 1788727886.5027082, 1788727887.182757, 1788727887.877555, 1788727888.6080704, 1788727889.363224, 1788727890.1477497, 1788727890.9630895, 1788727891.8075569, 1788727892.5361743, 1788727893.1398134, 1788727893.7984164, 1788727894.489958, 1788727895.211273, 1788727895.9658413, 1788727896.6507874, 1788727897.2770267, 1788727897.9554973, 1788727898.6626155, 1788727899.339607, 1788727899.95223, 1788727900.6132426, 1788727901.3023484, 1788727902.0225275, 1788727902.7752118, 1788727903.5517423, 1788727904.3603063, 1788727905.205706, 1788727906.0920162, 1788727906.9955692, 1788727907.9448903, 1788727908.5370271, 1788727909.2010355, 1788727909.8934045, 1788727910.615614, 1788727911.3767433, 1788727912.1437669, 1788727912.9545057, 1788727913.6838636, 1788727914.2858963, 1788727914.9456165, 1788727915.6339777, 1788727916.3517978, 1788727917.1014292, 1788727917.893041, 1788727918.6957493, 1788727919.548487, 1788727920.4269018, 1788727921.33462, 1788727922.2722447, 1788727923.2413158, 1788727924.0584917, 1788727924.6457093, 1788727925.3073277, 1788727926.0023098]","[1, 1, 1, 1, 2, 1, 1, 1, 2, 1, 2, 1, 3, 2, 2, 3, 2, 1, 1, 3, 1, 2, 1, 2, 1, 1, 4, 1, 3, 2, 2, 3, 2, 2, 1, 6, 3, 1, 2, 2, 2, 1, 1, 2, 1, 1, 1, 1, 1, 3, 3, 1, 1, 2, 1, 1, 1, 4, 1, 2, 1, 2, 5, 4, 1, 2, 3, 2, 1, 1, 3, 1, 2, 2, 1, 2, 1, 4, 1, 1, 1, 2, 1, 2, 2, 1, 1, 2, 3, 2, 2, 2, 1, 2, 1, 1, 1, 1, 3, 2, 1, 2, 1, 1, 4, 1, 2, 3, 1, 2, 1, 1, 1, 4, 2, 2, 1, 2, 4, 1, 2, 4, 1, 2, 2, 1, 2, 1, 1, 2, 2, 5, 3, 2, 2, 1, 2, 1, 2, 1, 2, 2, 3, 1, 2, 3, 2, 3, 3, 1, 3, 1, 1, 1, 2, 1, 1, 2]"
User-043,1,trace_0052,1788727926.7250552,streaming,20257,158,158,236,80,69.31925630569458,128.38072085380554,0.37618767228096156,12.0,0,True,,1788727798.3442535,1788727867.6635098,1788727926.7249744,"[1788727867.6635098, 1788727868.2767324, 1788727868.9577253, 1788727869.6553354, 1788727870.3866413, 1788727871.1429415, 1788727871.9320667, 1788727872.7475612, 1788727873.5926063, 1788727874.3374848, 1788727874.9420767, 1788727875.602276, 1788727876.2926607, 1788727877.0116208, 1788727877.7685242, 1788727878.5400686, 1788727879.368116, 1788727880.2232347, 1788727881.1116934, 1788727882.0131297, 1788727882.959719, 1788727883.9362485, 1788727884.6268482, 1788727885.2367573, 1788727885.8661382, 1788727886.5032756, 1788727887.183272, 1788727887.8780532, 1788727888.6086779, 1788727889.3638194, 1788727890.148382, 1788727890.9636045, 1788727891.8080728, 1788727892.5371637, 1788727893.1403637, 1788727893.7989972, 1788727894.4904807, 1788727895.2118595, 1788727895.9663951, 1788727896.6513216, 1788727897.277614, 1788727897.9561152, 1788727898.6632137, 1788727899.3401089, 1788727899.9527504, 1788727900.6137702, 1788727901.3029015, 1788727902.023108, 1788727902.7766337, 1788727903.552282, 1788727904.3608208, 1788727905.2062225, 1788727906.0927322, 1788727906.996078, 1788727907.9453988, 1788727908.5375423, 1788727909.2015364, 1788727909.8939142, 1788727910.6161177, 1788727911.377147, 1788727912.1442912, 1788727912.9550774, 1788727913.68438, 1788727914.286506, 1788727914.9461293, 1788727915.6344967, 1788727916.3523238, 1788727917.101956, 1788727917.8935635, 1788727918.6962736, 1788727919.5490055, 1788727920.4274411, 1788727921.3353167, 1788727922.272931, 1788727923.2418206, 1788727924.0590131, 1788727924.6462266, 1788727925.3078415, 1788727926.0031269, 1788727926.722261]","[1, 1, 3, 2, 2, 3, 1, 3, 1, 5, 1, 1, 1, 1, 2, 2, 1, 1, 1, 2, 2, 1, 1, 2, 4, 3, 2, 1, 1, 1, 1, 1, 5, 3, 3, 5, 3, 1, 2, 2, 2, 6, 1, 1, 2, 1, 2, 2, 2, 3, 1, 4, 1, 1, 1, 1, 1, 3, 2, 3, 1, 3, 2, 4, 2, 1, 1, 1, 2, 1, 1, 2, 2, 2, 1, 3, 3, 1, 5, 1]"
User-047,1,trace_0228,1788727932.9827948,streaming,9738,75,75,142,151,82.57591772079468,116.21952199935913,0.4546433010616818,2383.0,0,True,,1788727816.7631783,1788727899.339096,1788727932.9827003,"[1788727899.339096, 1788727899.9516244, 1788727900.6127243, 1788727901.3017898, 1788727902.0218754, 1788727902.7746596, 1788727903.55107, 1788727904.3598015, 1788727905.2050827, 1788727906.0913975, 1788727906.9948971, 1788727907.9435146, 1788727908.5360162, 1788727909.1999283, 1788727909.8922777, 1788727910.6144555, 1788727911.3759286, 1788727912.1424234, 1788727912.9505897, 1788727913.6827588, 1788727914.2848756, 1788727914.9444847, 1788727915.6329215, 1788727916.3507614, 1788727917.100315, 1788727917.891864, 1788727918.694569, 1788727919.5474281, 1788727920.4257069, 1788727921.3334682, 1788727922.2709806, 1788727923.2403092, 1788727924.0574634, 1788727924.6446908, 1788727925.3061616, 1788727926.001183, 1788727926.7211714, 1788727927.476964, 1788727928.269928, 1788727929.0964668, 1788727929.9503875, 1788727930.8337426, 1788727931.7504535, 1788727932.331409, 1788727932.9788415]","[1, 1, 1, 3, 2, 1, 1, 2, 1, 1, 1, 1, 1, 1, 1, 1, 1, 1, 1, 2, 1, 2, 5, 3, 1, 1, 3, 2, 4, 2, 4, 1, 2, 1, 1, 1, 2, 2, 1, 1, 3, 3, 2, 1, 1]"
User-030,4,trace_0082,1788727942.6758332,streaming,5775,208,208,244,89,78.6716661453247,135.4827585220337,0.27444972162661346,175.0,0,True,,1788727807.1929176,1788727885.8645837,1788727942.675676,"[1788727885.8645837, 1788727886.5014324, 1788727887.1816583, 1788727887.8764875, 1788727888.6070404, 1788727889.36216, 1788727890.1465132, 1788727890.9618518, 1788727891.806461, 1788727892.5297744, 1788727893.1387124, 1788727893.7973254, 1788727894.4888937, 1788727895.2098978, 1788727895.9646132, 1788727896.6487334, 1788727897.275452, 1788727897.9538531, 1788727898.6608372, 1788727899.3371782, 1788727899.9500368, 1788727900.610921, 1788727901.2996516, 1788727902.0199375, 1788727902.7730772, 1788727903.5492334, 1788727904.3580341, 1788727905.2035012, 1788727906.0861824, 1788727906.9933083, 1788727907.9419272, 1788727908.5342715, 1788727909.19832, 1788727909.8906732, 1788727910.6128962, 1788727911.374057, 1788727912.1407874, 1788727912.9490137, 1788727913.6811335, 1788727914.2832975, 1788727914.9429333, 1788727915.6312606, 1788727916.349063, 1788727917.0987585, 1788727917.890107, 1788727918.6930377, 1788727919.5457313, 1788727920.4241323, 1788727921.3318975, 1788727922.269324, 1788727923.2386982, 1788727924.0550091, 1788727924.6424692, 1788727925.3020358, 1788727925.9990873, 1788727926.718976, 1788727927.474868, 1788727928.267883, 1788727929.094294, 1788727929.9483616, 1788727930.8314, 1788727931.7482574, 1788727932.3292325, 1788727932.9766133, 1788727933.6638672, 1788727934.3843532, 1788727935.1729972, 1788727935.9144883, 1788727936.7220669, 1788727937.5583754, 1788727938.4263601, 1788727939.32625, 1788727939.9122143, 1788727940.555057, 1788727941.2281241, 1788727941.9323702, 1788727942.6704125]","[1, 1, 3, 5, 4, 1, 4, 5, 1, 2, 1, 2, 2, 1, 2, 4, 2, 5, 1, 1, 2, 4, 3, 2, 1, 1, 1, 1, 1, 4, 4, 5, 6, 1, 4, 3, 6, 2, 1, 1, 1, 1, 3, 2, 3, 1, 3, 2, 4, 2, 3, 3, 1, 1, 1, 2, 1, 2, 6, 2, 4, 6, 6, 1, 2, 5, 2, 5, 4, 1, 6, 3, 4, 4, 3, 6, 1]"
User-053,0,trace_0176,1788727943.4449203,streaming,29936,291,291,0,467,50.27851366996765,190.15158700942993,0.48232094254986996,0.0,0,True,,1788727753.2932484,1788727803.571762,1788727943.4448354,"[1788727803.571762, 1788727804.1557603, 1788727804.809174, 1788727805.4788284, 1788727806.185631, 1788727806.9248812, 1788727807.6881351, 1788727808.4841344, 1788727809.321335, 1788727810.0850837, 1788727810.7044644, 1788727811.3804076, 1788727812.0867095, 1788727812.818568, 1788727813.5780835, 1788727814.374784, 1788727815.1830761, 1788727816.0277212, 1788727816.9142864, 1788727817.8227825, 1788727818.758067, 1788727819.5378978, 1788727820.1477158, 1788727820.8094094, 1788727821.5303326, 1788727822.250983, 1788727822.9414878, 1788727823.5492713, 1788727824.204285, 1788727824.8920698, 1788727825.6071322, 1788727826.3567345, 1788727827.129542, 1788727827.8828027, 1788727828.482521, 1788727829.1316617, 1788727829.8156714, 1788727830.5232568, 1788727831.263823, 1788727832.0320678, 1788727832.7698536, 1788727833.3725467, 1788727834.0245085, 1788727834.7198293, 1788727835.4333622, 1788727836.1914675, 1788727836.8723378, 1788727837.4810078, 1788727838.1399035, 1788727838.832607, 1788727839.5552013, 1788727840.305966, 1788727841.0853236, 1788727841.8973296, 1788727842.531122, 1788727843.1479928, 1788727843.8286536, 1788727844.519961, 1788727845.2509363, 1788727846.0112293, 1788727846.8011873, 1788727847.6235418, 1788727848.476223, 1788727849.3623865, 1788727850.2581003, 1788727850.8433347, 1788727851.4903066, 1788727852.1664784, 1788727852.8744745, 1788727853.6329823, 1788727854.2256436, 1788727854.8755634, 1788727855.5496857, 1788727856.2722611, 1788727857.0143695, 1788727857.7842948, 1788727858.585675, 1788727859.4331708, 1788727860.2859297, 1788727861.1750512, 1788727861.8296154, 1788727862.4398043, 1788727863.1116586, 1788727863.812305, 1788727864.54353, 1788727865.301774, 1788727866.0901477, 1788727866.911368, 1788727867.6660373, 1788727868.2792656, 1788727868.9603467, 1788727869.6579742, 1788727870.3893168, 1788727871.1454923, 1788727871.9349215, 1788727872.7500665, 1788727873.595106, 1788727874.3405707, 1788727874.9451582, 1788727875.60538, 1788727876.2954013, 1788727877.013921, 1788727877.7715745, 1788727878.5431688, 1788727879.3711846, 1788727880.2264519, 1788727881.114973, 1788727882.0161839, 1788727882.9628778, 1788727883.9396334, 1788727884.6308084, 1788727885.2403288, 1788727885.8697412, 1788727886.506993, 1788727887.1873252, 1788727887.8812141, 1788727888.6117547, 1788727889.366869, 1788727890.1514466, 1788727890.966746, 1788727891.811213, 1788727892.5412745, 1788727893.1441631, 1788727893.8028815, 1788727894.494263, 1788727895.2156305, 1788727895.9701495, 1788727896.6554637, 1788727897.2806845, 1788727897.9592185, 1788727898.6662781, 1788727899.343282, 1788727899.9557607, 1788727900.6168194, 1788727901.3059766, 1788727902.026221, 1788727902.7803872, 1788727903.5554957, 1788727904.3638778, 1788727905.209698, 1788727906.095986, 1788727906.9993258, 1788727907.9490366, 1788727908.5401304, 1788727909.2040899, 1788727909.8964775, 1788727910.618646, 1788727911.3791995, 1788727912.1470265, 1788727912.9577217, 1788727913.687889, 1788727914.289623, 1788727914.9491928, 1788727915.6375656, 1788727916.3553698, 1788727917.1050348, 1788727917.8972096, 1788727918.6983204, 1788727919.5513499, 1788727920.42949, 1788727921.337549, 1788727922.275151, 1788727923.2438447, 1788727924.0610533, 1788727924.6482785, 1788727925.309866, 1788727926.0051785, 1788727926.7245927, 1788727927.4796424, 1788727928.2726357, 1788727929.0991192, 1788727929.9525588, 1788727930.8365195, 1788727931.753934, 1788727932.3346155, 1788727932.982285, 1788727933.6685972, 1788727934.3890707, 1788727935.1754239, 1788727935.9200892, 1788727936.7267385, 1788727937.5656714, 1788727938.43109, 1788727939.3317707, 1788727939.9174662, 1788727940.5602894, 1788727941.2333086, 1788727941.9382825, 1788727942.6753347, 1788727943.4442012]","[1, 1, 1, 1, 3, 2, 1, 2, 2, 1, 3, 2, 2, 1, 1, 2, 3, 1, 2, 1, 2, 1, 1, 2, 1, 2, 2, 2, 2, 2, 1, 1, 1, 1, 1, 1, 2, 1, 1, 2, 1, 1, 1, 1, 1, 1, 1, 4, 2, 1, 1, 1, 2, 1, 1, 2, 2, 1, 4, 1, 2, 3, 1, 1, 2, 1, 2, 3, 1, 2, 3, 2, 1, 1, 3, 1, 2, 1, 2, 2, 2, 1, 1, 1, 1, 1, 2, 2, 1, 2, 1, 3, 2, 1, 3, 1, 1, 1, 1, 2, 1, 1, 2, 3, 2, 1, 1, 1, 1, 1, 4, 1, 1, 2, 1, 1, 2, 2, 1, 3, 3, 1, 1, 1, 1, 1, 3, 1, 1, 1, 1, 3, 1, 1, 1, 1, 1, 1, 3, 1, 3, 2, 1, 3, 3, 1, 1, 1, 1, 1, 1, 2, 1, 2, 1, 2, 1, 1, 1, 1, 3, 1, 1, 1, 1, 1, 3, 1, 1, 2, 2, 3, 1, 1, 1, 1, 1, 2, 2, 1, 1, 1, 2, 2, 1, 1, 1, 1, 1, 2]"
User-056,0,trace_0590,1788727958.292003,streaming,18127,103,103,0,282,90.45854759216309,135.0635826587677,0.4373042653588688,0.0,0,True,,1788727823.228319,1788727913.6868665,1788727958.2919016,"[1788727913.6868665, 1788727914.2885976, 1788727914.948193, 1788727915.6365395, 1788727916.3543422, 1788727917.104035, 1788727917.8961816, 1788727918.6972916, 1788727919.5500848, 1788727920.4284835, 1788727921.336541, 1788727922.2740898, 1788727923.2428339, 1788727924.060037, 1788727924.6472712, 1788727925.3088565, 1788727926.0041695, 1788727926.723572, 1788727927.4786143, 1788727928.2716155, 1788727929.0981047, 1788727929.9518085, 1788727930.835437, 1788727931.7528968, 1788727932.3336077, 1788727932.981268, 1788727933.6675835, 1788727934.3880622, 1788727935.1749115, 1788727935.9191034, 1788727936.7257357, 1788727937.5646064, 1788727938.430067, 1788727939.3307412, 1788727939.9164634, 1788727940.5592837, 1788727941.2323098, 1788727941.9372106, 1788727942.6742556, 1788727943.443181, 1788727944.2262602, 1788727945.0642197, 1788727945.786458, 1788727946.392665, 1788727947.0503283, 1788727947.7418287, 1788727948.465941, 1788727949.2162793, 1788727949.997996, 1788727950.8073845, 1788727951.459282, 1788727952.0715878, 1788727952.7384686, 1788727953.438681, 1788727954.1691453, 1788727954.9259796, 1788727955.5598352, 1788727956.1830533, 1788727956.8492718, 1788727957.551246, 1788727958.290123]","[1, 1, 1, 2, 2, 1, 2, 3, 1, 1, 1, 1, 2, 2, 4, 2, 2, 2, 2, 1, 2, 1, 3, 2, 1, 2, 1, 3, 1, 1, 4, 3, 3, 3, 1, 1, 1, 2, 1, 1, 2, 1, 1, 1, 1, 1, 1, 1, 1, 3, 1, 1, 1, 2, 2, 2, 1, 3, 1, 3, 2]"
User-051,0,trace_0167,1788727978.0044613,streaming,13714,479,479,0,213,74.80844235420227,280.3586320877075,0.43002131743411137,0.0,0,True,,1788727697.645732,1788727772.4541743,1788727978.004364,"[1788727772.4541743, 1788727773.0552163, 1788727773.703733, 1788727774.3811052, 1788727775.0895088, 1788727775.8295767, 1788727776.5958886, 1788727777.3956265, 1788727778.235142, 1788727779.0996065, 1788727779.888844, 1788727780.5059326, 1788727781.1798873, 1788727781.882334, 1788727782.6176357, 1788727783.3760548, 1788727784.165542, 1788727784.9654937, 1788727785.5599158, 1788727786.213187, 1788727786.9017174, 1788727787.6303337, 1788727788.4415178, 1788727789.1505718, 1788727789.8834732, 1788727790.4872043, 1788727791.1424527, 1788727791.8260736, 1788727792.540352, 1788727793.2845342, 1788727793.97098, 1788727794.580324, 1788727795.24204, 1788727795.9397786, 1788727796.6773205, 1788727797.4327695, 1788727798.2261055, 1788727799.052996, 1788727799.905015, 1788727800.7962801, 1788727801.6982625, 1788727802.6378818, 1788727803.569554, 1788727804.1539912, 1788727804.8053982, 1788727805.477035, 1788727806.1838894, 1788727806.9229383, 1788727807.6862772, 1788727808.482352, 1788727809.3195515, 1788727810.083244, 1788727810.702642, 1788727811.378631, 1788727812.084987, 1788727812.816826, 1788727813.5761156, 1788727814.372968, 1788727815.180796, 1788727816.0255494, 1788727816.9122708, 1788727817.8208685, 1788727818.7559314, 1788727819.5357819, 1788727820.1452138, 1788727820.8081114, 1788727821.5297306, 1788727822.2493174, 1788727822.9402413, 1788727823.5478709, 1788727824.2023542, 1788727824.890181, 1788727825.6055315, 1788727826.355227, 1788727827.1278083, 1788727827.8813825, 1788727828.4810731, 1788727829.1300907, 1788727829.8143017, 1788727830.5216584, 1788727831.262228, 1788727832.0304992, 1788727832.7684069, 1788727833.3709884, 1788727834.0233023, 1788727834.718264, 1788727835.4318054, 1788727836.1898117, 1788727836.87112, 1788727837.4794734, 1788727838.1383743, 1788727838.8309736, 1788727839.5536034, 1788727840.304456, 1788727841.083798, 1788727841.8957844, 1788727842.5288796, 1788727843.14584, 1788727843.8277278, 1788727844.5177405, 1788727845.2488108, 1788727846.0090992, 1788727846.7993872, 1788727847.621763, 1788727848.4740157, 1788727849.360216, 1788727850.2559006, 1788727850.8410819, 1788727851.48816, 1788727852.1644554, 1788727852.8725042, 1788727853.6308913, 1788727854.2234933, 1788727854.8733854, 1788727855.5412552, 1788727856.2637408, 1788727857.005793, 1788727857.7758107, 1788727858.5771961, 1788727859.4193864, 1788727860.2780128, 1788727861.167528, 1788727861.8211448, 1788727862.4317963, 1788727863.1035674, 1788727863.8042233, 1788727864.5354645, 1788727865.293716, 1788727866.0814245, 1788727866.9033432, 1788727867.656803, 1788727868.2712502, 1788727868.9517565, 1788727869.650324, 1788727870.3812394, 1788727871.137886, 1788727871.9264195, 1788727872.7426357, 1788727873.5877173, 1788727874.3325202, 1788727874.9370737, 1788727875.5969896, 1788727876.2854834, 1788727877.0068667, 1788727877.7631066, 1788727878.5351894, 1788727879.3637016, 1788727880.2188187, 1788727881.106647, 1788727882.008525, 1788727882.955764, 1788727883.931428, 1788727884.622487, 1788727885.2319996, 1788727885.861516, 1788727886.4988601, 1788727887.1789455, 1788727887.8738558, 1788727888.6044164, 1788727889.359423, 1788727890.14373, 1788727890.9592912, 1788727891.803577, 1788727892.5268853, 1788727893.1363127, 1788727893.7945826, 1788727894.4861498, 1788727895.2075539, 1788727895.961948, 1788727896.6459668, 1788727897.2728045, 1788727897.951041, 1788727898.6579168, 1788727899.3344572, 1788727899.9475565, 1788727900.6081445, 1788727901.297237, 1788727902.017512, 1788727902.7702935, 1788727903.5463789, 1788727904.3553982, 1788727905.2007055, 1788727906.0834477, 1788727906.990871, 1788727907.9392738, 1788727908.5317094, 1788727909.1957266, 1788727909.8878763, 1788727910.6101396, 1788727911.3708644, 1788727912.138942, 1788727912.9471056, 1788727913.6789875, 1788727914.2811718, 1788727914.9407814, 1788727915.6294746, 1788727916.3472989, 1788727917.0966518, 1788727917.8879118, 1788727918.6909633, 1788727919.5433712, 1788727920.4220443, 1788727921.3297782, 1788727922.2673247, 1788727923.2369077, 1788727924.0526884, 1788727924.6403906, 1788727925.3001556, 1788727925.99693, 1788727926.7167442, 1788727927.4727647, 1788727928.265757, 1788727929.0922303, 1788727929.9462593, 1788727930.8293524, 1788727931.7456825, 1788727932.3271785, 1788727932.9743452, 1788727933.6618357, 1788727934.3822405, 1788727935.1720383, 1788727935.9126241, 1788727936.7199106, 1788727937.55655, 1788727938.424464, 1788727939.3241255, 1788727939.9101362, 1788727940.5528646, 1788727941.2259464, 1788727941.9304998, 1788727942.6693707, 1788727943.4373581, 1788727944.2207336, 1788727945.058877, 1788727945.7803369, 1788727946.384875, 1788727947.0447702, 1788727947.7360322, 1788727948.4593093, 1788727949.2104437, 1788727949.989564, 1788727950.8013933, 1788727951.452367, 1788727952.0650656, 1788727952.732009, 1788727953.4322045, 1788727954.162935, 1788727954.919449, 1788727955.5525515, 1788727956.1728597, 1788727956.842894, 1788727957.544188, 1788727958.2832963, 1788727959.0364041, 1788727959.8441744, 1788727960.5252016, 1788727961.1372492, 1788727961.8020518, 1788727962.4980996, 1788727963.2277706, 1788727963.9814572, 1788727964.7643995, 1788727965.5801904, 1788727966.42905, 1788727967.3126748, 1788727968.228375, 1788727969.1723206, 1788727969.8833232, 1788727970.4857786, 1788727971.15344, 1788727971.8493073, 1788727972.581292, 1788727973.2741964, 1788727973.883363, 1788727974.541881, 1788727975.2294152, 1788727975.9501681, 1788727976.7002192, 1788727977.376385, 1788727977.9957864]","[1, 1, 3, 2, 1, 2, 3, 2, 1, 1, 4, 3, 1, 1, 2, 2, 2, 2, 1, 1, 2, 1, 1, 1, 1, 1, 1, 1, 2, 2, 1, 1, 1, 2, 3, 1, 2, 2, 1, 1, 1, 1, 2, 1, 1, 1, 1, 1, 2, 1, 1, 1, 3, 2, 2, 1, 1, 1, 1, 1, 2, 2, 2, 1, 1, 2, 2, 1, 1, 2, 2, 1, 2, 1, 3, 2, 2, 2, 2, 1, 3, 2, 2, 3, 1, 1, 2, 2, 2, 1, 1, 2, 4, 1, 1, 2, 1, 3, 3, 3, 1, 1, 2, 1, 1, 1, 3, 1, 2, 1, 1, 2, 1, 1, 2, 3, 2, 1, 1, 1, 1, 1, 3, 1, 4, 3, 1, 1, 2, 1, 1, 1, 2, 1, 2, 2, 1, 1, 1, 1, 1, 2, 1, 2, 2, 2, 1, 2, 1, 3, 1, 1, 1, 3, 1, 2, 3, 1, 1, 2, 5, 2, 2, 2, 1, 1, 2, 2, 2, 1, 1, 1, 2, 2, 1, 1, 2, 1, 2, 2, 2, 1, 1, 1, 2, 1, 1, 1, 1, 4, 4, 1, 1, 1, 3, 1, 1, 1, 1, 1, 2, 1, 1, 1, 2, 2, 1, 2, 1, 3, 1, 1, 1, 2, 1, 2, 2, 4, 5, 1, 2, 2, 3, 2, 4, 4, 1, 1, 1, 1, 3, 1, 6, 1, 2, 2, 1, 2, 3, 1, 1, 1, 2, 1, 2, 5, 1, 2, 1, 1, 1, 5, 1, 3, 5, 3, 3, 1, 1, 1, 3, 1, 1, 2, 2, 1, 1, 2, 1, 4, 1, 1, 2, 2, 1, 1, 5, 2, 2, 2]"
User-040,0,trace_0278,1788727993.3090525,streaming,19520,1035,1032,0,304,197.56870198249817,587.5986313819885,0.3783025503389819,0.0,0,True,,1788727405.7102642,1788727603.2789662,1788727993.3088956,"[1788727603.2789662, 1788727603.8794858, 1788727604.5339875, 1788727605.2189705, 1788727605.9366002, 1788727606.687042, 1788727607.4636714, 1788727608.2701476, 1788727608.961838, 1788727609.5754867, 1788727610.248628, 1788727610.9585192, 1788727611.706341, 1788727612.4658735, 1788727613.261083, 1788727613.9078016, 1788727614.5298007, 1788727615.2028472, 1788727615.900616, 1788727616.6378088, 1788727617.4457095, 1788727618.186891, 1788727619.0183609, 1788727619.790539, 1788727620.3954942, 1788727621.052654, 1788727621.7367444, 1788727622.4540012, 1788727623.2041218, 1788727623.9821305, 1788727624.790931, 1788727625.6373122, 1788727626.504386, 1788727627.4122663, 1788727628.3460262, 1788727629.3093317, 1788727629.9960175, 1788727630.6011415, 1788727631.2737997, 1788727631.973937, 1788727632.7063253, 1788727633.47095, 1788727634.2570467, 1788727635.0773017, 1788727635.949164, 1788727636.5421267, 1788727637.1905863, 1788727637.8683975, 1788727638.5746691, 1788727639.3155985, 1788727640.088093, 1788727640.878927, 1788727641.70492, 1788727642.566335, 1788727643.4609675, 1788727644.3854184, 1788727645.341959, 1788727646.1899116, 1788727646.7967744, 1788727647.4654295, 1788727648.1846216, 1788727648.9047801, 1788727649.663175, 1788727650.4654105, 1788727651.0695722, 1788727651.7363434, 1788727652.4287558, 1788727653.1521661, 1788727653.9029467, 1788727654.6854446, 1788727655.400525, 1788727656.0111756, 1788727656.6707418, 1788727657.358364, 1788727658.0799098, 1788727658.8332834, 1788727659.609474, 1788727660.4182277, 1788727661.2326922, 1788727661.8323667, 1788727662.4901884, 1788727663.167014, 1788727663.8788645, 1788727664.6260083, 1788727665.3938322, 1788727666.1951663, 1788727667.0287752, 1788727667.8927424, 1788727668.7943795, 1788727669.7215483, 1788727670.6773465, 1788727671.328591, 1788727671.9429483, 1788727672.6219394, 1788727673.327774, 1788727674.0663795, 1788727674.8330247, 1788727675.630738, 1788727676.4574568, 1788727677.3140483, 1788727678.210595, 1788727678.9313903, 1788727679.5517883, 1788727680.2343202, 1788727680.943446, 1788727681.6893282, 1788727682.4501834, 1788727683.287076, 1788727684.0755517, 1788727684.8961086, 1788727685.4826744, 1788727686.135705, 1788727686.819122, 1788727687.5311193, 1788727688.2768927, 1788727689.049086, 1788727689.8493884, 1788727690.6947675, 1788727691.563428, 1788727692.4628236, 1788727693.3925166, 1788727694.2336602, 1788727694.8229225, 1788727695.4832, 1788727696.1714513, 1788727696.9004502, 1788727697.5913675, 1788727698.2171838, 1788727698.891403, 1788727699.5935638, 1788727700.3260562, 1788727701.084961, 1788727701.7776644, 1788727702.39401, 1788727703.0610163, 1788727703.7541468, 1788727704.4823382, 1788727705.2385447, 1788727706.0228782, 1788727706.7383726, 1788727707.348538, 1788727708.0115442, 1788727708.7035418, 1788727709.4311175, 1788727710.1859345, 1788727710.9669847, 1788727711.777762, 1788727712.5949929, 1788727713.1960495, 1788727713.8483386, 1788727714.5316803, 1788727715.2435918, 1788727715.9799984, 1788727716.5859666, 1788727717.2387183, 1788727717.9209638, 1788727718.6326196, 1788727719.3509336, 1788727719.9632869, 1788727720.6184976, 1788727721.304051, 1788727722.0170257, 1788727722.76251, 1788727723.534727, 1788727724.3405185, 1788727725.1782126, 1788727726.040042, 1788727726.9254034, 1788727727.5297434, 1788727728.1930432, 1788727728.8921216, 1788727729.619207, 1788727730.3726108, 1788727731.1525679, 1788727731.9582417, 1788727732.7424335, 1788727733.3485765, 1788727734.0114326, 1788727734.7000933, 1788727735.4162529, 1788727736.1698263, 1788727736.944679, 1788727737.750377, 1788727738.5873914, 1788727739.401539, 1788727740.0071385, 1788727740.6685686, 1788727741.3589826, 1788727742.072503, 1788727742.8252542, 1788727743.6092703, 1788727744.4127588, 1788727745.2476513, 1788727746.1273267, 1788727747.0552056, 1788727747.9642975, 1788727748.9259002, 1788727749.7997355, 1788727750.4134812, 1788727751.087445, 1788727751.8024402, 1788727752.5247805, 1788727753.3012326, 1788727754.0778742, 1788727754.8867178, 1788727755.7342541, 1788727756.6155922, 1788727757.247874, 1788727757.886385, 1788727758.5833254, 1788727759.3011496, 1788727760.0305533, 1788727760.8047588, 1788727761.6108546, 1788727762.396343, 1788727762.9789147, 1788727763.6258595, 1788727764.3344152, 1788727765.0572991, 1788727765.8209407, 1788727766.6032665, 1788727767.4185922, 1788727768.2881444, 1788727768.929491, 1788727769.5593529, 1788727770.243465, 1788727770.9565694, 1788727771.702341, 1788727773.0623944, 1788727774.3885102, 1788727775.098496, 1788727775.8370337, 1788727776.603243, 1788727777.4034553, 1788727778.242951, 1788727779.1072626, 1788727779.8959181, 1788727780.512957, 1788727781.1867728, 1788727781.8893313, 1788727782.624882, 1788727783.3829534, 1788727784.1724885, 1788727784.9726982, 1788727785.5690577, 1788727786.221277, 1788727786.9089808, 1788727787.6375878, 1788727788.444588, 1788727789.156971, 1788727789.890419, 1788727790.494044, 1788727791.1495833, 1788727791.8328657, 1788727792.5473979, 1788727793.2914002, 1788727793.9783158, 1788727794.587691, 1788727795.249456, 1788727795.9475753, 1788727796.6844609, 1788727797.4394786, 1788727798.2325315, 1788727799.0560327, 1788727799.911497, 1788727800.8030758, 1788727801.704121, 1788727802.643834, 1788727803.5761845, 1788727804.160353, 1788727804.814022, 1788727805.4834507, 1788727806.1903138, 1788727806.929726, 1788727807.6929126, 1788727808.488716, 1788727809.3282304, 1788727810.089903, 1788727810.7091503, 1788727811.3850443, 1788727812.0913198, 1788727812.8232856, 1788727813.585575, 1788727814.380316, 1788727815.187535, 1788727816.0319245, 1788727816.9186773, 1788727817.8277304, 1788727818.762584, 1788727819.542973, 1788727820.1557667, 1788727820.8136432, 1788727821.5323577, 1788727822.2551644, 1788727822.9465446, 1788727823.5538845, 1788727824.2105677, 1788727824.8973207, 1788727825.617461, 1788727826.3611243, 1788727827.1346533, 1788727827.8881116, 1788727828.4881418, 1788727829.136817, 1788727829.8209307, 1788727830.528558, 1788727831.2691002, 1788727832.03739, 1788727832.7761288, 1788727833.3783123, 1788727834.0303075, 1788727834.726014, 1788727835.4381585, 1788727836.1991756, 1788727836.8781345, 1788727837.486327, 1788727838.145215, 1788727838.83794, 1788727839.5605645, 1788727840.3112237, 1788727841.0910227, 1788727841.9025776, 1788727842.5360081, 1788727843.155901, 1788727843.8313217, 1788727844.5252202, 1788727845.2562234, 1788727846.0165186, 1788727846.806541, 1788727847.6288855, 1788727848.4816432, 1788727849.3678794, 1788727850.2642598, 1788727850.8493752, 1788727851.4961367, 1788727852.1723788, 1788727852.8819897, 1788727853.6401646, 1788727854.2320943, 1788727854.8819594, 1788727855.549174, 1788727856.2717574, 1788727857.01387, 1788727857.7837954, 1788727858.5851715, 1788727859.432738, 1788727860.2854214, 1788727861.17454, 1788727861.8291202, 1788727862.4393063, 1788727863.1111562, 1788727863.8118033, 1788727864.5430226, 1788727865.3012695, 1788727866.089625, 1788727866.9108593, 1788727867.6655376, 1788727868.2787602, 1788727868.959779, 1788727869.657458, 1788727870.3887882, 1788727871.1449797, 1788727871.934381, 1788727872.7495685, 1788727873.5945961, 1788727874.3401794, 1788727874.9446592, 1788727875.604869, 1788727876.2951665, 1788727877.013537, 1788727877.771072, 1788727878.54263, 1788727879.3706698, 1788727880.2257736, 1788727881.1144445, 1788727882.0157793, 1788727882.962358, 1788727883.9391055, 1788727884.630287, 1788727885.2398233, 1788727885.8692424, 1788727886.5064583, 1788727887.1868005, 1788727887.8807106, 1788727888.6112456, 1788727889.3663523, 1788727890.1509423, 1788727890.96621, 1788727891.8107, 1788727892.5407386, 1788727893.1436453, 1788727893.8023522, 1788727894.4937518, 1788727895.2151198, 1788727895.969619, 1788727896.6549547, 1788727897.2801826, 1788727897.9586968, 1788727898.6657736, 1788727899.3427691, 1788727899.955256, 1788727900.616313, 1788727901.3054647, 1788727902.0257127, 1788727902.7798333, 1788727903.5549717, 1788727904.3633695, 1788727905.209035, 1788727906.0954623, 1788727906.998786, 1788727907.9485314, 1788727908.5396206, 1788727909.203591, 1788727909.8959634, 1788727910.6181338, 1788727911.3787916, 1788727912.1465077, 1788727912.9571817, 1788727913.6873846, 1788727914.2891057, 1788727914.9486895, 1788727915.6370556, 1788727916.3548615, 1788727917.1045325, 1788727917.8966978, 1788727918.6978161, 1788727919.5508165, 1788727920.4289846, 1788727921.337045, 1788727922.2746093, 1788727923.2433453, 1788727924.0605435, 1788727924.6477778, 1788727925.30936, 1788727926.0046778, 1788727926.7240825, 1788727927.4791365, 1788727928.27213, 1788727929.0986063, 1788727929.9521844, 1788727930.835981, 1788727931.7534127, 1788727932.3341117, 1788727932.9817789, 1788727933.6680923, 1788727934.3885756, 1788727935.175165, 1788727935.9195964, 1788727936.7262378, 1788727937.5651402, 1788727938.4305766, 1788727939.3312588, 1788727939.9169674, 1788727940.5597882, 1788727941.2328067, 1788727941.937762, 1788727942.6748016, 1788727943.4436848, 1788727944.226779, 1788727945.064721, 1788727945.7869985, 1788727946.3932774, 1788727947.050834, 1788727947.7423334, 1788727948.4664602, 1788727949.2167754, 1788727949.9984941, 1788727950.8079727, 1788727951.4598098, 1788727952.072102, 1788727952.7389846, 1788727953.4392056, 1788727954.1696587, 1788727954.9264884, 1788727955.5602198, 1788727956.183608, 1788727956.8497717, 1788727957.5517502, 1788727958.2909398, 1788727959.0434542, 1788727959.8512874, 1788727960.532821, 1788727961.1448421, 1788727961.8095608, 1788727962.5094268, 1788727963.2350523, 1788727963.9884984, 1788727964.771779, 1788727965.587513, 1788727966.4370353, 1788727967.3196652, 1788727968.236549, 1788727969.1804378, 1788727969.8917956, 1788727970.4939833, 1788727971.1609552, 1788727971.8572783, 1788727972.5874064, 1788727973.2829394, 1788727973.893201, 1788727974.5502045, 1788727975.2383025, 1788727975.958703, 1788727976.7087688, 1788727977.3850946, 1788727978.009173, 1788727978.6634173, 1788727979.3738475, 1788727980.1157784, 1788727980.885094, 1788727981.6864738, 1788727982.511349, 1788727983.1911123, 1788727983.8075, 1788727984.4754844, 1788727985.171912, 1788727985.9005783, 1788727986.6597297, 1788727987.446548, 1788727988.2615826, 1788727989.1197717, 1788727990.0071502, 1788727990.9217758, 1788727991.8645794, 1788727992.7034085, 1788727993.3081746]","[1, 1, 1, 2, 2, 1, 2, 3, 3, 1, 2, 1, 1, 1, 2, 1, 2, 2, 2, 2, 1, 2, 2, 3, 2, 1, 1, 2, 3, 3, 2, 2, 3, 2, 2, 1, 2, 2, 2, 2, 2, 1, 1, 1, 2, 1, 3, 2, 1, 1, 1, 2, 1, 1, 3, 2, 1, 4, 1, 1, 1, 3, 2, 2, 2, 1, 1, 3, 1, 1, 2, 2, 2, 3, 1, 2, 2, 1, 2, 2, 4, 1, 1, 2, 1, 1, 4, 2, 2, 2, 2, 1, 1, 4, 1, 3, 1, 1, 1, 2, 1, 4, 4, 2, 1, 3, 1, 1, 2, 1, 2, 1, 1, 6, 2, 2, 2, 1, 3, 2, 3, 1, 1, 1, 2, 3, 1, 1, 1, 1, 2, 2, 1, 4, 2, 1, 3, 1, 1, 1, 3, 2, 2, 1, 1, 2, 1, 2, 1, 1, 1, 1, 2, 2, 5, 2, 1, 2, 1, 1, 2, 1, 2, 3, 1, 1, 1, 1, 1, 2, 1, 1, 1, 1, 1, 1, 1, 2, 1, 4, 4, 2, 2, 1, 3, 1, 2, 1, 1, 3, 1, 2, 1, 2, 1, 1, 1, 1, 1, 1, 1, 3, 5, 2, 1, 1, 3, 1, 2, 2, 1, 1, 1, 1, 2, 1, 2, 1, 1, 2, 3, 2, 1, 4, 1, 3, 1, 1, 1, 1, 1, 1, 1, 1, 1, 2, 1, 1, 1, 3, 1, 1, 2, 2, 1, 1, 1, 3, 2, 2, 2, 1, 1, 1, 3, 1, 5, 1, 1, 4, 1, 5, 2, 4, 1, 5, 1, 1, 1, 3, 1, 5, 1, 1, 1, 3, 2, 1, 3, 1, 1, 1, 3, 1, 5, 1, 1, 1, 3, 1, 5, 1, 1, 4, 1, 5, 1, 1, 4, 1, 5, 1, 1, 1, 3, 1, 5, 1, 1, 1, 3, 2, 1, 3, 1, 1, 1, 3, 1, 5, 1, 1, 4, 1, 5, 1, 1, 4, 2, 1, 3, 1, 1, 4, 2, 4, 1, 1, 4, 1, 5, 1, 1, 1, 3, 2, 4, 1, 1, 2, 2, 1, 5, 2, 4, 2, 2, 2, 1, 1, 4, 2, 1, 3, 1, 1, 2, 2, 1, 5, 1, 1, 4, 1, 5, 1, 1, 4, 1, 5, 1, 1, 4, 2, 4, 1, 1, 4, 2, 4, 1, 1, 4, 2, 4, 1, 1, 4, 1, 5, 2, 4, 1, 5, 1, 1, 4, 2, 2, 2, 1, 1, 1, 3, 2, 4, 2, 4, 1, 5, 1, 1, 4, 2, 4, 1, 1, 4, 2, 4, 2, 4, 2, 2, 2, 1, 1, 4, 2, 2, 2, 1, 1, 4, 2, 2, 2, 1, 1, 4, 2, 4, 1, 1, 4, 2, 4, 1, 1, 4, 2, 4, 1, 1, 4, 2, 2, 2, 1, 1, 4, 2, 2, 2, 1, 1, 4, 2, 4, 1, 1, 1, 3, 2, 1, 3, 1, 1, 1, 3, 2, 1, 3, 1, 1, 4, 2, 4, 1, 1, 4, 2, 4, 2, 4, 2, 4, 2, 2, 2, 2, 2, 2, 1, 1, 4, 2, 2, 2, 1, 1, 4, 2, 2, 2, 1]"
User-055,0,trace_0449,1788727999.773914,streaming,14509,264,264,0,226,81.72532606124878,184.84946823120117,0.3921070044484882,0.0,0,True,,1788727814.9243648,1788727896.6496909,1788727999.773833,"[1788727896.6496909, 1788727897.2759879, 1788727897.9544144, 1788727898.6614199, 1788727899.3376925, 1788727899.9505439, 1788727900.6115065, 1788727901.300184, 1788727902.0204647, 1788727902.773601, 1788727903.5497713, 1788727904.3587675, 1788727905.2040267, 1788727906.0900447, 1788727906.9938376, 1788727907.9424539, 1788727908.5348334, 1788727909.198901, 1788727909.8912396, 1788727910.6134279, 1788727911.3748949, 1788727912.1413403, 1788727912.9495642, 1788727913.68167, 1788727914.2838192, 1788727914.9434657, 1788727915.6317794, 1788727916.3495932, 1788727917.0992873, 1788727917.8906984, 1788727918.6935515, 1788727919.546275, 1788727920.4246643, 1788727921.3324366, 1788727922.2698843, 1788727923.2392886, 1788727924.0564191, 1788727924.643536, 1788727925.305062, 1788727926.0001464, 1788727926.7200499, 1788727927.4759464, 1788727928.2689111, 1788727929.095388, 1788727929.949383, 1788727930.8325179, 1788727931.7493968, 1788727932.3303173, 1788727932.9776566, 1788727933.6648998, 1788727934.3854108, 1788727935.1735446, 1788727935.9162602, 1788727936.7231424, 1788727937.5616548, 1788727938.427457, 1788727939.327323, 1788727939.9132483, 1788727940.55612, 1788727941.2291534, 1788727941.9334807, 1788727942.6712124, 1788727943.440026, 1788727944.2235627, 1788727945.061552, 1788727945.7830203, 1788727946.387637, 1788727947.0471866, 1788727947.7386425, 1788727948.4625168, 1788727949.2131479, 1788727949.994782, 1788727950.8039696, 1788727951.4552553, 1788727952.067826, 1788727952.7346952, 1788727953.4349852, 1788727954.1654954, 1788727954.9221258, 1788727955.5553777, 1788727956.1784317, 1788727956.8452203, 1788727957.5469291, 1788727958.2858899, 1788727959.039185, 1788727959.8465903, 1788727960.5290422, 1788727961.140551, 1788727961.8053257, 1788727962.5013723, 1788727963.2307694, 1788727963.9843752, 1788727964.7673724, 1788727965.5832975, 1788727966.4322648, 1788727967.3155925, 1788727968.2318234, 1788727969.175669, 1788727969.8867214, 1788727970.4891205, 1788727971.1563118, 1788727971.8525527, 1788727972.5848305, 1788727973.278305, 1788727973.8870587, 1788727974.545576, 1788727975.2329888, 1788727975.9539893, 1788727976.7040727, 1788727977.3801346, 1788727978.0031645, 1788727978.6581433, 1788727979.3684528, 1788727980.1104188, 1788727980.879817, 1788727981.6782532, 1788727982.505972, 1788727983.184936, 1788727983.801744, 1788727984.4696279, 1788727985.16612, 1788727985.8947272, 1788727986.653646, 1788727987.4380388, 1788727988.255891, 1788727989.1139724, 1788727990.0015018, 1788727990.9160893, 1788727991.8586764, 1788727992.7003267, 1788727993.305117, 1788727993.9717991, 1788727994.6789758, 1788727995.417754, 1788727996.1811328, 1788727996.9738812, 1788727997.793969, 1788727998.4782448, 1788727999.0934162, 1788727999.7705457]","[1, 1, 1, 2, 2, 1, 2, 3, 3, 1, 2, 1, 1, 1, 3, 2, 2, 2, 2, 2, 1, 4, 1, 1, 2, 1, 1, 2, 3, 3, 2, 2, 2, 1, 2, 1, 1, 4, 3, 1, 1, 1, 2, 2, 1, 2, 1, 3, 2, 3, 2, 1, 2, 3, 3, 1, 2, 1, 1, 1, 1, 4, 1, 1, 2, 2, 1, 5, 1, 3, 1, 3, 1, 6, 2, 1, 1, 1, 1, 1, 2, 1, 4, 1, 5, 1, 1, 3, 2, 1, 2, 1, 1, 2, 1, 1, 1, 1, 1, 1, 1, 1, 5, 4, 2, 1, 2, 2, 1, 5, 4, 1, 2, 3, 1, 2, 2, 1, 4, 6, 2, 2, 1, 2, 2, 1, 1, 2, 1, 3, 1, 1, 4, 2, 1, 1, 1, 1, 2, 3]"
User-049,2,trace_0273,1788728025.0339289,streaming,18860,91,91,289,5,96.99338984489441,138.8372266292572,0.46493151982625325,10.0,0,True,,1788727886.196638,1788727983.190028,1788728025.0338647,"[1788727983.190028, 1788727983.8064759, 1788727984.4744442, 1788727985.170908, 1788727985.8995466, 1788727986.6587055, 1788727987.4453294, 1788727988.2605739, 1788727989.1187644, 1788727990.00614, 1788727990.920762, 1788727991.8635504, 1788727992.6940894, 1788727993.2988126, 1788727993.979527, 1788727994.683571, 1788727995.4217956, 1788727996.1859126, 1788727996.978562, 1788727997.7987168, 1788727998.4725425, 1788727999.0874717, 1788727999.7645662, 1788728000.465364, 1788728001.2095168, 1788728001.9810197, 1788728002.7808278, 1788728003.6114771, 1788728004.2954538, 1788728004.9164562, 1788728005.5881627, 1788728006.3183374, 1788728007.035671, 1788728007.804538, 1788728008.577676, 1788728009.405587, 1788728010.273994, 1788728011.1534646, 1788728012.0765898, 1788728013.013458, 1788728013.9966123, 1788728014.6555989, 1788728015.2967231, 1788728015.9844537, 1788728016.721021, 1788728017.4603782, 1788728018.2362146, 1788728019.0427678, 1788728019.8783076, 1788728020.7514782, 1788728021.6382122, 1788728022.327996, 1788728022.9368343, 1788728023.6001112, 1788728024.2940266, 1788728025.030992]","[1, 1, 1, 2, 1, 1, 1, 1, 1, 1, 1, 1, 2, 2, 1, 2, 2, 1, 1, 3, 2, 2, 2, 1, 2, 1, 1, 2, 2, 1, 3, 1, 1, 1, 2, 1, 1, 1, 1, 1, 3, 1, 2, 3, 2, 1, 3, 1, 1, 2, 5, 1, 3, 2, 1, 4]"
User-034,2,trace_0164,1788728010.2759526,streaming,18770,162,162,281,11,92.60708332061768,151.42472076416016,0.365326940643121,14.0,0,True,,1788727858.8511412,1788727951.4582245,1788728010.275862,"[1788727951.4582245, 1788727952.0705533, 1788727952.737428, 1788727953.4376528, 1788727954.1681385, 1788727954.9249363, 1788727955.5579715, 1788727956.181394, 1788727956.8477585, 1788727957.5496905, 1788727958.2885325, 1788727959.0418885, 1788727959.8497005, 1788727960.5316572, 1788727961.1432698, 1788727961.808047, 1788727962.5078385, 1788727963.2335076, 1788727963.9869847, 1788727964.7702067, 1788727965.5859983, 1788727966.4350748, 1788727967.318134, 1788727968.2350113, 1788727969.1788573, 1788727969.889312, 1788727970.4919367, 1788727971.1589413, 1788727971.8552434, 1788727972.586356, 1788727973.2808928, 1788727973.8911455, 1788727974.5481915, 1788727975.2362175, 1788727975.9567213, 1788727976.7067509, 1788727977.3827016, 1788727978.0065162, 1788727978.6607964, 1788727979.371242, 1788727980.1131904, 1788727980.882516, 1788727981.681042, 1788727982.5087647, 1788727983.1875114, 1788727983.8044393, 1788727984.4723632, 1788727985.1688766, 1788727985.8974977, 1788727986.6566944, 1788727987.4407597, 1788727988.258501, 1788727989.1167216, 1788727990.0041122, 1788727990.9187403, 1788727991.8614805, 1788727992.7019372, 1788727993.3066142, 1788727993.9745352, 1788727994.6815279, 1788727995.420261, 1788727996.183851, 1788727996.9764748, 1788727997.796704, 1788727998.479856, 1788727999.0949533, 1788727999.772399, 1788728000.460719, 1788728001.2051582, 1788728001.9766676, 1788728002.7766008, 1788728003.6071773, 1788728004.3023078, 1788728004.9241974, 1788728005.5838857, 1788728006.3135495, 1788728007.0324693, 1788728007.800933, 1788728008.5751076, 1788728009.4030647, 1788728010.270959]","[1, 2, 2, 3, 1, 3, 2, 3, 2, 2, 1, 1, 2, 2, 2, 2, 1, 2, 1, 4, 1, 2, 3, 2, 1, 1, 3, 2, 2, 2, 2, 2, 2, 2, 2, 1, 3, 1, 5, 4, 3, 1, 3, 3, 1, 1, 4, 2, 1, 1, 4, 6, 1, 5, 3, 2, 1, 1, 3, 1, 1, 1, 1, 1, 1, 1, 1, 3, 1, 5, 2, 1, 1, 2, 1, 2, 2, 2, 1, 2, 1]"
User-050,1,trace_0243,1788728044.3938043,streaming,24170,287,287,345,32,110.9818480014801,216.046245098114,0.3673580318064123,12.0,0,True,,1788727828.3473427,1788727939.3291907,1788728044.3935878,"[1788727939.3291907, 1788727939.914901, 1788727940.5577564, 1788727941.2307837, 1788727941.9352124, 1788727942.67265, 1788727943.441556, 1788727944.2252288, 1788727945.0631306, 1788727945.7845612, 1788727946.3893065, 1788727947.0487928, 1788727947.740206, 1788727948.4643168, 1788727949.214662, 1788727949.9963586, 1788727950.8057096, 1788727951.4568686, 1788727952.0693946, 1788727952.7362716, 1788727953.4365542, 1788727954.1670566, 1788727954.9238136, 1788727955.556957, 1788727956.180301, 1788727956.8467534, 1788727957.5485697, 1788727958.287439, 1788727959.0407512, 1788727959.8484805, 1788727960.5305905, 1788727961.1422246, 1788727961.8069181, 1788727962.5065832, 1788727963.2324874, 1788727963.9859693, 1788727964.769187, 1788727965.5849752, 1788727966.4338784, 1788727967.3171105, 1788727968.233947, 1788727969.1777794, 1788727969.8882918, 1788727970.4909244, 1788727971.1579404, 1788727971.8542087, 1788727972.5857644, 1788727973.2798684, 1788727973.8886986, 1788727974.5471985, 1788727975.2350378, 1788727975.9556756, 1788727976.705733, 1788727977.3816946, 1788727978.0054562, 1788727978.6597598, 1788727979.3700497, 1788727980.1121686, 1788727980.8813922, 1788727981.6799977, 1788727982.507718, 1788727983.186479, 1788727983.803304, 1788727984.4713225, 1788727985.167837, 1788727985.8963137, 1788727986.6555111, 1788727987.4397461, 1788727988.2574732, 1788727989.1155608, 1788727990.00309, 1788727990.9176655, 1788727991.8602426, 1788727992.7008584, 1788727993.3056192, 1788727993.9734728, 1788727994.680449, 1788727995.4193702, 1788727996.1826906, 1788727996.975445, 1788727997.7956564, 1788727998.4787812, 1788727999.0939372, 1788727999.7713513, 1788728000.4625218, 1788728001.2068324, 1788728001.9783812, 1788728002.7781549, 1788728003.608853, 1788728004.3019328, 1788728004.9236755, 1788728005.585559, 1788728006.3152921, 1788728007.0341032, 1788728007.8029938, 1788728008.576144, 1788728009.4040868, 1788728010.272456, 1788728011.1524277, 1788728012.0755591, 1788728013.0123413, 1788728013.9953897, 1788728014.654832, 1788728015.2941709, 1788728015.983336, 1788728016.7199106, 1788728017.45928, 1788728018.2351792, 1788728019.0416374, 1788728019.8772635, 1788728020.7502787, 1788728021.637141, 1788728022.3269563, 1788728022.935758, 1788728023.5990613, 1788728024.2932472, 1788728025.0298817, 1788728025.7812521, 1788728026.5817463, 1788728027.4140558, 1788728028.273859, 1788728028.9616075, 1788728029.5652266, 1788728030.2502615, 1788728030.9622488, 1788728031.7068732, 1788728032.479367, 1788728033.2827222, 1788728034.1150997, 1788728034.9778507, 1788728035.8686676, 1788728036.641694, 1788728037.2501085, 1788728037.920112, 1788728038.6275394, 1788728039.362205, 1788728040.1340609, 1788728040.9140701, 1788728041.7348914, 1788728042.585804, 1788728043.4664638, 1788728044.3904934]","[1, 2, 2, 1, 3, 2, 1, 1, 1, 2, 2, 2, 2, 2, 2, 3, 1, 2, 1, 2, 1, 1, 1, 1, 3, 2, 1, 1, 1, 3, 2, 1, 3, 2, 2, 2, 1, 1, 2, 2, 1, 1, 3, 2, 1, 5, 3, 3, 1, 1, 5, 2, 1, 1, 1, 1, 1, 3, 1, 3, 1, 3, 3, 1, 2, 3, 2, 1, 2, 3, 2, 5, 1, 3, 2, 2, 3, 5, 3, 2, 1, 1, 1, 4, 2, 4, 2, 2, 3, 1, 1, 1, 2, 2, 2, 1, 1, 4, 4, 1, 1, 3, 3, 1, 2, 2, 5, 1, 2, 2, 1, 3, 2, 3, 2, 2, 3, 1, 2, 4, 3, 1, 1, 1, 2, 1, 5, 3, 5, 1, 2, 1, 2, 1, 2, 3, 1, 1, 2, 2, 2, 3]"
User-007,3,trace_0398,1788728006.320875,streaming,14304,127,127,218,4,96.61652302742004,147.3784682750702,0.4028725813305567,7.0,0,True,,1788727858.9423335,1788727955.5588565,1788728006.3208017,"[1788727955.5588565, 1788727956.1819515, 1788727956.8482728, 1788727957.5502064, 1788727958.289042, 1788727959.042385, 1788727959.850212, 1788727960.5320613, 1788727961.1437807, 1788727961.8085537, 1788727962.5083585, 1788727963.2340071, 1788727963.9874852, 1788727964.7707222, 1788727965.5864992, 1788727966.4357243, 1788727967.3186352, 1788727968.235524, 1788727969.1793656, 1788727969.8898108, 1788727970.492446, 1788727971.159443, 1788727971.8557482, 1788727972.58661, 1788727973.2813923, 1788727973.8916745, 1788727974.5487018, 1788727975.236746, 1788727975.9572203, 1788727976.7072506, 1788727977.3832045, 1788727978.0070424, 1788727978.6613305, 1788727979.3717656, 1788727980.1137295, 1788727980.883039, 1788727981.6815672, 1788727982.5092895, 1788727983.188013, 1788727983.804951, 1788727984.472896, 1788727985.1693845, 1788727985.8979962, 1788727986.6572006, 1788727987.4412644, 1788727988.2590692, 1788727989.117232, 1788727990.0046418, 1788727990.9192548, 1788727991.861981, 1788727992.7029936, 1788727993.3076386, 1788727993.9779925, 1788727994.6820345, 1788727995.4206378, 1788727996.184385, 1788727996.9769955, 1788727997.7972043, 1788727998.4809194, 1788727999.0960019, 1788727999.773418, 1788728000.463793, 1788728001.2078612, 1788728001.9794593, 1788728002.779261, 1788728003.6099482, 1788728004.3030643, 1788728004.92526, 1788728005.5866346, 1788728006.316363]","[1, 1, 1, 1, 2, 1, 2, 1, 3, 1, 2, 3, 2, 1, 1, 3, 2, 2, 2, 1, 1, 1, 2, 1, 2, 5, 1, 1, 2, 1, 2, 2, 4, 2, 2, 4, 2, 3, 4, 2, 3, 1, 1, 1, 4, 1, 1, 1, 1, 2, 3, 1, 1, 2, 2, 3, 3, 2, 1, 1, 3, 1, 3, 1, 2, 1, 1, 1, 1, 1]"
User-016,0,trace_0704,1788728012.0784748,streaming,22705,1173,1172,0,354,56.580254316329956,609.1227858066559,0.47185527881325867,0.0,0,True,,1788727402.955609,1788727459.5358634,1788728012.078395,"[1788727459.5358634, 1788727460.1131294, 1788727460.7504911, 1788727461.4190547, 1788727462.1162274, 1788727462.8426657, 1788727463.5999405, 1788727464.388016, 1788727465.169271, 1788727465.7560568, 1788727466.4042568, 1788727467.0752637, 1788727467.7799802, 1788727468.5176833, 1788727469.2859726, 1788727470.0124047, 1788727470.6086614, 1788727471.257018, 1788727471.9408906, 1788727472.64566, 1788727473.3843205, 1788727474.1563525, 1788727474.9565215, 1788727475.7871466, 1788727476.4592023, 1788727477.0612667, 1788727477.722912, 1788727478.4216464, 1788727479.1391256, 1788727479.890105, 1788727480.6706197, 1788727481.4857855, 1788727482.070376, 1788727482.7126958, 1788727483.3840055, 1788727484.0858285, 1788727484.8169928, 1788727485.5805602, 1788727486.3666627, 1788727487.1170056, 1788727487.715676, 1788727488.369382, 1788727489.0532074, 1788727489.765075, 1788727490.5058646, 1788727491.276555, 1788727492.0838234, 1788727492.9136147, 1788727493.5926776, 1788727494.1978288, 1788727494.8593867, 1788727495.5533428, 1788727496.278243, 1788727497.0301776, 1788727497.8176076, 1788727498.63138, 1788727499.4750094, 1788727500.3487284, 1788727501.2538133, 1788727502.1896472, 1788727503.0887647, 1788727503.672406, 1788727504.3215024, 1788727505.0012484, 1788727505.7111514, 1788727506.4505575, 1788727507.214509, 1788727508.0128794, 1788727508.8477888, 1788727509.7095366, 1788727510.6007063, 1788727511.5286636, 1788727512.3134377, 1788727512.912014, 1788727513.568631, 1788727514.2573242, 1788727514.980999, 1788727515.723544, 1788727516.4972484, 1788727517.3063927, 1788727518.150566, 1788727519.0262702, 1788727519.667669, 1788727520.28179, 1788727520.9540083, 1788727521.6558936, 1788727522.3882675, 1788727523.147703, 1788727523.9363437, 1788727524.7570481, 1788727525.616685, 1788727526.518288, 1788727527.428734, 1788727528.3862023, 1788727529.3687706, 1788727530.0840476, 1788727530.685681, 1788727531.3537533, 1788727532.0522065, 1788727532.7801292, 1788727533.5353878, 1788727534.3216321, 1788727535.1407664, 1788727535.9983327, 1788727536.8743804, 1788727537.7831943, 1788727538.7269902, 1788727539.7020729, 1788727540.41463, 1788727541.0217485, 1788727541.6913059, 1788727542.390456, 1788727543.1207418, 1788727543.8794036, 1788727544.6656418, 1788727545.4822903, 1788727546.330941, 1788727547.0575123, 1788727547.6662688, 1788727548.3342397, 1788727549.0279355, 1788727549.7738576, 1788727550.5210161, 1788727551.315645, 1788727552.1436243, 1788727553.0022569, 1788727553.8826723, 1788727554.7929077, 1788727555.4989069, 1788727556.102648, 1788727556.7924242, 1788727557.5185862, 1788727558.261446, 1788727559.0374472, 1788727559.8429847, 1788727560.6649504, 1788727561.3062756, 1788727561.9245348, 1788727562.603946, 1788727563.297916, 1788727564.0338333, 1788727564.7949684, 1788727565.5828812, 1788727566.296653, 1788727566.9113028, 1788727567.5685496, 1788727568.2798007, 1788727569.0099044, 1788727569.781092, 1788727570.5689104, 1788727571.392903, 1788727572.2438586, 1788727573.151214, 1788727573.7381957, 1788727574.3823144, 1788727575.0635047, 1788727575.77589, 1788727576.516459, 1788727577.292681, 1788727578.0818765, 1788727578.916109, 1788727579.7683349, 1788727580.658139, 1788727581.5782917, 1788727582.4644353, 1788727583.050768, 1788727583.7015367, 1788727584.3823824, 1788727585.132391, 1788727585.8482265, 1788727586.6228378, 1788727587.437153, 1788727588.2827032, 1788727588.9628017, 1788727589.5738647, 1788727590.2416258, 1788727590.9373162, 1788727591.6716013, 1788727592.4207664, 1788727593.2242517, 1788727594.0622683, 1788727594.924526, 1788727595.8161237, 1788727596.7368333, 1788727597.526536, 1788727598.1218722, 1788727598.7795527, 1788727599.4662108, 1788727600.185537, 1788727600.9368408, 1788727601.7123806, 1788727602.5193286, 1788727603.2760582, 1788727603.8768337, 1788727604.5314388, 1788727605.216326, 1788727605.9339843, 1788727606.6844773, 1788727607.4610295, 1788727608.2676241, 1788727608.959196, 1788727609.5729625, 1788727610.2460117, 1788727610.9525626, 1788727611.700285, 1788727612.4600835, 1788727613.2553205, 1788727613.9015472, 1788727614.5235908, 1788727615.196514, 1788727615.8944783, 1788727616.6316016, 1788727617.442118, 1788727618.181045, 1788727619.012726, 1788727619.7859344, 1788727620.3897557, 1788727621.0449946, 1788727621.730974, 1788727622.4483488, 1788727623.1984732, 1788727623.9760973, 1788727624.7849922, 1788727625.6308484, 1788727626.4986517, 1788727627.4058352, 1788727628.339614, 1788727629.303306, 1788727629.9904022, 1788727630.5954432, 1788727631.2681148, 1788727631.9688122, 1788727632.7005458, 1788727633.4614644, 1788727634.2512438, 1788727635.071053, 1788727635.942429, 1788727636.5358872, 1788727637.1837473, 1788727637.8621225, 1788727638.5684354, 1788727639.3091204, 1788727640.0827081, 1788727640.8721533, 1788727641.6985776, 1788727642.5600302, 1788727643.4539137, 1788727644.3785818, 1788727645.3365045, 1788727646.1826978, 1788727646.7889853, 1788727647.4590948, 1788727648.177953, 1788727648.8990803, 1788727649.657444, 1788727650.4583972, 1788727651.0631375, 1788727651.7299676, 1788727652.4219527, 1788727653.1452677, 1788727653.8962057, 1788727654.6789892, 1788727655.3932414, 1788727656.0038674, 1788727656.6635213, 1788727657.3510935, 1788727658.073019, 1788727658.8224878, 1788727659.6025248, 1788727660.4113894, 1788727661.2250202, 1788727661.825021, 1788727662.4827845, 1788727663.1596868, 1788727663.8710842, 1788727664.6157966, 1788727665.3872283, 1788727666.1877778, 1788727667.0213737, 1788727667.8853233, 1788727668.7866342, 1788727669.7138917, 1788727670.6699824, 1788727671.3268075, 1788727671.940301, 1788727672.6193714, 1788727673.325227, 1788727674.063813, 1788727674.8304448, 1788727675.6281793, 1788727676.4548965, 1788727677.3114147, 1788727678.2079885, 1788727678.9275155, 1788727679.5443325, 1788727680.2265582, 1788727680.9357657, 1788727681.6816144, 1788727682.4433298, 1788727683.2838705, 1788727684.0685117, 1788727684.8876476, 1788727685.4759276, 1788727686.1290293, 1788727686.8124733, 1788727687.5244508, 1788727688.2701929, 1788727689.042272, 1788727689.842662, 1788727690.6890955, 1788727691.5567873, 1788727692.4563932, 1788727693.386305, 1788727694.227675, 1788727694.8180876, 1788727695.4768655, 1788727696.1651683, 1788727696.893879, 1788727697.585105, 1788727698.2108188, 1788727698.8852515, 1788727699.5874524, 1788727700.3198717, 1788727701.0787907, 1788727701.7738996, 1788727702.3914893, 1788727703.0584447, 1788727703.7516654, 1788727704.4798498, 1788727705.2360475, 1788727706.0203497, 1788727706.7350264, 1788727707.3465474, 1788727708.0085413, 1788727708.7005317, 1788727709.4280808, 1788727710.182894, 1788727710.9636369, 1788727711.774739, 1788727712.5918343, 1788727713.1927924, 1788727713.8447976, 1788727714.5281591, 1788727715.240029, 1788727715.9767053, 1788727716.582454, 1788727717.2352397, 1788727717.9174726, 1788727718.6298726, 1788727719.347593, 1788727719.9592824, 1788727720.6145139, 1788727721.300226, 1788727722.0129385, 1788727722.7594008, 1788727723.5305436, 1788727724.337267, 1788727725.174286, 1788727726.036245, 1788727726.9207165, 1788727727.5252986, 1788727728.188602, 1788727728.8876595, 1788727729.613105, 1788727730.3681874, 1788727731.1497781, 1788727731.9538486, 1788727732.7388756, 1788727733.3441193, 1788727734.0072367, 1788727734.6956348, 1788727735.4131227, 1788727736.1677125, 1788727736.9401953, 1788727737.7459092, 1788727738.583158, 1788727739.3971596, 1788727740.0025983, 1788727740.6640837, 1788727741.3543684, 1788727742.0694761, 1788727742.8206995, 1788727743.607047, 1788727744.4081976, 1788727745.2434967, 1788727746.1228008, 1788727747.0501704, 1788727747.961395, 1788727748.9219313, 1788727749.7957802, 1788727750.4094765, 1788727751.083402, 1788727751.7982135, 1788727752.5207713, 1788727753.2993183, 1788727754.0735073, 1788727754.8831959, 1788727755.7307208, 1788727756.611709, 1788727757.2449572, 1788727757.8833854, 1788727758.580265, 1788727759.2980769, 1788727760.0225732, 1788727760.7967784, 1788727761.6028965, 1788727762.3926916, 1788727762.9701507, 1788727763.6185467, 1788727764.3266027, 1788727765.05108, 1788727765.8143716, 1788727766.5972922, 1788727767.412953, 1788727768.285561, 1788727768.922562, 1788727769.5536194, 1788727770.2377317, 1788727770.951119, 1788727771.6966574, 1788727772.4558744, 1788727773.0573232, 1788727773.705506, 1788727774.3829167, 1788727775.0928044, 1788727775.8313577, 1788727776.5976086, 1788727777.3973916, 1788727778.2369268, 1788727779.101753, 1788727779.8901708, 1788727780.507204, 1788727781.181106, 1788727781.8836029, 1788727782.618994, 1788727783.3772779, 1788727784.1668124, 1788727784.9668126, 1788727785.5611553, 1788727786.2147624, 1788727786.9023228, 1788727787.630949, 1788727788.4418833, 1788727789.1512702, 1788727789.8851035, 1788727790.4884098, 1788727791.1438367, 1788727791.8273642, 1788727792.5416296, 1788727793.2857478, 1788727793.9720933, 1788727794.5815365, 1788727795.2433121, 1788727795.9410298, 1788727796.6785462, 1788727797.4340775, 1788727798.2274039, 1788727799.053607, 1788727799.9062216, 1788727800.7975419, 1788727801.6995106, 1788727802.6391406, 1788727803.5709403, 1788727804.1552339, 1788727804.8066325, 1788727805.478279, 1788727806.1851125, 1788727806.9243095, 1788727807.6876106, 1788727808.4836204, 1788727809.3208127, 1788727810.0845668, 1788727810.7039413, 1788727811.3798902, 1788727812.086195, 1788727812.8180447, 1788727813.5775373, 1788727814.3742366, 1788727815.1821337, 1788727816.027135, 1788727816.9137352, 1788727817.8222153, 1788727818.7573898, 1788727819.5373676, 1788727820.1471522, 1788727820.8087401, 1788727821.5300698, 1788727822.250326, 1788727822.9409347, 1788727823.548699, 1788727824.203212, 1788727824.8908722, 1788727825.6061788, 1788727826.3561473, 1788727827.1289003, 1788727827.8822114, 1788727828.4819207, 1788727829.1309717, 1788727829.8149946, 1788727830.5225255, 1788727831.2631266, 1788727832.0313764, 1788727832.7692513, 1788727833.3718379, 1788727834.0239768, 1788727834.7191336, 1788727835.4326649, 1788727836.190508, 1788727836.871744, 1788727837.4803224, 1788727838.139219, 1788727838.8316784, 1788727839.5544748, 1788727840.305268, 1788727841.0846303, 1788727841.8966126, 1788727842.5305774, 1788727843.1474493, 1788727843.8283763, 1788727844.5194395, 1788727845.250345, 1788727846.010628, 1788727846.80066, 1788727847.6230233, 1788727848.4756866, 1788727849.3617983, 1788727850.257553, 1788727850.84243, 1788727851.489741, 1788727852.165944, 1788727852.8739302, 1788727853.6322773, 1788727854.2251081, 1788727854.8749778, 1788727855.542842, 1788727856.2653143, 1788727857.0074034, 1788727857.777026, 1788727858.578713, 1788727859.4207919, 1788727860.2793443, 1788727861.1687627, 1788727861.8226166, 1788727862.433058, 1788727863.1048381, 1788727863.8054872, 1788727864.5366898, 1788727865.2950277, 1788727866.0829108, 1788727866.9045868, 1788727867.6582332, 1788727868.2724752, 1788727868.9530385, 1788727869.651631, 1788727870.3826673, 1788727871.1391819, 1788727871.9279194, 1788727872.7438607, 1788727873.588944, 1788727874.3339007, 1788727874.938312, 1788727875.5983632, 1788727876.2867253, 1788727877.0081074, 1788727877.7643495, 1788727878.5364375, 1788727879.364919, 1788727880.220046, 1788727881.1083412, 1788727882.0093358, 1788727882.9564002, 1788727883.9323435, 1788727884.6231844, 1788727885.2329047, 1788727885.862137, 1788727886.4997618, 1788727887.1798773, 1788727887.8746881, 1788727888.6052477, 1788727889.3600683, 1788727890.1446068, 1788727890.9601717, 1788727891.8043263, 1788727892.527723, 1788727893.1369627, 1788727893.795218, 1788727894.4868147, 1788727895.208186, 1788727895.962933, 1788727896.64671, 1788727897.2736533, 1788727897.9517128, 1788727898.6585555, 1788727899.3353326, 1788727899.9483106, 1788727900.608813, 1788727901.2978761, 1788727902.0181525, 1788727902.77133, 1788727903.5472043, 1788727904.3563814, 1788727905.2013912, 1788727906.0840907, 1788727906.9915164, 1788727907.9401166, 1788727908.5326493, 1788727909.1965744, 1788727909.8885686, 1788727910.6107981, 1788727911.3719912, 1788727912.1396158, 1788727912.9478116, 1788727913.6798148, 1788727914.2819967, 1788727914.9416409, 1788727915.630164, 1788727916.3479931, 1788727917.0974712, 1788727917.888603, 1788727918.6918018, 1788727919.544499, 1788727920.4229097, 1788727921.3306086, 1788727922.2681732, 1788727923.2375138, 1788727924.053419, 1788727924.6412485, 1788727925.3008077, 1788727925.9977689, 1788727926.717422, 1788727927.4736145, 1788727928.2665865, 1788727929.093059, 1788727929.9471178, 1788727930.830206, 1788727931.7467759, 1788727932.328006, 1788727932.9751542, 1788727933.6626666, 1788727934.3831067, 1788727935.1724389, 1788727935.913395, 1788727936.7205455, 1788727937.5571826, 1788727938.4251127, 1788727939.32501, 1788727939.9109879, 1788727940.5537376, 1788727941.226794, 1788727941.9311736, 1788727942.669871, 1788727943.4382308, 1788727944.2224228, 1788727945.060464, 1788727945.7818942, 1788727946.3864791, 1788727947.0460758, 1788727947.737585, 1788727948.46132, 1788727949.2120323, 1788727949.992872, 1788727950.8028276, 1788727951.4540179, 1788727952.0663931, 1788727952.7335815, 1788727953.4338396, 1788727954.1644566, 1788727954.9207518, 1788727955.5539536, 1788727956.1743953, 1788727956.8442, 1788727957.5458002, 1788727958.2848184, 1788727959.0380182, 1788727959.845485, 1788727960.5279949, 1788727961.139451, 1788727961.8042529, 1788727962.5002756, 1788727963.2296813, 1788727963.9833338, 1788727964.7661173, 1788727965.582232, 1788727966.4311607, 1788727967.3144236, 1788727968.2303839, 1788727969.174575, 1788727969.8854961, 1788727970.4877708, 1788727971.1552804, 1788727971.851482, 1788727972.5833206, 1788727973.2763774, 1788727973.8854718, 1788727974.5439973, 1788727975.2313519, 1788727975.952359, 1788727976.7023842, 1788727977.3785543, 1788727977.9981303, 1788727978.6563108, 1788727979.366421, 1788727980.1088364, 1788727980.8781195, 1788727981.676635, 1788727982.5043042, 1788727983.183284, 1788727983.800135, 1788727984.4680405, 1788727985.1645389, 1788727985.89307, 1788727986.6519988, 1788727987.4364343, 1788727988.2542589, 1788727989.1123984, 1788727989.9998949, 1788727990.9144533, 1788727991.8570933, 1788727992.6993034, 1788727993.304089, 1788727993.9702008, 1788727994.6773288, 1788727995.4161575, 1788727996.1795225, 1788727996.9719832, 1788727997.7923787, 1788727998.4772348, 1788727999.0923874, 1788727999.7694595, 1788728000.458824, 1788728001.203545, 1788728001.975049, 1788728002.774956, 1788728003.6055117, 1788728004.3007264, 1788728004.9217746, 1788728005.5828078, 1788728006.3124254, 1788728007.0314324, 1788728007.7999077, 1788728008.5738604, 1788728009.4018836, 1788728010.2698717, 1788728011.150229, 1788728012.0730448]","[1, 1, 1, 2, 2, 1, 2, 2, 1, 2, 2, 1, 1, 3, 1, 3, 5, 2, 1, 1, 2, 2, 1, 2, 1, 1, 1, 2, 1, 1, 1, 1, 1, 1, 2, 1, 1, 2, 1, 1, 1, 3, 2, 2, 3, 1, 2, 2, 2, 2, 1, 1, 2, 2, 1, 2, 1, 2, 1, 2, 4, 2, 1, 2, 2, 1, 1, 3, 2, 1, 2, 1, 1, 1, 1, 2, 1, 1, 1, 1, 2, 3, 3, 1, 1, 1, 1, 1, 1, 2, 1, 1, 2, 2, 1, 4, 1, 2, 1, 2, 1, 2, 1, 1, 1, 2, 2, 1, 1, 1, 1, 1, 1, 3, 3, 1, 1, 1, 1, 4, 2, 1, 2, 2, 1, 1, 1, 4, 3, 1, 3, 3, 1, 1, 4, 3, 1, 1, 1, 2, 1, 1, 1, 4, 2, 1, 4, 1, 1, 3, 1, 1, 2, 3, 1, 2, 1, 3, 1, 2, 1, 2, 1, 1, 2, 4, 2, 3, 1, 1, 1, 1, 1, 2, 1, 1, 1, 1, 1, 1, 1, 1, 2, 2, 2, 2, 2, 1, 2, 4, 1, 2, 3, 2, 1, 4, 3, 2, 1, 1, 1, 1, 3, 1, 2, 2, 2, 4, 3, 1, 1, 2, 1, 1, 1, 1, 3, 1, 1, 1, 2, 1, 3, 1, 1, 1, 1, 1, 1, 1, 4, 2, 1, 3, 2, 2, 1, 4, 3, 1, 1, 1, 1, 1, 2, 1, 2, 1, 2, 2, 1, 1, 1, 1, 1, 2, 5, 2, 1, 2, 2, 1, 1, 2, 2, 4, 1, 2, 2, 1, 1, 1, 1, 4, 2, 1, 2, 2, 2, 4, 3, 2, 2, 1, 1, 3, 1, 2, 1, 2, 1, 1, 1, 2, 1, 1, 1, 4, 2, 2, 1, 1, 3, 4, 1, 1, 2, 1, 2, 1, 2, 1, 1, 2, 2, 2, 2, 4, 4, 1, 1, 1, 2, 1, 2, 1, 4, 1, 2, 1, 2, 1, 1, 1, 1, 1, 1, 3, 1, 2, 2, 1, 6, 2, 3, 1, 1, 2, 2, 2, 1, 1, 2, 2, 1, 1, 1, 4, 1, 1, 2, 1, 2, 2, 1, 2, 1, 1, 1, 1, 1, 1, 3, 2, 1, 1, 1, 1, 1, 1, 1, 1, 2, 2, 1, 3, 1, 2, 1, 2, 1, 2, 2, 1, 1, 1, 1, 1, 1, 1, 1, 2, 2, 2, 1, 1, 1, 2, 1, 1, 2, 1, 3, 2, 1, 1, 1, 1, 1, 1, 1, 2, 1, 1, 3, 1, 1, 1, 1, 1, 1, 2, 1, 1, 1, 1, 2, 2, 1, 1, 2, 2, 1, 4, 2, 1, 2, 1, 1, 3, 2, 1, 1, 1, 2, 1, 2, 1, 1, 1, 1, 2, 1, 1, 1, 2, 1, 2, 1, 1, 1, 2, 1, 2, 1, 1, 1, 2, 1, 2, 2, 1, 1, 1, 2, 1, 1, 1, 1, 2, 1, 2, 1, 1, 1, 1, 2, 1, 1, 2, 1, 2, 1, 2, 1, 1, 1, 1, 2, 2, 1, 1, 1, 2, 1, 2, 2, 1, 1, 1, 1, 2, 1, 1, 1, 1, 2, 1, 2, 1, 1, 2, 1, 2, 1, 1, 1, 1, 2, 1, 2, 1, 1, 1, 1, 2, 1, 1, 1, 1, 1, 2, 1, 2, 1, 2, 2, 1, 1, 1, 2, 2, 3, 1, 1, 3, 1, 1, 1, 1, 4, 1, 2, 1, 1, 1, 2, 1, 1, 1, 1, 1, 4, 3, 1, 1, 1, 1, 1, 1, 1, 5, 2, 2, 1, 2, 1, 1, 1, 1, 2, 1, 4, 3, 1, 1, 1, 2, 1, 1, 1, 1, 1, 4, 3, 2, 1, 1, 1, 1, 1, 2, 1, 1, 1, 2, 2, 3, 2, 2, 1, 2, 1, 1, 1, 4, 1, 2, 1, 1, 1, 1, 2, 2, 1, 1, 2, 3, 2, 1, 1, 1, 1, 2, 1, 1, 1, 1, 1, 1, 2, 1, 2, 2, 1, 1, 1, 1, 1, 1, 2, 1, 2, 3, 2, 1, 2, 1, 1, 2, 1, 1, 2, 1, 4, 3, 1, 1, 1, 1, 1, 1, 1, 1, 4, 3, 2, 2, 1, 1, 1, 1, 1, 1, 4, 1, 2, 3, 1, 1, 1, 1, 1, 1, 1, 1, 2, 3, 2, 2, 2, 1, 1, 1, 1, 1, 1, 2, 3, 1, 2, 2, 1, 2, 1, 1, 1, 3, 1, 2, 5, 2, 1, 2, 1]"
User-025,9,trace_0588,1788728040.1374562,streaming,30700,72,72,472,1,103.60707831382751,129.08706212043762,0.35887301136070576,5.0,0,True,,1788727911.050304,1788728014.6573822,1788728040.137366,"[1788728014.6573822, 1788728015.2983623, 1788728015.9859843, 1788728016.7225683, 1788728017.461918, 1788728018.2381458, 1788728019.0444083, 1788728019.8799794, 1788728020.7530103, 1788728021.6398742, 1788728022.3295398, 1788728022.9384036, 1788728023.601695, 1788728024.2952428, 1788728025.0330527, 1788728025.7852745, 1788728026.5837917, 1788728027.416233, 1788728028.2759995, 1788728028.9637814, 1788728029.5668309, 1788728030.251955, 1788728030.9638844, 1788728031.708484, 1788728032.4809675, 1788728033.2844162, 1788728034.1167214, 1788728034.9794886, 1788728035.8702993, 1788728036.6436234, 1788728037.2524111, 1788728037.9222527, 1788728038.6296418, 1788728039.3643434, 1788728040.1362247]","[1, 3, 2, 1, 1, 1, 5, 4, 1, 1, 1, 2, 1, 3, 1, 1, 4, 1, 4, 5, 2, 1, 2, 2, 4, 1, 1, 3, 3, 1, 1, 1, 2, 4, 1]"
User-018,0,trace_0378,1788728037.253317,streaming,28209,973,962,0,440,179.43528270721436,634.2222580909729,0.4732434707427248,0.0,0,True,,1788727403.0309749,1788727582.4662576,1788728037.253233,"[1788727582.4662576, 1788727583.0523193, 1788727583.7031043, 1788727584.3839796, 1788727585.1331322, 1788727585.8499942, 1788727586.6243677, 1788727587.438724, 1788727588.2845194, 1788727588.9642892, 1788727589.5754793, 1788727590.2433016, 1788727590.9389567, 1788727591.6731842, 1788727592.4223125, 1788727593.2257848, 1788727594.0638745, 1788727594.9260895, 1788727595.8177173, 1788727596.7384648, 1788727597.528088, 1788727598.1234338, 1788727598.7810874, 1788727599.4677773, 1788727600.1870992, 1788727600.938384, 1788727601.7139344, 1788727602.520848, 1788727603.2775958, 1788727603.878404, 1788727604.5329745, 1788727605.2178552, 1788727605.9355764, 1788727606.6860192, 1788727607.4625456, 1788727608.2691355, 1788727608.960838, 1788727609.574474, 1788727610.2476244, 1788727610.95419, 1788727611.7018425, 1788727612.4616504, 1788727613.256881, 1788727613.9032063, 1788727614.5251544, 1788727615.1980844, 1788727615.8960516, 1788727616.6331196, 1788727617.443364, 1788727618.1820798, 1788727619.013765, 1788727619.7869415, 1788727620.3908439, 1788727621.0460193, 1788727621.732187, 1788727622.4493744, 1788727623.1995077, 1788727623.9771216, 1788727624.7861133, 1788727625.6326497, 1788727626.499723, 1788727627.406965, 1788727628.3408601, 1788727629.3043954, 1788727629.9914649, 1788727630.5964704, 1788727631.26914, 1788727631.9698539, 1788727632.70161, 1788727633.462539, 1788727634.252288, 1788727635.0721164, 1788727635.9444578, 1788727636.537425, 1788727637.1853564, 1788727637.8637133, 1788727638.5699637, 1788727639.310811, 1788727640.0845194, 1788727640.874002, 1788727641.7001834, 1788727642.5615869, 1788727643.4555416, 1788727644.3805454, 1788727645.3381217, 1788727646.1851711, 1788727646.7911646, 1788727647.46123, 1788727648.1802557, 1788727648.9011211, 1788727649.6596668, 1788727650.4613712, 1788727651.065935, 1788727651.7325962, 1788727652.4250138, 1788727653.147964, 1788727653.899259, 1788727654.681774, 1788727655.3964064, 1788727656.0069516, 1788727656.6664855, 1788727657.3542805, 1788727658.0757627, 1788727658.8291197, 1788727659.6054492, 1788727660.4140396, 1788727661.2276492, 1788727661.827659, 1788727662.4854686, 1788727663.162342, 1788727663.8742414, 1788727664.6183724, 1788727665.3898778, 1788727666.1903899, 1788727667.0241866, 1788727667.8880255, 1788727668.789454, 1788727669.716543, 1788727670.6726513, 1788727671.32072, 1788727671.9372442, 1788727672.6161635, 1788727673.3219712, 1788727674.060722, 1788727674.8273504, 1788727675.624935, 1788727676.451712, 1788727677.3083375, 1788727678.204416, 1788727678.9249177, 1788727679.5471199, 1788727680.229193, 1788727680.9383876, 1788727681.6845915, 1788727682.4454372, 1788727683.284878, 1788727684.070803, 1788727684.8896534, 1788727685.4779713, 1788727686.1310892, 1788727686.8144982, 1788727687.5264664, 1788727688.2723763, 1788727689.0443547, 1788727689.844717, 1788727690.6913838, 1788727691.5585127, 1788727692.4581442, 1788727693.3878577, 1788727694.2291968, 1788727694.8193214, 1788727695.4783988, 1788727696.1667132, 1788727696.8955166, 1788727697.586623, 1788727698.2123969, 1788727698.8868005, 1788727699.588957, 1788727700.3214, 1788727701.0803459, 1788727701.7713106, 1788727702.388423, 1788727703.0552983, 1788727703.7486422, 1788727704.4766781, 1788727705.233001, 1788727706.0172365, 1788727706.7320006, 1788727707.340801, 1788727708.0055099, 1788727708.6973672, 1788727709.4248796, 1788727710.1796336, 1788727710.9604888, 1788727711.7715652, 1788727712.588816, 1788727713.1865218, 1788727713.8418417, 1788727714.525046, 1788727715.2369235, 1788727715.9738069, 1788727716.5794783, 1788727717.2322166, 1788727717.9144824, 1788727718.6267529, 1788727719.3445094, 1788727719.9562979, 1788727720.6114607, 1788727721.2971065, 1788727722.0097506, 1788727722.756321, 1788727723.527556, 1788727724.3342543, 1788727725.1713874, 1788727726.0333028, 1788727726.9176059, 1788727727.522381, 1788727728.185606, 1788727728.8846755, 1788727729.61014, 1788727730.3651571, 1788727731.1462839, 1788727731.950904, 1788727732.734899, 1788727733.3406224, 1788727734.003575, 1788727734.6919882, 1788727735.409515, 1788727736.1608868, 1788727736.9366126, 1788727737.7422225, 1788727738.5796638, 1788727739.393601, 1788727739.9990582, 1788727740.6605818, 1788727741.3508015, 1788727742.0659847, 1788727742.8172207, 1788727743.6033406, 1788727744.4045315, 1788727745.2398312, 1788727746.1191432, 1788727747.0465164, 1788727747.957422, 1788727748.9179385, 1788727749.792845, 1788727750.40647, 1788727751.0802078, 1788727751.7924507, 1788727752.5175552, 1788727753.297884, 1788727754.070394, 1788727754.8800514, 1788727755.7275977, 1788727756.60854, 1788727757.2411299, 1788727757.879718, 1788727758.5766747, 1788727759.293779, 1788727760.024814, 1788727760.7989826, 1788727761.6050622, 1788727762.3936894, 1788727762.9726155, 1788727763.6207528, 1788727764.3287861, 1788727765.0526419, 1788727765.8159554, 1788727766.598881, 1788727767.4144921, 1788727768.2862864, 1788727768.9244726, 1788727769.5546577, 1788727770.2388084, 1788727770.9521346, 1788727771.6976762, 1788727772.4568205, 1788727773.0584013, 1788727773.7065163, 1788727774.383906, 1788727775.0938542, 1788727775.83239, 1788727776.5986245, 1788727777.3985987, 1788727778.2379637, 1788727779.102814, 1788727779.8912008, 1788727780.508262, 1788727781.1821237, 1788727781.8846262, 1788727782.6200585, 1788727783.3782873, 1788727784.1678514, 1788727784.9678016, 1788727785.5622094, 1788727786.215839, 1788727786.9034908, 1788727787.6320975, 1788727788.4423864, 1788727789.1523383, 1788727790.489439, 1788727791.1448932, 1788727792.5426822, 1788727793.2868052, 1788727793.9732237, 1788727794.5825665, 1788727795.2443256, 1788727795.9420583, 1788727796.6796045, 1788727797.435185, 1788727798.2284582, 1788727799.0540965, 1788727799.9072754, 1788727800.7985654, 1788727801.7005372, 1788727802.6402042, 1788727803.5727632, 1788727804.1567712, 1788727804.8102758, 1788727805.4798377, 1788727806.1866457, 1788727806.925942, 1788727807.6892982, 1788727808.4851444, 1788727809.3223352, 1788727810.0861232, 1788727810.7054873, 1788727811.3814318, 1788727812.0877721, 1788727812.8196263, 1788727813.5815728, 1788727814.3764827, 1788727815.1844063, 1788727816.0287814, 1788727816.9154017, 1788727817.8238423, 1788727818.7591972, 1788727819.538951, 1788727820.1490035, 1788727820.8099399, 1788727821.5305777, 1788727822.2515104, 1788727822.9429328, 1788727823.5503387, 1788727824.2064114, 1788727824.8933444, 1788727825.608256, 1788727826.3579655, 1788727827.1306133, 1788727827.883988, 1788727828.4836667, 1788727829.1326866, 1788727829.816747, 1788727830.5243745, 1788727831.2648697, 1788727832.033147, 1788727832.7720928, 1788727833.3740954, 1788727834.0262, 1788727834.72143, 1788727835.434947, 1788727836.1931207, 1788727836.8750203, 1788727837.4831505, 1788727838.1419997, 1788727838.8347769, 1788727839.5573702, 1788727840.3080754, 1788727841.0876977, 1788727841.8994532, 1788727842.5331736, 1788727843.1501906, 1788727843.8296998, 1788727844.5221848, 1788727845.25301, 1788727846.0133224, 1788727846.8033636, 1788727847.6258335, 1788727848.4783971, 1788727849.3646994, 1788727850.2602837, 1788727850.8457024, 1788727851.492445, 1788727852.1686902, 1788727852.8781688, 1788727853.6351252, 1788727854.227809, 1788727854.8777952, 1788727855.5454578, 1788727856.2679992, 1788727857.0100617, 1788727857.7797809, 1788727858.5814068, 1788727859.4269972, 1788727860.2816846, 1788727861.170853, 1788727861.8255236, 1788727862.4356685, 1788727863.107546, 1788727863.8081596, 1788727864.5393202, 1788727865.2975829, 1788727866.0858436, 1788727866.9071944, 1788727867.6608534, 1788727868.275202, 1788727868.9561496, 1788727869.653707, 1788727870.3850217, 1788727871.1412795, 1788727871.930285, 1788727872.7459075, 1788727873.5910053, 1788727874.3359745, 1788727874.9404526, 1788727875.600718, 1788727876.2909834, 1788727877.010271, 1788727877.7667978, 1788727878.5381765, 1788727879.3664448, 1788727880.2215936, 1788727881.109897, 1788727882.011172, 1788727882.9581077, 1788727883.9340484, 1788727884.6249137, 1788727885.2346783, 1788727885.8650987, 1788727886.502123, 1788727887.1822224, 1788727887.877046, 1788727888.6075609, 1788727889.3626719, 1788727890.147066, 1788727890.9625378, 1788727891.8070228, 1788727892.5303645, 1788727893.1392825, 1788727893.7978818, 1788727894.4894233, 1788727895.2104266, 1788727895.9651637, 1788727896.6502287, 1788727897.2765064, 1788727897.95498, 1788727898.6619787, 1788727899.3382053, 1788727899.9510894, 1788727900.612055, 1788727901.3010173, 1788727902.0212874, 1788727902.774119, 1788727903.550507, 1788727904.3592935, 1788727905.204552, 1788727906.0908213, 1788727906.99436, 1788727907.9429939, 1788727908.535476, 1788727909.1994221, 1788727909.8917663, 1788727910.6139357, 1788727911.3754456, 1788727912.1418736, 1788727912.9500732, 1788727913.6822047, 1788727914.284331, 1788727914.943979, 1788727915.6324084, 1788727916.3502326, 1788727917.0998042, 1788727917.8913264, 1788727918.6940582, 1788727919.5468626, 1788727920.4251957, 1788727921.332948, 1788727922.2704203, 1788727923.2397907, 1788727924.0569549, 1788727924.6440785, 1788727925.3056197, 1788727926.0006602, 1788727926.7205637, 1788727927.476457, 1788727928.2694256, 1788727929.0959115, 1788727929.9498808, 1788727930.8330948, 1788727931.7499218, 1788727932.3308756, 1788727932.978186, 1788727933.6654289, 1788727934.3859236, 1788727935.1738293, 1788727935.916829, 1788727936.7236662, 1788727937.5622456, 1788727938.4279714, 1788727939.3278286, 1788727939.9137545, 1788727940.5566213, 1788727941.2296593, 1788727941.934009, 1788727942.6715863, 1788727943.4405355, 1788727944.224078, 1788727945.062066, 1788727945.7835298, 1788727946.3881593, 1788727947.0477314, 1788727947.7391875, 1788727948.463245, 1788727949.213649, 1788727949.9953284, 1788727950.8045158, 1788727951.455811, 1788727952.0683615, 1788727952.7352517, 1788727953.4355075, 1788727954.1659973, 1788727954.9227026, 1788727955.5559018, 1788727956.17903, 1788727956.845714, 1788727957.5474877, 1788727958.2863877, 1788727959.039722, 1788727959.84713, 1788727960.5295556, 1788727961.1410763, 1788727961.8058348, 1788727962.5018797, 1788727963.2313504, 1788727963.9848766, 1788727964.76815, 1788727965.5838208, 1788727966.4328012, 1788727967.3161063, 1788727968.2324126, 1788727969.17649, 1788727969.887272, 1788727970.489703, 1788727971.156926, 1788727971.8530679, 1788727972.5852072, 1788727973.2788386, 1788727973.887572, 1788727974.546084, 1788727975.2335267, 1788727975.9545062, 1788727976.7045805, 1788727977.3806586, 1788727978.0037818, 1788727978.6586576, 1788727979.3690078, 1788727980.110957, 1788727980.8803499, 1788727981.6788077, 1788727982.5065114, 1788727983.18545, 1788727983.8022628, 1788727984.4701586, 1788727985.1666315, 1788727985.8952744, 1788727986.6541674, 1788727987.438564, 1788727989.114482, 1788727991.8592265, 1788727993.972304, 1788727995.4182777, 1788727996.1816435, 1788727997.79448, 1788727998.4746218, 1788727999.089675, 1788727999.76669, 1788728000.461849, 1788728001.2062972, 1788728001.977852, 1788728002.7776382, 1788728003.608197, 1788728004.2981148, 1788728004.919077, 1788728005.5850377, 1788728006.3146348, 1788728007.0335073, 1788728007.8024619, 1788728008.5756347, 1788728009.4035797, 1788728010.2717474, 1788728011.15183, 1788728012.0748916, 1788728013.0118382, 1788728013.994806, 1788728014.6544142, 1788728015.2936656, 1788728015.9828079, 1788728016.719401, 1788728017.4587576, 1788728018.234606, 1788728019.0411, 1788728019.8767357, 1788728020.7497666, 1788728021.6366239, 1788728022.3263934, 1788728022.9352574, 1788728023.598498, 1788728024.292869, 1788728025.0293436, 1788728025.7807367, 1788728026.5812263, 1788728027.4134977, 1788728028.273351, 1788728028.9610834, 1788728029.5647116, 1788728030.2497272, 1788728030.9617336, 1788728031.7063246, 1788728032.4788451, 1788728033.2821922, 1788728034.1145499, 1788728034.977345, 1788728035.8681543, 1788728036.641309, 1788728037.249328]","[1, 1, 1, 2, 2, 1, 2, 2, 1, 1, 1, 1, 1, 2, 2, 4, 2, 2, 2, 2, 2, 2, 2, 1, 1, 1, 1, 1, 4, 2, 2, 1, 2, 1, 1, 2, 3, 1, 2, 1, 2, 1, 1, 1, 1, 2, 2, 1, 1, 1, 1, 1, 1, 3, 1, 1, 1, 1, 1, 2, 2, 3, 1, 1, 3, 2, 2, 2, 4, 2, 1, 1, 1, 1, 1, 1, 2, 2, 2, 2, 2, 1, 1, 3, 2, 2, 2, 1, 1, 1, 1, 1, 2, 2, 1, 1, 1, 2, 1, 3, 2, 1, 1, 2, 2, 1, 2, 3, 1, 1, 1, 1, 1, 1, 1, 1, 5, 2, 1, 1, 1, 1, 3, 2, 1, 2, 2, 1, 1, 1, 2, 2, 1, 1, 1, 2, 1, 2, 1, 1, 2, 1, 1, 3, 1, 2, 1, 1, 1, 1, 1, 3, 2, 1, 2, 3, 1, 1, 1, 1, 1, 1, 1, 1, 1, 1, 1, 2, 1, 1, 2, 2, 2, 2, 1, 1, 1, 1, 1, 1, 1, 4, 2, 2, 1, 1, 2, 2, 2, 1, 1, 1, 1, 1, 2, 2, 1, 2, 2, 3, 3, 1, 1, 1, 1, 2, 1, 1, 2, 2, 1, 3, 1, 1, 2, 2, 1, 3, 2, 1, 2, 1, 2, 1, 1, 1, 1, 2, 1, 1, 1, 2, 1, 1, 2, 4, 1, 3, 1, 2, 1, 1, 1, 1, 1, 1, 2, 1, 1, 1, 1, 3, 2, 1, 2, 1, 1, 2, 2, 1, 1, 1, 1, 2, 1, 1, 1, 2, 1, 2, 1, 1, 1, 2, 1, 4, 3, 3, 2, 1, 1, 1, 1, 1, 1, 2, 2, 3, 1, 2, 1, 1, 2, 1, 1, 1, 2, 1, 4, 2, 1, 1, 1, 1, 3, 1, 2, 1, 1, 2, 1, 1, 2, 1, 3, 1, 1, 2, 1, 1, 1, 1, 2, 1, 1, 2, 2, 2, 1, 1, 1, 2, 1, 2, 1, 2, 2, 2, 3, 1, 4, 2, 2, 1, 1, 1, 1, 1, 1, 2, 1, 1, 2, 2, 2, 3, 1, 1, 1, 1, 1, 1, 1, 1, 2, 1, 1, 1, 2, 1, 2, 2, 4, 3, 1, 1, 2, 1, 2, 2, 2, 1, 1, 1, 1, 4, 2, 1, 1, 1, 3, 2, 1, 1, 1, 1, 2, 1, 1, 2, 2, 1, 4, 1, 2, 1, 1, 1, 1, 5, 1, 1, 1, 1, 2, 1, 2, 3, 2, 1, 2, 1, 3, 4, 1, 1, 1, 2, 2, 1, 2, 1, 2, 2, 2, 3, 2, 1, 3, 2, 1, 1, 4, 1, 1, 1, 2, 2, 1, 1, 1, 3, 2, 2, 2, 1, 2, 2, 3, 2, 2, 2, 4, 1, 1, 1, 4, 1, 4, 1, 3, 1, 1, 1, 1, 3, 1, 1, 2, 2, 3, 3, 1, 1, 2, 1, 1, 3, 1, 2, 1, 4, 2, 3, 1, 2, 3, 2, 2, 1, 1, 1, 2, 1, 3, 4, 1, 2, 2, 1, 2, 1, 2, 1, 1, 2, 2, 1, 1, 1, 1, 1, 4, 1, 1, 1, 2, 1, 2, 1, 1, 1, 2, 1, 1, 2, 2, 3, 3, 1, 1, 2, 2, 3, 2, 1, 1, 1, 1, 1, 1, 1, 1, 1, 1, 2, 2, 1, 2, 1, 3, 1, 2, 1, 1, 1, 1, 1, 1, 2, 4, 1, 1, 2, 2, 1, 1, 2, 1, 3, 1, 3, 1, 2, 2, 1, 2, 1, 2, 1, 2, 2, 2, 2, 2, 2, 1, 2, 1, 2, 1, 2, 2, 2, 1]"
User-035,3,trace_0062,1788728020.753382,streaming,17345,149,149,260,9,95.02450919151306,155.25137662887573,0.4069382934956937,8.0,0,True,,1788727865.5019364,1788727960.5264456,1788728020.753313,"[1788727960.5264456, 1788727961.1379201, 1788727961.8027034, 1788727962.4987586, 1788727963.2283893, 1788727963.9821243, 1788727964.7649953, 1788727965.5810206, 1788727966.4299762, 1788727967.3133748, 1788727968.2290983, 1788727969.1731472, 1788727969.884065, 1788727970.4865296, 1788727971.1540835, 1788727971.849945, 1788727972.582026, 1788727973.2750583, 1788727973.884195, 1788727974.5427172, 1788727975.2300951, 1788727975.951043, 1788727976.700883, 1788727977.3772418, 1788727977.9968069, 1788727978.6548862, 1788727979.3649933, 1788727980.1072438, 1788727980.8765364, 1788727981.6751049, 1788727982.5027065, 1788727983.1813083, 1788727983.7985718, 1788727984.466473, 1788727985.1629648, 1788727985.891445, 1788727986.650391, 1788727987.4349198, 1788727988.2529025, 1788727989.110854, 1788727989.9983222, 1788727990.9129064, 1788727991.855437, 1788727992.6932135, 1788727993.2980201, 1788727993.9686594, 1788727994.6759906, 1788727995.4146075, 1788727996.1779168, 1788727996.9704216, 1788727997.7908514, 1788727998.4718158, 1788727999.0865068, 1788727999.7636273, 1788728000.4572828, 1788728001.2019641, 1788728001.9734316, 1788728002.7734594, 1788728003.6039584, 1788728004.2946641, 1788728004.915761, 1788728005.5816789, 1788728006.3098123, 1788728007.0302866, 1788728007.798709, 1788728008.5728235, 1788728009.4008455, 1788728010.268737, 1788728011.1491644, 1788728012.0719702, 1788728013.0097263, 1788728013.9923992, 1788728014.6531954, 1788728015.2920191, 1788728015.981136, 1788728016.7176516, 1788728017.4571087, 1788728018.2330406, 1788728019.0391414, 1788728019.875123, 1788728020.7479253]","[1, 2, 1, 1, 3, 1, 1, 1, 2, 2, 4, 5, 2, 1, 1, 2, 1, 1, 3, 1, 1, 1, 1, 1, 1, 2, 2, 2, 1, 1, 1, 1, 1, 3, 4, 1, 2, 2, 1, 3, 1, 3, 3, 4, 3, 2, 1, 1, 3, 1, 1, 1, 1, 4, 4, 2, 1, 1, 1, 3, 1, 1, 2, 2, 2, 1, 3, 1, 1, 4, 1, 1, 2, 1, 2, 2, 6, 2, 3, 1, 1]"
User-033,3,trace_0538,1788728004.9257228,streaming,12688,105,105,161,8,98.25809669494629,129.9059784412384,0.3043065552528088,10.0,0,True,,1788727875.019687,1788727973.2777836,1788728004.9256654,"[1788727973.2777836, 1788727973.8865075, 1788727974.545061, 1788727975.2324657, 1788727975.9534428, 1788727976.7035236, 1788727977.3796089, 1788727978.002516, 1788727978.6575935, 1788727979.367879, 1788727980.1099017, 1788727980.8793015, 1788727981.677721, 1788727982.5054162, 1788727983.1843815, 1788727983.8012333, 1788727984.4690752, 1788727985.1655886, 1788727985.8941915, 1788727986.6531053, 1788727987.4375203, 1788727988.2553687, 1788727989.1134698, 1788727990.0009801, 1788727990.91556, 1788727991.8581612, 1788727992.699826, 1788727993.3045993, 1788727993.9712913, 1788727994.6784146, 1788727995.4172122, 1788727996.1805837, 1788727996.9733675, 1788727997.793445, 1788727998.4777427, 1788727999.0929134, 1788727999.76999, 1788728000.460102, 1788728001.204649, 1788728001.9760947, 1788728002.7760198, 1788728003.606607, 1788728004.3011096, 1788728004.9223228]","[1, 2, 1, 1, 3, 5, 2, 2, 1, 3, 1, 1, 2, 3, 4, 3, 4, 3, 3, 5, 6, 1, 1, 3, 1, 1, 3, 2, 1, 1, 4, 3, 1, 1, 1, 1, 5, 4, 1, 3, 4, 3, 2, 2]"
User-039,1,trace_0220,1788728006.3211088,streaming,12377,407,407,242,193,65.20080804824829,217.88323616981506,0.37606509389548465,36.0,0,True,,1788727788.437797,1788727853.638605,1788728006.3210332,"[1788727853.638605, 1788727854.231077, 1788727854.880963, 1788727855.5481417, 1788727856.2707124, 1788727857.0128276, 1788727857.7827485, 1788727858.5841308, 1788727859.4300923, 1788727860.2843628, 1788727861.173521, 1788727861.828092, 1788727862.4382915, 1788727863.1101174, 1788727863.8108056, 1788727864.541963, 1788727865.300212, 1788727866.0885558, 1788727866.9098153, 1788727867.6645327, 1788727868.2777388, 1788727868.9587488, 1788727869.656365, 1788727870.3877013, 1788727871.1439564, 1788727871.9333048, 1788727872.748577, 1788727873.593595, 1788727874.339361, 1788727874.9436083, 1788727875.6038206, 1788727876.294184, 1788727877.0127642, 1788727877.7700353, 1788727878.5416014, 1788727879.3696322, 1788727880.2247586, 1788727881.1133978, 1788727882.0147111, 1788727882.9613283, 1788727883.9379814, 1788727884.6283975, 1788727885.2382708, 1788727885.8676777, 1788727886.5048578, 1788727887.1849298, 1788727887.8801813, 1788727888.6107144, 1788727889.3658245, 1788727890.150423, 1788727890.9656978, 1788727891.810195, 1788727892.539328, 1788727893.1425838, 1788727893.8012884, 1788727894.4926898, 1788727895.2140567, 1788727895.9685476, 1788727896.6538694, 1788727897.27916, 1788727897.9576712, 1788727898.6647558, 1788727899.34173, 1788727899.9542348, 1788727900.6153002, 1788727901.3044457, 1788727902.0246627, 1788727902.7786186, 1788727903.5539017, 1788727904.3623269, 1788727905.2078235, 1788727906.0943701, 1788727906.9977727, 1788727907.9473183, 1788727908.5385618, 1788727909.202583, 1788727909.894951, 1788727910.6171257, 1788727911.3779728, 1788727912.145496, 1788727912.956126, 1788727913.6854267, 1788727914.2875502, 1788727914.947158, 1788727915.6355193, 1788727916.3533242, 1788727917.1029923, 1788727917.8948982, 1788727918.696776, 1788727919.5495293, 1788727920.4279761, 1788727921.336037, 1788727922.2734933, 1788727923.2423232, 1788727924.0595202, 1788727924.646756, 1788727925.308349, 1788727926.003662, 1788727926.7230387, 1788727927.4780977, 1788727928.2710686, 1788727929.097572, 1788727929.951414, 1788727930.8348541, 1788727931.751526, 1788727932.3325484, 1788727932.9802175, 1788727933.6664603, 1788727934.3869648, 1788727935.174363, 1788727935.9180763, 1788727936.7246673, 1788727937.563508, 1788727938.4290333, 1788727939.3297138, 1788727939.9154205, 1788727940.558262, 1788727941.2312903, 1788727941.9360394, 1788727942.6731749, 1788727943.4420624, 1788727944.2257369, 1788727945.0637078, 1788727945.7859533, 1788727946.3903334, 1788727947.0498369, 1788727947.7413032, 1788727948.465398, 1788727949.215786, 1788727949.9974697, 1788727950.806813, 1788727951.458758, 1788727952.071085, 1788727952.7379515, 1788727953.4381754, 1788727954.1686416, 1788727954.9254606, 1788727955.5593774, 1788727956.182504, 1788727956.8487637, 1788727957.5507205, 1788727958.2895572, 1788727959.042901, 1788727959.850769, 1788727960.5324361, 1788727961.144317, 1788727961.8090596, 1788727962.508899, 1788727963.2345219, 1788727963.9879956, 1788727964.7712615, 1788727965.5870144, 1788727966.4362652, 1788727967.319152, 1788727968.2360394, 1788727969.1798759, 1788727969.8912854, 1788727970.493473, 1788727971.1604455, 1788727971.856776, 1788727972.5871465, 1788727973.282427, 1788727973.8927002, 1788727974.5497015, 1788727975.2377748, 1788727975.9582036, 1788727976.7082531, 1788727977.3847117, 1788727978.008629, 1788727978.6629028, 1788727979.3733294, 1788727980.115267, 1788727980.8845918, 1788727981.6858907, 1788727982.5108373, 1788727983.1905692, 1788727983.807, 1788727984.4749634, 1788727985.1714153, 1788727985.900049, 1788727986.6592193, 1788727987.4459853, 1788727988.2610695, 1788727989.1192691, 1788727990.0066314, 1788727990.921262, 1788727991.8640616, 1788727992.6987748, 1788727993.3035564, 1788727993.9800115, 1788727994.6846569, 1788727995.4225595, 1788727996.186936, 1788727996.979597, 1788727997.799732, 1788727998.4767091, 1788727999.0918713, 1788727999.768963, 1788728000.4663832, 1788728001.2105587, 1788728001.9820478, 1788728002.781907, 1788728003.6124716, 1788728004.2996802, 1788728004.9207342, 1788728005.5892086, 1788728006.3195999]","[1, 1, 1, 1, 1, 3, 5, 3, 3, 3, 1, 2, 1, 1, 2, 3, 3, 2, 4, 3, 1, 2, 5, 4, 6, 1, 1, 2, 1, 3, 2, 2, 3, 1, 1, 3, 1, 4, 2, 3, 3, 3, 2, 3, 2, 2, 2, 1, 3, 1, 1, 1, 2, 2, 2, 2, 1, 1, 1, 1, 1, 1, 3, 1, 1, 1, 2, 2, 1, 3, 3, 2, 1, 2, 1, 1, 2, 2, 2, 2, 2, 1, 1, 4, 2, 4, 2, 2, 2, 3, 1, 1, 1, 2, 2, 2, 2, 2, 3, 2, 6, 4, 2, 3, 1, 3, 2, 1, 1, 3, 3, 4, 2, 3, 1, 1, 2, 3, 1, 3, 1, 2, 1, 1, 1, 1, 2, 3, 1, 1, 2, 1, 1, 2, 1, 2, 1, 4, 2, 2, 2, 4, 4, 3, 3, 1, 1, 1, 2, 1, 3, 1, 3, 2, 2, 6, 1, 1, 1, 1, 2, 1, 1, 1, 4, 1, 1, 1, 1, 1, 1, 3, 2, 1, 1, 2, 1, 2, 2, 3, 2, 2, 2, 1, 1, 1, 2, 2, 4, 1, 2, 2, 2, 2, 1, 6, 1, 1, 1, 1, 2, 2, 3, 1, 1, 1, 1]"
User-022,22,trace_0418,1788728028.9645574,streaming,28836,134,134,435,2,98.14605498313904,157.21985483169556,0.44416390863576327,7.0,0,True,,1788727871.7446277,1788727969.8906827,1788728028.9644825,"[1788727969.8906827, 1788727970.4929643, 1788727971.1599455, 1788727971.8562706, 1788727972.5868893, 1788727973.281917, 1788727973.8922021, 1788727974.549204, 1788727975.2372615, 1788727975.9577105, 1788727976.7077482, 1788727977.3835933, 1788727978.0075755, 1788727978.6618676, 1788727979.3722982, 1788727980.1142461, 1788727980.8835864, 1788727981.682079, 1788727982.5098047, 1788727983.1885307, 1788727983.805456, 1788727984.4734328, 1788727985.1698833, 1788727985.8984885, 1788727986.6576984, 1788727987.4417818, 1788727988.2595792, 1788727989.117733, 1788727990.005144, 1788727990.9197595, 1788727991.862513, 1788727992.6973913, 1788727993.3023608, 1788727993.9785721, 1788727994.682546, 1788727995.421035, 1788727996.1848826, 1788727996.9775043, 1788727997.7977047, 1788727998.475677, 1788727999.090701, 1788727999.7677596, 1788728000.464831, 1788728001.2090023, 1788728001.9805152, 1788728002.780315, 1788728003.6109765, 1788728004.2986305, 1788728004.9197097, 1788728005.5876656, 1788728006.317832, 1788728007.0361664, 1788728007.8050296, 1788728008.5782216, 1788728009.406125, 1788728010.2744958, 1788728011.1539664, 1788728012.0770988, 1788728013.013964, 1788728013.9971423, 1788728014.656045, 1788728015.29725, 1788728015.9849622, 1788728016.7215312, 1788728017.460886, 1788728018.2369657, 1788728019.043342, 1788728019.87893, 1788728020.7519894, 1788728021.6387935, 1788728022.3284895, 1788728022.9373517, 1788728023.600679, 1788728024.294404, 1788728025.031994, 1788728025.7822666, 1788728026.5827746, 1788728027.415141, 1788728028.2749338, 1788728028.962637]","[1, 1, 1, 2, 1, 1, 1, 1, 1, 2, 1, 2, 1, 1, 1, 1, 1, 2, 2, 1, 1, 3, 2, 3, 1, 1, 2, 2, 1, 2, 5, 1, 2, 2, 1, 1, 2, 3, 2, 2, 2, 1, 2, 1, 1, 3, 2, 1, 2, 2, 1, 1, 1, 1, 1, 2, 2, 1, 3, 1, 2, 1, 3, 2, 1, 3, 1, 1, 1, 1, 1, 2, 2, 1, 2, 1, 2, 3, 5, 4]"
User-057,0,trace_0276,1788728044.392273,streaming,18280,101,101,0,285,103.09362578392029,149.0147967338562,0.45921170949935913,0.0,0,True,,1788727895.377399,1788727998.4710248,1788728044.3921957,"[1788727998.4710248, 1788727999.0858269, 1788727999.762973, 1788728000.4541068, 1788728001.201297, 1788728001.9727793, 1788728002.772568, 1788728003.6033142, 1788728004.2938366, 1788728004.9149213, 1788728005.5801666, 1788728006.30816, 1788728007.0287335, 1788728007.7971466, 1788728008.5714445, 1788728009.3993516, 1788728010.2666817, 1788728011.1476498, 1788728012.070408, 1788728013.0078132, 1788728013.9908702, 1788728014.651886, 1788728015.290266, 1788728015.9795718, 1788728016.716066, 1788728017.4555955, 1788728018.2315123, 1788728019.0378032, 1788728019.8735545, 1788728020.7463696, 1788728021.63391, 1788728022.3238037, 1788728022.9326398, 1788728023.595757, 1788728024.2907765, 1788728025.026812, 1788728025.7781382, 1788728026.5788336, 1788728027.4109077, 1788728028.2707193, 1788728028.9574277, 1788728029.561561, 1788728030.2463953, 1788728030.9585588, 1788728031.703138, 1788728032.4756703, 1788728033.2789242, 1788728034.111264, 1788728034.9741812, 1788728035.8649664, 1788728036.6387253, 1788728037.2459502, 1788728037.9170663, 1788728038.6241744, 1788728039.3592038, 1788728040.130928, 1788728040.9109726, 1788728041.731793, 1788728042.5826862, 1788728043.463352, 1788728044.386973]","[1, 1, 1, 2, 2, 1, 2, 1, 2, 1, 1, 1, 1, 2, 2, 4, 2, 2, 2, 2, 1, 2, 1, 3, 2, 1, 2, 1, 3, 1, 1, 4, 3, 3, 3, 1, 1, 1, 2, 1, 1, 2, 1, 1, 1, 1, 1, 1, 1, 1, 3, 1, 1, 1, 1, 4, 2, 2, 2, 2, 1]"
User-020,3,trace_0108,1788728046.7801836,streaming,29470,131,131,364,95,102.32025742530823,156.4021074771881,0.41601423116830677,11.0,0,True,,1788727890.3779836,1788727992.698241,1788728046.780091,"[1788727992.698241, 1788727993.3030336, 1788727993.979762, 1788727994.6841316, 1788727995.4221716, 1788727996.1864138, 1788727996.9790885, 1788727997.7992315, 1788727998.4761782, 1788727999.091354, 1788727999.768413, 1788728000.4658885, 1788728001.2100224, 1788728001.9815202, 1788728002.7813272, 1788728003.6119745, 1788728004.2991674, 1788728004.9202201, 1788728005.588685, 1788728006.3190517, 1788728007.0366595, 1788728007.8055289, 1788728008.5787117, 1788728009.4066145, 1788728010.2750096, 1788728011.1544616, 1788728012.0775952, 1788728013.014471, 1788728013.9976382, 1788728014.6565447, 1788728015.2977817, 1788728015.9854786, 1788728016.722042, 1788728017.4613903, 1788728018.2374659, 1788728019.043859, 1788728019.879444, 1788728020.7524981, 1788728021.6393034, 1788728022.3289914, 1788728022.937901, 1788728023.6011922, 1788728024.2948608, 1788728025.0325289, 1788728025.784625, 1788728026.5832725, 1788728027.4156556, 1788728028.2754478, 1788728028.9633772, 1788728029.56625, 1788728030.251392, 1788728030.9633813, 1788728031.7079086, 1788728032.480406, 1788728033.2838995, 1788728034.1161456, 1788728034.9789083, 1788728035.8697023, 1788728036.6431222, 1788728037.2518988, 1788728037.9217303, 1788728038.6290908, 1788728039.3637934, 1788728040.1356409, 1788728040.9156837, 1788728041.7364407, 1788728042.5875354, 1788728043.4680912, 1788728044.3927448, 1788728045.3193197, 1788728046.1554651, 1788728046.778856]","[1, 1, 1, 3, 2, 1, 1, 1, 2, 1, 1, 1, 1, 1, 4, 1, 2, 1, 3, 3, 1, 1, 1, 1, 2, 2, 1, 4, 3, 1, 1, 1, 3, 2, 1, 2, 2, 3, 4, 3, 1, 1, 1, 5, 4, 2, 2, 1, 2, 3, 3, 1, 1, 1, 2, 2, 3, 3, 3, 2, 1, 1, 1, 1, 3, 3, 2, 1, 1, 1, 1, 1]"
User-037,3,trace_0489,1788728016.7238574,streaming,25307,212,212,252,142,103.46326279640198,188.43467259407043,0.4027081033064856,12.0,0,True,,1788727828.2891045,1788727931.7523673,1788728016.723777,"[1788727931.7523673, 1788727932.3330915, 1788727932.9807363, 1788727933.6670651, 1788727934.3875356, 1788727935.1746516, 1788727935.918593, 1788727936.725235, 1788727937.5640585, 1788727938.4295533, 1788727939.3302188, 1788727939.9159327, 1788727940.5587866, 1788727941.2318084, 1788727941.936629, 1788727942.6737072, 1788727943.4426317, 1788727944.2272828, 1788727945.0652285, 1788727945.7875297, 1788727946.393817, 1788727947.0513303, 1788727947.742849, 1788727948.4670017, 1788727949.2172697, 1788727949.9990094, 1788727950.8085103, 1788727951.4603193, 1788727952.072612, 1788727952.7394958, 1788727953.4397106, 1788727954.1701596, 1788727954.9270122, 1788727955.5606022, 1788727956.1841335, 1788727956.850303, 1788727957.552251, 1788727958.2914636, 1788727959.043952, 1788727959.8517978, 1788727960.5331979, 1788727961.145352, 1788727961.810062, 1788727962.5099492, 1788727963.2355587, 1788727963.9889965, 1788727964.772283, 1788727965.588012, 1788727966.4375768, 1788727967.3201652, 1788727968.2370558, 1788727969.1809535, 1788727969.892297, 1788727970.4944832, 1788727971.1614559, 1788727971.857778, 1788727972.5876603, 1788727973.283442, 1788727973.893696, 1788727974.5507083, 1788727975.2388248, 1788727975.959217, 1788727976.7092702, 1788727977.3854744, 1788727978.0096905, 1788727978.6639376, 1788727979.3743627, 1788727980.1162813, 1788727980.8855932, 1788727981.6870246, 1788727982.511855, 1788727983.1916213, 1788727983.8080008, 1788727984.4759922, 1788727985.172423, 1788727985.90108, 1788727986.6602306, 1788727987.4471369, 1788727988.2620778, 1788727989.1202872, 1788727990.0076628, 1788727990.9222748, 1788727991.8650758, 1788727992.6948519, 1788727993.2997162, 1788727993.9802544, 1788727994.6851878, 1788727995.4229658, 1788727996.1874676, 1788727996.9801, 1788727997.8002365, 1788727998.4730675, 1788727999.088053, 1788727999.76513, 1788728000.4669173, 1788728001.211095, 1788728001.9826674, 1788728002.7824252, 1788728003.6130002, 1788728004.2960014, 1788728004.9169924, 1788728005.5897439, 1788728006.3203704, 1788728007.0371888, 1788728007.8060231, 1788728008.579241, 1788728009.40713, 1788728010.275549, 1788728011.1550362, 1788728012.0781012, 1788728013.015025, 1788728013.9981709, 1788728014.6578946, 1788728015.298908, 1788728015.9864917, 1788728016.7231164]","[1, 2, 1, 1, 2, 1, 1, 2, 2, 2, 2, 2, 1, 2, 5, 3, 2, 2, 2, 3, 3, 1, 2, 1, 2, 1, 3, 2, 2, 1, 6, 4, 1, 2, 3, 2, 2, 2, 1, 2, 2, 2, 1, 1, 3, 1, 2, 1, 1, 1, 1, 2, 1, 1, 1, 3, 3, 1, 1, 2, 4, 3, 1, 2, 1, 1, 4, 1, 2, 1, 1, 1, 1, 2, 1, 3, 2, 3, 1, 5, 2, 2, 2, 1, 1, 1, 1, 1, 1, 1, 1, 3, 1, 2, 2, 1, 3, 1, 3, 2, 1, 2, 1, 2, 1, 3, 3, 2, 2, 1, 1, 2, 1, 1, 2, 2]"
User-044,1,trace_0272,1788728007.8064125,streaming,27550,252,252,383,46,86.41791439056396,186.2798569202423,0.39785634473975434,14.0,0,True,,1788727821.5264633,1788727907.9443777,1788728007.8063202,"[1788727907.9443777, 1788727908.5365245, 1788727909.2005255, 1788727909.8928947, 1788727910.6151009, 1788727911.376333, 1788727912.1431563, 1788727912.953917, 1788727913.683321, 1788727914.2853775, 1788727914.9450045, 1788727915.6334717, 1788727916.3512945, 1788727917.1008337, 1788727917.8925107, 1788727918.6951375, 1788727919.547958, 1788727920.4262488, 1788727921.3340833, 1788727922.2715285, 1788727923.2408192, 1788727924.0579598, 1788727924.6452012, 1788727925.306813, 1788727926.0017762, 1788727926.7217054, 1788727927.477592, 1788727928.2704418, 1788727929.097047, 1788727929.951003, 1788727930.8343027, 1788727931.7509985, 1788727932.3319373, 1788727932.9796555, 1788727933.6659403, 1788727934.3864295, 1788727935.1740978, 1788727935.9175487, 1788727936.7241666, 1788727937.5628502, 1788727938.4285054, 1788727939.3283432, 1788727939.914276, 1788727940.5571387, 1788727941.2301729, 1788727941.9345248, 1788727942.6721098, 1788727943.4410422, 1788727944.2246087, 1788727945.0625894, 1788727945.7840285, 1788727946.388784, 1788727947.048256, 1788727947.739696, 1788727948.4637983, 1788727949.2141697, 1788727949.9958508, 1788727950.8050654, 1788727951.4563582, 1788727952.0688884, 1788727952.7357757, 1788727953.4360166, 1788727954.1665034, 1788727954.923268, 1788727955.5564225, 1788727956.1795998, 1788727956.8462257, 1788727957.5480156, 1788727958.2869296, 1788727959.0402384, 1788727959.8476598, 1788727960.5300615, 1788727961.1416109, 1788727961.8063493, 1788727962.502388, 1788727963.231891, 1788727963.9853868, 1788727964.7686841, 1788727965.5844734, 1788727966.4333353, 1788727967.3166022, 1788727968.2332401, 1788727969.1770787, 1788727969.8877707, 1788727970.4903762, 1788727971.157436, 1788727971.8536997, 1788727972.5854847, 1788727973.2793484, 1788727973.8880765, 1788727974.5465906, 1788727975.2340548, 1788727975.9550567, 1788727976.705094, 1788727977.3811753, 1788727978.0049007, 1788727978.6592145, 1788727979.3695319, 1788727980.1114838, 1788727980.8808808, 1788727981.6793568, 1788727982.5070708, 1788727983.1859655, 1788727983.8027918, 1788727984.4706857, 1788727985.1672022, 1788727985.8957791, 1788727986.6548119, 1788727987.439105, 1788727988.256834, 1788727989.115024, 1788727990.002422, 1788727990.917145, 1788727991.8597312, 1788727992.6968777, 1788727993.3018343, 1788727993.9729347, 1788727994.6799226, 1788727995.418817, 1788727996.1821458, 1788727996.974817, 1788727997.795022, 1788727998.475183, 1788727999.0901935, 1788727999.7672513, 1788728000.4613247, 1788728001.2056768, 1788728001.9772043, 1788728002.7771213, 1788728003.6076887, 1788728004.2975867, 1788728004.9185407, 1788728005.5843914, 1788728006.3141143, 1788728007.0329745, 1788728007.8014922]","[1, 1, 1, 1, 1, 2, 1, 1, 1, 1, 2, 1, 1, 1, 1, 2, 1, 1, 2, 2, 1, 2, 1, 1, 1, 4, 2, 2, 1, 1, 2, 5, 2, 1, 2, 3, 2, 3, 1, 2, 2, 2, 2, 3, 2, 1, 4, 3, 3, 1, 2, 2, 1, 1, 1, 1, 1, 3, 1, 2, 1, 5, 2, 2, 2, 1, 2, 2, 1, 3, 2, 4, 1, 2, 3, 1, 3, 3, 2, 3, 3, 2, 2, 2, 1, 1, 1, 1, 1, 2, 1, 5, 2, 3, 2, 1, 2, 1, 5, 1, 3, 1, 2, 1, 1, 2, 2, 3, 6, 1, 2, 1, 1, 2, 1, 1, 2, 2, 4, 5, 1, 2, 1, 1, 1, 2, 1, 1, 1, 1, 2, 1, 3, 1, 2, 2]"
User-048,2,trace_0546,1788728013.99854,streaming,13949,82,82,210,3,95.52950191497803,132.14373683929443,0.45202759165822726,8.0,0,True,,1788727881.8547423,1788727977.3842442,1788728013.9984791,"[1788727977.3842442, 1788727978.008102, 1788727978.66237, 1788727979.3727977, 1788727980.114761, 1788727980.8840942, 1788727981.682588, 1788727982.5103116, 1788727983.1890383, 1788727983.805958, 1788727984.4739401, 1788727985.1703858, 1788727985.8990097, 1788727986.6582005, 1788727987.4422827, 1788727988.2600808, 1788727989.118241, 1788727990.0056462, 1788727990.9202657, 1788727991.8630352, 1788727992.701439, 1788727993.3061202, 1788727993.9791157, 1788727994.6830575, 1788727995.421413, 1788727996.1853967, 1788727996.978028, 1788727997.798215, 1788727998.4793544, 1788727999.0944374, 1788727999.7718775, 1788728000.4642925, 1788728001.2084296, 1788728001.9800053, 1788728002.7797747, 1788728003.6104488, 1788728004.301556, 1788728004.9231358, 1788728005.5871506, 1788728006.3171341, 1788728007.0351725, 1788728007.804018, 1788728008.5771585, 1788728009.405093, 1788728010.2734897, 1788728011.151301, 1788728012.0743475, 1788728013.0113366, 1788728013.9940016]","[1, 2, 1, 1, 1, 1, 1, 2, 1, 3, 2, 1, 3, 1, 1, 1, 2, 2, 1, 3, 3, 2, 1, 1, 1, 2, 3, 1, 1, 2, 3, 1, 2, 1, 2, 2, 1, 2, 4, 1, 2, 3, 1, 1, 1, 3, 2, 1, 1]"
