user_id,request_idx,trace_id,timestamp,request_type,input_tokens,output_tokens_expected,output_tokens_actual,cache_hit_blocks,cache_miss_blocks,ttft,ttlt,itl,delay_expected,delay_actual,success,error_message,request_start_time,prefill_complete_time,request_complete_time,token_timestamps,tokens_per_chunk
User-001,0,trace_0712,1788389370.9868681,streaming,18851,119,119,0,294,6.019187927246094,42.13259267807007,0.30604580297308454,0.0,0,True,,1788389328.8541846,1788389334.8733726,1788389370.9867773,"[1788389334.8733726, 1788389335.4207506, 1788389336.0270188, 1788389336.6595063, 1788389337.3188617, 1788389337.9999003, 1788389338.5484564, 1788389339.1434524, 1788389339.7698867, 1788389340.41894, 1788389341.1007347, 1788389341.650433, 1788389342.2576263, 1788389342.871025, 1788389343.5216217, 1788389344.1986666, 1788389344.9046676, 1788389345.637255, 1788389346.3966835, 1788389347.1699402, 1788389347.7107155, 1788389348.3076365, 1788389348.9312599, 1788389349.5795174, 1788389350.2546139, 1788389350.9560132, 1788389351.687728, 1788389352.3465216, 1788389352.906377, 1788389353.516205, 1788389354.1500425, 1788389354.8098214, 1788389355.4967053, 1788389356.2078547, 1788389356.9469557, 1788389357.70022, 1788389358.2440968, 1788389358.839851, 1788389359.4630592, 1788389360.1094918, 1788389360.7830462, 1788389361.483037, 1788389362.2093267, 1788389362.989378, 1788389363.522872, 1788389364.1144023, 1788389364.736151, 1788389365.3783884, 1788389366.048064, 1788389366.7425401, 1788389367.462944, 1788389368.2105792, 1788389368.987231, 1788389369.7857282, 1788389370.4238536, 1788389370.9834125]","[1, 4, 2, 1, 4, 1, 3, 1, 1, 1, 2, 1, 1, 3, 2, 2, 1, 5, 1, 2, 1, 2, 1, 3, 1, 4, 1, 1, 3, 4, 1, 2, 2, 1, 2, 3, 5, 1, 1, 2, 1, 5, 1, 3, 4, 1, 2, 2, 1, 1, 7, 2, 1, 2, 2, 4]"
User-005,0,trace_0568,1788389395.7284234,streaming,20311,131,131,0,317,28.605243682861328,66.63226795196533,0.2925155713008,0.0,0,True,,1788389329.0958703,1788389357.701114,1788389395.7281382,"[1788389357.701114, 1788389358.2446525, 1788389358.8403797, 1788389359.463574, 1788389360.1100168, 1788389360.783573, 1788389361.4836078, 1788389362.209842, 1788389362.9899113, 1788389363.5234113, 1788389364.1149545, 1788389364.7366855, 1788389365.37895, 1788389366.0485957, 1788389366.7431273, 1788389367.4635057, 1788389368.211147, 1788389368.9877725, 1788389369.7862647, 1788389370.4252057, 1788389370.9847903, 1788389371.596538, 1788389372.233363, 1788389372.8948429, 1788389373.5848835, 1788389374.3014114, 1788389375.0432703, 1788389375.8116786, 1788389376.5702894, 1788389377.1125712, 1788389377.7179375, 1788389378.339172, 1788389378.9852324, 1788389379.6591978, 1788389380.3600547, 1788389381.0850992, 1788389381.8374093, 1788389382.6170096, 1788389383.4302855, 1788389384.2471042, 1788389385.0996387, 1788389386.0135772, 1788389386.6303263, 1788389387.1788332, 1788389387.794562, 1788389388.4289944, 1788389389.0874422, 1788389389.7711456, 1788389390.4825203, 1788389391.2177088, 1788389391.945562, 1788389392.4926805, 1788389393.089357, 1788389393.7120142, 1788389394.3566933, 1788389395.0252333, 1788389395.7186742]","[1, 1, 1, 3, 1, 4, 1, 3, 1, 1, 3, 2, 3, 4, 1, 2, 1, 2, 4, 1, 1, 3, 2, 1, 2, 3, 1, 3, 3, 1, 4, 3, 3, 1, 2, 2, 1, 2, 1, 2, 1, 1, 4, 3, 6, 1, 3, 7, 4, 3, 3, 1, 3, 3, 3, 3, 1]"
User-004,0,trace_0629,1788389405.6284878,streaming,18361,185,185,0,286,23.30367422103882,76.58403515815735,0.289567179006079,0.0,0,True,,1788389329.0442684,1788389352.3479426,1788389405.6283035,"[1788389352.3479426, 1788389352.9074628, 1788389353.5173035, 1788389354.1511524, 1788389354.8109112, 1788389355.4977431, 1788389356.2089055, 1788389356.9480238, 1788389357.7021163, 1788389358.2456722, 1788389358.8415194, 1788389359.4646075, 1788389360.112747, 1788389360.7845957, 1788389361.4846306, 1788389362.2108884, 1788389362.991778, 1788389363.5249429, 1788389364.1166816, 1788389364.7382252, 1788389365.380516, 1788389366.0502226, 1788389366.744716, 1788389367.4650629, 1788389368.2127, 1788389368.989322, 1788389369.7879167, 1788389370.4266758, 1788389370.9863327, 1788389371.5981977, 1788389372.234962, 1788389372.8964329, 1788389373.5864573, 1788389374.3030372, 1788389375.0448549, 1788389375.8132517, 1788389376.5726852, 1788389377.1148918, 1788389377.7201252, 1788389378.3413396, 1788389378.987439, 1788389379.661299, 1788389380.3621147, 1788389381.087216, 1788389381.8395047, 1788389382.6190867, 1788389383.432457, 1788389384.2492073, 1788389385.1016877, 1788389386.0156434, 1788389386.6332974, 1788389387.1815276, 1788389387.7972963, 1788389388.4316769, 1788389389.0901186, 1788389389.773824, 1788389390.485248, 1788389391.2203822, 1788389391.948069, 1788389392.495246, 1788389393.0919964, 1788389393.7146811, 1788389394.3593144, 1788389395.0278878, 1788389395.727692, 1788389396.434904, 1788389397.1802857, 1788389397.9522922, 1788389398.7492948, 1788389399.5702434, 1788389400.4246347, 1788389400.960504, 1788389401.5536394, 1788389402.1730332, 1788389402.8150852, 1788389403.4798741, 1788389404.1691651, 1788389404.8829675, 1788389405.624727]","[1, 1, 5, 1, 3, 2, 4, 1, 3, 3, 2, 3, 2, 1, 2, 1, 2, 4, 4, 1, 5, 5, 2, 3, 1, 2, 1, 1, 7, 1, 1, 2, 2, 1, 2, 1, 2, 2, 2, 2, 1, 1, 2, 1, 2, 2, 1, 1, 6, 3, 1, 1, 1, 6, 7, 5, 1, 1, 2, 3, 1, 2, 2, 4, 2, 2, 2, 4, 3, 1, 1, 4, 2, 2, 5, 4, 2, 2, 1]"
User-003,0,trace_0714,1788389408.3108373,streaming,21916,225,225,0,342,18.17299747467041,79.31547617912292,0.2729574942163059,0.0,0,True,,1788389328.9952452,1788389347.1682427,1788389408.3107214,"[1788389347.1682427, 1788389347.708686, 1788389348.3055549, 1788389348.929455, 1788389349.577747, 1788389350.2528222, 1788389350.9542193, 1788389351.6859176, 1788389352.3453202, 1788389352.9049878, 1788389353.5149825, 1788389354.1486325, 1788389354.8085876, 1788389355.495499, 1788389356.2065744, 1788389356.9457347, 1788389357.6990395, 1788389358.2427244, 1788389358.838365, 1788389359.4617891, 1788389360.1082664, 1788389360.7817953, 1788389361.4817953, 1788389362.208098, 1788389362.9880202, 1788389363.521622, 1788389364.1130166, 1788389364.7348342, 1788389365.3771276, 1788389366.046822, 1788389366.7413, 1788389367.4616416, 1788389368.2093353, 1788389368.985985, 1788389369.7845035, 1788389370.422526, 1788389370.9819102, 1788389371.5929408, 1788389372.2315874, 1788389372.8930724, 1788389373.5831437, 1788389374.2996159, 1788389375.0414813, 1788389375.8098571, 1788389376.568386, 1788389377.110714, 1788389377.7161376, 1788389378.3371465, 1788389378.9834847, 1788389379.6573927, 1788389380.3582354, 1788389381.083367, 1788389381.8356245, 1788389382.6152387, 1788389383.428515, 1788389384.2452364, 1788389385.0977883, 1788389386.0108278, 1788389386.6279397, 1788389387.1762972, 1788389387.7893553, 1788389388.4266584, 1788389389.0850792, 1788389389.7687793, 1788389390.480238, 1788389391.2153423, 1788389391.9423707, 1788389392.489834, 1788389393.0864794, 1788389393.7091053, 1788389394.3538113, 1788389395.0224094, 1788389395.7158651, 1788389396.432335, 1788389397.177404, 1788389397.9494414, 1788389398.7464473, 1788389399.5672872, 1788389400.4215362, 1788389400.9572282, 1788389401.550832, 1788389402.1700747, 1788389402.812187, 1788389403.4769483, 1788389404.1662822, 1788389404.880016, 1788389405.6217113, 1788389406.3861947, 1788389407.1611185, 1788389407.705329, 1788389408.3061705]","[1, 1, 5, 1, 2, 2, 2, 1, 3, 1, 1, 1, 2, 2, 3, 2, 3, 1, 3, 4, 3, 1, 1, 3, 5, 2, 2, 1, 3, 1, 2, 5, 1, 2, 3, 4, 2, 1, 3, 3, 2, 1, 3, 2, 2, 7, 2, 1, 2, 2, 2, 1, 7, 2, 2, 3, 2, 3, 1, 2, 2, 3, 5, 2, 1, 1, 2, 2, 2, 6, 2, 3, 1, 4, 1, 1, 2, 9, 4, 3, 3, 2, 8, 3, 1, 2, 1, 2, 2, 3, 4]"
User-006,5,trace_0396,1788389425.1749983,streaming,31169,266,266,385,49,56.60646963119507,95.76880311965942,0.147782390522507,11.0,0,True,,1788389329.4060872,1788389386.0125568,1788389425.1748903,"[1788389386.0125568, 1788389386.6292922, 1788389387.1775682, 1788389387.7905207, 1788389388.4279644, 1788389389.0863738, 1788389389.7700036, 1788389390.481472, 1788389391.2165895, 1788389391.9445653, 1788389392.491654, 1788389393.0883353, 1788389393.710959, 1788389394.3556516, 1788389395.0242178, 1788389395.7176492, 1788389396.434016, 1788389397.1792345, 1788389397.9512362, 1788389398.7482672, 1788389399.5690892, 1788389400.4235773, 1788389400.959401, 1788389401.552602, 1788389402.1719573, 1788389402.814, 1788389403.4787786, 1788389404.1681201, 1788389404.8818383, 1788389405.6235607, 1788389406.388011, 1788389407.1630812, 1788389407.7073476, 1788389408.3086462, 1788389408.9271436, 1788389409.5769372, 1788389410.2388809, 1788389410.9290576, 1788389411.6442583, 1788389412.414443, 1788389412.955745, 1788389413.5475395, 1788389414.163024, 1788389414.8040798, 1788389415.4652216, 1788389416.1523275, 1788389416.8638754, 1788389417.4692855, 1788389418.0344133, 1788389418.6497428, 1788389419.284821, 1788389419.9471388, 1788389420.6232514, 1788389421.3288212, 1788389422.058353, 1788389422.7225509, 1788389423.2767394, 1788389423.8848453, 1788389424.5112364, 1788389425.1686804]","[1, 1, 3, 9, 2, 3, 8, 4, 8, 2, 7, 3, 9, 6, 3, 1, 5, 4, 2, 1, 8, 3, 6, 2, 7, 3, 8, 1, 9, 9, 4, 1, 5, 9, 9, 1, 5, 2, 1, 1, 9, 1, 9, 3, 1, 3, 6, 1, 3, 1, 3, 1, 8, 9, 2, 1, 9, 9, 9, 2]"
User-015,7,trace_0687,1788389435.4299314,streaming,31527,309,309,480,7,57.15377116203308,105.95239019393921,0.158437074778916,11.0,0,True,,1788389329.47745,1788389386.631221,1788389435.42984,"[1788389386.631221, 1788389387.1793816, 1788389387.7951593, 1788389388.4294965, 1788389389.0879843, 1788389389.7716978, 1788389390.483085, 1788389391.2182274, 1788389391.9460666, 1788389392.4931815, 1788389393.089881, 1788389393.7125354, 1788389394.357228, 1788389395.025749, 1788389395.7247431, 1788389396.4354858, 1788389397.1807966, 1788389397.9529011, 1788389398.7498205, 1788389399.5708032, 1788389400.425946, 1788389400.961515, 1788389401.5546596, 1788389402.1740472, 1788389402.816108, 1788389403.480926, 1788389404.1702294, 1788389404.8838873, 1788389405.6262796, 1788389406.3895695, 1788389407.1645706, 1788389407.709123, 1788389408.310354, 1788389408.9287834, 1788389409.5785236, 1788389410.240882, 1788389410.9306288, 1788389411.6458588, 1788389412.4160993, 1788389412.9573474, 1788389413.5493135, 1788389414.1646378, 1788389414.8057232, 1788389415.466861, 1788389416.1539006, 1788389416.8654978, 1788389417.4735644, 1788389418.036177, 1788389418.6516037, 1788389419.2865326, 1788389419.9488132, 1788389420.6248717, 1788389421.3304408, 1788389422.0599825, 1788389422.7242146, 1788389423.278402, 1788389423.8865314, 1788389424.5128613, 1788389425.1706004, 1788389425.8380716, 1788389426.4311497, 1788389426.999426, 1788389427.6136389, 1788389428.247781, 1788389428.90754, 1788389429.5882082, 1788389430.296142, 1788389431.0286903, 1788389431.7856295, 1788389432.5663397, 1788389433.3704696, 1788389434.1933677, 1788389435.0422325, 1788389435.4251957]","[1, 1, 1, 3, 4, 4, 3, 1, 1, 1, 2, 1, 1, 2, 1, 9, 1, 6, 1, 9, 1, 2, 1, 1, 9, 2, 4, 8, 2, 7, 8, 9, 2, 2, 1, 3, 2, 1, 1, 2, 6, 1, 6, 1, 2, 1, 2, 9, 9, 9, 9, 9, 8, 2, 1, 4, 9, 9, 3, 2, 4, 9, 9, 7, 1, 1, 9, 9, 9, 9, 9, 1, 2, 7]"
User-009,0,trace_0313,1788389435.5703874,streaming,12330,368,368,0,192,11.890474557876587,106.36054515838623,0.25741163651365023,0.0,0,True,,1788389329.209745,1788389341.1002195,1788389435.57029,"[1788389341.1002195, 1788389341.6498485, 1788389342.2570446, 1788389342.8703964, 1788389343.5210316, 1788389344.1980808, 1788389344.9040713, 1788389345.6366572, 1788389346.3961065, 1788389347.1694365, 1788389347.7099898, 1788389348.3070662, 1788389348.9306722, 1788389349.5789745, 1788389350.2540746, 1788389350.955481, 1788389351.6871898, 1788389352.3471072, 1788389352.9069347, 1788389353.5167522, 1788389354.1505587, 1788389354.8103507, 1788389355.4972217, 1788389356.2083826, 1788389356.947476, 1788389357.701604, 1788389358.2451658, 1788389358.8409023, 1788389359.4640887, 1788389360.110521, 1788389360.7840886, 1788389361.4841151, 1788389362.2103455, 1788389362.9912844, 1788389363.5244267, 1788389364.116019, 1788389364.7377028, 1788389365.379996, 1788389366.049692, 1788389366.744183, 1788389367.464548, 1788389368.2121964, 1788389368.9888031, 1788389369.7873821, 1788389370.4261878, 1788389370.9858015, 1788389371.5976624, 1788389372.2344165, 1788389372.895883, 1788389373.5859358, 1788389374.3024592, 1788389375.0443206, 1788389375.8127267, 1788389376.5721574, 1788389377.1143253, 1788389377.719575, 1788389378.340787, 1788389378.9868855, 1788389379.6607687, 1788389380.3615828, 1788389381.0866435, 1788389381.8389778, 1788389382.618559, 1788389383.4319062, 1788389384.248658, 1788389385.1011662, 1788389386.0151188, 1788389386.6327572, 1788389387.1810024, 1788389387.796736, 1788389388.4311447, 1788389389.0896046, 1788389389.7733157, 1788389390.4847348, 1788389391.2198138, 1788389391.9475682, 1788389392.4947803, 1788389393.091496, 1788389393.7141616, 1788389394.3587964, 1788389395.0273674, 1788389395.7271345, 1788389396.4366405, 1788389397.1819034, 1788389397.953936, 1788389398.7509453, 1788389399.572227, 1788389400.4269326, 1788389400.962588, 1788389401.5557733, 1788389402.1751354, 1788389402.8172414, 1788389403.482001, 1788389404.1744921, 1788389404.8846648, 1788389405.6273663, 1788389406.3906524, 1788389407.1664302, 1788389407.7111888, 1788389408.3124444, 1788389408.9303973, 1788389409.5802658, 1788389410.242659, 1788389410.9322746, 1788389411.6475189, 1788389412.4184365, 1788389412.95954, 1788389413.5515132, 1788389414.1668367, 1788389414.8079536, 1788389415.4689672, 1788389416.1559007, 1788389416.8676453, 1788389417.4767125, 1788389418.0390406, 1788389418.6544147, 1788389419.2894275, 1788389419.9516213, 1788389420.6276176, 1788389421.333329, 1788389422.0627205, 1788389422.7276094, 1788389423.281709, 1788389423.889912, 1788389424.5160863, 1788389425.174022, 1788389425.8449118, 1788389426.434135, 1788389427.0026646, 1788389427.6168754, 1788389428.2511036, 1788389428.9106965, 1788389429.5915036, 1788389430.2994676, 1788389431.032035, 1788389431.7889316, 1788389432.5696135, 1788389433.3766105, 1788389434.1967192, 1788389435.045534, 1788389435.4286685, 1788389435.479063, 1788389435.5691006]","[1, 2, 1, 3, 1, 4, 4, 3, 1, 1, 2, 1, 1, 1, 1, 2, 2, 1, 2, 5, 4, 2, 2, 2, 3, 5, 2, 4, 2, 3, 1, 4, 1, 1, 3, 3, 4, 3, 6, 2, 3, 1, 2, 4, 1, 2, 3, 1, 1, 3, 4, 2, 3, 3, 1, 1, 5, 2, 2, 3, 1, 2, 2, 5, 6, 2, 3, 9, 2, 2, 6, 2, 3, 1, 3, 1, 5, 1, 3, 2, 6, 1, 2, 5, 1, 6, 3, 3, 1, 2, 1, 3, 1, 2, 3, 1, 4, 2, 1, 1, 1, 1, 2, 2, 7, 1, 6, 1, 3, 1, 3, 1, 2, 3, 4, 1, 2, 1, 1, 2, 5, 1, 2, 3, 2, 3, 4, 2, 1, 1, 1, 1, 4, 3, 1, 3, 1, 6, 8, 5, 8, 4, 1]"
User-008,0,trace_0707,1788389436.696936,streaming,19408,381,381,0,302,33.81145167350769,107.51744318008423,0.19396313554362246,0.0,0,True,,1788389329.1793334,1788389362.9907851,1788389436.6967766,"[1788389362.9907851, 1788389363.523916, 1788389364.1154954, 1788389364.737186, 1788389365.37948, 1788389366.0491567, 1788389366.7436411, 1788389367.4640203, 1788389368.2116778, 1788389368.988289, 1788389369.7868302, 1788389370.4256923, 1788389370.9853, 1788389371.5971441, 1788389372.233898, 1788389372.8953574, 1788389373.585422, 1788389374.3019261, 1788389375.0437732, 1788389375.8122144, 1788389376.570839, 1788389377.11309, 1788389377.7184765, 1788389378.33971, 1788389378.9857912, 1788389379.6597092, 1788389380.36057, 1788389381.085625, 1788389381.8379226, 1788389382.6175294, 1788389383.430833, 1788389384.2476234, 1788389385.100144, 1788389386.0140762, 1788389386.6317425, 1788389387.1798797, 1788389387.795681, 1788389388.4300418, 1788389389.0885305, 1788389389.7722883, 1788389390.4836237, 1788389391.2187164, 1788389391.9465547, 1788389392.4936874, 1788389393.0903919, 1788389393.7130413, 1788389394.3577275, 1788389395.0262787, 1788389395.7259035, 1788389396.4371998, 1788389397.1824372, 1788389397.954441, 1788389398.7514157, 1788389399.5727515, 1788389400.4274611, 1788389400.9631112, 1788389401.5562816, 1788389402.1756408, 1788389402.8177586, 1788389403.4825149, 1788389404.1751273, 1788389404.8850505, 1788389405.627925, 1788389406.3911982, 1788389407.1669438, 1788389407.7117186, 1788389408.3129573, 1788389408.9309282, 1788389409.580796, 1788389410.2432241, 1788389410.9328017, 1788389411.6480722, 1788389412.4189339, 1788389412.9601264, 1788389413.5520291, 1788389414.1673572, 1788389414.8084836, 1788389415.4694874, 1788389416.1562843, 1788389416.8681614, 1788389417.4773028, 1788389418.039601, 1788389418.6549616, 1788389419.2899673, 1788389419.9521444, 1788389420.6281798, 1788389421.3338726, 1788389422.0632854, 1788389422.7281382, 1788389423.282225, 1788389423.890455, 1788389424.516596, 1788389425.1745572, 1788389425.845487, 1788389426.4346423, 1788389427.0032208, 1788389427.617396, 1788389428.2516127, 1788389428.9112191, 1788389429.5920763, 1788389430.3000054, 1788389431.032583, 1788389431.7894742, 1788389432.5701597, 1788389433.377228, 1788389434.197355, 1788389435.0460975, 1788389435.4292707, 1788389435.4796531, 1788389435.5698953, 1788389435.6527078, 1788389435.7402873, 1788389435.8259518, 1788389435.9189615, 1788389435.999384, 1788389436.0868363, 1788389436.173779, 1788389436.2574785, 1788389436.3464031, 1788389436.434046, 1788389436.5196996, 1788389436.6075184, 1788389436.6958838]","[1, 1, 4, 1, 2, 7, 6, 3, 2, 3, 6, 2, 1, 1, 3, 1, 1, 4, 4, 1, 1, 2, 4, 5, 4, 9, 1, 4, 2, 4, 8, 2, 3, 4, 2, 1, 5, 2, 1, 2, 3, 1, 9, 2, 1, 9, 3, 1, 7, 2, 1, 1, 1, 1, 6, 3, 7, 4, 2, 1, 2, 1, 6, 3, 5, 4, 7, 4, 1, 1, 3, 1, 1, 1, 2, 4, 9, 1, 2, 2, 5, 6, 1, 1, 3, 1, 3, 1, 6, 2, 4, 3, 1, 4, 1, 9, 8, 7, 2, 1, 3, 6, 1, 2, 1, 3, 9, 3, 3, 3, 2, 1, 2, 2, 1, 4, 2, 4, 9, 2, 1, 2, 1]"
User-013,2,trace_0253,1788389437.1962943,streaming,22908,242,242,322,10,77.44432258605957,107.47508311271667,0.12460896484090085,15.0,0,True,,1788389329.7211194,1788389407.165442,1788389437.1962025,"[1788389407.165442, 1788389407.7096782, 1788389408.3112562, 1788389408.9292965, 1788389409.5790594, 1788389410.2416062, 1788389410.9311683, 1788389411.6463723, 1788389412.4165843, 1788389412.9578655, 1788389413.5498729, 1788389414.1651545, 1788389414.80628, 1788389415.4673786, 1788389416.1544108, 1788389416.8660057, 1788389417.4742236, 1788389418.0367918, 1788389418.6522584, 1788389419.2871377, 1788389419.9493754, 1788389420.6254208, 1788389421.3310757, 1788389422.0605433, 1788389422.7255762, 1788389423.2795293, 1788389423.8876634, 1788389424.513928, 1788389425.171897, 1788389425.842413, 1788389426.4321952, 1788389427.0006046, 1788389427.6147568, 1788389428.2489033, 1788389428.9085782, 1788389429.589397, 1788389430.297344, 1788389431.0298865, 1788389431.7867417, 1788389432.5675247, 1788389433.3744564, 1788389434.1944106, 1788389435.043257, 1788389435.4265683, 1788389435.476536, 1788389435.566969, 1788389435.6499846, 1788389435.7375376, 1788389435.8232217, 1788389435.916097, 1788389435.996633, 1788389436.0841188, 1788389436.1695945, 1788389436.2562923, 1788389436.343676, 1788389436.4313374, 1788389436.5169244, 1788389436.604747, 1788389436.6931036, 1788389436.7749436, 1788389436.8571017, 1788389436.9421864, 1788389437.0240014, 1788389437.108769, 1788389437.1934347]","[1, 9, 5, 5, 1, 2, 4, 7, 2, 1, 4, 4, 2, 2, 2, 9, 4, 2, 1, 3, 5, 2, 2, 1, 1, 6, 7, 2, 5, 7, 1, 3, 1, 3, 4, 3, 1, 4, 2, 6, 2, 4, 7, 3, 6, 2, 1, 5, 2, 7, 9, 9, 4, 8, 9, 3, 4, 5, 3, 3, 2, 1, 1, 4, 2]"
User-017,0,trace_0726,1788389437.5223992,streaming,20007,201,201,0,312,62.41449570655823,107.99273490905762,0.22789119601249694,0.0,0,True,,1788389329.5295663,1788389391.944062,1788389437.5223012,"[1788389391.944062, 1788389392.49114, 1788389393.0877795, 1788389393.7103965, 1788389394.355131, 1788389395.0237105, 1788389395.717121, 1788389396.433593, 1788389397.1786482, 1788389397.9506772, 1788389398.7477508, 1788389399.568573, 1788389400.4230475, 1788389400.958639, 1788389401.5520844, 1788389402.1713865, 1788389402.8134737, 1788389403.4782104, 1788389404.1675966, 1788389404.8812835, 1788389405.6230311, 1788389406.387486, 1788389407.1625342, 1788389407.706825, 1788389408.3080258, 1788389408.9264555, 1788389409.5763113, 1788389410.2382603, 1788389410.9284327, 1788389411.6436024, 1788389412.4139175, 1788389412.9551105, 1788389413.5469153, 1788389414.162337, 1788389414.8034332, 1788389415.4645698, 1788389416.1516345, 1788389416.8632245, 1788389417.4686415, 1788389418.0337503, 1788389418.6491747, 1788389419.2842274, 1788389419.9464095, 1788389420.6225317, 1788389421.328154, 1788389422.0576644, 1788389422.721854, 1788389423.276077, 1788389423.8841865, 1788389424.510526, 1788389425.167808, 1788389425.8363392, 1788389426.4285417, 1788389426.9969206, 1788389427.6113498, 1788389428.2454798, 1788389428.9051354, 1788389429.585934, 1788389430.2938316, 1788389431.0263455, 1788389431.783404, 1788389432.5640948, 1788389433.3682113, 1788389434.190997, 1788389435.0398855, 1788389435.4219358, 1788389435.4730134, 1788389435.5634553, 1788389435.6472642, 1788389435.7347977, 1788389435.8205116, 1788389435.913318, 1788389435.9938614, 1788389436.0814435, 1788389436.1670146, 1788389436.2549994, 1788389436.340884, 1788389436.4285443, 1788389436.5141776, 1788389436.6020107, 1788389436.6903865, 1788389436.7721424, 1788389436.854353, 1788389436.939247, 1788389437.02127, 1788389437.1059985, 1788389437.1905663, 1788389437.2719028, 1788389437.3510323, 1788389437.432449, 1788389437.516786]","[1, 1, 5, 2, 1, 1, 1, 4, 1, 1, 1, 2, 1, 2, 1, 5, 6, 3, 1, 2, 1, 4, 2, 1, 2, 1, 1, 1, 2, 1, 1, 2, 1, 4, 2, 2, 3, 1, 1, 2, 1, 1, 2, 4, 2, 3, 1, 1, 2, 2, 3, 1, 1, 1, 5, 1, 2, 4, 5, 2, 2, 4, 1, 1, 1, 3, 2, 3, 7, 2, 2, 2, 2, 1, 9, 1, 3, 1, 1, 2, 2, 1, 1, 1, 1, 7, 3, 1, 2, 4, 7]"
User-021,0,trace_0266,1788389437.5244946,streaming,18986,107,107,0,296,44.55129671096802,59.348857164382935,0.13959962691900865,0.0,0,True,,1788389378.173756,1788389422.7250526,1788389437.522613,"[1788389422.7250526, 1788389423.2789826, 1788389423.8871295, 1788389424.513399, 1788389425.1711783, 1788389425.838582, 1788389426.4316835, 1788389427.000001, 1788389427.6142147, 1788389428.2483552, 1788389428.9080563, 1788389429.5887463, 1788389430.2967265, 1788389431.029366, 1788389431.7862046, 1788389432.5669193, 1788389433.3737912, 1788389434.1939027, 1788389435.0427563, 1788389435.426058, 1788389435.4760022, 1788389435.566336, 1788389435.6494236, 1788389435.7370389, 1788389435.8226745, 1788389435.9155443, 1788389435.9961321, 1788389436.083589, 1788389436.1690745, 1788389436.2560244, 1788389436.3431706, 1788389436.4308002, 1788389436.5164073, 1788389436.604239, 1788389436.6926005, 1788389436.774373, 1788389436.8565745, 1788389436.9416542, 1788389437.0234954, 1788389437.108263, 1788389437.1928978, 1788389437.27406, 1788389437.3533003, 1788389437.4341953, 1788389437.519481]","[1, 1, 5, 2, 4, 2, 3, 1, 1, 3, 2, 8, 1, 3, 2, 2, 4, 2, 2, 1, 1, 3, 2, 1, 1, 1, 1, 1, 2, 4, 1, 4, 1, 1, 1, 3, 2, 2, 1, 2, 4, 3, 2, 5, 8]"
User-007,0,trace_0398,1788389437.8222487,streaming,13070,443,443,0,203,8.870726346969604,108.69358515739441,0.2258435719692869,0.0,0,True,,1788389329.1285942,1788389337.9993205,1788389437.8221793,"[1788389337.9993205, 1788389338.5476851, 1788389339.1428585, 1788389339.769253, 1788389340.4182875, 1788389341.0992708, 1788389341.6492236, 1788389342.2564385, 1788389342.8697848, 1788389343.5204256, 1788389344.1974628, 1788389344.903452, 1788389345.6360285, 1788389346.395486, 1788389347.16886, 1788389347.7093601, 1788389348.3063924, 1788389348.9300578, 1788389349.5783448, 1788389350.2534695, 1788389350.9548752, 1788389351.6865532, 1788389352.345964, 1788389352.9056194, 1788389353.5155892, 1788389354.1494339, 1788389354.8092024, 1788389355.4961178, 1788389356.2072158, 1788389356.9463398, 1788389357.699669, 1788389358.243494, 1788389358.839011, 1788389359.462438, 1788389360.1088858, 1788389360.782405, 1788389361.4823961, 1788389362.2087295, 1788389362.9887571, 1788389363.5222328, 1788389364.113784, 1788389364.7354548, 1788389365.3777595, 1788389366.0474217, 1788389366.7419105, 1788389367.4622958, 1788389368.209944, 1788389368.9865987, 1788389369.7851307, 1788389370.4232497, 1788389370.982702, 1788389371.593556, 1788389372.2322166, 1788389372.8936667, 1788389373.583766, 1788389374.300246, 1788389375.0421045, 1788389375.810471, 1788389376.5691135, 1788389377.1113877, 1788389377.7167625, 1788389378.3378763, 1788389378.9840927, 1788389379.6580048, 1788389380.3588748, 1788389381.0839589, 1788389381.836262, 1788389382.6158617, 1788389383.4291463, 1788389384.245879, 1788389385.0984137, 1788389386.0115702, 1788389386.628661, 1788389387.176931, 1788389387.7899778, 1788389388.4273236, 1788389389.085732, 1788389389.7694018, 1788389390.4808443, 1788389391.215942, 1788389391.943073, 1788389392.49046, 1788389393.0871298, 1788389393.709745, 1788389394.3544245, 1788389395.0230815, 1788389395.7164872, 1788389396.4331439, 1788389397.1779983, 1788389397.9500594, 1788389398.747095, 1788389399.5680213, 1788389400.4223123, 1788389400.9579947, 1788389401.551445, 1788389402.1706905, 1788389402.8128476, 1788389403.4775653, 1788389404.1669214, 1788389404.880651, 1788389405.6223297, 1788389406.3868394, 1788389407.1618304, 1788389407.706136, 1788389408.307228, 1788389408.9258313, 1788389409.5756755, 1788389410.2374008, 1788389410.9277956, 1788389411.6429346, 1788389412.413256, 1788389412.9544435, 1788389413.5462615, 1788389414.161728, 1788389414.802805, 1788389415.4639547, 1788389416.1510258, 1788389416.8625686, 1788389417.4679947, 1788389418.0331054, 1788389418.6482942, 1788389419.2833207, 1788389419.9457326, 1788389420.6218922, 1788389421.3274996, 1788389422.057025, 1788389422.7210517, 1788389423.2754517, 1788389423.8835282, 1788389424.5098896, 1788389425.166965, 1788389425.8357162, 1788389426.4278831, 1788389426.996119, 1788389427.610682, 1788389428.244842, 1788389428.9045203, 1788389429.5853202, 1788389430.2931824, 1788389431.0256803, 1788389431.7827837, 1788389432.5634491, 1788389433.3675885, 1788389434.1901667, 1788389435.0392644, 1788389435.4211957, 1788389435.4724176, 1788389435.5628498, 1788389435.6465845, 1788389435.7341316, 1788389435.8199205, 1788389435.9127035, 1788389435.993221, 1788389436.0808258, 1788389436.1664958, 1788389436.254618, 1788389436.340286, 1788389436.4279335, 1788389436.513561, 1788389436.601404, 1788389436.6897182, 1788389436.7715144, 1788389436.8537307, 1788389436.9385393, 1788389437.0206416, 1788389437.1053965, 1788389437.1899052, 1788389437.2712765, 1788389437.350412, 1788389437.4319293, 1788389437.5161397, 1788389437.5924654, 1788389437.6664934, 1788389437.7417955, 1788389437.8176298]","[1, 4, 2, 1, 2, 1, 1, 1, 2, 2, 4, 2, 1, 3, 1, 3, 5, 3, 3, 3, 1, 3, 4, 1, 3, 1, 5, 1, 5, 1, 4, 2, 9, 2, 2, 2, 2, 1, 1, 1, 1, 9, 4, 4, 4, 2, 4, 1, 1, 3, 3, 3, 5, 1, 1, 2, 1, 3, 4, 6, 2, 4, 1, 4, 3, 1, 1, 1, 1, 6, 3, 4, 1, 2, 3, 2, 2, 1, 1, 2, 4, 1, 3, 4, 4, 1, 1, 1, 2, 1, 3, 1, 1, 1, 2, 3, 1, 1, 5, 2, 7, 4, 5, 2, 1, 1, 3, 3, 2, 3, 5, 5, 2, 1, 3, 1, 1, 1, 2, 1, 2, 2, 6, 2, 3, 2, 5, 2, 2, 1, 2, 1, 4, 1, 3, 4, 1, 2, 3, 7, 2, 5, 2, 3, 1, 6, 1, 1, 1, 3, 1, 2, 1, 3, 4, 2, 1, 1, 1, 2, 7, 2, 3, 6, 1, 1, 9, 3, 1, 1, 1, 6, 3, 1, 2]"
User-020,0,trace_0108,1788389441.1197531,streaming,16565,219,216,0,258,81.4685971736908,105.11309862136841,0.1099744253380354,0.0,0,True,,1788389336.0065186,1788389417.4751158,1788389441.1196172,"[1788389417.4751158, 1788389418.037405, 1788389418.6527946, 1788389419.2877655, 1788389419.9499214, 1788389420.6259592, 1788389421.3316221, 1788389422.0610642, 1788389422.726064, 1788389423.2801595, 1788389423.8882992, 1788389424.514532, 1788389425.1724687, 1788389425.8431182, 1788389427.0011487, 1788389428.2494972, 1788389428.9091775, 1788389429.5899282, 1788389430.2978783, 1788389431.0304084, 1788389431.787364, 1788389432.5680594, 1788389433.3750372, 1788389434.195024, 1788389435.0438533, 1788389435.4271338, 1788389435.4771478, 1788389435.5674992, 1788389435.6504996, 1788389435.738091, 1788389435.8237264, 1788389435.916679, 1788389435.997231, 1788389436.084684, 1788389436.1702082, 1788389436.2565355, 1788389436.3442354, 1788389436.4318657, 1788389436.5174575, 1788389436.6053011, 1788389436.6936526, 1788389436.7754714, 1788389436.857611, 1788389436.9427044, 1788389437.0245304, 1788389437.10934, 1788389437.1942074, 1788389437.2745726, 1788389437.3538132, 1788389437.4346092, 1788389437.5203357, 1788389437.5937715, 1788389437.6689134, 1788389437.7441528, 1788389437.8202915, 1788389437.8929195, 1788389437.9632163, 1788389438.0344446, 1788389438.105132, 1788389438.1758816, 1788389438.245831, 1788389438.3174617, 1788389438.387959, 1788389438.45905, 1788389438.5309377, 1788389438.6011262, 1788389438.6722312, 1788389438.7426004, 1788389438.81394, 1788389438.8841105, 1788389438.9591508, 1788389439.0257623, 1788389439.0970557, 1788389439.1689165, 1788389439.2414691, 1788389439.3109622, 1788389439.3806555, 1788389439.4521866, 1788389439.5291066, 1788389439.6003451, 1788389439.668089, 1788389439.740435, 1788389439.8060732, 1788389440.0181005, 1788389440.0686302, 1788389440.141814, 1788389440.2170742, 1788389440.2904115, 1788389440.3659112, 1788389440.439785, 1788389440.5147812, 1788389440.5898364, 1788389440.6650448, 1788389440.738882, 1788389440.8145258, 1788389440.888643, 1788389440.964316, 1788389441.0376756, 1788389441.1170568]","[1, 2, 1, 1, 1, 1, 1, 1, 2, 3, 1, 2, 3, 3, 1, 1, 1, 1, 1, 6, 2, 2, 1, 2, 4, 2, 2, 2, 1, 2, 3, 2, 2, 2, 4, 2, 2, 2, 2, 2, 3, 1, 2, 1, 2, 1, 1, 3, 1, 3, 5, 2, 1, 1, 2, 4, 4, 1, 3, 1, 3, 1, 1, 3, 7, 5, 3, 6, 2, 1, 3, 3, 1, 4, 3, 4, 5, 2, 1, 1, 1, 2, 1, 2, 2, 5, 2, 1, 2, 5, 1, 1, 2, 2, 3, 3, 1, 1, 1]"
User-019,0,trace_0587,1788389441.1201947,streaming,19031,253,253,0,297,82.52711081504822,111.22955870628357,0.11389860274299743,0.0,0,True,,1788389329.8903131,1788389412.417424,1788389441.1198719,"[1788389412.417424, 1788389412.9583907, 1788389413.5503998, 1788389414.1657631, 1788389414.8068266, 1788389415.467894, 1788389416.1549602, 1788389416.8665507, 1788389417.4756398, 1788389418.0379517, 1788389418.6533303, 1788389419.2883074, 1788389419.9504993, 1788389420.626497, 1788389421.332212, 1788389422.0616524, 1788389422.7265844, 1788389423.2806835, 1788389423.8888123, 1788389424.5150466, 1788389425.1729887, 1788389425.8438613, 1788389426.433068, 1788389427.0016477, 1788389427.6157677, 1788389428.2500079, 1788389428.9096725, 1788389429.5904195, 1788389430.2983959, 1788389431.0309868, 1788389431.7878733, 1788389432.568566, 1788389433.375551, 1788389434.195569, 1788389435.0444973, 1788389435.4276516, 1788389435.4778447, 1788389435.5680487, 1788389435.6510901, 1788389435.7386875, 1788389435.8242598, 1788389435.9172928, 1788389435.9977994, 1788389436.0852275, 1788389436.1721728, 1788389436.2567606, 1788389436.3447924, 1788389436.4323857, 1788389436.518022, 1788389436.6058843, 1788389436.6942546, 1788389436.7759788, 1788389436.8581376, 1788389436.9432354, 1788389437.0250654, 1788389437.1098564, 1788389437.1947515, 1788389437.2751074, 1788389437.3543386, 1788389437.4350705, 1788389437.5208843, 1788389437.5940213, 1788389437.6694412, 1788389437.7446892, 1788389437.8208349, 1788389437.893503, 1788389437.9637706, 1788389438.0349998, 1788389438.1056643, 1788389438.176397, 1788389438.2463622, 1788389438.317979, 1788389438.3884714, 1788389438.4595866, 1788389438.5315173, 1788389438.6016846, 1788389438.672746, 1788389438.743176, 1788389438.814455, 1788389438.8846292, 1788389438.9596717, 1788389439.0263004, 1788389439.097565, 1788389439.1694539, 1788389439.2421165, 1788389439.3115203, 1788389439.3811972, 1788389439.452724, 1788389439.5296507, 1788389439.6005833, 1788389439.6686156, 1788389439.7409544, 1788389439.806576, 1788389440.0186288, 1788389440.0692613, 1788389440.142337, 1788389440.2175722, 1788389440.2909648, 1788389440.366439, 1788389440.4403005, 1788389440.515159, 1788389440.590337, 1788389440.6655567, 1788389440.7392676, 1788389440.8150783, 1788389440.8891644, 1788389440.9648263, 1788389441.0381942, 1788389441.1178596]","[1, 1, 1, 4, 4, 1, 3, 1, 2, 2, 1, 3, 2, 3, 4, 1, 2, 3, 2, 3, 3, 1, 2, 1, 2, 6, 2, 2, 1, 1, 2, 1, 2, 2, 1, 3, 2, 2, 5, 3, 2, 7, 2, 1, 2, 1, 1, 2, 3, 5, 1, 1, 1, 1, 1, 2, 4, 1, 1, 1, 2, 2, 2, 4, 1, 5, 2, 3, 4, 3, 1, 2, 2, 4, 6, 2, 2, 3, 1, 2, 4, 1, 1, 2, 2, 1, 2, 1, 1, 2, 4, 1, 7, 3, 3, 2, 4, 1, 1, 3, 4, 2, 3, 1, 6, 5, 1, 3, 1]"
User-003,1,trace_0714,1788389445.1281376,streaming,30152,283,283,342,128,16.994271755218506,26.698137283325195,0.034410870667045,16.0,0,True,,1788389418.429832,1788389435.4241037,1788389445.1279693,"[1788389435.4241037, 1788389435.4747996, 1788389435.5652573, 1788389435.6521986, 1788389435.739763, 1788389435.8254395, 1788389435.9183142, 1788389435.9988582, 1788389436.0863092, 1788389436.1732562, 1788389436.2572217, 1788389436.345884, 1788389436.4335048, 1788389436.5191553, 1788389436.6070144, 1788389436.695325, 1788389436.7770286, 1788389436.859202, 1788389436.9441967, 1788389437.0261512, 1788389437.1109443, 1788389437.195825, 1788389437.2761402, 1788389437.355426, 1788389437.4359221, 1788389437.5219426, 1788389437.594522, 1788389437.6704845, 1788389437.7457871, 1788389437.8218746, 1788389437.8945894, 1788389437.9648356, 1788389438.0360608, 1788389438.1067243, 1788389438.1774197, 1788389438.247364, 1788389438.3190296, 1788389438.389502, 1788389438.4605293, 1788389438.5326107, 1788389438.6027238, 1788389438.6738527, 1788389438.7443173, 1788389438.8155217, 1788389438.8857224, 1788389438.9607668, 1788389439.0273707, 1788389439.098576, 1788389439.17051, 1788389439.2432318, 1788389439.3126197, 1788389439.3822503, 1788389439.453791, 1788389439.5307426, 1788389439.601103, 1788389439.6697464, 1788389439.7419817, 1788389439.8076649, 1788389440.019695, 1788389440.0703483, 1788389440.1434314, 1788389440.2186248, 1788389440.2919736, 1788389440.367507, 1788389440.4413648, 1788389440.5159898, 1788389440.5914154, 1788389440.6665988, 1788389440.7400868, 1788389440.8161676, 1788389440.8902056, 1788389440.9658358, 1788389441.0392842, 1788389441.1191826, 1788389441.1822937, 1788389441.2521954, 1788389441.3215497, 1788389441.3912237, 1788389441.4611275, 1788389441.530589, 1788389441.6004071, 1788389441.6706405, 1788389441.7396452, 1788389441.8114254, 1788389441.8797758, 1788389441.953199, 1788389442.0225263, 1788389442.5894184, 1788389443.184895, 1788389443.808593, 1788389444.4538991, 1788389445.127302]","[1, 5, 1, 1, 1, 2, 9, 1, 1, 1, 6, 1, 3, 3, 1, 2, 1, 7, 3, 1, 2, 2, 3, 3, 9, 5, 2, 3, 2, 1, 2, 3, 3, 3, 4, 3, 1, 4, 1, 3, 3, 1, 4, 2, 5, 6, 1, 1, 1, 1, 6, 1, 2, 6, 4, 1, 2, 3, 3, 6, 9, 7, 2, 1, 1, 2, 6, 2, 6, 4, 2, 5, 3, 1, 1, 3, 2, 7, 9, 3, 4, 2, 1, 1, 2, 6, 9, 3, 3, 4, 2, 1]"
User-017,1,trace_0726,1788389459.3903205,streaming,20374,153,153,312,5,0.4194509983062744,19.79374670982361,0.12746247178629824,7.0,0,True,,1788389439.5964508,1788389440.0159018,1788389459.3901975,"[1788389440.0159018, 1788389440.0645692, 1788389440.1394784, 1788389440.2147229, 1788389440.288124, 1788389440.3636436, 1788389440.4374561, 1788389440.512928, 1788389440.5875413, 1788389440.6626854, 1788389440.7370138, 1788389440.8122227, 1788389440.886335, 1788389440.961968, 1788389441.0354064, 1788389441.114812, 1788389441.1794891, 1788389441.2493382, 1788389441.3186092, 1788389441.388412, 1788389441.4583204, 1788389441.5277297, 1788389441.5975096, 1788389441.6677055, 1788389441.7367458, 1788389441.806646, 1788389441.8773468, 1788389441.9502823, 1788389442.0194817, 1788389442.5861979, 1788389443.1819916, 1788389443.805216, 1788389444.4509447, 1788389445.1242971, 1788389445.7964735, 1788389446.3524246, 1788389446.95401, 1788389447.583052, 1788389448.2354424, 1788389448.9121683, 1788389449.6174934, 1788389450.3473444, 1788389451.1052346, 1788389451.9055598, 1788389452.6652489, 1788389453.3869379, 1788389453.9343526, 1788389454.5336897, 1788389455.1588829, 1788389455.806832, 1788389456.4775953, 1788389457.1737542, 1788389457.8955817, 1788389458.6464798, 1788389459.3844543]","[1, 3, 4, 1, 2, 4, 2, 3, 3, 5, 2, 9, 5, 2, 4, 1, 5, 4, 2, 2, 6, 1, 1, 2, 1, 1, 1, 7, 1, 2, 1, 5, 3, 1, 2, 1, 9, 6, 3, 1, 2, 1, 2, 1, 1, 1, 1, 1, 3, 2, 7, 4, 1, 2, 5]"
User-007,1,trace_0398,1788389469.1800072,streaming,13738,115,115,203,11,3.9352173805236816,27.315842151641846,0.20509319974665055,45.0,0,True,,1788389441.8640826,1788389445.7993,1788389469.1799247,"[1788389445.7993, 1788389446.355189, 1788389446.9563541, 1788389447.5861008, 1788389448.2377796, 1788389448.9143121, 1788389449.619783, 1788389450.3495533, 1788389451.107577, 1788389451.9111512, 1788389452.6681907, 1788389453.3895779, 1788389453.9372222, 1788389454.5364287, 1788389455.1616988, 1788389455.8095975, 1788389456.4804626, 1788389457.1764383, 1788389457.898279, 1788389458.6492708, 1788389459.3886597, 1788389459.934165, 1788389460.5351005, 1788389461.1621363, 1788389461.814321, 1788389462.4891603, 1788389463.1871026, 1788389463.9117672, 1788389464.6692603, 1788389465.350297, 1788389465.9050956, 1788389466.5101984, 1788389467.1417184, 1788389467.7965999, 1788389468.4729352, 1788389469.1779404]","[1, 2, 1, 1, 3, 1, 5, 3, 4, 3, 9, 1, 3, 1, 9, 4, 1, 1, 3, 1, 3, 1, 1, 4, 7, 2, 9, 3, 6, 5, 2, 2, 1, 2, 5, 5]"
User-022,0,trace_0418,1788389485.0043945,streaming,12965,397,397,0,202,16.469911336898804,75.04412603378296,0.14791468357799029,0.0,0,True,,1788389409.9601636,1788389426.430075,1788389485.0042896,"[1788389426.430075, 1788389426.9980931, 1788389427.6125839, 1788389428.2466965, 1788389428.9063802, 1788389429.5871615, 1788389430.2950807, 1788389431.0276031, 1788389431.7845984, 1788389432.5653052, 1788389433.3694055, 1788389434.1921365, 1788389435.0411878, 1788389435.423254, 1788389435.4741914, 1788389435.5646315, 1788389435.648384, 1788389435.7359753, 1788389435.8215659, 1788389435.9144614, 1788389435.9950745, 1788389436.082497, 1788389436.1680052, 1788389436.2554903, 1788389436.342068, 1788389436.4297035, 1788389436.5153167, 1788389436.603195, 1788389436.6915805, 1788389436.7733154, 1788389436.855512, 1788389436.9405026, 1788389437.022394, 1788389437.1071904, 1788389437.1918602, 1788389437.2730327, 1788389437.3522494, 1788389437.4334219, 1788389437.5183969, 1788389437.5932672, 1788389437.6677253, 1788389437.7429504, 1788389437.8192012, 1788389437.8916965, 1788389437.9620063, 1788389438.033265, 1788389438.1039495, 1788389438.1746032, 1788389438.2446256, 1788389438.3162508, 1788389438.3867116, 1788389438.457789, 1788389438.5296412, 1788389438.5998778, 1788389438.6710308, 1788389438.741391, 1788389438.812768, 1788389438.8829315, 1788389438.9578855, 1788389439.024546, 1788389439.0959094, 1788389439.1676927, 1788389439.2378922, 1788389439.3097014, 1788389439.379393, 1788389439.4509873, 1788389439.5278177, 1788389439.599794, 1788389439.66691, 1788389439.7393687, 1788389439.8049858, 1788389440.0170598, 1788389440.0656857, 1788389440.1407607, 1788389440.216007, 1788389440.2893367, 1788389440.364809, 1788389440.4386916, 1788389440.513958, 1788389440.5887904, 1788389440.664006, 1788389440.7379937, 1788389440.8134918, 1788389440.8876154, 1788389440.9632354, 1788389441.0366466, 1788389441.1159358, 1788389441.180659, 1788389441.2504902, 1788389441.319872, 1788389441.3895555, 1788389441.4594111, 1788389441.528876, 1788389441.5986564, 1788389441.6689093, 1788389441.737892, 1788389441.809466, 1788389441.8783882, 1788389441.9515653, 1788389442.0209134, 1788389442.5876656, 1788389443.1833003, 1788389443.80669, 1788389444.4522073, 1788389445.1255732, 1788389445.7978096, 1788389446.3538482, 1788389446.9552987, 1788389447.5844808, 1788389448.2367227, 1788389448.9132602, 1788389449.618714, 1788389450.3484497, 1788389451.1064737, 1788389451.9070308, 1788389452.6665509, 1788389453.3880637, 1788389453.9354746, 1788389454.5348454, 1788389455.1600583, 1788389455.8080285, 1788389456.4788234, 1788389457.1748376, 1788389457.8967237, 1788389458.647707, 1788389459.3861234, 1788389459.931967, 1788389460.5334423, 1788389461.1598282, 1788389461.8119857, 1788389462.4865074, 1788389463.184935, 1788389463.9095178, 1788389464.6671643, 1788389465.347243, 1788389465.9019442, 1788389466.5070677, 1788389467.1390085, 1788389467.7937734, 1788389468.4701195, 1788389469.1752763, 1788389469.9010334, 1788389470.6628966, 1788389471.3725045, 1788389471.9064767, 1788389472.5088162, 1788389473.139185, 1788389473.7919397, 1788389474.469006, 1788389475.1677086, 1788389475.8927574, 1788389476.6455002, 1788389477.4281623, 1788389478.199133, 1788389478.7413347, 1788389479.3397794, 1788389479.9620318, 1788389480.606667, 1788389481.2751741, 1788389481.9709206, 1788389482.686397, 1788389483.43097, 1788389484.2011163, 1788389484.9997015]","[1, 4, 2, 1, 2, 1, 3, 1, 2, 2, 1, 1, 3, 2, 4, 4, 1, 1, 2, 1, 2, 6, 4, 3, 1, 2, 5, 1, 1, 2, 3, 6, 1, 2, 1, 1, 1, 1, 1, 7, 1, 1, 2, 2, 1, 1, 2, 3, 1, 3, 1, 3, 3, 5, 1, 2, 2, 1, 4, 1, 2, 1, 2, 4, 3, 6, 3, 1, 1, 1, 7, 2, 1, 2, 5, 3, 2, 4, 3, 1, 3, 2, 2, 2, 1, 4, 3, 2, 6, 3, 3, 2, 5, 1, 6, 1, 1, 1, 1, 1, 2, 2, 4, 3, 2, 6, 4, 1, 2, 1, 1, 3, 3, 4, 2, 2, 1, 2, 1, 1, 2, 4, 2, 1, 3, 4, 2, 1, 1, 2, 3, 2, 3, 2, 9, 3, 2, 3, 1, 1, 2, 4, 2, 2, 2, 1, 2, 2, 3, 8, 2, 1, 3, 4, 5, 7, 1, 2, 1, 1, 6, 2, 1, 1]"
User-020,1,trace_0108,1788389491.207287,streaming,19881,166,166,258,52,7.200470447540283,45.02134871482849,0.22921744404417096,12.0,0,True,,1788389446.1858077,1788389453.3862782,1788389491.2071564,"[1788389453.3862782, 1788389453.933539, 1788389454.5330184, 1788389455.158214, 1788389455.806179, 1788389456.476996, 1788389457.173119, 1788389457.8949528, 1788389458.645801, 1788389459.3837454, 1788389459.9303467, 1788389460.5324316, 1788389461.1584866, 1788389461.8104827, 1788389462.4849887, 1788389463.1836462, 1788389463.9083784, 1788389464.6658752, 1788389465.3460367, 1788389465.9002848, 1788389466.505743, 1788389467.1378493, 1788389467.7925057, 1788389468.4688654, 1788389469.1739502, 1788389469.8998616, 1788389470.66164, 1788389471.369596, 1788389471.903951, 1788389472.5064516, 1788389473.1368313, 1788389473.7895498, 1788389474.4666255, 1788389475.165445, 1788389475.8904262, 1788389476.6431878, 1788389477.4257143, 1788389478.194016, 1788389478.7385852, 1788389479.3375542, 1788389479.9596107, 1788389480.6042805, 1788389481.272688, 1788389481.96848, 1788389482.6838143, 1788389483.428752, 1788389484.198784, 1788389484.9973679, 1788389485.8173566, 1788389486.663889, 1788389487.4244065, 1788389487.9515128, 1788389488.5563629, 1788389489.1838295, 1788389489.8333538, 1788389490.5045195, 1788389491.202871]","[1, 4, 8, 2, 1, 1, 2, 1, 5, 1, 3, 3, 9, 3, 3, 6, 2, 7, 4, 2, 3, 1, 3, 4, 1, 6, 1, 1, 2, 1, 3, 6, 1, 3, 2, 4, 4, 2, 1, 3, 1, 2, 5, 4, 5, 1, 1, 6, 1, 2, 1, 3, 4, 3, 3, 2, 2]"
User-017,2,trace_0726,1788389494.063604,streaming,20593,127,127,317,3,9.859695196151733,32.55258750915527,0.18010231994447254,6.0,0,True,,1788389461.5109081,1788389471.3706033,1788389494.0634956,"[1788389471.3706033, 1788389471.9047718, 1788389472.5070877, 1788389473.1374638, 1788389473.790268, 1788389474.4672854, 1788389475.1660924, 1788389475.8910944, 1788389476.6438305, 1788389477.42634, 1788389478.1946871, 1788389478.7394261, 1788389479.338165, 1788389479.9602728, 1788389480.6049304, 1788389481.2733595, 1788389481.9692173, 1788389482.6845908, 1788389483.429366, 1788389484.1994271, 1788389484.9979908, 1788389485.8179817, 1788389486.6647127, 1788389487.4250953, 1788389487.9521592, 1788389488.5570233, 1788389489.1845036, 1788389489.8339875, 1788389490.5051527, 1788389491.2038333, 1788389491.9191952, 1788389492.5012639, 1788389492.566298, 1788389492.6538901, 1788389492.7419207, 1788389492.8283064, 1788389492.9163487, 1788389493.0029366, 1788389493.0905583, 1788389493.1774986, 1788389493.265281, 1788389493.3516343, 1788389493.4395628, 1788389493.526263, 1788389493.614132, 1788389493.7005427, 1788389493.7886457, 1788389493.8751068, 1788389493.9634368, 1788389494.052279]","[1, 1, 3, 1, 3, 9, 2, 1, 1, 6, 1, 3, 2, 3, 2, 2, 2, 1, 1, 1, 1, 2, 3, 5, 3, 3, 4, 3, 4, 2, 2, 6, 1, 4, 3, 6, 1, 3, 3, 2, 4, 1, 2, 2, 1, 1, 1, 1, 1, 6]"
User-004,1,trace_0629,1788389494.2329,streaming,29165,66,66,286,169,21.67641305923462,28.477602243423462,0.10463367975675143,142.0,0,True,,1788389465.7552128,1788389487.4316258,1788389494.232815,"[1788389487.4316258, 1788389487.9583952, 1788389488.5666265, 1788389489.1908658, 1788389489.8406062, 1788389490.5113401, 1788389491.2105541, 1788389491.9252367, 1788389492.5081992, 1788389492.5713685, 1788389492.660639, 1788389492.748586, 1788389492.8341956, 1788389492.9230375, 1788389493.009592, 1788389493.097249, 1788389493.1842544, 1788389493.2719274, 1788389493.3581598, 1788389493.4461288, 1788389493.5329895, 1788389493.6208048, 1788389493.7072246, 1788389493.7953053, 1788389493.8817863, 1788389493.9699645, 1788389494.0630424, 1788389494.1444633, 1788389494.2321568]","[1, 2, 1, 1, 2, 2, 1, 2, 1, 1, 5, 2, 1, 4, 2, 5, 4, 1, 4, 4, 5, 2, 2, 2, 1, 1, 3, 3, 1]"
User-023,0,trace_0562,1788389494.478277,streaming,20882,175,175,0,325,12.087144374847412,47.177772521972656,0.20167027670761634,0.0,0,True,,1788389447.300411,1788389459.3875554,1788389494.4781835,"[1788389459.3875554, 1788389459.9330645, 1788389460.5342698, 1788389461.1609318, 1788389461.8131135, 1788389462.4876842, 1788389463.186049, 1788389463.9106112, 1788389464.6682332, 1788389465.349281, 1788389465.9039397, 1788389466.5090613, 1788389467.1406534, 1788389467.7954779, 1788389468.4717753, 1788389469.17685, 1788389469.9026577, 1788389470.6645, 1788389471.3740678, 1788389471.9081385, 1788389472.5107548, 1788389473.1407764, 1788389473.7936735, 1788389474.4706752, 1788389475.1693556, 1788389475.8943822, 1788389476.6470797, 1788389477.429739, 1788389478.2007496, 1788389478.7430623, 1788389479.3414483, 1788389479.9636438, 1788389480.6083572, 1788389481.2767248, 1788389481.9725776, 1788389482.68812, 1788389483.4325607, 1788389484.202703, 1788389485.0017278, 1788389485.8209734, 1788389486.6677434, 1788389487.4278698, 1788389487.955177, 1788389488.5630724, 1788389489.1874955, 1788389489.8372235, 1788389490.5080903, 1788389491.2067213, 1788389491.921982, 1788389492.5042396, 1788389492.5685067, 1788389492.6569011, 1788389492.744745, 1788389492.8311903, 1788389492.9191341, 1788389493.005808, 1788389493.0934541, 1788389493.180425, 1788389493.2680738, 1788389493.3545277, 1788389493.4423094, 1788389493.5291812, 1788389493.6170852, 1788389493.7034318, 1788389493.7915258, 1788389493.8781345, 1788389493.9662793, 1788389494.0557098, 1788389494.1404028, 1788389494.2279665, 1788389494.308453, 1788389494.389445, 1788389494.47427]","[1, 7, 2, 1, 3, 1, 2, 4, 2, 1, 3, 1, 3, 1, 2, 1, 4, 1, 1, 2, 1, 1, 2, 1, 2, 6, 1, 3, 2, 1, 1, 2, 5, 1, 1, 2, 3, 5, 1, 4, 1, 4, 1, 4, 1, 2, 2, 3, 3, 1, 3, 2, 1, 3, 3, 2, 1, 3, 2, 3, 3, 5, 2, 1, 1, 3, 2, 7, 1, 6, 3, 6, 2]"
User-011,0,trace_0694,1788389494.7978363,streaming,24258,686,586,0,378,41.14756178855896,165.5206048488617,0.2126034924107739,0.0,0,True,,1788389329.2771425,1788389370.4247043,1788389494.7977474,"[1788389370.4247043, 1788389370.9842508, 1788389371.5941904, 1788389372.2328377, 1788389372.8942914, 1788389373.5843747, 1788389374.3008957, 1788389375.0427213, 1788389375.811146, 1788389376.5696814, 1788389377.112036, 1788389377.7173924, 1788389378.3385625, 1788389378.9846952, 1788389379.6586401, 1788389380.3595312, 1788389381.0845833, 1788389381.836871, 1788389382.6164832, 1788389383.4297755, 1788389384.2465367, 1788389385.099081, 1788389386.013071, 1788389386.6298044, 1788389387.178288, 1788389387.7939527, 1788389388.4284773, 1788389389.0869231, 1788389389.7705467, 1788389390.4819963, 1788389391.2171652, 1788389391.9450521, 1788389392.4921763, 1788389393.0888534, 1788389393.7115078, 1788389394.3561792, 1788389395.0247252, 1788389395.7181578, 1788389396.4344573, 1788389397.1797664, 1788389397.9517653, 1788389398.7487864, 1788389399.5696402, 1788389400.424114, 1788389400.959962, 1788389401.5531194, 1788389402.1725004, 1788389402.8145263, 1788389403.4793627, 1788389404.1686296, 1788389404.8824203, 1788389405.6241376, 1788389406.388535, 1788389407.163596, 1788389407.7080584, 1788389408.3092604, 1788389408.9277577, 1788389409.5774617, 1788389410.2395024, 1788389410.929596, 1788389411.6448, 1788389412.4150898, 1788389412.956337, 1788389413.5480814, 1788389414.1635795, 1788389414.8046327, 1788389415.465772, 1788389416.152856, 1788389416.8644352, 1788389417.4697819, 1788389418.035019, 1788389418.6503036, 1788389419.2854047, 1788389419.9476929, 1788389420.6238086, 1788389421.3293867, 1788389422.0589643, 1788389422.7231317, 1788389423.2773309, 1788389423.8854256, 1788389424.5118124, 1788389425.169487, 1788389425.8369892, 1788389426.4292145, 1788389426.9975502, 1788389427.6120439, 1788389428.246131, 1788389428.9058242, 1788389429.5865753, 1788389430.2944994, 1788389431.0270338, 1788389431.7840495, 1788389432.564757, 1788389433.3688414, 1788389434.1915402, 1788389435.040612, 1788389435.4225569, 1788389435.4736671, 1788389435.5640473, 1788389435.7354581, 1788389435.9139452, 1788389435.994497, 1788389436.1675308, 1788389436.25524, 1788389436.3415341, 1788389436.4291875, 1788389436.6026406, 1788389436.6910694, 1788389436.939821, 1788389437.1911798, 1788389437.351588, 1788389437.4329214, 1788389437.5178618, 1788389437.592937, 1788389437.6671805, 1788389437.7423923, 1788389437.8910973, 1788389437.9614074, 1788389438.0326562, 1788389438.103311, 1788389438.1740165, 1788389438.3156457, 1788389438.3861268, 1788389438.4572067, 1788389438.5290394, 1788389438.5992918, 1788389438.7407951, 1788389438.8121815, 1788389438.882313, 1788389438.9572759, 1788389439.0239563, 1788389439.1671073, 1788389439.2373002, 1788389439.309039, 1788389439.450374, 1788389439.5994444, 1788389439.6661208, 1788389439.7386286, 1788389439.8043454, 1788389440.0651793, 1788389440.1401172, 1788389440.2153723, 1788389440.2887292, 1788389440.4380777, 1788389440.513456, 1788389440.5881572, 1788389440.663379, 1788389440.8128796, 1788389440.8869994, 1788389440.9625695, 1788389441.0360324, 1788389441.1801236, 1788389441.249952, 1788389441.319288, 1788389441.3890252, 1788389441.5283444, 1788389441.598125, 1788389441.668354, 1788389441.7373583, 1788389441.8779736, 1788389441.9510372, 1788389442.0203533, 1788389442.5870607, 1788389443.8060834, 1788389444.4516063, 1788389445.1249583, 1788389445.797218, 1788389446.954662, 1788389447.5839143, 1788389448.2361045, 1788389449.6181207, 1788389451.105872, 1788389451.9063883, 1788389452.665929, 1788389453.3875666, 1788389454.534303, 1788389455.1595469, 1788389455.807486, 1788389456.4782786, 1788389457.8962104, 1788389458.6471872, 1788389459.3855894, 1788389459.931374, 1788389461.1592047, 1788389461.8114088, 1788389462.4858277, 1788389463.1843152, 1788389464.6665082, 1788389465.346684, 1788389465.9012148, 1788389466.506396, 1788389467.7931283, 1788389468.4695044, 1788389469.1746156, 1788389470.6622508, 1788389471.9059637, 1788389472.5083113, 1788389473.1386292, 1788389474.4684923, 1788389475.8922462, 1788389476.6449914, 1788389477.427635, 1788389478.7408085, 1788389479.9614913, 1788389480.606151, 1788389481.2745957, 1788389482.685867, 1788389484.20062, 1788389484.9991717, 1788389485.8192074, 1788389487.4263265, 1788389488.558226, 1788389489.1858208, 1788389489.8352394, 1788389490.5064306, 1788389491.2051246, 1788389492.5024984, 1788389492.56725, 1788389492.6552458, 1788389492.8296008, 1788389493.0042315, 1788389493.0918639, 1788389493.1788197, 1788389493.352957, 1788389493.5276034, 1788389493.6154594, 1788389493.7018125, 1788389493.7899644, 1788389493.8762844, 1788389494.0540829, 1788389494.138664, 1788389494.2260466, 1788389494.3065736, 1788389494.3875108, 1788389494.5512667, 1788389494.6313484, 1788389494.7093284, 1788389494.792515]","[1, 1, 2, 1, 1, 1, 1, 1, 2, 3, 4, 2, 2, 2, 1, 3, 1, 4, 1, 1, 2, 4, 2, 2, 1, 1, 1, 1, 4, 1, 3, 7, 2, 1, 2, 2, 3, 1, 4, 4, 5, 3, 3, 4, 9, 2, 6, 7, 2, 9, 3, 9, 3, 1, 6, 9, 9, 9, 7, 4, 2, 6, 3, 7, 9, 9, 3, 2, 5, 1, 5, 4, 3, 3, 1, 2, 1, 2, 2, 4, 1, 1, 4, 2, 1, 2, 1, 1, 3, 2, 1, 2, 1, 3, 3, 3, 3, 1, 4, 1, 1, 1, 1, 3, 2, 1, 1, 1, 1, 1, 1, 1, 1, 3, 2, 1, 1, 1, 1, 5, 1, 1, 1, 1, 5, 1, 1, 1, 1, 5, 1, 1, 1, 6, 1, 1, 1, 6, 1, 1, 1, 6, 1, 1, 1, 6, 1, 1, 1, 6, 1, 1, 1, 6, 1, 1, 1, 6, 1, 1, 1, 6, 1, 1, 1, 6, 1, 1, 1, 6, 1, 1, 1, 6, 1, 1, 1, 6, 1, 1, 1, 6, 1, 1, 1, 6, 1, 1, 1, 6, 1, 1, 1, 6, 1, 1, 1, 6, 1, 1, 1, 6, 1, 1, 1, 6, 1, 1, 1, 6, 1, 1, 1, 1, 5, 1, 1, 1, 6, 1, 1, 1, 6, 1, 1, 1, 1, 5, 1, 1, 1, 1, 5, 1, 1, 1, 1, 2]"
User-013,3,trace_0253,1788389495.9515517,streaming,23774,163,163,332,13,15.87941288948059,33.62873196601868,0.10956369800332152,30.0,0,True,,1788389462.3227186,1788389478.2021315,1788389495.9514506,"[1788389478.2021315, 1788389478.744177, 1788389479.3425782, 1788389479.9647894, 1788389480.6094263, 1788389481.2777908, 1788389481.9737008, 1788389482.6891725, 1788389483.4336905, 1788389484.203892, 1788389485.0027938, 1788389485.8222663, 1788389486.6688368, 1788389487.4288945, 1788389487.9562702, 1788389488.5643692, 1788389489.1886313, 1788389489.8383603, 1788389490.5091584, 1788389491.2083905, 1788389491.9230564, 1788389492.5061498, 1788389492.5697112, 1788389492.658504, 1788389492.7463982, 1788389492.8325636, 1788389492.9207923, 1788389493.0075133, 1788389493.0951283, 1788389493.1819944, 1788389493.2697692, 1788389493.3561494, 1788389493.4439473, 1788389493.5309112, 1788389493.6186993, 1788389493.704971, 1788389493.7932014, 1788389493.879715, 1788389493.9678483, 1788389494.0575173, 1788389494.1421707, 1788389494.2297132, 1788389494.3100889, 1788389494.3911247, 1788389494.476176, 1788389494.55418, 1788389494.6343126, 1788389494.7122808, 1788389494.795768, 1788389494.8698487, 1788389494.947229, 1788389495.0227652, 1788389495.100373, 1788389495.1759279, 1788389495.253909, 1788389495.3295975, 1788389495.4101238, 1788389495.483095, 1788389495.5603945, 1788389495.6360545, 1788389495.7850106, 1788389495.788414, 1788389495.87521, 1788389495.9489515]","[1, 5, 5, 2, 5, 1, 3, 2, 3, 1, 1, 2, 1, 7, 2, 2, 1, 4, 2, 1, 1, 1, 2, 2, 6, 9, 1, 3, 1, 2, 3, 3, 1, 1, 5, 1, 1, 2, 9, 1, 3, 2, 6, 1, 1, 2, 1, 3, 1, 1, 4, 1, 1, 2, 3, 6, 1, 2, 1, 3, 4, 3, 3, 2]"
User-008,1,trace_0707,1788389502.7583234,streaming,19859,309,309,302,7,8.12669825553894,58.974247455596924,0.16508944545473372,16.0,0,True,,1788389443.783917,1788389451.9106152,1788389502.7581644,"[1788389451.9106152, 1788389452.6676815, 1788389453.389062, 1788389453.9366994, 1788389454.5358582, 1788389455.1611161, 1788389455.809075, 1788389456.4799097, 1788389457.1759093, 1788389457.8977628, 1788389458.6487434, 1788389459.3881104, 1788389459.9336023, 1788389460.534666, 1788389461.1614356, 1788389461.81373, 1788389462.4884133, 1788389463.186552, 1788389463.9111884, 1788389464.668735, 1788389465.3497975, 1788389465.9045455, 1788389466.5095916, 1788389467.141189, 1788389467.7960117, 1788389468.4723155, 1788389469.1773698, 1788389469.9032333, 1788389470.6650379, 1788389471.3745596, 1788389471.9086444, 1788389472.5113347, 1788389473.1413357, 1788389473.7941942, 1788389474.4712448, 1788389475.1699176, 1788389475.894972, 1788389476.6476526, 1788389477.4302566, 1788389478.201288, 1788389478.7435746, 1788389479.342024, 1788389479.9642355, 1788389480.608894, 1788389481.277287, 1788389481.9730961, 1788389482.6886425, 1788389483.433155, 1788389484.2033575, 1788389485.0022595, 1788389485.8216965, 1788389486.6682563, 1788389487.4283848, 1788389487.955686, 1788389488.5637825, 1788389489.1881106, 1788389489.8377604, 1788389490.508614, 1788389491.2077868, 1788389491.9225144, 1788389492.5056293, 1788389492.5693045, 1788389492.657957, 1788389492.745802, 1788389492.83211, 1788389492.9202378, 1788389493.0069757, 1788389493.0945203, 1788389493.181476, 1788389493.269237, 1788389493.3556447, 1788389493.4433968, 1788389493.5303812, 1788389493.618182, 1788389493.7044656, 1788389493.792623, 1788389493.8791819, 1788389493.9673367, 1788389494.0567927, 1788389494.141519, 1788389494.2291453, 1788389494.3095462, 1788389494.3905618, 1788389494.475654, 1788389494.5536387, 1788389494.6337607, 1788389494.711725, 1788389494.7952192, 1788389494.8692822, 1788389494.946656, 1788389495.0221875, 1788389495.0998237, 1788389495.1753564, 1788389495.2532947, 1788389495.3290563, 1788389495.4095547, 1788389495.4825, 1788389495.559798, 1788389495.635486, 1788389495.7845929, 1788389495.788112, 1788389495.874415, 1788389495.9483821, 1788389496.5092325, 1788389497.100781, 1788389497.7198718, 1788389498.3634863, 1788389499.0289662, 1788389499.719572, 1788389500.4417, 1788389501.1945724, 1788389502.0145073, 1788389502.7551367]","[1, 1, 3, 1, 4, 3, 1, 5, 3, 2, 4, 1, 4, 1, 1, 8, 4, 2, 8, 2, 2, 1, 3, 1, 4, 4, 3, 4, 2, 4, 1, 1, 1, 2, 2, 3, 4, 2, 6, 1, 9, 2, 3, 2, 2, 2, 4, 2, 2, 2, 2, 6, 2, 1, 4, 1, 5, 2, 6, 2, 1, 4, 2, 1, 1, 3, 2, 3, 1, 6, 1, 3, 3, 1, 1, 1, 2, 3, 4, 1, 5, 1, 4, 1, 1, 3, 4, 3, 1, 2, 2, 3, 5, 9, 2, 5, 1, 6, 4, 1, 2, 9, 1, 1, 1, 3, 3, 2, 2, 2, 2, 1, 2]"
User-021,1,trace_0266,1788389503.9853952,streaming,22198,496,496,296,50,7.083449840545654,58.3991482257843,0.10366807754593667,11.0,0,True,,1788389445.586116,1788389452.669566,1788389503.9852643,"[1788389452.669566, 1788389453.3906233, 1788389453.9383059, 1788389454.5375261, 1788389455.162998, 1788389455.8107052, 1788389456.4815419, 1788389457.1774826, 1788389457.8993704, 1788389458.650321, 1788389459.3898332, 1788389459.9352896, 1788389460.536176, 1788389461.1635072, 1788389461.8154886, 1788389462.4902368, 1788389463.1882544, 1788389463.9128995, 1788389464.6703532, 1788389465.3513222, 1788389465.9062035, 1788389466.5112827, 1788389467.1428578, 1788389467.7976928, 1788389468.4739916, 1788389469.179575, 1788389469.9043705, 1788389470.6662283, 1788389471.3756151, 1788389471.9096866, 1788389472.5123534, 1788389473.142355, 1788389473.7952726, 1788389474.4726753, 1788389475.1709719, 1788389475.8960207, 1788389476.6486883, 1788389477.431391, 1788389478.2031991, 1788389478.745301, 1788389479.3437269, 1788389479.9658713, 1788389480.6105382, 1788389481.278913, 1788389481.9748318, 1788389482.690213, 1788389483.434782, 1788389484.204928, 1788389485.003863, 1788389485.8233206, 1788389486.6698825, 1788389487.430784, 1788389487.957833, 1788389488.5660744, 1788389489.190288, 1788389489.840022, 1788389490.510817, 1788389491.2100394, 1788389491.9246683, 1788389492.5076623, 1788389492.5709639, 1788389492.660134, 1788389492.7480555, 1788389492.833795, 1788389492.9224875, 1788389493.0090842, 1788389493.0966823, 1788389493.1836596, 1788389493.2713354, 1788389493.3576217, 1788389493.4455593, 1788389493.53246, 1788389493.6202757, 1788389493.706622, 1788389493.7947717, 1788389493.8812294, 1788389493.9693987, 1788389494.0622313, 1788389494.1438525, 1788389494.2313926, 1788389494.3117516, 1788389494.3927364, 1788389494.4777951, 1788389494.5557635, 1788389494.6359072, 1788389494.7138486, 1788389494.7973716, 1788389494.871515, 1788389494.9489112, 1788389495.0244143, 1788389495.1019933, 1788389495.1775813, 1788389495.255599, 1788389495.331184, 1788389495.4117165, 1788389495.4846513, 1788389495.5620093, 1788389495.6376796, 1788389495.7860096, 1788389495.78921, 1788389495.8766148, 1788389495.9511406, 1788389496.5109468, 1788389497.1027014, 1788389497.721581, 1788389498.3651621, 1788389499.0306776, 1788389499.721228, 1788389500.4432778, 1788389501.1962945, 1788389502.016841, 1788389502.7577834, 1788389503.4316835, 1788389503.9845855]","[1, 1, 7, 4, 5, 4, 1, 3, 1, 1, 3, 4, 2, 4, 4, 3, 4, 2, 3, 9, 9, 9, 7, 1, 5, 1, 3, 6, 1, 5, 3, 3, 2, 8, 2, 1, 1, 1, 1, 6, 1, 1, 1, 2, 1, 3, 9, 9, 9, 9, 5, 9, 9, 2, 6, 6, 2, 1, 4, 2, 2, 1, 4, 3, 1, 1, 5, 9, 6, 2, 9, 4, 3, 9, 1, 5, 9, 9, 6, 1, 1, 2, 2, 3, 1, 1, 9, 9, 7, 4, 3, 3, 4, 9, 9, 9, 9, 9, 6, 2, 2, 2, 5, 4, 2, 4, 5, 4, 9, 4, 9, 9, 9, 4]"
User-025,0,trace_0588,1788389505.2256355,streaming,20769,205,205,0,324,10.862671852111816,44.716596841812134,0.1659506126946094,0.0,0,True,,1788389460.5089247,1788389471.3715966,1788389505.2255216,"[1788389471.3715966, 1788389471.905422, 1788389472.5077577, 1788389473.138106, 1788389473.7909708, 1788389474.4679637, 1788389475.166765, 1788389475.8917296, 1788389476.6444774, 1788389477.4270697, 1788389478.1979284, 1788389478.740255, 1788389479.3388286, 1788389479.9609468, 1788389480.6055756, 1788389481.2739944, 1788389481.9699037, 1788389482.6851768, 1788389483.4299898, 1788389484.2000563, 1788389484.9985778, 1788389485.8186467, 1788389486.6653676, 1788389487.4257977, 1788389487.9529908, 1788389488.5576692, 1788389489.1852458, 1788389489.8346536, 1788389490.5058484, 1788389491.2045763, 1788389491.9198053, 1788389492.5019677, 1788389492.5668325, 1788389492.6545496, 1788389492.7425659, 1788389492.8289607, 1788389492.9169436, 1788389493.003584, 1788389493.0912054, 1788389493.1781437, 1788389493.265906, 1788389493.352258, 1788389493.4401913, 1788389493.5269296, 1788389493.614787, 1788389493.7011504, 1788389493.7892506, 1788389493.8757057, 1788389493.964051, 1788389494.0532055, 1788389494.1379254, 1788389494.2253957, 1788389494.3058949, 1788389494.3868637, 1788389494.4719656, 1788389494.5506048, 1788389494.6306968, 1788389494.708738, 1788389494.7918785, 1788389494.8668854, 1788389494.944261, 1788389495.019726, 1788389495.0973284, 1788389495.1728835, 1788389495.250896, 1788389495.3265812, 1788389495.4070132, 1788389495.4800406, 1788389495.557331, 1788389495.6329565, 1788389495.7818959, 1788389495.786839, 1788389495.8715646, 1788389495.9458137, 1788389496.5063787, 1788389497.0980282, 1788389497.717438, 1788389498.3609877, 1788389499.0265949, 1788389499.717348, 1788389500.4394245, 1788389501.1921248, 1788389502.011257, 1788389502.7521665, 1788389503.427417, 1788389503.9801254, 1788389504.583523, 1788389505.2210953]","[1, 1, 5, 2, 4, 1, 1, 1, 1, 2, 3, 1, 1, 2, 4, 4, 2, 2, 1, 2, 4, 1, 1, 1, 1, 2, 4, 1, 3, 1, 2, 2, 2, 3, 3, 1, 3, 3, 1, 2, 1, 4, 1, 7, 3, 3, 2, 2, 2, 1, 1, 1, 7, 4, 1, 2, 1, 1, 2, 1, 1, 2, 4, 1, 3, 3, 3, 9, 3, 1, 1, 1, 1, 2, 1, 1, 2, 3, 4, 2, 2, 1, 2, 2, 2, 9, 9, 1]"
User-007,2,trace_0398,1788389508.979367,streaming,13999,202,202,214,4,14.190173387527466,35.73971438407898,0.10721164674901251,7.0,0,True,,1788389473.2396,1788389487.4297733,1788389508.9793143,"[1788389487.4297733, 1788389487.9568033, 1788389488.5649335, 1788389489.189168, 1788389489.8389308, 1788389490.509738, 1788389491.2089255, 1788389491.923635, 1788389492.5066535, 1788389492.570109, 1788389492.659089, 1788389492.7470272, 1788389492.832982, 1788389492.9213827, 1788389493.0080414, 1788389493.0956614, 1788389493.182608, 1788389493.2703142, 1788389493.3567166, 1788389493.4445279, 1788389493.5314102, 1788389493.6193361, 1788389493.7055597, 1788389493.7937064, 1788389493.88022, 1788389493.968381, 1788389494.0580387, 1788389494.1427433, 1788389494.2302358, 1788389494.3106842, 1788389494.391643, 1788389494.4767053, 1788389494.5546951, 1788389494.6348221, 1788389494.7127845, 1788389494.7962925, 1788389494.8703754, 1788389494.9477706, 1788389495.0233092, 1788389495.100894, 1788389495.176492, 1788389495.254479, 1788389495.330114, 1788389495.4106343, 1788389495.4835968, 1788389495.5609019, 1788389495.6365614, 1788389495.7852528, 1788389495.7886379, 1788389495.8758388, 1788389495.9498992, 1788389496.509755, 1788389497.101324, 1788389497.7204254, 1788389498.3640406, 1788389499.0296464, 1788389499.7201476, 1788389500.44221, 1788389501.1951582, 1788389502.0158365, 1788389502.7564914, 1788389503.4306333, 1788389503.9834766, 1788389504.5873747, 1788389505.2246835, 1788389505.876529, 1788389506.5579343, 1788389507.1495192, 1788389507.7207837, 1788389508.3357043, 1788389508.9779992]","[1, 4, 8, 2, 3, 2, 2, 3, 1, 4, 1, 3, 6, 4, 8, 4, 2, 3, 1, 3, 4, 1, 6, 2, 1, 3, 7, 3, 2, 6, 1, 3, 1, 3, 1, 2, 4, 5, 5, 1, 1, 6, 1, 2, 1, 3, 4, 3, 3, 2, 2, 1, 2, 6, 2, 2, 1, 1, 3, 2, 2, 5, 1, 1, 1, 3, 1, 2, 5, 3, 4]"
User-017,3,trace_0726,1788389513.446212,streaming,20794,112,112,320,2,4.795004606246948,16.22582244873047,0.10298034092327496,6.0,0,True,,1788389497.220314,1788389502.0153186,1788389513.4461365,"[1788389502.0153186, 1788389502.7559416, 1788389503.4300866, 1788389503.9829113, 1788389504.586847, 1788389505.2241597, 1788389505.876012, 1788389506.5573823, 1788389507.1490147, 1788389507.720035, 1788389508.3351746, 1788389508.9774406, 1788389509.6392028, 1788389510.3297737, 1788389511.0411716, 1788389511.5486841, 1788389511.5827825, 1788389511.6614666, 1788389511.7423687, 1788389511.8483992, 1788389511.900302, 1788389511.9822555, 1788389512.0586305, 1788389512.3063517, 1788389512.3617468, 1788389512.4442499, 1788389512.5273545, 1788389512.6086528, 1788389512.691864, 1788389512.7724664, 1788389512.8559213, 1788389512.9372985, 1788389513.0456629, 1788389513.1059515, 1788389513.1847985, 1788389513.3740735, 1788389513.4433365]","[1, 3, 3, 2, 3, 2, 1, 4, 1, 2, 1, 3, 2, 1, 3, 4, 2, 5, 5, 4, 1, 6, 3, 1, 1, 5, 3, 6, 1, 3, 4, 9, 7, 3, 1, 4, 2]"
User-026,0,trace_0569,1788389513.8587558,streaming,18579,191,191,0,289,9.909583806991577,31.263059377670288,0.11238671352988795,0.0,0,True,,1788389482.5955284,1788389492.5051122,1788389513.8585877,"[1788389492.5051122, 1788389492.56893, 1788389492.657437, 1788389492.745243, 1788389492.8317037, 1788389492.919703, 1788389493.0063481, 1788389493.0939558, 1788389493.1809597, 1788389493.2685924, 1788389493.3551064, 1788389493.442863, 1788389493.529742, 1788389493.6176522, 1788389493.703963, 1788389493.7920468, 1788389493.8786576, 1788389493.966826, 1788389494.056287, 1788389494.140953, 1788389494.2285683, 1788389494.309022, 1788389494.390031, 1788389494.4751031, 1788389494.5530968, 1788389494.633187, 1788389494.7111776, 1788389494.7946677, 1788389494.8687692, 1788389494.9460962, 1788389495.021642, 1788389495.0992727, 1788389495.1748223, 1788389495.25275, 1788389495.3285105, 1788389495.4089923, 1788389495.4819603, 1788389495.5592558, 1788389495.6349308, 1788389495.784305, 1788389495.7878716, 1788389495.8737404, 1788389495.9476824, 1788389496.5086303, 1788389497.099971, 1788389497.7193096, 1788389498.3629644, 1788389499.028443, 1788389499.719046, 1788389500.4411793, 1788389501.1940324, 1788389502.013994, 1788389502.7545578, 1788389503.4295611, 1788389503.9823847, 1788389504.5862038, 1788389505.2236578, 1788389505.8754878, 1788389506.5568733, 1788389507.148486, 1788389507.7194762, 1788389508.3346076, 1788389508.9768994, 1788389509.6386456, 1788389510.3292549, 1788389511.0406444, 1788389511.548144, 1788389511.5822375, 1788389511.6609216, 1788389511.7418647, 1788389511.848161, 1788389511.8997908, 1788389511.98175, 1788389512.0581102, 1788389512.3058639, 1788389512.3612375, 1788389512.4437418, 1788389512.5268257, 1788389512.6081386, 1788389512.6913314, 1788389512.7719724, 1788389512.8553996, 1788389512.9367673, 1788389513.0454195, 1788389513.1054554, 1788389513.184293, 1788389513.37277, 1788389513.4422672, 1788389513.5244527, 1788389513.607966, 1788389513.6893427, 1788389513.7725477, 1788389513.8553605]","[1, 1, 1, 4, 4, 3, 1, 3, 1, 2, 4, 2, 3, 3, 2, 4, 1, 2, 3, 2, 3, 1, 3, 2, 3, 6, 2, 2, 1, 3, 1, 1, 1, 3, 4, 1, 4, 1, 2, 1, 2, 2, 9, 1, 3, 2, 1, 1, 2, 1, 2, 3, 2, 2, 1, 1, 1, 1, 1, 4, 2, 2, 5, 1, 1, 1, 4, 1, 1, 1, 2, 2, 1, 3, 3, 2, 1, 1, 1, 1, 1, 3, 1, 1, 1, 2, 2, 1, 3, 1, 2, 1, 2]"
User-021,2,trace_0266,1788389517.4200277,streaming,22699,217,217,346,7,1.408543586730957,7.278986692428589,0.02717797734119274,15.0,0,True,,1788389510.1409514,1788389511.549495,1788389517.419938,"[1788389511.549495, 1788389511.5833068, 1788389511.6619859, 1788389511.7429237, 1788389511.8486433, 1788389511.900802, 1788389511.9828272, 1788389512.0591915, 1788389512.306857, 1788389512.3622317, 1788389512.4447944, 1788389512.5278635, 1788389512.6091866, 1788389512.6923766, 1788389512.77298, 1788389512.8564749, 1788389512.937863, 1788389513.045918, 1788389513.106463, 1788389513.1853063, 1788389513.3746076, 1788389513.4442732, 1788389513.5255024, 1788389513.6089737, 1788389513.6904237, 1788389513.773574, 1788389513.8566787, 1788389513.9373977, 1788389514.0154986, 1788389514.1157873, 1788389514.1744637, 1788389514.2580009, 1788389514.3347056, 1788389514.8995302, 1788389515.4919877, 1788389516.1082406, 1788389516.7516797, 1788389517.4174986]","[1, 1, 2, 8, 9, 9, 6, 9, 9, 9, 9, 9, 9, 9, 9, 9, 8, 1, 8, 3, 3, 3, 9, 1, 2, 5, 3, 3, 9, 3, 3, 9, 3, 4, 9, 3, 5, 3]"
User-022,1,trace_0418,1788389518.835751,streaming,13367,162,162,202,6,9.046859979629517,20.736238718032837,0.07260483688449268,20.0,0,True,,1788389498.0994492,1788389507.1463091,1788389518.8356879,"[1788389507.1463091, 1788389507.717202, 1788389508.3323886, 1788389508.9745982, 1788389509.6364024, 1788389510.326852, 1788389511.0383177, 1788389511.5459392, 1788389511.5799873, 1788389511.6586502, 1788389511.7396083, 1788389511.8471367, 1788389511.8975573, 1788389511.9795635, 1788389512.0559065, 1788389512.3036873, 1788389512.3591201, 1788389512.441451, 1788389512.5245664, 1788389512.6058037, 1788389512.6889396, 1788389512.7697177, 1788389512.8531227, 1788389512.9344075, 1788389513.0444226, 1788389513.1031916, 1788389513.1820743, 1788389513.370583, 1788389513.4400842, 1788389513.5222063, 1788389513.6056836, 1788389513.6869457, 1788389513.7702107, 1788389513.8530204, 1788389513.934502, 1788389514.0126047, 1788389514.1135168, 1788389514.171511, 1788389514.2553518, 1788389514.3333483, 1788389514.8964262, 1788389515.488876, 1788389516.1053946, 1788389516.7487447, 1788389517.4144142, 1788389518.1048498, 1788389518.8312812]","[1, 4, 2, 3, 5, 3, 3, 3, 2, 9, 5, 9, 5, 2, 3, 1, 1, 1, 6, 1, 9, 3, 1, 4, 2, 2, 2, 4, 1, 2, 4, 2, 3, 2, 6, 8, 6, 5, 4, 1, 3, 5, 1, 4, 3, 4, 2]"
User-024,0,trace_0255,1788389521.9467528,streaming,20409,369,369,0,318,14.026598691940308,70.6250102519989,0.1538000314132027,0.0,0,True,,1788389451.3216493,1788389465.348248,1788389521.9466596,"[1788389465.348248, 1788389465.902559, 1788389466.5076435, 1788389467.1395895, 1788389467.7943518, 1788389468.4706671, 1788389469.1758206, 1788389469.9015987, 1788389470.6634521, 1788389471.3730206, 1788389471.9070246, 1788389472.5095005, 1788389473.1396964, 1788389473.7924697, 1788389474.4695654, 1788389475.1683016, 1788389475.8932772, 1788389476.6460254, 1788389477.4287038, 1788389478.1997278, 1788389478.7419307, 1788389479.340369, 1788389479.962569, 1788389480.607219, 1788389481.2756858, 1788389481.9714751, 1788389482.687023, 1788389483.4314926, 1788389484.2016292, 1788389485.0005143, 1788389485.81974, 1788389486.6664536, 1788389487.426848, 1788389487.954072, 1788389488.5614388, 1788389489.186362, 1788389489.8359773, 1788389490.5070226, 1788389491.2056377, 1788389491.9209046, 1788389492.5031722, 1788389492.5677333, 1788389492.6558373, 1788389492.7436604, 1788389492.8301177, 1788389492.9180217, 1788389493.0047436, 1788389493.092379, 1788389493.1793563, 1788389493.266989, 1788389493.3534722, 1788389493.4412532, 1788389493.528124, 1788389493.6159961, 1788389493.702336, 1788389493.7904987, 1788389493.8770473, 1788389493.9651952, 1788389494.0546055, 1788389494.139272, 1788389494.22661, 1788389494.3072047, 1788389494.38805, 1788389494.473015, 1788389494.5518262, 1788389494.6318824, 1788389494.7098641, 1788389494.7935731, 1788389494.867505, 1788389494.9448798, 1788389495.020322, 1788389495.0979514, 1788389495.173472, 1788389495.2515147, 1788389495.3272235, 1788389495.4077194, 1788389495.4807115, 1788389495.5579674, 1788389495.6335864, 1788389495.782242, 1788389495.7870975, 1788389495.8723755, 1788389495.9465003, 1788389496.5070841, 1788389497.098835, 1788389497.718202, 1788389498.3617728, 1788389499.027273, 1788389499.7179706, 1788389500.4400344, 1788389501.1928446, 1788389502.0129204, 1788389502.753483, 1788389503.428555, 1788389503.9813337, 1788389504.5849593, 1788389505.2224245, 1788389505.8744063, 1788389506.5556674, 1788389507.1474364, 1788389507.7183683, 1788389508.3335397, 1788389508.9758165, 1788389509.6375847, 1788389510.3281217, 1788389511.0396023, 1788389511.5471513, 1788389511.581172, 1788389511.659899, 1788389511.7407792, 1788389511.8476765, 1788389511.8987517, 1788389511.9807029, 1788389512.057045, 1788389512.3048248, 1788389512.3601224, 1788389512.442637, 1788389512.525744, 1788389512.6070364, 1788389512.6902535, 1788389512.7709665, 1788389512.854327, 1788389512.93571, 1788389513.0449214, 1788389513.104394, 1788389513.1832488, 1788389513.3716762, 1788389513.4412405, 1788389513.5234463, 1788389513.6068866, 1788389513.6882136, 1788389513.7715085, 1788389513.8542404, 1788389513.9358075, 1788389514.0138683, 1788389514.1140337, 1788389514.1726835, 1788389514.2564282, 1788389514.3339307, 1788389514.8978937, 1788389515.4902296, 1788389516.106585, 1788389516.749926, 1788389517.4156165, 1788389518.10604, 1788389518.832664, 1788389519.6009717, 1788389520.3819609, 1788389521.2049475, 1788389521.8308735, 1788389521.8596618, 1788389521.9432638]","[1, 1, 5, 2, 3, 1, 2, 3, 1, 1, 2, 2, 1, 1, 2, 2, 2, 1, 3, 1, 2, 1, 2, 2, 1, 1, 3, 3, 1, 2, 2, 5, 2, 2, 3, 1, 3, 1, 4, 1, 2, 2, 1, 7, 1, 1, 2, 3, 1, 3, 1, 2, 5, 4, 1, 1, 4, 2, 4, 2, 1, 1, 4, 1, 1, 6, 1, 3, 1, 1, 3, 2, 4, 1, 2, 2, 2, 3, 2, 1, 2, 7, 2, 1, 1, 4, 2, 1, 2, 4, 1, 3, 6, 3, 1, 3, 1, 1, 8, 3, 1, 7, 2, 1, 1, 1, 1, 3, 1, 5, 1, 1, 2, 2, 1, 1, 1, 7, 4, 1, 2, 1, 7, 7, 3, 1, 3, 1, 1, 2, 5, 2, 3, 1, 4, 1, 3, 4, 2, 4, 8, 1, 2, 3, 3, 4, 1, 1, 5, 3, 2, 9]"
User-007,3,trace_0398,1788389523.0590339,streaming,14307,127,127,218,4,0.3329901695251465,10.018352746963501,0.07686795696379646,7.0,0,True,,1788389513.0405927,1788389513.3735828,1788389523.0589454,"[1788389513.3735828, 1788389513.4427912, 1788389513.5249844, 1788389513.6084616, 1788389513.6898634, 1788389513.7730527, 1788389513.8561416, 1788389513.9368594, 1788389514.0149612, 1788389514.1145113, 1788389514.173925, 1788389514.2574744, 1788389514.3344316, 1788389514.8989866, 1788389515.4914217, 1788389516.107673, 1788389516.7510808, 1788389517.4168754, 1788389518.1071494, 1788389518.833765, 1788389519.602216, 1788389520.3830726, 1788389521.2060506, 1788389521.8319128, 1788389521.8607564, 1788389521.944342, 1788389522.0251088, 1788389522.103572, 1788389522.1839623, 1788389522.2622888, 1788389522.3416822, 1788389522.420158, 1788389522.500531, 1788389522.5789027, 1788389522.6595953, 1788389522.7369914, 1788389522.8170834, 1788389522.895012, 1788389522.9754536, 1788389523.055499]","[1, 1, 4, 1, 9, 3, 2, 3, 4, 2, 5, 3, 8, 2, 4, 9, 2, 5, 2, 2, 2, 5, 4, 1, 3, 1, 2, 7, 1, 2, 2, 5, 2, 3, 3, 2, 1, 5, 3, 1]"
User-028,0,trace_0006,1788389523.4442184,streaming,17003,154,154,0,265,10.831918954849243,22.725216150283813,0.07773396859761157,0.0,0,True,,1788389500.718936,1788389511.550855,1788389523.444152,"[1788389511.550855, 1788389511.5843232, 1788389511.6631072, 1788389511.7441545, 1788389511.8491466, 1788389511.9018512, 1788389511.9838789, 1788389512.0602634, 1788389512.3085415, 1788389512.3637636, 1788389512.4464476, 1788389512.529507, 1788389512.6130345, 1788389512.6940534, 1788389512.774625, 1788389512.858105, 1788389512.939473, 1788389513.0466106, 1788389513.1080165, 1788389513.1869237, 1788389513.3761644, 1788389513.4458342, 1788389513.5271413, 1788389513.610634, 1788389513.691963, 1788389513.7751837, 1788389513.8582265, 1788389513.9389808, 1788389514.017099, 1788389514.1166747, 1788389514.1760828, 1788389514.2596972, 1788389514.3354542, 1788389514.901131, 1788389515.4936645, 1788389516.109845, 1788389516.7534008, 1788389517.4195378, 1788389518.1087542, 1788389518.8354394, 1788389519.6048915, 1788389520.385199, 1788389521.2082949, 1788389521.8348012, 1788389521.8632383, 1788389521.946404, 1788389522.0278168, 1788389522.106307, 1788389522.1866019, 1788389522.2650552, 1788389522.3443313, 1788389522.4228265, 1788389522.5032063, 1788389522.5817106, 1788389522.662191, 1788389522.7396688, 1788389522.8197834, 1788389522.8976963, 1788389522.9782093, 1788389523.0584576, 1788389523.1338234, 1788389523.2098193, 1788389523.2879822, 1788389523.3638287, 1788389523.4435008]","[1, 1, 1, 4, 1, 3, 1, 1, 3, 2, 1, 1, 2, 1, 4, 1, 2, 2, 2, 1, 1, 1, 1, 1, 1, 2, 2, 1, 3, 1, 2, 6, 2, 1, 1, 3, 1, 4, 6, 1, 8, 2, 1, 1, 2, 2, 1, 2, 1, 9, 2, 1, 6, 2, 6, 1, 9, 3, 3, 1, 2, 1, 1, 2, 9]"
User-018,0,trace_0378,1788389523.743117,streaming,28209,973,970,0,440,70.76037836074829,194.07795023918152,0.12726271607681447,0.0,0,True,,1788389329.6650763,1788389400.4254546,1788389523.7430265,"[1788389400.4254546, 1788389400.9610088, 1788389401.5541575, 1788389402.1735325, 1788389402.8155978, 1788389403.4803991, 1788389404.1696997, 1788389404.8834276, 1788389405.6255693, 1788389406.3890595, 1788389407.1640837, 1788389407.708607, 1788389408.3098009, 1788389408.928281, 1788389409.578005, 1788389410.2402582, 1788389410.9301174, 1788389411.6453185, 1788389412.4156163, 1788389412.9568481, 1788389413.5488043, 1788389414.164108, 1788389414.8052042, 1788389415.4663153, 1788389416.153384, 1788389416.864966, 1788389417.4702768, 1788389418.0355978, 1788389418.650932, 1788389419.285952, 1788389419.9482708, 1788389420.6243448, 1788389421.3299317, 1788389422.0594804, 1788389422.7236862, 1788389423.2778792, 1788389423.8859658, 1788389424.5123317, 1788389425.1700425, 1788389425.8375497, 1788389426.4305832, 1788389426.998846, 1788389427.6130989, 1788389428.2472382, 1788389428.9069445, 1788389429.5876777, 1788389430.2956328, 1788389431.0281336, 1788389431.7851276, 1788389432.565835, 1788389433.3699315, 1788389434.1926641, 1788389435.0417256, 1788389435.4246562, 1788389435.4754093, 1788389435.5657923, 1788389435.6489053, 1788389435.7364814, 1788389435.822103, 1788389435.9150083, 1788389435.9955966, 1788389436.0830727, 1788389436.1685646, 1788389436.2557425, 1788389436.342597, 1788389436.4302385, 1788389436.5158787, 1788389436.6037042, 1788389436.6920824, 1788389436.773847, 1788389436.8560555, 1788389436.9411082, 1788389437.022952, 1788389437.1077187, 1788389437.1923802, 1788389437.273555, 1788389437.3527696, 1788389437.4338155, 1788389437.5189435, 1788389437.59353, 1788389437.6683652, 1788389437.7435935, 1788389437.819747, 1788389437.8922544, 1788389437.9625406, 1788389438.0337958, 1788389438.1045077, 1788389438.1752195, 1788389438.2452052, 1788389438.316815, 1788389438.3872952, 1788389438.458356, 1788389438.5301857, 1788389438.6004784, 1788389438.6716056, 1788389438.7420475, 1788389438.8133202, 1788389438.88349, 1788389438.9584599, 1788389439.025091, 1788389439.096497, 1788389439.1682503, 1788389439.238442, 1788389439.310407, 1788389439.3800044, 1788389439.451566, 1788389439.528553, 1788389439.600063, 1788389439.6675324, 1788389439.7399065, 1788389439.8055325, 1788389440.0175803, 1788389440.0662487, 1788389440.1413062, 1788389440.2165542, 1788389440.2898958, 1788389440.365349, 1788389440.439264, 1788389440.5143554, 1788389440.589309, 1788389440.6645365, 1788389440.7384114, 1788389440.8140142, 1788389440.888136, 1788389440.96376, 1788389441.0371752, 1788389441.1165085, 1788389441.1812763, 1788389441.2511573, 1788389441.3205085, 1788389441.390162, 1788389441.4600506, 1788389441.529529, 1788389441.59933, 1788389441.6695673, 1788389441.738519, 1788389441.8102503, 1788389441.8788462, 1788389441.9521198, 1788389442.0214245, 1788389442.588192, 1788389443.1838405, 1788389443.8074057, 1788389444.452754, 1788389445.1261008, 1788389445.7984133, 1788389446.354414, 1788389446.9558358, 1788389447.5852811, 1788389448.2372334, 1788389448.913803, 1788389449.6192706, 1788389450.3489885, 1788389451.107059, 1788389451.9097505, 1788389452.667155, 1788389453.3885553, 1788389453.9361906, 1788389454.5353513, 1788389455.1605659, 1788389455.8085651, 1788389456.4793653, 1788389457.1753664, 1788389457.8972344, 1788389458.648232, 1788389459.3866525, 1788389459.9325278, 1788389460.533857, 1788389461.1603699, 1788389461.812556, 1788389462.487123, 1788389463.185499, 1788389463.9100962, 1788389464.6677115, 1788389465.348764, 1788389465.903381, 1788389466.5083945, 1788389467.1401234, 1788389467.7949183, 1788389468.471232, 1788389469.176334, 1788389469.9021409, 1788389470.663979, 1788389471.373524, 1788389471.9076393, 1788389472.510219, 1788389473.1402104, 1788389473.7930555, 1788389474.4701257, 1788389475.1688232, 1788389475.8937943, 1788389476.6465373, 1788389477.4292214, 1788389478.2002409, 1788389478.7424715, 1788389479.3408926, 1788389479.9631295, 1788389480.607744, 1788389481.276195, 1788389481.9720075, 1788389482.6875656, 1788389483.4320211, 1788389484.2021601, 1788389485.0010612, 1788389485.8204508, 1788389486.667041, 1788389487.4273531, 1788389487.9545836, 1788389488.5622535, 1788389489.1869252, 1788389489.8366814, 1788389490.5075588, 1788389491.2061777, 1788389491.9214313, 1788389492.5037313, 1788389492.568117, 1788389492.6563838, 1788389492.7442381, 1788389492.8306441, 1788389492.9185781, 1788389493.0052772, 1788389493.0929117, 1788389493.179888, 1788389493.2675605, 1788389493.3539968, 1788389493.4417892, 1788389493.5286586, 1788389493.6165283, 1788389493.7029061, 1788389493.7910242, 1788389493.877602, 1788389493.9657476, 1788389494.055176, 1788389494.1398556, 1788389494.2274008, 1788389494.307901, 1788389494.3888652, 1788389494.4737065, 1788389494.5525172, 1788389494.632659, 1788389494.7105565, 1788389494.794137, 1788389494.8680615, 1788389494.9454165, 1788389495.0209231, 1788389495.0985188, 1788389495.1740713, 1788389495.2520647, 1788389495.3278, 1788389495.4084377, 1788389495.4813054, 1788389495.558566, 1788389495.634167, 1788389495.7824981, 1788389495.7874322, 1788389495.8730283, 1788389495.9470596, 1788389496.5078516, 1788389497.0994513, 1788389498.3624108, 1788389499.0279284, 1788389500.4406676, 1788389501.1934903, 1788389502.0134678, 1788389502.7540371, 1788389503.4290714, 1788389503.9818676, 1788389504.5854847, 1788389505.2229674, 1788389505.8749666, 1788389506.5562809, 1788389507.1479545, 1788389507.7189183, 1788389508.3340864, 1788389508.976358, 1788389509.6380985, 1788389510.3286686, 1788389511.0401397, 1788389511.5476542, 1788389511.581707, 1788389511.6604135, 1788389511.7413547, 1788389511.847914, 1788389511.8992696, 1788389511.9812226, 1788389512.0575757, 1788389512.3053162, 1788389512.3607135, 1788389512.443181, 1788389512.526283, 1788389512.6075783, 1788389512.6908116, 1788389512.771478, 1788389512.8548648, 1788389512.9362583, 1788389513.0451725, 1788389513.1049461, 1788389513.1837766, 1788389513.372266, 1788389513.4417431, 1788389513.523954, 1788389513.6074252, 1788389513.6887944, 1788389513.772031, 1788389513.854789, 1788389513.936327, 1788389514.0144048, 1788389514.1142678, 1788389514.1732633, 1788389514.2569423, 1788389514.3341732, 1788389514.8984203, 1788389515.4908335, 1788389516.1071308, 1788389516.7504957, 1788389517.4161792, 1788389518.1065753, 1788389518.833218, 1788389519.6016436, 1788389520.3824835, 1788389521.2055285, 1788389521.8313968, 1788389521.860254, 1788389521.9439123, 1788389522.0245755, 1788389522.1030538, 1788389522.183426, 1788389522.2617288, 1788389522.3411438, 1788389522.4196112, 1788389522.4999826, 1788389522.5783122, 1788389522.6590753, 1788389522.7364488, 1788389522.8165357, 1788389522.8944423, 1788389522.9749205, 1788389523.0549114, 1788389523.1312191, 1788389523.207205, 1788389523.2852864, 1788389523.3610752, 1788389523.440806, 1788389523.5148454, 1788389523.5897586, 1788389523.6627176, 1788389523.740221]","[1, 1, 1, 4, 2, 4, 2, 4, 1, 2, 1, 2, 8, 1, 3, 2, 2, 4, 2, 2, 1, 1, 3, 2, 1, 2, 4, 4, 2, 4, 3, 1, 1, 1, 1, 1, 4, 4, 2, 1, 2, 4, 3, 2, 8, 3, 1, 5, 1, 1, 3, 2, 1, 2, 5, 3, 1, 3, 8, 2, 1, 1, 1, 2, 2, 2, 1, 6, 2, 1, 2, 1, 3, 3, 3, 1, 3, 1, 3, 2, 1, 3, 2, 6, 1, 2, 2, 1, 1, 4, 4, 2, 1, 8, 2, 5, 1, 2, 2, 3, 7, 7, 3, 1, 3, 1, 2, 9, 2, 2, 2, 3, 4, 1, 1, 2, 2, 3, 5, 4, 1, 2, 2, 1, 9, 1, 3, 1, 1, 3, 1, 4, 2, 9, 5, 2, 1, 2, 2, 1, 1, 2, 8, 1, 3, 1, 3, 1, 3, 4, 1, 1, 9, 1, 1, 4, 1, 2, 1, 2, 2, 8, 5, 2, 1, 1, 3, 2, 9, 1, 3, 5, 1, 2, 3, 2, 2, 1, 1, 2, 4, 2, 2, 5, 1, 2, 5, 4, 2, 6, 4, 3, 2, 1, 1, 3, 1, 2, 3, 5, 2, 6, 1, 2, 1, 5, 3, 2, 2, 2, 7, 1, 1, 4, 3, 1, 1, 1, 2, 2, 6, 1, 2, 2, 1, 2, 1, 2, 1, 2, 5, 3, 1, 3, 2, 1, 3, 1, 1, 3, 4, 1, 3, 2, 2, 2, 4, 3, 3, 3, 1, 1, 6, 3, 5, 1, 2, 3, 1, 1, 1, 1, 1, 3, 3, 1, 1, 1, 1, 1, 6, 2, 3, 2, 2, 7, 3, 2, 1, 1, 2, 1, 2, 2, 3, 1, 3, 4, 3, 2, 2, 1, 1, 1, 2, 1, 2, 2, 2, 1, 1, 6, 5, 3, 1, 5, 4, 1, 6, 6, 5, 6, 9, 2, 7, 1, 3, 9, 7, 4, 2, 3, 3, 3, 3, 2, 5, 9, 3, 9, 6, 5, 1, 9, 7, 4, 4, 9, 5, 3, 5, 3, 6, 4, 4, 7, 4]"
User-017,4,trace_0726,1788389524.7697697,streaming,20974,133,133,322,2,5.306663751602173,8.247338056564331,0.022277835643652714,6.0,0,True,,1788389516.522361,1788389521.8290248,1788389524.769699,"[1788389521.8290248, 1788389521.85798, 1788389521.941824, 1788389522.022812, 1788389522.101267, 1788389522.1816196, 1788389522.259918, 1788389522.339347, 1788389522.4177282, 1788389522.49817, 1788389522.5765388, 1788389522.6572325, 1788389522.7345943, 1788389522.8146951, 1788389522.892662, 1788389522.973084, 1788389523.0529873, 1788389523.129369, 1788389523.2053096, 1788389523.2834284, 1788389523.359384, 1788389523.4389772, 1788389523.5130057, 1788389523.5879486, 1788389523.6608722, 1788389523.738367, 1788389523.8082025, 1788389523.8766496, 1788389523.944259, 1788389524.0125096, 1788389524.0797257, 1788389524.1482928, 1788389524.21596, 1788389524.2844315, 1788389524.3516798, 1788389524.420582, 1788389524.4878278, 1788389524.5562782, 1788389524.6242526, 1788389524.6966166, 1788389524.7656944]","[1, 9, 4, 2, 1, 1, 5, 1, 4, 3, 2, 5, 5, 3, 3, 8, 5, 3, 1, 7, 2, 2, 3, 9, 3, 1, 4, 4, 1, 2, 2, 1, 9, 2, 2, 1, 1, 5, 2, 2, 2]"
User-016,0,trace_0704,1788389531.1629918,streaming,22705,1173,1167,0,354,47.234216928482056,201.82544660568237,0.132582529740309,0.0,0,True,,1788389329.3374443,1788389376.5716612,1788389531.162891,"[1788389376.5716612, 1788389377.1137636, 1788389377.7190576, 1788389378.340269, 1788389378.9863436, 1788389379.6602626, 1788389380.3610852, 1788389381.0861356, 1788389381.8384285, 1788389382.6180556, 1788389383.4314044, 1788389384.2481458, 1788389385.1006684, 1788389386.0145898, 1788389386.6322632, 1788389387.1804023, 1788389387.7962265, 1788389388.4306128, 1788389389.0890915, 1788389389.772799, 1788389390.4841607, 1788389391.2192857, 1788389391.9470859, 1788389392.4942439, 1788389393.0909774, 1788389393.7136626, 1788389394.3582358, 1788389395.02685, 1788389395.7265422, 1788389396.4360924, 1788389397.1813064, 1788389397.953429, 1788389398.750384, 1788389399.5715377, 1788389400.4264312, 1788389400.9620712, 1788389401.5552557, 1788389402.1745653, 1788389402.8167446, 1788389403.4814417, 1788389404.1736681, 1788389404.8842852, 1788389405.6268108, 1788389406.3901486, 1788389407.165944, 1788389407.7105963, 1788389408.3119087, 1788389408.929844, 1788389409.5795774, 1788389410.242134, 1788389410.9316957, 1788389411.6469486, 1788389412.417912, 1788389412.959009, 1788389413.5509324, 1788389414.1662974, 1788389414.8074062, 1788389415.4684024, 1788389416.1555169, 1788389416.867125, 1788389417.4761577, 1788389418.0384827, 1788389418.653866, 1788389419.2888563, 1788389419.9510562, 1788389420.6270998, 1788389421.332754, 1788389422.0621767, 1788389422.7270832, 1788389423.2812014, 1788389423.889347, 1788389424.5155587, 1788389425.173516, 1788389425.844377, 1788389426.4335861, 1788389427.002148, 1788389427.6162896, 1788389428.2505412, 1788389428.9101787, 1788389429.5909476, 1788389430.2989259, 1788389431.0314972, 1788389431.7883906, 1788389432.5690842, 1788389433.376076, 1788389434.1961584, 1788389435.0450006, 1788389435.4281828, 1788389435.4783792, 1788389435.5685809, 1788389435.6516602, 1788389435.7392445, 1788389435.8248472, 1788389435.9178147, 1788389435.998336, 1788389436.0857995, 1788389436.1727505, 1788389436.2569804, 1788389436.3453758, 1788389436.4329941, 1788389436.5186245, 1788389436.6064844, 1788389436.6947873, 1788389436.7764957, 1788389436.8586383, 1788389436.9437447, 1788389437.025579, 1788389437.1103725, 1788389437.195291, 1788389437.2756279, 1788389437.3548675, 1788389437.4354482, 1788389437.5214026, 1788389437.5942633, 1788389437.6699483, 1788389437.7452278, 1788389437.8213568, 1788389437.8940623, 1788389437.964292, 1788389438.0355184, 1788389438.106209, 1788389438.1769242, 1788389438.3184974, 1788389438.3889928, 1788389438.5320907, 1788389438.602215, 1788389438.6732953, 1788389438.743729, 1788389438.815012, 1788389438.8851504, 1788389438.960212, 1788389439.026853, 1788389439.0980654, 1788389439.1699624, 1788389439.2426693, 1788389439.312057, 1788389439.3817072, 1788389439.4532626, 1788389439.5302086, 1788389439.6008348, 1788389439.669209, 1788389439.7414596, 1788389439.807136, 1788389440.0191808, 1788389440.0698223, 1788389440.1428864, 1788389440.218089, 1788389440.291463, 1788389440.366983, 1788389440.4408362, 1788389440.5155735, 1788389440.5908942, 1788389440.6660893, 1788389440.7396514, 1788389440.8156316, 1788389440.8896894, 1788389440.9653258, 1788389441.0387576, 1788389441.118609, 1788389441.181786, 1788389441.2516856, 1788389441.3210263, 1788389441.3906693, 1788389441.4605894, 1788389441.5300508, 1788389441.5998847, 1788389441.6701062, 1788389441.7390838, 1788389441.8108637, 1788389441.8793578, 1788389441.9526415, 1788389442.0219412, 1788389442.5888765, 1788389443.184368, 1788389443.8080266, 1788389444.453325, 1788389445.1266477, 1788389445.7998178, 1788389446.35593, 1788389446.9568615, 1788389447.5866547, 1788389448.238338, 1788389448.914873, 1788389449.6203465, 1788389450.3500817, 1788389451.1081257, 1788389451.9117217, 1788389452.668762, 1788389453.3900697, 1788389453.9377973, 1788389454.5370064, 1788389455.1623216, 1788389455.810187, 1788389456.4809792, 1788389457.176941, 1788389457.8988194, 1788389458.6497855, 1788389459.389257, 1788389459.9347441, 1788389460.535622, 1788389461.162699, 1788389461.814904, 1788389462.489691, 1788389463.1876533, 1788389463.9123697, 1788389464.6698058, 1788389465.3508244, 1788389465.9056456, 1788389466.5107226, 1788389467.1422722, 1788389467.797133, 1788389468.4734771, 1788389469.1790226, 1788389469.9037764, 1788389470.6655698, 1788389471.3750796, 1788389471.9091728, 1788389472.5118442, 1788389473.1418357, 1788389473.794722, 1788389474.4720619, 1788389475.1704402, 1788389475.895502, 1788389476.6481636, 1788389477.4308565, 1788389478.2026458, 1788389478.7447412, 1788389479.3431616, 1788389479.9653275, 1788389480.6100051, 1788389481.278331, 1788389481.9742641, 1788389482.6896844, 1788389483.4342186, 1788389484.2044103, 1788389485.0033126, 1788389485.8227963, 1788389486.669346, 1788389487.4302666, 1788389487.9573164, 1788389488.565492, 1788389489.1897001, 1788389489.839509, 1788389490.5102816, 1788389491.20948, 1788389491.924165, 1788389492.5071507, 1788389492.5705311, 1788389492.6596227, 1788389492.7475355, 1788389492.8333936, 1788389492.9219387, 1788389493.008567, 1788389493.0961814, 1788389493.1831594, 1788389493.270836, 1788389493.4450634, 1788389493.5319629, 1788389493.7061155, 1788389493.7942445, 1788389493.880727, 1788389493.9688919, 1788389494.0585666, 1788389494.1432679, 1788389494.230753, 1788389494.31121, 1788389494.3921454, 1788389494.4772568, 1788389494.5552354, 1788389494.6353607, 1788389494.7133048, 1788389494.7968154, 1788389494.8709571, 1788389494.9483373, 1788389495.023864, 1788389495.1014233, 1788389495.1770055, 1788389495.2550354, 1788389495.3306413, 1788389495.4111805, 1788389495.4841242, 1788389495.561435, 1788389495.6371017, 1788389495.7855022, 1788389495.7888744, 1788389495.8762312, 1788389495.9504256, 1788389496.510391, 1788389497.1021729, 1788389497.721036, 1788389498.3646183, 1788389499.0301538, 1788389499.7206573, 1788389500.4427087, 1788389501.195707, 1788389502.0163512, 1788389502.757175, 1788389503.4311619, 1788389503.984048, 1788389504.5879142, 1788389505.2252152, 1788389505.8770607, 1788389506.5584455, 1788389507.1500204, 1788389507.7213504, 1788389508.336252, 1788389508.9789627, 1788389509.6397471, 1788389510.3303227, 1788389511.0417705, 1788389511.5500007, 1788389511.5838108, 1788389511.6625202, 1788389511.7435682, 1788389511.8488998, 1788389511.9013436, 1788389511.9833705, 1788389512.0597413, 1788389512.3074121, 1788389512.3627696, 1788389512.4454172, 1788389512.5284135, 1788389512.609794, 1788389512.692955, 1788389512.7735376, 1788389512.8570426, 1788389512.938401, 1788389513.0461552, 1788389513.107012, 1788389513.185857, 1788389513.3751402, 1788389513.4448018, 1788389513.526105, 1788389513.6095638, 1788389513.6909506, 1788389513.774121, 1788389513.8572004, 1788389513.937923, 1788389514.0160575, 1788389514.1161234, 1788389514.1750116, 1788389514.2586427, 1788389514.3349817, 1788389514.9001145, 1788389515.492542, 1788389516.1088126, 1788389516.7522502, 1788389517.41845, 1788389518.1076806, 1788389518.834421, 1788389519.6036448, 1788389520.3841228, 1788389521.2071593, 1788389521.8337667, 1788389521.8622112, 1788389521.945622, 1788389522.026669, 1788389522.105139, 1788389522.1854937, 1788389522.26399, 1788389522.3432584, 1788389522.4217322, 1788389522.502087, 1788389522.5805702, 1788389522.6611087, 1788389522.738566, 1788389522.8186474, 1788389522.8965995, 1788389522.9770079, 1788389523.0573437, 1788389523.1327946, 1788389523.208779, 1788389523.2869544, 1788389523.3627627, 1788389523.4424336, 1788389523.5164003, 1788389523.5913916, 1788389523.6643186, 1788389523.7420843, 1788389523.811104, 1788389523.8794913, 1788389523.9471552, 1788389524.0154197, 1788389524.0825884, 1788389524.151165, 1788389524.2203398, 1788389524.287447, 1788389524.3545034, 1788389524.4234972, 1788389524.4906516, 1788389524.559226, 1788389524.627203, 1788389524.699424, 1788389524.7688675, 1788389525.3306143, 1788389525.9260721, 1788389526.5477111, 1788389527.1938338, 1788389527.864241, 1788389528.5600424, 1788389529.2717373, 1788389529.4087684, 1788389529.9439507, 1788389530.5420883, 1788389531.1615663]","[1, 7, 2, 1, 1, 1, 2, 2, 2, 1, 1, 3, 2, 4, 1, 4, 1, 2, 1, 2, 6, 3, 2, 1, 1, 2, 1, 1, 2, 4, 1, 3, 3, 6, 1, 1, 2, 1, 1, 1, 1, 1, 7, 1, 1, 2, 2, 1, 3, 3, 2, 1, 5, 3, 3, 4, 7, 2, 1, 3, 4, 1, 3, 3, 6, 2, 7, 3, 2, 2, 5, 2, 1, 1, 2, 2, 8, 4, 1, 4, 6, 2, 4, 4, 2, 6, 3, 1, 1, 1, 6, 2, 5, 1, 3, 2, 2, 2, 2, 1, 2, 1, 8, 3, 2, 5, 9, 4, 1, 1, 3, 7, 2, 3, 2, 3, 4, 4, 2, 3, 2, 1, 1, 1, 1, 1, 2, 4, 1, 3, 3, 1, 2, 4, 2, 5, 1, 4, 2, 4, 4, 2, 1, 2, 1, 4, 2, 1, 1, 4, 1, 1, 1, 4, 4, 3, 2, 2, 2, 1, 1, 2, 2, 2, 2, 1, 3, 5, 2, 3, 6, 4, 1, 1, 2, 5, 6, 1, 1, 5, 4, 7, 5, 5, 3, 1, 1, 2, 9, 1, 3, 1, 3, 5, 1, 3, 1, 1, 4, 3, 9, 4, 3, 9, 4, 2, 1, 4, 1, 9, 5, 2, 6, 6, 7, 5, 1, 1, 3, 6, 7, 3, 3, 1, 4, 3, 5, 9, 1, 1, 6, 4, 1, 5, 1, 1, 1, 1, 2, 1, 2, 5, 1, 1, 1, 1, 1, 5, 3, 2, 5, 4, 2, 1, 1, 1, 1, 1, 1, 1, 2, 3, 5, 3, 9, 2, 6, 4, 3, 2, 1, 4, 3, 4, 2, 5, 4, 4, 2, 3, 1, 4, 4, 4, 3, 1, 2, 1, 6, 2, 1, 3, 6, 3, 5, 1, 5, 1, 4, 3, 2, 3, 1, 4, 2, 1, 3, 2, 4, 2, 4, 2, 5, 4, 1, 1, 1, 1, 2, 3, 1, 7, 9, 2, 2, 1, 2, 1, 1, 9, 7, 2, 2, 2, 1, 9, 7, 1, 2, 1, 3, 1, 2, 1, 7, 2, 7, 4, 1, 4, 2, 2, 7, 2, 9, 2, 5, 6, 7, 1, 4, 2, 2, 7, 1, 4, 5, 2, 5, 3, 3, 2, 1, 4, 7, 1, 1, 6, 5, 2, 1, 3, 3, 2, 3, 1, 3, 1, 4, 7, 1, 1, 7, 3, 3, 1, 2, 2, 1, 2, 1, 1, 1, 1, 3]"
User-020,2,trace_0108,1788389531.8060737,streaming,23361,261,261,310,54,6.104126453399658,34.48334574699402,0.10915084343690139,11.0,0,True,,1788389497.322655,1788389503.4267814,1788389531.8060007,"[1788389503.4267814, 1788389503.979467, 1788389504.5828984, 1788389505.2203758, 1788389505.8731632, 1788389506.554338, 1788389507.145349, 1788389507.7165914, 1788389508.3317437, 1788389508.9739625, 1788389509.6357942, 1788389510.3260713, 1788389511.0376754, 1788389511.545254, 1788389511.5793595, 1788389511.6580465, 1788389511.7389414, 1788389511.8467934, 1788389511.8969095, 1788389511.978914, 1788389512.0552583, 1788389512.3030484, 1788389512.3584824, 1788389512.4405026, 1788389512.5239542, 1788389512.6051638, 1788389512.6882718, 1788389512.769093, 1788389512.8525004, 1788389512.933799, 1788389513.0441146, 1788389513.1025124, 1788389513.1814797, 1788389513.369958, 1788389513.4394379, 1788389513.5215976, 1788389513.6050854, 1788389513.6863198, 1788389513.769582, 1788389513.8524213, 1788389513.9338913, 1788389514.0119815, 1788389514.1131825, 1788389514.1706574, 1788389514.2546635, 1788389514.3329737, 1788389514.895752, 1788389515.4882593, 1788389516.1047766, 1788389516.7479925, 1788389517.4137483, 1788389518.1042473, 1788389518.83051, 1788389519.5981035, 1788389520.380683, 1788389521.2037132, 1788389521.8297029, 1788389521.858611, 1788389521.9423518, 1788389522.0234282, 1788389522.1018686, 1788389522.1822197, 1788389522.2605553, 1788389522.3399487, 1788389522.418366, 1788389522.4988253, 1788389522.5771446, 1788389522.6578708, 1788389522.735287, 1788389522.8153455, 1788389522.8932843, 1788389522.9737246, 1788389523.053637, 1788389523.1299858, 1788389523.2059038, 1788389523.284069, 1788389523.3599927, 1788389523.4395828, 1788389523.5136032, 1788389523.5885777, 1788389523.6614802, 1788389523.7390041, 1788389523.8088236, 1788389523.8772624, 1788389523.9448507, 1788389524.0131447, 1788389524.0803332, 1788389524.1488867, 1788389524.2166028, 1788389524.2850406, 1788389524.3522727, 1788389524.4211884, 1788389524.488453, 1788389524.5568874, 1788389524.6250267, 1788389524.6973035, 1788389524.7666953, 1788389525.3283045, 1788389525.9235954, 1788389526.5453937, 1788389527.1913784, 1788389527.8616529, 1788389528.5576475, 1788389529.268518, 1788389529.405327, 1788389529.9403307, 1788389530.5386846, 1788389531.1582148, 1788389531.801987]","[1, 1, 4, 2, 2, 2, 3, 2, 3, 7, 4, 1, 1, 4, 2, 2, 8, 3, 2, 9, 5, 2, 1, 2, 1, 2, 4, 3, 1, 1, 1, 8, 3, 1, 9, 2, 2, 4, 1, 2, 1, 1, 1, 3, 1, 2, 4, 1, 3, 1, 4, 1, 1, 2, 2, 1, 1, 4, 2, 1, 1, 1, 2, 3, 3, 3, 1, 3, 1, 3, 1, 3, 1, 1, 4, 2, 4, 1, 3, 4, 5, 2, 4, 2, 4, 2, 2, 1, 3, 2, 2, 2, 1, 3, 1, 1, 1, 3, 4, 2, 2, 2, 1, 1, 1, 1, 1, 2, 3]"
User-027,0,trace_0632,1788389537.0563602,streaming,20692,302,302,0,322,6.232999563217163,41.27694034576416,0.11642505243371096,0.0,0,True,,1788389495.7792933,1788389502.0122929,1788389537.0562336,"[1788389502.0122929, 1788389502.752802, 1788389503.4280481, 1788389503.9808016, 1788389504.584214, 1788389505.221898, 1788389505.8737743, 1788389506.5550215, 1788389507.1469293, 1788389507.717827, 1788389508.333015, 1788389508.975289, 1788389509.6370542, 1788389510.3275251, 1788389511.0390046, 1788389511.5464995, 1788389511.580561, 1788389511.6593513, 1788389511.74026, 1788389511.8474252, 1788389511.8981175, 1788389511.980108, 1788389512.0564568, 1788389512.3042078, 1788389512.359631, 1788389512.442115, 1788389512.5252132, 1788389512.60643, 1788389512.6896977, 1788389512.7703903, 1788389512.8537855, 1788389512.9351363, 1788389513.0446746, 1788389513.1038685, 1788389513.1826131, 1788389513.3711553, 1788389513.4407141, 1788389513.5228684, 1788389513.606336, 1788389513.6875165, 1788389513.77078, 1788389513.853565, 1788389513.935115, 1788389514.0132115, 1788389514.113785, 1788389514.1721666, 1788389514.2558832, 1788389514.3335984, 1788389514.8972092, 1788389515.4895432, 1788389516.1060154, 1788389516.749397, 1788389517.4150786, 1788389518.1054845, 1788389518.8321211, 1788389519.6002717, 1788389520.3813179, 1788389521.204329, 1788389521.8303323, 1788389521.8591683, 1788389521.9428446, 1788389522.0240629, 1788389522.1025157, 1788389522.1828656, 1788389522.2611847, 1788389522.3405974, 1788389522.4190695, 1788389522.4994626, 1788389522.577771, 1788389522.6585193, 1788389522.735927, 1788389522.8159952, 1788389522.8939154, 1788389522.9743583, 1788389523.0541873, 1788389523.1305168, 1788389523.2064693, 1788389523.2846272, 1788389523.3605518, 1788389523.4401448, 1788389523.5141718, 1788389523.5891292, 1788389523.6620557, 1788389523.739559, 1788389523.80939, 1788389523.8778002, 1788389523.945415, 1788389524.013697, 1788389524.0809073, 1788389524.1494312, 1788389524.2171674, 1788389524.285606, 1788389524.352805, 1788389524.421725, 1788389524.4889882, 1788389524.5574422, 1788389524.6255841, 1788389524.6978478, 1788389524.7672505, 1788389525.3289201, 1788389525.9244065, 1788389526.5460286, 1788389527.192093, 1788389527.8624208, 1788389528.5582643, 1788389529.2699487, 1788389529.4064183, 1788389529.9414833, 1788389530.5398967, 1788389531.1594145, 1788389531.8035707, 1788389532.466044, 1788389533.1622472, 1788389533.8814769, 1788389534.636855, 1788389535.4091427, 1788389536.2167444, 1788389537.052856]","[1, 4, 2, 1, 2, 1, 3, 1, 2, 2, 1, 1, 3, 6, 4, 2, 2, 1, 2, 5, 5, 3, 1, 3, 1, 3, 1, 2, 5, 3, 1, 2, 2, 5, 1, 3, 2, 6, 1, 4, 3, 1, 4, 1, 2, 3, 3, 3, 1, 1, 5, 1, 2, 9, 1, 2, 2, 1, 1, 1, 1, 1, 1, 7, 2, 1, 1, 1, 3, 2, 1, 3, 2, 2, 3, 6, 3, 2, 1, 2, 2, 1, 2, 1, 1, 1, 4, 1, 1, 1, 6, 2, 2, 1, 2, 3, 2, 1, 3, 3, 3, 2, 9, 3, 2, 2, 4, 1, 3, 4, 4, 9, 8, 3, 1, 6, 4, 2]"
User-025,1,trace_0588,1788389537.9173884,streaming,26889,266,266,324,95,7.505789041519165,23.589834213256836,0.060694510082028946,13.0,0,True,,1788389514.3274653,1788389521.8332543,1788389537.9172995,"[1788389521.8332543, 1788389521.8617303, 1788389521.9452217, 1788389522.0261533, 1788389522.1046286, 1788389522.1849644, 1788389522.2633727, 1788389522.3426802, 1788389522.4212039, 1788389522.5015712, 1788389522.5800061, 1788389522.6606092, 1788389522.7380552, 1788389522.8181045, 1788389522.8960865, 1788389522.9764748, 1788389523.0568082, 1788389523.1322708, 1788389523.2082722, 1788389523.2863526, 1788389523.3622172, 1788389523.4418914, 1788389523.5158927, 1788389523.5908399, 1788389523.663808, 1788389523.7415524, 1788389523.8105693, 1788389523.8789864, 1788389523.9465725, 1788389524.014862, 1788389524.082053, 1788389524.1505685, 1788389524.2183437, 1788389524.2868655, 1788389524.3539546, 1788389524.4229279, 1788389524.4901333, 1788389524.5586724, 1788389524.6266184, 1788389524.6989021, 1788389524.7683198, 1788389525.330086, 1788389525.9255607, 1788389526.5471745, 1788389527.1933177, 1788389527.8636372, 1788389528.5594442, 1788389529.2711508, 1788389529.408278, 1788389529.943312, 1788389530.5415325, 1788389531.1610053, 1788389531.8051271, 1788389532.4676704, 1788389533.1639369, 1788389533.8830729, 1788389534.6386087, 1788389535.4108078, 1788389536.2184637, 1788389537.0552156, 1788389537.9159627]","[1, 2, 1, 1, 1, 3, 2, 1, 3, 2, 8, 1, 1, 6, 1, 3, 1, 3, 3, 9, 4, 9, 1, 8, 2, 2, 1, 1, 6, 5, 4, 8, 2, 7, 3, 9, 7, 2, 1, 3, 4, 3, 3, 3, 1, 9, 9, 4, 1, 3, 9, 9, 7, 6, 9, 9, 4, 9, 9, 9, 8]"
User-008,2,trace_0707,1788389545.5621302,streaming,20355,368,368,309,8,0.4646933078765869,33.71856069564819,0.09060999288221146,15.0,0,True,,1788389511.843441,1788389512.3081343,1788389545.5620017,"[1788389512.3081343, 1788389512.3632715, 1788389512.445923, 1788389512.5289989, 1788389512.610334, 1788389512.6935267, 1788389512.7740936, 1788389512.8575935, 1788389512.9389665, 1788389513.046377, 1788389513.1075106, 1788389513.1864028, 1788389513.3756516, 1788389513.4453173, 1788389513.526616, 1788389513.6100824, 1788389513.691454, 1788389513.7746477, 1788389513.8577197, 1788389513.938427, 1788389514.0165584, 1788389514.1163905, 1788389514.1755328, 1788389514.2591622, 1788389514.3352177, 1788389514.9006147, 1788389515.4931295, 1788389516.1093233, 1788389516.7527885, 1788389517.4189937, 1788389518.1082318, 1788389518.8349972, 1788389519.6042078, 1788389520.3846824, 1788389521.2077258, 1788389521.8342676, 1788389521.8627434, 1788389521.9459996, 1788389522.0272858, 1788389522.1057208, 1788389522.1860807, 1788389522.2645056, 1788389522.3438225, 1788389522.422297, 1788389522.502642, 1788389522.5811732, 1788389522.661633, 1788389522.7391448, 1788389522.8192496, 1788389522.897173, 1788389522.9775891, 1788389523.057875, 1788389523.1333132, 1788389523.209297, 1788389523.2874699, 1788389523.3633075, 1788389523.4429681, 1788389523.5169063, 1788389523.5919118, 1788389523.6648867, 1788389523.7426257, 1788389523.8116245, 1788389523.8799949, 1788389523.947702, 1788389524.015954, 1788389524.0831473, 1788389524.1516879, 1788389524.2209725, 1788389524.2879887, 1788389524.3550396, 1788389524.42404, 1788389524.4912329, 1788389524.5597534, 1788389524.62785, 1788389524.7000287, 1788389524.7693837, 1788389525.3313513, 1788389525.9265985, 1788389526.5482411, 1788389527.1944008, 1788389527.8647661, 1788389528.5607455, 1788389529.2722535, 1788389529.409258, 1788389529.9444757, 1788389530.5426066, 1788389531.1625018, 1788389531.805704, 1788389532.4684222, 1788389533.1645231, 1788389533.883624, 1788389534.6392105, 1788389535.4113708, 1788389536.2190938, 1788389537.0557942, 1788389537.916955, 1788389538.6281023, 1788389539.1755874, 1788389539.7867737, 1788389540.4227092, 1788389541.084063, 1788389541.7708147, 1788389542.4901924, 1788389543.2359815, 1788389544.004672, 1788389544.830421, 1788389545.5612166]","[1, 1, 2, 2, 8, 1, 1, 2, 1, 1, 1, 1, 4, 3, 2, 5, 1, 2, 1, 4, 1, 2, 3, 4, 3, 1, 7, 3, 9, 5, 1, 9, 9, 1, 5, 5, 2, 5, 3, 9, 2, 7, 2, 2, 6, 8, 4, 2, 7, 2, 4, 9, 2, 3, 2, 1, 1, 2, 1, 3, 9, 7, 4, 4, 7, 2, 2, 1, 1, 5, 5, 3, 5, 5, 3, 2, 9, 1, 1, 4, 3, 2, 3, 3, 2, 3, 9, 2, 3, 2, 1, 5, 3, 3, 9, 4, 3, 1, 5, 1, 9, 3, 3, 1, 1, 1, 2]"
User-007,4,trace_0398,1788389547.1914876,streaming,14504,109,109,222,3,2.1500396728515625,20.07384967803955,0.16596120375174064,44.0,0,True,,1788389527.1175575,1788389529.2675972,1788389547.1914072,"[1788389529.2675972, 1788389529.404693, 1788389529.9397042, 1788389530.537936, 1788389531.1575994, 1788389531.8013396, 1788389532.4648137, 1788389533.1608102, 1788389533.8802655, 1788389534.6355786, 1788389535.407876, 1788389536.2153826, 1788389537.0512002, 1788389537.913484, 1788389538.6248589, 1788389539.1723475, 1788389539.7838817, 1788389540.4198644, 1788389541.0812137, 1788389541.7679353, 1788389542.487186, 1788389543.2330575, 1788389544.001776, 1788389544.8266892, 1788389545.557556, 1788389546.3838797, 1788389547.1864142]","[1, 1, 7, 9, 4, 1, 2, 2, 1, 3, 4, 4, 2, 4, 1, 1, 4, 6, 9, 9, 9, 4, 3, 5, 3, 3, 7]"
User-029,0,trace_0579,1788389548.0572212,streaming,18429,180,180,0,287,5.492646217346191,33.94667959213257,0.15896108030606915,0.0,0,True,,1788389514.1104348,1788389519.603081,1788389548.0571144,"[1788389519.603081, 1788389520.3836107, 1788389521.2065792, 1788389521.8324287, 1788389521.8612478, 1788389521.9448435, 1788389522.02564, 1788389522.1041262, 1788389522.1844683, 1788389522.2628396, 1788389522.342179, 1788389522.420677, 1788389522.501039, 1788389522.5794575, 1788389522.6601102, 1788389522.7375176, 1788389522.8175886, 1788389522.8955584, 1788389522.9759731, 1788389523.056284, 1788389523.131759, 1788389523.2077346, 1788389523.285848, 1788389523.36161, 1788389523.4413846, 1788389523.5153925, 1788389523.5902946, 1788389523.6632903, 1788389523.7410324, 1788389523.810048, 1788389523.8784254, 1788389523.94606, 1788389524.0143137, 1788389524.081533, 1788389524.150054, 1788389524.2178123, 1788389524.2862875, 1788389524.3534327, 1788389524.422349, 1788389524.4896126, 1788389524.558093, 1788389524.6261055, 1788389524.6983485, 1788389524.767779, 1788389525.3295388, 1788389525.9250348, 1788389526.5466259, 1788389527.1927862, 1788389527.8630345, 1788389528.558906, 1788389529.270484, 1788389529.4077702, 1788389529.9427855, 1788389530.5409546, 1788389531.1604865, 1788389531.80462, 1788389532.4671519, 1788389533.1633875, 1788389533.8825018, 1788389534.6380486, 1788389535.4102533, 1788389536.2179117, 1788389537.0546649, 1788389537.9153805, 1788389538.6266694, 1788389539.1743255, 1788389539.7856586, 1788389540.4216738, 1788389541.0830162, 1788389541.7697294, 1788389542.4891233, 1788389543.234894, 1788389544.0036273, 1788389544.8285708, 1788389545.5595899, 1788389546.3865333, 1788389547.1893408, 1788389548.054857]","[1, 2, 4, 1, 2, 1, 3, 1, 3, 2, 1, 2, 5, 5, 2, 8, 2, 1, 2, 2, 2, 2, 2, 1, 1, 2, 1, 3, 1, 2, 2, 1, 1, 3, 1, 1, 2, 1, 4, 1, 2, 1, 1, 1, 7, 1, 1, 1, 1, 3, 1, 4, 2, 1, 2, 1, 1, 1, 4, 3, 2, 2, 4, 5, 2, 2, 4, 4, 1, 3, 2, 8, 1, 3, 5, 4, 4, 1]"
User-017,5,trace_0726,1788389552.5776777,streaming,21174,109,109,324,2,1.5726284980773926,24.74294424057007,0.2145399605786359,6.0,0,True,,1788389527.8346462,1788389529.4072747,1788389552.5775905,"[1788389529.4072747, 1788389529.942168, 1788389530.540439, 1788389531.1599443, 1788389531.8041065, 1788389532.46661, 1788389533.1628494, 1788389533.881996, 1788389534.6374881, 1788389535.4097133, 1788389536.2173264, 1788389537.0541196, 1788389537.9148378, 1788389538.6261349, 1788389539.173778, 1788389539.7851343, 1788389540.4211183, 1788389541.0824556, 1788389541.7691896, 1788389542.488574, 1788389543.234279, 1788389544.0031106, 1788389544.8279963, 1788389545.5590515, 1788389546.3860233, 1788389547.1886406, 1788389548.054279, 1788389548.662924, 1788389549.2186866, 1788389549.839949, 1788389550.4832046, 1788389551.153133, 1788389551.8475459, 1788389552.5752819]","[1, 8, 1, 5, 5, 1, 2, 1, 3, 7, 2, 1, 4, 4, 2, 1, 3, 2, 1, 9, 5, 2, 1, 3, 5, 2, 2, 1, 1, 6, 7, 2, 5, 4]"
User-030,0,trace_0082,1788389563.6213186,streaming,16277,149,149,0,253,4.666486024856567,39.0182421207428,0.2321064601073394,0.0,0,True,,1788389524.602957,1788389529.269443,1788389563.6211991,"[1788389529.269443, 1788389529.4058433, 1788389529.9409525, 1788389530.5393543, 1788389531.1588733, 1788389531.8030055, 1788389532.4654348, 1788389533.1615558, 1788389533.8808732, 1788389534.6362998, 1788389535.4085343, 1788389536.2161708, 1788389537.0519488, 1788389537.9142454, 1788389538.6255918, 1788389539.1729572, 1788389539.7845173, 1788389540.420507, 1788389541.0818589, 1788389541.768587, 1788389542.487955, 1788389543.2336774, 1788389544.0024157, 1788389544.8274353, 1788389545.5583572, 1788389546.3854985, 1788389547.1881073, 1788389548.0536528, 1788389548.6623619, 1788389549.2181199, 1788389549.8394065, 1788389550.4826498, 1788389551.1526084, 1788389551.846781, 1788389552.574646, 1788389553.3734732, 1788389554.2419724, 1788389554.500512, 1788389554.7460012, 1788389554.7997448, 1788389554.8825843, 1788389554.9660475, 1788389555.0491157, 1788389555.135658, 1788389555.2172828, 1788389555.778315, 1788389556.3708456, 1788389556.9866261, 1788389557.6270232, 1788389558.2867043, 1788389558.5103242, 1788389558.5555174, 1788389559.11992, 1788389559.7110617, 1788389560.328177, 1788389560.9671454, 1788389561.6282065, 1788389562.313294, 1788389563.0205948, 1788389563.6150973]","[1, 1, 5, 2, 4, 2, 3, 1, 1, 2, 1, 2, 8, 1, 3, 2, 3, 3, 2, 2, 1, 1, 3, 2, 2, 3, 3, 3, 2, 1, 3, 2, 2, 8, 6, 2, 2, 2, 2, 3, 4, 5, 2, 3, 2, 3, 2, 1, 3, 8, 3, 1, 1, 1, 1, 2, 1, 1, 2, 1]"
User-020,3,trace_0108,1788389564.5633848,streaming,29470,131,131,364,95,11.768446445465088,27.670727491378784,0.12232523881472074,11.0,0,True,,1788389536.892534,1788389548.6609805,1788389564.5632615,"[1788389548.6609805, 1788389549.216914, 1788389549.8381197, 1788389550.4813929, 1788389551.1513548, 1788389551.845396, 1788389552.5733666, 1788389553.3722854, 1788389554.2406483, 1788389554.4991183, 1788389554.7448084, 1788389554.7985218, 1788389554.8813164, 1788389554.9647253, 1788389555.0478098, 1788389555.134467, 1788389555.2161489, 1788389555.7770364, 1788389556.369542, 1788389556.9851213, 1788389557.6256835, 1788389558.2853575, 1788389558.5081482, 1788389558.5537214, 1788389559.1177945, 1788389559.7092452, 1788389560.3263671, 1788389560.965316, 1788389561.6263301, 1788389562.3115437, 1788389563.0187893, 1788389563.613249, 1788389563.6779876, 1788389563.7644663, 1788389563.8528388, 1788389563.9391816, 1788389564.0279691, 1788389564.1146102, 1788389564.2030754, 1788389564.2894583, 1788389564.3778791, 1788389564.4644678, 1788389564.5582886]","[1, 3, 4, 1, 4, 3, 3, 1, 3, 5, 2, 3, 4, 5, 1, 1, 2, 9, 6, 8, 3, 2, 3, 2, 6, 5, 1, 1, 1, 2, 4, 1, 5, 1, 1, 2, 3, 5, 2, 1, 1, 6, 4]"
User-025,2,trace_0588,1788389564.5665286,streaming,29371,122,122,419,39,12.236944437026978,22.56055450439453,0.08531909146584755,9.0,0,True,,1788389542.0059078,1788389554.2428522,1788389564.5664623,"[1788389554.2428522, 1788389554.5010517, 1788389554.7466192, 1788389554.800269, 1788389554.883156, 1788389554.966575, 1788389555.0497768, 1788389555.1362717, 1788389555.2178903, 1788389555.7788935, 1788389556.3713694, 1788389556.9872, 1788389557.6275694, 1788389558.2874088, 1788389558.5108638, 1788389558.5560236, 1788389559.1204333, 1788389559.7115674, 1788389560.3286881, 1788389560.967659, 1788389561.6287193, 1788389562.3138008, 1788389563.0211086, 1788389563.615892, 1788389563.6798577, 1788389563.7663047, 1788389563.8546731, 1788389563.9408562, 1788389564.0297658, 1788389564.1164198, 1788389564.204861, 1788389564.2912502, 1788389564.3797436, 1788389564.4662938, 1788389564.560479]","[1, 3, 1, 2, 2, 2, 4, 1, 9, 7, 1, 9, 3, 1, 1, 4, 7, 4, 4, 4, 2, 7, 3, 3, 9, 4, 3, 3, 6, 1, 4, 1, 1, 1, 4]"
User-017,6,trace_0726,1788389565.3087292,streaming,21354,116,116,326,2,1.8617897033691406,8.655739068984985,0.059077820570572565,6.0,0,True,,1788389556.6529171,1788389558.5147069,1788389565.3086562,"[1788389558.5147069, 1788389558.5595684, 1788389559.1241796, 1788389559.7152622, 1788389560.3324828, 1788389560.9714382, 1788389561.632409, 1788389562.3175766, 1788389563.0247502, 1788389563.6202726, 1788389563.6841938, 1788389563.7706468, 1788389563.859007, 1788389563.9450958, 1788389564.033966, 1788389564.120579, 1788389564.209143, 1788389564.295441, 1788389564.383973, 1788389564.470581, 1788389564.5656104, 1788389564.6436374, 1788389564.7263453, 1788389564.8091712, 1788389564.8934944, 1788389564.9751985, 1788389565.058575, 1788389565.140264, 1788389565.2237365, 1788389565.3074934]","[1, 1, 3, 5, 6, 2, 3, 8, 4, 6, 2, 2, 7, 3, 3, 9, 6, 1, 6, 3, 2, 1, 8, 3, 6, 1, 9, 1, 3, 1]"
User-007,5,trace_0398,1788389565.7857058,streaming,14953,171,171,225,7,3.1917307376861572,14.474676847457886,0.06637027123395134,7.0,0,True,,1788389551.31097,1788389554.5027008,1788389565.785647,"[1788389554.5027008, 1788389554.748446, 1788389554.8018346, 1788389554.8846881, 1788389554.9681733, 1788389555.0513966, 1788389555.1378462, 1788389555.2195709, 1788389555.7805092, 1788389556.373053, 1788389556.98888, 1788389557.629251, 1788389558.288998, 1788389558.5124464, 1788389558.557553, 1788389559.1221046, 1788389559.7130885, 1788389560.3304, 1788389560.9693632, 1788389561.6302795, 1788389562.3154128, 1788389563.0227478, 1788389563.6174543, 1788389563.6814911, 1788389563.7678862, 1788389563.8562968, 1788389563.942427, 1788389564.0313585, 1788389564.1179397, 1788389564.206482, 1788389564.2928412, 1788389564.3812761, 1788389564.4679363, 1788389564.562319, 1788389564.6410623, 1788389564.7244291, 1788389564.8065195, 1788389564.890838, 1788389564.972577, 1788389565.0559769, 1788389565.1376688, 1788389565.2211332, 1788389565.3048766, 1788389565.3825533, 1788389565.4618223, 1788389565.5423734, 1788389565.6214886, 1788389565.7020638, 1788389565.7823992]","[1, 5, 1, 9, 3, 3, 1, 4, 4, 5, 5, 4, 4, 3, 2, 4, 5, 4, 7, 4, 5, 2, 4, 6, 7, 1, 4, 1, 2, 3, 3, 1, 3, 2, 2, 2, 2, 2, 3, 2, 3, 7, 4, 7, 5, 4, 2, 3, 1]"
User-031,0,trace_0624,1788389566.4818082,streaming,22732,184,184,0,354,14.768447637557983,36.420775413513184,0.11831873101614863,0.0,0,True,,1788389530.0609477,1788389544.8293953,1788389566.481723,"[1788389544.8293953, 1788389545.5601525, 1788389546.3870857, 1788389547.189866, 1788389548.0556314, 1788389548.6634219, 1788389549.2192254, 1788389549.8404713, 1788389550.4837584, 1788389551.1536653, 1788389551.848121, 1788389552.5760794, 1788389553.3740408, 1788389554.2433925, 1788389554.5032027, 1788389554.748954, 1788389554.802304, 1788389554.8852131, 1788389554.9686909, 1788389555.0519342, 1788389555.13835, 1788389555.220115, 1788389555.7810423, 1788389556.3735948, 1788389556.989491, 1788389557.6297784, 1788389558.289542, 1788389558.5129604, 1788389558.5580552, 1788389559.1226513, 1788389559.7136755, 1788389560.3309255, 1788389560.9699035, 1788389561.6308935, 1788389562.3160284, 1788389563.0232553, 1788389563.6179566, 1788389563.6821244, 1788389563.7684464, 1788389563.8568153, 1788389563.9430346, 1788389564.031866, 1788389564.118442, 1788389564.2070074, 1788389564.2933471, 1788389564.3817792, 1788389564.4684505, 1788389564.5628695, 1788389564.641567, 1788389564.724809, 1788389564.8070529, 1788389564.891351, 1788389564.9731143, 1788389565.0564961, 1788389565.1382062, 1788389565.2216725, 1788389565.3054, 1788389565.38299, 1788389565.4623895, 1788389565.5429418, 1788389565.622014, 1788389565.7025828, 1788389565.783201, 1788389565.8588622, 1788389565.935103, 1788389566.0133898, 1788389566.0897856, 1788389566.1678205, 1788389566.2442744, 1788389566.3224776, 1788389566.398617, 1788389566.4790287]","[1, 1, 5, 3, 2, 3, 2, 2, 4, 2, 1, 2, 1, 5, 4, 5, 1, 2, 1, 4, 4, 2, 3, 4, 1, 2, 2, 1, 2, 4, 4, 4, 2, 1, 2, 1, 1, 2, 5, 3, 2, 2, 1, 1, 3, 7, 2, 5, 1, 1, 2, 5, 4, 1, 9, 1, 2, 1, 3, 3, 3, 6, 1, 3, 1, 2, 3, 1, 1, 4, 1, 1]"
User-024,1,trace_0255,1788389567.147785,streaming,29301,357,357,318,139,9.567509651184082,38.087549448013306,0.08011247133940794,14.0,0,True,,1788389529.06008,1788389538.6275897,1788389567.1476295,"[1788389538.6275897, 1788389539.1748724, 1788389539.7862062, 1788389540.4221878, 1788389541.0835314, 1788389541.7702582, 1788389542.4896746, 1788389543.2354486, 1788389544.004138, 1788389544.8298945, 1788389545.5606668, 1788389546.3875926, 1788389547.1905441, 1788389548.0561826, 1788389548.6639278, 1788389549.2197282, 1788389549.8409963, 1788389550.4842892, 1788389551.154169, 1788389551.8488324, 1788389552.5766022, 1788389553.375416, 1788389554.2444468, 1788389554.5041995, 1788389554.7499802, 1788389554.8032897, 1788389554.8862722, 1788389554.9697511, 1788389555.0530243, 1788389555.139434, 1788389555.2211475, 1788389555.7821577, 1788389556.3746994, 1788389556.9905326, 1788389557.6308632, 1788389558.2905924, 1788389558.5139163, 1788389558.5590718, 1788389559.1236818, 1788389559.7147403, 1788389560.3319867, 1788389560.9709368, 1788389561.6319127, 1788389562.3170786, 1788389563.0242565, 1788389563.6189728, 1788389563.683145, 1788389563.769608, 1788389563.857946, 1788389563.9440591, 1788389564.0329564, 1788389564.1195498, 1788389564.2080972, 1788389564.2944376, 1788389564.3829536, 1788389564.46954, 1788389564.5644999, 1788389564.6425679, 1788389564.725578, 1788389564.8080957, 1788389564.8924818, 1788389564.9741724, 1788389565.0575094, 1788389565.139254, 1788389565.2227175, 1788389565.306457, 1788389565.3837652, 1788389565.463438, 1788389565.543974, 1788389565.6230745, 1788389565.7036324, 1788389565.7842393, 1788389565.859897, 1788389565.9361532, 1788389566.0144374, 1788389566.0908124, 1788389566.16884, 1788389566.2452965, 1788389566.3236237, 1788389566.3996606, 1788389566.480308, 1788389566.550394, 1788389566.6251562, 1788389566.69912, 1788389566.7734342, 1788389566.8471746, 1788389566.9215057, 1788389566.9951344, 1788389567.0700696, 1788389567.1458602]","[1, 1, 7, 4, 5, 4, 1, 3, 1, 3, 1, 4, 2, 4, 4, 3, 4, 2, 3, 9, 9, 9, 7, 1, 5, 1, 3, 6, 1, 5, 3, 3, 2, 8, 2, 1, 1, 1, 1, 6, 1, 1, 1, 2, 1, 9, 9, 7, 9, 8, 2, 9, 9, 2, 6, 6, 2, 1, 4, 2, 2, 1, 4, 3, 1, 1, 5, 3, 6, 6, 2, 9, 4, 3, 9, 1, 5, 9, 9, 6, 1, 1, 2, 2, 3, 1, 1, 9, 9, 7]"
User-022,2,trace_0418,1788389568.834375,streaming,13586,381,381,208,3,10.42931079864502,32.87524127960205,0.05906823810778166,20.0,0,True,,1788389535.9590845,1788389546.3883953,1788389568.8343258,"[1788389546.3883953, 1788389547.1910973, 1788389548.0567126, 1788389548.6644256, 1788389549.2202413, 1788389549.841517, 1788389550.4848034, 1788389551.1546788, 1788389551.849371, 1788389552.5771596, 1788389553.3759496, 1788389554.2449565, 1788389554.504693, 1788389554.7504828, 1788389554.8037717, 1788389554.8868053, 1788389554.9702744, 1788389555.0535417, 1788389555.1399589, 1788389555.2216659, 1788389555.782672, 1788389556.3752222, 1788389556.991084, 1788389557.6313791, 1788389558.2911475, 1788389558.5152192, 1788389558.5600755, 1788389559.1246924, 1788389559.715794, 1788389560.3330185, 1788389560.9719484, 1788389561.63294, 1788389562.3181026, 1788389563.0252628, 1788389563.620789, 1788389563.6847303, 1788389563.7711751, 1788389563.859531, 1788389563.9456081, 1788389564.034482, 1788389564.1211312, 1788389564.2096636, 1788389564.295937, 1788389564.3845131, 1788389564.4711256, 1788389564.5661292, 1788389564.6441507, 1788389564.7267692, 1788389564.8096845, 1788389564.8940449, 1788389564.9757073, 1788389565.0591342, 1788389565.1407783, 1788389565.2242458, 1788389565.3082652, 1788389565.3845544, 1788389565.4644675, 1788389565.545027, 1788389565.6240907, 1788389565.7046268, 1788389565.785261, 1788389565.8609145, 1788389565.9371612, 1788389566.0154872, 1788389566.0918183, 1788389566.1698585, 1788389566.2463286, 1788389566.3246794, 1788389566.4004774, 1788389566.481363, 1788389566.5514405, 1788389566.6259813, 1788389566.700149, 1788389566.7744906, 1788389566.8481984, 1788389566.922543, 1788389566.9961913, 1788389567.071171, 1788389567.1472235, 1788389567.2183168, 1788389567.2802296, 1788389567.3439002, 1788389567.4058177, 1788389567.4694908, 1788389567.5317578, 1788389567.595485, 1788389567.6578453, 1788389567.7221081, 1788389567.7841198, 1788389567.8480213, 1788389567.9101708, 1788389567.9735572, 1788389568.0362098, 1788389568.0996912, 1788389568.162432, 1788389568.2258937, 1788389568.2885306, 1788389568.3522973, 1788389568.4169145, 1788389568.48035, 1788389568.545729, 1788389568.6045399, 1788389568.7974086, 1788389568.8336933]","[1, 1, 4, 9, 3, 8, 1, 1, 2, 1, 1, 2, 4, 3, 2, 5, 1, 2, 1, 4, 1, 2, 3, 4, 3, 1, 9, 1, 8, 5, 9, 5, 9, 1, 3, 2, 5, 2, 3, 6, 1, 1, 3, 4, 9, 5, 6, 2, 2, 6, 9, 2, 2, 1, 9, 3, 2, 4, 8, 6, 1, 9, 9, 1, 4, 1, 1, 2, 1, 1, 3, 1, 1, 2, 6, 4, 2, 3, 9, 9, 6, 4, 1, 4, 2, 6, 1, 5, 2, 2, 9, 2, 1, 1, 4, 3, 3, 9, 4, 2, 3, 4, 9, 1]"
User-032,0,trace_0279,1788389569.0875494,streaming,18355,261,261,0,286,14.90567684173584,30.618215322494507,0.060432840310610254,0.0,0,True,,1788389538.4692347,1788389553.3749115,1788389569.08745,"[1788389553.3749115, 1788389554.2439375, 1788389554.5037127, 1788389554.749475, 1788389554.8027892, 1788389554.885727, 1788389554.9691982, 1788389555.0524673, 1788389555.1388807, 1788389555.22062, 1788389555.781609, 1788389556.3741405, 1788389556.9900079, 1788389557.6303492, 1788389558.2900615, 1788389558.513441, 1788389558.5585613, 1788389559.1231797, 1788389559.714224, 1788389560.3314795, 1788389560.970411, 1788389561.6314003, 1788389562.316548, 1788389563.0237622, 1788389563.618439, 1788389563.682629, 1788389563.7690575, 1788389563.857439, 1788389563.9435432, 1788389564.0323951, 1788389564.1189702, 1788389564.20753, 1788389564.2939205, 1788389564.3823652, 1788389564.4689665, 1788389564.5639207, 1788389564.6420672, 1788389564.7251933, 1788389564.8075674, 1788389564.8918958, 1788389564.9736476, 1788389565.0569973, 1788389565.1387267, 1788389565.2221954, 1788389565.3059042, 1788389565.3833754, 1788389565.4629335, 1788389565.5434477, 1788389565.6225364, 1788389565.703132, 1788389565.783729, 1788389565.8593917, 1788389565.9356143, 1788389566.0139074, 1788389566.0902975, 1788389566.1683238, 1788389566.2447782, 1788389566.323082, 1788389566.399154, 1788389566.4797955, 1788389566.5498838, 1788389566.6247551, 1788389566.6985595, 1788389566.772931, 1788389566.8466544, 1788389566.9209905, 1788389566.9945922, 1788389567.0695415, 1788389567.1453302, 1788389567.217238, 1788389567.2791607, 1788389567.3428464, 1788389567.4048035, 1788389567.4684687, 1788389567.530704, 1788389567.5944185, 1788389567.6568122, 1788389567.721071, 1788389567.7830758, 1788389567.8469713, 1788389567.9091232, 1788389567.9725285, 1788389568.0351913, 1788389568.0986183, 1788389568.161392, 1788389568.2248304, 1788389568.287488, 1788389568.3512676, 1788389568.416433, 1788389568.4792612, 1788389568.5447006, 1788389568.603504, 1788389568.7964222, 1788389568.832653, 1788389568.893942, 1788389568.9573593, 1788389569.0203454, 1788389569.08623]","[1, 7, 2, 2, 2, 1, 1, 5, 6, 5, 3, 2, 2, 1, 1, 1, 2, 1, 1, 2, 1, 3, 7, 1, 4, 1, 9, 2, 4, 1, 4, 1, 4, 3, 1, 1, 1, 2, 3, 3, 4, 2, 2, 4, 9, 3, 2, 2, 8, 1, 3, 1, 3, 1, 2, 4, 3, 4, 2, 2, 4, 1, 2, 1, 1, 4, 3, 1, 1, 9, 3, 1, 2, 1, 1, 2, 1, 1, 2, 2, 3, 4, 2, 4, 3, 1, 2, 3, 1, 4, 2, 3, 1, 2, 8, 2, 4, 3]"
User-008,3,trace_0707,1788389570.4067092,streaming,20888,326,326,317,8,1.117541790008545,16.77671217918396,0.048182062735924354,15.0,0,True,,1788389553.6299222,1788389554.747464,1788389570.4066343,"[1788389554.747464, 1788389554.8008554, 1788389554.8836904, 1788389554.9671245, 1788389555.050329, 1788389555.1367896, 1788389555.2184658, 1788389555.779434, 1788389556.3720062, 1788389556.987779, 1788389557.6281111, 1788389558.2879307, 1788389558.5113497, 1788389558.5565298, 1788389559.1209893, 1788389559.7120757, 1788389560.3292236, 1788389560.968199, 1788389561.6292293, 1788389562.314324, 1788389563.0216274, 1788389563.6164222, 1788389563.680421, 1788389563.7668562, 1788389563.8552558, 1788389563.9413853, 1788389564.0303185, 1788389564.116927, 1788389564.2053893, 1788389564.291772, 1788389564.380251, 1788389564.466843, 1788389564.5612416, 1788389564.6399274, 1788389564.7235308, 1788389564.8054893, 1788389564.8897095, 1788389564.971378, 1788389565.054773, 1788389565.1364467, 1788389565.2198987, 1788389565.3036633, 1788389565.3816538, 1788389565.4606092, 1788389565.5412068, 1788389565.6202817, 1788389565.7008805, 1788389565.7811303, 1788389565.857659, 1788389565.9339116, 1788389566.0122197, 1788389566.088477, 1788389566.166522, 1788389566.243049, 1788389566.3212824, 1788389566.3974566, 1788389566.4778233, 1788389566.5487432, 1788389566.6238968, 1788389566.6973438, 1788389566.7717493, 1788389566.8454528, 1788389566.919819, 1788389566.9934309, 1788389567.0683293, 1788389567.1441367, 1788389567.216062, 1788389567.277961, 1788389567.341562, 1788389567.4036548, 1788389567.467272, 1788389567.529557, 1788389567.5932934, 1788389567.6556237, 1788389567.7199144, 1788389567.7818747, 1788389567.8458054, 1788389567.9079595, 1788389567.9713898, 1788389568.0339797, 1788389568.097456, 1788389568.1601994, 1788389568.2236586, 1788389568.2863016, 1788389568.3500335, 1788389568.4159372, 1788389568.4780917, 1788389568.543634, 1788389568.6024358, 1788389568.7954037, 1788389568.8315527, 1788389568.8928988, 1788389568.9563289, 1788389569.0192611, 1788389569.085164, 1788389569.1453855, 1788389569.207507, 1788389569.2692416, 1788389569.3315027, 1788389569.3930433, 1788389569.4542441, 1788389569.517597, 1788389569.5785975, 1788389569.6626537, 1788389569.7394278, 1788389569.7690377, 1788389569.8306992, 1788389570.0216806, 1788389570.200743, 1788389570.2541537, 1788389570.326631, 1788389570.4038546]","[1, 2, 1, 3, 3, 4, 4, 1, 7, 2, 8, 2, 9, 2, 1, 1, 7, 2, 1, 2, 2, 9, 4, 2, 4, 1, 2, 2, 7, 6, 1, 2, 2, 6, 3, 1, 2, 1, 1, 3, 1, 2, 3, 4, 1, 9, 2, 3, 1, 1, 1, 5, 4, 3, 3, 1, 1, 1, 3, 3, 1, 1, 2, 1, 4, 9, 1, 1, 4, 2, 2, 2, 1, 1, 2, 2, 3, 1, 3, 3, 3, 9, 4, 1, 4, 3, 9, 4, 2, 1, 1, 2, 2, 9, 4, 3, 1, 2, 2, 3, 3, 1, 2, 2, 9, 3, 3, 3, 2, 2, 2, 3]"
User-034,0,trace_0164,1788389570.9012895,streaming,17666,254,254,0,275,5.366058826446533,12.647441148757935,0.028780167281863247,0.0,0,True,,1788389558.2537372,1788389563.619796,1788389570.9011784,"[1788389563.619796, 1788389563.6836867, 1788389563.7701406, 1788389563.8584924, 1788389563.9445949, 1788389564.0334692, 1788389564.1200702, 1788389564.2086349, 1788389564.2949467, 1788389564.3834772, 1788389564.470078, 1788389564.5650542, 1788389564.643135, 1788389564.7259665, 1788389564.8086574, 1788389564.8929932, 1788389564.974677, 1788389565.058021, 1788389565.139767, 1788389565.223235, 1788389565.3069706, 1788389565.3841698, 1788389565.4639537, 1788389565.544498, 1788389565.6235847, 1788389565.7041256, 1788389565.7847598, 1788389565.8604023, 1788389565.9366558, 1788389566.0149803, 1788389566.0913134, 1788389566.1693513, 1788389566.2458181, 1788389566.3241427, 1788389566.4000883, 1788389566.4808125, 1788389566.5509274, 1788389566.6255603, 1788389566.6996326, 1788389566.77398, 1788389566.8476799, 1788389566.9220278, 1788389566.995674, 1788389567.0706189, 1788389567.1466768, 1788389567.2177882, 1788389567.2797074, 1788389567.34338, 1788389567.405299, 1788389567.46897, 1788389567.531254, 1788389567.5949543, 1788389567.6573157, 1788389567.7215745, 1788389567.7836003, 1788389567.8474796, 1788389567.909637, 1788389567.973042, 1788389568.0356991, 1788389568.0991697, 1788389568.1619115, 1788389568.2253466, 1788389568.2880034, 1788389568.3517845, 1788389568.4166718, 1788389568.4797854, 1788389568.5452166, 1788389568.6040192, 1788389568.7969081, 1788389568.8331687, 1788389568.8945372, 1788389568.9579468, 1788389569.0208676, 1788389569.087064, 1788389569.1464372, 1788389569.2085705, 1788389569.2702951, 1788389569.3325486, 1788389569.3941216, 1788389569.4550433, 1788389569.5186388, 1788389569.5796945, 1788389569.6631727, 1788389569.7399223, 1788389569.770086, 1788389569.831812, 1788389570.0236533, 1788389570.2023454, 1788389570.255819, 1788389570.328344, 1788389570.4057074, 1788389570.4759302, 1788389570.546067, 1788389570.6158717, 1788389570.6854794, 1788389570.7577465, 1788389570.826883, 1788389570.9000018]","[1, 4, 2, 1, 2, 1, 1, 1, 1, 1, 2, 2, 1, 1, 3, 2, 4, 5, 1, 2, 1, 2, 6, 4, 2, 1, 1, 3, 1, 2, 1, 1, 2, 5, 2, 7, 1, 2, 1, 1, 1, 1, 1, 7, 1, 1, 1, 1, 1, 1, 1, 1, 1, 3, 3, 2, 4, 2, 3, 3, 4, 7, 3, 3, 4, 1, 3, 3, 3, 3, 2, 1, 7, 4, 6, 1, 7, 7, 7, 1, 3, 2, 2, 5, 1, 3, 2, 2, 8, 7, 2, 1, 2, 1, 4, 1, 6, 2]"
User-017,7,trace_0726,1788389570.9709167,streaming,21634,102,102,328,5,0.38382744789123535,2.5599048137664795,0.02154532045421034,7.0,0,True,,1788389568.4109445,1788389568.794772,1788389570.9708493,"[1788389568.794772, 1788389568.8310513, 1788389568.892388, 1788389568.9557955, 1788389569.0187004, 1788389569.084637, 1788389569.1447368, 1788389569.2068677, 1788389569.2686253, 1788389569.3308177, 1788389569.3923929, 1788389569.453838, 1788389569.5169446, 1788389569.577976, 1788389569.662385, 1788389569.7391846, 1788389569.7684803, 1788389569.8301682, 1788389570.0211039, 1788389570.2002406, 1788389570.2534566, 1788389570.3259623, 1788389570.40317, 1788389570.4741757, 1788389570.5443394, 1788389570.6141515, 1788389570.6843019, 1788389570.7560287, 1788389570.8251789, 1788389570.8982425, 1788389570.9685953]","[1, 2, 1, 2, 1, 1, 1, 3, 2, 9, 2, 3, 9, 2, 6, 6, 2, 3, 9, 2, 2, 4, 4, 4, 1, 2, 1, 2, 1, 6, 8]"
User-025,3,trace_0588,1788389573.552281,streaming,29594,149,149,458,3,0.3651285171508789,3.894179344177246,0.023844938020448427,9.0,0,True,,1788389569.6580114,1788389570.02314,1788389573.5521908,"[1788389570.02314, 1788389570.2018464, 1788389570.2552862, 1788389570.3278217, 1788389570.4051924, 1788389570.4754045, 1788389570.545561, 1788389570.615362, 1788389570.685093, 1788389570.7572293, 1788389570.8263168, 1788389570.8994699, 1788389570.969958, 1788389571.0356953, 1788389571.1032913, 1788389571.170649, 1788389571.238896, 1788389571.3058357, 1788389571.373638, 1788389571.4420803, 1788389571.5091126, 1788389571.5773616, 1788389571.6445782, 1788389571.7122273, 1788389571.7808354, 1788389571.847655, 1788389571.915505, 1788389571.9827645, 1788389572.0504222, 1788389572.1188896, 1788389572.185896, 1788389572.2540627, 1788389572.3210685, 1788389572.3885758, 1788389572.4568121, 1788389572.5241528, 1788389572.5924802, 1788389572.6597323, 1788389572.7274115, 1788389572.8380334, 1788389572.8628929, 1788389572.9347246, 1788389573.003257, 1788389573.189337, 1788389573.4284906, 1788389573.4764388, 1788389573.5504105]","[1, 1, 5, 1, 2, 2, 2, 2, 3, 7, 7, 2, 2, 6, 2, 1, 4, 5, 3, 6, 3, 1, 4, 1, 1, 2, 4, 5, 2, 3, 6, 4, 2, 4, 1, 1, 4, 1, 9, 5, 1, 3, 9, 1, 1, 3, 4]"
User-033,0,trace_0538,1788389574.472178,streaming,11642,393,393,0,155,3.484886884689331,19.447867155075073,0.04072188844486159,0.0,0,True,,1788389555.0242596,1788389558.5091465,1788389574.4721267,"[1788389558.5091465, 1788389558.5543513, 1788389559.1185613, 1788389559.709858, 1788389560.327015, 1788389560.965925, 1788389561.6269722, 1788389562.3121436, 1788389563.0194402, 1788389563.613863, 1788389563.6786134, 1788389563.7650685, 1788389563.853465, 1788389563.9396877, 1788389564.0285823, 1788389564.1152642, 1788389564.2036772, 1788389564.2900574, 1788389564.3784738, 1788389564.465078, 1788389564.5591993, 1788389564.638655, 1788389564.7225747, 1788389564.8042212, 1788389564.8884802, 1788389564.9702008, 1788389565.0535936, 1788389565.1352897, 1788389565.2187016, 1788389565.3024752, 1788389565.380763, 1788389565.459474, 1788389565.5400643, 1788389565.6190605, 1788389565.6996887, 1788389565.7799842, 1788389565.8564785, 1788389565.9327471, 1788389566.011061, 1788389566.087306, 1788389566.1653798, 1788389566.2418587, 1788389566.3201282, 1788389566.396296, 1788389566.4766846, 1788389566.5475745, 1788389566.6227727, 1788389566.6961825, 1788389566.7705333, 1788389566.8443015, 1788389566.9186437, 1788389566.992263, 1788389567.067138, 1788389567.1429675, 1788389567.2148669, 1788389567.2768152, 1788389567.3404224, 1788389567.4024673, 1788389567.4661002, 1788389567.5284092, 1788389567.5921416, 1788389567.6544425, 1788389567.718696, 1788389567.7806807, 1788389567.8446105, 1788389567.9067757, 1788389567.9701889, 1788389568.0328333, 1788389568.0963025, 1788389568.1590505, 1788389568.2224813, 1788389568.2850947, 1788389568.3488853, 1788389568.4153247, 1788389568.4767656, 1788389568.5424, 1788389568.6012175, 1788389568.7931755, 1788389568.8298922, 1788389568.891139, 1788389568.9545212, 1788389569.0173311, 1788389569.0833118, 1788389569.1435523, 1788389569.2056284, 1788389569.267471, 1788389569.3295832, 1788389569.3912005, 1788389569.4528806, 1788389569.5157673, 1788389569.5768356, 1788389569.6617777, 1788389569.738591, 1788389569.7670946, 1788389569.8287494, 1788389570.019876, 1788389570.199118, 1788389570.2522278, 1788389570.324787, 1788389570.4019997, 1788389570.4730048, 1788389570.5431788, 1788389570.6129787, 1788389570.6832793, 1788389570.754823, 1788389570.8239982, 1788389570.8970685, 1788389570.9672732, 1788389571.033873, 1788389571.1013556, 1788389571.1688507, 1788389571.2370377, 1788389571.3040338, 1788389571.3718703, 1788389571.4402533, 1788389571.5073078, 1788389571.5755947, 1788389571.6427898, 1788389571.7104166, 1788389571.7790275, 1788389571.8458104, 1788389571.913664, 1788389571.9809544, 1788389572.048566, 1788389572.117121, 1788389572.1841114, 1788389572.252261, 1788389572.319263, 1788389572.3867552, 1788389572.4550374, 1788389572.5222993, 1788389572.590515, 1788389572.657872, 1788389572.725577, 1788389572.837181, 1788389572.8610883, 1788389572.9339, 1788389573.0012152, 1788389573.1867678, 1788389573.4262238, 1788389573.4746087, 1788389573.5480857, 1788389573.6158614, 1788389573.677472, 1788389573.739299, 1788389573.800956, 1788389573.8632107, 1788389573.9246414, 1788389573.9871814, 1788389574.0483174, 1788389574.1163864, 1788389574.1732438, 1788389574.2392147, 1788389574.296044, 1788389574.4679027]","[1, 1, 1, 4, 1, 3, 1, 2, 1, 2, 4, 2, 3, 4, 2, 2, 1, 2, 4, 2, 1, 1, 4, 2, 1, 1, 3, 1, 1, 2, 1, 3, 3, 5, 4, 1, 4, 3, 4, 5, 2, 4, 1, 1, 2, 1, 6, 1, 2, 1, 1, 2, 2, 1, 2, 1, 2, 2, 1, 2, 1, 1, 1, 3, 1, 5, 3, 2, 2, 2, 1, 6, 2, 3, 3, 5, 9, 1, 3, 2, 1, 9, 5, 6, 3, 1, 2, 3, 1, 1, 2, 2, 2, 2, 2, 5, 1, 1, 1, 2, 5, 2, 1, 4, 6, 2, 3, 3, 3, 3, 9, 3, 2, 1, 6, 4, 7, 2, 4, 1, 2, 2, 2, 5, 1, 4, 9, 3, 2, 1, 2, 4, 2, 3, 3, 1, 1, 1, 3, 1, 2, 7, 1, 4, 2, 1, 2, 1, 2, 2, 1, 1, 2, 1, 3]"
User-030,1,trace_0082,1788389574.5072584,streaming,16729,239,239,253,7,0.4697120189666748,4.771477937698364,0.01807464671736004,12.0,0,True,,1788389569.7357163,1788389570.2054284,1788389574.5071943,"[1788389570.2054284, 1788389570.2563732, 1788389570.3289027, 1788389570.4062214, 1788389570.4764473, 1788389570.5465975, 1788389570.6163952, 1788389570.6858807, 1788389570.758263, 1788389570.8274343, 1788389570.9007857, 1788389570.9704757, 1788389571.0362432, 1788389571.1038108, 1788389571.171235, 1788389571.239448, 1788389571.3064256, 1788389571.3741636, 1788389571.4426517, 1788389571.5096571, 1788389571.5778751, 1788389571.6451051, 1788389571.712769, 1788389571.781368, 1788389571.8481798, 1788389571.9159834, 1788389571.983312, 1788389572.0510006, 1788389572.1194353, 1788389572.1864486, 1788389572.2546036, 1788389572.3216057, 1788389572.3891132, 1788389572.457353, 1788389572.5246956, 1788389572.5930133, 1788389572.6602643, 1788389572.7279675, 1788389572.8382938, 1788389572.8634238, 1788389572.9350157, 1788389573.0038085, 1788389573.1898296, 1788389573.4297736, 1788389573.4772444, 1788389573.551804, 1788389573.618782, 1788389573.6803901, 1788389573.7421443, 1788389573.803741, 1788389573.8660347, 1788389573.9274755, 1788389573.9899867, 1788389574.051161, 1788389574.1177266, 1788389574.1760745, 1788389574.2420807, 1788389574.2989426, 1788389574.4718168, 1788389574.506562]","[1, 1, 3, 4, 9, 4, 1, 2, 2, 1, 3, 4, 3, 3, 4, 6, 3, 5, 4, 3, 9, 9, 8, 9, 2, 1, 5, 1, 3, 5, 2, 3, 5, 3, 2, 8, 2, 1, 1, 1, 1, 6, 1, 1, 1, 2, 1, 9, 9, 9, 9, 8, 9, 9, 2, 6, 6, 2, 1, 1]"
User-028,1,trace_0006,1788389575.4754136,streaming,20318,545,545,265,51,11.819797992706299,40.910141468048096,0.053474896094378305,15.0,0,True,,1788389534.5651023,1788389546.3849003,1788389575.4752438,"[1788389546.3849003, 1788389547.187355, 1788389548.053044, 1788389548.661641, 1788389549.2175226, 1788389549.8387697, 1788389550.482038, 1788389551.151983, 1788389551.8461092, 1788389552.5740077, 1788389553.3729086, 1788389554.2413518, 1788389554.4998646, 1788389554.7454653, 1788389554.7991586, 1788389554.881941, 1788389554.965383, 1788389555.0485213, 1788389555.135101, 1788389555.2167468, 1788389555.7776887, 1788389556.3701694, 1788389556.9859476, 1788389557.626304, 1788389558.2860928, 1788389558.5097992, 1788389558.554904, 1788389559.119224, 1788389559.7104957, 1788389560.3276467, 1788389560.966555, 1788389561.6276448, 1788389562.312776, 1788389563.0200574, 1788389563.6143994, 1788389563.6793144, 1788389563.7657359, 1788389563.8541172, 1788389563.9403212, 1788389564.0292141, 1788389564.1159043, 1788389564.2043042, 1788389564.290681, 1788389564.3791833, 1788389564.4657624, 1788389564.5599298, 1788389564.63929, 1788389564.7231271, 1788389564.8048503, 1788389564.8890789, 1788389564.9708147, 1788389565.0541875, 1788389565.1358862, 1788389565.2193403, 1788389565.3031106, 1788389565.381226, 1788389565.460069, 1788389565.5406675, 1788389565.619691, 1788389565.700325, 1788389565.7805767, 1788389565.8570988, 1788389565.9333665, 1788389566.0116644, 1788389566.0879304, 1788389566.1659737, 1788389566.2424664, 1788389566.320722, 1788389566.3968952, 1788389566.4772851, 1788389566.548188, 1788389566.6233356, 1788389566.6967711, 1788389566.7711778, 1788389566.8449085, 1788389566.9192684, 1788389566.9928646, 1788389567.0677407, 1788389567.1435738, 1788389567.2154865, 1788389567.2774231, 1788389567.3410223, 1788389567.4031062, 1788389567.4667006, 1788389567.5290158, 1788389567.592736, 1788389567.6550725, 1788389567.7193394, 1788389567.7812965, 1788389567.8452363, 1788389567.907407, 1788389567.970842, 1788389568.0334368, 1788389568.0969033, 1788389568.1596432, 1788389568.2230983, 1788389568.2857244, 1788389568.3494866, 1788389568.4156764, 1788389568.4775157, 1788389568.5431092, 1788389568.6019082, 1788389568.7938604, 1788389568.8304834, 1788389568.8918543, 1788389568.9552014, 1788389569.0180047, 1788389569.0840702, 1788389569.144193, 1788389569.2062576, 1788389569.2680783, 1788389569.3302112, 1788389569.3918111, 1788389569.4533467, 1788389569.5163739, 1788389569.5774417, 1788389569.6621366, 1788389569.7389264, 1788389569.7678835, 1788389569.8294036, 1788389570.0205755, 1788389570.199709, 1788389570.252849, 1788389570.3254077, 1788389570.4026012, 1788389570.4736264, 1788389570.5437896, 1788389570.6135752, 1788389570.683797, 1788389570.7554717, 1788389570.8246114, 1788389570.8976977, 1788389570.9679089, 1788389571.0345006, 1788389571.102134, 1788389571.1694827, 1788389571.2376616, 1788389571.3046472, 1788389571.372469, 1788389571.4409072, 1788389571.508053, 1788389571.5762496, 1788389571.6434438, 1788389571.7110817, 1788389571.7796376, 1788389571.846428, 1788389571.9142776, 1788389571.9815629, 1788389572.0492291, 1788389572.1177263, 1788389572.184727, 1788389572.2528894, 1788389572.3198807, 1788389572.3873925, 1788389572.4556391, 1788389572.5229406, 1788389572.5913997, 1788389572.658488, 1788389572.7262096, 1788389572.837516, 1788389572.8617346, 1788389572.9342277, 1788389573.0020933, 1788389573.1873841, 1788389573.4268377, 1788389573.4751554, 1788389573.5487163, 1788389573.6164706, 1788389573.6780922, 1788389573.739898, 1788389573.8015628, 1788389573.8638198, 1788389573.925265, 1788389573.9878113, 1788389574.0489297, 1788389574.1167018, 1788389574.1738737, 1788389574.2398121, 1788389574.2966135, 1788389574.4687734, 1788389574.5036337, 1788389574.561817, 1788389574.6232548, 1788389574.6831467, 1788389574.7441332, 1788389574.8044705, 1788389574.8651893, 1788389574.9253142, 1788389574.986096, 1788389575.0463092, 1788389575.106687, 1788389575.1677206, 1788389575.227727, 1788389575.2887228, 1788389575.3493812, 1788389575.4096942, 1788389575.472209]","[1, 1, 1, 2, 1, 2, 2, 1, 2, 6, 3, 1, 1, 1, 7, 2, 4, 6, 1, 2, 1, 4, 1, 6, 5, 4, 1, 5, 1, 1, 3, 5, 1, 1, 1, 3, 5, 7, 3, 4, 1, 5, 3, 5, 1, 1, 1, 1, 2, 1, 4, 1, 3, 2, 1, 4, 1, 1, 4, 1, 3, 1, 2, 2, 2, 2, 2, 1, 3, 1, 4, 1, 4, 4, 2, 2, 5, 5, 8, 4, 1, 1, 3, 1, 1, 2, 3, 6, 9, 5, 1, 3, 1, 1, 2, 3, 6, 3, 6, 1, 2, 1, 2, 2, 1, 7, 7, 7, 3, 4, 1, 4, 7, 3, 3, 1, 1, 6, 3, 2, 1, 2, 4, 2, 4, 1, 2, 6, 3, 5, 2, 2, 7, 2, 2, 2, 4, 4, 2, 2, 1, 2, 1, 2, 4, 1, 9, 3, 2, 3, 4, 1, 1, 3, 3, 5, 1, 3, 4, 2, 3, 4, 1, 2, 2, 1, 1, 6, 9, 1, 1, 3, 1, 1, 9, 3, 1, 1, 2, 1, 3, 5, 1, 2, 1, 1, 2, 1, 7, 1, 2, 4, 2, 3, 1, 1, 5]"
User-027,1,trace_0632,1788389575.5351667,streaming,21217,599,599,322,9,9.297358512878418,30.33052372932434,0.03517251708435773,14.0,0,True,,1788389545.2045455,1788389554.501904,1788389575.5350692,"[1788389554.501904, 1788389554.7479663, 1788389554.8013606, 1788389554.8841918, 1788389554.9676552, 1788389555.0508628, 1788389555.1373227, 1788389555.2190177, 1788389555.7799442, 1788389556.3725505, 1788389556.9883041, 1788389557.6286948, 1788389558.288479, 1788389558.5118957, 1788389558.5570407, 1788389559.1214972, 1788389559.7125723, 1788389560.3297803, 1788389560.968738, 1788389561.6297681, 1788389562.3148766, 1788389563.022231, 1788389563.6169508, 1788389563.680958, 1788389563.7673645, 1788389563.8557768, 1788389563.9418929, 1788389564.0308444, 1788389564.1174226, 1788389564.2059438, 1788389564.2923014, 1788389564.380749, 1788389564.4673786, 1788389564.561763, 1788389564.6404743, 1788389564.723946, 1788389564.806004, 1788389564.8902423, 1788389564.972067, 1788389565.0554535, 1788389565.1371238, 1788389565.2205732, 1788389565.3043396, 1788389565.3821537, 1788389565.4612954, 1788389565.5418565, 1788389565.620977, 1788389565.701538, 1788389565.7818437, 1788389565.8583, 1788389565.9345531, 1788389566.0128627, 1788389566.0892475, 1788389566.1672587, 1788389566.2437184, 1788389566.3219426, 1788389566.3980968, 1788389566.4784594, 1788389566.5493724, 1788389566.62434, 1788389566.6980417, 1788389566.7724054, 1788389566.8460975, 1788389566.9204743, 1788389566.9940639, 1788389567.0689857, 1788389567.144819, 1788389567.2166965, 1788389567.278598, 1788389567.3422532, 1788389567.4042845, 1788389567.4679205, 1788389567.5301938, 1788389567.5939095, 1788389567.656268, 1788389567.720545, 1788389567.7825077, 1788389567.846441, 1788389567.908574, 1788389567.972017, 1788389568.034616, 1788389568.0981002, 1788389568.1608818, 1788389568.2243025, 1788389568.286966, 1788389568.3506708, 1788389568.4161897, 1788389568.4786985, 1788389568.544161, 1788389568.6029813, 1788389568.795906, 1788389568.8320615, 1788389568.8934112, 1788389568.9568453, 1788389569.0198355, 1788389569.0856838, 1788389569.1459239, 1788389569.20803, 1788389569.269764, 1788389569.3320305, 1788389569.3935733, 1788389569.4546356, 1788389569.5181162, 1788389569.5791686, 1788389569.6629164, 1788389569.7396843, 1788389569.7695527, 1788389569.8312743, 1788389570.0222034, 1788389570.2012465, 1788389570.2546983, 1788389570.3272135, 1788389570.404654, 1788389570.4748323, 1788389570.5450113, 1788389570.6148098, 1788389570.6847105, 1788389570.7566745, 1788389570.825791, 1788389570.8989315, 1788389570.969411, 1788389571.0350733, 1788389571.102701, 1788389571.1700377, 1788389571.2382367, 1788389571.3052206, 1788389571.3730242, 1788389571.4414623, 1788389571.5085933, 1788389571.5768125, 1788389571.6439877, 1788389571.7116296, 1788389571.780217, 1788389571.8470118, 1788389571.9148848, 1788389571.9821298, 1788389572.0497916, 1788389572.1182837, 1788389572.1852949, 1788389572.253437, 1788389572.3204427, 1788389572.387953, 1788389572.4562047, 1788389572.5235245, 1788389572.5919611, 1788389572.6590745, 1788389572.726798, 1788389572.837779, 1788389572.8623025, 1788389572.9344852, 1788389573.0026352, 1788389573.1888225, 1788389573.4278748, 1788389573.4760342, 1788389573.5498564, 1788389573.6176193, 1788389573.6792972, 1788389573.7410579, 1788389573.8026843, 1788389573.8649917, 1788389573.926397, 1788389573.988949, 1788389574.0500998, 1788389574.1172554, 1788389574.1750195, 1788389574.2409992, 1788389574.297763, 1788389574.4699879, 1788389574.5048437, 1788389574.5630922, 1788389574.6244407, 1788389574.6843522, 1788389574.745299, 1788389574.8056011, 1788389574.866352, 1788389574.9264445, 1788389574.9873521, 1788389575.0475576, 1788389575.10787, 1788389575.1689258, 1788389575.2289293, 1788389575.2899227, 1788389575.3506267, 1788389575.4109113, 1788389575.4736762, 1788389575.5338223]","[1, 2, 2, 2, 3, 1, 2, 9, 6, 1, 7, 7, 1, 9, 4, 4, 4, 7, 5, 1, 4, 1, 1, 3, 1, 2, 5, 2, 3, 6, 5, 3, 3, 7, 5, 9, 3, 9, 1, 2, 3, 6, 4, 3, 1, 2, 2, 2, 1, 2, 1, 2, 3, 7, 8, 6, 2, 1, 1, 3, 1, 1, 3, 2, 2, 5, 1, 1, 2, 8, 1, 5, 1, 1, 3, 2, 3, 1, 5, 1, 5, 3, 1, 2, 2, 7, 1, 1, 9, 3, 4, 3, 1, 2, 3, 1, 1, 2, 4, 2, 1, 1, 1, 2, 4, 2, 1, 3, 4, 1, 3, 9, 3, 4, 4, 2, 1, 4, 3, 1, 5, 6, 3, 5, 8, 3, 1, 3, 1, 1, 1, 1, 3, 7, 1, 3, 3, 1, 1, 9, 5, 1, 4, 2, 1, 5, 3, 6, 2, 1, 9, 6, 8, 8, 1, 7, 4, 6, 1, 3, 2, 1, 2, 1, 1, 2, 9, 2, 3, 4, 4, 1, 1, 3, 1, 1, 9, 2, 1, 3, 8, 5, 5, 1, 3, 2]"
User-022,3,trace_0418,1788389576.0195992,streaming,14189,144,144,211,9,0.4985926151275635,3.088850259780884,0.01811368982275049,11.0,0,True,,1788389572.930695,1788389573.4292877,1788389576.0195453,"[1788389573.4292877, 1788389573.4768333, 1788389573.5512588, 1788389573.61823, 1788389573.6798224, 1788389573.7415948, 1788389573.8032255, 1788389573.8655114, 1788389573.9269335, 1788389573.9894574, 1788389574.0506077, 1788389574.1174893, 1788389574.175536, 1788389574.2415242, 1788389574.2983465, 1788389574.4713175, 1788389574.5060236, 1788389574.5642896, 1788389574.625583, 1788389574.685521, 1788389574.7464468, 1788389574.8067865, 1788389574.867505, 1788389574.927594, 1788389574.9885285, 1788389575.0487, 1788389575.10904, 1788389575.170092, 1788389575.2300634, 1788389575.2938752, 1788389575.3518353, 1788389575.412107, 1788389575.4749286, 1788389575.5346136, 1788389575.5903225, 1788389575.6517496, 1788389575.7127943, 1788389575.7733302, 1788389575.8343482, 1788389575.8952475, 1788389575.9563265, 1788389576.0189137]","[1, 3, 3, 1, 9, 2, 1, 1, 3, 4, 1, 2, 8, 7, 5, 3, 1, 3, 2, 3, 2, 6, 9, 4, 1, 4, 3, 1, 1, 4, 4, 8, 2, 8, 2, 2, 5, 1, 1, 6, 4, 3]"
User-017,8,trace_0726,1788389577.26838,streaming,21830,191,191,333,3,0.35913801193237305,3.1566274166107178,0.014723628445675499,6.0,0,True,,1788389574.1116827,1788389574.4708207,1788389577.26831,"[1788389574.4708207, 1788389574.5054786, 1788389574.5637186, 1788389574.6250548, 1788389574.6849585, 1788389574.7458854, 1788389574.806213, 1788389574.8669624, 1788389574.927056, 1788389574.9880023, 1788389575.0481622, 1788389575.1084592, 1788389575.1695466, 1788389575.2295468, 1788389575.2905192, 1788389575.3512826, 1788389575.411519, 1788389575.4743667, 1788389575.5331838, 1788389575.5897589, 1788389575.6511595, 1788389575.71224, 1788389575.772758, 1788389575.8337877, 1788389575.8946564, 1788389575.9557765, 1788389576.0183346, 1788389576.0776472, 1788389576.131777, 1788389576.1853092, 1788389576.23966, 1788389576.2931535, 1788389576.347549, 1788389576.4014077, 1788389576.4555445, 1788389576.5091937, 1788389576.5638454, 1788389576.6176505, 1788389576.671818, 1788389576.7254336, 1788389576.7798831, 1788389576.8337927, 1788389576.8879833, 1788389576.941455, 1788389576.9989712, 1788389577.0496266, 1788389577.1038957, 1788389577.1576972, 1788389577.2119439, 1788389577.2676635]","[1, 4, 4, 3, 8, 5, 6, 1, 2, 1, 2, 9, 3, 2, 1, 3, 4, 1, 1, 2, 5, 1, 3, 1, 3, 1, 3, 4, 7, 4, 5, 2, 5, 9, 9, 3, 9, 5, 1, 2, 7, 4, 2, 2, 4, 9, 2, 8, 4, 4]"
User-007,6,trace_0398,1788389596.138359,streaming,15334,327,327,232,5,0.35497474670410156,23.30504536628723,0.0703989896306231,12.0,0,True,,1788389572.8332589,1788389573.1882336,1788389596.1383042,"[1788389573.1882336, 1788389573.4273713, 1788389573.4756155, 1788389573.5493186, 1788389573.61709, 1788389573.678759, 1788389573.7404506, 1788389573.802168, 1788389573.8644505, 1788389573.9258566, 1788389573.9884384, 1788389574.049578, 1788389574.1169784, 1788389574.1744013, 1788389574.2403457, 1788389574.2971878, 1788389574.4693155, 1788389574.5042632, 1788389574.5624676, 1788389574.6238563, 1788389574.6837592, 1788389574.744726, 1788389574.805067, 1788389574.8657935, 1788389574.9259083, 1788389574.9867754, 1788389575.046963, 1788389575.1073244, 1788389575.1683536, 1788389575.228362, 1788389575.2893443, 1788389575.3500202, 1788389575.41032, 1788389575.4731107, 1788389575.532546, 1788389575.5891438, 1788389575.6505089, 1788389575.7115958, 1788389575.7721584, 1788389575.8331707, 1788389575.8940537, 1788389575.9551764, 1788389576.017695, 1788389576.0770345, 1788389576.1311061, 1788389576.1846678, 1788389576.2390466, 1788389576.2925296, 1788389576.3468752, 1788389576.4007537, 1788389576.4549298, 1788389576.5085385, 1788389576.5632355, 1788389576.6170316, 1788389576.6711872, 1788389576.7247949, 1788389576.7792542, 1788389576.8331416, 1788389576.88732, 1788389576.9408212, 1788389576.9983134, 1788389577.0490155, 1788389577.103257, 1788389577.1570675, 1788389577.2113264, 1788389577.2669945, 1788389577.3186681, 1788389577.3636646, 1788389577.4084852, 1788389577.450713, 1788389578.0134032, 1788389578.6426315, 1788389579.224736, 1788389579.8733814, 1788389580.5495386, 1788389581.255265, 1788389582.1758454, 1788389582.2074957, 1788389582.2613196, 1788389582.3557088, 1788389582.399868, 1788389583.1640394, 1788389583.9563575, 1788389584.776743, 1788389585.6207774, 1788389586.503756, 1788389587.445027, 1788389588.185657, 1788389588.81938, 1788389589.3758075, 1788389589.9868383, 1788389590.6335962, 1788389591.282261, 1788389591.9641447, 1788389592.6749623, 1788389593.4121158, 1788389594.1735861, 1788389594.9635482, 1788389595.5706556, 1788389596.1333835]","[1, 1, 2, 3, 2, 2, 2, 1, 3, 1, 1, 2, 5, 3, 9, 3, 1, 3, 6, 4, 9, 6, 2, 2, 1, 3, 6, 1, 3, 5, 6, 7, 2, 2, 3, 1, 1, 1, 2, 2, 1, 1, 3, 2, 4, 3, 2, 1, 5, 6, 1, 2, 2, 3, 4, 4, 1, 6, 7, 1, 4, 1, 1, 4, 1, 4, 8, 9, 1, 6, 9, 8, 1, 1, 1, 3, 5, 5, 3, 7, 2, 9, 2, 2, 2, 1, 3, 2, 7, 3, 1, 1, 3, 3, 1, 8, 2, 3, 9, 2]"
User-025,4,trace_0588,1788389607.1697254,streaming,29817,119,119,461,3,4.539862871170044,29.53248381614685,0.21180187241505768,9.0,0,True,,1788389577.637136,1788389582.1769989,1788389607.1696198,"[1788389582.1769989, 1788389582.2091868, 1788389582.2631536, 1788389582.3564603, 1788389582.4014971, 1788389583.1657124, 1788389583.958096, 1788389584.778434, 1788389585.6224039, 1788389586.5053642, 1788389587.4482043, 1788389588.1884193, 1788389588.8220916, 1788389589.3786614, 1788389589.9895012, 1788389590.6348054, 1788389591.285093, 1788389591.9669023, 1788389592.6775603, 1788389593.41479, 1788389594.176221, 1788389594.9661388, 1788389595.574132, 1788389596.1369328, 1788389596.7490063, 1788389597.3881843, 1788389598.0512722, 1788389598.7376757, 1788389599.4149096, 1788389599.9697025, 1788389600.5706847, 1788389601.2123084, 1788389601.8427622, 1788389602.5130103, 1788389603.2121413, 1788389603.934544, 1788389604.686341, 1788389605.3791852, 1788389605.9329154, 1788389606.5357873, 1788389607.1678295]","[1, 3, 3, 1, 2, 3, 2, 1, 1, 3, 1, 2, 3, 2, 1, 3, 2, 2, 1, 2, 8, 6, 1, 1, 3, 5, 5, 1, 1, 5, 3, 6, 1, 3, 4, 9, 3, 7, 1, 4, 3]"
User-035,0,trace_0062,1788389612.255039,streaming,14980,113,113,0,233,4.864416599273682,34.9437837600708,0.2685657782214029,0.0,0,True,,1788389577.3111844,1788389582.175601,1788389612.2549682,"[1788389582.175601, 1788389582.2068286, 1788389582.2607594, 1788389582.3554504, 1788389582.3993356, 1788389583.1633732, 1788389583.955773, 1788389584.776101, 1788389585.6201577, 1788389586.5031276, 1788389587.444389, 1788389588.185015, 1788389588.8188143, 1788389589.375178, 1788389589.9861617, 1788389590.6333296, 1788389591.2813075, 1788389591.9634817, 1788389592.6742947, 1788389593.411492, 1788389594.1729457, 1788389594.9628885, 1788389595.5700123, 1788389596.1326642, 1788389596.7457166, 1788389597.384868, 1788389598.0480113, 1788389598.7344387, 1788389599.4108818, 1788389599.9656231, 1788389600.5666795, 1788389601.210574, 1788389601.8388255, 1788389602.5090775, 1788389603.2083018, 1788389603.93079, 1788389604.682501, 1788389605.3746493, 1788389605.9283671, 1788389606.531105, 1788389607.1633916, 1788389607.811757, 1788389608.4867857, 1788389609.1843436, 1788389609.914382, 1788389610.6683867, 1788389611.4474673, 1788389612.2505496]","[1, 7, 2, 3, 3, 1, 1, 1, 2, 1, 1, 3, 2, 2, 5, 3, 2, 1, 3, 1, 3, 3, 4, 6, 1, 3, 1, 1, 1, 1, 6, 1, 1, 2, 2, 1, 2, 1, 5, 2, 5, 1, 3, 2, 3, 1, 3, 3]"
User-034,1,trace_0164,1788389614.861905,streaming,18034,199,199,275,6,1.1706678867340088,33.8224880695343,0.1649081827414156,19.0,0,True,,1788389581.039332,1788389582.2099998,1788389614.86182,"[1788389582.2099998, 1788389582.2636943, 1788389582.3566935, 1788389582.4020224, 1788389583.166261, 1788389583.9586303, 1788389584.7789664, 1788389585.622966, 1788389586.5059023, 1788389587.4487016, 1788389588.1890018, 1788389588.823418, 1788389589.3797634, 1788389589.9905639, 1788389590.6352985, 1788389591.2862482, 1788389591.9680095, 1788389592.6786587, 1788389593.4159071, 1788389594.1773043, 1788389594.967276, 1788389595.575124, 1788389596.137993, 1788389596.7500677, 1788389597.3892958, 1788389598.052317, 1788389598.7387433, 1788389599.4158957, 1788389599.9708056, 1788389600.5716412, 1788389601.212801, 1788389601.8438098, 1788389602.5140588, 1788389603.2132146, 1788389603.9356163, 1788389604.6874096, 1788389605.3802202, 1788389605.9339237, 1788389606.536829, 1788389607.169181, 1788389607.8167717, 1788389608.4916558, 1788389609.1887867, 1788389609.9192264, 1788389610.6734722, 1788389611.4523156, 1788389612.2565064, 1788389613.0780463, 1788389613.7661664, 1788389613.774001, 1788389613.867899, 1788389613.9588537, 1788389614.0460234, 1788389614.1381366, 1788389614.2278383, 1788389614.318246, 1788389614.4077156, 1788389614.4976194, 1788389614.5859222, 1788389614.6789522, 1788389614.765638, 1788389614.8611593]","[1, 4, 2, 3, 2, 1, 2, 2, 1, 4, 3, 6, 3, 2, 7, 5, 6, 3, 2, 6, 5, 5, 3, 6, 1, 9, 2, 1, 2, 6, 4, 3, 3, 6, 5, 6, 2, 1, 1, 2, 1, 1, 4, 2, 1, 2, 3, 9, 6, 4, 2, 4, 2, 2, 4, 6, 1, 1, 1, 3, 1, 1]"
User-017,9,trace_0726,1788389616.9854217,streaming,22091,377,377,336,3,5.097758769989014,34.63614273071289,0.07855953181043585,10.0,0,True,,1788389582.349145,1788389587.4469037,1788389616.9852877,"[1788389587.4469037, 1788389588.1873639, 1788389588.8211021, 1788389589.3775258, 1788389589.9884334, 1788389590.6343315, 1788389591.2840307, 1788389591.9657903, 1788389592.676544, 1788389593.4137309, 1788389594.175163, 1788389594.9651303, 1788389595.5731292, 1788389596.135771, 1788389596.7479498, 1788389597.3871436, 1788389598.050136, 1788389598.7366624, 1788389599.4138947, 1788389599.968574, 1788389600.569453, 1788389601.2118242, 1788389601.8415956, 1788389602.5118756, 1788389603.211061, 1788389603.9334362, 1788389604.685223, 1788389605.37737, 1788389605.9313023, 1788389606.5338666, 1788389607.166175, 1788389607.8145273, 1788389608.489498, 1788389609.1870732, 1788389609.917124, 1788389610.6712809, 1788389611.4501913, 1788389612.2540576, 1788389613.0759392, 1788389613.7633631, 1788389613.7728803, 1788389613.8652127, 1788389613.956207, 1788389614.0440974, 1788389614.1354704, 1788389614.224915, 1788389614.3156102, 1788389614.4046264, 1788389614.4949477, 1788389614.5839455, 1788389614.6761372, 1788389614.763492, 1788389614.8583524, 1788389614.9436078, 1788389615.0329287, 1788389615.1202905, 1788389615.2098489, 1788389615.2974477, 1788389615.3884382, 1788389615.474253, 1788389615.5636296, 1788389615.6513262, 1788389615.7410476, 1788389615.8279881, 1788389615.917785, 1788389616.0054746, 1788389616.0947142, 1788389616.1822157, 1788389616.271835, 1788389616.3595612, 1788389616.4489775, 1788389616.536433, 1788389616.6260426, 1788389616.7136364, 1788389616.802889, 1788389616.8902369, 1788389616.982362]","[1, 1, 1, 8, 9, 4, 1, 2, 2, 1, 2, 1, 4, 2, 4, 4, 1, 1, 2, 2, 9, 9, 9, 9, 3, 1, 3, 1, 4, 3, 2, 9, 2, 2, 1, 2, 1, 7, 1, 2, 1, 4, 6, 1, 2, 9, 9, 9, 6, 9, 9, 1, 9, 8, 9, 6, 3, 6, 3, 3, 7, 8, 6, 3, 9, 9, 3, 9, 8, 9, 9, 8, 9, 9, 9, 9, 7]"
User-025,5,trace_0588,1788389617.3290386,streaming,29999,120,120,463,3,3.512934684753418,7.082008600234985,0.02999221777715603,7.0,0,True,,1788389610.2469118,1788389613.7598464,1788389617.3289204,"[1788389613.7598464, 1788389613.7712836, 1788389613.861889, 1788389613.9529178, 1788389614.04157, 1788389614.1321862, 1788389614.221692, 1788389614.312267, 1788389614.401313, 1788389614.491672, 1788389614.580788, 1788389614.6728463, 1788389614.7609208, 1788389614.8550088, 1788389614.9402883, 1788389615.029691, 1788389615.1169538, 1788389615.2064884, 1788389615.294081, 1788389615.3847847, 1788389615.4709702, 1788389615.5602756, 1788389615.6479003, 1788389615.7375998, 1788389615.8246255, 1788389615.914411, 1788389616.0020354, 1788389616.0913858, 1788389616.1788518, 1788389616.268496, 1788389616.3561559, 1788389616.445588, 1788389616.533055, 1788389616.6227071, 1788389616.7102687, 1788389616.7995646, 1788389616.8869207, 1788389616.978984, 1788389617.0641139, 1788389617.1501048, 1788389617.2344494, 1788389617.3233824]","[1, 5, 5, 3, 1, 4, 2, 4, 1, 1, 3, 2, 4, 6, 3, 5, 2, 3, 3, 1, 3, 7, 5, 1, 3, 3, 1, 4, 1, 5, 4, 4, 1, 2, 3, 4, 1, 1, 3, 2, 1, 2]"
User-030,2,trace_0082,1788389618.1520858,streaming,17639,292,292,260,14,2.5481600761413574,38.5250289440155,0.12363185177963625,10.0,0,True,,1788389579.6269841,1788389582.1751442,1788389618.152013,"[1788389582.1751442, 1788389582.206153, 1788389582.260106, 1788389582.3551297, 1788389582.3986905, 1788389583.1626103, 1788389583.9549649, 1788389584.7753513, 1788389585.6195471, 1788389586.5023568, 1788389587.4436934, 1788389588.1843967, 1788389588.818132, 1788389589.3743548, 1788389589.9855564, 1788389590.6329746, 1788389591.2806842, 1788389591.962802, 1788389592.6736677, 1788389593.4108381, 1788389594.1723337, 1788389594.9622254, 1788389595.5693662, 1788389596.1318805, 1788389596.745094, 1788389597.3842187, 1788389598.0473187, 1788389598.733807, 1788389599.4102354, 1788389599.9648323, 1788389600.5660493, 1788389601.210243, 1788389601.8381612, 1788389602.5084736, 1788389603.207701, 1788389603.930142, 1788389604.681879, 1788389605.3740196, 1788389605.9277458, 1788389606.5304728, 1788389607.1627765, 1788389607.8111565, 1788389608.4861531, 1788389609.1837301, 1788389609.913768, 1788389610.6677024, 1788389611.4468536, 1788389612.2499013, 1788389613.073079, 1788389613.7588022, 1788389613.7707868, 1788389613.861283, 1788389613.9522836, 1788389614.0410614, 1788389614.131571, 1788389614.221048, 1788389614.3116572, 1788389614.4006946, 1788389614.4910426, 1788389614.5801651, 1788389614.6721385, 1788389614.7604525, 1788389614.8543494, 1788389614.939658, 1788389615.0290575, 1788389615.1163433, 1788389615.205875, 1788389615.2934866, 1788389615.3827167, 1788389615.4703186, 1788389615.5596864, 1788389615.6472926, 1788389615.736998, 1788389615.8240254, 1788389615.9137769, 1788389616.001428, 1788389616.0907636, 1788389616.1782029, 1788389616.2678847, 1788389616.3555477, 1788389616.4449692, 1788389616.5324483, 1788389616.6221058, 1788389616.7096577, 1788389616.7989604, 1788389616.886273, 1788389616.978333, 1788389617.0634875, 1788389617.1495063, 1788389617.2338583, 1788389617.3227139, 1788389617.4040375, 1788389617.487563, 1788389617.5687075, 1788389617.6516178, 1788389617.7330256, 1788389617.8162265, 1788389617.8970704, 1788389617.9799497, 1788389618.0609322, 1788389618.146357]","[1, 1, 8, 1, 9, 5, 5, 3, 1, 5, 1, 1, 5, 4, 2, 5, 2, 2, 2, 5, 4, 1, 3, 1, 2, 7, 1, 2, 2, 2, 1, 2, 3, 3, 1, 1, 3, 2, 2, 2, 1, 1, 1, 1, 3, 2, 1, 2, 4, 2, 1, 2, 9, 5, 1, 5, 2, 8, 1, 2, 1, 2, 4, 5, 8, 3, 3, 2, 1, 2, 1, 1, 4, 2, 5, 3, 5, 4, 3, 2, 3, 2, 2, 1, 3, 2, 6, 3, 1, 1, 1, 3, 1, 2, 2, 8, 8, 5, 2, 6, 2]"
User-008,4,trace_0707,1788389619.2598755,streaming,21393,401,401,325,8,2.6442830562591553,39.727442502975464,0.09270789861679077,17.0,0,True,,1788389579.5323365,1788389582.1766195,1788389619.259779,"[1788389582.1766195, 1788389582.208652, 1788389582.2625196, 1788389582.356208, 1788389582.4009817, 1788389583.165165, 1788389583.9575238, 1788389584.7778318, 1788389585.6218338, 1788389586.5048196, 1788389587.446052, 1788389588.1867907, 1788389588.8205767, 1788389589.3770056, 1788389589.987923, 1788389590.6340907, 1788389591.283409, 1788389591.9652402, 1788389592.6759934, 1788389593.4131887, 1788389594.174619, 1788389594.9646215, 1788389595.5725977, 1788389596.1352503, 1788389596.7474153, 1788389597.3865561, 1788389598.0495908, 1788389598.736157, 1788389599.413356, 1788389599.9680288, 1788389600.5689273, 1788389601.211573, 1788389601.8410459, 1788389602.5113533, 1788389603.2104678, 1788389603.9329307, 1788389604.6847086, 1788389605.376831, 1788389605.9307852, 1788389606.5333152, 1788389607.1656663, 1788389607.8139708, 1788389608.488998, 1788389609.1865373, 1788389609.9166098, 1788389610.6706598, 1788389611.4496489, 1788389612.253517, 1788389613.075417, 1788389613.7628293, 1788389613.7726495, 1788389613.864709, 1788389613.9556603, 1788389614.0436437, 1788389614.1349292, 1788389614.2243917, 1788389614.3150768, 1788389614.4040818, 1788389614.4943926, 1788389614.5835395, 1788389614.6755836, 1788389614.7630193, 1788389614.8578005, 1788389614.943051, 1788389615.0324132, 1788389615.1197896, 1788389615.209336, 1788389615.2969398, 1788389615.3878634, 1788389615.4737415, 1788389615.5630887, 1788389615.6507978, 1788389615.7405093, 1788389615.8274677, 1788389615.9172802, 1788389616.0049093, 1788389616.0941885, 1788389616.1817062, 1788389616.2713087, 1788389616.3590078, 1788389616.448458, 1788389616.535894, 1788389616.6255324, 1788389616.71313, 1788389616.8023393, 1788389616.889738, 1788389616.9818113, 1788389617.066947, 1788389617.1529684, 1788389617.2372894, 1788389617.3265305, 1788389617.405543, 1788389617.4904575, 1788389617.5716496, 1788389617.654497, 1788389617.7359655, 1788389617.8192234, 1788389617.9000185, 1788389617.9828541, 1788389618.063868, 1788389618.1493788, 1788389618.2273521, 1788389618.3081179, 1788389618.3985057, 1788389618.4719148, 1788389618.5509994, 1788389619.0336668, 1788389619.0904024, 1788389619.1724043, 1788389619.2572038]","[1, 4, 4, 5, 1, 5, 6, 2, 5, 3, 2, 7, 8, 1, 1, 1, 9, 6, 5, 3, 1, 2, 7, 3, 3, 9, 4, 4, 9, 2, 3, 1, 6, 3, 5, 1, 4, 2, 2, 5, 3, 3, 1, 1, 3, 8, 6, 1, 2, 3, 1, 1, 9, 1, 5, 4, 3, 6, 2, 6, 9, 2, 5, 5, 1, 1, 2, 1, 2, 1, 6, 4, 5, 3, 1, 9, 1, 1, 3, 9, 2, 6, 2, 1, 2, 1, 5, 9, 2, 9, 6, 1, 2, 5, 4, 9, 1, 5, 1, 1, 5, 2, 1, 9, 1, 1, 5, 3, 3, 2]"
User-007,7,trace_0398,1788389621.1030097,streaming,15882,249,249,237,9,12.55494236946106,19.89708638191223,0.029605419405045047,12.0,0,True,,1788389601.2058458,1788389613.7607882,1788389621.1029322,"[1788389613.7607882, 1788389613.7716541, 1788389613.862544, 1788389613.9535666, 1788389614.042049, 1788389614.132828, 1788389614.2223272, 1788389614.3129296, 1788389614.4019487, 1788389614.4922922, 1788389614.5814304, 1788389614.673483, 1788389614.76139, 1788389614.8556993, 1788389614.940941, 1788389615.0303233, 1788389615.1175063, 1788389615.2070653, 1788389615.2946281, 1788389615.3853822, 1788389615.4715228, 1788389615.5608304, 1788389615.648466, 1788389615.738133, 1788389615.8251812, 1788389615.9149985, 1788389616.0025756, 1788389616.091943, 1788389616.1794171, 1788389616.2690516, 1788389616.3567145, 1788389616.4461446, 1788389616.533589, 1788389616.6232831, 1788389616.710838, 1788389616.8001165, 1788389616.8874683, 1788389616.9795198, 1788389617.064671, 1788389617.1506534, 1788389617.2350287, 1788389617.3244324, 1788389617.4045482, 1788389617.488173, 1788389617.5693035, 1788389617.6522145, 1788389617.7336624, 1788389617.8168573, 1788389617.8977077, 1788389617.9805675, 1788389618.0615778, 1788389618.1472445, 1788389618.2249985, 1788389618.3057554, 1788389618.3973982, 1788389618.4695826, 1788389618.5486228, 1788389619.0313456, 1788389619.0882092, 1788389619.1700478, 1788389619.2554634, 1788389619.3340452, 1788389619.4148598, 1788389619.4938636, 1788389619.574378, 1788389619.653069, 1788389619.7336056, 1788389619.8126545, 1788389619.8931231, 1788389619.9719694, 1788389620.0528734, 1788389620.1317067, 1788389620.212136, 1788389620.2910886, 1788389620.3716328, 1788389620.4513438, 1788389620.5323262, 1788389620.6145937, 1788389620.6910024, 1788389620.8883693, 1788389620.9317741, 1788389621.01392, 1788389621.0986445]","[1, 4, 2, 3, 2, 1, 2, 2, 1, 4, 3, 7, 4, 2, 5, 2, 3, 6, 3, 1, 3, 2, 5, 6, 8, 2, 8, 2, 1, 2, 1, 9, 2, 2, 2, 5, 2, 2, 2, 2, 1, 2, 1, 2, 3, 4, 8, 9, 5, 2, 1, 4, 1, 3, 4, 1, 3, 5, 2, 2, 2, 2, 3, 2, 8, 2, 4, 2, 1, 2, 2, 1, 1, 9, 1, 2, 2, 2, 4, 1, 2, 3, 2]"
User-025,6,trace_0588,1788389621.7480195,streaming,30181,72,72,466,2,0.45008254051208496,1.306295394897461,0.012059335977258816,7.0,0,True,,1788389620.4416385,1788389620.891721,1788389621.7479339,"[1788389620.891721, 1788389620.934533, 1788389621.016865, 1788389621.1010923, 1788389621.1801164, 1788389621.2614849, 1788389621.3400292, 1788389621.4207296, 1788389621.4996212, 1788389621.5804367, 1788389621.6591785, 1788389621.7451694]","[1, 7, 2, 6, 3, 9, 5, 9, 5, 9, 9, 7]"
User-037,0,trace_0489,1788389622.6670547,streaming,15354,307,307,0,239,13.613567590713501,36.86870765686035,0.07599718975864984,0.0,0,True,,1788389585.7982538,1788389599.4118214,1788389622.6669614,"[1788389599.4118214, 1788389599.9663916, 1788389600.5673482, 1788389601.2108314, 1788389601.8394427, 1788389602.509697, 1788389603.2089293, 1788389603.9314091, 1788389604.683168, 1788389605.3752034, 1788389605.9290125, 1788389606.531756, 1788389607.1640809, 1788389607.8123696, 1788389608.4874258, 1788389609.1849747, 1788389609.9150505, 1788389610.6690676, 1788389611.4481077, 1788389612.2516236, 1788389613.073694, 1788389613.7612922, 1788389613.7719364, 1788389613.8630981, 1788389613.9540904, 1788389614.0424361, 1788389614.1333494, 1788389614.2228768, 1788389614.3134522, 1788389614.4024658, 1788389614.4928267, 1788389614.5819628, 1788389614.6740255, 1788389614.761785, 1788389614.856232, 1788389614.9414854, 1788389615.0308776, 1788389615.1182146, 1788389615.2077687, 1788389615.295344, 1788389615.3861158, 1788389615.4722204, 1788389615.5615177, 1788389615.6491637, 1788389615.7388856, 1788389615.8258882, 1788389615.915712, 1788389616.0033083, 1788389616.0926483, 1788389616.1800935, 1788389616.2697353, 1788389616.3574004, 1788389616.446883, 1788389616.5342705, 1788389616.6239598, 1788389616.711554, 1788389616.8008032, 1788389616.8881607, 1788389616.980226, 1788389617.0653431, 1788389617.15136, 1788389617.2356975, 1788389617.324975, 1788389617.4047914, 1788389617.4887455, 1788389617.56984, 1788389617.6527784, 1788389617.7342334, 1788389617.8174336, 1788389617.8982759, 1788389617.981097, 1788389618.0621142, 1788389618.1478353, 1788389618.2255926, 1788389618.306362, 1788389618.3977385, 1788389618.4702623, 1788389618.5493567, 1788389619.0319924, 1788389619.0888019, 1788389619.1706612, 1788389619.2559452, 1788389619.334658, 1788389619.415485, 1788389619.494484, 1788389619.575037, 1788389619.6536758, 1788389619.7342234, 1788389619.8132598, 1788389619.8937325, 1788389619.9725752, 1788389620.053471, 1788389620.1323047, 1788389620.212736, 1788389620.2917292, 1788389620.3722246, 1788389620.4518104, 1788389620.5330281, 1788389620.6152976, 1788389620.6916435, 1788389620.889025, 1788389620.9323602, 1788389621.0145354, 1788389621.0993435, 1788389621.1777787, 1788389621.2591524, 1788389621.3376324, 1788389621.4183724, 1788389621.4972222, 1788389621.5780697, 1788389621.656825, 1788389621.7428043, 1788389621.8160455, 1788389621.8938959, 1788389621.969901, 1788389622.047459, 1788389622.1232917, 1788389622.200562, 1788389622.2764728, 1788389622.3539245, 1788389622.4296765, 1788389622.5071003, 1788389622.583414, 1788389622.6623282]","[1, 6, 1, 4, 1, 3, 1, 1, 1, 2, 1, 1, 3, 1, 3, 2, 1, 1, 2, 1, 3, 2, 1, 3, 2, 5, 1, 3, 6, 2, 4, 1, 1, 2, 1, 1, 1, 2, 1, 7, 1, 1, 1, 1, 5, 2, 4, 7, 3, 1, 2, 2, 1, 2, 1, 2, 1, 7, 2, 3, 8, 1, 4, 2, 5, 7, 1, 3, 6, 4, 2, 1, 2, 1, 1, 3, 7, 3, 2, 1, 6, 1, 3, 3, 6, 3, 1, 1, 4, 1, 3, 3, 3, 1, 1, 3, 5, 1, 1, 2, 5, 2, 1, 2, 2, 2, 1, 2, 1, 2, 1, 2, 1, 1, 3, 2, 4, 6, 2, 1, 3, 1, 2, 7]"
User-027,2,trace_0632,1788389625.250029,streaming,24231,534,534,330,47,6.165736675262451,42.59278607368469,0.06834343226720871,15.0,0,True,,1788389582.6571693,1788389588.822906,1788389625.2499554,"[1788389588.822906, 1788389589.3792338, 1788389589.9900575, 1788389590.6350374, 1788389591.2856767, 1788389591.9674163, 1788389592.6781476, 1788389593.4153428, 1788389594.1767445, 1788389594.9667246, 1788389595.5746164, 1788389596.1374338, 1788389596.7495632, 1788389597.388718, 1788389598.0518, 1788389598.7382154, 1788389599.4153962, 1788389599.970224, 1788389600.5712335, 1788389601.2125514, 1788389601.8432753, 1788389602.5135436, 1788389603.2127008, 1788389603.935094, 1788389604.6868775, 1788389605.3796976, 1788389605.9334185, 1788389606.5363054, 1788389607.1686115, 1788389607.8161888, 1788389608.4911408, 1788389609.1883786, 1788389609.9186819, 1788389610.6729565, 1788389611.451777, 1788389612.2559822, 1788389613.0775235, 1788389613.7656531, 1788389613.7737782, 1788389613.8673885, 1788389613.9583163, 1788389614.045627, 1788389614.1376116, 1788389614.227328, 1788389614.317739, 1788389614.4071689, 1788389614.4970992, 1788389614.5855417, 1788389614.6783605, 1788389614.7650552, 1788389614.8606184, 1788389614.945766, 1788389615.035067, 1788389615.1224174, 1788389615.2119248, 1788389615.2995691, 1788389615.3905725, 1788389615.4762857, 1788389615.565685, 1788389615.6533859, 1788389615.7431538, 1788389615.830045, 1788389615.9199054, 1788389616.0076168, 1788389616.0968685, 1788389616.1841414, 1788389616.2739735, 1788389616.3616946, 1788389616.4510367, 1788389616.5384924, 1788389616.628164, 1788389616.7157366, 1788389616.805006, 1788389616.8923092, 1788389616.9847605, 1788389617.0690558, 1788389617.1550078, 1788389617.239449, 1788389617.3286297, 1788389617.4064453, 1788389617.492565, 1788389617.5737123, 1788389617.656642, 1788389617.7380621, 1788389617.8212469, 1788389617.9020987, 1788389617.984918, 1788389618.0659301, 1788389618.151704, 1788389618.2294462, 1788389618.310161, 1788389618.3994935, 1788389618.4740722, 1788389618.55318, 1788389619.0356984, 1788389619.0923862, 1788389619.1745229, 1788389619.2591424, 1788389619.338059, 1788389619.4187694, 1788389619.4978406, 1788389619.5782619, 1788389619.6569788, 1788389619.737484, 1788389619.8165019, 1788389619.8969364, 1788389619.9758937, 1788389620.0567286, 1788389620.1355536, 1788389620.215965, 1788389620.295053, 1788389620.3754046, 1788389620.4536142, 1788389620.5363362, 1788389620.6185758, 1788389620.6948516, 1788389620.893034, 1788389620.9360564, 1788389621.018433, 1788389621.102259, 1788389621.181654, 1788389621.2630475, 1788389621.3415954, 1788389621.4222586, 1788389621.5012016, 1788389621.5820389, 1788389621.6607375, 1788389621.747026, 1788389621.8194597, 1788389621.897293, 1788389621.9733794, 1788389622.050834, 1788389622.1266997, 1788389622.2039597, 1788389622.2799158, 1788389622.3574262, 1788389622.4331212, 1788389622.510455, 1788389622.5867918, 1788389622.6661196, 1788389622.7389956, 1788389622.812638, 1788389622.8859892, 1788389622.9580896, 1788389623.0303395, 1788389623.105179, 1788389623.2272904, 1788389623.2512817, 1788389623.3279, 1788389623.4011304, 1788389623.9718947, 1788389624.5661542, 1788389625.2493794]","[1, 2, 1, 7, 5, 7, 1, 9, 3, 5, 2, 5, 1, 1, 1, 1, 2, 5, 3, 3, 3, 4, 1, 2, 6, 4, 1, 2, 2, 7, 2, 5, 4, 3, 5, 2, 3, 4, 1, 3, 3, 3, 1, 1, 1, 6, 5, 1, 7, 5, 3, 6, 1, 3, 2, 6, 1, 1, 6, 1, 2, 1, 1, 4, 2, 2, 2, 3, 2, 1, 9, 3, 5, 2, 9, 1, 2, 1, 3, 4, 3, 3, 2, 3, 1, 7, 4, 1, 2, 5, 2, 1, 1, 2, 2, 1, 2, 3, 9, 7, 3, 3, 2, 2, 8, 1, 2, 9, 9, 1, 2, 9, 3, 5, 8, 9, 7, 3, 9, 3, 1, 9, 1, 5, 4, 9, 9, 1, 1, 2, 4, 1, 3, 3, 1, 4, 3, 2, 2, 3, 5, 2, 4, 3, 9, 1, 9, 6, 1, 5, 9, 1, 1]"
User-039,0,trace_0220,1788389625.8399737,streaming,27312,360,360,0,426,22.406046628952026,34.48079252243042,0.03363438967542728,0.0,0,True,,1788389591.359099,1788389613.7651455,1788389625.8398914,"[1788389613.7651455, 1788389613.773552, 1788389613.8668802, 1788389613.9578166, 1788389614.0452445, 1788389614.1371093, 1788389614.226826, 1788389614.3172379, 1788389614.4066508, 1788389614.4965727, 1788389614.5851638, 1788389614.6778276, 1788389614.7646704, 1788389614.8601086, 1788389614.9452567, 1788389615.0345428, 1788389615.1218908, 1788389615.2114072, 1788389615.2990592, 1788389615.390022, 1788389615.4757724, 1788389615.565179, 1788389615.652882, 1788389615.742614, 1788389615.829516, 1788389615.9193747, 1788389616.0070708, 1788389616.096323, 1788389616.1837604, 1788389616.2734394, 1788389616.3611565, 1788389616.450517, 1788389616.537969, 1788389616.6276371, 1788389616.7152245, 1788389616.8044734, 1788389616.8918028, 1788389616.9842334, 1788389617.068534, 1788389617.154488, 1788389617.2389076, 1788389617.328103, 1788389617.4062166, 1788389617.492044, 1788389617.5731993, 1788389617.6561105, 1788389617.7375133, 1788389617.8207467, 1788389617.9015832, 1788389617.9844067, 1788389618.065421, 1788389618.151145, 1788389618.228897, 1788389618.309633, 1788389618.3992543, 1788389618.473551, 1788389618.5526028, 1788389619.0352018, 1788389619.0919127, 1788389619.1739757, 1788389619.2587044, 1788389619.3375165, 1788389619.4182181, 1788389619.497324, 1788389619.57774, 1788389619.6564598, 1788389619.7369757, 1788389619.8160012, 1788389619.896422, 1788389619.9753225, 1788389620.0562148, 1788389620.1350484, 1788389620.215461, 1788389620.2944922, 1788389620.374897, 1788389620.4533288, 1788389620.5357506, 1788389620.618006, 1788389620.6943119, 1788389620.89264, 1788389620.935573, 1788389621.0179229, 1788389621.1018865, 1788389621.1811547, 1788389621.262533, 1788389621.3410661, 1788389621.4217625, 1788389621.5006876, 1788389621.5815377, 1788389621.6602244, 1788389621.7464738, 1788389621.8189483, 1788389621.8967721, 1788389621.9728696, 1788389622.0502715, 1788389622.1261559, 1788389622.203446, 1788389622.2793634, 1788389622.3568974, 1788389622.4325707, 1788389622.5099275, 1788389622.586242, 1788389622.6656148, 1788389622.7384517, 1788389622.8121262, 1788389622.8854744, 1788389622.9575608, 1788389623.0299282, 1788389623.1046581, 1788389623.2270591, 1788389623.2507215, 1788389623.3273766, 1788389623.4005961, 1788389623.971378, 1788389624.5656335, 1788389625.2490942, 1788389625.8385894]","[1, 4, 2, 1, 2, 2, 2, 1, 1, 3, 2, 4, 5, 3, 2, 2, 3, 4, 1, 5, 3, 1, 3, 3, 1, 5, 7, 4, 1, 3, 5, 2, 2, 3, 3, 3, 2, 3, 3, 1, 9, 3, 2, 1, 2, 2, 2, 1, 1, 1, 1, 7, 6, 4, 1, 2, 2, 3, 1, 1, 2, 5, 5, 3, 4, 5, 1, 1, 3, 1, 4, 1, 2, 6, 2, 4, 2, 1, 8, 2, 1, 1, 1, 1, 2, 1, 1, 2, 2, 4, 2, 1, 3, 1, 9, 8, 2, 9, 3, 9, 6, 3, 1, 2, 2, 2, 7, 7, 7, 1, 7, 4, 6, 1, 4, 9, 6]"
User-036,0,trace_0615,1788389636.2520502,streaming,22967,474,474,0,358,11.453279972076416,52.133113861083984,0.08600387714377922,0.0,0,True,,1788389584.11882,1788389595.5721,1788389636.2519338,"[1788389595.5721, 1788389596.1347084, 1788389596.7468784, 1788389597.3860443, 1788389598.0490675, 1788389598.7356403, 1788389599.4128284, 1788389599.9675202, 1788389600.568408, 1788389601.2113378, 1788389601.8405275, 1788389602.5108216, 1788389603.2099667, 1788389603.932434, 1788389604.6842043, 1788389605.3763292, 1788389605.9302375, 1788389606.5327954, 1788389607.165152, 1788389607.8134298, 1788389608.4884748, 1788389609.1860116, 1788389609.9160914, 1788389610.670137, 1788389611.449134, 1788389612.2528768, 1788389613.074872, 1788389613.762323, 1788389613.7724137, 1788389613.8641825, 1788389613.9551437, 1788389614.0432632, 1788389614.1343865, 1788389614.2238863, 1788389614.3145354, 1788389614.403573, 1788389614.4938633, 1788389614.583031, 1788389614.675071, 1788389614.7625694, 1788389614.8572838, 1788389614.9425044, 1788389615.0319166, 1788389615.1192868, 1788389615.2088354, 1788389615.2964234, 1788389615.3872476, 1788389615.4732373, 1788389615.5625603, 1788389615.650236, 1788389615.7400029, 1788389615.826956, 1788389615.9167676, 1788389616.0043986, 1788389616.093683, 1788389616.1811707, 1788389616.2708054, 1788389616.3584712, 1788389616.4479575, 1788389616.5353866, 1788389616.625017, 1788389616.7125962, 1788389616.8018386, 1788389616.8892255, 1788389616.9812937, 1788389617.0664032, 1788389617.1524477, 1788389617.2367797, 1788389617.3260298, 1788389617.4053164, 1788389617.4899576, 1788389617.5711224, 1788389617.653991, 1788389617.7354536, 1788389617.8186522, 1788389617.899509, 1788389617.9822936, 1788389618.0633602, 1788389618.1488862, 1788389618.2268224, 1788389618.307595, 1788389618.3982522, 1788389618.4714122, 1788389618.5504322, 1788389619.033171, 1788389619.0898447, 1788389619.1718972, 1788389619.2568047, 1788389619.3359234, 1788389619.416643, 1788389619.4957337, 1788389619.576217, 1788389619.6548455, 1788389619.735434, 1788389619.8144343, 1788389619.8948922, 1788389619.9737477, 1788389620.0546448, 1788389620.1334827, 1788389620.2138872, 1788389620.2929425, 1788389620.3733244, 1788389620.4524174, 1788389620.5340693, 1788389620.616426, 1788389620.6926918, 1788389620.8902783, 1788389620.9334338, 1788389621.0157993, 1788389621.1003263, 1788389621.1789503, 1788389621.26029, 1788389621.3388484, 1788389621.4195673, 1788389621.4983912, 1788389621.5792625, 1788389621.6579695, 1788389621.743964, 1788389621.8172438, 1788389621.8950958, 1788389621.9711242, 1788389622.0486114, 1788389622.124458, 1788389622.2017245, 1788389622.277617, 1788389622.3550858, 1788389622.4308853, 1788389622.5082533, 1788389622.5845625, 1788389622.6640096, 1788389622.7367315, 1788389622.8103204, 1788389622.8837442, 1788389622.95586, 1788389623.0286446, 1788389623.1029317, 1788389623.2262836, 1788389623.2491615, 1788389623.3257675, 1788389623.398726, 1788389623.9695077, 1788389624.5638175, 1788389625.2483547, 1788389625.8367145, 1788389626.5023656, 1788389627.1963606, 1788389627.923555, 1788389628.676238, 1788389629.4470203, 1788389630.1843808, 1788389630.9782977, 1788389631.8296323, 1788389632.6025875, 1788389633.3764925, 1788389634.1892433, 1788389635.0125988, 1788389635.7096949, 1788389636.2474952]","[1, 1, 5, 1, 3, 2, 4, 1, 3, 3, 2, 3, 2, 1, 2, 1, 2, 2, 3, 5, 5, 5, 2, 1, 1, 1, 3, 1, 6, 3, 1, 1, 1, 1, 1, 1, 6, 1, 2, 2, 3, 4, 1, 2, 1, 1, 6, 1, 1, 8, 1, 2, 1, 1, 2, 9, 1, 1, 1, 1, 2, 5, 2, 1, 3, 3, 3, 3, 1, 3, 1, 4, 1, 1, 9, 2, 4, 2, 1, 1, 3, 3, 1, 4, 3, 1, 3, 3, 9, 4, 9, 2, 3, 3, 1, 3, 4, 5, 5, 1, 3, 2, 3, 9, 8, 3, 3, 2, 8, 1, 1, 9, 3, 2, 9, 2, 1, 3, 1, 4, 3, 1, 4, 1, 4, 1, 3, 3, 2, 2, 9, 9, 3, 3, 2, 8, 9, 4, 2, 9, 2, 1, 3, 1, 3, 4, 1, 1, 4, 3, 8, 1, 9, 6, 2, 2, 1, 1]"
User-038,0,trace_0661,1788389640.5650308,streaming,20442,368,368,0,319,14.747629165649414,49.93436408042908,0.0958766618931326,0.0,0,True,,1788389590.6305628,1788389605.378192,1788389640.5649269,"[1788389605.378192, 1788389605.931837, 1788389606.5345447, 1788389607.1666844, 1788389607.8150892, 1788389608.4900143, 1788389609.1875494, 1788389609.9176288, 1788389610.6718836, 1788389611.4506924, 1788389612.254604, 1788389613.07644, 1788389613.7638574, 1788389613.7730997, 1788389613.865738, 1788389613.9567504, 1788389614.044484, 1788389614.1360462, 1788389614.2254765, 1788389614.3161588, 1788389614.4051807, 1788389614.495549, 1788389614.5843487, 1788389614.676733, 1788389614.7638762, 1788389614.858962, 1788389614.9441547, 1788389615.0335207, 1788389615.1208386, 1788389615.2103817, 1788389615.2979784, 1788389615.3889832, 1788389615.4747713, 1788389615.564169, 1788389615.6518598, 1788389615.741596, 1788389615.8285072, 1788389615.9183216, 1788389616.0060217, 1788389616.0952804, 1788389616.1827958, 1788389616.2723687, 1788389616.3601193, 1788389616.4495075, 1788389616.5369656, 1788389616.6265843, 1788389616.7141855, 1788389616.8034585, 1788389616.8907788, 1788389616.9832041, 1788389617.0675013, 1788389617.1534956, 1788389617.2378464, 1788389617.327056, 1788389617.4057677, 1788389617.4910028, 1788389617.5721934, 1788389617.6550853, 1788389617.7365172, 1788389617.8197308, 1788389617.9005628, 1788389617.9833665, 1788389618.0643837, 1788389618.1498995, 1788389618.2278774, 1788389618.30862, 1788389618.3987803, 1788389618.472433, 1788389618.5515056, 1788389619.0342028, 1788389619.0909417, 1788389619.1729293, 1788389619.2578056, 1788389619.3364725, 1788389619.4171722, 1788389619.496291, 1788389619.5767262, 1788389619.6554096, 1788389619.7359493, 1788389619.8149714, 1788389619.8954105, 1788389619.9742582, 1788389620.0551994, 1788389620.1340075, 1788389620.2143903, 1788389620.293456, 1788389620.3738327, 1788389620.4527862, 1788389620.5346448, 1788389620.6169648, 1788389620.6931965, 1788389620.8909516, 1788389620.9339328, 1788389621.0163546, 1788389621.1007056, 1788389621.1796017, 1788389621.260962, 1788389621.3394988, 1788389621.4202075, 1788389621.49909, 1788389621.579901, 1788389621.6586087, 1788389621.744611, 1788389621.817878, 1788389621.895743, 1788389621.9717665, 1788389622.0492344, 1788389622.125121, 1788389622.2023532, 1788389622.2782671, 1788389622.3558156, 1788389622.4315271, 1788389622.5088906, 1788389622.585184, 1788389622.6645381, 1788389622.7373145, 1788389622.8109324, 1788389622.8842916, 1788389622.9563932, 1788389623.0291502, 1788389623.1034958, 1788389623.2265577, 1788389623.2497063, 1788389623.3262894, 1788389623.3995202, 1788389623.9701257, 1788389624.564563, 1788389625.248611, 1788389625.8372843, 1788389626.5030072, 1788389627.1971831, 1788389627.924146, 1788389628.6768417, 1788389629.4475384, 1788389630.18491, 1788389630.978912, 1788389631.8302395, 1788389632.603178, 1788389633.3770304, 1788389634.1897435, 1788389635.0131357, 1788389635.7101789, 1788389636.2482812, 1788389636.830607, 1788389637.4499762, 1788389638.0914092, 1788389638.7541049, 1788389639.3288434, 1788389639.3693237, 1788389639.7214515, 1788389639.7852557, 1788389640.2918062, 1788389640.3618095, 1788389640.459719, 1788389640.5611753]","[1, 4, 2, 1, 2, 2, 2, 1, 1, 2, 1, 1, 3, 2, 3, 1, 2, 3, 7, 1, 3, 1, 2, 1, 1, 4, 3, 3, 2, 1, 2, 2, 1, 1, 3, 1, 3, 4, 3, 2, 2, 5, 2, 4, 2, 1, 9, 2, 2, 2, 4, 1, 3, 2, 1, 3, 1, 1, 1, 5, 2, 1, 2, 2, 2, 2, 3, 1, 3, 1, 1, 2, 1, 3, 5, 2, 1, 3, 3, 3, 1, 2, 4, 1, 2, 1, 2, 1, 6, 3, 3, 1, 2, 2, 3, 1, 3, 2, 2, 3, 7, 3, 5, 1, 1, 2, 2, 2, 1, 5, 3, 1, 2, 1, 8, 2, 5, 3, 2, 1, 3, 1, 1, 3, 7, 3, 5, 2, 3, 2, 1, 2, 9, 1, 3, 1, 3, 1, 8, 3, 1, 1, 1, 2, 2, 1, 2, 1, 1, 1, 2, 1, 2, 3, 2]"
User-025,7,trace_0588,1788389641.8649998,streaming,30320,125,125,468,1,6.784219741821289,16.045140981674194,0.07468484870849117,7.0,0,True,,1788389625.8197746,1788389632.6039944,1788389641.8649156,"[1788389632.6039944, 1788389633.3775833, 1788389634.190261, 1788389635.0137115, 1788389635.7106564, 1788389636.248802, 1788389636.8311524, 1788389637.4505014, 1788389638.0919137, 1788389638.7546036, 1788389639.3290727, 1788389639.3698366, 1788389639.7219431, 1788389639.785849, 1788389640.2922883, 1788389640.3623345, 1788389640.4600992, 1788389640.561964, 1788389640.6572278, 1788389640.7493293, 1788389640.8425457, 1788389640.9343941, 1788389641.027208, 1788389641.1194406, 1788389641.2095213, 1788389641.3034883, 1788389641.3962529, 1788389641.488773, 1788389641.5810828, 1788389641.6732948, 1788389641.7665648, 1788389641.8616674]","[1, 9, 7, 3, 3, 6, 9, 3, 4, 2, 3, 2, 1, 9, 5, 1, 2, 3, 5, 2, 2, 1, 1, 6, 7, 2, 5, 7, 1, 4, 3, 6]"
User-033,1,trace_0538,1788389642.6764903,streaming,12040,99,99,145,14,4.8102171421051025,8.158771276473999,0.03416891973845813,2576.0,0,True,,1788389634.5176535,1788389639.3278706,1788389642.6764247,"[1788389639.3278706, 1788389639.367034, 1788389639.718384, 1788389639.78265, 1788389640.2892485, 1788389640.358597, 1788389640.4576077, 1788389640.5583463, 1788389640.654366, 1788389640.7466378, 1788389640.8399014, 1788389640.93147, 1788389641.0244946, 1788389641.1163752, 1788389641.2083082, 1788389641.3006392, 1788389641.3936732, 1788389641.485651, 1788389641.5784132, 1788389641.6703012, 1788389641.7639675, 1788389641.85889, 1788389641.9469903, 1788389642.0402775, 1788389642.1287162, 1788389642.2191057, 1788389642.3082657, 1788389642.4000006, 1788389642.488996, 1788389642.5801086, 1788389642.6708179]","[1, 4, 5, 2, 2, 7, 5, 1, 3, 2, 2, 3, 2, 4, 5, 1, 2, 3, 2, 2, 3, 3, 4, 4, 5, 3, 1, 6, 8, 2, 2]"
User-007,8,trace_0398,1788389642.7687387,streaming,25035,125,125,246,143,6.588519811630249,17.525508642196655,0.08820152282714844,8.0,0,True,,1788389625.2431295,1788389631.8316493,1788389642.7686381,"[1788389631.8316493, 1788389632.605032, 1788389633.3786082, 1788389634.1913745, 1788389635.0148907, 1788389635.7116716, 1788389636.2498863, 1788389636.832343, 1788389637.451572, 1788389638.0929441, 1788389638.7556505, 1788389639.329552, 1788389639.37089, 1788389639.7229629, 1788389639.7869134, 1788389640.293307, 1788389640.3633475, 1788389640.460871, 1788389640.5629907, 1788389640.6582453, 1788389640.7503984, 1788389640.8436434, 1788389640.9354908, 1788389641.0282288, 1788389641.1204858, 1788389641.20997, 1788389641.3045757, 1788389641.397356, 1788389641.4898403, 1788389641.5821035, 1788389641.6743808, 1788389641.7675803, 1788389641.8629837, 1788389641.9501097, 1788389642.0437112, 1788389642.1322703, 1788389642.2222357, 1788389642.3113902, 1788389642.403141, 1788389642.4923255, 1788389642.5831938, 1788389642.674387, 1788389642.7664425]","[1, 5, 2, 3, 2, 1, 4, 1, 2, 2, 1, 1, 4, 6, 3, 2, 2, 2, 1, 3, 1, 9, 1, 1, 1, 2, 1, 4, 5, 6, 9, 5, 3, 1, 1, 6, 1, 3, 2, 6, 2, 6, 1]"
User-035,1,trace_0062,1788389643.1949782,streaming,16362,382,382,233,22,0.641848087310791,24.800261974334717,0.06340791046462972,9.0,0,True,,1788389618.394652,1788389619.0365,1788389643.1949139,"[1788389619.0365, 1788389619.0928848, 1788389619.175072, 1788389619.2595243, 1788389619.33866, 1788389619.4193056, 1788389619.4984126, 1788389619.5788438, 1788389619.6575272, 1788389619.7380376, 1788389619.8170516, 1788389619.8974776, 1788389619.9764035, 1788389620.0573566, 1788389620.1361332, 1788389620.216498, 1788389620.2955897, 1788389620.3759496, 1788389620.4538772, 1788389620.5368679, 1788389620.6191673, 1788389620.6954155, 1788389620.893455, 1788389620.936562, 1788389621.01898, 1788389621.1026702, 1788389621.18216, 1788389621.2635958, 1788389621.3421195, 1788389621.4228165, 1788389621.5017211, 1788389621.5826092, 1788389621.6612644, 1788389621.7475452, 1788389621.8199737, 1788389621.8978038, 1788389621.973919, 1788389622.0513484, 1788389622.1272345, 1788389622.2044847, 1788389622.2804167, 1788389622.3579557, 1788389622.4336524, 1788389622.5109885, 1788389622.5873206, 1788389622.6666498, 1788389622.7395248, 1788389622.8131537, 1788389622.88651, 1788389622.9586096, 1788389623.0307617, 1788389623.1056921, 1788389623.2275538, 1788389623.2518651, 1788389623.3284066, 1788389623.401663, 1788389623.9724362, 1788389624.5668812, 1788389625.2497387, 1788389625.8394787, 1788389626.5041256, 1788389627.1982555, 1788389627.9251864, 1788389628.6779773, 1788389629.448545, 1788389630.1859715, 1788389630.979966, 1788389631.8321626, 1788389632.605569, 1788389633.3799434, 1788389634.1928701, 1788389635.0164766, 1788389635.7131896, 1788389636.251505, 1788389636.833883, 1788389637.4531684, 1788389638.094539, 1788389638.7572238, 1788389639.3302603, 1788389639.3724325, 1788389639.724486, 1788389639.788468, 1788389640.2948508, 1788389640.3649552, 1788389640.4620323, 1788389640.5645118, 1788389640.6598058, 1788389640.7519474, 1788389640.845207, 1788389640.9370172, 1788389641.029781, 1788389641.122018, 1788389641.2106483, 1788389641.3060718, 1788389641.3989305, 1788389641.4913976, 1788389641.583737, 1788389641.676209, 1788389641.769116, 1788389641.8645349, 1788389641.95169, 1788389642.0453293, 1788389642.1338396, 1788389642.2238061, 1788389642.3131304, 1788389642.4046636, 1788389642.4939883, 1788389642.5847044, 1788389642.6759474, 1788389642.768268, 1788389642.849395, 1788389642.9363272, 1788389643.0210886, 1788389643.1077814, 1788389643.1942878]","[1, 9, 2, 3, 5, 1, 4, 6, 3, 4, 4, 2, 2, 9, 4, 1, 2, 3, 5, 2, 2, 1, 1, 6, 7, 2, 5, 7, 1, 3, 1, 3, 1, 6, 1, 4, 2, 6, 2, 5, 4, 2, 2, 1, 5, 2, 7, 9, 9, 4, 8, 9, 6, 2, 2, 4, 2, 2, 4, 1, 4, 2, 8, 3, 9, 1, 8, 6, 2, 1, 1, 3, 2, 2, 2, 2, 2, 1, 6, 3, 7, 2, 1, 1, 3, 1, 7, 1, 2, 3, 1, 2, 1, 5, 1, 5, 3, 3, 4, 1, 2, 2, 1, 1, 3, 1, 2, 5, 1, 2, 3, 1, 9, 3, 1]"
User-032,1,trace_0279,1788389643.9389942,streaming,32015,704,704,286,213,5.276019811630249,61.7671959400177,0.08035729179002482,19.0,0,True,,1788389582.171697,1788389587.4477167,1788389643.9388928,"[1788389587.4477167, 1788389588.1878703, 1788389588.8215992, 1788389589.378121, 1788389589.9889646, 1788389590.6345654, 1788389591.2845407, 1788389591.966368, 1788389592.677049, 1788389593.4142387, 1788389594.1756804, 1788389594.965627, 1788389595.5736248, 1788389596.1362855, 1788389596.7484875, 1788389597.3876758, 1788389598.0507092, 1788389598.7371602, 1788389599.4143975, 1788389599.9690955, 1788389600.5700152, 1788389601.2120721, 1788389601.842223, 1788389602.512435, 1788389603.2115927, 1788389603.9340057, 1788389604.6857653, 1788389605.378684, 1788389605.9324121, 1788389606.5350628, 1788389607.1672742, 1788389607.8156571, 1788389608.4905844, 1788389609.1879659, 1788389609.9181836, 1788389610.6724143, 1788389611.4512737, 1788389612.2554305, 1788389613.0769477, 1788389613.7643645, 1788389613.7733243, 1788389613.8663409, 1788389613.9573102, 1788389614.0448685, 1788389614.136569, 1788389614.2260814, 1788389614.3167243, 1788389614.405986, 1788389614.4960525, 1788389614.5847695, 1788389614.6773055, 1788389614.7642605, 1788389614.8595753, 1788389614.944737, 1788389615.0340285, 1788389615.1213653, 1788389615.2108822, 1788389615.2985008, 1788389615.3895264, 1788389615.4752705, 1788389615.5646787, 1788389615.6523824, 1788389615.7420945, 1788389615.8290126, 1788389615.9188583, 1788389616.0065334, 1788389616.0957775, 1788389616.1833193, 1788389616.2728968, 1788389616.3606243, 1788389616.4500256, 1788389616.5374684, 1788389616.6271002, 1788389616.7147133, 1788389616.803972, 1788389616.8912907, 1788389616.983722, 1788389617.068034, 1788389617.153994, 1788389617.2383718, 1788389617.327572, 1788389617.4059868, 1788389617.4915285, 1788389617.572694, 1788389617.655597, 1788389617.7370155, 1788389617.8202522, 1788389617.9010713, 1788389617.9838781, 1788389618.0649188, 1788389618.1504154, 1788389618.2283869, 1788389618.3091207, 1788389618.3990154, 1788389618.4730244, 1788389618.5520213, 1788389619.0346847, 1788389619.091418, 1788389619.173437, 1788389619.2581882, 1788389619.3369958, 1788389619.4177, 1788389619.4968066, 1788389619.5772228, 1788389619.6559262, 1788389619.7364619, 1788389619.8154914, 1788389619.895906, 1788389619.9747827, 1788389620.0557122, 1788389620.13451, 1788389620.2149422, 1788389620.2939696, 1788389620.3743427, 1788389620.4530628, 1788389620.5351982, 1788389620.6174958, 1788389620.693713, 1788389620.89211, 1788389620.9350758, 1788389621.017367, 1788389621.1014957, 1788389621.1806283, 1788389621.2620018, 1788389621.3405552, 1788389621.4212682, 1788389621.5001552, 1788389621.5810077, 1788389621.659721, 1788389621.7459526, 1788389621.8183906, 1788389621.8962514, 1788389621.9722824, 1788389622.049751, 1788389622.1256368, 1788389622.202906, 1788389622.2788312, 1788389622.356366, 1788389622.4320428, 1788389622.5094092, 1788389622.5856957, 1788389622.6650832, 1788389622.7379441, 1788389622.8115745, 1788389622.884925, 1788389622.9570177, 1788389623.0295386, 1788389623.10412, 1788389623.2268105, 1788389623.250217, 1788389623.3268473, 1788389623.4000638, 1788389623.97086, 1788389624.5651188, 1788389625.248858, 1788389625.8379688, 1788389626.5035436, 1788389627.1977315, 1788389627.9246573, 1788389628.6774309, 1788389629.448036, 1788389630.1854444, 1788389630.9794297, 1788389631.8307967, 1788389632.6044924, 1788389633.3781052, 1788389634.190846, 1788389635.0143373, 1788389635.7111824, 1788389636.249352, 1788389636.8317387, 1788389637.4510453, 1788389638.0924287, 1788389638.7551398, 1788389639.3293204, 1788389639.3703382, 1788389639.7224367, 1788389639.7863731, 1788389640.292789, 1788389640.3628395, 1788389640.4604712, 1788389640.5624797, 1788389640.6577406, 1788389640.749896, 1788389640.8431323, 1788389640.9349666, 1788389641.0277133, 1788389641.119957, 1788389641.209751, 1788389641.3040571, 1788389641.3968377, 1788389641.489289, 1788389641.58159, 1788389641.6738183, 1788389641.7670712, 1788389641.8624468, 1788389641.9495773, 1788389642.0431352, 1788389642.1315727, 1788389642.2217271, 1788389642.3108597, 1788389642.4026248, 1788389642.491817, 1788389642.5826726, 1788389642.673871, 1788389642.7659128, 1788389642.8478749, 1788389642.9348009, 1788389643.0195632, 1788389643.1062315, 1788389643.1927166, 1788389643.2744782, 1788389643.3559773, 1788389643.439709, 1788389643.5207741, 1788389643.6042573, 1788389643.6860468, 1788389643.7691708, 1788389643.85061, 1788389643.9371862]","[1, 3, 2, 3, 4, 1, 3, 1, 1, 3, 4, 3, 3, 1, 1, 1, 6, 3, 3, 6, 9, 2, 2, 1, 4, 9, 3, 2, 1, 2, 2, 3, 2, 5, 1, 2, 1, 4, 3, 3, 6, 7, 2, 2, 6, 7, 2, 1, 2, 1, 2, 2, 3, 2, 2, 2, 4, 7, 1, 2, 2, 2, 1, 1, 3, 4, 7, 3, 5, 7, 1, 2, 8, 2, 1, 3, 1, 1, 1, 5, 9, 2, 2, 2, 3, 1, 2, 5, 3, 1, 5, 1, 2, 1, 3, 5, 3, 2, 5, 1, 2, 2, 4, 2, 8, 3, 1, 4, 9, 2, 6, 9, 7, 1, 4, 1, 1, 2, 1, 3, 3, 2, 5, 4, 3, 1, 4, 4, 1, 2, 2, 2, 9, 1, 1, 5, 4, 7, 3, 2, 9, 4, 1, 6, 5, 4, 3, 5, 4, 1, 1, 1, 2, 1, 1, 6, 9, 1, 1, 2, 3, 1, 7, 2, 3, 1, 3, 1, 2, 9, 4, 2, 1, 1, 1, 7, 2, 4, 4, 2, 7, 1, 2, 1, 4, 5, 2, 4, 1, 3, 4, 2, 1, 9, 2, 2, 7, 8, 2, 1, 7, 4, 1, 2, 5, 2, 1, 3, 2, 3, 9, 1, 7, 5, 5, 2, 1, 8, 5, 4]"
User-037,1,trace_0489,1788389644.0181868,streaming,15800,212,212,239,7,6.594775438308716,17.23346519470215,0.050420330599021006,13.0,0,True,,1788389626.7846735,1788389633.379449,1788389644.0181386,"[1788389633.379449, 1788389634.1918614, 1788389635.015433, 1788389635.7121592, 1788389636.2504427, 1788389636.8328478, 1788389637.4521418, 1788389638.093504, 1788389638.7562032, 1788389639.3297856, 1788389639.3714166, 1788389639.7235065, 1788389639.7874331, 1788389640.2938037, 1788389640.3638904, 1788389640.4612567, 1788389640.5634913, 1788389640.6587768, 1788389640.7509074, 1788389640.844193, 1788389640.9359884, 1788389641.0287387, 1788389641.1209836, 1788389641.2101934, 1788389641.305076, 1788389641.3978941, 1788389641.4903598, 1788389641.5826576, 1788389641.6749375, 1788389641.7681084, 1788389641.8635008, 1788389641.9506044, 1788389642.044228, 1788389642.1328185, 1788389642.222761, 1788389642.3120832, 1788389642.4036505, 1788389642.4929805, 1788389642.5836942, 1788389642.6749296, 1788389642.767211, 1788389642.8483644, 1788389642.9353132, 1788389643.0200806, 1788389643.1067517, 1788389643.1932473, 1788389643.2750034, 1788389643.3565016, 1788389643.4402602, 1788389643.521308, 1788389643.6047697, 1788389643.686559, 1788389643.7697039, 1788389643.851155, 1788389643.9379768, 1788389644.016992]","[1, 1, 3, 4, 4, 5, 4, 1, 2, 2, 1, 3, 4, 2, 4, 4, 3, 3, 3, 3, 9, 9, 9, 7, 1, 5, 1, 3, 6, 1, 5, 3, 3, 2, 8, 2, 1, 1, 1, 1, 6, 1, 1, 1, 2, 1, 3, 2, 9, 9, 9, 9, 3, 9, 8, 4]"
User-036,1,trace_0615,1788389644.5470011,streaming,24137,133,133,358,18,0.9632866382598877,5.2227513790130615,0.032268672278433136,12.0,0,True,,1788389639.324181,1788389640.2874677,1788389644.5469325,"[1788389640.2874677, 1788389640.3569667, 1788389640.456229, 1788389640.5565853, 1788389640.6522171, 1788389640.7448435, 1788389640.8380523, 1788389640.9296284, 1788389641.0226579, 1788389641.114521, 1788389641.2071648, 1788389641.2988439, 1788389641.3918912, 1788389641.4838808, 1788389641.576681, 1788389641.6685436, 1788389641.762055, 1788389641.857003, 1788389641.94511, 1788389642.0369666, 1788389642.1268036, 1788389642.217184, 1788389642.3063335, 1788389642.3980846, 1788389642.487119, 1788389642.57819, 1788389642.6688604, 1788389642.7618978, 1788389642.8439662, 1788389642.930848, 1788389643.0154972, 1788389643.1023035, 1788389643.1887348, 1788389643.2704926, 1788389643.3519728, 1788389643.4356506, 1788389643.516848, 1788389643.6002824, 1788389643.6820273, 1788389643.7651746, 1788389643.846677, 1788389643.9331822, 1788389644.012935, 1788389644.0907004, 1788389644.1650457, 1788389644.240527, 1788389644.3149703, 1788389644.3902638, 1788389644.464948, 1788389644.5422814]","[1, 1, 1, 1, 2, 1, 4, 1, 5, 3, 1, 1, 4, 4, 1, 1, 1, 2, 1, 1, 4, 2, 2, 2, 2, 6, 4, 2, 3, 1, 2, 1, 4, 1, 6, 1, 3, 2, 4, 7, 4, 7, 5, 2, 4, 3, 3, 1, 3, 5]"
User-034,2,trace_0164,1788389646.525027,streaming,18770,162,162,281,11,0.8127975463867188,7.616778135299683,0.042260748999459405,14.0,0,True,,1788389638.9081693,1788389639.7209668,1788389646.5249474,"[1788389639.7209668, 1788389639.784734, 1788389640.2912965, 1788389640.3612885, 1788389640.4593368, 1788389640.5605168, 1788389640.6566358, 1788389640.7487957, 1788389640.842027, 1788389640.933866, 1788389641.026611, 1788389641.118856, 1788389641.2092922, 1788389641.3029783, 1788389641.395746, 1788389641.4881635, 1788389641.580508, 1788389641.6727028, 1788389641.7660668, 1788389641.8611302, 1788389641.949072, 1788389642.0425613, 1788389642.131046, 1788389642.2212324, 1788389642.3103437, 1788389642.402121, 1788389642.4911509, 1788389642.5821679, 1788389642.673349, 1788389642.765406, 1788389642.847379, 1788389642.9342625, 1788389643.0190277, 1788389643.1057286, 1788389643.192215, 1788389643.2739456, 1788389643.3554723, 1788389643.4391875, 1788389643.520266, 1788389643.6037586, 1788389643.685536, 1788389643.7686481, 1788389643.8501084, 1788389643.9366374, 1788389644.0164459, 1788389644.09414, 1788389644.1685545, 1788389644.2438967, 1788389644.3184068, 1788389644.393663, 1788389644.468399, 1788389644.5461357, 1788389644.617342, 1788389644.702253, 1788389644.76138, 1788389644.8361464, 1788389644.9040172, 1788389645.1975589, 1788389645.2464116, 1788389645.321351, 1788389645.3972151, 1788389645.4717438, 1788389645.5463445, 1788389645.6208146, 1788389645.696557, 1788389645.7708933, 1788389645.8463087, 1788389645.920709, 1788389645.9966197, 1788389646.0706527, 1788389646.1466367, 1788389646.220773, 1788389646.296292, 1788389646.3711908, 1788389646.4466062, 1788389646.5231893]","[1, 1, 5, 3, 2, 3, 3, 2, 2, 2, 1, 1, 2, 2, 3, 7, 3, 2, 1, 5, 2, 2, 4, 1, 1, 2, 1, 2, 5, 3, 1, 3, 2, 2, 1, 5, 1, 1, 1, 1, 5, 2, 2, 1, 2, 2, 2, 3, 2, 1, 1, 1, 1, 2, 4, 2, 2, 1, 1, 4, 1, 1, 3, 3, 2, 1, 1, 1, 5, 1, 3, 1, 1, 2, 1, 2]"
User-027,3,trace_0632,1788389648.8030226,streaming,30455,311,311,377,98,3.363863468170166,16.459834814071655,0.04224506885774674,14.0,0,True,,1788389632.3431044,1788389635.7069678,1788389648.8029392,"[1788389635.7069678, 1788389636.2456067, 1788389636.8288124, 1788389637.4482124, 1788389638.0896428, 1788389638.7524347, 1788389639.3281116, 1788389639.3675885, 1788389639.7191088, 1788389639.7832215, 1788389640.289748, 1788389640.3593056, 1788389640.4580202, 1788389640.5588758, 1788389640.6550727, 1788389640.7471871, 1788389640.840434, 1788389640.9319975, 1788389641.0250137, 1788389641.1171193, 1788389641.2085464, 1788389641.301151, 1788389641.3941836, 1788389641.4861777, 1788389641.5789587, 1788389641.6709526, 1788389641.7644923, 1788389641.859442, 1788389641.9475405, 1788389642.0409427, 1788389642.1292753, 1788389642.2196379, 1788389642.308785, 1788389642.4005463, 1788389642.4895668, 1788389642.5806422, 1788389642.671625, 1788389642.7638369, 1788389642.8457851, 1788389642.9326952, 1788389643.0173953, 1788389643.1041505, 1788389643.1906173, 1788389643.272377, 1788389643.3538623, 1788389643.4374928, 1788389643.5186672, 1788389643.6021185, 1788389643.6839318, 1788389643.7670798, 1788389643.8485522, 1788389643.935072, 1788389644.014848, 1788389644.0925694, 1788389644.1669302, 1788389644.2423377, 1788389644.3167872, 1788389644.392113, 1788389644.466781, 1788389644.5445507, 1788389644.615689, 1788389644.7015278, 1788389644.7598195, 1788389644.834535, 1788389644.9022303, 1788389645.1960225, 1788389645.2447882, 1788389645.31979, 1788389645.3956213, 1788389645.47011, 1788389645.5447247, 1788389645.6192353, 1788389645.6949673, 1788389645.7692375, 1788389645.8447447, 1788389645.9191823, 1788389645.9950035, 1788389646.0690923, 1788389646.1450577, 1788389646.2191813, 1788389646.2946804, 1788389646.369447, 1788389646.4449036, 1788389646.5214016, 1788389646.5949779, 1788389646.6652944, 1788389646.762642, 1788389646.812629, 1788389646.8796897, 1788389647.0231545, 1788389647.076587, 1788389647.1578574, 1788389647.2272534, 1788389647.4375567, 1788389647.4923217, 1788389647.5703619, 1788389647.6495113, 1788389647.7269576, 1788389647.8063214, 1788389647.8835473, 1788389648.0107684, 1788389648.0409288, 1788389648.1242049, 1788389648.1972775, 1788389648.3990333, 1788389648.4384737, 1788389648.6491637, 1788389648.7119195, 1788389648.7985415]","[1, 1, 1, 3, 1, 3, 1, 2, 1, 1, 1, 4, 3, 1, 3, 9, 3, 1, 7, 2, 4, 2, 1, 4, 3, 1, 4, 2, 1, 1, 8, 9, 4, 4, 5, 2, 2, 3, 2, 2, 2, 3, 1, 2, 4, 7, 1, 1, 6, 2, 1, 3, 5, 3, 4, 1, 3, 4, 7, 1, 1, 3, 1, 3, 2, 4, 3, 3, 4, 8, 3, 1, 1, 1, 3, 1, 1, 1, 2, 2, 4, 5, 2, 9, 2, 2, 1, 1, 1, 1, 4, 2, 8, 6, 9, 1, 2, 3, 3, 4, 1, 1, 3, 5, 2, 2, 3, 1, 1]"
User-037,2,trace_0489,1788389651.8692274,streaming,16199,74,74,246,6,0.373044490814209,4.8051652908325195,0.06071398356189466,8.0,0,True,,1788389647.063995,1788389647.4370394,1788389651.8691602,"[1788389647.4370394, 1788389647.4918098, 1788389647.5698361, 1788389647.648976, 1788389647.7264042, 1788389647.805748, 1788389647.8830183, 1788389648.0105212, 1788389648.0403283, 1788389648.123598, 1788389648.196657, 1788389648.3984995, 1788389648.4379795, 1788389648.6485338, 1788389648.7114003, 1788389648.7979653, 1788389648.8758767, 1788389648.9602478, 1788389649.078029, 1788389649.8717399, 1788389650.7435472, 1788389651.2727787, 1788389651.8641846]","[1, 2, 3, 2, 3, 9, 2, 1, 9, 2, 5, 2, 2, 5, 4, 7, 2, 1, 3, 1, 3, 4, 1]"
User-008,5,trace_0707,1788389655.9682977,streaming,22051,383,383,333,10,5.791252851486206,27.566990613937378,0.05700454911636432,17.0,0,True,,1788389628.4012318,1788389634.1924846,1788389655.9682224,"[1788389634.1924846, 1788389635.0159516, 1788389635.712692, 1788389636.250968, 1788389636.8333745, 1788389637.452655, 1788389638.0940032, 1788389638.756711, 1788389639.33002, 1788389639.371916, 1788389639.723998, 1788389639.7879403, 1788389640.2942853, 1788389640.3643973, 1788389640.4616349, 1788389640.5640008, 1788389640.6592953, 1788389640.7514255, 1788389640.8446913, 1788389640.9365005, 1788389641.0292647, 1788389641.121505, 1788389641.2104194, 1788389641.3055692, 1788389641.3984041, 1788389641.4908712, 1788389641.583204, 1788389641.6754656, 1788389641.768606, 1788389641.8640018, 1788389641.9511342, 1788389642.0447395, 1788389642.133318, 1788389642.2232766, 1788389642.3125868, 1788389642.4041471, 1788389642.4934769, 1788389642.5841887, 1788389642.6754327, 1788389642.7677379, 1788389642.8488605, 1788389642.9358137, 1788389643.0205824, 1788389643.1072617, 1788389643.1937451, 1788389643.2755187, 1788389643.3570032, 1788389643.4408147, 1788389643.5218575, 1788389643.6053357, 1788389643.6871276, 1788389643.7702274, 1788389643.8516777, 1788389643.9385138, 1788389644.0177784, 1788389644.0946605, 1788389644.169072, 1788389644.2444103, 1788389644.3189337, 1788389644.3941655, 1788389644.4689004, 1788389644.5466325, 1788389644.6178792, 1788389644.7024994, 1788389644.7619686, 1788389644.8366728, 1788389644.9045503, 1788389645.1988585, 1788389645.2474375, 1788389645.322385, 1788389645.398244, 1788389645.472778, 1788389645.5474842, 1788389645.6218667, 1788389645.6976137, 1788389645.7719479, 1788389645.8473482, 1788389645.9217231, 1788389645.9977193, 1788389646.0717573, 1788389646.1476862, 1788389646.2217965, 1788389646.2973402, 1788389646.3722274, 1788389646.447662, 1788389646.5245264, 1788389646.5971184, 1788389646.667541, 1788389646.7636614, 1788389646.8148685, 1788389646.8818445, 1788389647.0260875, 1788389647.0779257, 1788389647.1606293, 1788389647.2299562, 1788389647.43996, 1788389647.4949057, 1788389647.5730069, 1788389647.652144, 1788389647.729502, 1788389647.8089588, 1788389647.8861349, 1788389648.0120091, 1788389648.0434203, 1788389648.1268625, 1788389648.1999383, 1788389648.4016504, 1788389648.4410868, 1788389648.6521232, 1788389648.7149491, 1788389648.8020918, 1788389648.8773127, 1788389648.963462, 1788389649.0796876, 1788389649.875343, 1788389650.7474182, 1788389651.2765646, 1788389651.8683176, 1788389652.4827263, 1788389653.1250422, 1788389653.7893317, 1788389654.4779766, 1788389655.1956265, 1788389655.9670227]","[1, 1, 2, 2, 2, 2, 5, 1, 1, 2, 1, 5, 6, 5, 5, 2, 1, 2, 2, 2, 1, 2, 3, 1, 1, 3, 2, 9, 2, 5, 9, 8, 2, 3, 5, 3, 2, 1, 2, 4, 3, 2, 2, 4, 2, 5, 2, 8, 2, 2, 3, 5, 1, 1, 2, 1, 1, 1, 5, 2, 8, 1, 1, 7, 5, 5, 7, 6, 8, 5, 1, 2, 1, 1, 1, 1, 1, 5, 4, 4, 1, 4, 1, 3, 1, 9, 3, 2, 3, 3, 1, 3, 2, 4, 1, 3, 6, 3, 1, 3, 2, 1, 9, 4, 9, 1, 4, 1, 1, 2, 3, 2, 3, 1, 1, 6, 7, 1, 1, 3, 1, 9, 2, 6]"
User-022,4,trace_0418,1788389657.1567562,streaming,15243,410,410,220,16,3.1958119869232178,21.023035764694214,0.04358734419992909,64.0,0,True,,1788389636.1316738,1788389639.3274858,1788389657.1547096,"[1788389639.3274858, 1788389639.366311, 1788389639.717852, 1788389639.7820306, 1788389640.2887287, 1788389640.3580797, 1788389640.457207, 1788389640.5578227, 1788389640.653667, 1788389640.7460732, 1788389640.8393242, 1788389640.9309227, 1788389641.0239651, 1788389641.1158297, 1788389641.208055, 1788389641.3000832, 1788389641.3931334, 1788389641.4851117, 1788389641.5778928, 1788389641.6697714, 1788389641.763234, 1788389641.858153, 1788389641.9462702, 1788389642.0380971, 1788389642.1279945, 1788389642.218356, 1788389642.3075118, 1788389642.3992975, 1788389642.4882972, 1788389642.5793984, 1788389642.6700697, 1788389642.763134, 1788389642.8451214, 1788389642.932007, 1788389643.016651, 1788389643.1034591, 1788389643.1899168, 1788389643.2717032, 1788389643.3531742, 1788389643.4368045, 1788389643.518002, 1788389643.6014457, 1788389643.683248, 1788389643.7663605, 1788389643.847887, 1788389643.9343765, 1788389644.0141294, 1788389644.0919144, 1788389644.1662323, 1788389644.2417068, 1788389644.3161337, 1788389644.3914587, 1788389644.4661136, 1788389644.543791, 1788389644.6151512, 1788389644.701274, 1788389644.759289, 1788389644.8339725, 1788389644.9016876, 1788389645.1953642, 1788389645.2442145, 1788389645.3191736, 1788389645.3949933, 1788389645.4694571, 1788389645.5441089, 1788389645.6185956, 1788389645.6942973, 1788389645.7686183, 1788389645.844148, 1788389645.9185224, 1788389645.9943414, 1788389646.068479, 1788389646.1444275, 1788389646.2185352, 1788389646.2940652, 1788389646.368894, 1788389646.4443278, 1788389646.520853, 1788389646.59436, 1788389646.6647303, 1788389646.7623794, 1788389646.812109, 1788389646.8791745, 1788389647.0225646, 1788389647.0763252, 1788389647.1573193, 1788389647.2266614, 1788389647.4360895, 1788389647.4912946, 1788389647.5692139, 1788389647.6483126, 1788389647.7257826, 1788389647.8051193, 1788389647.8823512, 1788389648.010263, 1788389648.03977, 1788389648.1230528, 1788389648.1960843, 1788389648.397978, 1788389648.4374928, 1788389648.6479843, 1788389648.710892, 1788389648.7973342, 1788389648.8752139, 1788389648.9590812, 1788389649.0774088, 1788389649.8703902, 1788389650.742121, 1788389651.2715294, 1788389651.8626547, 1788389652.4781566, 1788389653.1203926, 1788389653.7847242, 1788389654.4734914, 1788389655.1910098, 1788389655.9617565, 1788389656.5951061, 1788389657.1500168]","[1, 2, 1, 2, 3, 1, 3, 1, 2, 5, 5, 3, 4, 5, 5, 5, 2, 4, 1, 3, 5, 1, 1, 2, 4, 9, 5, 2, 2, 1, 1, 4, 2, 6, 4, 3, 4, 4, 1, 7, 4, 1, 3, 6, 2, 2, 1, 3, 5, 1, 4, 6, 1, 2, 1, 4, 5, 7, 9, 4, 9, 1, 2, 5, 2, 1, 4, 1, 1, 5, 3, 1, 6, 2, 2, 1, 5, 2, 8, 3, 3, 2, 1, 9, 6, 1, 7, 6, 2, 2, 4, 1, 6, 4, 8, 9, 4, 9, 2, 1, 8, 1, 1, 3, 2, 2, 1, 8, 3, 5, 9, 1, 3, 1, 5, 7, 1, 1]"
User-025,8,trace_0588,1788389658.4027154,streaming,30510,70,70,469,3,0.39763808250427246,10.39775037765503,0.14492916369783707,10.0,0,True,,1788389648.0048687,1788389648.4025068,1788389658.4026191,"[1788389648.4025068, 1788389648.4415789, 1788389648.6524994, 1788389648.7154438, 1788389648.8026156, 1788389648.8775518, 1788389648.963858, 1788389649.079921, 1788389649.8758492, 1788389650.7479327, 1788389651.277119, 1788389651.8688254, 1788389652.483224, 1788389653.12558, 1788389653.7898278, 1788389654.4785357, 1788389655.1962004, 1788389655.9678097, 1788389656.6007915, 1788389657.158382, 1788389657.7641673, 1788389658.4019766]","[1, 2, 3, 2, 3, 2, 1, 3, 2, 3, 7, 4, 5, 5, 2, 4, 6, 5, 2, 1, 3, 4]"
User-033,2,trace_0538,1788389662.5221155,streaming,12216,118,118,159,3,0.2658877372741699,15.762814998626709,0.1324523697551499,8.0,0,True,,1788389646.7591984,1788389647.0250862,1788389662.5220134,"[1788389647.0250862, 1788389647.0774431, 1788389647.1595006, 1788389647.2288384, 1788389647.4391754, 1788389647.4938862, 1788389647.571936, 1788389647.6510832, 1788389647.7284935, 1788389647.8079228, 1788389647.8850944, 1788389648.0115182, 1788389648.0424736, 1788389648.1257877, 1788389648.1988835, 1788389648.4006374, 1788389648.440047, 1788389648.6506593, 1788389648.7135026, 1788389648.8004127, 1788389648.876611, 1788389648.9619548, 1788389649.0789595, 1788389649.8735478, 1788389650.7451274, 1788389651.2743964, 1788389651.8660243, 1788389652.4805558, 1788389653.1229913, 1788389653.7871451, 1788389654.475852, 1788389655.1934533, 1788389655.9641438, 1788389656.5982752, 1788389657.153292, 1788389657.7615159, 1788389658.3993318, 1788389659.055809, 1788389659.7401357, 1788389660.4500933, 1788389661.1866615, 1788389661.974523, 1788389662.5191698]","[1, 1, 2, 2, 5, 2, 1, 1, 1, 2, 1, 1, 2, 4, 3, 4, 3, 1, 2, 1, 4, 1, 2, 3, 4, 9, 2, 6, 1, 4, 3, 2, 5, 5, 3, 4, 2, 2, 1, 6, 2, 2, 5]"
User-035,2,trace_0062,1788389663.1136613,streaming,16749,75,75,255,5,0.371415376663208,14.833245277404785,0.19543013379380508,12.0,0,True,,1788389648.280334,1788389648.6517494,1788389663.1135793,"[1788389648.6517494, 1788389648.7144625, 1788389648.8015695, 1788389648.8770852, 1788389648.963035, 1788389649.079439, 1788389649.8748317, 1788389650.74693, 1788389651.2760253, 1788389651.8677645, 1788389652.4821513, 1788389653.1245377, 1788389653.7888043, 1788389654.4773824, 1788389655.1951146, 1788389655.966511, 1788389656.6003017, 1788389657.1578481, 1788389657.7636485, 1788389658.4014215, 1788389659.0579274, 1788389659.7422462, 1788389660.4523344, 1788389661.1888216, 1788389661.9765136, 1788389662.5217018, 1788389663.112951]","[1, 1, 2, 2, 5, 5, 1, 2, 6, 9, 3, 1, 3, 5, 1, 1, 1, 3, 4, 4, 2, 2, 2, 2, 1, 2, 4]"
User-030,3,trace_0082,1788389669.9937382,streaming,20950,501,501,274,52,7.0831239223480225,43.701417446136475,0.0732365870475769,14.0,0,True,,1788389626.29222,1788389633.375344,1788389669.9936376,"[1788389633.375344, 1788389634.188064, 1788389635.0114698, 1788389635.7086005, 1788389636.2462742, 1788389636.8294263, 1788389637.4488683, 1788389638.0902612, 1788389638.753075, 1788389639.3283606, 1788389639.3682477, 1788389639.719625, 1788389639.7837281, 1788389640.2902324, 1788389640.3602216, 1788389640.4584131, 1788389640.5593915, 1788389640.6555977, 1788389640.7477615, 1788389640.8409603, 1788389640.9326577, 1788389641.0255413, 1788389641.1176438, 1788389641.208818, 1788389641.3018022, 1788389641.3946853, 1788389641.4869387, 1788389641.5794854, 1788389641.671465, 1788389641.7650175, 1788389641.8599572, 1788389641.9480526, 1788389642.041461, 1788389642.1298223, 1788389642.2202337, 1788389642.3093147, 1788389642.4010718, 1788389642.490106, 1788389642.5811465, 1788389642.6721537, 1788389642.7643788, 1788389642.8463132, 1788389642.9332333, 1788389643.0179338, 1788389643.1046896, 1788389643.1911757, 1788389643.2729096, 1788389643.3544023, 1788389643.4380398, 1788389643.5192244, 1788389643.60264, 1788389643.6844826, 1788389643.7676167, 1788389643.8490696, 1788389643.9356048, 1788389644.015405, 1788389644.0931036, 1788389644.167474, 1788389644.2428808, 1788389644.317332, 1788389644.3926344, 1788389644.467373, 1788389644.5450838, 1788389644.6163125, 1788389644.701778, 1788389644.760332, 1788389644.8351145, 1788389644.9027743, 1788389645.196549, 1788389645.2453067, 1788389645.3203208, 1788389645.39616, 1788389645.4706671, 1788389645.545262, 1788389645.6197534, 1788389645.6955104, 1788389645.7697823, 1788389645.8452785, 1788389645.919699, 1788389645.9955645, 1788389646.069622, 1788389646.145579, 1788389646.2197213, 1788389646.295246, 1788389646.3700948, 1788389646.4455478, 1788389646.5220869, 1788389646.5955124, 1788389646.6659312, 1788389646.7629254, 1788389646.8131435, 1788389646.8801947, 1788389647.0236733, 1788389647.0769002, 1788389647.1583982, 1788389647.2278264, 1788389647.4381425, 1788389647.49291, 1788389647.5709014, 1788389647.6500244, 1788389647.7274847, 1788389647.8068786, 1788389647.8840628, 1788389648.0110157, 1788389648.0414357, 1788389648.1247294, 1788389648.1978145, 1788389648.3995554, 1788389648.4389913, 1788389648.6496687, 1788389648.7124832, 1788389648.7993708, 1788389648.8761194, 1788389648.9608533, 1788389649.0782888, 1788389649.8722582, 1788389650.7440708, 1788389651.2733157, 1788389651.8649704, 1788389652.479468, 1788389653.121764, 1788389653.786044, 1788389654.4747624, 1788389655.1923625, 1788389655.9629943, 1788389656.5972545, 1788389657.152202, 1788389657.7604713, 1788389658.3982143, 1788389659.0547183, 1788389659.739063, 1788389660.4490082, 1788389661.1855912, 1788389661.9734921, 1788389662.5180533, 1788389663.1102684, 1788389663.728319, 1788389664.3728268, 1788389665.0828483, 1788389665.783374, 1788389666.5312724, 1788389667.3280623, 1788389668.1423428, 1788389668.9468527, 1788389668.9472797, 1788389669.2037728, 1788389669.2441528, 1788389669.339349, 1788389669.425892, 1788389669.7157576, 1788389669.7919497, 1788389669.8881402, 1788389669.9871209]","[1, 1, 7, 6, 3, 2, 5, 7, 1, 2, 5, 5, 1, 4, 3, 9, 7, 1, 9, 1, 2, 6, 1, 2, 2, 1, 3, 1, 5, 6, 3, 2, 4, 1, 1, 2, 4, 1, 1, 4, 3, 3, 4, 9, 2, 1, 2, 8, 7, 4, 7, 4, 3, 1, 3, 2, 2, 9, 2, 2, 1, 3, 5, 1, 1, 1, 2, 3, 4, 4, 1, 5, 3, 5, 3, 1, 2, 3, 2, 2, 3, 5, 7, 4, 8, 2, 1, 2, 1, 4, 9, 3, 8, 8, 4, 2, 2, 1, 1, 1, 1, 4, 1, 8, 1, 6, 4, 1, 6, 1, 4, 1, 2, 9, 4, 4, 3, 2, 1, 1, 1, 1, 9, 4, 3, 2, 3, 2, 4, 1, 4, 2, 6, 2, 1, 1, 2, 4, 1, 1, 1, 2, 2, 6, 9, 1, 4, 2, 1, 1, 6, 6, 4]"
User-038,1,trace_0661,1788389670.9946628,streaming,21047,288,288,319,9,0.5002264976501465,26.296460151672363,0.08988234722655825,10.0,0,True,,1788389644.6981275,1788389645.198354,1788389670.9945877,"[1788389645.198354, 1788389645.246923, 1788389645.3218737, 1788389645.3977256, 1788389645.472253, 1788389645.5469043, 1788389645.6213315, 1788389645.6970923, 1788389645.7714078, 1788389645.8468366, 1788389645.9212055, 1788389645.9971714, 1788389646.0712042, 1788389646.1471813, 1788389646.2212834, 1788389646.2967978, 1788389646.3717158, 1788389646.4471407, 1788389646.523981, 1788389646.5965579, 1788389646.6669946, 1788389646.763426, 1788389646.8142266, 1788389646.8813214, 1788389647.02558, 1788389647.0776787, 1788389647.1600862, 1788389647.2293448, 1788389647.4395735, 1788389647.4943736, 1788389647.5724545, 1788389647.6515937, 1788389647.7289963, 1788389647.8084283, 1788389647.8855975, 1788389648.0117505, 1788389648.0430124, 1788389648.1263144, 1788389648.1994002, 1788389648.4011486, 1788389648.4405987, 1788389648.6511374, 1788389648.7139814, 1788389648.8009179, 1788389648.8768473, 1788389648.9624815, 1788389649.079199, 1788389649.8742692, 1788389650.746423, 1788389651.2754698, 1788389651.8670888, 1788389652.4816241, 1788389653.1240184, 1788389653.7882226, 1788389654.4768648, 1788389655.19455, 1788389655.9659846, 1788389656.599809, 1788389657.1573071, 1788389657.763088, 1788389658.4008613, 1788389659.0573509, 1788389659.741693, 1788389660.4517858, 1788389661.1882503, 1788389661.9760284, 1788389662.5211937, 1788389663.1123629, 1788389663.7304628, 1788389664.3749223, 1788389665.083842, 1788389665.786172, 1788389666.5339622, 1788389667.3307016, 1788389668.1449828, 1788389668.9526923, 1788389668.9530797, 1788389669.20557, 1788389669.2479994, 1788389669.343012, 1788389669.4295204, 1788389669.7193592, 1788389669.7957234, 1788389669.891849, 1788389669.9917245, 1788389670.0842454, 1788389670.1755717, 1788389670.2657926, 1788389670.356666, 1788389670.4466588, 1788389670.5380547, 1788389670.628122, 1788389670.7187583, 1788389670.808801, 1788389670.9001408, 1788389670.9924014]","[1, 2, 2, 3, 2, 2, 5, 4, 3, 1, 1, 6, 5, 1, 4, 5, 3, 2, 3, 7, 3, 1, 5, 1, 2, 1, 3, 1, 2, 9, 1, 3, 2, 2, 2, 6, 4, 2, 4, 2, 3, 1, 3, 2, 3, 3, 2, 6, 4, 1, 4, 4, 2, 5, 1, 4, 6, 1, 1, 3, 2, 3, 1, 6, 5, 1, 2, 6, 1, 1, 1, 5, 3, 4, 6, 2, 1, 2, 1, 4, 4, 2, 3, 2, 5, 2, 3, 8, 2, 2, 4, 6, 4, 1, 1, 5]"
User-025,9,trace_0588,1788389672.0601313,streaming,30645,72,72,472,1,7.459648370742798,10.567863941192627,0.043777684090842664,5.0,0,True,,1788389661.4921832,1788389668.9518316,1788389672.0600471,"[1788389668.9518316, 1788389668.9522047, 1788389669.2053404, 1788389669.2474918, 1788389669.3424914, 1788389669.429012, 1788389669.7188022, 1788389669.7951605, 1788389669.8913443, 1788389669.991173, 1788389670.083582, 1788389670.175064, 1788389670.2651033, 1788389670.356156, 1788389670.4459674, 1788389670.5375218, 1788389670.6276085, 1788389670.718245, 1788389670.8084247, 1788389670.8996131, 1788389670.9918792, 1788389671.0807438, 1788389671.1683419, 1788389671.2586913, 1788389671.3456817, 1788389671.4356925, 1788389671.523264, 1788389671.612199, 1788389671.7002027, 1788389671.7898135, 1788389671.8758292, 1788389671.9671037, 1788389672.0578766]","[1, 1, 1, 1, 2, 3, 4, 3, 2, 1, 3, 2, 3, 2, 1, 6, 1, 1, 4, 3, 1, 1, 2, 3, 2, 3, 1, 2, 2, 1, 5, 3, 1]"
User-033,3,trace_0538,1788389672.4024692,streaming,12688,105,105,161,8,0.6239771842956543,3.8217620849609375,0.030747931737166185,10.0,0,True,,1788389668.5806644,1788389669.2046416,1788389672.4024265,"[1788389669.2046416, 1788389669.2458608, 1788389669.3408983, 1788389669.42746, 1788389669.7172444, 1788389669.7935424, 1788389669.889728, 1788389669.9893777, 1788389670.0819647, 1788389670.173428, 1788389670.2633028, 1788389670.354465, 1788389670.4443498, 1788389670.5359309, 1788389670.6257865, 1788389670.7166448, 1788389670.8068602, 1788389670.8979912, 1788389670.9900906, 1788389671.0791237, 1788389671.166796, 1788389671.2571633, 1788389671.3441617, 1788389671.4341927, 1788389671.521688, 1788389671.6109505, 1788389671.698594, 1788389671.7882473, 1788389671.8746283, 1788389671.965572, 1788389672.0563126, 1788389672.1401153, 1788389672.22506, 1788389672.3129342, 1788389672.3992555]","[1, 7, 1, 4, 6, 4, 3, 5, 4, 1, 1, 1, 2, 1, 2, 1, 5, 1, 3, 5, 1, 1, 1, 3, 4, 9, 6, 6, 3, 1, 4, 1, 1, 4, 2]"
User-007,9,trace_0398,1788389673.9021206,streaming,29587,257,257,389,71,1.8777334690093994,25.033808946609497,0.09045341983437538,10.0,0,True,,1788389648.868202,1788389650.7459354,1788389673.902011,"[1788389650.7459354, 1788389651.2749505, 1788389651.8665462, 1788389652.4810994, 1788389653.123505, 1788389653.7876828, 1788389654.4763606, 1788389655.1940331, 1788389655.965456, 1788389656.5993114, 1788389657.1543288, 1788389657.7625659, 1788389658.4003448, 1788389659.056813, 1788389659.7411604, 1788389660.4511933, 1788389661.1877458, 1788389661.975543, 1788389662.5206673, 1788389663.1118333, 1788389663.729908, 1788389664.3743892, 1788389665.083596, 1788389665.784847, 1788389666.5328593, 1788389667.3296363, 1788389668.1439843, 1788389668.949725, 1788389668.950101, 1788389669.204875, 1788389669.2464201, 1788389669.3414128, 1788389669.4279914, 1788389669.7177894, 1788389669.7941446, 1788389669.8903177, 1788389669.9900787, 1788389670.0824769, 1788389670.173933, 1788389670.2638106, 1788389670.354998, 1788389670.4448829, 1788389670.5364277, 1788389670.6263156, 1788389670.7171483, 1788389670.8074043, 1788389670.8985002, 1788389670.9907942, 1788389671.0796423, 1788389671.1673014, 1788389671.257669, 1788389671.3446755, 1788389671.4347053, 1788389671.5222077, 1788389671.6114533, 1788389671.69917, 1788389671.7887712, 1788389671.8750422, 1788389671.9660726, 1788389672.0568295, 1788389672.1406136, 1788389672.2255573, 1788389672.313458, 1788389672.4000218, 1788389672.4851487, 1788389672.56732, 1788389672.6515355, 1788389672.7338238, 1788389672.8176343, 1788389672.8990023, 1788389672.9837976, 1788389673.0655584, 1788389673.1540859, 1788389673.2320735, 1788389673.3155518, 1788389673.3979332, 1788389673.4818926, 1788389673.5629928, 1788389673.6478615, 1788389673.7297592, 1788389673.8136787, 1788389673.89914]","[1, 1, 5, 1, 1, 3, 1, 1, 4, 2, 6, 1, 1, 3, 3, 6, 2, 2, 4, 2, 5, 4, 9, 2, 4, 2, 1, 1, 2, 1, 5, 4, 2, 6, 1, 1, 3, 2, 6, 9, 3, 2, 6, 2, 3, 5, 3, 1, 2, 5, 3, 1, 6, 7, 1, 1, 4, 4, 6, 9, 3, 3, 5, 1, 1, 8, 3, 5, 1, 1, 1, 4, 2, 4, 1, 5, 2, 3, 5, 1, 3, 1]"
User-035,3,trace_0062,1788389674.587147,streaming,17345,149,149,260,9,0.5213346481323242,5.387568473815918,0.0328799582816459,8.0,0,True,,1788389669.1995182,1788389669.7208529,1788389674.5870867,"[1788389669.7208529, 1788389669.7967713, 1788389669.89286, 1788389669.9928038, 1788389670.0853894, 1788389670.1765924, 1788389670.266842, 1788389670.3576584, 1788389670.447848, 1788389670.5391004, 1788389670.6293225, 1788389670.719833, 1788389670.8097043, 1788389670.9011693, 1788389670.9936929, 1788389671.081759, 1788389671.1693578, 1788389671.2597642, 1788389671.3466985, 1788389671.4364822, 1788389671.5244594, 1788389671.6129463, 1788389671.7012203, 1788389671.7908416, 1788389671.8766158, 1788389671.9681592, 1788389672.0591602, 1788389672.1421883, 1788389672.2271051, 1788389672.3151186, 1788389672.4015732, 1788389672.4866717, 1788389672.5688787, 1788389672.6530724, 1788389672.7353964, 1788389672.8191965, 1788389672.9001944, 1788389672.9852815, 1788389673.0671153, 1788389673.1555266, 1788389673.2336977, 1788389673.3170936, 1788389673.3995395, 1788389673.483453, 1788389673.5643816, 1788389673.6494408, 1788389673.731326, 1788389673.8152306, 1788389673.9010363, 1788389673.9738953, 1788389674.048771, 1788389674.1260815, 1788389674.2008567, 1788389674.278258, 1788389674.3531814, 1788389674.4301672, 1788389674.5046704, 1788389674.585649]","[1, 2, 1, 2, 1, 5, 9, 3, 4, 1, 2, 3, 1, 5, 1, 3, 2, 4, 4, 9, 2, 2, 5, 2, 2, 2, 5, 4, 1, 3, 1, 2, 7, 3, 2, 2, 1, 2, 3, 3, 1, 1, 3, 2, 2, 2, 1, 1, 1, 1, 3, 2, 1, 2, 4, 2, 2, 1]"
User-042,0,trace_0582,1788389674.586929,streaming,20351,153,153,0,317,8.943495988845825,21.55736517906189,0.08298598151457937,0.0,0,True,,1788389653.0294828,1788389661.9729788,1788389674.586848,"[1788389661.9729788, 1788389662.517518, 1788389663.109716, 1788389663.7277808, 1788389664.3723116, 1788389665.082601, 1788389665.7827885, 1788389666.5307205, 1788389667.3275511, 1788389668.141816, 1788389668.9459178, 1788389668.9463334, 1788389669.203534, 1788389669.2436264, 1788389669.338827, 1788389669.4253902, 1788389669.7152562, 1788389669.791426, 1788389669.8876228, 1788389669.9865603, 1788389670.080418, 1788389670.1719255, 1788389670.2617183, 1788389670.352912, 1788389670.4428086, 1788389670.5343428, 1788389670.6242452, 1788389670.715092, 1788389670.8052933, 1788389670.8964646, 1788389670.9883628, 1788389671.0775168, 1788389671.1652193, 1788389671.2556055, 1788389671.3426087, 1788389671.4326475, 1788389671.5201688, 1788389671.6093125, 1788389671.6970518, 1788389671.7866342, 1788389671.8734214, 1788389671.9639924, 1788389672.0545433, 1788389672.138532, 1788389672.2235098, 1788389672.3113997, 1788389672.3976414, 1788389672.483576, 1788389672.5657434, 1788389672.6499949, 1788389672.7322917, 1788389672.8161225, 1788389672.8978138, 1788389672.9821908, 1788389673.0640142, 1788389673.1525364, 1788389673.2304473, 1788389673.3139856, 1788389673.3963983, 1788389673.480367, 1788389673.5617874, 1788389673.6463099, 1788389673.7282302, 1788389673.812164, 1788389673.897465, 1788389673.9713147, 1788389674.0461583, 1788389674.1234725, 1788389674.1982367, 1788389674.275661, 1788389674.3505592, 1788389674.4275563, 1788389674.5021136, 1788389674.5827656]","[1, 4, 3, 2, 1, 1, 1, 1, 1, 2, 3, 1, 2, 1, 3, 1, 3, 2, 4, 1, 3, 1, 1, 2, 1, 2, 5, 2, 1, 2, 2, 2, 1, 2, 1, 1, 2, 6, 4, 3, 9, 1, 2, 1, 1, 1, 1, 1, 7, 2, 1, 2, 2, 1, 3, 1, 3, 2, 1, 1, 1, 1, 2, 1, 4, 1, 2, 4, 2, 4, 3, 1, 1, 1]"
User-037,3,trace_0489,1788389675.358441,streaming,25307,212,212,252,142,8.976557731628418,15.379833221435547,0.030347277202877387,12.0,0,True,,1788389659.978536,1788389668.9550936,1788389675.358369,"[1788389668.9550936, 1788389668.955393, 1788389669.2060342, 1788389669.2490277, 1788389669.344039, 1788389669.4305375, 1788389669.7214615, 1788389669.797279, 1788389669.8933592, 1788389669.993321, 1788389670.0858915, 1788389670.177113, 1788389670.2673676, 1788389670.3581877, 1788389670.448381, 1788389670.539607, 1788389670.6298401, 1788389670.7203438, 1788389670.8100805, 1788389670.9016855, 1788389670.994207, 1788389671.0822594, 1788389671.1698625, 1788389671.2602777, 1788389671.3474503, 1788389671.436889, 1788389671.5249648, 1788389671.613324, 1788389671.7017355, 1788389671.791349, 1788389671.8769906, 1788389671.968662, 1788389672.059677, 1788389672.1426976, 1788389672.2276073, 1788389672.3156285, 1788389672.402069, 1788389672.487197, 1788389672.5693963, 1788389672.6535792, 1788389672.7358937, 1788389672.8196986, 1788389672.9005744, 1788389672.9857807, 1788389673.0676208, 1788389673.155753, 1788389673.234203, 1788389673.317598, 1788389673.400048, 1788389673.4839683, 1788389673.564885, 1788389673.6499472, 1788389673.7318294, 1788389673.8157353, 1788389673.9015408, 1788389673.9744017, 1788389674.049284, 1788389674.12659, 1788389674.2013595, 1788389674.2787695, 1788389674.3536887, 1788389674.4306715, 1788389674.505175, 1788389674.5864015, 1788389674.6510603, 1788389674.721965, 1788389674.7918167, 1788389674.8629801, 1788389674.931633, 1788389675.0038183, 1788389675.0735962, 1788389675.1448994, 1788389675.2147896, 1788389675.2858849, 1788389675.3577154]","[1, 4, 9, 1, 1, 1, 2, 2, 1, 2, 1, 3, 3, 2, 4, 3, 4, 4, 7, 2, 2, 5, 3, 6, 6, 1, 3, 2, 1, 1, 3, 1, 1, 1, 1, 1, 1, 1, 1, 1, 2, 1, 5, 6, 1, 2, 3, 3, 1, 9, 2, 9, 3, 2, 5, 3, 7, 3, 1, 5, 3, 6, 2, 4, 1, 3, 1, 2, 2, 3, 1, 4, 1, 5, 2]"
User-008,6,trace_0707,1788389677.3571768,streaming,22719,373,373,343,10,3.876189947128296,12.279408693313599,0.0225892977047992,16.0,0,True,,1788389665.0776849,1788389668.9538748,1788389677.3570936,"[1788389668.9538748, 1788389668.9542456, 1788389669.2058055, 1788389669.2485144, 1788389669.343529, 1788389669.4300346, 1788389669.7198586, 1788389669.7962415, 1788389669.8923655, 1788389669.9922945, 1788389670.084753, 1788389670.1760836, 1788389670.2663264, 1788389670.3571548, 1788389670.447308, 1788389670.5385866, 1788389670.6288202, 1788389670.7192862, 1788389670.809302, 1788389670.9006426, 1788389670.9931881, 1788389671.081257, 1788389671.168854, 1788389671.259223, 1788389671.3461888, 1788389671.4360948, 1788389671.52376, 1788389671.6125774, 1788389671.7007046, 1788389671.790307, 1788389671.876225, 1788389671.9676335, 1788389672.0586464, 1788389672.1416285, 1788389672.2265856, 1788389672.3145905, 1788389672.401051, 1788389672.4861476, 1788389672.568371, 1788389672.652574, 1788389672.734886, 1788389672.8186553, 1788389672.8997903, 1788389672.9847853, 1788389673.0665917, 1788389673.1551416, 1788389673.233186, 1788389673.3165717, 1788389673.399016, 1788389673.482914, 1788389673.563886, 1788389673.6489062, 1788389673.730784, 1788389673.8147125, 1788389673.9005144, 1788389673.9733868, 1788389674.048242, 1788389674.1255443, 1788389674.2003405, 1788389674.2777305, 1788389674.3526533, 1788389674.4296029, 1788389674.5041459, 1788389674.5851, 1788389674.6505427, 1788389674.7214446, 1788389674.7913032, 1788389674.8624659, 1788389674.9312394, 1788389675.00338, 1788389675.0730848, 1788389675.1443725, 1788389675.214238, 1788389675.2853699, 1788389675.3571527, 1788389675.4257357, 1788389675.4911406, 1788389675.5574503, 1788389675.622968, 1788389675.689643, 1788389675.7551916, 1788389675.8222768, 1788389675.888075, 1788389675.954943, 1788389676.020463, 1788389676.0869732, 1788389676.1526382, 1788389676.2188733, 1788389676.284446, 1788389676.351432, 1788389676.4320557, 1788389676.507512, 1788389676.5553775, 1788389676.6169655, 1788389676.9576223, 1788389676.985513, 1788389677.0591836, 1788389677.1335158, 1788389677.20601, 1788389677.280601, 1788389677.3564043]","[1, 3, 3, 2, 3, 2, 1, 3, 1, 2, 2, 7, 4, 3, 7, 2, 2, 6, 9, 4, 1, 1, 3, 9, 4, 1, 6, 1, 4, 5, 4, 9, 1, 4, 4, 2, 5, 4, 2, 2, 5, 9, 6, 3, 6, 2, 3, 3, 2, 6, 1, 9, 2, 2, 2, 2, 6, 7, 4, 9, 9, 5, 4, 3, 1, 3, 2, 1, 3, 4, 2, 3, 6, 3, 6, 2, 2, 2, 2, 4, 3, 1, 4, 7, 3, 4, 5, 1, 1, 3, 8, 3, 1, 1, 9, 2, 5, 5, 1, 2, 9]"
User-031,1,trace_0624,1788389677.5008307,streaming,23038,1251,1251,354,5,3.5365774631500244,98.86102867126465,0.0762595609664917,17.0,0,True,,1788389578.6396766,1788389582.176254,1788389677.5007052,"[1788389582.176254, 1788389582.2080202, 1788389582.2619238, 1788389582.3559556, 1788389582.4004638, 1788389583.1646235, 1788389583.9569669, 1788389584.7773051, 1788389585.621331, 1788389586.5042858, 1788389587.4455347, 1788389588.186197, 1788389588.820035, 1788389589.3764904, 1788389589.987372, 1788389590.6338375, 1788389591.282875, 1788389591.9647026, 1788389592.6754816, 1788389593.4126832, 1788389594.1741118, 1788389594.9640875, 1788389595.5712655, 1788389596.1341875, 1788389596.7463336, 1788389597.3855133, 1788389598.0485566, 1788389598.735105, 1788389599.4123235, 1788389599.9670048, 1788389600.5678747, 1788389601.211077, 1788389601.8399963, 1788389602.5102236, 1788389603.2094476, 1788389603.9319258, 1788389604.6836944, 1788389605.3758256, 1788389605.9296978, 1788389606.5322711, 1788389607.1646216, 1788389607.8128831, 1788389608.4879556, 1788389609.185499, 1788389609.9155717, 1788389610.6696172, 1788389611.4486287, 1788389612.252157, 1788389613.0743117, 1788389613.7617922, 1788389613.7721777, 1788389613.8636398, 1788389613.9546058, 1788389614.042881, 1788389614.1338537, 1788389614.2233875, 1788389614.3140144, 1788389614.403045, 1788389614.4933515, 1788389614.5824718, 1788389614.6745186, 1788389614.7621665, 1788389614.8567467, 1788389614.942006, 1788389615.031387, 1788389615.1187756, 1788389615.2082958, 1788389615.2958865, 1788389615.3866837, 1788389615.4727323, 1788389615.5620294, 1788389615.6496744, 1788389615.7394345, 1788389615.8264139, 1788389615.916258, 1788389616.003878, 1788389616.093177, 1788389616.1806662, 1788389616.2702491, 1788389616.3579214, 1788389616.4474156, 1788389616.534831, 1788389616.6244767, 1788389616.712071, 1788389616.8013186, 1788389616.888711, 1788389616.9807503, 1788389617.0658965, 1788389617.1519196, 1788389617.2362216, 1788389617.3255162, 1788389617.4050872, 1788389617.4894373, 1788389617.5705414, 1788389617.6534424, 1788389617.7349257, 1788389617.8181143, 1788389617.8989732, 1788389617.981763, 1788389618.0628216, 1788389618.1483586, 1788389618.2261305, 1788389618.306943, 1788389618.3979907, 1788389618.4708748, 1788389618.5499117, 1788389619.0325325, 1788389619.0893233, 1788389619.1713583, 1788389619.2564068, 1788389619.3353355, 1788389619.4161055, 1788389619.4951818, 1788389619.5756743, 1788389619.6542845, 1788389619.734874, 1788389619.813897, 1788389619.8943408, 1788389619.973214, 1788389620.0541043, 1788389620.1329427, 1788389620.2133453, 1788389620.2924085, 1788389620.372784, 1788389620.4521425, 1788389620.5335517, 1788389620.6158607, 1788389620.6921608, 1788389620.8897746, 1788389620.9329047, 1788389621.0151007, 1788389621.0999348, 1788389621.1783743, 1788389621.2597535, 1788389621.3382418, 1788389621.4190178, 1788389621.49782, 1788389621.5786698, 1788389621.657422, 1788389621.7434175, 1788389621.8166718, 1788389621.8944974, 1788389621.9705136, 1788389622.0480645, 1788389622.1239169, 1788389622.201175, 1788389622.2770774, 1788389622.3545122, 1788389622.4302974, 1788389622.5077033, 1788389622.584028, 1788389622.6632469, 1788389622.73613, 1788389622.809661, 1788389622.88311, 1788389622.955239, 1788389623.028146, 1788389623.1023042, 1788389623.225947, 1788389623.2484367, 1788389623.3250885, 1788389623.398071, 1788389623.968901, 1788389624.5632107, 1788389625.2480228, 1788389625.8358715, 1788389626.5016234, 1788389627.1956067, 1788389627.9229298, 1788389628.6755419, 1788389629.4464028, 1788389630.1837263, 1788389630.9777012, 1788389631.8290777, 1788389632.6019082, 1788389633.3759716, 1788389634.188707, 1788389635.0120676, 1788389635.7091851, 1788389636.2468684, 1788389636.8300905, 1788389637.449451, 1788389638.0908654, 1788389638.7535992, 1788389639.3285997, 1788389639.3688035, 1788389639.7201686, 1788389639.7842288, 1788389640.290764, 1788389640.3607543, 1788389640.458849, 1788389640.5599828, 1788389640.6561084, 1788389640.7482965, 1788389640.8414998, 1788389640.9333508, 1788389641.0260787, 1788389641.1183238, 1788389641.2090545, 1788389641.3023124, 1788389641.3952198, 1788389641.4874692, 1788389641.5799973, 1788389641.6721685, 1788389641.765545, 1788389641.8606002, 1788389641.948569, 1788389642.0420053, 1788389642.1303408, 1788389642.2207317, 1788389642.3098211, 1788389642.401613, 1788389642.490614, 1788389642.5816574, 1788389642.6728308, 1788389642.7649066, 1788389642.8468628, 1788389642.9337595, 1788389643.0184932, 1788389643.10522, 1788389643.191699, 1788389643.2734373, 1788389643.3549674, 1788389643.4386022, 1788389643.5197506, 1788389643.6032336, 1788389643.6850185, 1788389643.7681375, 1788389643.849568, 1788389643.9361308, 1788389644.0159283, 1788389644.093628, 1788389644.1680474, 1788389644.243393, 1788389644.3178468, 1788389644.393138, 1788389644.4678833, 1788389644.5456238, 1788389644.6168249, 1788389644.7020142, 1788389644.7608454, 1788389644.835626, 1788389644.903308, 1788389645.197059, 1788389645.245901, 1788389645.3208437, 1788389645.3967042, 1788389645.4712105, 1788389645.5457978, 1788389645.6202734, 1788389645.6960268, 1788389645.770309, 1788389645.845809, 1788389645.9202087, 1788389645.9960818, 1788389646.0701506, 1788389646.146122, 1788389646.2202485, 1788389646.295772, 1788389646.3706548, 1788389646.4460838, 1788389646.522607, 1788389646.5960329, 1788389646.6664577, 1788389646.7631903, 1788389646.8137076, 1788389646.8807888, 1788389647.0241914, 1788389647.077198, 1788389647.158963, 1788389647.2283416, 1788389647.4386547, 1788389647.4933963, 1788389647.5714443, 1788389647.650526, 1788389647.7279959, 1788389647.8074167, 1788389647.8845642, 1788389648.011278, 1788389648.0419598, 1788389648.1252706, 1788389648.1983492, 1788389648.400129, 1788389648.439526, 1788389648.6501534, 1788389648.7129989, 1788389648.7998931, 1788389648.8763645, 1788389648.9614322, 1788389649.0785515, 1788389649.8729582, 1788389650.7445958, 1788389651.2738411, 1788389651.865506, 1788389652.48, 1788389653.122424, 1788389653.786567, 1788389654.4753323, 1788389655.1929147, 1788389655.9636357, 1788389656.5977702, 1788389657.152729, 1788389657.7610052, 1788389658.3987963, 1788389659.0552807, 1788389659.739614, 1788389660.4495566, 1788389661.1861398, 1788389661.974019, 1788389662.5185823, 1788389663.1108184, 1788389663.7288506, 1788389664.373368, 1788389665.0830836, 1788389665.7838771, 1788389666.5317867, 1788389667.3285983, 1788389668.1429074, 1788389668.9479187, 1788389668.9483173, 1788389669.204015, 1788389669.2447832, 1788389669.339895, 1788389669.4264224, 1788389669.7162483, 1788389669.7924943, 1788389669.888691, 1788389669.9879215, 1788389670.0814579, 1788389670.1729321, 1788389670.2627842, 1788389670.3539484, 1788389670.4438434, 1788389670.5354197, 1788389670.6252785, 1788389670.7161202, 1788389670.8063014, 1788389670.8974812, 1788389670.9895885, 1788389671.0785642, 1788389671.1662369, 1788389671.2566326, 1788389671.34364, 1788389671.4336832, 1788389671.5211833, 1788389671.6103764, 1788389671.698091, 1788389671.7877288, 1788389671.8742414, 1788389671.9650254, 1788389672.0556288, 1788389672.1396012, 1788389672.2245471, 1788389672.3124187, 1788389672.3986752, 1788389672.4846203, 1788389672.56681, 1788389672.6510286, 1788389672.733304, 1788389672.817138, 1788389672.8985875, 1788389672.983289, 1788389673.0650477, 1788389673.1535745, 1788389673.2315183, 1788389673.3150253, 1788389673.3974042, 1788389673.4813952, 1788389673.5625646, 1788389673.6473587, 1788389673.7292616, 1788389673.813185, 1788389673.8985462, 1788389673.9723463, 1788389674.0472229, 1788389674.1245177, 1788389674.1993134, 1788389674.2767076, 1788389674.3516347, 1788389674.4285789, 1788389674.5031285, 1788389674.5840597, 1788389674.6495054, 1788389674.7204208, 1788389674.7902532, 1788389674.8614168, 1788389674.9304423, 1788389675.0023012, 1788389675.0720634, 1788389675.14332, 1788389675.2132099, 1788389675.2843297, 1788389675.3561337, 1788389675.4247122, 1788389675.4900498, 1788389675.5564172, 1788389675.6219058, 1788389675.68862, 1788389675.7541046, 1788389675.8212538, 1788389675.88702, 1788389675.953852, 1788389676.0194213, 1788389676.0858853, 1788389676.1516151, 1788389676.2178164, 1788389676.2834163, 1788389676.3503852, 1788389676.4315722, 1788389676.5070288, 1788389676.554223, 1788389676.6157434, 1788389676.9549706, 1788389676.9835339, 1788389677.057063, 1788389677.131438, 1788389677.203943, 1788389677.2785063, 1788389677.3541913, 1788389677.4259675, 1788389677.498483]","[1, 7, 9, 4, 1, 2, 3, 3, 1, 3, 3, 7, 4, 2, 4, 9, 2, 5, 2, 2, 2, 4, 5, 1, 3, 1, 2, 7, 3, 2, 6, 3, 2, 6, 3, 1, 1, 2, 4, 1, 2, 4, 2, 2, 2, 1, 1, 2, 1, 8, 2, 5, 2, 2, 2, 1, 3, 2, 3, 1, 1, 4, 5, 1, 3, 1, 3, 8, 1, 1, 5, 7, 9, 2, 1, 1, 2, 1, 3, 2, 9, 9, 4, 2, 2, 1, 5, 1, 8, 2, 3, 3, 2, 2, 6, 2, 9, 3, 5, 2, 6, 3, 1, 3, 2, 3, 5, 5, 1, 1, 9, 5, 1, 4, 2, 1, 3, 1, 1, 7, 5, 3, 1, 2, 3, 1, 7, 9, 1, 4, 3, 1, 1, 1, 6, 1, 3, 3, 2, 1, 5, 7, 3, 1, 1, 2, 2, 2, 4, 3, 1, 2, 1, 9, 6, 6, 1, 2, 2, 7, 5, 3, 1, 1, 2, 3, 7, 5, 2, 2, 1, 9, 2, 5, 1, 3, 7, 1, 2, 3, 3, 1, 2, 1, 2, 3, 1, 1, 2, 2, 5, 2, 6, 1, 3, 2, 3, 2, 3, 2, 5, 4, 3, 8, 4, 4, 1, 1, 1, 1, 2, 4, 5, 1, 3, 1, 1, 1, 1, 1, 3, 1, 1, 9, 3, 4, 2, 2, 8, 3, 2, 1, 1, 1, 9, 4, 3, 2, 4, 2, 4, 3, 5, 2, 3, 1, 3, 4, 2, 7, 3, 3, 1, 1, 2, 2, 2, 2, 2, 1, 3, 2, 2, 1, 1, 1, 3, 1, 3, 2, 1, 9, 1, 1, 5, 2, 1, 5, 2, 3, 1, 1, 3, 4, 4, 6, 2, 3, 1, 7, 1, 8, 5, 2, 1, 1, 2, 3, 3, 2, 2, 9, 1, 1, 3, 3, 1, 3, 1, 2, 1, 4, 2, 2, 1, 5, 4, 6, 3, 1, 2, 3, 1, 2, 4, 4, 3, 7, 2, 1, 2, 3, 1, 2, 3, 9, 5, 3, 1, 5, 5, 7, 5, 2, 2, 7, 1, 3, 5, 6, 3, 2, 2, 1, 4, 3, 1, 1, 6, 1, 3, 4, 2, 1, 5, 3, 3, 1, 7, 1, 1, 1, 3, 1, 3, 3, 1, 1, 4, 4, 1, 1, 3, 2, 2, 6, 2, 3, 1, 2, 2, 4, 1, 1, 4, 6, 1, 2, 2, 2, 2, 2, 2, 3, 2, 1, 2, 2, 1, 2, 4, 1, 3, 8, 1, 9, 2, 2, 4, 9, 2]"
User-036,2,trace_0615,1788389677.5712497,streaming,24723,343,343,376,9,3.9630303382873535,24.937458515167236,0.061328737359297905,11.0,0,True,,1788389652.633716,1788389656.5967464,1788389677.5711746,"[1788389656.5967464, 1788389657.1516614, 1788389657.759806, 1788389658.3974216, 1788389659.0540943, 1788389659.7383864, 1788389660.4483573, 1788389661.1849468, 1788389661.972012, 1788389662.5168972, 1788389663.1089942, 1788389663.7271645, 1788389664.3716788, 1788389665.0823503, 1788389665.7822218, 1788389666.5301049, 1788389667.3269358, 1788389668.141095, 1788389668.944966, 1788389668.9453845, 1788389669.2032788, 1788389669.2430632, 1788389669.3381493, 1788389669.4247684, 1788389669.71471, 1788389669.790862, 1788389669.8870938, 1788389669.986034, 1788389670.0798554, 1788389670.1713874, 1788389670.2611825, 1788389670.3523893, 1788389670.4422555, 1788389670.5338123, 1788389670.6237168, 1788389670.7145212, 1788389670.804768, 1788389670.89594, 1788389670.9878223, 1788389671.0769482, 1788389671.1645138, 1788389671.2548907, 1788389671.3419244, 1788389671.431934, 1788389671.5194714, 1788389671.6086152, 1788389671.6963606, 1788389671.785929, 1788389671.873011, 1788389671.9632728, 1788389672.0537968, 1788389672.137843, 1788389672.2228234, 1788389672.3108633, 1788389672.3969567, 1788389672.4828916, 1788389672.5650594, 1788389672.6492722, 1788389672.7316136, 1788389672.8154364, 1788389672.8972735, 1788389672.9815214, 1788389673.0633333, 1788389673.1516929, 1788389673.2297835, 1788389673.3132873, 1788389673.3957353, 1788389673.479685, 1788389673.5612502, 1788389673.6456537, 1788389673.7275321, 1788389673.8114552, 1788389673.8967643, 1788389673.9705904, 1788389674.0454907, 1788389674.1227856, 1788389674.1975508, 1788389674.2749782, 1788389674.3498886, 1788389674.4269001, 1788389674.5014567, 1788389674.582029, 1788389674.6482792, 1788389674.7192652, 1788389674.7890806, 1788389674.8602514, 1788389674.9295847, 1788389675.0011096, 1788389675.0708864, 1788389675.142123, 1788389675.2119994, 1788389675.283131, 1788389675.3549876, 1788389675.4235823, 1788389675.4889138, 1788389675.5552807, 1788389675.6207457, 1788389675.6874626, 1788389675.752967, 1788389675.820088, 1788389675.8857923, 1788389675.952699, 1788389676.0182273, 1788389676.0847194, 1788389676.15046, 1788389676.216699, 1788389676.2822516, 1788389676.349264, 1788389676.4310608, 1788389676.5064967, 1788389676.5531645, 1788389676.614656, 1788389676.953826, 1788389676.982425, 1788389677.056032, 1788389677.130375, 1788389677.2029142, 1788389677.2774858, 1788389677.353126, 1788389677.424898, 1788389677.497443, 1788389677.568465]","[1, 2, 2, 1, 1, 3, 4, 1, 2, 1, 1, 1, 3, 1, 3, 1, 1, 2, 4, 3, 2, 3, 1, 2, 1, 3, 2, 2, 6, 3, 3, 3, 1, 2, 1, 2, 1, 2, 4, 5, 4, 2, 3, 6, 1, 5, 1, 5, 3, 4, 9, 6, 2, 5, 2, 2, 3, 4, 3, 6, 7, 1, 2, 6, 1, 2, 3, 4, 4, 1, 5, 5, 5, 2, 3, 3, 4, 3, 3, 2, 2, 7, 2, 2, 2, 3, 1, 4, 2, 1, 5, 4, 1, 1, 1, 2, 1, 7, 1, 4, 6, 2, 9, 2, 1, 1, 2, 1, 3, 2, 4, 9, 3, 3, 2, 1, 1, 1, 2, 4, 1, 1]"
User-041,0,trace_0570,1788389678.6830995,streaming,18596,326,326,0,290,6.663441181182861,29.381497144699097,0.06990171065697304,0.0,0,True,,1788389649.3015213,1788389655.9649625,1788389678.6830184,"[1788389655.9649625, 1788389656.5988116, 1788389657.153811, 1788389657.7620509, 1788389658.3998392, 1788389659.056318, 1788389659.7406328, 1788389660.4506454, 1788389661.1872218, 1788389661.97505, 1788389662.5199885, 1788389663.1113358, 1788389663.7293704, 1788389664.3738778, 1788389665.0833316, 1788389665.78436, 1788389666.5323417, 1788389667.3291125, 1788389668.1434493, 1788389668.9488401, 1788389668.9492216, 1788389669.2042623, 1788389669.2453156, 1788389669.3403957, 1788389669.4269469, 1788389669.716759, 1788389669.7930245, 1788389669.8892214, 1788389669.9888542, 1788389670.0809512, 1788389670.1724348, 1788389670.2622285, 1788389670.353424, 1788389670.4433198, 1788389670.534889, 1788389670.6247644, 1788389670.7156076, 1788389670.805791, 1788389670.8969674, 1788389670.9888675, 1788389671.078036, 1788389671.1657352, 1788389671.256119, 1788389671.3431306, 1788389671.4331536, 1788389671.520682, 1788389671.6098652, 1788389671.6975822, 1788389671.7871962, 1788389671.873846, 1788389671.9645164, 1788389672.0551028, 1788389672.1390848, 1788389672.2240303, 1788389672.311909, 1788389672.3981605, 1788389672.484103, 1788389672.5662699, 1788389672.650516, 1788389672.7328029, 1788389672.816636, 1788389672.898204, 1788389672.9827073, 1788389673.0645318, 1788389673.153062, 1788389673.2310076, 1788389673.3144991, 1788389673.3969033, 1788389673.4808793, 1788389673.5621812, 1788389673.646852, 1788389673.72876, 1788389673.8126814, 1788389673.8980062, 1788389673.9718292, 1788389674.0466769, 1788389674.1239974, 1788389674.1988034, 1788389674.276197, 1788389674.3511224, 1788389674.4280696, 1788389674.5026143, 1788389674.5835447, 1788389674.648955, 1788389674.7198987, 1788389674.7897315, 1788389674.860896, 1788389674.9300563, 1788389675.0017738, 1788389675.07154, 1788389675.1427965, 1788389675.212665, 1788389675.2837777, 1788389675.355618, 1788389675.4241939, 1788389675.4895256, 1788389675.5559072, 1788389675.621387, 1788389675.6881027, 1788389675.7535899, 1788389675.8207078, 1788389675.886455, 1788389675.9533257, 1788389676.0188885, 1788389676.0853596, 1788389676.151103, 1788389676.2173038, 1788389676.2828987, 1788389676.3498695, 1788389676.4313083, 1788389676.5067663, 1788389676.5537012, 1788389676.6152396, 1788389676.954417, 1788389676.9830287, 1788389677.05655, 1788389677.1309214, 1788389677.2034364, 1788389677.278003, 1788389677.3536565, 1788389677.4254344, 1788389677.497958, 1788389677.5692406, 1788389677.6306481, 1788389677.696223, 1788389677.7615223, 1788389677.8273678, 1788389677.893182, 1788389677.9582443, 1788389678.024012, 1788389678.0894969, 1788389678.1550286, 1788389678.2206256, 1788389678.2858086, 1788389678.3513808, 1788389678.417363, 1788389678.4816399, 1788389678.5509415, 1788389678.6126041, 1788389678.6806564]","[1, 4, 2, 1, 2, 1, 1, 1, 2, 2, 2, 1, 3, 2, 5, 2, 2, 4, 2, 2, 1, 1, 2, 1, 1, 1, 1, 1, 3, 2, 1, 1, 3, 2, 5, 4, 1, 2, 3, 3, 4, 3, 2, 1, 3, 1, 1, 2, 3, 3, 3, 5, 2, 1, 1, 1, 2, 1, 1, 1, 1, 1, 9, 3, 1, 1, 2, 1, 1, 2, 1, 1, 1, 9, 3, 1, 1, 1, 1, 1, 1, 2, 1, 9, 2, 1, 2, 1, 2, 1, 1, 9, 5, 1, 2, 2, 1, 1, 1, 2, 9, 4, 3, 1, 3, 1, 1, 1, 1, 9, 5, 1, 1, 2, 2, 1, 1, 2, 1, 9, 3, 1, 1, 2, 2, 2, 9, 4, 1, 3, 3, 1, 9, 4, 2, 4, 2, 1, 1, 2]"
User-033,4,trace_0538,1788389678.8756294,streaming,12920,92,92,169,3,0.45441627502441406,2.37288761138916,0.021082102597414793,8.0,0,True,,1788389676.5027015,1788389676.9571178,1788389678.8755891,"[1788389676.9571178, 1788389676.9850292, 1788389677.058596, 1788389677.133009, 1788389677.2054846, 1788389677.2800746, 1788389677.3558254, 1788389677.427562, 1788389677.500301, 1788389677.570824, 1788389677.632232, 1788389677.6978178, 1788389677.7631161, 1788389677.8289483, 1788389677.894788, 1788389677.9598413, 1788389678.025656, 1788389678.091158, 1788389678.1567283, 1788389678.2222803, 1788389678.2875435, 1788389678.3530257, 1788389678.4190578, 1788389678.483303, 1788389678.552544, 1788389678.614266, 1788389678.6826847, 1788389678.744711, 1788389678.8135767, 1788389678.874943]","[1, 2, 6, 2, 4, 9, 7, 5, 4, 1, 9, 4, 1, 4, 1, 2, 1, 4, 2, 1, 4, 2, 3, 1, 1, 3, 2, 3, 1, 2]"
User-042,1,trace_0582,1788389687.891649,streaming,20508,96,96,317,2,0.35240912437438965,9.159428119659424,0.09270546310826351,8.0,0,True,,1788389678.7321436,1788389679.0845528,1788389687.8915718,"[1788389679.0845528, 1788389679.0847275, 1788389679.1303074, 1788389679.198443, 1788389679.2619781, 1788389679.826856, 1788389680.4227893, 1788389681.0435312, 1788389681.6898656, 1788389682.3606846, 1788389683.062821, 1788389683.8973992, 1788389684.65338, 1788389685.4899337, 1788389686.3559964, 1788389687.2750754, 1788389687.3795755, 1788389687.4472084, 1788389687.5345938, 1788389687.6226466, 1788389687.709205, 1788389687.797403, 1788389687.886409]","[1, 4, 2, 3, 4, 1, 2, 4, 7, 5, 7, 7, 7, 7, 9, 3, 2, 2, 2, 4, 7, 3, 3]"
User-039,1,trace_0220,1788389688.901698,streaming,12378,407,407,242,193,10.807527780532837,33.923479318618774,0.05693584122681265,36.0,0,True,,1788389654.9781442,1788389665.785672,1788389688.9016235,"[1788389665.785672, 1788389666.533382, 1788389667.3301578, 1788389668.1444867, 1788389668.9506173, 1788389668.9510157, 1788389669.2051013, 1788389669.2469578, 1788389669.341937, 1788389669.4285045, 1788389669.7182937, 1788389669.7946434, 1788389669.890837, 1788389669.9906068, 1788389670.0830781, 1788389670.1745431, 1788389670.2646005, 1788389670.3555992, 1788389670.4454632, 1788389670.536957, 1788389670.6269152, 1788389670.7177289, 1788389670.8078523, 1788389670.8990343, 1788389670.9913807, 1788389671.080224, 1788389671.167834, 1788389671.2581832, 1788389671.345176, 1788389671.4352577, 1788389671.5227637, 1788389671.6118279, 1788389671.6996787, 1788389671.7892895, 1788389671.8754387, 1788389671.9665911, 1788389672.0573592, 1788389672.1411278, 1788389672.2260711, 1788389672.3139908, 1788389672.400534, 1788389672.4856508, 1788389672.5678694, 1788389672.6520598, 1788389672.7343569, 1788389672.8181293, 1788389672.8993855, 1788389672.9842877, 1788389673.0660887, 1788389673.154601, 1788389673.2325964, 1788389673.3160453, 1788389673.3984525, 1788389673.482392, 1788389673.5633852, 1788389673.6483953, 1788389673.7302608, 1788389673.814191, 1788389673.8999856, 1788389673.9728482, 1788389674.047727, 1788389674.1250362, 1788389674.199833, 1788389674.2772079, 1788389674.3521454, 1788389674.4290829, 1788389674.503631, 1788389674.5845735, 1788389674.6500268, 1788389674.7209384, 1788389674.7907815, 1788389674.8619542, 1788389674.9308505, 1788389675.0028584, 1788389675.072574, 1788389675.143835, 1788389675.213726, 1788389675.2848523, 1788389675.356638, 1788389675.425229, 1788389675.4905791, 1788389675.55694, 1788389675.6224208, 1788389675.6891296, 1788389675.7546222, 1788389675.8217685, 1788389675.887551, 1788389675.9543638, 1788389676.0199287, 1788389676.0864153, 1788389676.1521184, 1788389676.2183168, 1788389676.2839348, 1788389676.3509219, 1788389676.4318197, 1788389676.5072737, 1788389676.5547767, 1788389676.6164384, 1788389676.955486, 1788389676.9840436, 1788389677.0575666, 1788389677.131994, 1788389677.2044573, 1788389677.2790544, 1788389677.3547628, 1788389677.426492, 1788389677.499277, 1788389677.569765, 1788389677.6312146, 1788389677.6967502, 1788389677.7620595, 1788389677.8279257, 1788389677.8937292, 1788389677.9587994, 1788389678.0246215, 1788389678.09011, 1788389678.1556718, 1788389678.2212539, 1788389678.2864292, 1788389678.351985, 1788389678.4179914, 1788389678.4822316, 1788389678.5514646, 1788389678.6132112, 1788389678.6816154, 1788389678.7442012, 1788389678.8125176, 1788389678.8738077, 1788389679.084968, 1788389679.0851882, 1788389679.1308432, 1788389679.1990108, 1788389679.2625089, 1788389679.8273776, 1788389680.4235, 1788389681.0440702, 1788389681.6904829, 1788389682.3612537, 1788389683.0633838, 1788389683.8979406, 1788389684.6539292, 1788389685.4904907, 1788389686.3565555, 1788389687.2755914, 1788389687.3800757, 1788389687.4477942, 1788389687.5351405, 1788389687.6232347, 1788389687.7097394, 1788389687.7979312, 1788389687.8872433, 1788389687.9719234, 1788389688.0546348, 1788389688.140081, 1788389688.222886, 1788389688.3079739, 1788389688.391142, 1788389688.4762917, 1788389688.5591664, 1788389688.6444, 1788389688.7275815, 1788389688.8128452, 1788389688.8972073]","[1, 6, 2, 2, 2, 1, 1, 1, 1, 3, 2, 4, 5, 5, 3, 1, 1, 9, 1, 1, 3, 2, 2, 2, 2, 2, 1, 2, 4, 2, 1, 1, 9, 4, 6, 2, 4, 1, 3, 1, 3, 1, 1, 3, 2, 1, 4, 1, 1, 1, 4, 5, 8, 1, 2, 1, 1, 2, 2, 5, 2, 3, 2, 4, 1, 3, 3, 3, 1, 1, 6, 2, 2, 1, 3, 4, 1, 3, 1, 3, 5, 2, 1, 1, 7, 2, 3, 4, 2, 2, 3, 3, 4, 1, 1, 2, 2, 2, 8, 1, 3, 2, 1, 3, 3, 1, 1, 3, 1, 6, 4, 1, 2, 4, 1, 1, 3, 4, 4, 2, 2, 1, 6, 1, 3, 1, 1, 3, 6, 1, 3, 1, 1, 4, 2, 1, 1, 5, 1, 8, 4, 3, 1, 1, 3, 2, 3, 1, 2, 1, 2, 3, 1, 1, 3, 1, 2, 2, 2, 1, 1, 1, 4]"
User-036,3,trace_0615,1788389690.522524,streaming,25128,133,133,385,6,6.5857789516448975,9.82879376411438,0.024568294033859715,11.0,0,True,,1788389680.6936555,1788389687.2794344,1788389690.5224493,"[1788389687.2794344, 1788389687.3830957, 1788389687.4507058, 1788389687.5383253, 1788389687.626371, 1788389687.7128909, 1788389687.8010721, 1788389687.8907068, 1788389687.975106, 1788389688.0578132, 1788389688.1432588, 1788389688.226034, 1788389688.3111155, 1788389688.3943284, 1788389688.4794614, 1788389688.5623271, 1788389688.6474435, 1788389688.7306952, 1788389688.8159106, 1788389688.900661, 1788389688.9801044, 1788389689.0627527, 1788389689.1445875, 1788389689.2244039, 1788389689.3065794, 1788389689.3860505, 1788389689.4683537, 1788389689.5481925, 1788389689.6301014, 1788389689.7101622, 1788389689.791735, 1788389689.8716629, 1788389689.953256, 1788389690.0335011, 1788389690.1151388, 1788389690.1948855, 1788389690.277193, 1788389690.3568578, 1788389690.4384336, 1788389690.5212667]","[1, 1, 3, 2, 2, 7, 5, 1, 2, 1, 7, 1, 9, 1, 2, 3, 6, 6, 4, 4, 8, 3, 2, 2, 9, 3, 2, 2, 3, 2, 2, 2, 3, 3, 1, 3, 1, 9, 4, 1]"
User-008,7,trace_0707,1788389690.6000998,streaming,23382,120,120,353,10,5.7852866649627686,9.108940839767456,0.027929867015165442,11.0,0,True,,1788389681.4911022,1788389687.276389,1788389690.600043,"[1788389687.276389, 1788389687.3805861, 1788389687.4482956, 1788389687.535672, 1788389687.6237488, 1788389687.710263, 1788389687.798432, 1788389687.887793, 1788389687.9724457, 1788389688.0551748, 1788389688.1406047, 1788389688.2234087, 1788389688.3084865, 1788389688.3916647, 1788389688.4768107, 1788389688.559684, 1788389688.6449192, 1788389688.7281084, 1788389688.8133583, 1788389688.8979783, 1788389688.9789715, 1788389689.060103, 1788389689.1419303, 1788389689.2217264, 1788389689.30397, 1788389689.3834786, 1788389689.4657352, 1788389689.5455735, 1788389689.6274781, 1788389689.707575, 1788389689.7891197, 1788389689.8690066, 1788389689.9506867, 1788389690.030867, 1788389690.1125624, 1788389690.1922903, 1788389690.2745628, 1788389690.3541884, 1788389690.435864, 1788389690.518638, 1788389690.5975826]","[1, 8, 2, 3, 3, 1, 3, 5, 2, 1, 2, 2, 1, 1, 3, 3, 3, 2, 1, 2, 1, 3, 6, 9, 1, 2, 3, 9, 6, 2, 1, 1, 1, 8, 2, 1, 4, 5, 3, 2, 1]"
User-034,3,trace_0164,1788389692.1125793,streaming,19967,200,200,292,19,4.7934770584106445,9.522084474563599,0.023761846312326404,12.0,0,True,,1788389682.5904055,1788389687.3838825,1788389692.11249,"[1788389687.3838825, 1788389687.4512, 1788389687.538843, 1788389687.6269002, 1788389687.7134418, 1788389687.8016162, 1788389687.8912282, 1788389687.975608, 1788389688.0583162, 1788389688.1438026, 1788389688.2265372, 1788389688.3116596, 1788389688.394867, 1788389688.4799745, 1788389688.5628989, 1788389688.6479893, 1788389688.7312443, 1788389688.8164296, 1788389688.9013097, 1788389688.9803495, 1788389689.0632908, 1788389689.1450942, 1788389689.2249296, 1788389689.3071327, 1788389689.3865771, 1788389689.468866, 1788389689.5486991, 1788389689.6306117, 1788389689.710679, 1788389689.7922356, 1788389689.872176, 1788389689.9537714, 1788389690.034028, 1788389690.115645, 1788389690.1954062, 1788389690.277694, 1788389690.3574114, 1788389690.438963, 1788389690.5220444, 1788389690.5997686, 1788389690.6724026, 1788389690.7480557, 1788389690.822673, 1788389690.8987467, 1788389690.9736168, 1788389691.0493283, 1788389691.1242883, 1788389691.2004135, 1788389691.274955, 1788389691.351033, 1788389691.425692, 1788389691.502091, 1788389691.576543, 1788389691.6526916, 1788389691.7274995, 1788389691.8035371, 1788389691.8785224, 1788389691.966945, 1788389692.031576, 1788389692.1117456]","[1, 2, 1, 1, 3, 1, 5, 7, 2, 1, 9, 1, 9, 3, 6, 3, 1, 5, 3, 4, 3, 2, 3, 5, 3, 2, 1, 2, 2, 3, 3, 4, 7, 3, 8, 2, 4, 1, 5, 6, 3, 1, 9, 2, 2, 1, 3, 7, 8, 1, 2, 3, 2, 3, 5, 5, 2, 2, 1, 1]"
User-038,2,trace_0661,1788389700.3491628,streaming,29418,263,263,328,131,7.115667819976807,20.1901273727417,0.04990251737696524,14.0,0,True,,1788389680.1588616,1788389687.2745295,1788389700.348989,"[1788389687.2745295, 1788389687.3789706, 1788389687.4466755, 1788389687.5340755, 1788389687.6221273, 1788389687.708689, 1788389687.7968428, 1788389687.8858526, 1788389687.9713597, 1788389688.0541112, 1788389688.1395314, 1788389688.222286, 1788389688.307466, 1788389688.3905602, 1788389688.4757392, 1788389688.5586128, 1788389688.6437473, 1788389688.7268806, 1788389688.8121204, 1788389688.896663, 1788389688.9786694, 1788389689.0594535, 1788389689.1412547, 1788389689.2210152, 1788389689.3033245, 1788389689.3828092, 1788389689.4650705, 1788389689.544898, 1788389689.6268015, 1788389689.7069242, 1788389689.7884583, 1788389689.8683326, 1788389689.9500208, 1788389690.0301583, 1788389690.1119049, 1788389690.1916423, 1788389690.2738912, 1788389690.3535376, 1788389690.4351966, 1788389690.5179408, 1788389690.5970757, 1788389690.6696048, 1788389690.745312, 1788389690.8199666, 1788389690.8960474, 1788389690.9708674, 1788389691.0466127, 1788389691.1215239, 1788389691.1976368, 1788389691.2722614, 1788389691.3482919, 1788389691.4230053, 1788389691.4994256, 1788389691.5737686, 1788389691.649915, 1788389691.7247462, 1788389691.800836, 1788389691.8758075, 1788389691.9656746, 1788389692.0288327, 1788389692.109105, 1788389692.173817, 1788389692.4901774, 1788389692.5358696, 1788389692.610994, 1788389692.6869125, 1788389692.7619452, 1788389692.8916407, 1788389692.9130223, 1788389692.9934304, 1788389693.0678782, 1788389693.633969, 1788389694.2271714, 1788389694.8459582, 1788389695.4940577, 1788389696.1581554, 1788389696.849392, 1788389697.5671227, 1788389698.3146093, 1788389699.0926185, 1788389699.8964975, 1788389700.292415, 1788389700.345277]","[1, 2, 2, 1, 1, 1, 7, 4, 5, 2, 5, 6, 1, 4, 5, 1, 1, 1, 9, 2, 1, 2, 5, 3, 1, 3, 3, 9, 2, 1, 2, 4, 3, 4, 2, 1, 4, 1, 5, 9, 2, 7, 1, 1, 2, 5, 1, 3, 3, 4, 9, 2, 1, 2, 8, 7, 4, 7, 4, 3, 1, 3, 3, 1, 9, 2, 1, 3, 2, 2, 3, 1, 2, 2, 3, 1, 3, 6, 3, 5, 3, 1, 1]"
User-042,2,trace_0582,1788389700.4995506,streaming,21198,75,75,319,11,0.5291342735290527,8.537495136260986,0.10822109273962073,11.0,0,True,,1788389691.9619815,1788389692.4911158,1788389700.4994767,"[1788389692.4911158, 1788389692.5363774, 1788389692.6115687, 1788389692.687446, 1788389692.7624652, 1788389692.891883, 1788389692.9136212, 1788389692.9940295, 1788389693.0684698, 1788389693.6346047, 1788389694.227704, 1788389694.8464844, 1788389695.4948843, 1788389696.1587, 1788389696.8499308, 1788389697.5677016, 1788389698.3151586, 1788389699.09316, 1788389699.897022, 1788389700.293013, 1788389700.3462086, 1788389700.4180667, 1788389700.4961226]","[1, 1, 3, 4, 4, 5, 4, 1, 3, 1, 1, 2, 1, 4, 4, 2, 4, 3, 3, 3, 3, 9, 9]"
User-025,10,trace_0588,1788389700.7224598,streaming,30779,332,332,473,2,7.053482532501221,20.497220754623413,0.040615523329674295,11.0,0,True,,1788389680.2251687,1788389687.2786512,1788389700.7223895,"[1788389687.2786512, 1788389687.382586, 1788389687.4502316, 1788389687.5378132, 1788389687.6258729, 1788389687.7123845, 1788389687.8005505, 1788389687.8900402, 1788389687.974521, 1788389688.057263, 1788389688.142668, 1788389688.2255077, 1788389688.3105571, 1788389688.393792, 1788389688.4789307, 1788389688.561765, 1788389688.6469288, 1788389688.7301478, 1788389688.8154035, 1788389688.9001155, 1788389688.9798782, 1788389689.0622065, 1788389689.1440814, 1788389689.2238915, 1788389689.306058, 1788389689.3855498, 1788389689.4678502, 1788389689.5476933, 1788389689.62959, 1788389689.7096338, 1788389689.7912216, 1788389689.8711152, 1788389689.952758, 1788389690.0329752, 1788389690.1146111, 1788389690.1943712, 1788389690.27669, 1788389690.3563097, 1788389690.4379375, 1788389690.5207238, 1788389690.5993767, 1788389690.6718934, 1788389690.7475314, 1788389690.8221629, 1788389690.8982317, 1788389690.9730682, 1788389691.0488153, 1788389691.1237576, 1788389691.1998782, 1788389691.2744288, 1788389691.3505085, 1788389691.425176, 1788389691.501588, 1788389691.5760343, 1788389691.6521702, 1788389691.7269647, 1788389691.8030267, 1788389691.8780124, 1788389691.9666622, 1788389692.031038, 1788389692.1111574, 1788389692.1761992, 1788389692.4931128, 1788389692.5383954, 1788389692.6136236, 1788389692.6895146, 1788389692.7645926, 1788389692.8928716, 1788389692.9157212, 1788389692.9960985, 1788389693.0705714, 1788389693.6368854, 1788389694.2300565, 1788389694.8486385, 1788389695.4971936, 1788389696.1612217, 1788389696.8520837, 1788389697.5697808, 1788389698.3172402, 1788389699.0952888, 1788389699.8992803, 1788389700.2949786, 1788389700.3482106, 1788389700.4202757, 1788389700.4985027, 1788389700.5703313, 1788389700.642001, 1788389700.72102]","[1, 7, 2, 6, 3, 9, 5, 9, 9, 9, 9, 9, 9, 9, 9, 9, 6, 8, 9, 5, 3, 6, 1, 1, 2, 1, 3, 1, 4, 2, 2, 3, 1, 3, 2, 1, 1, 4, 1, 4, 2, 1, 3, 1, 1, 6, 1, 6, 3, 2, 1, 1, 1, 2, 2, 3, 2, 1, 5, 1, 1, 3, 4, 3, 1, 8, 1, 1, 9, 9, 2, 3, 4, 3, 1, 2, 3, 4, 1, 1, 9, 9, 3, 1, 5, 5, 2, 1]"
User-007,10,trace_0398,1788389700.7222626,streaming,30075,262,262,460,7,4.8224358558654785,21.644505977630615,0.0644523759454603,11.0,0,True,,1788389679.0776615,1788389683.9000974,1788389700.7221675,"[1788389683.9000974, 1788389684.6555395, 1788389685.4921114, 1788389686.3581684, 1788389687.2778692, 1788389687.382102, 1788389687.4497585, 1788389687.5372612, 1788389687.6253753, 1788389687.7118819, 1788389687.799996, 1788389687.8895175, 1788389687.9739635, 1788389688.0567153, 1788389688.1421316, 1788389688.2249475, 1788389688.3099906, 1788389688.3931985, 1788389688.4783447, 1788389688.561205, 1788389688.6464202, 1788389688.7296412, 1788389688.8149054, 1788389688.8996112, 1788389688.9796572, 1788389689.0617006, 1788389689.1435573, 1788389689.223385, 1788389689.3055341, 1788389689.3850367, 1788389689.46734, 1788389689.5471778, 1788389689.6290882, 1788389689.7091217, 1788389689.7906883, 1788389689.8705733, 1788389689.9522488, 1788389690.032457, 1788389690.1141062, 1788389690.1938488, 1788389690.276178, 1788389690.3558075, 1788389690.4374413, 1788389690.5202153, 1788389690.5989892, 1788389690.6713905, 1788389690.7470222, 1788389690.8216474, 1788389690.8977196, 1788389690.9725692, 1788389691.0483215, 1788389691.1232421, 1788389691.199362, 1788389691.2739282, 1788389691.349987, 1788389691.4246638, 1788389691.501081, 1788389691.5755048, 1788389691.6516716, 1788389691.7264118, 1788389691.802483, 1788389691.8775098, 1788389691.9664214, 1788389692.0304418, 1788389692.1106098, 1788389692.1754332, 1788389692.4926145, 1788389692.5378962, 1788389692.613099, 1788389692.6889849, 1788389692.7640586, 1788389692.8926108, 1788389692.9151933, 1788389692.9955723, 1788389693.0700321, 1788389693.6363757, 1788389694.229377, 1788389694.8480847, 1788389695.4965448, 1788389696.1607056, 1788389696.8515675, 1788389697.5692692, 1788389698.3167264, 1788389699.094723, 1788389699.898687, 1788389700.2944896, 1788389700.3477235, 1788389700.419709, 1788389700.4979808, 1788389700.5698361, 1788389700.6414754, 1788389700.7202153]","[1, 1, 4, 2, 2, 3, 1, 2, 2, 3, 7, 7, 2, 2, 8, 1, 4, 7, 6, 2, 1, 4, 1, 1, 2, 4, 6, 4, 5, 4, 2, 4, 1, 1, 2, 2, 3, 2, 1, 6, 4, 3, 1, 3, 9, 1, 1, 3, 1, 1, 1, 4, 1, 3, 2, 3, 1, 3, 1, 3, 1, 1, 2, 2, 2, 2, 3, 1, 2, 3, 2, 1, 2, 1, 3, 1, 1, 2, 7, 1, 3, 4, 3, 1, 8, 1, 1, 9, 9, 2, 4, 5]"
User-043,0,trace_0052,1788389702.267468,streaming,15183,328,328,0,236,4.881659507751465,23.249754190444946,0.05617154337215132,0.0,0,True,,1788389679.0176518,1788389683.8993113,1788389702.267406,"[1788389683.8993113, 1788389684.6550183, 1788389685.4915986, 1788389686.357589, 1788389687.2773843, 1788389687.3816273, 1788389687.4492764, 1788389687.536734, 1788389687.6247907, 1788389687.711325, 1788389687.7994902, 1788389687.888854, 1788389687.9734635, 1788389688.0561934, 1788389688.1416373, 1788389688.2244399, 1788389688.3094847, 1788389688.3926828, 1788389688.4778435, 1788389688.5606964, 1788389688.6459234, 1788389688.7291405, 1788389688.8143952, 1788389688.8990781, 1788389688.9794207, 1788389689.061176, 1788389689.143046, 1788389689.2228796, 1788389689.3050117, 1788389689.384519, 1788389689.4668171, 1788389689.5466347, 1788389689.6285832, 1788389689.7086165, 1788389689.7901564, 1788389689.870076, 1788389689.951742, 1788389690.0319502, 1788389690.1135826, 1788389690.193326, 1788389690.2756503, 1788389690.3552983, 1788389690.43691, 1788389690.5197148, 1788389690.598567, 1788389690.6708577, 1788389690.7464974, 1788389690.821104, 1788389690.8972058, 1788389690.9720585, 1788389691.0478253, 1788389691.1227007, 1788389691.1988184, 1788389691.2734184, 1788389691.3494608, 1788389691.424156, 1788389691.5005624, 1788389691.5749674, 1788389691.6511464, 1788389691.725915, 1788389691.8019826, 1788389691.8770056, 1788389691.9661834, 1788389692.0299282, 1788389692.110118, 1788389692.174894, 1788389692.4921153, 1788389692.5374207, 1788389692.612592, 1788389692.688475, 1788389692.7635493, 1788389692.8923771, 1788389692.9146545, 1788389692.995069, 1788389693.069526, 1788389693.6358309, 1788389694.228843, 1788389694.847552, 1788389695.496005, 1788389696.1599884, 1788389696.851063, 1788389697.568744, 1788389698.316191, 1788389699.0941966, 1788389699.8981595, 1788389700.2940094, 1788389700.3472438, 1788389700.4191866, 1788389700.4974632, 1788389700.5693276, 1788389700.64095, 1788389700.7196918, 1788389700.7816908, 1788389700.846693, 1788389700.9109893, 1788389700.9755628, 1788389701.040046, 1788389701.1040661, 1788389701.168978, 1788389701.2331295, 1788389701.2977922, 1788389701.3619475, 1788389701.4264653, 1788389701.4911263, 1788389701.5551782, 1788389701.6195703, 1788389701.683472, 1788389701.7480314, 1788389701.8130512, 1788389701.8773775, 1788389701.9421327, 1788389702.0060356, 1788389702.0710855, 1788389702.1354537, 1788389702.19966, 1788389702.2662027]","[1, 4, 2, 1, 2, 1, 3, 5, 3, 1, 2, 5, 2, 5, 1, 3, 1, 3, 2, 3, 1, 2, 1, 3, 2, 3, 1, 1, 4, 3, 2, 4, 2, 2, 3, 1, 1, 1, 4, 2, 4, 2, 7, 1, 4, 3, 1, 5, 3, 2, 1, 2, 5, 2, 4, 2, 9, 3, 5, 2, 2, 3, 2, 1, 1, 2, 4, 1, 2, 2, 2, 2, 1, 1, 1, 9, 9, 4, 2, 3, 1, 4, 8, 3, 8, 1, 2, 2, 2, 1, 1, 2, 4, 2, 1, 2, 9, 8, 1, 2, 1, 3, 1, 5, 1, 3, 1, 2, 8, 9, 1, 4, 3, 2, 2, 4]"
User-040,0,trace_0278,1788389702.3317163,streaming,19520,1035,1035,0,304,6.222213506698608,79.10792541503906,0.07048908308350141,0.0,0,True,,1788389623.2235672,1788389629.4457808,1788389702.3314927,"[1788389629.4457808, 1788389630.1831212, 1788389630.9771018, 1788389631.8284357, 1788389632.6012146, 1788389633.3743382, 1788389634.187372, 1788389635.0107772, 1788389635.70587, 1788389636.2448819, 1788389636.828203, 1788389637.4475749, 1788389638.0890143, 1788389638.751802, 1788389639.3270268, 1788389639.3654177, 1788389639.7172232, 1788389639.7814374, 1788389640.2880962, 1788389640.3575575, 1788389640.4567246, 1788389640.5571892, 1788389640.6530144, 1788389640.745447, 1788389640.8386607, 1788389640.9302297, 1788389641.0233178, 1788389641.1151907, 1788389641.2077203, 1788389641.2994463, 1788389641.3925118, 1788389641.484493, 1788389641.577277, 1788389641.669151, 1788389641.7626445, 1788389641.8576217, 1788389641.9457176, 1788389642.0375576, 1788389642.1274445, 1788389642.2177963, 1788389642.3069732, 1788389642.3986957, 1788389642.4877293, 1788389642.5788553, 1788389642.6695032, 1788389642.7625208, 1788389642.8445816, 1788389642.9314508, 1788389643.0161102, 1788389643.1029184, 1788389643.1893575, 1788389643.2711232, 1788389643.3526204, 1788389643.43626, 1788389643.5174527, 1788389643.6009004, 1788389643.682651, 1788389643.7658143, 1788389643.8473396, 1788389643.9338098, 1788389644.0135639, 1788389644.0913515, 1788389644.1656618, 1788389644.2411447, 1788389644.3155951, 1788389644.3908992, 1788389644.4655735, 1788389644.5432105, 1788389644.6145067, 1788389644.700933, 1788389644.7585804, 1788389644.833322, 1788389644.9010346, 1788389645.1947138, 1788389645.2436106, 1788389645.3185158, 1788389645.3943357, 1788389645.468828, 1788389645.543514, 1788389645.6179733, 1788389645.6937037, 1788389645.767991, 1788389645.843549, 1788389645.9178703, 1788389645.9937239, 1788389646.0678551, 1788389646.143796, 1788389646.2179337, 1788389646.2934542, 1788389646.3682537, 1788389646.443736, 1788389646.5202513, 1788389646.5937645, 1788389646.6641319, 1788389646.7620473, 1788389646.8114262, 1788389646.87848, 1788389647.0219529, 1788389647.0759344, 1788389647.1566226, 1788389647.226015, 1788389647.4354384, 1788389647.490693, 1788389647.5686114, 1788389647.6476834, 1788389647.7251904, 1788389647.8045182, 1788389647.8817225, 1788389648.0099144, 1788389648.0391498, 1788389648.122363, 1788389648.1954527, 1788389648.3971775, 1788389648.436886, 1788389648.6473696, 1788389648.7102633, 1788389648.7967167, 1788389648.875619, 1788389648.9596999, 1788389649.0777607, 1788389649.8711634, 1788389650.742872, 1788389651.272152, 1788389651.863534, 1788389652.4788246, 1788389653.121158, 1788389653.7854018, 1788389654.4740927, 1788389655.191805, 1788389655.9624305, 1788389656.5957506, 1788389657.1509154, 1788389657.759167, 1788389658.3968184, 1788389659.0534687, 1788389659.7377503, 1788389660.4476278, 1788389661.1843143, 1788389661.971306, 1788389662.5162876, 1788389663.1083887, 1788389663.72649, 1788389664.3710666, 1788389665.081999, 1788389665.781601, 1788389666.5294845, 1788389667.3262668, 1788389668.1404865, 1788389668.943196, 1788389668.9556527, 1788389669.2026715, 1788389669.2418342, 1788389669.3367853, 1788389669.42365, 1788389669.7134163, 1788389669.7895687, 1788389669.8858206, 1788389669.9848027, 1788389670.078543, 1788389670.1700985, 1788389670.25995, 1788389670.351164, 1788389670.4410348, 1788389670.5325587, 1788389670.6224668, 1788389670.7133079, 1788389670.8035295, 1788389670.894663, 1788389670.9865634, 1788389671.0756977, 1788389671.163354, 1788389671.2536952, 1788389671.3407826, 1788389671.4308023, 1788389671.5182636, 1788389671.6074119, 1788389671.6951823, 1788389671.7847528, 1788389671.8719501, 1788389671.9620879, 1788389672.0526597, 1788389672.1367013, 1788389672.2216227, 1788389672.3096044, 1788389672.3957977, 1788389672.4817047, 1788389672.563893, 1788389672.6481106, 1788389672.7303848, 1788389672.8142352, 1788389672.8963861, 1788389672.9803202, 1788389673.0621402, 1788389673.146042, 1788389673.2285802, 1788389673.3121612, 1788389673.394555, 1788389673.4784925, 1788389673.5603445, 1788389673.64449, 1788389673.7263007, 1788389673.8102279, 1788389673.8955808, 1788389673.969397, 1788389674.044321, 1788389674.1215808, 1788389674.1963615, 1788389674.2737446, 1788389674.3487074, 1788389674.4256723, 1788389674.500271, 1788389674.5808308, 1788389674.64708, 1788389674.7180514, 1788389674.7878754, 1788389674.859074, 1788389674.9286392, 1788389674.999936, 1788389675.0697057, 1788389675.14098, 1788389675.210846, 1788389675.28193, 1788389675.353769, 1788389675.422326, 1788389675.487717, 1788389675.554059, 1788389675.6195931, 1788389675.6862733, 1788389675.7517786, 1788389675.818952, 1788389675.8846161, 1788389675.9515095, 1788389676.0170453, 1788389676.0835295, 1788389676.1492882, 1788389676.2155502, 1788389676.281137, 1788389676.348095, 1788389676.430455, 1788389676.5059109, 1788389676.5519316, 1788389676.613451, 1788389676.952577, 1788389676.981317, 1788389677.0547967, 1788389677.1291015, 1788389677.2016256, 1788389677.276239, 1788389677.351845, 1788389677.423659, 1788389677.4961748, 1788389677.5678384, 1788389677.6300523, 1788389677.695624, 1788389677.760911, 1788389677.8267663, 1788389677.8925228, 1788389677.9576333, 1788389678.0234783, 1788389678.0889368, 1788389678.1544335, 1788389678.2200916, 1788389678.285271, 1788389678.3508377, 1788389678.4168005, 1788389678.4810808, 1788389678.5503676, 1788389678.6120758, 1788389678.6801012, 1788389678.7439077, 1788389678.811951, 1788389678.873294, 1788389679.0839777, 1788389679.0841625, 1788389679.129749, 1788389679.1979246, 1788389679.2614462, 1788389679.826, 1788389680.422141, 1788389681.0429697, 1788389681.6892576, 1788389682.360093, 1788389683.0622275, 1788389683.8967912, 1788389684.6527815, 1788389685.489239, 1788389686.355173, 1788389687.2735744, 1788389687.378412, 1788389687.4461687, 1788389687.5334349, 1788389687.621501, 1788389687.7080693, 1788389687.7962124, 1788389687.8851762, 1788389687.970711, 1788389688.0534701, 1788389688.1388946, 1788389688.221655, 1788389688.3068495, 1788389688.3899026, 1788389688.4750903, 1788389688.5579855, 1788389688.6431997, 1788389688.726287, 1788389688.8115504, 1788389688.8961024, 1788389688.9784129, 1788389689.058909, 1788389689.1407082, 1788389689.2204657, 1788389689.302767, 1788389689.3822231, 1788389689.464516, 1788389689.5443285, 1788389689.6262233, 1788389689.70634, 1788389689.7879012, 1788389689.8677883, 1788389689.949454, 1788389690.0296133, 1788389690.1113393, 1788389690.1910987, 1788389690.2733495, 1788389690.3529885, 1788389690.4346187, 1788389690.5173914, 1788389690.5966535, 1788389690.6690483, 1788389690.7447693, 1788389690.8194253, 1788389690.8955028, 1788389690.9702795, 1788389691.0460732, 1788389691.1209733, 1788389691.1970904, 1788389691.27172, 1788389691.347747, 1788389691.4224381, 1788389691.498874, 1788389691.573216, 1788389691.6493542, 1788389691.7241879, 1788389691.8002982, 1788389691.87526, 1788389691.965417, 1788389692.0283058, 1788389692.1085768, 1788389692.1732798, 1788389692.48965, 1788389692.5353408, 1788389692.6103473, 1788389692.686274, 1788389692.7612991, 1788389692.8913894, 1788389692.9124534, 1788389692.9928672, 1788389693.0673444, 1788389693.6333394, 1788389694.226321, 1788389694.845332, 1788389695.4900758, 1788389696.157486, 1788389696.8487515, 1788389697.5664568, 1788389698.313991, 1788389699.0920093, 1788389699.8959675, 1788389700.2918935, 1788389700.3447056, 1788389700.4174452, 1788389700.4954891, 1788389700.5681553, 1788389700.6397724, 1788389700.7185273, 1788389700.7805505, 1788389700.845549, 1788389700.9098256, 1788389700.9743896, 1788389701.0386634, 1788389701.1029491, 1788389701.1678598, 1788389701.2320058, 1788389701.29669, 1788389701.3608336, 1788389701.4253285, 1788389701.4899597, 1788389701.5539596, 1788389701.6183522, 1788389701.682308, 1788389701.7468731, 1788389701.811882, 1788389701.8762224, 1788389701.9409802, 1788389702.0048907, 1788389702.0698504, 1788389702.134245, 1788389702.1984477, 1788389702.2650173, 1788389702.3297026]","[1, 1, 1, 4, 4, 1, 3, 1, 1, 1, 2, 2, 3, 4, 1, 1, 2, 1, 1, 1, 2, 1, 4, 2, 1, 3, 4, 2, 3, 3, 1, 2, 2, 2, 4, 1, 3, 2, 2, 2, 1, 3, 1, 1, 3, 8, 2, 2, 2, 2, 8, 3, 3, 1, 4, 2, 4, 2, 3, 4, 3, 6, 3, 3, 1, 4, 2, 3, 3, 2, 2, 1, 1, 1, 2, 3, 7, 5, 1, 5, 1, 5, 1, 5, 1, 3, 3, 1, 2, 9, 1, 3, 1, 2, 1, 2, 4, 2, 2, 2, 1, 2, 1, 2, 4, 1, 1, 1, 7, 3, 5, 6, 7, 2, 1, 1, 1, 1, 1, 5, 2, 5, 1, 2, 2, 1, 2, 2, 2, 3, 3, 4, 6, 1, 3, 2, 3, 6, 4, 3, 3, 4, 2, 4, 1, 3, 5, 1, 2, 1, 3, 6, 3, 1, 1, 1, 1, 1, 5, 1, 2, 2, 2, 5, 2, 1, 1, 2, 1, 1, 1, 3, 1, 1, 2, 1, 2, 6, 2, 2, 1, 2, 3, 9, 1, 2, 1, 2, 1, 6, 3, 4, 1, 1, 3, 2, 2, 5, 3, 1, 1, 1, 4, 5, 1, 1, 1, 3, 7, 3, 2, 2, 2, 2, 3, 3, 3, 3, 2, 1, 2, 1, 4, 6, 6, 4, 2, 1, 1, 3, 1, 2, 3, 3, 3, 2, 2, 2, 2, 1, 1, 1, 2, 1, 2, 1, 1, 2, 6, 1, 3, 2, 1, 2, 4, 1, 9, 2, 1, 6, 3, 1, 1, 2, 4, 5, 2, 1, 1, 3, 8, 1, 3, 1, 3, 1, 2, 2, 6, 2, 1, 1, 1, 3, 2, 4, 2, 2, 3, 1, 2, 1, 1, 1, 3, 2, 4, 4, 2, 2, 7, 4, 2, 7, 3, 2, 2, 9, 2, 1, 3, 2, 3, 3, 6, 2, 3, 2, 1, 6, 2, 6, 2, 1, 2, 2, 1, 3, 5, 1, 1, 1, 5, 2, 1, 3, 2, 3, 2, 3, 1, 6, 3, 1, 1, 3, 2, 1, 2, 2, 3, 3, 1, 5, 2, 2, 8, 5, 3, 7, 3, 4, 7, 1, 2, 2, 2, 1, 3, 7, 1, 1, 4, 2, 1, 3, 1, 7, 3, 1, 1, 2, 1, 1, 1, 2, 3, 2, 4, 1, 1, 7, 3, 1, 4, 6, 8, 3, 2, 1]"
User-044,0,trace_0272,1788389707.196625,streaming,24544,315,315,0,383,7.407350301742554,14.308067798614502,0.021976807314878815,0.0,0,True,,1788389692.8884435,1788389700.2957938,1788389707.1965113,"[1788389700.2957938, 1788389700.3487055, 1788389700.4207957, 1788389700.4991827, 1788389700.5709045, 1788389700.642505, 1788389700.7217689, 1788389700.7822168, 1788389700.8472493, 1788389700.9115047, 1788389700.976083, 1788389701.040594, 1788389701.1046007, 1788389701.169485, 1788389701.2336378, 1788389701.2983036, 1788389701.362471, 1788389701.427021, 1788389701.4916668, 1788389701.5556931, 1788389701.6201057, 1788389701.6839862, 1788389701.7485611, 1788389701.8135953, 1788389701.8779237, 1788389701.9426475, 1788389702.0065641, 1788389702.0716355, 1788389702.135999, 1788389702.2001727, 1788389702.2670286, 1788389702.331203, 1788389702.3923357, 1788389702.4573271, 1788389702.5216243, 1788389702.6046789, 1788389702.6513793, 1788389702.7204359, 1788389702.780777, 1788389703.018109, 1788389703.0516033, 1788389703.1148162, 1788389703.17954, 1788389703.2424438, 1788389703.306928, 1788389703.3699074, 1788389703.4335551, 1788389703.4964697, 1788389703.5602674, 1788389703.6231563, 1788389703.6885328, 1788389703.751079, 1788389703.8152506, 1788389703.8785174, 1788389703.9425182, 1788389704.005731, 1788389704.070144, 1788389704.1329603, 1788389704.197342, 1788389704.2604225, 1788389704.3249052, 1788389704.3879886, 1788389704.4522662, 1788389704.515154, 1788389704.5794501, 1788389704.6425455, 1788389704.7068405, 1788389704.7700372, 1788389704.8343673, 1788389704.8972986, 1788389704.961726, 1788389705.0247395, 1788389705.089273, 1788389705.1523674, 1788389705.2168384, 1788389705.2796052, 1788389705.344296, 1788389705.407276, 1788389705.4713333, 1788389705.534451, 1788389705.598902, 1788389705.6618304, 1788389705.726487, 1788389705.7900326, 1788389705.8537905, 1788389705.9168468, 1788389705.981282, 1788389706.044383, 1788389706.1089954, 1788389706.171989, 1788389706.236608, 1788389706.299498, 1788389706.364084, 1788389706.427303, 1788389706.4915164, 1788389706.55467, 1788389706.619236, 1788389706.68227, 1788389706.7468073, 1788389706.8100104, 1788389706.874624, 1788389706.9377797, 1788389707.0023594, 1788389707.065127, 1788389707.1295977, 1788389707.1958447]","[1, 1, 5, 2, 4, 2, 3, 1, 1, 3, 2, 8, 1, 2, 1, 2, 2, 4, 4, 2, 3, 1, 7, 1, 1, 2, 5, 4, 4, 2, 2, 2, 1, 1, 2, 2, 1, 3, 5, 1, 4, 3, 2, 1, 8, 1, 1, 1, 2, 1, 1, 2, 1, 1, 2, 4, 1, 3, 2, 4, 9, 1, 2, 1, 1, 1, 1, 2, 1, 1, 2, 7, 2, 3, 6, 1, 2, 9, 2, 6, 3, 2, 8, 9, 9, 1, 1, 1, 2, 1, 1, 9, 1, 2, 1, 2, 3, 1, 2, 1, 8, 7, 9, 9, 9, 7]"
User-036,4,trace_0615,1788389717.3254132,streaming,25572,556,556,391,7,0.4173915386199951,14.725096702575684,0.025779648944064305,15.0,0,True,,1788389702.6002142,1788389703.0176058,1788389717.325311,"[1788389703.0176058, 1788389703.0510674, 1788389703.1142673, 1788389703.1789806, 1788389703.2419074, 1788389703.306345, 1788389703.369367, 1788389703.4330192, 1788389703.4959204, 1788389703.559731, 1788389703.6225886, 1788389703.6879888, 1788389703.7505143, 1788389703.8147, 1788389703.8779678, 1788389703.9419997, 1788389704.0051563, 1788389704.069583, 1788389704.1323924, 1788389704.1967444, 1788389704.2598548, 1788389704.3242962, 1788389704.3873808, 1788389704.4516926, 1788389704.5145473, 1788389704.5788524, 1788389704.6419115, 1788389704.7062237, 1788389704.7694423, 1788389704.833767, 1788389704.8967395, 1788389704.961153, 1788389705.0241656, 1788389705.0887077, 1788389705.1517625, 1788389705.2162654, 1788389705.279024, 1788389705.3437288, 1788389705.4066665, 1788389705.4707239, 1788389705.5338786, 1788389705.5982862, 1788389705.6612334, 1788389705.7259266, 1788389705.7894247, 1788389705.8532183, 1788389705.9162788, 1788389705.980704, 1788389706.043825, 1788389706.108373, 1788389706.171422, 1788389706.2360399, 1788389706.2988987, 1788389706.363419, 1788389706.426693, 1788389706.4909396, 1788389706.5541065, 1788389706.618612, 1788389706.6816852, 1788389706.7461689, 1788389706.8094113, 1788389706.874009, 1788389706.9371896, 1788389707.0017924, 1788389707.0644999, 1788389707.129031, 1788389707.1952376, 1788389707.256623, 1788389707.321175, 1788389707.386487, 1788389707.4776292, 1788389707.5163894, 1788389707.585876, 1788389707.6460962, 1788389708.515511, 1788389708.543181, 1788389708.797969, 1788389708.829056, 1788389708.8989313, 1788389708.9684832, 1788389709.0374238, 1788389709.107311, 1788389709.176436, 1788389709.2463121, 1788389709.3160017, 1788389709.3851972, 1788389709.455144, 1788389709.5241911, 1788389709.5936813, 1788389709.6635985, 1788389709.732864, 1788389709.8028414, 1788389709.871874, 1788389709.9461293, 1788389710.0112677, 1788389710.0852466, 1788389710.1505322, 1788389710.219874, 1788389710.2891357, 1788389710.3592267, 1788389710.4283223, 1788389710.4984007, 1788389710.5684016, 1788389710.6374328, 1788389710.7076147, 1788389710.7768364, 1788389710.846696, 1788389710.9163673, 1788389710.985643, 1788389711.05577, 1788389711.1250703, 1788389711.1952868, 1788389711.2650945, 1788389711.3342438, 1788389711.4045012, 1788389711.4738894, 1788389711.5431576, 1788389711.6130006, 1788389711.6825438, 1788389711.7527142, 1788389711.8220642, 1788389711.8913958, 1788389711.9616299, 1788389712.030776, 1788389712.1001832, 1788389712.1711488, 1788389712.2398174, 1788389712.3103702, 1788389712.3797526, 1788389712.4496472, 1788389712.5196414, 1788389712.5890589, 1788389712.6593106, 1788389712.728421, 1788389712.797679, 1788389712.8681123, 1788389712.9373055, 1788389713.0077622, 1788389713.077304, 1788389713.1465342, 1788389713.2166631, 1788389713.285997, 1788389713.3556552, 1788389713.425643, 1788389713.4949884, 1788389713.5652897, 1788389713.63534, 1788389713.704743, 1788389713.7749178, 1788389713.8443003, 1788389713.9140513, 1788389713.9840767, 1788389714.0534298, 1788389714.1237323, 1788389714.1932914, 1788389714.3196645, 1788389714.3326418, 1788389714.4082546, 1788389714.4768481, 1788389715.3095944, 1788389716.1025436, 1788389716.8192835, 1788389717.1984565, 1788389717.2461007, 1788389717.3218133]","[1, 2, 1, 2, 4, 4, 2, 3, 3, 5, 3, 1, 3, 1, 6, 1, 1, 1, 1, 6, 1, 6, 5, 1, 1, 4, 4, 2, 9, 6, 2, 1, 2, 2, 8, 1, 1, 2, 1, 1, 2, 2, 5, 1, 6, 3, 1, 2, 1, 4, 1, 2, 3, 2, 2, 3, 1, 4, 6, 7, 9, 8, 3, 1, 7, 1, 2, 1, 1, 7, 1, 7, 3, 2, 6, 1, 9, 5, 6, 5, 5, 5, 1, 3, 1, 6, 1, 3, 3, 4, 9, 5, 5, 1, 1, 1, 2, 3, 2, 4, 2, 8, 7, 3, 3, 4, 2, 2, 1, 2, 1, 1, 4, 1, 9, 3, 2, 2, 7, 5, 1, 2, 2, 1, 1, 5, 2, 3, 9, 2, 4, 3, 3, 1, 1, 3, 4, 7, 3, 4, 2, 4, 9, 7, 4, 3, 1, 5, 1, 9, 3, 3, 1, 1, 1, 7, 5, 9, 3, 2, 5, 9, 3, 5, 5]"
User-025,11,trace_0588,1788389718.8957367,streaming,31167,334,334,475,5,0.9287586212158203,11.025494575500488,0.03032052839124525,14.0,0,True,,1788389707.8701713,1788389708.79893,1788389718.895666,"[1788389708.79893, 1788389708.8296218, 1788389708.8994188, 1788389708.969119, 1788389709.0380616, 1788389709.107948, 1788389709.1770146, 1788389709.2469342, 1788389709.3165963, 1788389709.3858042, 1788389709.4557354, 1788389709.5247805, 1788389709.5942786, 1788389709.6642022, 1788389709.7334929, 1788389709.8034637, 1788389709.8724418, 1788389709.9466684, 1788389710.011817, 1788389710.0857835, 1788389710.1510906, 1788389710.2204356, 1788389710.2896569, 1788389710.3597853, 1788389710.4288733, 1788389710.4989994, 1788389710.568981, 1788389710.6380131, 1788389710.7081804, 1788389710.7773902, 1788389710.8472939, 1788389710.9169447, 1788389710.9861805, 1788389711.056316, 1788389711.1256034, 1788389711.1958206, 1788389711.2656388, 1788389711.3347905, 1788389711.405068, 1788389711.4744399, 1788389711.5436974, 1788389711.6135266, 1788389711.6831477, 1788389711.753276, 1788389711.82259, 1788389711.8919432, 1788389711.9621758, 1788389712.031322, 1788389712.1007152, 1788389712.1717114, 1788389712.2403617, 1788389712.310956, 1788389712.3803325, 1788389712.450193, 1788389712.5202024, 1788389712.5895965, 1788389712.6599472, 1788389712.7289798, 1788389712.7982194, 1788389712.8686595, 1788389712.937846, 1788389713.0083342, 1788389713.0778625, 1788389713.1471145, 1788389713.2172027, 1788389713.2865558, 1788389713.3562434, 1788389713.426207, 1788389713.4955418, 1788389713.565834, 1788389713.6358845, 1788389713.705295, 1788389713.7754667, 1788389713.8448596, 1788389713.9146023, 1788389713.9846334, 1788389714.0539696, 1788389714.12428, 1788389714.1938245, 1788389714.3199518, 1788389714.3330743, 1788389714.4085424, 1788389714.4774072, 1788389715.3101997, 1788389716.1039886, 1788389716.820508, 1788389717.200416, 1788389717.247742, 1788389717.3239067, 1788389717.3928401, 1788389717.4635491, 1788389717.5350556, 1788389717.6070492, 1788389717.6775973, 1788389717.7493238, 1788389717.8210227, 1788389717.891054, 1788389717.9635212, 1788389718.0352461, 1788389718.1061385, 1788389718.1776903, 1788389718.2494948, 1788389718.320177, 1788389718.3920023, 1788389718.463838, 1788389718.5341337, 1788389718.6058571, 1788389718.677632, 1788389718.7481506, 1788389718.8198326, 1788389718.8943498]","[1, 1, 2, 5, 4, 1, 3, 1, 1, 3, 4, 5, 3, 1, 1, 1, 3, 7, 4, 6, 2, 9, 5, 1, 4, 4, 9, 3, 2, 2, 1, 2, 4, 4, 1, 4, 3, 7, 3, 6, 1, 2, 2, 3, 1, 2, 1, 7, 1, 4, 1, 5, 2, 3, 8, 1, 2, 3, 2, 4, 4, 1, 6, 6, 1, 1, 3, 1, 4, 2, 1, 9, 2, 5, 1, 1, 3, 8, 3, 6, 1, 3, 3, 2, 1, 4, 6, 1, 3, 6, 3, 1, 2, 1, 5, 6, 1, 2, 1, 4, 4, 1, 3, 1, 5, 1, 3, 1, 1, 1, 1]"
User-038,3,trace_0661,1788389719.6010375,streaming,31645,432,432,459,34,1.041712999343872,12.127659797668457,0.025721454288456114,13.0,0,True,,1788389707.4732828,1788389708.5149958,1788389719.6009426,"[1788389708.5149958, 1788389708.5426633, 1788389708.800044, 1788389708.8307073, 1788389708.9002078, 1788389708.9702036, 1788389709.0391452, 1788389709.108981, 1788389709.1780632, 1788389709.2479703, 1788389709.3176208, 1788389709.3868961, 1788389709.4568002, 1788389709.5258539, 1788389709.5953977, 1788389709.6652348, 1788389709.7345638, 1788389709.8045278, 1788389709.8735654, 1788389709.9477785, 1788389710.0129817, 1788389710.0869868, 1788389710.152242, 1788389710.2217271, 1788389710.2908893, 1788389710.3609197, 1788389710.4300158, 1788389710.50016, 1788389710.570136, 1788389710.639217, 1788389710.7093174, 1788389710.778534, 1788389710.8484774, 1788389710.9181025, 1788389710.9873655, 1788389711.0574682, 1788389711.1268003, 1788389711.1969917, 1788389711.2668073, 1788389711.3359609, 1788389711.4062133, 1788389711.4756248, 1788389711.544813, 1788389711.6146681, 1788389711.684268, 1788389711.754405, 1788389711.8237834, 1788389711.8930717, 1788389711.9633052, 1788389712.0324967, 1788389712.1018074, 1788389712.1728532, 1788389712.2414706, 1788389712.312126, 1788389712.3814628, 1788389712.4513688, 1788389712.521371, 1788389712.5906882, 1788389712.66105, 1788389712.7301395, 1788389712.7993891, 1788389712.8697922, 1788389712.9390526, 1788389713.009465, 1788389713.0791004, 1788389713.1483274, 1788389713.2183733, 1788389713.2877011, 1788389713.3573947, 1788389713.4273849, 1788389713.4970455, 1788389713.5670042, 1788389713.6370773, 1788389713.7065444, 1788389713.7766345, 1788389713.846052, 1788389713.9157915, 1788389713.985756, 1788389714.0551631, 1788389714.1254458, 1788389714.1950338, 1788389714.320474, 1788389714.3339221, 1788389714.4090707, 1788389714.478474, 1788389715.3113277, 1788389716.104993, 1788389716.821571, 1788389717.201507, 1788389717.2487407, 1788389717.3249764, 1788389717.3938954, 1788389717.4646018, 1788389717.536087, 1788389717.6080976, 1788389717.6786087, 1788389717.7503831, 1788389717.8220994, 1788389717.8918328, 1788389717.9645877, 1788389718.0362968, 1788389718.1072147, 1788389718.178762, 1788389718.250507, 1788389718.3212357, 1788389718.393074, 1788389718.4649098, 1788389718.5352545, 1788389718.6069512, 1788389718.6786962, 1788389718.749223, 1788389718.8208716, 1788389718.8953724, 1788389718.96111, 1788389719.0319388, 1788389719.1016507, 1788389719.1713595, 1788389719.2419517, 1788389719.3110342, 1788389719.38144, 1788389719.46854, 1788389719.5216944, 1788389719.600288]","[1, 3, 3, 2, 3, 5, 4, 2, 2, 9, 3, 1, 2, 2, 2, 2, 2, 9, 1, 2, 1, 7, 3, 2, 8, 1, 3, 1, 3, 4, 2, 9, 2, 2, 4, 9, 7, 3, 9, 5, 1, 7, 2, 4, 2, 2, 4, 9, 1, 1, 1, 9, 9, 4, 3, 3, 3, 1, 4, 4, 2, 3, 6, 6, 1, 1, 9, 2, 2, 2, 3, 1, 4, 1, 2, 1, 6, 2, 3, 2, 3, 3, 3, 1, 5, 6, 3, 7, 3, 4, 9, 2, 3, 1, 1, 9, 2, 5, 6, 9, 3, 2, 3, 1, 1, 3, 2, 1, 1, 6, 3, 2, 3, 6, 1, 2, 3, 3, 4, 4, 5, 8, 2]"
User-043,1,trace_0052,1788389721.2028453,streaming,20256,158,158,236,80,2.7953667640686035,6.798220634460449,0.025495884524788827,12.0,0,True,,1788389714.4045436,1788389717.1999104,1788389721.2027643,"[1788389717.1999104, 1788389717.2471755, 1788389717.3233778, 1788389717.3922975, 1788389717.4629867, 1788389717.5344658, 1788389717.6064785, 1788389717.6770456, 1788389717.7487783, 1788389717.8205059, 1788389717.8906324, 1788389717.9629753, 1788389718.0347188, 1788389718.1055863, 1788389718.177159, 1788389718.2489357, 1788389718.3195374, 1788389718.3913894, 1788389718.4632034, 1788389718.5335355, 1788389718.6052132, 1788389718.6770325, 1788389718.7475438, 1788389718.8192148, 1788389718.8939397, 1788389718.9599235, 1788389719.0307844, 1788389719.1005821, 1788389719.1702423, 1788389719.2408006, 1788389719.309873, 1788389719.3803, 1788389719.4680052, 1788389719.520643, 1788389719.599222, 1788389719.6606717, 1788389719.976103, 1788389720.0099819, 1788389720.0763328, 1788389720.1425555, 1788389720.2081532, 1788389720.2742324, 1788389720.340874, 1788389720.4063752, 1788389720.4727733, 1788389720.5383651, 1788389720.604384, 1788389720.6711566, 1788389720.7366085, 1788389720.8030558, 1788389720.8687873, 1788389720.935032, 1788389721.0007298, 1788389721.066813, 1788389721.1333072, 1788389721.200888]","[1, 3, 2, 5, 2, 2, 2, 3, 4, 2, 2, 2, 1, 5, 2, 3, 9, 2, 2, 1, 3, 3, 1, 4, 2, 3, 3, 5, 1, 2, 2, 4, 7, 8, 1, 3, 1, 4, 3, 1, 2, 4, 3, 4, 2, 1, 1, 4, 1, 2, 7, 3, 3, 2, 1, 2]"
User-036,5,trace_0615,1788389722.3807178,streaming,26224,133,133,398,10,0.5138075351715088,2.917506217956543,0.018209838505947228,14.0,0,True,,1788389719.463152,1788389719.9769595,1788389722.3806581,"[1788389719.9769595, 1788389720.0105104, 1788389720.0768661, 1788389720.1431112, 1788389720.2086825, 1788389720.2748153, 1788389720.341412, 1788389720.406937, 1788389720.4732893, 1788389720.538914, 1788389720.604906, 1788389720.671689, 1788389720.7371469, 1788389720.8035908, 1788389720.8693542, 1788389720.9355829, 1788389721.0013466, 1788389721.0674381, 1788389721.1338942, 1788389721.2018557, 1788389721.2657065, 1788389721.3302455, 1788389721.3971193, 1788389721.461381, 1788389721.5276723, 1788389721.592011, 1788389721.6580994, 1788389721.7223618, 1788389721.788842, 1788389721.853172, 1788389721.9195032, 1788389721.9839444, 1788389722.0499098, 1788389722.114476, 1788389722.1806808, 1788389722.2448807, 1788389722.3105693, 1788389722.3797827]","[1, 5, 1, 1, 1, 2, 8, 3, 4, 1, 1, 4, 4, 2, 2, 2, 3, 7, 3, 5, 8, 7, 5, 4, 1, 1, 3, 1, 3, 8, 8, 3, 1, 9, 2, 1, 4, 4]"
User-022,5,trace_0418,1788389722.380503,streaming,15880,2838,2832,236,10,7.676656484603882,61.11285734176636,0.01887538002725626,12.0,0,True,,1788389661.2675753,1788389668.9442317,1788389722.3804326,"[1788389668.9442317, 1788389668.9558766, 1788389669.2030318, 1788389669.2424905, 1788389669.3375676, 1788389669.4242413, 1788389669.7140443, 1788389669.7901688, 1788389669.886429, 1788389669.9854, 1788389670.0791903, 1788389670.1707003, 1788389670.2605524, 1788389670.3517683, 1788389670.4416335, 1788389670.5331788, 1788389670.6230915, 1788389670.7139015, 1788389670.8041382, 1788389670.895304, 1788389670.9871938, 1788389671.076323, 1788389671.1639714, 1788389671.2543037, 1788389671.3413801, 1788389671.4313939, 1788389671.5189073, 1788389671.6080499, 1788389671.6957958, 1788389671.7853832, 1788389671.8724594, 1788389671.962693, 1788389672.0532532, 1788389672.1373014, 1788389672.2222264, 1788389672.3102546, 1788389672.3964043, 1788389672.48232, 1788389672.564483, 1788389672.6487222, 1788389672.7310236, 1788389672.814871, 1788389672.8968437, 1788389672.980934, 1788389673.0627584, 1788389673.1466448, 1788389673.229201, 1788389673.312765, 1788389673.3951852, 1788389673.4791403, 1788389673.5608144, 1788389673.6450832, 1788389673.7269378, 1788389673.810853, 1788389673.89619, 1788389673.9700165, 1788389674.0449145, 1788389674.1221714, 1788389674.1969757, 1788389674.2743604, 1788389674.3493288, 1788389674.4262807, 1788389674.500886, 1788389674.5814452, 1788389674.64769, 1788389674.7186549, 1788389674.788481, 1788389674.859694, 1788389674.929151, 1788389675.0005424, 1788389675.0703113, 1788389675.1415796, 1788389675.2114613, 1788389675.2825215, 1788389675.3543746, 1788389675.4230056, 1788389675.488337, 1788389675.5546818, 1788389675.620195, 1788389675.686882, 1788389675.7523804, 1788389675.8195543, 1788389675.8852134, 1788389675.9521096, 1788389676.0176568, 1788389676.0841417, 1788389676.1499064, 1788389676.2161555, 1788389676.2817245, 1788389676.3486912, 1788389676.4307916, 1788389676.5062172, 1788389676.5526109, 1788389676.6140978, 1788389676.953243, 1788389676.9818797, 1788389677.0553966, 1788389677.1297073, 1788389677.2022274, 1788389677.2768335, 1788389677.3524687, 1788389677.4242554, 1788389677.4967997, 1788389677.5671847, 1788389677.6294162, 1788389677.6950192, 1788389677.7602916, 1788389677.8260906, 1788389677.8918853, 1788389677.9570205, 1788389678.0228758, 1788389678.0882645, 1788389678.1537812, 1788389678.2194273, 1788389678.2846112, 1788389678.3501565, 1788389678.4161375, 1788389678.480421, 1788389678.5497453, 1788389678.6114528, 1788389678.6794639, 1788389678.7435167, 1788389678.811288, 1788389678.8726041, 1788389679.0834196, 1788389679.0837178, 1788389679.1289904, 1788389679.1972506, 1788389679.260641, 1788389679.8253026, 1788389680.421115, 1788389681.042198, 1788389681.6885586, 1788389682.3594913, 1788389683.061289, 1788389683.8960798, 1788389684.6521568, 1788389685.4885876, 1788389686.3544807, 1788389687.2728212, 1788389687.3777518, 1788389687.4455724, 1788389687.5327861, 1788389687.6208565, 1788389687.7074578, 1788389687.7955806, 1788389687.884189, 1788389687.9700532, 1788389688.0528266, 1788389688.138244, 1788389688.2210104, 1788389688.3061724, 1788389688.3892608, 1788389688.474412, 1788389688.557338, 1788389688.642533, 1788389688.7256594, 1788389688.8109083, 1788389688.8952982, 1788389688.978095, 1788389689.0582528, 1788389689.140066, 1788389689.2198434, 1788389689.302093, 1788389689.3816154, 1788389689.4638786, 1788389689.5436852, 1788389689.6255903, 1788389689.7057078, 1788389689.7872665, 1788389689.867146, 1788389689.948831, 1788389690.0289764, 1788389690.1106951, 1788389690.190439, 1788389690.2727237, 1788389690.3523843, 1788389690.434005, 1788389690.516772, 1788389690.5961444, 1788389690.6683993, 1788389690.744117, 1788389690.818821, 1788389690.894899, 1788389690.9696343, 1788389691.0454357, 1788389691.120313, 1788389691.1964767, 1788389691.2711172, 1788389691.3471348, 1788389691.4218156, 1788389691.498199, 1788389691.5726025, 1788389691.6487362, 1788389691.7235615, 1788389691.7996845, 1788389691.8745835, 1788389691.9650738, 1788389692.0275676, 1788389692.1079113, 1788389692.1726043, 1788389692.4889977, 1788389692.5347211, 1788389692.6097438, 1788389692.6856666, 1788389692.7606678, 1788389692.8909864, 1788389692.9118276, 1788389692.99226, 1788389693.0667186, 1788389693.6327102, 1788389694.2256942, 1788389694.8447177, 1788389695.4894407, 1788389696.1568325, 1788389696.8480783, 1788389697.565796, 1788389698.3133452, 1788389699.0913818, 1788389699.8952925, 1788389700.291223, 1788389700.3440926, 1788389700.416819, 1788389700.4948862, 1788389700.5675476, 1788389700.6391628, 1788389700.717883, 1788389700.7799287, 1788389700.8449347, 1788389700.9091864, 1788389700.9737513, 1788389701.0378745, 1788389701.1023152, 1788389701.167235, 1788389701.2313771, 1788389701.296056, 1788389701.3601913, 1788389701.4246836, 1788389701.4893293, 1788389701.5533328, 1788389701.6177378, 1788389701.6816754, 1788389701.7462206, 1788389701.8112714, 1788389701.8756201, 1788389701.9403486, 1788389702.0042744, 1788389702.0692184, 1788389702.1334705, 1788389702.1978185, 1788389702.2644114, 1788389702.3290782, 1788389702.3917737, 1788389702.4567552, 1788389702.521075, 1788389702.604395, 1788389702.6508446, 1788389702.719909, 1788389702.7801692, 1788389703.0167403, 1788389703.0505075, 1788389703.113659, 1788389703.1783428, 1788389703.2413113, 1788389703.305723, 1788389703.3687913, 1788389703.432403, 1788389703.4953146, 1788389703.5591478, 1788389703.622, 1788389703.687335, 1788389703.7499452, 1788389703.8141158, 1788389703.8773568, 1788389703.9414039, 1788389704.0045834, 1788389704.0690496, 1788389704.1318328, 1788389704.1961927, 1788389704.259308, 1788389704.3237557, 1788389704.3868341, 1788389704.4511414, 1788389704.513995, 1788389704.5782933, 1788389704.6413631, 1788389704.7056634, 1788389704.7688994, 1788389704.8332179, 1788389704.896208, 1788389704.9605424, 1788389705.0236197, 1788389705.0881662, 1788389705.1512225, 1788389705.2156837, 1788389705.2784348, 1788389705.343187, 1788389705.4061186, 1788389705.4701796, 1788389705.5333223, 1788389705.5977166, 1788389705.6606843, 1788389705.7254019, 1788389705.7888875, 1788389705.852677, 1788389705.9157403, 1788389705.9801672, 1788389706.0432947, 1788389706.1078343, 1788389706.1708696, 1788389706.2354834, 1788389706.2983158, 1788389706.362867, 1788389706.4261312, 1788389706.4903584, 1788389706.553571, 1788389706.6180787, 1788389706.6811323, 1788389706.7456212, 1788389706.808869, 1788389706.8734558, 1788389706.9366357, 1788389707.0012605, 1788389707.0639713, 1788389707.128476, 1788389707.1946073, 1788389707.2560675, 1788389707.3206387, 1788389707.3858788, 1788389707.4773622, 1788389707.5853026, 1788389707.645577, 1788389708.514097, 1788389708.5421617, 1788389708.7973251, 1788389708.828413, 1788389708.8983827, 1788389708.9678345, 1788389709.0367868, 1788389709.1066525, 1788389709.175825, 1788389709.2457001, 1788389709.3153806, 1788389709.3845544, 1788389709.4544969, 1788389709.5235868, 1788389709.5930727, 1788389709.6629982, 1788389709.7322502, 1788389709.8021953, 1788389709.8712647, 1788389709.945506, 1788389710.0105984, 1788389710.0845838, 1788389710.1499224, 1788389710.219271, 1788389710.288534, 1788389710.35857, 1788389710.427721, 1788389710.497818, 1788389710.7070124, 1788389710.7762527, 1788389710.985057, 1788389711.0551836, 1788389711.124484, 1788389711.1946394, 1788389711.2644732, 1788389711.3336082, 1788389711.4038906, 1788389711.473282, 1788389711.5424964, 1788389711.6124003, 1788389711.68193, 1788389711.752098, 1788389711.821478, 1788389711.8907254, 1788389711.9610162, 1788389712.0301437, 1788389712.0995703, 1788389712.1704984, 1788389712.2392, 1788389712.3097637, 1788389712.3791413, 1788389712.4490435, 1788389712.5190449, 1788389712.5884588, 1788389712.6586242, 1788389712.727781, 1788389712.7970777, 1788389712.867473, 1788389712.9366736, 1788389713.0071504, 1788389713.0766885, 1788389713.145938, 1788389713.2160413, 1788389713.2853847, 1788389713.3550496, 1788389713.425029, 1788389713.494349, 1788389713.56468, 1788389713.634679, 1788389713.704127, 1788389713.7742627, 1788389713.843686, 1788389713.9134448, 1788389713.9834564, 1788389714.0528073, 1788389714.1231065, 1788389714.1926806, 1788389714.3193176, 1788389714.332156, 1788389714.4079316, 1788389714.4761777, 1788389715.3089516, 1788389716.101886, 1788389716.8186724, 1788389717.1978006, 1788389717.2455173, 1788389717.3211787, 1788389717.39107, 1788389717.4617336, 1788389717.5332475, 1788389717.6052637, 1788389717.675831, 1788389717.747538, 1788389717.8192847, 1788389717.8896286, 1788389717.9617066, 1788389718.0335264, 1788389718.1043758, 1788389718.175898, 1788389718.2477248, 1788389718.3183608, 1788389718.3902066, 1788389718.4620323, 1788389718.5323937, 1788389718.604026, 1788389718.675893, 1788389718.7463648, 1788389718.8180084, 1788389718.8929377, 1788389718.9587224, 1788389719.0295084, 1788389719.099304, 1788389719.1689851, 1788389719.2396595, 1788389719.3086846, 1788389719.3791442, 1788389719.4673896, 1788389719.519376, 1788389719.5979633, 1788389719.6601229, 1788389719.9748995, 1788389720.0088902, 1788389720.0750659, 1788389720.1413267, 1788389720.2068853, 1788389720.2730346, 1788389720.3396585, 1788389720.4051735, 1788389720.4715757, 1788389720.5371408, 1788389720.6031709, 1788389720.6699111, 1788389720.7353983, 1788389720.8018072, 1788389720.867566, 1788389720.933766, 1788389720.9995902, 1788389721.0656219, 1788389721.1321313, 1788389721.1997302, 1788389721.265141, 1788389721.329655, 1788389721.3965912, 1788389721.460801, 1788389721.5270793, 1788389721.591423, 1788389721.6575053, 1788389721.7217827, 1788389721.788261, 1788389721.8525944, 1788389721.918921, 1788389721.9833562, 1788389722.0493205, 1788389722.1138892, 1788389722.1801004, 1788389722.2443006, 1788389722.3099685, 1788389722.3789747]","[1, 2, 1, 3, 9, 1, 2, 6, 6, 1, 6, 8, 3, 1, 2, 2, 3, 1, 4, 4, 2, 4, 3, 4, 2, 3, 9, 9, 9, 7, 1, 5, 1, 3, 5, 5, 5, 2, 3, 2, 9, 9, 9, 9, 7, 9, 9, 1, 2, 1, 9, 8, 9, 9, 9, 9, 9, 9, 6, 8, 9, 9, 9, 9, 9, 9, 9, 8, 1, 8, 3, 3, 3, 7, 9, 5, 9, 9, 9, 6, 9, 1, 9, 9, 9, 9, 7, 2, 1, 9, 4, 9, 9, 9, 9, 4, 3, 9, 9, 9, 9, 9, 9, 6, 2, 1, 2, 4, 6, 5, 2, 9, 9, 9, 9, 9, 2, 9, 2, 6, 9, 9, 4, 9, 9, 4, 9, 9, 9, 9, 9, 2, 3, 1, 1, 5, 5, 8, 9, 9, 9, 8, 9, 9, 2, 9, 9, 9, 9, 9, 9, 9, 9, 9, 9, 6, 9, 9, 8, 9, 4, 7, 5, 9, 3, 8, 9, 9, 7, 9, 9, 9, 9, 5, 3, 6, 2, 3, 9, 6, 9, 5, 1, 2, 9, 9, 6, 2, 2, 4, 9, 9, 3, 2, 3, 1, 9, 3, 2, 3, 2, 5, 2, 1, 2, 9, 6, 5, 3, 9, 9, 4, 3, 9, 8, 9, 9, 5, 9, 9, 9, 9, 7, 1, 2, 3, 4, 2, 3, 9, 9, 7, 1, 2, 2, 9, 4, 7, 6, 7, 3, 6, 3, 2, 1, 6, 4, 3, 5, 6, 2, 2, 3, 7, 3, 5, 1, 1, 8, 1, 4, 7, 2, 3, 5, 1, 8, 7, 1, 3, 9, 1, 3, 5, 3, 9, 2, 4, 3, 2, 1, 3, 3, 4, 1, 5, 4, 2, 3, 1, 9, 1, 3, 2, 9, 3, 1, 2, 2, 3, 4, 2, 1, 1, 1, 3, 1, 1, 2, 3, 8, 5, 3, 4, 2, 1, 1, 3, 2, 1, 4, 2, 3, 1, 6, 3, 2, 1, 9, 5, 1, 1, 1, 1, 3, 1, 3, 5, 4, 4, 8, 9, 8, 8, 6, 5, 4, 2, 9, 9, 9, 5, 9, 1, 9, 6, 8, 8, 1, 1, 1, 1, 1, 1, 1, 5, 4, 9, 9, 9, 9, 2, 9, 9, 1, 9, 9, 9, 9, 9, 9, 9, 9, 8, 1, 2, 1, 4, 2, 9, 9, 9, 9, 2, 9, 9, 1, 9, 9, 9, 9, 9, 9, 9, 9, 9, 3, 6, 9, 9, 9, 9, 2, 9, 9, 1, 9, 9, 9, 9, 9, 9, 9, 9, 9, 3, 6, 9, 9, 9, 9, 2, 9, 9, 1, 9, 9, 9, 9, 9, 9, 9, 9, 9, 3, 6, 9, 9, 9, 9, 2, 9, 9, 1, 9, 9, 9, 9, 9, 9, 9, 9, 9, 3, 6, 9, 9, 9, 9, 2, 9, 9, 1, 9, 9, 9, 9, 9, 9, 9, 9, 9, 3, 6, 9, 9, 9, 9, 2, 2]"
User-044,1,trace_0272,1788389722.6804554,streaming,27550,252,252,383,46,1.7870850563049316,8.364018201828003,0.02620292089849829,14.0,0,True,,1788389714.3163533,1788389716.1034384,1788389722.6803715,"[1788389716.1034384, 1788389716.8199298, 1788389717.1990323, 1788389717.2466176, 1788389717.3228164, 1788389717.3916972, 1788389717.4623513, 1788389717.5338686, 1788389717.6058733, 1788389717.6764448, 1788389717.7481506, 1788389717.8198833, 1788389717.8901548, 1788389717.9623203, 1788389718.0341356, 1788389718.1049902, 1788389718.1765234, 1788389718.2483366, 1788389718.3189912, 1788389718.3908477, 1788389718.462637, 1788389718.532998, 1788389718.6046536, 1788389718.6765018, 1788389718.7469954, 1788389718.8186383, 1788389718.8934467, 1788389718.9593499, 1788389719.0301275, 1788389719.10001, 1788389719.1695843, 1788389719.2402647, 1788389719.3092973, 1788389719.3797495, 1788389719.4677377, 1788389719.520037, 1788389719.5986202, 1788389719.6595972, 1788389719.975543, 1788389720.0094662, 1788389720.0756838, 1788389720.1419437, 1788389720.207504, 1788389720.2736444, 1788389720.340292, 1788389720.4057915, 1788389720.4721863, 1788389720.537763, 1788389720.6037853, 1788389720.6705167, 1788389720.736009, 1788389720.802426, 1788389720.8681765, 1788389720.9343941, 1788389721.0001955, 1788389721.0662212, 1788389721.1327555, 1788389721.20034, 1788389721.2646017, 1788389721.3291228, 1788389721.396053, 1788389721.4602575, 1788389721.5265117, 1788389721.5908828, 1788389721.6569612, 1788389721.721249, 1788389721.7877312, 1788389721.8520522, 1788389721.9183433, 1788389721.9828055, 1788389722.0487761, 1788389722.113339, 1788389722.1795642, 1788389722.2437387, 1788389722.3094375, 1788389722.3783271, 1788389722.4396644, 1788389722.499123, 1788389722.5583322, 1788389722.6173801, 1788389722.6797473]","[1, 7, 3, 8, 3, 1, 1, 1, 4, 3, 7, 6, 6, 1, 1, 3, 4, 1, 1, 3, 3, 1, 4, 3, 2, 1, 4, 6, 9, 4, 9, 2, 3, 3, 2, 5, 6, 1, 7, 1, 6, 6, 7, 2, 2, 3, 2, 2, 3, 3, 2, 2, 4, 6, 2, 2, 6, 2, 3, 2, 3, 3, 1, 1, 4, 2, 1, 2, 2, 1, 2, 3, 1, 3, 1, 2, 6, 3, 1, 1, 1]"
User-030,4,trace_0082,1788389757.6488285,streaming,5776,208,208,244,89,7.347428798675537,27.512389183044434,0.09741526755733766,175.0,0,True,,1788389730.1362772,1788389737.483706,1788389757.6486664,"[1788389737.483706, 1788389738.0515306, 1788389738.6499171, 1788389739.2778938, 1788389739.9510589, 1788389740.601401, 1788389741.3000998, 1788389742.029342, 1788389742.5804482, 1788389743.2623818, 1788389743.807669, 1788389744.4137883, 1788389745.0438263, 1788389745.6977024, 1788389746.3752825, 1788389747.0796475, 1788389747.8083694, 1788389748.5627775, 1788389749.343565, 1788389750.1470225, 1788389750.9658072, 1788389751.5348055, 1788389752.0730293, 1788389752.6639302, 1788389753.2777686, 1788389753.913545, 1788389754.5730588, 1788389754.7382317, 1788389754.8110862, 1788389754.902117, 1788389754.992046, 1788389755.0844524, 1788389755.1766086, 1788389755.26733, 1788389755.3586493, 1788389755.4497745, 1788389755.5405347, 1788389755.6331615, 1788389755.723942, 1788389755.8148966, 1788389755.9059148, 1788389755.9978426, 1788389756.088789, 1788389756.181481, 1788389756.272629, 1788389756.3637028, 1788389756.4548666, 1788389756.5469122, 1788389756.6373494, 1788389756.7294743, 1788389756.8199062, 1788389756.912087, 1788389757.0022726, 1788389757.0948355, 1788389757.1853874, 1788389757.2772584, 1788389757.3680146, 1788389757.4603126, 1788389757.5511975, 1788389757.6443558]","[1, 7, 9, 5, 1, 1, 3, 1, 4, 1, 1, 5, 2, 4, 5, 6, 3, 7, 2, 3, 1, 3, 3, 1, 1, 4, 1, 2, 3, 2, 1, 6, 2, 2, 3, 2, 2, 2, 1, 7, 1, 1, 4, 1, 5, 9, 5, 9, 9, 2, 8, 9, 4, 3, 2, 1, 2, 5, 6, 2]"
User-047,0,trace_0228,1788389757.829625,streaming,16845,122,122,0,262,10.1981942653656,26.000017166137695,0.13059357769233138,0.0,0,True,,1788389731.8295498,1788389742.027744,1788389757.829567,"[1788389742.027744, 1788389742.5786417, 1788389743.2607672, 1788389743.8058007, 1788389744.4121313, 1788389745.0421162, 1788389745.696029, 1788389746.3735688, 1788389747.0779192, 1788389747.8066094, 1788389748.5610533, 1788389749.3418767, 1788389750.145304, 1788389750.96332, 1788389751.5322602, 1788389752.0708523, 1788389752.6616037, 1788389753.2755852, 1788389753.9113405, 1788389754.5708554, 1788389754.7322187, 1788389754.808322, 1788389754.8992214, 1788389754.9908323, 1788389755.0817745, 1788389755.1738482, 1788389755.2645812, 1788389755.3559873, 1788389755.446915, 1788389755.5377626, 1788389755.6304646, 1788389755.7210512, 1788389755.8121772, 1788389755.9038963, 1788389755.99484, 1788389756.0859346, 1788389756.1785705, 1788389756.2694647, 1788389756.361524, 1788389756.4520226, 1788389756.5440936, 1788389756.6345146, 1788389756.7266505, 1788389756.8170683, 1788389756.9094586, 1788389756.9995062, 1788389757.0920014, 1788389757.182463, 1788389757.2743976, 1788389757.365158, 1788389757.4575243, 1788389757.548303, 1788389757.6414552, 1788389757.730914, 1788389757.8229835]","[1, 1, 1, 4, 4, 3, 1, 3, 1, 2, 3, 3, 4, 1, 2, 1, 1, 1, 2, 1, 1, 3, 1, 3, 1, 4, 2, 3, 3, 1, 2, 2, 2, 6, 2, 1, 3, 2, 3, 2, 1, 2, 1, 3, 2, 1, 2, 4, 2, 1, 2, 1, 3, 5, 5]"
User-046,0,trace_0334,1788389758.0933897,streaming,11962,156,156,0,186,9.215257406234741,33.204978942871094,0.15477239701055712,0.0,0,True,,1788389724.8883402,1788389734.1035976,1788389758.0933192,"[1788389734.1035976, 1788389734.902646, 1788389735.6723251, 1788389736.3572764, 1788389736.8800893, 1788389737.4846938, 1788389738.0528328, 1788389738.6514077, 1788389739.2789822, 1788389739.9515429, 1788389740.6024394, 1788389741.30121, 1788389742.03032, 1788389742.5814943, 1788389743.2649848, 1788389743.8097692, 1788389744.4159505, 1788389745.0459368, 1788389745.6999247, 1788389746.3774245, 1788389747.0817952, 1788389747.8105001, 1788389748.5649521, 1788389749.3456545, 1788389750.1491065, 1788389750.9685779, 1788389751.5381043, 1788389752.0762267, 1788389752.6671045, 1788389753.2809405, 1788389753.9167652, 1788389754.5762541, 1788389754.7412698, 1788389754.814262, 1788389754.9055767, 1788389754.9934366, 1788389755.0879235, 1788389755.1797419, 1788389755.2709086, 1788389755.3618586, 1788389755.453019, 1788389755.5436068, 1788389755.6363342, 1788389755.7272234, 1788389755.8181489, 1788389755.9083076, 1788389756.00104, 1788389756.0919325, 1788389756.184548, 1788389756.2757306, 1788389756.3669045, 1788389756.4581456, 1788389756.5500767, 1788389756.6407084, 1788389756.7325299, 1788389756.823213, 1788389756.915232, 1788389757.0056486, 1788389757.0978796, 1788389757.1887455, 1788389757.28032, 1788389757.3713508, 1788389757.4634073, 1788389757.5547078, 1788389757.6477642, 1788389757.7366998, 1788389757.828732, 1788389757.9111986, 1788389758.00345, 1788389758.0919523]","[1, 7, 2, 1, 1, 1, 1, 1, 2, 2, 1, 1, 3, 2, 4, 1, 4, 3, 1, 2, 9, 1, 2, 1, 1, 3, 1, 2, 4, 1, 3, 1, 2, 1, 6, 1, 2, 1, 1, 1, 1, 1, 7, 1, 2, 2, 2, 5, 2, 7, 2, 4, 2, 3, 1, 3, 1, 1, 1, 1, 1, 2, 2, 1, 2, 5, 1, 4, 1, 3]"
User-022,6,trace_0418,1788389758.4356382,streaming,18712,336,336,246,41,9.85014033317566,31.92766284942627,0.06590305228731526,41.0,0,True,,1788389726.507921,1788389736.3580613,1788389758.4355838,"[1788389736.3580613, 1788389736.8807933, 1788389737.4851701, 1788389738.0533385, 1788389738.651913, 1788389739.2794847, 1788389739.9517765, 1788389740.6029832, 1788389741.3017266, 1788389742.0308309, 1788389742.5820367, 1788389743.265496, 1788389743.8102787, 1788389744.416468, 1788389745.04646, 1788389745.7004275, 1788389746.3779325, 1788389747.0823302, 1788389747.8110168, 1788389748.5654678, 1788389749.3461585, 1788389750.1496112, 1788389750.9690626, 1788389751.5386128, 1788389752.0767274, 1788389752.6676223, 1788389753.2814307, 1788389753.9172726, 1788389754.5767741, 1788389754.7417746, 1788389754.8147774, 1788389754.9061356, 1788389754.9936585, 1788389755.0884302, 1788389755.180242, 1788389755.2714221, 1788389755.362397, 1788389755.4535916, 1788389755.5441134, 1788389755.6368608, 1788389755.7278662, 1788389755.8186584, 1788389755.9086936, 1788389756.001633, 1788389756.0924587, 1788389756.185059, 1788389756.2762697, 1788389756.3674245, 1788389756.458663, 1788389756.5505805, 1788389756.6412408, 1788389756.7330258, 1788389756.8237274, 1788389756.9157314, 1788389757.0061529, 1788389757.098383, 1788389757.1892412, 1788389757.2808232, 1788389757.3718638, 1788389757.4639225, 1788389757.555258, 1788389757.6482682, 1788389757.737254, 1788389757.8292348, 1788389757.9114401, 1788389758.0039756, 1788389758.0929081, 1788389758.1793199, 1788389758.2630618, 1788389758.3492491, 1788389758.4349232]","[1, 1, 3, 4, 7, 3, 1, 4, 3, 2, 3, 1, 2, 6, 2, 3, 4, 1, 4, 3, 1, 6, 4, 7, 1, 2, 6, 4, 2, 2, 6, 3, 3, 3, 4, 9, 9, 9, 6, 1, 5, 2, 2, 5, 4, 2, 4, 3, 9, 9, 9, 9, 9, 9, 6, 2, 1, 4, 6, 1, 6, 4, 9, 9, 9, 9, 9, 9, 9, 9, 7]"
User-039,2,trace_0220,1788389758.5198205,streaming,13163,211,211,435,12,11.018998146057129,18.57211422920227,0.03596721944354829,22.0,0,True,,1788389739.9476116,1788389750.9666097,1788389758.5197258,"[1788389750.9666097, 1788389751.5353262, 1788389752.0735595, 1788389752.6644459, 1788389753.2782753, 1788389753.9140668, 1788389754.5735686, 1788389754.73875, 1788389754.811628, 1788389754.9028387, 1788389754.9923055, 1788389755.0850017, 1788389755.1771128, 1788389755.2680256, 1788389755.3592114, 1788389755.4502869, 1788389755.5410616, 1788389755.6336665, 1788389755.7244465, 1788389755.815438, 1788389755.9063535, 1788389755.9983525, 1788389756.0893157, 1788389756.1819923, 1788389756.2731605, 1788389756.3642406, 1788389756.4553876, 1788389756.5474527, 1788389756.6380548, 1788389756.729987, 1788389756.8204262, 1788389756.9126444, 1788389757.0030024, 1788389757.095361, 1788389757.1860611, 1788389757.2777572, 1788389757.3686774, 1788389757.4608517, 1788389757.5519476, 1788389757.6451476, 1788389757.733961, 1788389757.826148, 1788389757.909999, 1788389758.0008233, 1788389758.0893838, 1788389758.176701, 1788389758.2604473, 1788389758.3465824, 1788389758.4323013, 1788389758.516983]","[1, 1, 7, 4, 5, 4, 1, 2, 2, 4, 4, 2, 4, 4, 3, 3, 3, 3, 9, 9, 9, 7, 1, 5, 1, 3, 5, 1, 1, 5, 3, 3, 2, 8, 2, 1, 3, 3, 2, 2, 2, 2, 5, 9, 9, 9, 9, 9, 9, 6]"
User-043,2,trace_0052,1788389758.6813922,streaming,25110,222,222,315,76,10.359585285186768,33.367753982543945,0.10410936062152569,10.0,0,True,,1788389725.3135598,1788389735.673145,1788389758.6813138,"[1788389735.673145, 1788389736.35565, 1788389736.87844, 1788389737.482282, 1788389738.0503492, 1788389738.6487834, 1788389739.276774, 1788389739.9505522, 1788389740.600259, 1788389741.2989123, 1788389742.028326, 1788389742.5793073, 1788389743.2612832, 1788389743.8064268, 1788389744.4127548, 1788389745.0427454, 1788389745.6966474, 1788389746.3741946, 1788389747.0785508, 1788389747.8072898, 1788389748.5616822, 1788389749.3424976, 1788389750.14593, 1788389750.9647775, 1788389751.5335777, 1788389752.0719976, 1788389752.6629076, 1788389753.276722, 1788389753.9124656, 1788389754.5720093, 1788389754.7334042, 1788389754.8095026, 1788389754.9003725, 1788389754.9913368, 1788389755.08292, 1788389755.1750393, 1788389755.2657523, 1788389755.3571131, 1788389755.448071, 1788389755.53896, 1788389755.6316533, 1788389755.7221825, 1788389755.813317, 1788389755.904764, 1788389755.9960017, 1788389756.087208, 1788389756.1798759, 1788389756.2707796, 1788389756.3624938, 1788389756.4532862, 1788389756.545323, 1788389756.6358113, 1788389756.7279189, 1788389756.8183172, 1788389756.9105387, 1788389757.000741, 1788389757.0932782, 1788389757.183802, 1788389757.2756848, 1788389757.366416, 1788389757.4587812, 1788389757.5496044, 1788389757.642772, 1788389757.7321732, 1788389757.8246033, 1788389757.909226, 1788389757.9991336, 1788389758.0876558, 1788389758.1749725, 1788389758.2586584, 1788389758.3448153, 1788389758.430532, 1788389758.5152378, 1788389758.5939963, 1788389758.6775122]","[1, 2, 1, 1, 1, 1, 2, 1, 2, 2, 1, 2, 2, 1, 1, 1, 2, 4, 3, 4, 5, 1, 5, 5, 2, 3, 4, 1, 8, 2, 5, 4, 7, 5, 1, 1, 2, 1, 1, 3, 1, 2, 3, 3, 1, 3, 9, 5, 3, 1, 6, 5, 9, 5, 8, 2, 3, 6, 4, 4, 3, 6, 5, 6, 2, 1, 1, 2, 1, 1, 4, 2, 1, 2, 1]"
User-045,0,trace_0729,1788389758.7556307,streaming,20161,219,219,0,314,6.0457587242126465,34.0052604675293,0.12825459515282867,0.0,0,True,,1788389724.7502787,1788389730.7960374,1788389758.7555392,"[1788389730.7960374, 1788389731.3606298, 1788389731.980341, 1788389732.6228921, 1788389733.2948987, 1788389734.1027153, 1788389734.9020727, 1788389735.671756, 1788389736.3562524, 1788389736.8790534, 1788389737.4828224, 1788389738.050994, 1788389738.6493769, 1788389739.2773736, 1788389739.9508193, 1788389740.600872, 1788389741.2995608, 1788389742.0288396, 1788389742.579941, 1788389743.261893, 1788389743.8069952, 1788389744.413281, 1788389745.043283, 1788389745.6971936, 1788389746.3747628, 1788389747.0791247, 1788389747.8078244, 1788389748.5622344, 1788389749.343049, 1788389750.146473, 1788389750.9653227, 1788389751.5340934, 1788389752.0725286, 1788389752.6634245, 1788389753.2772682, 1788389753.91302, 1788389754.5725176, 1788389754.7374995, 1788389754.8105521, 1788389754.9015868, 1788389754.9918008, 1788389755.0839472, 1788389755.1760495, 1788389755.2668145, 1788389755.3581522, 1788389755.4490864, 1788389755.540028, 1788389755.6326628, 1788389755.7232528, 1788389755.8143501, 1788389755.9055367, 1788389755.9971583, 1788389756.088271, 1788389756.18099, 1788389756.272062, 1788389756.363304, 1788389756.4543324, 1788389756.546376, 1788389756.6368494, 1788389756.7289736, 1788389756.8194022, 1788389756.9115849, 1788389757.001763, 1788389757.0943007, 1788389757.1848695, 1788389757.2767591, 1788389757.3675084, 1788389757.4598053, 1788389757.5506513, 1788389757.6438208, 1788389757.733225, 1788389757.8256266, 1788389757.9097552, 1788389758.0003169, 1788389758.088877, 1788389758.1761622, 1788389758.2598934, 1788389758.3460414, 1788389758.431774, 1788389758.5164502, 1788389758.5952113, 1788389758.6788402, 1788389758.7527623]","[1, 1, 5, 2, 4, 2, 3, 1, 1, 2, 1, 2, 8, 1, 3, 2, 2, 4, 2, 2, 1, 1, 5, 1, 2, 4, 3, 1, 2, 4, 1, 4, 1, 1, 1, 3, 5, 2, 1, 2, 4, 2, 8, 3, 1, 5, 1, 1, 3, 2, 1, 2, 5, 1, 2, 8, 2, 1, 1, 2, 2, 1, 2, 1, 6, 2, 1, 2, 2, 2, 4, 2, 7, 2, 1, 5, 6, 9, 4, 3, 1, 2, 3]"
User-048,0,trace_0546,1788389758.8302026,streaming,11642,96,96,0,177,3.9333019256591797,8.029223680496216,0.04311496584038985,0.0,0,True,,1788389750.8009322,1788389754.734234,1788389758.8301558,"[1788389754.734234, 1788389754.810043, 1788389754.9009268, 1788389754.9915707, 1788389755.0834332, 1788389755.1755464, 1788389755.2662706, 1788389755.3576453, 1788389755.44857, 1788389755.5395026, 1788389755.6321652, 1788389755.722711, 1788389755.8138404, 1788389755.9051552, 1788389755.9966524, 1788389756.0877335, 1788389756.1804743, 1788389756.2713325, 1788389756.3629107, 1788389756.4538038, 1788389756.5458615, 1788389756.6363413, 1788389756.72846, 1788389756.818893, 1788389756.9110782, 1788389757.0012548, 1788389757.0938048, 1788389757.184341, 1788389757.27623, 1788389757.3669894, 1788389757.459297, 1788389757.550138, 1788389757.6433072, 1788389757.7327042, 1788389757.8251143, 1788389757.909524, 1788389757.9998066, 1788389758.0883436, 1788389758.1756444, 1788389758.2593772, 1788389758.3455174, 1788389758.4312441, 1788389758.5158901, 1788389758.594643, 1788389758.6782854, 1788389758.7521253, 1788389758.8272898]","[1, 1, 5, 2, 3, 1, 2, 3, 1, 3, 1, 1, 1, 2, 1, 4, 3, 2, 6, 4, 2, 1, 4, 2, 2, 1, 1, 1, 3, 2, 1, 2, 2, 1, 1, 4, 1, 3, 1, 2, 2, 2, 3, 1, 1, 1, 2]"
User-031,2,trace_0624,1788389759.6128998,streaming,25658,177,177,359,41,13.392088174819946,22.040621042251587,0.04913939129222523,95.0,0,True,,1788389737.5721788,1788389750.964267,1788389759.6128,"[1788389750.964267, 1788389751.5327764, 1788389752.071459, 1788389752.6622145, 1788389753.2761972, 1788389753.9119542, 1788389754.5714717, 1788389754.7327378, 1788389754.8089926, 1788389754.899842, 1788389754.9911065, 1788389755.0823882, 1788389755.1744761, 1788389755.2652085, 1788389755.3566046, 1788389755.44754, 1788389755.538292, 1788389755.6311133, 1788389755.721668, 1788389755.8127878, 1788389755.9043705, 1788389755.9954798, 1788389756.0864859, 1788389756.1791496, 1788389756.270019, 1788389756.3620803, 1788389756.452572, 1788389756.5446286, 1788389756.6351004, 1788389756.727208, 1788389756.8176246, 1788389756.909992, 1788389757.0000353, 1788389757.0925517, 1788389757.183041, 1788389757.2749736, 1788389757.3656976, 1788389757.4580612, 1788389757.5488634, 1788389757.6420121, 1788389757.7314835, 1788389757.8240595, 1788389757.9089868, 1788389757.998562, 1788389758.087098, 1788389758.1744003, 1788389758.2581155, 1788389758.3442695, 1788389758.4299853, 1788389758.514656, 1788389758.5934389, 1788389758.6768148, 1788389758.7515929, 1788389758.8266926, 1788389758.8970754, 1788389758.9683766, 1788389759.0402288, 1788389759.1101034, 1788389759.1816034, 1788389759.2530332, 1788389759.323137, 1788389759.3943913, 1788389759.4656274, 1788389759.5365624, 1788389759.6099095]","[1, 1, 5, 1, 2, 2, 3, 4, 3, 7, 4, 1, 1, 6, 3, 9, 1, 4, 3, 3, 3, 2, 2, 4, 3, 8, 6, 1, 1, 3, 1, 1, 2, 3, 9, 3, 6, 2, 8, 1, 1, 3, 1, 2, 4, 1, 3, 1, 1, 1, 3, 2, 1, 1, 1, 2, 2, 1, 3, 2, 2, 1, 3, 1, 1]"
User-034,4,trace_0164,1788389760.4462218,streaming,21907,283,283,311,30,10.361746549606323,19.271282196044922,0.03159409803701631,13.0,0,True,,1788389741.17487,1788389751.5366166,1788389760.4461522,"[1788389751.5366166, 1788389752.0746782, 1788389752.665538, 1788389753.2794178, 1788389753.9151862, 1788389754.5746603, 1788389754.7397926, 1788389754.8126364, 1788389754.903987, 1788389754.992769, 1788389755.086192, 1788389755.1782212, 1788389755.2692738, 1788389755.3603036, 1788389755.4515164, 1788389755.5420773, 1788389755.6347547, 1788389755.7256806, 1788389755.8165953, 1788389755.9071531, 1788389755.9994612, 1788389756.0903177, 1788389756.1830232, 1788389756.2741702, 1788389756.3652503, 1788389756.456665, 1788389756.548483, 1788389756.6392212, 1788389756.731023, 1788389756.8217027, 1788389756.9136565, 1788389757.0041459, 1788389757.096371, 1788389757.1872015, 1788389757.278792, 1788389757.3698223, 1788389757.4618788, 1788389757.5531492, 1788389757.6461694, 1788389757.7351668, 1788389757.8271906, 1788389757.9104807, 1788389758.0018642, 1788389758.0904138, 1788389758.177741, 1788389758.2615075, 1788389758.3476787, 1788389758.4333322, 1788389758.5182776, 1788389758.5962462, 1788389758.6798759, 1788389758.7540724, 1788389758.8287659, 1788389758.8982246, 1788389758.9695692, 1788389759.0413845, 1788389759.1112862, 1788389759.1827865, 1788389759.2542253, 1788389759.3243053, 1788389759.395589, 1788389759.4668329, 1788389759.5377471, 1788389759.6114445, 1788389759.6779735, 1788389759.7466886, 1788389759.8166327, 1788389759.885623, 1788389759.9553907, 1788389760.0255322, 1788389760.094698, 1788389760.1646821, 1788389760.2338083, 1788389760.3031843, 1788389760.3730736, 1788389760.44441]","[1, 3, 3, 2, 3, 2, 1, 1, 3, 3, 2, 1, 4, 1, 3, 1, 2, 2, 7, 6, 1, 3, 5, 5, 1, 1, 5, 3, 6, 1, 3, 4, 9, 7, 3, 1, 4, 3, 9, 2, 8, 3, 7, 2, 2, 5, 1, 1, 6, 3, 4, 3, 7, 2, 1, 9, 9, 2, 6, 9, 2, 1, 6, 4, 6, 3, 3, 4, 2, 2, 1, 5, 7, 9, 5, 6]"
User-025,12,trace_0588,1788389764.437924,streaming,31506,416,416,480,5,8.315727472305298,36.39858341217041,0.06766953238521714,15.0,0,True,,1788389728.0392272,1788389736.3549547,1788389764.4378107,"[1788389736.3549547, 1788389736.8776612, 1788389737.481707, 1788389738.049671, 1788389738.6479576, 1788389739.2761495, 1788389739.950233, 1788389740.5995896, 1788389741.2981756, 1788389742.0268152, 1788389742.5780408, 1788389743.2601368, 1788389743.8049884, 1788389744.4115217, 1788389745.041519, 1788389745.6953886, 1788389746.3729315, 1788389747.077309, 1788389747.8059845, 1788389748.5604205, 1788389749.3412454, 1788389750.1446812, 1788389750.9625401, 1788389751.531627, 1788389752.0701916, 1788389752.6609921, 1788389753.2749844, 1788389753.9106796, 1788389754.570176, 1788389754.7315993, 1788389754.807718, 1788389754.8985722, 1788389754.9904594, 1788389755.0811694, 1788389755.1731875, 1788389755.2639837, 1788389755.3553681, 1788389755.4462798, 1788389755.5370865, 1788389755.6298506, 1788389755.7204328, 1788389755.8115826, 1788389755.9033928, 1788389755.9942021, 1788389756.085329, 1788389756.177909, 1788389756.2688494, 1788389756.3609924, 1788389756.4514174, 1788389756.5434828, 1788389756.633875, 1788389756.726022, 1788389756.816445, 1788389756.908871, 1788389756.9988878, 1788389757.091361, 1788389757.181854, 1788389757.2737887, 1788389757.364546, 1788389757.4569025, 1788389757.5476851, 1788389757.6408467, 1788389757.7302985, 1788389757.822296, 1788389757.9087024, 1788389757.9979482, 1788389758.0864453, 1788389758.1737943, 1788389758.2575052, 1788389758.3436458, 1788389758.429342, 1788389758.5140522, 1788389758.592825, 1788389758.676199, 1788389758.7509837, 1788389758.8260863, 1788389758.8964229, 1788389758.9677618, 1788389759.0395894, 1788389759.1094744, 1788389759.1809952, 1788389759.2524402, 1788389759.3224967, 1788389759.3937874, 1788389759.465033, 1788389759.535964, 1788389759.6092818, 1788389759.6768074, 1788389759.7455597, 1788389759.8154805, 1788389759.8844602, 1788389759.9542162, 1788389760.0243561, 1788389760.0934975, 1788389760.1635008, 1788389760.2326257, 1788389760.3019567, 1788389760.3718908, 1788389760.4431195, 1788389760.5111036, 1788389760.584978, 1788389760.6476908, 1788389760.717311, 1788389760.8273494, 1788389760.8563676, 1788389760.9282393, 1788389760.9927309, 1788389761.3536518, 1788389761.3840175, 1788389761.453755, 1788389761.5231235, 1788389761.5982697, 1788389761.6633275, 1788389761.7324932, 1788389761.8025794, 1788389761.8717678, 1788389761.9409661, 1788389762.011115, 1788389762.0806086, 1788389762.150512, 1788389762.2204525, 1788389762.2894964, 1788389762.3594742, 1788389762.44104, 1788389762.509709, 1788389762.5727708, 1788389762.6425874, 1788389763.2134082, 1788389763.8078568, 1788389764.4346888]","[1, 1, 1, 1, 4, 3, 1, 3, 2, 1, 1, 1, 3, 3, 1, 6, 6, 4, 4, 3, 4, 2, 5, 1, 4, 1, 2, 2, 8, 5, 2, 2, 2, 1, 6, 1, 2, 3, 4, 1, 3, 1, 5, 2, 2, 9, 2, 3, 3, 4, 9, 5, 2, 1, 2, 9, 2, 3, 2, 3, 3, 1, 1, 7, 2, 2, 3, 1, 2, 4, 7, 1, 2, 1, 2, 2, 3, 2, 3, 3, 2, 1, 2, 1, 1, 1, 1, 4, 1, 1, 1, 2, 2, 5, 3, 5, 5, 9, 3, 1, 2, 3, 2, 6, 9, 5, 5, 9, 9, 6, 9, 9, 5, 1, 4, 1, 2, 2, 9, 5, 2, 4, 2, 9, 3, 2, 1, 4, 1, 2]"
User-035,4,trace_0062,1788389789.309153,streaming,2964,479,479,202,45,8.623399257659912,54.66790270805359,0.0963274130761374,797.0,0,True,,1788389734.6410954,1788389743.2644947,1788389789.308998,"[1788389743.2644947, 1788389743.8092473, 1788389744.4154427, 1788389745.0453491, 1788389745.699323, 1788389746.376859, 1788389747.0811849, 1788389747.809926, 1788389748.5643935, 1788389749.3450928, 1788389750.1485565, 1788389750.9680927, 1788389751.537593, 1788389752.0757246, 1788389752.666595, 1788389753.2804234, 1788389753.9162512, 1788389754.5757427, 1788389754.7407877, 1788389754.8137195, 1788389754.9050558, 1788389754.9932134, 1788389755.087397, 1788389755.179242, 1788389755.2703874, 1788389755.3613317, 1788389755.4525144, 1788389755.5431018, 1788389755.6358109, 1788389755.726672, 1788389755.817638, 1788389755.9079316, 1788389756.0004904, 1788389756.0913725, 1788389756.1840389, 1788389756.2752264, 1788389756.3662567, 1788389756.4576564, 1788389756.549553, 1788389756.640213, 1788389756.7320344, 1788389756.8226814, 1788389756.9146895, 1788389757.0051389, 1788389757.0973804, 1788389757.188209, 1788389757.2798007, 1788389757.3708167, 1788389757.4628925, 1788389757.5541928, 1788389757.6472597, 1788389757.7361863, 1788389757.8282168, 1788389757.9109638, 1788389758.0029464, 1788389758.0914245, 1788389758.1787996, 1788389758.262543, 1788389758.3486965, 1788389758.434367, 1788389758.5193498, 1788389758.5973122, 1788389758.6809044, 1788389758.7551672, 1788389758.8298342, 1788389758.8993182, 1788389758.9706013, 1788389759.0424597, 1788389759.1123517, 1788389759.1838682, 1788389759.2553298, 1788389759.3253872, 1788389759.3966255, 1788389759.4678886, 1788389759.5388727, 1788389759.6125064, 1788389759.6791773, 1788389759.7478335, 1788389759.8177836, 1788389759.8867776, 1788389759.9565058, 1788389760.0266693, 1788389760.095876, 1788389760.1658237, 1788389760.2349741, 1788389760.3043625, 1788389760.3742218, 1788389760.4457889, 1788389760.511645, 1788389760.5855286, 1788389760.648247, 1788389760.7178645, 1788389760.8276184, 1788389760.8569393, 1788389760.9288, 1788389760.9932804, 1788389761.3561974, 1788389761.3863544, 1788389761.4561725, 1788389761.5253549, 1788389761.6006265, 1788389761.66565, 1788389761.7347896, 1788389761.8048923, 1788389761.874045, 1788389761.9432526, 1788389762.0133636, 1788389762.0829442, 1788389762.1528704, 1788389762.2227154, 1788389762.2918031, 1788389762.361748, 1788389762.4421492, 1788389762.51083, 1788389762.5751183, 1788389762.6449287, 1788389763.2162266, 1788389763.8100939, 1788389764.4374883, 1788389765.0780153, 1788389765.7509062, 1788389766.4477034, 1788389767.1758795, 1788389767.9290006, 1788389768.7112942, 1788389769.5195158, 1788389770.3550751, 1788389771.2198157, 1788389772.0479343, 1788389772.5674858, 1788389773.169009, 1788389773.7967114, 1788389774.4499454, 1788389775.1269486, 1788389775.834066, 1788389776.5648499, 1788389777.3037891, 1788389777.9047542, 1788389778.4698708, 1788389779.0789156, 1788389779.7140176, 1788389780.371239, 1788389781.0532067, 1788389781.764496, 1788389782.5062766, 1788389783.2710295, 1788389784.0941663, 1788389784.9069204, 1788389785.73048, 1788389786.5676274, 1788389787.337899, 1788389788.1921113, 1788389788.7118227, 1788389789.3077226]","[1, 2, 1, 5, 2, 4, 9, 1, 3, 4, 3, 1, 1, 1, 1, 2, 1, 2, 1, 5, 1, 3, 5, 1, 1, 1, 3, 4, 9, 6, 6, 2, 5, 9, 1, 2, 6, 1, 1, 1, 1, 2, 2, 2, 4, 8, 2, 3, 5, 3, 1, 2, 2, 4, 1, 2, 2, 2, 5, 2, 5, 2, 8, 2, 9, 3, 1, 4, 1, 1, 1, 3, 1, 5, 7, 5, 2, 2, 3, 2, 1, 1, 5, 4, 1, 3, 2, 1, 8, 3, 1, 2, 4, 6, 4, 4, 3, 3, 3, 1, 3, 1, 6, 2, 6, 5, 3, 3, 6, 3, 2, 9, 1, 3, 1, 2, 2, 4, 2, 4, 1, 9, 6, 4, 7, 4, 9, 1, 2, 4, 1, 4, 1, 1, 2, 3, 1, 1, 2, 2, 4, 1, 1, 3, 1, 9, 4, 4, 4, 3, 5, 3, 2, 2]"
User-007,11,trace_0398,1788389793.6993084,streaming,30808,219,219,467,11,0.5335655212402344,32.87811255455017,0.14836948180417403,108.0,0,True,,1788389760.8210814,1788389761.354647,1788389793.699194,"[1788389761.354647, 1788389761.3846488, 1788389761.4543588, 1788389761.5237308, 1788389761.5989301, 1788389761.6639564, 1788389761.7330801, 1788389761.8032312, 1788389761.8723733, 1788389761.9415743, 1788389762.0117345, 1788389762.0812583, 1788389762.1511872, 1788389762.2210793, 1788389762.2901354, 1788389762.3600783, 1788389762.4413993, 1788389762.5100503, 1788389762.57345, 1788389762.6432972, 1788389763.2143888, 1788389763.8084614, 1788389764.4358456, 1788389765.078563, 1788389765.7514687, 1788389766.4482698, 1788389767.176455, 1788389767.9292657, 1788389768.7118797, 1788389769.5200799, 1788389770.355656, 1788389771.22035, 1788389772.0452163, 1788389772.564953, 1788389773.1666596, 1788389773.794365, 1788389774.447554, 1788389775.124642, 1788389775.8316867, 1788389776.5625188, 1788389777.3007002, 1788389777.9011793, 1788389778.4664166, 1788389779.075561, 1788389779.7104745, 1788389780.3676467, 1788389781.0496645, 1788389781.7611237, 1788389782.5029988, 1788389783.2676473, 1788389784.0900745, 1788389784.9023223, 1788389785.7259846, 1788389786.5624838, 1788389787.3328407, 1788389788.1856565, 1788389788.7060533, 1788389789.301557, 1788389789.9182847, 1788389790.5598457, 1788389791.22275, 1788389791.9282558, 1788389792.4754379, 1788389793.0705304, 1788389793.6926363]","[1, 7, 2, 2, 5, 9, 6, 8, 2, 1, 4, 1, 3, 1, 3, 4, 3, 3, 6, 7, 1, 4, 2, 8, 4, 5, 8, 5, 1, 3, 3, 2, 2, 2, 7, 3, 7, 2, 2, 3, 1, 1, 3, 5, 2, 9, 4, 4, 1, 9, 4, 1, 1, 1, 1, 1, 2, 3, 1, 2, 1, 3, 3, 2, 2]"
User-022,7,trace_0418,1788389796.9924374,streaming,19276,135,135,287,8,9.54058027267456,34.48670959472656,0.18616514419441793,11.0,0,True,,1788389762.5056658,1788389772.046246,1788389796.9923754,"[1788389772.046246, 1788389772.565574, 1788389773.1673481, 1788389773.7950292, 1788389774.448221, 1788389775.1252604, 1788389775.8323412, 1788389776.5631666, 1788389777.3013227, 1788389777.90179, 1788389778.4670677, 1788389779.0762281, 1788389779.7112513, 1788389780.368476, 1788389781.0502872, 1788389781.7617319, 1788389782.5036013, 1788389783.2683072, 1788389784.0907447, 1788389784.902986, 1788389785.7265894, 1788389786.5631719, 1788389787.3334498, 1788389788.1863434, 1788389788.706674, 1788389789.3022618, 1788389789.9176772, 1788389790.5590951, 1788389791.2220945, 1788389791.9276457, 1788389792.4747963, 1788389793.06985, 1788389793.6903667, 1788389794.3285022, 1788389794.9919617, 1788389795.6751277, 1788389796.3843155, 1788389796.9216838, 1788389796.9877949]","[1, 2, 1, 3, 8, 3, 4, 4, 5, 5, 1, 2, 1, 5, 3, 2, 2, 1, 1, 6, 2, 3, 9, 4, 1, 4, 1, 3, 4, 3, 4, 9, 1, 5, 8, 3, 8, 2, 1]"
User-049,0,trace_0273,1788389797.7749825,streaming,18402,104,104,0,287,14.487269401550293,34.95994329452515,0.19876382420363936,0.0,0,True,,1788389762.8149822,1788389777.3022516,1788389797.7749255,"[1788389777.3022516, 1788389777.902346, 1788389778.4676762, 1788389779.076847, 1788389779.711798, 1788389780.3690405, 1788389781.0509658, 1788389781.7623637, 1788389782.5042133, 1788389783.2689078, 1788389784.0921652, 1788389784.9049575, 1788389785.7283332, 1788389786.5648663, 1788389787.3352098, 1788389788.1888425, 1788389788.7089005, 1788389789.3045719, 1788389789.9204974, 1788389790.562891, 1788389791.2249584, 1788389791.9312172, 1788389792.4781573, 1788389793.0732708, 1788389793.6958084, 1788389794.3313143, 1788389794.994914, 1788389795.6779811, 1788389796.387208, 1788389796.9246047, 1788389796.9909945, 1788389797.0737603, 1788389797.1616764, 1788389797.2477033, 1788389797.3350718, 1788389797.4206421, 1788389797.5088327, 1788389797.5947037, 1788389797.6828208, 1788389797.7705693]","[1, 1, 1, 4, 2, 4, 2, 3, 1, 1, 3, 2, 8, 1, 3, 2, 2, 4, 2, 2, 1, 4, 2, 2, 3, 3, 1, 2, 3, 1, 3, 4, 8, 6, 4, 1, 2, 1, 3, 1]"
User-048,1,trace_0546,1788389798.1932456,streaming,13780,94,94,177,33,14.995197057723999,35.28463006019592,0.21816594626313895,7.0,0,True,,1788389762.9085653,1788389777.9037623,1788389798.1931953,"[1788389777.9037623, 1788389778.4688525, 1788389779.0778956, 1788389779.7129588, 1788389780.3701162, 1788389781.0520124, 1788389781.7634473, 1788389782.505245, 1788389783.2699554, 1788389784.0931582, 1788389784.9059408, 1788389785.7293992, 1788389786.5666544, 1788389787.336838, 1788389788.1911323, 1788389788.7110286, 1788389789.306688, 1788389789.922567, 1788389790.5649643, 1788389791.2271, 1788389791.9332128, 1788389792.4802814, 1788389793.0754335, 1788389793.6978323, 1788389794.3334367, 1788389794.9970224, 1788389795.6802516, 1788389796.3892906, 1788389796.9266088, 1788389796.993354, 1788389797.0759628, 1788389797.163832, 1788389797.249861, 1788389797.3372493, 1788389797.4227407, 1788389797.5109603, 1788389797.59688, 1788389797.6849277, 1788389797.773074, 1788389797.8550248, 1788389797.937525, 1788389798.0220711, 1788389798.1077948, 1788389798.1909153]","[1, 1, 1, 3, 1, 1, 6, 5, 2, 1, 1, 1, 1, 2, 1, 2, 2, 1, 2, 2, 2, 1, 1, 2, 1, 1, 3, 7, 7, 1, 1, 2, 3, 2, 2, 2, 4, 1, 2, 1, 2, 2, 3, 4]"
User-039,3,trace_0220,1788389798.6799376,streaming,13451,120,120,447,4,8.550148248672485,19.03988480567932,0.08814904669753644,26.0,0,True,,1788389779.6399684,1788389788.1901166,1788389798.6798532,"[1788389788.1901166, 1788389788.7099035, 1788389789.3056762, 1788389789.9214983, 1788389790.563925, 1788389791.2259576, 1788389791.9322116, 1788389792.4792671, 1788389793.0743659, 1788389793.6968117, 1788389794.3323994, 1788389794.9959328, 1788389795.6790028, 1788389796.3882208, 1788389796.925589, 1788389796.9920132, 1788389797.0748563, 1788389797.1627173, 1788389797.2487562, 1788389797.3361177, 1788389797.421651, 1788389797.5098462, 1788389797.595785, 1788389797.6838481, 1788389797.771877, 1788389797.8539913, 1788389797.9364748, 1788389798.0210266, 1788389798.1067224, 1788389798.1898232, 1788389798.2708974, 1788389798.3525672, 1788389798.4322383, 1788389798.5141723, 1788389798.5937378, 1788389798.6771147]","[1, 7, 1, 2, 5, 4, 4, 1, 2, 3, 8, 2, 3, 1, 4, 3, 2, 1, 9, 3, 1, 3, 3, 3, 5, 4, 5, 8, 6, 4, 2, 1, 1, 2, 2, 4]"
User-031,3,trace_0624,1788389800.5498493,streaming,28868,156,156,400,50,18.845568895339966,32.82962226867676,0.09021969918281801,16.0,0,True,,1788389767.7200947,1788389786.5656636,1788389800.549717,"[1788389786.5656636, 1788389787.335713, 1788389788.1893325, 1788389788.709407, 1788389789.3051677, 1788389789.920995, 1788389790.563408, 1788389791.22546, 1788389791.9317312, 1788389792.4787562, 1788389793.0738564, 1788389793.6963143, 1788389794.3318293, 1788389794.995432, 1788389795.6784904, 1788389796.3877244, 1788389796.925102, 1788389796.991502, 1788389797.0742967, 1788389797.1622107, 1788389797.2482264, 1788389797.3356113, 1788389797.4211526, 1788389797.509345, 1788389797.5952528, 1788389797.6833446, 1788389797.7713678, 1788389797.8534744, 1788389797.9359307, 1788389798.0205035, 1788389798.1062205, 1788389798.189316, 1788389798.2703514, 1788389798.3520622, 1788389798.4317424, 1788389798.5136616, 1788389798.5932224, 1788389798.6765673, 1788389798.754442, 1788389798.833998, 1788389798.911613, 1788389798.9906821, 1788389799.0677862, 1788389799.1474087, 1788389799.2248814, 1788389799.3041644, 1788389799.3814282, 1788389799.4606352, 1788389799.5379467, 1788389799.616978, 1788389799.693973, 1788389799.7738435, 1788389799.8513522, 1788389799.9308562, 1788389800.0080733, 1788389800.08771, 1788389800.1652722, 1788389800.249001, 1788389800.3218014, 1788389800.4888897, 1788389800.546358]","[1, 1, 5, 1, 2, 2, 2, 1, 2, 3, 5, 2, 3, 2, 1, 1, 1, 3, 2, 3, 9, 3, 1, 3, 6, 2, 2, 4, 7, 3, 1, 1, 2, 2, 1, 3, 1, 2, 1, 3, 4, 1, 1, 1, 5, 7, 5, 1, 1, 1, 1, 2, 5, 2, 2, 3, 1, 1, 5, 5, 2]"
User-050,0,trace_0243,1788389800.708839,streaming,22167,147,147,0,346,20.1583092212677,36.77529168128967,0.11381494835631488,0.0,0,True,,1788389763.9333465,1788389784.0916557,1788389800.7086382,"[1788389784.0916557, 1788389784.9044626, 1788389785.7278147, 1788389786.5643656, 1788389787.3346589, 1788389788.1875453, 1788389788.7078197, 1788389789.3033574, 1788389789.9194689, 1788389790.5618212, 1788389791.2239316, 1788389791.9293919, 1788389792.4765987, 1788389793.0717366, 1788389793.6940315, 1788389794.3297312, 1788389794.993288, 1788389795.6764216, 1788389796.3855999, 1788389796.923071, 1788389796.989386, 1788389797.072099, 1788389797.1600053, 1788389797.2459538, 1788389797.3333464, 1788389797.4189756, 1788389797.5071454, 1788389797.593068, 1788389797.681121, 1788389797.7689042, 1788389797.8517556, 1788389797.9342058, 1788389798.0188148, 1788389798.1045604, 1788389798.1876462, 1788389798.2686102, 1788389798.350315, 1788389798.4299889, 1788389798.5119596, 1788389798.591497, 1788389798.6748314, 1788389798.7527409, 1788389798.8322499, 1788389798.9098425, 1788389798.9891105, 1788389799.0660434, 1788389799.1456003, 1788389799.2231095, 1788389799.3024073, 1788389799.3797002, 1788389799.458905, 1788389799.536226, 1788389799.6152728, 1788389799.6926768, 1788389799.7721083, 1788389799.8495955, 1788389799.9291067, 1788389800.0062833, 1788389800.085958, 1788389800.1636732, 1788389800.247445, 1788389800.3201962, 1788389800.487394, 1788389800.544588, 1788389800.6241224, 1788389800.704116]","[1, 1, 1, 4, 4, 1, 3, 1, 1, 1, 2, 2, 3, 2, 3, 1, 2, 1, 1, 1, 2, 1, 1, 4, 3, 1, 4, 2, 3, 3, 1, 1, 2, 4, 6, 1, 1, 2, 2, 2, 2, 1, 1, 2, 1, 1, 3, 8, 2, 1, 2, 2, 2, 2, 5, 3, 3, 1, 3, 1, 3, 2, 3, 2, 4, 5]"
User-037,4,trace_0489,1788389801.1688795,streaming,25710,3746,3743,394,6,0.5300962924957275,124.74253797531128,0.03319413193020191,9.0,0,True,,1788389676.4262419,1788389676.9563382,1788389801.1687799,"[1788389676.9563382, 1788389676.9845457, 1788389677.0580893, 1788389677.1325052, 1788389677.2049766, 1788389677.2795768, 1788389677.355313, 1788389677.4270415, 1788389677.4997926, 1788389677.5702908, 1788389677.6317182, 1788389677.6972957, 1788389677.7625723, 1788389677.82844, 1788389677.894251, 1788389677.9593284, 1788389678.0251312, 1788389678.0906172, 1788389678.1562133, 1788389678.2217674, 1788389678.2870016, 1788389678.3525171, 1788389678.4185166, 1788389678.4827647, 1788389678.5519953, 1788389678.6137407, 1788389678.6821578, 1788389678.7444494, 1788389678.813046, 1788389678.8743248, 1788389679.0854409, 1788389679.085617, 1788389679.1313803, 1788389679.199573, 1788389679.2630503, 1788389679.8279254, 1788389680.4240615, 1788389681.0446012, 1788389681.691061, 1788389682.3618276, 1788389683.0639071, 1788389683.8984673, 1788389684.654465, 1788389685.4910758, 1788389686.3570685, 1788389687.27688, 1788389687.3811338, 1788389687.448784, 1788389687.5362077, 1788389687.624261, 1788389687.7108028, 1788389687.7989724, 1788389687.8883364, 1788389687.972955, 1788389688.0556931, 1788389688.141127, 1788389688.2239292, 1788389688.3089871, 1788389688.3921661, 1788389688.4773352, 1788389688.5602007, 1788389688.6454287, 1788389688.7286274, 1788389688.8138864, 1788389688.8985107, 1788389688.9791956, 1788389689.0606375, 1788389689.1424873, 1788389689.2223318, 1788389689.3044853, 1788389689.3839967, 1788389689.466277, 1788389689.546106, 1788389689.628047, 1788389689.7080905, 1788389689.7896335, 1788389689.8695257, 1788389689.9512372, 1788389690.031432, 1788389690.1130831, 1788389690.192816, 1788389690.2751336, 1788389690.354767, 1788389690.436405, 1788389690.5192032, 1788389690.5981696, 1788389690.6703084, 1788389690.7459433, 1788389690.820587, 1788389690.8966775, 1788389690.9715333, 1788389691.0472822, 1788389691.122155, 1788389691.1982694, 1788389691.272891, 1788389691.3489459, 1788389691.423638, 1788389691.5000484, 1788389691.5743935, 1788389691.6505542, 1788389691.7253962, 1788389691.8014743, 1788389691.8764536, 1788389691.9659243, 1788389692.0293581, 1788389692.1096048, 1788389692.1743293, 1788389692.4916172, 1788389692.536927, 1788389692.612087, 1788389692.6879659, 1788389692.7630057, 1788389692.8921292, 1788389692.914138, 1788389692.9945385, 1788389693.0689948, 1788389693.6351583, 1788389694.2282088, 1788389694.8470268, 1788389695.495449, 1788389696.159282, 1788389696.8504739, 1788389697.5682316, 1788389698.3156736, 1788389699.093677, 1788389699.8976243, 1788389700.293518, 1788389700.3467178, 1788389700.4186223, 1788389700.4969308, 1788389700.5687778, 1788389700.6403744, 1788389700.71916, 1788389700.781169, 1788389700.8461413, 1788389700.91043, 1788389700.9750152, 1788389701.0392847, 1788389701.1035488, 1788389701.16845, 1788389701.232595, 1788389701.2972739, 1788389701.3613596, 1788389701.4258687, 1788389701.4905064, 1788389701.554522, 1788389701.618963, 1788389701.682884, 1788389701.7474208, 1788389701.812453, 1788389701.8767717, 1788389701.9415164, 1788389702.0054424, 1788389702.0704145, 1788389702.1348457, 1788389702.1990385, 1788389702.265568, 1788389702.3306465, 1788389702.3911748, 1788389702.4561272, 1788389702.520442, 1788389702.6040165, 1788389702.6501825, 1788389702.7192788, 1788389702.779506, 1788389703.016062, 1788389703.049907, 1788389703.113059, 1788389703.1777165, 1788389703.2406762, 1788389703.3051069, 1788389703.3681173, 1788389703.431786, 1788389703.4946604, 1788389703.5584743, 1788389703.621369, 1788389703.686659, 1788389703.7493298, 1788389703.8134809, 1788389703.8767014, 1788389703.9407792, 1788389704.0039716, 1788389704.068457, 1788389704.1312294, 1788389704.1955745, 1788389704.2586737, 1788389704.3231506, 1788389704.3861957, 1788389704.4505324, 1788389704.5133955, 1788389704.5777042, 1788389704.6407444, 1788389704.705049, 1788389704.7682822, 1788389704.832584, 1788389704.895584, 1788389704.959931, 1788389705.0230136, 1788389705.0875082, 1788389705.1505542, 1788389705.2150197, 1788389705.2778056, 1788389705.34255, 1788389705.405479, 1788389705.4695764, 1788389705.5327024, 1788389705.597102, 1788389705.660092, 1788389705.7247775, 1788389705.7882829, 1788389705.8520772, 1788389705.9150946, 1788389705.9795537, 1788389706.0426238, 1788389706.107229, 1788389706.1702154, 1788389706.2348642, 1788389706.2976806, 1788389706.362226, 1788389706.4255066, 1788389706.489721, 1788389706.552934, 1788389706.6174521, 1788389706.680515, 1788389706.7450025, 1788389706.8082542, 1788389706.8728402, 1788389706.9360058, 1788389707.00063, 1788389707.0633497, 1788389707.127847, 1788389707.193729, 1788389707.2554471, 1788389707.3200264, 1788389707.3852828, 1788389707.4769974, 1788389707.5152774, 1788389707.5845845, 1788389707.644971, 1788389708.5134168, 1788389708.5415506, 1788389708.799487, 1788389708.830147, 1788389708.899811, 1788389708.9696755, 1788389709.0385973, 1788389709.1084719, 1788389709.177536, 1788389709.2474544, 1788389709.3171043, 1788389709.3863447, 1788389709.4562802, 1788389709.525338, 1788389709.5948386, 1788389709.6647272, 1788389709.7340143, 1788389709.8039834, 1788389709.8730404, 1788389709.9472444, 1788389710.012443, 1788389710.086419, 1788389710.151692, 1788389710.22118, 1788389710.2902856, 1788389710.3603861, 1788389710.4294922, 1788389710.499627, 1788389710.569617, 1788389710.6386235, 1788389710.7087743, 1788389710.777989, 1788389710.8479128, 1788389710.9175608, 1788389710.9868298, 1788389711.0569348, 1788389711.1262252, 1788389711.1964366, 1788389711.266243, 1788389711.3354144, 1788389711.405665, 1788389711.4750884, 1788389711.5442917, 1788389711.6141248, 1788389711.6837385, 1788389711.7538784, 1788389711.8232176, 1788389711.8925354, 1788389711.962782, 1788389712.0319417, 1788389712.1012933, 1788389712.172318, 1788389712.2409477, 1788389712.3115842, 1788389712.3809273, 1788389712.4508398, 1788389712.5208292, 1788389712.5901673, 1788389712.660484, 1788389712.7296085, 1788389712.7988436, 1788389712.8692598, 1788389712.9384928, 1788389713.0089328, 1788389713.0785062, 1788389713.1477733, 1788389713.217812, 1788389713.287183, 1788389713.3568547, 1788389713.4268248, 1788389713.4961903, 1788389713.5664432, 1788389713.6364977, 1788389713.7059724, 1788389713.7760737, 1788389713.845522, 1788389713.9152477, 1788389713.9852436, 1788389714.0546103, 1788389714.1249156, 1788389714.1944704, 1788389714.320217, 1788389714.3334637, 1788389714.4087906, 1788389714.477958, 1788389715.3107607, 1788389716.1044972, 1788389716.8210444, 1788389717.200979, 1788389717.2482367, 1788389717.3244128, 1788389717.3933673, 1788389717.4640865, 1788389717.5355735, 1788389717.6075826, 1788389717.6781068, 1788389717.749876, 1788389717.8215716, 1788389717.8914435, 1788389717.9640434, 1788389718.0357678, 1788389718.1066678, 1788389718.1782203, 1788389718.2500021, 1788389718.3207097, 1788389718.392535, 1788389718.4643822, 1788389718.5346704, 1788389718.6063998, 1788389718.678147, 1788389718.748666, 1788389718.8203497, 1788389718.8949733, 1788389718.9605267, 1788389719.0313966, 1788389719.1011128, 1788389719.1708107, 1788389719.2413886, 1788389719.3104815, 1788389719.3808906, 1788389719.4682922, 1788389719.5211823, 1788389719.5997403, 1788389719.6589272, 1788389719.9774733, 1788389720.0110977, 1788389720.0773807, 1788389720.1436245, 1788389720.2091975, 1788389720.2754076, 1788389720.341984, 1788389720.4074852, 1788389720.4738488, 1788389720.5394382, 1788389720.6054084, 1788389720.672235, 1788389720.7376838, 1788389720.8041093, 1788389720.8698716, 1788389720.9361086, 1788389721.0018907, 1788389721.0680025, 1788389721.1344295, 1788389721.2024307, 1788389721.2639742, 1788389721.3285298, 1788389721.3954608, 1788389721.4596632, 1788389721.525875, 1788389721.5902376, 1788389721.6563628, 1788389721.720629, 1788389721.787126, 1788389721.851457, 1788389721.9177132, 1788389721.9821398, 1788389722.0481582, 1788389722.1127303, 1788389722.1789498, 1788389722.2431006, 1788389722.308849, 1788389722.3777194, 1788389722.4390383, 1788389722.498473, 1788389722.5577211, 1788389722.616753, 1788389722.6791391, 1788389722.7294846, 1788389722.7824445, 1788389722.8889093, 1788389722.9955702, 1788389723.0489597, 1788389723.1076293, 1788389723.1556015, 1788389723.2089343, 1788389723.2623563, 1788389723.3158505, 1788389723.3690767, 1788389723.4223769, 1788389723.4758067, 1788389723.5292516, 1788389723.582618, 1788389723.6360536, 1788389723.6893861, 1788389723.7429664, 1788389723.7962544, 1788389723.8497524, 1788389723.903259, 1788389723.956852, 1788389724.010228, 1788389724.063679, 1788389724.1219883, 1788389724.1707838, 1788389724.2240913, 1788389724.277693, 1788389724.3311975, 1788389724.3847053, 1788389724.4381988, 1788389724.491796, 1788389724.545326, 1788389724.5989003, 1788389724.6523988, 1788389724.7529736, 1788389724.7594028, 1788389724.820688, 1788389724.89058, 1788389725.440359, 1788389726.0325696, 1788389726.6569674, 1788389727.3053534, 1788389728.0451891, 1788389728.6870067, 1788389729.4198554, 1788389730.1803007, 1788389730.7950275, 1788389731.3600216, 1788389731.9796567, 1788389732.6222544, 1788389733.2942786, 1788389734.1021256, 1788389734.9013705, 1788389735.6710138, 1788389736.3567722, 1788389736.8795805, 1788389737.4842036, 1788389738.052135, 1788389738.6506796, 1788389739.2784412, 1788389739.9512968, 1788389740.6019316, 1788389741.3006864, 1788389742.029831, 1788389742.5809805, 1788389743.2629046, 1788389743.8081672, 1788389744.4143286, 1788389745.044333, 1788389745.6982346, 1788389746.3758204, 1788389747.0801585, 1788389747.8089073, 1788389748.56334, 1788389749.344077, 1788389750.1475465, 1788389750.9671133, 1788389751.5358186, 1788389752.0741653, 1788389752.6649609, 1788389753.2788415, 1788389753.9145815, 1788389754.5740829, 1788389754.739257, 1788389754.8121395, 1788389754.9034646, 1788389754.9925456, 1788389755.085684, 1788389755.177627, 1788389755.2686713, 1788389755.3597927, 1788389755.4510107, 1788389755.5415702, 1788389755.634243, 1788389755.7251797, 1788389755.8160896, 1788389755.9067733, 1788389755.9989545, 1788389756.0898144, 1788389756.1825051, 1788389756.2736635, 1788389756.36475, 1788389756.4560943, 1788389756.5479732, 1788389756.638707, 1788389756.7305098, 1788389756.8210573, 1788389756.9131553, 1788389757.003642, 1788389757.0958705, 1788389757.186684, 1788389757.2782736, 1788389757.3691943, 1788389757.4613721, 1788389757.5526462, 1788389757.64566, 1788389757.734644, 1788389757.8266711, 1788389757.9102566, 1788389758.0013542, 1788389758.089915, 1788389758.177233, 1788389758.2610023, 1788389758.3471687, 1788389758.4328263, 1788389758.5177593, 1788389758.595733, 1788389758.6793637, 1788389758.7535481, 1788389758.82823, 1788389758.8976188, 1788389758.9689403, 1788389759.0407758, 1788389759.1106486, 1788389759.1821487, 1788389759.2536166, 1788389759.3236997, 1788389759.394969, 1788389759.4661906, 1788389759.537124, 1788389759.610904, 1788389759.6774323, 1788389759.7461483, 1788389759.8160932, 1788389759.8850808, 1788389759.9548469, 1788389760.0249913, 1788389760.0941553, 1788389760.1641452, 1788389760.2332692, 1788389760.302601, 1788389760.3725314, 1788389760.443751, 1788389760.510445, 1788389760.584376, 1788389760.6470828, 1788389760.7166884, 1788389760.8270106, 1788389760.8557212, 1788389760.9276109, 1788389760.9921203, 1788389761.3551848, 1788389761.3853073, 1788389761.4550862, 1788389761.5243223, 1788389761.5995858, 1788389761.664611, 1788389761.7337077, 1788389761.8038557, 1788389761.872975, 1788389761.942158, 1788389762.012339, 1788389762.0818427, 1788389762.151794, 1788389762.2216687, 1788389762.2907658, 1788389762.3606925, 1788389762.4416645, 1788389762.510313, 1788389762.5740075, 1788389762.643869, 1788389763.2149804, 1788389763.8090563, 1788389764.4364285, 1788389765.0768065, 1788389765.7496731, 1788389766.4464586, 1788389767.1745722, 1788389767.9283361, 1788389768.710059, 1788389769.5182703, 1788389770.3538065, 1788389771.2183998, 1788389772.046874, 1788389772.5662, 1788389773.1679463, 1788389773.795657, 1788389774.4489038, 1788389775.125883, 1788389775.832994, 1788389776.563777, 1788389777.3027894, 1788389777.9029484, 1788389778.4683392, 1788389779.077379, 1788389779.7124193, 1788389780.369585, 1788389781.051495, 1788389781.7629244, 1788389782.5047326, 1788389783.2694361, 1788389784.0926626, 1788389784.9054532, 1788389785.728875, 1788389786.5661547, 1788389787.336231, 1788389788.1906307, 1788389788.7104912, 1788389789.3061833, 1788389789.9220085, 1788389790.564452, 1788389791.2265515, 1788389791.9327228, 1788389792.4797726, 1788389793.0748992, 1788389793.697329, 1788389794.3329248, 1788389794.9965105, 1788389795.6796145, 1788389796.3887794, 1788389796.92611, 1788389796.9928298, 1788389797.0753899, 1788389797.1632643, 1788389797.2492917, 1788389797.336645, 1788389797.422159, 1788389797.510357, 1788389797.59631, 1788389797.684359, 1788389797.772416, 1788389797.8545008, 1788389797.9369931, 1788389798.021559, 1788389798.107278, 1788389798.1903517, 1788389798.2714257, 1788389798.353072, 1788389798.4327555, 1788389798.5146775, 1788389798.5942357, 1788389798.67789, 1788389798.7549765, 1788389798.834507, 1788389798.9121428, 1788389798.9912374, 1788389799.068298, 1788389799.1479285, 1788389799.2253985, 1788389799.3047004, 1788389799.3819532, 1788389799.4611526, 1788389799.5384552, 1788389799.6174865, 1788389799.6943517, 1788389799.774392, 1788389799.8518918, 1788389799.9313836, 1788389800.0086133, 1788389800.0882354, 1788389800.1659145, 1788389800.2495131, 1788389800.32234, 1788389800.4903297, 1788389800.5477164, 1788389800.6263723, 1788389800.7067223, 1788389800.782898, 1788389800.85721, 1788389800.933046, 1788389801.0075994, 1788389801.083565, 1788389801.166369]","[1, 4, 2, 3, 2, 1, 2, 2, 1, 4, 3, 6, 3, 1, 1, 2, 5, 2, 3, 1, 5, 3, 2, 5, 6, 5, 9, 6, 4, 3, 2, 1, 9, 2, 2, 1, 1, 5, 2, 2, 3, 1, 1, 2, 1, 2, 3, 4, 8, 9, 5, 2, 1, 4, 1, 1, 2, 1, 2, 3, 1, 2, 2, 2, 3, 1, 3, 5, 2, 2, 5, 1, 3, 4, 3, 3, 9, 2, 4, 2, 1, 2, 2, 1, 1, 1, 3, 5, 1, 4, 1, 4, 4, 1, 3, 1, 1, 1, 3, 3, 1, 1, 6, 3, 9, 3, 4, 3, 3, 3, 1, 5, 2, 2, 1, 5, 2, 1, 7, 2, 1, 9, 2, 2, 2, 4, 2, 1, 2, 1, 9, 9, 1, 2, 6, 1, 2, 7, 1, 2, 5, 1, 1, 2, 1, 2, 2, 1, 2, 2, 2, 3, 2, 9, 1, 6, 2, 1, 1, 6, 2, 9, 1, 4, 9, 7, 5, 1, 3, 3, 5, 7, 1, 2, 8, 2, 4, 2, 4, 4, 1, 4, 1, 1, 3, 1, 2, 3, 1, 1, 1, 6, 3, 3, 3, 2, 1, 2, 7, 4, 9, 2, 1, 9, 1, 3, 3, 1, 3, 3, 3, 5, 2, 4, 4, 7, 5, 1, 2, 4, 3, 2, 2, 3, 4, 2, 1, 5, 2, 5, 1, 3, 1, 3, 1, 3, 8, 4, 1, 1, 5, 9, 2, 4, 2, 1, 1, 2, 2, 1, 2, 1, 1, 5, 1, 9, 7, 1, 4, 3, 1, 3, 3, 9, 3, 1, 1, 1, 6, 9, 4, 5, 5, 2, 1, 4, 9, 3, 6, 6, 3, 2, 3, 3, 6, 3, 2, 2, 5, 2, 3, 2, 5, 3, 2, 2, 2, 2, 2, 1, 2, 2, 2, 9, 2, 2, 1, 6, 5, 1, 1, 7, 4, 6, 1, 3, 1, 2, 3, 3, 4, 1, 5, 4, 9, 3, 2, 5, 3, 8, 3, 1, 1, 2, 1, 1, 2, 1, 2, 2, 1, 4, 1, 3, 4, 2, 6, 3, 7, 8, 3, 1, 8, 9, 7, 6, 6, 1, 2, 2, 1, 5, 5, 1, 1, 9, 2, 1, 2, 9, 1, 1, 5, 3, 4, 1, 3, 2, 1, 2, 1, 6, 2, 1, 1, 1, 1, 4, 2, 3, 1, 2, 2, 1, 6, 2, 3, 2, 5, 1, 3, 6, 1, 2, 4, 1, 1, 1, 1, 2, 2, 2, 2, 4, 9, 9, 9, 9, 9, 9, 9, 9, 9, 9, 9, 9, 9, 9, 9, 9, 9, 9, 9, 9, 9, 9, 9, 9, 9, 9, 9, 9, 9, 9, 9, 9, 9, 9, 9, 9, 9, 9, 9, 9, 9, 9, 9, 9, 9, 9, 9, 9, 9, 9, 9, 9, 9, 9, 9, 9, 9, 9, 9, 9, 9, 9, 9, 9, 9, 9, 9, 9, 9, 9, 9, 9, 9, 9, 9, 9, 9, 9, 9, 9, 9, 9, 9, 9, 9, 9, 9, 9, 9, 9, 9, 9, 9, 9, 9, 9, 9, 9, 9, 9, 9, 9, 9, 9, 9, 9, 9, 9, 9, 9, 9, 9, 9, 9, 9, 9, 9, 9, 9, 9, 9, 9, 9, 9, 9, 9, 9, 9, 9, 9, 9, 9, 9, 9, 9, 9, 9, 9, 9, 9, 9, 9, 9, 9, 9, 9, 9, 9, 9, 9, 9, 9, 9, 9, 9, 9, 9, 9, 9, 9, 9, 9, 9, 9, 9, 9, 9, 9, 9, 9, 9, 9, 9, 9, 9, 9, 9, 9, 9, 9, 9, 9, 9, 9, 9, 9, 9, 9, 9, 9, 9, 9, 8, 9, 9, 9, 9, 9, 9, 9, 9, 9, 9, 9, 9, 9, 9, 9, 9, 9, 9, 9, 9, 9, 9, 9, 9, 9, 9, 9, 9, 9, 9, 9, 9, 8, 9, 9, 9, 9, 9, 9, 9, 9, 9, 9, 9, 9, 9, 9, 9, 9, 9, 9, 9, 9, 9, 9, 9, 9, 9, 9, 9, 9, 9, 9, 9, 9, 9, 9, 9, 9, 9, 9, 9, 9, 9, 9, 9, 9, 9, 9, 9, 9, 9, 1]"
User-022,8,trace_0418,1788389803.3752434,streaming,19488,125,125,295,3,0.35851478576660156,3.243868350982666,0.02326898036464568,6.0,0,True,,1788389800.1313126,1788389800.4898274,1788389803.375181,"[1788389800.4898274, 1788389800.5471723, 1788389800.625863, 1788389800.7061863, 1788389800.7823071, 1788389800.8566966, 1788389800.9324992, 1788389801.0070794, 1788389801.0830157, 1788389801.165822, 1788389801.2290852, 1788389801.3009472, 1788389801.3719044, 1788389801.4441423, 1788389801.5160718, 1788389801.5865319, 1788389801.6585987, 1788389801.7294333, 1788389801.825001, 1788389801.8728292, 1788389801.9491737, 1788389802.0155694, 1788389802.1753905, 1788389802.22606, 1788389802.321351, 1788389802.3813725, 1788389802.452622, 1788389802.603963, 1788389802.6620357, 1788389802.7420974, 1788389802.8197246, 1788389802.8990474, 1788389802.976667, 1788389803.055419, 1788389803.1339126, 1788389803.213402, 1788389803.2906294, 1788389803.372445]","[1, 7, 1, 9, 5, 1, 5, 1, 1, 3, 5, 1, 2, 6, 6, 2, 1, 8, 2, 1, 6, 1, 1, 2, 1, 3, 4, 1, 7, 1, 2, 6, 5, 2, 5, 6, 3, 1]"
User-040,1,trace_0278,1788389803.902546,streaming,30271,736,736,304,168,9.610718011856079,41.46437406539917,0.04333830755584094,178.0,0,True,,1788389762.438067,1788389772.048785,1788389803.902441,"[1788389772.048785, 1788389772.5681906, 1788389773.1695416, 1788389773.797243, 1788389774.4504645, 1788389775.127473, 1788389775.8345923, 1788389776.5653582, 1788389777.3042784, 1788389777.9052424, 1788389778.4704006, 1788389779.079434, 1788389779.7145667, 1788389780.3717442, 1788389781.0537596, 1788389781.7650294, 1788389782.5067961, 1788389783.27158, 1788389784.0946817, 1788389784.9074183, 1788389785.7310202, 1788389786.568154, 1788389787.3384435, 1788389788.1926703, 1788389788.7122183, 1788389789.3084927, 1788389789.9235337, 1788389790.5660014, 1788389791.228092, 1788389791.9341886, 1788389792.4813187, 1788389793.0765033, 1788389793.69887, 1788389794.33446, 1788389794.9980412, 1788389795.6814725, 1788389796.3903193, 1788389796.9285111, 1788389796.9948835, 1788389797.0775135, 1788389797.1653488, 1788389797.2513952, 1788389797.3387702, 1788389797.424283, 1788389797.5121932, 1788389797.5984097, 1788389797.6864324, 1788389797.7746012, 1788389797.856603, 1788389797.9391582, 1788389798.0236387, 1788389798.109376, 1788389798.192889, 1788389798.2729633, 1788389798.3545973, 1788389798.4343, 1788389798.516268, 1788389798.595791, 1788389798.6794589, 1788389798.756524, 1788389798.8360727, 1788389798.9136887, 1788389798.9924488, 1788389799.0698407, 1788389799.1494718, 1788389799.226942, 1788389799.3062565, 1788389799.3835258, 1788389799.4626632, 1788389799.5400074, 1788389799.6190143, 1788389799.6955175, 1788389799.7759988, 1788389799.8534124, 1788389799.9329002, 1788389800.0101542, 1788389800.0897634, 1788389800.1675055, 1788389800.2511892, 1788389800.3240316, 1788389800.491799, 1788389800.549295, 1788389800.627952, 1788389800.7083266, 1788389800.7844603, 1788389800.8587863, 1788389800.9346094, 1788389801.0091555, 1788389801.0851429, 1788389801.1682768, 1788389801.2306907, 1788389801.3024924, 1788389801.3734517, 1788389801.4457078, 1788389801.5176628, 1788389801.588143, 1788389801.660193, 1788389801.7310743, 1788389801.8257554, 1788389801.874427, 1788389801.9507744, 1788389802.0170946, 1788389802.177738, 1788389802.2282598, 1788389802.3223064, 1788389802.383694, 1788389802.454711, 1788389802.6059308, 1788389802.6642058, 1788389802.7441862, 1788389802.8217933, 1788389802.9011092, 1788389802.978772, 1788389803.056941, 1788389803.13598, 1788389803.215483, 1788389803.2927365, 1788389803.3747797, 1788389803.446316, 1788389803.522484, 1788389803.5975013, 1788389803.6731102, 1788389803.7476487, 1788389803.8237982, 1788389803.9018211]","[1, 1, 3, 4, 4, 5, 4, 1, 3, 1, 1, 3, 4, 2, 4, 4, 1, 2, 4, 2, 3, 6, 9, 8, 9, 3, 5, 1, 3, 6, 1, 5, 3, 3, 2, 8, 2, 1, 2, 6, 2, 2, 4, 9, 9, 9, 9, 9, 9, 6, 2, 1, 9, 8, 9, 6, 9, 9, 8, 9, 9, 9, 9, 9, 9, 9, 9, 9, 9, 8, 1, 8, 3, 3, 3, 7, 9, 5, 9, 9, 9, 6, 9, 5, 9, 9, 9, 9, 5, 1, 9, 4, 8, 9, 9, 6, 9, 2, 9, 9, 9, 9, 9, 9, 7, 3, 9, 9, 9, 9, 7, 2, 5, 1, 9, 4, 9, 8, 2, 3, 9, 9, 4, 9, 4]"
User-036,6,trace_0615,1788389804.3206236,streaming,26959,828,828,408,11,7.8018958568573,68.85865783691406,0.0738292164208667,16.0,0,True,,1788389735.46182,1788389743.2637157,1788389804.3204777,"[1788389743.2637157, 1788389743.8086739, 1788389744.4148734, 1788389745.044852, 1788389745.6987898, 1788389746.3763309, 1788389747.0806596, 1788389747.8094165, 1788389748.5638516, 1788389749.3445885, 1788389750.1480534, 1788389750.967604, 1788389751.5371032, 1788389752.0752015, 1788389752.6660786, 1788389753.2799323, 1788389753.9157097, 1788389754.575186, 1788389754.7403033, 1788389754.813135, 1788389754.9045165, 1788389754.9929917, 1788389755.0868819, 1788389755.1787257, 1788389755.2698371, 1788389755.3608136, 1788389755.4520154, 1788389755.5425727, 1788389755.6352844, 1788389755.726181, 1788389755.81712, 1788389755.9075508, 1788389755.999956, 1788389756.0908349, 1788389756.1835392, 1788389756.274678, 1788389756.365742, 1788389756.4571652, 1788389756.5490003, 1788389756.639718, 1788389756.7315307, 1788389756.8221958, 1788389756.914164, 1788389757.004651, 1788389757.0968907, 1788389757.1877038, 1788389757.2792964, 1788389757.370319, 1788389757.4623833, 1788389757.553658, 1788389757.646724, 1788389757.735679, 1788389757.8277097, 1788389757.9107182, 1788389758.0024288, 1788389758.0909247, 1788389758.1782467, 1788389758.2620184, 1788389758.348177, 1788389758.4338348, 1788389758.5187976, 1788389758.5967774, 1788389758.680406, 1788389758.7546062, 1788389758.8293133, 1788389758.898772, 1788389758.9700987, 1788389759.0419374, 1788389759.111823, 1788389759.1833403, 1788389759.254795, 1788389759.3248715, 1788389759.396121, 1788389759.4673772, 1788389759.5383155, 1788389759.6119776, 1788389759.6785977, 1788389759.747311, 1788389759.8172517, 1788389759.886238, 1788389759.9559925, 1788389760.026136, 1788389760.095355, 1788389760.165302, 1788389760.2344306, 1788389760.303828, 1788389760.373697, 1788389760.4452145, 1788389760.5122683, 1788389760.5861337, 1788389760.6488187, 1788389760.7184591, 1788389760.8278904, 1788389760.8574762, 1788389760.9293423, 1788389760.993821, 1788389761.355687, 1788389761.3858345, 1788389761.4556339, 1788389761.52484, 1788389761.6001096, 1788389761.6651382, 1788389761.7342513, 1788389761.80438, 1788389761.8734996, 1788389761.9426775, 1788389762.0128624, 1788389762.0823638, 1788389762.1523178, 1788389762.222191, 1788389762.2912946, 1788389762.3612127, 1788389762.4419086, 1788389762.510553, 1788389762.5745287, 1788389762.6443872, 1788389763.2155268, 1788389763.8095832, 1788389764.4369671, 1788389765.0774229, 1788389765.7503033, 1788389766.4471037, 1788389767.1752336, 1788389767.9287004, 1788389768.7106729, 1788389769.5189152, 1788389770.354417, 1788389771.2190611, 1788389772.0474005, 1788389772.5669534, 1788389773.1684756, 1788389773.7961886, 1788389774.4494324, 1788389775.1264136, 1788389775.8335514, 1788389776.5643244, 1788389777.3032975, 1788389777.9042525, 1788389778.4693632, 1788389779.0784059, 1788389779.7135031, 1788389780.3706956, 1788389781.05252, 1788389781.7639704, 1788389782.5057771, 1788389783.270468, 1788389784.0936532, 1788389784.9064245, 1788389785.7299693, 1788389786.5671515, 1788389787.3373637, 1788389788.1916194, 1788389788.7114425, 1788389789.3072076, 1788389789.9231067, 1788389790.5654695, 1788389791.2275317, 1788389791.9337041, 1788389792.4807887, 1788389793.0759685, 1788389793.698342, 1788389794.3339345, 1788389794.9975414, 1788389795.6807601, 1788389796.3898027, 1788389796.9271579, 1788389796.9938543, 1788389797.0764728, 1788389797.1643393, 1788389797.2503712, 1788389797.3377576, 1788389797.4232645, 1788389797.511434, 1788389797.5973892, 1788389797.685433, 1788389797.773582, 1788389797.8555884, 1788389797.9380836, 1788389798.0226276, 1788389798.1083617, 1788389798.1918523, 1788389798.2719393, 1788389798.3535872, 1788389798.4332688, 1788389798.5152352, 1788389798.5947726, 1788389798.6784117, 1788389798.755503, 1788389798.835048, 1788389798.9126558, 1788389798.9916537, 1788389799.0688279, 1788389799.148444, 1788389799.2259085, 1788389799.3052094, 1788389799.382463, 1788389799.4616604, 1788389799.5389965, 1788389799.6179962, 1788389799.6947494, 1788389799.7749429, 1788389799.8524, 1788389799.9318962, 1788389800.0091214, 1788389800.0887415, 1788389800.1664698, 1788389800.2500308, 1788389800.3228908, 1788389800.4908307, 1788389800.5482328, 1788389800.6269, 1788389800.7072732, 1788389800.7834191, 1788389800.8577242, 1788389800.9335623, 1788389801.0081108, 1788389801.0840843, 1788389801.1671932, 1788389801.2296376, 1788389801.3014617, 1788389801.3724232, 1788389801.4446762, 1788389801.5166206, 1788389801.5870848, 1788389801.6591527, 1788389801.7299826, 1788389801.8252423, 1788389801.8733323, 1788389801.9497316, 1788389802.0160618, 1788389802.1767683, 1788389802.2272153, 1788389802.3218331, 1788389802.382588, 1788389802.453644, 1788389802.6049318, 1788389802.663134, 1788389802.743155, 1788389802.8207533, 1788389802.900084, 1788389802.9777055, 1788389803.05618, 1788389803.1349597, 1788389803.2144392, 1788389803.2916853, 1788389803.3737595, 1788389803.4452543, 1788389803.5214462, 1788389803.596463, 1788389803.67206, 1788389803.7465956, 1788389803.8227785, 1788389803.9007761, 1788389803.9733243, 1788389804.040982, 1788389804.1111019, 1788389804.1792073, 1788389804.2483096, 1788389804.3193338]","[1, 4, 3, 1, 3, 3, 1, 1, 5, 1, 1, 3, 1, 4, 4, 1, 7, 6, 1, 8, 3, 1, 3, 1, 9, 3, 1, 1, 5, 2, 5, 2, 5, 7, 1, 7, 2, 4, 9, 1, 1, 1, 5, 1, 1, 1, 2, 1, 1, 9, 6, 3, 1, 1, 1, 1, 9, 4, 3, 9, 3, 3, 2, 9, 2, 2, 3, 3, 5, 3, 8, 3, 1, 1, 1, 2, 4, 3, 3, 2, 1, 7, 1, 2, 1, 2, 4, 4, 1, 3, 1, 4, 6, 2, 4, 2, 4, 2, 3, 1, 2, 1, 2, 1, 7, 7, 1, 6, 6, 1, 1, 3, 2, 5, 2, 4, 1, 1, 1, 6, 6, 5, 6, 5, 5, 4, 4, 1, 7, 3, 5, 3, 1, 1, 3, 4, 1, 3, 4, 1, 2, 4, 7, 1, 1, 8, 8, 2, 3, 1, 6, 4, 2, 1, 2, 5, 2, 2, 4, 4, 2, 3, 1, 2, 3, 1, 1, 4, 1, 1, 1, 1, 2, 5, 1, 1, 3, 1, 1, 1, 4, 1, 3, 1, 4, 5, 8, 8, 1, 1, 4, 2, 2, 1, 9, 6, 1, 1, 1, 1, 3, 2, 1, 2, 1, 1, 5, 7, 2, 4, 3, 1, 2, 3, 4, 4, 6, 9, 9, 7, 4, 3, 4, 2, 4, 8, 7, 5, 2, 2, 1, 9, 1, 3, 1, 1, 9, 3, 3, 5, 1, 3, 1, 3, 4, 1, 7, 3, 7, 9, 3, 1, 3, 4, 2, 1, 5, 3, 3]"
User-049,1,trace_0273,1788389804.3878632,streaming,18573,106,106,287,2,0.35478663444519043,2.566317081451416,0.021062194733392624,8.0,0,True,,1788389801.8214889,1788389802.1762755,1788389804.387806,"[1788389802.1762755, 1788389802.226593, 1788389802.321582, 1788389802.3819017, 1788389802.4531233, 1788389802.6044502, 1788389802.6625867, 1788389802.7426007, 1788389802.820232, 1788389802.8995764, 1788389802.9771967, 1788389803.055798, 1788389803.134425, 1788389803.2139359, 1788389803.291179, 1788389803.3732243, 1788389803.444734, 1788389803.5209482, 1788389803.5959654, 1788389803.671551, 1788389803.7460773, 1788389803.822248, 1788389803.9002688, 1788389803.9728255, 1788389804.0406082, 1788389804.1105733, 1788389804.178646, 1788389804.2478087, 1788389804.318786, 1788389804.3866274]","[1, 9, 3, 7, 1, 2, 4, 7, 2, 1, 4, 4, 2, 2, 2, 9, 4, 2, 1, 3, 5, 2, 2, 1, 1, 6, 7, 2, 5, 5]"
User-048,2,trace_0546,1788389804.6464992,streaming,13950,82,82,210,3,0.2845926284790039,2.3287386894226074,0.02523637112276054,8.0,0,True,,1788389802.317711,1788389802.6023037,1788389804.6464498,"[1788389802.6023037, 1788389802.660262, 1788389802.7403896, 1788389802.8179514, 1788389802.8972943, 1788389802.974923, 1788389803.0540166, 1788389803.1321404, 1788389803.2116747, 1788389803.2889004, 1788389803.370677, 1788389803.4430375, 1788389803.51921, 1788389803.5942163, 1788389803.669805, 1788389803.744311, 1788389803.8205209, 1788389803.898525, 1788389803.9711297, 1788389804.0392973, 1788389804.1088207, 1788389804.1769526, 1788389804.2460308, 1788389804.3170116, 1788389804.3849256, 1788389804.448379, 1788389804.5133781, 1788389804.5778368, 1788389804.6441417]","[1, 3, 1, 8, 1, 1, 2, 5, 1, 1, 3, 2, 4, 2, 1, 3, 4, 2, 2, 4, 3, 3, 5, 4, 1, 3, 5, 5, 2]"
User-034,5,trace_0164,1788389804.967232,streaming,24461,402,405,341,40,17.394070148468018,37.45726561546326,0.049661374918305044,15.0,0,True,,1788389767.5098913,1788389784.9039614,1788389804.967157,"[1788389784.9039614, 1788389785.7272756, 1788389786.563811, 1788389787.334101, 1788389788.1870365, 1788389788.7073069, 1788389789.3028297, 1788389789.9189148, 1788389790.5605507, 1788389791.2233784, 1788389791.9288, 1788389792.4760725, 1788389793.0711925, 1788389793.6934798, 1788389794.3291225, 1788389794.9926288, 1788389795.6757464, 1788389796.3849502, 1788389796.9224021, 1788389796.9886587, 1788389797.0714757, 1788389797.1593769, 1788389797.2453356, 1788389797.3327506, 1788389797.418321, 1788389797.5064957, 1788389797.5924666, 1788389797.6805146, 1788389797.7682903, 1788389797.8511117, 1788389797.9336088, 1788389798.0181842, 1788389798.1038997, 1788389798.1870239, 1788389798.2680101, 1788389798.3497186, 1788389798.4293752, 1788389798.5113564, 1788389798.5908923, 1788389798.674191, 1788389798.7520845, 1788389798.8316429, 1788389798.9092488, 1788389798.9884665, 1788389799.0654433, 1788389799.1449854, 1788389799.2224698, 1788389799.301808, 1788389799.3790724, 1788389799.4582522, 1788389799.5356257, 1788389799.6146271, 1788389799.6922083, 1788389799.7714875, 1788389799.8489957, 1788389799.9284859, 1788389800.0056796, 1788389800.0853486, 1788389800.1629252, 1788389800.2467792, 1788389800.3195474, 1788389800.4867764, 1788389800.5439827, 1788389800.6234953, 1788389800.703496, 1788389800.7805002, 1788389800.8548722, 1788389800.9306576, 1788389801.0052114, 1788389801.0812309, 1788389801.1639996, 1788389801.2273118, 1788389801.2991397, 1788389801.3700933, 1788389801.4422786, 1788389801.514214, 1788389801.584755, 1788389801.6567667, 1788389801.7275984, 1788389801.8241334, 1788389801.8710666, 1788389801.9474323, 1788389802.0138617, 1788389802.173685, 1788389802.224064, 1788389802.320538, 1788389802.3796225, 1788389802.4508603, 1788389802.6013086, 1788389802.6596243, 1788389802.7397733, 1788389802.8173227, 1788389802.8966637, 1788389802.9742448, 1788389803.0535028, 1788389803.1315386, 1788389803.2110353, 1788389803.2883043, 1788389803.370083, 1788389803.4423997, 1788389803.5185728, 1788389803.59361, 1788389803.6691535, 1788389803.7437088, 1788389803.819919, 1788389803.8979208, 1788389803.9704897, 1788389804.0387907, 1788389804.1082246, 1788389804.1763031, 1788389804.2454197, 1788389804.3163767, 1788389804.3843386, 1788389804.4477618, 1788389804.5127797, 1788389804.577224, 1788389804.6435087, 1788389804.7068782, 1788389804.7700005, 1788389804.8348124, 1788389804.8979304, 1788389804.965389]","[1, 5, 5, 3, 1, 1, 3, 2, 4, 1, 1, 3, 2, 3, 1, 6, 6, 4, 1, 2, 4, 9, 3, 1, 4, 5, 1, 2, 6, 5, 1, 2, 3, 3, 1, 1, 2, 2, 2, 7, 9, 4, 2, 6, 2, 2, 2, 2, 4, 2, 2, 6, 1, 6, 2, 5, 2, 2, 1, 1, 1, 3, 4, 9, 3, 6, 3, 3, 5, 3, 3, 3, 2, 1, 5, 4, 9, 4, 7, 4, 3, 7, 5, 1, 3, 3, 3, 3, 8, 5, 3, 5, 2, 9, 6, 1, 3, 2, 1, 3, 4, 2, 9, 2, 2, 2, 3, 4, 1, 3, 1, 7, 1, 1, 2, 1, 6, 2, 2, 6, 2, 2]"
User-052,0,trace_0594,1788389806.0035043,streaming,17534,261,261,0,273,6.468945026397705,15.544417381286621,0.034905662903418906,0.0,0,True,,1788389790.459027,1788389796.927972,1788389806.0034444,"[1788389796.927972, 1788389796.9943497, 1788389797.0769885, 1788389797.1648467, 1788389797.250886, 1788389797.338256, 1788389797.423774, 1788389797.5118117, 1788389797.5979042, 1788389797.6859267, 1788389797.774094, 1788389797.856106, 1788389797.9386153, 1788389798.0231392, 1788389798.1088622, 1788389798.192382, 1788389798.2724414, 1788389798.354096, 1788389798.4337707, 1788389798.5157402, 1788389798.595287, 1788389798.6789424, 1788389798.7560236, 1788389798.8355618, 1788389798.9131608, 1788389798.9920597, 1788389799.0693295, 1788389799.148962, 1788389799.226419, 1788389799.3057506, 1788389799.3830125, 1788389799.4621577, 1788389799.539503, 1788389799.6184993, 1788389799.6951346, 1788389799.775488, 1788389799.852906, 1788389799.9323995, 1788389800.0096328, 1788389800.0892496, 1788389800.1669796, 1788389800.250661, 1788389800.3235054, 1788389800.4913108, 1788389800.5487761, 1788389800.6274364, 1788389800.7077985, 1788389800.783941, 1788389800.8582544, 1788389800.934079, 1788389801.0086293, 1788389801.0846083, 1788389801.1677577, 1788389801.2301724, 1788389801.3019855, 1788389801.3729448, 1788389801.4451976, 1788389801.517142, 1788389801.5876057, 1788389801.659673, 1788389801.7305346, 1788389801.8255022, 1788389801.8738701, 1788389801.9502466, 1788389802.0165794, 1788389802.1772528, 1788389802.22775, 1788389802.3220718, 1788389802.3831513, 1788389802.4541454, 1788389802.6054196, 1788389802.6636722, 1788389802.7436771, 1788389802.8212843, 1788389802.9006085, 1788389802.978215, 1788389803.0565655, 1788389803.135462, 1788389803.2149549, 1788389803.2922206, 1788389803.3742633, 1788389803.445805, 1788389803.5219626, 1788389803.5969799, 1788389803.6725817, 1788389803.7471426, 1788389803.8232841, 1788389803.9012926, 1788389803.9738498, 1788389804.0413685, 1788389804.1116066, 1788389804.179753, 1788389804.248847, 1788389804.3201137, 1788389804.3874507, 1788389804.450052, 1788389804.515109, 1788389804.5795517, 1788389804.6461692, 1788389804.7081509, 1788389804.7711365, 1788389804.8359835, 1788389804.8990781, 1788389804.9668822, 1788389805.0259578, 1788389805.0908766, 1788389805.1556985, 1788389805.2261362, 1788389805.2857718, 1788389805.350645, 1788389805.4158118, 1788389805.4809508, 1788389805.5457098, 1788389805.610969, 1788389805.675864, 1788389805.740683, 1788389805.8056142, 1788389805.8705618, 1788389805.9357133, 1788389806.0027857]","[1, 4, 2, 1, 2, 1, 1, 1, 2, 2, 2, 1, 3, 2, 5, 2, 6, 1, 3, 2, 1, 2, 1, 1, 4, 1, 2, 2, 1, 2, 1, 1, 1, 1, 1, 3, 2, 1, 3, 4, 2, 1, 5, 1, 3, 2, 4, 3, 2, 3, 4, 8, 2, 3, 1, 2, 1, 2, 5, 2, 2, 4, 1, 1, 4, 1, 1, 2, 4, 2, 2, 2, 1, 1, 1, 6, 2, 5, 2, 1, 1, 2, 2, 2, 3, 2, 1, 2, 1, 3, 2, 2, 1, 1, 1, 1, 2, 1, 1, 6, 2, 6, 3, 1, 3, 2, 2, 1, 1, 1, 5, 1, 1, 1, 1, 2, 1, 1, 1, 8]"
User-045,1,trace_0729,1788389806.8245616,streaming,26029,560,560,314,92,20.270999431610107,38.907135009765625,0.03333834629365925,13.0,0,True,,1788389767.917347,1788389788.1883464,1788389806.824482,"[1788389788.1883464, 1788389788.7083364, 1788389789.3040218, 1788389789.9199853, 1788389790.562363, 1788389791.2244594, 1788389791.9298995, 1788389792.477111, 1788389793.0722468, 1788389793.694569, 1788389794.3302588, 1788389794.993815, 1788389795.676939, 1788389796.3861284, 1788389796.923576, 1788389796.9899075, 1788389797.0727108, 1788389797.1606202, 1788389797.246613, 1788389797.3339696, 1788389797.4195933, 1788389797.507763, 1788389797.5936813, 1788389797.681739, 1788389797.7695224, 1788389797.8523762, 1788389797.9348493, 1788389798.0194724, 1788389798.1051838, 1788389798.1882937, 1788389798.2691536, 1788389798.350896, 1788389798.430521, 1788389798.5124931, 1788389798.5920393, 1788389798.6753812, 1788389798.7532759, 1788389798.8327887, 1788389798.9103873, 1788389798.9896603, 1788389799.0665762, 1788389799.1461694, 1788389799.22367, 1788389799.3029792, 1788389799.3802443, 1788389799.4594495, 1788389799.5367534, 1788389799.615822, 1788389799.6930768, 1788389799.7726557, 1788389799.8501449, 1788389799.9296472, 1788389800.0068574, 1788389800.0864992, 1788389800.1642177, 1788389800.247989, 1788389800.3207014, 1788389800.4879088, 1788389800.5451503, 1788389800.624692, 1788389800.7051415, 1788389800.7811286, 1788389800.8555052, 1788389800.9313092, 1788389801.0058527, 1788389801.0818346, 1788389801.1646044, 1788389801.227913, 1788389801.2997613, 1788389801.3707018, 1788389801.4429202, 1788389801.5148668, 1788389801.5853772, 1788389801.657393, 1788389801.7282314, 1788389801.8244798, 1788389801.8717487, 1788389801.948114, 1788389802.0145192, 1788389802.1743076, 1788389802.2248602, 1788389802.3208609, 1788389802.380291, 1788389802.4515193, 1788389802.6028457, 1788389802.660972, 1788389802.7410553, 1788389802.8186352, 1788389802.897962, 1788389802.975591, 1788389803.05458, 1788389803.1328375, 1788389803.2123432, 1788389803.289576, 1788389803.371256, 1788389803.4437017, 1788389803.5198867, 1788389803.594915, 1788389803.670489, 1788389803.74499, 1788389803.8210802, 1788389803.899108, 1788389803.9716845, 1788389804.0397232, 1788389804.1094022, 1788389804.177501, 1788389804.2465997, 1788389804.3175867, 1788389804.3854616, 1788389804.4489336, 1788389804.513945, 1788389804.578386, 1788389804.645078, 1788389804.7062023, 1788389804.7693918, 1788389804.834155, 1788389804.897289, 1788389804.9647186, 1788389805.0247874, 1788389805.089704, 1788389805.154507, 1788389805.22496, 1788389805.2845857, 1788389805.3494585, 1788389805.4145992, 1788389805.479774, 1788389805.5445752, 1788389805.6097841, 1788389805.6746628, 1788389805.7395296, 1788389805.8044815, 1788389805.869426, 1788389805.9345257, 1788389806.0015643, 1788389806.0642488, 1788389806.1230986, 1788389806.1807399, 1788389806.2390604, 1788389806.2969365, 1788389806.3554215, 1788389806.413132, 1788389806.471357, 1788389806.5292094, 1788389806.5878017, 1788389806.6456544, 1788389806.7038496, 1788389806.7618115, 1788389806.823232]","[1, 8, 9, 4, 1, 1, 3, 1, 2, 1, 1, 2, 1, 1, 5, 2, 2, 8, 3, 3, 2, 3, 1, 5, 2, 8, 2, 3, 1, 3, 3, 1, 1, 2, 1, 4, 3, 9, 2, 1, 1, 2, 4, 9, 9, 9, 9, 2, 8, 5, 4, 4, 3, 2, 1, 2, 7, 1, 3, 2, 1, 8, 2, 5, 5, 1, 2, 1, 5, 2, 6, 5, 1, 9, 2, 9, 8, 1, 2, 9, 9, 9, 3, 3, 3, 3, 2, 1, 3, 5, 8, 3, 1, 3, 1, 2, 5, 3, 1, 7, 3, 3, 2, 7, 9, 4, 2, 2, 3, 1, 4, 3, 9, 3, 1, 1, 4, 9, 3, 1, 3, 4, 9, 5, 3, 5, 2, 3, 5, 2, 2, 1, 4, 9, 2, 4, 4, 1, 6, 9, 5, 2, 4, 9, 9, 1, 3, 8]"
User-048,3,trace_0546,1788389810.530966,streaming,14211,78,78,213,4,0.25437355041503906,2.759897232055664,0.03253926859273539,5.0,0,True,,1788389807.7710254,1788389808.025399,1788389810.5309227,"[1788389808.025399, 1788389808.0511358, 1788389808.0982625, 1788389808.145336, 1788389808.1920507, 1788389808.239208, 1788389808.2863014, 1788389808.3332028, 1788389808.3801856, 1788389808.4276466, 1788389808.496704, 1788389808.5224512, 1788389808.5737004, 1788389808.6172962, 1788389808.8430665, 1788389808.8803213, 1788389808.9382887, 1788389808.9929633, 1788389809.7269385, 1788389809.7561612, 1788389809.9287798, 1788389809.9618957, 1788389810.0257547, 1788389810.0892372, 1788389810.1516705, 1788389810.2145407, 1788389810.276901, 1788389810.3406925, 1788389810.40259, 1788389810.4658184, 1788389810.5302248]","[1, 5, 5, 3, 1, 1, 5, 4, 1, 1, 3, 2, 2, 1, 2, 4, 5, 2, 3, 1, 1, 1, 2, 2, 9, 2, 1, 2, 1, 2, 3]"
User-049,2,trace_0273,1788389816.9673982,streaming,18865,91,91,289,5,0.4247920513153076,7.465612888336182,0.07823134263356527,10.0,0,True,,1788389809.5017188,1788389809.9265108,1788389816.9673316,"[1788389809.9265108, 1788389809.9596741, 1788389810.0234613, 1788389810.086993, 1788389810.1493332, 1788389810.21225, 1788389810.2745602, 1788389810.3383372, 1788389810.4003646, 1788389810.4635065, 1788389810.527995, 1788389810.5885575, 1788389810.7160795, 1788389810.7163434, 1788389810.7756865, 1788389810.8417761, 1788389810.90275, 1788389811.465829, 1788389812.0902343, 1788389812.6808395, 1788389813.3308263, 1788389813.9991586, 1788389814.6974654, 1788389815.4248211, 1788389816.1806347, 1788389816.9648998]","[1, 1, 6, 3, 3, 4, 9, 4, 2, 5, 1, 9, 3, 9, 1, 6, 1, 9, 1, 1, 3, 3, 2, 2, 1, 1]"
User-051,0,trace_0167,1788389821.976098,streaming,13713,479,479,0,213,12.128820657730103,42.174142837524414,0.06285632255187094,0.0,0,True,,1788389779.8018763,1788389791.930697,1788389821.9760191,"[1788389791.930697, 1788389792.477619, 1788389793.0727675, 1788389793.6952958, 1788389794.3307955, 1788389794.994349, 1788389795.6774654, 1788389796.386635, 1788389796.92411, 1788389796.9904616, 1788389797.073243, 1788389797.161169, 1788389797.2471714, 1788389797.3345103, 1788389797.4201171, 1788389797.5083048, 1788389797.594193, 1788389797.6822867, 1788389797.7700431, 1788389797.8529675, 1788389797.9354036, 1788389798.0199935, 1788389798.1056995, 1788389798.1888144, 1788389798.269821, 1788389798.3515518, 1788389798.431219, 1788389798.5131469, 1788389798.592713, 1788389798.6760337, 1788389798.7539296, 1788389798.8334668, 1788389798.9110718, 1788389798.990171, 1788389799.0672617, 1788389799.1468737, 1788389799.2243202, 1788389799.3036478, 1788389799.3809125, 1788389799.4601185, 1788389799.5373995, 1788389799.6164563, 1788389799.6935587, 1788389799.7733207, 1788389799.8508198, 1788389799.9302874, 1788389800.0075262, 1788389800.0871792, 1788389800.1647546, 1788389800.2485, 1788389800.3212745, 1788389800.4884002, 1788389800.5458229, 1788389800.6253374, 1788389800.7056756, 1788389800.7816913, 1788389800.856059, 1788389800.9318767, 1788389801.0064287, 1788389801.082371, 1788389801.1651442, 1788389801.2284563, 1788389801.3003283, 1788389801.371267, 1788389801.4434958, 1788389801.5154476, 1788389801.585924, 1788389801.657964, 1788389801.728771, 1788389801.8247578, 1788389801.8723226, 1788389801.9486496, 1788389802.0150695, 1788389802.174886, 1788389802.2254286, 1788389802.3211162, 1788389802.3808277, 1788389802.4520612, 1788389802.6034777, 1788389802.661524, 1788389802.741583, 1788389802.8192065, 1788389802.8985062, 1788389802.976149, 1788389803.055031, 1788389803.133377, 1788389803.2128668, 1788389803.2901123, 1788389803.371901, 1788389803.4442248, 1788389803.5204427, 1788389803.595458, 1788389803.6710365, 1788389803.7455466, 1788389803.8217223, 1788389803.899761, 1788389803.9722946, 1788389804.0402086, 1788389804.110051, 1788389804.178133, 1788389804.247266, 1788389804.318216, 1788389804.386079, 1788389804.4495249, 1788389804.5145504, 1788389804.5790207, 1788389804.6456373, 1788389804.7075646, 1788389804.7705386, 1788389804.8353739, 1788389804.8984685, 1788389804.9663157, 1788389805.0253854, 1788389805.0902941, 1788389805.155149, 1788389805.2255766, 1788389805.2852175, 1788389805.3501017, 1788389805.4152374, 1788389805.480389, 1788389805.545171, 1788389805.6103895, 1788389805.6753058, 1788389805.7401295, 1788389805.805079, 1788389805.870015, 1788389805.9351652, 1788389806.0021966, 1788389806.064864, 1788389806.123729, 1788389806.1813364, 1788389806.239653, 1788389806.2975755, 1788389806.3560436, 1788389806.4137712, 1788389806.4719574, 1788389806.5298324, 1788389806.5884418, 1788389806.6462882, 1788389806.7044528, 1788389806.7624118, 1788389806.8241005, 1788389806.8779266, 1788389806.9198575, 1788389806.961468, 1788389807.0032077, 1788389807.0448072, 1788389807.0865195, 1788389807.1280475, 1788389807.1698642, 1788389807.2114048, 1788389807.2531528, 1788389807.2961662, 1788389807.336641, 1788389807.3781853, 1788389807.4198701, 1788389807.4616778, 1788389807.5028522, 1788389807.5441873, 1788389807.5851173, 1788389807.62704, 1788389807.6686983, 1788389807.7095199, 1788389807.7744257, 1788389807.7922857, 1788389807.8383925, 1788389807.8754442, 1788389808.0245059, 1788389808.0505178, 1788389808.0976636, 1788389808.1446946, 1788389808.1914191, 1788389808.2385836, 1788389808.2856698, 1788389808.3326106, 1788389808.379578, 1788389808.4270208, 1788389808.4963489, 1788389808.5218494, 1788389808.5731232, 1788389808.6167185, 1788389808.8425143, 1788389808.8797908, 1788389808.9377792, 1788389808.992409, 1788389809.726354, 1788389809.7556329, 1788389809.9271278, 1788389809.960268, 1788389810.0241067, 1788389810.0876262, 1788389810.1499898, 1788389810.2128978, 1788389810.2752435, 1788389810.3389919, 1788389810.4009771, 1788389810.4641795, 1788389810.5285883, 1788389810.5892076, 1788389810.7166302, 1788389810.7168167, 1788389810.7763195, 1788389810.8424282, 1788389810.9035354, 1788389811.4668148, 1788389812.0905707, 1788389812.6814775, 1788389813.3314445, 1788389813.9997826, 1788389814.698074, 1788389815.4254975, 1788389816.1812315, 1788389816.9657629, 1788389817.772168, 1788389818.6087816, 1788389819.4772968, 1788389820.1706092, 1788389820.720665, 1788389821.3329787, 1788389821.9735885]","[1, 7, 2, 1, 2, 4, 1, 4, 1, 1, 2, 1, 3, 2, 3, 3, 1, 1, 1, 1, 3, 2, 1, 1, 2, 1, 1, 3, 1, 1, 1, 2, 5, 4, 4, 2, 6, 1, 1, 1, 4, 2, 5, 1, 4, 6, 4, 2, 1, 1, 3, 1, 1, 1, 1, 1, 3, 1, 1, 1, 2, 6, 1, 3, 7, 3, 1, 3, 2, 2, 1, 2, 1, 2, 1, 1, 1, 7, 2, 1, 2, 2, 1, 1, 1, 4, 3, 2, 2, 2, 1, 1, 1, 4, 2, 1, 2, 3, 1, 1, 5, 3, 2, 3, 1, 1, 4, 2, 2, 1, 2, 1, 4, 1, 1, 4, 2, 1, 2, 3, 1, 1, 4, 2, 1, 2, 3, 1, 1, 4, 2, 2, 1, 2, 3, 1, 2, 4, 2, 1, 2, 5, 3, 3, 4, 3, 3, 1, 2, 1, 2, 1, 2, 6, 2, 2, 3, 2, 1, 1, 2, 6, 2, 2, 1, 3, 2, 1, 1, 2, 6, 3, 1, 3, 1, 2, 3, 6, 2, 1, 3, 1, 1, 1, 5, 3, 1, 2, 2, 1, 1, 1, 1, 5, 3, 1, 2, 1, 1, 1, 1, 5, 4, 1, 1, 3, 1, 1, 7, 1, 2, 1, 2, 1, 3, 2, 1, 1, 1, 4]"
User-022,9,trace_0418,1788389841.097935,streaming,19967,183,183,298,7,0.3501167297363281,32.6061487197876,0.1772309450002817,8.0,0,True,,1788389808.4917192,1788389808.841836,1788389841.097868,"[1788389808.841836, 1788389808.8791478, 1788389808.9372036, 1788389808.9918232, 1788389809.7256725, 1788389809.7549863, 1788389809.9277112, 1788389809.9608328, 1788389810.0247216, 1788389810.0882053, 1788389810.150577, 1788389810.213491, 1788389810.2758594, 1788389810.3395994, 1788389810.401557, 1788389810.464723, 1788389810.529168, 1788389810.5897858, 1788389810.7170568, 1788389810.7172337, 1788389810.7768934, 1788389810.8430028, 1788389810.9040473, 1788389811.4673653, 1788389812.090849, 1788389812.6820552, 1788389813.3319874, 1788389814.0004263, 1788389814.698657, 1788389815.4261034, 1788389816.1818027, 1788389816.9664285, 1788389817.772787, 1788389818.609614, 1788389819.4779277, 1788389820.1721642, 1788389820.7218747, 1788389821.3341792, 1788389821.9751816, 1788389822.6357634, 1788389823.3282826, 1788389824.0474873, 1788389824.866697, 1788389825.5471342, 1788389826.0760891, 1788389826.6856604, 1788389827.3181794, 1788389828.0525465, 1788389828.89618, 1788389829.7824585, 1788389830.3965487, 1788389830.9516506, 1788389831.5720384, 1788389832.217566, 1788389832.8858864, 1788389833.584159, 1788389834.3015332, 1788389835.0513558, 1788389835.8264825, 1788389836.6285777, 1788389837.4518213, 1788389838.3057647, 1788389839.1861846, 1788389840.0052707, 1788389840.493501, 1788389841.0946388]","[1, 2, 1, 1, 2, 7, 7, 2, 4, 2, 7, 9, 2, 5, 2, 5, 1, 1, 1, 3, 1, 5, 2, 8, 2, 3, 2, 2, 2, 2, 5, 4, 1, 3, 1, 2, 7, 1, 2, 4, 1, 2, 3, 3, 1, 1, 3, 2, 2, 2, 1, 1, 1, 1, 3, 2, 1, 2, 4, 2, 2, 1, 9, 5, 1, 3]"
User-047,1,trace_0228,1788389843.0343447,streaming,9738,75,75,142,151,10.048805713653564,25.029212474822998,0.20243792920499235,2383.0,0,True,,1788389818.0050716,1788389828.0538774,1788389843.034284,"[1788389828.0538774, 1788389828.8972871, 1788389829.7835236, 1788389830.3975415, 1788389830.9526618, 1788389831.5730634, 1788389832.2185876, 1788389832.8871021, 1788389833.585176, 1788389834.3025444, 1788389835.0524178, 1788389835.8275273, 1788389836.6295927, 1788389837.4530115, 1788389838.3068483, 1788389839.1875362, 1788389840.0079021, 1788389840.4956477, 1788389841.096956, 1788389841.7172265, 1788389842.3624077, 1788389843.0331202]","[1, 3, 1, 3, 3, 3, 1, 2, 2, 9, 6, 6, 2, 5, 4, 2, 4, 4, 4, 2, 7, 1]"
User-050,1,trace_0243,1788389850.8681922,streaming,24172,287,287,345,32,0.9240307807922363,42.06426811218262,0.14384698367619014,12.0,0,True,,1788389808.8037806,1788389809.7278113,1788389850.8680487,"[1788389809.7278113, 1788389809.7566888, 1788389809.9282787, 1788389809.9613574, 1788389810.0252423, 1788389810.08873, 1788389810.151153, 1788389810.2140272, 1788389810.2763884, 1788389810.3401704, 1788389810.40208, 1788389810.4652798, 1788389810.5296938, 1788389810.5903184, 1788389810.7174761, 1788389810.7176635, 1788389810.7774088, 1788389810.843532, 1788389810.9045877, 1788389811.4679198, 1788389812.091093, 1788389812.6825945, 1788389813.3325164, 1788389814.0009508, 1788389814.6992059, 1788389815.4266565, 1788389816.1823637, 1788389816.966986, 1788389817.773353, 1788389818.6101742, 1788389819.4784882, 1788389820.1726935, 1788389820.7224193, 1788389821.334698, 1788389821.9757142, 1788389822.6363516, 1788389823.3288596, 1788389824.0480943, 1788389824.8672435, 1788389825.5476265, 1788389826.0767543, 1788389826.6861625, 1788389827.3186767, 1788389828.0530372, 1788389828.8967059, 1788389829.782993, 1788389830.397032, 1788389830.9521434, 1788389831.572536, 1788389832.2180636, 1788389832.8863924, 1788389833.584662, 1788389834.3020403, 1788389835.0518653, 1788389835.827012, 1788389836.629079, 1788389837.4523158, 1788389838.3062737, 1788389839.1867123, 1788389840.0073364, 1788389840.4951406, 1788389841.0964625, 1788389841.7167304, 1788389842.36191, 1788389843.032594, 1788389843.7246668, 1788389844.4424186, 1788389845.1871886, 1788389845.967261, 1788389846.7687147, 1788389847.5939682, 1788389848.4417155, 1788389849.3126636, 1788389849.7544208, 1788389849.7896166, 1788389849.87409, 1788389849.9653285, 1788389850.054129, 1788389850.1442761, 1788389850.2334557, 1788389850.3237908, 1788389850.4123595, 1788389850.5033965, 1788389850.5923092, 1788389850.6832092, 1788389850.7742553, 1788389850.866302]","[1, 2, 4, 1, 2, 2, 1, 1, 1, 2, 2, 3, 1, 2, 3, 4, 4, 4, 5, 4, 1, 1, 4, 9, 9, 1, 9, 7, 5, 2, 5, 5, 1, 1, 2, 1, 1, 3, 1, 2, 3, 4, 1, 6, 9, 4, 7, 5, 9, 3, 2, 8, 2, 1, 2, 6, 4, 4, 9, 9, 2, 2, 1, 1, 2, 1, 1, 4, 2, 1, 2, 3, 4, 9, 3, 5, 1, 1, 2, 6, 2, 2, 2, 1, 3, 5, 2]"
User-054,0,trace_0666,1788389851.3961353,streaming,17435,124,124,0,272,13.783921957015991,40.3138484954834,0.21569045966233663,0.0,0,True,,1788389811.0822132,1788389824.8661351,1788389851.3960617,"[1788389824.8661351, 1788389825.5466104, 1788389826.0755792, 1788389826.6851547, 1788389827.3176715, 1788389828.0520408, 1788389828.8956575, 1788389829.781939, 1788389830.396063, 1788389830.9511416, 1788389831.5715234, 1788389832.217042, 1788389832.8852606, 1788389833.5836542, 1788389834.301024, 1788389835.0508451, 1788389835.8259516, 1788389836.6280746, 1788389837.451318, 1788389838.3052597, 1788389839.185685, 1788389840.0047534, 1788389840.4930055, 1788389841.0940428, 1788389841.7151613, 1788389842.3602643, 1788389843.0310702, 1788389843.72354, 1788389844.4408414, 1788389845.1855555, 1788389845.965658, 1788389846.7671154, 1788389847.5921695, 1788389848.4400983, 1788389849.3110573, 1788389849.7521334, 1788389849.7876523, 1788389849.871902, 1788389849.9631972, 1788389850.0518155, 1788389850.1421118, 1788389850.2311642, 1788389850.3216605, 1788389850.410037, 1788389850.501298, 1788389850.5900087, 1788389850.6811109, 1788389850.769856, 1788389850.8641584, 1788389850.9491866, 1788389851.0391374, 1788389851.1258864, 1788389851.214922, 1788389851.3017662, 1788389851.3928463]","[1, 1, 1, 4, 4, 2, 2, 2, 1, 3, 3, 3, 2, 1, 3, 2, 1, 1, 2, 2, 1, 4, 1, 1, 1, 1, 1, 1, 1, 5, 2, 3, 2, 5, 1, 3, 3, 1, 2, 2, 4, 3, 4, 6, 2, 1, 5, 1, 3, 5, 2, 2, 1, 1, 2]"
User-045,2,trace_0729,1788389851.9930296,streaming,31582,190,190,406,86,12.452820539474487,34.05074501037598,0.11427473265027242,19.0,0,True,,1788389817.942198,1788389830.3950186,1788389851.992943,"[1788389830.3950186, 1788389830.949872, 1788389831.5704591, 1788389832.2160132, 1788389832.8841946, 1788389833.5825565, 1788389834.299989, 1788389835.0497851, 1788389835.8249052, 1788389836.6270256, 1788389837.450254, 1788389838.3041458, 1788389839.184648, 1788389840.0029402, 1788389840.4913008, 1788389841.0923927, 1788389841.7136135, 1788389842.3586466, 1788389843.0293715, 1788389843.7219765, 1788389844.4392996, 1788389845.183954, 1788389845.9640586, 1788389846.7654595, 1788389847.5903623, 1788389848.438303, 1788389849.3094463, 1788389849.7505052, 1788389849.7861342, 1788389849.8703506, 1788389849.9616337, 1788389850.0502348, 1788389850.140619, 1788389850.2295372, 1788389850.320117, 1788389850.4084723, 1788389850.4997604, 1788389850.5884097, 1788389850.679547, 1788389850.7683618, 1788389850.8624806, 1788389850.947531, 1788389851.0375044, 1788389851.124302, 1788389851.2132645, 1788389851.3001735, 1788389851.3911893, 1788389851.4758275, 1788389851.5617187, 1788389851.6453133, 1788389851.7316883, 1788389851.8206785, 1788389851.901539, 1788389851.9886205]","[1, 7, 2, 9, 5, 2, 4, 1, 1, 5, 1, 7, 2, 3, 4, 2, 2, 7, 5, 4, 3, 8, 4, 5, 4, 6, 6, 3, 2, 1, 7, 2, 2, 4, 1, 1, 2, 5, 1, 1, 5, 3, 4, 3, 3, 1, 9, 2, 1, 2, 2, 5, 6, 2]"
User-022,10,trace_0418,1788389852.240136,streaming,20218,97,97,305,4,6.573832750320435,9.058611392974854,0.025883110860983532,6.0,0,True,,1788389843.1814203,1788389849.755253,1788389852.2400317,"[1788389849.755253, 1788389849.790112, 1788389849.8746061, 1788389849.965828, 1788389850.0546362, 1788389850.1447852, 1788389850.2339709, 1788389850.3243113, 1788389850.4128697, 1788389850.503905, 1788389850.5928056, 1788389850.6835904, 1788389850.7748504, 1788389850.8670957, 1788389850.9511921, 1788389851.0412095, 1788389851.1279514, 1788389851.2169566, 1788389851.3038466, 1788389851.3951645, 1788389851.478897, 1788389851.564878, 1788389851.6484652, 1788389851.7348323, 1788389851.8238695, 1788389851.904682, 1788389851.9920428, 1788389852.0739677, 1788389852.1620252, 1788389852.2388506]","[1, 2, 2, 9, 2, 1, 9, 4, 5, 4, 2, 1, 1, 5, 1, 1, 3, 3, 2, 5, 5, 3, 2, 1, 2, 1, 4, 9, 3, 4]"
User-034,6,trace_0164,1788389852.3862967,streaming,25028,172,172,381,8,10.433758735656738,37.27444386482239,0.15696307093079326,21.0,0,True,,1788389815.1117642,1788389825.545523,1788389852.386208,"[1788389825.545523, 1788389826.0742314, 1788389826.6840415, 1788389827.3165174, 1788389828.0509803, 1788389828.8942485, 1788389829.7808154, 1788389830.3940556, 1788389830.9492662, 1788389831.5698097, 1788389832.2153902, 1788389832.8835914, 1788389833.5819595, 1788389834.2993543, 1788389835.0491805, 1788389835.8242989, 1788389836.6263797, 1788389837.4496503, 1788389838.3034806, 1788389839.184027, 1788389840.0023894, 1788389840.4907758, 1788389841.091886, 1788389841.7130377, 1788389842.3580995, 1788389843.0288568, 1788389843.7214003, 1788389844.4387684, 1788389845.1834304, 1788389845.9635386, 1788389846.7649424, 1788389847.5898468, 1788389848.437785, 1788389849.3089187, 1788389849.7500079, 1788389849.7855427, 1788389849.8698237, 1788389849.961123, 1788389850.0497177, 1788389850.140106, 1788389850.2290235, 1788389850.319593, 1788389850.4079545, 1788389850.4992523, 1788389850.5878828, 1788389850.6790326, 1788389850.7678356, 1788389850.8619227, 1788389850.947014, 1788389851.036982, 1788389851.1236231, 1788389851.2125814, 1788389851.2994978, 1788389851.390448, 1788389851.4751585, 1788389851.5610456, 1788389851.644628, 1788389851.730996, 1788389851.819986, 1788389851.9007814, 1788389851.9879072, 1788389852.0707266, 1788389852.1586373, 1788389852.2354805, 1788389852.3812606]","[1, 2, 3, 2, 2, 2, 2, 4, 3, 7, 7, 2, 2, 6, 2, 3, 2, 2, 9, 5, 3, 2, 1, 4, 2, 3, 6, 1, 1, 5, 4, 3, 1, 9, 2, 2, 5, 2, 1, 1, 1, 3, 1, 2, 4, 1, 3, 1, 1, 1, 1, 2, 2, 2, 1, 1, 2, 2, 4, 1, 4, 1, 1, 1, 3]"
User-049,3,trace_0273,1788389852.5257506,streaming,19019,135,135,293,3,16.974591732025146,29.499173879623413,0.09346703095222587,9.0,0,True,,1788389823.0265172,1788389840.001109,1788389852.525691,"[1788389840.001109, 1788389840.4893382, 1788389841.0906172, 1788389841.711815, 1788389842.3568466, 1788389843.0276232, 1788389843.720007, 1788389844.4375079, 1788389845.1821594, 1788389845.962296, 1788389846.7637177, 1788389847.588578, 1788389848.4363623, 1788389849.307702, 1788389849.7486577, 1788389849.7844303, 1788389849.868611, 1788389849.9599211, 1788389850.048483, 1788389850.1388595, 1788389850.2277915, 1788389850.3183272, 1788389850.4066722, 1788389850.4980009, 1788389850.5865993, 1788389850.6777627, 1788389850.76655, 1788389850.8606038, 1788389850.9457488, 1788389851.0357425, 1788389851.1224008, 1788389851.2114196, 1788389851.2983053, 1788389851.3893209, 1788389851.4739695, 1788389851.55991, 1788389851.6435015, 1788389851.7298057, 1788389851.8188148, 1788389851.899622, 1788389851.9866574, 1788389852.069568, 1788389852.157272, 1788389852.2342625, 1788389852.3801343, 1788389852.440122, 1788389852.5205555]","[1, 5, 5, 3, 1, 1, 5, 4, 1, 1, 3, 2, 2, 1, 3, 6, 1, 1, 2, 2, 2, 4, 7, 5, 2, 3, 5, 1, 2, 2, 1, 4, 4, 1, 2, 3, 3, 1, 1, 4, 2, 9, 9, 1, 1, 1, 5]"
User-039,4,trace_0220,1788389852.604586,streaming,13627,143,143,451,2,11.26762342453003,23.865283966064453,0.08871591930658045,9.0,0,True,,1788389828.7392218,1788389840.0068452,1788389852.6045058,"[1788389840.0068452, 1788389840.4946039, 1788389841.0959554, 1788389841.716234, 1788389842.3614016, 1788389843.0320976, 1788389843.7242904, 1788389844.4418647, 1788389845.1866484, 1788389845.9667616, 1788389846.7681818, 1788389847.5934582, 1788389848.4412036, 1788389849.3121333, 1788389849.7531242, 1788389849.7886496, 1788389849.8729887, 1788389849.9643056, 1788389850.052946, 1788389850.143271, 1788389850.2322545, 1788389850.322751, 1788389850.4111679, 1788389850.502361, 1788389850.591124, 1788389850.682139, 1788389850.7730103, 1788389850.8652737, 1788389850.950181, 1788389851.0402021, 1788389851.126929, 1788389851.215957, 1788389851.3027964, 1788389851.3941143, 1788389851.4778693, 1788389851.5638144, 1788389851.6474445, 1788389851.7338188, 1788389851.822818, 1788389851.9036837, 1788389851.9910116, 1788389852.0729563, 1788389852.160948, 1788389852.2376835, 1788389852.3838732, 1788389852.443014, 1788389852.5238423, 1788389852.6022675]","[1, 8, 4, 1, 3, 1, 1, 2, 4, 1, 5, 2, 2, 4, 4, 1, 1, 2, 9, 2, 1, 1, 1, 3, 4, 3, 7, 4, 3, 2, 2, 2, 9, 3, 4, 6, 1, 1, 5, 2, 7, 1, 3, 2, 2, 3, 2, 1]"
User-047,2,trace_0228,1788389853.3957894,streaming,9890,57,57,293,2,0.26850128173828125,1.2788825035095215,0.018042521817343577,12.0,0,True,,1788389852.1168427,1788389852.385344,1788389853.3957253,"[1788389852.385344, 1788389852.44405, 1788389852.5248706, 1788389852.6035812, 1788389852.6726675, 1788389852.744606, 1788389852.8175642, 1788389852.8887417, 1788389852.9613955, 1788389853.0327003, 1788389853.1051655, 1788389853.1768143, 1788389853.2493298, 1788389853.3206632, 1788389853.394453]","[1, 7, 7, 5, 5, 3, 4, 3, 2, 4, 1, 4, 2, 4, 5]"
User-052,1,trace_0594,1788389853.467394,streaming,19112,247,247,273,25,13.45702600479126,41.379775047302246,0.11350710992890645,10.0,0,True,,1788389812.087557,1788389825.544583,1788389853.4673321,"[1788389825.544583, 1788389826.0735786, 1788389826.6834323, 1788389827.315905, 1788389828.0503218, 1788389828.893541, 1788389829.7801745, 1788389830.3933802, 1788389830.9486313, 1788389831.5692196, 1788389832.2147558, 1788389832.8829918, 1788389833.58135, 1788389834.2986898, 1788389835.0485651, 1788389835.8236787, 1788389836.625778, 1788389837.4490442, 1788389838.302717, 1788389839.1834097, 1788389840.0018783, 1788389840.490101, 1788389841.0912673, 1788389841.7124236, 1788389842.357457, 1788389843.0282447, 1788389843.7208292, 1788389844.4381168, 1788389845.1827924, 1788389845.962921, 1788389846.764324, 1788389847.5892203, 1788389848.437168, 1788389849.308308, 1788389849.7493453, 1788389849.7850184, 1788389849.86921, 1788389849.960511, 1788389850.0490875, 1788389850.139477, 1788389850.2283869, 1788389850.3189669, 1788389850.407309, 1788389850.4986074, 1788389850.5872405, 1788389850.6783748, 1788389850.7671883, 1788389850.8612816, 1788389850.9463518, 1788389851.0363324, 1788389851.1230369, 1788389851.2120292, 1788389851.2989373, 1788389851.389914, 1788389851.4745648, 1788389851.5605104, 1788389851.6440954, 1788389851.7304199, 1788389851.8194416, 1788389851.900247, 1788389851.9873006, 1788389852.0701919, 1788389852.158057, 1788389852.234942, 1788389852.3807244, 1788389852.4407153, 1788389852.5214531, 1788389852.599886, 1788389852.6698074, 1788389852.7416954, 1788389852.8146622, 1788389852.8858972, 1788389852.9584973, 1788389853.0298183, 1788389853.102259, 1788389853.1739125, 1788389853.2464602, 1788389853.3178418, 1788389853.391534, 1788389853.4638548]","[1, 6, 2, 9, 6, 3, 4, 1, 2, 1, 1, 2, 1, 5, 2, 3, 3, 4, 6, 1, 2, 6, 3, 2, 8, 4, 2, 2, 4, 1, 2, 3, 2, 1, 3, 3, 1, 1, 2, 9, 3, 3, 4, 2, 8, 1, 7, 1, 6, 9, 4, 4, 3, 1, 1, 2, 1, 2, 3, 1, 6, 1, 2, 2, 1, 3, 7, 3, 3, 2, 2, 1, 1, 4, 1, 4, 1, 6, 6, 1]"
User-053,0,trace_0176,1788389854.7157938,streaming,29936,291,291,0,467,9.45803451538086,44.00214719772339,0.11911762993911217,0.0,0,True,,1788389810.713565,1788389820.1715996,1788389854.7157123,"[1788389820.1715996, 1788389820.7212992, 1788389821.333589, 1788389821.9744751, 1788389822.6350884, 1788389823.3276048, 1788389824.0468805, 1788389824.867741, 1788389825.548122, 1788389826.0772688, 1788389826.6866708, 1788389827.3192396, 1788389828.0543654, 1788389828.8978453, 1788389829.7840247, 1788389830.3980308, 1788389830.9532058, 1788389831.5736427, 1788389832.219134, 1788389832.8876474, 1788389833.5858006, 1788389834.3031585, 1788389835.052953, 1788389835.8280876, 1788389836.6301315, 1788389837.453562, 1788389838.3076434, 1788389839.1880481, 1788389840.0084023, 1788389840.4961612, 1788389841.097469, 1788389841.7177238, 1788389842.362936, 1788389843.0338938, 1788389843.725049, 1788389844.4429352, 1788389845.1876976, 1788389845.9677637, 1788389846.769221, 1788389847.5944712, 1788389848.4422295, 1788389849.3132014, 1788389849.7557535, 1788389849.790595, 1788389849.8751361, 1788389849.9664052, 1788389850.0551736, 1788389850.1452825, 1788389850.2345152, 1788389850.324828, 1788389850.4134061, 1788389850.5044153, 1788389850.5933065, 1788389850.683966, 1788389850.775434, 1788389850.8676467, 1788389850.9516923, 1788389851.041709, 1788389851.1284642, 1788389851.2174602, 1788389851.3043513, 1788389851.395687, 1788389851.4794269, 1788389851.5653822, 1788389851.6489685, 1788389851.7353406, 1788389851.8243797, 1788389851.9051745, 1788389851.9925697, 1788389852.074501, 1788389852.1625605, 1788389852.239648, 1788389852.3859038, 1788389852.4446092, 1788389852.5254025, 1788389852.6041138, 1788389852.6732051, 1788389852.7451243, 1788389852.8180904, 1788389852.8892598, 1788389852.9619145, 1788389853.0332224, 1788389853.1056828, 1788389853.177351, 1788389853.2498353, 1788389853.3211749, 1788389853.3953357, 1788389853.4670498, 1788389853.5338726, 1788389853.6026566, 1788389853.6720748, 1788389853.7420125, 1788389853.8112068, 1788389853.8804889, 1788389853.9499912, 1788389854.0189016, 1788389854.0887833, 1788389854.1577935, 1788389854.2272918, 1788389854.296575, 1788389854.365754, 1788389854.435289, 1788389854.5041528, 1788389854.573356, 1788389854.642608, 1788389854.7150862]","[1, 1, 5, 2, 4, 2, 3, 1, 1, 2, 1, 2, 8, 1, 3, 2, 2, 4, 2, 2, 1, 4, 2, 2, 3, 3, 1, 3, 3, 1, 1, 3, 4, 8, 2, 4, 2, 1, 2, 2, 1, 9, 2, 1, 2, 1, 4, 3, 3, 9, 4, 1, 1, 1, 1, 3, 1, 6, 2, 1, 3, 6, 1, 2, 1, 5, 4, 2, 5, 1, 2, 2, 1, 1, 3, 9, 6, 1, 1, 1, 2, 1, 1, 1, 9, 3, 3, 1, 2, 1, 2, 1, 2, 2, 9, 2, 2, 5, 3, 4, 9, 8, 1, 1, 1, 1]"
User-007,12,trace_0398,1788389855.7789094,streaming,31108,223,223,478,5,11.942285776138306,17.967148542404175,0.027139021469666076,48.0,0,True,,1788389837.811647,1788389849.7539327,1788389855.7787955,"[1788389849.7539327, 1788389849.789122, 1788389849.8734841, 1788389849.9648156, 1788389850.0534945, 1788389850.1437798, 1788389850.232757, 1788389850.3232775, 1788389850.411669, 1788389850.502875, 1788389850.591642, 1788389850.682711, 1788389850.773659, 1788389850.8657832, 1788389850.9506805, 1788389851.0407083, 1788389851.127439, 1788389851.2164578, 1788389851.3033328, 1788389851.3946297, 1788389851.4783897, 1788389851.5643396, 1788389851.6479409, 1788389851.7343163, 1788389851.82335, 1788389851.9041884, 1788389851.99154, 1788389852.0734656, 1788389852.1614804, 1788389852.238288, 1788389852.3844547, 1788389852.443548, 1788389852.5243578, 1788389852.6030557, 1788389852.6721523, 1788389852.7440925, 1788389852.8170383, 1788389852.8882358, 1788389852.9608865, 1788389853.0321944, 1788389853.1046495, 1788389853.1763005, 1788389853.2487943, 1788389853.3201315, 1788389853.3938978, 1788389853.4665089, 1788389853.5333223, 1788389853.6021297, 1788389853.6715481, 1788389853.7415, 1788389853.8106396, 1788389853.8799613, 1788389853.9494379, 1788389854.0183518, 1788389854.0882657, 1788389854.1572788, 1788389854.2266943, 1788389854.2960486, 1788389854.3652186, 1788389854.4347126, 1788389854.5036278, 1788389854.5728395, 1788389854.642096, 1788389854.714521, 1788389854.7809348, 1788389854.848952, 1788389854.9182055, 1788389854.9860678, 1788389855.0914955, 1788389855.123581, 1788389855.1978247, 1788389855.2605157, 1788389855.4672766, 1788389855.4970436, 1788389855.565932, 1788389855.636344, 1788389855.7058296, 1788389855.7781076]","[1, 4, 2, 3, 2, 1, 3, 2, 2, 4, 3, 1, 4, 1, 1, 1, 2, 1, 3, 2, 1, 9, 4, 4, 6, 1, 2, 1, 6, 5, 2, 2, 5, 2, 2, 3, 2, 2, 1, 2, 3, 4, 9, 4, 9, 2, 5, 1, 2, 1, 3, 2, 8, 2, 2, 2, 2, 3, 3, 6, 3, 4, 2, 1, 2, 2, 1, 3, 7, 1, 2, 2, 2, 4, 2, 2, 2, 3]"
User-045,3,trace_0729,1788389869.8050256,streaming,31849,132,132,492,3,0.37983202934265137,14.718033075332642,0.10945191638160298,8.0,0,True,,1788389855.0868888,1788389855.4667208,1788389869.8049219,"[1788389855.4667208, 1788389855.496511, 1788389855.565379, 1788389855.6358163, 1788389855.7053046, 1788389855.7775557, 1788389855.8447747, 1788389855.9130943, 1788389855.983461, 1788389856.0512545, 1788389856.1209986, 1788389856.1891384, 1788389856.2588878, 1788389856.3276563, 1788389856.3973935, 1788389856.4656034, 1788389856.5354593, 1788389856.6419504, 1788389856.6739678, 1788389856.7467911, 1788389856.8122654, 1788389857.2161555, 1788389857.2573369, 1788389858.091777, 1788389858.2237523, 1788389858.9639938, 1788389859.7680616, 1788389860.0810106, 1788389860.6041536, 1788389861.195825, 1788389861.8280177, 1788389862.4593112, 1788389863.1255794, 1788389863.8184054, 1788389864.5571256, 1788389865.0880773, 1788389865.6872213, 1788389866.3100226, 1788389867.0064747, 1788389867.6289582, 1788389868.3273351, 1788389869.0502474, 1788389869.8031015]","[1, 7, 3, 3, 5, 4, 3, 2, 2, 3, 3, 5, 1, 7, 1, 2, 3, 2, 6, 3, 1, 1, 1, 1, 9, 2, 5, 1, 5, 6, 1, 2, 2, 1, 6, 6, 4, 4, 1, 2, 1, 1, 3]"
User-047,3,trace_0228,1788389871.387403,streaming,10031,58,58,295,2,1.6549320220947266,12.962237119674683,0.19837377364175363,7.0,0,True,,1788389858.4251015,1788389860.0800335,1788389871.3873386,"[1788389860.0800335, 1788389860.6028707, 1788389861.1946373, 1788389861.8275251, 1788389862.4582133, 1788389863.1243446, 1788389863.8173525, 1788389864.555173, 1788389865.0863597, 1788389865.685669, 1788389866.3084571, 1788389867.005765, 1788389867.6272752, 1788389868.3257444, 1788389869.0485811, 1788389869.8014996, 1788389870.5754237, 1788389871.3845658]","[1, 2, 1, 1, 5, 5, 4, 3, 5, 2, 5, 3, 9, 1, 5, 1, 3, 2]"
User-046,1,trace_0334,1788389877.6287165,streaming,31251,421,421,0,487,21.779617309570312,59.4021782875061,0.08957752613794236,2041.0,0,True,,1788389818.2264507,1788389840.006068,1788389877.628629,"[1788389840.006068, 1788389840.4940658, 1788389841.0954394, 1788389841.715665, 1788389842.3607647, 1788389843.0315907, 1788389843.7239172, 1788389844.4413521, 1788389845.186091, 1788389845.9661815, 1788389846.7676358, 1788389847.5926814, 1788389848.4406466, 1788389849.3115668, 1788389849.752623, 1788389849.7881527, 1788389849.8724153, 1788389849.9637108, 1788389850.0523243, 1788389850.1426523, 1788389850.2316766, 1788389850.3221767, 1788389850.410586, 1788389850.501799, 1788389850.5905185, 1788389850.6816149, 1788389850.7703714, 1788389850.8646996, 1788389850.949692, 1788389851.0396512, 1788389851.126397, 1788389851.2154393, 1788389851.3022728, 1788389851.3936062, 1788389851.4773695, 1788389851.5633025, 1788389851.646927, 1788389851.733297, 1788389851.8223016, 1788389851.9031856, 1788389851.9904993, 1788389852.0724597, 1788389852.1604156, 1788389852.237147, 1788389852.3833182, 1788389852.4424794, 1788389852.523316, 1788389852.6017227, 1788389852.6716342, 1788389852.7435467, 1788389852.8165045, 1788389852.8877194, 1788389852.960338, 1788389853.031667, 1788389853.1041205, 1788389853.175762, 1788389853.2482536, 1788389853.319607, 1788389853.3933818, 1788389853.4659545, 1788389853.532723, 1788389853.6015415, 1788389853.6709461, 1788389853.7408903, 1788389853.8100367, 1788389853.8793666, 1788389853.948837, 1788389854.0177538, 1788389854.0876572, 1788389854.1566799, 1788389854.2261078, 1788389854.2954476, 1788389854.3646374, 1788389854.4340687, 1788389854.5029953, 1788389854.572228, 1788389854.6415083, 1788389854.7139287, 1788389854.7791567, 1788389854.8471413, 1788389854.916494, 1788389854.9843342, 1788389855.0905569, 1788389855.1218255, 1788389855.1960912, 1788389855.2588303, 1788389855.4658613, 1788389855.495995, 1788389855.5648644, 1788389855.6352975, 1788389855.7047958, 1788389855.7770288, 1788389855.843018, 1788389855.9113722, 1788389855.9815896, 1788389856.0494626, 1788389856.1192448, 1788389856.187434, 1788389856.2571726, 1788389856.3258593, 1788389856.3956482, 1788389856.4638767, 1788389856.5337286, 1788389856.6410573, 1788389856.6722848, 1788389856.7450716, 1788389856.8105447, 1788389857.215612, 1788389857.2568045, 1788389858.0912328, 1788389858.223221, 1788389858.963482, 1788389859.7675345, 1788389860.0805264, 1788389860.6036146, 1788389861.1953132, 1788389861.8277655, 1788389862.4587822, 1788389863.1248832, 1788389863.8178926, 1788389864.55662, 1788389865.0874982, 1788389865.6866968, 1788389866.3095224, 1788389867.006244, 1788389867.628414, 1788389868.3268127, 1788389869.0496733, 1788389869.802547, 1788389870.5764778, 1788389871.3858464, 1788389872.2194905, 1788389873.0781798, 1788389873.762121, 1788389874.315037, 1788389874.9282148, 1788389875.5657432, 1788389876.2248244, 1788389876.9102833, 1788389877.6262958]","[1, 6, 2, 9, 5, 2, 2, 3, 2, 4, 1, 6, 1, 2, 3, 4, 2, 5, 2, 9, 4, 1, 4, 2, 8, 3, 3, 1, 2, 2, 5, 6, 3, 2, 1, 3, 1, 3, 1, 1, 1, 1, 2, 4, 1, 1, 3, 1, 1, 2, 3, 1, 9, 3, 1, 3, 2, 2, 1, 8, 4, 1, 4, 9, 2, 2, 1, 6, 4, 3, 1, 2, 1, 7, 6, 9, 1, 1, 9, 9, 3, 2, 3, 6, 7, 2, 1, 4, 1, 1, 2, 2, 4, 2, 3, 4, 1, 1, 1, 9, 1, 3, 1, 3, 2, 4, 5, 1, 2, 3, 7, 1, 2, 1, 4, 1, 7, 2, 1, 2, 1, 4, 1, 1, 1, 5, 3, 5, 3, 5, 1, 3, 3, 1, 1, 3, 5, 2, 1, 1]"
User-049,4,trace_0273,1788389883.6333983,streaming,20061,117,117,296,16,0.5796043872833252,26.995959281921387,0.2277271973675695,9.0,0,True,,1788389856.6373546,1788389857.216959,1788389883.633314,"[1788389857.216959, 1788389857.2578485, 1788389858.092301, 1788389858.224278, 1788389858.9645724, 1788389859.7686305, 1788389860.0814981, 1788389860.6046805, 1788389861.19635, 1788389861.828251, 1788389862.4598718, 1788389863.1262388, 1788389863.8189213, 1788389864.5584486, 1788389865.089145, 1788389865.6882918, 1788389866.3111625, 1788389867.0069609, 1788389867.6300004, 1788389868.3283966, 1788389869.0512795, 1788389869.8045568, 1788389870.5775647, 1788389871.387018, 1788389872.2205184, 1788389873.0792594, 1788389873.7639291, 1788389874.3166618, 1788389874.9297674, 1788389875.5674026, 1788389876.2264075, 1788389876.911857, 1788389877.6283314, 1788389878.2433167, 1788389878.8062837, 1788389879.4195695, 1788389880.0582335, 1788389880.7208328, 1788389881.407083, 1788389882.1219041, 1788389882.8615575, 1788389883.6321423]","[1, 1, 2, 5, 2, 2, 1, 3, 1, 1, 3, 3, 1, 3, 2, 2, 1, 1, 3, 3, 5, 8, 4, 9, 4, 2, 1, 2, 2, 4, 5, 1, 1, 3, 3, 9, 6, 1, 1, 1, 3, 1]"
User-052,2,trace_0594,1788389889.2071075,streaming,24307,126,126,298,81,2.525082588195801,31.65471386909485,0.23303705024719237,8.0,0,True,,1788389857.5523062,1788389860.0773888,1788389889.20702,"[1788389860.0773888, 1788389860.6004226, 1788389861.1920424, 1788389861.8264008, 1788389862.455889, 1788389863.1219912, 1788389863.81502, 1788389864.5528586, 1788389865.08372, 1788389865.683267, 1788389866.3060973, 1788389867.004524, 1788389867.6248953, 1788389868.323475, 1788389869.0461977, 1788389869.7990894, 1788389870.5730698, 1788389871.3822093, 1788389872.2162778, 1788389873.075114, 1788389873.759317, 1788389874.3116186, 1788389874.9250727, 1788389875.5627854, 1788389876.2219884, 1788389876.9076107, 1788389877.6235287, 1788389878.2390199, 1788389878.8023322, 1788389879.4156997, 1788389880.0542755, 1788389880.716983, 1788389881.403215, 1788389882.1179087, 1788389882.8576753, 1788389883.628095, 1788389884.4210727, 1788389885.2421706, 1788389886.0879564, 1788389886.7136495, 1788389887.2712057, 1788389887.8873994, 1788389888.5306158, 1788389889.2021248]","[1, 1, 1, 3, 6, 6, 1, 2, 2, 7, 6, 1, 1, 2, 2, 9, 1, 4, 2, 2, 6, 7, 1, 4, 1, 1, 3, 1, 1, 3, 2, 1, 3, 4, 3, 2, 4, 2, 4, 1, 3, 1, 4, 4]"
User-031,4,trace_0624,1788389889.2080014,streaming,29110,545,547,450,3,13.162238121032715,77.50495910644531,0.1178438113285945,16.0,0,True,,1788389811.702963,1788389824.8652012,1788389889.2079222,"[1788389824.8652012, 1788389825.5460963, 1788389826.0750484, 1788389826.6846385, 1788389827.3171196, 1788389828.051493, 1788389828.895109, 1788389829.7814264, 1788389830.395528, 1788389830.9504561, 1788389831.5710158, 1788389832.216539, 1788389832.8847528, 1788389833.5831177, 1788389834.3005166, 1788389835.0502996, 1788389835.825415, 1788389836.6275735, 1788389837.4507873, 1788389838.3047266, 1788389839.1851814, 1788389840.0034661, 1788389840.491977, 1788389841.0929494, 1788389841.7141175, 1788389842.359212, 1788389843.029898, 1788389843.7225006, 1788389844.4398036, 1788389845.184484, 1788389845.9645736, 1788389846.7659752, 1788389847.590917, 1788389848.4388824, 1788389849.3099735, 1788389849.751067, 1788389849.7866395, 1788389849.8708909, 1788389849.9621556, 1788389850.0507724, 1788389850.141121, 1788389850.230063, 1788389850.3206236, 1788389850.4089825, 1788389850.500272, 1788389850.588942, 1788389850.6800635, 1788389850.7688587, 1788389850.8630514, 1788389850.9480417, 1788389851.038037, 1788389851.1248195, 1788389851.2137926, 1788389851.3006992, 1788389851.3917422, 1788389851.4763517, 1788389851.562233, 1788389851.6458478, 1788389851.7322211, 1788389851.8212376, 1788389851.90209, 1788389851.9894025, 1788389852.071415, 1788389852.1591895, 1788389852.2360306, 1788389852.382016, 1788389852.4412634, 1788389852.5220306, 1788389852.600493, 1788389852.67041, 1788389852.7423053, 1788389852.8152978, 1788389852.8864927, 1788389852.9591167, 1788389853.0304224, 1788389853.1028795, 1788389853.1745257, 1788389853.2470975, 1788389853.3184545, 1788389853.3921597, 1788389853.464694, 1788389853.5315638, 1788389853.600397, 1788389853.6697927, 1788389853.7397091, 1788389853.808847, 1788389853.8781679, 1788389853.9477, 1788389854.0165963, 1788389854.0864582, 1788389854.1555104, 1788389854.2249508, 1788389854.2942517, 1788389854.3634443, 1788389854.4329224, 1788389854.5018287, 1788389854.5710015, 1788389854.6403794, 1788389854.7127507, 1788389854.7797801, 1788389854.8477762, 1788389854.9171014, 1788389854.9849477, 1788389855.090961, 1788389855.1225047, 1788389855.1967506, 1788389855.2595007, 1788389855.4646995, 1788389855.4948955, 1788389855.5636423, 1788389855.6339893, 1788389855.703552, 1788389855.7757905, 1788389855.8436651, 1788389855.9119806, 1788389855.9821978, 1788389856.0500834, 1788389856.1198392, 1788389856.188024, 1788389856.2577598, 1788389856.3264968, 1788389856.3962739, 1788389856.4644837, 1788389856.5343199, 1788389856.641409, 1788389856.6729128, 1788389856.7457209, 1788389856.8112283, 1788389857.2143056, 1788389857.2556238, 1788389858.0898156, 1788389858.2220604, 1788389858.9623458, 1788389859.7663882, 1788389860.078646, 1788389860.6017337, 1788389861.1934383, 1788389861.8270245, 1788389862.4571934, 1788389863.1232755, 1788389863.8162756, 1788389864.5541363, 1788389865.0852616, 1788389865.6845584, 1788389866.3073962, 1788389867.0052752, 1788389867.62615, 1788389868.324695, 1788389869.0475159, 1788389869.8004067, 1788389870.5743117, 1788389871.3835135, 1788389872.2175543, 1788389873.0764456, 1788389873.760624, 1788389874.3129315, 1788389874.9264693, 1788389875.564102, 1788389876.2232335, 1788389876.90877, 1788389877.6247551, 1788389878.2405376, 1788389878.8035939, 1788389879.4169312, 1788389880.0554798, 1788389880.7182508, 1788389881.4044452, 1788389882.1192048, 1788389882.8589647, 1788389883.6293302, 1788389884.4223332, 1788389885.2435288, 1788389886.0892036, 1788389886.7149637, 1788389887.2726429, 1788389887.8886392, 1788389888.5319643, 1788389889.2038517]","[1, 5, 5, 3, 1, 1, 3, 2, 3, 1, 1, 1, 3, 5, 1, 6, 4, 2, 4, 2, 2, 4, 5, 6, 1, 1, 4, 5, 1, 2, 7, 4, 1, 1, 3, 4, 1, 1, 2, 2, 2, 9, 9, 2, 2, 6, 4, 2, 2, 3, 2, 1, 5, 4, 6, 1, 6, 2, 5, 2, 2, 3, 3, 9, 5, 2, 1, 2, 3, 2, 2, 3, 3, 5, 1, 2, 3, 2, 1, 7, 1, 3, 2, 1, 6, 9, 2, 4, 2, 5, 4, 2, 3, 5, 1, 2, 6, 1, 4, 4, 7, 1, 1, 2, 1, 3, 2, 2, 2, 7, 5, 3, 9, 2, 2, 4, 2, 2, 3, 1, 1, 4, 4, 2, 6, 2, 1, 1, 5, 2, 4, 3, 4, 3, 3, 3, 4, 1, 2, 1, 8, 1, 5, 5, 2, 4, 2, 1, 2, 4, 1, 2, 3, 7, 1, 8, 2, 2, 3, 2, 1, 3, 4, 5, 3, 3, 8, 2, 1, 1, 6, 4, 2, 1, 1, 2, 3, 1]"
User-050,2,trace_0243,1788389891.9289577,streaming,26651,156,156,377,38,1.2658629417419434,34.97327518463135,0.2174671757605768,12.0,0,True,,1788389856.9555967,1788389858.2214596,1788389891.9288719,"[1788389858.2214596, 1788389858.961603, 1788389859.7656538, 1788389860.0780356, 1788389860.6011713, 1788389861.1926475, 1788389861.8267586, 1788389862.4565458, 1788389863.122624, 1788389863.8156285, 1788389864.55361, 1788389865.0845034, 1788389865.6839101, 1788389866.3067713, 1788389867.0048554, 1788389867.6255221, 1788389868.3240874, 1788389869.0468688, 1788389869.7997453, 1788389870.5736923, 1788389871.382858, 1788389872.2169025, 1788389873.0758808, 1788389873.7600167, 1788389874.312258, 1788389874.9258323, 1788389875.563479, 1788389876.222586, 1788389876.9082232, 1788389877.624154, 1788389878.2398946, 1788389878.80298, 1788389879.4163234, 1788389880.0549293, 1788389880.717614, 1788389881.4038284, 1788389882.1185484, 1788389882.8582964, 1788389883.628718, 1788389884.4217036, 1788389885.2428234, 1788389886.0885944, 1788389886.7143276, 1788389887.2720287, 1788389887.8879957, 1788389888.5312903, 1788389889.203064, 1788389889.8880587, 1788389890.6087954, 1788389891.4057727, 1788389891.9242096]","[1, 2, 1, 2, 2, 2, 1, 2, 1, 4, 2, 3, 3, 1, 4, 4, 1, 3, 8, 3, 3, 8, 3, 1, 6, 8, 1, 3, 1, 1, 2, 1, 1, 4, 7, 2, 7, 4, 2, 5, 2, 2, 1, 2, 5, 7, 5, 2, 6, 2, 2]"
User-037,5,trace_0489,1788389902.911121,streaming,29456,114,111,400,57,12.486361742019653,41.63446378707886,0.2649827458641746,147.0,0,True,,1788389861.2765775,1788389873.7629392,1788389902.9110413,"[1788389873.7629392, 1788389874.315569, 1788389874.9287317, 1788389875.5662904, 1788389876.2253823, 1788389876.910827, 1788389877.627103, 1788389878.2422628, 1788389878.8052428, 1788389879.4185247, 1788389880.0572228, 1788389880.7198336, 1788389881.4060767, 1788389882.120866, 1788389882.860554, 1788389883.630986, 1788389884.423979, 1788389885.245111, 1788389886.0908375, 1788389886.7165053, 1788389887.2744029, 1788389887.890275, 1788389888.533581, 1788389889.2056544, 1788389889.8897886, 1788389890.610571, 1788389891.4082804, 1788389891.9269822, 1788389892.520149, 1788389893.1445432, 1788389893.7906218, 1788389894.4613013, 1788389895.1572416, 1788389895.8824794, 1788389897.4192343, 1788389898.2253718, 1788389899.0567887, 1788389899.8203719, 1788389900.3488145, 1788389900.951675, 1788389901.5788035, 1788389902.2304156, 1788389902.9076452]","[1, 2, 1, 3, 2, 1, 1, 5, 4, 1, 3, 1, 1, 2, 1, 1, 1, 1, 4, 3, 4, 3, 5, 1, 1, 2, 6, 4, 3, 1, 7, 3, 1, 1, 1, 1, 1, 1, 1, 6, 8, 7, 4]"
User-045,4,trace_0729,1788389916.9563684,streaming,32044,134,134,495,3,18.446085453033447,43.99514603614807,0.19209819987304227,7.0,0,True,,1788389872.9611273,1788389891.4072127,1788389916.9562733,"[1788389891.4072127, 1788389891.9258678, 1788389892.5190241, 1788389893.1434243, 1788389893.7894936, 1788389894.4602067, 1788389895.1561377, 1788389895.8813872, 1788389896.6351264, 1788389897.4180799, 1788389898.22431, 1788389899.056285, 1788389899.819298, 1788389900.3476121, 1788389900.9505808, 1788389901.5776865, 1788389902.2293448, 1788389902.9065042, 1788389903.605117, 1788389904.3358576, 1788389905.1224034, 1788389905.9250808, 1788389906.515066, 1788389907.0732024, 1788389907.687594, 1788389908.3246303, 1788389908.984846, 1788389909.6699185, 1788389910.380088, 1788389911.115293, 1788389911.8783467, 1788389912.6648004, 1788389913.4804876, 1788389914.3304079, 1788389915.2016125, 1788389916.086572, 1788389916.9504004]","[1, 1, 6, 6, 6, 6, 6, 3, 3, 2, 1, 4, 5, 7, 4, 1, 4, 4, 1, 2, 2, 1, 3, 1, 7, 1, 7, 9, 1, 2, 1, 7, 5, 4, 5, 4, 1]"
User-036,7,trace_0615,1788389917.6159286,streaming,27861,159,159,419,14,22.313162803649902,53.21066641807556,0.1955538203444662,133.0,0,True,,1788389864.4051857,1788389886.7183485,1788389917.615852,"[1788389886.7183485, 1788389887.2760544, 1788389887.8919785, 1788389888.5352154, 1788389889.2075856, 1788389889.8913753, 1788389890.6121242, 1788389891.4099114, 1788389891.9285657, 1788389892.5218737, 1788389893.1460984, 1788389893.7923021, 1788389894.462938, 1788389895.1590025, 1788389895.8840992, 1788389896.6377277, 1788389897.4208572, 1788389898.22696, 1788389899.0575404, 1788389899.823484, 1788389900.3514698, 1788389900.9543703, 1788389901.581491, 1788389902.233109, 1788389902.9107187, 1788389903.6082444, 1788389904.3391066, 1788389905.1254382, 1788389905.9281008, 1788389906.5188916, 1788389907.0766876, 1788389907.691423, 1788389908.3283107, 1788389908.9885318, 1788389909.6736548, 1788389910.3838098, 1788389911.119044, 1788389911.8820925, 1788389912.668121, 1788389913.4844568, 1788389914.3341537, 1788389915.2052698, 1788389916.0903492, 1788389916.9559436, 1788389916.9771063, 1788389917.0674899, 1788389917.1587894, 1788389917.248929, 1788389917.34, 1788389917.4299939, 1788389917.5212133, 1788389917.6152136]","[1, 1, 5, 1, 2, 2, 2, 2, 3, 7, 2, 5, 2, 2, 8, 1, 4, 6, 5, 4, 1, 4, 1, 1, 2, 4, 6, 4, 4, 1, 2, 4, 4, 2, 3, 1, 9, 5, 1, 3, 9, 1, 1, 3, 2, 4, 1, 3, 1, 2, 3, 2]"
User-047,4,trace_0228,1788389917.7925568,streaming,10261,110,110,297,3,24.393072843551636,42.362571477890015,0.1648577856361319,7.0,0,True,,1788389875.4299147,1788389899.8229876,1788389917.7924862,"[1788389899.8229876, 1788389900.3509543, 1788389900.9538505, 1788389901.5809765, 1788389902.2325869, 1788389902.910179, 1788389903.6077452, 1788389904.3385813, 1788389905.1249382, 1788389905.927598, 1788389906.518383, 1788389907.0762956, 1788389907.6908877, 1788389908.3277984, 1788389908.9880338, 1788389909.6731446, 1788389910.3832822, 1788389911.1185098, 1788389911.8815615, 1788389912.6677432, 1788389913.4839396, 1788389914.333652, 1788389915.204761, 1788389916.0898125, 1788389916.9552712, 1788389916.9765675, 1788389917.067096, 1788389917.158269, 1788389917.2484248, 1788389917.3394792, 1788389917.429493, 1788389917.5207136, 1788389917.614666, 1788389917.7015557, 1788389917.7918375]","[1, 3, 3, 2, 3, 6, 1, 2, 2, 7, 4, 3, 5, 2, 2, 2, 4, 2, 7, 1, 3, 1, 3, 9, 4, 1, 6, 2, 1, 4, 1, 1, 1, 4, 7]"
User-053,1,trace_0176,1788389918.4054148,streaming,16219,247,247,231,253,16.419915914535522,56.58124136924744,0.16325742054760942,14.0,0,True,,1788389861.824078,1788389878.243994,1788389918.4053195,"[1788389878.243994, 1788389878.806841, 1788389879.4201455, 1788389880.0587862, 1788389880.7213984, 1788389881.4076173, 1788389882.1224463, 1788389882.8621025, 1788389883.6329181, 1788389884.4250648, 1788389885.2461238, 1788389886.0918868, 1788389886.7175217, 1788389887.2755287, 1788389887.8914115, 1788389888.5346463, 1788389889.2066855, 1788389889.8908412, 1788389890.6116252, 1788389891.4093928, 1788389891.9280467, 1788389892.5213532, 1788389893.1455724, 1788389893.7917893, 1788389894.4623673, 1788389895.1584318, 1788389895.8835378, 1788389896.637133, 1788389897.4203324, 1788389898.2263882, 1788389899.057308, 1788389899.8221903, 1788389900.3504357, 1788389900.9533424, 1788389901.5804288, 1788389902.2320178, 1788389902.9096496, 1788389903.607196, 1788389904.3380764, 1788389905.1244562, 1788389905.92711, 1788389906.517868, 1788389907.0758955, 1788389907.6903749, 1788389908.3272982, 1788389908.9875383, 1788389909.6726372, 1788389910.3827422, 1788389911.1179664, 1788389911.8810403, 1788389912.667373, 1788389913.4833817, 1788389914.333127, 1788389915.2042384, 1788389916.0892737, 1788389916.954751, 1788389916.9760466, 1788389917.0665708, 1788389917.1577547, 1788389917.247899, 1788389917.3389776, 1788389917.4287715, 1788389917.520225, 1788389917.6141517, 1788389917.7011797, 1788389917.7913172, 1788389917.878913, 1788389917.9652586, 1788389918.053886, 1788389918.139829, 1788389918.2296746, 1788389918.3146203, 1788389918.4046683]","[1, 3, 4, 1, 2, 4, 2, 3, 3, 5, 2, 7, 5, 9, 5, 3, 2, 4, 1, 4, 2, 2, 6, 1, 3, 8, 2, 7, 6, 6, 3, 1, 2, 1, 1, 9, 6, 3, 1, 2, 1, 2, 1, 1, 1, 1, 1, 5, 9, 3, 1, 9, 4, 4, 8, 6, 3, 1, 3, 4, 2, 5, 1, 8, 2, 1, 1, 2, 1, 6, 1, 5, 2]"
User-056,0,trace_0590,1788389918.5764182,streaming,18127,103,103,0,282,24.403072595596313,51.57443141937256,0.26638587082133575,0.0,0,True,,1788389867.0019002,1788389891.4049728,1788389918.5763316,"[1788389891.4049728, 1788389891.9234395, 1788389892.517727, 1788389893.142117, 1788389893.7881658, 1788389894.4589667, 1788389895.1548932, 1788389895.8800783, 1788389896.6338449, 1788389897.416711, 1788389898.2230563, 1788389899.0555615, 1788389899.817848, 1788389900.3461945, 1788389900.9493012, 1788389901.5764244, 1788389902.2280524, 1788389902.9051964, 1788389903.6038556, 1788389904.3344238, 1788389905.1202583, 1788389905.9222777, 1788389906.5126579, 1788389907.0701225, 1788389907.6852627, 1788389908.3223205, 1788389908.9825978, 1788389909.6673708, 1788389910.3777173, 1788389911.1130004, 1788389911.876032, 1788389912.6625035, 1788389913.4779527, 1788389914.328067, 1788389915.1992695, 1788389916.0831406, 1788389916.9474032, 1788389916.9701922, 1788389917.0602372, 1788389917.1516135, 1788389917.2415345, 1788389917.3328648, 1788389917.4226382, 1788389917.5142782, 1788389917.6077611, 1788389917.6958272, 1788389917.7852085, 1788389917.87291, 1788389917.9592853, 1788389918.047784, 1788389918.1337907, 1788389918.222038, 1788389918.3084488, 1788389918.3987148, 1788389918.482481, 1788389918.5701919]","[1, 4, 2, 1, 2, 2, 2, 1, 1, 2, 4, 5, 3, 2, 1, 1, 1, 1, 2, 1, 1, 4, 1, 2, 2, 4, 1, 2, 1, 2, 1, 2, 1, 1, 2, 1, 1, 2, 3, 1, 1, 1, 2, 2, 3, 2, 1, 3, 1, 2, 1, 1, 1, 2, 5, 1]"
User-037,6,trace_0489,1788389919.3833172,streaming,29629,85,85,457,2,9.962248802185059,12.391212701797485,0.028916236900147937,9.0,0,True,,1788389906.9920082,1788389916.954257,1788389919.383221,"[1788389916.954257, 1788389916.9755428, 1788389917.0660675, 1788389917.1572564, 1788389917.2473898, 1788389917.3384354, 1788389917.4282713, 1788389917.5197308, 1788389917.6136558, 1788389917.7007976, 1788389917.7908132, 1788389917.8783875, 1788389917.96472, 1788389918.0533464, 1788389918.1393075, 1788389918.229158, 1788389918.314076, 1788389918.4041224, 1788389918.488016, 1788389918.5760415, 1788389918.652506, 1788389918.7343183, 1788389918.8139799, 1788389918.895373, 1788389918.9756305, 1788389919.0573123, 1788389919.1368227, 1788389919.2183673, 1788389919.2981603, 1788389919.3825717]","[1, 3, 4, 1, 2, 3, 1, 1, 1, 3, 2, 2, 1, 5, 4, 1, 7, 2, 2, 1, 9, 2, 2, 1, 7, 3, 4, 3, 4, 3]"
User-057,0,trace_0276,1788389919.4627676,streaming,18280,101,101,0,285,14.35722804069519,28.698671340942383,0.14341443300247192,0.0,0,True,,1788389890.7639818,1788389905.1212099,1788389919.4626532,"[1788389905.1212099, 1788389905.9240217, 1788389906.513943, 1788389907.0714998, 1788389907.6864972, 1788389908.323576, 1788389908.983825, 1788389909.6687145, 1788389910.3790052, 1788389911.1142318, 1788389911.8772542, 1788389912.6637416, 1788389913.4792097, 1788389914.329307, 1788389915.2005332, 1788389916.0853066, 1788389916.9493275, 1788389916.9717786, 1788389917.0620093, 1788389917.153441, 1788389917.2433271, 1788389917.3346498, 1788389917.4243093, 1788389917.5160928, 1788389917.609687, 1788389917.6975975, 1788389917.786945, 1788389917.8746715, 1788389917.9610388, 1788389918.0495179, 1788389918.135606, 1788389918.2238085, 1788389918.3103223, 1788389918.4005797, 1788389918.4843926, 1788389918.5723612, 1788389918.6486464, 1788389918.73046, 1788389918.810221, 1788389918.8916166, 1788389918.9718556, 1788389919.0535119, 1788389919.1330836, 1788389919.214606, 1788389919.29443, 1788389919.3788033, 1788389919.4589012]","[1, 1, 5, 2, 4, 2, 3, 1, 1, 2, 1, 2, 8, 1, 3, 2, 3, 3, 2, 2, 1, 4, 2, 1, 1, 1, 1, 1, 1, 1, 4, 3, 1, 1, 1, 1, 1, 6, 2, 2, 2, 1, 1, 4, 4, 1, 3]"
User-055,0,trace_0449,1788389919.6915567,streaming,14509,264,264,0,226,5.013070344924927,60.14662456512451,0.20963328600836345,0.0,0,True,,1788389859.5448592,1788389864.5579295,1788389919.6914837,"[1788389864.5579295, 1788389865.0886257, 1788389865.6877723, 1788389866.3106341, 1788389867.0066988, 1788389867.6294692, 1788389868.3278754, 1788389869.050765, 1788389869.8040197, 1788389870.5770147, 1788389871.3864658, 1788389872.2200167, 1788389873.078717, 1788389873.7634268, 1788389874.3161314, 1788389874.9292498, 1788389875.56688, 1788389876.2259028, 1788389876.9113548, 1788389877.6277857, 1788389878.2428215, 1788389878.8057728, 1788389879.4190595, 1788389880.0577326, 1788389880.7203362, 1788389881.406574, 1788389882.1213872, 1788389882.861055, 1788389883.6315072, 1788389884.424483, 1788389885.2456234, 1788389886.0913653, 1788389886.717012, 1788389887.2749672, 1788389887.8908727, 1788389888.5341268, 1788389889.2061534, 1788389889.8903112, 1788389890.6111166, 1788389891.408871, 1788389891.9275322, 1788389892.5207946, 1788389893.145045, 1788389893.791276, 1788389894.461842, 1788389895.157913, 1788389895.8830152, 1788389896.6366222, 1788389897.4197907, 1788389898.2258673, 1788389899.0570457, 1788389899.8208797, 1788389900.3493311, 1788389900.9522421, 1788389901.5793803, 1788389902.2309797, 1788389902.9084578, 1788389903.6066353, 1788389904.3375432, 1788389905.1239583, 1788389905.9266052, 1788389906.5173852, 1788389907.075337, 1788389907.6897922, 1788389908.3267727, 1788389908.9870286, 1788389909.672123, 1788389910.3822222, 1788389911.1174297, 1788389911.8805192, 1788389912.6669745, 1788389913.4828377, 1788389914.3326027, 1788389915.2037382, 1788389916.088784, 1788389916.953487, 1788389916.9750404, 1788389917.06556, 1788389917.1567268, 1788389917.2466564, 1788389917.337925, 1788389917.4277766, 1788389917.519212, 1788389917.613142, 1788389917.7004066, 1788389917.7903035, 1788389917.8778756, 1788389917.9641945, 1788389918.0528016, 1788389918.138806, 1788389918.228508, 1788389918.3135598, 1788389918.4036212, 1788389918.48749, 1788389918.5754976, 1788389918.6519938, 1788389918.7338254, 1788389918.813466, 1788389918.8948748, 1788389918.9751067, 1788389919.0568137, 1788389919.1363103, 1788389919.2178571, 1788389919.2976706, 1788389919.3820374, 1788389919.4622922, 1788389919.5384119, 1788389919.612633, 1788389919.6908698]","[1, 2, 3, 2, 3, 4, 3, 1, 2, 2, 3, 1, 1, 2, 2, 2, 1, 1, 1, 4, 1, 4, 1, 3, 1, 2, 2, 1, 3, 5, 1, 2, 3, 3, 4, 3, 3, 1, 1, 1, 1, 3, 2, 1, 3, 2, 3, 1, 1, 3, 2, 1, 5, 4, 1, 1, 2, 6, 3, 2, 2, 1, 5, 9, 2, 2, 1, 2, 4, 2, 1, 8, 2, 1, 1, 1, 1, 2, 4, 8, 2, 1, 3, 2, 2, 1, 2, 3, 8, 2, 4, 2, 2, 3, 6, 3, 1, 5, 1, 4, 1, 2, 2, 1, 2, 2, 1, 1, 3]"
User-022,11,trace_0418,1788389919.908843,streaming,21449,328,328,309,19,4.198708534240723,59.55136704444885,0.16927418504650804,11.0,0,True,,1788389860.357401,1788389864.5561094,1788389919.908768,"[1788389864.5561094, 1788389865.0869746, 1788389865.6861708, 1788389866.3090146, 1788389867.0060039, 1788389867.6278327, 1788389868.3262463, 1788389869.0491214, 1788389869.8020144, 1788389870.57596, 1788389871.385322, 1788389872.218819, 1788389873.0776496, 1788389873.7616196, 1788389874.3142986, 1788389874.9276268, 1788389875.5652218, 1788389876.2242818, 1788389876.9097743, 1788389877.6257741, 1788389878.2417645, 1788389878.8047225, 1788389879.4179933, 1788389880.056703, 1788389880.7193346, 1788389881.4055698, 1788389882.1203024, 1788389882.8600378, 1788389883.6304457, 1788389884.4234505, 1788389885.2446034, 1788389886.0902915, 1788389886.716011, 1788389887.2738814, 1788389887.8897674, 1788389888.5330594, 1788389889.205151, 1788389889.8892596, 1788389890.6100588, 1788389891.4077396, 1788389891.9263988, 1788389892.5195894, 1788389893.1440032, 1788389893.790093, 1788389894.460784, 1788389895.156709, 1788389895.88195, 1788389896.635674, 1788389897.4186337, 1788389898.2248259, 1788389899.0565295, 1788389899.8198407, 1788389900.3481631, 1788389900.9511476, 1788389901.5782359, 1788389902.2299023, 1788389902.907089, 1788389903.6056247, 1788389904.336402, 1788389905.1229346, 1788389905.9255753, 1788389906.5155716, 1788389907.0737264, 1788389907.688141, 1788389908.325141, 1788389908.9854763, 1788389909.6704926, 1788389910.3806064, 1788389911.115799, 1788389911.8788795, 1788389912.6653352, 1788389913.4810333, 1788389914.3310032, 1788389915.2021303, 1788389916.087282, 1788389916.9511917, 1788389916.9729748, 1788389917.0630844, 1788389917.1545172, 1788389917.2443857, 1788389917.335792, 1788389917.4253714, 1788389917.5171108, 1788389917.610954, 1788389917.6986647, 1788389917.7880104, 1788389917.8757675, 1788389917.9621127, 1788389918.0505788, 1788389918.136685, 1788389918.2248704, 1788389918.3114462, 1788389918.4016008, 1788389918.4854672, 1788389918.573403, 1788389918.6498542, 1788389918.7317789, 1788389918.8114383, 1788389918.8928213, 1788389918.973082, 1788389919.0546832, 1788389919.1342769, 1788389919.2158453, 1788389919.2956426, 1788389919.3799913, 1788389919.460242, 1788389919.5363765, 1788389919.610523, 1788389919.6886866, 1788389919.7607026, 1788389919.8333168, 1788389919.9064982]","[1, 2, 3, 1, 4, 3, 9, 4, 2, 4, 4, 1, 4, 4, 5, 2, 2, 2, 1, 1, 3, 3, 8, 3, 1, 1, 5, 3, 2, 3, 2, 3, 2, 1, 2, 2, 2, 3, 1, 1, 1, 9, 2, 1, 1, 6, 3, 1, 7, 3, 8, 5, 1, 1, 3, 1, 3, 2, 3, 2, 3, 4, 2, 2, 7, 6, 5, 2, 3, 1, 1, 3, 3, 2, 2, 1, 1, 2, 6, 1, 2, 1, 1, 6, 9, 2, 1, 1, 4, 4, 3, 3, 4, 2, 3, 4, 5, 2, 1, 4, 3, 5, 1, 4, 1, 2, 3, 5, 7, 2, 2, 1]"
User-052,3,trace_0594,1788389920.639322,streaming,25277,122,122,379,15,13.220805883407593,27.34364604949951,0.11671768732307371,7.0,0,True,,1788389893.2955909,1788389906.5163968,1788389920.639237,"[1788389906.5163968, 1788389907.0742817, 1788389907.6886814, 1788389908.3256745, 1788389908.9860067, 1788389909.671068, 1788389910.3811185, 1788389911.1163318, 1788389911.8793945, 1788389912.6658401, 1788389913.4817634, 1788389914.331532, 1788389915.2026484, 1788389916.087781, 1788389916.9516993, 1788389916.9734967, 1788389917.0636199, 1788389917.1550944, 1788389917.2449007, 1788389917.3363395, 1788389917.4258754, 1788389917.5176218, 1788389917.6114867, 1788389917.6992407, 1788389917.7885177, 1788389917.876266, 1788389917.9626112, 1788389918.0511389, 1788389918.13721, 1788389918.2253716, 1788389918.3119762, 1788389918.4021213, 1788389918.4859724, 1788389918.5739172, 1788389918.6503894, 1788389918.7323039, 1788389918.811954, 1788389918.893325, 1788389918.9736, 1788389919.055231, 1788389919.134816, 1788389919.2163477, 1788389919.2961595, 1788389919.3805077, 1788389919.460758, 1788389919.5368934, 1788389919.611093, 1788389919.6892333, 1788389919.7612333, 1788389919.8338375, 1788389919.9073105, 1788389919.9742317, 1788389920.0851195, 1788389920.1148818, 1788389920.1888952, 1788389920.255545, 1788389920.4562247, 1788389920.4889364, 1788389920.561701, 1788389920.6375117]","[1, 1, 3, 1, 3, 4, 6, 2, 2, 2, 1, 1, 1, 1, 2, 1, 1, 1, 2, 1, 2, 1, 1, 2, 2, 4, 1, 3, 1, 2, 3, 1, 1, 2, 3, 3, 2, 1, 3, 1, 1, 1, 4, 6, 2, 1, 1, 2, 1, 4, 5, 1, 3, 1, 2, 1, 2, 4, 2, 2]"
User-034,7,trace_0164,1788389921.5700126,streaming,27396,397,397,389,37,25.356799364089966,47.10503911972046,0.05491979736270326,12.0,0,True,,1788389874.464889,1788389899.8216884,1788389921.5699282,"[1788389899.8216884, 1788389900.349924, 1788389900.9527788, 1788389901.579902, 1788389902.231491, 1788389902.9090006, 1788389903.6061296, 1788389904.336946, 1788389905.1234567, 1788389905.926091, 1788389906.5168893, 1788389907.0748215, 1788389907.689263, 1788389908.3261833, 1788389908.986508, 1788389909.6715987, 1788389910.3816428, 1788389911.116849, 1788389911.8800004, 1788389912.6664176, 1788389913.4822593, 1788389914.3320951, 1788389915.2032375, 1788389916.0882638, 1788389916.9529834, 1788389916.9745073, 1788389917.0650544, 1788389917.1562023, 1788389917.2461505, 1788389917.337419, 1788389917.4272227, 1788389917.5186937, 1788389917.6126077, 1788389917.700005, 1788389917.7896035, 1788389917.877367, 1788389917.9636307, 1788389918.0522754, 1788389918.1382678, 1788389918.226465, 1788389918.313036, 1788389918.403121, 1788389918.4869885, 1788389918.5749755, 1788389918.6514437, 1788389918.7333155, 1788389918.8129606, 1788389918.8943346, 1788389918.974594, 1788389919.0562775, 1788389919.135824, 1788389919.217362, 1788389919.297175, 1788389919.3815384, 1788389919.461792, 1788389919.5379052, 1788389919.6121018, 1788389919.6902943, 1788389919.7622488, 1788389919.8349195, 1788389919.9083948, 1788389919.9753098, 1788389920.0856314, 1788389920.115923, 1788389920.189967, 1788389920.2565992, 1788389920.4572015, 1788389920.4899821, 1788389920.5627904, 1788389920.638824, 1788389920.7077558, 1788389920.7795117, 1788389920.8517668, 1788389920.922352, 1788389920.99431, 1788389921.0661118, 1788389921.136705, 1788389921.2084587, 1788389921.2808714, 1788389921.3513176, 1788389921.422878, 1788389921.4951127, 1788389921.5692756]","[1, 1, 3, 5, 6, 2, 3, 8, 4, 6, 2, 2, 7, 3, 3, 3, 4, 7, 2, 5, 4, 2, 1, 8, 3, 6, 1, 9, 1, 3, 8, 1, 9, 9, 4, 1, 5, 9, 9, 1, 5, 2, 1, 1, 8, 2, 9, 4, 3, 6, 1, 3, 1, 2, 1, 2, 9, 8, 1, 9, 9, 6, 3, 6, 4, 9, 9, 9, 4, 7, 9, 7, 1, 1, 9, 9, 9, 9, 9, 2, 3, 9, 5]"
User-045,5,trace_0729,1788389922.6223319,streaming,32243,91,91,498,2,0.3751685619354248,2.5423500537872314,0.024079794353908963,6.0,0,True,,1788389920.079902,1788389920.4550705,1788389922.622252,"[1788389920.4550705, 1788389920.487826, 1788389920.5605826, 1788389920.6364665, 1788389920.7059479, 1788389920.7777681, 1788389920.8501158, 1788389920.9206219, 1788389920.9925785, 1788389921.0645564, 1788389921.1350663, 1788389921.206763, 1788389921.279239, 1788389921.3496845, 1788389921.421214, 1788389921.493425, 1788389921.5675426, 1788389921.635994, 1788389921.7091246, 1788389921.77599, 1788389921.8463545, 1788389921.9159808, 1788389921.9861147, 1788389922.0565915, 1788389922.1262515, 1788389922.196419, 1788389922.2674625, 1788389922.3366861, 1788389922.407591, 1788389922.4770255, 1788389922.547437, 1788389922.6204627]","[1, 3, 4, 1, 2, 3, 1, 1, 1, 5, 1, 1, 5, 1, 4, 3, 3, 4, 1, 2, 1, 9, 2, 2, 2, 1, 7, 3, 4, 3, 4, 6]"
User-049,5,trace_0273,1788389924.51888,streaming,22839,471,471,312,43,14.151349544525146,32.74668264389038,0.03956453850928773,11.0,0,True,,1788389891.7720294,1788389905.923379,1788389924.518712,"[1788389905.923379, 1788389906.5133097, 1788389907.0708606, 1788389907.6858745, 1788389908.3229554, 1788389908.9832914, 1788389909.668146, 1788389910.3783429, 1788389911.113612, 1788389911.876644, 1788389912.6631286, 1788389913.4785507, 1788389914.3286715, 1788389915.1998887, 1788389916.083825, 1788389916.9480946, 1788389916.9707797, 1788389917.0608463, 1788389917.1522164, 1788389917.2421277, 1788389917.3334706, 1788389917.4231837, 1788389917.5149133, 1788389917.6083863, 1788389917.696448, 1788389917.7858098, 1788389917.873525, 1788389917.9598887, 1788389918.0483875, 1788389918.1343913, 1788389918.2226377, 1788389918.3090534, 1788389918.3993404, 1788389918.4831622, 1788389918.571064, 1788389918.6475031, 1788389918.7292364, 1788389918.8090498, 1788389918.890455, 1788389918.970648, 1788389919.0523412, 1788389919.1319337, 1788389919.2134635, 1788389919.2932923, 1788389919.3776379, 1788389919.4575508, 1788389919.534511, 1788389919.6087024, 1788389919.6868236, 1788389919.7588675, 1788389919.8314981, 1788389919.9047012, 1788389919.972475, 1788389920.084213, 1788389920.1130934, 1788389920.1871288, 1788389920.2537324, 1788389920.4535286, 1788389920.4867, 1788389920.5592995, 1788389920.6352217, 1788389920.7047963, 1788389920.7766383, 1788389920.8489878, 1788389920.9194643, 1788389920.991418, 1788389921.0633035, 1788389921.133841, 1788389921.2055435, 1788389921.2779424, 1788389921.3484185, 1788389921.4199948, 1788389921.4922607, 1788389921.5663223, 1788389921.6347997, 1788389921.707798, 1788389921.774823, 1788389921.8451574, 1788389921.9148097, 1788389921.9849274, 1788389922.055447, 1788389922.1250875, 1788389922.1952431, 1788389922.266259, 1788389922.3354995, 1788389922.406359, 1788389922.4758656, 1788389922.5462692, 1788389922.6191995, 1788389922.6871407, 1788389922.7563713, 1788389922.823584, 1788389922.8924425, 1788389922.9597554, 1788389923.0285628, 1788389923.0956624, 1788389923.1644287, 1788389923.231703, 1788389923.3006449, 1788389923.368062, 1788389923.4365814, 1788389923.5040567, 1788389923.5727203, 1788389923.6399548, 1788389923.7087193, 1788389923.7763295, 1788389923.8615477, 1788389923.916362, 1788389923.9811947, 1788389924.1207802, 1788389924.168917, 1788389924.2378995, 1788389924.3065581, 1788389924.3751159, 1788389924.4444413, 1788389924.515738]","[1, 3, 3, 2, 2, 1, 3, 3, 1, 1, 2, 3, 3, 4, 1, 3, 3, 2, 8, 2, 3, 1, 1, 6, 3, 1, 1, 5, 2, 2, 1, 3, 5, 9, 1, 3, 6, 8, 2, 8, 3, 2, 4, 1, 1, 6, 3, 3, 1, 3, 7, 2, 1, 8, 7, 1, 7, 3, 3, 4, 2, 2, 1, 5, 7, 9, 5, 5, 9, 9, 9, 9, 5, 5, 9, 7, 3, 6, 2, 8, 2, 3, 2, 5, 1, 9, 6, 2, 9, 9, 1, 3, 7, 2, 1, 1, 4, 4, 4, 9, 1, 3, 7, 2, 2, 3, 5, 9, 7, 7, 9, 3, 3, 7, 8, 2]"
User-050,3,trace_0243,1788389947.317913,streaming,30681,550,550,415,63,12.866156101226807,43.23142695426941,0.05531014727330164,17.0,0,True,,1788389904.086339,1788389916.952495,1788389947.317766,"[1788389916.952495, 1788389916.9740016, 1788389917.0643187, 1788389917.1556296, 1788389917.2454133, 1788389917.3368428, 1788389917.4264822, 1788389917.5181227, 1788389917.6120036, 1788389917.699626, 1788389917.7890325, 1788389917.8767803, 1788389917.963113, 1788389918.0516446, 1788389918.1377091, 1788389918.2258914, 1788389918.3124971, 1788389918.4026108, 1788389918.486467, 1788389918.5744255, 1788389918.6509256, 1788389918.732814, 1788389918.812459, 1788389918.8938346, 1788389918.9741035, 1788389919.055767, 1788389919.13533, 1788389919.216844, 1788389919.296682, 1788389919.3810158, 1788389919.4612727, 1788389919.5373933, 1788389919.6116078, 1788389919.689747, 1788389919.7617447, 1788389919.8343554, 1788389919.9078724, 1788389919.974776, 1788389920.0853655, 1788389920.1154006, 1788389920.1894274, 1788389920.2560496, 1788389920.4567106, 1788389920.4894507, 1788389920.56224, 1788389920.6382902, 1788389920.7071657, 1788389920.778998, 1788389920.85127, 1788389920.921811, 1788389920.9937258, 1788389921.0656059, 1788389921.1361973, 1788389921.2079215, 1788389921.280335, 1788389921.350784, 1788389921.4223442, 1788389921.49457, 1788389921.5687203, 1788389921.6371567, 1788389921.710197, 1788389921.7771318, 1788389921.8475049, 1788389921.9170184, 1788389921.9872868, 1788389922.057721, 1788389922.1273012, 1788389922.197544, 1788389922.2686434, 1788389922.3378596, 1788389922.4087787, 1788389922.4783242, 1788389922.548658, 1788389922.6218655, 1788389922.6859465, 1788389922.7551525, 1788389922.8223839, 1788389922.8912625, 1788389922.9585567, 1788389923.027327, 1788389923.0944963, 1788389923.1632936, 1788389923.2305334, 1788389923.2994847, 1788389923.3669124, 1788389923.4354246, 1788389923.5028431, 1788389923.571587, 1788389923.6387851, 1788389923.7075927, 1788389923.7751591, 1788389923.8609524, 1788389923.915136, 1788389923.980047, 1788389924.1224735, 1788389924.1707768, 1788389924.239696, 1788389924.3084147, 1788389924.3768735, 1788389924.4462452, 1788389924.5178983, 1788389924.5821903, 1788389924.6537898, 1788389924.7211046, 1788389925.2890568, 1788389925.8849952, 1788389926.5055938, 1788389927.1533103, 1788389927.8249736, 1788389928.5228763, 1788389929.2521966, 1788389929.967566, 1788389930.4913502, 1788389931.1048367, 1788389931.7376149, 1788389932.397544, 1788389933.0818975, 1788389933.8289242, 1788389934.5844119, 1788389935.3567982, 1788389935.8810358, 1788389936.4847987, 1788389937.1150904, 1788389937.7688315, 1788389938.4445312, 1788389939.1493506, 1788389939.8780694, 1788389940.6300936, 1788389941.418624, 1788389941.5554404, 1788389941.6098228, 1788389941.693525, 1788389941.7747853, 1788389941.8575869, 1788389941.9409657, 1788389942.0257049, 1788389942.1009543, 1788389942.1783671, 1788389942.2547657, 1788389942.3326206, 1788389942.4085531, 1788389942.4858744, 1788389942.562098, 1788389942.6397195, 1788389942.7159383, 1788389942.7933161, 1788389942.8697293, 1788389942.946992, 1788389943.0233283, 1788389943.1005726, 1788389943.1766667, 1788389943.2545853, 1788389943.3299165, 1788389943.4112458, 1788389943.4785993, 1788389943.551162, 1788389943.6220825, 1788389943.6937673, 1788389943.766586, 1788389943.837837, 1788389943.9098468, 1788389943.9811842, 1788389944.05293, 1788389944.1254506, 1788389944.1965218, 1788389944.268882, 1788389944.3397815, 1788389944.411843, 1788389944.4842105, 1788389944.5547931, 1788389944.6270115, 1788389944.6994696, 1788389944.7709715, 1788389944.8431277, 1788389944.9153385, 1788389944.9864514, 1788389945.0582132, 1788389945.1310275, 1788389945.2021327, 1788389945.27408, 1788389945.3466496, 1788389945.4177077, 1788389945.4898531, 1788389945.5612419, 1788389945.6331625, 1788389945.7056947, 1788389945.7769313, 1788389945.8492177, 1788389945.921465, 1788389945.9926398, 1788389946.0648158, 1788389946.1362104, 1788389946.212493, 1788389946.2782428, 1788389946.3464527, 1788389946.4157631, 1788389946.4842975, 1788389946.5534682, 1788389946.6249764, 1788389946.6908553, 1788389946.7576697, 1788389946.8266113, 1788389946.896283, 1788389946.9660618, 1788389947.0352838, 1788389947.104719, 1788389947.1745174, 1788389947.2435656, 1788389947.315936]","[1, 1, 1, 1, 1, 2, 1, 1, 4, 1, 1, 4, 2, 5, 2, 1, 5, 1, 1, 3, 1, 2, 1, 1, 1, 4, 2, 4, 2, 5, 3, 3, 1, 5, 1, 2, 3, 3, 5, 2, 3, 2, 1, 4, 3, 1, 4, 2, 1, 2, 9, 1, 1, 3, 2, 1, 3, 2, 4, 3, 1, 2, 1, 3, 5, 2, 1, 2, 3, 2, 7, 4, 7, 4, 3, 3, 3, 7, 1, 5, 1, 1, 2, 2, 1, 6, 9, 2, 2, 1, 3, 4, 1, 2, 5, 1, 1, 3, 2, 5, 2, 8, 1, 3, 2, 2, 2, 2, 4, 2, 2, 5, 2, 4, 2, 3, 1, 5, 2, 1, 3, 9, 2, 9, 6, 1, 2, 2, 2, 1, 4, 1, 9, 1, 1, 2, 2, 5, 2, 2, 3, 1, 3, 1, 3, 3, 3, 1, 1, 3, 1, 1, 1, 1, 2, 1, 5, 2, 2, 2, 3, 2, 7, 2, 1, 5, 1, 3, 2, 2, 5, 1, 1, 4, 8, 3, 5, 2, 1, 2, 3, 2, 3, 1, 3, 2, 2, 2, 3, 1, 1, 8, 1, 2, 2, 3, 1, 1, 2, 6, 3, 2, 1, 3, 4, 1, 2, 1, 1]"
User-058,0,trace_0586,1788389946.2133422,streaming,17876,180,180,0,278,5.398129224777222,21.64573383331299,0.09076874082980875,0.0,0,True,,1788389924.5675511,1788389929.9656804,1788389946.213285,"[1788389929.9656804, 1788389930.4892807, 1788389931.1029835, 1788389931.7358274, 1788389932.3958054, 1788389933.080119, 1788389933.827172, 1788389934.5825875, 1788389935.353238, 1788389935.8780138, 1788389936.482504, 1788389937.1121757, 1788389937.7659433, 1788389938.4416854, 1788389939.1463807, 1788389939.8752458, 1788389940.6272407, 1788389941.4157858, 1788389941.5518203, 1788389941.6063612, 1788389941.6899781, 1788389941.7714217, 1788389941.8542464, 1788389941.937492, 1788389942.0219243, 1788389942.0980906, 1788389942.1755917, 1788389942.2518942, 1788389942.32971, 1788389942.4056787, 1788389942.4830494, 1788389942.559254, 1788389942.6368732, 1788389942.7130783, 1788389942.790402, 1788389942.8668106, 1788389942.9441078, 1788389943.0203762, 1788389943.097685, 1788389943.1737263, 1788389943.2516956, 1788389943.3270714, 1788389943.408359, 1788389943.4757743, 1788389943.5481708, 1788389943.619189, 1788389943.6909811, 1788389943.7637825, 1788389943.8349972, 1788389943.907003, 1788389943.978238, 1788389944.050099, 1788389944.1225588, 1788389944.1936615, 1788389944.2660203, 1788389944.3369892, 1788389944.4090614, 1788389944.4813561, 1788389944.5520988, 1788389944.6241999, 1788389944.696625, 1788389944.7681224, 1788389944.8401966, 1788389944.912429, 1788389944.983526, 1788389945.0552986, 1788389945.1281824, 1788389945.1992655, 1788389945.2711809, 1788389945.343806, 1788389945.414842, 1788389945.4870265, 1788389945.5582728, 1788389945.6302445, 1788389945.7028844, 1788389945.7740288, 1788389945.8462794, 1788389945.9186149, 1788389945.989775, 1788389946.0619736, 1788389946.1332934, 1788389946.209029]","[1, 1, 5, 1, 3, 2, 4, 1, 3, 3, 2, 3, 2, 1, 2, 1, 2, 4, 4, 1, 5, 5, 1, 1, 1, 1, 1, 3, 1, 6, 2, 1, 1, 1, 1, 2, 1, 3, 2, 2, 1, 2, 1, 1, 1, 2, 1, 1, 2, 3, 1, 2, 3, 2, 3, 2, 2, 1, 1, 1, 1, 1, 2, 1, 7, 1, 1, 3, 6, 2, 2, 2, 2, 7, 1, 6, 2, 1, 1, 6, 3, 2]"
User-045,6,trace_0729,1788389943.4129674,streaming,32395,108,108,500,2,4.273550748825073,17.717508792877197,0.1256444677014217,6.0,0,True,,1788389925.695374,1788389929.9689248,1788389943.4128828,"[1788389929.9689248, 1788389930.4925613, 1788389931.105875, 1788389931.7386565, 1788389932.3985791, 1788389933.0829542, 1788389933.8307264, 1788389934.5859468, 1788389935.3582845, 1788389935.8826373, 1788389936.4860861, 1788389937.1166763, 1788389937.7704115, 1788389938.4461162, 1788389939.1509106, 1788389939.8796334, 1788389940.6316996, 1788389941.4202814, 1788389941.5569055, 1788389941.611503, 1788389941.6951888, 1788389941.776409, 1788389941.8591514, 1788389941.9428835, 1788389942.0268826, 1788389942.1019812, 1788389942.1794257, 1788389942.2558146, 1788389942.3336492, 1788389942.4095645, 1788389942.486885, 1788389942.5631397, 1788389942.6407235, 1788389942.7169707, 1788389942.794352, 1788389942.8707557, 1788389942.9480035, 1788389943.0243487, 1788389943.1015985, 1788389943.1776829, 1788389943.2556486, 1788389943.3309314, 1788389943.4122705]","[1, 5, 5, 2, 1, 4, 1, 3, 1, 2, 3, 1, 1, 4, 1, 3, 1, 1, 1, 1, 1, 2, 3, 3, 1, 5, 2, 9, 1, 2, 3, 2, 4, 1, 5, 1, 1, 4, 3, 3, 8, 1, 1]"
User-051,1,trace_0167,1788389972.1048121,streaming,14197,5698,5669,213,6,17.991570234298706,150.09201073646545,0.023306358592478253,8.0,0,True,,1788389822.012686,1788389840.0042562,1788389972.1046968,"[1788389840.0042562, 1788389840.492497, 1788389841.0935018, 1788389841.7146175, 1788389842.3597162, 1788389843.030435, 1788389843.7231274, 1788389844.4403043, 1788389845.1849906, 1788389845.965105, 1788389846.766514, 1788389847.5914302, 1788389848.4393942, 1788389849.3104875, 1788389849.7515812, 1788389849.787152, 1788389849.8713908, 1788389849.9626603, 1788389850.0512764, 1788389850.1416202, 1788389850.2305899, 1788389850.3211622, 1788389850.4094832, 1788389850.500768, 1788389850.5894575, 1788389850.6805863, 1788389850.7693596, 1788389850.8635817, 1788389850.9485765, 1788389851.0385437, 1788389851.1253438, 1788389851.2143347, 1788389851.3012216, 1788389851.39228, 1788389851.4768493, 1788389851.5627837, 1788389851.646355, 1788389851.732743, 1788389851.8217473, 1788389851.902602, 1788389851.9899387, 1788389852.071935, 1788389852.1597292, 1788389852.2366018, 1788389852.382692, 1788389852.4419088, 1788389852.522768, 1788389852.6010516, 1788389852.6709926, 1788389852.7428691, 1788389852.8158536, 1788389852.8870773, 1788389852.9596841, 1788389853.0310066, 1788389853.1034443, 1788389853.1751046, 1788389853.2476356, 1788389853.318999, 1788389853.392757, 1788389853.4652739, 1788389853.532182, 1788389853.6009974, 1788389853.6704, 1788389853.7403536, 1788389853.8094654, 1788389853.8788142, 1788389853.94831, 1788389854.0171957, 1788389854.087108, 1788389854.156128, 1788389854.2255747, 1788389854.2949085, 1788389854.3640728, 1788389854.4335206, 1788389854.5024338, 1788389854.57163, 1788389854.6409693, 1788389854.7133946, 1788389854.780361, 1788389854.8483603, 1788389854.9176393, 1788389854.9854937, 1788389855.091239, 1788389855.123038, 1788389855.1973028, 1788389855.2600105, 1788389855.4653418, 1788389855.4954855, 1788389855.564307, 1788389855.6346784, 1788389855.7041626, 1788389855.7764268, 1788389855.8442543, 1788389855.912575, 1788389855.982921, 1788389856.0506742, 1788389856.1204243, 1788389856.1886184, 1788389856.2583299, 1788389856.3271182, 1788389856.3968694, 1788389856.465069, 1788389856.534881, 1788389856.641678, 1788389856.6734412, 1788389856.7462373, 1788389856.8117404, 1788389857.2150564, 1788389857.2562249, 1788389858.0905359, 1788389858.2226486, 1788389858.9629316, 1788389859.7670069, 1788389860.079197, 1788389860.6022694, 1788389861.1939633, 1788389861.8272781, 1788389862.4577138, 1788389863.1238034, 1788389863.8168206, 1788389864.5546384, 1788389865.0858178, 1788389865.6851141, 1788389866.3079333, 1788389867.0055401, 1788389867.6267006, 1788389868.3252213, 1788389869.0480418, 1788389869.8009667, 1788389870.574865, 1788389871.384033, 1788389872.218083, 1788389873.0771046, 1788389873.761129, 1788389874.3137596, 1788389874.927082, 1788389875.5646749, 1788389876.22378, 1788389877.6252706, 1788389878.2410862, 1788389879.4174912, 1788389880.056118, 1788389880.7188213, 1788389881.4050074, 1788389882.119738, 1788389882.859491, 1788389883.6298537, 1788389884.4229124, 1788389885.2440927, 1788389886.0897412, 1788389886.7154763, 1788389887.2731724, 1788389887.8891895, 1788389888.532539, 1788389889.204627, 1788389889.8886573, 1788389890.6094344, 1788389891.4063532, 1788389891.9252503, 1788389892.5183465, 1788389893.1427245, 1788389893.7889364, 1788389894.4595947, 1788389895.1555064, 1788389895.880717, 1788389896.6344569, 1788389897.4174423, 1788389898.2236645, 1788389899.0560281, 1788389899.8185651, 1788389900.346973, 1788389900.9499152, 1788389901.577043, 1788389902.2286599, 1788389902.905822, 1788389903.604464, 1788389904.335221, 1788389905.1218276, 1788389905.9245305, 1788389906.514481, 1788389907.0725844, 1788389907.6870644, 1788389908.3241036, 1788389908.984331, 1788389909.6692307, 1788389910.3795252, 1788389911.11478, 1788389911.87777, 1788389912.6642609, 1788389913.4797664, 1788389914.3298266, 1788389915.2010603, 1788389916.0859988, 1788389916.9498355, 1788389916.972305, 1788389917.0625148, 1788389917.153954, 1788389917.2438374, 1788389917.3352363, 1788389917.424826, 1788389917.5165987, 1788389917.6103787, 1788389917.6981049, 1788389917.7874491, 1788389917.8752153, 1788389917.9615498, 1788389918.0500247, 1788389918.136126, 1788389918.224315, 1788389918.3108692, 1788389918.401084, 1788389918.484908, 1788389918.5728648, 1788389918.6492994, 1788389918.7312214, 1788389918.8109071, 1788389918.8922608, 1788389918.9725206, 1788389919.0541441, 1788389919.1337276, 1788389919.2153068, 1788389919.295102, 1788389919.3794832, 1788389919.4596815, 1788389919.5357125, 1788389919.60985, 1788389919.6880002, 1788389919.7600305, 1788389919.8326538, 1788389919.9058416, 1788389919.9736042, 1788389920.0848398, 1788389920.1142983, 1788389920.1883807, 1788389920.2549446, 1788389920.4556751, 1788389920.488324, 1788389920.5611444, 1788389920.636978, 1788389920.7065523, 1788389920.778385, 1788389920.850711, 1788389920.921242, 1788389920.9931817, 1788389921.0650828, 1788389921.1356711, 1788389921.2073724, 1788389921.2798023, 1788389921.3502414, 1788389921.4218202, 1788389921.4940598, 1788389921.5681489, 1788389921.6366367, 1788389921.709641, 1788389921.7765932, 1788389921.8469868, 1788389921.9867635, 1788389922.057194, 1788389922.1970093, 1788389922.268099, 1788389922.3373194, 1788389922.4082017, 1788389922.4777436, 1788389922.54806, 1788389922.6212738, 1788389922.687751, 1788389922.7569473, 1788389922.8242128, 1788389922.8930562, 1788389922.9603395, 1788389923.029088, 1788389923.0962453, 1788389923.1650157, 1788389923.2323115, 1788389923.30124, 1788389923.3686805, 1788389923.437154, 1788389923.5046616, 1788389923.5733097, 1788389923.6405323, 1788389923.7093067, 1788389923.7769198, 1788389923.8618004, 1788389923.9169288, 1788389923.9817407, 1788389924.1219294, 1788389924.170098, 1788389924.2390714, 1788389924.3077583, 1788389924.3762906, 1788389924.4456437, 1788389924.5171862, 1788389924.583568, 1788389924.6551552, 1788389924.722552, 1788389925.2904885, 1788389925.88637, 1788389926.5068245, 1788389927.154809, 1788389927.826224, 1788389928.5240767, 1788389929.2534678, 1788389929.966978, 1788389930.4907086, 1788389931.1042626, 1788389931.7370462, 1788389932.397006, 1788389933.0813725, 1788389933.8283281, 1788389934.5838392, 1788389935.3554394, 1788389935.8798344, 1788389936.48398, 1788389937.1139824, 1788389937.767746, 1788389938.4434502, 1788389939.1482728, 1788389939.8770423, 1788389940.6290162, 1788389941.4175813, 1788389941.5535328, 1788389941.6082115, 1788389941.691917, 1788389941.773161, 1788389941.8560398, 1788389941.939305, 1788389942.0240395, 1788389942.0993335, 1788389942.1768103, 1788389942.2531364, 1788389942.3309348, 1788389942.406927, 1788389942.4842708, 1788389942.5604692, 1788389942.638092, 1788389942.714203, 1788389942.7915857, 1788389942.8679714, 1788389942.9452658, 1788389943.0215526, 1788389943.098838, 1788389943.1749263, 1788389943.252858, 1788389943.3282235, 1788389943.4094887, 1788389943.4769082, 1788389943.5493538, 1788389943.6203396, 1788389943.6921387, 1788389943.7649226, 1788389943.8361392, 1788389943.9081514, 1788389943.9794424, 1788389944.051297, 1788389944.1237562, 1788389944.1948376, 1788389944.2672102, 1788389944.4102044, 1788389944.4824936, 1788389944.62537, 1788389944.6977437, 1788389944.7692788, 1788389944.8413727, 1788389944.9135926, 1788389944.9847186, 1788389945.0565922, 1788389945.1293275, 1788389945.2004352, 1788389945.2723935, 1788389945.3449686, 1788389945.415994, 1788389945.4881544, 1788389945.5595028, 1788389945.6314833, 1788389945.7040093, 1788389945.7752109, 1788389945.8474908, 1788389945.9197927, 1788389945.9909332, 1788389946.0631616, 1788389946.134475, 1788389946.210422, 1788389946.2770405, 1788389946.3452537, 1788389946.4145553, 1788389946.4831328, 1788389946.5522797, 1788389946.6237495, 1788389946.6920273, 1788389946.7589102, 1788389946.8278263, 1788389946.8974867, 1788389946.967323, 1788389947.0365102, 1788389947.105913, 1788389947.1757298, 1788389947.2447464, 1788389947.3173804, 1788389947.3710587, 1788389947.4285562, 1788389947.4862418, 1788389947.543775, 1788389947.6020362, 1788389947.659298, 1788389947.7202303, 1788389947.7736793, 1788389947.8174062, 1788389947.8613944, 1788389947.9049659, 1788389947.9489162, 1788389947.9927888, 1788389948.036784, 1788389948.080663, 1788389948.1246948, 1788389948.1681495, 1788389948.2112117, 1788389948.254884, 1788389948.2989414, 1788389948.342255, 1788389948.385363, 1788389948.4291632, 1788389948.4730828, 1788389948.5170763, 1788389948.5610225, 1788389948.6050563, 1788389948.648913, 1788389948.6932042, 1788389948.7370503, 1788389948.781, 1788389948.8251743, 1788389948.8688843, 1788389948.913062, 1788389948.957203, 1788389949.0012512, 1788389949.045359, 1788389949.0892406, 1788389949.133288, 1788389949.1773074, 1788389949.2208815, 1788389949.2642815, 1788389949.308223, 1788389949.3524563, 1788389949.3964546, 1788389949.4405162, 1788389949.4846532, 1788389949.5289147, 1788389949.5730958, 1788389949.6170266, 1788389949.6613114, 1788389949.7051227, 1788389949.7483559, 1788389949.7922008, 1788389949.8367598, 1788389949.8801823, 1788389949.9234574, 1788389949.9673166, 1788389950.0114968, 1788389950.0557172, 1788389950.1440275, 1788389950.2323334, 1788389950.2765076, 1788389950.3648915, 1788389950.4092214, 1788389950.4532309, 1788389950.4976199, 1788389950.5419333, 1788389950.5860636, 1788389950.6303644, 1788389950.674509, 1788389950.718895, 1788389950.762986, 1788389950.8066988, 1788389950.8502455, 1788389950.8941836, 1788389950.9384255, 1788389950.9828055, 1788389951.0269613, 1788389951.0712676, 1788389951.115543, 1788389951.159851, 1788389951.2041698, 1788389951.2486372, 1788389951.292726, 1788389951.3371067, 1788389951.381533, 1788389951.4257631, 1788389951.470169, 1788389951.514562, 1788389951.558854, 1788389951.603257, 1788389951.6476243, 1788389951.6921232, 1788389951.736271, 1788389951.7807693, 1788389951.82506, 1788389951.869439, 1788389951.913853, 1788389951.9581122, 1788389952.002464, 1788389952.0469615, 1788389952.0913854, 1788389952.1356976, 1788389952.180023, 1788389952.2245274, 1788389952.2689083, 1788389952.3133059, 1788389952.357824, 1788389952.402406, 1788389952.4469185, 1788389952.4912276, 1788389952.5357804, 1788389952.5802824, 1788389952.6250067, 1788389952.6689382, 1788389952.7126446, 1788389952.7569377, 1788389952.8008041, 1788389952.8447394, 1788389952.889094, 1788389952.9336307, 1788389952.9781845, 1788389953.022828, 1788389953.0671866, 1788389953.1118264, 1788389953.1562376, 1788389953.2008188, 1788389953.2454689, 1788389953.2900915, 1788389953.334683, 1788389953.379372, 1788389953.4238825, 1788389953.4685836, 1788389953.5131445, 1788389953.5577676, 1788389953.6024148, 1788389953.6471915, 1788389953.6917584, 1788389953.7363884, 1788389953.781094, 1788389953.825772, 1788389953.8705506, 1788389953.915027, 1788389953.959739, 1788389954.0043344, 1788389954.04901, 1788389954.0937595, 1788389954.1384044, 1788389954.1831512, 1788389954.2280853, 1788389954.2726765, 1788389954.317472, 1788389954.3621993, 1788389954.4071097, 1788389954.4517856, 1788389954.496447, 1788389954.5412772, 1788389954.586081, 1788389954.6308641, 1788389954.6756523, 1788389954.7203064, 1788389954.765231, 1788389954.809959, 1788389954.8993838, 1788389954.9889672, 1788389955.0337636, 1788389955.1234324, 1788389955.1683276, 1788389955.2126143, 1788389955.2570372, 1788389955.3016145, 1788389955.3463008, 1788389955.3911536, 1788389955.4359612, 1788389955.480818, 1788389955.5256171, 1788389955.5706456, 1788389955.615589, 1788389955.6603193, 1788389955.7053216, 1788389955.7501402, 1788389955.7953224, 1788389955.8401616, 1788389955.8849218, 1788389955.9290268, 1788389955.9734633, 1788389956.0181992, 1788389956.063326, 1788389956.10798, 1788389956.153086, 1788389956.19804, 1788389956.242989, 1788389956.2878795, 1788389956.3328521, 1788389956.3778796, 1788389956.422928, 1788389956.4677916, 1788389956.5128686, 1788389956.557822, 1788389956.6030815, 1788389956.6480455, 1788389956.6930065, 1788389956.7380269, 1788389956.7831311, 1788389956.8280778, 1788389956.8731613, 1788389956.9181788, 1788389956.9631977, 1788389957.0083754, 1788389957.0533822, 1788389957.0984929, 1788389957.1436381, 1788389957.1886408, 1788389957.2339172, 1788389957.2789912, 1788389957.3240814, 1788389957.3691564, 1788389957.414212, 1788389957.4592566, 1788389957.504516, 1788389957.5497024, 1788389957.594983, 1788389957.6400099, 1788389957.6846137, 1788389957.729106, 1788389957.774132, 1788389957.8194346, 1788389957.8645296, 1788389957.909483, 1788389957.9549298, 1788389958.000112, 1788389958.045293, 1788389958.0905764, 1788389958.1358278, 1788389958.181119, 1788389958.2261543, 1788389958.271435, 1788389958.3166795, 1788389958.3620353, 1788389958.4066577, 1788389958.451272, 1788389958.4964037, 1788389958.5417094, 1788389958.5871327, 1788389958.6322634, 1788389958.6776493, 1788389958.72312, 1788389958.7682827, 1788389958.8136299, 1788389958.8589702, 1788389958.9038632, 1788389958.9484382, 1788389958.9935856, 1788389959.039008, 1788389959.0842438, 1788389959.129891, 1788389959.17504, 1788389959.2204592, 1788389959.2657998, 1788389959.3114455, 1788389959.3566725, 1788389959.402108, 1788389959.4473915, 1788389959.4929237, 1788389959.538277, 1788389959.6290627, 1788389959.7198792, 1788389959.7652984, 1788389959.855558, 1788389959.9003289, 1788389959.9455411, 1788389959.9911916, 1788389960.0366786, 1788389960.0820534, 1788389960.127542, 1788389960.1730795, 1788389960.21858, 1788389960.2639382, 1788389960.309491, 1788389960.3551512, 1788389960.4006226, 1788389960.4460495, 1788389960.4916828, 1788389960.5370517, 1788389960.5826797, 1788389960.628298, 1788389960.6736734, 1788389960.7194493, 1788389960.7648265, 1788389960.8104913, 1788389960.8559396, 1788389960.9016306, 1788389960.9474041, 1788389960.9925563, 1788389961.0381823, 1788389961.0839584, 1788389961.1294773, 1788389961.1751237, 1788389961.220628, 1788389961.2663832, 1788389961.311898, 1788389961.3575618, 1788389961.4031126, 1788389961.4487994, 1788389961.4944727, 1788389961.5402627, 1788389961.5858872, 1788389961.6315386, 1788389961.677228, 1788389961.72292, 1788389961.7685974, 1788389961.8143315, 1788389961.8599334, 1788389961.9056516, 1788389961.9513693, 1788389961.9971006, 1788389962.0428324, 1788389962.088524, 1788389962.1343534, 1788389962.1800644, 1788389962.225895, 1788389962.2716677, 1788389962.317494, 1788389962.3632946, 1788389962.4091434, 1788389962.4545305, 1788389962.5004687, 1788389962.5461228, 1788389962.591915, 1788389962.6378813, 1788389962.6829805, 1788389962.7282698, 1788389962.7739656, 1788389962.819793, 1788389962.8656683, 1788389962.9115129, 1788389962.957325, 1788389963.0031343, 1788389963.0491393, 1788389963.094835, 1788389963.1407607, 1788389963.1867154, 1788389963.2326155, 1788389963.2785316, 1788389963.3244176, 1788389963.3705618, 1788389963.4164212, 1788389963.4621341, 1788389963.5082662, 1788389963.5540211, 1788389963.6000516, 1788389963.6459723, 1788389963.692017, 1788389963.7379994, 1788389963.7838404, 1788389963.8300436, 1788389963.8801982, 1788389963.9219291, 1788389963.9679604, 1788389964.0141525, 1788389964.0598722, 1788389964.1058109, 1788389964.151978, 1788389964.1979294, 1788389964.2441015, 1788389964.289966, 1788389964.3362224, 1788389964.3820658, 1788389964.474082, 1788389964.566277, 1788389964.6122954, 1788389964.7042284, 1788389964.7505126, 1788389964.7962918, 1788389964.8424711, 1788389964.8885274, 1788389964.9346304, 1788389964.9807026, 1788389965.027011, 1788389965.0730283, 1788389965.1190927, 1788389965.1652844, 1788389965.2113538, 1788389965.2574, 1788389965.3035784, 1788389965.3497534, 1788389965.3959649, 1788389965.4420462, 1788389965.488292, 1788389965.5343232, 1788389965.5806386, 1788389965.6267936, 1788389965.6730268, 1788389965.7192678, 1788389965.7654595, 1788389965.8117325, 1788389965.857803, 1788389965.9042056, 1788389965.9503894, 1788389965.9965012, 1788389966.0421984, 1788389966.0876915, 1788389966.133919, 1788389966.1802764, 1788389966.2263336, 1788389966.2726336, 1788389966.3209445, 1788389966.3653996, 1788389966.4115977, 1788389966.457753, 1788389966.5041997, 1788389966.550413, 1788389966.596703, 1788389966.643082, 1788389966.6899362, 1788389966.7358723, 1788389966.7821403, 1788389966.8284469, 1788389966.8750272, 1788389966.9210386, 1788389966.9674015, 1788389967.0138087, 1788389967.0602674, 1788389967.106594, 1788389967.153001, 1788389967.1995492, 1788389967.2457635, 1788389967.2922995, 1788389967.3387015, 1788389967.3851194, 1788389967.4315171, 1788389967.477873, 1788389967.5243783, 1788389967.5709445, 1788389967.6172752, 1788389967.6637564, 1788389967.710264, 1788389967.7567759, 1788389967.8031423, 1788389967.8497515, 1788389967.8960528, 1788389967.9425762, 1788389967.9889803, 1788389968.0351958, 1788389968.081005, 1788389968.1272728, 1788389968.174096, 1788389968.2203462, 1788389968.2670817, 1788389968.3134918, 1788389968.360147, 1788389968.4066417, 1788389968.4532506, 1788389968.4999402, 1788389968.5465167, 1788389968.5930755, 1788389968.6397333, 1788389968.6861987, 1788389968.7329159, 1788389968.7792475, 1788389968.82603, 1788389968.8726306, 1788389968.9191928, 1788389968.9658747, 1788389969.0124424, 1788389969.0590205, 1788389969.1058414, 1788389969.1522944, 1788389969.1991158, 1788389969.245695, 1788389969.3388882, 1788389969.4320824, 1788389969.4788241, 1788389969.5721605, 1788389969.619135, 1788389969.6654813, 1788389969.7123759, 1788389969.7589414, 1788389969.805664, 1788389969.8524337, 1788389969.8991742, 1788389969.9458954, 1788389969.9925709, 1788389970.0393538, 1788389970.0860603, 1788389970.1328614, 1788389970.1795259, 1788389970.226309, 1788389970.2729979, 1788389970.3198452, 1788389970.3668299, 1788389970.4134314, 1788389970.4602427, 1788389970.5069818, 1788389970.5540426, 1788389970.600617, 1788389970.6475813, 1788389970.6943684, 1788389970.741228, 1788389970.7880433, 1788389970.834934, 1788389970.8817918, 1788389970.9288552, 1788389970.9755049, 1788389971.0223606, 1788389971.0686479, 1788389971.1149118, 1788389971.1619189, 1788389971.208724, 1788389971.2556612, 1788389971.3026197, 1788389971.3494484, 1788389971.396407, 1788389971.4433513, 1788389971.4902627, 1788389971.5372152, 1788389971.5843325, 1788389971.6311963, 1788389971.6780832, 1788389971.7250357, 1788389971.7720466, 1788389971.819133, 1788389971.8658876, 1788389971.9129584, 1788389971.9602044, 1788389972.0070632, 1788389972.0540621, 1788389972.1039333]","[1, 2, 8, 2, 7, 4, 4, 5, 9, 7, 9, 8, 7, 5, 9, 3, 3, 1, 7, 2, 8, 1, 9, 5, 8, 5, 1, 9, 7, 9, 9, 8, 9, 9, 3, 2, 7, 9, 9, 9, 9, 4, 9, 6, 9, 7, 3, 9, 4, 4, 9, 4, 9, 9, 5, 6, 2, 2, 2, 2, 1, 1, 2, 1, 9, 1, 1, 3, 5, 3, 1, 1, 1, 2, 1, 9, 1, 1, 1, 4, 1, 1, 5, 2, 1, 1, 1, 2, 4, 2, 7, 1, 1, 1, 1, 5, 6, 1, 1, 2, 1, 3, 3, 7, 1, 1, 3, 4, 2, 6, 2, 2, 2, 4, 6, 1, 1, 1, 1, 2, 1, 3, 6, 1, 1, 1, 4, 1, 3, 6, 1, 1, 2, 1, 3, 1, 3, 1, 1, 1, 1, 9, 1, 6, 6, 4, 9, 3, 2, 6, 4, 5, 8, 2, 4, 1, 3, 2, 8, 5, 8, 4, 4, 2, 8, 4, 9, 6, 4, 9, 1, 7, 4, 9, 9, 7, 9, 8, 8, 6, 8, 2, 3, 1, 9, 8, 1, 9, 4, 1, 9, 5, 9, 7, 9, 9, 9, 8, 9, 3, 2, 7, 9, 9, 9, 9, 9, 9, 9, 8, 3, 9, 4, 5, 9, 3, 9, 9, 5, 9, 3, 6, 1, 9, 9, 7, 9, 6, 9, 4, 3, 9, 6, 1, 9, 6, 7, 9, 1, 9, 9, 3, 9, 4, 3, 3, 4, 5, 3, 4, 1, 9, 1, 7, 4, 1, 1, 1, 1, 6, 4, 9, 7, 9, 9, 9, 9, 3, 8, 9, 9, 9, 8, 9, 9, 9, 2, 9, 1, 7, 4, 9, 9, 7, 9, 8, 8, 6, 9, 1, 4, 9, 7, 2, 9, 4, 1, 9, 5, 8, 8, 9, 9, 9, 8, 9, 3, 2, 7, 9, 9, 9, 9, 9, 9, 9, 8, 3, 9, 4, 8, 9, 9, 9, 5, 9, 3, 6, 1, 9, 9, 7, 9, 6, 9, 4, 3, 9, 7, 9, 6, 9, 8, 9, 9, 3, 9, 7, 3, 3, 9, 5, 9, 1, 9, 2, 1, 1, 1, 1, 9, 1, 9, 7, 9, 9, 9, 9, 3, 9, 9, 9, 8, 9, 9, 9, 9, 1, 9, 1, 7, 4, 9, 9, 6, 1, 9, 8, 8, 6, 9, 1, 3, 1, 9, 9, 9, 4, 1, 7, 7, 7, 9, 9, 9, 9, 8, 9, 3, 2, 7, 9, 9, 9, 9, 9, 9, 9, 8, 3, 9, 4, 8, 9, 9, 9, 5, 9, 3, 6, 1, 9, 9, 7, 9, 6, 9, 4, 3, 9, 7, 9, 6, 8, 9, 9, 9, 3, 9, 7, 3, 3, 9, 5, 9, 1, 9, 2, 1, 1, 1, 1, 9, 1, 9, 7, 9, 9, 9, 9, 3, 8, 9, 8, 9, 1, 9, 9, 9, 9, 1, 9, 1, 7, 4, 9, 9, 6, 1, 9, 8, 8, 5, 9, 2, 3, 1, 9, 9, 9, 5, 9, 5, 5, 6, 5, 9, 9, 9, 8, 9, 3, 2, 7, 9, 9, 9, 9, 9, 9, 7, 9, 1, 3, 9, 4, 8, 9, 9, 9, 5, 9, 3, 6, 1, 9, 9, 7, 9, 6, 9, 4, 3, 9, 7, 9, 6, 8, 9, 9, 9, 3, 9, 7, 3, 3, 9, 5, 9, 1, 9, 2, 1, 1, 1, 1, 9, 1, 9, 7, 9, 9, 9, 9, 3, 9, 9, 9, 8, 8, 9, 9, 9, 2, 9, 1, 7, 4, 9, 9, 6, 1, 9, 8, 8, 5, 9, 2, 3, 1, 9, 9, 9, 5, 9, 5, 7, 9, 9, 9, 9, 8, 9, 3, 2, 7, 9, 9, 9, 9, 9, 9, 7, 9, 1, 3, 9, 4, 8, 9, 9, 9, 5, 9, 3, 6, 1, 9, 9, 7, 9, 6, 9, 4, 3, 9, 7, 9, 6, 8, 9, 9, 9, 3, 9, 7, 3, 3, 9, 5, 9, 1, 9, 2, 1, 1, 1, 1, 9, 1, 9, 7, 9, 6, 9, 9, 6, 8, 9, 9, 9, 9, 9, 9, 9, 1, 9, 1, 7, 4, 9, 9, 6, 1, 9, 8, 9, 3, 9, 3, 3, 1, 9, 9, 9, 5, 9, 5, 7, 9, 9, 9, 9, 8, 9, 3, 2, 7, 9, 9, 9, 9, 9, 9, 7, 9, 1, 3, 9, 4, 8, 9, 9, 9, 5, 9, 3, 6, 1, 9, 9, 7, 9, 6, 9, 4, 3, 9, 7, 9, 6, 7, 9, 1, 9, 9, 3, 9, 7, 3, 3, 9, 5, 9, 1, 9, 2, 1, 1, 1, 1, 9, 1, 9, 7, 9, 6, 9, 9, 6, 9, 9, 9, 8, 9, 9, 9, 9, 1, 9, 1, 7, 4, 9, 9, 6, 1, 9, 8, 8, 4, 9, 3, 3, 1, 9, 9, 9, 5, 9, 5, 7, 9, 9, 9, 9, 8, 9, 3, 2, 7, 9, 9, 9, 9, 9, 9, 7, 9, 1, 3, 9, 4, 8, 9, 9, 9, 5, 9, 3, 6, 1, 9, 9, 7, 9, 6, 9, 4, 3, 9, 7, 9, 6, 8, 9, 9, 9, 3, 9, 7, 3, 3, 9, 5, 9, 1, 9, 2, 1, 1, 1, 1, 9, 1, 9, 7, 9, 6, 9, 9, 6, 9, 9, 9, 8, 9, 9, 9, 9, 1, 9, 1, 7, 4, 9, 9, 6, 1, 9, 8, 8, 4, 9, 3, 3, 1, 9, 9, 9, 5, 9, 5, 7, 9, 9, 9, 9, 8, 9, 3, 2, 7, 9, 9, 9, 6]"
User-047,5,trace_0228,1788389941.9434226,streaming,10438,151,151,300,3,0.2655501365661621,18.085482835769653,0.11879955132802328,9.0,0,True,,1788389923.857809,1788389924.1233592,1788389941.943292,"[1788389924.1233592, 1788389924.1713, 1788389924.2402096, 1788389924.3089457, 1788389924.3773968, 1788389924.446821, 1788389924.5184155, 1788389924.584141, 1788389924.6556838, 1788389924.7231655, 1788389925.2910697, 1788389925.8869991, 1788389926.5074356, 1788389927.1554713, 1788389927.826838, 1788389928.5246527, 1788389929.2540753, 1788389929.9681032, 1788389930.4918804, 1788389931.1053646, 1788389931.7381403, 1788389932.3980632, 1788389933.0824082, 1788389933.8302376, 1788389934.5854456, 1788389935.3578022, 1788389935.8820903, 1788389936.4856927, 1788389937.1161268, 1788389937.7698758, 1788389938.445569, 1788389939.1503966, 1788389939.879098, 1788389940.6311634, 1788389941.4197543, 1788389941.556414, 1788389941.610975, 1788389941.6946192, 1788389941.7759075, 1788389941.8586261, 1788389941.9420683]","[1, 9, 4, 4, 1, 3, 1, 4, 9, 6, 1, 3, 5, 1, 1, 4, 6, 4, 1, 2, 3, 5, 2, 2, 1, 1, 6, 7, 3, 4, 7, 1, 4, 3, 6, 1, 5, 9, 2, 4, 5]"
User-055,1,trace_0449,1788389946.6262207,streaming,14934,233,233,226,6,8.067080736160278,20.863462686538696,0.055156818751631115,11.0,0,True,,1788389925.762666,1788389933.8297467,1788389946.6261287,"[1788389933.8297467, 1788389934.5849357, 1788389935.3572934, 1788389935.881558, 1788389936.4852257, 1788389937.115613, 1788389937.7693589, 1788389938.4450595, 1788389939.1498828, 1788389939.8785768, 1788389940.6306088, 1788389941.4191842, 1788389941.5559342, 1788389941.6103458, 1788389941.6940415, 1788389941.7753587, 1788389941.8580885, 1788389941.9414732, 1788389942.0263417, 1788389942.1014647, 1788389942.1789181, 1788389942.2553012, 1788389942.3331275, 1788389942.409059, 1788389942.48637, 1788389942.562626, 1788389942.640217, 1788389942.716452, 1788389942.7938519, 1788389942.8702424, 1788389942.947503, 1788389943.0238366, 1788389943.1010993, 1788389943.177173, 1788389943.2551298, 1788389943.3304164, 1788389943.4117513, 1788389943.4791415, 1788389943.5516725, 1788389943.6226091, 1788389943.6942725, 1788389943.767131, 1788389943.8383539, 1788389943.910377, 1788389943.9817157, 1788389944.0534627, 1788389944.1259694, 1788389944.1970406, 1788389944.2694163, 1788389944.3402867, 1788389944.4123597, 1788389944.4847283, 1788389944.5553062, 1788389944.627551, 1788389944.6999903, 1788389944.7715104, 1788389944.8436494, 1788389944.9158776, 1788389944.987006, 1788389945.058797, 1788389945.1315556, 1788389945.202641, 1788389945.2745886, 1788389945.347212, 1788389945.4182224, 1788389945.4903734, 1788389945.5617392, 1788389945.6337018, 1788389945.706218, 1788389945.777435, 1788389945.8497226, 1788389945.9219913, 1788389945.993148, 1788389946.0653212, 1788389946.1367424, 1788389946.2129953, 1788389946.2787995, 1788389946.3470051, 1788389946.4162843, 1788389946.4848142, 1788389946.5539834, 1788389946.6255145]","[1, 2, 6, 9, 4, 2, 3, 1, 1, 2, 3, 2, 3, 9, 9, 1, 2, 5, 2, 4, 2, 4, 5, 1, 3, 1, 2, 7, 1, 2, 2, 5, 2, 3, 3, 2, 1, 5, 5, 4, 1, 2, 4, 2, 1, 1, 2, 3, 2, 2, 1, 2, 2, 2, 1, 6, 1, 1, 1, 1, 8, 2, 2, 8, 1, 2, 3, 2, 4, 1, 2, 5, 4, 4, 1, 2, 1, 1, 4, 2, 4, 1]"
User-022,12,trace_0418,1788389946.21366,streaming,22010,197,197,328,9,14.569773435592651,19.228979349136353,0.023771458742569904,14.0,0,True,,1788389926.9846165,1788389941.55439,1788389946.2135959,"[1788389941.55439, 1788389941.6087685, 1788389941.6924765, 1788389941.7737174, 1788389941.8565812, 1788389941.9398618, 1788389942.0245893, 1788389942.0998974, 1788389942.177328, 1788389942.2536988, 1788389942.3315277, 1788389942.407503, 1788389942.4848578, 1788389942.561037, 1788389942.6386583, 1788389942.7148767, 1788389942.7922459, 1788389942.8686557, 1788389942.9459343, 1788389943.0222294, 1788389943.099513, 1788389943.1756394, 1788389943.2535315, 1788389943.3289146, 1788389943.4101717, 1788389943.4775445, 1788389943.5500243, 1788389943.620995, 1788389943.692758, 1788389943.7655482, 1788389943.836808, 1788389943.9087944, 1788389943.9801369, 1788389944.0519073, 1788389944.1244245, 1788389944.1954653, 1788389944.2678177, 1788389944.3386598, 1788389944.4108293, 1788389944.4831362, 1788389944.5537388, 1788389944.62597, 1788389944.6984184, 1788389944.7698925, 1788389944.842048, 1788389944.9142637, 1788389944.985392, 1788389945.0571723, 1788389945.1299884, 1788389945.2011006, 1788389945.2730231, 1788389945.3456233, 1788389945.4166834, 1788389945.4888208, 1788389945.5601556, 1788389945.6321356, 1788389945.7046773, 1788389945.7758906, 1788389945.8481495, 1788389945.9203997, 1788389945.991587, 1788389946.063796, 1788389946.135161, 1788389946.2111835]","[1, 2, 1, 3, 2, 8, 5, 7, 2, 4, 4, 2, 1, 8, 1, 1, 8, 4, 7, 2, 2, 2, 7, 1, 2, 3, 4, 9, 2, 1, 2, 2, 2, 1, 2, 1, 1, 9, 1, 1, 1, 1, 1, 3, 1, 2, 3, 1, 1, 5, 1, 2, 1, 9, 9, 2, 1, 3, 7, 3, 3, 3, 5, 1]"
User-052,4,trace_0594,1788389947.7207215,streaming,25532,388,388,394,4,8.564929246902466,20.931321382522583,0.031954501642429245,10.0,0,True,,1788389926.7893214,1788389935.3542507,1788389947.7206428,"[1788389935.3542507, 1788389935.8786194, 1788389936.4830384, 1788389937.1127787, 1788389937.7665613, 1788389938.442284, 1788389939.1470678, 1788389939.8758585, 1788389940.627845, 1788389941.416401, 1788389941.5524452, 1788389941.6069884, 1788389941.6905973, 1788389941.7720265, 1788389941.8548765, 1788389941.9380887, 1788389942.022532, 1788389942.0986907, 1788389942.1761937, 1788389942.2525084, 1788389942.3303018, 1788389942.4062793, 1788389942.4836519, 1788389942.5598528, 1788389942.6374707, 1788389942.7136636, 1788389942.7910285, 1788389942.8674114, 1788389942.944706, 1788389943.0210018, 1788389943.0982778, 1788389943.174323, 1788389943.2522984, 1788389943.3276715, 1788389943.4089522, 1788389943.4763758, 1788389943.5487792, 1788389943.619788, 1788389943.691579, 1788389943.7643712, 1788389943.8356037, 1788389943.907613, 1788389943.9788578, 1788389944.050705, 1788389944.1232166, 1788389944.1942554, 1788389944.2666295, 1788389944.3375928, 1788389944.4096642, 1788389944.4819493, 1788389944.552696, 1788389944.6248183, 1788389944.6972084, 1788389944.7687185, 1788389944.840799, 1788389944.9130383, 1788389944.9841754, 1788389945.0560308, 1788389945.128774, 1788389945.1998827, 1788389945.2718267, 1788389945.3444114, 1788389945.4154475, 1788389945.4876215, 1788389945.558924, 1788389945.630916, 1788389945.7034743, 1788389945.7746434, 1788389945.8469126, 1788389945.9192486, 1788389945.9903693, 1788389946.0625901, 1788389946.133908, 1788389946.2098815, 1788389946.2763748, 1788389946.3446062, 1788389946.4139128, 1788389946.4824512, 1788389946.5516396, 1788389946.623138, 1788389946.6914713, 1788389946.7582994, 1788389946.82726, 1788389946.8969038, 1788389946.9666874, 1788389947.0359192, 1788389947.1053214, 1788389947.1751785, 1788389947.2441792, 1788389947.316813, 1788389947.3703983, 1788389947.427935, 1788389947.485635, 1788389947.5431347, 1788389947.601433, 1788389947.6586416, 1788389947.7193363]","[1, 3, 4, 3, 2, 3, 6, 3, 4, 4, 1, 2, 5, 1, 1, 2, 9, 2, 3, 3, 1, 5, 4, 2, 5, 1, 2, 4, 4, 7, 1, 7, 7, 1, 3, 1, 5, 4, 3, 2, 2, 4, 9, 4, 3, 9, 3, 3, 4, 4, 2, 4, 1, 6, 7, 4, 2, 4, 2, 5, 6, 4, 5, 1, 6, 3, 1, 1, 7, 3, 3, 1, 7, 1, 9, 9, 9, 7, 9, 3, 1, 9, 4, 9, 7, 3, 9, 1, 6, 3, 4, 2, 1, 2, 1, 9, 9]"
User-056,1,trace_0590,1788389946.6934137,streaming,22442,289,289,282,68,8.673601865768433,20.010595083236694,0.03936455978287591,12.0,0,True,,1788389926.682705,1788389935.3563068,1788389946.6933,"[1788389935.3563068, 1788389935.8805215, 1788389936.4844217, 1788389937.1145468, 1788389937.7683148, 1788389938.4440143, 1788389939.1488395, 1788389939.8775651, 1788389940.629574, 1788389941.4181185, 1788389941.5549147, 1788389941.6092746, 1788389941.6929839, 1788389941.7742445, 1788389941.8570902, 1788389941.9404151, 1788389942.025132, 1788389942.1004553, 1788389942.1778574, 1788389942.2542336, 1788389942.3320968, 1788389942.4080317, 1788389942.4853702, 1788389942.5615973, 1788389942.6392033, 1788389942.715411, 1788389942.7928026, 1788389942.869188, 1788389942.9464622, 1788389943.0227902, 1788389943.1000528, 1788389943.1761465, 1788389943.2540734, 1788389943.3294232, 1788389943.4107068, 1788389943.4780803, 1788389943.5505698, 1788389943.62154, 1788389943.693275, 1788389943.766057, 1788389943.8373218, 1788389943.909323, 1788389943.9806595, 1788389944.0524206, 1788389944.1249416, 1788389944.1959832, 1788389944.2683396, 1788389944.3392563, 1788389944.4113414, 1788389944.4836545, 1788389944.554251, 1788389944.626479, 1788389944.6989663, 1788389944.770417, 1788389944.842561, 1788389944.914821, 1788389944.985925, 1788389945.0576942, 1788389945.1304953, 1788389945.2016284, 1788389945.2735538, 1788389945.3461413, 1788389945.4171884, 1788389945.4893565, 1788389945.5607116, 1788389945.6326573, 1788389945.7051878, 1788389945.7764208, 1788389945.84871, 1788389945.9209244, 1788389945.9921186, 1788389946.0643113, 1788389946.135687, 1788389946.211949, 1788389946.2776377, 1788389946.3458462, 1788389946.4151576, 1788389946.4836752, 1788389946.5528765, 1788389946.6243365, 1788389946.6926658]","[1, 2, 1, 1, 3, 3, 2, 1, 2, 2, 5, 4, 8, 3, 1, 6, 8, 1, 3, 1, 1, 2, 1, 1, 4, 7, 2, 9, 3, 6, 5, 2, 2, 1, 2, 5, 7, 5, 2, 6, 2, 5, 5, 3, 1, 6, 7, 5, 1, 9, 2, 2, 1, 3, 3, 2, 3, 4, 2, 2, 4, 1, 2, 1, 8, 1, 1, 2, 2, 9, 8, 1, 6, 9, 4, 8, 1, 9, 2, 7, 4]"
User-031,5,trace_0624,1788389942.0272527,streaming,29723,452,452,453,9,16.749658346176147,42.692049980163574,0.05752193266959518,20.0,0,True,,1788389899.3351274,1788389916.0847857,1788389942.0271773,"[1788389916.0847857, 1788389916.948798, 1788389916.9712589, 1788389917.0614643, 1788389917.1528678, 1788389917.2427819, 1788389917.3340933, 1788389917.4237864, 1788389917.5155275, 1788389917.6091511, 1788389917.6969745, 1788389917.7864103, 1788389917.8741348, 1788389917.9605184, 1788389918.0489974, 1788389918.1350377, 1788389918.2232847, 1788389918.3097782, 1788389918.399903, 1788389918.4837239, 1788389918.5718393, 1788389918.6481185, 1788389918.729876, 1788389918.8096578, 1788389918.8910737, 1788389918.971293, 1788389919.0529373, 1788389919.1325235, 1788389919.214066, 1788389919.2938824, 1788389919.3782349, 1788389919.4581556, 1788389919.5351543, 1788389919.6093156, 1788389919.687448, 1788389919.7594757, 1788389919.8321075, 1788389919.9053016, 1788389919.9730632, 1788389920.0845747, 1788389920.113769, 1788389920.1878197, 1788389920.2543917, 1788389920.454174, 1788389920.4873002, 1788389920.559905, 1788389920.6358237, 1788389920.7054002, 1788389920.7772267, 1788389920.8495944, 1788389920.9200788, 1788389920.9920385, 1788389921.0640135, 1788389921.134465, 1788389921.2061768, 1788389921.2785738, 1788389921.3490415, 1788389921.4206724, 1788389921.4928796, 1788389921.5669825, 1788389921.6354537, 1788389921.708528, 1788389921.775444, 1788389921.845804, 1788389921.915435, 1788389921.985567, 1788389922.0560498, 1788389922.12571, 1788389922.1958535, 1788389922.266916, 1788389922.3361034, 1788389922.4070303, 1788389922.4764838, 1788389922.5468936, 1788389922.619832, 1788389922.686555, 1788389922.7557993, 1788389922.8230183, 1788389922.8918867, 1788389922.959188, 1788389923.0279481, 1788389923.0951195, 1788389923.1638863, 1788389923.2311623, 1788389923.3000803, 1788389923.3675194, 1788389923.4360323, 1788389923.503493, 1788389923.5721853, 1788389923.639421, 1788389923.7081816, 1788389923.7757828, 1788389923.8612893, 1788389923.9158041, 1788389923.9806821, 1788389924.1213875, 1788389924.1695633, 1788389924.2385197, 1788389924.3072, 1788389924.375765, 1788389924.4450903, 1788389924.5166333, 1788389924.5829737, 1788389924.6545968, 1788389924.7218142, 1788389925.289706, 1788389925.8857465, 1788389926.5062048, 1788389927.1541061, 1788389927.8256266, 1788389928.5234895, 1788389929.2528563, 1788389929.966334, 1788389930.4898922, 1788389931.1036272, 1788389931.7364347, 1788389932.3964124, 1788389933.0807726, 1788389933.8277822, 1788389934.5832198, 1788389935.3549123, 1788389935.8792896, 1788389936.4835567, 1788389937.1134028, 1788389937.7672179, 1788389938.4429271, 1788389939.1477199, 1788389939.8765197, 1788389940.6284761, 1788389941.4170384, 1788389941.5529532, 1788389941.607624, 1788389941.6913784, 1788389941.7726314, 1788389941.8554966, 1788389941.9387665, 1788389942.0232382]","[1, 2, 2, 2, 3, 3, 6, 1, 9, 4, 2, 1, 3, 1, 3, 7, 2, 3, 2, 2, 1, 2, 9, 9, 4, 4, 9, 5, 4, 7, 3, 1, 5, 2, 2, 5, 2, 3, 1, 2, 2, 1, 2, 2, 3, 6, 2, 6, 3, 1, 2, 1, 1, 7, 7, 3, 3, 3, 1, 2, 2, 1, 3, 3, 2, 2, 2, 2, 9, 3, 9, 3, 2, 2, 1, 3, 9, 4, 1, 5, 1, 2, 3, 1, 4, 2, 4, 7, 1, 1, 1, 1, 5, 6, 1, 7, 1, 3, 5, 2, 4, 1, 5, 2, 3, 1, 8, 4, 9, 2, 2, 4, 1, 4, 4, 3, 2, 3, 7, 3, 1, 2, 2, 9, 2, 2, 3, 1, 4, 5, 2, 8, 4, 3, 4, 2, 3]"
