user_id,request_idx,trace_id,timestamp,request_type,input_tokens,output_tokens_expected,output_tokens_actual,cache_hit_blocks,cache_miss_blocks,ttft,ttlt,itl,delay_expected,delay_actual,success,error_message,request_start_time,prefill_complete_time,request_complete_time,token_timestamps,tokens_per_chunk
User-035,0,trace_0062,1788723752.321915,streaming,14980,113,113,0,233,14.150126457214355,44.40970516204834,0.27017480986458914,0.0,0,True,,1788723707.912127,1788723722.0622535,1788723752.3218322,"[1788723722.0622535, 1788723722.6349669, 1788723723.2620142, 1788723723.9231703, 1788723724.6188827, 1788723725.351215, 1788723726.1145806, 1788723726.8473434, 1788723727.4334073, 1788723728.0721922, 1788723728.744294, 1788723729.4496317, 1788723730.1929057, 1788723730.965187, 1788723731.775097, 1788723732.617883, 1788723733.3595064, 1788723733.9447012, 1788723734.5887232, 1788723735.265115, 1788723735.9753077, 1788723736.7227871, 1788723737.499919, 1788723738.3361566, 1788723738.9063563, 1788723739.537861, 1788723740.1979795, 1788723740.8924806, 1788723741.6211894, 1788723742.3849168, 1788723743.1816304, 1788723744.0131576, 1788723744.6913462, 1788723745.2808628, 1788723745.9388106, 1788723746.6241467, 1788723747.3444998, 1788723748.1008422, 1788723748.8887084, 1788723749.7097008, 1788723750.368772, 1788723750.968053, 1788723751.6282709, 1788723752.3185682]","[1, 1, 1, 4, 3, 2, 3, 6, 1, 5, 2, 4, 1, 2, 1, 2, 1, 3, 2, 3, 1, 4, 3, 2, 5, 3, 2, 4, 2, 1, 5, 3, 2, 1, 2, 6, 1, 6, 3, 1, 3, 2, 1, 2]"
User-020,0,trace_0108,1788723771.398275,streaming,16565,219,201,0,258,19.738675594329834,64.28698253631592,0.2227415347099304,0.0,0,True,,1788723707.111218,1788723726.8498936,1788723771.3982005,"[1788723726.8498936, 1788723727.4358685, 1788723728.0745356, 1788723728.7465982, 1788723729.4520617, 1788723730.1953077, 1788723730.9674776, 1788723731.7774014, 1788723732.6201227, 1788723733.3626103, 1788723733.9475036, 1788723734.5916052, 1788723735.2679644, 1788723735.978147, 1788723736.7258646, 1788723737.5028136, 1788723738.3398209, 1788723738.909822, 1788723739.541572, 1788723740.2015047, 1788723740.8959877, 1788723741.624686, 1788723742.388354, 1788723743.1851144, 1788723744.0164402, 1788723744.6955872, 1788723745.2848456, 1788723745.9427607, 1788723746.6281147, 1788723747.3485136, 1788723748.104849, 1788723748.8927052, 1788723749.7136817, 1788723750.3754735, 1788723750.9721286, 1788723751.6322951, 1788723752.323418, 1788723753.044951, 1788723753.8106549, 1788723754.6064286, 1788723755.4344106, 1788723756.2948096, 1788723757.1830328, 1788723757.8349059, 1788723758.4319017, 1788723759.0951726, 1788723759.7869823, 1788723760.5111578, 1788723761.2723186, 1788723762.0656312, 1788723762.892328, 1788723763.7524126, 1788723764.4764235, 1788723765.069536, 1788723765.7225099, 1788723766.4096274, 1788723767.126484, 1788723767.8738022, 1788723768.6559336, 1788723769.4703338, 1788723770.1321008, 1788723770.7344174, 1788723771.3963263]","[1, 1, 3, 4, 2, 4, 3, 3, 2, 4, 3, 1, 1, 4, 2, 2, 5, 5, 3, 2, 5, 4, 4, 2, 3, 3, 2, 2, 2, 4, 5, 6, 1, 2, 6, 4, 6, 2, 5, 4, 2, 2, 6, 3, 2, 4, 5, 4, 2, 2, 5, 2, 2, 2, 4, 5, 4, 4, 4, 3, 3, 2, 2]"
User-004,0,trace_0629,1788723777.9334133,streaming,18361,185,185,0,286,31.670986890792847,71.26655268669128,0.21519329236901324,0.0,0,True,,1788723706.666713,1788723738.3377,1788723777.9332657,"[1788723738.3377, 1788723738.9077175, 1788723739.5393262, 1788723740.1992807, 1788723740.8937628, 1788723741.622444, 1788723742.386204, 1788723743.1829832, 1788723744.0143816, 1788723744.6935382, 1788723745.2826583, 1788723745.9406395, 1788723746.625987, 1788723747.3463097, 1788723748.1026607, 1788723748.8905747, 1788723749.7115178, 1788723750.3705635, 1788723750.9700139, 1788723751.630096, 1788723752.3208332, 1788723753.0426965, 1788723753.8084893, 1788723754.6043737, 1788723755.432228, 1788723756.2925038, 1788723757.1808875, 1788723757.8327563, 1788723758.429548, 1788723759.0930204, 1788723759.7848504, 1788723760.5090005, 1788723761.270176, 1788723762.0631738, 1788723762.8901417, 1788723763.7502232, 1788723764.4743505, 1788723765.0673077, 1788723765.7204301, 1788723766.4074156, 1788723767.1242414, 1788723767.8716238, 1788723768.6537774, 1788723769.468252, 1788723770.1295028, 1788723770.731702, 1788723771.3935745, 1788723772.0848482, 1788723772.8218296, 1788723773.586059, 1788723774.387046, 1788723775.2111168, 1788723776.0286055, 1788723776.6098676, 1788723777.2506185, 1788723777.9289527]","[1, 1, 3, 5, 3, 4, 4, 2, 1, 1, 3, 2, 6, 1, 4, 1, 4, 2, 2, 1, 2, 2, 2, 1, 5, 3, 1, 2, 5, 5, 1, 6, 4, 2, 2, 6, 6, 1, 2, 6, 6, 6, 6, 3, 2, 1, 5, 3, 6, 6, 6, 6, 4, 6, 2, 2]"
User-003,0,trace_0714,1788723783.6135838,streaming,21916,225,225,0,342,26.74352765083313,76.9949061870575,0.2243365113224302,0.0,0,True,,1788723706.6185863,1788723733.362114,1788723783.6134925,"[1788723733.362114, 1788723733.946992, 1788723734.5910897, 1788723735.2674427, 1788723735.9776437, 1788723736.7252736, 1788723737.5022664, 1788723738.3393137, 1788723738.909297, 1788723739.5409958, 1788723740.2009637, 1788723740.8954678, 1788723741.624105, 1788723742.3878212, 1788723743.1845994, 1788723744.0159152, 1788723744.695057, 1788723745.2842937, 1788723745.9422207, 1788723746.627667, 1788723747.34796, 1788723748.104311, 1788723748.8921735, 1788723749.7131455, 1788723750.3749483, 1788723750.9716086, 1788723751.6318014, 1788723752.322904, 1788723753.0443733, 1788723753.8101077, 1788723754.6059222, 1788723755.4338984, 1788723756.2942178, 1788723757.1825094, 1788723757.8343673, 1788723758.4313385, 1788723759.0946064, 1788723759.7863712, 1788723760.5106034, 1788723761.2717907, 1788723762.0650892, 1788723762.8917778, 1788723763.7518756, 1788723764.4759095, 1788723765.0689354, 1788723765.7219956, 1788723766.4090924, 1788723767.12588, 1788723767.8732736, 1788723768.6554065, 1788723769.4698215, 1788723770.131067, 1788723770.7333152, 1788723771.3952007, 1788723772.0864437, 1788723772.8234417, 1788723773.5877109, 1788723774.388707, 1788723775.2127502, 1788723776.030966, 1788723776.612086, 1788723777.2527838, 1788723777.931674, 1788723778.6330974, 1788723779.3819027, 1788723780.1614406, 1788723780.971325, 1788723781.6820643, 1788723782.2708817, 1788723782.922452, 1788723783.6116972]","[1, 1, 1, 4, 1, 6, 3, 2, 1, 2, 2, 1, 6, 3, 1, 1, 4, 5, 1, 1, 4, 2, 2, 3, 2, 1, 2, 3, 3, 3, 1, 6, 3, 2, 6, 6, 1, 6, 6, 6, 5, 6, 6, 3, 2, 1, 2, 1, 2, 1, 1, 1, 1, 4, 1, 6, 5, 6, 6, 4, 2, 6, 2, 6, 6, 6, 6, 6, 3, 2, 1]"
User-005,0,trace_0568,1788723786.7383394,streaming,20311,131,128,0,317,37.9764621257782,80.02156710624695,0.33106381874384844,0.0,0,True,,1788723706.7165542,1788723744.6930163,1788723786.7381213,"[1788723744.6930163, 1788723745.2821226, 1788723745.9401205, 1788723746.6254635, 1788723747.3457565, 1788723748.1021047, 1788723748.8900204, 1788723749.7109573, 1788723750.3699546, 1788723750.9694445, 1788723751.6295483, 1788723752.3202894, 1788723753.0420475, 1788723753.8078089, 1788723754.6037421, 1788723755.4315734, 1788723756.291897, 1788723757.1801498, 1788723757.8321133, 1788723758.4289746, 1788723759.0923822, 1788723759.784304, 1788723760.5083966, 1788723761.2694924, 1788723762.0624754, 1788723762.8894348, 1788723763.7494118, 1788723764.4738188, 1788723765.066711, 1788723765.7198958, 1788723766.4068813, 1788723767.1236978, 1788723767.8710494, 1788723768.6532104, 1788723769.467719, 1788723770.1289735, 1788723770.7311778, 1788723771.3930478, 1788723772.0843031, 1788723772.821295, 1788723773.5855396, 1788723774.3864105, 1788723775.2105534, 1788723776.0280855, 1788723776.609204, 1788723777.2500615, 1788723777.926537, 1788723778.630913, 1788723779.379813, 1788723780.1592903, 1788723780.9691527, 1788723781.6791608, 1788723782.2681024, 1788723782.9197476, 1788723783.6090593, 1788723784.33663, 1788723785.0951087, 1788723785.8837292, 1788723786.7335906]","[1, 1, 1, 1, 1, 2, 4, 4, 3, 1, 1, 1, 1, 2, 1, 2, 2, 6, 1, 1, 2, 1, 1, 4, 1, 6, 1, 2, 1, 1, 1, 2, 3, 6, 1, 1, 2, 2, 2, 1, 2, 4, 3, 3, 1, 5, 1, 4, 3, 2, 3, 2, 2, 5, 1, 1, 2, 3, 3]"
User-033,0,trace_0538,1788723795.182275,streaming,11642,393,393,0,155,10.165042638778687,87.35072445869446,0.19690224954060145,0.0,0,True,,1788723707.8314753,1788723717.996518,1788723795.1821997,"[1788723717.996518, 1788723718.5716398, 1788723719.2005398, 1788723719.8644679, 1788723720.5613058, 1788723721.2934752, 1788723722.062846, 1788723722.6355765, 1788723723.2626247, 1788723723.9237735, 1788723724.6195238, 1788723725.351834, 1788723726.115248, 1788723726.8480499, 1788723727.4341662, 1788723728.0728335, 1788723728.7449596, 1788723729.4503474, 1788723730.1935089, 1788723730.9657936, 1788723731.7756975, 1788723732.6184716, 1788723733.3602052, 1788723733.945313, 1788723734.589348, 1788723735.2657151, 1788723735.9759364, 1788723736.7235367, 1788723737.500536, 1788723738.3367937, 1788723738.9070568, 1788723739.538663, 1788723740.1986032, 1788723740.8931432, 1788723741.6218162, 1788723742.3855445, 1788723743.1823125, 1788723744.013765, 1788723744.692039, 1788723745.2814693, 1788723745.9394596, 1788723746.624817, 1788723747.345166, 1788723748.1014662, 1788723748.8893607, 1788723749.710306, 1788723750.3694274, 1788723750.9687257, 1788723751.6289158, 1788723752.3196828, 1788723753.0413702, 1788723753.8071382, 1788723754.6031017, 1788723755.4308941, 1788723756.2912893, 1788723757.179491, 1788723757.83138, 1788723758.428209, 1788723759.09175, 1788723759.7836795, 1788723760.5078015, 1788723761.268865, 1788723762.061839, 1788723762.8887942, 1788723763.7485979, 1788723764.4722059, 1788723765.0653856, 1788723765.7185504, 1788723766.4056041, 1788723767.1223342, 1788723767.8697472, 1788723768.651941, 1788723769.4662988, 1788723770.127647, 1788723770.7298915, 1788723771.391704, 1788723772.0830302, 1788723772.8199995, 1788723773.5841837, 1788723774.3821287, 1788723775.2092712, 1788723776.0267253, 1788723776.6077726, 1788723777.2487576, 1788723777.9252493, 1788723778.629634, 1788723779.3784988, 1788723780.1579993, 1788723780.9678626, 1788723781.6777263, 1788723782.2667809, 1788723782.9184608, 1788723783.6077602, 1788723784.3352885, 1788723785.0938005, 1788723785.8823946, 1788723786.7294862, 1788723787.301874, 1788723787.9534698, 1788723788.6365516, 1788723789.3461485, 1788723790.0884569, 1788723790.860313, 1788723791.663673, 1788723792.4963965, 1788723793.2603168, 1788723793.8510344, 1788723794.495417, 1788723795.1790981]","[1, 1, 1, 4, 1, 2, 2, 3, 6, 1, 2, 4, 5, 1, 2, 1, 2, 1, 3, 2, 3, 1, 5, 3, 2, 2, 3, 3, 2, 1, 3, 4, 3, 2, 1, 6, 3, 1, 6, 3, 4, 5, 5, 2, 6, 1, 1, 6, 1, 2, 6, 5, 4, 2, 1, 4, 6, 6, 2, 1, 1, 1, 2, 4, 3, 6, 6, 3, 6, 6, 4, 2, 6, 6, 6, 6, 6, 6, 6, 6, 3, 5, 1, 6, 3, 2, 6, 4, 6, 6, 6, 1, 4, 6, 6, 6, 5, 6, 3, 2, 4, 2, 6, 4, 6, 6, 4, 6, 4]"
User-009,0,trace_0313,1788723797.4375122,streaming,12330,368,368,0,192,8.511998891830444,90.60775589942932,0.22369416078364818,0.0,0,True,,1788723706.8296442,1788723715.341643,1788723797.4374,"[1788723715.341643, 1788723715.937209, 1788723716.5976098, 1788723717.2757213, 1788723717.99764, 1788723718.5728996, 1788723719.2017498, 1788723719.8657238, 1788723720.56253, 1788723721.2947488, 1788723722.0639918, 1788723722.636737, 1788723723.2638185, 1788723723.9249022, 1788723724.6206617, 1788723725.3529732, 1788723726.1164234, 1788723726.8490913, 1788723727.435339, 1788723728.0739849, 1788723728.7460768, 1788723729.451487, 1788723730.1946898, 1788723730.966962, 1788723731.776862, 1788723732.6196055, 1788723733.3612888, 1788723733.9464757, 1788723734.5905213, 1788723735.2669103, 1788723735.977099, 1788723736.724665, 1788723737.5017538, 1788723738.3387582, 1788723738.9087694, 1788723739.5404294, 1788723740.200411, 1788723740.8948903, 1788723741.623568, 1788723742.3872936, 1788723743.1840475, 1788723744.0154219, 1788723744.694544, 1788723745.2837553, 1788723745.9416907, 1788723746.627107, 1788723747.3474286, 1788723748.1037884, 1788723748.8916488, 1788723749.7126234, 1788723750.3743114, 1788723750.9710412, 1788723751.6312463, 1788723752.322324, 1788723753.0438182, 1788723753.8095844, 1788723754.605393, 1788723755.433346, 1788723756.2936494, 1788723757.1819744, 1788723757.8338192, 1788723758.4307601, 1788723759.094067, 1788723759.7858582, 1788723760.5100827, 1788723761.271271, 1788723762.0644329, 1788723762.89126, 1788723763.751341, 1788723764.4753957, 1788723765.06837, 1788723765.7214887, 1788723766.4085493, 1788723767.1253252, 1788723767.8727036, 1788723768.6548505, 1788723769.4693134, 1788723770.1305153, 1788723770.732779, 1788723771.3946521, 1788723772.0859013, 1788723772.8229191, 1788723773.5871742, 1788723774.3881412, 1788723775.2122018, 1788723776.0304518, 1788723776.6115587, 1788723777.2521982, 1788723777.9310405, 1788723778.6325483, 1788723779.381391, 1788723780.1609328, 1788723780.9707768, 1788723781.6815646, 1788723782.270245, 1788723782.9219046, 1788723783.6112213, 1788723784.338767, 1788723785.0971794, 1788723785.885846, 1788723786.7359385, 1788723787.305341, 1788723787.95686, 1788723788.639958, 1788723789.3495274, 1788723790.091841, 1788723790.8637645, 1788723791.6670692, 1788723792.499896, 1788723793.2636662, 1788723793.8548682, 1788723794.4988854, 1788723795.1832645, 1788723795.889848, 1788723796.6454933, 1788723797.4344077]","[1, 5, 4, 1, 1, 5, 2, 2, 1, 3, 2, 1, 6, 2, 4, 3, 3, 1, 1, 3, 1, 5, 5, 2, 1, 2, 4, 1, 4, 2, 5, 5, 2, 6, 1, 5, 2, 3, 3, 6, 5, 1, 2, 6, 4, 5, 3, 4, 6, 2, 6, 5, 2, 6, 5, 2, 1, 2, 4, 2, 6, 2, 3, 2, 2, 3, 3, 1, 6, 3, 2, 2, 4, 3, 6, 1, 1, 6, 2, 3, 5, 2, 6, 2, 4, 1, 2, 3, 2, 6, 1, 3, 5, 1, 1, 3, 4, 1, 5, 2, 6, 6, 1, 1, 6, 6, 2, 1, 5, 6, 2, 6, 6, 1, 2, 2]"
User-007,0,trace_0398,1788723803.7698307,streaming,13070,443,443,0,203,5.31893253326416,97.0174469947815,0.20746270240162293,0.0,0,True,,1788723706.7523136,1788723712.0712461,1788723803.7697606,"[1788723712.0712461, 1788723712.6641848, 1788723713.3133845, 1788723713.997315, 1788723714.7135386, 1788723715.340683, 1788723715.9364884, 1788723716.5972488, 1788723717.2749305, 1788723717.997084, 1788723718.572294, 1788723719.201163, 1788723719.8651226, 1788723720.561919, 1788723721.2941473, 1788723722.063456, 1788723722.6361814, 1788723723.2633014, 1788723723.924363, 1788723724.6201193, 1788723725.3524504, 1788723726.115878, 1788723726.8485777, 1788723727.4347792, 1788723728.0734363, 1788723728.7455585, 1788723729.450907, 1788723730.194122, 1788723730.9663954, 1788723731.7763104, 1788723732.6190698, 1788723733.3607798, 1788723733.9459507, 1788723734.5899727, 1788723735.2663417, 1788723735.976544, 1788723736.7241223, 1788723737.5011883, 1788723738.338213, 1788723738.9082506, 1788723739.5398738, 1788723740.1998634, 1788723740.8943183, 1788723741.6230173, 1788723742.3867667, 1788723743.1835268, 1788723744.0149176, 1788723744.694054, 1788723745.2832332, 1788723745.9411628, 1788723746.6265512, 1788723747.346903, 1788723748.1032467, 1788723748.8911111, 1788723749.7120616, 1788723750.3736422, 1788723750.9705286, 1788723751.6306202, 1788723752.3213904, 1788723753.0432997, 1788723753.8090348, 1788723754.604886, 1788723755.4327753, 1788723756.2930627, 1788723757.1814387, 1788723757.833281, 1788723758.4301937, 1788723759.0935507, 1788723759.7853494, 1788723760.5095496, 1788723761.2707086, 1788723762.063713, 1788723762.8906732, 1788723763.7507799, 1788723764.4748955, 1788723765.0678267, 1788723765.7209496, 1788723766.4079657, 1788723767.124812, 1788723767.8721719, 1788723768.6543188, 1788723769.4687881, 1788723770.1300068, 1788723770.732241, 1788723771.3941298, 1788723772.0853808, 1788723772.822375, 1788723773.5866132, 1788723774.3875968, 1788723775.2116647, 1788723776.0299358, 1788723776.610995, 1788723777.2516713, 1788723777.930419, 1788723778.6320276, 1788723779.3808768, 1788723780.1603956, 1788723780.9702199, 1788723781.6810527, 1788723782.2697134, 1788723782.9213622, 1788723783.6106513, 1788723784.3382156, 1788723785.0966513, 1788723785.8853238, 1788723786.7354343, 1788723787.3048167, 1788723787.9563613, 1788723788.639422, 1788723789.3489914, 1788723790.0913262, 1788723790.8632255, 1788723791.666549, 1788723792.4993582, 1788723793.2632022, 1788723793.85429, 1788723794.4982996, 1788723795.1826766, 1788723795.8892198, 1788723796.6449444, 1788723797.4338355, 1788723798.2470767, 1788723799.0957718, 1788723799.9754887, 1788723800.9136157, 1788723801.8375924, 1788723802.5079844, 1788723803.1032667, 1788723803.766314]","[1, 1, 3, 3, 2, 1, 1, 1, 1, 2, 6, 2, 4, 6, 2, 4, 2, 1, 5, 4, 3, 6, 3, 2, 3, 3, 6, 6, 6, 4, 6, 2, 2, 5, 3, 3, 3, 6, 2, 2, 5, 3, 4, 3, 3, 3, 2, 1, 1, 6, 2, 2, 4, 4, 6, 5, 1, 6, 4, 1, 2, 2, 6, 6, 2, 4, 4, 3, 2, 3, 4, 6, 6, 1, 2, 2, 2, 5, 2, 3, 6, 3, 1, 6, 4, 4, 6, 3, 4, 3, 6, 5, 1, 5, 2, 1, 2, 4, 4, 6, 4, 6, 4, 2, 4, 3, 4, 1, 6, 3, 3, 3, 1, 6, 6, 5, 3, 2, 6, 2, 5, 2, 6, 1, 2, 6, 4, 4, 2]"
User-017,2,trace_0726,1788723817.936502,streaming,20944,127,127,317,3,85.96091079711914,110.63299083709717,0.19581015904744467,6.0,0,True,,1788723707.3034327,1788723793.2643435,1788723817.9364235,"[1788723793.2643435, 1788723793.8554125, 1788723794.4994335, 1788723795.1837351, 1788723795.8903654, 1788723796.6460862, 1788723797.4352407, 1788723798.2476058, 1788723799.0963018, 1788723799.9760087, 1788723800.9138675, 1788723801.8381665, 1788723802.5085204, 1788723803.1038003, 1788723803.7671368, 1788723804.4609582, 1788723805.2036483, 1788723805.9772184, 1788723806.7821248, 1788723807.6189296, 1788723808.4905803, 1788723809.3901207, 1788723810.3226945, 1788723811.2888196, 1788723812.083766, 1788723812.6716964, 1788723813.3231404, 1788723814.0108144, 1788723814.7298856, 1788723815.4751792, 1788723816.2556493, 1788723817.0744202, 1788723817.9336472]","[1, 3, 4, 6, 5, 6, 6, 1, 1, 1, 4, 2, 3, 6, 2, 5, 4, 6, 6, 2, 6, 4, 4, 6, 3, 5, 4, 6, 5, 5, 2, 2, 1]"
User-026,0,trace_0569,1788723825.5052447,streaming,18579,191,191,0,289,74.4682776927948,118.2933874130249,0.23065847221173738,0.0,0,True,,1788723707.211752,1788723781.6800296,1788723825.5051394,"[1788723781.6800296, 1788723782.268663, 1788723782.9203348, 1788723783.6095955, 1788723784.337166, 1788723785.095638, 1788723785.8842578, 1788723786.734404, 1788723787.303712, 1788723787.9553375, 1788723788.6383538, 1788723789.3479705, 1788723790.090226, 1788723790.8621192, 1788723791.665486, 1788723792.4982839, 1788723793.2621772, 1788723793.853069, 1788723794.497233, 1788723795.181272, 1788723795.8880734, 1788723796.6438823, 1788723797.4304948, 1788723798.245942, 1788723799.0946705, 1788723799.9744298, 1788723800.9130917, 1788723801.836369, 1788723802.506658, 1788723803.1022074, 1788723803.7651877, 1788723804.459895, 1788723805.2025454, 1788723805.9760382, 1788723806.7810426, 1788723807.6178565, 1788723808.4894667, 1788723809.389051, 1788723810.3216484, 1788723811.287742, 1788723812.082674, 1788723812.6705859, 1788723813.322056, 1788723814.0097206, 1788723814.728814, 1788723815.4740806, 1788723816.2545164, 1788723817.0733998, 1788723817.9324083, 1788723818.7830148, 1788723819.3784244, 1788723820.034704, 1788723820.7285569, 1788723821.441105, 1788723822.1887918, 1788723822.9672706, 1788723823.7793145, 1788723824.6240625, 1788723825.5005007]","[1, 2, 4, 1, 6, 3, 2, 1, 2, 3, 6, 3, 6, 1, 1, 6, 2, 2, 3, 1, 5, 6, 4, 5, 4, 2, 1, 2, 5, 3, 2, 6, 4, 1, 3, 1, 1, 3, 1, 2, 5, 1, 1, 5, 3, 3, 6, 1, 6, 4, 6, 6, 2, 1, 6, 4, 6, 2, 6]"
User-023,0,trace_0562,1788723828.330359,streaming,20883,175,172,0,325,68.86705493927002,121.1678614616394,0.3058526697214584,0.0,0,True,,1788723707.1623876,1788723776.0294425,1788723828.330249,"[1788723776.0294425, 1788723776.6104262, 1788723777.2511618, 1788723777.9298248, 1788723778.6314955, 1788723779.3803403, 1788723780.1598377, 1788723780.9696975, 1788723781.6805472, 1788723782.2691946, 1788723782.9208546, 1788723783.6101174, 1788723784.337693, 1788723785.09615, 1788723785.8847668, 1788723786.7349243, 1788723787.3042324, 1788723787.955851, 1788723788.6389017, 1788723789.348482, 1788723790.0908027, 1788723790.8626244, 1788723791.6659975, 1788723792.4988427, 1788723793.2626693, 1788723793.853723, 1788723794.4977658, 1788723795.1817946, 1788723795.8886585, 1788723796.6444144, 1788723797.433154, 1788723798.2464943, 1788723799.095251, 1788723799.9749758, 1788723800.9133422, 1788723801.836923, 1788723802.5072634, 1788723803.1027448, 1788723803.7657616, 1788723804.4604428, 1788723805.2030995, 1788723805.9765775, 1788723806.7815833, 1788723807.6183798, 1788723808.4900336, 1788723809.389588, 1788723810.3221817, 1788723811.2882745, 1788723812.0832736, 1788723812.671132, 1788723813.322571, 1788723814.0102646, 1788723814.729357, 1788723815.4746356, 1788723816.255133, 1788723817.0739112, 1788723817.9331915, 1788723818.784376, 1788723819.3795514, 1788723820.0358512, 1788723820.729654, 1788723821.4417183, 1788723822.1899524, 1788723822.9683752, 1788723823.780434, 1788723824.6251705, 1788723825.5019672, 1788723826.4064848, 1788723827.3485553, 1788723828.326786]","[1, 2, 1, 3, 6, 2, 6, 1, 3, 2, 1, 2, 2, 1, 6, 1, 1, 1, 2, 1, 2, 2, 6, 1, 1, 6, 4, 2, 6, 1, 1, 2, 1, 1, 2, 6, 1, 1, 3, 1, 4, 6, 1, 1, 2, 2, 1, 5, 1, 6, 1, 1, 3, 2, 1, 3, 3, 6, 1, 1, 1, 1, 2, 3, 3, 3, 1, 5, 5, 2]"
User-008,0,trace_0707,1788723829.8753774,streaming,19408,381,381,0,302,43.576377630233765,123.07530617713928,0.20920770670238295,0.0,0,True,,1788723706.799944,1788723750.3763216,1788723829.87525,"[1788723750.3763216, 1788723750.9727693, 1788723751.6327891, 1788723752.3240054, 1788723753.0454564, 1788723753.8112028, 1788723754.6070077, 1788723755.4349704, 1788723756.2952702, 1788723757.1836162, 1788723757.8359745, 1788723758.4329376, 1788723759.0962882, 1788723759.7880406, 1788723760.512238, 1788723761.273407, 1788723762.0667646, 1788723762.8934228, 1788723763.7534773, 1788723764.477452, 1788723765.0705922, 1788723765.723624, 1788723766.4107773, 1788723767.1276011, 1788723767.8749528, 1788723768.6570516, 1788723769.4714396, 1788723770.1328962, 1788723770.7354567, 1788723771.3977308, 1788723772.0879333, 1788723772.8250647, 1788723773.5897484, 1788723774.390404, 1788723775.2143884, 1788723776.0325181, 1788723776.6137083, 1788723777.2543852, 1788723777.9328814, 1788723778.6347718, 1788723779.383503, 1788723780.1630714, 1788723780.9729455, 1788723781.6835601, 1788723782.272458, 1788723782.9240892, 1788723783.6132314, 1788723784.3403919, 1788723785.0988436, 1788723785.8874722, 1788723786.737751, 1788723787.3069563, 1788723787.9585266, 1788723788.641561, 1788723789.3512282, 1788723790.093486, 1788723790.8654208, 1788723791.668736, 1788723792.5015373, 1788723793.2655272, 1788723793.8570762, 1788723794.5006921, 1788723795.1849241, 1788723795.8919702, 1788723796.6477191, 1788723797.4369402, 1788723798.249228, 1788723799.0979576, 1788723799.9776537, 1788723800.9146512, 1788723801.8397865, 1788723802.511163, 1788723803.1059613, 1788723803.7694087, 1788723804.46324, 1788723805.2058609, 1788723805.979387, 1788723806.7844086, 1788723807.6211474, 1788723808.4930346, 1788723809.3923168, 1788723810.3249598, 1788723811.2910037, 1788723812.086645, 1788723812.6745222, 1788723813.3253927, 1788723814.0135317, 1788723814.7326405, 1788723815.4778378, 1788723816.2583272, 1788723817.0771, 1788723817.9361212, 1788723818.7869632, 1788723819.3822293, 1788723820.0384972, 1788723820.7322745, 1788723821.44311, 1788723822.1927028, 1788723822.971131, 1788723823.783129, 1788723824.6283746, 1788723825.5047898, 1788723826.4094298, 1788723827.3513646, 1788723828.3298423, 1788723829.2703831, 1788723829.8745608]","[1, 1, 1, 4, 5, 5, 2, 2, 1, 5, 1, 1, 1, 5, 2, 1, 5, 4, 2, 1, 5, 2, 5, 3, 1, 1, 1, 6, 2, 2, 1, 3, 2, 6, 1, 1, 1, 2, 6, 2, 2, 6, 2, 6, 3, 2, 6, 6, 2, 6, 6, 6, 6, 1, 6, 6, 3, 4, 4, 1, 3, 5, 6, 3, 3, 6, 6, 6, 3, 5, 6, 6, 2, 1, 6, 6, 6, 6, 6, 6, 3, 6, 3, 6, 1, 6, 3, 3, 5, 6, 5, 3, 5, 2, 2, 3, 3, 3, 2, 5, 3, 3, 6, 2, 2, 4, 2]"
User-029,0,trace_0579,1788723833.5142806,streaming,18429,180,180,0,287,79.4738986492157,126.25753402709961,0.2613610914965582,0.0,0,True,,1788723707.256625,1788723786.7305236,1788723833.514159,"[1788723786.7305236, 1788723787.3025723, 1788723787.9541113, 1788723788.6371686, 1788723789.3467903, 1788723790.0890663, 1788723790.8609328, 1788723791.6643183, 1788723792.4970243, 1788723793.261012, 1788723793.851857, 1788723794.4960625, 1788723795.180185, 1788723795.8868155, 1788723796.6424742, 1788723797.4292312, 1788723798.244638, 1788723799.0933878, 1788723799.973159, 1788723800.9124637, 1788723801.8351376, 1788723802.5050795, 1788723803.1009276, 1788723803.7638938, 1788723804.4586008, 1788723805.2012956, 1788723805.9747748, 1788723806.7797565, 1788723807.6165686, 1788723808.4879434, 1788723809.3877814, 1788723810.3203745, 1788723811.2864552, 1788723812.0813332, 1788723812.669305, 1788723813.3207817, 1788723814.00848, 1788723814.7275107, 1788723815.4728122, 1788723816.2532437, 1788723817.072083, 1788723817.9255633, 1788723818.7816412, 1788723819.3771226, 1788723820.033428, 1788723820.7272165, 1788723821.4395008, 1788723822.1871343, 1788723822.965666, 1788723823.777695, 1788723824.6226962, 1788723825.4988544, 1788723826.4043417, 1788723827.346035, 1788723828.324651, 1788723829.265122, 1788723829.86948, 1788723830.5376458, 1788723831.2325907, 1788723831.9592478, 1788723832.7193334, 1788723833.5088406]","[1, 1, 4, 2, 2, 1, 6, 1, 4, 2, 4, 2, 1, 2, 4, 2, 2, 2, 1, 2, 1, 2, 2, 2, 2, 3, 2, 2, 6, 5, 1, 6, 4, 2, 2, 2, 2, 5, 3, 1, 6, 4, 6, 6, 4, 6, 6, 6, 2, 3, 2, 1, 3, 2, 2, 2, 1, 2, 6, 3, 4, 2]"
User-019,0,trace_0587,1788723837.754187,streaming,19031,253,253,0,297,63.061559200286865,130.6838891506195,0.26834257916798665,0.0,0,True,,1788723707.0701566,1788723770.1317158,1788723837.7540457,"[1788723770.1317158, 1788723770.7338593, 1788723771.3957999, 1788723772.0870593, 1788723772.8240192, 1788723773.588514, 1788723774.389272, 1788723775.213328, 1788723776.0314674, 1788723776.6126242, 1788723777.2533312, 1788723777.932092, 1788723778.6336925, 1788723779.3824348, 1788723780.1619751, 1788723780.9718583, 1788723781.6825693, 1788723782.2714238, 1788723782.9230533, 1788723783.6124234, 1788723784.3393376, 1788723785.0977192, 1788723785.8864238, 1788723786.73649, 1788723787.305887, 1788723787.9574015, 1788723788.640475, 1788723789.3500936, 1788723790.0923731, 1788723790.8642912, 1788723791.6675947, 1788723792.5004346, 1788723793.2647417, 1788723793.855977, 1788723794.4999049, 1788723795.1841526, 1788723795.890926, 1788723796.6466396, 1788723797.4358246, 1788723798.2481747, 1788723799.0968287, 1788723799.9765384, 1788723800.91413, 1788723801.8387237, 1788723802.5100467, 1788723803.104928, 1788723803.7683618, 1788723804.4620585, 1788723805.2047074, 1788723805.978285, 1788723806.783259, 1788723807.6200154, 1788723808.491881, 1788723809.391205, 1788723810.3238814, 1788723811.2898908, 1788723812.0856144, 1788723812.673458, 1788723813.3245842, 1788723814.0124004, 1788723814.7315295, 1788723815.476727, 1788723816.2572513, 1788723817.0759969, 1788723817.9351313, 1788723818.7858832, 1788723819.381139, 1788723820.0374017, 1788723820.7312264, 1788723821.442578, 1788723822.1915474, 1788723822.9699845, 1788723823.7820256, 1788723824.6272457, 1788723825.503564, 1788723826.4083402, 1788723827.3502295, 1788723828.3288112, 1788723829.269357, 1788723829.8734148, 1788723830.541019, 1788723831.2357185, 1788723831.9626021, 1788723832.7222767, 1788723833.5123708, 1788723834.3398886, 1788723835.1974967, 1788723836.0825164, 1788723836.9971998, 1788723837.7521973]","[1, 1, 1, 4, 2, 2, 1, 2, 6, 4, 2, 1, 2, 1, 2, 1, 2, 3, 1, 4, 3, 2, 2, 6, 6, 3, 2, 6, 3, 3, 5, 2, 4, 5, 2, 1, 1, 2, 4, 1, 5, 6, 2, 2, 6, 3, 2, 6, 5, 5, 1, 3, 6, 6, 1, 2, 5, 1, 4, 2, 1, 1, 1, 1, 1, 2, 1, 6, 4, 1, 2, 4, 1, 1, 5, 1, 1, 1, 1, 1, 6, 5, 1, 3, 6, 3, 3, 4, 4, 2]"
User-025,5,trace_0588,1788723841.242719,streaming,30050,120,120,463,3,104.64783525466919,133.80585312843323,0.24502536028373142,7.0,0,True,,1788723707.4367726,1788723812.0846078,1788723841.2426257,"[1788723812.0846078, 1788723812.6722538, 1788723813.3236902, 1788723814.011354, 1788723814.730431, 1788723815.4757187, 1788723816.2561696, 1788723817.074955, 1788723817.9342835, 1788723818.7848902, 1788723819.3800814, 1788723820.0363631, 1788723820.730168, 1788723821.4420316, 1788723822.1904736, 1788723822.9689295, 1788723823.7809517, 1788723824.6256943, 1788723825.5024903, 1788723826.4071264, 1788723827.3491378, 1788723828.3275912, 1788723829.268292, 1788723829.8723211, 1788723830.5404742, 1788723831.2351842, 1788723831.9620414, 1788723832.721763, 1788723833.5118382, 1788723834.3393447, 1788723835.1969304, 1788723836.0819595, 1788723836.9966094, 1788723837.7515786, 1788723838.3406684, 1788723839.0164907, 1788723839.7247689, 1788723840.4665396, 1788723841.2402253]","[1, 3, 6, 4, 4, 1, 6, 1, 3, 1, 2, 1, 1, 6, 2, 1, 4, 6, 2, 6, 3, 4, 1, 1, 4, 3, 3, 6, 6, 2, 2, 2, 6, 6, 2, 2, 2, 1, 3]"
User-022,19,trace_0418,1788723856.7552643,streaming,28118,173,173,423,4,95.14143204689026,149.38707637786865,0.31538165308708366,7.0,0,True,,1788723707.3680987,1788723802.5095308,1788723856.755175,"[1788723802.5095308, 1788723803.1043494, 1788723803.7676864, 1788723804.461532, 1788723805.2041736, 1788723805.9777577, 1788723806.7826722, 1788723807.619468, 1788723808.4913075, 1788723809.390641, 1788723810.323302, 1788723811.2893622, 1788723812.085111, 1788723812.6728117, 1788723813.3241384, 1788723814.0118928, 1788723814.7309864, 1788723815.4762223, 1788723816.2567153, 1788723817.075475, 1788723817.9347053, 1788723818.785384, 1788723819.3806076, 1788723820.03686, 1788723820.7306805, 1788723821.4423141, 1788723822.191026, 1788723822.9694586, 1788723823.7814817, 1788723824.626567, 1788723825.503024, 1788723826.4077966, 1788723827.3496745, 1788723828.3281488, 1788723829.2688243, 1788723829.8728826, 1788723830.5421176, 1788723831.2367742, 1788723831.9637296, 1788723832.7233548, 1788723833.5135784, 1788723834.3409815, 1788723835.1986086, 1788723836.0836337, 1788723836.9983127, 1788723837.75362, 1788723838.342313, 1788723839.018189, 1788723839.7269027, 1788723840.4686573, 1788723841.2421834, 1788723842.0449922, 1788723842.8743165, 1788723843.7349498, 1788723844.6287575, 1788723845.552691, 1788723846.5515425, 1788723847.561965, 1788723848.2021136, 1788723848.800285, 1788723849.4655428, 1788723850.1655128, 1788723850.8923044, 1788723851.6574461, 1788723852.4529457, 1788723853.288471, 1788723854.1601887, 1788723854.7417736, 1788723855.3789136, 1788723856.0475612, 1788723856.7544675]","[1, 1, 5, 3, 2, 2, 4, 3, 2, 3, 2, 3, 4, 4, 3, 1, 4, 1, 2, 3, 3, 2, 2, 3, 1, 3, 1, 2, 2, 5, 3, 1, 2, 1, 1, 2, 1, 5, 1, 4, 5, 2, 2, 1, 1, 3, 1, 6, 2, 4, 3, 1, 1, 2, 2, 3, 4, 3, 5, 1, 3, 3, 1, 2, 1, 4, 1, 4, 2, 1, 1]"
User-021,2,trace_0266,1788723865.392205,streaming,25894,217,217,346,7,130.1379041671753,157.7790129184723,0.12796809607081944,15.0,0,True,,1788723707.6130989,1788723837.751003,1788723865.3921118,"[1788723837.751003, 1788723838.3412135, 1788723839.0170274, 1788723839.725614, 1788723840.4671028, 1788723841.241052, 1788723842.043784, 1788723842.87319, 1788723843.7337596, 1788723844.6274827, 1788723845.551628, 1788723846.5503871, 1788723847.560894, 1788723848.2010353, 1788723848.7992077, 1788723849.464475, 1788723850.1644435, 1788723850.8911846, 1788723851.6563125, 1788723852.4518874, 1788723853.2874298, 1788723854.1591353, 1788723854.7406914, 1788723855.3778489, 1788723856.04649, 1788723856.7534034, 1788723857.498707, 1788723858.2790484, 1788723859.092603, 1788723859.8660815, 1788723860.4510272, 1788723861.0954702, 1788723861.775729, 1788723862.489019, 1788723863.2350686, 1788723864.014205, 1788723864.8000855, 1788723865.390809]","[1, 4, 6, 6, 6, 6, 6, 6, 6, 6, 6, 6, 6, 6, 6, 6, 6, 6, 6, 6, 6, 6, 6, 6, 6, 6, 6, 6, 6, 6, 6, 6, 6, 6, 6, 6, 6, 2]"
User-013,2,trace_0253,1788723868.9563317,streaming,22908,242,242,322,10,111.29703378677368,161.46940517425537,0.20818411364100287,15.0,0,True,,1788723707.486844,1788723818.7838778,1788723868.9562492,"[1788723818.7838778, 1788723819.3789892, 1788723820.0353231, 1788723820.7291207, 1788723821.4414158, 1788723822.1894078, 1788723822.9678233, 1788723823.7798784, 1788723824.624599, 1788723825.5014012, 1788723826.405665, 1788723827.34798, 1788723828.3261693, 1788723829.266725, 1788723829.870848, 1788723830.5392544, 1788723831.234094, 1788723831.9606144, 1788723832.7206976, 1788723833.5107796, 1788723834.3375733, 1788723835.195528, 1788723836.0807233, 1788723836.9953203, 1788723837.7489843, 1788723838.3393035, 1788723839.0153024, 1788723839.7235754, 1788723840.4653525, 1788723841.2389433, 1788723842.0425012, 1788723842.8719542, 1788723843.7325864, 1788723844.626314, 1788723845.5504155, 1788723846.549188, 1788723847.5597432, 1788723848.1989934, 1788723848.7974606, 1788723849.4627204, 1788723850.1627207, 1788723850.8895843, 1788723851.6546023, 1788723852.4502254, 1788723853.2857308, 1788723854.1575644, 1788723854.7391813, 1788723855.376224, 1788723856.0449896, 1788723856.7518628, 1788723857.4971907, 1788723858.277324, 1788723859.0910034, 1788723859.8634844, 1788723860.4488895, 1788723861.0933192, 1788723861.7735941, 1788723862.4868784, 1788723863.2328522, 1788723864.0121043, 1788723864.7980042, 1788723865.3886328, 1788723866.0272572, 1788723866.7117932, 1788723867.426836, 1788723868.1758432, 1788723868.9532971]","[1, 6, 2, 6, 6, 2, 5, 3, 6, 3, 1, 5, 5, 1, 6, 5, 2, 1, 2, 4, 6, 5, 2, 5, 5, 6, 2, 3, 3, 2, 5, 6, 5, 1, 1, 6, 5, 5, 1, 3, 6, 4, 2, 6, 5, 2, 2, 4, 5, 5, 1, 1, 6, 5, 3, 1, 6, 2, 2, 1, 2, 6, 6, 3, 3, 2, 2]"
User-001,0,trace_0712,1788723885.5389373,streaming,18851,119,119,0,294,153.3857102394104,179.05954480171204,0.21757486917204777,0.0,0,True,,1788723706.4793,1788723859.8650103,1788723885.5388448,"[1788723859.8650103, 1788723860.4499507, 1788723861.0943983, 1788723861.774647, 1788723862.4879613, 1788723863.2339497, 1788723864.0131593, 1788723864.799045, 1788723865.3897097, 1788723866.0283456, 1788723866.7128704, 1788723867.4278975, 1788723868.1768968, 1788723868.9546466, 1788723869.767662, 1788723870.6059144, 1788723871.479433, 1788723872.1619854, 1788723872.7596855, 1788723873.4182737, 1788723874.1101835, 1788723874.8350294, 1788723875.592205, 1788723876.3822455, 1788723877.2088916, 1788723878.0719242, 1788723878.9670506, 1788723879.8970983, 1788723880.7892509, 1788723881.3693619, 1788723882.0121675, 1788723882.68823, 1788723883.3985229, 1788723884.1372206, 1788723884.9072676, 1788723885.5357544]","[1, 1, 1, 2, 5, 5, 4, 4, 4, 5, 1, 1, 2, 6, 1, 4, 3, 2, 3, 5, 6, 2, 4, 3, 5, 2, 3, 1, 6, 6, 5, 5, 3, 1, 3, 4]"
User-011,0,trace_0694,1788723895.6708372,streaming,24258,686,686,0,378,50.9447705745697,188.77992415428162,0.2012192023061488,0.0,0,True,,1788723706.8908143,1788723757.8355849,1788723895.6707385,"[1788723757.8355849, 1788723758.4324217, 1788723759.0956948, 1788723759.7875319, 1788723760.5117335, 1788723761.2728372, 1788723762.066163, 1788723762.8928788, 1788723763.7529352, 1788723764.4769294, 1788723765.0700536, 1788723765.7231386, 1788723766.4102347, 1788723767.1270835, 1788723767.8743818, 1788723768.6565356, 1788723769.4709117, 1788723770.1325173, 1788723770.7349687, 1788723771.3971388, 1788723772.0875113, 1788723772.8245382, 1788723773.5892136, 1788723774.3898616, 1788723775.2138467, 1788723776.0319982, 1788723776.6131754, 1788723777.2538695, 1788723777.9324856, 1788723778.6342146, 1788723779.3830378, 1788723780.162547, 1788723780.972418, 1788723781.683102, 1788723782.2719324, 1788723782.9235582, 1788723783.6128366, 1788723784.339877, 1788723785.0982952, 1788723785.886955, 1788723786.7370176, 1788723787.3064148, 1788723787.9579928, 1788723788.6410363, 1788723789.3506908, 1788723790.0929365, 1788723790.8648686, 1788723791.6682103, 1788723792.5009978, 1788723793.2651367, 1788723793.856523, 1788723794.5003011, 1788723795.1845376, 1788723795.8914323, 1788723796.6471782, 1788723797.436386, 1788723798.2487, 1788723799.097427, 1788723799.977123, 1788723800.9143815, 1788723801.8392775, 1788723802.5105703, 1788723803.1054525, 1788723803.768884, 1788723804.4626741, 1788723805.2053149, 1788723805.9788334, 1788723806.7838404, 1788723807.620588, 1788723808.4924724, 1788723809.3917832, 1788723810.3244088, 1788723811.2904606, 1788723812.0861456, 1788723812.6739821, 1788723813.325002, 1788723814.0129752, 1788723814.7321107, 1788723815.4772947, 1788723816.2577732, 1788723817.0765648, 1788723817.9355607, 1788723818.786393, 1788723819.3816931, 1788723820.0379226, 1788723820.7317946, 1788723821.442847, 1788723822.192069, 1788723822.9705682, 1788723823.782585, 1788723824.6278415, 1788723825.5042589, 1788723826.4088643, 1788723827.3508224, 1788723828.3293152, 1788723829.2698617, 1788723829.8739414, 1788723830.5415614, 1788723831.2362502, 1788723831.9631674, 1788723832.7228088, 1788723833.513076, 1788723834.3404312, 1788723835.1980336, 1788723836.0830648, 1788723836.9977543, 1788723837.7530305, 1788723838.3417532, 1788723839.0175996, 1788723839.726287, 1788723840.4680033, 1788723841.2416375, 1788723842.044386, 1788723842.8737714, 1788723843.7343528, 1788723844.6280997, 1788723845.5521579, 1788723846.5509527, 1788723847.561444, 1788723848.2015753, 1788723848.7997668, 1788723849.4650059, 1788723850.1649857, 1788723850.89177, 1788723851.65689, 1788723852.4524221, 1788723853.287944, 1788723854.1596754, 1788723854.741227, 1788723855.3783808, 1788723856.0470507, 1788723856.7539227, 1788723857.4992712, 1788723858.2796466, 1788723859.093154, 1788723859.8666391, 1788723860.4516132, 1788723861.096017, 1788723861.7762785, 1788723862.489547, 1788723863.235643, 1788723864.0147817, 1788723864.800609, 1788723865.3917458, 1788723866.0294003, 1788723866.7138848, 1788723867.428947, 1788723868.1779907, 1788723868.9558752, 1788723869.7687774, 1788723870.6069977, 1788723871.480461, 1788723872.163008, 1788723872.7607567, 1788723873.4193847, 1788723874.1113548, 1788723874.8360844, 1788723875.5932658, 1788723876.3833458, 1788723877.210007, 1788723878.0729795, 1788723878.9681458, 1788723879.8981712, 1788723880.7902803, 1788723881.3704371, 1788723882.0132277, 1788723882.6892776, 1788723883.4014628, 1788723884.1382933, 1788723884.9083545, 1788723885.5370808, 1788723886.146694, 1788723886.8318677, 1788723887.5477538, 1788723888.2929602, 1788723889.070257, 1788723889.8927119, 1788723890.742749, 1788723891.4634423, 1788723892.0598948, 1788723892.7322285, 1788723893.4028444, 1788723894.127333, 1788723894.8809667, 1788723895.668881]","[1, 1, 1, 4, 1, 6, 5, 1, 2, 3, 6, 3, 1, 1, 6, 1, 2, 1, 5, 3, 6, 1, 2, 3, 2, 6, 3, 1, 1, 6, 3, 1, 6, 3, 3, 1, 3, 1, 6, 3, 5, 1, 6, 6, 1, 6, 6, 6, 3, 1, 4, 1, 1, 2, 3, 2, 6, 5, 6, 6, 5, 6, 1, 3, 6, 6, 6, 6, 6, 5, 2, 1, 1, 1, 4, 6, 6, 6, 6, 5, 6, 4, 6, 6, 6, 6, 6, 4, 3, 3, 1, 2, 6, 1, 3, 2, 6, 6, 6, 6, 6, 3, 6, 1, 6, 6, 6, 4, 6, 6, 6, 3, 3, 2, 6, 6, 6, 6, 3, 6, 4, 6, 6, 6, 6, 6, 6, 1, 3, 2, 6, 2, 1, 1, 6, 1, 6, 6, 4, 3, 6, 2, 6, 3, 3, 3, 6, 2, 5, 4, 4, 1, 3, 4, 3, 3, 1, 1, 2, 6, 3, 2, 2, 3, 2, 2, 5, 2, 2, 6, 2, 1, 3, 4, 3, 4, 2, 6, 1, 4, 2, 2, 1, 2, 4]"
User-006,5,trace_0396,1788723901.2518432,streaming,31169,266,266,385,49,140.5189085006714,193.5706763267517,0.20019535028709556,11.0,0,True,,1788723707.6810722,1788723848.1999807,1788723901.2517486,"[1788723848.1999807, 1788723848.7980864, 1788723849.4633799, 1788723850.163396, 1788723850.8901362, 1788723851.6552525, 1788723852.4508753, 1788723853.286348, 1788723854.1580782, 1788723854.7396975, 1788723855.376785, 1788723856.0455089, 1788723856.7524164, 1788723857.4976957, 1788723858.277853, 1788723859.0915594, 1788723859.8641207, 1788723860.4494321, 1788723861.0938551, 1788723861.7741272, 1788723862.4874225, 1788723863.2333927, 1788723864.0126293, 1788723864.798516, 1788723865.3891997, 1788723866.027826, 1788723866.7123263, 1788723867.4273858, 1788723868.1763813, 1788723868.9541273, 1788723869.7671275, 1788723870.605384, 1788723871.478906, 1788723872.1606688, 1788723872.7585251, 1788723873.417128, 1788723874.1090693, 1788723874.833963, 1788723875.5911605, 1788723876.3812058, 1788723877.2078574, 1788723878.0708807, 1788723878.9659543, 1788723879.896025, 1788723880.7882128, 1788723881.3683121, 1788723882.011104, 1788723882.6871657, 1788723883.3974812, 1788723884.1361303, 1788723884.9061804, 1788723885.5347083, 1788723886.145046, 1788723886.830222, 1788723887.5461237, 1788723888.291404, 1788723889.0687108, 1788723889.891123, 1788723890.7409856, 1788723891.4610655, 1788723892.05779, 1788723892.7312422, 1788723893.4006996, 1788723894.1251297, 1788723894.878773, 1788723895.6667697, 1788723896.4846478, 1788723897.347938, 1788723898.242213, 1788723899.165893, 1788723900.0159082, 1788723900.5969284, 1788723901.2477634]","[1, 1, 6, 5, 6, 3, 1, 6, 2, 2, 2, 2, 1, 3, 5, 2, 6, 3, 6, 6, 6, 6, 6, 2, 1, 1, 6, 2, 3, 1, 6, 5, 2, 1, 1, 1, 6, 1, 1, 2, 4, 6, 6, 5, 6, 6, 6, 5, 6, 6, 6, 3, 6, 6, 2, 1, 4, 2, 2, 6, 2, 1, 3, 3, 6, 3, 1, 5, 2, 6, 6, 4, 1]"
User-015,7,trace_0687,1788723916.3196237,streaming,31527,309,309,480,7,121.71122479438782,208.76301884651184,0.28263569497442864,11.0,0,True,,1788723707.5565066,1788723829.2677314,1788723916.3195255,"[1788723829.2677314, 1788723829.8717217, 1788723830.5398922, 1788723831.2346396, 1788723831.9614358, 1788723832.7212422, 1788723833.5113292, 1788723834.338711, 1788723835.1963499, 1788723836.0814126, 1788723836.9960139, 1788723837.7499516, 1788723838.3400955, 1788723839.0159602, 1788723839.724231, 1788723840.4660017, 1788723841.239637, 1788723842.043216, 1788723842.8726447, 1788723843.733191, 1788723844.6269073, 1788723845.5510805, 1788723846.549833, 1788723847.5603666, 1788723848.200508, 1788723848.7986164, 1788723849.4639559, 1788723850.1639302, 1788723850.8906498, 1788723851.65578, 1788723852.4513843, 1788723853.2869155, 1788723854.1585894, 1788723854.7401946, 1788723855.377301, 1788723856.0459995, 1788723856.7529066, 1788723857.4981952, 1788723858.2784226, 1788723859.092081, 1788723859.8655612, 1788723860.45046, 1788723861.0949485, 1788723861.7752016, 1788723862.4885077, 1788723863.2345035, 1788723864.0136828, 1788723864.7995615, 1788723865.3902247, 1788723866.0288892, 1788723866.7133672, 1788723867.4284093, 1788723868.177429, 1788723868.9552329, 1788723869.7681754, 1788723870.606445, 1788723871.4799557, 1788723872.1624756, 1788723872.7602317, 1788723873.418857, 1788723874.1108062, 1788723874.835565, 1788723875.592753, 1788723876.3828173, 1788723877.2094438, 1788723878.0724359, 1788723878.9675963, 1788723879.8976126, 1788723880.7897546, 1788723881.369913, 1788723882.0127075, 1788723882.6887527, 1788723883.400877, 1788723884.1377892, 1788723884.9077976, 1788723885.536562, 1788723886.1461718, 1788723886.8313596, 1788723887.5472338, 1788723888.2924352, 1788723889.0697556, 1788723889.8921957, 1788723890.7420156, 1788723891.4621074, 1788723892.0588593, 1788723892.7317374, 1788723893.4018288, 1788723894.12624, 1788723894.8798678, 1788723895.6678045, 1788723896.4856868, 1788723897.3490107, 1788723898.2432933, 1788723899.1669736, 1788723900.0177562, 1788723900.598492, 1788723901.2496433, 1788723901.9465294, 1788723902.6748989, 1788723903.438111, 1788723904.2303782, 1788723905.0536609, 1788723905.834472, 1788723906.4292936, 1788723907.0732775, 1788723907.7558134, 1788723908.471444, 1788723909.2156537, 1788723909.9909747, 1788723910.8087745, 1788723911.4775314, 1788723912.0798705, 1788723912.7394102, 1788723913.4335718, 1788723914.159343, 1788723914.914664, 1788723915.7286298, 1788723916.3160367]","[1, 3, 4, 1, 4, 4, 1, 1, 4, 3, 6, 1, 3, 2, 2, 3, 2, 2, 1, 3, 2, 1, 3, 1, 4, 3, 2, 1, 1, 3, 1, 3, 1, 2, 4, 4, 1, 3, 2, 1, 2, 3, 1, 4, 1, 4, 6, 6, 6, 1, 1, 2, 1, 1, 4, 1, 2, 2, 1, 1, 2, 1, 1, 2, 2, 5, 3, 4, 5, 1, 3, 1, 2, 1, 1, 5, 2, 1, 2, 1, 2, 6, 3, 6, 1, 1, 2, 3, 2, 6, 3, 1, 5, 6, 1, 6, 6, 6, 1, 3, 4, 2, 4, 2, 6, 3, 3, 1, 2, 1, 2, 2, 1, 2, 2, 6, 6, 1]"
User-034,0,trace_0164,1788723925.675209,streaming,17666,254,250,0,275,156.92254734039307,217.80015778541565,0.24448839536153646,0.0,0,True,,1788723707.8749354,1788723864.7974827,1788723925.6750932,"[1788723864.7974827, 1788723865.3880968, 1788723866.0266716, 1788723866.711228, 1788723867.4262812, 1788723868.175291, 1788723868.952747, 1788723869.7665582, 1788723870.6048174, 1788723871.478325, 1788723872.1601443, 1788723872.7579365, 1788723873.4165552, 1788723874.1085336, 1788723874.83338, 1788723875.5905895, 1788723876.3806384, 1788723877.2073095, 1788723878.070319, 1788723878.965427, 1788723879.8955066, 1788723880.7875638, 1788723881.3677769, 1788723882.0105333, 1788723882.6866, 1788723883.396953, 1788723884.1355798, 1788723884.9056458, 1788723885.5340939, 1788723886.1445217, 1788723886.829685, 1788723887.5455873, 1788723888.2908628, 1788723889.068146, 1788723889.8905523, 1788723890.7404487, 1788723891.46055, 1788723892.0572398, 1788723892.7309802, 1788723893.4001765, 1788723894.1244826, 1788723894.8782015, 1788723895.6661966, 1788723896.4840894, 1788723897.3474114, 1788723898.2416875, 1788723899.1653516, 1788723900.0153923, 1788723900.596405, 1788723901.2472007, 1788723901.9454126, 1788723902.6738248, 1788723903.4370828, 1788723904.2293594, 1788723905.052585, 1788723905.8334706, 1788723906.4282048, 1788723907.072219, 1788723907.7547226, 1788723908.4703538, 1788723909.2145603, 1788723909.989917, 1788723910.8076997, 1788723911.4764059, 1788723912.0788004, 1788723912.7383156, 1788723913.4325383, 1788723914.1582422, 1788723914.9136558, 1788723915.726811, 1788723916.314406, 1788723916.9683642, 1788723917.6523175, 1788723918.3714979, 1788723919.122278, 1788723919.8998392, 1788723920.7139273, 1788723921.5600307, 1788723922.213766, 1788723922.8201704, 1788723923.482772, 1788723924.1807718, 1788723924.9087298, 1788723925.6698887]","[1, 1, 3, 6, 1, 3, 1, 1, 6, 2, 2, 2, 3, 4, 6, 2, 5, 5, 2, 1, 1, 4, 2, 2, 1, 1, 3, 1, 3, 1, 2, 2, 1, 4, 1, 1, 2, 3, 2, 1, 1, 6, 4, 6, 4, 2, 6, 3, 1, 1, 2, 1, 1, 1, 5, 1, 6, 3, 6, 6, 2, 3, 1, 4, 6, 5, 6, 4, 1, 2, 1, 6, 6, 6, 6, 4, 1, 1, 6, 3, 2, 6, 6, 1]"
User-037,0,trace_0489,1788723958.9419324,streaming,15354,307,307,0,239,176.21310186386108,249.6165428161621,0.23988052598791185,0.0,0,True,,1788723709.325308,1788723885.53841,1788723958.941851,"[1788723885.53841, 1788723886.1477516, 1788723886.8329492, 1788723887.5489123, 1788723888.2940495, 1788723889.0713665, 1788723889.8938222, 1788723890.74403, 1788723891.4644482, 1788723892.0610101, 1788723892.7327182, 1788723893.4039464, 1788723894.1283965, 1788723894.8820329, 1788723895.6703765, 1788723896.487337, 1788723897.350534, 1788723898.244925, 1788723899.1686165, 1788723900.0193043, 1788723900.6001308, 1788723901.2513986, 1788723901.9481251, 1788723902.6765795, 1788723903.4396975, 1788723904.2319887, 1788723905.0553136, 1788723905.836856, 1788723906.4314165, 1788723907.0754864, 1788723907.7579598, 1788723908.4735813, 1788723909.2177832, 1788723909.9931028, 1788723910.8109136, 1788723911.4804235, 1788723912.082572, 1788723912.742029, 1788723913.4362056, 1788723914.1619358, 1788723914.9173975, 1788723915.731138, 1788723916.3191314, 1788723916.972601, 1788723917.6560154, 1788723918.3752346, 1788723919.1294563, 1788723919.903615, 1788723920.7176049, 1788723921.5637054, 1788723922.2180827, 1788723922.8244288, 1788723923.4870832, 1788723924.185102, 1788723924.913075, 1788723925.67467, 1788723926.4781582, 1788723927.3205972, 1788723928.2057552, 1788723929.1153069, 1788723930.0461104, 1788723931.0070045, 1788723931.8590581, 1788723932.4379518, 1788723933.0895293, 1788723933.7736335, 1788723934.4899547, 1788723935.233098, 1788723936.0141613, 1788723936.8288865, 1788723937.6980531, 1788723938.280844, 1788723938.9191563, 1788723939.5888104, 1788723940.2944973, 1788723941.029689, 1788723941.7447362, 1788723942.343724, 1788723942.998222, 1788723943.6774557, 1788723944.39273, 1788723945.1421897, 1788723945.927959, 1788723946.742936, 1788723947.5888436, 1788723948.3287694, 1788723948.9285955, 1788723949.5877163, 1788723950.2773957, 1788723951.001267, 1788723951.7566557, 1788723952.5059745, 1788723953.097433, 1788723953.7445946, 1788723954.4250243, 1788723955.1389518, 1788723955.891363, 1788723956.6680582, 1788723957.4826097, 1788723958.3529234, 1788723958.9410954]","[1, 2, 4, 1, 6, 1, 2, 2, 1, 5, 2, 4, 3, 3, 1, 1, 3, 2, 2, 1, 2, 4, 3, 3, 2, 2, 2, 1, 4, 5, 1, 1, 2, 1, 1, 1, 2, 1, 6, 3, 1, 4, 5, 6, 3, 2, 6, 5, 3, 3, 4, 5, 1, 5, 3, 6, 5, 3, 3, 2, 4, 3, 6, 1, 2, 6, 6, 2, 2, 6, 2, 6, 3, 2, 5, 6, 2, 4, 6, 6, 4, 5, 2, 3, 4, 4, 1, 6, 2, 3, 6, 1, 1, 2, 1, 2, 2, 1, 1, 6, 1]"
User-020,1,trace_0108,1788723964.162832,streaming,19881,166,166,258,52,145.7428674697876,187.68947052955627,0.2542218367258708,12.0,0,True,,1788723776.4732523,1788723922.2161198,1788723964.1627228,"[1788723922.2161198, 1788723922.8222992, 1788723923.484907, 1788723924.182895, 1788723924.910821, 1788723925.6723337, 1788723926.476013, 1788723927.31342, 1788723928.2036943, 1788723929.11317, 1788723930.0439503, 1788723931.0048244, 1788723931.8569558, 1788723932.4358797, 1788723933.0874527, 1788723933.77147, 1788723934.4877522, 1788723935.2310467, 1788723936.0120213, 1788723936.826711, 1788723937.6957738, 1788723938.2782848, 1788723938.9165688, 1788723939.5861502, 1788723940.291776, 1788723941.0270224, 1788723941.7422092, 1788723942.3411636, 1788723942.996282, 1788723943.6748974, 1788723944.3902102, 1788723945.1396544, 1788723945.9220428, 1788723946.740368, 1788723947.5861516, 1788723948.326097, 1788723948.9259865, 1788723949.585101, 1788723950.2747989, 1788723950.9986298, 1788723951.7541316, 1788723952.5034761, 1788723953.094849, 1788723953.742003, 1788723954.4224262, 1788723955.1363258, 1788723955.885387, 1788723956.665408, 1788723957.4800208, 1788723958.3503542, 1788723958.9384558, 1788723959.5929382, 1788723960.2804615, 1788723960.9984503, 1788723961.7433097, 1788723962.5156, 1788723963.3214486, 1788723964.1598096]","[1, 1, 2, 2, 2, 1, 2, 5, 2, 1, 3, 6, 4, 2, 4, 1, 3, 2, 5, 2, 3, 3, 1, 1, 4, 1, 4, 2, 1, 3, 1, 4, 6, 1, 3, 3, 5, 2, 4, 5, 5, 3, 1, 6, 1, 5, 1, 2, 3, 1, 3, 2, 5, 5, 4, 5, 3, 3]"
User-030,3,trace_0082,1788723966.8669825,streaming,21831,501,501,274,52,146.42809987068176,259.1380412578583,0.22541988277435301,14.0,0,True,,1788723707.7288613,1788723854.1569612,1788723966.8669026,"[1788723854.1569612, 1788723854.738503, 1788723855.3755515, 1788723856.0443697, 1788723856.7512312, 1788723857.4965482, 1788723858.276755, 1788723859.0903265, 1788723859.8628771, 1788723860.448198, 1788723861.0926952, 1788723861.7729564, 1788723862.4862227, 1788723863.2322202, 1788723864.0114431, 1788723864.7965071, 1788723865.3874607, 1788723866.0260217, 1788723866.710449, 1788723867.4256313, 1788723868.1746318, 1788723868.952113, 1788723869.7660153, 1788723870.6041796, 1788723871.477703, 1788723872.1595263, 1788723872.7573068, 1788723873.4159355, 1788723874.1079674, 1788723874.832755, 1788723875.5899448, 1788723876.3799994, 1788723877.2066808, 1788723878.0696602, 1788723878.9647908, 1788723879.8948386, 1788723880.7870142, 1788723881.3671293, 1788723882.0099168, 1788723882.6859663, 1788723883.3962798, 1788723884.1350002, 1788723884.905, 1788723885.5335104, 1788723886.1439452, 1788723886.8290243, 1788723887.5449178, 1788723888.2902145, 1788723889.0674918, 1788723889.8899202, 1788723890.739758, 1788723891.459895, 1788723892.0565934, 1788723892.7306826, 1788723893.3996093, 1788723894.1238997, 1788723894.8775527, 1788723895.665524, 1788723896.483415, 1788723897.346709, 1788723898.2410696, 1788723899.1646984, 1788723900.014645, 1788723900.595768, 1788723901.246513, 1788723901.9442737, 1788723902.6726556, 1788723903.4358811, 1788723904.228203, 1788723905.051379, 1788723905.8323045, 1788723906.427007, 1788723907.0710068, 1788723907.7534945, 1788723908.4692004, 1788723909.213394, 1788723909.9887066, 1788723910.806491, 1788723911.475172, 1788723912.0775578, 1788723912.7371364, 1788723913.4313598, 1788723914.1570804, 1788723914.9124782, 1788723915.7256591, 1788723916.3132136, 1788723916.9671147, 1788723917.651115, 1788723918.3703415, 1788723919.1210816, 1788723919.8986788, 1788723920.7127163, 1788723921.5588396, 1788723922.2125907, 1788723922.819017, 1788723923.4815426, 1788723924.1795752, 1788723924.9075005, 1788723925.6686828, 1788723926.4731348, 1788723927.3106453, 1788723928.2007804, 1788723929.1103637, 1788723930.0411258, 1788723931.0020487, 1788723931.8532226, 1788723932.4324262, 1788723933.0841024, 1788723933.7680979, 1788723934.4844217, 1788723935.2276309, 1788723936.008589, 1788723936.8233588, 1788723937.692574, 1788723938.2749283, 1788723938.913258, 1788723939.5828624, 1788723940.2884793, 1788723941.0237322, 1788723941.7392137, 1788723942.3379045, 1788723942.9932618, 1788723943.6716425, 1788723944.3870206, 1788723945.1363766, 1788723945.9188116, 1788723946.7369626, 1788723947.5827806, 1788723948.3218088, 1788723948.9221845, 1788723949.5812514, 1788723950.2709591, 1788723950.994838, 1788723951.750276, 1788723952.4995797, 1788723953.0910738, 1788723953.738315, 1788723954.4185817, 1788723955.132583, 1788723955.8816354, 1788723956.6614795, 1788723957.4761739, 1788723958.3458748, 1788723958.9340506, 1788723959.588677, 1788723960.2761035, 1788723960.9939957, 1788723961.7389739, 1788723962.5111187, 1788723963.3170407, 1788723964.1552818, 1788723965.0193033, 1788723965.9200945, 1788723966.8604965]","[1, 4, 6, 4, 5, 5, 1, 3, 4, 6, 1, 4, 1, 1, 5, 5, 3, 2, 6, 5, 1, 1, 2, 1, 2, 1, 6, 5, 3, 1, 1, 5, 2, 5, 2, 5, 2, 1, 1, 2, 5, 4, 3, 6, 6, 2, 3, 1, 6, 1, 6, 6, 5, 3, 2, 2, 4, 4, 6, 6, 3, 3, 4, 1, 2, 3, 3, 4, 1, 5, 3, 4, 6, 6, 1, 3, 2, 3, 6, 5, 4, 5, 1, 2, 1, 2, 5, 5, 6, 5, 2, 2, 4, 6, 1, 4, 3, 6, 2, 1, 3, 1, 3, 4, 1, 2, 6, 3, 1, 1, 3, 4, 2, 4, 6, 6, 2, 1, 5, 4, 2, 1, 4, 4, 5, 4, 5, 4, 1, 3, 2, 2, 2, 6, 4, 3, 1, 6, 1, 2, 5, 6, 3, 2, 1, 1, 2, 5, 2, 2, 3, 1, 4, 3]"
User-017,3,trace_0726,1788723969.836593,streaming,21138,112,112,320,2,127.32414841651917,148.83505630493164,0.19379196295867096,6.0,0,True,,1788723821.0014515,1788723948.3256,1788723969.8365078,"[1788723948.3256, 1788723948.9254634, 1788723949.584573, 1788723950.2742584, 1788723950.9980216, 1788723951.7535956, 1788723952.5029514, 1788723953.094284, 1788723953.7414887, 1788723954.4219217, 1788723955.135803, 1788723955.8848588, 1788723956.664894, 1788723957.4794626, 1788723958.349848, 1788723958.937917, 1788723959.5924268, 1788723960.2799175, 1788723960.997908, 1788723961.742774, 1788723962.5150912, 1788723963.3208733, 1788723964.1592612, 1788723965.0230591, 1788723965.923852, 1788723966.8645291, 1788723967.8258357, 1788723968.5151782, 1788723969.1398287, 1788723969.8331966]","[1, 6, 2, 2, 2, 6, 6, 6, 4, 2, 4, 2, 2, 6, 6, 6, 2, 2, 6, 6, 2, 6, 2, 6, 6, 1, 2, 3, 3, 2]"
User-038,0,trace_0661,1788723972.9108093,streaming,20443,368,368,0,319,182.0843744277954,263.5321819782257,0.22192863092760298,0.0,0,True,,1788723709.3785791,1788723891.4629536,1788723972.910761,"[1788723891.4629536, 1788723892.05938, 1788723892.7319806, 1788723893.402338, 1788723894.1267834, 1788723894.8803794, 1788723895.6683443, 1788723896.4862201, 1788723897.3495107, 1788723898.2438364, 1788723899.1675255, 1788723900.018262, 1788723900.5990598, 1788723901.250182, 1788723901.9470873, 1788723902.6754172, 1788723903.4386306, 1788723904.230929, 1788723905.0541818, 1788723905.8358514, 1788723906.4303148, 1788723907.0743551, 1788723907.7568474, 1788723908.4724727, 1788723909.2166886, 1788723909.9920638, 1788723910.8098125, 1788723911.4785402, 1788723912.0809827, 1788723912.7404978, 1788723913.4346547, 1788723914.1603684, 1788723914.9157772, 1788723915.7296293, 1788723916.3175669, 1788723916.9709764, 1788723917.654403, 1788723918.3736885, 1788723919.1276686, 1788723919.9020734, 1788723920.7160192, 1788723921.5621176, 1788723922.2166085, 1788723922.8228984, 1788723923.4854932, 1788723924.1834908, 1788723924.911455, 1788723925.6730042, 1788723926.4765346, 1788723927.3140361, 1788723928.204224, 1788723929.113679, 1788723930.0444756, 1788723931.0054324, 1788723931.8574922, 1788723932.4364073, 1788723933.0879824, 1788723933.772036, 1788723934.4882874, 1788723935.2315657, 1788723936.0125785, 1788723936.8272796, 1788723937.6968305, 1788723938.279323, 1788723938.9176428, 1788723939.5872748, 1788723940.292928, 1788723941.0281181, 1788723941.7432277, 1788723942.342176, 1788723942.9970427, 1788723943.6759224, 1788723944.391231, 1788723945.1406991, 1788723945.9268382, 1788723946.741372, 1788723947.5872543, 1788723948.3270874, 1788723948.9270434, 1788723949.5861218, 1788723950.2758255, 1788723950.9997194, 1788723951.755171, 1788723952.5044842, 1788723953.0958838, 1788723953.7430384, 1788723954.4234624, 1788723955.1373653, 1788723955.8864686, 1788723956.666484, 1788723957.4810429, 1788723958.3513625, 1788723958.939505, 1788723959.5939622, 1788723960.2814913, 1788723960.999496, 1788723961.7443712, 1788723962.5166533, 1788723963.3224783, 1788723964.1611488, 1788723965.0241272, 1788723965.9248953, 1788723966.8655298, 1788723967.8268728, 1788723968.5162582, 1788723969.1408458, 1788723969.8345234, 1788723970.5481694, 1788723971.2940807, 1788723972.0707464, 1788723972.909653]","[1, 2, 4, 1, 2, 2, 3, 2, 3, 3, 5, 1, 2, 3, 1, 5, 3, 1, 5, 2, 2, 6, 2, 1, 3, 1, 2, 3, 5, 2, 1, 2, 1, 2, 2, 6, 3, 5, 5, 6, 3, 3, 3, 6, 4, 1, 4, 4, 2, 3, 2, 3, 6, 3, 1, 2, 2, 6, 1, 6, 2, 2, 3, 2, 1, 2, 2, 3, 6, 3, 6, 1, 1, 1, 2, 1, 6, 5, 5, 1, 2, 2, 1, 6, 6, 6, 6, 3, 2, 6, 5, 6, 3, 6, 5, 6, 1, 4, 6, 6, 6, 6, 4, 6, 2, 6, 6, 6, 1, 3, 3]"
User-042,0,trace_0582,1788723973.7265813,streaming,20351,153,153,0,317,136.78673243522644,172.8168032169342,0.23703993935334056,0.0,0,True,,1788723800.9097145,1788723937.696447,1788723973.7265177,"[1788723937.696447, 1788723938.2788165, 1788723938.9171393, 1788723939.5867398, 1788723940.292398, 1788723941.027606, 1788723941.7427428, 1788723942.3416746, 1788723942.9966662, 1788723943.6754198, 1788723944.3907158, 1788723945.1401806, 1788723945.9226818, 1788723946.7408748, 1788723947.5866926, 1788723948.3265936, 1788723948.9265172, 1788723949.5856173, 1788723950.275326, 1788723950.9991937, 1788723951.7546496, 1788723952.5039852, 1788723953.0953572, 1788723953.7425246, 1788723954.4229343, 1788723955.1368432, 1788723955.8859258, 1788723956.6659281, 1788723957.4805472, 1788723958.3508592, 1788723958.9389794, 1788723959.5934384, 1788723960.280978, 1788723960.9989824, 1788723961.7438416, 1788723962.5161276, 1788723963.3219745, 1788723964.1605988, 1788723965.0235918, 1788723965.9243858, 1788723966.8650193, 1788723967.8263435, 1788723968.5156865, 1788723969.140341, 1788723969.8339837, 1788723970.547614, 1788723971.2935815, 1788723972.0702243, 1788723972.9093883, 1788723973.7247307]","[1, 5, 4, 3, 3, 2, 1, 4, 4, 4, 3, 1, 2, 1, 6, 2, 3, 3, 1, 6, 2, 2, 5, 1, 3, 2, 6, 6, 1, 6, 3, 2, 2, 2, 6, 3, 1, 4, 6, 2, 2, 2, 1, 1, 6, 6, 1, 2, 4, 4]"
User-007,1,trace_0398,1788723974.597374,streaming,13739,115,115,203,11,133.91173315048218,166.77120900154114,0.2882410162373593,45.0,0,True,,1788723807.8260915,1788723941.7378247,1788723974.5973005,"[1788723941.7378247, 1788723942.3365993, 1788723942.9919653, 1788723943.6703196, 1788723944.3856905, 1788723945.135024, 1788723945.9174933, 1788723946.7355545, 1788723947.5813801, 1788723948.3204281, 1788723948.9208906, 1788723949.57994, 1788723950.269619, 1788723950.9935012, 1788723951.7489955, 1788723952.4969757, 1788723953.0891976, 1788723953.7364974, 1788723954.4167142, 1788723955.1306639, 1788723955.8795204, 1788723956.6595457, 1788723957.4742942, 1788723958.3439448, 1788723958.9322171, 1788723959.5868816, 1788723960.2742388, 1788723960.9921668, 1788723961.737115, 1788723962.5090613, 1788723963.3150449, 1788723964.1530516, 1788723965.01742, 1788723965.9182117, 1788723966.8586073, 1788723967.8206701, 1788723968.510051, 1788723969.1346464, 1788723969.828037, 1788723970.542231, 1788723971.2885995, 1788723972.065058, 1788723972.9069893, 1788723973.7198086, 1788723974.593152]","[1, 1, 5, 3, 2, 5, 1, 1, 2, 2, 4, 4, 5, 1, 3, 2, 1, 2, 3, 3, 3, 6, 2, 1, 3, 1, 1, 1, 1, 1, 1, 6, 1, 2, 1, 3, 1, 1, 6, 4, 2, 6, 5, 1, 4]"
User-036,0,trace_0615,1788723976.8161,streaming,22967,474,444,0,358,164.11742234230042,268.7719349861145,0.23624043486188281,0.0,0,True,,1788723708.044068,1788723872.1614904,1788723976.816003,"[1788723872.1614904, 1788723872.7590904, 1788723873.4176726, 1788723874.1096075, 1788723874.8344765, 1788723875.5916846, 1788723876.3817291, 1788723877.2083735, 1788723878.0714164, 1788723878.9664898, 1788723879.8965642, 1788723880.7887518, 1788723881.3688557, 1788723882.0116549, 1788723882.6877186, 1788723883.3980083, 1788723884.1366718, 1788723884.9067142, 1788723885.5352252, 1788723886.1455941, 1788723886.8308342, 1788723887.5466425, 1788723888.291918, 1788723889.0692384, 1788723889.891653, 1788723890.7415082, 1788723891.4616003, 1788723892.0583124, 1788723892.731488, 1788723893.4012392, 1788723894.125696, 1788723894.879342, 1788723895.6672914, 1788723896.4851644, 1788723897.3484838, 1788723898.2427666, 1788723899.166426, 1788723900.0164406, 1788723900.5974624, 1788723901.2485552, 1788723901.9448318, 1788723902.6732893, 1788723903.436543, 1788723904.228837, 1788723905.0520525, 1788723905.8328297, 1788723906.4276674, 1788723907.0716922, 1788723907.7541754, 1788723908.4698172, 1788723909.2140436, 1788723909.9893546, 1788723910.8071678, 1788723911.4758701, 1788723912.0782213, 1788723912.7377813, 1788723913.4320219, 1788723914.1577218, 1788723914.9131336, 1788723915.726187, 1788723916.3138554, 1788723916.9678326, 1788723917.6517816, 1788723918.3709455, 1788723919.1217215, 1788723919.8992834, 1788723920.713371, 1788723921.5594997, 1788723922.2131386, 1788723922.8196566, 1788723923.482214, 1788723924.1802428, 1788723924.9081743, 1788723925.6693275, 1788723926.473762, 1788723927.3113189, 1788723928.201348, 1788723929.111061, 1788723930.041786, 1788723931.0026765, 1788723931.8539114, 1788723932.4330795, 1788723933.0846937, 1788723933.768718, 1788723934.485073, 1788723935.2282727, 1788723936.0091789, 1788723937.6932743, 1788723938.2756436, 1788723938.9139178, 1788723939.5835216, 1788723940.2891023, 1788723941.0243957, 1788723941.7397473, 1788723942.338423, 1788723942.9937837, 1788723943.6721933, 1788723944.387557, 1788723945.1369295, 1788723945.9193773, 1788723946.7375407, 1788723947.583357, 1788723948.3223162, 1788723948.9227257, 1788723949.5817907, 1788723950.2715032, 1788723950.9953873, 1788723951.7508626, 1788723952.5001411, 1788723953.0916042, 1788723953.7388637, 1788723954.4191551, 1788723955.133095, 1788723955.8821785, 1788723956.6620412, 1788723957.4767148, 1788723958.3464038, 1788723958.9345906, 1788723959.5891879, 1788723960.2766337, 1788723960.9945312, 1788723961.7395165, 1788723962.5118494, 1788723963.3177156, 1788723964.1558528, 1788723965.0198264, 1788723965.92063, 1788723967.822545, 1788723968.5120537, 1788723969.136562, 1788723969.8299198, 1788723970.5442424, 1788723972.0669982, 1788723972.9078956, 1788723973.7216904, 1788723974.5953631, 1788723975.4939501, 1788723976.208768, 1788723976.8102167]","[1, 1, 2, 2, 3, 2, 1, 2, 2, 4, 4, 2, 2, 1, 2, 3, 3, 1, 2, 1, 3, 6, 1, 4, 4, 1, 3, 3, 2, 1, 1, 1, 1, 5, 6, 4, 3, 4, 2, 5, 6, 6, 5, 3, 3, 6, 1, 2, 3, 2, 1, 3, 2, 1, 4, 2, 1, 2, 1, 2, 6, 2, 4, 6, 3, 1, 3, 1, 1, 1, 3, 1, 6, 3, 6, 2, 1, 4, 6, 4, 6, 2, 1, 5, 6, 6, 5, 1, 5, 6, 6, 5, 2, 3, 3, 4, 1, 2, 1, 3, 1, 1, 2, 4, 1, 1, 2, 3, 2, 3, 2, 3, 2, 2, 3, 6, 6, 6, 6, 6, 6, 2, 3, 6, 5, 6, 3, 5, 6, 6, 5, 1, 5, 6, 6, 5, 1, 5, 6]"
User-039,0,trace_0220,1788723982.7185042,streaming,27311,360,360,0,426,190.51213479042053,273.2132890224457,0.23036533212263272,0.0,0,True,,1788723709.5051224,1788723900.0172572,1788723982.7184114,"[1788723900.0172572, 1788723900.5979655, 1788723901.2490942, 1788723901.945949, 1788723902.6743503, 1788723903.4375913, 1788723904.2298665, 1788723905.0531507, 1788723905.8339672, 1788723906.428735, 1788723907.0727336, 1788723907.7552884, 1788723908.470919, 1788723909.2151163, 1788723909.990434, 1788723910.8082294, 1788723911.4769626, 1788723912.0793655, 1788723912.7388895, 1788723913.4330585, 1788723914.1587954, 1788723914.9141634, 1788723915.7273111, 1788723916.314955, 1788723916.9690711, 1788723917.6528506, 1788723918.3720448, 1788723919.125719, 1788723919.900398, 1788723920.7144587, 1788723921.5605385, 1788723922.2142808, 1788723922.8207078, 1788723923.4832907, 1788723924.1812932, 1788723924.9092607, 1788723925.6706932, 1788723926.4743323, 1788723927.3118486, 1788723928.2018783, 1788723929.1116033, 1788723930.0423527, 1788723931.003237, 1788723931.8544705, 1788723932.4336057, 1788723933.0852008, 1788723933.7692711, 1788723934.4856334, 1788723935.2288518, 1788723936.009738, 1788723936.8245013, 1788723937.6937826, 1788723938.2761655, 1788723938.914451, 1788723939.5840578, 1788723940.2896373, 1788723941.024921, 1788723941.7402472, 1788723942.3389742, 1788723942.9943006, 1788723943.6727018, 1788723944.3880734, 1788723945.137451, 1788723945.919914, 1788723946.7380686, 1788723947.5838814, 1788723948.3228815, 1788723948.9232924, 1788723949.5823061, 1788723950.2720213, 1788723950.9959047, 1788723951.7513855, 1788723952.5006692, 1788723953.0921178, 1788723953.7393622, 1788723954.419678, 1788723955.1335974, 1788723955.8827157, 1788723956.6625671, 1788723957.477238, 1788723958.3469632, 1788723958.9351647, 1788723959.5897152, 1788723960.277175, 1788723960.995106, 1788723961.7400424, 1788723962.5123663, 1788723963.3182795, 1788723964.1565616, 1788723965.0203593, 1788723965.921147, 1788723966.8616939, 1788723967.8231046, 1788723968.5125816, 1788723969.1371052, 1788723969.830437, 1788723970.5447724, 1788723971.2908661, 1788723972.0675218, 1788723972.908149, 1788723973.7222254, 1788723974.5958955, 1788723975.4944708, 1788723976.2093987, 1788723976.8111022, 1788723977.467714, 1788723978.1757581, 1788723978.9192, 1788723979.6886802, 1788723980.495526, 1788723981.3297453, 1788723982.1190221, 1788723982.7127442]","[1, 5, 4, 2, 1, 4, 1, 1, 2, 6, 4, 3, 1, 3, 2, 4, 5, 1, 1, 6, 5, 1, 1, 2, 2, 1, 6, 1, 6, 3, 3, 1, 1, 6, 6, 2, 4, 6, 3, 6, 6, 6, 3, 6, 5, 1, 1, 1, 5, 2, 1, 6, 3, 1, 3, 1, 3, 1, 4, 2, 1, 1, 1, 6, 6, 4, 1, 6, 5, 6, 4, 6, 1, 1, 1, 6, 6, 2, 2, 1, 2, 3, 1, 1, 5, 6, 5, 2, 5, 6, 6, 6, 5, 4, 1, 1, 5, 5, 6, 1, 1, 1, 1, 6, 2, 1, 2, 6, 2, 2, 2, 5, 2]"
User-004,1,trace_0629,1788723984.8051543,streaming,29163,66,66,286,169,130.4893925189972,146.77683973312378,0.25057611098656285,142.0,0,True,,1788723838.0282154,1788723968.517608,1788723984.8050551,"[1788723968.517608, 1788723969.1418602, 1788723969.835552, 1788723970.5492644, 1788723971.2951264, 1788723972.0717707, 1788723972.910272, 1788723973.7257488, 1788723974.5994039, 1788723975.4977403, 1788723976.2133954, 1788723976.8150687, 1788723977.471606, 1788723978.1796134, 1788723978.9231815, 1788723979.6924329, 1788723980.4994814, 1788723981.3335361, 1788723982.1234832, 1788723982.7175336, 1788723983.366199, 1788723984.0656846, 1788723984.8033838]","[1, 4, 2, 4, 2, 1, 3, 4, 3, 6, 6, 6, 1, 2, 2, 3, 3, 1, 3, 4, 1, 1, 3]"
User-003,1,trace_0714,1788723984.804749,streaming,30152,283,283,342,128,138.11215710639954,191.0603609085083,0.1877595879507403,16.0,0,True,,1788723793.7442884,1788723931.8564456,1788723984.8046494,"[1788723931.8564456, 1788723932.435259, 1788723933.086906, 1788723933.7709327, 1788723934.487211, 1788723935.230437, 1788723936.0114775, 1788723936.826118, 1788723937.6953607, 1788723938.277673, 1788723938.9160318, 1788723939.585632, 1788723940.2912242, 1788723941.0264685, 1788723941.7417417, 1788723942.3406193, 1788723942.99582, 1788723943.6743748, 1788723944.389596, 1788723945.139055, 1788723945.921505, 1788723946.7398438, 1788723947.5856397, 1788723948.3247783, 1788723948.9248452, 1788723949.5839489, 1788723950.2736392, 1788723950.997486, 1788723951.7530866, 1788723952.5024085, 1788723953.0937605, 1788723953.7409785, 1788723954.4213705, 1788723955.1352897, 1788723955.8843188, 1788723956.6643505, 1788723957.4789376, 1788723958.3485265, 1788723958.9368732, 1788723959.591393, 1788723960.2788649, 1788723960.99685, 1788723961.7417402, 1788723962.514079, 1788723963.3198557, 1788723964.158193, 1788723965.0220187, 1788723965.922831, 1788723966.8635013, 1788723967.824791, 1788723968.5141482, 1788723969.1386948, 1788723969.832015, 1788723970.5465426, 1788723971.2924936, 1788723972.0690854, 1788723972.908897, 1788723973.723905, 1788723974.5977807, 1788723975.4960952, 1788723976.2109756, 1788723976.8129363, 1788723977.4694328, 1788723978.1774242, 1788723978.920993, 1788723979.6902497, 1788723980.4973156, 1788723981.3313777, 1788723982.1214135, 1788723982.7153943, 1788723983.363931, 1788723984.0633564, 1788723984.8007584]","[1, 6, 6, 4, 4, 2, 6, 5, 4, 4, 4, 2, 6, 6, 1, 6, 6, 2, 6, 2, 4, 2, 1, 3, 6, 6, 6, 6, 6, 6, 2, 3, 6, 3, 4, 6, 6, 1, 4, 6, 4, 6, 1, 1, 1, 3, 2, 3, 2, 2, 3, 2, 5, 2, 1, 6, 4, 6, 5, 5, 1, 3, 1, 6, 3, 4, 6, 5, 1, 4, 6, 6, 3]"
User-041,0,trace_0570,1788723986.7998397,streaming,18597,326,326,0,290,194.88480043411255,270.20514607429504,0.2317549096621,0.0,0,True,,1788723716.5946052,1788723911.4794056,1788723986.7997513,"[1788723911.4794056, 1788723912.0815306, 1788723912.741003, 1788723913.4351745, 1788723914.160936, 1788723914.916354, 1788723915.7301168, 1788723916.3180788, 1788723916.97153, 1788723917.6550028, 1788723918.3741958, 1788723919.1283565, 1788723919.902588, 1788723920.716597, 1788723921.56269, 1788723922.2171125, 1788723922.8234189, 1788723923.4860196, 1788723924.184013, 1788723924.9120002, 1788723925.673562, 1788723926.4771042, 1788723927.3145552, 1788723928.2047458, 1788723929.1142504, 1788723930.0450954, 1788723931.0059454, 1788723931.857998, 1788723932.4369266, 1788723933.0884995, 1788723933.772591, 1788723934.48892, 1788723935.232078, 1788723936.0130944, 1788723936.827807, 1788723937.6972175, 1788723938.2798193, 1788723938.918145, 1788723939.5877693, 1788723940.2934558, 1788723941.0286381, 1788723941.7437296, 1788723942.3426824, 1788723942.9974418, 1788723943.6764197, 1788723944.3917215, 1788723945.1411896, 1788723945.9274225, 1788723946.7418656, 1788723947.5877833, 1788723948.3276072, 1788723948.927555, 1788723949.5866203, 1788723950.2763367, 1788723951.0002322, 1788723951.7556753, 1788723952.5049858, 1788723953.0964146, 1788723953.74356, 1788723954.4239736, 1788723955.1378722, 1788723955.8900936, 1788723956.6670277, 1788723957.4815812, 1788723958.3518603, 1788723958.9400258, 1788723959.5944889, 1788723960.2820117, 1788723961.0000134, 1788723961.7448843, 1788723962.5171595, 1788723963.323031, 1788723964.1617026, 1788723965.024641, 1788723965.92542, 1788723966.8660297, 1788723967.8273947, 1788723968.5167687, 1788723969.141368, 1788723969.8350608, 1788723970.5487037, 1788723971.2945807, 1788723972.071253, 1788723972.910028, 1788723973.7253387, 1788723974.598882, 1788723975.4972184, 1788723976.212894, 1788723976.8145428, 1788723977.4710646, 1788723978.179076, 1788723978.922634, 1788723979.6919296, 1788723980.498945, 1788723981.3330133, 1788723982.1229749, 1788723982.7169936, 1788723983.365649, 1788723984.06512, 1788723984.8028271, 1788723985.495148, 1788723986.1239033, 1788723986.7979877]","[1, 1, 1, 4, 1, 2, 2, 3, 6, 1, 5, 6, 1, 2, 1, 2, 1, 3, 2, 3, 1, 4, 3, 2, 5, 3, 2, 3, 1, 1, 6, 2, 2, 2, 5, 2, 3, 2, 6, 4, 2, 4, 6, 3, 6, 2, 2, 1, 6, 4, 5, 5, 6, 5, 4, 1, 1, 4, 1, 3, 5, 2, 6, 3, 1, 4, 6, 6, 6, 1, 1, 1, 6, 4, 2, 2, 2, 4, 2, 1, 4, 6, 3, 2, 4, 4, 1, 1, 1, 6, 3, 1, 2, 3, 6, 6, 6, 2, 6, 6, 2, 6, 2]"
User-016,0,trace_0704,1788724001.8766813,streaming,22705,1173,1138,0,354,57.52642512321472,294.92983174324036,0.20879807090591523,0.0,0,True,,1788723706.94676,1788723764.473185,1788724001.8765917,"[1788723764.473185, 1788723765.0660784, 1788723765.719243, 1788723766.4062307, 1788723767.123051, 1788723767.8703814, 1788723768.6525583, 1788723769.4670172, 1788723770.1283183, 1788723770.7305229, 1788723771.3923712, 1788723772.08367, 1788723772.8206587, 1788723773.5848753, 1788723774.3854957, 1788723775.2099168, 1788723776.0274138, 1788723776.6085644, 1788723777.2493892, 1788723777.9258776, 1788723778.6302514, 1788723779.3791695, 1788723780.1586392, 1788723780.9685192, 1788723781.6784606, 1788723782.2674606, 1788723782.9190867, 1788723783.6083992, 1788723784.3359299, 1788723785.0944445, 1788723785.8830743, 1788723786.7329848, 1788723787.3031344, 1788723787.954787, 1788723788.6377966, 1788723789.347455, 1788723790.0896888, 1788723790.8616009, 1788723791.6649482, 1788723792.497726, 1788723793.2616649, 1788723793.852486, 1788723794.496711, 1788723795.180752, 1788723795.8875177, 1788723796.6433277, 1788723797.4299326, 1788723798.2453508, 1788723799.0940115, 1788723799.9737804, 1788723800.9128213, 1788723801.835834, 1788723802.5059493, 1788723803.1015573, 1788723803.764544, 1788723804.4592516, 1788723805.2019277, 1788723805.97548, 1788723806.7803905, 1788723807.617215, 1788723808.4888768, 1788723809.3883893, 1788723810.3210106, 1788723811.2871017, 1788723812.0820227, 1788723812.669914, 1788723813.3214273, 1788723814.0090802, 1788723814.7281525, 1788723815.4734306, 1788723816.253847, 1788723817.0727377, 1788723817.9261963, 1788723818.7823353, 1788723819.377758, 1788723820.0340517, 1788723820.7279105, 1788723821.4403644, 1788723822.1878111, 1788723822.9665122, 1788723823.7785594, 1788723824.6233728, 1788723825.4995034, 1788723826.405107, 1788723827.3472528, 1788723828.3254826, 1788723829.2658072, 1788723829.8701482, 1788723830.538301, 1788723831.2334363, 1788723831.9599235, 1788723832.7200594, 1788723833.5099604, 1788723834.3368957, 1788723835.1943693, 1788723836.0798256, 1788723836.9945657, 1788723837.7482967, 1788723838.338259, 1788723839.0146322, 1788723839.7229264, 1788723840.4647164, 1788723841.238052, 1788723842.0413842, 1788723842.8710692, 1788723843.7318087, 1788723844.625524, 1788723845.5497544, 1788723846.5485485, 1788723847.5590818, 1788723848.198265, 1788723848.7968564, 1788723849.462067, 1788723850.162091, 1788723850.8888483, 1788723851.653863, 1788723852.4496324, 1788723853.2851245, 1788723854.1559525, 1788723854.7378824, 1788723855.374839, 1788723856.0437696, 1788723856.7505815, 1788723857.4959323, 1788723858.2759566, 1788723859.0897005, 1788723859.862084, 1788723860.4475086, 1788723861.0920622, 1788723861.7723062, 1788723862.4856153, 1788723863.2315893, 1788723864.010808, 1788723864.7958894, 1788723865.3868296, 1788723866.0253737, 1788723866.7097995, 1788723867.4250097, 1788723868.1740043, 1788723868.9514806, 1788723869.7652552, 1788723870.6035523, 1788723871.4770722, 1788723872.15886, 1788723872.7565053, 1788723873.4151273, 1788723874.1072714, 1788723874.832147, 1788723875.5893192, 1788723876.3793972, 1788723877.206045, 1788723878.0690477, 1788723878.9641693, 1788723879.894184, 1788723880.7862878, 1788723881.366483, 1788723882.0092807, 1788723882.6853583, 1788723883.3956811, 1788723884.1341903, 1788723884.90438, 1788723885.532884, 1788723886.143271, 1788723886.8283598, 1788723887.5443044, 1788723888.289575, 1788723889.0668776, 1788723889.8893178, 1788723890.7391262, 1788723891.4592445, 1788723892.0559726, 1788723892.730336, 1788723893.3988757, 1788723894.1231203, 1788723894.876922, 1788723895.6648848, 1788723896.4827726, 1788723897.3460956, 1788723898.2404308, 1788723899.1640666, 1788723900.013945, 1788723900.5951488, 1788723901.2458942, 1788723901.9435687, 1788723902.672038, 1788723903.4352498, 1788723904.2275512, 1788723905.0507786, 1788723905.8316343, 1788723906.426338, 1788723907.070348, 1788723907.752866, 1788723908.4685524, 1788723909.2127678, 1788723909.9880884, 1788723910.805867, 1788723911.4743965, 1788723912.0769165, 1788723912.7365348, 1788723913.4306722, 1788723914.1564634, 1788723914.911844, 1788723915.7250178, 1788723916.312617, 1788723917.6504803, 1788723918.3696585, 1788723919.1204557, 1788723919.8979018, 1788723920.7120516, 1788723921.5581305, 1788723922.2118967, 1788723922.8183846, 1788723923.4809299, 1788723924.1789014, 1788723924.9068575, 1788723925.668055, 1788723926.4724772, 1788723927.3100224, 1788723928.2000384, 1788723929.1096876, 1788723930.0404892, 1788723931.0013976, 1788723931.8524363, 1788723932.4317603, 1788723933.0833836, 1788723933.7674627, 1788723934.4837523, 1788723935.2269678, 1788723936.0077949, 1788723936.8225248, 1788723937.6918766, 1788723938.2742739, 1788723938.9126039, 1788723939.582169, 1788723940.2878292, 1788723941.0230777, 1788723941.738424, 1788723942.3372111, 1788723942.992603, 1788723943.6709774, 1788723944.3862932, 1788723945.1357088, 1788723945.9180965, 1788723946.7362397, 1788723947.5821667, 1788723948.3210888, 1788723948.921522, 1788723949.5805945, 1788723950.2702737, 1788723950.9941232, 1788723951.749627, 1788723952.4977374, 1788723953.0898101, 1788723953.7371337, 1788723954.4173622, 1788723955.1313472, 1788723955.8802922, 1788723956.6602223, 1788723957.474951, 1788723958.3446207, 1788723958.9328625, 1788723959.5874977, 1788723960.2748775, 1788723960.9927688, 1788723961.7377326, 1788723962.5096674, 1788723963.3158345, 1788723964.1541219, 1788723965.0180402, 1788723965.9188879, 1788723966.859276, 1788723967.8213105, 1788723968.510799, 1788723969.1353066, 1788723969.8287017, 1788723970.5430684, 1788723971.289224, 1788723972.065706, 1788723972.9073477, 1788723973.7204785, 1788723974.5940285, 1788723975.4926686, 1788723976.2075212, 1788723976.8088162, 1788723977.4662693, 1788723978.1743283, 1788723978.9177318, 1788723979.6874125, 1788723980.4940486, 1788723981.3284314, 1788723982.1176045, 1788723982.7114618, 1788723983.3614833, 1788723984.0610623, 1788723984.7984118, 1788723985.4918993, 1788723986.7945771, 1788723987.492571, 1788723988.2217507, 1788723988.9853785, 1788723989.7802782, 1788723990.6054516, 1788723991.4641557, 1788723992.3524892, 1788723993.2740157, 1788723994.227661, 1788723995.222858, 1788723995.7868946, 1788723996.424301, 1788723997.0936494, 1788723997.7952847, 1788723998.5255418, 1788723999.1186364, 1788723999.7597299, 1788724000.43334, 1788724001.1352828, 1788724001.8709867]","[1, 1, 1, 2, 3, 1, 6, 3, 3, 2, 3, 2, 1, 1, 4, 1, 3, 3, 4, 1, 1, 1, 1, 1, 2, 2, 6, 4, 6, 2, 6, 6, 6, 6, 6, 1, 3, 1, 1, 3, 2, 2, 1, 1, 3, 1, 2, 4, 2, 2, 2, 1, 4, 2, 2, 2, 1, 3, 6, 2, 1, 6, 6, 2, 1, 6, 2, 2, 6, 4, 6, 3, 6, 2, 6, 1, 1, 4, 5, 2, 5, 5, 4, 1, 1, 2, 5, 2, 5, 1, 5, 1, 2, 2, 1, 4, 5, 2, 1, 1, 3, 1, 2, 2, 6, 1, 3, 5, 4, 6, 3, 1, 2, 2, 3, 6, 2, 4, 3, 3, 2, 2, 1, 1, 2, 2, 1, 6, 5, 5, 1, 2, 3, 1, 1, 1, 3, 6, 3, 4, 2, 4, 2, 3, 3, 6, 5, 2, 3, 1, 6, 1, 2, 1, 2, 2, 6, 2, 1, 5, 2, 2, 1, 2, 1, 2, 1, 1, 6, 6, 2, 2, 2, 2, 2, 4, 6, 2, 6, 2, 3, 1, 2, 6, 4, 6, 5, 1, 5, 2, 2, 1, 3, 2, 6, 4, 3, 4, 1, 6, 3, 2, 5, 1, 1, 3, 2, 6, 6, 6, 6, 2, 3, 6, 6, 6, 6, 4, 6, 6, 6, 6, 6, 6, 6, 6, 6, 6, 3, 6, 6, 3, 6, 6, 6, 6, 6, 6, 6, 6, 5, 6, 6, 6, 6, 6, 6, 6, 6, 6, 6, 6, 6, 6, 6, 6, 6, 6, 6, 6, 6, 6, 5, 6, 6, 6, 6, 4, 6, 6, 6, 6, 6, 6, 6, 6, 6, 6, 6, 6, 6, 6, 6, 6, 6, 6, 6, 6, 6, 6, 5, 1, 1, 2, 2, 1, 2, 1, 2, 3, 3, 1, 2, 1, 2, 3, 1, 5, 3, 1, 5, 1, 5, 4, 5, 1, 2]"
User-035,1,trace_0062,1788724003.431662,streaming,16361,382,382,233,22,157.33163976669312,245.0351071357727,0.23019282774036637,9.0,0,True,,1788723758.3964815,1788723915.7281213,1788724003.4315886,"[1788723915.7281213, 1788723916.315481, 1788723916.9695902, 1788723917.653382, 1788723918.372658, 1788723919.12647, 1788723919.901033, 1788723920.7150054, 1788723921.5610638, 1788723922.214805, 1788723922.8212166, 1788723923.4838305, 1788723924.1818264, 1788723924.9097726, 1788723925.6712897, 1788723926.4749157, 1788723927.3123758, 1788723928.202472, 1788723929.1121502, 1788723930.0429251, 1788723931.003773, 1788723931.8550668, 1788723932.4341347, 1788723933.0857384, 1788723933.7698026, 1788723934.4861524, 1788723935.2294002, 1788723936.0102699, 1788723936.8250563, 1788723937.6943035, 1788723938.2766745, 1788723938.9149928, 1788723939.5845952, 1788723940.29015, 1788723941.0254474, 1788723941.7407322, 1788723942.3395014, 1788723942.9948483, 1788723943.6732204, 1788723944.3885741, 1788723945.1379688, 1788723945.9204514, 1788723946.7386384, 1788723947.5845566, 1788723948.323564, 1788723948.9238117, 1788723949.582884, 1788723950.272574, 1788723950.99645, 1788723951.7519054, 1788723952.5011694, 1788723953.09263, 1788723953.7398636, 1788723954.4202085, 1788723955.1341338, 1788723955.8832688, 1788723956.663159, 1788723957.4777522, 1788723958.347467, 1788723958.9356964, 1788723959.5902255, 1788723960.2776988, 1788723960.9956577, 1788723961.7405546, 1788723962.5129247, 1788723963.3188126, 1788723964.1571157, 1788723965.0208874, 1788723965.9216957, 1788723966.8622367, 1788723967.8236406, 1788723968.5131066, 1788723969.137624, 1788723969.8309817, 1788723970.5455096, 1788723971.291421, 1788723972.0680623, 1788723972.9083943, 1788723973.7227633, 1788723974.5963957, 1788723975.4950142, 1788723976.2099345, 1788723976.811636, 1788723977.4682527, 1788723978.1762822, 1788723978.9197915, 1788723979.689216, 1788723980.4960716, 1788723981.3302794, 1788723982.1195774, 1788723982.713553, 1788723983.3667164, 1788723984.066195, 1788723984.8042178, 1788723985.4956672, 1788723986.1244183, 1788723986.7988021, 1788723987.4959319, 1788723988.2251983, 1788723988.9886873, 1788723989.7837143, 1788723990.6087527, 1788723991.4676309, 1788723992.35583, 1788723993.2774048, 1788723994.2310095, 1788723995.2270293, 1788723995.7907999, 1788723996.4281802, 1788723997.097606, 1788723997.7992058, 1788723998.5301497, 1788723999.1231563, 1788723999.7643373, 1788724000.4378176, 1788724001.1398327, 1788724001.8757234, 1788724002.6389155, 1788724003.4303675]","[1, 3, 6, 1, 2, 5, 2, 1, 1, 2, 3, 4, 1, 1, 3, 4, 1, 6, 2, 1, 2, 1, 5, 3, 4, 1, 3, 1, 1, 3, 3, 6, 1, 2, 6, 6, 2, 5, 5, 2, 6, 2, 4, 6, 5, 6, 2, 5, 4, 6, 6, 3, 1, 6, 3, 1, 1, 6, 2, 2, 5, 3, 2, 6, 2, 1, 6, 6, 2, 4, 2, 2, 3, 1, 2, 4, 1, 4, 3, 1, 6, 6, 6, 2, 1, 3, 1, 6, 6, 4, 5, 3, 2, 6, 4, 6, 1, 1, 2, 5, 6, 6, 4, 1, 2, 3, 6, 2, 5, 3, 1, 1, 1, 3, 2, 6, 1, 1, 3]"
User-025,6,trace_0588,1788724011.1473923,streaming,30233,72,72,466,2,150.89040899276733,166.811181306839,0.2242362297756571,7.0,0,True,,1788723844.3361049,1788723995.2265139,1788724011.1472862,"[1788723995.2265139, 1788723995.79027, 1788723996.42765, 1788723997.0969756, 1788723997.7986214, 1788723998.5296545, 1788723999.122626, 1788723999.7638183, 1788724000.4372945, 1788724001.1393213, 1788724001.875197, 1788724002.6383307, 1788724003.4298446, 1788724004.0318735, 1788724004.6975627, 1788724005.3909512, 1788724006.1192913, 1788724006.873879, 1788724007.6610024, 1788724008.504523, 1788724009.3383524, 1788724010.2215827, 1788724011.1454778]","[1, 5, 5, 4, 4, 2, 3, 2, 2, 1, 4, 2, 3, 3, 5, 3, 5, 1, 2, 4, 4, 4, 3]"
User-033,1,trace_0538,1788724017.5479808,streaming,12040,99,99,145,14,143.2897973060608,162.30959177017212,0.1940795353480748,2576.0,0,True,,1788723855.2383165,1788723998.5281138,1788724017.5479083,"[1788723998.5281138, 1788723999.1209376, 1788723999.7619865, 1788724000.435594, 1788724001.1376085, 1788724001.8735416, 1788724002.6367733, 1788724003.4274821, 1788724004.029719, 1788724004.695379, 1788724005.3888419, 1788724006.11715, 1788724006.8717425, 1788724007.6588767, 1788724008.50354, 1788724009.3361845, 1788724010.2194428, 1788724011.1432931, 1788724012.098717, 1788724012.8994758, 1788724013.5081046, 1788724014.185382, 1788724014.8903077, 1788724015.6247349, 1788724016.2708113, 1788724016.8809457, 1788724017.543968]","[1, 4, 3, 5, 6, 6, 2, 6, 4, 6, 2, 3, 1, 6, 4, 5, 1, 2, 5, 1, 4, 4, 2, 6, 6, 1, 3]"
User-046,0,trace_0334,1788724020.5168517,streaming,11962,156,155,0,186,141.604638338089,176.62484288215637,0.22740392561082717,0.0,0,True,,1788723843.8919203,1788723985.4965587,1788724020.5167632,"[1788723985.4965587, 1788723986.1249795, 1788723986.7993238, 1788723987.49649, 1788723988.2257493, 1788723988.989223, 1788723989.7842746, 1788723990.609312, 1788723991.468166, 1788723992.3563433, 1788723993.2779257, 1788723994.2315252, 1788723995.2275558, 1788723995.7913234, 1788723996.4287326, 1788723997.098134, 1788723997.799733, 1788723998.5306478, 1788723999.123677, 1788723999.7648602, 1788724000.438331, 1788724001.140408, 1788724001.876225, 1788724002.639432, 1788724003.4311695, 1788724004.0328746, 1788724004.6986816, 1788724005.3920367, 1788724006.1204844, 1788724006.8749235, 1788724007.662101, 1788724008.5050213, 1788724009.3394182, 1788724010.222626, 1788724011.146796, 1788724012.10405, 1788724012.902032, 1788724013.5108452, 1788724014.1880732, 1788724014.8930676, 1788724015.6274974, 1788724016.2741396, 1788724016.8841684, 1788724017.547543, 1788724018.2421312, 1788724018.964903, 1788724019.7235231, 1788724020.5160975]","[1, 3, 3, 1, 3, 1, 2, 1, 4, 1, 1, 5, 2, 6, 3, 6, 3, 3, 3, 1, 5, 5, 5, 1, 1, 5, 3, 5, 1, 1, 6, 3, 4, 4, 6, 2, 6, 1, 4, 6, 2, 4, 3, 5, 2, 6, 2, 4]"
User-008,1,trace_0707,1788724024.7545168,streaming,19857,309,309,302,7,121.35977959632874,187.76485753059387,0.21560090238397772,16.0,0,True,,1788723836.9895673,1788723958.3493469,1788724024.7544248,"[1788723958.3493469, 1788723958.9374084, 1788723959.5919108, 1788723960.2794068, 1788723960.997397, 1788723961.7422452, 1788723962.5145826, 1788723963.3203611, 1788723964.1587415, 1788723965.0225356, 1788723965.9233346, 1788723966.8640234, 1788723967.8253121, 1788723968.5146537, 1788723969.1393242, 1788723969.832641, 1788723970.5470793, 1788723971.293079, 1788723972.0697072, 1788723972.9091418, 1788723973.7243247, 1788723974.5983381, 1788723975.4966526, 1788723976.211552, 1788723976.8134725, 1788723977.4699667, 1788723978.177972, 1788723978.921543, 1788723979.690828, 1788723980.497881, 1788723981.3319182, 1788723982.1219134, 1788723982.715945, 1788723983.3645313, 1788723984.0639665, 1788723984.801724, 1788723985.4940917, 1788723986.1226664, 1788723986.796806, 1788723987.4948597, 1788723988.2240496, 1788723988.9876137, 1788723989.782554, 1788723990.607635, 1788723991.4664063, 1788723992.3546612, 1788723993.2762816, 1788723994.2298856, 1788723995.2251256, 1788723995.7891202, 1788723996.426485, 1788723997.0959048, 1788723997.797527, 1788723998.528602, 1788723999.1214674, 1788723999.7625234, 1788724000.4361556, 1788724001.138162, 1788724001.874115, 1788724002.6373081, 1788724003.4280157, 1788724004.0302618, 1788724004.6959493, 1788724005.3893604, 1788724006.1176982, 1788724006.8722575, 1788724007.6594489, 1788724008.5038004, 1788724009.3367167, 1788724010.2199519, 1788724011.143814, 1788724012.1018078, 1788724012.8999846, 1788724013.508624, 1788724014.1859267, 1788724014.8908668, 1788724015.6253002, 1788724016.2713425, 1788724016.8814576, 1788724017.544775, 1788724018.239424, 1788724018.9626846, 1788724019.7207315, 1788724020.5133815, 1788724021.2952445, 1788724021.9069338, 1788724022.5688288, 1788724023.2632003, 1788724023.990727, 1788724024.7514946]","[1, 3, 6, 4, 1, 2, 1, 1, 1, 2, 5, 2, 4, 3, 1, 5, 1, 1, 3, 2, 1, 4, 3, 6, 4, 5, 4, 6, 2, 2, 2, 4, 6, 2, 1, 6, 3, 2, 6, 1, 6, 1, 3, 4, 3, 6, 6, 2, 6, 3, 6, 2, 3, 6, 6, 4, 6, 5, 6, 3, 5, 1, 4, 3, 2, 3, 2, 1, 6, 5, 6, 1, 4, 6, 6, 6, 1, 2, 5, 2, 6, 1, 1, 4, 3, 6, 4, 3, 2, 2]"
User-043,0,trace_0052,1788724025.5364838,streaming,15183,328,328,0,236,117.92608976364136,190.96363711357117,0.22335641391415845,0.0,0,True,,1788723834.5727713,1788723952.498861,1788724025.5364084,"[1788723952.498861, 1788723953.090463, 1788723953.7377853, 1788723954.4180462, 1788723955.1320245, 1788723955.8810713, 1788723956.6609244, 1788723957.4756372, 1788723958.3453603, 1788723958.933528, 1788723959.5881433, 1788723960.2755537, 1788723960.9934492, 1788723961.7383964, 1788723962.5103405, 1788723963.3164427, 1788723964.154711, 1788723965.0187132, 1788723965.9195511, 1788723966.8599606, 1788723967.822013, 1788723968.5114827, 1788723969.135991, 1788723969.8293784, 1788723970.5436726, 1788723971.28988, 1788723972.066394, 1788723972.9076421, 1788723973.7211401, 1788723974.5947957, 1788723975.4933069, 1788723976.208199, 1788723976.8095295, 1788723977.4671504, 1788723978.1751628, 1788723978.9185545, 1788723979.6880577, 1788723980.494942, 1788723981.329091, 1788723982.1182742, 1788723982.7120676, 1788723983.3621657, 1788723984.0616944, 1788723984.7990625, 1788723985.4925122, 1788723986.1209857, 1788723986.7952225, 1788723987.4932022, 1788723988.2223794, 1788723988.985995, 1788723989.7808926, 1788723990.606063, 1788723991.4647887, 1788723992.3531044, 1788723993.274638, 1788723994.228281, 1788723995.223517, 1788723995.7875261, 1788723996.4249215, 1788723997.0942717, 1788723997.7959173, 1788723998.5260572, 1788723999.1193109, 1788723999.7603624, 1788724000.4339714, 1788724001.1359518, 1788724001.8718076, 1788724002.63508, 1788724003.425707, 1788724004.0279665, 1788724004.6935744, 1788724005.3870063, 1788724006.113454, 1788724006.869827, 1788724007.657061, 1788724008.5026662, 1788724009.3343062, 1788724010.2176244, 1788724011.1414406, 1788724012.096766, 1788724012.896693, 1788724013.5056913, 1788724014.1830323, 1788724014.8879342, 1788724015.6222084, 1788724016.268424, 1788724016.8785841, 1788724017.541539, 1788724018.2370603, 1788724018.9602845, 1788724019.7183208, 1788724020.5109954, 1788724021.2919092, 1788724021.9039013, 1788724022.5658996, 1788724023.2602675, 1788724023.9878812, 1788724024.748575, 1788724025.5327783]","[1, 5, 1, 3, 5, 4, 4, 2, 2, 1, 3, 4, 3, 4, 3, 6, 1, 4, 3, 1, 1, 6, 4, 3, 6, 2, 4, 1, 3, 6, 2, 5, 4, 1, 6, 1, 3, 3, 6, 3, 6, 4, 3, 6, 5, 4, 4, 3, 5, 1, 5, 1, 2, 2, 6, 2, 2, 2, 3, 3, 2, 2, 3, 6, 2, 3, 3, 6, 6, 2, 1, 5, 2, 4, 2, 2, 2, 4, 6, 4, 3, 3, 2, 6, 6, 1, 5, 1, 1, 4, 3, 1, 6, 3, 3, 5, 2, 6, 1]"
User-047,0,trace_0228,1788724032.2449083,streaming,16845,122,122,0,262,145.81863641738892,174.63412523269653,0.2381445356636993,0.0,0,True,,1788723857.6107094,1788724003.4293458,1788724032.2448347,"[1788724003.4293458, 1788724004.0313022, 1788724004.696994, 1788724005.3904066, 1788724006.118758, 1788724006.8733683, 1788724007.6604905, 1788724008.504279, 1788724009.3377867, 1788724010.221015, 1788724011.1448574, 1788724012.1029139, 1788724012.900993, 1788724013.5097508, 1788724014.1869836, 1788724014.8919532, 1788724015.626406, 1788724016.272325, 1788724016.8825421, 1788724017.5458121, 1788724018.2404962, 1788724018.9636848, 1788724019.7217617, 1788724020.5144496, 1788724021.2962873, 1788724021.908077, 1788724022.569888, 1788724023.264263, 1788724023.9918022, 1788724024.753029, 1788724025.536897, 1788724026.3524551, 1788724027.204574, 1788724028.0930176, 1788724028.8612509, 1788724029.4470649, 1788724030.0953906, 1788724030.7809577, 1788724031.4949567, 1788724032.2441375]","[1, 5, 6, 5, 2, 2, 1, 3, 1, 1, 4, 5, 4, 3, 1, 4, 4, 1, 5, 1, 6, 6, 1, 2, 5, 2, 4, 3, 3, 5, 4, 1, 1, 3, 1, 6, 3, 2, 2, 3]"
User-022,20,trace_0418,1788724034.4445813,streaming,28296,166,166,427,2,153.05501866340637,174.6017668247223,0.13058635249282374,8.0,0,True,,1788723859.8427136,1788724012.8977323,1788724034.4444804,"[1788724012.8977323, 1788724013.5063179, 1788724014.1836534, 1788724014.8885808, 1788724015.6229482, 1788724016.2690547, 1788724016.8792622, 1788724017.5421634, 1788724018.2376635, 1788724018.960948, 1788724019.718989, 1788724020.5116224, 1788724021.2926233, 1788724021.904605, 1788724022.5665426, 1788724023.2609015, 1788724023.9885013, 1788724024.749206, 1788724025.533805, 1788724026.3491297, 1788724027.2011921, 1788724028.0897086, 1788724028.8581257, 1788724029.4436967, 1788724030.0921435, 1788724030.7777367, 1788724031.4917572, 1788724032.2408793, 1788724033.0165787, 1788724033.8307111, 1788724034.439862]","[1, 1, 6, 6, 6, 6, 6, 6, 2, 6, 6, 6, 6, 5, 6, 6, 4, 6, 6, 6, 6, 6, 6, 6, 6, 6, 5, 6, 6, 6, 4]"
User-045,0,trace_0729,1788724036.5161068,streaming,20161,219,219,0,314,138.40962600708008,192.80472350120544,0.24951879584461178,0.0,0,True,,1788723843.711291,1788723982.120917,1788724036.5160146,"[1788723982.120917, 1788723982.7146635, 1788723983.3634136, 1788723984.06283, 1788723984.8002205, 1788723985.4935753, 1788723986.1221557, 1788723986.7962933, 1788723987.49432, 1788723988.2235367, 1788723988.9871054, 1788723989.7820215, 1788723990.607129, 1788723991.4658768, 1788723992.3541577, 1788723993.2757614, 1788723994.2293568, 1788723995.22461, 1788723995.7886047, 1788723996.4259691, 1788723997.0953803, 1788723997.7970011, 1788723998.5272472, 1788723999.1204114, 1788723999.7614594, 1788724000.4350648, 1788724001.1370795, 1788724001.872872, 1788724002.636249, 1788724003.4269571, 1788724004.029197, 1788724004.6948462, 1788724005.3883145, 1788724006.116484, 1788724006.8711867, 1788724007.6583207, 1788724008.503295, 1788724009.335646, 1788724010.2189193, 1788724011.1427581, 1788724012.0981712, 1788724012.8989732, 1788724013.5075753, 1788724014.184879, 1788724014.889803, 1788724015.6242085, 1788724016.27027, 1788724016.8804255, 1788724017.543421, 1788724018.2388713, 1788724018.962136, 1788724019.7202065, 1788724020.5128503, 1788724021.2946763, 1788724021.906365, 1788724022.568324, 1788724023.2626257, 1788724023.9902136, 1788724024.7509618, 1788724025.5349622, 1788724026.3503363, 1788724027.2023652, 1788724028.0909197, 1788724028.8592246, 1788724029.4448242, 1788724030.0932317, 1788724030.7788506, 1788724031.4928486, 1788724032.2419777, 1788724033.0178125, 1788724033.831953, 1788724034.4412615, 1788724035.0985003, 1788724035.7885342, 1788724036.5131752]","[1, 1, 1, 4, 1, 6, 3, 2, 1, 2, 3, 6, 2, 1, 1, 1, 6, 1, 2, 1, 5, 3, 6, 1, 2, 3, 2, 3, 3, 3, 1, 6, 3, 1, 3, 6, 2, 3, 1, 1, 6, 1, 6, 1, 2, 6, 6, 2, 1, 6, 6, 2, 6, 4, 1, 2, 3, 1, 1, 1, 1, 3, 2, 3, 6, 3, 2, 1, 3, 6, 6, 3, 4, 6, 2]"
User-049,0,trace_0273,1788724041.8167417,streaming,18402,104,101,0,287,128.5660138130188,149.0890245437622,0.20523010730743407,0.0,0,True,,1788723892.7276313,1788724021.2936451,1788724041.8166559,"[1788724021.2936451, 1788724021.9052856, 1788724022.5672638, 1788724023.2615778, 1788724023.9891615, 1788724024.7498727, 1788724025.5344007, 1788724026.3497875, 1788724027.2018046, 1788724028.090352, 1788724028.8586762, 1788724029.444284, 1788724030.0927222, 1788724030.7782896, 1788724031.492313, 1788724032.2414422, 1788724033.0172358, 1788724033.8313203, 1788724034.44071, 1788724035.0979633, 1788724035.788011, 1788724036.5126011, 1788724037.2648146, 1788724038.0474832, 1788724038.8624647, 1788724039.7101114, 1788724040.5989523, 1788724041.1768844, 1788724041.8132393]","[1, 1, 3, 2, 4, 6, 3, 6, 5, 3, 6, 4, 1, 4, 3, 2, 3, 6, 3, 2, 3, 2, 3, 3, 3, 6, 6, 4, 3]"
User-048,0,trace_0546,1788724042.4846563,streaming,11642,96,96,0,177,143.6695282459259,169.8809792995453,0.2759100110907304,0.0,0,True,,1788723872.6036184,1788724016.2731466,1788724042.4845977,"[1788724016.2731466, 1788724016.8831484, 1788724017.5464473, 1788724018.241028, 1788724018.9641354, 1788724019.7222784, 1788724020.5149908, 1788724021.2968147, 1788724021.9085999, 1788724022.570473, 1788724023.264839, 1788724023.9923809, 1788724024.7535768, 1788724025.5374403, 1788724026.3519342, 1788724027.204058, 1788724028.092494, 1788724028.8607533, 1788724029.4465115, 1788724030.0947843, 1788724030.7803917, 1788724031.494402, 1788724032.243574, 1788724033.0194168, 1788724033.8343272, 1788724034.443611, 1788724035.1001189, 1788724035.7901394, 1788724036.515049, 1788724037.2663918, 1788724038.0491362, 1788724038.864123, 1788724039.711765, 1788724040.6013896, 1788724041.1790597, 1788724041.8157117, 1788724042.4834306]","[1, 1, 1, 4, 1, 6, 3, 2, 1, 2, 3, 6, 2, 1, 1, 1, 6, 1, 2, 1, 2, 1, 1, 1, 2, 2, 2, 5, 6, 6, 2, 4, 2, 3, 3, 6, 2]"
User-044,0,trace_0272,1788724047.2983823,streaming,24544,315,312,0,383,134.49390649795532,205.57971334457397,0.22857172619491528,0.0,0,True,,1788723841.7184744,1788723976.212381,1788724047.2981877,"[1788723976.212381, 1788723976.814032, 1788723977.4705248, 1788723978.1785226, 1788723978.9221017, 1788723979.69135, 1788723980.498408, 1788723981.3325033, 1788723982.122448, 1788723982.716481, 1788723983.3651452, 1788723984.064534, 1788723984.802303, 1788723985.4946122, 1788723986.1232224, 1788723986.7973948, 1788723987.495372, 1788723988.2246187, 1788723988.988116, 1788723989.7831285, 1788723990.6081796, 1788723991.4671118, 1788723992.3552504, 1788723993.276829, 1788723994.230474, 1788723995.2257109, 1788723995.789664, 1788723996.4270651, 1788723997.0964189, 1788723997.798066, 1788723998.5291173, 1788723999.1220026, 1788723999.763256, 1788724000.436718, 1788724001.1387398, 1788724001.8746562, 1788724002.637817, 1788724003.4285486, 1788724004.0307891, 1788724004.6964898, 1788724005.3898985, 1788724006.1182332, 1788724006.872867, 1788724007.6599789, 1788724008.5040455, 1788724009.3372676, 1788724010.2204845, 1788724011.144346, 1788724012.1023452, 1788724012.9004867, 1788724013.5091548, 1788724014.1864579, 1788724014.8914328, 1788724015.6258936, 1788724016.2718272, 1788724016.8820148, 1788724017.545298, 1788724018.2399712, 1788724018.9632432, 1788724019.7212498, 1788724020.5139213, 1788724021.2957544, 1788724021.907566, 1788724022.5693524, 1788724023.2637227, 1788724023.9912705, 1788724024.7522953, 1788724025.5360184, 1788724026.3513918, 1788724027.2035282, 1788724028.0919528, 1788724028.8602686, 1788724029.4459102, 1788724030.0942533, 1788724030.7798553, 1788724031.493896, 1788724032.2430422, 1788724033.0188994, 1788724033.8338242, 1788724034.4430928, 1788724035.099603, 1788724035.789586, 1788724036.5145044, 1788724037.2658632, 1788724038.0485928, 1788724038.8635693, 1788724039.711229, 1788724040.600067, 1788724041.177952, 1788724041.8146136, 1788724042.4823372, 1788724043.201314, 1788724043.948429, 1788724044.659048, 1788724045.252527, 1788724045.9016428, 1788724046.5837684, 1788724047.296434]","[1, 1, 1, 2, 2, 3, 3, 1, 2, 3, 1, 4, 1, 3, 5, 4, 6, 1, 2, 1, 2, 1, 3, 3, 3, 3, 4, 4, 6, 6, 6, 6, 6, 1, 6, 1, 1, 1, 1, 2, 1, 1, 1, 2, 1, 2, 2, 1, 1, 6, 4, 2, 1, 1, 1, 6, 3, 3, 2, 2, 4, 6, 2, 6, 6, 6, 6, 5, 6, 2, 6, 3, 5, 2, 3, 1, 3, 1, 2, 2, 2, 5, 2, 4, 6, 6, 5, 3, 6, 6, 6, 4, 6, 2, 6, 3, 4, 3]"
User-013,3,trace_0253,1788724059.466429,streaming,23774,163,163,332,13,134.81595492362976,165.42478728294373,0.18894340962539485,30.0,0,True,,1788723894.0415344,1788724028.8574893,1788724059.4663217,"[1788724028.8574893, 1788724029.4429946, 1788724030.0914855, 1788724030.77711, 1788724031.4911194, 1788724032.2402494, 1788724033.0159504, 1788724033.8300464, 1788724034.4390538, 1788724035.096663, 1788724035.7866547, 1788724036.5113134, 1788724037.263562, 1788724038.0460773, 1788724038.861193, 1788724039.7088544, 1788724040.5976765, 1788724041.1757061, 1788724041.8118684, 1788724042.4805493, 1788724043.1995144, 1788724043.9465504, 1788724044.6564858, 1788724045.250177, 1788724045.8992062, 1788724046.5812128, 1788724047.2940004, 1788724048.0383456, 1788724048.8363075, 1788724049.424032, 1788724050.0689893, 1788724050.744531, 1788724051.4468782, 1788724052.1838799, 1788724052.9505532, 1788724053.7524679, 1788724054.397307, 1788724054.9910898, 1788724055.652805, 1788724056.3451948, 1788724057.0741365, 1788724057.8352225, 1788724058.628145, 1788724059.462262]","[1, 4, 2, 2, 2, 1, 3, 1, 2, 1, 3, 2, 1, 3, 2, 6, 6, 4, 6, 3, 2, 6, 6, 2, 3, 6, 5, 6, 4, 2, 5, 5, 6, 1, 6, 4, 3, 6, 5, 2, 6, 6, 5, 6]"
User-034,1,trace_0164,1788724069.7469845,streaming,18034,199,199,275,6,98.07130217552185,133.98483896255493,0.1813814989244095,19.0,0,True,,1788723935.7620163,1788724033.8333185,1788724069.7468553,"[1788724033.8333185, 1788724034.4425035, 1788724035.0972838, 1788724035.7873309, 1788724036.511962, 1788724037.264189, 1788724038.0468266, 1788724038.8618202, 1788724039.7094784, 1788724040.5983725, 1788724041.1763256, 1788724041.8125157, 1788724042.4811833, 1788724043.200122, 1788724043.9472396, 1788724044.6571279, 1788724045.2508237, 1788724045.8999932, 1788724046.5819845, 1788724047.2946322, 1788724048.0377188, 1788724048.8356779, 1788724049.4233763, 1788724050.0683556, 1788724050.7438989, 1788724051.4462066, 1788724052.1832633, 1788724052.9499068, 1788724053.7518275, 1788724054.396942, 1788724054.990405, 1788724055.652182, 1788724056.3445735, 1788724057.0735126, 1788724057.8345418, 1788724058.6275413, 1788724059.4615393, 1788724060.3337166, 1788724061.1472156, 1788724061.7569013, 1788724062.4232814, 1788724063.1196275, 1788724063.8469276, 1788724064.6046705, 1788724065.3954496, 1788724066.219531, 1788724067.0741801, 1788724067.800842, 1788724068.3966606, 1788724069.0508702, 1788724069.7422187]","[1, 4, 6, 3, 2, 1, 4, 4, 2, 2, 2, 4, 1, 5, 6, 1, 3, 1, 3, 4, 2, 6, 6, 5, 2, 6, 2, 6, 6, 4, 1, 2, 4, 6, 1, 1, 6, 5, 6, 6, 6, 6, 6, 6, 4, 4, 6, 6, 6, 5, 2]"
User-050,0,trace_0243,1788724080.7699788,streaming,22167,147,147,0,346,103.96042370796204,144.12929010391235,0.27512922189007066,0.0,0,True,,1788723936.64046,1788724040.6008837,1788724080.76975,"[1788724040.6008837, 1788724041.1784728, 1788724041.815193, 1788724042.4828966, 1788724043.2018461, 1788724043.9489942, 1788724044.6595461, 1788724045.2530448, 1788724045.902238, 1788724046.5843222, 1788724047.297216, 1788724048.0401056, 1788724048.8379397, 1788724049.4257193, 1788724050.070685, 1788724050.7462792, 1788724051.4489017, 1788724052.1855576, 1788724052.952288, 1788724053.754212, 1788724054.3981228, 1788724054.9928343, 1788724055.6545243, 1788724056.3469172, 1788724057.0758631, 1788724057.8369439, 1788724058.6298263, 1788724059.4642231, 1788724060.335532, 1788724061.1490068, 1788724061.7587767, 1788724062.425197, 1788724063.121427, 1788724063.8487442, 1788724064.6064847, 1788724065.3973188, 1788724066.2213438, 1788724067.076103, 1788724067.8027139, 1788724068.3984725, 1788724069.0526915, 1788724069.7444243, 1788724070.4569595, 1788724071.218723, 1788724072.0130875, 1788724072.838428, 1788724073.7206883, 1788724074.3004985, 1788724074.9345737, 1788724075.602505, 1788724076.3010223, 1788724077.0338476, 1788724077.8025494, 1788724078.615406, 1788724079.4571116, 1788724080.1689706, 1788724080.7658672]","[1, 2, 4, 1, 6, 1, 2, 2, 3, 1, 3, 6, 3, 1, 6, 6, 6, 3, 6, 2, 1, 1, 2, 3, 1, 2, 2, 2, 3, 1, 5, 3, 2, 1, 4, 2, 2, 2, 4, 1, 1, 2, 6, 4, 1, 1, 1, 2, 1, 6, 2, 1, 3, 1, 3, 1, 2]"
User-018,0,trace_0378,1788724081.4237907,streaming,28209,973,970,0,440,173.76784253120422,374.4004054069519,0.20705114847858377,0.0,0,True,,1788723707.0232964,1788723880.791139,1788724081.4237018,"[1788723880.791139, 1788723881.3710043, 1788723882.0137794, 1788723882.689902, 1788723883.4019926, 1788723884.138828, 1788723884.9088845, 1788723885.5375738, 1788723886.147239, 1788723886.8323884, 1788723887.5482817, 1788723888.2935016, 1788723889.0708005, 1788723889.8932319, 1788723890.743295, 1788723891.463924, 1788723892.0604706, 1788723892.7324736, 1788723893.4033551, 1788723894.1278734, 1788723894.8815227, 1788723895.6698475, 1788723896.4867387, 1788723897.3500183, 1788723898.2443779, 1788723899.1681008, 1788723900.0187645, 1788723900.59962, 1788723901.25085, 1788723901.947597, 1788723902.6759431, 1788723903.4391534, 1788723904.2314353, 1788723905.054753, 1788723905.8363492, 1788723906.4308841, 1788723907.0749679, 1788723907.7574492, 1788723908.473045, 1788723909.2172692, 1788723909.9925683, 1788723910.8103833, 1788723911.4799137, 1788723912.082037, 1788723912.741505, 1788723913.435678, 1788723914.161431, 1788723914.9168649, 1788723915.7306056, 1788723916.3185813, 1788723916.9720528, 1788723917.6555102, 1788723918.3747044, 1788723919.1289113, 1788723919.9031005, 1788723920.717096, 1788723921.5632079, 1788723922.2175932, 1788723922.8239138, 1788723923.486533, 1788723924.184556, 1788723924.9125338, 1788723925.674103, 1788723926.4776382, 1788723927.3201733, 1788723928.2052457, 1788723929.1147795, 1788723930.0456097, 1788723931.0064495, 1788723931.858513, 1788723932.4374313, 1788723933.0889964, 1788723933.7731013, 1788723934.4894302, 1788723935.2325795, 1788723936.0136216, 1788723936.8283384, 1788723937.6976144, 1788723938.280317, 1788723938.9186394, 1788723939.5882924, 1788723940.2939699, 1788723941.0291476, 1788723941.7442205, 1788723942.343217, 1788723942.9978316, 1788723943.676928, 1788723944.3922226, 1788723945.1416888, 1788723945.9276872, 1788723946.7424014, 1788723947.5882983, 1788723948.3282185, 1788723948.928058, 1788723949.5871854, 1788723950.276854, 1788723951.0007534, 1788723951.756161, 1788723952.5054739, 1788723953.0969307, 1788723953.7440712, 1788723954.4244869, 1788723955.1383832, 1788723955.8906999, 1788723956.667541, 1788723957.48209, 1788723958.3523576, 1788723958.9405322, 1788723959.595027, 1788723960.28253, 1788723961.0005352, 1788723961.7454004, 1788723962.5176756, 1788723963.3235433, 1788723964.1622577, 1788723965.0251622, 1788723965.9259186, 1788723966.866533, 1788723967.8279028, 1788723968.5181231, 1788723969.1424007, 1788723969.8360689, 1788723970.5498018, 1788723971.2956607, 1788723972.0722728, 1788723972.9105313, 1788723973.726157, 1788723974.5999267, 1788723975.4982963, 1788723976.213927, 1788723976.8156464, 1788723977.472131, 1788723978.1801636, 1788723978.9237046, 1788723979.6931515, 1788723980.5000465, 1788723981.3342102, 1788723982.1240044, 1788723982.7180488, 1788723983.3581755, 1788723984.0603275, 1788723984.7977145, 1788723985.491218, 1788723986.1198304, 1788723986.7939303, 1788723987.4919178, 1788723988.2210975, 1788723988.9847498, 1788723989.7796628, 1788723990.6048384, 1788723991.463424, 1788723992.3518558, 1788723993.2734015, 1788723994.2270026, 1788723995.2220933, 1788723995.7862217, 1788723996.4236875, 1788723997.093044, 1788723997.7946506, 1788723998.5249197, 1788723999.1179938, 1788723999.759104, 1788724000.4327025, 1788724001.1345072, 1788724001.8702571, 1788724002.6344345, 1788724003.4249434, 1788724004.0323677, 1788724004.6981523, 1788724005.3915234, 1788724006.1199472, 1788724006.874377, 1788724007.6615703, 1788724008.504779, 1788724009.3388994, 1788724010.2221186, 1788724011.1462698, 1788724012.1035197, 1788724012.9015074, 1788724013.5103037, 1788724014.1875596, 1788724014.8925579, 1788724015.6269784, 1788724016.2736342, 1788724016.8836598, 1788724017.547001, 1788724018.2415862, 1788724018.9645128, 1788724019.7228677, 1788724020.5155447, 1788724021.2973132, 1788724021.9091108, 1788724022.570997, 1788724023.2653632, 1788724023.992914, 1788724024.7540836, 1788724025.5379527, 1788724026.348503, 1788724027.2003863, 1788724028.0890963, 1788724028.8565035, 1788724029.4422584, 1788724030.0908608, 1788724030.776474, 1788724031.4904554, 1788724032.2396345, 1788724033.0199363, 1788724033.8348408, 1788724034.4441395, 1788724035.1006474, 1788724035.7907124, 1788724036.5156112, 1788724037.266994, 1788724038.0496657, 1788724038.8646722, 1788724039.712284, 1788724040.6019015, 1788724041.1795778, 1788724041.8162317, 1788724042.4842153, 1788724043.2023854, 1788724043.9495118, 1788724044.660036, 1788724045.2535605, 1788724045.9027903, 1788724046.584842, 1788724047.2977521, 1788724048.0406616, 1788724048.8384428, 1788724049.4262211, 1788724050.0712285, 1788724050.7468827, 1788724051.4494317, 1788724052.1860788, 1788724052.952807, 1788724053.7547197, 1788724054.3983884, 1788724054.993348, 1788724055.6550927, 1788724056.347438, 1788724057.0763893, 1788724057.8374748, 1788724058.6303463, 1788724059.4647353, 1788724060.3360486, 1788724061.1503177, 1788724061.7598734, 1788724062.426289, 1788724063.1225064, 1788724063.849831, 1788724064.6103327, 1788724065.3983746, 1788724066.222402, 1788724067.0771673, 1788724067.80461, 1788724068.4000773, 1788724069.0542896, 1788724069.7459736, 1788724070.458622, 1788724071.2204146, 1788724072.0146606, 1788724072.8400915, 1788724073.7231398, 1788724074.3025382, 1788724074.9366937, 1788724075.6046743, 1788724076.3031256, 1788724077.035996, 1788724077.804754, 1788724078.617602, 1788724079.459404, 1788724080.1720176, 1788724080.768565, 1788724081.4219184]","[1, 1, 1, 4, 1, 2, 2, 4, 1, 2, 5, 1, 2, 6, 2, 4, 2, 2, 6, 1, 2, 1, 2, 1, 1, 3, 5, 3, 3, 2, 6, 5, 2, 6, 3, 3, 1, 3, 4, 1, 5, 2, 2, 6, 5, 4, 1, 6, 6, 6, 5, 1, 3, 1, 1, 1, 1, 1, 3, 3, 6, 6, 1, 6, 6, 4, 6, 1, 4, 6, 6, 6, 6, 6, 6, 3, 2, 2, 3, 6, 3, 3, 6, 6, 4, 5, 6, 3, 1, 6, 6, 6, 5, 6, 6, 5, 3, 1, 1, 1, 3, 5, 6, 3, 2, 6, 6, 6, 3, 6, 1, 5, 6, 6, 6, 6, 6, 5, 4, 4, 5, 6, 5, 6, 6, 3, 6, 6, 6, 6, 6, 6, 6, 6, 6, 2, 2, 1, 2, 2, 6, 6, 6, 1, 2, 3, 3, 6, 4, 3, 6, 6, 2, 3, 2, 6, 2, 2, 2, 3, 5, 4, 5, 6, 1, 2, 4, 3, 3, 2, 5, 6, 4, 2, 3, 2, 1, 2, 6, 5, 2, 1, 1, 6, 2, 4, 6, 3, 6, 5, 1, 2, 3, 6, 4, 4, 1, 6, 6, 3, 2, 5, 4, 3, 6, 3, 5, 2, 3, 3, 4, 1, 2, 4, 6, 5, 1, 3, 2, 1, 1, 6, 1, 2, 2, 1, 2, 1, 6, 1, 3, 4, 1, 1, 4, 2, 5, 6, 2, 5, 6, 4, 2, 5, 1, 5, 3, 6, 3, 4, 3, 2, 2, 2, 1, 2, 1, 3, 3, 3, 1, 4, 1, 3, 1, 6, 4, 1, 3, 5, 2, 3, 1, 2]"
User-052,0,trace_0594,1788724090.1972833,streaming,17534,261,228,0,273,90.8847885131836,126.6832058429718,0.15770227898585112,0.0,0,True,,1788723963.5140045,1788724054.398793,1788724090.1972103,"[1788724054.398793, 1788724054.993914, 1788724055.6556091, 1788724056.3479795, 1788724057.076921, 1788724057.8380089, 1788724058.6308906, 1788724059.465414, 1788724060.3365526, 1788724061.1508648, 1788724061.7603912, 1788724062.4268684, 1788724063.1230493, 1788724063.8503644, 1788724064.6109328, 1788724065.3990014, 1788724066.2229574, 1788724067.0777042, 1788724067.8051028, 1788724068.4006, 1788724069.0548732, 1788724069.7464828, 1788724070.459164, 1788724071.2209444, 1788724072.0152094, 1788724072.8406274, 1788724073.7236347, 1788724074.303082, 1788724074.9372034, 1788724075.6052213, 1788724076.3036733, 1788724077.0365055, 1788724077.8053718, 1788724078.6181362, 1788724079.4599142, 1788724080.1725774, 1788724080.768961, 1788724081.42283, 1788724082.1253762, 1788724082.8584552, 1788724083.6195776, 1788724084.2497885, 1788724084.8584688, 1788724085.5219615, 1788724086.2146575, 1788724086.9396038, 1788724087.7008939, 1788724088.4967635, 1788724089.3311071, 1788724090.1959653]","[1, 1, 2, 2, 1, 3, 2, 3, 1, 4, 6, 6, 5, 4, 6, 6, 5, 4, 6, 6, 5, 4, 6, 6, 5, 4, 6, 6, 5, 4, 6, 6, 5, 4, 6, 6, 5, 4, 6, 6, 5, 4, 6, 6, 5, 4, 6, 6, 5, 2]"
User-042,1,trace_0582,1788724093.0511189,streaming,20509,96,96,317,2,102.2959201335907,115.17658472061157,0.13558594302127236,8.0,0,True,,1788723977.8744516,1788724080.1703718,1788724093.0510364,"[1788724080.1703718, 1788724080.767281, 1788724081.4203176, 1788724082.1237268, 1788724082.8568473, 1788724083.6179578, 1788724084.2482593, 1788724084.8568625, 1788724085.5203025, 1788724086.2130575, 1788724086.9380002, 1788724087.6993344, 1788724088.4951558, 1788724089.3294125, 1788724090.1942983, 1788724091.1202078, 1788724091.713922, 1788724092.373923, 1788724093.0481288]","[1, 5, 1, 6, 6, 6, 4, 6, 6, 6, 4, 6, 6, 5, 6, 6, 6, 6, 4]"
User-037,1,trace_0489,1788724098.7003012,streaming,15799,212,212,239,7,85.8397901058197,135.70068287849426,0.23630754868566142,13.0,0,True,,1788723962.9995482,1788724048.8393383,1788724098.700231,"[1788724048.8393383, 1788724049.426766, 1788724050.071778, 1788724050.7474358, 1788724051.4499588, 1788724052.1865857, 1788724052.9533513, 1788724053.7552843, 1788724054.3990335, 1788724054.9944654, 1788724055.6561406, 1788724056.348505, 1788724057.077447, 1788724057.838536, 1788724058.6314228, 1788724059.4659321, 1788724060.3370664, 1788724061.1513846, 1788724061.7609296, 1788724062.4274654, 1788724063.123573, 1788724063.8508923, 1788724064.6115313, 1788724065.3995361, 1788724066.2234812, 1788724067.0782313, 1788724067.805609, 1788724068.4011247, 1788724069.055403, 1788724069.7474189, 1788724070.45956, 1788724071.221477, 1788724072.0157325, 1788724072.8411503, 1788724073.7241426, 1788724074.3036032, 1788724074.9377456, 1788724075.6057827, 1788724076.3044112, 1788724077.037111, 1788724077.8059087, 1788724078.6186574, 1788724079.460433, 1788724080.1731052, 1788724080.7693982, 1788724081.423362, 1788724082.1259, 1788724082.858993, 1788724083.6200998, 1788724084.2502837, 1788724084.8590355, 1788724085.5224898, 1788724086.215221, 1788724086.9401977, 1788724087.7014163, 1788724088.497322, 1788724089.3316388, 1788724090.196858, 1788724091.1225593, 1788724091.7159317, 1788724092.3749137, 1788724093.0506766, 1788724093.804801, 1788724094.50591, 1788724095.2771494, 1788724096.083255, 1788724096.9213758, 1788724097.7927587, 1788724098.699519]","[1, 3, 4, 6, 1, 1, 2, 1, 4, 2, 4, 2, 6, 4, 1, 1, 2, 3, 4, 2, 1, 1, 4, 1, 4, 6, 3, 4, 6, 4, 1, 2, 2, 2, 5, 6, 3, 1, 1, 1, 6, 3, 5, 1, 1, 3, 2, 1, 3, 6, 5, 6, 6, 3, 5, 1, 3, 2, 2, 2, 4, 2, 1, 2, 6, 6, 6, 6, 1]"
User-017,4,trace_0726,1788724099.638487,streaming,21317,133,133,322,2,94.90050387382507,126.73531079292297,0.24117277969013562,6.0,0,True,,1788723972.9030988,1788724067.8036027,1788724099.6384096,"[1788724067.8036027, 1788724068.3990114, 1788724069.0532198, 1788724069.7449436, 1788724070.4575343, 1788724071.2193131, 1788724072.013617, 1788724072.8389847, 1788724073.7212787, 1788724074.3010204, 1788724074.9351223, 1788724075.603087, 1788724076.3015409, 1788724077.0343685, 1788724077.8031187, 1788724078.61595, 1788724079.4576473, 1788724080.1695092, 1788724080.7667148, 1788724081.4197655, 1788724082.1231778, 1788724082.8562782, 1788724083.6174064, 1788724084.2477498, 1788724084.8563333, 1788724085.5197973, 1788724086.2125134, 1788724086.9374835, 1788724087.6988015, 1788724088.4945934, 1788724089.3288858, 1788724090.1937697, 1788724091.119714, 1788724091.713369, 1788724092.373687, 1788724093.047581, 1788724093.8038292, 1788724094.5037234, 1788724095.275035, 1788724096.08115, 1788724096.9191391, 1788724097.7904677, 1788724098.6973612, 1788724099.6361825]","[1, 6, 2, 2, 5, 6, 6, 6, 1, 1, 1, 1, 3, 3, 2, 2, 5, 1, 1, 4, 6, 5, 6, 2, 2, 1, 4, 3, 1, 2, 2, 2, 2, 6, 3, 1, 1, 1, 6, 6, 6, 4, 1, 1]"
User-040,0,trace_0278,1788724108.867379,streaming,19520,1035,1032,0,304,196.1698338985443,399.201735496521,0.19692715964886195,0.0,0,True,,1788723709.6655223,1788723905.8353562,1788724108.8672578,"[1788723905.8353562, 1788723906.4298084, 1788723907.0738347, 1788723907.7563372, 1788723908.471967, 1788723909.2161717, 1788723909.991501, 1788723910.809292, 1788723911.4780498, 1788723912.0804098, 1788723912.7399201, 1788723913.434081, 1788723914.1598582, 1788723914.9152498, 1788723915.7291365, 1788723916.3169954, 1788723916.9703557, 1788723917.6538913, 1788723918.373183, 1788723919.127091, 1788723919.9015586, 1788723920.7155058, 1788723921.561568, 1788723922.2153006, 1788723922.8217335, 1788723923.4843616, 1788723924.1823363, 1788723924.9102788, 1788723925.671825, 1788723926.4754934, 1788723927.3128955, 1788723928.203155, 1788723929.1126575, 1788723930.043453, 1788723931.0042934, 1788723931.8556008, 1788723932.4346824, 1788723933.0863607, 1788723933.7703516, 1788723934.486669, 1788723935.2299168, 1788723936.0109098, 1788723936.8255973, 1788723937.6948571, 1788723938.2771764, 1788723938.9155395, 1788723939.5851023, 1788723940.2906754, 1788723941.0259547, 1788723941.7412624, 1788723942.3400152, 1788723942.9953918, 1788723943.6737666, 1788723944.3890796, 1788723945.138503, 1788723945.9209592, 1788723946.739216, 1788723947.5851228, 1788723948.324068, 1788723948.9243212, 1788723949.5834246, 1788723950.2731109, 1788723950.9969733, 1788723951.752443, 1788723952.5018978, 1788723953.0931535, 1788723953.7404768, 1788723954.4208517, 1788723955.13477, 1788723955.883792, 1788723956.6638026, 1788723957.4782915, 1788723958.3479853, 1788723958.9362264, 1788723959.5907812, 1788723960.2783382, 1788723960.996309, 1788723961.7411149, 1788723962.5135493, 1788723963.3193302, 1788723964.1576664, 1788723965.0215132, 1788723965.922303, 1788723966.8629594, 1788723967.824168, 1788723968.5136106, 1788723969.1381562, 1788723969.8314867, 1788723970.5460274, 1788723971.2919621, 1788723972.0685644, 1788723972.9086452, 1788723973.72331, 1788723974.596917, 1788723975.495561, 1788723976.2104533, 1788723976.8121974, 1788723977.4687946, 1788723978.17682, 1788723978.9203596, 1788723979.6897216, 1788723980.4966686, 1788723981.3308449, 1788723982.1201055, 1788723982.7141151, 1788723983.3627772, 1788723984.0622482, 1788723984.7996347, 1788723985.4930263, 1788723986.1215785, 1788723986.7957714, 1788723987.4937499, 1788723988.222987, 1788723988.9865162, 1788723989.7814875, 1788723990.6065938, 1788723991.4653404, 1788723992.3536339, 1788723993.275217, 1788723994.2288053, 1788723995.224064, 1788723995.788054, 1788723996.4254467, 1788723997.0948343, 1788723997.796452, 1788723998.5266778, 1788723999.119853, 1788723999.760911, 1788724000.4345005, 1788724001.1365278, 1788724001.8723507, 1788724002.6357253, 1788724003.4263775, 1788724004.0285816, 1788724004.6941705, 1788724005.387646, 1788724006.1140728, 1788724006.8705845, 1788724007.6576786, 1788724008.5030353, 1788724009.3349855, 1788724010.2182527, 1788724011.142091, 1788724012.0974846, 1788724012.8983736, 1788724013.5069873, 1788724014.1843293, 1788724014.8892431, 1788724015.6236467, 1788724016.2696538, 1788724016.8799074, 1788724017.542856, 1788724018.2382867, 1788724018.961596, 1788724019.7196598, 1788724020.5123227, 1788724021.29416, 1788724021.9058247, 1788724022.5677958, 1788724023.2621074, 1788724023.9896991, 1788724024.7504249, 1788724025.5354936, 1788724026.3508818, 1788724027.2029414, 1788724028.091434, 1788724028.8597555, 1788724029.4453568, 1788724030.0937498, 1788724030.7793572, 1788724031.4933705, 1788724032.242511, 1788724033.0183396, 1788724033.8325014, 1788724034.4418027, 1788724035.0990672, 1788724035.7890613, 1788724036.5139596, 1788724037.2653394, 1788724038.0480554, 1788724038.863051, 1788724039.7106702, 1788724040.5995696, 1788724041.1774297, 1788724041.814088, 1788724042.481794, 1788724043.2007759, 1788724043.9478998, 1788724044.6576421, 1788724045.2514744, 1788724045.900558, 1788724046.5825639, 1788724047.2953525, 1788724048.0390255, 1788724048.8368433, 1788724049.424591, 1788724050.0696423, 1788724050.745207, 1788724051.4475257, 1788724052.184493, 1788724052.9512353, 1788724053.753135, 1788724054.3975933, 1788724054.9917655, 1788724055.6534553, 1788724056.345819, 1788724057.0747955, 1788724057.835886, 1788724058.6287744, 1788724059.4631484, 1788724060.3349884, 1788724061.1484883, 1788724061.7581933, 1788724062.4246233, 1788724063.1208813, 1788724063.8481917, 1788724064.6059272, 1788724065.3967803, 1788724066.220816, 1788724067.0755486, 1788724067.8021705, 1788724068.3979437, 1788724069.052153, 1788724069.7438836, 1788724070.4563007, 1788724071.21807, 1788724072.0124521, 1788724072.8377898, 1788724073.7201467, 1788724074.2998855, 1788724074.9339316, 1788724075.601862, 1788724076.3003843, 1788724077.0332086, 1788724077.8019226, 1788724078.6148288, 1788724079.4565232, 1788724080.168265, 1788724080.7651105, 1788724081.4190998, 1788724082.122494, 1788724082.8556383, 1788724083.616787, 1788724084.247193, 1788724084.8557556, 1788724085.519278, 1788724086.2119653, 1788724086.9369488, 1788724087.6982365, 1788724088.4938774, 1788724089.3283367, 1788724090.193244, 1788724091.1191654, 1788724091.7127845, 1788724092.3734453, 1788724093.0470393, 1788724093.8035743, 1788724094.5031655, 1788724095.2744758, 1788724096.0806196, 1788724096.9185567, 1788724097.7899165, 1788724098.6968257, 1788724099.635607, 1788724100.6044273, 1788724101.314019, 1788724101.8990347, 1788724102.558989, 1788724103.2485337, 1788724103.9709184, 1788724104.7297692, 1788724105.5205834, 1788724106.1933572, 1788724106.7949548, 1788724107.4509807, 1788724108.1392565, 1788724108.8636312]","[1, 1, 1, 4, 1, 2, 2, 3, 2, 3, 3, 5, 1, 3, 1, 6, 2, 1, 1, 1, 3, 1, 6, 3, 5, 3, 4, 1, 3, 3, 2, 1, 2, 1, 6, 2, 4, 5, 5, 1, 1, 6, 1, 6, 1, 2, 6, 6, 2, 1, 4, 6, 6, 3, 2, 5, 1, 2, 6, 2, 6, 3, 2, 6, 6, 4, 2, 6, 6, 6, 6, 6, 6, 6, 6, 2, 2, 2, 2, 6, 3, 1, 2, 6, 6, 6, 6, 4, 1, 5, 6, 6, 5, 6, 4, 3, 6, 6, 1, 6, 3, 6, 6, 6, 6, 6, 6, 6, 6, 6, 6, 5, 3, 6, 4, 4, 1, 6, 6, 6, 6, 6, 6, 5, 6, 6, 6, 6, 6, 5, 1, 1, 6, 2, 2, 6, 6, 3, 6, 6, 5, 4, 6, 6, 6, 6, 6, 6, 4, 1, 1, 5, 4, 3, 3, 3, 3, 6, 5, 3, 1, 1, 5, 2, 2, 3, 5, 6, 3, 1, 6, 2, 2, 2, 5, 5, 5, 6, 3, 2, 3, 2, 2, 1, 1, 4, 5, 2, 1, 1, 6, 2, 4, 4, 6, 3, 1, 6, 3, 6, 3, 4, 2, 3, 6, 6, 4, 2, 4, 5, 6, 2, 4, 4, 2, 6, 4, 2, 2, 4, 4, 1, 3, 2, 6, 2, 4, 3, 4, 3, 4, 2, 2, 3, 6, 2, 2, 2, 2, 6, 3, 3, 1, 4, 6, 3, 3, 3, 3, 1, 2, 2, 6, 5, 1, 2, 1, 3, 1, 1, 1, 3, 2, 6, 6, 1, 2, 6, 5, 6, 3, 3, 6, 2, 6, 6, 5]"
User-020,2,trace_0108,1788724108.867651,streaming,23362,261,261,310,54,90.85709810256958,138.5748429298401,0.18352978779719425,11.0,0,True,,1788723970.2927182,1788724061.1498163,1788724108.867561,"[1788724061.1498163, 1788724061.7593257, 1788724062.4257188, 1788724063.1219587, 1788724063.8492684, 1788724064.609678, 1788724065.3978307, 1788724066.2218707, 1788724067.076625, 1788724067.804117, 1788724068.3995485, 1788724069.0537558, 1788724069.7454631, 1788724070.4580884, 1788724071.2198663, 1788724072.0141454, 1788724072.839545, 1788724073.7225966, 1788724074.3020375, 1788724074.936161, 1788724075.6041336, 1788724076.3025715, 1788724077.0354588, 1788724077.8041992, 1788724078.6170037, 1788724079.4588501, 1788724080.171452, 1788724080.7681468, 1788724081.421339, 1788724082.1248317, 1788724082.857939, 1788724083.6190472, 1788724084.2492733, 1788724084.857925, 1788724085.5213819, 1788724086.214109, 1788724086.9390678, 1788724087.7003758, 1788724088.4962358, 1788724089.3305109, 1788724090.1954248, 1788724091.1220446, 1788724091.715506, 1788724092.374656, 1788724093.0501325, 1788724093.8045585, 1788724094.5053368, 1788724095.2766182, 1788724096.0826888, 1788724096.9208198, 1788724097.7921968, 1788724098.6989527, 1788724099.6380224, 1788724100.6060605, 1788724101.3164384, 1788724101.9012485, 1788724102.561103, 1788724103.2507463, 1788724103.9730387, 1788724104.7319398, 1788724105.522813, 1788724106.1963427, 1788724106.797559, 1788724107.4536612, 1788724108.1418867, 1788724108.8665223]","[1, 5, 5, 6, 6, 1, 4, 2, 2, 1, 4, 2, 2, 3, 3, 3, 6, 2, 1, 6, 6, 2, 4, 4, 3, 5, 6, 3, 6, 5, 2, 1, 4, 6, 6, 3, 6, 6, 6, 1, 5, 2, 6, 5, 6, 1, 6, 6, 6, 6, 5, 2, 1, 6, 4, 6, 6, 6, 6, 4, 4, 3, 3, 3, 2, 1]"
User-035,2,trace_0062,1788724120.3146806,streaming,16748,75,75,255,5,102.5765426158905,111.81530165672302,0.1248480951463854,12.0,0,True,,1788724008.4992988,1788724111.0758414,1788724120.3146005,"[1788724111.0758414, 1788724111.6805422, 1788724112.341497, 1788724113.032433, 1788724113.75828, 1788724114.3930109, 1788724114.9970865, 1788724115.6567063, 1788724116.346207, 1788724117.0690439, 1788724117.8275676, 1788724118.6201053, 1788724119.4479446, 1788724120.3138547]","[1, 3, 5, 6, 6, 6, 6, 6, 6, 6, 6, 6, 6, 6]"
User-036,1,trace_0615,1788724127.2763546,streaming,24139,133,133,358,18,111.22861742973328,147.38336181640625,0.27389957868691645,12.0,0,True,,1788723979.8929338,1788724091.1215513,1788724127.2762957,"[1788724091.1215513, 1788724091.715025, 1788724092.3744264, 1788724093.0494783, 1788724093.804313, 1788724094.5047863, 1788724095.2760894, 1788724096.0821934, 1788724096.9202776, 1788724097.791656, 1788724098.698387, 1788724099.6374748, 1788724100.6055193, 1788724101.3159323, 1788724101.9006932, 1788724102.5605845, 1788724103.2501929, 1788724103.9725118, 1788724104.7314184, 1788724105.5222359, 1788724106.195841, 1788724106.7970476, 1788724107.4531221, 1788724108.1413674, 1788724108.8659987, 1788724109.631664, 1788724110.4333308, 1788724111.0750093, 1788724111.680019, 1788724112.3409455, 1788724113.0318997, 1788724113.7577565, 1788724114.3916278, 1788724114.9959733, 1788724115.6556559, 1788724116.3451893, 1788724117.067951, 1788724117.8264954, 1788724118.619039, 1788724119.44684, 1788724120.3127832, 1788724121.2176309, 1788724122.1575367, 1788724123.1250403, 1788724123.9719024, 1788724124.5528696, 1788724125.1994224, 1788724125.8802269, 1788724126.5898237, 1788724127.2748246]","[1, 1, 1, 3, 2, 4, 4, 1, 1, 1, 3, 6, 6, 1, 3, 1, 2, 1, 1, 4, 3, 1, 2, 2, 1, 3, 6, 1, 3, 6, 3, 1, 4, 2, 3, 1, 1, 1, 4, 2, 1, 4, 2, 1, 6, 4, 2, 5, 6, 5]"
User-007,2,trace_0398,1788724127.2761455,streaming,14000,202,202,214,4,105.57986664772034,148.6099865436554,0.2140801984872391,7.0,0,True,,1788723978.6660907,1788724084.2459574,1788724127.2760773,"[1788724084.2459574, 1788724084.8544002, 1788724085.518002, 1788724086.2106774, 1788724086.9356472, 1788724087.6969955, 1788724088.4924557, 1788724089.3267932, 1788724090.1920173, 1788724091.1178243, 1788724091.711507, 1788724092.3728492, 1788724093.0457013, 1788724093.8029914, 1788724094.5018919, 1788724095.273195, 1788724096.0793679, 1788724096.9171817, 1788724097.7885373, 1788724098.6955795, 1788724099.634278, 1788724100.6032035, 1788724101.3126068, 1788724101.8975616, 1788724102.5576723, 1788724103.2471387, 1788724103.969625, 1788724104.7284667, 1788724105.5192788, 1788724106.192147, 1788724106.7936401, 1788724107.4496653, 1788724108.1379344, 1788724108.8622332, 1788724109.6286852, 1788724110.4304852, 1788724111.0722458, 1788724111.677174, 1788724112.338041, 1788724113.0290177, 1788724113.754869, 1788724114.3857768, 1788724114.9930127, 1788724115.6527464, 1788724116.3422587, 1788724117.0650573, 1788724117.8236136, 1788724118.6161456, 1788724119.443909, 1788724120.3098722, 1788724121.2148123, 1788724122.154608, 1788724123.1221485, 1788724123.9691594, 1788724124.5500886, 1788724125.196603, 1788724125.8773468, 1788724126.5868282, 1788724127.2719607]","[1, 6, 1, 1, 6, 1, 6, 6, 1, 1, 3, 5, 2, 2, 1, 5, 1, 1, 3, 5, 5, 3, 2, 6, 6, 2, 5, 2, 6, 2, 3, 6, 6, 6, 3, 3, 5, 2, 4, 1, 6, 6, 3, 6, 4, 6, 2, 2, 3, 5, 1, 6, 4, 3, 3, 2, 2, 1, 1]"
User-038,1,trace_0661,1788724135.3806267,streaming,21049,288,288,319,9,96.75477719306946,158.41325616836548,0.21483790583726836,10.0,0,True,,1788723976.9673202,1788724073.7220974,1788724135.3805764,"[1788724073.7220974, 1788724074.301521, 1788724074.935646, 1788724075.6036205, 1788724076.3020587, 1788724077.034933, 1788724077.8036556, 1788724078.6164806, 1788724079.4582255, 1788724080.1709194, 1788724080.767699, 1788724081.4208312, 1788724082.1243136, 1788724082.8574197, 1788724083.6184995, 1788724084.2487764, 1788724084.8574178, 1788724085.5208511, 1788724086.2135947, 1788724086.938526, 1788724087.6998656, 1788724088.4957182, 1788724089.3299491, 1788724090.1949193, 1788724091.1207168, 1788724091.7144516, 1788724092.3741672, 1788724093.0489523, 1788724093.8040652, 1788724094.5042508, 1788724095.2755766, 1788724096.0816872, 1788724096.9197261, 1788724097.7910545, 1788724098.6978765, 1788724099.636954, 1788724100.604976, 1788724101.3154159, 1788724101.900136, 1788724102.5600579, 1788724103.249658, 1788724103.9719868, 1788724104.7308688, 1788724105.5217, 1788724106.1953223, 1788724106.796523, 1788724107.452579, 1788724108.1408648, 1788724108.8654866, 1788724109.6311142, 1788724110.4328065, 1788724111.0744646, 1788724111.6794991, 1788724112.3404024, 1788724113.0313585, 1788724113.7572227, 1788724114.3910983, 1788724114.995422, 1788724115.6551178, 1788724116.3446612, 1788724117.0674348, 1788724117.8259494, 1788724118.6184838, 1788724119.4462762, 1788724120.3122563, 1788724121.217106, 1788724122.156992, 1788724123.124525, 1788724123.9713864, 1788724124.552366, 1788724125.1988764, 1788724125.8796659, 1788724126.5891557, 1788724127.2742867, 1788724127.8925304, 1788724128.568778, 1788724129.1867635, 1788724129.8420465, 1788724130.5316255, 1788724131.255709, 1788724132.009117, 1788724132.7750733, 1788724133.3652616, 1788724134.0018294, 1788724134.6741817, 1788724135.3799698]","[1, 5, 1, 2, 2, 2, 6, 3, 1, 5, 6, 2, 3, 3, 3, 6, 4, 3, 4, 2, 3, 2, 4, 2, 5, 6, 6, 1, 3, 6, 1, 2, 3, 4, 3, 2, 4, 3, 2, 1, 3, 6, 4, 6, 3, 3, 5, 1, 1, 5, 2, 2, 1, 6, 4, 2, 2, 5, 4, 3, 1, 4, 2, 3, 5, 6, 6, 1, 3, 1, 5, 6, 6, 4, 2, 6, 2, 3, 1, 3, 3, 6, 6, 6, 1, 1]"
User-054,0,trace_0666,1788724138.590471,streaming,17436,124,124,0,272,105.1798529624939,137.57542538642883,0.263378637592967,0.0,0,True,,1788724001.0149684,1788724106.1948214,1788724138.5903938,"[1788724106.1948214, 1788724106.7960188, 1788724107.4520657, 1788724108.1403425, 1788724108.8649797, 1788724109.6305401, 1788724110.4322937, 1788724111.0739682, 1788724111.6789799, 1788724112.3398776, 1788724113.030842, 1788724113.756697, 1788724114.390521, 1788724114.9948978, 1788724115.6545587, 1788724116.3441236, 1788724117.0669103, 1788724117.8254282, 1788724118.6179566, 1788724119.4457533, 1788724120.3116941, 1788724121.2165878, 1788724122.1564388, 1788724123.1240118, 1788724123.970871, 1788724124.5518084, 1788724125.1983159, 1788724125.879114, 1788724126.5886216, 1788724127.2738013, 1788724127.8920214, 1788724128.5682797, 1788724129.1860101, 1788724129.8415258, 1788724130.5310917, 1788724131.255179, 1788724132.0085838, 1788724132.7745664, 1788724133.3646793, 1788724134.0013254, 1788724134.6736119, 1788724135.379715, 1788724136.1276023, 1788724136.9109752, 1788724137.7331939, 1788724138.5889144]","[1, 1, 1, 4, 1, 6, 1, 2, 2, 3, 1, 3, 6, 2, 2, 4, 1, 1, 3, 1, 6, 1, 4, 3, 2, 4, 5, 6, 4, 1, 2, 6, 6, 2, 2, 2, 2, 2, 4, 1, 1, 3, 1, 4, 1, 3]"
User-051,0,trace_0167,1788724139.2644954,streaming,13714,479,464,0,213,88.84005069732666,183.4459626674652,0.20433242326163834,0.0,0,True,,1788723955.8184671,1788724044.6585178,1788724139.2644298,"[1788724044.6585178, 1788724045.2519946, 1788724045.9011, 1788724046.5832193, 1788724047.295894, 1788724048.0395763, 1788724048.8374248, 1788724049.425152, 1788724050.070162, 1788724050.7457693, 1788724051.4482262, 1788724052.1850443, 1788724052.9517736, 1788724053.7536807, 1788724054.3978531, 1788724054.9923003, 1788724055.6539998, 1788724056.3463721, 1788724057.0753388, 1788724057.836417, 1788724058.6293187, 1788724059.4637039, 1788724060.3343391, 1788724061.147895, 1788724061.7575417, 1788724062.4239855, 1788724063.1202643, 1788724063.847566, 1788724064.6053107, 1788724065.396195, 1788724066.2201748, 1788724067.0749032, 1788724067.8015327, 1788724068.3973098, 1788724069.0515308, 1788724069.7431579, 1788724070.4556682, 1788724071.217448, 1788724072.0118318, 1788724072.8371525, 1788724073.7194877, 1788724074.2992516, 1788724074.9333105, 1788724075.6012414, 1788724076.2997773, 1788724077.0325804, 1788724077.8009372, 1788724078.6138506, 1788724079.4555821, 1788724080.167366, 1788724080.7642944, 1788724081.418432, 1788724082.1218336, 1788724082.8549967, 1788724083.616158, 1788724084.2465575, 1788724084.8551006, 1788724085.5186071, 1788724086.21133, 1788724086.936301, 1788724087.6976013, 1788724088.4932594, 1788724089.3276548, 1788724090.192618, 1788724091.1184883, 1788724091.7121372, 1788724092.3731885, 1788724093.0463464, 1788724093.8033204, 1788724094.5025218, 1788724095.273847, 1788724096.0799751, 1788724096.9178936, 1788724097.78933, 1788724098.6962132, 1788724099.6349797, 1788724100.603812, 1788724101.313371, 1788724101.8983493, 1788724102.5583212, 1788724103.2478635, 1788724103.9702685, 1788724104.7291238, 1788724105.5200117, 1788724106.1927843, 1788724106.7942677, 1788724107.4503114, 1788724108.1385782, 1788724108.8629284, 1788724109.6293185, 1788724110.4311545, 1788724111.0728872, 1788724111.6777945, 1788724112.3386738, 1788724113.02963, 1788724113.755503, 1788724114.3865185, 1788724114.9936588, 1788724115.653395, 1788724116.342924, 1788724117.0656946, 1788724117.8242474, 1788724118.6167731, 1788724119.4445636, 1788724120.3105059, 1788724121.2154129, 1788724122.1552882, 1788724123.122847, 1788724123.9697895, 1788724124.5507164, 1788724125.1972396, 1788724125.8779817, 1788724126.5875106, 1788724127.272755, 1788724127.890961, 1788724128.5663211, 1788724129.1812603, 1788724129.839912, 1788724130.5294063, 1788724131.2535505, 1788724132.0069003, 1788724132.7721224, 1788724133.3624597, 1788724133.9992478, 1788724134.671504, 1788724135.3787034, 1788724136.1253693, 1788724136.9088073, 1788724137.731074, 1788724138.5865417, 1788724139.2607205]","[1, 3, 2, 3, 1, 3, 3, 2, 3, 1, 1, 1, 1, 4, 5, 3, 3, 2, 4, 4, 3, 3, 3, 1, 5, 1, 4, 4, 1, 3, 5, 1, 1, 1, 1, 1, 5, 6, 4, 6, 5, 6, 5, 4, 1, 4, 4, 2, 2, 6, 4, 3, 6, 3, 2, 2, 4, 3, 1, 1, 2, 1, 3, 1, 4, 6, 6, 6, 2, 1, 5, 4, 2, 4, 2, 2, 3, 2, 1, 2, 6, 2, 6, 6, 5, 2, 1, 3, 1, 3, 1, 1, 1, 4, 6, 6, 5, 3, 6, 6, 6, 6, 6, 4, 1, 1, 4, 6, 6, 5, 6, 6, 6, 6, 6, 6, 5, 2, 6, 1, 4, 6, 6, 6, 6, 6, 6, 6, 6, 6, 1]"
User-025,7,trace_0588,1788724156.4532623,streaming,30373,125,125,468,1,108.732351064682,141.2169964313507,0.26197294650539277,7.0,0,True,,1788724015.236165,1788724123.968516,1788724156.4531615,"[1788724123.968516, 1788724124.5494766, 1788724125.1959774, 1788724125.8767202, 1788724126.5859878, 1788724127.270346, 1788724127.8896945, 1788724128.565205, 1788724129.1800015, 1788724129.838597, 1788724130.5281475, 1788724131.252303, 1788724132.0055294, 1788724132.77097, 1788724133.3611715, 1788724133.997986, 1788724134.6702032, 1788724135.378107, 1788724136.1240814, 1788724136.907557, 1788724137.7297907, 1788724138.5851805, 1788724139.2594247, 1788724139.885063, 1788724140.567892, 1788724141.2818015, 1788724142.0293286, 1788724142.8032632, 1788724143.6097498, 1788724144.5180824, 1788724145.3216243, 1788724146.233161, 1788724147.1695964, 1788724148.0991848, 1788724148.679517, 1788724149.3140826, 1788724149.987798, 1788724150.6952467, 1788724151.4233627, 1788724152.1926804, 1788724153.0014834, 1788724153.8427594, 1788724154.489859, 1788724155.0928426, 1788724155.7547011, 1788724156.4489584]","[1, 1, 4, 3, 4, 5, 2, 2, 3, 2, 2, 2, 2, 2, 4, 2, 5, 1, 1, 2, 3, 1, 1, 3, 2, 1, 2, 3, 3, 2, 4, 4, 4, 6, 4, 2, 1, 5, 2, 1, 1, 4, 3, 6, 6, 1]"
User-033,2,trace_0538,1788724162.2882564,streaming,12216,118,118,159,3,105.61600828170776,140.6328637599945,0.2992893630622799,8.0,0,True,,1788724021.655319,1788724127.2713273,1788724162.2881827,"[1788724127.2713273, 1788724127.8903162, 1788724128.5657988, 1788724129.180626, 1788724129.8392582, 1788724130.5287683, 1788724131.2529156, 1788724132.006231, 1788724132.7715964, 1788724133.3618119, 1788724133.9986033, 1788724134.6708686, 1788724135.378442, 1788724136.1247945, 1788724136.9081779, 1788724137.730408, 1788724138.5858426, 1788724139.2600517, 1788724139.8858829, 1788724140.568519, 1788724141.282392, 1788724142.0300198, 1788724142.8038998, 1788724143.6103845, 1788724144.5184271, 1788724145.3222742, 1788724146.2338097, 1788724147.1703045, 1788724148.099874, 1788724148.6801875, 1788724149.3147078, 1788724149.9884453, 1788724150.6958814, 1788724151.4239638, 1788724152.1932926, 1788724153.0020804, 1788724153.8434007, 1788724154.4904838, 1788724155.093488, 1788724155.755373, 1788724156.4498327, 1788724157.1916728, 1788724157.9674926, 1788724158.7800982, 1788724159.6222334, 1788724160.4980147, 1788724161.4005125, 1788724162.282157]","[1, 1, 1, 2, 2, 1, 5, 1, 2, 4, 1, 1, 1, 2, 3, 3, 3, 1, 5, 2, 6, 2, 1, 3, 3, 2, 1, 5, 4, 3, 5, 1, 5, 1, 2, 3, 2, 2, 3, 1, 3, 2, 1, 3, 1, 2, 4, 5]"
User-053,0,trace_0176,1788724162.28882,streaming,29936,291,291,0,467,110.31414580345154,171.28795790672302,0.2102545244940396,0.0,0,True,,1788723991.0007625,1788724101.3149083,1788724162.2887204,"[1788724101.3149083, 1788724101.8996055, 1788724102.5595412, 1788724103.249115, 1788724103.9714622, 1788724104.730307, 1788724105.521125, 1788724106.1939645, 1788724106.7954888, 1788724107.4515376, 1788724108.139813, 1788724108.8644454, 1788724109.6299515, 1788724110.4317665, 1788724111.0734034, 1788724111.6784017, 1788724112.3393393, 1788724113.030271, 1788724113.7561507, 1788724114.3898687, 1788724114.99428, 1788724115.6540315, 1788724116.343591, 1788724117.0663328, 1788724117.824895, 1788724118.6174073, 1788724119.4452052, 1788724120.3111498, 1788724121.2160547, 1788724122.1559012, 1788724123.1234741, 1788724123.9703157, 1788724124.551289, 1788724125.197788, 1788724125.8785322, 1788724126.5880876, 1788724127.2732787, 1788724127.8915129, 1788724128.5677783, 1788724129.1823223, 1788724129.8409913, 1788724130.5305107, 1788724131.2546244, 1788724132.0080428, 1788724132.7740664, 1788724133.3641198, 1788724134.0008163, 1788724134.673092, 1788724135.3794763, 1788724136.1270623, 1788724136.9104254, 1788724137.7326765, 1788724138.5882227, 1788724139.2626271, 1788724139.8876283, 1788724140.570198, 1788724141.2841196, 1788724142.0319808, 1788724142.8055825, 1788724143.6120915, 1788724144.5192351, 1788724145.3239682, 1788724146.2355468, 1788724147.1720767, 1788724148.1023111, 1788724148.682465, 1788724149.3170197, 1788724149.9907935, 1788724150.6981227, 1788724151.4262316, 1788724152.1955411, 1788724153.0043337, 1788724153.8456252, 1788724154.4925742, 1788724155.0957444, 1788724155.7576346, 1788724156.4522495, 1788724157.1940775, 1788724157.969788, 1788724158.782439, 1788724159.6246161, 1788724160.5003839, 1788724161.4030964, 1788724162.285083]","[1, 1, 1, 4, 2, 2, 1, 2, 6, 4, 1, 2, 4, 1, 1, 4, 4, 4, 6, 1, 6, 3, 4, 2, 1, 4, 3, 2, 1, 1, 2, 2, 1, 3, 1, 2, 2, 1, 1, 6, 5, 6, 2, 6, 2, 4, 2, 4, 1, 3, 6, 1, 5, 1, 2, 6, 6, 3, 5, 6, 5, 6, 4, 6, 2, 4, 6, 3, 6, 6, 6, 5, 5, 4, 6, 6, 6, 3, 6, 5, 6, 1, 6, 2]"
User-022,21,trace_0418,1788724168.567579,streaming,28655,116,116,429,6,110.51134419441223,130.9781141281128,0.1779719124669614,7.0,0,True,,1788724037.5893836,1788724148.1007278,1788724168.5674977,"[1788724148.1007278, 1788724148.6808276, 1788724149.3153844, 1788724149.9890869, 1788724150.6965334, 1788724151.4245956, 1788724152.1939185, 1788724153.0027065, 1788724153.8440375, 1788724154.4910235, 1788724155.0941231, 1788724155.756006, 1788724156.4505858, 1788724157.1923392, 1788724157.9680924, 1788724158.780749, 1788724159.6228876, 1788724160.4986415, 1788724161.4013472, 1788724162.283246, 1788724162.852921, 1788724163.5103238, 1788724164.199636, 1788724164.9195914, 1788724165.6737618, 1788724166.4567015, 1788724167.2736385, 1788724167.9667876, 1788724168.5642653]","[1, 6, 3, 6, 6, 6, 6, 6, 5, 4, 4, 3, 3, 5, 3, 2, 1, 2, 6, 6, 4, 1, 5, 6, 2, 1, 3, 6, 4]"
User-030,4,trace_0082,1788724174.0134466,streaming,5775,208,208,244,89,101.56241607666016,147.00844407081604,0.2195460289572748,175.0,0,True,,1788724027.0048592,1788724128.5672753,1788724174.0133033,"[1788724128.5672753, 1788724129.1817977, 1788724129.8404567, 1788724130.5299835, 1788724131.2540834, 1788724132.0074553, 1788724132.772746, 1788724133.3630776, 1788724133.9998007, 1788724134.6720536, 1788724135.3789797, 1788724136.1259172, 1788724136.9093559, 1788724137.7316272, 1788724138.5871522, 1788724139.2614946, 1788724139.8865151, 1788724140.5691319, 1788724141.2830544, 1788724142.0306747, 1788724142.8044915, 1788724143.6110353, 1788724144.5187078, 1788724145.322935, 1788724146.2344167, 1788724147.1709995, 1788724148.1013076, 1788724148.6814034, 1788724149.3159285, 1788724149.9896417, 1788724150.6970785, 1788724151.4251509, 1788724152.1944754, 1788724153.003303, 1788724153.8445873, 1788724154.4915953, 1788724155.094667, 1788724155.7565513, 1788724156.4511502, 1788724157.1935568, 1788724157.969243, 1788724158.7819104, 1788724159.6240685, 1788724160.4998405, 1788724161.4025066, 1788724162.2845569, 1788724162.854376, 1788724163.511618, 1788724164.2008693, 1788724164.9208786, 1788724165.6750348, 1788724166.4579322, 1788724167.2749012, 1788724167.9689238, 1788724168.5665078, 1788724169.217126, 1788724169.921133, 1788724170.6560411, 1788724171.4372628, 1788724172.0143569, 1788724172.674114, 1788724173.3140805, 1788724174.009812]","[1, 1, 1, 1, 3, 5, 2, 1, 2, 1, 3, 2, 4, 1, 1, 6, 3, 3, 1, 6, 6, 3, 3, 1, 3, 1, 1, 4, 6, 6, 6, 6, 3, 6, 5, 1, 1, 6, 3, 2, 3, 1, 4, 4, 6, 1, 6, 6, 1, 1, 4, 1, 5, 2, 4, 6, 6, 6, 6, 6, 1, 6, 1]"
User-043,1,trace_0052,1788724184.834517,streaming,20257,158,158,236,80,116.82282662391663,147.16285920143127,0.1932486151434054,12.0,0,True,,1788724037.6715639,1788724154.4943905,1788724184.834423,"[1788724154.4943905, 1788724155.09746, 1788724155.7592633, 1788724156.4542613, 1788724157.1957512, 1788724157.9714463, 1788724158.784103, 1788724159.6262834, 1788724160.5019734, 1788724161.4047813, 1788724162.2878015, 1788724162.856636, 1788724163.5137773, 1788724164.2029834, 1788724164.9229894, 1788724165.6772091, 1788724166.4601057, 1788724167.277029, 1788724167.97102, 1788724168.569194, 1788724169.2194364, 1788724169.9234614, 1788724170.6582477, 1788724171.4403317, 1788724172.017141, 1788724172.6765184, 1788724173.3168502, 1788724174.0129268, 1788724174.757506, 1788724175.5340133, 1788724176.3445172, 1788724177.1874013, 1788724178.0613828, 1788724178.9703703, 1788724179.9134912, 1788724180.6106791, 1788724181.2034447, 1788724181.862591, 1788724182.551211, 1788724183.272061, 1788724184.030859, 1788724184.8337042]","[1, 6, 4, 4, 2, 1, 4, 1, 6, 6, 1, 1, 2, 6, 6, 2, 1, 6, 6, 1, 5, 3, 6, 3, 6, 6, 6, 4, 2, 1, 4, 4, 2, 4, 4, 2, 6, 3, 6, 6, 6, 2]"
User-049,1,trace_0273,1788724189.7759364,streaming,18566,106,106,287,2,122.02261137962341,143.8307068347931,0.20769614719209217,8.0,0,True,,1788724045.945158,1788724167.9677694,1788724189.7758648,"[1788724167.9677694, 1788724168.5653896, 1788724169.215772, 1788724169.919779, 1788724170.654794, 1788724171.4360201, 1788724172.0131009, 1788724172.6735196, 1788724173.312799, 1788724174.0085597, 1788724174.7541409, 1788724175.530647, 1788724176.34106, 1788724177.1839879, 1788724178.058039, 1788724178.966922, 1788724179.9099374, 1788724180.6061082, 1788724181.199509, 1788724181.8586786, 1788724182.5472825, 1788724183.2681491, 1788724184.0268703, 1788724184.8296442, 1788724185.5730495, 1788724186.1773622, 1788724186.8363855, 1788724187.523075, 1788724188.2392566, 1788724189.0013597, 1788724189.7718682]","[1, 5, 5, 3, 5, 2, 3, 1, 1, 4, 2, 4, 6, 5, 3, 5, 3, 1, 2, 1, 6, 6, 2, 4, 3, 6, 1, 2, 6, 5, 3]"
User-055,0,trace_0449,1788724192.5397637,streaming,14509,264,264,0,226,103.77969717979431,163.54581546783447,0.22724759805338465,0.0,0,True,,1788724028.993879,1788724132.7735763,1788724192.5396945,"[1788724132.7735763, 1788724133.363601, 1788724134.00031, 1788724134.6725738, 1788724135.3792377, 1788724136.1264522, 1788724136.9098964, 1788724137.732149, 1788724138.587681, 1788724139.262126, 1788724139.8870902, 1788724140.569684, 1788724141.2836034, 1788724142.0313125, 1788724142.8050747, 1788724143.6115701, 1788724144.518991, 1788724145.3234577, 1788724146.2349992, 1788724147.1715362, 1788724148.1018145, 1788724148.681954, 1788724149.3164768, 1788724149.99021, 1788724150.6976044, 1788724151.4257212, 1788724152.1950247, 1788724153.0038288, 1788724153.8451152, 1788724154.4920855, 1788724155.0952191, 1788724155.7571251, 1788724156.451698, 1788724157.193009, 1788724157.9687147, 1788724158.781373, 1788724159.6235206, 1788724160.4992952, 1788724161.4019797, 1788724162.2840316, 1788724162.8537195, 1788724163.5109446, 1788724164.200257, 1788724164.920234, 1788724165.6743686, 1788724166.4573019, 1788724167.2742476, 1788724167.9684227, 1788724168.5659757, 1788724169.2165408, 1788724169.920486, 1788724170.6554253, 1788724171.4367106, 1788724172.0137265, 1788724172.6738605, 1788724173.3134289, 1788724174.009173, 1788724174.7547936, 1788724175.5313106, 1788724176.3417077, 1788724177.1846068, 1788724178.0586514, 1788724178.9675636, 1788724179.9106128, 1788724180.6068065, 1788724181.2001185, 1788724181.8593118, 1788724182.5479145, 1788724183.2687745, 1788724184.027489, 1788724184.8303611, 1788724185.5736632, 1788724186.177994, 1788724186.8370023, 1788724187.5236967, 1788724188.2398825, 1788724189.0019422, 1788724189.7728536, 1788724190.5811892, 1788724191.221513, 1788724191.8463235, 1788724192.5328658]","[1, 1, 1, 4, 1, 2, 2, 3, 6, 1, 1, 1, 3, 5, 1, 2, 1, 2, 1, 5, 3, 1, 6, 3, 2, 3, 1, 2, 2, 2, 2, 2, 6, 4, 1, 2, 4, 3, 1, 1, 1, 6, 2, 2, 6, 3, 2, 2, 6, 4, 2, 2, 5, 5, 2, 6, 2, 6, 1, 2, 6, 5, 4, 1, 6, 6, 6, 3, 1, 6, 6, 4, 1, 6, 6, 6, 1, 6, 6, 4, 6, 6]"
User-048,1,trace_0546,1788724192.5399623,streaming,13777,94,94,177,33,124.89428424835205,145.99599623680115,0.2269001289080548,7.0,0,True,,1788724046.5439177,1788724171.438202,1788724192.539914,"[1788724171.438202, 1788724172.0149345, 1788724172.6743555, 1788724173.3146493, 1788724174.010608, 1788724174.7554219, 1788724175.5319104, 1788724176.3423133, 1788724177.185234, 1788724178.0593035, 1788724178.9681954, 1788724179.9112728, 1788724180.6086197, 1788724181.2012699, 1788724181.8605044, 1788724182.5490873, 1788724183.2699223, 1788724184.028711, 1788724184.8315775, 1788724185.5747159, 1788724186.1791384, 1788724186.8381066, 1788724187.5247633, 1788724188.2409556, 1788724189.003185, 1788724189.7739148, 1788724190.5823503, 1788724191.223086, 1788724191.8478692, 1788724192.5345447]","[1, 4, 4, 6, 5, 1, 3, 3, 1, 1, 6, 6, 2, 4, 2, 1, 4, 4, 2, 2, 2, 4, 1, 5, 6, 1, 3, 1, 6, 3]"
User-039,1,trace_0220,1788724197.2989013,streaming,12376,407,407,242,193,102.54839301109314,185.45467519760132,0.20420266548401028,36.0,0,True,,1788724011.8440993,1788724114.3924923,1788724197.2987745,"[1788724114.3924923, 1788724114.9965072, 1788724115.65619, 1788724116.345695, 1788724117.0684872, 1788724117.8270392, 1788724118.619572, 1788724119.4473717, 1788724120.3132927, 1788724121.2181842, 1788724122.1580667, 1788724123.1255574, 1788724123.972477, 1788724124.5534089, 1788724125.1999383, 1788724125.8808055, 1788724126.5903773, 1788724127.2755828, 1788724127.8930507, 1788724128.569286, 1788724129.187328, 1788724129.8425875, 1788724130.5321465, 1788724131.2562494, 1788724132.0097528, 1788724132.7755983, 1788724133.3658123, 1788724134.0023987, 1788724134.6747031, 1788724135.380353, 1788724136.12812, 1788724136.9115086, 1788724137.7337182, 1788724138.589867, 1788724139.2631893, 1788724139.8882046, 1788724140.5707884, 1788724141.2846868, 1788724142.032532, 1788724142.8061054, 1788724143.6126306, 1788724144.519502, 1788724145.3245046, 1788724146.2360766, 1788724147.172603, 1788724148.1029952, 1788724148.6830459, 1788724149.317561, 1788724149.9913487, 1788724150.6986642, 1788724151.4268095, 1788724152.196079, 1788724153.0048995, 1788724153.8461602, 1788724154.4930816, 1788724155.0963027, 1788724155.758164, 1788724156.4527962, 1788724157.1946068, 1788724157.9703324, 1788724158.7830195, 1788724159.6251779, 1788724160.5008936, 1788724161.40364, 1788724162.28666, 1788724162.8555434, 1788724163.5127027, 1788724164.2019124, 1788724164.9219072, 1788724165.6761532, 1788724166.4590142, 1788724167.275998, 1788724167.9699342, 1788724168.5680108, 1788724169.218248, 1788724169.922257, 1788724170.6571233, 1788724171.439275, 1788724172.0160222, 1788724172.675984, 1788724173.3157403, 1788724174.0117326, 1788724174.756443, 1788724175.5329788, 1788724176.3434682, 1788724177.1862736, 1788724178.0603583, 1788724178.9692914, 1788724179.9124227, 1788724180.609654, 1788724181.2023115, 1788724181.8615413, 1788724182.5501087, 1788724183.2709837, 1788724184.0297465, 1788724184.8326266, 1788724185.575747, 1788724186.1801696, 1788724186.8392096, 1788724187.5257742, 1788724188.2420003, 1788724189.004122, 1788724189.7749448, 1788724190.5834465, 1788724191.2241848, 1788724191.849001, 1788724192.5382068, 1788724193.2448716, 1788724193.9903743, 1788724194.7660217, 1788724195.5737329, 1788724196.4161093, 1788724197.2969348]","[1, 2, 1, 2, 5, 2, 4, 2, 4, 3, 4, 2, 2, 2, 3, 1, 3, 6, 4, 4, 4, 2, 6, 2, 1, 4, 3, 4, 3, 2, 3, 3, 3, 6, 2, 1, 5, 6, 6, 4, 1, 6, 3, 6, 1, 2, 6, 1, 6, 4, 4, 2, 5, 3, 3, 6, 1, 1, 6, 5, 2, 3, 4, 6, 6, 6, 3, 6, 6, 2, 6, 2, 5, 6, 6, 6, 6, 2, 6, 6, 3, 2, 2, 2, 4, 5, 2, 3, 3, 6, 6, 4, 4, 3, 4, 4, 4, 2, 4, 1, 1, 6, 6, 6, 1, 3, 4, 6, 1, 1, 2, 6, 2]"
User-056,0,trace_0590,1788724214.4475696,streaming,18127,103,103,0,282,123.44658422470093,152.3216106891632,0.2830884947496302,0.0,0,True,,1788724062.1258533,1788724185.5724375,1788724214.447464,"[1788724185.5724375, 1788724186.1767375, 1788724186.835771, 1788724187.522412, 1788724188.2386146, 1788724189.0006187, 1788724189.7712123, 1788724190.5805848, 1788724191.220728, 1788724191.8456874, 1788724192.5320904, 1788724193.2428036, 1788724193.9883282, 1788724194.7641554, 1788724195.5718884, 1788724196.4143686, 1788724197.2948813, 1788724198.1988735, 1788724199.134067, 1788724200.1008458, 1788724201.0362575, 1788724201.6099956, 1788724202.2488391, 1788724202.9224288, 1788724203.6245575, 1788724204.363977, 1788724205.1342113, 1788724205.9414454, 1788724206.7876253, 1788724207.6663334, 1788724208.4780638, 1788724209.0605662, 1788724209.7071283, 1788724210.3938563, 1788724211.054362, 1788724211.6520264, 1788724212.299532, 1788724212.981932, 1788724213.6948423, 1788724214.4437618]","[1, 1, 1, 3, 2, 2, 3, 1, 5, 4, 4, 5, 1, 3, 3, 4, 2, 4, 1, 1, 3, 2, 1, 2, 5, 1, 6, 4, 5, 6, 2, 2, 2, 1, 1, 1, 2, 2, 1, 3]"
User-008,2,trace_0707,1788724215.225716,streaming,20353,368,368,309,8,105.36234927177429,181.32394742965698,0.20697983149286836,15.0,0,True,,1788724033.9016843,1788724139.2640336,1788724215.2256317,"[1788724139.2640336, 1788724139.888742, 1788724140.5713456, 1788724141.285228, 1788724142.0330775, 1788724142.8066328, 1788724143.6131659, 1788724144.519775, 1788724145.3250608, 1788724146.2366416, 1788724147.1731365, 1788724148.1035054, 1788724148.6835997, 1788724149.3180692, 1788724149.9919193, 1788724150.6991978, 1788724151.4273455, 1788724152.1966064, 1788724153.0054932, 1788724153.8466842, 1788724154.4935782, 1788724155.0969286, 1788724155.7586865, 1788724156.4537268, 1788724157.1951785, 1788724157.9708831, 1788724158.7835429, 1788724159.6257088, 1788724160.5014296, 1788724161.4041798, 1788724162.287203, 1788724162.8560953, 1788724163.5132213, 1788724164.2024393, 1788724164.9224274, 1788724165.6766791, 1788724166.4595456, 1788724167.276515, 1788724167.9704857, 1788724168.568631, 1788724169.21888, 1788724169.9228675, 1788724170.657692, 1788724171.4397953, 1788724172.016577, 1788724172.676258, 1788724173.31628, 1788724174.012256, 1788724174.756959, 1788724175.5334933, 1788724176.3440056, 1788724177.1868463, 1788724178.0608766, 1788724178.9698122, 1788724179.9129612, 1788724180.6101665, 1788724181.2028692, 1788724181.8620515, 1788724182.5506427, 1788724183.271514, 1788724184.0302866, 1788724184.8331573, 1788724185.5762718, 1788724186.1807206, 1788724186.8397627, 1788724187.5262864, 1788724188.2425137, 1788724189.0045679, 1788724189.7754977, 1788724190.5840015, 1788724191.2255616, 1788724191.850045, 1788724192.5393286, 1788724193.2459297, 1788724193.9915316, 1788724194.76713, 1788724195.5747807, 1788724196.4171972, 1788724197.2982976, 1788724198.2011917, 1788724199.1366618, 1788724200.1032286, 1788724201.0397015, 1788724201.6132605, 1788724202.2516885, 1788724202.925325, 1788724203.6278415, 1788724204.3668678, 1788724205.1371624, 1788724205.9443312, 1788724206.7905674, 1788724207.6692462, 1788724208.4818633, 1788724209.064044, 1788724209.7105947, 1788724210.3972871, 1788724211.0576582, 1788724211.6555016, 1788724212.302972, 1788724212.9890945, 1788724213.6982908, 1788724214.4480054, 1788724215.2244189]","[1, 3, 1, 1, 4, 4, 3, 2, 3, 4, 1, 3, 2, 6, 3, 6, 4, 2, 2, 4, 2, 1, 1, 1, 6, 3, 1, 5, 3, 5, 2, 2, 6, 6, 6, 4, 6, 1, 6, 6, 3, 5, 6, 6, 6, 6, 4, 4, 5, 2, 1, 6, 1, 6, 6, 5, 4, 3, 4, 1, 6, 3, 6, 6, 2, 1, 4, 6, 6, 6, 2, 1, 1, 5, 1, 6, 1, 1, 3, 6, 6, 3, 6, 1, 1, 5, 6, 1, 4, 5, 1, 1, 2, 6, 6, 2, 5, 6, 3, 3, 1, 2, 3]"
User-057,0,trace_0276,1788724222.5397286,streaming,18280,101,101,0,285,113.59581017494202,144.9104392528534,0.31314629077911377,0.0,0,True,,1788724077.629233,1788724191.225043,1788724222.5396721,"[1788724191.225043, 1788724191.8495247, 1788724192.5387893, 1788724193.2454104, 1788724193.9909956, 1788724194.7665505, 1788724195.5742505, 1788724196.4166982, 1788724197.2977502, 1788724198.2006612, 1788724199.136045, 1788724200.1026185, 1788724201.0391996, 1788724201.612711, 1788724202.2511766, 1788724202.924801, 1788724203.6272862, 1788724204.3663068, 1788724205.1366477, 1788724205.9438133, 1788724206.790042, 1788724207.668707, 1788724208.481344, 1788724209.063517, 1788724209.7100718, 1788724210.3967574, 1788724211.0571687, 1788724211.6549575, 1788724212.3024223, 1788724212.988551, 1788724213.6977353, 1788724214.447034, 1788724215.2238889, 1788724216.0513096, 1788724216.7407455, 1788724217.3632188, 1788724218.0415869, 1788724218.744444, 1788724219.4805627, 1788724220.2472086, 1788724221.046408, 1788724221.8760126, 1788724222.5390406]","[1, 1, 1, 4, 1, 6, 5, 1, 2, 2, 1, 6, 2, 1, 1, 1, 6, 3, 1, 1, 2, 4, 2, 2, 2, 2, 3, 2, 1, 1, 6, 4, 1, 6, 3, 1, 3, 1, 1, 1, 3, 1, 2]"
User-047,1,trace_0228,1788724227.6611078,streaming,9738,75,75,142,151,118.68840909004211,135.29093217849731,0.22435842011425947,2383.0,0,True,,1788724092.370093,1788724211.0585022,1788724227.6610253,"[1788724211.0585022, 1788724211.6560485, 1788724212.303498, 1788724212.9896386, 1788724213.6988232, 1788724214.4485579, 1788724215.2252383, 1788724216.0518355, 1788724216.741253, 1788724217.3637302, 1788724218.042122, 1788724218.7449598, 1788724219.4810867, 1788724220.2477255, 1788724221.0469778, 1788724221.8765469, 1788724222.539435, 1788724223.1117659, 1788724223.7922308, 1788724224.5024831, 1788724225.2460039, 1788724226.0169573, 1788724226.822227, 1788724227.660314]","[1, 4, 2, 3, 1, 1, 1, 5, 2, 5, 1, 6, 3, 1, 6, 3, 3, 6, 3, 2, 6, 5, 4, 1]"
User-044,1,trace_0272,1788724237.4707189,streaming,27550,252,252,383,46,126.21413373947144,183.07687664031982,0.2265447924336589,14.0,0,True,,1788724054.393731,1788724180.6078649,1788724237.4706078,"[1788724180.6078649, 1788724181.2007494, 1788724181.8599474, 1788724182.5485604, 1788724183.2693975, 1788724184.0281858, 1788724184.831058, 1788724185.5741923, 1788724186.178532, 1788724186.8375576, 1788724187.5242379, 1788724188.2404182, 1788724189.0026145, 1788724189.7734003, 1788724190.5818102, 1788724191.222437, 1788724191.8472605, 1788724192.5336907, 1788724193.243653, 1788724193.9889581, 1788724194.7649376, 1788724195.5725405, 1788724196.4150255, 1788724197.2956228, 1788724198.1995113, 1788724199.1348214, 1788724200.1014504, 1788724201.038068, 1788724201.6115205, 1788724202.2500598, 1788724202.923701, 1788724203.6259923, 1788724204.3652356, 1788724205.1355603, 1788724205.94275, 1788724206.788923, 1788724207.6676276, 1788724208.480242, 1788724209.062376, 1788724209.708967, 1788724210.3956976, 1788724211.0561206, 1788724211.6538324, 1788724212.3013632, 1788724212.9873977, 1788724213.6965764, 1788724214.4459121, 1788724215.2228174, 1788724216.0502017, 1788724216.7388263, 1788724217.361561, 1788724218.0398843, 1788724218.7427754, 1788724219.4789836, 1788724220.2455416, 1788724221.0447612, 1788724221.8743606, 1788724222.5382504, 1788724223.1101885, 1788724223.7905726, 1788724224.500836, 1788724225.2443976, 1788724226.015389, 1788724226.8206398, 1788724227.65868, 1788724228.4449177, 1788724229.029687, 1788724229.6729517, 1788724230.3534749, 1788724231.059809, 1788724231.805646, 1788724232.5827277, 1788724233.2452333, 1788724233.8497179, 1788724234.5072043, 1788724235.198799, 1788724235.9191852, 1788724236.680625, 1788724237.4682312]","[1, 1, 4, 2, 1, 1, 1, 3, 4, 5, 3, 2, 1, 1, 3, 5, 1, 4, 2, 1, 1, 3, 1, 4, 3, 1, 3, 6, 5, 6, 6, 2, 2, 3, 6, 5, 2, 4, 6, 6, 3, 6, 4, 1, 6, 4, 4, 3, 6, 1, 6, 6, 3, 3, 6, 6, 2, 5, 2, 3, 3, 3, 1, 3, 1, 3, 2, 4, 4, 2, 3, 1, 1, 2, 1, 3, 6, 6, 2]"
User-042,2,trace_0582,1788724244.0488431,streaming,21199,75,75,319,11,131.31792855262756,146.9233753681183,0.2108844164255503,11.0,0,True,,1788724097.125368,1788724228.4432967,1788724244.0487435,"[1788724228.4432967, 1788724229.0279639, 1788724229.67114, 1788724230.3517442, 1788724231.0580807, 1788724231.8039532, 1788724232.5810454, 1788724233.243521, 1788724233.848055, 1788724234.5055254, 1788724235.1971292, 1788724235.9174516, 1788724236.6789463, 1788724237.466424, 1788724238.2877953, 1788724239.1549146, 1788724239.7867625, 1788724240.3901463, 1788724241.0553946, 1788724241.75291, 1788724242.482812, 1788724243.2456923, 1788724244.0452135]","[1, 5, 3, 2, 3, 3, 1, 6, 1, 1, 2, 4, 1, 1, 6, 2, 1, 4, 6, 6, 4, 6, 6]"
User-037,2,trace_0489,1788724249.2123294,streaming,16198,74,74,246,6,131.45656943321228,147.422265291214,0.21870816243837957,8.0,0,True,,1788724101.7900012,1788724233.2465706,1788724249.2122664,"[1788724233.2465706, 1788724233.8507888, 1788724234.508248, 1788724235.1998317, 1788724235.9202733, 1788724236.6816628, 1788724237.4697328, 1788724238.2900252, 1788724239.1571362, 1788724239.7889032, 1788724240.3923576, 1788724241.0576587, 1788724241.7552688, 1788724242.485096, 1788724243.247933, 1788724244.0478554, 1788724244.8781123, 1788724245.7482328, 1788724246.6496131, 1788724247.587261, 1788724248.558193, 1788724249.2093115]","[1, 5, 2, 1, 6, 6, 3, 3, 1, 1, 2, 5, 2, 4, 3, 2, 3, 6, 6, 6, 4, 2]"
User-034,2,trace_0164,1788724249.2120845,streaming,18770,162,162,281,11,122.94019222259521,155.41248083114624,0.20169123359348462,14.0,0,True,,1788724093.7994914,1788724216.7396836,1788724249.2119722,"[1788724216.7396836, 1788724217.3621228, 1788724218.040459, 1788724218.7433436, 1788724219.4795353, 1788724220.2461143, 1788724221.0453086, 1788724221.8749287, 1788724222.5385132, 1788724223.1107085, 1788724223.7911465, 1788724224.5013692, 1788724225.244939, 1788724226.0158978, 1788724226.8211794, 1788724227.6592238, 1788724228.4454367, 1788724229.0302186, 1788724229.6734912, 1788724230.3540063, 1788724231.0603337, 1788724231.8061817, 1788724232.583274, 1788724233.245734, 1788724233.8502328, 1788724234.5077276, 1788724235.1993341, 1788724235.9197557, 1788724236.6811476, 1788724237.469059, 1788724238.2895052, 1788724239.1566024, 1788724239.788404, 1788724240.3918486, 1788724241.0571077, 1788724241.7547054, 1788724242.484587, 1788724243.2474082, 1788724244.0473301, 1788724244.8775904, 1788724245.7476745, 1788724246.649094, 1788724247.586661, 1788724248.5576606, 1788724249.208498]","[1, 1, 6, 4, 2, 4, 6, 2, 2, 1, 5, 5, 2, 1, 5, 6, 3, 1, 3, 3, 6, 6, 6, 4, 6, 6, 2, 2, 3, 6, 6, 4, 2, 2, 5, 3, 2, 2, 6, 2, 6, 1, 6, 3, 2]"
User-017,5,trace_0726,1788724259.5540898,streaming,21512,109,109,324,2,137.0822205543518,156.84652423858643,0.1830028118910613,6.0,0,True,,1788724102.7074807,1788724239.7897012,1788724259.554005,"[1788724239.7897012, 1788724240.392872, 1788724241.0581946, 1788724241.7557943, 1788724242.4855893, 1788724243.2484508, 1788724244.048375, 1788724244.878645, 1788724245.748793, 1788724246.65016, 1788724247.5878112, 1788724248.5587218, 1788724249.210104, 1788724249.8036256, 1788724250.4890618, 1788724251.2066755, 1788724251.9566357, 1788724252.7380028, 1788724253.5502791, 1788724254.1948633, 1788724254.800746, 1788724255.4622126, 1788724256.1567454, 1788724256.8824575, 1788724257.6600726, 1788724258.2483594, 1788724258.8813257, 1788724259.551625]","[1, 5, 3, 2, 6, 1, 2, 6, 2, 2, 6, 6, 5, 6, 6, 6, 6, 1, 3, 3, 2, 4, 6, 2, 6, 6, 2, 3]"
User-050,1,trace_0243,1788724269.3081968,streaming,24171,287,289,345,32,119.56061935424805,180.38890385627747,0.21120932118760216,12.0,0,True,,1788724088.9191062,1788724208.4797256,1788724269.30801,"[1788724208.4797256, 1788724209.0618024, 1788724209.7084122, 1788724210.3951542, 1788724211.0555189, 1788724211.6532779, 1788724212.3007643, 1788724212.9867458, 1788724213.6960566, 1788724214.445385, 1788724215.2221675, 1788724216.0489435, 1788724216.737348, 1788724217.3603363, 1788724218.038578, 1788724218.7414682, 1788724219.4776978, 1788724220.244268, 1788724221.043503, 1788724221.8730676, 1788724222.5376945, 1788724223.1089654, 1788724223.789359, 1788724224.4996686, 1788724225.2431834, 1788724226.0141985, 1788724226.8194408, 1788724227.657475, 1788724228.4438922, 1788724229.028557, 1788724229.6718998, 1788724230.3523715, 1788724231.058712, 1788724231.804585, 1788724232.5816574, 1788724233.2440994, 1788724233.8486612, 1788724234.5061407, 1788724235.1977513, 1788724235.9180932, 1788724236.6795814, 1788724237.467088, 1788724238.2884276, 1788724239.1555402, 1788724239.7872896, 1788724240.3907814, 1788724241.056049, 1788724241.7536185, 1788724242.4835, 1788724243.2463186, 1788724244.0462267, 1788724244.8764348, 1788724245.7464702, 1788724246.647923, 1788724247.5854428, 1788724248.556417, 1788724249.2073064, 1788724249.8024204, 1788724250.487877, 1788724251.2054694, 1788724251.9554572, 1788724252.736825, 1788724253.549095, 1788724254.1936429, 1788724254.7995718, 1788724255.461067, 1788724256.1555948, 1788724256.881244, 1788724257.6580608, 1788724258.2466292, 1788724258.879538, 1788724259.5498846, 1788724260.2477937, 1788724260.9988503, 1788724261.7782946, 1788724262.5944664, 1788724263.4463568, 1788724264.325611, 1788724265.2355206, 1788724265.8685863, 1788724266.4710705, 1788724267.1351132, 1788724267.8320572, 1788724268.5589767, 1788724269.304136]","[1, 6, 5, 2, 4, 5, 5, 2, 1, 2, 1, 1, 6, 2, 1, 5, 6, 3, 1, 3, 3, 6, 6, 3, 4, 6, 6, 5, 3, 1, 1, 4, 4, 6, 6, 6, 3, 3, 3, 4, 1, 3, 3, 6, 3, 1, 6, 6, 3, 2, 1, 2, 6, 6, 6, 4, 1, 2, 4, 6, 6, 3, 5, 6, 1, 1, 1, 4, 6, 1, 5, 1, 3, 1, 1, 1, 5, 1, 4, 2, 5, 2, 3, 3, 1]"
User-052,1,trace_0594,1788724276.1664166,streaming,19110,247,247,273,25,126.22701978683472,179.8560128211975,0.218004036725052,10.0,0,True,,1788724096.3103182,1788724222.537338,1788724276.166331,"[1788724222.537338, 1788724223.1082993, 1788724223.788673, 1788724224.4990323, 1788724225.2425299, 1788724226.0135856, 1788724226.8188179, 1788724227.6568418, 1788724228.4422953, 1788724229.0272808, 1788724229.670473, 1788724230.3511279, 1788724231.0574436, 1788724231.8033493, 1788724232.5804472, 1788724233.2428522, 1788724233.847454, 1788724234.5049062, 1788724235.1965165, 1788724235.9168181, 1788724236.678263, 1788724237.465694, 1788724238.2871745, 1788724239.1542544, 1788724239.786096, 1788724240.3895268, 1788724241.0547466, 1788724241.75223, 1788724242.4821453, 1788724243.245069, 1788724244.0445547, 1788724244.8757968, 1788724245.7458231, 1788724246.6472716, 1788724247.5847068, 1788724248.5557122, 1788724249.2065191, 1788724249.8017905, 1788724250.4872234, 1788724251.2048264, 1788724251.9548304, 1788724252.7362034, 1788724253.5484667, 1788724254.1929958, 1788724254.7989473, 1788724255.460403, 1788724256.1549633, 1788724256.880616, 1788724257.6573865, 1788724258.2459846, 1788724258.8789353, 1788724259.5492554, 1788724260.247097, 1788724260.9982047, 1788724261.7776518, 1788724262.5938315, 1788724263.4457107, 1788724264.3249125, 1788724265.2349102, 1788724265.8679566, 1788724266.4704115, 1788724267.1342797, 1788724267.8314428, 1788724268.5582564, 1788724269.302503, 1788724269.8976183, 1788724270.5460114, 1788724271.224715, 1788724271.9291654, 1788724272.6677918, 1788724273.4375455, 1788724274.2494614, 1788724274.8896916, 1788724275.4995105, 1788724276.1616673]","[1, 6, 1, 3, 4, 1, 2, 3, 2, 2, 6, 4, 3, 1, 1, 2, 3, 6, 2, 5, 2, 3, 2, 2, 1, 2, 6, 5, 4, 2, 1, 6, 6, 2, 4, 2, 5, 3, 6, 6, 6, 2, 2, 2, 3, 5, 4, 3, 1, 5, 1, 6, 4, 4, 2, 5, 6, 6, 1, 1, 6, 1, 3, 2, 3, 3, 5, 2, 2, 6, 2, 2, 5, 4, 4]"
User-020,3,trace_0108,1788724276.862454,streaming,29471,131,131,364,95,135.25006103515625,162.9008994102478,0.21269875673147348,11.0,0,True,,1788724113.9614556,1788724249.2115166,1788724276.862355,"[1788724249.2115166, 1788724249.804684, 1788724250.490122, 1788724251.2078001, 1788724251.9577177, 1788724252.739085, 1788724253.5513816, 1788724254.1958883, 1788724254.8017955, 1788724255.4633055, 1788724256.1578262, 1788724256.8835726, 1788724257.6611705, 1788724258.2494316, 1788724258.8823795, 1788724259.5529885, 1788724260.250147, 1788724261.00108, 1788724261.7806292, 1788724262.596764, 1788724263.4486506, 1788724264.3279443, 1788724265.2377682, 1788724265.8715913, 1788724266.4738004, 1788724267.1378212, 1788724267.834799, 1788724268.5619078, 1788724269.3071327, 1788724269.9011292, 1788724270.549623, 1788724271.2281537, 1788724271.9327874, 1788724272.6712418, 1788724273.4409404, 1788724274.2528977, 1788724274.8939335, 1788724275.5036943, 1788724276.1659472, 1788724276.8611436]","[1, 6, 3, 2, 1, 2, 2, 6, 1, 1, 4, 5, 4, 2, 1, 3, 3, 2, 6, 5, 1, 6, 4, 1, 1, 3, 4, 6, 5, 2, 4, 3, 4, 6, 4, 6, 1, 3, 6, 1]"
User-045,1,trace_0729,1788724284.323381,streaming,26029,560,560,314,92,116.622305393219,238.65943813323975,0.21831329649377595,13.0,0,True,,1788724045.6638453,1788724162.2861507,1788724284.3232834,"[1788724162.2861507, 1788724162.854995, 1788724163.5121822, 1788724164.201395, 1788724164.9214003, 1788724165.6755931, 1788724166.4584742, 1788724167.2754433, 1788724167.969424, 1788724168.5670733, 1788724169.2177114, 1788724169.9217207, 1788724170.6565876, 1788724171.4387147, 1788724172.015499, 1788724172.674625, 1788724173.3152304, 1788724174.0111854, 1788724174.7559366, 1788724175.5324495, 1788724176.3428905, 1788724177.1857607, 1788724178.059836, 1788724178.9687667, 1788724179.9118555, 1788724180.609129, 1788724181.201803, 1788724181.8610268, 1788724182.549605, 1788724183.270434, 1788724184.0292354, 1788724184.832094, 1788724185.5752504, 1788724186.1796443, 1788724186.8386252, 1788724187.5252693, 1788724188.241476, 1788724189.0037103, 1788724189.7744174, 1788724190.5829153, 1788724191.2236302, 1788724191.8484473, 1788724192.5373757, 1788724193.2443297, 1788724193.9895527, 1788724194.765488, 1788724195.5731635, 1788724196.4156036, 1788724197.296333, 1788724198.2001255, 1788724199.1354456, 1788724200.1020746, 1788724201.038624, 1788724201.6121354, 1788724202.2506115, 1788724202.9242535, 1788724203.6265378, 1788724204.3657823, 1788724205.1361156, 1788724205.943308, 1788724206.7894843, 1788724207.6681685, 1788724208.4808226, 1788724209.062974, 1788724209.7095277, 1788724210.3962133, 1788724211.0566628, 1788724211.6543922, 1788724212.301872, 1788724212.9879596, 1788724213.6971543, 1788724214.446461, 1788724215.2233582, 1788724216.0507696, 1788724216.740196, 1788724217.3626492, 1788724218.0410306, 1788724218.743878, 1788724219.4800537, 1788724220.24664, 1788724221.0458674, 1788724221.8754745, 1788724222.53877, 1788724223.1112509, 1788724223.7916946, 1788724224.5019367, 1788724225.2454576, 1788724226.016409, 1788724226.8217006, 1788724227.6597414, 1788724228.44593, 1788724229.0307574, 1788724229.674013, 1788724230.3545294, 1788724231.0608673, 1788724231.806713, 1788724232.5838003, 1788724233.247098, 1788724233.8513122, 1788724234.5087683, 1788724235.200336, 1788724235.9208336, 1788724236.6821961, 1788724237.4702656, 1788724238.2905579, 1788724239.1576512, 1788724239.790199, 1788724240.3934045, 1788724241.0587568, 1788724241.756307, 1788724242.4861434, 1788724243.2489681, 1788724244.0492618, 1788724244.879231, 1788724245.7493296, 1788724246.6506877, 1788724247.588411, 1788724248.5593562, 1788724249.210665, 1788724249.8041673, 1788724250.4895859, 1788724251.2072678, 1788724251.9571846, 1788724252.7385223, 1788724253.550847, 1788724254.1953828, 1788724254.8012657, 1788724255.4627886, 1788724256.157292, 1788724256.8830264, 1788724257.6606266, 1788724258.2489016, 1788724258.8818476, 1788724259.5524375, 1788724260.2495894, 1788724261.0005476, 1788724261.780083, 1788724262.596224, 1788724263.4481425, 1788724264.3273828, 1788724265.2372236, 1788724265.8710833, 1788724266.4732826, 1788724267.137309, 1788724267.8342557, 1788724268.5613787, 1788724269.306595, 1788724269.9006, 1788724270.5490987, 1788724271.227611, 1788724271.9322586, 1788724272.6706738, 1788724273.4404097, 1788724274.2523735, 1788724274.8933983, 1788724275.5031488, 1788724276.1654322, 1788724276.8583274, 1788724277.5848198, 1788724278.3445642, 1788724279.1377203, 1788724279.970098, 1788724280.84623, 1788724281.7469382, 1788724282.678796, 1788724283.6428838, 1788724284.3195233]","[1, 4, 4, 3, 1, 6, 1, 6, 2, 2, 2, 1, 4, 1, 2, 4, 1, 6, 1, 3, 6, 1, 6, 3, 3, 3, 1, 5, 1, 1, 1, 6, 2, 6, 6, 1, 2, 3, 4, 3, 6, 4, 5, 5, 4, 3, 6, 1, 4, 1, 2, 2, 3, 6, 4, 1, 2, 2, 2, 1, 5, 4, 6, 4, 4, 6, 2, 6, 4, 6, 1, 3, 2, 3, 4, 5, 6, 6, 1, 6, 6, 5, 6, 1, 2, 4, 5, 6, 2, 5, 1, 2, 5, 6, 1, 1, 1, 3, 2, 2, 1, 1, 6, 1, 1, 3, 3, 2, 2, 2, 6, 3, 6, 1, 3, 1, 6, 6, 4, 1, 3, 1, 2, 6, 3, 2, 2, 2, 2, 6, 5, 3, 4, 6, 6, 6, 4, 3, 1, 6, 6, 2, 3, 4, 3, 1, 2, 1, 2, 5, 1, 4, 6, 4, 6, 3, 1, 4, 1, 1, 6, 3, 4, 6, 4, 6, 6]"
User-007,3,trace_0398,1788724284.914768,streaming,14307,127,127,218,4,126.32121801376343,153.57634782791138,0.21631055408053929,7.0,0,True,,1788724131.3383367,1788724257.6595547,1788724284.9146845,"[1788724257.6595547, 1788724258.2478468, 1788724258.8807535, 1788724259.551053, 1788724260.249025, 1788724260.9999933, 1788724261.7795434, 1788724262.5956829, 1788724263.4476013, 1788724264.3268392, 1788724265.2366748, 1788724265.869699, 1788724266.4722521, 1788724267.1362815, 1788724267.8332202, 1788724268.5602386, 1788724269.3054962, 1788724269.8994918, 1788724270.5479774, 1788724271.2265382, 1788724271.9311662, 1788724272.6695795, 1788724273.4393497, 1788724274.251309, 1788724274.8915262, 1788724275.5014758, 1788724276.1638951, 1788724276.8605492, 1788724277.5870218, 1788724278.3467836, 1788724279.1399896, 1788724279.9726188, 1788724280.8485591, 1788724281.7492132, 1788724282.6810994, 1788724283.6451697, 1788724284.3222582, 1788724284.9135106]","[1, 1, 5, 4, 5, 6, 2, 3, 4, 2, 5, 2, 2, 1, 1, 3, 5, 6, 4, 4, 3, 5, 2, 2, 3, 2, 1, 1, 3, 1, 4, 6, 6, 6, 6, 2, 6, 2]"
User-046,1,trace_0334,1788724288.6380773,streaming,31251,421,421,0,487,120.32234954833984,207.9228596687317,0.20857264314379012,2041.0,0,True,,1788724080.7151153,1788724201.0374649,1788724288.637975,"[1788724201.0374649, 1788724201.6108723, 1788724202.2494516, 1788724202.923122, 1788724203.6252034, 1788724204.3645942, 1788724205.1349127, 1788724205.9420917, 1788724206.788288, 1788724207.6670048, 1788724208.4787736, 1788724209.0611897, 1788724209.707773, 1788724210.3945131, 1788724211.0549746, 1788724211.6526308, 1788724212.3001437, 1788724212.9825575, 1788724213.695525, 1788724214.4448402, 1788724215.2215357, 1788724216.0495505, 1788724216.7380908, 1788724217.3609416, 1788724218.0392203, 1788724218.7421205, 1788724219.4783196, 1788724220.2449, 1788724221.0441256, 1788724221.8737035, 1788724222.537975, 1788724223.109631, 1788724223.7900078, 1788724224.5002918, 1788724225.2438266, 1788724226.0148532, 1788724226.8200612, 1788724227.6581247, 1788724228.4444075, 1788724229.029084, 1788724229.6724334, 1788724230.3529105, 1788724231.059288, 1788724231.8051295, 1788724232.5821965, 1788724233.2447088, 1788724233.8492007, 1788724234.5066648, 1788724235.1982784, 1788724235.9186494, 1788724236.680112, 1788724237.4676535, 1788724238.2889774, 1788724239.1560886, 1788724239.7878923, 1788724240.3913074, 1788724241.0565975, 1788724241.7541676, 1788724242.484048, 1788724243.2468913, 1788724244.0468013, 1788724244.8770533, 1788724245.7471328, 1788724246.6485682, 1788724247.5860808, 1788724248.557097, 1788724249.2079356, 1788724249.8030736, 1788724250.4885051, 1788724251.2061086, 1788724251.9561007, 1788724252.7374609, 1788724253.5497174, 1788724254.1942098, 1788724254.8002028, 1788724255.4616792, 1788724256.1562068, 1788724256.8818858, 1788724257.6586185, 1788724258.2472882, 1788724258.8801851, 1788724259.5504951, 1788724260.248459, 1788724260.999464, 1788724261.7789574, 1788724262.5951264, 1788724263.4470468, 1788724264.3262503, 1788724265.2361405, 1788724265.8691185, 1788724266.4717178, 1788724267.1357408, 1788724267.8326848, 1788724268.5596564, 1788724269.3049302, 1788724269.8989503, 1788724270.547423, 1788724271.2259808, 1788724271.9305677, 1788724272.6690536, 1788724273.4388204, 1788724274.250724, 1788724274.8909242, 1788724275.5008538, 1788724276.1633344, 1788724276.8589337, 1788724277.5854228, 1788724278.3451755, 1788724279.138358, 1788724279.970957, 1788724280.846848, 1788724281.7475886, 1788724282.679446, 1788724283.643546, 1788724284.3207014, 1788724284.9119446, 1788724285.5945444, 1788724286.3055952, 1788724287.0497556, 1788724287.823216, 1788724288.6353786]","[1, 6, 1, 5, 2, 3, 6, 1, 3, 2, 1, 3, 5, 1, 2, 2, 1, 1, 1, 2, 4, 6, 5, 2, 5, 1, 3, 3, 3, 5, 6, 5, 3, 4, 6, 2, 6, 6, 6, 5, 1, 6, 1, 2, 4, 6, 6, 2, 1, 1, 1, 6, 4, 1, 1, 4, 1, 5, 5, 4, 5, 6, 4, 2, 4, 6, 3, 4, 3, 5, 1, 6, 5, 6, 5, 3, 1, 6, 1, 4, 6, 1, 6, 1, 6, 2, 3, 3, 1, 1, 3, 3, 6, 5, 5, 2, 6, 6, 6, 4, 6, 6, 1, 3, 6, 1, 1, 1, 3, 3, 4, 3, 3, 4, 2, 3, 5, 3, 2, 2, 6]"
User-035,3,trace_0062,1788724288.638314,streaming,17344,149,149,260,9,127.81129622459412,162.25279998779297,0.2327128632648571,8.0,0,True,,1788724126.3854492,1788724254.1967454,1788724288.6382492,"[1788724254.1967454, 1788724254.8023193, 1788724255.463816, 1788724256.1583755, 1788724256.8841374, 1788724257.6617074, 1788724258.2499526, 1788724258.8829145, 1788724259.5536458, 1788724260.2508564, 1788724261.0016053, 1788724261.781184, 1788724262.5973322, 1788724263.4491804, 1788724264.3284988, 1788724265.2383034, 1788724265.8720915, 1788724266.4743047, 1788724267.1383512, 1788724267.8353431, 1788724268.5624905, 1788724269.3076482, 1788724269.9016514, 1788724270.5501916, 1788724271.2286859, 1788724271.9333138, 1788724272.6717992, 1788724273.4414852, 1788724274.2534497, 1788724274.894415, 1788724275.5042534, 1788724276.1668444, 1788724276.8619287, 1788724277.5875483, 1788724278.3473103, 1788724279.1405232, 1788724279.9731913, 1788724280.8491294, 1788724281.7497797, 1788724282.6816778, 1788724283.6456957, 1788724284.3228068, 1788724284.9142773, 1788724285.5962431, 1788724286.307422, 1788724287.0513818, 1788724287.824798, 1788724288.637266]","[1, 2, 4, 6, 3, 2, 1, 1, 3, 2, 6, 2, 1, 4, 3, 2, 2, 6, 2, 2, 3, 4, 4, 5, 6, 5, 5, 2, 2, 3, 5, 3, 2, 2, 6, 3, 1, 1, 3, 2, 1, 6, 6, 6, 1, 3, 3, 1]"
User-033,3,trace_0538,1788724328.1304948,streaming,12689,105,105,161,8,134.81053400039673,159.78295350074768,0.2401194182726053,10.0,0,True,,1788724168.347479,1788724303.158013,1788724328.1304326,"[1788724303.158013, 1788724303.7486482, 1788724304.3931878, 1788724305.07258, 1788724305.7790747, 1788724306.5261366, 1788724307.2998452, 1788724308.1125684, 1788724308.9647703, 1788724309.8525295, 1788724310.7831337, 1788724311.7340598, 1788724312.724192, 1788724313.2940376, 1788724313.9272916, 1788724314.596, 1788724315.2968278, 1788724316.0288522, 1788724316.8047483, 1788724317.538916, 1788724318.1307607, 1788724318.7772021, 1788724319.4590416, 1788724320.168368, 1788724320.916845, 1788724321.6931155, 1788724322.5105214, 1788724323.3664887, 1788724324.2548397, 1788724325.1751528, 1788724326.1261346, 1788724326.879966, 1788724327.4698284, 1788724328.1258793]","[1, 4, 3, 1, 1, 3, 2, 6, 6, 1, 6, 2, 5, 4, 2, 2, 2, 4, 1, 5, 6, 1, 3, 1, 6, 6, 6, 3, 3, 2, 2, 2, 1, 2]"
User-059,0,trace_0656,1788724348.707453,streaming,19464,260,259,0,303,143.3008930683136,201.90079379081726,0.227131398149239,0.0,0,True,,1788724146.8065748,1788724290.107468,1788724348.7073686,"[1788724290.107468, 1788724290.7373943, 1788724291.4213321, 1788724292.1377835, 1788724292.886482, 1788724293.6638408, 1788724294.4756236, 1788724295.3174298, 1788724296.1974142, 1788724297.1067162, 1788724298.0498781, 1788724299.0199263, 1788724299.8300076, 1788724300.4119709, 1788724301.0625668, 1788724301.7457943, 1788724302.458537, 1788724303.1603878, 1788724303.7513554, 1788724304.3958669, 1788724305.0752509, 1788724305.7817664, 1788724306.5285418, 1788724307.3022301, 1788724308.1152182, 1788724308.9675179, 1788724309.8551996, 1788724310.7857904, 1788724311.7366722, 1788724312.7279336, 1788724313.2973287, 1788724313.9304824, 1788724314.599269, 1788724315.3001547, 1788724316.0323718, 1788724316.8075123, 1788724317.5415208, 1788724318.1334696, 1788724318.7798657, 1788724319.4616077, 1788724320.1709607, 1788724320.9213755, 1788724321.6956062, 1788724322.5132964, 1788724323.3691294, 1788724324.2575183, 1788724325.1778662, 1788724326.1287606, 1788724326.8821664, 1788724327.4723976, 1788724328.1283822, 1788724328.8159487, 1788724329.5559776, 1788724330.3239183, 1788724331.114023, 1788724331.7015297, 1788724332.3618467, 1788724333.0529697, 1788724333.774813, 1788724334.5325897, 1788724335.317408, 1788724336.135039, 1788724336.982113, 1788724337.8721113, 1788724338.7871728, 1788724339.4525256, 1788724340.0537539, 1788724340.7384334, 1788724341.4585698, 1788724342.20762, 1788724342.9870071, 1788724343.7964697, 1788724344.6119003, 1788724345.2003763, 1788724345.8374531, 1788724346.5157468, 1788724347.2395172, 1788724347.9953377, 1788724348.7041793]","[1, 2, 1, 4, 1, 2, 1, 4, 2, 2, 5, 1, 1, 6, 1, 6, 5, 2, 3, 1, 6, 1, 2, 2, 2, 1, 2, 1, 1, 1, 6, 1, 6, 2, 5, 1, 5, 6, 6, 1, 1, 6, 1, 4, 2, 6, 5, 1, 2, 6, 6, 3, 6, 4, 6, 1, 5, 4, 6, 3, 2, 4, 6, 3, 6, 1, 6, 3, 3, 6, 5, 3, 2, 3, 6, 6, 1, 3, 3]"
User-036,2,trace_0615,1788724341.4609463,streaming,24724,343,343,376,9,130.4957480430603,206.0860722064972,0.2210243396591722,11.0,0,True,,1788724135.3747938,1788724265.8705418,1788724341.460866,"[1788724265.8705418, 1788724266.4727771, 1788724267.1367874, 1788724267.833738, 1788724268.5607982, 1788724269.306056, 1788724269.9000854, 1788724270.5485299, 1788724271.2270963, 1788724271.9317036, 1788724272.6701312, 1788724273.4398851, 1788724274.2518563, 1788724274.8928998, 1788724275.5025475, 1788724276.1649277, 1788724276.8599918, 1788724277.5864468, 1788724278.346242, 1788724279.1394536, 1788724279.9720705, 1788724280.8479671, 1788724281.74869, 1788724282.6805575, 1788724283.644625, 1788724284.3217385, 1788724284.9129796, 1788724285.5957072, 1788724286.3068445, 1788724287.050865, 1788724287.8242857, 1788724288.6367283, 1788724289.4669206, 1788724290.1085107, 1788724290.7384539, 1788724291.4224129, 1788724292.1389012, 1788724292.8875537, 1788724293.6648924, 1788724294.47667, 1788724295.3185015, 1788724296.1984942, 1788724297.107817, 1788724298.0510619, 1788724299.0209599, 1788724299.8310375, 1788724300.4130588, 1788724301.0636094, 1788724301.7469366, 1788724302.4596546, 1788724303.161432, 1788724303.752405, 1788724304.3969982, 1788724305.0763533, 1788724305.7844198, 1788724306.5295937, 1788724307.3033202, 1788724308.1162992, 1788724308.9685767, 1788724309.8562684, 1788724310.7870274, 1788724311.737752, 1788724312.7290232, 1788724313.2983935, 1788724313.931567, 1788724314.6003623, 1788724315.3012466, 1788724316.0336463, 1788724316.8085537, 1788724317.5434356, 1788724318.135196, 1788724318.7814603, 1788724319.4631908, 1788724320.1725256, 1788724320.923129, 1788724321.6972497, 1788724322.5149245, 1788724323.370705, 1788724324.2591624, 1788724325.179503, 1788724326.1303263, 1788724326.8836899, 1788724327.4740832, 1788724328.1301017, 1788724328.8175051, 1788724329.5575378, 1788724330.3259783, 1788724331.115915, 1788724331.7025979, 1788724332.362925, 1788724333.0540187, 1788724333.7756686, 1788724334.5336683, 1788724335.318484, 1788724336.136148, 1788724336.9829223, 1788724337.8731544, 1788724338.7882378, 1788724339.4535599, 1788724340.054826, 1788724340.7395217, 1788724341.4596686]","[1, 2, 2, 3, 5, 4, 1, 6, 1, 6, 5, 2, 2, 2, 3, 2, 6, 3, 1, 4, 6, 6, 2, 3, 4, 4, 3, 6, 5, 1, 1, 2, 5, 1, 3, 2, 2, 1, 6, 6, 6, 3, 6, 5, 3, 3, 2, 1, 3, 6, 6, 2, 1, 6, 2, 1, 3, 3, 6, 6, 3, 2, 6, 3, 4, 4, 5, 2, 2, 2, 3, 4, 1, 2, 3, 6, 6, 4, 3, 6, 2, 3, 3, 4, 2, 1, 1, 2, 6, 1, 6, 2, 6, 2, 1, 1, 6, 2, 4, 1, 6, 6]"
User-038,2,trace_0661,1788724339.4549649,streaming,29418,263,263,328,131,139.80437707901,194.94037103652954,0.2104427250287005,14.0,0,True,,1788724144.5144947,1788724284.3188717,1788724339.4548657,"[1788724284.3188717, 1788724284.9113426, 1788724285.5939014, 1788724286.3049557, 1788724287.0491412, 1788724287.8225694, 1788724288.63472, 1788724289.4682622, 1788724290.1065967, 1788724290.7368057, 1788724291.420729, 1788724292.1371434, 1788724292.8858793, 1788724293.6632006, 1788724294.475073, 1788724295.316834, 1788724296.196767, 1788724297.1060731, 1788724298.0492818, 1788724299.019291, 1788724299.8294933, 1788724300.4114075, 1788724301.0620337, 1788724301.745229, 1788724302.4579382, 1788724303.1598356, 1788724303.7508001, 1788724304.395046, 1788724305.0746617, 1788724305.7809188, 1788724306.527988, 1788724307.3016667, 1788724308.1146367, 1788724308.9669623, 1788724309.8546195, 1788724310.7849748, 1788724311.73615, 1788724312.7273657, 1788724313.2967975, 1788724313.9299328, 1788724314.598678, 1788724315.2996268, 1788724316.0318532, 1788724316.8069432, 1788724317.540984, 1788724318.1326532, 1788724318.7792957, 1788724319.4610822, 1788724320.1703913, 1788724320.9205973, 1788724321.6950557, 1788724322.5127358, 1788724323.368579, 1788724324.2569702, 1788724325.177309, 1788724326.1282449, 1788724326.881674, 1788724327.4718065, 1788724328.127851, 1788724328.8154168, 1788724329.555424, 1788724330.3233857, 1788724331.1134765, 1788724331.7010205, 1788724332.3612897, 1788724333.0524228, 1788724333.7743795, 1788724334.5320318, 1788724335.3168836, 1788724336.134475, 1788724336.9817207, 1788724337.8715644, 1788724338.7865942, 1788724339.451706]","[1, 1, 2, 5, 2, 3, 4, 6, 1, 1, 3, 1, 2, 6, 3, 1, 3, 6, 4, 5, 6, 6, 3, 6, 1, 3, 6, 4, 4, 6, 2, 5, 2, 3, 4, 2, 1, 6, 2, 6, 4, 2, 2, 6, 6, 6, 6, 1, 2, 1, 3, 4, 4, 2, 4, 1, 1, 6, 6, 3, 6, 3, 2, 1, 6, 2, 2, 3, 4, 6, 6, 3, 6, 5]"
User-022,22,trace_0418,1788724346.5172777,streaming,28839,134,134,435,2,154.21002388000488,173.84783792495728,0.14765273718009317,7.0,0,True,,1788724172.6693537,1788724326.8793776,1788724346.5171916,"[1788724326.8793776, 1788724327.4690485, 1788724328.1249483, 1788724328.8135219, 1788724329.553322, 1788724330.3213093, 1788724331.110492, 1788724331.6983793, 1788724332.3584213, 1788724333.0499947, 1788724333.771854, 1788724334.5292814, 1788724335.314218, 1788724336.129749, 1788724336.9798303, 1788724337.8688984, 1788724338.7842042, 1788724339.44902, 1788724340.051162, 1788724340.7358406, 1788724341.455941, 1788724342.2049863, 1788724342.9841623, 1788724343.7938063, 1788724344.6092598, 1788724345.1977048, 1788724345.8348346, 1788724346.5128]","[1, 1, 6, 6, 6, 6, 6, 6, 5, 1, 6, 6, 5, 6, 6, 6, 6, 1, 2, 6, 6, 6, 6, 3, 6, 6, 6, 1]"
User-058,0,trace_0586,1788724331.116376,streaming,17876,180,180,0,278,133.11422514915466,189.33813643455505,0.31410006304692956,0.0,0,True,,1788724141.7781744,1788724274.8923995,1788724331.1163108,"[1788724274.8923995, 1788724275.502022, 1788724276.1644208, 1788724276.8594613, 1788724277.585936, 1788724278.345702, 1788724279.1389222, 1788724279.9715254, 1788724280.8474271, 1788724281.7481465, 1788724282.6800072, 1788724283.6441002, 1788724284.3212302, 1788724284.912465, 1788724285.595177, 1788724286.3061419, 1788724287.0503016, 1788724287.8237498, 1788724288.6361928, 1788724289.468823, 1788724290.108013, 1788724290.7379348, 1788724291.421861, 1788724292.138329, 1788724292.8870327, 1788724293.6643744, 1788724294.4761386, 1788724295.3179786, 1788724296.1979504, 1788724297.1072798, 1788724298.0504801, 1788724299.0204356, 1788724299.830502, 1788724300.4125383, 1788724301.063095, 1788724301.74635, 1788724302.459122, 1788724303.1609077, 1788724303.7518873, 1788724304.3964422, 1788724305.075829, 1788724305.7823524, 1788724306.5290637, 1788724307.3027723, 1788724308.1157591, 1788724308.968041, 1788724309.8557472, 1788724310.7863784, 1788724311.737193, 1788724312.728471, 1788724313.2978544, 1788724313.931039, 1788724314.599828, 1788724315.3006887, 1788724316.033084, 1788724316.8080277, 1788724317.5429122, 1788724318.1346164, 1788724318.7809396, 1788724319.4626353, 1788724320.1719944, 1788724320.922525, 1788724321.6967273, 1788724322.5143647, 1788724323.3701727, 1788724324.25858, 1788724325.1789443, 1788724326.129801, 1788724326.883179, 1788724327.4735546, 1788724328.1295724, 1788724328.816982, 1788724329.557023, 1788724330.325245, 1788724331.1151202]","[1, 1, 1, 2, 1, 3, 3, 1, 1, 3, 5, 1, 1, 3, 1, 1, 3, 4, 1, 2, 1, 1, 3, 4, 1, 1, 3, 1, 2, 3, 6, 1, 1, 1, 1, 6, 4, 1, 1, 2, 1, 3, 2, 6, 2, 2, 1, 6, 6, 2, 3, 1, 1, 6, 6, 1, 1, 3, 1, 2, 2, 6, 1, 1, 4, 6, 6, 1, 1, 1, 3, 1, 1, 4, 3]"
User-049,2,trace_0273,1788724358.7089458,streaming,18858,91,91,289,5,149.71438717842102,163.80996537208557,0.15661753548516166,10.0,0,True,,1788724194.8989098,1788724344.613297,1788724358.7088752,"[1788724344.613297, 1788724345.2013953, 1788724345.8385484, 1788724346.5168345, 1788724347.240612, 1788724347.9963958, 1788724348.70639, 1788724349.2927244, 1788724349.9649673, 1788724350.6663682, 1788724351.4002564, 1788724352.165023, 1788724352.8893406, 1788724353.481652, 1788724354.1267703, 1788724354.8042774, 1788724355.513696, 1788724356.2581048, 1788724357.0357072, 1788724357.8540041, 1788724358.7070584]","[1, 6, 4, 4, 6, 1, 6, 1, 6, 5, 5, 3, 2, 6, 3, 5, 6, 6, 6, 4, 5]"
User-025,8,trace_0588,1788724316.034091,streaming,30566,70,70,469,3,137.26414728164673,153.4699113368988,0.23486614572829095,10.0,0,True,,1788724162.5640879,1788724299.8282351,1788724316.0339992,"[1788724299.8282351, 1788724300.4100895, 1788724301.060778, 1788724301.7439892, 1788724302.4567714, 1788724303.1586127, 1788724303.7495394, 1788724304.3938575, 1788724305.0735075, 1788724305.779739, 1788724306.526794, 1788724307.3004942, 1788724308.1134136, 1788724308.9654272, 1788724309.8533504, 1788724310.7838857, 1788724311.7349083, 1788724312.724928, 1788724313.294657, 1788724313.9281003, 1788724314.5966287, 1788724315.297587, 1788724316.0298264]","[1, 6, 3, 3, 1, 2, 1, 3, 4, 1, 4, 2, 1, 4, 6, 4, 2, 4, 6, 6, 2, 3, 1]"
