user_id,request_idx,trace_id,timestamp,request_type,input_tokens,output_tokens_expected,output_tokens_actual,cache_hit_blocks,cache_miss_blocks,ttft,ttlt,itl,delay_expected,delay_actual,success,error_message,request_start_time,prefill_complete_time,request_complete_time,token_timestamps,tokens_per_chunk
User-048,3,trace_0546,1788729984.6354055,streaming,14088,78,78,213,4,15.8076913356781,44.88213849067688,0.37759022279219195,5.0,0,True,,1788729939.753204,1788729955.5608954,1788729984.6353426,"[1788729955.5608954, 1788729956.1563654, 1788729956.796872, 1788729957.4686804, 1788729958.164553, 1788729958.7486563, 1788729959.384569, 1788729960.0515254, 1788729960.7502828, 1788729961.4808712, 1788729962.243273, 1788729963.0374534, 1788729963.8646054, 1788729964.5352142, 1788729965.1292498, 1788729965.7854965, 1788729966.4727895, 1788729967.1889913, 1788729967.874962, 1788729968.4728246, 1788729969.1215863, 1788729969.7991035, 1788729970.5106683, 1788729971.248032, 1788729971.8977573, 1788729972.5069625, 1788729973.160991, 1788729973.8490303, 1788729974.5643764, 1788729975.315747, 1788729976.0443103, 1788729976.6331315, 1788729977.2780716, 1788729977.9506924, 1788729978.658201, 1788729979.3926768, 1788729980.012019, 1788729980.6257432, 1788729981.2933722, 1788729981.9901345, 1788729982.71863, 1788729983.343232, 1788729983.9602413, 1788729984.6300771]","[1, 1, 2, 1, 2, 1, 2, 2, 3, 1, 2, 1, 3, 2, 2, 1, 1, 3, 2, 3, 1, 1, 2, 2, 1, 1, 3, 2, 1, 2, 1, 4, 3, 1, 3, 1, 1, 2, 1, 2, 2, 3, 1, 1]"
User-098,385,trace_0379,1788729997.5725858,streaming,14075,67,67,210,7,30.409751176834106,56.081562519073486,0.3889668385187785,5.0,0,True,,1788729941.4909418,1788729971.900693,1788729997.5725043,"[1788729971.900693, 1788729972.5097566, 1788729973.1637673, 1788729973.8518658, 1788729974.5671759, 1788729975.3184056, 1788729976.0477495, 1788729976.6364217, 1788729977.2814724, 1788729977.9540215, 1788729978.661529, 1788729979.3962846, 1788729980.0158625, 1788729980.6296687, 1788729981.2971876, 1788729981.9939187, 1788729982.7224772, 1788729983.3477132, 1788729983.9647312, 1788729984.6348047, 1788729985.3339934, 1788729986.0688245, 1788729986.6591263, 1788729987.2963707, 1788729987.967757, 1788729988.6674855, 1788729989.4017751, 1788729990.0498798, 1788729990.6582165, 1788729991.3212197, 1788729992.01065, 1788729992.724821, 1788729993.4114606, 1788729994.0102441, 1788729994.6625352, 1788729995.345629, 1788729996.0565324, 1788729996.8018498, 1788729997.5716047]","[1, 1, 2, 1, 3, 2, 2, 1, 1, 3, 2, 3, 1, 1, 2, 2, 1, 1, 3, 2, 1, 2, 1, 4, 3, 1, 3, 1, 1, 2, 1, 1, 3, 2, 1, 1, 1, 2, 1]"
User-033,2,trace_0538,1788730005.039859,streaming,10676,118,118,159,3,18.38775324821472,65.26094579696655,0.40062557733975923,8.0,0,True,,1788729939.778837,1788729958.1665902,1788730005.0397828,"[1788729958.1665902, 1788729958.7504432, 1788729959.3863232, 1788729960.0533028, 1788729960.7521055, 1788729961.4826272, 1788729962.2450194, 1788729963.0392344, 1788729963.8664098, 1788729964.5378187, 1788729965.1315467, 1788729965.7878838, 1788729966.4751403, 1788729967.1913643, 1788729967.877062, 1788729968.4750993, 1788729969.1240358, 1788729969.8013465, 1788729970.5128934, 1788729971.2502282, 1788729971.8998847, 1788729972.5091794, 1788729973.1632447, 1788729973.85126, 1788729974.5665643, 1788729975.3179045, 1788729976.0472364, 1788729976.6358962, 1788729977.280942, 1788729977.9534647, 1788729978.6609948, 1788729979.395725, 1788729980.0154455, 1788729980.6291356, 1788729981.296641, 1788729981.9934077, 1788729982.72192, 1788729983.3472164, 1788729983.9642096, 1788729984.6342735, 1788729985.3334577, 1788729986.0683322, 1788729986.6585894, 1788729987.2958395, 1788729987.9673638, 1788729988.6669614, 1788729989.4012666, 1788729990.0493731, 1788729990.6576283, 1788729991.3207107, 1788729992.0101042, 1788729992.7242975, 1788729993.4109538, 1788729994.009746, 1788729994.6620088, 1788729995.3451133, 1788729996.0559752, 1788729996.801342, 1788729997.5710492, 1788729998.2133083, 1788729998.8404744, 1788729999.5116813, 1788730000.214112, 1788730000.9458358, 1788730001.7030835, 1788730002.4875479, 1788730003.3053157, 1788730004.1540558, 1788730005.0389016]","[1, 2, 1, 2, 1, 1, 1, 1, 1, 2, 2, 2, 1, 1, 1, 1, 2, 3, 2, 2, 1, 4, 1, 5, 3, 1, 2, 1, 2, 2, 2, 6, 5, 2, 1, 1, 1, 2, 1, 2, 1, 1, 1, 1, 2, 1, 1, 2, 3, 1, 3, 1, 1, 1, 1, 1, 6, 1, 1, 1, 1, 1, 2, 1, 2, 1, 1, 1, 2]"
User-046,2,trace_0334,1788730028.2280498,streaming,15785,132,132,249,246,34.38728213310242,86.56951856613159,0.3983376826948792,77.0,0,True,,1788729941.6584275,1788729976.0457096,1788730028.227946,"[1788729976.0457096, 1788729976.6343076, 1788729977.279357, 1788729977.9518902, 1788729978.6594095, 1788729979.3941329, 1788729980.0131388, 1788729980.627013, 1788729981.2945414, 1788729981.9913473, 1788729982.7198486, 1788729983.344388, 1788729983.9615304, 1788729984.6315374, 1788729985.3301227, 1788729986.0643864, 1788729986.654817, 1788729987.2919843, 1788729987.963522, 1788729988.6631281, 1788729989.3974466, 1788729990.0458465, 1788729990.6537085, 1788729991.316997, 1788729992.006342, 1788729992.7205694, 1788729993.406475, 1788729994.005501, 1788729994.6577644, 1788729995.3409047, 1788729996.0517063, 1788729996.7970064, 1788729997.5666337, 1788729998.208365, 1788729998.836077, 1788729999.506583, 1788730000.2093801, 1788730000.9392095, 1788730001.698163, 1788730002.4828641, 1788730003.3005474, 1788730004.1493342, 1788730005.033745, 1788730005.9386203, 1788730006.788424, 1788730007.3997235, 1788730008.0706985, 1788730008.7682528, 1788730009.4979768, 1788730010.2495441, 1788730011.0329216, 1788730011.8480434, 1788730012.5363746, 1788730013.142202, 1788730013.805777, 1788730014.5014002, 1788730015.2214892, 1788730015.9736533, 1788730016.7522998, 1788730017.5708077, 1788730018.1614537, 1788730018.80834, 1788730019.4847867, 1788730020.187368, 1788730020.9212952, 1788730021.683694, 1788730022.4770572, 1788730023.3245373, 1788730023.9109433, 1788730024.5545745, 1788730025.2290409, 1788730025.9346476, 1788730026.6641824, 1788730027.4269161, 1788730028.220694]","[1, 1, 1, 2, 3, 1, 3, 1, 1, 3, 2, 3, 1, 3, 2, 1, 1, 3, 2, 1, 2, 1, 4, 3, 1, 3, 2, 3, 1, 2, 1, 2, 5, 4, 2, 1, 1, 1, 1, 1, 2, 1, 1, 1, 3, 2, 1, 1, 2, 1, 4, 3, 1, 4, 1, 2, 1, 1, 1, 1, 1, 1, 2, 1, 1, 1, 1, 2, 1, 1, 2, 2, 2, 2, 1]"
User-039,2,trace_0220,1788730039.9512541,streaming,13162,211,211,435,12,27.632918119430542,99.70995712280273,0.3432239952541533,22.0,0,True,,1788729940.24124,1788729967.8741581,1788730039.9511971,"[1788729967.8741581, 1788729968.4722092, 1788729969.1209474, 1788729969.7984478, 1788729970.510015, 1788729971.2473838, 1788729971.8971033, 1788729972.506315, 1788729973.1603649, 1788729973.848403, 1788729974.5637674, 1788729975.3151448, 1788729976.0436766, 1788729976.6324914, 1788729977.2745972, 1788729977.950086, 1788729978.657577, 1788729979.3920674, 1788729980.01141, 1788729980.6250684, 1788729981.2927296, 1788729981.9895205, 1788729982.7179973, 1788729983.3425758, 1788729983.9552972, 1788729984.629303, 1788729985.329342, 1788729986.063781, 1788729986.6541424, 1788729987.2913265, 1788729987.9629154, 1788729988.6624668, 1788729989.3968072, 1788729990.0451903, 1788729990.6530318, 1788729991.316343, 1788729992.0057015, 1788729992.719868, 1788729993.40595, 1788729994.0047903, 1788729994.6571202, 1788729995.3402321, 1788729996.0510163, 1788729996.796373, 1788729997.5660126, 1788729998.2078311, 1788729998.8354418, 1788729999.5059345, 1788730000.2086892, 1788730000.9385197, 1788730001.697486, 1788730002.4821832, 1788730003.3000007, 1788730004.1486797, 1788730005.0330768, 1788730005.9379907, 1788730006.7877595, 1788730007.3990476, 1788730008.0700734, 1788730008.7676048, 1788730009.4973297, 1788730010.2489944, 1788730011.0322855, 1788730011.8473885, 1788730012.5358295, 1788730013.1415625, 1788730013.8051353, 1788730014.50072, 1788730015.220836, 1788730015.973007, 1788730016.7516584, 1788730017.5702293, 1788730018.1608243, 1788730018.8076897, 1788730019.4841487, 1788730020.186706, 1788730020.9206412, 1788730021.683118, 1788730022.476422, 1788730023.3238792, 1788730023.9102516, 1788730024.5539324, 1788730025.2284029, 1788730025.9340005, 1788730026.6635349, 1788730027.4262993, 1788730028.2200205, 1788730028.992301, 1788730029.5976217, 1788730030.2637885, 1788730030.9528353, 1788730031.6707609, 1788730032.419351, 1788730033.1882489, 1788730033.9919624, 1788730034.8239732, 1788730035.686923, 1788730036.5820825, 1788730037.1693683, 1788730037.8166795, 1788730038.4883978, 1788730039.1924443, 1788730039.9421513]","[1, 1, 1, 1, 3, 3, 1, 1, 2, 2, 1, 1, 2, 2, 2, 1, 2, 2, 1, 5, 2, 2, 2, 3, 1, 4, 3, 1, 3, 3, 1, 2, 3, 3, 4, 6, 2, 2, 1, 2, 1, 3, 3, 1, 2, 2, 1, 2, 3, 2, 2, 1, 2, 4, 3, 1, 4, 4, 2, 2, 3, 1, 1, 3, 3, 1, 2, 2, 2, 2, 4, 3, 1, 2, 1, 2, 2, 2, 1, 1, 4, 2, 1, 2, 1, 2, 2, 1, 2, 1, 2, 1, 2, 5, 3, 2, 1, 1, 3, 1, 1, 1, 1]"
User-070,2,trace_0477,1788730039.9514816,streaming,20651,163,163,307,15,24.721847772598267,100.13598680496216,0.465519376742987,12.0,0,True,,1788729939.8154507,1788729964.5372984,1788730039.9514375,"[1788729964.5372984, 1788729965.1310167, 1788729965.7873433, 1788729966.4745827, 1788729967.1908462, 1788729967.8765469, 1788729968.4745252, 1788729969.1234813, 1788729969.8007832, 1788729970.5123746, 1788729971.2497106, 1788729971.8993914, 1788729972.5086505, 1788729973.162689, 1788729973.8507102, 1788729974.566056, 1788729975.3173928, 1788729976.0466998, 1788729976.635381, 1788729977.2804213, 1788729977.9529402, 1788729978.660477, 1788729979.3951983, 1788729980.0150251, 1788729980.6285768, 1788729981.2961218, 1788729981.9929018, 1788729982.7214112, 1788729983.3458993, 1788729983.9631488, 1788729984.6331153, 1788729985.332425, 1788729986.0664947, 1788729986.6570024, 1788729987.2942085, 1788729987.9657538, 1788729988.6653306, 1788729989.3996694, 1788729990.0479, 1788729990.6560826, 1788729991.319125, 1788729992.0085113, 1788729992.7226846, 1788729993.409468, 1788729994.0081522, 1788729994.6603978, 1788729995.3435261, 1788729996.0543323, 1788729996.7997394, 1788729997.5693765, 1788729998.211823, 1788729998.8392797, 1788729999.5097287, 1788730000.2125578, 1788730000.9426196, 1788730001.7014945, 1788730002.486024, 1788730003.3037906, 1788730004.1525197, 1788730005.03729, 1788730005.941861, 1788730006.7914588, 1788730007.4029264, 1788730008.0738833, 1788730008.7729318, 1788730009.5012207, 1788730010.2527833, 1788730011.036184, 1788730011.8513415, 1788730012.5394907, 1788730013.145404, 1788730013.8110554, 1788730014.504682, 1788730015.224764, 1788730015.9768827, 1788730016.7554786, 1788730017.5748465, 1788730018.1651795, 1788730018.8120494, 1788730019.4885194, 1788730020.1910698, 1788730020.9272754, 1788730021.687462, 1788730022.4808323, 1788730023.3289177, 1788730023.9151402, 1788730024.558817, 1788730025.2332444, 1788730025.9389307, 1788730026.6684048, 1788730027.431265, 1788730028.2253566, 1788730028.997186, 1788730029.6024528, 1788730030.2685204, 1788730030.9577022, 1788730031.6757052, 1788730032.4242146, 1788730033.195689, 1788730033.9968324, 1788730034.8288288, 1788730035.6919632, 1788730036.5874789, 1788730037.1747742, 1788730037.8221347, 1788730038.493817, 1788730039.1977634, 1788730039.9482958]","[1, 1, 1, 1, 2, 1, 1, 3, 4, 1, 1, 1, 2, 1, 1, 1, 2, 2, 1, 1, 1, 1, 1, 1, 1, 1, 1, 1, 2, 1, 2, 1, 2, 1, 1, 1, 2, 3, 1, 1, 2, 2, 1, 1, 3, 1, 2, 2, 1, 1, 1, 1, 2, 2, 1, 1, 1, 1, 3, 1, 2, 1, 2, 4, 1, 2, 3, 1, 2, 1, 1, 1, 1, 2, 1, 4, 1, 3, 1, 1, 1, 2, 1, 1, 1, 2, 1, 1, 1, 2, 1, 1, 1, 1, 1, 2, 3, 1, 2, 2, 1, 1, 2, 2, 4, 1, 2, 2]"
User-106,112,trace_0626,1788730048.4812987,streaming,27927,119,119,429,4,65.00195646286011,106.6899139881134,0.3532877756377398,6.0,0,True,,1788729941.7912974,1788730006.793254,1788730048.4812114,"[1788730006.793254, 1788730007.404453, 1788730008.0754652, 1788730008.7741504, 1788730009.5027857, 1788730010.254338, 1788730011.0377028, 1788730011.8529303, 1788730012.541828, 1788730013.147428, 1788730013.813144, 1788730014.506767, 1788730015.2268686, 1788730015.978941, 1788730016.7574887, 1788730017.5768602, 1788730018.1672835, 1788730018.8141088, 1788730019.4905124, 1788730020.1931212, 1788730020.9293225, 1788730021.6895216, 1788730022.4828663, 1788730023.3310108, 1788730023.9171743, 1788730024.5606096, 1788730025.235273, 1788730025.9410098, 1788730026.6704266, 1788730027.4333763, 1788730028.2274253, 1788730028.999302, 1788730029.6045368, 1788730030.2700539, 1788730030.959724, 1788730031.6777518, 1788730032.4262722, 1788730033.1977851, 1788730033.998905, 1788730034.8308284, 1788730035.6940322, 1788730036.589109, 1788730037.17678, 1788730037.8241994, 1788730038.4957001, 1788730039.1996577, 1788730039.950685, 1788730040.7114449, 1788730041.515295, 1788730042.1879046, 1788730042.7990506, 1788730043.4676816, 1788730044.167989, 1788730044.8942046, 1788730045.651844, 1788730046.4389083, 1788730047.2257404, 1788730047.8175118, 1788730048.480504]","[1, 1, 3, 5, 3, 1, 1, 2, 2, 2, 1, 1, 4, 2, 2, 4, 2, 2, 1, 3, 1, 3, 1, 3, 1, 2, 2, 1, 2, 4, 4, 2, 1, 1, 1, 1, 1, 1, 2, 1, 1, 1, 1, 1, 6, 3, 2, 1, 4, 2, 2, 4, 3, 3, 1, 1, 2, 1, 2]"
User-142,0,trace_0043,1788730052.8863387,streaming,15840,132,132,0,247,55.16418409347534,109.839111328125,0.4173658567530508,0.0,0,True,,1788729943.0471518,1788729998.211336,1788730052.8862631,"[1788729998.211336, 1788729998.838682, 1788729999.5092177, 1788730000.212056, 1788730000.942094, 1788730001.7009025, 1788730002.4854577, 1788730003.3032923, 1788730004.1519556, 1788730005.0367835, 1788730005.9413424, 1788730006.7909675, 1788730007.4023404, 1788730008.0733047, 1788730008.77237, 1788730009.5007093, 1788730010.2522714, 1788730011.0356178, 1788730011.8508205, 1788730012.5390046, 1788730013.144834, 1788730013.810508, 1788730014.5040984, 1788730015.2241836, 1788730015.9762976, 1788730016.7548842, 1788730017.57433, 1788730018.1646752, 1788730018.8114717, 1788730019.4879537, 1788730020.1905513, 1788730020.9267201, 1788730021.6869452, 1788730022.4803305, 1788730023.3275852, 1788730023.9141295, 1788730024.5577788, 1788730025.2322555, 1788730025.9378026, 1788730026.6673977, 1788730027.430211, 1788730028.22431, 1788730028.9962223, 1788730029.6014574, 1788730030.267642, 1788730030.9566526, 1788730031.6746123, 1788730032.423173, 1788730033.194491, 1788730033.9957914, 1788730034.8278098, 1788730035.69092, 1788730036.5865574, 1788730037.173696, 1788730037.8210948, 1788730038.4928148, 1788730039.196749, 1788730039.9471045, 1788730040.7088742, 1788730041.5127726, 1788730042.1854403, 1788730042.7965183, 1788730043.4651432, 1788730044.1653557, 1788730044.8916805, 1788730045.6464329, 1788730046.4363692, 1788730047.2231078, 1788730047.8150272, 1788730048.478233, 1788730049.1509821, 1788730049.8685288, 1788730050.6206112, 1788730051.3987749, 1788730052.2024271, 1788730052.883378]","[1, 1, 1, 1, 3, 3, 1, 1, 2, 1, 2, 2, 1, 1, 2, 2, 2, 2, 1, 1, 1, 1, 1, 1, 1, 1, 3, 1, 1, 2, 1, 1, 1, 2, 1, 1, 1, 1, 2, 1, 1, 2, 2, 1, 1, 3, 5, 1, 3, 1, 1, 1, 2, 6, 1, 1, 4, 4, 1, 1, 2, 3, 2, 3, 4, 2, 3, 2, 3, 1, 2, 1, 1, 3, 1, 1]"
User-068,0,trace_0307,1788730057.1859214,streaming,11896,247,247,0,185,13.068502426147461,118.69712972640991,0.4293846638222051,0.0,0,True,,1788729938.488663,1788729951.5571654,1788730057.1857927,"[1788729951.5571654, 1788729952.137391, 1788729952.7723625, 1788729953.4394758, 1788729954.1376028, 1788729954.865171, 1788729955.5620787, 1788729956.1575582, 1788729956.7982354, 1788729957.4699953, 1788729958.165689, 1788729958.7498977, 1788729959.3857934, 1788729960.052741, 1788729960.751577, 1788729961.4820812, 1788729962.244475, 1788729963.038657, 1788729963.865847, 1788729964.5364575, 1788729965.1304631, 1788729965.786774, 1788729966.4740155, 1788729967.190294, 1788729967.8760386, 1788729968.4739964, 1788729969.1229353, 1788729969.8002667, 1788729970.5118551, 1788729971.2491906, 1788729971.8988914, 1788729972.5081224, 1788729973.1621654, 1788729973.8501885, 1788729974.5655303, 1788729975.3168936, 1788729976.0462096, 1788729976.6348457, 1788729977.279877, 1788729977.9524322, 1788729978.6599417, 1788729979.3946517, 1788729980.013679, 1788729980.6275399, 1788729981.2950895, 1788729981.9918735, 1788729982.7203696, 1788729983.3448973, 1788729983.9620616, 1788729984.6320765, 1788729985.3312652, 1788729986.0655088, 1788729986.6559632, 1788729987.2931669, 1788729987.9647195, 1788729988.6642914, 1788729989.3985941, 1788729990.0468671, 1788729990.654818, 1788729991.3180752, 1788729992.0074744, 1788729992.7216067, 1788729993.407664, 1788729994.0065458, 1788729994.658851, 1788729995.3419523, 1788729996.0527864, 1788729996.7980676, 1788729997.5677457, 1788729998.2094765, 1788729998.8371491, 1788729999.5076504, 1788730000.2104435, 1788730000.9402711, 1788730001.6992831, 1788730002.4839067, 1788730003.3016126, 1788730004.1503718, 1788730005.0350306, 1788730005.939695, 1788730006.7894652, 1788730007.4007642, 1788730008.0717683, 1788730008.769289, 1788730009.499085, 1788730010.2505903, 1788730011.0340157, 1788730011.8491473, 1788730012.537505, 1788730013.1432927, 1788730013.8086705, 1788730014.5024593, 1788730015.2225277, 1788730015.9747012, 1788730016.7533207, 1788730017.5719638, 1788730018.162485, 1788730018.809392, 1788730019.4858398, 1788730020.188407, 1788730020.9223583, 1788730021.6847577, 1788730022.478121, 1788730023.3255768, 1788730023.9120169, 1788730024.5556397, 1788730025.2300923, 1788730025.9357305, 1788730026.6651604, 1788730027.427988, 1788730028.2220535, 1788730028.9942157, 1788730029.599333, 1788730030.26545, 1788730030.9544907, 1788730031.672469, 1788730032.421024, 1788730033.1899538, 1788730033.9935822, 1788730034.8256264, 1788730035.6886, 1788730036.5845466, 1788730037.1715884, 1788730037.8188965, 1788730038.4906325, 1788730039.194558, 1788730039.9446516, 1788730040.7067132, 1788730041.5106208, 1788730042.1834767, 1788730042.7943442, 1788730043.46264, 1788730044.1632, 1788730044.8895254, 1788730045.6443138, 1788730046.434174, 1788730047.2211087, 1788730047.8127635, 1788730048.4761896, 1788730049.145704, 1788730049.8663745, 1788730050.6184783, 1788730051.396612, 1788730052.2002966, 1788730052.8812675, 1788730053.4980073, 1788730054.184542, 1788730054.892781, 1788730055.6207757, 1788730056.3894155, 1788730057.1812325]","[1, 1, 1, 1, 3, 3, 1, 1, 2, 1, 2, 2, 2, 2, 1, 2, 2, 1, 3, 1, 1, 1, 3, 1, 1, 1, 2, 1, 1, 1, 1, 1, 3, 1, 1, 1, 1, 2, 2, 1, 4, 1, 1, 2, 2, 2, 2, 1, 2, 1, 1, 2, 2, 2, 1, 2, 1, 1, 1, 1, 1, 3, 1, 3, 1, 1, 2, 2, 2, 2, 1, 1, 2, 1, 1, 2, 2, 1, 2, 2, 1, 2, 3, 3, 1, 2, 4, 1, 1, 1, 1, 2, 1, 2, 1, 3, 2, 1, 1, 5, 2, 1, 2, 1, 1, 1, 2, 2, 2, 1, 2, 1, 2, 1, 1, 1, 1, 2, 2, 2, 2, 1, 1, 1, 1, 5, 2, 2, 1, 2, 2, 1, 1, 2, 2, 3, 2, 2, 3, 1, 1, 1, 2, 2, 3, 1, 1, 1, 2, 2, 1]"
User-137,0,trace_0491,1788730065.3045616,streaming,13043,187,187,0,203,47.2097954750061,122.4697015285492,0.4046231508255005,0.0,0,True,,1788729942.834795,1788729990.0445905,1788730065.3044965,"[1788729990.0445905, 1788729990.6522899, 1788729991.3157332, 1788729992.0050888, 1788729992.719255, 1788729993.4053342, 1788729994.0041797, 1788729994.656461, 1788729995.3396177, 1788729996.0503576, 1788729996.7957451, 1788729997.5651195, 1788729998.2072008, 1788729998.8348165, 1788729999.505329, 1788730000.2080693, 1788730000.937786, 1788730001.6968465, 1788730002.481549, 1788730003.2992816, 1788730004.1480496, 1788730005.0324397, 1788730005.9373708, 1788730006.7870538, 1788730007.3983996, 1788730008.069439, 1788730008.7670012, 1788730009.4966807, 1788730010.2482293, 1788730011.0316653, 1788730011.8464272, 1788730012.5351665, 1788730013.1409543, 1788730013.804495, 1788730014.5000918, 1788730015.2202058, 1788730015.9723964, 1788730016.7510154, 1788730017.5695605, 1788730018.1602006, 1788730018.8070781, 1788730019.4835227, 1788730020.1860802, 1788730020.919992, 1788730021.6823664, 1788730022.475772, 1788730023.3231952, 1788730023.909617, 1788730024.5533197, 1788730025.2277608, 1788730025.9333923, 1788730026.6628969, 1788730027.4254365, 1788730028.2194169, 1788730028.9916635, 1788730029.597018, 1788730030.2631636, 1788730030.9522352, 1788730031.6701038, 1788730032.4186974, 1788730033.1876276, 1788730033.9912658, 1788730034.8233593, 1788730035.6862805, 1788730036.581176, 1788730037.1687565, 1788730037.8160672, 1788730038.4877734, 1788730039.1918314, 1788730039.9412615, 1788730040.70453, 1788730041.5083528, 1788730042.180298, 1788730042.7916121, 1788730043.4598637, 1788730044.1603494, 1788730044.8865595, 1788730045.641355, 1788730046.4312305, 1788730047.2172604, 1788730047.8094337, 1788730048.4726062, 1788730049.142209, 1788730049.8628807, 1788730050.6150508, 1788730051.3931375, 1788730052.1968157, 1788730052.876882, 1788730053.49396, 1788730054.180532, 1788730054.8884933, 1788730055.6168418, 1788730056.385462, 1788730057.1771576, 1788730057.9918084, 1788730058.6785188, 1788730059.288712, 1788730059.9485664, 1788730060.6494727, 1788730061.372086, 1788730062.1187005, 1788730062.9010253, 1788730063.7117012, 1788730064.5561535, 1788730065.2946365]","[1, 1, 1, 1, 3, 3, 1, 4, 2, 1, 1, 2, 1, 1, 1, 1, 2, 2, 3, 2, 1, 1, 1, 1, 1, 2, 1, 2, 1, 2, 3, 1, 2, 1, 1, 3, 1, 2, 2, 1, 1, 1, 3, 1, 3, 5, 1, 1, 1, 4, 2, 3, 3, 2, 2, 1, 2, 2, 2, 1, 2, 1, 1, 1, 2, 2, 1, 3, 2, 1, 1, 1, 5, 2, 1, 1, 1, 1, 2, 1, 2, 2, 2, 3, 4, 1, 2, 1, 4, 4, 1, 2, 1, 2, 1, 1, 1, 3, 2, 2, 2, 3, 1, 1, 2]"
User-029,0,trace_0579,1788730095.050094,streaming,18429,180,180,0,287,79.73021078109741,157.20736122131348,0.4328332426827713,0.0,0,True,,1788729937.8426178,1788730017.5728285,1788730095.049979,"[1788730017.5728285, 1788730018.1630576, 1788730018.8099105, 1788730019.4863427, 1788730020.1889336, 1788730020.9248843, 1788730021.6852994, 1788730022.478643, 1788730023.3260705, 1788730023.9125319, 1788730024.5561526, 1788730025.2306163, 1788730025.9362526, 1788730026.6657116, 1788730027.4285138, 1788730028.2225695, 1788730028.9947028, 1788730029.5998373, 1788730030.265984, 1788730030.9550278, 1788730031.6729848, 1788730032.4215481, 1788730033.1904812, 1788730033.9942167, 1788730034.826134, 1788730035.6891177, 1788730036.5850494, 1788730037.1720908, 1788730037.819426, 1788730038.491173, 1788730039.1950998, 1788730039.9451978, 1788730040.707274, 1788730041.5111647, 1788730042.18398, 1788730042.7949095, 1788730043.4631872, 1788730044.1637132, 1788730044.8900335, 1788730045.6448116, 1788730046.4348323, 1788730047.2216117, 1788730047.8135147, 1788730048.4767096, 1788730049.146206, 1788730049.866893, 1788730050.6190019, 1788730051.3971279, 1788730052.2009134, 1788730052.881794, 1788730053.4985096, 1788730054.185129, 1788730054.8933055, 1788730055.6212976, 1788730056.3899255, 1788730057.1820395, 1788730057.9956481, 1788730058.6823745, 1788730059.2925982, 1788730059.9524872, 1788730060.6533344, 1788730061.3762894, 1788730062.1224916, 1788730062.9048672, 1788730063.7158685, 1788730064.5600405, 1788730065.2999532, 1788730065.8941252, 1788730066.5665565, 1788730067.276403, 1788730068.0089462, 1788730068.7645698, 1788730069.5516174, 1788730070.2646093, 1788730070.879318, 1788730071.542058, 1788730072.2310882, 1788730072.9541886, 1788730073.7020855, 1788730074.4769619, 1788730075.290642, 1788730076.1368043, 1788730076.8404436, 1788730077.4449003, 1788730078.11195, 1788730078.8099566, 1788730079.5340235, 1788730080.2881885, 1788730081.07273, 1788730081.8944943, 1788730082.7425888, 1788730083.6246939, 1788730084.3156867, 1788730084.9272473, 1788730085.5913417, 1788730086.2952955, 1788730087.026033, 1788730087.7792833, 1788730088.5674095, 1788730089.3236706, 1788730089.933471, 1788730090.5939014, 1788730091.2801733, 1788730091.9992044, 1788730092.7459671, 1788730093.5209563, 1788730094.323809, 1788730095.041023]","[1, 1, 1, 1, 3, 3, 1, 1, 1, 1, 2, 1, 3, 2, 1, 1, 1, 2, 2, 2, 1, 1, 1, 1, 2, 1, 1, 1, 1, 1, 2, 2, 3, 1, 2, 1, 1, 2, 3, 1, 1, 2, 1, 1, 2, 2, 1, 2, 1, 1, 3, 1, 1, 1, 2, 2, 2, 4, 4, 5, 1, 2, 1, 1, 1, 3, 1, 1, 2, 1, 2, 2, 2, 2, 1, 1, 3, 1, 2, 1, 5, 1, 2, 1, 1, 1, 2, 1, 4, 2, 1, 2, 2, 1, 1, 1, 1, 1, 1, 1, 2, 2, 1, 3, 1, 2, 3, 4]"
User-057,0,trace_0276,1788730096.3476627,streaming,18280,101,101,0,285,109.00713849067688,158.13512015342712,0.4912798166275024,0.0,0,True,,1788729938.212451,1788730047.2195895,1788730096.3475711,"[1788730047.2195895, 1788730047.8112586, 1788730048.474646, 1788730049.1442037, 1788730049.8648403, 1788730050.6169672, 1788730051.3950634, 1788730052.1987693, 1788730052.8788764, 1788730053.495764, 1788730054.1824584, 1788730054.8905056, 1788730055.6185963, 1788730056.3873484, 1788730057.1790414, 1788730057.99359, 1788730058.6803968, 1788730059.290486, 1788730059.950391, 1788730060.6513116, 1788730061.3739927, 1788730062.1204755, 1788730062.9028485, 1788730063.7135487, 1788730064.5579112, 1788730065.2970042, 1788730065.891554, 1788730066.5639992, 1788730067.2737985, 1788730068.0063248, 1788730068.7619116, 1788730069.5490441, 1788730070.2618783, 1788730070.8766031, 1788730071.5395224, 1788730072.2284944, 1788730072.9516308, 1788730073.6992805, 1788730074.4743404, 1788730075.2880595, 1788730076.1341598, 1788730076.8377862, 1788730077.4422731, 1788730078.1093206, 1788730078.8073146, 1788730079.5314415, 1788730080.2853463, 1788730081.0699916, 1788730081.891878, 1788730082.7399857, 1788730083.622069, 1788730084.3121629, 1788730084.9239905, 1788730085.5882335, 1788730086.2920418, 1788730087.022708, 1788730087.7760053, 1788730088.564045, 1788730089.3300004, 1788730089.9397802, 1788730090.6004581, 1788730091.285713, 1788730092.0054657, 1788730092.7521794, 1788730093.5272055, 1788730094.329958, 1788730095.047952, 1788730095.6549037, 1788730096.3457105]","[1, 1, 1, 1, 1, 1, 2, 1, 1, 1, 3, 1, 1, 2, 1, 1, 1, 3, 2, 1, 2, 1, 2, 1, 1, 2, 1, 2, 1, 1, 1, 1, 3, 1, 2, 1, 2, 1, 2, 2, 1, 1, 1, 1, 3, 1, 2, 1, 2, 1, 1, 2, 1, 3, 1, 2, 1, 3, 1, 1, 2, 1, 2, 1, 2, 2, 1, 2, 1]"
User-054,0,trace_0666,1788730102.1462739,streaming,17435,124,124,0,272,104.01498341560364,163.97922706604004,0.4875141760198081,0.0,0,True,,1788729938.1669478,1788730042.1819313,1788730102.146175,"[1788730042.1819313, 1788730042.7927725, 1788730043.4611, 1788730044.1615942, 1788730044.88798, 1788730045.6427844, 1788730046.432595, 1788730047.2187011, 1788730047.8107226, 1788730048.474055, 1788730049.1436617, 1788730049.8642929, 1788730050.6164436, 1788730051.394518, 1788730052.198213, 1788730052.8783216, 1788730053.495258, 1788730054.1819382, 1788730054.8899643, 1788730055.6180835, 1788730056.3867948, 1788730057.1784775, 1788730057.9930592, 1788730058.6798732, 1788730059.289965, 1788730059.9498649, 1788730060.6507835, 1788730061.3734586, 1788730062.1199644, 1788730062.9023008, 1788730063.7130287, 1788730064.5574002, 1788730065.2964733, 1788730065.890245, 1788730066.5627623, 1788730067.2725148, 1788730068.0050735, 1788730068.7606556, 1788730069.5478134, 1788730070.2606802, 1788730070.875339, 1788730071.5381298, 1788730072.2272184, 1788730072.9503455, 1788730073.697874, 1788730074.473075, 1788730075.2868013, 1788730076.1329153, 1788730076.8365934, 1788730077.441037, 1788730078.1080763, 1788730078.8059988, 1788730079.5301118, 1788730080.284036, 1788730081.068736, 1788730081.8905797, 1788730082.7387009, 1788730083.6209164, 1788730084.3109453, 1788730084.9226978, 1788730085.5869443, 1788730086.290779, 1788730087.021438, 1788730087.7746887, 1788730088.5626535, 1788730089.3207836, 1788730089.9306347, 1788730090.591084, 1788730091.2772446, 1788730091.9963405, 1788730092.7431166, 1788730093.5181227, 1788730094.3209121, 1788730095.037774, 1788730095.646245, 1788730096.3369672, 1788730097.0397696, 1788730097.7716467, 1788730098.535389, 1788730099.3279464, 1788730100.1439548, 1788730100.85028, 1788730101.472009, 1788730102.1413205]","[1, 1, 1, 1, 1, 2, 1, 1, 2, 1, 3, 1, 1, 1, 3, 1, 1, 1, 2, 1, 4, 1, 1, 2, 1, 1, 1, 1, 1, 1, 2, 1, 2, 2, 1, 3, 2, 2, 2, 1, 1, 2, 1, 2, 2, 3, 1, 2, 1, 2, 1, 1, 1, 1, 1, 1, 2, 2, 3, 1, 1, 1, 2, 1, 1, 1, 1, 1, 1, 2, 2, 1, 1, 2, 2, 1, 1, 1, 2, 1, 2, 1, 4, 1]"
User-026,0,trace_0569,1788730102.858249,streaming,18579,191,188,0,289,74.74379706382751,165.06063222885132,0.4829777281552075,0.0,0,True,,1788729937.7975245,1788730012.5413215,1788730102.8581567,"[1788730012.5413215, 1788730013.146921, 1788730013.8126059, 1788730014.5062206, 1788730015.2263446, 1788730015.9783986, 1788730016.7569907, 1788730017.5763404, 1788730018.166775, 1788730018.8135936, 1788730019.490015, 1788730020.1925862, 1788730020.9288027, 1788730021.6889918, 1788730022.4823332, 1788730023.3305018, 1788730023.9166517, 1788730024.5602345, 1788730025.234768, 1788730025.9404893, 1788730026.669927, 1788730027.432837, 1788730028.2268953, 1788730028.9986424, 1788730029.604031, 1788730030.2696452, 1788730030.9592252, 1788730031.6772444, 1788730032.425754, 1788730033.1972682, 1788730033.998362, 1788730034.830315, 1788730035.6934972, 1788730036.5887153, 1788730037.1762755, 1788730037.8236887, 1788730038.4953172, 1788730039.1992626, 1788730039.950167, 1788730040.7109113, 1788730041.5147867, 1788730042.187382, 1788730042.7985396, 1788730043.4671736, 1788730044.167477, 1788730044.8936899, 1788730045.6511521, 1788730046.4383523, 1788730047.2252252, 1788730047.8169966, 1788730048.480082, 1788730049.1521354, 1788730049.8705182, 1788730050.6226025, 1788730051.4007783, 1788730052.2044156, 1788730052.8856618, 1788730053.5011055, 1788730054.1882122, 1788730054.8964276, 1788730055.6244123, 1788730056.3930955, 1788730057.185171, 1788730057.9987915, 1788730058.686244, 1788730059.2964373, 1788730059.9561486, 1788730060.6570144, 1788730061.3799183, 1788730062.1255374, 1788730062.9085054, 1788730063.719475, 1788730064.5636797, 1788730065.3038366, 1788730065.8977923, 1788730066.5701966, 1788730067.280054, 1788730068.0125916, 1788730068.7682347, 1788730070.2725947, 1788730070.8834343, 1788730072.2352335, 1788730072.9584062, 1788730073.7061985, 1788730074.4810767, 1788730075.2948391, 1788730076.1410139, 1788730076.8454776, 1788730077.449648, 1788730078.1166801, 1788730078.8147264, 1788730079.541025, 1788730080.29288, 1788730081.077354, 1788730081.899262, 1788730082.747311, 1788730083.6293683, 1788730084.3201654, 1788730084.931899, 1788730085.5960193, 1788730086.2998874, 1788730087.0305998, 1788730087.783913, 1788730088.5713189, 1788730089.3226275, 1788730089.9324465, 1788730090.5928922, 1788730091.2791286, 1788730091.9981298, 1788730092.7449248, 1788730093.5199456, 1788730094.3227203, 1788730095.0399983, 1788730095.6480937, 1788730096.338819, 1788730097.0484161, 1788730097.7827966, 1788730098.5442915, 1788730099.3365626, 1788730100.1511993, 1788730100.8521664, 1788730101.47396, 1788730102.1435366, 1788730102.8567348]","[1, 1, 2, 1, 1, 2, 1, 1, 1, 1, 2, 3, 1, 1, 1, 1, 2, 1, 1, 1, 1, 3, 2, 1, 1, 2, 2, 1, 2, 2, 1, 1, 2, 1, 3, 2, 1, 2, 1, 1, 1, 1, 1, 1, 1, 1, 1, 4, 3, 2, 1, 1, 2, 1, 1, 1, 4, 2, 1, 2, 1, 1, 2, 1, 1, 1, 1, 2, 5, 1, 1, 1, 3, 1, 1, 1, 1, 1, 1, 1, 1, 1, 1, 1, 1, 3, 2, 2, 1, 2, 1, 2, 2, 2, 2, 1, 1, 2, 3, 1, 3, 1, 1, 2, 2, 1, 2, 2, 1, 2, 1, 2, 1, 1, 1, 1, 1, 3, 1, 1, 1, 3, 2, 2]"
User-043,0,trace_0052,1788730105.970295,streaming,15183,328,325,0,236,10.919921398162842,167.99282217025757,0.4847929036175763,0.0,0,True,,1788729937.9773977,1788729948.897319,1788730105.9702199,"[1788729948.897319, 1788729949.5002096, 1788729950.155033, 1788729950.8459127, 1788729951.5562348, 1788729952.1367753, 1788729952.7717433, 1788729953.4388661, 1788729954.1369877, 1788729954.8645582, 1788729955.5614984, 1788729956.156973, 1788729956.797661, 1788729957.4694114, 1788729958.16516, 1788729958.7492933, 1788729959.3851938, 1788729960.0521393, 1788729960.7509549, 1788729961.4814873, 1788729962.2438905, 1788729963.038068, 1788729963.865252, 1788729964.5358775, 1788729965.129859, 1788729965.7861075, 1788729966.4733999, 1788729967.1897304, 1788729967.8755257, 1788729968.4734662, 1788729969.1223743, 1788729969.799719, 1788729970.5113306, 1788729971.2486567, 1788729971.8983588, 1788729972.5075898, 1788729973.1616275, 1788729973.8496435, 1788729974.5649893, 1788729975.3163686, 1788729976.0448272, 1788729976.6337917, 1788729977.2788012, 1788729977.9513602, 1788729978.658864, 1788729979.393483, 1788729980.0125508, 1788729980.626386, 1788729981.294004, 1788729981.9908152, 1788729982.719321, 1788729983.343792, 1788729983.9608724, 1788729984.63099, 1788729985.330683, 1788729986.0649006, 1788729986.6554487, 1788729987.2926376, 1788729987.9641635, 1788729988.6637566, 1788729989.3980672, 1788729990.0463443, 1788729990.6542442, 1788729991.3175292, 1788729992.0069027, 1788729992.7210872, 1788729993.407132, 1788729994.0060363, 1788729994.6582935, 1788729995.3414361, 1788729996.052246, 1788729996.7975507, 1788729997.5672169, 1788729998.208971, 1788729998.836635, 1788729999.5071344, 1788730000.2099118, 1788730000.9397511, 1788730001.698706, 1788730002.4833992, 1788730003.3010688, 1788730004.149858, 1788730005.03446, 1788730005.9391766, 1788730006.788959, 1788730007.4002512, 1788730008.0712528, 1788730008.7687788, 1788730009.498525, 1788730010.250067, 1788730011.0334759, 1788730011.8486004, 1788730012.5370014, 1788730013.1427803, 1788730013.806287, 1788730014.5019429, 1788730015.222012, 1788730015.9741688, 1788730016.7528179, 1788730017.5714498, 1788730018.161976, 1788730018.8088565, 1788730019.485329, 1788730020.1878865, 1788730020.9218247, 1788730021.6842365, 1788730022.4776103, 1788730023.3250513, 1788730023.9114785, 1788730024.5551255, 1788730025.2295847, 1788730025.9352226, 1788730027.4274616, 1788730028.221531, 1788730029.598822, 1788730030.2649422, 1788730030.9539905, 1788730031.6719353, 1788730032.4205077, 1788730033.1894295, 1788730033.9930406, 1788730034.8251235, 1788730035.6880858, 1788730036.5840502, 1788730037.1710894, 1788730037.81834, 1788730038.4901237, 1788730039.1940248, 1788730039.9441173, 1788730040.7062037, 1788730041.510101, 1788730042.1829736, 1788730042.793819, 1788730043.4621246, 1788730044.1626437, 1788730044.8889985, 1788730045.64382, 1788730046.4336302, 1788730047.220607, 1788730047.8122587, 1788730048.4756832, 1788730049.1452086, 1788730049.865855, 1788730050.6179814, 1788730051.3961136, 1788730052.199793, 1788730052.8807666, 1788730053.497286, 1788730054.1840374, 1788730054.8922443, 1788730055.620172, 1788730056.3889117, 1788730057.1805885, 1788730057.995137, 1788730058.6818805, 1788730059.2920673, 1788730059.9519684, 1788730060.652829, 1788730061.3757675, 1788730062.1219864, 1788730062.9043589, 1788730063.7153385, 1788730064.5595117, 1788730065.2985342, 1788730065.8931031, 1788730066.565538, 1788730067.2753887, 1788730068.0079072, 1788730068.7635345, 1788730069.550559, 1788730070.2636108, 1788730070.8781526, 1788730071.5410643, 1788730072.2300332, 1788730072.953182, 1788730073.7009141, 1788730074.4759278, 1788730075.2896042, 1788730076.13576, 1788730076.8394663, 1788730077.4438753, 1788730078.1109157, 1788730078.808888, 1788730079.5329945, 1788730080.2869918, 1788730081.071584, 1788730081.8934555, 1788730082.7415535, 1788730083.6236408, 1788730084.3147008, 1788730084.926077, 1788730085.59031, 1788730086.294131, 1788730087.0248845, 1788730087.778122, 1788730088.5663614, 1788730089.3231745, 1788730089.9329708, 1788730090.5934026, 1788730091.2796474, 1788730091.998644, 1788730092.7454388, 1788730093.5204496, 1788730094.3232749, 1788730095.0404928, 1788730095.6486132, 1788730096.3393383, 1788730097.04313, 1788730097.7750204, 1788730098.538893, 1788730099.3313, 1788730100.147275, 1788730100.8526628, 1788730101.4744806, 1788730102.1440494, 1788730102.8509357, 1788730103.5810606, 1788730104.341916, 1788730105.1353765, 1788730105.963306]","[1, 2, 1, 1, 1, 1, 1, 1, 1, 1, 1, 1, 2, 3, 1, 1, 1, 2, 2, 1, 1, 1, 1, 1, 2, 3, 1, 3, 1, 1, 1, 2, 1, 1, 1, 1, 3, 2, 1, 1, 1, 1, 1, 1, 2, 1, 2, 4, 1, 1, 1, 1, 1, 1, 1, 1, 1, 2, 3, 1, 1, 1, 1, 2, 2, 1, 2, 1, 1, 3, 2, 1, 1, 1, 1, 1, 2, 1, 1, 2, 4, 1, 2, 1, 2, 1, 1, 1, 1, 2, 3, 1, 1, 1, 1, 1, 1, 2, 1, 2, 2, 3, 1, 2, 1, 1, 1, 1, 2, 1, 1, 1, 1, 1, 1, 1, 1, 2, 2, 1, 2, 1, 1, 1, 1, 1, 2, 2, 3, 1, 1, 2, 1, 1, 2, 2, 1, 2, 3, 1, 1, 3, 3, 1, 1, 1, 1, 1, 1, 1, 2, 1, 1, 1, 1, 1, 1, 1, 2, 2, 2, 2, 1, 2, 1, 2, 2, 1, 1, 3, 2, 1, 1, 2, 1, 2, 1, 2, 1, 1, 1, 1, 3, 1, 2, 1, 1, 2, 3, 1, 3, 2, 4, 2, 2, 3, 1, 1, 2, 2, 2, 1, 1, 2, 1, 1, 1, 5, 1, 1, 1, 1, 2, 1, 1, 1, 1, 1, 3, 2]"
User-129,0,trace_0300,1788730118.9147887,streaming,11767,320,320,0,183,43.613601207733154,176.46096801757812,0.41644942573619115,0.0,0,True,,1788729942.453741,1788729986.0673423,1788730118.914709,"[1788729986.0673423, 1788729986.657512, 1788729987.2947218, 1788729987.9662716, 1788729988.6658611, 1788729989.4001923, 1788729990.048383, 1788729990.6565998, 1788729991.3196473, 1788729992.0090306, 1788729992.723216, 1788729993.4099545, 1788729994.0087373, 1788729994.6609082, 1788729995.3440974, 1788729996.0549212, 1788729996.8003137, 1788729997.5698967, 1788729998.2123182, 1788729998.839714, 1788729999.5104833, 1788730000.2131143, 1788730000.9447086, 1788730001.7020097, 1788730002.4865277, 1788730003.3042932, 1788730004.1530352, 1788730005.0378566, 1788730005.9423683, 1788730006.7919466, 1788730007.4034386, 1788730008.0744064, 1788730008.7733507, 1788730009.5017319, 1788730010.253309, 1788730011.0366814, 1788730011.8518653, 1788730012.5399773, 1788730013.145894, 1788730013.8115711, 1788730014.5051966, 1788730015.2252843, 1788730015.9773965, 1788730016.7559872, 1788730017.575342, 1788730018.1657152, 1788730018.8125603, 1788730019.4890165, 1788730020.1915727, 1788730020.9277844, 1788730021.687968, 1788730022.4813442, 1788730023.3294349, 1788730023.9156573, 1788730024.559325, 1788730025.2337523, 1788730025.9394429, 1788730026.6689153, 1788730027.4317899, 1788730028.2258706, 1788730028.997667, 1788730029.602975, 1788730030.2689002, 1788730030.958212, 1788730031.6762235, 1788730032.4247174, 1788730033.1962295, 1788730033.9973423, 1788730034.829318, 1788730035.6924663, 1788730036.5879173, 1788730037.1752865, 1788730037.8226483, 1788730038.4943311, 1788730039.1982608, 1788730039.9491327, 1788730040.7098904, 1788730041.5137691, 1788730042.1864133, 1788730042.79753, 1788730043.466143, 1788730044.1664197, 1788730044.8927038, 1788730045.650098, 1788730046.4373634, 1788730047.2240982, 1788730047.8160183, 1788730048.4793124, 1788730049.1516275, 1788730049.8695004, 1788730050.621592, 1788730051.3997858, 1788730052.203422, 1788730052.8846571, 1788730053.5003207, 1788730054.1872084, 1788730054.8953881, 1788730055.6233962, 1788730056.3920627, 1788730057.1841536, 1788730057.997757, 1788730058.6852155, 1788730059.2954018, 1788730059.9551504, 1788730060.6559749, 1788730061.3788755, 1788730062.124767, 1788730062.9075003, 1788730063.7184248, 1788730064.5626528, 1788730065.3027809, 1788730065.8967865, 1788730066.5691836, 1788730067.2790475, 1788730068.0115821, 1788730068.7672045, 1788730069.5542314, 1788730070.2715428, 1788730070.8823962, 1788730071.5451446, 1788730072.2342136, 1788730072.9573543, 1788730073.7051628, 1788730074.4803047, 1788730075.2938097, 1788730076.140009, 1788730076.8443446, 1788730077.4486237, 1788730078.1156564, 1788730078.81369, 1788730079.5405471, 1788730080.2918406, 1788730081.076316, 1788730081.8982146, 1788730082.7462864, 1788730083.628292, 1788730084.319128, 1788730084.9308693, 1788730085.5950146, 1788730086.2988687, 1788730087.029594, 1788730087.7828813, 1788730088.5703142, 1788730089.3256242, 1788730089.935685, 1788730090.596247, 1788730091.2824082, 1788730092.0013757, 1788730092.748123, 1788730093.5231285, 1788730094.3259525, 1788730095.043356, 1788730095.65082, 1788730096.3415413, 1788730097.047392, 1788730097.7816832, 1788730098.5432491, 1788730099.3355434, 1788730100.1504264, 1788730100.8555343, 1788730101.477112, 1788730102.1472495, 1788730102.8557065, 1788730103.58581, 1788730104.3465967, 1788730105.1401715, 1788730105.9686525, 1788730106.809433, 1788730107.5223093, 1788730108.147221, 1788730108.8284383, 1788730109.5338693, 1788730110.2715886, 1788730111.034803, 1788730111.8308856, 1788730112.6567798, 1788730113.3257058, 1788730113.9407625, 1788730114.6157687, 1788730115.3194695, 1788730116.0461986, 1788730116.8014565, 1788730117.5950892, 1788730118.2854629, 1788730118.9086702]","[1, 1, 1, 1, 3, 3, 1, 1, 2, 1, 2, 2, 2, 2, 1, 2, 2, 1, 3, 1, 1, 1, 3, 1, 1, 1, 2, 1, 1, 1, 1, 1, 3, 1, 1, 1, 1, 1, 1, 2, 1, 5, 1, 1, 4, 2, 2, 2, 1, 1, 1, 1, 1, 1, 2, 1, 1, 1, 2, 1, 3, 5, 1, 3, 3, 1, 2, 1, 1, 2, 2, 1, 2, 2, 1, 1, 1, 2, 2, 5, 1, 1, 2, 1, 5, 2, 1, 1, 1, 2, 2, 1, 1, 1, 1, 3, 1, 1, 3, 1, 2, 5, 2, 1, 5, 3, 1, 1, 1, 1, 1, 2, 2, 1, 1, 1, 4, 3, 1, 1, 1, 3, 3, 2, 1, 2, 1, 1, 2, 1, 1, 2, 2, 2, 1, 4, 4, 2, 1, 4, 3, 1, 2, 1, 1, 1, 2, 1, 1, 1, 1, 3, 4, 2, 1, 4, 3, 1, 2, 1, 1, 1, 1, 2, 2, 2, 2, 1, 1, 3, 1, 1, 2, 1, 2, 1, 2, 1, 2, 3, 3, 1, 1, 3, 1]"
User-061,0,trace_0046,1788730121.7991483,streaming,21901,116,116,0,341,126.93486499786377,183.4344630241394,0.49130085240239685,0.0,0,True,,1788729938.364534,1788730065.299399,1788730121.798997,"[1788730065.299399, 1788730065.8936148, 1788730066.5660572, 1788730067.2759006, 1788730068.0084352, 1788730068.7640462, 1788730069.551108, 1788730070.2641213, 1788730070.8786697, 1788730071.5415623, 1788730072.230567, 1788730072.9536867, 1788730073.7015688, 1788730074.4764528, 1788730075.2901273, 1788730076.13628, 1788730076.8399575, 1788730077.4443853, 1788730078.1114295, 1788730078.8094413, 1788730079.5335164, 1788730080.2876546, 1788730081.0720935, 1788730081.893976, 1788730082.7420716, 1788730083.6241832, 1788730084.3151972, 1788730084.9266026, 1788730085.59083, 1788730086.2946658, 1788730087.0254142, 1788730087.7786424, 1788730088.5669558, 1788730089.32145, 1788730089.9312766, 1788730090.5916953, 1788730091.2780182, 1788730091.9969485, 1788730092.7437508, 1788730093.5187774, 1788730094.3215232, 1788730095.0384262, 1788730095.646916, 1788730096.3376062, 1788730097.043815, 1788730097.775549, 1788730098.5395477, 1788730099.331812, 1788730100.1476588, 1788730100.850959, 1788730101.4727352, 1788730102.1422324, 1788730102.8514488, 1788730103.581559, 1788730104.3424265, 1788730105.1359017, 1788730105.964344, 1788730106.805089, 1788730107.5182905, 1788730108.143077, 1788730108.824251, 1788730109.5296814, 1788730110.2673671, 1788730111.030492, 1788730111.826656, 1788730112.6525407, 1788730113.3216617, 1788730113.9363976, 1788730114.611485, 1788730115.315277, 1788730116.0428429, 1788730116.7972596, 1788730117.5909133, 1788730118.281359, 1788730118.9047685, 1788730119.5788937, 1788730120.2862113, 1788730121.0154274, 1788730121.7916677]","[1, 1, 1, 1, 3, 3, 1, 1, 2, 1, 1, 1, 1, 1, 1, 2, 1, 1, 2, 3, 1, 2, 2, 3, 1, 1, 1, 1, 2, 1, 1, 1, 1, 1, 3, 2, 1, 2, 1, 2, 4, 2, 1, 2, 1, 1, 2, 1, 1, 2, 1, 1, 2, 1, 1, 2, 1, 1, 1, 1, 1, 2, 3, 1, 1, 1, 2, 1, 2, 2, 1, 1, 1, 1, 2, 1, 1, 3, 1]"
User-058,0,trace_0586,1788730123.4195845,streaming,17876,180,180,0,278,114.62319850921631,185.16296553611755,0.39407691076481144,0.0,0,True,,1788729938.25655,1788730052.8797486,1788730123.4195156,"[1788730052.8797486, 1788730053.4962723, 1788730054.1830301, 1788730054.8910906, 1788730055.6191378, 1788730056.3878746, 1788730057.179573, 1788730057.9941096, 1788730058.6808908, 1788730059.2910573, 1788730059.9509344, 1788730060.6518252, 1788730061.3745408, 1788730062.1209803, 1788730062.9033597, 1788730063.7140841, 1788730064.558417, 1788730065.2975237, 1788730065.8920846, 1788730066.564521, 1788730067.2743227, 1788730068.0068781, 1788730068.76244, 1788730069.5495582, 1788730070.2625554, 1788730070.8771303, 1788730071.540055, 1788730072.2290192, 1788730072.9521573, 1788730073.6998322, 1788730074.474897, 1788730075.2885811, 1788730076.1346886, 1788730076.8384328, 1788730077.442834, 1788730078.1098378, 1788730078.8078635, 1788730079.531963, 1788730080.2858825, 1788730081.0705223, 1788730081.8924196, 1788730082.7405248, 1788730083.62259, 1788730084.312832, 1788730084.924524, 1788730085.5887766, 1788730086.2925737, 1788730087.0232956, 1788730087.7765324, 1788730088.564777, 1788730089.3266046, 1788730089.936689, 1788730090.5974238, 1788730091.283378, 1788730092.002434, 1788730092.7491345, 1788730093.5241559, 1788730094.326958, 1788730095.044386, 1788730095.6518643, 1788730096.3425865, 1788730097.041024, 1788730097.7729406, 1788730098.5366874, 1788730099.3292043, 1788730100.1452029, 1788730100.8565133, 1788730101.4781432, 1788730102.1483939, 1788730102.848033, 1788730103.5781848, 1788730104.3390677, 1788730105.1323054, 1788730105.9603155, 1788730106.8020568, 1788730107.5144796, 1788730108.1397192, 1788730108.8208694, 1788730109.5263107, 1788730110.263881, 1788730111.0265913, 1788730111.8233366, 1788730112.6490624, 1788730113.3177817, 1788730113.9329846, 1788730114.6080422, 1788730115.3118737, 1788730116.039388, 1788730116.793864, 1788730117.5868979, 1788730118.2865877, 1788730118.909988, 1788730119.5757358, 1788730120.282676, 1788730121.0120924, 1788730121.7882872, 1788730122.5824018, 1788730123.4136178]","[1, 1, 1, 1, 3, 3, 1, 1, 1, 1, 2, 1, 1, 2, 1, 1, 2, 3, 1, 2, 2, 1, 3, 1, 1, 1, 1, 2, 1, 1, 1, 1, 1, 3, 1, 1, 1, 1, 1, 1, 1, 2, 1, 4, 2, 2, 1, 3, 2, 4, 2, 3, 1, 3, 1, 3, 4, 1, 2, 1, 1, 1, 1, 3, 2, 3, 2, 1, 1, 2, 2, 4, 3, 2, 1, 2, 2, 2, 1, 3, 2, 2, 1, 3, 1, 3, 2, 4, 4, 1, 1, 2, 4, 5, 1, 2, 1, 3]"
User-009,0,trace_0313,1788730130.1155972,streaming,12330,368,368,0,192,45.93791604042053,192.70669770240784,0.39991493640868475,0.0,0,True,,1788729937.4087975,1788729983.3467135,1788730130.1154952,"[1788729983.3467135, 1788729983.96366, 1788729984.6337714, 1788729985.332946, 1788729986.0678334, 1788729986.658017, 1788729987.295279, 1788729987.9668114, 1788729988.6664374, 1788729989.40071, 1788729990.048883, 1788729990.6571097, 1788729991.3202062, 1788729992.0095916, 1788729992.7237346, 1788729993.410441, 1788729994.0092409, 1788729994.6614833, 1788729995.3446028, 1788729996.0554354, 1788729996.800827, 1788729997.5704813, 1788729998.2128155, 1788729998.8400917, 1788729999.5109956, 1788730000.2136135, 1788730000.9452803, 1788730001.702518, 1788730002.4870427, 1788730003.3047917, 1788730004.1535406, 1788730005.038356, 1788730005.9428968, 1788730006.7924306, 1788730007.4039397, 1788730008.0749292, 1788730008.7737575, 1788730009.5022318, 1788730010.2538173, 1788730011.0371933, 1788730011.8523898, 1788730012.5404828, 1788730013.1464076, 1788730013.8120902, 1788730014.5057096, 1788730015.2258365, 1788730015.977895, 1788730016.7564807, 1788730017.575839, 1788730018.166239, 1788730018.8130827, 1788730019.4895086, 1788730020.1920688, 1788730020.9282844, 1788730021.6884668, 1788730022.4818406, 1788730023.3299627, 1788730023.9161491, 1788730024.559843, 1788730025.234257, 1788730025.9399583, 1788730026.6694193, 1788730027.4323223, 1788730028.2263703, 1788730028.9981554, 1788730029.6035142, 1788730030.2692695, 1788730030.958712, 1788730031.6767347, 1788730032.4252248, 1788730033.196761, 1788730033.9978483, 1788730034.8298185, 1788730035.6929736, 1788730036.5883307, 1788730037.1757805, 1788730037.82317, 1788730038.4948676, 1788730039.1988063, 1788730039.9496593, 1788730040.7103972, 1788730041.5142763, 1788730042.1868985, 1788730042.7980425, 1788730043.4666536, 1788730044.166964, 1788730044.8932028, 1788730045.650613, 1788730046.4378643, 1788730047.2245872, 1788730047.8165102, 1788730048.479703, 1788730049.1518679, 1788730049.8700168, 1788730050.6221, 1788730051.4002826, 1788730052.203916, 1788730052.8851678, 1788730053.5007095, 1788730054.187717, 1788730054.8959048, 1788730055.6238997, 1788730056.392591, 1788730057.1846611, 1788730057.9982514, 1788730058.6857247, 1788730059.2959142, 1788730059.9556448, 1788730060.6565077, 1788730061.3793943, 1788730062.125153, 1788730062.9079998, 1788730063.7189555, 1788730064.5631661, 1788730065.3032904, 1788730065.8972807, 1788730066.5696943, 1788730067.2795491, 1788730068.0120852, 1788730068.7677064, 1788730069.5547457, 1788730070.2720523, 1788730070.8829079, 1788730071.545651, 1788730072.2347107, 1788730072.9578552, 1788730073.705671, 1788730074.4806943, 1788730075.2943122, 1788730076.1405122, 1788730076.8448973, 1788730077.4491413, 1788730078.1161625, 1788730078.814218, 1788730079.5407825, 1788730080.2923713, 1788730081.0768294, 1788730081.8987231, 1788730082.7467942, 1788730083.6288548, 1788730084.319663, 1788730084.9313855, 1788730085.59552, 1788730086.299373, 1788730087.0300937, 1788730087.7833936, 1788730088.5708885, 1788730089.3304899, 1788730089.9401197, 1788730090.600982, 1788730091.286103, 1788730092.0059695, 1788730092.752685, 1788730093.527714, 1788730094.3304622, 1788730095.0485044, 1788730095.655427, 1788730096.3464847, 1788730097.0478966, 1788730097.782231, 1788730098.5437658, 1788730099.3360538, 1788730100.1508217, 1788730100.8595724, 1788730101.4813783, 1788730102.151549, 1788730102.8562052, 1788730103.5863266, 1788730104.347115, 1788730105.1406927, 1788730105.969218, 1788730106.8099487, 1788730107.5228093, 1788730108.1477294, 1788730108.8289514, 1788730109.5343685, 1788730110.2721639, 1788730111.0353253, 1788730111.8314252, 1788730112.6572893, 1788730113.3262317, 1788730113.9412699, 1788730114.6163144, 1788730115.3199956, 1788730116.0466404, 1788730116.8019538, 1788730117.595607, 1788730118.2895658, 1788730118.9130883, 1788730119.5820978, 1788730120.2893696, 1788730121.0187006, 1788730121.795371, 1788730122.5885122, 1788730123.4205205, 1788730124.1989727, 1788730124.8188877, 1788730125.4867532, 1788730126.1900856, 1788730126.9216917, 1788730127.6758943, 1788730128.4586263, 1788730129.2813528, 1788730130.1104918]","[1, 1, 1, 1, 3, 3, 1, 1, 2, 1, 2, 2, 2, 2, 1, 2, 2, 1, 1, 1, 1, 2, 1, 1, 1, 1, 1, 4, 1, 1, 2, 1, 2, 1, 1, 1, 1, 3, 1, 1, 1, 3, 1, 1, 2, 1, 1, 1, 2, 2, 2, 3, 1, 1, 1, 1, 1, 1, 1, 2, 3, 2, 1, 1, 1, 4, 1, 1, 2, 3, 1, 2, 1, 1, 3, 2, 4, 1, 2, 1, 1, 1, 1, 4, 4, 2, 1, 4, 2, 1, 1, 1, 2, 3, 3, 2, 3, 2, 3, 1, 1, 3, 1, 2, 3, 1, 2, 2, 1, 5, 2, 1, 1, 1, 2, 1, 2, 1, 1, 1, 3, 4, 2, 2, 1, 5, 3, 2, 2, 1, 3, 1, 2, 1, 3, 1, 3, 2, 3, 1, 3, 1, 1, 2, 1, 4, 3, 1, 1, 1, 2, 1, 1, 2, 1, 1, 2, 3, 2, 1, 1, 2, 1, 3, 3, 3, 2, 2, 1, 1, 3, 1, 3, 1, 3, 1, 3, 1, 3, 1, 3, 1, 1, 2, 2, 5, 1, 2, 2, 1, 1, 2, 1, 1, 3, 1, 3, 4, 1, 1, 6, 3, 1, 1]"
User-007,0,trace_0398,1788730148.4292612,streaming,13070,443,443,0,203,42.68676710128784,211.10145139694214,0.38102869750148033,0.0,0,True,,1788729937.3277295,1788729980.0144966,1788730148.4291809,"[1788729980.0144966, 1788729980.6280594, 1788729981.2956066, 1788729981.9923904, 1788729982.7208877, 1788729983.3453937, 1788729983.9626148, 1788729984.632597, 1788729985.3318093, 1788729986.06601, 1788729986.656486, 1788729987.2936873, 1788729987.9652388, 1788729988.6648207, 1788729989.3991473, 1788729990.0473897, 1788729990.6554732, 1788729991.3185828, 1788729992.0080018, 1788729992.7221713, 1788729993.4081738, 1788729994.0071342, 1788729994.6593843, 1788729995.3424718, 1788729996.0533068, 1788729996.79862, 1788729997.56832, 1788729998.209998, 1788729998.8376682, 1788729999.5081732, 1788730000.2110033, 1788730000.9408019, 1788730001.6998134, 1788730002.484432, 1788730003.3021555, 1788730004.1509125, 1788730005.0357425, 1788730005.9402428, 1788730006.78997, 1788730007.401307, 1788730008.0722897, 1788730008.7698224, 1788730009.499611, 1788730010.2511508, 1788730011.034558, 1788730011.8496664, 1788730012.5379956, 1788730013.143814, 1788730013.8093045, 1788730014.503017, 1788730015.2231216, 1788730015.9752698, 1788730016.7538323, 1788730017.5733268, 1788730018.1635695, 1788730018.8104186, 1788730019.4868877, 1788730020.1894536, 1788730020.9255362, 1788730021.685903, 1788730022.4792085, 1788730023.3265574, 1788730023.9130263, 1788730024.556652, 1788730025.2311556, 1788730025.9367595, 1788730026.6662242, 1788730027.429158, 1788730028.223107, 1788730028.9952307, 1788730029.6003408, 1788730030.2664921, 1788730030.9555387, 1788730031.673493, 1788730032.4220498, 1788730033.1933246, 1788730033.994754, 1788730034.8266327, 1788730035.6896288, 1788730036.585556, 1788730037.1725953, 1788730037.8199334, 1788730038.4916844, 1788730039.1956198, 1788730039.9459324, 1788730040.7077863, 1788730041.511671, 1788730042.1844678, 1788730042.795424, 1788730043.4636977, 1788730044.1642282, 1788730044.8906698, 1788730045.645317, 1788730046.4353392, 1788730047.2221134, 1788730047.8140295, 1788730048.4772208, 1788730049.1498117, 1788730049.8674946, 1788730050.6196012, 1788730051.3976345, 1788730052.201426, 1788730052.8822913, 1788730053.4990592, 1788730054.185639, 1788730054.8938258, 1788730055.621796, 1788730056.3905306, 1788730057.1825655, 1788730057.9962354, 1788730058.6828873, 1788730059.2933388, 1788730059.953109, 1788730060.6539307, 1788730061.3768017, 1788730062.1231294, 1788730062.905369, 1788730063.716386, 1788730064.5606554, 1788730065.3005407, 1788730065.8952286, 1788730066.5676632, 1788730067.2775142, 1788730068.010039, 1788730068.7656813, 1788730069.552724, 1788730070.26562, 1788730070.8803532, 1788730071.5431647, 1788730072.2321932, 1788730072.9553158, 1788730073.7031271, 1788730074.478244, 1788730075.2917886, 1788730076.137937, 1788730076.8414333, 1788730077.4460378, 1788730078.1130712, 1788730078.8111115, 1788730079.5385983, 1788730080.2892387, 1788730081.0737681, 1788730081.895657, 1788730082.7437422, 1788730083.6257112, 1788730084.3166769, 1788730084.9282799, 1788730085.5924766, 1788730086.2963245, 1788730087.0270987, 1788730087.7803037, 1788730088.5682073, 1788730089.3290138, 1788730089.9387016, 1788730090.5994368, 1788730091.284946, 1788730092.004454, 1788730092.7511725, 1788730093.5261862, 1788730094.3289669, 1788730095.0466344, 1788730095.6538827, 1788730096.3446658, 1788730097.045354, 1788730097.7771525, 1788730098.541148, 1788730099.3334417, 1788730100.1488755, 1788730100.858574, 1788730101.4803488, 1788730102.1504672, 1788730102.8536317, 1788730103.5837536, 1788730104.344579, 1788730105.138086, 1788730105.9664397, 1788730106.8073673, 1788730107.520253, 1788730108.1452057, 1788730108.826402, 1788730109.5318491, 1788730110.269522, 1788730111.032635, 1788730111.828816, 1788730112.6546772, 1788730113.3236752, 1788730113.9386215, 1788730114.6136758, 1788730115.3174107, 1788730116.0446506, 1788730116.7994106, 1788730117.5929995, 1788730118.2885876, 1788730118.9120557, 1788730119.581036, 1788730120.288343, 1788730121.0176702, 1788730121.7943132, 1788730122.5873477, 1788730123.4189606, 1788730124.1978981, 1788730124.817835, 1788730125.4855533, 1788730126.1887956, 1788730126.9205644, 1788730127.6746724, 1788730128.4575038, 1788730129.278205, 1788730130.109393, 1788730130.7178543, 1788730131.3860223, 1788730132.081343, 1788730132.8110638, 1788730133.5591302, 1788730134.3341823, 1788730135.1473148, 1788730135.986507, 1788730136.7316542, 1788730137.3364606, 1788730137.9959846, 1788730138.6854734, 1788730139.408518, 1788730140.1570816, 1788730140.9368339, 1788730141.7500098, 1788730142.591298, 1788730143.4451365, 1788730144.0430195, 1788730144.6944146, 1788730145.378579, 1788730146.0933888, 1788730146.8366873, 1788730147.6125412, 1788730148.4260952]","[1, 1, 1, 1, 3, 3, 1, 1, 2, 1, 2, 2, 2, 2, 1, 2, 2, 1, 1, 1, 1, 1, 1, 1, 1, 3, 1, 1, 2, 1, 2, 1, 3, 1, 1, 2, 4, 1, 1, 2, 1, 1, 1, 2, 2, 2, 1, 2, 2, 4, 1, 1, 6, 2, 2, 2, 1, 1, 2, 2, 1, 3, 2, 3, 1, 3, 3, 1, 1, 2, 1, 1, 2, 1, 1, 2, 1, 2, 4, 2, 2, 2, 1, 1, 1, 2, 1, 1, 2, 1, 1, 1, 5, 3, 2, 1, 1, 2, 4, 2, 2, 1, 4, 2, 1, 4, 5, 1, 3, 2, 1, 1, 1, 1, 1, 3, 1, 1, 1, 2, 3, 1, 2, 2, 1, 3, 3, 1, 1, 1, 2, 1, 3, 2, 1, 4, 4, 4, 2, 1, 1, 1, 1, 1, 2, 1, 1, 5, 4, 1, 2, 1, 1, 4, 3, 1, 2, 2, 1, 1, 1, 1, 2, 2, 4, 1, 3, 3, 1, 1, 2, 1, 4, 3, 3, 1, 2, 1, 1, 1, 2, 1, 2, 2, 1, 6, 3, 1, 2, 2, 5, 1, 1, 4, 2, 3, 1, 1, 1, 2, 2, 4, 1, 4, 2, 4, 1, 1, 2, 2, 1, 1, 1, 3, 4, 3, 3, 1, 1, 1, 2, 1, 1, 2, 1, 1, 2, 2, 2, 1, 4, 5, 2, 5]"
User-066,0,trace_0681,1788730154.286218,streaming,21193,176,176,0,330,138.38440918922424,215.82634782791138,0.4425253636496408,0.0,0,True,,1788729938.4593751,1788730076.8437843,1788730154.285723,"[1788730076.8437843, 1788730077.4481184, 1788730078.1151507, 1788730078.8131824, 1788730079.5403073, 1788730080.2913072, 1788730081.0758126, 1788730081.897689, 1788730082.7457783, 1788730083.6277792, 1788730084.3186178, 1788730084.9303508, 1788730085.5945, 1788730086.2983541, 1788730087.0290933, 1788730087.7823465, 1788730088.5699327, 1788730089.3241634, 1788730089.9340014, 1788730090.5944207, 1788730091.28083, 1788730091.9997346, 1788730092.7464678, 1788730093.5214577, 1788730094.324319, 1788730095.0418386, 1788730095.6491354, 1788730096.3398528, 1788730097.04688, 1788730097.7786982, 1788730098.54274, 1788730099.3350308, 1788730100.1500297, 1788730100.854007, 1788730101.475549, 1788730102.1450596, 1788730102.8552005, 1788730103.5853, 1788730104.346095, 1788730105.139661, 1788730105.9680848, 1788730106.808934, 1788730107.5218112, 1788730108.1467078, 1788730108.827939, 1788730109.5333724, 1788730110.2710755, 1788730111.0342774, 1788730111.830372, 1788730112.6562786, 1788730113.3251512, 1788730113.9401925, 1788730114.615248, 1788730115.3189619, 1788730116.0458224, 1788730116.8009665, 1788730117.5945632, 1788730118.2839267, 1788730118.906996, 1788730119.5837739, 1788730120.2910247, 1788730121.0202842, 1788730121.7969153, 1788730122.5900779, 1788730123.4220867, 1788730124.200523, 1788730124.8205385, 1788730125.4883308, 1788730126.1917002, 1788730126.923227, 1788730127.6775055, 1788730128.4601676, 1788730129.2830727, 1788730130.1125386, 1788730130.7200596, 1788730131.3881912, 1788730132.0834541, 1788730132.8131232, 1788730133.5615935, 1788730134.3363492, 1788730135.1493862, 1788730135.9891794, 1788730136.7337296, 1788730137.3386123, 1788730137.998063, 1788730138.6875458, 1788730139.4105694, 1788730140.1591284, 1788730140.9389567, 1788730141.7520573, 1788730142.593357, 1788730143.4404194, 1788730144.0382326, 1788730144.6896937, 1788730145.373849, 1788730146.0885775, 1788730146.8318608, 1788730147.606996, 1788730148.4210954, 1788730149.2766554, 1788730149.8791897, 1788730150.5443063, 1788730151.2345204, 1788730151.9475164, 1788730152.6937542, 1788730153.4683645, 1788730154.278475]","[1, 1, 1, 1, 1, 2, 1, 2, 1, 1, 1, 1, 1, 2, 1, 1, 1, 2, 2, 1, 3, 1, 2, 1, 1, 2, 2, 1, 1, 1, 1, 2, 3, 1, 2, 1, 1, 1, 2, 2, 2, 1, 2, 1, 1, 1, 2, 1, 1, 1, 3, 3, 4, 3, 2, 1, 2, 2, 1, 1, 1, 2, 3, 2, 1, 1, 3, 3, 1, 1, 2, 1, 2, 1, 2, 1, 2, 2, 3, 4, 2, 2, 1, 2, 1, 3, 2, 2, 3, 1, 1, 1, 3, 2, 1, 1, 1, 3, 1, 2, 2, 2, 2, 2, 1, 2, 1]"
User-041,0,trace_0570,1788730156.4722018,streaming,18596,326,326,0,290,91.05430722236633,218.53313398361206,0.3922425438807561,0.0,0,True,,1788729937.9390101,1788730028.9933174,1788730156.4721441,"[1788730028.9933174, 1788730029.5982687, 1788730030.2644234, 1788730030.9534733, 1788730031.6714065, 1788730032.4199793, 1788730033.1889088, 1788730033.9925199, 1788730034.8246014, 1788730035.6875694, 1788730036.5835469, 1788730037.170547, 1788730037.8178306, 1788730038.4895856, 1788730039.1935046, 1788730039.9435823, 1788730040.7056644, 1788730041.509578, 1788730042.182449, 1788730042.7932973, 1788730043.4616246, 1788730044.1621342, 1788730044.8885026, 1788730045.6433218, 1788730046.4331217, 1788730047.220101, 1788730047.8117678, 1788730048.4751754, 1788730049.1447082, 1788730049.8653486, 1788730050.6174808, 1788730051.3955865, 1788730052.199292, 1788730052.8802648, 1788730053.496766, 1788730054.1835377, 1788730054.8916144, 1788730055.6196663, 1788730056.3883965, 1788730057.1800792, 1788730057.9946074, 1788730058.6813724, 1788730059.2915666, 1788730059.9514492, 1788730060.652329, 1788730061.3752255, 1788730062.1214867, 1788730062.9038637, 1788730063.7147853, 1788730064.5589886, 1788730065.298027, 1788730065.8925996, 1788730066.5650327, 1788730067.2748792, 1788730068.0074039, 1788730068.7629952, 1788730069.5500615, 1788730070.263104, 1788730070.8776438, 1788730071.540572, 1788730072.2295291, 1788730072.9526653, 1788730073.7003574, 1788730074.4754164, 1788730075.2890952, 1788730076.1352441, 1788730076.8389688, 1788730077.443352, 1788730078.1103506, 1788730078.8083775, 1788730079.5324862, 1788730080.2864053, 1788730081.071071, 1788730081.8929436, 1788730082.7410393, 1788730083.6231275, 1788730084.314199, 1788730084.9255705, 1788730085.589808, 1788730086.2936308, 1788730087.0243692, 1788730087.777574, 1788730088.5658357, 1788730089.3261204, 1788730089.9361897, 1788730090.596918, 1788730091.2829592, 1788730092.001885, 1788730092.7486289, 1788730093.523645, 1788730094.3264444, 1788730095.0438483, 1788730095.6513522, 1788730096.3420777, 1788730097.0425818, 1788730097.7744813, 1788730098.5383153, 1788730099.3307717, 1788730100.146792, 1788730100.8560238, 1788730101.4776268, 1788730102.1478326, 1788730102.8503838, 1788730103.5805523, 1788730104.3413813, 1788730105.134839, 1788730105.9627259, 1788730106.8045306, 1788730107.5177844, 1788730108.142532, 1788730108.8237283, 1788730109.52918, 1788730110.2668567, 1788730111.0299423, 1788730111.826127, 1788730112.652004, 1788730113.321161, 1788730113.935881, 1788730114.6109717, 1788730115.3147182, 1788730116.0422592, 1788730116.796752, 1788730117.59021, 1788730118.2859848, 1788730118.9094584, 1788730119.5842981, 1788730120.2915263, 1788730121.0207956, 1788730121.7974288, 1788730122.5906057, 1788730123.4247267, 1788730124.2010334, 1788730124.8210537, 1788730125.4888513, 1788730126.1922097, 1788730126.923727, 1788730127.6780198, 1788730128.4606633, 1788730129.2836025, 1788730130.113937, 1788730130.7210689, 1788730131.3891914, 1788730132.084506, 1788730132.8141305, 1788730133.562763, 1788730134.3374205, 1788730135.1504207, 1788730135.9902794, 1788730136.7347867, 1788730137.3419676, 1788730137.999077, 1788730138.6886153, 1788730139.4116335, 1788730140.160154, 1788730140.9399827, 1788730141.7528226, 1788730142.5943727, 1788730143.443025, 1788730144.0409656, 1788730144.692354, 1788730145.37655, 1788730146.0912986, 1788730146.8345768, 1788730147.6104093, 1788730148.4239008, 1788730149.279263, 1788730149.8818526, 1788730150.5470932, 1788730151.2373786, 1788730151.9507062, 1788730152.6963913, 1788730153.4709315, 1788730154.2815936, 1788730155.111922, 1788730155.858065, 1788730156.4686177]","[1, 1, 1, 1, 3, 3, 1, 1, 1, 1, 2, 1, 3, 2, 2, 2, 2, 2, 1, 1, 1, 1, 1, 1, 1, 1, 1, 3, 1, 2, 2, 4, 1, 3, 1, 1, 1, 1, 4, 2, 2, 2, 1, 1, 1, 1, 2, 4, 2, 1, 1, 1, 1, 1, 1, 2, 1, 2, 2, 1, 2, 4, 3, 1, 2, 2, 4, 3, 2, 1, 1, 1, 1, 2, 2, 1, 1, 1, 1, 2, 4, 3, 1, 2, 4, 3, 4, 3, 1, 2, 1, 1, 1, 1, 1, 2, 4, 3, 1, 1, 1, 2, 4, 3, 4, 2, 1, 2, 1, 1, 1, 1, 2, 3, 3, 1, 1, 2, 2, 5, 3, 1, 1, 1, 1, 2, 1, 1, 1, 1, 3, 1, 3, 2, 2, 2, 3, 2, 1, 3, 2, 1, 1, 1, 2, 2, 2, 3, 6, 1, 2, 2, 1, 1, 1, 3, 3, 3, 3, 2, 4, 1, 1, 2, 3, 4, 1, 1, 2, 1, 2, 1, 2, 2, 3, 2]"
User-139,0,trace_0444,1788730158.5676818,streaming,12965,397,397,0,202,50.49987840652466,215.65851712226868,0.4170672694842021,0.0,0,True,,1788729942.9090998,1788729993.4089782,1788730158.567617,"[1788729993.4089782, 1788729994.0076435, 1788729994.6598923, 1788729995.3430073, 1788729996.0538168, 1788729996.7992024, 1788729997.5688627, 1788729998.2105277, 1788729998.8381822, 1788729999.5087147, 1788730000.2115366, 1788730000.9413314, 1788730001.7003717, 1788730002.4849381, 1788730003.3027859, 1788730004.1514459, 1788730005.036274, 1788730005.940765, 1788730006.7904606, 1788730007.4018216, 1788730008.0727913, 1788730008.7703419, 1788730009.5001278, 1788730010.2516682, 1788730011.0351048, 1788730011.8502078, 1788730012.5385003, 1788730013.1443236, 1788730013.80987, 1788730014.5035806, 1788730015.2236419, 1788730015.9757779, 1788730016.7543578, 1788730017.5738432, 1788730018.1640942, 1788730018.8109524, 1788730019.4874275, 1788730020.1899664, 1788730020.9260874, 1788730021.686425, 1788730022.4798188, 1788730023.327099, 1788730023.9135437, 1788730024.5571847, 1788730025.231667, 1788730025.937283, 1788730026.6667747, 1788730027.4296908, 1788730028.2236211, 1788730028.9957197, 1788730029.600845, 1788730030.2670398, 1788730030.9560547, 1788730031.674008, 1788730032.4225698, 1788730033.1939466, 1788730033.9952745, 1788730034.827181, 1788730035.6901731, 1788730036.58606, 1788730037.1731927, 1788730037.820542, 1788730038.4922788, 1788730039.196233, 1788730039.9465168, 1788730040.7082927, 1788730041.5121782, 1788730042.1849515, 1788730042.796009, 1788730043.4644687, 1788730044.1647427, 1788730044.891189, 1788730045.6459382, 1788730046.4358606, 1788730047.2226071, 1788730047.8145301, 1788730048.4777272, 1788730049.1504433, 1788730049.868035, 1788730050.6201143, 1788730051.3982372, 1788730052.201923, 1788730052.8828547, 1788730053.499542, 1788730054.1861537, 1788730054.8943498, 1788730055.6223617, 1788730056.3910503, 1788730057.1831357, 1788730057.99675, 1788730058.6833813, 1788730059.2938583, 1788730059.9536195, 1788730060.6544435, 1788730061.3773186, 1788730062.1236272, 1788730062.9059608, 1788730063.7168956, 1788730064.561166, 1788730065.3011181, 1788730065.89471, 1788730066.5670846, 1788730067.2769299, 1788730068.0094562, 1788730068.7651613, 1788730069.552214, 1788730070.2651227, 1788730070.8798344, 1788730071.542558, 1788730072.2316918, 1788730072.954696, 1788730073.7026024, 1788730074.4777207, 1788730075.2912824, 1788730076.1374018, 1788730076.8409338, 1788730077.445515, 1788730078.1125572, 1788730078.810474, 1788730079.5345342, 1788730080.2887132, 1788730081.0732503, 1788730081.8951292, 1788730082.743221, 1788730083.6252048, 1788730084.3161836, 1788730084.9277725, 1788730085.5919514, 1788730086.2957997, 1788730087.0265584, 1788730087.7797992, 1788730088.5678022, 1788730089.3285236, 1788730089.9382029, 1788730090.59894, 1788730091.2845562, 1788730092.0039563, 1788730092.750646, 1788730093.5256808, 1788730094.3284705, 1788730095.0460587, 1788730095.6533647, 1788730096.344137, 1788730097.044835, 1788730097.7766507, 1788730098.5406132, 1788730099.3329399, 1788730100.1484962, 1788730100.8580756, 1788730101.4798133, 1788730102.1499605, 1788730102.8531244, 1788730103.5832243, 1788730104.3440769, 1788730105.13757, 1788730105.9659185, 1788730106.8068426, 1788730107.5197587, 1788730108.1447017, 1788730108.825902, 1788730109.5313468, 1788730110.269012, 1788730111.0321093, 1788730111.8283064, 1788730112.6541684, 1788730113.3231692, 1788730113.938123, 1788730114.6131685, 1788730115.3169184, 1788730116.044225, 1788730116.7988918, 1788730117.5924587, 1788730118.2880876, 1788730118.9115472, 1788730119.580509, 1788730120.2878299, 1788730121.0170279, 1788730121.7937953, 1788730122.5867965, 1788730123.4183877, 1788730124.197383, 1788730124.817314, 1788730125.4850056, 1788730126.1879072, 1788730126.9200542, 1788730127.674144, 1788730128.456981, 1788730129.2777095, 1788730130.1088462, 1788730130.7173302, 1788730131.385507, 1788730132.0807457, 1788730132.8104377, 1788730133.558587, 1788730134.3335128, 1788730135.1466615, 1788730135.9859812, 1788730136.7311337, 1788730137.3359585, 1788730137.9953415, 1788730138.6849546, 1788730139.4078724, 1788730140.156574, 1788730140.9361916, 1788730141.749383, 1788730142.5906599, 1788730143.4446185, 1788730144.0425086, 1788730144.6939156, 1788730145.3780835, 1788730146.0928829, 1788730146.836164, 1788730147.612028, 1788730148.4255373, 1788730149.280775, 1788730149.883365, 1788730150.5486712, 1788730151.2389927, 1788730151.952308, 1788730152.6980443, 1788730153.4724596, 1788730154.2831533, 1788730155.1086755, 1788730155.8596442, 1788730156.4704955, 1788730157.1194386, 1788730157.8295493, 1788730158.5622814]","[1, 1, 1, 1, 3, 3, 1, 1, 1, 1, 3, 3, 2, 1, 1, 1, 2, 2, 2, 1, 1, 1, 1, 2, 1, 1, 1, 1, 1, 2, 2, 3, 1, 2, 1, 1, 1, 2, 1, 1, 1, 1, 1, 2, 1, 2, 2, 1, 2, 1, 4, 1, 1, 4, 1, 2, 4, 6, 2, 2, 2, 6, 1, 2, 1, 1, 2, 4, 4, 2, 5, 1, 2, 3, 3, 2, 2, 1, 2, 2, 2, 2, 1, 2, 2, 1, 1, 1, 2, 1, 2, 2, 2, 2, 1, 4, 3, 1, 1, 1, 1, 1, 1, 1, 1, 1, 2, 2, 1, 2, 3, 1, 2, 1, 3, 1, 2, 1, 2, 2, 3, 1, 4, 4, 1, 2, 1, 4, 2, 3, 1, 2, 1, 2, 1, 1, 1, 3, 2, 1, 1, 1, 1, 2, 2, 3, 1, 1, 1, 2, 2, 1, 5, 2, 1, 1, 1, 1, 1, 2, 2, 1, 1, 1, 3, 1, 1, 1, 2, 3, 1, 3, 1, 1, 1, 1, 1, 1, 4, 2, 1, 1, 2, 6, 1, 1, 2, 1, 4, 2, 1, 4, 2, 1, 1, 2, 1, 2, 1, 2, 1, 2, 1, 2, 1, 2, 1, 1, 1, 1, 2, 1, 1, 2, 1, 2, 1, 2, 1, 4, 3, 1, 1, 2, 1, 2, 1, 1]"
User-059,0,trace_0656,1788730165.197439,streaming,19464,260,260,0,303,120.37960386276245,226.8922097682953,0.4112455826468449,0.0,0,True,,1788729938.3051152,1788730058.684719,1788730165.197325,"[1788730058.684719, 1788730059.2948956, 1788730059.954637, 1788730060.6554723, 1788730061.3783445, 1788730062.1243782, 1788730062.9070005, 1788730063.7179215, 1788730064.5621579, 1788730065.3022397, 1788730065.8962834, 1788730066.5686722, 1788730067.2785268, 1788730068.0110683, 1788730068.7666934, 1788730069.5537307, 1788730070.2666101, 1788730070.881395, 1788730071.5441554, 1788730072.2332215, 1788730072.9563234, 1788730073.70414, 1788730074.479486, 1788730075.29282, 1788730076.1389978, 1788730076.8424451, 1788730077.4470823, 1788730078.1141179, 1788730078.8121595, 1788730079.5398123, 1788730080.2902584, 1788730081.0747907, 1788730081.8966675, 1788730082.744768, 1788730083.6267693, 1788730084.3176448, 1788730084.929334, 1788730085.5934973, 1788730086.2973642, 1788730087.0280967, 1788730087.781327, 1788730088.5689778, 1788730089.3280127, 1788730089.9377031, 1788730090.598421, 1788730091.2841654, 1788730092.003459, 1788730092.7501547, 1788730093.525182, 1788730094.3279517, 1788730095.0455008, 1788730095.65287, 1788730096.3436232, 1788730097.0443223, 1788730097.776152, 1788730098.5400796, 1788730099.3324287, 1788730100.1481144, 1788730100.8575084, 1788730101.4792914, 1788730102.1494682, 1788730102.8525932, 1788730103.582695, 1788730104.3435695, 1788730105.1370642, 1788730105.965395, 1788730106.80627, 1788730107.5192719, 1788730108.144186, 1788730108.8253944, 1788730109.5308366, 1788730110.268406, 1788730111.0315762, 1788730111.8278036, 1788730112.6536627, 1788730113.3226764, 1788730113.937617, 1788730114.6126604, 1788730115.3164163, 1788730116.043841, 1788730116.7983809, 1788730117.5919492, 1788730118.287596, 1788730118.9110157, 1788730119.5799906, 1788730120.2872908, 1788730121.016503, 1788730121.7932608, 1788730122.5862515, 1788730123.4178762, 1788730124.196856, 1788730124.8167958, 1788730125.484446, 1788730126.18738, 1788730126.919541, 1788730127.6736238, 1788730128.4564729, 1788730129.277215, 1788730130.1083174, 1788730130.7168303, 1788730131.3849933, 1788730132.0802155, 1788730132.8099267, 1788730133.5580473, 1788730134.3329215, 1788730135.1461468, 1788730135.9854498, 1788730136.7306144, 1788730137.3354514, 1788730137.9948106, 1788730138.684281, 1788730139.4073336, 1788730140.1559439, 1788730140.9356854, 1788730141.74885, 1788730142.5901484, 1788730143.4440863, 1788730144.0420055, 1788730144.6934068, 1788730145.3775792, 1788730146.0923672, 1788730146.8356535, 1788730147.611512, 1788730148.4250045, 1788730149.2802763, 1788730149.8828678, 1788730150.548145, 1788730151.2384524, 1788730151.9517796, 1788730152.6974475, 1788730153.4719489, 1788730154.2826355, 1788730155.108049, 1788730155.8591344, 1788730156.4699833, 1788730157.1188083, 1788730157.8289263, 1788730158.5617383, 1788730159.3165672, 1788730160.1053586, 1788730160.9315503, 1788730161.7835205, 1788730162.4437056, 1788730163.0652509, 1788730163.738612, 1788730164.4413037, 1788730165.1917403]","[1, 1, 1, 1, 3, 3, 1, 1, 1, 1, 3, 3, 1, 2, 1, 1, 2, 2, 2, 1, 2, 1, 1, 2, 2, 1, 3, 1, 2, 2, 2, 1, 1, 1, 1, 1, 3, 1, 1, 1, 1, 1, 1, 3, 4, 2, 2, 1, 1, 2, 2, 1, 1, 2, 1, 3, 1, 3, 3, 1, 1, 2, 1, 1, 1, 1, 4, 4, 1, 2, 2, 1, 1, 1, 1, 2, 2, 1, 1, 1, 2, 2, 3, 3, 1, 3, 2, 2, 2, 1, 2, 2, 2, 1, 3, 1, 2, 1, 3, 1, 3, 3, 4, 2, 3, 1, 2, 1, 1, 1, 1, 2, 1, 2, 4, 2, 3, 1, 2, 2, 3, 2, 2, 2, 2, 1, 3, 1, 2, 2, 2, 1, 1, 2, 1, 2, 3, 4, 5, 2, 1, 1, 1, 1, 1, 1, 2]"
User-091,0,trace_0285,1788730165.1977844,streaming,17210,107,107,0,268,179.3762137889862,226.2915849685669,0.44259784131679897,0.0,0,True,,1788729938.9061258,1788730118.2823396,1788730165.1977108,"[1788730118.2823396, 1788730118.9054108, 1788730119.582717, 1788730120.289903, 1788730121.0192451, 1788730121.7958834, 1788730122.5890477, 1788730123.4210596, 1788730124.1994982, 1788730124.819512, 1788730125.48729, 1788730126.190614, 1788730126.9222093, 1788730127.6764603, 1788730128.459158, 1788730129.2819238, 1788730130.1113048, 1788730130.7190337, 1788730131.3871775, 1788730132.0823908, 1788730132.8120835, 1788730133.5601995, 1788730134.3352828, 1788730135.1483536, 1788730135.9880335, 1788730136.7327015, 1788730137.3374786, 1788730137.997033, 1788730138.6865075, 1788730139.4095404, 1788730140.1580982, 1788730140.937868, 1788730141.7510953, 1788730142.5923257, 1788730143.437957, 1788730144.035956, 1788730144.6873884, 1788730145.3715632, 1788730146.0859323, 1788730146.829192, 1788730147.6046207, 1788730148.4186597, 1788730149.2734454, 1788730149.8763573, 1788730150.5414083, 1788730151.2312586, 1788730151.9446263, 1788730152.6908257, 1788730153.465515, 1788730154.2753248, 1788730155.1092298, 1788730155.8520994, 1788730156.4588387, 1788730157.1199563, 1788730157.8300622, 1788730158.5631015, 1788730159.3171144, 1788730160.1058998, 1788730160.9322076, 1788730161.7840497, 1788730162.44422, 1788730163.065777, 1788730163.7391758, 1788730164.4418273, 1788730165.1925998]","[1, 1, 1, 1, 3, 3, 1, 4, 2, 1, 1, 2, 1, 1, 1, 1, 2, 2, 1, 2, 2, 1, 1, 1, 1, 2, 1, 1, 1, 2, 2, 1, 4, 1, 2, 1, 1, 3, 1, 1, 1, 1, 2, 4, 1, 1, 1, 4, 4, 1, 3, 1, 1, 1, 1, 2, 1, 5, 1, 1, 2, 1, 2, 2, 1]"
User-075,0,trace_0559,1788730167.58702,streaming,17686,177,177,0,276,150.7332956790924,228.99280619621277,0.44465630975636566,0.0,0,True,,1788729938.5941393,1788730089.327435,1788730167.5869455,"[1788730089.327435, 1788730089.937206, 1788730090.5979254, 1788730091.2837799, 1788730092.0029485, 1788730092.7496445, 1788730093.5246859, 1788730094.327454, 1788730095.044947, 1788730095.6523676, 1788730096.343114, 1788730097.0415573, 1788730097.7734613, 1788730098.537258, 1788730099.3297224, 1788730100.1457365, 1788730100.8570075, 1788730101.4786718, 1788730102.1489534, 1788730102.8493173, 1788730103.579494, 1788730104.3403306, 1788730105.1337502, 1788730105.961676, 1788730106.8034382, 1788730107.515935, 1788730108.1409826, 1788730108.8221223, 1788730109.5275915, 1788730110.26524, 1788730111.0281203, 1788730111.8246064, 1788730112.6503105, 1788730113.3196185, 1788730113.9342322, 1788730114.6093776, 1788730115.3131173, 1788730116.040677, 1788730116.7952056, 1788730117.588414, 1788730118.287106, 1788730118.9104958, 1788730119.5772107, 1788730120.2842395, 1788730121.0134292, 1788730121.789627, 1788730122.583759, 1788730123.415375, 1788730124.1935732, 1788730124.813558, 1788730125.4811773, 1788730126.184505, 1788730126.916616, 1788730127.6704054, 1788730128.4532924, 1788730129.2745364, 1788730130.105323, 1788730130.7136686, 1788730131.381778, 1788730132.077196, 1788730132.8071923, 1788730133.5553446, 1788730134.3296394, 1788730135.1430411, 1788730135.9825735, 1788730136.7279778, 1788730137.3327541, 1788730137.9921176, 1788730138.6811757, 1788730139.4042792, 1788730140.1531875, 1788730140.9326756, 1788730141.7460682, 1788730142.587515, 1788730143.4435532, 1788730144.041492, 1788730144.6928911, 1788730145.3770711, 1788730146.09182, 1788730146.835117, 1788730147.6109915, 1788730148.4244723, 1788730149.2797735, 1788730149.8823485, 1788730150.5476222, 1788730151.2379158, 1788730151.951265, 1788730152.696908, 1788730153.4714315, 1788730154.2821057, 1788730155.1048172, 1788730155.858605, 1788730156.4694533, 1788730157.1161783, 1788730157.8261955, 1788730158.5585349, 1788730159.313746, 1788730160.102491, 1788730160.928457, 1788730161.7807057, 1788730162.4401531, 1788730163.0618799, 1788730163.7348967, 1788730164.437968, 1788730165.1886263, 1788730165.944731, 1788730166.739468, 1788730167.5790133]","[1, 1, 1, 1, 3, 3, 1, 1, 1, 1, 2, 1, 1, 2, 2, 2, 1, 2, 1, 1, 1, 2, 1, 3, 1, 1, 1, 1, 1, 1, 1, 1, 5, 1, 2, 2, 3, 2, 1, 1, 1, 1, 2, 2, 1, 1, 1, 1, 1, 2, 3, 1, 1, 1, 1, 1, 1, 1, 1, 1, 1, 1, 1, 1, 2, 1, 2, 3, 1, 1, 2, 1, 1, 4, 1, 1, 1, 1, 3, 6, 1, 3, 1, 5, 3, 1, 1, 1, 3, 4, 3, 3, 1, 3, 3, 1, 1, 2, 1, 4, 3, 1, 1, 2, 1, 1, 1, 1]"
User-065,0,trace_0054,1788730172.6027799,streaming,16892,251,251,0,263,131.86433243751526,234.19602847099304,0.40932678413391116,0.0,0,True,,1788729938.406632,1788730070.2709644,1788730172.6026604,"[1788730070.2709644, 1788730070.8818965, 1788730071.5446475, 1788730072.2337193, 1788730072.9568448, 1788730073.704651, 1788730074.479926, 1788730075.2933156, 1788730076.1395066, 1788730076.842954, 1788730077.4476104, 1788730078.1146321, 1788730078.8126788, 1788730079.5400658, 1788730080.2907975, 1788730081.0752938, 1788730081.8971791, 1788730082.7452755, 1788730083.6272762, 1788730084.3181386, 1788730084.9298432, 1788730085.593996, 1788730086.2978601, 1788730087.028599, 1788730087.781842, 1788730088.5693617, 1788730089.3295054, 1788730089.9392595, 1788730090.5999527, 1788730091.2853274, 1788730092.0049698, 1788730092.7516782, 1788730093.5266874, 1788730094.3294632, 1788730095.047384, 1788730095.6543853, 1788730096.345178, 1788730097.046364, 1788730097.7781901, 1788730098.5422025, 1788730099.3345091, 1788730100.1496513, 1788730100.8590765, 1788730101.480865, 1788730102.1510015, 1788730102.8546624, 1788730103.584792, 1788730104.3455963, 1788730105.139151, 1788730105.9675233, 1788730106.8084004, 1788730107.5212488, 1788730108.146205, 1788730108.827432, 1788730109.532872, 1788730110.270554, 1788730111.03376, 1788730111.8298807, 1788730112.6557755, 1788730113.3246655, 1788730113.939694, 1788730114.61471, 1788730115.3184564, 1788730116.0454054, 1788730116.8004723, 1788730117.594042, 1788730118.2890785, 1788730118.9125826, 1788730119.5832508, 1788730120.2904906, 1788730121.0197768, 1788730121.7964013, 1788730122.5895565, 1788730123.4215775, 1788730124.2000053, 1788730124.8200269, 1788730125.4878109, 1788730126.1911807, 1788730126.922708, 1788730127.6769776, 1788730128.4596527, 1788730129.2824645, 1788730130.1118445, 1788730130.719551, 1788730131.3876905, 1788730132.0829325, 1788730132.8125978, 1788730133.5607255, 1788730134.3358088, 1788730135.1488724, 1788730135.9886277, 1788730136.733225, 1788730137.3380852, 1788730137.9975517, 1788730138.6870408, 1788730139.4100654, 1788730140.1586165, 1788730140.938389, 1788730141.7516313, 1788730142.5928433, 1788730143.4456635, 1788730144.043528, 1788730144.694931, 1788730145.3790936, 1788730146.0938962, 1788730146.8372204, 1788730147.6130826, 1788730148.4269578, 1788730149.2812755, 1788730149.883866, 1788730150.5491922, 1788730151.2395203, 1788730151.9528148, 1788730152.698569, 1788730153.472976, 1788730154.2836602, 1788730155.1108763, 1788730155.860182, 1788730156.471056, 1788730157.1209874, 1788730157.8311365, 1788730158.5643818, 1788730159.318144, 1788730160.1071985, 1788730160.9332964, 1788730161.7850752, 1788730162.4452386, 1788730163.0671613, 1788730163.7402263, 1788730164.4428954, 1788730165.1938968, 1788730165.9489865, 1788730166.743264, 1788730167.5829082, 1788730168.1861374, 1788730168.8495092, 1788730169.542509, 1788730170.264081, 1788730171.0093062, 1788730171.787575, 1788730172.5987446]","[1, 1, 1, 1, 3, 3, 1, 1, 2, 1, 2, 2, 2, 2, 1, 2, 2, 1, 1, 1, 1, 2, 1, 1, 1, 1, 1, 2, 2, 1, 1, 2, 1, 2, 1, 1, 1, 1, 2, 1, 1, 1, 1, 3, 1, 1, 2, 1, 1, 1, 2, 2, 2, 3, 1, 1, 1, 1, 1, 1, 1, 2, 1, 4, 2, 2, 1, 1, 2, 1, 1, 2, 3, 1, 2, 1, 1, 3, 1, 3, 1, 5, 3, 2, 1, 2, 5, 5, 1, 1, 1, 1, 1, 2, 1, 1, 1, 6, 2, 1, 1, 1, 2, 2, 6, 1, 1, 1, 5, 1, 5, 1, 1, 2, 4, 2, 2, 2, 5, 5, 1, 1, 1, 1, 2, 2, 1, 1, 1, 2, 5, 2, 1, 2, 4, 1, 4, 1, 1, 3, 1]"
User-044,0,trace_0272,1788730175.3438025,streaming,24544,315,312,0,383,98.54066491127014,237.3013401031494,0.44617580447549604,0.0,0,True,,1788729938.042344,1788730036.583009,1788730175.3436842,"[1788730036.583009, 1788730037.170026, 1788730037.8173175, 1788730038.4890544, 1788730039.943041, 1788730041.5089586, 1788730042.1809528, 1788730043.4604707, 1788730044.160953, 1788730044.887415, 1788730045.6421807, 1788730046.4320548, 1788730047.2180123, 1788730047.810199, 1788730048.4735155, 1788730049.1431036, 1788730049.8637424, 1788730050.615904, 1788730051.393964, 1788730052.1976588, 1788730052.8776166, 1788730053.4947102, 1788730054.1813805, 1788730054.8893254, 1788730055.617456, 1788730056.3861082, 1788730057.177933, 1788730057.9924204, 1788730058.6792114, 1788730059.2893128, 1788730059.9492025, 1788730060.6500967, 1788730061.3728874, 1788730062.1193237, 1788730062.9016607, 1788730063.7124755, 1788730064.5567698, 1788730065.295652, 1788730065.890922, 1788730066.5633707, 1788730067.2731457, 1788730068.0056891, 1788730068.7612836, 1788730069.548423, 1788730070.2613354, 1788730070.8759692, 1788730071.5387666, 1788730072.2278361, 1788730072.9509854, 1788730073.6986802, 1788730074.4737055, 1788730075.2874258, 1788730076.1335285, 1788730076.8372602, 1788730077.441643, 1788730078.1086926, 1788730078.8066251, 1788730079.5307689, 1788730080.284776, 1788730081.0693629, 1788730081.891228, 1788730082.7393477, 1788730083.6215296, 1788730084.3116348, 1788730084.9233398, 1788730085.5875814, 1788730086.2914033, 1788730087.0220666, 1788730087.7753577, 1788730088.5634882, 1788730089.3246496, 1788730089.9345095, 1788730090.5949373, 1788730091.2813625, 1788730092.0002425, 1788730092.7470014, 1788730093.5219543, 1788730094.3248212, 1788730095.0423539, 1788730095.649651, 1788730096.34036, 1788730097.0403848, 1788730097.7722828, 1788730098.5360148, 1788730099.3285706, 1788730100.144568, 1788730100.8545132, 1788730101.4760683, 1788730102.145578, 1788730102.848662, 1788730103.5788398, 1788730104.3396828, 1788730105.1329439, 1788730105.9610243, 1788730106.802874, 1788730107.515265, 1788730108.140348, 1788730108.821487, 1788730109.526946, 1788730110.2645586, 1788730111.027459, 1788730111.823942, 1788730112.6496708, 1788730113.318925, 1788730113.9336026, 1788730114.608731, 1788730115.312486, 1788730116.040014, 1788730116.794518, 1788730117.5876794, 1788730118.2844362, 1788730118.907495, 1788730119.5764792, 1788730120.28349, 1788730121.0127523, 1788730121.7889388, 1788730122.5830758, 1788730123.4145553, 1788730124.1929426, 1788730124.812853, 1788730125.4805326, 1788730126.1838539, 1788730126.9157634, 1788730127.669742, 1788730128.4524534, 1788730129.2736988, 1788730130.1045983, 1788730130.7129135, 1788730131.3811219, 1788730132.0742998, 1788730132.8065183, 1788730133.5546553, 1788730134.3290055, 1788730135.1423619, 1788730135.9818985, 1788730136.7272422, 1788730137.3319838, 1788730137.9913886, 1788730138.6804726, 1788730139.4036093, 1788730140.152198, 1788730140.9319777, 1788730141.7451184, 1788730142.5868158, 1788730143.4414728, 1788730144.0393262, 1788730144.690708, 1788730145.3748946, 1788730146.0896115, 1788730146.8329105, 1788730147.608616, 1788730148.4221416, 1788730149.2777035, 1788730149.8802235, 1788730150.5453548, 1788730151.2356513, 1788730151.948883, 1788730152.6948013, 1788730153.469405, 1788730154.280047, 1788730155.103584, 1788730155.8555944, 1788730156.4625096, 1788730157.1149702, 1788730157.8246322, 1788730158.557259, 1788730159.312469, 1788730160.101231, 1788730160.92718, 1788730161.779396, 1788730162.4385026, 1788730163.0606644, 1788730163.7336612, 1788730164.436694, 1788730165.1874099, 1788730165.943469, 1788730166.738152, 1788730167.5777032, 1788730168.1812677, 1788730168.8446326, 1788730169.5376022, 1788730170.2594602, 1788730171.004346, 1788730171.7825587, 1788730172.5943253, 1788730173.2918952, 1788730173.9299603, 1788730174.6096835, 1788730175.3350725]","[1, 1, 1, 1, 1, 1, 1, 1, 1, 4, 3, 1, 1, 1, 2, 1, 1, 1, 1, 2, 1, 1, 2, 1, 2, 1, 1, 2, 1, 2, 2, 1, 1, 1, 1, 1, 1, 2, 1, 3, 2, 1, 1, 2, 4, 2, 1, 2, 1, 2, 1, 2, 2, 1, 1, 2, 2, 1, 1, 2, 4, 2, 2, 4, 3, 3, 2, 1, 2, 2, 1, 2, 2, 2, 1, 2, 2, 2, 1, 1, 2, 3, 4, 2, 1, 1, 2, 2, 1, 2, 1, 2, 1, 1, 1, 1, 1, 2, 3, 2, 1, 3, 2, 2, 1, 1, 1, 3, 2, 2, 1, 2, 1, 1, 1, 2, 1, 2, 3, 1, 1, 1, 1, 3, 3, 1, 1, 2, 1, 1, 2, 2, 1, 1, 2, 2, 3, 3, 1, 1, 4, 2, 2, 1, 2, 2, 1, 2, 1, 2, 2, 2, 1, 1, 1, 1, 2, 3, 1, 2, 1, 2, 3, 3, 1, 3, 2, 1, 2, 1, 1, 1, 1, 2, 1, 2, 3, 1, 1, 1, 1, 3, 3, 1, 1, 1, 2, 1, 1]"
User-089,0,trace_0671,1788730189.2973483,streaming,18879,183,183,0,294,174.46300196647644,250.43319153785706,0.4174186240185748,0.0,0,True,,1788729938.8640718,1788730113.3270738,1788730189.2972634,"[1788730113.3270738, 1788730113.9417775, 1788730114.6168172, 1788730115.3205132, 1788730116.0470471, 1788730116.802473, 1788730117.59613, 1788730118.2900963, 1788730118.913618, 1788730119.5848207, 1788730120.2920456, 1788730121.0213108, 1788730121.797939, 1788730122.591123, 1788730123.4253953, 1788730124.2015395, 1788730124.8215868, 1788730125.4893675, 1788730126.1927397, 1788730126.9242365, 1788730127.6785605, 1788730128.4611762, 1788730129.2838483, 1788730130.1144817, 1788730130.7215858, 1788730131.389691, 1788730132.0850267, 1788730132.814629, 1788730133.5633106, 1788730134.3379734, 1788730135.1509655, 1788730135.9908538, 1788730136.735334, 1788730137.342481, 1788730137.9996076, 1788730138.6891482, 1788730139.4121513, 1788730140.1606586, 1788730140.9404974, 1788730141.7532325, 1788730142.5950716, 1788730143.4471724, 1788730144.0445344, 1788730144.6959565, 1788730145.3800967, 1788730146.0949652, 1788730146.8382356, 1788730147.614122, 1788730148.42801, 1788730149.2823832, 1788730149.8848474, 1788730150.5502646, 1788730151.240552, 1788730151.9538457, 1788730152.6995902, 1788730153.473993, 1788730154.2846994, 1788730155.112443, 1788730155.8611946, 1788730156.4715474, 1788730157.123058, 1788730157.8331861, 1788730158.5665548, 1788730159.320205, 1788730160.1094909, 1788730160.935361, 1788730161.7874918, 1788730162.4473333, 1788730163.0693626, 1788730163.7422912, 1788730164.4450097, 1788730165.196267, 1788730165.9512231, 1788730166.7453153, 1788730167.585987, 1788730168.1887515, 1788730168.8522432, 1788730169.5451794, 1788730170.2666407, 1788730171.0119145, 1788730171.7902932, 1788730172.6015992, 1788730173.2993004, 1788730173.9373822, 1788730174.616715, 1788730175.3425558, 1788730176.0731242, 1788730176.8376524, 1788730177.636196, 1788730178.4611983, 1788730179.1408532, 1788730179.7515192, 1788730180.4726954, 1788730181.1301873, 1788730181.8622043, 1788730182.620047, 1788730183.4125838, 1788730184.236465, 1788730185.0973198, 1788730185.8548293, 1788730186.4638753, 1788730187.1210477, 1788730187.8097358, 1788730188.5389032, 1788730189.2958555]","[1, 1, 1, 1, 3, 3, 1, 1, 2, 1, 2, 2, 2, 2, 1, 1, 2, 3, 1, 1, 1, 2, 3, 1, 1, 1, 1, 2, 1, 1, 1, 1, 1, 3, 2, 2, 1, 1, 4, 3, 1, 1, 3, 1, 1, 2, 1, 2, 1, 1, 1, 1, 1, 1, 2, 1, 2, 3, 1, 4, 3, 3, 3, 1, 2, 2, 2, 1, 2, 1, 1, 3, 1, 4, 2, 1, 5, 3, 3, 2, 1, 2, 2, 2, 2, 1, 2, 1, 1, 3, 3, 2, 2, 2, 1, 2, 2, 1, 1, 1, 2, 1, 2, 2, 1]"
User-076,0,trace_0634,1788730205.4920478,streaming,18489,258,258,0,288,156.4094593524933,266.85201263427734,0.42973756140772007,0.0,0,True,,1788729938.6399758,1788730095.0494351,1788730205.4919884,"[1788730095.0494351, 1788730095.6559312, 1788730096.3470325, 1788730097.048935, 1788730097.783227, 1788730098.5448112, 1788730099.33708, 1788730100.1515832, 1788730100.8600667, 1788730101.4819016, 1788730102.1521184, 1788730102.8575058, 1788730103.5868578, 1788730104.3476183, 1788730105.141202, 1788730105.969745, 1788730106.810496, 1788730107.5233955, 1788730108.148235, 1788730108.8294806, 1788730109.5349088, 1788730110.2726848, 1788730111.0358531, 1788730111.8319492, 1788730112.657817, 1788730113.3274357, 1788730113.9422867, 1788730114.6173346, 1788730115.3210125, 1788730116.0474353, 1788730116.8029943, 1788730117.5966475, 1788730118.2905917, 1788730118.914133, 1788730119.5853345, 1788730120.2925785, 1788730121.0218258, 1788730121.7984662, 1788730122.591643, 1788730123.4259663, 1788730124.2020526, 1788730124.8221064, 1788730125.4898887, 1788730126.1932666, 1788730126.9247408, 1788730127.6790955, 1788730128.4616916, 1788730129.284111, 1788730130.115017, 1788730130.7220998, 1788730131.3902023, 1788730132.0855427, 1788730132.8151543, 1788730133.5638492, 1788730134.3384972, 1788730135.1514804, 1788730135.9913874, 1788730136.7358482, 1788730137.3430622, 1788730138.0001452, 1788730138.6896963, 1788730139.412671, 1788730140.1611936, 1788730140.9410367, 1788730141.753622, 1788730142.5955822, 1788730143.4477048, 1788730144.0450776, 1788730144.6964653, 1788730145.3806007, 1788730146.0954876, 1788730146.8387659, 1788730147.6146545, 1788730148.4285386, 1788730149.2829068, 1788730149.8853512, 1788730150.551127, 1788730151.2410614, 1788730151.9543698, 1788730152.7001004, 1788730153.474504, 1788730154.2852054, 1788730155.1129975, 1788730155.8617504, 1788730156.4718006, 1788730157.123584, 1788730157.8337314, 1788730158.5671153, 1788730159.320715, 1788730160.1100357, 1788730160.9360602, 1788730161.788014, 1788730162.4478388, 1788730163.0698962, 1788730163.746465, 1788730164.4455225, 1788730165.1968026, 1788730165.9517472, 1788730166.7458518, 1788730167.5865128, 1788730168.1892807, 1788730168.8528025, 1788730169.5457075, 1788730170.2671747, 1788730171.0124254, 1788730171.7908394, 1788730172.6021152, 1788730173.2998233, 1788730173.937899, 1788730174.617225, 1788730175.343092, 1788730176.073643, 1788730176.838353, 1788730177.6367126, 1788730178.46171, 1788730179.1413949, 1788730179.7520518, 1788730180.4729362, 1788730181.1306942, 1788730181.8627172, 1788730182.6207612, 1788730183.413101, 1788730184.2369719, 1788730185.0978348, 1788730185.8553443, 1788730186.464401, 1788730187.1215663, 1788730187.8102567, 1788730188.539416, 1788730189.2966766, 1788730190.0784729, 1788730190.8953469, 1788730191.6901631, 1788730192.2644658, 1788730192.9208024, 1788730193.6249638, 1788730194.3523624, 1788730195.1024892, 1788730195.8928993, 1788730196.710106, 1788730197.554999, 1788730198.2381468, 1788730198.8497071, 1788730199.5269742, 1788730200.2251537, 1788730200.962496, 1788730201.7240262, 1788730202.5219436, 1788730203.355727, 1788730204.2442062, 1788730204.8295135, 1788730205.4911487]","[1, 1, 1, 1, 3, 3, 1, 1, 2, 1, 2, 2, 2, 2, 1, 1, 2, 3, 1, 1, 1, 2, 3, 1, 1, 1, 1, 2, 1, 1, 1, 1, 1, 3, 1, 1, 2, 2, 1, 1, 1, 3, 5, 2, 2, 1, 1, 1, 2, 1, 3, 1, 5, 2, 1, 1, 1, 1, 1, 1, 1, 4, 2, 2, 1, 1, 2, 2, 2, 2, 2, 2, 1, 2, 2, 2, 1, 1, 1, 2, 1, 1, 2, 3, 4, 3, 1, 2, 2, 1, 1, 1, 1, 2, 2, 1, 1, 1, 2, 1, 1, 2, 4, 3, 1, 1, 1, 2, 2, 2, 6, 4, 1, 2, 1, 2, 1, 1, 2, 3, 2, 1, 1, 1, 2, 1, 1, 1, 3, 1, 1, 2, 4, 3, 1, 1, 1, 1, 2, 2, 1, 1, 3, 1, 3, 2, 1, 1, 1, 1, 2, 3]"
User-080,0,trace_0725,1788730209.2296293,streaming,19001,267,267,0,296,162.1667046546936,270.542697429657,0.4074285442667796,0.0,0,True,,1788729938.6868017,1788730100.8535063,1788730209.229499,"[1788730100.8535063, 1788730101.4750297, 1788730102.1445508, 1788730102.851961, 1788730103.5820713, 1788730104.3429532, 1788730105.1365461, 1788730105.964878, 1788730106.805744, 1788730107.5187848, 1788730108.1435874, 1788730108.824783, 1788730109.530206, 1788730110.2678845, 1788730111.0310576, 1788730111.8272011, 1788730112.653057, 1788730113.3221917, 1788730113.9370558, 1788730114.6120083, 1788730115.315806, 1788730116.0433657, 1788730116.7977626, 1788730117.5914316, 1788730118.283427, 1788730118.9064496, 1788730119.5794353, 1788730120.2867587, 1788730121.015982, 1788730121.7925043, 1788730122.5857327, 1788730123.4173455, 1788730124.1963284, 1788730124.8162727, 1788730125.4839246, 1788730126.1868484, 1788730126.9190147, 1788730127.6731064, 1788730128.455961, 1788730129.2767136, 1788730130.1077795, 1788730130.7163224, 1788730131.3844757, 1788730132.0795314, 1788730132.8094184, 1788730133.557521, 1788730134.3323834, 1788730135.145637, 1788730135.984932, 1788730136.7301037, 1788730137.3349166, 1788730137.9942787, 1788730138.6837385, 1788730139.4068072, 1788730140.1554267, 1788730140.9351723, 1788730141.7483304, 1788730142.5896392, 1788730143.4398901, 1788730144.0377276, 1788730144.689169, 1788730145.3733456, 1788730146.0880592, 1788730146.8313446, 1788730147.606421, 1788730148.4205472, 1788730149.2761238, 1788730149.878666, 1788730150.543774, 1788730151.2339864, 1788730151.9469745, 1788730152.6932244, 1788730153.4678621, 1788730154.2779381, 1788730155.1069655, 1788730155.8544765, 1788730156.4614556, 1788730157.118283, 1788730157.8284042, 1788730158.5610657, 1788730159.3159223, 1788730160.1046944, 1788730160.9309993, 1788730161.782892, 1788730162.443192, 1788730163.0647233, 1788730163.738074, 1788730164.4406455, 1788730165.1911962, 1788730165.9474673, 1788730166.7422054, 1788730167.5818899, 1788730168.1849473, 1788730168.8480346, 1788730169.5413282, 1788730170.2628202, 1788730171.0082705, 1788730171.7864652, 1788730172.5976634, 1788730173.2962162, 1788730173.93418, 1788730174.6135757, 1788730175.3393345, 1788730176.0699286, 1788730176.8317113, 1788730177.6327388, 1788730178.4580162, 1788730179.1366947, 1788730179.7478044, 1788730180.470991, 1788730181.1263456, 1788730181.8583212, 1788730182.6162288, 1788730183.4084609, 1788730184.2327511, 1788730185.0935965, 1788730185.8502774, 1788730186.4597282, 1788730187.1167917, 1788730187.8055544, 1788730188.5347908, 1788730189.2915566, 1788730190.0735815, 1788730190.8903742, 1788730191.6879206, 1788730192.2598689, 1788730192.9160645, 1788730193.6200876, 1788730194.3475711, 1788730195.0978825, 1788730195.8881228, 1788730196.705218, 1788730197.550341, 1788730198.2324846, 1788730198.8443458, 1788730199.5216777, 1788730200.2197323, 1788730200.9570484, 1788730201.718577, 1788730202.5166466, 1788730203.3504174, 1788730204.2383983, 1788730204.8238776, 1788730205.4829547, 1788730206.1613438, 1788730206.8769486, 1788730207.619601, 1788730208.401197, 1788730209.2233353]","[1, 1, 1, 1, 3, 1, 3, 1, 1, 1, 1, 3, 3, 2, 1, 1, 1, 2, 2, 2, 1, 1, 1, 2, 2, 1, 3, 1, 2, 1, 1, 2, 1, 1, 1, 1, 1, 3, 1, 1, 1, 1, 2, 1, 2, 2, 2, 2, 1, 1, 2, 2, 1, 1, 1, 1, 1, 2, 2, 1, 3, 1, 1, 2, 2, 2, 2, 1, 3, 1, 3, 1, 1, 2, 3, 3, 1, 2, 2, 3, 2, 3, 2, 3, 3, 1, 2, 2, 1, 1, 1, 1, 3, 4, 3, 2, 2, 2, 2, 1, 1, 1, 1, 4, 3, 1, 2, 1, 3, 1, 1, 3, 3, 4, 2, 1, 1, 3, 4, 1, 2, 1, 2, 2, 2, 2, 2, 1, 3, 1, 2, 2, 4, 1, 3, 1, 2, 1, 5, 3, 1, 2, 2, 2, 2, 2, 1, 2, 1]"
User-093,0,trace_0584,1788730213.4784696,streaming,19857,184,184,0,309,185.24147701263428,274.5240762233734,0.48788305579638874,0.0,0,True,,1788729938.9543135,1788730124.1957905,1788730213.4783897,"[1788730124.1957905, 1788730124.8157358, 1788730125.483388, 1788730126.186281, 1788730126.9184513, 1788730127.6725626, 1788730128.4552908, 1788730129.2762122, 1788730130.1072521, 1788730130.7158034, 1788730131.3839397, 1788730132.078982, 1788730132.8089123, 1788730133.5569913, 1788730134.3318238, 1788730135.14512, 1788730135.984399, 1788730136.7295704, 1788730137.334374, 1788730137.993763, 1788730138.6831605, 1788730139.4062285, 1788730140.154904, 1788730140.934456, 1788730141.747815, 1788730142.5891275, 1788730143.4425025, 1788730144.0403562, 1788730144.6918428, 1788730145.3760307, 1788730146.0906544, 1788730146.8340716, 1788730147.6098738, 1788730148.42336, 1788730149.2787547, 1788730149.8813536, 1788730150.5465543, 1788730151.2368622, 1788730151.9501767, 1788730152.69588, 1788730153.4704103, 1788730154.2810867, 1788730155.1064045, 1788730155.856662, 1788730156.467486, 1788730157.1177745, 1788730157.8278844, 1788730158.5605392, 1788730159.3154109, 1788730160.1041522, 1788730160.9303868, 1788730161.7823212, 1788730162.4426496, 1788730163.0641906, 1788730163.7373984, 1788730164.4401238, 1788730165.1906726, 1788730165.9469173, 1788730166.7415752, 1788730167.581381, 1788730168.1844242, 1788730168.8474977, 1788730169.5408003, 1788730170.2622988, 1788730171.0077183, 1788730171.7859247, 1788730172.5971444, 1788730173.2957, 1788730173.9336576, 1788730174.6130679, 1788730175.338802, 1788730176.069419, 1788730176.8311696, 1788730177.6320393, 1788730178.4574738, 1788730179.1361723, 1788730179.7472832, 1788730180.4707403, 1788730181.1258302, 1788730181.8576894, 1788730182.615706, 1788730183.4079475, 1788730184.232242, 1788730185.093072, 1788730185.8497605, 1788730186.4590673, 1788730187.1162827, 1788730187.805035, 1788730188.5341399, 1788730189.2910411, 1788730190.0730684, 1788730190.889837, 1788730191.687658, 1788730192.259225, 1788730192.9155555, 1788730193.6195385, 1788730194.34706, 1788730195.0972588, 1788730195.8876088, 1788730196.702564, 1788730197.5498242, 1788730198.2319643, 1788730198.843825, 1788730199.521165, 1788730200.2192194, 1788730200.9565136, 1788730201.717982, 1788730202.5161479, 1788730203.3499107, 1788730204.2404933, 1788730204.8259501, 1788730205.48514, 1788730206.160711, 1788730206.8764153, 1788730207.6188395, 1788730208.4006748, 1788730209.222592, 1788730209.9282079, 1788730210.5661438, 1788730211.2436857, 1788730211.960316, 1788730212.6995804, 1788730213.472742]","[1, 1, 1, 1, 3, 3, 1, 1, 1, 1, 1, 1, 1, 1, 2, 1, 2, 1, 1, 1, 2, 1, 1, 1, 1, 1, 1, 1, 1, 3, 1, 1, 1, 2, 1, 1, 1, 1, 1, 3, 1, 1, 1, 1, 1, 1, 1, 2, 1, 4, 2, 2, 1, 1, 2, 1, 1, 3, 1, 2, 1, 3, 1, 1, 3, 1, 1, 2, 2, 1, 2, 2, 3, 2, 3, 1, 1, 1, 2, 1, 1, 2, 1, 1, 1, 2, 2, 4, 2, 1, 1, 2, 2, 1, 2, 1, 3, 1, 1, 2, 2, 1, 1, 2, 1, 1, 2, 1, 1, 2, 1, 1, 1, 3, 3, 2, 2, 2, 1, 1, 1, 2, 1]"
User-071,0,trace_0673,1788730220.1387513,streaming,23858,315,315,0,372,145.7636535167694,281.5885560512543,0.4325633838677862,0.0,0,True,,1788729938.5500462,1788730084.3136997,1788730220.1386023,"[1788730084.3136997, 1788730084.925038, 1788730085.5892985, 1788730086.293092, 1788730087.023849, 1788730087.7770524, 1788730088.5653093, 1788730089.3251297, 1788730089.9351525, 1788730090.5955708, 1788730091.2818873, 1788730092.000858, 1788730092.7476244, 1788730093.522476, 1788730094.3254392, 1788730095.0428555, 1788730095.6501663, 1788730096.3409073, 1788730097.0420644, 1788730097.7739706, 1788730098.5377905, 1788730099.3302367, 1788730100.146251, 1788730100.8550332, 1788730101.4765844, 1788730102.1466866, 1788730102.8498554, 1788730103.580024, 1788730104.340857, 1788730105.1342907, 1788730105.9622118, 1788730106.8039818, 1788730107.5164542, 1788730108.141499, 1788730108.822666, 1788730109.5281305, 1788730110.2657743, 1788730111.028657, 1788730111.8251255, 1788730112.6509016, 1788730113.320134, 1788730113.9348154, 1788730114.6099017, 1788730115.3136728, 1788730116.0412261, 1788730116.7957354, 1788730117.5889566, 1788730118.2849348, 1788730118.9080067, 1788730119.5777903, 1788730120.2850997, 1788730121.0142617, 1788730121.7901874, 1788730122.584612, 1788730123.416218, 1788730124.194155, 1788730124.8142817, 1788730125.4818873, 1788730126.185184, 1788730126.9173362, 1788730127.6711206, 1788730128.4539886, 1788730129.2751613, 1788730130.1060987, 1788730130.7146447, 1788730131.382479, 1788730132.0778654, 1788730132.807854, 1788730133.5559072, 1788730134.3302882, 1788730135.1440005, 1788730135.9833083, 1788730136.728522, 1788730137.3333259, 1788730137.9927068, 1788730138.6817253, 1788730139.4048057, 1788730140.153797, 1788730140.933228, 1788730141.7467146, 1788730142.5880876, 1788730143.4419909, 1788730144.0398343, 1788730144.6912272, 1788730145.3754082, 1788730146.0901177, 1788730146.8335521, 1788730147.6091902, 1788730148.4226825, 1788730149.2782238, 1788730149.880842, 1788730150.5458841, 1788730151.2363162, 1788730151.9496114, 1788730152.6953378, 1788730153.4699042, 1788730154.280567, 1788730155.1053596, 1788730155.8561406, 1788730156.4668734, 1788730157.1167045, 1788730157.8267753, 1788730158.5593863, 1788730159.31428, 1788730160.103064, 1788730160.9290109, 1788730161.7812724, 1788730162.440703, 1788730163.062412, 1788730163.7354133, 1788730164.4385035, 1788730165.189139, 1788730165.9452643, 1788730166.740004, 1788730167.5798314, 1788730168.1828547, 1788730168.8458712, 1788730169.539206, 1788730170.2607224, 1788730171.0059257, 1788730171.7840993, 1788730172.5954394, 1788730173.2940938, 1788730173.9320936, 1788730174.6115012, 1788730175.3370278, 1788730176.068401, 1788730176.8300931, 1788730177.6309407, 1788730178.4564178, 1788730179.1350892, 1788730179.7461827, 1788730180.470217, 1788730181.124781, 1788730181.8538587, 1788730182.614623, 1788730183.4068928, 1788730184.2311952, 1788730185.0920224, 1788730185.848737, 1788730186.4579926, 1788730187.1152542, 1788730187.8040144, 1788730188.533085, 1788730189.2899466, 1788730190.0725482, 1788730190.889305, 1788730191.6870053, 1788730192.2581363, 1788730192.914468, 1788730193.6181238, 1788730194.3460002, 1788730195.0962026, 1788730195.8865347, 1788730196.7015147, 1788730197.5487692, 1788730198.230907, 1788730198.8427725, 1788730199.5201235, 1788730200.2181318, 1788730200.9554524, 1788730201.7166257, 1788730202.5151124, 1788730203.3488574, 1788730204.23997, 1788730204.8254435, 1788730205.484633, 1788730206.159656, 1788730206.8753633, 1788730207.6174176, 1788730208.3996441, 1788730209.2214506, 1788730209.927127, 1788730210.562117, 1788730211.242631, 1788730211.9591029, 1788730212.6984637, 1788730213.471681, 1788730214.248602, 1788730215.070096, 1788730215.9280715, 1788730216.6367197, 1788730217.2447598, 1788730217.9199142, 1788730218.6246915, 1788730219.3575368, 1788730220.1314206]","[1, 1, 1, 2, 2, 1, 2, 2, 3, 2, 2, 1, 1, 2, 1, 2, 1, 2, 1, 1, 1, 3, 1, 1, 2, 2, 2, 2, 2, 2, 1, 3, 1, 2, 1, 2, 2, 1, 1, 2, 3, 2, 1, 2, 1, 1, 2, 3, 2, 1, 2, 2, 1, 1, 1, 2, 2, 4, 1, 1, 4, 3, 1, 2, 1, 1, 1, 1, 1, 1, 1, 1, 2, 3, 1, 3, 1, 3, 2, 1, 2, 2, 1, 1, 1, 2, 2, 2, 1, 2, 1, 2, 1, 2, 1, 2, 1, 1, 1, 3, 4, 4, 1, 1, 2, 1, 2, 2, 1, 1, 1, 1, 2, 1, 1, 1, 2, 1, 1, 1, 1, 3, 1, 2, 1, 4, 1, 1, 2, 4, 3, 1, 2, 1, 1, 2, 2, 1, 1, 2, 2, 2, 1, 2, 1, 1, 1, 1, 1, 2, 1, 1, 2, 1, 1, 4, 2, 4, 3, 2, 1, 2, 2, 2, 2, 1, 1, 1, 2, 3, 1, 1, 3, 1, 2, 1, 3, 1, 2, 1, 2, 2, 2, 3, 2, 2, 2]"
User-042,2,trace_0582,1788730241.046931,streaming,21316,75,75,319,11,276.35019063949585,300.7594006061554,0.32985418873864253,11.0,0,True,,1788729940.2874146,1788730216.6376052,1788730241.0468152,"[1788730216.6376052, 1788730217.2452729, 1788730217.9204776, 1788730218.625221, 1788730219.3580766, 1788730220.1322083, 1788730220.9128294, 1788730221.7376077, 1788730222.5914364, 1788730223.3162518, 1788730223.924444, 1788730224.592962, 1788730225.3193917, 1788730226.012155, 1788730226.7701807, 1788730227.5595176, 1788730228.3731663, 1788730229.2305694, 1788730230.1403291, 1788730230.7236326, 1788730231.3778086, 1788730232.0662212, 1788730232.7829294, 1788730233.5253775, 1788730234.2929852, 1788730235.094331, 1788730235.9287357, 1788730236.7866497, 1788730237.5972364, 1788730238.202482, 1788730238.864204, 1788730239.5577471, 1788730240.2788675, 1788730241.0417366]","[1, 1, 3, 5, 3, 1, 1, 2, 2, 3, 1, 4, 2, 2, 4, 2, 2, 1, 3, 1, 3, 1, 3, 1, 2, 2, 1, 2, 4, 5, 2, 3, 1, 1]"
User-095,0,trace_0386,1788730243.4770765,streaming,19606,268,268,0,306,191.11137175559998,304.47498536109924,0.4245828224925066,0.0,0,True,,1788729939.0020251,1788730130.113397,1788730243.4770105,"[1788730130.113397, 1788730130.720565, 1788730131.3886902, 1788730132.0839815, 1788730132.8136275, 1788730133.5621834, 1788730134.336892, 1788730135.149912, 1788730135.9897163, 1788730136.7342384, 1788730137.3414073, 1788730137.998561, 1788730138.6880655, 1788730139.4111183, 1788730140.1596303, 1788730140.9394712, 1788730141.7524357, 1788730142.5938604, 1788730143.440956, 1788730144.0387833, 1788730144.690203, 1788730145.3743494, 1788730146.08909, 1788730146.8323746, 1788730147.6080253, 1788730148.421621, 1788730149.277164, 1788730149.8797088, 1788730150.5448315, 1788730151.2350953, 1788730151.9480488, 1788730152.6942718, 1788730153.46889, 1788730154.2793047, 1788730155.1114142, 1788730155.8550441, 1788730156.4619858, 1788730157.1220357, 1788730157.8321712, 1788730158.5655477, 1788730159.3191752, 1788730160.1084418, 1788730160.9343312, 1788730161.7862766, 1788730162.4463236, 1788730163.068299, 1788730163.7412648, 1788730164.4439373, 1788730165.1952193, 1788730165.9501238, 1788730166.7442765, 1788730167.583932, 1788730168.1872149, 1788730168.8506436, 1788730169.5435815, 1788730170.2651157, 1788730171.0103426, 1788730171.7886798, 1788730172.60005, 1788730173.2977548, 1788730173.9358425, 1788730174.6152143, 1788730175.340847, 1788730176.0715978, 1788730176.8333666, 1788730177.6346226, 1788730178.4596786, 1788730179.1391604, 1788730179.7499933, 1788730180.4719713, 1788730181.1286812, 1788730181.8606527, 1788730182.6184626, 1788730183.410853, 1788730184.2349231, 1788730185.0957804, 1788730185.8532386, 1788730186.4623423, 1788730187.119497, 1788730187.8082535, 1788730188.5373557, 1788730189.2942631, 1788730190.0762908, 1788730190.8931785, 1788730191.689183, 1788730192.2624216, 1788730192.9187615, 1788730193.6228504, 1788730194.3502607, 1788730195.100482, 1788730195.8908353, 1788730196.7079992, 1788730197.552924, 1788730198.2360332, 1788730198.8476279, 1788730199.5249178, 1788730200.2230582, 1788730200.960389, 1788730201.7219534, 1788730202.5198934, 1788730203.3536546, 1788730204.238935, 1788730204.8244145, 1788730205.4834707, 1788730206.1644437, 1788730206.8802269, 1788730207.6227853, 1788730208.4043853, 1788730209.2267053, 1788730209.9314022, 1788730210.5695105, 1788730211.246887, 1788730211.963516, 1788730212.7028246, 1788730213.4763231, 1788730214.2525735, 1788730215.0738542, 1788730215.932324, 1788730216.6414173, 1788730217.2489734, 1788730217.9243326, 1788730218.6290188, 1788730219.361781, 1788730220.1360312, 1788730220.9167163, 1788730221.7404864, 1788730222.59501, 1788730223.3206973, 1788730223.9289253, 1788730224.5972264, 1788730225.3213732, 1788730226.0164042, 1788730226.7744045, 1788730227.5637462, 1788730228.3778505, 1788730229.2349753, 1788730230.1393304, 1788730230.7225957, 1788730231.3767848, 1788730232.0652149, 1788730232.7818823, 1788730233.524365, 1788730234.2917738, 1788730235.0933216, 1788730235.9276824, 1788730236.7856467, 1788730237.5962286, 1788730238.2014458, 1788730238.8634427, 1788730239.5567355, 1788730240.277861, 1788730241.0406659, 1788730241.8134685, 1788730242.6253092, 1788730243.4729116]","[1, 1, 1, 2, 2, 1, 2, 2, 3, 2, 1, 1, 3, 3, 1, 1, 2, 1, 1, 3, 1, 1, 2, 3, 1, 2, 5, 3, 1, 2, 2, 1, 2, 2, 1, 2, 1, 2, 1, 1, 2, 1, 1, 2, 1, 1, 1, 1, 3, 1, 1, 2, 1, 1, 3, 3, 2, 2, 1, 1, 1, 1, 3, 3, 1, 2, 2, 1, 1, 2, 1, 2, 1, 2, 2, 1, 2, 2, 2, 1, 1, 1, 3, 2, 1, 1, 1, 3, 1, 1, 4, 2, 2, 2, 1, 1, 2, 3, 1, 2, 2, 1, 1, 3, 3, 1, 1, 3, 3, 2, 1, 2, 2, 2, 3, 1, 2, 4, 1, 3, 1, 1, 1, 3, 5, 1, 1, 1, 1, 4, 1, 4, 3, 1, 1, 3, 1, 1, 1, 1, 1, 2, 1, 1, 1, 1, 1, 1, 2, 2, 1, 1, 1, 3, 3]"
User-100,0,trace_0600,1788730254.6158879,streaming,19586,246,246,0,305,210.12105250358582,315.4612467288971,0.42995997642984196,0.0,0,True,,1788729939.15455,1788730149.2756026,1788730254.6157968,"[1788730149.2756026, 1788730149.8781638, 1788730150.5432389, 1788730151.2334464, 1788730151.946403, 1788730152.6926942, 1788730153.4672048, 1788730154.2774181, 1788730155.1042638, 1788730155.853947, 1788730156.4609294, 1788730157.1156478, 1788730157.825605, 1788730158.557984, 1788730159.3131945, 1788730160.1019318, 1788730160.927884, 1788730161.7801452, 1788730162.4395175, 1788730163.0613322, 1788730163.7343256, 1788730164.437404, 1788730165.1880977, 1788730165.9441671, 1788730166.738907, 1788730167.5784132, 1788730168.1822233, 1788730168.8453205, 1788730169.5385678, 1788730170.260165, 1788730171.005295, 1788730171.7835104, 1788730172.5949051, 1788730173.2924826, 1788730173.9309607, 1788730174.6103718, 1788730175.3359191, 1788730176.0665715, 1788730176.8283386, 1788730177.629079, 1788730178.4542913, 1788730179.1333978, 1788730179.744052, 1788730180.469441, 1788730181.1226952, 1788730181.8521242, 1788730182.6128514, 1788730183.4050784, 1788730184.2293453, 1788730185.089861, 1788730185.8469453, 1788730186.4547226, 1788730187.1133811, 1788730187.8021505, 1788730188.5312982, 1788730189.2881236, 1788730190.0707152, 1788730190.8876073, 1788730191.6861863, 1788730192.256017, 1788730192.912683, 1788730193.6163468, 1788730194.3441653, 1788730195.0943637, 1788730195.8848557, 1788730196.6997294, 1788730197.5469258, 1788730198.229014, 1788730198.8406403, 1788730199.5182774, 1788730200.2159753, 1788730200.953584, 1788730201.7148287, 1788730202.51325, 1788730203.3470101, 1788730204.2370248, 1788730204.822649, 1788730205.481924, 1788730206.1573322, 1788730206.872654, 1788730207.6151567, 1788730208.396912, 1788730209.2187977, 1788730209.9244246, 1788730210.559771, 1788730211.2403114, 1788730211.9566262, 1788730212.6958082, 1788730213.4692805, 1788730214.2459047, 1788730215.0679016, 1788730215.9257073, 1788730216.634243, 1788730217.2421198, 1788730217.917218, 1788730218.622324, 1788730219.3548288, 1788730220.1290984, 1788730220.906624, 1788730221.7357802, 1788730222.5891504, 1788730223.3140178, 1788730223.9222264, 1788730224.5906823, 1788730225.318343, 1788730226.0097446, 1788730226.76799, 1788730227.5572822, 1788730228.3708951, 1788730229.228336, 1788730230.1383283, 1788730230.7214649, 1788730231.3756638, 1788730232.064065, 1788730232.7808669, 1788730233.5232193, 1788730234.290437, 1788730235.092171, 1788730235.9225035, 1788730236.7846494, 1788730237.5952296, 1788730238.2003956, 1788730238.8622477, 1788730239.5557249, 1788730240.276712, 1788730241.0395253, 1788730241.8123376, 1788730242.6241734, 1788730243.4720325, 1788730244.3316677, 1788730245.2315214, 1788730246.0436401, 1788730246.6482573, 1788730247.3075998, 1788730248.0026815, 1788730248.7208962, 1788730249.4762623, 1788730250.2686796, 1788730251.0780258, 1788730251.921073, 1788730252.5958679, 1788730253.2188084, 1788730253.8946738, 1788730254.608568]","[1, 1, 1, 1, 3, 3, 1, 1, 1, 1, 1, 1, 1, 1, 2, 1, 2, 1, 1, 1, 2, 1, 1, 1, 1, 3, 1, 1, 1, 2, 3, 1, 1, 1, 1, 2, 1, 1, 1, 1, 1, 3, 1, 1, 1, 1, 1, 1, 1, 2, 1, 4, 2, 2, 1, 3, 2, 4, 2, 1, 2, 1, 3, 1, 3, 1, 2, 1, 4, 1, 2, 1, 1, 1, 2, 2, 2, 3, 2, 1, 1, 1, 2, 2, 4, 3, 1, 2, 1, 4, 3, 1, 2, 1, 3, 1, 2, 2, 4, 4, 1, 1, 2, 4, 3, 2, 2, 1, 2, 2, 1, 2, 1, 3, 1, 1, 2, 1, 3, 1, 1, 1, 2, 2, 2, 3, 2, 1, 1, 1, 2, 2, 2, 3, 2, 2, 1, 2, 2, 1, 3, 1, 2, 1]"
User-120,0,trace_0710,1788730258.5823545,streaming,18968,182,182,0,296,239.5918049812317,319.0364942550659,0.4389209352145538,0.0,0,True,,1788729939.5457618,1788730179.1375668,1788730258.582256,"[1788730179.1375668, 1788730179.7483308, 1788730180.4712338, 1788730181.1271257, 1788730181.8589222, 1788730182.6168628, 1788730183.4090867, 1788730184.2332687, 1788730185.094224, 1788730185.8508008, 1788730186.4602692, 1788730187.1173272, 1788730187.8061843, 1788730188.5353024, 1788730189.2920716, 1788730190.0740929, 1788730190.8909433, 1788730191.6881778, 1788730192.260382, 1788730192.916579, 1788730193.6207368, 1788730194.3480897, 1788730195.098408, 1788730195.8887415, 1788730196.7058215, 1788730197.5508623, 1788730198.233011, 1788730198.844995, 1788730199.5223222, 1788730200.2202678, 1788730200.9577148, 1788730201.7193153, 1788730202.5171719, 1788730203.3509734, 1788730204.2426498, 1788730204.8280041, 1788730205.489429, 1788730206.1618576, 1788730206.877588, 1788730207.6201406, 1788730208.4018202, 1788730209.2241395, 1788730209.9287403, 1788730210.5667062, 1788730211.244211, 1788730211.9608443, 1788730212.7001133, 1788730213.4735503, 1788730214.2496388, 1788730215.0713027, 1788730215.9295092, 1788730216.6386786, 1788730217.2464526, 1788730217.9215467, 1788730218.6262777, 1788730219.3591588, 1788730220.1334448, 1788730220.9139056, 1788730221.7383993, 1788730222.5924587, 1788730223.3172362, 1788730223.9258096, 1788730224.594015, 1788730225.31988, 1788730226.0132124, 1788730226.7712488, 1788730227.5605452, 1788730228.3742049, 1788730229.2316391, 1788730230.143425, 1788730230.72667, 1788730231.3808289, 1788730232.0692582, 1788730232.78607, 1788730233.5281749, 1788730234.2960694, 1788730235.0973969, 1788730235.931686, 1788730236.7896683, 1788730237.6005144, 1788730238.2055857, 1788730238.8664722, 1788730239.5608118, 1788730240.2819128, 1788730241.045137, 1788730241.8173742, 1788730242.6288545, 1788730243.47581, 1788730244.338123, 1788730245.2380683, 1788730246.04853, 1788730246.65219, 1788730247.3122494, 1788730248.0077195, 1788730248.725116, 1788730249.4810057, 1788730250.2733922, 1788730251.0826433, 1788730251.9257832, 1788730252.601266, 1788730253.2239764, 1788730253.9029787, 1788730254.6141555, 1788730255.3450055, 1788730256.116104, 1788730256.9149072, 1788730257.7424994, 1788730258.580758]","[1, 1, 1, 1, 3, 3, 2, 1, 1, 1, 2, 1, 3, 2, 2, 1, 2, 2, 2, 1, 1, 1, 2, 4, 1, 1, 1, 1, 1, 4, 1, 2, 2, 1, 2, 1, 2, 2, 3, 1, 1, 1, 3, 1, 1, 1, 1, 2, 1, 1, 1, 3, 1, 2, 2, 1, 2, 1, 1, 2, 1, 3, 3, 1, 3, 1, 2, 2, 2, 1, 1, 1, 2, 1, 1, 3, 4, 1, 2, 1, 1, 2, 1, 1, 3, 1, 2, 1, 3, 1, 1, 1, 2, 2, 4, 4, 3, 1, 1, 1, 1, 2, 2, 1, 1, 1, 2, 4]"
User-119,0,trace_0737,1788730262.0322523,streaming,17668,213,213,0,275,233.79359078407288,322.53220415115356,0.41857836493905987,0.0,0,True,,1788729939.4999714,1788730173.2935622,1788730262.0321755,"[1788730173.2935622, 1788730173.931557, 1788730174.6109478, 1788730175.336469, 1788730176.0673158, 1788730176.8290317, 1788730177.6297903, 1788730178.4552755, 1788730179.1339576, 1788730179.7449908, 1788730180.4697037, 1788730181.1236646, 1788730181.8528154, 1788730182.6135445, 1788730183.4057748, 1788730184.2300506, 1788730185.0907655, 1788730185.8476834, 1788730186.456926, 1788730187.1140962, 1788730187.8028905, 1788730188.5319872, 1788730189.288848, 1788730190.0714464, 1788730190.8881907, 1788730191.6864545, 1788730192.2569723, 1788730192.9133806, 1788730193.6170247, 1788730194.3448992, 1788730195.095101, 1788730195.885456, 1788730196.7004216, 1788730197.5476565, 1788730198.2297845, 1788730198.8415964, 1788730199.51901, 1788730200.216674, 1788730200.9542987, 1788730201.715517, 1788730202.5139654, 1788730203.3477633, 1788730204.2394557, 1788730204.8249302, 1788730205.4841175, 1788730206.1585686, 1788730206.873918, 1788730207.6163595, 1788730208.3983388, 1788730209.2200654, 1788730209.9259553, 1788730210.561021, 1788730211.2415655, 1788730211.9579523, 1788730212.6970375, 1788730213.4705675, 1788730214.2474713, 1788730215.0690432, 1788730215.92698, 1788730216.6356153, 1788730217.2436614, 1788730217.9184701, 1788730218.6236236, 1788730219.356406, 1788730220.1303258, 1788730220.9117424, 1788730221.7367973, 1788730222.5902193, 1788730223.3152463, 1788730223.9233747, 1788730224.591918, 1788730225.318891, 1788730226.0109012, 1788730226.7691593, 1788730227.5584753, 1788730228.3721013, 1788730229.2295332, 1788730230.1398287, 1788730230.7231276, 1788730231.3772957, 1788730232.0657206, 1788730232.7824152, 1788730233.524876, 1788730234.2924738, 1788730235.0938323, 1788730235.9282055, 1788730236.7861576, 1788730237.5967445, 1788730238.2019491, 1788730238.8638325, 1788730239.5572364, 1788730240.2783642, 1788730241.04118, 1788730241.813972, 1788730242.625826, 1788730243.4735036, 1788730244.3328476, 1788730245.2326994, 1788730246.0454867, 1788730246.6498199, 1788730247.309136, 1788730248.0043638, 1788730248.7225525, 1788730249.477928, 1788730250.2703269, 1788730251.079583, 1788730251.9227242, 1788730252.5973456, 1788730253.2203412, 1788730253.8963692, 1788730254.6104975, 1788730255.3414178, 1788730256.1125133, 1788730256.9112666, 1788730257.738924, 1788730258.5765781, 1788730259.170545, 1788730259.846209, 1788730260.5351543, 1788730261.262, 1788730262.0268805]","[1, 1, 4, 3, 1, 1, 1, 1, 2, 4, 2, 1, 1, 1, 1, 1, 2, 1, 1, 2, 2, 2, 1, 1, 1, 1, 1, 2, 1, 1, 1, 3, 1, 1, 2, 2, 2, 3, 1, 3, 1, 2, 2, 1, 1, 3, 4, 1, 1, 1, 3, 2, 1, 2, 1, 3, 3, 3, 2, 3, 2, 3, 1, 3, 1, 2, 1, 1, 1, 3, 1, 2, 2, 1, 1, 4, 3, 2, 2, 1, 1, 1, 2, 2, 1, 3, 1, 1, 2, 1, 2, 1, 3, 1, 1, 2, 2, 2, 2, 3, 1, 1, 3, 1, 1, 4, 1, 1, 2, 2, 1, 2, 3, 2, 3, 1, 1, 2, 2, 1, 3]"
User-017,2,trace_0726,1788730262.81015,streaming,20946,127,127,317,3,264.33019185066223,322.90233278274536,0.4648582613657391,6.0,0,True,,1788729939.9076881,1788730204.23788,1788730262.810021,"[1788730204.23788, 1788730204.8232024, 1788730205.4824336, 1788730206.1580198, 1788730206.873363, 1788730207.6158206, 1788730208.3977885, 1788730209.2194922, 1788730209.925129, 1788730210.5604599, 1788730211.2410223, 1788730211.957384, 1788730212.6964977, 1788730213.4700158, 1788730214.246609, 1788730215.0685055, 1788730215.9263945, 1788730216.6350646, 1788730217.2428396, 1788730217.9179091, 1788730218.6230698, 1788730219.3555443, 1788730220.1297596, 1788730220.9111054, 1788730221.736367, 1788730222.5896902, 1788730223.3146923, 1788730223.922833, 1788730224.5913694, 1788730225.3186293, 1788730226.0103116, 1788730226.76863, 1788730227.557923, 1788730228.3715706, 1788730229.2289944, 1788730230.1388338, 1788730230.7219727, 1788730231.3761687, 1788730232.0645776, 1788730232.781373, 1788730233.5238588, 1788730234.2909594, 1788730235.0926921, 1788730235.9268022, 1788730236.7851498, 1788730237.5957255, 1788730238.2009094, 1788730238.8629427, 1788730239.5562215, 1788730240.2773392, 1788730241.0401597, 1788730241.812962, 1788730242.6247888, 1788730243.472508, 1788730244.3323088, 1788730245.2321672, 1788730246.0441365, 1788730246.6487813, 1788730247.3081083, 1788730248.0032086, 1788730248.7215245, 1788730249.4768853, 1788730250.2693164, 1788730251.0785482, 1788730251.9216933, 1788730252.5963683, 1788730253.219311, 1788730253.8953254, 1788730254.6093912, 1788730255.340259, 1788730256.1113625, 1788730256.91007, 1788730257.7377555, 1788730258.5756073, 1788730259.1694028, 1788730259.8457327, 1788730260.5340936, 1788730261.2607992, 1788730262.0256274, 1788730262.8005853]","[1, 1, 1, 2, 1, 2, 1, 3, 3, 3, 1, 1, 1, 1, 1, 1, 1, 1, 1, 2, 2, 2, 3, 1, 3, 1, 1, 1, 2, 1, 2, 1, 3, 1, 2, 3, 1, 1, 1, 1, 1, 2, 1, 1, 1, 3, 2, 2, 3, 2, 2, 1, 2, 2, 1, 1, 2, 1, 2, 1, 3, 2, 1, 1, 1, 1, 1, 2, 3, 2, 2, 1, 2, 1, 2, 1, 2, 2, 1, 1]"
User-035,3,trace_0062,1788730267.0380404,streaming,17635,149,149,260,9,269.78564739227295,326.89125394821167,0.3858486929455319,8.0,0,True,,1788729940.1467052,1788730209.9323525,1788730267.037959,"[1788730209.9323525, 1788730210.570029, 1788730211.2474072, 1788730211.9640508, 1788730212.703333, 1788730213.4767206, 1788730214.2532942, 1788730215.0743823, 1788730215.9328609, 1788730216.6419399, 1788730217.2495115, 1788730217.9248433, 1788730218.6295316, 1788730219.362291, 1788730220.1365657, 1788730220.9172645, 1788730221.7408726, 1788730222.5955129, 1788730223.3211896, 1788730223.9294338, 1788730224.597744, 1788730225.3216093, 1788730226.0169387, 1788730226.7749233, 1788730227.5642464, 1788730228.3783622, 1788730229.2355044, 1788730230.141325, 1788730230.7246459, 1788730231.3788261, 1788730232.0672438, 1788730232.7839842, 1788730233.5263798, 1788730234.2939985, 1788730235.0953896, 1788730235.9297762, 1788730236.787666, 1788730237.598338, 1788730238.2035837, 1788730238.8649511, 1788730239.5587707, 1788730240.279861, 1788730241.0431159, 1788730241.8149965, 1788730242.6268606, 1788730243.4742792, 1788730244.338645, 1788730245.238571, 1788730246.046491, 1788730246.6508827, 1788730247.3101537, 1788730248.005526, 1788730248.7235906, 1788730249.4789553, 1788730250.271348, 1788730251.0805993, 1788730251.9237707, 1788730252.599295, 1788730253.2219608, 1788730253.8978846, 1788730254.612084, 1788730255.3429623, 1788730256.1140769, 1788730256.912813, 1788730257.740457, 1788730258.579019, 1788730259.17259, 1788730259.8471987, 1788730260.5372415, 1788730261.2640452, 1788730262.0292442, 1788730262.808016, 1788730263.6192877, 1788730264.4601135, 1788730265.3298423, 1788730266.2282655, 1788730267.035509]","[1, 3, 3, 2, 5, 5, 1, 1, 2, 5, 1, 1, 2, 1, 1, 3, 2, 1, 2, 2, 1, 1, 2, 1, 4, 4, 1, 1, 1, 1, 2, 2, 1, 2, 1, 3, 5, 1, 1, 2, 1, 3, 2, 1, 1, 2, 3, 2, 1, 1, 2, 3, 2, 3, 1, 1, 1, 1, 1, 3, 5, 4, 1, 2, 2, 1, 2, 1, 1, 1, 2, 2, 2, 2, 2, 1, 2]"
User-082,0,trace_0739,1788730269.7429123,streaming,21285,406,406,0,332,168.7779495716095,331.0034327507019,0.4005567485903516,0.0,0,True,,1788729938.739323,1788730107.5172725,1788730269.7427557,"[1788730107.5172725, 1788730108.1420217, 1788730108.8232226, 1788730109.5286748, 1788730110.2662969, 1788730111.0292523, 1788730111.8256335, 1788730112.6514647, 1788730113.3206556, 1788730113.9353416, 1788730114.610425, 1788730115.3142097, 1788730116.0417566, 1788730116.796247, 1788730117.5896757, 1788730118.2806716, 1788730118.9041376, 1788730119.5783288, 1788730120.2856781, 1788730121.0148895, 1788730121.7910464, 1788730122.5851927, 1788730123.4168127, 1788730124.1949015, 1788730124.8151548, 1788730125.4827938, 1788730126.1857402, 1788730126.917896, 1788730127.6719878, 1788730128.4547617, 1788730129.2757003, 1788730130.1066644, 1788730130.7152681, 1788730131.3833423, 1788730132.0784178, 1788730132.8083994, 1788730133.5564518, 1788730134.3312182, 1788730135.1445835, 1788730135.983871, 1788730136.7290568, 1788730137.333859, 1788730137.993239, 1788730138.6822605, 1788730139.405641, 1788730140.1543536, 1788730140.9339442, 1788730141.747282, 1788730142.5886195, 1788730143.437184, 1788730144.035061, 1788730144.68651, 1788730145.3706636, 1788730146.085196, 1788730146.8285537, 1788730147.6039622, 1788730148.4178905, 1788730149.272828, 1788730149.8754494, 1788730150.540721, 1788730151.2305837, 1788730151.9439595, 1788730152.6900325, 1788730153.4648266, 1788730154.274602, 1788730155.105885, 1788730155.851478, 1788730156.4580758, 1788730157.1172593, 1788730157.8273573, 1788730158.559997, 1788730159.3148499, 1788730160.1036189, 1788730160.929545, 1788730161.7817967, 1788730162.4412308, 1788730163.062979, 1788730163.7362528, 1788730164.4390538, 1788730165.189649, 1788730165.9458053, 1788730166.7405345, 1788730167.5803607, 1788730168.183396, 1788730168.8464158, 1788730169.5397565, 1788730170.26125, 1788730171.0064783, 1788730171.7846632, 1788730172.5959797, 1788730173.294616, 1788730173.9326212, 1788730174.612009, 1788730175.3375733, 1788730176.0678608, 1788730176.8295622, 1788730177.630354, 1788730178.455868, 1788730179.13452, 1788730179.745618, 1788730180.4699645, 1788730181.1242447, 1788730181.853343, 1788730182.614092, 1788730183.4063208, 1788730184.2306073, 1788730185.091488, 1788730185.8482225, 1788730186.4574654, 1788730187.1146612, 1788730187.8034716, 1788730188.5325525, 1788730189.2893991, 1788730190.0719938, 1788730190.8887403, 1788730191.6867156, 1788730192.257573, 1788730192.9139314, 1788730193.6175787, 1788730194.3454664, 1788730195.0956604, 1788730195.8860111, 1788730196.7009761, 1788730197.5482388, 1788730198.2303271, 1788730198.842204, 1788730199.5195804, 1788730200.2175412, 1788730200.9549093, 1788730201.7160764, 1788730202.5145223, 1788730203.3483176, 1788730204.2340348, 1788730204.81927, 1788730205.4790103, 1788730206.1591299, 1788730206.8747795, 1788730207.6168897, 1788730208.399098, 1788730209.220613, 1788730209.9265506, 1788730210.5615606, 1788730211.242107, 1788730211.958515, 1788730212.6978815, 1788730213.4711483, 1788730214.2480564, 1788730215.069571, 1788730215.927521, 1788730216.6361642, 1788730217.24423, 1788730217.9193306, 1788730218.624139, 1788730219.3569953, 1788730220.1308708, 1788730220.9122949, 1788730221.7371995, 1788730222.5907648, 1788730223.315738, 1788730223.92391, 1788730224.5924437, 1788730225.319146, 1788730226.0114622, 1788730226.7696724, 1788730227.5590055, 1788730228.3726456, 1788730229.2300603, 1788730230.1343937, 1788730230.7180822, 1788730231.3722713, 1788730232.060681, 1788730232.7781465, 1788730233.5198205, 1788730234.287109, 1788730235.0887997, 1788730235.9191666, 1788730236.7809925, 1788730237.5908663, 1788730238.1963394, 1788730238.8582778, 1788730239.551483, 1788730240.272804, 1788730241.0355434, 1788730241.8084104, 1788730242.6202514, 1788730243.467953, 1788730244.3333855, 1788730245.2332373, 1788730246.0395083, 1788730246.640544, 1788730247.3035066, 1788730247.9987614, 1788730248.7169414, 1788730249.472288, 1788730250.2647424, 1788730251.0738187, 1788730251.9171708, 1788730252.5919516, 1788730253.214945, 1788730253.8906968, 1788730254.6041946, 1788730255.3363001, 1788730256.107434, 1788730256.9061265, 1788730257.733867, 1788730258.5717201, 1788730259.1655056, 1788730259.8438716, 1788730260.5299008, 1788730261.256834, 1788730262.0213325, 1788730262.801424, 1788730263.612641, 1788730264.4534295, 1788730265.3236678, 1788730266.2216535, 1788730267.026317, 1788730267.6137462, 1788730268.2913961, 1788730268.9917378, 1788730269.7340355]","[1, 1, 1, 1, 3, 3, 1, 1, 1, 1, 1, 1, 1, 1, 2, 1, 2, 1, 1, 1, 2, 1, 1, 1, 1, 1, 1, 3, 1, 2, 2, 2, 2, 2, 2, 1, 2, 1, 1, 1, 1, 1, 3, 2, 2, 1, 1, 1, 1, 2, 1, 1, 3, 3, 1, 1, 2, 2, 4, 1, 1, 2, 4, 1, 2, 2, 1, 1, 1, 3, 1, 3, 1, 1, 2, 3, 1, 1, 2, 4, 2, 1, 1, 1, 1, 1, 2, 2, 1, 2, 2, 1, 1, 1, 4, 2, 2, 4, 1, 2, 1, 1, 1, 1, 1, 1, 2, 1, 1, 1, 2, 1, 2, 3, 1, 1, 4, 1, 3, 3, 2, 2, 2, 1, 1, 1, 2, 1, 1, 5, 3, 1, 1, 2, 1, 2, 2, 1, 2, 4, 3, 3, 1, 4, 1, 1, 4, 1, 3, 2, 1, 1, 4, 1, 2, 1, 4, 5, 3, 1, 1, 1, 2, 1, 1, 2, 1, 1, 1, 2, 2, 3, 3, 1, 1, 1, 2, 2, 1, 6, 5, 2, 2, 1, 1, 4, 1, 4, 3, 1, 1, 2, 5, 4, 2, 1, 1, 2, 1, 1, 2, 1, 1, 2, 1, 3, 1, 3, 2, 4, 4, 3, 6, 2, 3, 4, 1, 1, 4, 1, 2]"
User-055,2,trace_0449,1788730272.1124012,streaming,20691,189,189,232,84,258.37171506881714,332.2501275539398,0.3929702791761845,12.0,0,True,,1788729939.8622043,1788730198.2339194,1788730272.1123319,"[1788730198.2339194, 1788730198.8455346, 1788730199.522861, 1788730200.2209344, 1788730200.9582472, 1788730201.7198646, 1788730202.5178087, 1788730203.3515937, 1788730204.243694, 1788730204.8290014, 1788730205.4905205, 1788730206.1623633, 1788730206.8781247, 1788730207.620668, 1788730208.402328, 1788730209.2246604, 1788730209.9292831, 1788730210.5674016, 1788730211.2448213, 1788730211.961365, 1788730212.700764, 1788730213.4741075, 1788730214.25016, 1788730215.0718062, 1788730215.9300675, 1788730216.63926, 1788730217.2470024, 1788730217.9222145, 1788730218.6269338, 1788730219.3598077, 1788730220.1339657, 1788730220.914565, 1788730221.7388198, 1788730222.592968, 1788730223.3177404, 1788730223.926324, 1788730224.5946493, 1788730225.3201277, 1788730226.0137393, 1788730226.7718697, 1788730227.5611687, 1788730228.3748322, 1788730229.2323976, 1788730230.1438909, 1788730230.7276907, 1788730231.3818305, 1788730232.0702832, 1788730232.7871776, 1788730233.5289536, 1788730234.2970834, 1788730235.0984113, 1788730235.9321477, 1788730236.7906706, 1788730237.6016488, 1788730238.2065566, 1788730238.8672347, 1788730239.5618117, 1788730240.2829337, 1788730241.0461404, 1788730241.8183703, 1788730242.6298535, 1788730243.47656, 1788730244.3350348, 1788730245.2348685, 1788730246.0495615, 1788730246.6526685, 1788730247.3132653, 1788730248.008723, 1788730248.7258837, 1788730249.482034, 1788730250.2744513, 1788730251.0836923, 1788730251.9268017, 1788730252.6022596, 1788730253.225005, 1788730253.9038312, 1788730254.6151888, 1788730255.3460228, 1788730256.1171217, 1788730256.9159334, 1788730257.7435222, 1788730258.5817947, 1788730259.1751277, 1788730259.8484166, 1788730260.5398397, 1788730261.2666113, 1788730262.0318158, 1788730262.8043737, 1788730263.615482, 1788730264.4562585, 1788730265.3267627, 1788730266.2246265, 1788730267.0318627, 1788730267.618856, 1788730268.2942698, 1788730268.9943483, 1788730269.7372565, 1788730270.490316, 1788730271.276646, 1788730272.10533]","[1, 1, 3, 1, 2, 5, 1, 1, 1, 1, 2, 1, 1, 2, 1, 1, 1, 2, 2, 2, 1, 3, 3, 1, 1, 2, 3, 3, 4, 2, 1, 3, 1, 1, 2, 2, 3, 6, 5, 3, 1, 1, 1, 2, 3, 3, 2, 3, 1, 1, 4, 1, 1, 2, 1, 2, 1, 3, 2, 1, 1, 1, 1, 1, 2, 2, 2, 1, 4, 2, 3, 2, 1, 2, 3, 3, 1, 1, 1, 2, 3, 1, 1, 3, 1, 1, 1, 1, 4, 2, 1, 3, 4, 2, 1, 1, 1, 1, 2, 1]"
User-117,0,trace_0653,1788730278.5342963,streaming,18778,257,257,0,293,228.12894225120544,339.07834219932556,0.4333960935473442,0.0,0,True,,1788729939.4558635,1788730167.5848057,1788730278.5342057,"[1788730167.5848057, 1788730168.187723, 1788730168.8511972, 1788730169.5441265, 1788730170.2656252, 1788730171.0108898, 1788730171.7892382, 1788730172.6005776, 1788730173.2982616, 1788730173.936357, 1788730174.6157143, 1788730175.3413575, 1788730176.0721092, 1788730176.8338757, 1788730177.6351619, 1788730178.4601812, 1788730179.1397514, 1788730179.7504923, 1788730180.47221, 1788730181.1291814, 1788730181.861173, 1788730182.6189945, 1788730183.4115398, 1788730184.2354352, 1788730185.096292, 1788730185.8537738, 1788730186.4628708, 1788730187.1200101, 1788730187.808744, 1788730188.5378635, 1788730189.2947776, 1788730190.076813, 1788730190.893721, 1788730191.689422, 1788730192.2629366, 1788730192.9192646, 1788730193.6233966, 1788730194.350782, 1788730195.1009943, 1788730195.891366, 1788730196.7085366, 1788730197.5534384, 1788730198.2365637, 1788730198.8481421, 1788730199.5254145, 1788730200.2235732, 1788730200.960933, 1788730201.7224622, 1788730202.5204093, 1788730203.354166, 1788730204.2415292, 1788730204.8269663, 1788730205.4861574, 1788730206.164972, 1788730206.8807418, 1788730207.6233091, 1788730208.4049072, 1788730209.227254, 1788730209.9328744, 1788730210.570563, 1788730211.2479174, 1788730211.9645796, 1788730212.703857, 1788730213.477155, 1788730214.2538025, 1788730215.0749102, 1788730215.9333906, 1788730216.642497, 1788730217.250019, 1788730217.9253578, 1788730218.6300578, 1788730219.3628085, 1788730220.137076, 1788730220.917806, 1788730221.7412767, 1788730222.5960197, 1788730223.3216903, 1788730223.929973, 1788730224.598244, 1788730225.3218524, 1788730226.017469, 1788730226.7755592, 1788730227.5647523, 1788730228.3789372, 1788730229.2360284, 1788730230.141812, 1788730230.725144, 1788730231.3793287, 1788730232.067749, 1788730232.7845185, 1788730233.526914, 1788730234.2945309, 1788730235.0958886, 1788730235.9303057, 1788730236.7881837, 1788730237.598837, 1788730238.2040749, 1788730238.8653283, 1788730239.5592732, 1788730240.2803824, 1788730241.0436213, 1788730241.8154943, 1788730242.6273544, 1788730243.4746609, 1788730244.3391798, 1788730245.239096, 1788730246.047015, 1788730246.6514041, 1788730247.310674, 1788730248.006048, 1788730248.7239728, 1788730249.4794843, 1788730250.2718544, 1788730251.0811105, 1788730251.9242682, 1788730252.5997934, 1788730253.2224524, 1788730253.8984025, 1788730254.6126273, 1788730255.3434856, 1788730256.1145852, 1788730256.9133391, 1788730257.740969, 1788730258.5795238, 1788730259.173095, 1788730259.8474517, 1788730260.5377429, 1788730261.2645576, 1788730262.0297632, 1788730262.8085775, 1788730263.6198003, 1788730264.4606233, 1788730265.3302362, 1788730266.2287843, 1788730267.0362997, 1788730267.622821, 1788730268.2979386, 1788730268.9980605, 1788730269.7412367, 1788730270.4940422, 1788730271.280618, 1788730272.1091948, 1788730272.950972, 1788730273.8307147, 1788730274.7359133, 1788730275.6725273, 1788730276.6099267, 1788730277.2082713, 1788730277.8426516, 1788730278.5323055]","[1, 1, 1, 1, 3, 3, 1, 4, 2, 1, 1, 3, 2, 1, 1, 2, 4, 1, 1, 3, 1, 3, 3, 1, 1, 1, 1, 2, 2, 3, 1, 1, 2, 1, 2, 2, 3, 2, 1, 2, 1, 2, 1, 2, 1, 1, 1, 2, 1, 1, 1, 1, 1, 1, 1, 1, 1, 1, 1, 2, 2, 1, 1, 2, 1, 3, 1, 1, 1, 1, 1, 3, 2, 2, 2, 1, 1, 1, 2, 1, 1, 2, 2, 1, 2, 2, 1, 1, 2, 2, 2, 1, 2, 3, 3, 1, 3, 1, 2, 2, 2, 1, 1, 2, 1, 4, 2, 1, 5, 1, 3, 2, 2, 2, 3, 2, 4, 1, 3, 1, 3, 3, 1, 1, 2, 1, 1, 2, 1, 1, 1, 2, 4, 3, 2, 2, 1, 1, 1, 2, 1, 1, 2, 1, 1, 1, 2, 2, 4, 2]"
User-099,0,trace_0515,1788730280.7526855,streaming,22136,310,310,0,345,204.3391387462616,341.6451988220215,0.4443561814749511,0.0,0,True,,1788729939.107397,1788730143.4465358,1788730280.752596,"[1788730143.4465358, 1788730144.0440273, 1788730144.6954503, 1788730145.3795953, 1788730146.0944402, 1788730146.8377223, 1788730147.6136105, 1788730148.42749, 1788730149.281826, 1788730149.884355, 1788730150.5497475, 1788730151.2400422, 1788730151.9533257, 1788730152.699077, 1788730153.4734905, 1788730154.2841754, 1788730155.1103148, 1788730155.8606865, 1788730156.471304, 1788730157.1225367, 1788730157.8326788, 1788730158.5660493, 1788730159.319684, 1788730160.1089644, 1788730160.9348478, 1788730161.7868063, 1788730162.4468417, 1788730163.0688336, 1788730163.7417765, 1788730164.44448, 1788730165.1957521, 1788730165.9506528, 1788730166.744798, 1788730167.5854564, 1788730168.188238, 1788730168.851719, 1788730169.5446336, 1788730170.26614, 1788730171.0114028, 1788730171.7897677, 1788730172.6010942, 1788730173.298785, 1788730173.936869, 1788730174.6162157, 1788730175.3418753, 1788730176.0726187, 1788730176.8343847, 1788730177.6356866, 1788730178.460688, 1788730179.1403224, 1788730179.7510042, 1788730180.472451, 1788730181.1296842, 1788730181.8616881, 1788730182.6195285, 1788730183.4120734, 1788730184.2359533, 1788730185.0968046, 1788730185.8542829, 1788730186.463376, 1788730187.1205418, 1788730187.8092415, 1788730188.5383768, 1788730189.295317, 1788730190.0773158, 1788730190.8942418, 1788730191.6896589, 1788730192.2634473, 1788730192.9197764, 1788730193.6239197, 1788730194.3512876, 1788730195.101486, 1788730195.8918767, 1788730196.709051, 1788730197.5539494, 1788730198.237125, 1788730198.8486571, 1788730199.5259156, 1788730200.2240863, 1788730200.961451, 1788730201.7229896, 1788730202.5209148, 1788730203.354667, 1788730204.2431767, 1788730204.8285038, 1788730205.4899879, 1788730206.1654756, 1788730206.8812506, 1788730207.6238358, 1788730208.4054134, 1788730209.2279305, 1788730209.933392, 1788730210.5711002, 1788730211.248421, 1788730211.9651005, 1788730212.7043674, 1788730213.4775593, 1788730214.2543108, 1788730215.0754397, 1788730215.9339054, 1788730216.643082, 1788730217.2505238, 1788730217.9258835, 1788730218.6305673, 1788730219.3633516, 1788730220.1376011, 1788730220.918328, 1788730221.741668, 1788730222.5965233, 1788730223.3221753, 1788730223.9304826, 1788730224.5987864, 1788730225.322091, 1788730226.0179868, 1788730226.7760723, 1788730227.5652623, 1788730228.3793287, 1788730229.2365358, 1788730230.1436532, 1788730230.7271821, 1788730231.3813298, 1788730232.069773, 1788730232.7865975, 1788730233.5285654, 1788730234.29657, 1788730235.0979025, 1788730235.9319165, 1788730236.7901683, 1788730237.6010714, 1788730238.206066, 1788730238.8668494, 1788730239.561304, 1788730240.2824173, 1788730241.045635, 1788730241.817868, 1788730242.6293497, 1788730243.4761837, 1788730244.339678, 1788730245.239628, 1788730246.0490675, 1788730246.6524239, 1788730247.3127606, 1788730248.0082126, 1788730248.7254968, 1788730249.4815264, 1788730250.2739184, 1788730251.0831685, 1788730251.9262786, 1788730252.601767, 1788730253.2244744, 1788730253.9035008, 1788730254.6146657, 1788730255.3455086, 1788730256.1166043, 1788730256.9154155, 1788730257.7430074, 1788730258.5813873, 1788730259.1746066, 1788730259.8481734, 1788730260.53933, 1788730261.2661018, 1788730262.0313594, 1788730262.8090866, 1788730263.6203058, 1788730264.4611366, 1788730265.3306415, 1788730266.2293077, 1788730267.0368156, 1788730267.6233506, 1788730268.2984524, 1788730268.9985638, 1788730269.741742, 1788730270.494547, 1788730271.2813191, 1788730272.1096938, 1788730272.9515557, 1788730273.8312316, 1788730274.736425, 1788730275.673038, 1788730276.6104417, 1788730277.2085125, 1788730277.843195, 1788730278.5331085, 1788730279.232749, 1788730279.9787269, 1788730280.7511504]","[1, 1, 1, 1, 3, 3, 1, 1, 2, 1, 2, 2, 2, 2, 1, 2, 2, 1, 1, 1, 1, 1, 1, 1, 1, 1, 1, 1, 2, 2, 1, 1, 2, 1, 2, 1, 2, 1, 2, 1, 1, 1, 1, 3, 1, 1, 2, 1, 1, 1, 2, 2, 2, 3, 1, 1, 1, 1, 2, 1, 2, 1, 4, 2, 2, 1, 4, 1, 1, 2, 3, 1, 2, 1, 1, 1, 2, 1, 5, 1, 1, 4, 4, 2, 2, 3, 2, 3, 3, 2, 2, 1, 2, 2, 2, 1, 1, 1, 2, 1, 2, 1, 1, 2, 1, 4, 3, 1, 1, 1, 2, 2, 1, 2, 1, 1, 1, 3, 4, 1, 1, 1, 2, 4, 1, 2, 1, 1, 2, 1, 2, 2, 1, 1, 2, 2, 2, 3, 2, 1, 1, 1, 1, 1, 1, 4, 3, 1, 1, 1, 1, 1, 1, 3, 1, 1, 4, 2, 1, 1, 1, 2, 1, 3, 3, 2, 2, 2, 1, 1, 2, 1, 2, 1, 2, 2, 1, 2, 1, 2, 1, 2, 2, 1, 4, 1]"
User-127,0,trace_0731,1788730284.1720688,streaming,19318,204,204,0,301,251.96751022338867,344.4520494937897,0.45558886340099014,0.0,0,True,,1788729939.7198966,1788730191.6874068,1788730284.171946,"[1788730191.6874068, 1788730192.2586715, 1788730192.9150352, 1788730193.618961, 1788730194.346509, 1788730195.0967383, 1788730195.8870986, 1788730196.7020278, 1788730197.549304, 1788730198.2314537, 1788730198.8433094, 1788730199.5206425, 1788730200.2186666, 1788730200.9559767, 1788730201.7171574, 1788730202.5156407, 1788730203.3493936, 1788730204.2346597, 1788730204.8200076, 1788730205.4796634, 1788730206.1601658, 1788730206.8758934, 1788730207.6179729, 1788730208.4001622, 1788730209.222043, 1788730209.9276817, 1788730210.5654423, 1788730211.2431817, 1788730211.9596338, 1788730212.6990528, 1788730213.4722023, 1788730214.2491314, 1788730215.0707786, 1788730215.9289033, 1788730216.6381376, 1788730217.245802, 1788730217.9210124, 1788730218.625761, 1788730219.3586018, 1788730220.1327398, 1788730220.9133704, 1788730221.7380059, 1788730222.591949, 1788730223.3167424, 1788730223.925268, 1788730224.5934942, 1788730225.3196392, 1788730226.0126867, 1788730226.7707028, 1788730227.5600283, 1788730228.373689, 1788730229.231112, 1788730230.135114, 1788730230.718695, 1788730231.3728828, 1788730232.0612943, 1788730232.7786005, 1788730233.5204778, 1788730234.2877176, 1788730235.0894356, 1788730235.9197717, 1788730236.7817328, 1788730237.5915825, 1788730238.1969573, 1788730238.8589437, 1788730239.5523417, 1788730240.2734222, 1788730241.0361753, 1788730241.809029, 1788730242.6208613, 1788730243.468599, 1788730244.3338964, 1788730245.233776, 1788730246.0402784, 1788730246.6411715, 1788730247.3042138, 1788730247.9993794, 1788730248.717578, 1788730249.472927, 1788730250.26538, 1788730251.0746233, 1788730251.9177868, 1788730252.5926137, 1788730253.215554, 1788730253.891359, 1788730254.6049285, 1788730255.336914, 1788730256.108045, 1788730256.906779, 1788730257.7344835, 1788730258.5724142, 1788730259.1661222, 1788730259.844214, 1788730260.5306966, 1788730261.2574558, 1788730262.0221834, 1788730262.801994, 1788730263.6133118, 1788730264.4540803, 1788730265.3242629, 1788730266.2222443, 1788730267.0295243, 1788730267.614299, 1788730268.2919664, 1788730268.992278, 1788730269.734899, 1788730270.488206, 1788730271.2741227, 1788730272.1030848, 1788730272.9455862, 1788730273.8254087, 1788730274.729665, 1788730275.666784, 1788730276.603729, 1788730277.2053566, 1788730277.8368192, 1788730278.5263977, 1788730279.2268734, 1788730279.970347, 1788730280.745392, 1788730281.548048, 1788730282.3879466, 1788730283.257328, 1788730284.165056]","[1, 1, 1, 1, 3, 3, 1, 4, 2, 1, 1, 2, 1, 1, 1, 1, 2, 2, 1, 2, 2, 1, 2, 1, 1, 1, 1, 1, 1, 1, 1, 2, 1, 2, 3, 2, 1, 1, 4, 2, 2, 1, 1, 2, 3, 2, 1, 1, 1, 1, 1, 1, 1, 2, 2, 1, 1, 1, 1, 1, 1, 1, 1, 1, 1, 2, 1, 1, 1, 2, 1, 2, 2, 4, 2, 2, 1, 1, 2, 4, 3, 1, 1, 2, 1, 3, 3, 1, 1, 1, 3, 1, 2, 2, 3, 2, 2, 3, 1, 2, 1, 2, 1, 1, 4, 4, 3, 1, 1, 2, 2, 1, 2, 1, 2, 1, 2, 1, 2, 1, 2, 2, 3, 1]"
User-108,0,trace_0695,1788730287.67227,streaming,20249,325,325,0,316,216.5794153213501,348.3939890861511,0.40683510421234886,0.0,0,True,,1788729939.2781317,1788730155.857547,1788730287.6721208,"[1788730155.857547, 1788730156.468044, 1788730157.121522, 1788730157.831643, 1788730158.5650294, 1788730159.3186536, 1788730160.1077306, 1788730160.9338245, 1788730161.785588, 1788730162.4457471, 1788730163.0677557, 1788730163.7407477, 1788730164.4434164, 1788730165.19467, 1788730165.9495797, 1788730166.7437694, 1788730167.5834243, 1788730168.1866877, 1788730168.8500998, 1788730169.5430508, 1788730170.264605, 1788730171.0098264, 1788730171.7881336, 1788730172.5995324, 1788730173.297236, 1788730173.9353278, 1788730174.614683, 1788730175.3403354, 1788730176.0710595, 1788730176.8328488, 1788730177.6340942, 1788730178.4591591, 1788730179.1386223, 1788730179.7494783, 1788730180.4717274, 1788730181.1281562, 1788730181.8601213, 1788730182.6179407, 1788730183.4101486, 1788730184.2343898, 1788730185.0952659, 1788730185.8527179, 1788730186.461837, 1788730187.1189768, 1788730187.807742, 1788730188.5368466, 1788730189.2937527, 1788730190.0757766, 1788730190.8925686, 1788730191.6889448, 1788730192.2619238, 1788730192.9182374, 1788730193.6223006, 1788730194.3497443, 1788730195.0999815, 1788730195.890298, 1788730196.7074661, 1788730197.5523853, 1788730198.235525, 1788730198.8471148, 1788730199.5244017, 1788730200.2225008, 1788730200.9598415, 1788730201.7214427, 1788730202.5193772, 1788730203.3531466, 1788730204.2410054, 1788730204.8264513, 1788730205.4856453, 1788730206.1639264, 1788730206.8797011, 1788730207.6222541, 1788730208.403887, 1788730209.2262022, 1788730209.9308681, 1788730210.5689979, 1788730211.2463398, 1788730211.9629939, 1788730212.702303, 1788730213.475723, 1788730214.2520604, 1788730215.0733502, 1788730215.9317994, 1788730216.6408944, 1788730217.248448, 1788730217.9238038, 1788730218.6284935, 1788730219.3612692, 1788730220.1355255, 1788730220.9161797, 1788730221.7401032, 1788730222.594502, 1788730223.3201106, 1788730223.9284067, 1788730224.596726, 1788730225.3211277, 1788730226.0158694, 1788730226.7739, 1788730227.5632427, 1788730228.3773186, 1788730229.234457, 1788730230.1408298, 1788730230.724136, 1788730231.3783183, 1788730232.0667186, 1788730232.7834606, 1788730233.525881, 1788730234.29349, 1788730235.0948558, 1788730235.9292533, 1788730236.7871637, 1788730237.5978425, 1788730238.2030509, 1788730238.8645818, 1788730239.5582604, 1788730240.2793648, 1788730241.042579, 1788730241.8144736, 1788730242.626339, 1788730243.4738998, 1788730244.3375924, 1788730245.2375462, 1788730246.04598, 1788730246.6503377, 1788730247.3096406, 1788730248.004857, 1788730248.7231014, 1788730249.4784286, 1788730250.2708375, 1788730251.0800977, 1788730251.9232674, 1788730252.5978413, 1788730253.2209494, 1788730253.8968742, 1788730254.611046, 1788730255.3419213, 1788730256.1130335, 1788730256.9117744, 1788730257.7394376, 1788730258.5778983, 1788730259.1715665, 1788730259.8467026, 1788730260.5361993, 1788730261.2630265, 1788730262.0282264, 1788730262.8069751, 1788730263.6182356, 1788730264.4590924, 1788730265.329049, 1788730266.2272305, 1788730267.0344658, 1788730267.6217458, 1788730268.2969136, 1788730268.9970264, 1788730269.7402291, 1788730270.4930122, 1788730271.2793994, 1788730272.1081803, 1788730272.9499042, 1788730273.8297043, 1788730274.7348762, 1788730275.6715047, 1788730276.6088748, 1788730277.2077825, 1788730277.8416376, 1788730278.531248, 1788730279.231751, 1788730279.9776688, 1788730280.7501004, 1788730281.5530286, 1788730282.3928988, 1788730283.262216, 1788730284.1703403, 1788730284.9158533, 1788730285.53754, 1788730286.223931, 1788730286.944029, 1788730287.6700568]","[1, 1, 1, 2, 2, 1, 2, 1, 1, 2, 1, 4, 2, 2, 2, 2, 1, 1, 1, 3, 1, 1, 2, 1, 2, 2, 2, 2, 3, 2, 1, 2, 1, 2, 2, 1, 1, 1, 3, 1, 1, 2, 2, 2, 2, 3, 1, 1, 2, 1, 1, 2, 1, 1, 1, 1, 1, 2, 1, 3, 1, 4, 2, 2, 2, 2, 2, 1, 3, 4, 1, 1, 1, 1, 2, 2, 3, 2, 1, 1, 2, 1, 1, 1, 3, 3, 4, 1, 1, 2, 1, 1, 3, 3, 1, 3, 2, 2, 2, 1, 1, 1, 1, 3, 4, 2, 1, 2, 3, 2, 2, 1, 2, 2, 1, 1, 3, 4, 2, 2, 5, 4, 4, 1, 3, 1, 1, 2, 1, 1, 1, 1, 1, 3, 1, 2, 2, 1, 4, 3, 2, 2, 1, 1, 1, 1, 2, 2, 1, 1, 1, 2, 4, 3, 1, 1, 1, 3, 1, 2, 2, 1, 2, 1, 1, 1, 2, 1, 1, 2, 4, 2, 2, 4, 4, 3, 3, 1]"
User-096,0,trace_0658,1788730297.7021525,streaming,20676,382,382,0,322,197.6737585067749,358.6491947174072,0.42250770658958614,0.0,0,True,,1788729939.052844,1788730136.7266026,1788730297.7020388,"[1788730136.7266026, 1788730137.3310702, 1788730137.9905126, 1788730138.6798022, 1788730139.4029598, 1788730140.151544, 1788730140.9311337, 1788730141.744469, 1788730142.5859396, 1788730143.4393303, 1788730144.0372057, 1788730144.6886318, 1788730145.37283, 1788730146.0875218, 1788730146.830801, 1788730147.6058824, 1788730148.4200017, 1788730149.2746944, 1788730149.8776505, 1788730150.5426695, 1788730151.2328625, 1788730151.9458613, 1788730152.6921647, 1788730153.466643, 1788730154.276884, 1788730155.1029258, 1788730155.8534234, 1788730156.4603944, 1788730157.114306, 1788730157.8239741, 1788730158.5566075, 1788730159.3116083, 1788730160.100426, 1788730160.9264874, 1788730161.7785087, 1788730162.4378195, 1788730163.0600164, 1788730163.7330287, 1788730164.43605, 1788730165.1867244, 1788730165.9427032, 1788730166.7373013, 1788730167.5770824, 1788730168.1805472, 1788730168.8439808, 1788730169.5369446, 1788730170.2585623, 1788730171.0035481, 1788730171.7780347, 1788730172.5936055, 1788730173.2910476, 1788730173.9292283, 1788730174.6088352, 1788730175.3340914, 1788730176.0657067, 1788730176.8274798, 1788730177.6283405, 1788730178.4535854, 1788730179.1327405, 1788730179.7433062, 1788730180.469083, 1788730181.1219974, 1788730181.8512912, 1788730182.6120498, 1788730183.40418, 1788730184.2285066, 1788730185.0890212, 1788730185.8462186, 1788730186.4538302, 1788730187.1125073, 1788730187.8012867, 1788730188.5304193, 1788730189.2872522, 1788730190.0698597, 1788730190.8866801, 1788730191.6858263, 1788730192.2553096, 1788730192.911839, 1788730193.6156886, 1788730194.3432994, 1788730195.0935135, 1788730195.8838692, 1788730196.6988866, 1788730197.5462716, 1788730198.2281249, 1788730198.8399239, 1788730199.5174046, 1788730200.215304, 1788730200.9528568, 1788730201.7141154, 1788730202.51241, 1788730203.3461297, 1788730204.2365124, 1788730204.8221347, 1788730205.481411, 1788730206.1566892, 1788730206.8719664, 1788730207.6144936, 1788730208.3960652, 1788730209.2180986, 1788730209.923742, 1788730210.559131, 1788730211.2396376, 1788730211.955637, 1788730212.695143, 1788730213.4685755, 1788730214.2452464, 1788730215.0670488, 1788730215.9250557, 1788730216.633579, 1788730217.2414024, 1788730217.9165576, 1788730218.6214688, 1788730219.3541653, 1788730220.1284137, 1788730220.9057667, 1788730221.7352178, 1788730222.5884166, 1788730223.3133576, 1788730223.9212341, 1788730224.5900836, 1788730225.317985, 1788730226.0088358, 1788730226.7673624, 1788730227.5566442, 1788730228.3702512, 1788730229.2277122, 1788730230.1378171, 1788730230.7209601, 1788730231.3751519, 1788730232.0635598, 1788730232.7803683, 1788730233.5226934, 1788730234.2899215, 1788730235.0916748, 1788730235.921978, 1788730236.784133, 1788730237.594716, 1788730238.1997397, 1788730238.861727, 1788730239.5551903, 1788730240.2762032, 1788730241.039012, 1788730241.811821, 1788730242.6236656, 1788730243.471652, 1788730244.3310363, 1788730245.230902, 1788730246.0431445, 1788730246.6477213, 1788730247.307068, 1788730248.0021868, 1788730248.7203798, 1788730249.4757504, 1788730250.268131, 1788730251.0775108, 1788730251.920566, 1788730252.595354, 1788730253.2182841, 1788730253.8941193, 1788730254.6079874, 1788730255.3397272, 1788730256.1108296, 1788730256.9095454, 1788730257.7372372, 1788730258.5751252, 1788730259.1688967, 1788730259.8454914, 1788730260.53358, 1788730261.2602704, 1788730262.025101, 1788730262.7998362, 1788730263.6120238, 1788730264.4528167, 1788730265.3228652, 1788730266.2208452, 1788730267.0247378, 1788730267.6120853, 1788730268.2895775, 1788730268.990162, 1788730269.7324083, 1788730270.4866178, 1788730271.2727187, 1788730272.1017416, 1788730272.9442105, 1788730273.8238776, 1788730274.728328, 1788730275.6651213, 1788730276.6021574, 1788730277.2047443, 1788730277.835171, 1788730278.5248175, 1788730279.225149, 1788730279.9687023, 1788730280.7440348, 1788730281.5464437, 1788730282.3862982, 1788730283.2558813, 1788730284.1633315, 1788730284.9090145, 1788730285.530968, 1788730286.2173867, 1788730286.941159, 1788730287.6636329, 1788730288.420985, 1788730289.2210267, 1788730290.0461798, 1788730290.905397, 1788730291.7855484, 1788730292.6952765, 1788730293.4650865, 1788730294.0535748, 1788730294.7212322, 1788730295.4182403, 1788730296.1425266, 1788730296.89851, 1788730297.6975567]","[1, 1, 1, 2, 2, 1, 2, 1, 1, 2, 1, 4, 1, 3, 2, 2, 1, 1, 1, 1, 3, 4, 2, 2, 1, 2, 1, 1, 2, 1, 1, 2, 1, 1, 2, 1, 1, 1, 1, 2, 2, 1, 1, 1, 2, 2, 2, 3, 2, 1, 1, 2, 1, 1, 2, 2, 4, 3, 1, 1, 2, 1, 1, 2, 1, 2, 1, 1, 1, 4, 2, 2, 1, 2, 2, 1, 1, 3, 1, 3, 1, 1, 1, 2, 3, 2, 2, 1, 2, 1, 1, 2, 2, 1, 2, 1, 1, 1, 1, 3, 3, 2, 4, 3, 2, 3, 1, 2, 1, 1, 1, 3, 1, 1, 2, 1, 3, 4, 1, 2, 2, 2, 3, 2, 1, 1, 1, 1, 3, 3, 2, 1, 1, 2, 2, 4, 1, 1, 2, 1, 4, 2, 1, 2, 2, 1, 2, 1, 1, 2, 4, 1, 1, 1, 3, 1, 3, 3, 2, 3, 2, 3, 1, 4, 2, 1, 2, 1, 1, 2, 1, 3, 1, 1, 4, 1, 1, 1, 2, 1, 3, 2, 2, 2, 1, 1, 1, 2, 3, 1, 2, 4, 2, 2, 2, 3, 1, 3, 3, 2, 1, 1, 1, 2, 1, 3, 1, 3, 1, 1, 1, 2, 1, 1, 2, 2, 1]"
User-063,4,trace_0610,1788730298.5335877,streaming,20548,111,111,305,11,311.6548309326172,357.58966302871704,0.41758938269181684,14.0,0,True,,1788729940.9438405,1788730252.5986714,1788730298.5335035,"[1788730252.5986714, 1788730253.2214553, 1788730253.8973823, 1788730254.6115644, 1788730255.3424294, 1788730256.113563, 1788730256.9122884, 1788730257.7399538, 1788730258.578405, 1788730259.1720743, 1788730259.8469555, 1788730260.5367124, 1788730261.2635446, 1788730262.0287406, 1788730262.8074837, 1788730263.6187618, 1788730264.4596045, 1788730265.329447, 1788730266.2277443, 1788730267.0349865, 1788730267.6222894, 1788730268.2974296, 1788730268.9975605, 1788730269.7407243, 1788730270.493522, 1788730271.2800963, 1788730272.108694, 1788730272.9504182, 1788730273.8302104, 1788730274.7353935, 1788730275.6720114, 1788730276.609397, 1788730277.2080245, 1788730277.8421447, 1788730278.5317647, 1788730279.232252, 1788730279.978184, 1788730280.750609, 1788730281.5535347, 1788730282.393423, 1788730283.2628074, 1788730284.1708908, 1788730284.9163876, 1788730285.5380614, 1788730286.2244494, 1788730286.9442732, 1788730287.6708612, 1788730288.4281619, 1788730289.2279894, 1788730290.0532691, 1788730290.912599, 1788730291.7925513, 1788730292.7023575, 1788730293.4728045, 1788730294.0613208, 1788730294.7288272, 1788730295.4257367, 1788730296.149642, 1788730296.9056342, 1788730297.7058246, 1788730298.5326843]","[1, 1, 2, 1, 3, 2, 2, 1, 1, 3, 2, 3, 1, 1, 2, 2, 1, 1, 3, 2, 1, 2, 1, 4, 3, 1, 3, 1, 1, 2, 1, 4, 3, 2, 1, 1, 1, 1, 1, 1, 3, 6, 1, 2, 2, 1, 1, 1, 1, 2, 1, 1, 1, 1, 3, 3, 1, 1, 1, 3, 5]"
User-092,9,trace_0403,1788730322.093595,streaming,25556,155,155,380,3,325.477979183197,380.5457124710083,0.35758268368708623,8.0,0,True,,1788729941.5477922,1788730267.0257714,1788730322.0935047,"[1788730267.0257714, 1788730267.6129985, 1788730268.2906933, 1788730268.9910266, 1788730269.7332697, 1788730270.4874773, 1788730271.27343, 1788730272.1024725, 1788730272.9448552, 1788730273.8244908, 1788730274.7289772, 1788730275.665776, 1788730276.6029382, 1788730277.2050872, 1788730277.8360987, 1788730278.525679, 1788730279.2258706, 1788730279.9694855, 1788730280.7446785, 1788730281.547349, 1788730282.3869941, 1788730283.2567601, 1788730284.1640775, 1788730284.9099226, 1788730285.5316281, 1788730286.2180605, 1788730286.941503, 1788730287.6645122, 1788730288.4216776, 1788730289.2218897, 1788730290.0468638, 1788730290.9060543, 1788730291.7861814, 1788730292.6959171, 1788730293.465759, 1788730294.0543137, 1788730294.7218661, 1788730295.4190965, 1788730296.1431718, 1788730296.899167, 1788730297.6987262, 1788730298.5255957, 1788730299.365939, 1788730300.0622704, 1788730300.6905813, 1788730301.3744633, 1788730302.085329, 1788730302.8257976, 1788730303.5905013, 1788730304.3927112, 1788730305.2214031, 1788730305.9675803, 1788730306.5683894, 1788730307.235256, 1788730307.9287949, 1788730308.655326, 1788730309.4049892, 1788730310.1833916, 1788730310.9971917, 1788730311.8422976, 1788730312.7144394, 1788730313.625288, 1788730314.4755664, 1788730315.0703037, 1788730315.7234282, 1788730316.4139407, 1788730317.1364453, 1788730317.882056, 1788730318.6557534, 1788730319.4672673, 1788730320.307701, 1788730321.1777673, 1788730322.085715]","[1, 1, 3, 1, 3, 5, 1, 2, 3, 3, 1, 2, 2, 1, 1, 3, 3, 2, 2, 2, 3, 1, 2, 5, 4, 4, 3, 4, 3, 5, 2, 1, 3, 1, 1, 2, 2, 1, 2, 1, 1, 2, 5, 1, 4, 1, 3, 3, 2, 3, 2, 2, 2, 1, 1, 2, 1, 1, 2, 3, 3, 2, 2, 1, 2, 1, 2, 1, 1, 3, 1, 1, 1]"
User-021,2,trace_0266,1788730333.255655,streaming,25895,217,217,346,7,305.336256980896,392.5468189716339,0.4037526018089718,15.0,0,True,,1788729940.7087247,1788730246.0449817,1788730333.2555437,"[1788730246.0449817, 1788730246.6492956, 1788730247.308627, 1788730248.0038428, 1788730248.722041, 1788730249.4774098, 1788730250.2698224, 1788730251.0790715, 1788730251.9222157, 1788730252.5968537, 1788730253.2198074, 1788730253.8958688, 1788730254.609965, 1788730255.3409057, 1788730256.111995, 1788730256.9107137, 1788730257.7383978, 1788730258.576099, 1788730259.170038, 1788730259.8459735, 1788730260.534606, 1788730261.2614453, 1788730262.0262935, 1788730262.8025265, 1788730263.6138573, 1788730264.4546082, 1788730265.3250086, 1788730266.2228348, 1788730267.030304, 1788730267.6171646, 1788730268.292498, 1788730268.992795, 1788730269.7354665, 1788730270.488745, 1788730271.2746654, 1788730272.1036084, 1788730272.9461687, 1788730273.8259413, 1788730274.7302048, 1788730275.667379, 1788730276.604268, 1788730277.2056136, 1788730277.8373642, 1788730278.5269687, 1788730279.2274802, 1788730279.972998, 1788730280.745935, 1788730281.5485868, 1788730282.388573, 1788730283.2578728, 1788730284.1659408, 1788730284.9116533, 1788730285.533198, 1788730286.219539, 1788730286.9420552, 1788730287.665764, 1788730288.4232173, 1788730289.2231946, 1788730290.0484118, 1788730290.9073133, 1788730291.7877586, 1788730292.6974223, 1788730293.4670649, 1788730294.0558596, 1788730294.7234094, 1788730295.420205, 1788730296.1443517, 1788730296.9003313, 1788730297.6998944, 1788730298.5269163, 1788730299.3672373, 1788730300.0637841, 1788730300.6919098, 1788730301.3757467, 1788730302.086787, 1788730302.8270833, 1788730303.5917876, 1788730304.3939629, 1788730305.2226744, 1788730305.96982, 1788730306.5702033, 1788730307.2370148, 1788730307.9305944, 1788730308.6570585, 1788730309.4068234, 1788730310.1851814, 1788730310.9989693, 1788730311.8442125, 1788730312.716244, 1788730313.627081, 1788730314.4773157, 1788730315.0720396, 1788730315.725117, 1788730316.4156435, 1788730317.138145, 1788730317.8837407, 1788730318.6574059, 1788730319.468991, 1788730320.3093762, 1788730321.179462, 1788730322.0876534, 1788730323.0090864, 1788730323.8347068, 1788730324.4305615, 1788730325.0944386, 1788730325.7816339, 1788730326.5016303, 1788730327.2551506, 1788730328.03535, 1788730328.847252, 1788730329.6951516, 1788730330.5749855, 1788730331.2523332, 1788730331.8619473, 1788730332.5356958, 1788730333.2481542]","[1, 1, 1, 1, 2, 1, 2, 1, 1, 1, 4, 1, 1, 2, 1, 1, 1, 1, 1, 1, 1, 4, 3, 1, 4, 4, 1, 4, 3, 2, 1, 4, 5, 1, 2, 3, 1, 3, 1, 1, 3, 2, 1, 4, 3, 6, 2, 2, 2, 1, 1, 2, 2, 3, 1, 2, 1, 2, 1, 1, 4, 2, 2, 3, 3, 2, 3, 2, 1, 3, 1, 3, 3, 2, 3, 2, 1, 1, 1, 2, 1, 1, 1, 3, 1, 1, 1, 1, 1, 1, 1, 1, 1, 1, 1, 1, 1, 2, 2, 1, 2, 2, 3, 3, 2, 1, 3, 1, 1, 2, 2, 1, 1, 4, 2, 2]"
User-078,3,trace_0366,1788730339.6380513,streaming,28530,39,39,389,6,381.6392562389374,397.4442038536072,0.41591967407025787,115.0,0,True,,1788729942.1937554,1788730323.8330116,1788730339.6379592,"[1788730323.8330116, 1788730324.4288886, 1788730325.092804, 1788730325.7799225, 1788730326.4999294, 1788730327.2541983, 1788730328.033628, 1788730328.8456023, 1788730329.6934118, 1788730330.5732543, 1788730331.2505803, 1788730331.860231, 1788730332.533975, 1788730333.2464447, 1788730333.9722588, 1788730334.7422588, 1788730335.5433395, 1788730336.3758729, 1788730337.2356791, 1788730338.1238575, 1788730339.0364594, 1788730339.6341696]","[1, 1, 2, 3, 2, 1, 1, 3, 2, 2, 2, 1, 2, 1, 2, 1, 2, 2, 1, 2, 2, 3]"
User-122,4,trace_0513,1788730340.2915933,streaming,25492,142,142,375,16,342.9947338104248,398.37514209747314,0.3927688530996336,8.0,0,True,,1788729941.9163687,1788730284.9111025,1788730340.2915108,"[1788730284.9111025, 1788730285.532597, 1788730286.2189424, 1788730286.941792, 1788730287.6652231, 1788730288.4223588, 1788730289.222618, 1788730290.0478175, 1788730290.906727, 1788730291.7871695, 1788730292.6965895, 1788730293.466482, 1788730294.0550318, 1788730294.7225447, 1788730295.4196699, 1788730296.1438205, 1788730296.8998048, 1788730297.6993551, 1788730298.5262382, 1788730299.3665693, 1788730300.0630443, 1788730300.6912684, 1788730301.3751006, 1788730302.08596, 1788730302.8263967, 1788730303.5911465, 1788730304.3933344, 1788730305.222023, 1788730305.9684203, 1788730306.569045, 1788730307.2358587, 1788730307.929411, 1788730308.6559746, 1788730309.4056098, 1788730310.1840134, 1788730310.997821, 1788730311.8430107, 1788730312.7150888, 1788730313.6259015, 1788730314.476289, 1788730315.0709603, 1788730315.724081, 1788730316.4145653, 1788730317.137119, 1788730317.8826082, 1788730318.6563728, 1788730319.4679084, 1788730320.3083284, 1788730321.1783903, 1788730322.086572, 1788730323.0079188, 1788730323.8336964, 1788730324.429526, 1788730325.0934238, 1788730325.7805963, 1788730326.500585, 1788730327.2546167, 1788730328.0342784, 1788730328.8461635, 1788730329.6940637, 1788730330.5739264, 1788730331.2513182, 1788730331.8608632, 1788730332.5346024, 1788730333.2470477, 1788730333.9729052, 1788730334.742934, 1788730335.5439994, 1788730336.3765135, 1788730337.2363322, 1788730338.1244917, 1788730339.037157, 1788730339.635263, 1788730340.2836928]","[1, 1, 4, 5, 3, 1, 2, 2, 2, 1, 2, 1, 1, 1, 1, 2, 1, 1, 2, 1, 3, 1, 1, 2, 4, 2, 1, 2, 1, 1, 1, 4, 4, 4, 2, 2, 1, 1, 2, 6, 3, 1, 1, 1, 1, 1, 2, 2, 3, 2, 2, 2, 1, 3, 1, 3, 1, 1, 2, 3, 1, 2, 2, 1, 1, 1, 1, 5, 5, 3, 1, 1, 1, 1]"
User-013,2,trace_0253,1788730344.0444806,streaming,22908,242,242,322,10,289.537371635437,403.44556307792664,0.4726480972717412,15.0,0,True,,1788729940.598815,1788730230.1361866,1788730344.044378,"[1788730230.1361866, 1788730230.7193847, 1788730231.373531, 1788730232.0619361, 1788730232.7789996, 1788730233.521114, 1788730234.288353, 1788730235.0900688, 1788730235.9204254, 1788730236.7822878, 1788730237.5922759, 1788730238.1976004, 1788730238.8595967, 1788730239.5528986, 1788730240.2740793, 1788730241.036817, 1788730241.8096688, 1788730242.6215227, 1788730243.4692411, 1788730244.3344028, 1788730245.2343009, 1788730246.0410256, 1788730246.641832, 1788730247.3047829, 1788730248.000037, 1788730248.7182152, 1788730249.4735785, 1788730250.2660294, 1788730251.0752304, 1788730251.9184282, 1788730252.5932922, 1788730253.2160985, 1788730253.891996, 1788730254.6054904, 1788730255.3375795, 1788730256.108681, 1788730256.9074266, 1788730257.7351573, 1788730258.5731032, 1788730259.1667993, 1788730259.8444805, 1788730260.5312986, 1788730261.258137, 1788730262.0229032, 1788730262.8038645, 1788730263.6149545, 1788730264.4557388, 1788730265.3261542, 1788730266.2241027, 1788730267.0313597, 1788730267.618312, 1788730268.2937026, 1788730268.993832, 1788730269.7365415, 1788730270.4898045, 1788730271.276108, 1788730272.1047974, 1788730272.9472797, 1788730273.8270252, 1788730274.7316918, 1788730275.6684299, 1788730276.6053483, 1788730277.206122, 1788730277.8384297, 1788730278.5280392, 1788730279.2285428, 1788730279.9742517, 1788730280.7470262, 1788730281.5496466, 1788730282.389643, 1788730283.2589784, 1788730284.1670787, 1788730284.912734, 1788730285.5343144, 1788730286.2206342, 1788730286.9425416, 1788730287.6668553, 1788730288.4243734, 1788730289.2242808, 1788730290.0494921, 1788730290.9087694, 1788730291.7888317, 1788730292.6985831, 1788730293.4690619, 1788730294.0575426, 1788730294.7250693, 1788730295.4219477, 1788730296.1459317, 1788730296.9019012, 1788730297.7014482, 1788730298.5285451, 1788730299.3688085, 1788730300.065404, 1788730300.6935115, 1788730301.3773208, 1788730302.0883713, 1788730302.8286579, 1788730303.593375, 1788730304.3956122, 1788730305.224285, 1788730305.9714215, 1788730306.5718198, 1788730307.2385402, 1788730307.9321635, 1788730308.6585803, 1788730309.4083536, 1788730310.1914563, 1788730311.000549, 1788730311.8457232, 1788730312.717811, 1788730313.6286008, 1788730314.478828, 1788730315.0735683, 1788730315.7268667, 1788730316.4171956, 1788730317.1397126, 1788730317.8855712, 1788730318.6589618, 1788730319.4705424, 1788730320.310937, 1788730321.1811037, 1788730322.089392, 1788730323.010611, 1788730323.8362706, 1788730324.4321752, 1788730325.0960522, 1788730325.7831864, 1788730326.503247, 1788730327.2559214, 1788730328.0373745, 1788730328.848808, 1788730329.6967974, 1788730330.5763736, 1788730331.253831, 1788730331.8635159, 1788730332.5372255, 1788730333.2504156, 1788730333.9750504, 1788730334.7450297, 1788730335.5460832, 1788730336.378619, 1788730337.2384171, 1788730338.1267617, 1788730339.040069, 1788730339.6384842, 1788730340.286942, 1788730340.97031, 1788730341.6954846, 1788730342.4463081, 1788730343.2230422, 1788730344.0391417]","[1, 1, 2, 2, 1, 1, 1, 1, 1, 3, 2, 3, 1, 2, 3, 1, 1, 1, 1, 1, 4, 3, 2, 1, 2, 1, 3, 1, 1, 2, 1, 1, 3, 1, 4, 3, 1, 1, 1, 2, 1, 2, 1, 1, 1, 1, 2, 1, 1, 1, 1, 4, 4, 1, 1, 1, 1, 1, 2, 4, 1, 1, 1, 1, 1, 1, 4, 1, 1, 2, 1, 1, 1, 4, 3, 1, 1, 1, 1, 1, 3, 3, 1, 1, 1, 2, 1, 1, 4, 1, 1, 1, 1, 1, 1, 1, 4, 1, 1, 1, 1, 1, 2, 1, 1, 1, 1, 3, 3, 3, 1, 1, 1, 1, 1, 1, 1, 1, 2, 1, 1, 1, 1, 2, 4, 1, 1, 1, 1, 2, 1, 2, 2, 1, 3, 4, 1, 1, 1, 1, 2, 1, 2, 2, 1, 1, 2, 2, 2, 6, 1]"
User-034,4,trace_0164,1788730353.5379875,streaming,23068,283,283,311,30,296.94094586372375,412.8857100009918,0.4111516458768371,13.0,0,True,,1788729940.652188,1788730237.593134,1788730353.537898,"[1788730237.593134, 1788730238.198146, 1788730238.86013, 1788730239.5534341, 1788730240.2746286, 1788730241.0373542, 1788730241.810208, 1788730242.6220522, 1788730243.4697819, 1788730244.3370855, 1788730245.23701, 1788730246.0415766, 1788730246.6423643, 1788730247.3053107, 1788730248.0005734, 1788730248.7187824, 1788730249.474127, 1788730250.266555, 1788730251.0757608, 1788730251.9190025, 1788730252.593806, 1788730253.2167375, 1788730253.8925068, 1788730254.6060207, 1788730255.3381255, 1788730256.109249, 1788730256.9079535, 1788730257.73568, 1788730258.5736105, 1788730259.1673346, 1788730259.8447378, 1788730260.5318375, 1788730261.258667, 1788730262.023457, 1788730262.8064463, 1788730263.6176877, 1788730264.4585526, 1788730265.328646, 1788730266.2267005, 1788730267.0339167, 1788730267.6211474, 1788730268.2963893, 1788730268.996527, 1788730269.7397008, 1788730270.4924798, 1788730271.278889, 1788730272.1076732, 1788730272.9478, 1788730273.8275473, 1788730274.7322514, 1788730275.6689358, 1788730276.6058602, 1788730277.2063649, 1788730277.8389466, 1788730278.5285451, 1788730279.229065, 1788730279.9748402, 1788730280.7475321, 1788730281.5501578, 1788730282.3901718, 1788730283.259507, 1788730284.1675925, 1788730284.9132388, 1788730285.534875, 1788730286.2211735, 1788730286.9427922, 1788730287.6673727, 1788730288.4248855, 1788730289.2248054, 1788730290.05001, 1788730290.9093325, 1788730291.7893567, 1788730292.6991444, 1788730293.4695933, 1788730294.0580654, 1788730294.7255888, 1788730295.422479, 1788730296.1465316, 1788730296.902433, 1788730297.7025635, 1788730298.5290596, 1788730299.3693175, 1788730300.0659091, 1788730300.6940126, 1788730301.3778358, 1788730302.0888786, 1788730302.829175, 1788730303.5938826, 1788730304.396138, 1788730305.2247891, 1788730305.9720345, 1788730306.5724404, 1788730307.23906, 1788730307.9326653, 1788730308.6590927, 1788730309.4088576, 1788730310.1925738, 1788730311.0010598, 1788730311.846242, 1788730312.7184246, 1788730313.6291053, 1788730314.4793243, 1788730315.0741594, 1788730315.727635, 1788730316.4177897, 1788730317.1402233, 1788730317.8860848, 1788730318.6595535, 1788730319.4711487, 1788730320.3115373, 1788730321.181607, 1788730322.0898857, 1788730323.0111494, 1788730323.8367674, 1788730324.4327989, 1788730325.096636, 1788730325.7836852, 1788730326.5038362, 1788730327.2561605, 1788730328.0378993, 1788730328.849326, 1788730329.6973011, 1788730330.5768201, 1788730331.254313, 1788730331.8641305, 1788730332.537844, 1788730333.2510114, 1788730333.9755628, 1788730334.7455344, 1788730335.5465922, 1788730336.379141, 1788730337.2389505, 1788730338.127284, 1788730339.0405588, 1788730339.639017, 1788730340.2874646, 1788730340.9708571, 1788730341.6959896, 1788730342.4468663, 1788730343.2235959, 1788730344.0399535, 1788730344.8224583, 1788730345.444466, 1788730346.1125877, 1788730346.8136835, 1788730347.5400467, 1788730348.3011794, 1788730349.0839946, 1788730349.9001892, 1788730350.7511563, 1788730351.5983908, 1788730352.189062, 1788730352.8449514, 1788730353.5325675]","[1, 1, 1, 2, 3, 3, 1, 2, 1, 1, 2, 2, 3, 2, 4, 2, 2, 1, 1, 2, 1, 1, 1, 3, 1, 1, 1, 3, 2, 2, 2, 1, 2, 4, 2, 2, 1, 1, 3, 6, 1, 1, 1, 2, 1, 1, 1, 1, 1, 2, 1, 2, 2, 1, 1, 4, 1, 2, 1, 3, 3, 3, 3, 2, 1, 2, 1, 4, 3, 2, 1, 1, 2, 3, 2, 3, 3, 2, 2, 1, 2, 3, 1, 1, 1, 1, 1, 1, 2, 1, 3, 1, 2, 2, 2, 1, 3, 2, 2, 1, 1, 1, 2, 3, 1, 3, 2, 3, 1, 1, 1, 3, 2, 3, 2, 1, 1, 2, 1, 2, 1, 1, 1, 1, 1, 2, 5, 3, 3, 1, 3, 1, 1, 1, 1, 1, 1, 1, 2, 2, 4, 2, 1, 1, 1, 2, 4, 2, 2, 2, 2, 3, 1, 3]"
User-081,2,trace_0572,1788730370.262592,streaming,26467,187,187,366,11,351.491158246994,428.2856945991516,0.412873851355686,14.0,0,True,,1788729941.9768138,1788730293.467972,1788730370.2625084,"[1788730293.467972, 1788730294.0564656, 1788730294.724003, 1788730295.4207451, 1788730296.14487, 1788730296.9008417, 1788730297.7004251, 1788730298.5274782, 1788730299.3677654, 1788730300.0643337, 1788730300.6924736, 1788730301.3762698, 1788730302.0873303, 1788730302.8276122, 1788730303.592316, 1788730304.3945026, 1788730305.2232573, 1788730305.9703574, 1788730306.570721, 1788730307.237524, 1788730307.931134, 1788730308.6575785, 1788730309.40734, 1788730310.185701, 1788730310.999506, 1788730311.844727, 1788730312.7167592, 1788730313.6275835, 1788730314.47783, 1788730315.0725462, 1788730315.725636, 1788730316.4161558, 1788730317.1386523, 1788730317.8843615, 1788730318.6579227, 1788730319.4695058, 1788730320.309912, 1788730321.1799693, 1788730322.0881653, 1788730323.009602, 1788730323.8352497, 1788730324.4311497, 1788730325.094979, 1788730325.7821472, 1788730326.5021615, 1788730327.2554078, 1788730328.0360377, 1788730328.8477678, 1788730329.6956728, 1788730330.5755227, 1788730331.252838, 1788730331.8624678, 1788730332.5362027, 1788730333.2490249, 1788730333.9739895, 1788730334.743997, 1788730335.5450625, 1788730336.377566, 1788730337.237396, 1788730338.1255412, 1788730339.0390635, 1788730339.6368384, 1788730340.2855353, 1788730340.969222, 1788730341.6944084, 1788730342.4452467, 1788730343.2219691, 1788730344.0380394, 1788730344.8214295, 1788730345.4434407, 1788730346.111547, 1788730346.8126311, 1788730347.5389953, 1788730348.3001266, 1788730349.0829642, 1788730349.8991544, 1788730350.7496712, 1788730351.597397, 1788730352.1879454, 1788730352.8439076, 1788730353.5315158, 1788730354.2401977, 1788730354.9961824, 1788730355.7812495, 1788730356.5910573, 1788730357.3082685, 1788730357.9226525, 1788730358.5812292, 1788730359.2781916, 1788730360.0053637, 1788730360.7579253, 1788730361.5372732, 1788730362.3503258, 1788730363.1746676, 1788730363.7748055, 1788730364.4303062, 1788730365.114895, 1788730365.8242385, 1788730366.582668, 1788730367.3553827, 1788730368.152984, 1788730368.9988112, 1788730369.5930116, 1788730370.256348]","[1, 1, 3, 2, 1, 2, 1, 6, 3, 1, 1, 1, 1, 1, 1, 2, 2, 1, 2, 1, 1, 1, 1, 1, 1, 1, 2, 1, 1, 1, 3, 1, 1, 1, 2, 1, 1, 1, 4, 1, 2, 2, 4, 3, 4, 6, 1, 1, 3, 1, 1, 1, 1, 3, 1, 3, 2, 2, 1, 5, 1, 2, 3, 3, 1, 2, 3, 1, 2, 1, 3, 1, 1, 1, 1, 1, 1, 1, 1, 2, 2, 1, 1, 2, 1, 3, 4, 2, 1, 3, 1, 1, 3, 1, 3, 2, 1, 2, 3, 3, 2, 2, 1, 2]"
User-030,3,trace_0082,1788730387.5119927,streaming,21833,501,501,274,52,282.9823627471924,447.1756982803345,0.32838667106628416,14.0,0,True,,1788729940.3362107,1788730223.3185735,1788730387.511909,"[1788730223.3185735, 1788730223.9268644, 1788730224.595191, 1788730225.3203986, 1788730226.0142775, 1788730226.772393, 1788730227.5616925, 1788730228.3753407, 1788730229.232912, 1788730230.1424232, 1788730230.725648, 1788730231.3798273, 1788730232.068258, 1788730232.7850437, 1788730233.5274127, 1788730234.2950516, 1788730235.0963976, 1788730235.930881, 1788730236.788674, 1788730237.599322, 1788730238.2045867, 1788730238.86571, 1788730239.5597818, 1788730240.2808967, 1788730241.044136, 1788730241.815994, 1788730242.6278543, 1788730243.475052, 1788730244.3355556, 1788730245.235479, 1788730246.0475268, 1788730246.6517048, 1788730247.3112268, 1788730248.006707, 1788730248.7243578, 1788730249.4799967, 1788730250.2723637, 1788730251.081626, 1788730251.9247854, 1788730252.6002805, 1788730253.2229607, 1788730253.9017694, 1788730254.613149, 1788730255.3439903, 1788730256.115102, 1788730256.9138558, 1788730257.7414718, 1788730258.5799544, 1788730259.173593, 1788730259.847685, 1788730260.5382433, 1788730261.265061, 1788730262.0302708, 1788730262.8048868, 1788730263.6160192, 1788730264.4567823, 1788730265.3272934, 1788730266.225151, 1788730267.032397, 1788730267.619481, 1788730268.2948062, 1788730268.994879, 1788730269.7381463, 1788730270.4908335, 1788730271.277187, 1788730272.106116, 1788730272.9483206, 1788730273.8280685, 1788730274.7329748, 1788730275.6694517, 1788730276.606404, 1788730277.2066185, 1788730277.839472, 1788730278.5290565, 1788730279.2296083, 1788730279.975505, 1788730280.7480605, 1788730281.5506723, 1788730282.3907008, 1788730283.26008, 1788730284.1681042, 1788730284.9137483, 1788730285.5354056, 1788730286.2218325, 1788730286.9430428, 1788730287.667972, 1788730288.4254308, 1788730289.2253258, 1788730290.0505416, 1788730290.9098568, 1788730291.7898679, 1788730292.6996942, 1788730293.4701262, 1788730294.0586998, 1788730294.7261236, 1788730295.4230528, 1788730296.1470778, 1788730296.9029727, 1788730297.7031364, 1788730298.5296106, 1788730299.3698523, 1788730300.0664153, 1788730300.694511, 1788730301.378347, 1788730302.0893908, 1788730302.8296857, 1788730303.5943956, 1788730304.3967578, 1788730305.22532, 1788730305.9725425, 1788730306.5729635, 1788730307.2395694, 1788730307.933182, 1788730308.6596022, 1788730309.4094462, 1788730310.1932456, 1788730311.0015872, 1788730311.8468454, 1788730312.7189422, 1788730313.6297052, 1788730314.4798136, 1788730315.074677, 1788730315.7281592, 1788730316.418313, 1788730317.1408374, 1788730317.8866181, 1788730318.6600902, 1788730319.471662, 1788730320.3120596, 1788730321.1821094, 1788730322.090381, 1788730323.0117297, 1788730323.8373363, 1788730324.433317, 1788730325.0971372, 1788730325.7842789, 1788730326.5043523, 1788730327.2564058, 1788730328.0384343, 1788730328.8498268, 1788730329.697992, 1788730330.577204, 1788730331.2548137, 1788730331.8646402, 1788730332.5383582, 1788730333.251599, 1788730333.9761872, 1788730334.7461467, 1788730335.5472164, 1788730336.3797514, 1788730337.239539, 1788730338.1278036, 1788730339.0410442, 1788730339.6395245, 1788730340.2879832, 1788730340.9714725, 1788730341.6965077, 1788730342.4475057, 1788730343.2241142, 1788730344.0405006, 1788730344.8234982, 1788730345.4455829, 1788730346.1137128, 1788730346.814825, 1788730347.5411363, 1788730348.3022974, 1788730349.085119, 1788730349.9012961, 1788730350.7521977, 1788730351.599395, 1788730352.1902251, 1788730352.8460865, 1788730353.5341392, 1788730354.2418573, 1788730354.997744, 1788730355.7828264, 1788730356.5926056, 1788730357.3106608, 1788730357.9249442, 1788730358.5834177, 1788730359.2803524, 1788730360.0075407, 1788730360.7601469, 1788730361.5397315, 1788730362.352537, 1788730363.176692, 1788730363.776607, 1788730364.432495, 1788730365.1170564, 1788730365.8264072, 1788730366.5848665, 1788730367.3575985, 1788730368.1553497, 1788730369.0008247, 1788730369.595129, 1788730370.2587507, 1788730370.925559, 1788730371.6500819, 1788730372.399385, 1788730373.1870174, 1788730373.995995, 1788730374.8362403, 1788730375.7092907, 1788730376.6141863, 1788730377.2601547, 1788730377.8800492, 1788730378.5543647, 1788730379.2648172, 1788730380.0041273, 1788730380.7728038, 1788730381.5684867, 1788730382.4046564, 1788730383.2677255, 1788730384.050404, 1788730384.653728, 1788730385.321626, 1788730386.0171287, 1788730386.7442062, 1788730387.5073748]","[1, 1, 3, 1, 2, 1, 2, 1, 2, 1, 1, 2, 1, 1, 1, 1, 2, 1, 1, 1, 2, 3, 1, 2, 1, 3, 1, 1, 1, 2, 4, 3, 3, 2, 1, 3, 2, 1, 2, 3, 1, 1, 2, 2, 2, 4, 2, 1, 3, 4, 5, 2, 2, 2, 1, 3, 6, 1, 2, 1, 2, 2, 3, 2, 1, 3, 3, 2, 2, 6, 1, 1, 1, 2, 1, 1, 2, 1, 2, 1, 2, 3, 1, 1, 1, 4, 2, 1, 2, 3, 1, 3, 1, 4, 5, 3, 2, 4, 6, 2, 2, 2, 2, 1, 2, 2, 2, 1, 5, 1, 1, 3, 1, 2, 3, 1, 6, 3, 2, 1, 1, 3, 1, 2, 1, 5, 1, 1, 2, 4, 2, 2, 2, 3, 2, 1, 1, 2, 6, 1, 1, 2, 2, 2, 1, 1, 2, 1, 2, 2, 2, 3, 3, 4, 3, 1, 2, 2, 3, 5, 6, 3, 5, 6, 5, 4, 4, 2, 2, 2, 6, 2, 1, 5, 3, 1, 6, 2, 4, 4, 1, 4, 2, 2, 1, 1, 3, 1, 2, 1, 6, 1, 5, 2, 6, 5, 3, 2, 6, 3, 1, 1, 1, 4, 1, 1, 2, 2, 2, 1, 2, 1, 4, 3, 2, 1, 3, 3, 1]"
User-001,0,trace_0712,1788730402.0225558,streaming,18851,119,119,0,294,407.78743410110474,464.9889533519745,0.48475863771923516,0.0,0,True,,1788729937.0334759,1788730344.82091,1788730402.0224292,"[1788730344.82091, 1788730345.44293, 1788730346.1110249, 1788730346.8121219, 1788730347.538415, 1788730348.2996144, 1788730349.0824218, 1788730349.898608, 1788730350.7466133, 1788730351.5968928, 1788730352.1874125, 1788730352.8433728, 1788730353.5309794, 1788730354.239668, 1788730354.9956632, 1788730355.7807074, 1788730356.5905087, 1788730357.3077571, 1788730357.9220393, 1788730358.5807016, 1788730359.2776644, 1788730360.0048294, 1788730360.7574053, 1788730361.53676, 1788730362.3498094, 1788730363.1741657, 1788730363.7742515, 1788730364.4297895, 1788730365.1143446, 1788730365.8237147, 1788730366.582127, 1788730367.3548205, 1788730368.1524675, 1788730368.9983027, 1788730369.5923574, 1788730370.2556782, 1788730370.9232612, 1788730371.6479042, 1788730372.3971925, 1788730373.1848469, 1788730373.9936714, 1788730374.8340664, 1788730375.707135, 1788730376.6120236, 1788730377.2572794, 1788730377.8773475, 1788730378.5516653, 1788730379.262051, 1788730380.0014415, 1788730380.7702127, 1788730381.5657907, 1788730382.4018507, 1788730383.2648852, 1788730384.0479503, 1788730384.6510427, 1788730385.3189573, 1788730386.0143812, 1788730386.741442, 1788730387.5045612, 1788730388.2903192, 1788730389.1137786, 1788730389.8536665, 1788730390.4639294, 1788730391.1232505, 1788730391.8183317, 1788730392.5467184, 1788730393.3055499, 1788730394.0887396, 1788730394.7958305, 1788730395.4101777, 1788730396.0725048, 1788730396.7685926, 1788730397.4957857, 1788730398.2522945, 1788730399.0409658, 1788730399.8514097, 1788730400.7001436, 1788730401.3812325, 1788730402.0150592]","[1, 1, 1, 1, 2, 1, 1, 1, 2, 1, 1, 1, 2, 1, 3, 3, 1, 1, 2, 1, 2, 2, 1, 2, 1, 1, 1, 1, 3, 2, 1, 1, 1, 1, 1, 1, 1, 1, 2, 3, 3, 1, 1, 1, 1, 2, 1, 2, 3, 3, 1, 1, 1, 1, 3, 1, 4, 3, 2, 1, 2, 1, 3, 1, 1, 1, 1, 2, 3, 1, 1, 1, 1, 1, 1, 1, 1, 1, 2]"
User-113,89,trace_0017,1788730402.0229757,streaming,23142,164,164,229,184,388.9809319972992,459.74619150161743,0.43414269634551067,159.0,0,True,,1788729942.2766926,1788730331.2576246,1788730402.0228841,"[1788730331.2576246, 1788730331.867289, 1788730332.540904, 1788730333.254353, 1788730333.9787986, 1788730334.7486746, 1788730335.5498085, 1788730336.3822887, 1788730337.2421045, 1788730338.1303716, 1788730339.0435996, 1788730339.64214, 1788730340.2905245, 1788730340.9744353, 1788730341.7020226, 1788730342.4501047, 1788730343.2268002, 1788730344.0433698, 1788730344.825625, 1788730345.4476483, 1788730346.1157763, 1788730346.8169017, 1788730347.5432034, 1788730348.3043733, 1788730349.0872083, 1788730349.903359, 1788730350.754356, 1788730351.6013076, 1788730352.1923676, 1788730352.8480895, 1788730353.536269, 1788730354.24396, 1788730354.999814, 1788730355.784952, 1788730356.5947628, 1788730357.312584, 1788730357.927076, 1788730358.5849662, 1788730359.2823644, 1788730360.0096724, 1788730360.762199, 1788730361.5418072, 1788730362.354583, 1788730363.1786747, 1788730363.778169, 1788730364.4345386, 1788730365.1190944, 1788730365.8303933, 1788730366.5870044, 1788730367.3596716, 1788730368.1574438, 1788730369.0028427, 1788730369.597299, 1788730370.260832, 1788730370.9275885, 1788730371.6521304, 1788730372.4014528, 1788730373.1890259, 1788730373.9980876, 1788730374.8382535, 1788730375.711347, 1788730376.61656, 1788730377.2621317, 1788730377.8820815, 1788730378.5564158, 1788730379.2669122, 1788730380.0062318, 1788730380.7748895, 1788730381.5705357, 1788730382.4067814, 1788730383.2698057, 1788730384.053281, 1788730384.6562755, 1788730385.3241744, 1788730386.0196862, 1788730386.7467878, 1788730387.510255, 1788730388.295109, 1788730389.1185322, 1788730389.8590207, 1788730390.4692216, 1788730391.1284506, 1788730391.823609, 1788730392.5519724, 1788730393.311193, 1788730394.0940242, 1788730394.7973452, 1788730395.4118643, 1788730396.0741775, 1788730396.7702782, 1788730397.4974527, 1788730398.2539432, 1788730399.042258, 1788730399.85307, 1788730400.7017934, 1788730401.3826928, 1788730402.016956]","[1, 2, 1, 2, 1, 2, 1, 1, 1, 4, 1, 4, 1, 3, 2, 2, 1, 3, 1, 2, 1, 1, 2, 2, 2, 1, 3, 4, 3, 2, 1, 3, 2, 1, 1, 1, 2, 1, 1, 2, 1, 4, 1, 2, 2, 1, 2, 1, 2, 1, 1, 1, 1, 1, 1, 1, 5, 1, 3, 1, 3, 1, 3, 1, 3, 1, 1, 1, 2, 2, 3, 2, 3, 1, 1, 1, 2, 1, 1, 1, 1, 1, 1, 3, 1, 1, 1, 2, 2, 2, 2, 2, 2, 1, 1, 1, 1]"
User-114,109,trace_0696,1788730416.4940276,streaming,29547,317,317,435,23,334.7499303817749,474.6354465484619,0.44267568407179436,7.0,0,True,,1788729941.8584182,1788730276.6083486,1788730416.4938648,"[1788730276.6083486, 1788730277.2073789, 1788730277.8411164, 1788730278.5307002, 1788730279.2312372, 1788730279.9771307, 1788730280.7495992, 1788730281.552475, 1788730282.392373, 1788730283.2616744, 1788730284.1696744, 1788730284.9153152, 1788730285.5370367, 1788730286.223406, 1788730286.9437854, 1788730287.6695094, 1788730288.4270957, 1788730289.2269607, 1788730290.0522287, 1788730290.9115608, 1788730291.791507, 1788730292.7013361, 1788730293.471721, 1788730294.0602899, 1788730294.7278025, 1788730295.4246607, 1788730296.1486332, 1788730296.9046037, 1788730297.704756, 1788730298.5316195, 1788730299.371482, 1788730300.0679781, 1788730300.6961157, 1788730301.3799818, 1788730302.0909884, 1788730302.8313334, 1788730303.59602, 1788730304.3982904, 1788730305.226961, 1788730305.9740937, 1788730306.5745053, 1788730307.2411754, 1788730307.9347873, 1788730308.661109, 1788730309.4109962, 1788730310.19486, 1788730311.0031762, 1788730311.8483655, 1788730312.7204552, 1788730313.631566, 1788730314.4812915, 1788730315.0762184, 1788730315.729675, 1788730316.4199047, 1788730317.1423793, 1788730317.8882282, 1788730318.6615949, 1788730319.4731772, 1788730320.313611, 1788730321.1837156, 1788730322.0919158, 1788730323.0128994, 1788730323.8388538, 1788730324.4348767, 1788730325.098681, 1788730325.7858152, 1788730326.5058851, 1788730327.25757, 1788730328.0400612, 1788730328.8513927, 1788730329.699719, 1788730330.5784028, 1788730331.2562861, 1788730331.86626, 1788730332.539901, 1788730333.2533102, 1788730333.977793, 1788730334.747669, 1788730335.5487986, 1788730336.381284, 1788730337.2410872, 1788730338.1293614, 1788730339.042538, 1788730339.6411362, 1788730340.289509, 1788730340.9732404, 1788730341.6981351, 1788730342.449083, 1788730343.2257648, 1788730344.042255, 1788730344.8229778, 1788730345.4449863, 1788730346.113201, 1788730346.8142164, 1788730347.5405538, 1788730348.3017068, 1788730349.0845227, 1788730349.9007096, 1788730350.7516756, 1788730351.5988986, 1788730352.1896982, 1788730352.8455672, 1788730353.5333986, 1788730354.2412465, 1788730354.9972203, 1788730355.7823067, 1788730356.5920935, 1788730357.3101616, 1788730357.9243057, 1788730358.5828996, 1788730359.2797625, 1788730360.0069377, 1788730360.7596552, 1788730361.5390399, 1788730362.352002, 1788730363.1762006, 1788730363.7762115, 1788730364.4319851, 1788730365.1165369, 1788730365.8258848, 1788730366.5843527, 1788730367.3570833, 1788730368.1548433, 1788730369.0003293, 1788730369.5945826, 1788730370.2582214, 1788730370.925044, 1788730371.6495678, 1788730372.3988361, 1788730373.1864996, 1788730373.995477, 1788730374.835721, 1788730375.7087839, 1788730376.6136723, 1788730377.2596524, 1788730377.8795216, 1788730378.553831, 1788730379.264276, 1788730380.0036223, 1788730380.7723017, 1788730381.567961, 1788730382.4041255, 1788730383.2672014, 1788730384.0499141, 1788730384.6532001, 1788730385.3211303, 1788730386.016625, 1788730386.743674, 1788730387.506835, 1788730388.292632, 1788730389.1159782, 1788730389.8564816, 1788730390.4666831, 1788730391.1259224, 1788730391.8210545, 1788730392.5494227, 1788730393.308444, 1788730394.0914447, 1788730394.8012505, 1788730395.4154947, 1788730396.077799, 1788730396.7734, 1788730397.50106, 1788730398.257899, 1788730399.0450354, 1788730399.8566473, 1788730400.705384, 1788730401.386247, 1788730402.020787, 1788730402.688398, 1788730403.4057467, 1788730404.1484208, 1788730404.918255, 1788730405.71511, 1788730406.542939, 1788730407.2218683, 1788730407.8397171, 1788730408.5101714, 1788730409.2132921, 1788730409.9450324, 1788730410.706086, 1788730411.4984832, 1788730412.3168192, 1788730412.9169989, 1788730413.5676093, 1788730414.255302, 1788730414.9620621, 1788730415.707642, 1788730416.491948]","[1, 2, 3, 2, 1, 2, 1, 4, 1, 3, 1, 2, 1, 3, 1, 4, 3, 2, 4, 1, 3, 1, 1, 1, 1, 2, 1, 2, 6, 4, 1, 1, 1, 2, 1, 1, 2, 1, 1, 3, 1, 1, 1, 1, 1, 1, 1, 1, 1, 1, 3, 1, 1, 1, 1, 1, 1, 1, 1, 2, 5, 1, 1, 1, 1, 1, 1, 1, 1, 1, 2, 2, 2, 1, 1, 1, 1, 1, 1, 1, 1, 2, 3, 1, 1, 1, 1, 2, 1, 4, 1, 2, 1, 1, 1, 1, 4, 1, 1, 1, 2, 2, 1, 1, 3, 1, 4, 3, 1, 3, 1, 1, 1, 1, 2, 1, 1, 1, 1, 1, 1, 1, 1, 1, 4, 1, 1, 1, 4, 1, 1, 2, 1, 2, 1, 5, 4, 3, 1, 1, 2, 1, 1, 2, 4, 1, 2, 3, 1, 2, 1, 1, 3, 1, 2, 2, 2, 3, 1, 1, 1, 1, 1, 2, 1, 1, 3, 4, 2, 1, 2, 2, 1, 2, 1, 3, 1, 1, 1, 2, 2, 4, 2, 1, 1, 1, 3, 4, 2]"
User-005,0,trace_0568,1788730429.1663086,streaming,20311,131,131,0,317,425.87758207321167,491.8710572719574,0.5076421169134286,0.0,0,True,,1788729937.2950323,1788730363.1726143,1788730429.1660895,"[1788730363.1726143, 1788730363.7725523, 1788730364.42812, 1788730365.1126986, 1788730365.8220024, 1788730366.5804222, 1788730367.3530438, 1788730368.150554, 1788730368.9956303, 1788730369.5900738, 1788730370.2534912, 1788730370.9210315, 1788730371.645705, 1788730372.3949425, 1788730373.182692, 1788730373.9915047, 1788730374.8318648, 1788730375.7048602, 1788730376.6097703, 1788730377.2550428, 1788730377.875121, 1788730378.549401, 1788730379.2599335, 1788730379.9992673, 1788730380.767984, 1788730381.5635588, 1788730382.3979697, 1788730383.2626479, 1788730384.0458496, 1788730384.648812, 1788730385.3166726, 1788730386.0121915, 1788730386.7386534, 1788730387.502389, 1788730388.2880924, 1788730389.1115456, 1788730389.8515203, 1788730390.4617019, 1788730391.1210084, 1788730391.816108, 1788730392.5444932, 1788730393.3014045, 1788730394.0865035, 1788730394.7948391, 1788730395.4091322, 1788730396.0714617, 1788730396.7675543, 1788730397.4947097, 1788730398.2512286, 1788730399.0401726, 1788730399.8503537, 1788730400.6991265, 1788730401.3802423, 1788730402.0138474, 1788730402.6828961, 1788730403.4003158, 1788730404.1432433, 1788730404.9128113, 1788730405.7096806, 1788730406.5375438, 1788730407.21594, 1788730407.8341138, 1788730408.5044248, 1788730409.210654, 1788730409.939386, 1788730410.7002869, 1788730411.4927099, 1788730412.308354, 1788730412.9105384, 1788730413.5610733, 1788730414.2486377, 1788730414.9551628, 1788730415.7002757, 1788730416.4855025, 1788730417.279829, 1788730418.1170065, 1788730418.844288, 1788730419.453472, 1788730420.1178873, 1788730420.812356, 1788730421.5409927, 1788730422.2971454, 1788730423.1140296, 1788730423.8981054, 1788730424.7438028, 1788730425.6193848, 1788730426.505389, 1788730427.098614, 1788730427.7557294, 1788730428.4363544, 1788730429.15679]","[1, 1, 2, 1, 1, 1, 1, 2, 3, 1, 1, 1, 1, 2, 1, 1, 2, 3, 1, 1, 1, 1, 1, 1, 1, 1, 1, 3, 2, 1, 1, 1, 1, 1, 1, 1, 1, 3, 2, 1, 1, 1, 2, 1, 2, 1, 1, 3, 3, 2, 1, 1, 1, 1, 1, 1, 1, 2, 4, 1, 2, 1, 2, 2, 1, 1, 2, 4, 1, 1, 1, 1, 1, 1, 1, 3, 3, 1, 1, 2, 1, 1, 1, 1, 1, 1, 1, 2, 3, 1, 1]"
User-004,0,trace_0629,1788730434.9447923,streaming,18361,185,185,0,286,420.0646102428436,497.70009207725525,0.4219319664913675,0.0,0,True,,1788729937.2445333,1788730357.3091435,1788730434.9446254,"[1788730357.3091435, 1788730357.9232373, 1788730358.5817447, 1788730359.278701, 1788730360.0058866, 1788730360.758556, 1788730361.537798, 1788730362.3508737, 1788730363.1751957, 1788730363.7753487, 1788730364.430845, 1788730365.1154032, 1788730365.8247492, 1788730366.5833237, 1788730367.355941, 1788730368.1536698, 1788730368.9993048, 1788730369.5935323, 1788730370.2571518, 1788730370.923779, 1788730371.6484172, 1788730372.3977046, 1788730373.1853776, 1788730373.9943438, 1788730374.8345802, 1788730375.7076516, 1788730376.612536, 1788730377.2577808, 1788730377.8778553, 1788730378.5521727, 1788730379.2625859, 1788730380.0019486, 1788730380.7707744, 1788730381.566301, 1788730382.4023762, 1788730383.2656538, 1788730384.048443, 1788730384.6515653, 1788730385.319472, 1788730386.0149584, 1788730386.7419765, 1788730387.505102, 1788730388.2908695, 1788730389.1142988, 1788730389.8541534, 1788730390.4645994, 1788730391.1237614, 1788730391.818875, 1788730392.5472546, 1788730393.3060932, 1788730394.0893753, 1788730394.7963228, 1788730395.4108276, 1788730396.0731404, 1788730396.7691154, 1788730397.496413, 1788730398.2528014, 1788730399.0414684, 1788730399.8519232, 1788730400.7006645, 1788730401.381717, 1788730402.0158882, 1788730402.6851182, 1788730403.4025316, 1788730404.1454782, 1788730404.915073, 1788730405.7119844, 1788730406.539837, 1788730407.2169526, 1788730407.8352647, 1788730408.5054412, 1788730409.211143, 1788730409.9404273, 1788730410.701315, 1788730411.493734, 1788730412.3093798, 1788730412.9117706, 1788730413.5621023, 1788730414.2496557, 1788730414.9563968, 1788730415.7013342, 1788730416.4865823, 1788730417.2808802, 1788730418.1180263, 1788730418.846202, 1788730419.4551413, 1788730420.1195138, 1788730420.814067, 1788730421.5425665, 1788730422.299319, 1788730423.114795, 1788730423.8996546, 1788730424.7453294, 1788730425.6209114, 1788730426.5069563, 1788730427.1001737, 1788730427.7574043, 1788730428.4378803, 1788730429.1590822, 1788730429.9046822, 1788730430.6818655, 1788730431.4877396, 1788730432.2473888, 1788730432.8542588, 1788730433.5147674, 1788730434.2059586, 1788730434.936815]","[1, 1, 1, 1, 3, 3, 1, 1, 1, 1, 3, 3, 2, 2, 2, 2, 2, 1, 1, 1, 1, 1, 1, 1, 1, 1, 3, 1, 1, 1, 2, 3, 1, 1, 3, 1, 1, 1, 1, 4, 3, 3, 1, 1, 1, 2, 2, 3, 2, 1, 3, 3, 1, 1, 3, 1, 1, 2, 1, 1, 1, 1, 2, 2, 3, 1, 1, 1, 1, 1, 1, 3, 3, 3, 1, 1, 2, 2, 4, 3, 2, 3, 1, 2, 1, 1, 1, 1, 1, 3, 1, 1, 2, 1, 1, 2, 1, 2, 4, 1, 2, 1, 1, 5, 4, 2, 2]"
User-003,0,trace_0714,1788730445.2292612,streaming,21916,225,225,0,342,414.4065418243408,508.0334587097168,0.4179773075239999,0.0,0,True,,1788729937.1956983,1788730351.60224,1788730445.229157,"[1788730351.60224, 1788730352.1928992, 1788730352.8486166, 1788730353.5368338, 1788730354.2444658, 1788730355.0003185, 1788730355.7854648, 1788730356.5952663, 1788730357.3130755, 1788730357.9276137, 1788730358.5853498, 1788730359.2828786, 1788730360.01018, 1788730360.7626982, 1788730361.5423298, 1788730362.3551111, 1788730363.179195, 1788730363.778551, 1788730364.4350653, 1788730365.1196122, 1788730365.830796, 1788730366.5875149, 1788730367.36017, 1788730368.1579554, 1788730369.0033457, 1788730369.5978494, 1788730370.2613409, 1788730370.9280953, 1788730371.6526434, 1788730372.4019907, 1788730373.1895201, 1788730373.9986017, 1788730374.8387673, 1788730375.7118666, 1788730376.617067, 1788730377.2628164, 1788730377.8825917, 1788730378.5569222, 1788730379.267451, 1788730380.0067642, 1788730380.775396, 1788730381.5710738, 1788730382.4073055, 1788730383.2703388, 1788730384.0537927, 1788730384.6567943, 1788730385.3246741, 1788730386.020194, 1788730386.7473023, 1788730387.5107908, 1788730388.295621, 1788730389.1190717, 1788730389.8595119, 1788730390.469737, 1788730391.1289554, 1788730391.8241138, 1788730392.552356, 1788730393.3117125, 1788730394.094524, 1788730394.8022382, 1788730395.4165165, 1788730396.0788379, 1788730396.7741733, 1788730397.502069, 1788730398.258952, 1788730399.045804, 1788730399.8576674, 1788730400.7064188, 1788730401.3872447, 1788730402.0218148, 1788730402.6909723, 1788730403.4104044, 1788730404.1503403, 1788730404.920406, 1788730405.7176774, 1788730406.5454886, 1788730407.2228892, 1788730407.8407178, 1788730408.5111969, 1788730409.213759, 1788730409.946286, 1788730410.7071288, 1788730411.499518, 1788730412.3179052, 1788730412.9180248, 1788730413.5686264, 1788730414.2557633, 1788730414.9631276, 1788730415.7086885, 1788730416.4932685, 1788730417.2869277, 1788730418.1227698, 1788730418.8515341, 1788730419.4607923, 1788730420.1242256, 1788730420.818632, 1788730421.5472157, 1788730422.3050685, 1788730423.1174417, 1788730423.904286, 1788730424.7510176, 1788730425.626572, 1788730426.513654, 1788730427.1063368, 1788730427.7637386, 1788730428.4441404, 1788730429.165504, 1788730429.9114718, 1788730430.690574, 1788730431.4933372, 1788730432.2545202, 1788730432.861095, 1788730433.5204513, 1788730434.2125084, 1788730434.9440897, 1788730435.6915524, 1788730436.479635, 1788730437.304148, 1788730438.1528363, 1788730438.929031, 1788730439.5356498, 1788730440.198646, 1788730440.8893294, 1788730441.6103764, 1788730442.363095, 1788730443.14459, 1788730443.975734, 1788730444.5700662, 1788730445.2285988]","[1, 1, 1, 1, 3, 1, 4, 2, 1, 2, 2, 3, 2, 1, 1, 2, 2, 2, 1, 1, 1, 1, 1, 1, 1, 1, 3, 1, 1, 2, 1, 1, 1, 2, 1, 2, 1, 1, 3, 1, 1, 2, 1, 2, 1, 1, 2, 2, 1, 2, 1, 3, 2, 1, 2, 2, 1, 2, 1, 1, 4, 3, 4, 1, 2, 1, 2, 2, 1, 1, 1, 3, 5, 4, 2, 2, 4, 1, 3, 3, 1, 3, 1, 3, 1, 2, 1, 4, 1, 2, 1, 1, 2, 1, 1, 1, 2, 4, 5, 1, 2, 1, 1, 1, 1, 2, 2, 1, 1, 1, 2, 3, 1, 1, 3, 1, 2, 2, 2, 2, 2, 1, 1, 3, 1, 2, 1, 1, 2]"
User-126,0,trace_0596,1788730450.9860225,streaming,22381,593,506,0,349,246.1785774230957,511.31277680397034,0.5250182165957914,0.0,0,True,,1788729939.673081,1788730185.8516583,1788730450.9858577,"[1788730185.8516583, 1788730186.460798, 1788730187.1179335, 1788730187.8067083, 1788730188.5358148, 1788730189.2927022, 1788730190.0747218, 1788730190.891482, 1788730191.6884415, 1788730192.2609062, 1788730192.9171925, 1788730193.621268, 1788730194.3486078, 1788730195.0989375, 1788730195.8892763, 1788730196.7063584, 1788730197.551385, 1788730198.2344444, 1788730198.846048, 1788730199.523386, 1788730200.2214658, 1788730200.95879, 1788730201.7204094, 1788730202.5183284, 1788730203.3521132, 1788730204.2421167, 1788730204.8274758, 1788730205.4866533, 1788730206.1628907, 1788730206.8786316, 1788730207.62122, 1788730208.4028451, 1788730209.225179, 1788730209.9297967, 1788730210.5679562, 1788730211.2453327, 1788730211.9619064, 1788730212.7012787, 1788730213.4746459, 1788730214.2507014, 1788730215.0723102, 1788730215.9307191, 1788730216.6398437, 1788730217.2475307, 1788730217.9227655, 1788730218.6274755, 1788730219.360339, 1788730220.1344988, 1788730220.9151175, 1788730221.7393088, 1788730222.5934818, 1788730223.3191013, 1788730223.927377, 1788730224.5957263, 1788730225.3206403, 1788730226.0148232, 1788730226.7728958, 1788730227.5622032, 1788730228.375854, 1788730229.233435, 1788730230.1430273, 1788730230.7261586, 1788730231.380332, 1788730232.0687635, 1788730232.7855592, 1788730233.5277894, 1788730234.2955585, 1788730235.096903, 1788730235.9313948, 1788730236.7891755, 1788730237.5999215, 1788730238.2050967, 1788730238.866099, 1788730239.5602999, 1788730240.2814167, 1788730241.0446432, 1788730241.8166857, 1788730242.6283548, 1788730243.4754293, 1788730244.3360658, 1788730245.2359974, 1788730246.0480287, 1788730246.651956, 1788730247.3117397, 1788730248.0072215, 1788730248.7247446, 1788730249.480507, 1788730250.2728858, 1788730251.0821292, 1788730251.9252844, 1788730252.600779, 1788730253.2234836, 1788730253.9023964, 1788730254.613656, 1788730255.3445, 1788730256.1156087, 1788730256.914388, 1788730257.7419934, 1788730258.580348, 1788730259.174111, 1788730259.847936, 1788730260.538813, 1788730261.2655823, 1788730262.0308232, 1788730262.8053992, 1788730263.6166456, 1788730264.457515, 1788730265.327847, 1788730266.225665, 1788730267.0328972, 1788730267.6200054, 1788730268.2953389, 1788730268.9955077, 1788730269.7386787, 1788730270.4913735, 1788730271.2778304, 1788730272.1066463, 1788730272.9488556, 1788730273.8286788, 1788730274.7335107, 1788730275.6702003, 1788730276.6069388, 1788730277.2068846, 1788730277.8399847, 1788730278.5295763, 1788730279.2301242, 1788730279.9760451, 1788730280.7485726, 1788730281.5512023, 1788730282.3912556, 1788730283.2606077, 1788730284.168619, 1788730284.914266, 1788730285.5359218, 1788730286.2223463, 1788730286.9432914, 1788730287.6684918, 1788730288.426035, 1788730289.2259095, 1788730290.0511687, 1788730290.9103959, 1788730291.79039, 1788730292.7002223, 1788730293.4706562, 1788730294.059256, 1788730294.72677, 1788730295.423583, 1788730296.147591, 1788730296.903568, 1788730297.7037022, 1788730298.5303638, 1788730299.370424, 1788730300.066947, 1788730300.6950903, 1788730301.378885, 1788730302.0899608, 1788730302.8302066, 1788730303.5949879, 1788730304.3972692, 1788730305.2259264, 1788730305.9730566, 1788730306.5734684, 1788730307.240157, 1788730307.9337597, 1788730308.6601086, 1788730309.4099705, 1788730310.1937733, 1788730311.0021374, 1788730311.8473687, 1788730312.7194445, 1788730313.6303875, 1788730314.480301, 1788730315.0751998, 1788730315.728666, 1788730316.4188623, 1788730317.1413438, 1788730317.8871841, 1788730318.6605988, 1788730319.4721794, 1788730320.3125827, 1788730321.1826713, 1788730322.0908892, 1788730323.0121171, 1788730323.8378305, 1788730324.4338286, 1788730325.097665, 1788730325.7847884, 1788730326.5048525, 1788730327.2567942, 1788730328.0389924, 1788730328.8503368, 1788730329.6984932, 1788730330.5775928, 1788730331.2553113, 1788730331.8651588, 1788730332.538875, 1788730333.252171, 1788730333.976712, 1788730334.7466526, 1788730335.5477395, 1788730336.3802729, 1788730337.240051, 1788730338.1283233, 1788730339.041544, 1788730339.6400473, 1788730340.288498, 1788730340.9719903, 1788730341.6971166, 1788730342.448033, 1788730343.2247188, 1788730344.0412, 1788730344.824042, 1788730345.446088, 1788730346.1142402, 1788730346.8153753, 1788730347.5416512, 1788730348.3028226, 1788730349.08565, 1788730349.9018157, 1788730350.7527156, 1788730352.1907916, 1788730354.2424037, 1788730355.7834184, 1788730356.5932136, 1788730357.9255078, 1788730358.583818, 1788730359.2808619, 1788730360.0080872, 1788730360.7606502, 1788730361.5403163, 1788730362.3530462, 1788730363.1771836, 1788730363.7770107, 1788730364.433009, 1788730365.1175601, 1788730365.8291092, 1788730366.5855107, 1788730367.3581016, 1788730368.1559045, 1788730369.00132, 1788730369.5957263, 1788730370.2593029, 1788730370.9260683, 1788730371.6505914, 1788730372.3999274, 1788730373.1875496, 1788730373.9965358, 1788730374.8367453, 1788730375.709803, 1788730376.614717, 1788730377.2606428, 1788730377.8805525, 1788730378.5549002, 1788730379.2653391, 1788730380.0046375, 1788730380.7733126, 1788730381.569003, 1788730382.4051936, 1788730383.2682576, 1788730384.0509179, 1788730384.6542373, 1788730385.3221347, 1788730386.01764, 1788730386.744718, 1788730387.5081832, 1788730388.2931395, 1788730389.1164882, 1788730389.8569722, 1788730390.4672427, 1788730391.1264253, 1788730391.8215766, 1788730392.5499394, 1788730393.3089745, 1788730394.091984, 1788730394.8017435, 1788730395.4160035, 1788730396.0782967, 1788730396.7737827, 1788730397.5015678, 1788730398.2584333, 1788730399.0454223, 1788730399.8571546, 1788730400.7059014, 1788730401.386755, 1788730402.0212955, 1788730402.6889122, 1788730403.406264, 1788730404.1488113, 1788730404.9187949, 1788730405.7156274, 1788730406.5434628, 1788730407.2223833, 1788730407.8402183, 1788730408.510676, 1788730409.2135272, 1788730409.945583, 1788730410.706607, 1788730411.4990132, 1788730412.3173878, 1788730412.9175105, 1788730413.5681183, 1788730414.2555292, 1788730414.962588, 1788730415.7081642, 1788730416.4927506, 1788730417.2863743, 1788730418.122377, 1788730418.8513062, 1788730419.4602866, 1788730420.1239867, 1788730420.8182552, 1788730421.5468302, 1788730422.3045485, 1788730423.1171947, 1788730423.9040637, 1788730424.7504897, 1788730425.6260555, 1788730426.5131493, 1788730427.1058245, 1788730427.7632277, 1788730428.4436314, 1788730429.1649828, 1788730429.9109516, 1788730430.6903162, 1788730431.4929566, 1788730432.254011, 1788730432.8605862, 1788730433.5202258, 1788730434.2121243, 1788730434.9435837, 1788730435.6912918, 1788730436.4791512, 1788730437.3039231, 1788730438.1523302, 1788730438.928519, 1788730439.5351498, 1788730440.198118, 1788730440.8888128, 1788730441.6098626, 1788730442.3626971, 1788730443.1440775, 1788730443.975217, 1788730444.569557, 1788730445.2283638, 1788730445.899659, 1788730446.6162262, 1788730447.3655996, 1788730448.1408634, 1788730448.9492366, 1788730449.6973286, 1788730450.3108294]","[1, 1, 1, 1, 3, 3, 1, 1, 2, 1, 1, 1, 1, 1, 1, 2, 1, 1, 2, 1, 1, 1, 1, 2, 2, 2, 2, 1, 2, 1, 1, 1, 1, 1, 3, 1, 1, 1, 1, 5, 1, 1, 1, 2, 1, 1, 1, 1, 1, 1, 1, 3, 3, 2, 1, 1, 2, 2, 1, 4, 4, 2, 1, 1, 2, 2, 3, 1, 2, 1, 4, 2, 1, 3, 1, 2, 3, 1, 2, 2, 1, 2, 1, 2, 1, 1, 1, 2, 1, 1, 1, 2, 1, 1, 1, 1, 1, 1, 2, 1, 1, 1, 1, 5, 2, 1, 1, 1, 1, 1, 1, 2, 1, 1, 1, 1, 2, 1, 1, 1, 1, 1, 2, 1, 3, 3, 1, 1, 1, 1, 1, 1, 1, 2, 1, 1, 2, 1, 2, 2, 4, 2, 1, 3, 3, 1, 2, 2, 1, 2, 1, 2, 1, 1, 2, 1, 3, 1, 1, 3, 1, 2, 3, 1, 1, 1, 2, 1, 1, 3, 3, 2, 2, 1, 2, 2, 1, 1, 1, 1, 1, 1, 3, 2, 1, 3, 2, 1, 2, 3, 1, 2, 4, 1, 1, 1, 1, 3, 1, 1, 1, 1, 1, 1, 1, 1, 1, 1, 3, 1, 2, 3, 3, 1, 1, 1, 1, 1, 2, 1, 1, 1, 1, 1, 1, 1, 1, 1, 2, 1, 1, 2, 2, 2, 1, 1, 2, 2, 2, 2, 1, 1, 1, 1, 2, 2, 2, 1, 1, 2, 2, 2, 1, 1, 2, 2, 1, 1, 2, 1, 1, 2, 2, 1, 1, 2, 1, 1, 1, 1, 1, 1, 2, 1, 1, 2, 2, 2, 1, 1, 1, 1, 2, 1, 1, 1, 1, 1, 1, 2, 1, 1, 1, 1, 1, 1, 1, 1, 1, 1, 1, 1, 1, 1, 2, 1, 1, 2, 1, 1, 1, 1, 2, 2, 1, 1, 2, 1, 1, 1, 1, 1, 1, 1, 1, 1, 1, 1, 1, 1, 1, 1, 1, 1, 1, 1, 1, 1, 1, 2, 1, 1, 1, 1, 1, 1, 1, 1, 1, 1, 2]"
User-072,3,trace_0015,1788730451.6866124,streaming,21423,421,421,261,60,358.04498052597046,509.6622006893158,0.36099338134129844,21.0,0,True,,1788729942.0243359,1788730300.0693164,1788730451.6865366,"[1788730300.0693164, 1788730300.6971505, 1788730301.3810167, 1788730302.0920084, 1788730302.8323557, 1788730303.5970407, 1788730304.3993044, 1788730305.2279778, 1788730305.9751732, 1788730306.5755844, 1788730307.2421927, 1788730307.9358058, 1788730308.6621203, 1788730309.412037, 1788730310.1958904, 1788730311.0041707, 1788730311.8495662, 1788730312.721464, 1788730313.6326003, 1788730314.4822774, 1788730315.0772247, 1788730315.7306828, 1788730316.4209132, 1788730317.143411, 1788730317.8892648, 1788730318.6626005, 1788730319.4742005, 1788730320.314612, 1788730321.1847556, 1788730322.092996, 1788730323.0136611, 1788730323.8398814, 1788730324.4358938, 1788730325.0996916, 1788730325.7868304, 1788730326.5069258, 1788730327.258383, 1788730328.0410895, 1788730328.8524122, 1788730329.7007306, 1788730330.5791757, 1788730331.2581646, 1788730331.8678095, 1788730332.541412, 1788730333.254879, 1788730333.9793267, 1788730334.7492049, 1788730335.5503192, 1788730336.3828251, 1788730337.2426162, 1788730338.1309533, 1788730339.0440903, 1788730339.642692, 1788730340.291057, 1788730340.9749901, 1788730341.7026155, 1788730342.450627, 1788730343.2273183, 1788730344.0438857, 1788730344.8261228, 1788730345.448183, 1788730346.1162894, 1788730346.8174093, 1788730347.5437253, 1788730348.3048832, 1788730349.0877237, 1788730349.903866, 1788730350.7549648, 1788730351.6027877, 1788730352.193422, 1788730352.849139, 1788730353.5374086, 1788730354.2449865, 1788730355.000831, 1788730355.7861667, 1788730356.595781, 1788730357.3135781, 1788730357.9281456, 1788730358.5857399, 1788730359.2833953, 1788730360.010701, 1788730360.7632055, 1788730361.5428503, 1788730362.3556347, 1788730363.1796916, 1788730363.7789543, 1788730364.4355795, 1788730365.1201167, 1788730365.8311954, 1788730366.5880158, 1788730367.3606818, 1788730368.158469, 1788730369.0038369, 1788730369.5983715, 1788730370.261899, 1788730370.928614, 1788730371.653162, 1788730372.4025302, 1788730373.1900158, 1788730373.9991598, 1788730374.8392816, 1788730375.712395, 1788730376.6175745, 1788730377.2633233, 1788730377.8831336, 1788730378.5574377, 1788730379.2680068, 1788730380.007284, 1788730380.7759125, 1788730381.5715864, 1788730382.4078302, 1788730383.2708948, 1788730384.0542865, 1788730384.6573105, 1788730385.325193, 1788730386.0207129, 1788730386.7478151, 1788730387.5113177, 1788730388.2961345, 1788730389.119604, 1788730389.8600125, 1788730390.470253, 1788730391.129497, 1788730391.8246243, 1788730392.5527477, 1788730393.3122628, 1788730394.0950716, 1788730394.7999313, 1788730395.4144497, 1788730396.0767794, 1788730396.772631, 1788730397.5000315, 1788730398.2568886, 1788730399.0442472, 1788730399.8556318, 1788730400.704364, 1788730401.3852584, 1788730402.0197728, 1788730402.6914985, 1788730403.4110174, 1788730404.150744, 1788730404.9208138, 1788730405.7181962, 1788730406.546001, 1788730407.2200294, 1788730407.838285, 1788730408.50866, 1788730409.2125773, 1788730409.9435534, 1788730410.7045627, 1788730411.4969392, 1788730412.3126326, 1788730412.9149268, 1788730413.5655324, 1788730414.2532845, 1788730414.9599993, 1788730415.705468, 1788730416.4898975, 1788730417.2842176, 1788730418.1206691, 1788730418.8492572, 1788730419.458231, 1788730420.1225777, 1788730420.816788, 1788730421.5452561, 1788730422.302485, 1788730423.116248, 1788730423.9028523, 1788730424.7485652, 1788730425.6241288, 1788730426.511077, 1788730427.1038513, 1788730427.7612672, 1788730428.441592, 1788730429.162694, 1788730429.9090044, 1788730430.6855476, 1788730431.4913943, 1788730432.2509484, 1788730432.8580604, 1788730433.5184875, 1788730434.2097251, 1788730434.9410417, 1788730435.684818, 1788730436.4764705, 1788730437.3017228, 1788730438.1497486, 1788730438.9259317, 1788730439.5326226, 1788730440.195107, 1788730440.8863993, 1788730441.6073034, 1788730442.3607857, 1788730443.1416214, 1788730443.97258, 1788730444.566988, 1788730445.2264986, 1788730445.8971, 1788730446.6142175, 1788730447.3635252, 1788730448.1378372, 1788730448.947992, 1788730449.6947973, 1788730450.308246, 1788730450.9822083, 1788730451.6838288]","[1, 1, 2, 4, 1, 1, 1, 2, 1, 1, 1, 2, 1, 2, 1, 1, 2, 2, 1, 2, 2, 3, 1, 1, 2, 1, 2, 1, 2, 1, 1, 2, 1, 1, 3, 6, 3, 3, 4, 1, 1, 1, 2, 2, 1, 1, 5, 3, 1, 3, 2, 1, 1, 4, 1, 1, 1, 2, 1, 1, 2, 2, 1, 1, 1, 2, 1, 2, 1, 1, 2, 3, 2, 2, 3, 2, 4, 1, 2, 2, 1, 4, 2, 3, 2, 6, 2, 1, 5, 2, 5, 3, 4, 4, 4, 1, 1, 5, 2, 1, 3, 2, 3, 1, 1, 2, 2, 2, 1, 1, 1, 1, 1, 1, 1, 2, 3, 2, 2, 2, 1, 2, 1, 2, 2, 2, 1, 1, 1, 1, 1, 2, 3, 3, 2, 3, 2, 2, 1, 1, 1, 1, 3, 6, 3, 2, 2, 3, 3, 1, 1, 2, 1, 2, 3, 2, 3, 1, 2, 2, 5, 6, 4, 2, 3, 2, 1, 2, 1, 1, 1, 3, 1, 2, 1, 1, 2, 6, 4, 1, 1, 1, 1, 2, 3, 2, 1, 2, 1, 5, 3, 3, 1, 4, 3, 4, 5, 1, 1, 3, 2, 3, 1, 2, 3, 1]"
User-132,0,trace_0560,1788730470.5818646,streaming,20217,121,121,0,315,476.25157499313354,527.9876699447632,0.43113412459691364,0.0,0,True,,1788729942.5941124,1788730418.8456874,1788730470.5817823,"[1788730418.8456874, 1788730419.454623, 1788730420.1189985, 1788730420.8134007, 1788730421.5420341, 1788730422.2987227, 1788730423.1145349, 1788730423.8991446, 1788730424.7448156, 1788730425.6203983, 1788730426.5064306, 1788730427.099669, 1788730427.7568886, 1788730428.4373722, 1788730429.1585088, 1788730429.9038444, 1788730430.6813517, 1788730431.4871945, 1788730432.2468429, 1788730432.8537335, 1788730433.5142336, 1788730434.2054238, 1788730434.9362679, 1788730435.681047, 1788730436.472848, 1788730437.297917, 1788730438.1458087, 1788730438.9214354, 1788730439.5284066, 1788730440.1906273, 1788730440.8815398, 1788730441.6029594, 1788730442.3567617, 1788730443.1372333, 1788730443.9683645, 1788730444.5627034, 1788730445.2223134, 1788730445.8927915, 1788730446.6099854, 1788730447.3592565, 1788730448.1334963, 1788730448.9408696, 1788730449.6906576, 1788730450.303995, 1788730450.9779696, 1788730451.679573, 1788730452.4023144, 1788730453.161472, 1788730453.9495587, 1788730454.6930304, 1788730455.3048768, 1788730455.968418, 1788730456.6578789, 1788730457.3782945, 1788730458.1290183, 1788730458.9141757, 1788730459.7301157, 1788730460.5042999, 1788730461.1095004, 1788730461.7694767, 1788730462.4553897, 1788730463.1742473, 1788730463.9239485, 1788730464.702108, 1788730465.5072656, 1788730466.3441901, 1788730467.1329205, 1788730467.7414722, 1788730468.4044416, 1788730469.0940206, 1788730469.8127759, 1788730470.57368]","[1, 1, 1, 1, 3, 3, 1, 1, 1, 1, 1, 1, 1, 1, 2, 2, 1, 2, 3, 1, 1, 3, 2, 1, 1, 3, 1, 1, 1, 3, 1, 1, 3, 1, 1, 1, 2, 1, 1, 1, 1, 1, 1, 2, 2, 2, 4, 1, 2, 2, 1, 2, 1, 2, 1, 2, 4, 5, 2, 2, 2, 2, 1, 1, 2, 1, 2, 2, 2, 1, 3, 3]"
User-040,0,trace_0278,1788730473.0300043,streaming,19519,1035,1029,0,304,85.43794345855713,535.1394255161285,0.43745280355794885,0.0,0,True,,1788729937.8904536,1788730023.328397,1788730473.029879,"[1788730023.328397, 1788730023.9146261, 1788730024.5582783, 1788730025.2327502, 1788730025.9383855, 1788730026.6679094, 1788730027.4307272, 1788730028.2248352, 1788730028.9967048, 1788730029.601959, 1788730030.2681272, 1788730030.957195, 1788730031.675189, 1788730032.4236856, 1788730033.1951606, 1788730033.9962928, 1788730034.8283157, 1788730035.6914399, 1788730036.5870795, 1788730037.1742542, 1788730037.821616, 1788730038.493321, 1788730039.197261, 1788730039.9476979, 1788730040.70938, 1788730041.5132737, 1788730042.1859174, 1788730042.7970345, 1788730043.4656446, 1788730044.1658812, 1788730044.8922074, 1788730045.6494799, 1788730046.4368756, 1788730047.2235975, 1788730047.8155296, 1788730048.4788344, 1788730049.1513798, 1788730049.8690114, 1788730050.6211035, 1788730051.399286, 1788730052.2029257, 1788730052.8841474, 1788730053.4999287, 1788730054.1866696, 1788730054.894863, 1788730055.6228783, 1788730056.3915503, 1788730057.1836522, 1788730057.9972472, 1788730058.6838741, 1788730059.2943704, 1788730059.9541416, 1788730060.6549566, 1788730061.377821, 1788730062.1240077, 1788730062.9064875, 1788730063.717414, 1788730064.5616677, 1788730065.3016825, 1788730065.8957484, 1788730066.5681639, 1788730067.2780275, 1788730068.0105543, 1788730068.766189, 1788730069.5532262, 1788730070.2661178, 1788730070.8808708, 1788730071.5436676, 1788730072.2326965, 1788730072.955816, 1788730073.7036352, 1788730074.4789684, 1788730075.2923083, 1788730076.1384497, 1788730076.8419487, 1788730077.4465666, 1788730078.1136127, 1788730078.8116379, 1788730079.539275, 1788730080.2897465, 1788730081.0742733, 1788730081.896165, 1788730082.7442558, 1788730083.6262486, 1788730084.3171666, 1788730084.9287958, 1788730085.5929973, 1788730086.29686, 1788730087.0276027, 1788730087.780815, 1788730088.5685918, 1788730089.3221128, 1788730089.9319274, 1788730090.5923624, 1788730091.278573, 1788730091.9976113, 1788730092.7444043, 1788730093.519429, 1788730094.322173, 1788730095.03933, 1788730095.6475573, 1788730096.3382576, 1788730097.0458627, 1788730097.777684, 1788730098.5416653, 1788730099.3339903, 1788730100.1492684, 1788730100.8516479, 1788730101.4734237, 1788730102.142991, 1788730102.8541489, 1788730103.5842774, 1788730104.3450973, 1788730105.1386123, 1788730105.9669726, 1788730106.8078892, 1788730107.5207465, 1788730108.1457078, 1788730108.8269217, 1788730109.5323508, 1788730110.270029, 1788730111.0332277, 1788730111.8293526, 1788730112.6552327, 1788730113.3241827, 1788730113.9391823, 1788730114.6142082, 1788730115.3179507, 1788730116.045029, 1788730116.7999494, 1788730117.593529, 1788730118.2828887, 1788730118.90593, 1788730119.5815604, 1788730120.288866, 1788730121.0181994, 1788730121.7948415, 1788730122.587994, 1788730123.4199808, 1788730124.1984277, 1788730124.8183546, 1788730125.4862192, 1788730126.1895373, 1788730126.921182, 1788730127.675371, 1788730128.458123, 1788730129.2787025, 1788730130.1099267, 1788730130.7184904, 1788730131.3866518, 1788730132.08186, 1788730132.8115828, 1788730133.559677, 1788730134.334751, 1788730135.1478338, 1788730135.9871967, 1788730136.7321937, 1788730137.3369658, 1788730137.9965088, 1788730138.6859837, 1788730139.4090312, 1788730140.1575892, 1788730140.937349, 1788730141.7505336, 1788730142.5918093, 1788730143.438546, 1788730144.0366795, 1788730144.688099, 1788730145.3722796, 1788730146.086937, 1788730146.83015, 1788730147.605309, 1788730148.4194345, 1788730149.2740004, 1788730149.8771183, 1788730150.542116, 1788730151.2322052, 1788730151.9453182, 1788730152.6915934, 1788730153.4660988, 1788730154.27629, 1788730155.1097784, 1788730155.8528416, 1788730156.4597967, 1788730157.1204767, 1788730157.8305724, 1788730158.563664, 1788730159.3176203, 1788730160.1064618, 1788730160.9327393, 1788730161.7845612, 1788730162.4447303, 1788730163.0662918, 1788730163.7397044, 1788730164.4423428, 1788730165.1933632, 1788730165.9481022, 1788730166.7427216, 1788730167.582395, 1788730168.185589, 1788730168.8485692, 1788730169.5419536, 1788730170.2633495, 1788730171.0087912, 1788730171.7870295, 1788730172.5981781, 1788730173.2967222, 1788730173.9348006, 1788730174.6141753, 1788730175.3398364, 1788730176.0704525, 1788730176.8323295, 1788730177.6334476, 1788730178.4585376, 1788730179.138101, 1788730179.7489429, 1788730180.4714823, 1788730181.1276348, 1788730181.8595781, 1788730182.6174164, 1788730183.4096181, 1788730184.2338686, 1788730185.0947502, 1788730185.852179, 1788730186.4613106, 1788730187.1184478, 1788730187.8072262, 1788730188.5363364, 1788730189.293229, 1788730190.0752497, 1788730190.892016, 1788730191.6886942, 1788730192.2614138, 1788730192.917713, 1788730193.6217768, 1788730194.3492148, 1788730195.0994473, 1788730195.8897882, 1788730196.7069185, 1788730197.551887, 1788730198.2349837, 1788730198.8465822, 1788730199.5238993, 1788730200.2219818, 1788730200.959307, 1788730201.7209318, 1788730202.5188527, 1788730203.3526287, 1788730204.2354074, 1788730204.820953, 1788730205.480347, 1788730206.1634128, 1788730206.8791616, 1788730207.6217444, 1788730208.403353, 1788730209.2256904, 1788730209.9303174, 1788730210.568474, 1788730211.2458403, 1788730211.962431, 1788730212.701782, 1788730213.4751947, 1788730214.2513514, 1788730215.07282, 1788730215.9312792, 1788730216.6403732, 1788730217.9232843, 1788730218.6279857, 1788730220.1350222, 1788730220.9156387, 1788730221.7397022, 1788730222.5939822, 1788730223.3196075, 1788730223.927895, 1788730224.5962262, 1788730225.3208768, 1788730226.0153487, 1788730226.7734022, 1788730227.5627012, 1788730228.376718, 1788730229.233951, 1788730230.1367276, 1788730230.7199113, 1788730231.374072, 1788730232.062491, 1788730232.7792642, 1788730233.5216353, 1788730234.288874, 1788730235.0905917, 1788730235.9209452, 1788730236.7828817, 1788730237.5936453, 1788730238.198667, 1788730238.8606756, 1788730239.5539618, 1788730240.2751849, 1788730241.037911, 1788730241.8107924, 1788730242.6226053, 1788730243.4704075, 1788730244.3365772, 1788730245.2364962, 1788730246.042095, 1788730246.6462882, 1788730247.3058667, 1788730248.001132, 1788730248.7193284, 1788730249.4746573, 1788730250.2670817, 1788730251.0762908, 1788730251.919551, 1788730252.5943077, 1788730253.2172618, 1788730253.8930786, 1788730254.6065722, 1788730255.3386478, 1788730256.1097643, 1788730256.9084928, 1788730257.736215, 1788730258.5741217, 1788730259.1678698, 1788730259.8450036, 1788730260.5323527, 1788730261.2592266, 1788730262.0240438, 1788730262.8059258, 1788730263.6171546, 1788730264.4580421, 1788730265.3282487, 1788730266.2261891, 1788730267.03339, 1788730267.620529, 1788730268.2958572, 1788730268.9960165, 1788730269.739198, 1788730270.4919727, 1788730271.2783432, 1788730272.107175, 1788730272.949374, 1788730273.829187, 1788730274.7343194, 1788730275.6709797, 1788730276.6074545, 1788730277.207135, 1788730277.840581, 1788730278.5301828, 1788730279.2307215, 1788730279.976596, 1788730280.7490683, 1788730281.5519478, 1788730282.3918476, 1788730283.2611341, 1788730284.169129, 1788730284.9147844, 1788730285.5365171, 1788730286.2228715, 1788730286.943533, 1788730287.669011, 1788730288.4265437, 1788730289.226436, 1788730290.0516937, 1788730290.911041, 1788730291.7909808, 1788730292.7008185, 1788730293.4711845, 1788730294.05977, 1788730294.7272904, 1788730295.424106, 1788730296.1481018, 1788730296.9040763, 1788730297.7042234, 1788730298.5308895, 1788730299.3709676, 1788730300.067468, 1788730300.695609, 1788730301.379464, 1788730302.0904624, 1788730302.8308134, 1788730303.5955002, 1788730304.3977683, 1788730305.2264457, 1788730305.9735653, 1788730306.5739818, 1788730307.240679, 1788730307.934267, 1788730308.6606066, 1788730309.4104767, 1788730310.1943288, 1788730311.002656, 1788730311.8478699, 1788730312.719951, 1788730313.6310682, 1788730314.480791, 1788730315.075698, 1788730315.7291713, 1788730316.419379, 1788730317.1418593, 1788730317.8877003, 1788730318.6610987, 1788730319.4726744, 1788730320.3130925, 1788730321.183208, 1788730322.091397, 1788730323.012507, 1788730323.8383465, 1788730324.4343424, 1788730325.0981855, 1788730325.785303, 1788730326.505358, 1788730327.2571845, 1788730328.039522, 1788730328.850852, 1788730329.6990116, 1788730330.578005, 1788730331.2557971, 1788730331.8656743, 1788730332.5393753, 1788730333.2527628, 1788730333.9772747, 1788730334.747173, 1788730335.5482507, 1788730336.3807883, 1788730337.240561, 1788730338.1288373, 1788730339.0420337, 1788730339.6406012, 1788730340.289, 1788730340.972522, 1788730341.6976304, 1788730342.4485679, 1788730343.2252522, 1788730344.0417252, 1788730344.8245664, 1788730345.4466116, 1788730346.114762, 1788730346.815888, 1788730347.5421617, 1788730348.303339, 1788730349.086161, 1788730349.9023156, 1788730350.7532513, 1788730351.6002922, 1788730352.1913083, 1788730352.8470426, 1788730353.5351088, 1788730354.2429295, 1788730354.9987812, 1788730355.783925, 1788730356.5937197, 1788730357.3115885, 1788730357.9260173, 1788730358.584198, 1788730359.2813597, 1788730360.0085955, 1788730360.7611723, 1788730361.5408154, 1788730362.3535519, 1788730363.1776752, 1788730363.7773936, 1788730364.4335184, 1788730365.1180537, 1788730365.8295553, 1788730366.5860045, 1788730367.3586056, 1788730368.1564126, 1788730369.0018177, 1788730369.5962427, 1788730370.2598174, 1788730370.9265707, 1788730371.651114, 1788730372.4004385, 1788730373.1880417, 1788730373.9970534, 1788730374.8372436, 1788730375.7103052, 1788730376.6152442, 1788730377.2611375, 1788730377.8810527, 1788730378.5554032, 1788730379.2658548, 1788730380.0052178, 1788730380.7738225, 1788730381.569507, 1788730382.4057121, 1788730383.2687645, 1788730384.0514107, 1788730384.6547549, 1788730385.3226345, 1788730386.0181415, 1788730386.745234, 1788730387.5087054, 1788730389.117001, 1788730389.8574715, 1788730391.1269395, 1788730391.8220773, 1788730392.5504465, 1788730393.3095045, 1788730394.092491, 1788730394.7931113, 1788730395.4074042, 1788730396.0697112, 1788730396.765848, 1788730397.492973, 1788730398.2494397, 1788730399.0385635, 1788730399.8486352, 1788730400.6973317, 1788730401.3786647, 1788730402.0122838, 1788730402.6894171, 1788730403.4086397, 1788730404.1491961, 1788730404.9192522, 1788730405.7161365, 1788730406.5439708, 1788730407.2143962, 1788730407.8325558, 1788730408.5028236, 1788730409.2098851, 1788730409.937716, 1788730410.6986334, 1788730411.4907804, 1788730412.3068092, 1788730412.908961, 1788730413.5594199, 1788730414.2470036, 1788730414.9534962, 1788730415.6986067, 1788730416.4835029, 1788730417.2781758, 1788730418.1154406, 1788730418.8426962, 1788730419.4519405, 1788730420.1162913, 1788730420.8103957, 1788730421.5390368, 1788730422.2955892, 1788730423.113276, 1788730423.896559, 1788730424.742149, 1788730425.6177485, 1788730426.503715, 1788730427.0968587, 1788730427.75376, 1788730428.4347112, 1788730429.1549325, 1788730429.9016414, 1788730430.6791935, 1788730431.4849882, 1788730432.2446864, 1788730432.8512113, 1788730433.5121396, 1788730434.2032495, 1788730434.933704, 1788730435.6784854, 1788730436.4706728, 1788730437.2957695, 1788730438.1433196, 1788730438.9192972, 1788730439.526263, 1788730440.1884437, 1788730440.8793905, 1788730441.6004546, 1788730442.3541844, 1788730443.1346586, 1788730443.9661868, 1788730444.5606482, 1788730445.2202463, 1788730445.8905547, 1788730446.6079195, 1788730447.3570895, 1788730448.1313233, 1788730448.9388065, 1788730449.6876717, 1788730450.3013747, 1788730450.9753826, 1788730451.676945, 1788730452.3997016, 1788730453.1588283, 1788730453.9468706, 1788730454.6903512, 1788730455.3021717, 1788730455.96553, 1788730456.6552944, 1788730457.375323, 1788730458.1262424, 1788730458.9114168, 1788730459.727356, 1788730460.5016177, 1788730461.1067, 1788730461.7653928, 1788730462.4525943, 1788730463.171436, 1788730463.9212406, 1788730464.6995044, 1788730465.5043678, 1788730466.341385, 1788730467.1303332, 1788730467.7389374, 1788730468.401674, 1788730469.0915134, 1788730469.810136, 1788730470.570421, 1788730471.3403146, 1788730472.157488, 1788730473.017611]","[1, 1, 1, 1, 2, 1, 1, 2, 1, 1, 2, 1, 1, 4, 1, 3, 1, 2, 1, 2, 2, 1, 1, 4, 1, 1, 2, 1, 2, 3, 2, 1, 1, 1, 2, 2, 2, 1, 2, 2, 2, 1, 4, 2, 3, 3, 2, 1, 2, 2, 2, 1, 2, 2, 1, 4, 1, 1, 1, 4, 3, 1, 1, 2, 2, 1, 2, 1, 2, 2, 1, 2, 3, 3, 3, 1, 2, 1, 3, 1, 1, 1, 1, 2, 2, 5, 1, 4, 1, 1, 2, 1, 1, 2, 2, 1, 2, 1, 2, 1, 2, 1, 1, 4, 2, 1, 1, 3, 1, 2, 2, 2, 2, 2, 1, 1, 2, 2, 4, 3, 1, 1, 4, 3, 1, 2, 1, 2, 1, 3, 1, 2, 1, 1, 1, 1, 4, 1, 1, 2, 1, 1, 1, 2, 1, 1, 2, 1, 2, 2, 2, 1, 2, 2, 2, 1, 2, 1, 1, 2, 1, 2, 3, 1, 2, 1, 1, 2, 1, 1, 2, 2, 1, 2, 1, 2, 1, 1, 2, 1, 2, 1, 3, 2, 1, 2, 5, 1, 2, 1, 2, 1, 1, 1, 3, 1, 4, 2, 1, 2, 3, 4, 1, 1, 1, 2, 1, 2, 1, 1, 1, 2, 2, 2, 1, 1, 1, 5, 2, 1, 2, 2, 1, 2, 1, 1, 1, 1, 1, 5, 2, 1, 1, 2, 1, 1, 2, 1, 2, 1, 3, 2, 3, 3, 1, 1, 1, 2, 3, 2, 1, 3, 4, 1, 2, 1, 2, 1, 1, 1, 4, 1, 3, 2, 2, 1, 1, 1, 1, 1, 1, 2, 2, 1, 1, 2, 1, 1, 1, 3, 1, 3, 1, 2, 1, 1, 1, 2, 1, 1, 3, 1, 1, 1, 1, 1, 1, 1, 1, 1, 1, 2, 2, 1, 2, 1, 1, 2, 2, 1, 2, 1, 1, 1, 2, 2, 2, 3, 2, 1, 2, 2, 4, 3, 1, 3, 1, 2, 1, 1, 2, 1, 1, 2, 1, 1, 1, 1, 2, 2, 1, 1, 2, 2, 2, 1, 1, 1, 2, 1, 2, 2, 3, 1, 1, 1, 2, 1, 1, 3, 1, 1, 1, 3, 3, 2, 1, 2, 2, 4, 1, 4, 1, 1, 1, 3, 1, 1, 1, 1, 2, 3, 2, 1, 1, 1, 1, 1, 1, 1, 1, 1, 3, 4, 1, 1, 3, 1, 1, 1, 2, 1, 1, 3, 1, 3, 1, 2, 2, 1, 6, 2, 1, 4, 1, 5, 4, 1, 2, 1, 4, 1, 2, 3, 1, 1, 1, 2, 1, 2, 1, 1, 5, 1, 1, 2, 2, 1, 2, 1, 4, 1, 2, 1, 2, 1, 1, 1, 2, 1, 1, 1, 4, 1, 1, 1, 1, 1, 3, 3, 1, 3, 1, 1, 1, 2, 2, 1, 1, 3, 2, 1, 3, 2, 1, 1, 1, 1, 1, 1, 2, 1, 2, 1, 2, 3, 1, 2, 2, 2, 3, 1, 1, 1, 1, 1, 2, 2, 1, 1, 2, 1, 5, 1, 3, 1, 2, 1, 1, 2, 3, 2, 1, 3, 1, 1, 1, 3, 3, 1, 1, 1, 1, 2, 4, 1, 1, 3, 3, 1, 1, 2, 1, 2, 1, 2, 1, 1, 1, 2, 1, 1, 4, 2, 1, 1, 3, 1, 2, 1, 2, 2, 1, 2, 1, 1, 2, 1, 1, 4, 1, 1, 1, 3, 1, 1, 1, 2, 1, 1, 2, 2, 2, 1, 1, 1, 1, 2, 1, 4, 2, 1, 3, 1, 2, 1, 3, 2, 2, 3, 1, 1, 2, 3, 4, 4, 1, 2, 1, 3, 1, 1, 2, 1, 1, 1]"
User-111,70,trace_0585,1788730474.3697052,streaming,19960,386,386,411,97,363.89902091026306,532.2993309497833,0.4374034027000526,15.0,0,True,,1788729942.070266,1788730305.969287,1788730474.369597,"[1788730305.969287, 1788730306.5696723, 1788730307.2364979, 1788730307.9300823, 1788730308.6565492, 1788730309.406275, 1788730310.184653, 1788730310.99838, 1788730311.8436913, 1788730312.7157226, 1788730313.626524, 1788730314.476818, 1788730315.0715032, 1788730315.724608, 1788730316.41512, 1788730317.137633, 1788730317.8831928, 1788730318.6568916, 1788730319.4684596, 1788730320.308871, 1788730321.1789472, 1788730322.0871475, 1788730323.0085554, 1788730323.8342078, 1788730324.4300451, 1788730325.0939465, 1788730325.7811177, 1788730326.5011117, 1788730327.2549005, 1788730328.0348294, 1788730328.8466907, 1788730329.6945915, 1788730330.5744493, 1788730331.2518306, 1788730331.8614178, 1788730332.5351713, 1788730333.2476017, 1788730333.9734368, 1788730334.7434676, 1788730335.5445492, 1788730336.3770592, 1788730337.2368743, 1788730338.1250093, 1788730339.037666, 1788730339.6358063, 1788730340.2844908, 1788730340.9680128, 1788730341.6932101, 1788730342.4441237, 1788730343.2208073, 1788730344.0368552, 1788730344.8193312, 1788730345.441707, 1788730346.1098397, 1788730346.810938, 1788730347.5372174, 1788730348.2984157, 1788730349.0812268, 1788730349.897429, 1788730350.7455187, 1788730351.5953827, 1788730352.1861176, 1788730352.8421261, 1788730353.5297241, 1788730354.2384596, 1788730354.9944515, 1788730355.7794893, 1788730356.5893612, 1788730357.3065243, 1788730357.917876, 1788730358.579509, 1788730359.2765114, 1788730360.003644, 1788730360.756291, 1788730361.535592, 1788730362.3485436, 1788730363.1731384, 1788730363.7731972, 1788730364.42875, 1788730365.113322, 1788730365.8226304, 1788730366.581016, 1788730367.353681, 1788730368.151232, 1788730368.9972792, 1788730369.5912569, 1788730370.2545917, 1788730370.9221892, 1788730371.6468785, 1788730372.396137, 1788730373.1837957, 1788730373.9926045, 1788730374.8330257, 1788730375.7060502, 1788730376.6109736, 1788730377.256247, 1788730377.8762934, 1788730378.5505667, 1788730379.2610178, 1788730380.0004282, 1788730380.769044, 1788730381.5647483, 1788730382.4007602, 1788730383.2637658, 1788730384.0469475, 1788730384.6499953, 1788730385.3178701, 1788730386.0133567, 1788730386.7403936, 1788730387.5035207, 1788730388.2892826, 1788730389.1127245, 1788730389.8526952, 1788730390.4628441, 1788730391.122188, 1788730391.8173027, 1788730392.5456579, 1788730393.302582, 1788730394.0876799, 1788730394.7924867, 1788730395.4067237, 1788730396.0690918, 1788730396.7652345, 1788730397.4923515, 1788730398.248818, 1788730399.0377796, 1788730399.8480215, 1788730400.6966972, 1788730401.3769827, 1788730402.0110104, 1788730402.6840768, 1788730403.4014995, 1788730404.1443763, 1788730404.9139853, 1788730405.7109423, 1788730406.5387735, 1788730407.2131016, 1788730407.8313074, 1788730408.5015278, 1788730409.2092793, 1788730409.9364603, 1788730410.6973727, 1788730411.4894845, 1788730412.3054667, 1788730412.907665, 1788730413.5580971, 1788730414.2452567, 1788730414.9520931, 1788730415.6971867, 1788730416.482002, 1788730417.2741592, 1788730418.1139483, 1788730418.8413534, 1788730419.4506483, 1788730420.1148293, 1788730420.808921, 1788730421.5376034, 1788730422.2941873, 1788730423.1126664, 1788730423.895205, 1788730424.7405767, 1788730425.616203, 1788730426.5022125, 1788730427.0955956, 1788730427.7522724, 1788730428.433145, 1788730429.1535668, 1788730429.900316, 1788730430.677577, 1788730431.483626, 1788730432.2430613, 1788730432.8498065, 1788730433.5105155, 1788730434.201607, 1788730434.9323354, 1788730435.6771624, 1788730436.4692903, 1788730437.294367, 1788730438.1419291, 1788730438.9180279, 1788730439.5249236, 1788730440.187019, 1788730440.8779976, 1788730441.5991235, 1788730442.3528583, 1788730443.1333103, 1788730443.9637032, 1788730444.5583708, 1788730445.218566, 1788730445.8883195, 1788730446.6057787, 1788730447.354924, 1788730448.1289554, 1788730448.9366174, 1788730449.6857288, 1788730450.299236, 1788730450.9732175, 1788730451.6748264, 1788730452.3975334, 1788730453.1565287, 1788730453.944803, 1788730454.6881876, 1788730455.300059, 1788730455.9631963, 1788730456.6531863, 1788730457.3732767, 1788730458.1240945, 1788730458.9095297, 1788730459.7247877, 1788730460.4994676, 1788730461.1045725, 1788730461.7631443, 1788730462.4504323, 1788730463.1693301, 1788730463.919175, 1788730464.6971526, 1788730465.5021105, 1788730466.3392751, 1788730467.128477, 1788730467.7368326, 1788730468.397643, 1788730469.0896542, 1788730469.8080008, 1788730470.5685196, 1788730471.3381002, 1788730472.1554244, 1788730473.0155275, 1788730473.723026, 1788730474.3649018]","[1, 1, 1, 2, 1, 1, 1, 2, 1, 1, 1, 1, 2, 1, 1, 1, 2, 2, 1, 1, 3, 2, 3, 1, 1, 2, 1, 2, 1, 1, 1, 2, 1, 1, 4, 1, 2, 5, 3, 2, 1, 3, 1, 2, 2, 1, 2, 1, 1, 2, 4, 2, 1, 1, 2, 1, 1, 1, 1, 1, 3, 1, 2, 2, 1, 2, 1, 3, 2, 3, 4, 1, 2, 3, 1, 2, 3, 1, 2, 1, 2, 2, 1, 1, 1, 1, 1, 2, 1, 1, 3, 1, 1, 1, 1, 2, 2, 2, 1, 1, 2, 1, 1, 4, 1, 1, 1, 1, 1, 1, 1, 1, 1, 2, 1, 1, 1, 2, 2, 1, 2, 3, 1, 1, 2, 2, 1, 1, 2, 1, 1, 1, 1, 2, 1, 1, 1, 2, 2, 2, 2, 1, 1, 3, 4, 1, 1, 1, 1, 4, 4, 1, 1, 4, 6, 6, 1, 2, 1, 4, 1, 3, 2, 1, 1, 2, 2, 1, 1, 1, 1, 1, 2, 1, 2, 1, 1, 2, 1, 3, 2, 2, 2, 3, 1, 1, 1, 3, 1, 3, 2, 2, 4, 3, 1, 4, 1, 2, 1, 1, 2, 1, 1, 2, 1, 1, 1, 2, 1, 1, 2, 1, 2, 1, 1, 1, 2, 1, 1, 2, 3, 2, 2, 2, 2, 5, 1, 1, 2]"
User-131,0,trace_0619,1788730475.769262,streaming,18268,130,117,0,285,469.7692141532898,533.2238836288452,0.5470230127203053,0.0,0,True,,1788729942.545307,1788730412.314521,1788730475.7691905,"[1788730412.314521, 1788730412.9164865, 1788730413.5670974, 1788730414.2548587, 1788730414.9615479, 1788730415.7071023, 1788730416.4914215, 1788730417.2858489, 1788730418.1219919, 1788730418.8507957, 1788730419.4597626, 1788730420.123753, 1788730420.8178701, 1788730421.5464401, 1788730422.304046, 1788730423.1169603, 1788730423.9038434, 1788730426.5126445, 1788730428.4431353, 1788730429.9104304, 1788730430.6900234, 1788730432.2526436, 1788730432.8595834, 1788730433.5197797, 1788730434.2112901, 1788730434.942554, 1788730435.686376, 1788730436.4781039, 1788730437.303301, 1788730438.1513104, 1788730438.9274895, 1788730439.5341122, 1788730440.1970565, 1788730441.6088588, 1788730442.3619385, 1788730443.9741755, 1788730444.5685463, 1788730445.2279222, 1788730445.898623, 1788730446.6157675, 1788730447.3647816, 1788730448.1394346, 1788730448.9487343, 1788730449.6963115, 1788730450.3097951, 1788730450.9837606, 1788730451.6855114, 1788730452.4076598, 1788730453.166766, 1788730453.9548347, 1788730454.6990573, 1788730455.3106217, 1788730455.9741776, 1788730456.6636271, 1788730457.3843074, 1788730458.1348646, 1788730458.920083, 1788730460.5111115, 1788730461.1156943, 1788730462.461621, 1788730463.1804898, 1788730463.9287014, 1788730464.708317, 1788730465.5133185, 1788730466.3502586, 1788730467.139612, 1788730467.7481527, 1788730468.4091182, 1788730469.1003354, 1788730469.8194165, 1788730470.5806413, 1788730471.3493497, 1788730472.1663063, 1788730473.0287235, 1788730473.7334156, 1788730474.3763099, 1788730475.0522225, 1788730475.7674317]","[1, 1, 1, 1, 2, 1, 1, 1, 1, 1, 1, 1, 2, 1, 1, 1, 1, 1, 1, 1, 1, 1, 1, 1, 1, 2, 1, 1, 1, 2, 2, 4, 1, 1, 1, 1, 1, 2, 2, 2, 1, 2, 3, 1, 2, 2, 3, 1, 1, 2, 1, 1, 1, 2, 1, 5, 1, 1, 1, 1, 1, 2, 2, 2, 1, 2, 1, 3, 3, 1, 5, 2, 1, 1, 1, 2, 2, 1]"
User-023,0,trace_0562,1788730477.2676482,streaming,20882,175,175,0,325,463.6258909702301,539.5154502391815,0.43614689235029547,0.0,0,True,,1788729937.752103,1788730401.377994,1788730477.2675533,"[1788730401.377994, 1788730402.0116477, 1788730402.6868324, 1788730403.4042149, 1788730404.1472323, 1788730404.9167235, 1788730405.713547, 1788730406.5413923, 1788730407.2137327, 1788730407.831932, 1788730408.5021563, 1788730409.2096264, 1788730409.937146, 1788730410.6979902, 1788730411.4901059, 1788730412.306092, 1788730412.9083028, 1788730413.558715, 1788730414.246375, 1788730414.9529154, 1788730415.6980321, 1788730416.4829342, 1788730417.2775223, 1788730418.1146846, 1788730418.8419735, 1788730419.4514039, 1788730420.1155436, 1788730420.8097017, 1788730421.538443, 1788730422.2950294, 1788730423.1130097, 1788730423.89586, 1788730424.7414544, 1788730425.6170452, 1788730426.5029361, 1788730427.0962992, 1788730427.7530365, 1788730428.4339895, 1788730429.1543376, 1788730429.9009552, 1788730430.678423, 1788730431.4842553, 1788730432.2439182, 1788730432.8504734, 1788730433.5114021, 1788730434.2022576, 1788730434.9330204, 1788730435.6778119, 1788730436.4699163, 1788730437.2950828, 1788730438.142589, 1788730438.9186995, 1788730439.525585, 1788730440.1877522, 1788730440.8786464, 1788730441.599782, 1788730442.3535032, 1788730443.133958, 1788730443.9644473, 1788730444.559333, 1788730445.219186, 1788730445.8890133, 1788730446.606616, 1788730447.3556986, 1788730448.129924, 1788730448.9374783, 1788730449.686347, 1788730450.300113, 1788730450.9740756, 1788730451.6756759, 1788730452.3983884, 1788730453.157247, 1788730453.9455206, 1788730454.6890109, 1788730455.3009043, 1788730455.9643538, 1788730456.6540174, 1788730457.3741846, 1788730458.124982, 1788730458.9101474, 1788730459.72595, 1788730460.5003095, 1788730461.1054363, 1788730461.7638435, 1788730462.4513314, 1788730463.1701727, 1788730463.920081, 1788730464.6978862, 1788730465.502821, 1788730466.3401234, 1788730467.129075, 1788730467.737672, 1788730468.398466, 1788730469.0902736, 1788730469.8088686, 1788730470.569312, 1788730471.3387697, 1788730472.1562612, 1788730473.016352, 1788730473.7236547, 1788730474.3663182, 1788730475.0415323, 1788730475.7574115, 1788730476.4875324, 1788730477.262818]","[1, 1, 1, 1, 3, 1, 3, 1, 1, 1, 1, 2, 1, 3, 2, 1, 1, 1, 2, 2, 2, 1, 1, 1, 1, 1, 1, 1, 1, 1, 3, 1, 1, 1, 2, 3, 1, 1, 3, 1, 1, 1, 1, 4, 2, 2, 2, 1, 2, 1, 2, 4, 2, 1, 1, 1, 1, 2, 2, 1, 2, 2, 1, 3, 4, 2, 1, 1, 2, 3, 4, 2, 2, 1, 1, 1, 1, 2, 2, 1, 1, 1, 1, 2, 4, 1, 2, 1, 2, 4, 3, 2, 2, 3, 1, 2, 1, 1, 1, 1, 1, 2, 4, 1, 1]"
User-136,0,trace_0692,1788730485.8624961,streaming,17600,88,88,0,274,501.16445994377136,543.0612046718597,0.48157177848377447,0.0,0,True,,1788729942.8011723,1788730443.9656322,1788730485.862377,"[1788730443.9656322, 1788730444.5601003, 1788730445.2197287, 1788730445.8897176, 1788730446.6073682, 1788730447.3565063, 1788730448.130722, 1788730448.93821, 1788730449.686923, 1788730450.3008404, 1788730450.9748394, 1788730451.6763904, 1788730452.3991468, 1788730453.158203, 1788730453.9462802, 1788730454.689611, 1788730455.3016207, 1788730455.964981, 1788730456.6547225, 1788730457.3747737, 1788730458.1256938, 1788730458.9108822, 1788730459.7267907, 1788730460.5010695, 1788730461.1061397, 1788730461.7648003, 1788730462.4520514, 1788730463.1708963, 1788730463.9206882, 1788730464.6989133, 1788730465.5035439, 1788730466.3408227, 1788730467.1296227, 1788730467.738372, 1788730468.4010339, 1788730469.090994, 1788730469.8096027, 1788730470.569883, 1788730471.3397346, 1788730472.1569557, 1788730473.017049, 1788730473.7244546, 1788730474.3669517, 1788730475.0422013, 1788730475.7582605, 1788730476.4882934, 1788730477.2641826, 1788730478.047751, 1788730478.873789, 1788730479.574584, 1788730480.1890032, 1788730480.8562136, 1788730481.5623655, 1788730482.2798948, 1788730483.0391984, 1788730483.830638, 1788730484.571705, 1788730485.1847792, 1788730485.8576794]","[1, 1, 1, 2, 2, 1, 2, 3, 2, 1, 1, 2, 2, 1, 1, 1, 2, 1, 1, 1, 1, 1, 1, 1, 2, 1, 2, 1, 1, 2, 1, 3, 2, 1, 3, 1, 1, 1, 1, 2, 1, 2, 1, 1, 1, 3, 1, 1, 2, 2, 2, 2, 3, 1, 1, 2, 1, 2, 1]"
User-020,0,trace_0108,1788730496.3254664,streaming,16565,219,190,0,258,457.10482954978943,558.6294476985931,0.5371672917926122,0.0,0,True,,1788729937.6959221,1788730394.8007517,1788730496.3253698,"[1788730394.8007517, 1788730395.4149687, 1788730396.0772862, 1788730396.773014, 1788730397.500555, 1788730398.2573972, 1788730399.044638, 1788730399.856139, 1788730400.704878, 1788730401.3857508, 1788730402.0202892, 1788730402.686285, 1788730403.4036024, 1788730404.1467106, 1788730404.9161122, 1788730407.221386, 1788730408.5096745, 1788730409.213062, 1788730410.7055833, 1788730411.4979544, 1788730412.313684, 1788730412.9159665, 1788730413.5665693, 1788730414.2543223, 1788730414.9610312, 1788730415.7065475, 1788730416.4909232, 1788730417.2853072, 1788730418.1215992, 1788730419.4592671, 1788730420.1235254, 1788730421.5460634, 1788730422.3035295, 1788730423.1167269, 1788730423.9036202, 1788730424.7495823, 1788730425.625141, 1788730426.5121307, 1788730427.1048973, 1788730427.7622938, 1788730428.4426198, 1788730429.1639228, 1788730430.6865997, 1788730431.4922807, 1788730432.8590798, 1788730433.519536, 1788730434.2107773, 1788730434.9420564, 1788730435.6858623, 1788730436.4775958, 1788730437.3027837, 1788730438.150805, 1788730438.9269776, 1788730439.5336092, 1788730440.1964805, 1788730441.608356, 1788730442.361557, 1788730443.973659, 1788730444.5680351, 1788730445.2275684, 1788730445.898127, 1788730446.6152637, 1788730447.3643982, 1788730448.1389105, 1788730448.9484932, 1788730449.6958091, 1788730450.3092864, 1788730450.983258, 1788730452.4071558, 1788730453.1662536, 1788730454.6985424, 1788730455.3101125, 1788730455.9736564, 1788730456.6631234, 1788730457.3837953, 1788730458.1343188, 1788730458.9195673, 1788730459.7355983, 1788730460.510574, 1788730461.1152005, 1788730462.4611251, 1788730463.179998, 1788730464.7078245, 1788730465.5128198, 1788730466.3497558, 1788730467.13939, 1788730467.7476585, 1788730468.4088864, 1788730469.099953, 1788730469.8189228, 1788730470.5801303, 1788730471.3488667, 1788730473.0263934, 1788730473.7329223, 1788730475.051722, 1788730475.766906, 1788730476.4971576, 1788730477.2753098, 1788730478.0565176, 1788730478.88283, 1788730479.5836608, 1788730480.1981802, 1788730480.8651645, 1788730481.5664356, 1788730482.2914753, 1788730483.8394027, 1788730484.5807567, 1788730485.8675766, 1788730486.5648482, 1788730487.2962446, 1788730488.058605, 1788730488.8508792, 1788730489.6671913, 1788730490.3895926, 1788730491.0028555, 1788730491.674723, 1788730492.3713565, 1788730493.1011922, 1788730494.6502461, 1788730495.4675822]","[1, 2, 1, 1, 1, 1, 2, 1, 2, 1, 1, 2, 1, 1, 1, 1, 1, 1, 1, 3, 1, 1, 2, 2, 1, 2, 1, 3, 2, 1, 1, 1, 3, 1, 1, 2, 2, 1, 2, 1, 3, 2, 1, 1, 1, 3, 1, 1, 2, 2, 1, 2, 1, 3, 2, 1, 1, 1, 3, 1, 1, 2, 2, 1, 2, 1, 3, 2, 1, 1, 1, 3, 1, 1, 2, 3, 2, 1, 3, 2, 1, 1, 1, 3, 1, 1, 2, 3, 2, 1, 3, 2, 1, 1, 1, 3, 1, 1, 2, 3, 2, 1, 3, 1, 1, 1, 1, 1, 3, 1, 1, 2, 3, 2, 1, 3, 1, 1, 1, 1]"
User-135,0,trace_0605,1788730499.7755945,streaming,21288,130,130,0,332,496.1646728515625,557.0178632736206,0.47173015831052795,0.0,0,True,,1788729942.757641,1788730438.922314,1788730499.7755044,"[1788730438.922314, 1788730439.5289154, 1788730440.1911805, 1788730440.882384, 1788730441.6035058, 1788730442.3572807, 1788730443.1377618, 1788730443.9688828, 1788730444.5632184, 1788730445.222836, 1788730445.893315, 1788730446.610498, 1788730447.3597696, 1788730448.1341922, 1788730448.941384, 1788730449.691203, 1788730450.3045015, 1788730450.9786294, 1788730451.6802137, 1788730452.4029703, 1788730453.1621118, 1788730453.9500937, 1788730454.6935399, 1788730455.305514, 1788730455.9689388, 1788730456.6585119, 1788730457.378836, 1788730458.1295373, 1788730458.914694, 1788730459.7308526, 1788730460.5048463, 1788730461.1100187, 1788730461.770147, 1788730462.4559152, 1788730463.1747637, 1788730463.9243433, 1788730464.702757, 1788730465.5077739, 1788730466.344689, 1788730467.1334298, 1788730467.7421222, 1788730468.405165, 1788730469.0945196, 1788730469.813413, 1788730470.5745008, 1788730471.3429692, 1788730472.1602948, 1788730473.0207691, 1788730473.7271576, 1788730474.3702633, 1788730475.0458848, 1788730475.761212, 1788730476.491535, 1788730477.266976, 1788730478.0507135, 1788730478.8770068, 1788730479.5778806, 1788730480.1921833, 1788730480.8592794, 1788730481.5637343, 1788730482.2854981, 1788730483.0428483, 1788730483.8335326, 1788730484.5751262, 1788730485.1879413, 1788730485.8612351, 1788730486.5590718, 1788730487.2903736, 1788730488.0522022, 1788730488.8449051, 1788730489.6613681, 1788730490.382527, 1788730490.9965363, 1788730491.6678562, 1788730492.3648672, 1788730493.0947938, 1788730493.8516195, 1788730494.6434195, 1788730495.461263, 1788730496.3164098, 1788730496.9672363, 1788730497.6007752, 1788730498.291283, 1788730499.006863, 1788730499.766253]","[1, 1, 1, 1, 3, 3, 1, 1, 1, 1, 1, 1, 1, 1, 2, 1, 2, 1, 1, 1, 2, 1, 1, 1, 1, 3, 1, 1, 1, 2, 3, 1, 1, 1, 1, 2, 1, 1, 1, 1, 1, 3, 1, 1, 1, 1, 1, 1, 1, 2, 1, 4, 2, 2, 1, 1, 1, 1, 2, 4, 2, 1, 2, 1, 3, 1, 3, 1, 2, 1, 4, 1, 2, 1, 1, 1, 1, 3, 2, 3, 2, 1, 1, 3, 2]"
User-112,0,trace_0275,1788730503.7437701,streaming,20528,735,735,0,320,223.11264300346375,564.4142160415649,0.46498851912547845,0.0,0,True,,1788729939.3294828,1788730162.4421258,1788730503.7436988,"[1788730162.4421258, 1788730163.063525, 1788730163.7368438, 1788730164.4396157, 1788730165.1901646, 1788730165.9463573, 1788730166.7410529, 1788730167.5808682, 1788730168.1839092, 1788730168.8469765, 1788730169.540283, 1788730170.2617714, 1788730171.0070462, 1788730171.785208, 1788730172.5965097, 1788730173.2951846, 1788730173.9331355, 1788730174.6125245, 1788730175.3380942, 1788730176.068911, 1788730176.83061, 1788730177.6315086, 1788730178.456952, 1788730179.1356533, 1788730179.7467082, 1788730180.4704666, 1788730181.1252968, 1788730181.8543603, 1788730182.615177, 1788730183.4074364, 1788730184.2317147, 1788730185.0925498, 1788730185.8492544, 1788730186.4585125, 1788730187.115772, 1788730187.8045232, 1788730188.5336123, 1788730189.2904685, 1788730190.0778322, 1788730190.8948078, 1788730191.6899023, 1788730192.2639446, 1788730192.9202828, 1788730193.6244354, 1788730194.3518264, 1788730195.1019857, 1788730195.8923821, 1788730196.7095613, 1788730197.554456, 1788730198.2376332, 1788730198.849172, 1788730199.5264297, 1788730200.2246306, 1788730200.9619715, 1788730201.7235074, 1788730202.5214272, 1788730203.3551874, 1788730204.2359831, 1788730204.821585, 1788730205.4808972, 1788730206.1659946, 1788730206.8817716, 1788730207.6242416, 1788730208.4059227, 1788730209.2284496, 1788730209.9338987, 1788730210.5716314, 1788730211.248937, 1788730211.9656239, 1788730212.7048752, 1788730213.4779532, 1788730214.2548378, 1788730215.0759628, 1788730215.93442, 1788730216.6436093, 1788730217.2510264, 1788730217.9263992, 1788730218.6310914, 1788730219.3638592, 1788730220.1381176, 1788730220.9189098, 1788730221.7420774, 1788730222.5970378, 1788730223.322666, 1788730223.931043, 1788730224.5992322, 1788730225.3223307, 1788730226.0185049, 1788730226.7767236, 1788730227.5657732, 1788730228.3795543, 1788730229.237045, 1788730230.1372786, 1788730230.7204387, 1788730231.3746047, 1788730232.0630434, 1788730232.7798114, 1788730233.522159, 1788730234.289409, 1788730235.091149, 1788730235.9214604, 1788730236.7834458, 1788730237.5941641, 1788730238.1992168, 1788730238.8611937, 1788730239.554632, 1788730240.2756999, 1788730241.0384247, 1788730241.8113093, 1788730242.623158, 1788730243.4709506, 1788730244.3401957, 1788730245.2401397, 1788730246.0426056, 1788730246.647001, 1788730247.306522, 1788730248.001654, 1788730248.719844, 1788730249.4752235, 1788730250.2676046, 1788730251.07698, 1788730251.920059, 1788730252.594842, 1788730253.2177835, 1788730253.8935921, 1788730254.607454, 1788730255.3392081, 1788730256.1102874, 1788730256.9090354, 1788730257.7367322, 1788730258.5746212, 1788730259.1683953, 1788730259.8452516, 1788730260.5328999, 1788730261.2597544, 1788730262.0245738, 1788730262.8095813, 1788730263.62082, 1788730264.4616604, 1788730265.331063, 1788730266.2298295, 1788730267.0373282, 1788730267.623871, 1788730268.298987, 1788730268.9990842, 1788730269.7422462, 1788730270.495077, 1788730271.2818263, 1788730272.1102047, 1788730272.952233, 1788730273.8317337, 1788730274.7369566, 1788730275.6735475, 1788730276.6127234, 1788730277.208753, 1788730277.8437226, 1788730278.5336385, 1788730279.233255, 1788730279.9792821, 1788730280.751952, 1788730281.5540447, 1788730282.3939357, 1788730283.263347, 1788730284.171437, 1788730284.9168987, 1788730285.53858, 1788730286.224972, 1788730286.9445186, 1788730287.6714017, 1788730288.427638, 1788730289.2274697, 1788730290.0527587, 1788730290.9120667, 1788730291.7920296, 1788730292.7018409, 1788730293.4722936, 1788730294.060793, 1788730294.7283163, 1788730295.4251888, 1788730296.1491284, 1788730296.905107, 1788730297.705287, 1788730298.5321329, 1788730299.3719869, 1788730300.0684793, 1788730300.6966362, 1788730301.3804836, 1788730302.0914867, 1788730302.8318303, 1788730303.59653, 1788730304.3987973, 1788730305.227457, 1788730305.974612, 1788730306.5750349, 1788730307.2416797, 1788730307.9352891, 1788730308.6616116, 1788730309.4114962, 1788730310.1953702, 1788730311.0036705, 1788730311.848854, 1788730312.7209437, 1788730313.6320658, 1788730314.481786, 1788730315.0767162, 1788730315.7301748, 1788730316.4204025, 1788730317.1428978, 1788730317.8887372, 1788730318.662089, 1788730319.4736712, 1788730320.3141088, 1788730321.1842353, 1788730322.0924735, 1788730323.013274, 1788730323.8393495, 1788730324.4353857, 1788730325.0991905, 1788730325.7863169, 1788730326.5063813, 1788730327.2579622, 1788730328.0405679, 1788730328.8518994, 1788730329.700223, 1788730330.5787902, 1788730331.256781, 1788730331.8667736, 1788730332.540404, 1788730333.2538197, 1788730333.9782934, 1788730334.7481735, 1788730335.5492997, 1788730336.3817828, 1788730337.2415862, 1788730338.1298683, 1788730339.0431058, 1788730339.6416318, 1788730340.2900176, 1788730340.9737499, 1788730341.6986358, 1788730342.449593, 1788730343.2262723, 1788730344.0428388, 1788730344.8250818, 1788730345.447137, 1788730346.1152818, 1788730346.8164024, 1788730347.5426755, 1788730348.3038492, 1788730349.0866814, 1788730349.9028387, 1788730350.7538123, 1788730351.6008027, 1788730352.1918502, 1788730352.8475785, 1788730353.535694, 1788730354.2434504, 1788730354.999306, 1788730355.7844372, 1788730356.5942428, 1788730357.3120854, 1788730357.9265444, 1788730358.5845828, 1788730359.2818675, 1788730360.0091236, 1788730360.7616858, 1788730361.5413125, 1788730362.354076, 1788730363.178171, 1788730363.7777762, 1788730364.4340353, 1788730365.1185827, 1788730365.830009, 1788730366.5865, 1788730367.3591378, 1788730368.1569164, 1788730369.002325, 1788730369.5967746, 1788730370.260323, 1788730370.92709, 1788730371.6516333, 1788730372.4009511, 1788730373.1885314, 1788730373.9975722, 1788730374.837756, 1788730375.710823, 1788730376.6159172, 1788730377.2616284, 1788730377.8815582, 1788730378.5559096, 1788730379.266387, 1788730380.0057275, 1788730380.77435, 1788730381.5700216, 1788730382.4062326, 1788730383.269286, 1788730384.0527496, 1788730384.6557636, 1788730385.3236682, 1788730386.019167, 1788730386.7462544, 1788730387.5097451, 1788730388.2945805, 1788730389.118017, 1788730389.8585188, 1788730390.4686942, 1788730391.1279497, 1788730391.823107, 1788730392.551494, 1788730393.3106382, 1788730394.0935133, 1788730394.793769, 1788730395.408043, 1788730396.0703506, 1788730396.7664905, 1788730397.493659, 1788730398.2500823, 1788730399.0391765, 1788730399.849272, 1788730400.6979866, 1788730401.379208, 1788730402.0128102, 1788730402.6904519, 1788730403.4098501, 1788730404.1499634, 1788730404.9200163, 1788730405.7171655, 1788730406.544977, 1788730407.2149415, 1788730407.8330796, 1788730408.5033708, 1788730409.2101648, 1788730409.9382522, 1788730410.6991982, 1788730411.491499, 1788730412.3073258, 1788730412.9095006, 1788730413.5599892, 1788730414.2475493, 1788730414.9540455, 1788730415.6991858, 1788730416.484344, 1788730417.278725, 1788730418.115964, 1788730418.8432627, 1788730419.4524636, 1788730420.1168406, 1788730420.8112419, 1788730421.539862, 1788730422.296111, 1788730423.1135275, 1788730423.8970983, 1788730424.7427037, 1788730425.6182947, 1788730426.5042744, 1788730427.0974033, 1788730427.7543314, 1788730428.4352992, 1788730429.1554782, 1788730429.9021785, 1788730430.6797576, 1788730431.485561, 1788730432.2452219, 1788730432.8520525, 1788730433.5126877, 1788730434.2038276, 1788730434.934265, 1788730435.6793578, 1788730436.4712546, 1788730437.2963154, 1788730438.1438673, 1788730438.919838, 1788730439.5268362, 1788730440.188993, 1788730440.8799376, 1788730441.600988, 1788730442.3547747, 1788730443.135246, 1788730443.966725, 1788730444.5611625, 1788730445.220762, 1788730445.891164, 1788730446.6084354, 1788730447.3576362, 1788730448.1318593, 1788730448.9393384, 1788730449.6890962, 1788730450.3024287, 1788730450.976411, 1788730451.677987, 1788730452.4007683, 1788730453.159896, 1788730453.947956, 1788730454.6914527, 1788730455.3032665, 1788730455.9666028, 1788730456.6563442, 1788730457.3765748, 1788730458.1273093, 1788730458.9124603, 1788730459.7284389, 1788730460.5026636, 1788730461.1077816, 1788730461.7664356, 1788730462.4536405, 1788730463.1725223, 1788730463.9225638, 1788730464.7005894, 1788730465.5055125, 1788730466.3424115, 1788730467.131402, 1788730467.7399564, 1788730468.4028034, 1788730469.09251, 1788730469.8112352, 1788730470.5718727, 1788730471.3413827, 1788730472.15854, 1788730473.0189617, 1788730473.7255576, 1788730474.368013, 1788730475.0435536, 1788730475.7596693, 1788730476.4897113, 1788730477.2653785, 1788730478.0491056, 1788730478.8753679, 1788730479.5762572, 1788730480.1905522, 1788730480.8576539, 1788730481.5629787, 1788730482.2814739, 1788730483.040972, 1788730483.8319552, 1788730484.5731578, 1788730485.1863184, 1788730485.8596401, 1788730486.5572662, 1788730487.2885334, 1788730488.0503612, 1788730488.8429859, 1788730489.659493, 1788730490.3804486, 1788730490.9948194, 1788730491.6659913, 1788730492.3629792, 1788730493.092965, 1788730493.8497915, 1788730494.6416028, 1788730495.459623, 1788730496.3146167, 1788730496.9653726, 1788730497.5986407, 1788730498.289462, 1788730499.005077, 1788730499.7644355, 1788730500.5330412, 1788730501.3343527, 1788730502.163673, 1788730503.0325348, 1788730503.734345]","[1, 1, 1, 2, 1, 2, 1, 1, 1, 1, 1, 2, 1, 1, 1, 2, 1, 3, 1, 2, 1, 1, 1, 1, 1, 2, 1, 1, 1, 1, 3, 1, 1, 2, 1, 1, 2, 2, 1, 1, 2, 3, 1, 4, 3, 1, 2, 3, 1, 2, 1, 3, 1, 2, 1, 1, 1, 3, 2, 1, 3, 2, 1, 1, 2, 2, 1, 2, 2, 2, 2, 2, 1, 1, 1, 1, 1, 1, 1, 1, 3, 2, 3, 1, 1, 2, 2, 1, 1, 1, 1, 1, 2, 3, 3, 1, 1, 1, 1, 2, 1, 4, 2, 2, 2, 1, 1, 3, 1, 3, 2, 3, 2, 3, 2, 1, 3, 2, 2, 1, 1, 1, 1, 1, 2, 1, 1, 1, 1, 1, 1, 1, 1, 1, 1, 1, 1, 1, 1, 1, 2, 3, 1, 4, 4, 1, 1, 2, 1, 2, 1, 1, 2, 2, 1, 4, 1, 1, 2, 2, 1, 1, 1, 2, 1, 2, 1, 1, 3, 1, 1, 1, 1, 2, 1, 1, 1, 1, 3, 1, 1, 2, 1, 2, 5, 1, 1, 1, 2, 1, 1, 2, 2, 3, 1, 1, 2, 3, 3, 2, 2, 3, 2, 1, 1, 1, 1, 1, 4, 1, 3, 1, 1, 2, 1, 1, 1, 1, 1, 1, 2, 1, 1, 1, 1, 1, 2, 1, 2, 1, 1, 1, 1, 2, 2, 2, 2, 1, 1, 1, 1, 2, 1, 1, 1, 1, 1, 2, 3, 1, 2, 1, 1, 1, 1, 1, 1, 1, 1, 2, 1, 1, 3, 1, 5, 3, 1, 1, 1, 2, 1, 1, 1, 1, 2, 2, 2, 2, 1, 1, 1, 1, 2, 2, 1, 2, 1, 1, 2, 1, 2, 1, 2, 5, 2, 2, 4, 1, 1, 3, 2, 1, 3, 2, 2, 3, 1, 1, 1, 2, 1, 2, 2, 2, 1, 2, 4, 1, 4, 2, 1, 1, 1, 3, 1, 1, 1, 1, 1, 1, 1, 3, 2, 3, 2, 2, 2, 3, 2, 1, 2, 1, 2, 2, 1, 1, 1, 1, 1, 1, 1, 1, 1, 1, 3, 1, 1, 1, 1, 1, 5, 2, 1, 3, 1, 1, 1, 2, 1, 3, 2, 3, 2, 2, 1, 1, 1, 3, 2, 2, 5, 2, 1, 1, 2, 1, 1, 1, 1, 1, 1, 1, 2, 2, 1, 2, 1, 1, 1, 1, 1, 2, 2, 2, 2, 4, 3, 2, 1, 1, 1, 1, 3, 1, 2, 1, 2, 1, 2, 1, 1, 1, 2, 2, 1, 2, 2, 2, 2, 1, 1, 2, 1, 1, 1, 1, 1, 3, 3, 2, 1, 1, 1, 1, 2, 3, 4, 2, 1, 1, 1, 2, 1, 1, 1, 1, 1, 3, 2, 1, 1]"
User-019,0,trace_0587,1788730503.7452676,streaming,19031,253,253,0,297,452.2004156112671,566.0901498794556,0.4519433899531289,0.0,0,True,,1788729937.6550677,1788730389.8554833,1788730503.7452176,"[1788730389.8554833, 1788730390.4656532, 1788730391.1249032, 1788730391.8200133, 1788730392.548395, 1788730393.3073628, 1788730394.0904057, 1788730394.7983587, 1788730395.412888, 1788730396.0752316, 1788730396.77134, 1788730397.4984841, 1788730398.2551842, 1788730399.0430477, 1788730399.8540843, 1788730400.702832, 1788730401.383707, 1788730402.01823, 1788730402.687368, 1788730403.404723, 1788730404.1476307, 1788730404.9172387, 1788730405.7140687, 1788730406.541905, 1788730407.2184331, 1788730407.8367794, 1788730408.5071297, 1788730409.2118692, 1788730409.9419923, 1788730410.7030163, 1788730411.4954145, 1788730412.3110185, 1788730412.9133298, 1788730413.5639684, 1788730414.2514265, 1788730414.958355, 1788730415.703104, 1788730416.4883707, 1788730417.2826202, 1788730418.1195335, 1788730418.8477483, 1788730419.4567037, 1788730420.1210282, 1788730420.8156273, 1788730421.5440981, 1788730422.3009007, 1788730423.1155207, 1788730423.901167, 1788730424.7470288, 1788730425.6225786, 1788730426.5093942, 1788730427.1022632, 1788730427.7597075, 1788730428.4400795, 1788730429.1611578, 1788730429.9074383, 1788730430.6840427, 1788730431.4898124, 1788730432.2494423, 1788730432.8565433, 1788730433.5169423, 1788730434.2081876, 1788730434.9394736, 1788730435.6832724, 1788730436.4749296, 1788730437.3001592, 1788730438.1481779, 1788730438.9243963, 1788730439.5311027, 1788730440.19349, 1788730440.884809, 1788730441.605768, 1788730442.359596, 1788730443.1400828, 1788730443.9710066, 1788730444.5654001, 1788730445.224874, 1788730445.8955417, 1788730446.6126893, 1788730447.3618746, 1788730448.1362734, 1788730448.9465444, 1788730449.6932726, 1788730450.306681, 1788730450.980682, 1788730451.6822753, 1788730452.4050372, 1788730453.164211, 1788730453.952238, 1788730454.6955848, 1788730455.307567, 1788730455.9710538, 1788730456.660589, 1788730457.381044, 1788730458.1317081, 1788730458.916909, 1788730459.7329292, 1788730460.5079396, 1788730461.112593, 1788730461.7723186, 1788730462.4584641, 1788730463.177324, 1788730463.9263825, 1788730464.7052937, 1788730465.5102966, 1788730466.3472333, 1788730467.136887, 1788730467.7451425, 1788730468.4076965, 1788730469.0976486, 1788730469.8164058, 1788730470.5775824, 1788730471.3463526, 1788730472.1634073, 1788730473.0238807, 1788730473.7303133, 1788730474.3733542, 1788730475.0491605, 1788730475.7643998, 1788730476.4946053, 1788730477.2706819, 1788730478.0538802, 1788730478.8802571, 1788730479.5810463, 1788730480.1955912, 1788730480.8625631, 1788730481.5651996, 1788730482.288868, 1788730483.0460258, 1788730483.836733, 1788730484.5782096, 1788730485.191189, 1788730485.865002, 1788730486.5621753, 1788730487.2935371, 1788730488.0559576, 1788730488.848324, 1788730489.6646311, 1788730490.386774, 1788730491.0002675, 1788730491.6721392, 1788730492.3685873, 1788730493.098624, 1788730493.85586, 1788730494.6477058, 1788730495.4650254, 1788730496.320051, 1788730496.9708154, 1788730497.6047869, 1788730498.2948444, 1788730499.0105793, 1788730499.770419, 1788730500.5387852, 1788730501.339322, 1788730502.1688364, 1788730503.037463, 1788730503.7405367]","[1, 1, 1, 2, 2, 1, 2, 2, 2, 1, 1, 2, 1, 2, 1, 2, 2, 1, 1, 2, 3, 1, 1, 1, 1, 1, 2, 1, 2, 3, 2, 1, 1, 2, 1, 2, 2, 1, 2, 1, 1, 1, 1, 1, 1, 1, 1, 3, 1, 3, 1, 1, 2, 1, 1, 1, 3, 3, 1, 1, 3, 1, 1, 2, 1, 1, 1, 2, 1, 2, 1, 1, 1, 2, 1, 2, 1, 1, 3, 1, 2, 3, 1, 2, 2, 1, 4, 1, 2, 2, 4, 2, 1, 1, 2, 1, 1, 2, 3, 1, 3, 1, 1, 1, 2, 1, 1, 1, 2, 1, 2, 1, 3, 3, 1, 1, 1, 2, 3, 3, 1, 2, 1, 1, 1, 2, 1, 1, 4, 3, 1, 1, 3, 3, 1, 1, 1, 1, 1, 1, 3, 2, 3, 1, 1, 3, 1, 1, 2, 2, 1, 2, 4, 1, 1, 2, 1]"
User-143,0,trace_0716,1788730522.391457,streaming,21226,120,120,0,331,524.0357284545898,579.2909293174744,0.4643294190158363,0.0,0,True,,1788729943.1001062,1788730467.1358347,1788730522.3910356,"[1788730467.1358347, 1788730467.7441382, 1788730468.4072242, 1788730469.0965407, 1788730469.8154159, 1788730470.5765727, 1788730471.3453238, 1788730472.162354, 1788730473.0228276, 1788730473.729229, 1788730474.372345, 1788730475.0481446, 1788730475.7633917, 1788730476.4935737, 1788730477.2696612, 1788730478.0528548, 1788730478.8792238, 1788730479.5800278, 1788730480.1945713, 1788730480.861493, 1788730481.5647097, 1788730482.2878358, 1788730483.0449665, 1788730483.83565, 1788730484.5771756, 1788730485.1901474, 1788730485.8639715, 1788730486.5611315, 1788730487.2924883, 1788730488.054715, 1788730488.8472886, 1788730489.66359, 1788730490.3846545, 1788730490.9987442, 1788730491.6704354, 1788730492.367023, 1788730493.0968294, 1788730493.8542645, 1788730494.6460972, 1788730495.4635012, 1788730496.318436, 1788730496.9692845, 1788730497.603266, 1788730498.2933152, 1788730499.0089228, 1788730499.768894, 1788730500.5370803, 1788730501.337676, 1788730502.1672869, 1788730503.0359378, 1788730503.7380426, 1788730504.3562756, 1788730505.0442882, 1788730505.7563334, 1788730506.5036516, 1788730507.275723, 1788730508.073814, 1788730508.9050276, 1788730509.7698798, 1788730510.4768305, 1788730511.092583, 1788730511.7649612, 1788730512.4656975, 1788730513.1962473, 1788730513.9561298, 1788730514.745454, 1788730515.563539, 1788730516.4154027, 1788730517.298256, 1788730518.2121575, 1788730518.8581982, 1788730519.47542, 1788730520.1545355, 1788730520.8615506, 1788730521.6035695, 1788730522.382116]","[1, 1, 1, 2, 2, 1, 2, 1, 1, 4, 1, 2, 1, 1, 2, 2, 1, 2, 1, 1, 1, 2, 1, 1, 1, 1, 2, 1, 1, 1, 2, 3, 1, 1, 3, 1, 2, 2, 1, 1, 1, 1, 1, 1, 1, 2, 1, 1, 1, 1, 1, 1, 3, 1, 1, 2, 1, 1, 2, 2, 3, 3, 1, 3, 1, 2, 1, 2, 4, 2, 1, 1, 2, 2, 4, 3]"
User-134,0,trace_0733,1788730525.785926,streaming,18403,182,179,0,287,489.54825139045715,583.0805630683899,0.5254624251569255,0.0,0,True,,1788729942.7052453,1788730432.2534966,1788730525.7858083,"[1788730432.2534966, 1788730432.8600843, 1788730433.520001, 1788730434.2117376, 1788730434.9430668, 1788730435.6907487, 1788730436.478607, 1788730437.303702, 1788730438.1518266, 1788730438.9280138, 1788730439.534639, 1788730440.1975882, 1788730440.888289, 1788730441.609356, 1788730442.362314, 1788730443.143545, 1788730443.9746876, 1788730444.5690522, 1788730445.2281437, 1788730445.8991437, 1788730446.615998, 1788730447.365175, 1788730448.1401465, 1788730448.9489784, 1788730449.6968193, 1788730450.310293, 1788730450.9842577, 1788730451.6860337, 1788730452.407999, 1788730453.1672869, 1788730453.955373, 1788730454.6995723, 1788730455.3111382, 1788730455.9746952, 1788730456.664142, 1788730457.3848112, 1788730458.1354995, 1788730458.9205859, 1788730459.736531, 1788730460.5116208, 1788730461.1161892, 1788730461.7748194, 1788730462.4621317, 1788730463.181001, 1788730463.9290998, 1788730464.7088246, 1788730465.5138216, 1788730466.350776, 1788730467.1398406, 1788730468.4093711, 1788730469.1007168, 1788730470.5811899, 1788730471.3498392, 1788730472.1668255, 1788730473.0293512, 1788730473.7339075, 1788730474.3768156, 1788730475.052734, 1788730475.7681851, 1788730476.497654, 1788730477.2755504, 1788730478.0570204, 1788730478.8833447, 1788730479.584239, 1788730480.1986835, 1788730480.8656752, 1788730481.5666661, 1788730482.2919738, 1788730483.0490923, 1788730483.8396447, 1788730484.5812533, 1788730485.1941264, 1788730485.86808, 1788730486.5653622, 1788730487.2967632, 1788730488.0591307, 1788730488.851392, 1788730489.6677, 1788730490.3900993, 1788730491.0033636, 1788730491.6792686, 1788730492.3716698, 1788730493.1016867, 1788730493.8588738, 1788730494.6507542, 1788730495.4680717, 1788730496.3232791, 1788730496.9743197, 1788730497.6116812, 1788730498.2980173, 1788730499.013605, 1788730499.7735114, 1788730500.5418596, 1788730501.3423486, 1788730502.172153, 1788730503.0405874, 1788730503.744314, 1788730504.3607128, 1788730505.0490885, 1788730505.761137, 1788730506.5084605, 1788730507.280617, 1788730508.0785615, 1788730508.909766, 1788730509.7747602, 1788730510.4813952, 1788730511.0973501, 1788730511.772356, 1788730512.4703376, 1788730513.200931, 1788730513.9608748, 1788730514.750403, 1788730515.5682569, 1788730516.4205937, 1788730517.3053107, 1788730518.2173457, 1788730518.8637934, 1788730519.480608, 1788730520.1599705, 1788730520.866954, 1788730521.608914, 1788730522.3890805, 1788730523.1772296, 1788730524.0120592, 1788730524.8769073, 1788730525.7836127]","[1, 1, 1, 2, 2, 2, 1, 1, 1, 1, 1, 2, 1, 1, 2, 2, 1, 2, 1, 1, 1, 1, 2, 1, 2, 2, 1, 1, 1, 1, 1, 1, 1, 1, 2, 2, 2, 1, 1, 2, 1, 1, 1, 2, 1, 2, 1, 1, 1, 1, 1, 1, 1, 1, 1, 3, 2, 2, 1, 2, 1, 2, 2, 2, 2, 1, 2, 2, 1, 1, 2, 3, 1, 3, 1, 1, 1, 1, 1, 1, 1, 1, 1, 1, 1, 3, 1, 1, 3, 4, 1, 1, 2, 1, 2, 1, 1, 2, 2, 1, 2, 1, 2, 1, 1, 2, 1, 1, 1, 1, 2, 1, 1, 1, 1, 3, 1, 1, 2, 1, 1, 1, 3, 1, 1, 2]"
User-130,0,trace_0425,1788730526.5253112,streaming,19127,285,285,0,298,464.720059633255,584.0244145393372,0.4200857567115569,0.0,0,True,,1788729942.5008268,1788730407.2208865,1788730526.5252414,"[1788730407.2208865, 1788730407.838815, 1788730408.5091743, 1788730409.2128258, 1788730409.9441018, 1788730410.7050753, 1788730411.497442, 1788730412.3131223, 1788730412.9154499, 1788730413.5660515, 1788730414.2538192, 1788730414.9605176, 1788730415.7060232, 1788730416.4904191, 1788730417.2847595, 1788730418.1210444, 1788730418.8497787, 1788730419.4587557, 1788730420.123212, 1788730420.817178, 1788730421.5456572, 1788730422.3030193, 1788730423.1164923, 1788730423.903377, 1788730424.7490811, 1788730425.624634, 1788730426.5116131, 1788730427.1043687, 1788730427.76178, 1788730428.4421155, 1788730429.1634078, 1788730429.9095116, 1788730430.686069, 1788730431.4918876, 1788730432.2515018, 1788730432.8585584, 1788730433.519032, 1788730434.21023, 1788730434.9415452, 1788730435.6853294, 1788730436.4770107, 1788730437.3022335, 1788730438.1502512, 1788730438.9264443, 1788730439.5331156, 1788730440.195662, 1788730440.8869424, 1788730441.6078372, 1788730442.3611677, 1788730443.1421704, 1788730443.9731162, 1788730444.5675297, 1788730445.2270432, 1788730445.8976033, 1788730446.6147177, 1788730447.3639984, 1788730448.1383672, 1788730448.9482458, 1788730449.6953037, 1788730450.3087747, 1788730450.982723, 1788730451.684587, 1788730452.4066076, 1788730453.165732, 1788730453.9538846, 1788730454.6979804, 1788730455.309596, 1788730455.9731257, 1788730456.6626112, 1788730457.3832266, 1788730458.1338127, 1788730458.919067, 1788730459.7350748, 1788730460.5100708, 1788730461.1146808, 1788730461.7738264, 1788730462.4606197, 1788730463.1794884, 1788730463.927985, 1788730464.707311, 1788730465.51232, 1788730466.3492477, 1788730467.1391585, 1788730467.7471654, 1788730468.40865, 1788730469.099561, 1788730469.8184154, 1788730470.579617, 1788730471.34837, 1788730472.165387, 1788730473.0258923, 1788730473.7324085, 1788730474.3753784, 1788730475.0512064, 1788730475.7664008, 1788730476.4966598, 1788730477.2748184, 1788730478.0560095, 1788730478.882302, 1788730479.5831203, 1788730480.19765, 1788730480.8646517, 1788730481.5661898, 1788730482.2909613, 1788730483.0481458, 1788730483.8388853, 1788730484.5802464, 1788730485.1932144, 1788730485.8670616, 1788730486.5643241, 1788730487.2957306, 1788730488.058072, 1788730488.850355, 1788730489.6666765, 1788730490.3890853, 1788730491.0022986, 1788730491.6742141, 1788730492.3708382, 1788730493.1006806, 1788730493.8579218, 1788730494.6497443, 1788730495.46708, 1788730496.322045, 1788730496.973815, 1788730497.6111643, 1788730498.2975206, 1788730499.0131102, 1788730499.7730045, 1788730500.5413513, 1788730501.3418498, 1788730502.1716318, 1788730503.0400536, 1788730503.7440577, 1788730504.3603249, 1788730505.0485642, 1788730505.7606204, 1788730506.5079637, 1788730507.2801049, 1788730508.0780666, 1788730508.9092536, 1788730509.7742276, 1788730510.4808943, 1788730511.096845, 1788730511.7721071, 1788730512.4698205, 1788730513.2004313, 1788730513.9603631, 1788730514.7498894, 1788730515.5677502, 1788730516.4200885, 1788730517.302462, 1788730518.2168303, 1788730518.863295, 1788730519.4801197, 1788730520.1594555, 1788730520.8664029, 1788730521.6084054, 1788730522.3887, 1788730523.1767375, 1788730524.011685, 1788730524.876528, 1788730525.7832088, 1788730526.5223854]","[1, 1, 1, 2, 2, 1, 2, 1, 1, 4, 1, 2, 1, 1, 2, 1, 2, 1, 1, 1, 2, 1, 1, 1, 1, 1, 2, 3, 2, 2, 2, 1, 2, 1, 1, 1, 1, 2, 2, 3, 1, 2, 1, 2, 2, 2, 2, 2, 2, 2, 3, 1, 2, 3, 3, 2, 2, 3, 2, 2, 1, 1, 1, 2, 2, 1, 2, 2, 1, 5, 2, 1, 2, 1, 1, 2, 1, 1, 5, 2, 1, 1, 1, 1, 1, 1, 2, 1, 3, 3, 2, 1, 2, 2, 2, 1, 2, 1, 2, 2, 2, 1, 4, 1, 3, 2, 2, 2, 1, 3, 1, 3, 1, 1, 1, 3, 1, 1, 2, 4, 2, 1, 3, 1, 1, 1, 1, 3, 3, 1, 1, 3, 3, 1, 2, 2, 1, 2, 1, 2, 2, 2, 1, 4, 3, 1, 1, 2, 1, 1, 1, 2, 2, 1, 2, 2, 2, 1, 1, 3, 3, 2, 1]"
User-008,0,trace_0707,1788730533.4038525,streaming,19408,381,381,0,302,431.6184163093567,596.0253639221191,0.43264986213884854,0.0,0,True,,1788729937.378332,1788730368.9967482,1788730533.4036958,"[1788730368.9967482, 1788730369.5906878, 1788730370.2540612, 1788730370.921663, 1788730371.6463304, 1788730372.395601, 1788730373.1832795, 1788730373.9920654, 1788730374.8324976, 1788730375.70552, 1788730376.6104028, 1788730377.2557268, 1788730377.8757687, 1788730378.5500376, 1788730379.2604928, 1788730379.999891, 1788730380.7685213, 1788730381.564195, 1788730382.3986073, 1788730383.2632327, 1788730384.046401, 1788730384.6494596, 1788730385.317326, 1788730386.0128312, 1788730386.739336, 1788730387.502976, 1788730388.2887282, 1788730389.112195, 1788730389.8521912, 1788730390.462262, 1788730391.1216621, 1788730391.8167677, 1788730392.545134, 1788730393.3020368, 1788730394.0871158, 1788730394.7953398, 1788730395.4096599, 1788730396.0719838, 1788730396.7680678, 1788730397.495261, 1788730398.2517786, 1788730399.0405674, 1788730399.8509033, 1788730400.6996326, 1788730401.3807433, 1788730402.0143664, 1788730402.6835418, 1788730403.4009697, 1788730404.1438093, 1788730404.913461, 1788730405.7103596, 1788730406.5381963, 1788730407.2164524, 1788730407.834622, 1788730408.504932, 1788730409.210904, 1788730409.9399107, 1788730410.7008014, 1788730411.493218, 1788730412.3088841, 1788730412.9111054, 1788730413.5615819, 1788730414.2491512, 1788730414.9558663, 1788730415.700802, 1788730416.4860353, 1788730417.2803562, 1788730418.117524, 1788730418.8448231, 1788730419.4541159, 1788730420.1184604, 1788730420.8128743, 1788730421.541511, 1788730422.2979856, 1788730423.114281, 1788730423.8986053, 1788730424.7443142, 1788730425.6198955, 1788730426.5059114, 1788730427.0991616, 1788730427.7563417, 1788730428.4368715, 1788730429.157887, 1788730429.903292, 1788730430.680834, 1788730431.4866624, 1788730432.2462955, 1788730432.853195, 1788730433.5137272, 1788730434.204909, 1788730434.9357338, 1788730435.6805196, 1788730436.4723275, 1788730437.2974083, 1788730438.1449707, 1788730438.9209242, 1788730439.5278976, 1788730440.1900954, 1788730440.8810148, 1788730441.602347, 1788730442.3562179, 1788730443.1366882, 1788730443.9678473, 1788730444.5622, 1788730445.2218163, 1788730445.8922627, 1788730446.6094842, 1788730447.3587134, 1788730448.1329472, 1788730448.9403605, 1788730449.6901498, 1788730450.3034894, 1788730450.9774535, 1788730451.6790566, 1788730452.4018047, 1788730453.1609519, 1788730453.9490328, 1788730454.6925013, 1788730455.3043096, 1788730455.9678962, 1788730456.6573615, 1788730457.3777153, 1788730458.1283588, 1788730458.913487, 1788730459.729558, 1788730460.5037618, 1788730461.108837, 1788730461.7689543, 1788730462.4548478, 1788730463.1737328, 1788730463.923543, 1788730464.7016046, 1788730465.5065475, 1788730466.3436542, 1788730467.1324205, 1788730467.7409658, 1788730468.403895, 1788730469.0935183, 1788730469.812276, 1788730470.5731046, 1788730471.3424177, 1788730472.1596339, 1788730473.0200148, 1788730473.7266333, 1788730474.3690355, 1788730475.045341, 1788730475.760693, 1788730476.490998, 1788730477.2664282, 1788730478.0501947, 1788730478.8764894, 1788730479.5773475, 1788730480.1916678, 1788730480.8587263, 1788730481.563476, 1788730482.2825618, 1788730483.0422678, 1788730483.833013, 1788730484.5745487, 1788730485.1874297, 1788730485.8607244, 1788730486.558508, 1788730487.289833, 1788730488.0516717, 1788730488.8443623, 1788730489.6608415, 1788730490.382002, 1788730490.996002, 1788730491.6673195, 1788730492.364309, 1788730493.0942388, 1788730493.851067, 1788730494.642876, 1788730495.4607334, 1788730496.315901, 1788730496.966689, 1788730497.5999079, 1788730498.2907155, 1788730499.0063162, 1788730499.7657006, 1788730500.5349915, 1788730501.3356416, 1788730502.164829, 1788730503.0337248, 1788730503.736005, 1788730504.3539295, 1788730505.042145, 1788730505.754218, 1788730506.5015993, 1788730507.2735648, 1788730508.071778, 1788730508.9030385, 1788730509.765197, 1788730510.474778, 1788730511.090402, 1788730511.7628665, 1788730512.4634187, 1788730513.1941233, 1788730513.9540293, 1788730514.7431624, 1788730515.5614114, 1788730516.413274, 1788730517.296208, 1788730518.2099352, 1788730518.856162, 1788730519.4732103, 1788730520.1523948, 1788730520.859473, 1788730521.601443, 1788730522.3799777, 1788730523.1702118, 1788730524.0054803, 1788730524.8706393, 1788730525.7766883, 1788730526.515304, 1788730527.1356337, 1788730527.8189023, 1788730528.5320122, 1788730529.2672744, 1788730530.0330992, 1788730530.827221, 1788730531.6490886, 1788730532.501787, 1788730533.3952868]","[1, 1, 1, 2, 1, 1, 1, 1, 2, 1, 2, 1, 1, 3, 1, 2, 2, 2, 1, 2, 3, 1, 1, 1, 2, 1, 2, 1, 1, 1, 3, 1, 1, 3, 1, 1, 3, 1, 4, 3, 1, 2, 1, 1, 1, 1, 1, 1, 1, 2, 1, 5, 3, 3, 1, 1, 1, 1, 1, 1, 1, 1, 1, 1, 1, 2, 1, 2, 1, 1, 4, 2, 1, 3, 1, 2, 1, 1, 1, 1, 1, 1, 1, 2, 2, 1, 3, 3, 2, 1, 1, 1, 1, 1, 2, 1, 2, 3, 1, 1, 3, 3, 1, 1, 1, 2, 2, 1, 2, 1, 1, 1, 1, 1, 1, 2, 1, 5, 6, 1, 2, 2, 1, 1, 1, 2, 1, 1, 3, 1, 1, 1, 4, 4, 2, 1, 2, 1, 1, 2, 2, 1, 2, 2, 1, 4, 2, 2, 1, 1, 1, 2, 1, 2, 5, 4, 3, 1, 2, 1, 1, 1, 2, 1, 1, 1, 1, 1, 1, 4, 3, 3, 1, 2, 2, 1, 2, 2, 1, 2, 2, 1, 1, 4, 3, 3, 1, 1, 2, 1, 1, 2, 1, 1, 1, 2, 2, 1, 4, 2, 2, 1, 3, 2, 3, 3, 1, 1, 1, 2, 1, 1, 2, 1, 1, 1, 1, 2, 2, 1, 5, 6, 2, 2]"
User-133,0,trace_0674,1788730536.2705193,streaming,24814,251,251,0,387,483.84808111190796,593.6100759506226,0.4390479793548584,0.0,0,True,,1788729942.6602583,1788730426.5083394,1788730536.2703342,"[1788730426.5083394, 1788730427.1012373, 1788730427.7586174, 1788730428.4390554, 1788730429.1601238, 1788730429.9061635, 1788730430.6830168, 1788730431.4887812, 1788730432.2484157, 1788730432.855507, 1788730433.5159273, 1788730434.2071555, 1788730434.9384165, 1788730435.6822205, 1788730436.4738755, 1788730437.2991226, 1788730438.1469688, 1788730438.9233649, 1788730439.5300534, 1788730440.1924093, 1788730440.8837254, 1788730441.6047137, 1788730442.3585117, 1788730443.1390054, 1788730443.9699395, 1788730444.5642357, 1788730445.2238448, 1788730445.8944936, 1788730446.6116781, 1788730447.360808, 1788730448.1352503, 1788730448.942548, 1788730449.6922536, 1788730450.305655, 1788730450.979656, 1788730451.6812491, 1788730452.4040077, 1788730453.1631668, 1788730453.9511635, 1788730454.6945577, 1788730455.3065271, 1788730455.9699838, 1788730456.6595476, 1788730457.3799572, 1788730458.130554, 1788730458.9159038, 1788730459.7319021, 1788730460.5067928, 1788730461.1115723, 1788730461.7715554, 1788730462.457445, 1788730463.176304, 1788730463.9255595, 1788730464.704263, 1788730465.50929, 1788730466.3462102, 1788730467.1349719, 1788730467.743635, 1788730468.4067817, 1788730469.0960243, 1788730469.8149154, 1788730470.5760584, 1788730471.344814, 1788730472.1618373, 1788730473.0222998, 1788730473.7287145, 1788730474.3718264, 1788730475.047628, 1788730475.7628906, 1788730476.4930594, 1788730477.2691333, 1788730478.0523465, 1788730478.878676, 1788730479.57951, 1788730480.194054, 1788730480.8609715, 1788730481.5644693, 1788730482.287308, 1788730483.0444467, 1788730483.8351252, 1788730484.5766604, 1788730485.1895099, 1788730485.8634489, 1788730486.5606215, 1788730487.2919664, 1788730488.0541623, 1788730488.8464453, 1788730489.6630747, 1788730490.3841424, 1788730490.9982338, 1788730491.669433, 1788730492.3664894, 1788730493.0963264, 1788730493.8535721, 1788730494.6455655, 1788730495.462984, 1788730496.3179286, 1788730496.9687855, 1788730497.602706, 1788730498.2928123, 1788730499.0084136, 1788730499.768147, 1788730500.5365534, 1788730501.3371701, 1788730502.1667626, 1788730503.035309, 1788730503.7375383, 1788730504.3555796, 1788730505.0437481, 1788730505.75582, 1788730506.5031397, 1788730507.2751918, 1788730508.0733047, 1788730508.9045045, 1788730509.7691984, 1788730510.476316, 1788730511.092069, 1788730511.764426, 1788730512.4650433, 1788730513.1957245, 1788730513.9556289, 1788730514.7449381, 1788730515.563021, 1788730516.414891, 1788730517.29775, 1788730518.211633, 1788730518.8576949, 1788730519.474897, 1788730520.1540198, 1788730520.8610337, 1788730521.6030529, 1788730522.38156, 1788730523.1718392, 1788730524.0070708, 1788730524.8722675, 1788730525.7783008, 1788730526.5168293, 1788730527.1372333, 1788730527.8204901, 1788730528.5338073, 1788730529.2688336, 1788730530.0346947, 1788730530.8289063, 1788730531.6506658, 1788730532.503391, 1788730533.3972523, 1788730534.2755303, 1788730534.8917537, 1788730535.5555854, 1788730536.2619774]","[1, 1, 3, 3, 1, 1, 2, 1, 1, 1, 1, 2, 2, 2, 2, 1, 2, 3, 1, 1, 3, 2, 2, 2, 1, 1, 2, 1, 1, 1, 1, 1, 2, 2, 1, 3, 1, 3, 1, 1, 1, 1, 1, 1, 3, 1, 1, 1, 1, 1, 1, 1, 3, 4, 2, 2, 1, 1, 4, 1, 1, 2, 1, 2, 2, 2, 2, 1, 1, 3, 2, 2, 5, 1, 2, 1, 1, 3, 2, 2, 3, 1, 2, 2, 1, 1, 2, 1, 1, 2, 1, 1, 1, 3, 3, 2, 1, 1, 1, 1, 1, 2, 2, 1, 2, 2, 4, 4, 2, 1, 2, 2, 1, 1, 2, 2, 1, 4, 2, 1, 1, 3, 2, 1, 2, 2, 2, 1, 1, 1, 1, 2, 2, 1, 1, 1, 2, 4, 3, 2, 2, 1, 1, 1, 1, 1, 1, 1, 1, 2]"
User-052,6,trace_0594,1788730548.9006763,streaming,2,73,0,403,2,0.0,0.0,0.0,9.0,0,False,,1788729940.8309405,1788729940.8309405,1788730548.9005086,[],[]
User-154,0,trace_0194,1788730549.6719828,streaming,2,851,0,0,397,0.0,0.0,0.0,0.0,0,False,,1788729943.7083108,1788729943.7083108,1788730549.6718361,[],[]
User-155,0,trace_0642,1788730549.672454,streaming,2,256,0,0,276,0.0,0.0,0.0,0.0,0,False,,1788729943.752011,1788729943.752011,1788730549.6723204,[],[]
User-060,23,trace_0527,1788730548.8451715,streaming,2,79,0,428,2,0.0,0.0,0.0,7.0,0,False,,1788729940.7714248,1788729940.7714248,1788730548.8450074,[],[]
User-015,7,trace_0687,1788730548.7871637,streaming,2,309,0,480,7,0.0,0.0,0.0,11.0,0,False,,1788729940.548302,1788729940.548302,1788730548.786997,[],[]
User-141,0,trace_0424,1788730592.165656,streaming,19127,285,282,0,298,517.5099875926971,649.1698272228241,0.46854035455561194,0.0,0,True,,1788729942.9957411,1788730460.5057287,1788730592.1655684,"[1788730460.5057287, 1788730461.1105375, 1788730461.7706702, 1788730462.4564245, 1788730463.1752808, 1788730463.924747, 1788730464.703264, 1788730465.508284, 1788730466.345199, 1788730467.133938, 1788730467.7426202, 1788730468.4056835, 1788730469.0950327, 1788730469.8139102, 1788730470.575032, 1788730471.343771, 1788730472.160819, 1788730473.021283, 1788730473.727683, 1788730474.3708017, 1788730475.0464034, 1788730475.7617233, 1788730476.4920485, 1788730477.2680838, 1788730478.0512679, 1788730478.8775167, 1788730479.5783978, 1788730480.1927006, 1788730480.8597946, 1788730481.5639858, 1788730482.2860644, 1788730483.0433831, 1788730483.8340611, 1788730484.5756454, 1788730485.1884623, 1788730485.8617551, 1788730486.5596032, 1788730487.2909272, 1788730488.0527337, 1788730488.8454206, 1788730489.6618907, 1788730490.3830779, 1788730490.997054, 1788730491.6683872, 1788730492.3654077, 1788730493.0953135, 1788730493.8524454, 1788730494.6442537, 1788730495.46177, 1788730496.316921, 1788730496.9677503, 1788730497.601353, 1788730498.291796, 1788730499.0073988, 1788730499.7671075, 1788730500.5355358, 1788730501.3361597, 1788730502.1653707, 1788730503.0342445, 1788730503.7365224, 1788730504.3544867, 1788730505.0426755, 1788730505.7547712, 1788730507.2741008, 1788730508.0722978, 1788730509.7657285, 1788730510.4753041, 1788730511.0910041, 1788730511.7634034, 1788730512.4639652, 1788730513.1946511, 1788730513.9545634, 1788730514.74372, 1788730515.5619533, 1788730516.4138112, 1788730517.296738, 1788730518.210524, 1788730518.8566816, 1788730519.4737468, 1788730520.1529243, 1788730520.8599992, 1788730521.6019802, 1788730522.3804991, 1788730523.1707828, 1788730524.0060122, 1788730524.8712363, 1788730525.7772427, 1788730526.5158257, 1788730527.1361806, 1788730527.819464, 1788730528.5325735, 1788730529.267805, 1788730530.0336301, 1788730530.8277965, 1788730531.6496282, 1788730532.5023317, 1788730533.3961484, 1788730534.2744637, 1788730534.890657, 1788730535.5544736, 1788730536.2609239, 1788730536.9854195, 1788730537.7292182, 1788730538.5039873, 1788730539.3190374, 1788730540.1566458, 1788730541.0179837, 1788730541.9081528, 1788730542.8307896, 1788730543.800384, 1788730544.5835576, 1788730545.186287, 1788730545.8506863, 1788730546.5522933, 1788730547.293726, 1788730548.053202, 1788730548.8657749, 1788730549.6875954, 1788730550.3182838, 1788730550.9470897, 1788730551.5774088, 1788730552.242872, 1788730552.9400494, 1788730553.6661248, 1788730554.4217675, 1788730555.0290608, 1788730555.6905017, 1788730556.3700824, 1788730557.0881867, 1788730557.832969, 1788730558.5939486, 1788730559.2023115, 1788730559.8595085, 1788730560.5503953, 1788730561.2648225, 1788730561.9589775, 1788730562.5809574, 1788730563.2443323, 1788730563.943729, 1788730564.6731944, 1788730565.43451, 1788730566.2259033, 1788730567.041884, 1788730567.8932254, 1788730568.6446652, 1788730569.251697, 1788730569.9536371, 1788730570.6636834, 1788730571.401583, 1788730572.1873398, 1788730572.9851303, 1788730573.8209646, 1788730574.678769, 1788730575.3334553, 1788730575.96163, 1788730576.6375344, 1788730577.3502026, 1788730578.088766, 1788730578.8139253, 1788730579.420946, 1788730580.0782664, 1788730580.7684176, 1788730581.4824202, 1788730582.2267184, 1788730582.999241, 1788730583.7049525, 1788730584.3134463, 1788730584.9975958, 1788730585.7078292, 1788730586.4447277, 1788730587.2107232, 1788730587.866663, 1788730588.4914775, 1788730589.165427, 1788730589.867116, 1788730590.5985305, 1788730591.3593578, 1788730592.1569877]","[1, 1, 2, 1, 1, 2, 2, 1, 2, 1, 2, 3, 1, 1, 2, 1, 1, 2, 1, 1, 1, 2, 1, 2, 3, 1, 1, 1, 1, 1, 1, 1, 2, 1, 2, 2, 3, 1, 1, 2, 1, 2, 1, 1, 1, 1, 1, 2, 1, 2, 4, 1, 1, 1, 1, 2, 1, 1, 1, 1, 1, 1, 1, 1, 1, 1, 1, 1, 2, 2, 1, 2, 1, 1, 2, 2, 1, 1, 1, 1, 1, 1, 1, 2, 2, 1, 3, 1, 2, 1, 1, 1, 1, 3, 6, 2, 1, 2, 1, 1, 2, 1, 1, 2, 1, 3, 1, 1, 1, 1, 2, 2, 1, 1, 2, 2, 2, 2, 4, 1, 2, 1, 1, 1, 3, 2, 2, 1, 3, 2, 2, 1, 2, 1, 2, 1, 1, 2, 2, 1, 2, 3, 4, 1, 2, 1, 3, 1, 2, 2, 4, 3, 1, 1, 1, 2, 1, 2, 1, 2, 3, 2, 1, 1, 2, 1, 2, 1, 1, 1, 2, 2, 3, 4, 1, 2, 1, 2]"
User-159,0,trace_0612,1788730549.896926,streaming,2,259,0,0,266,0.0,0.0,0.0,0.0,0,False,,1788729948.7397318,1788729948.7397318,1788730549.8967714,[],[]
User-045,6,trace_0729,1788730548.6570623,streaming,2,108,0,500,2,0.0,0.0,0.0,6.0,0,False,,1788729940.4074464,1788729940.4074464,1788730548.6568658,[],[]
User-037,7,trace_0489,1788730548.744173,streaming,2,289,0,459,35,0.0,0.0,0.0,50.0,0,False,,1788729940.4786057,1788729940.4786057,1788730548.743916,[],[]
User-145,0,trace_0284,1788730546.5600746,streaming,18962,135,135,0,295,536.387853384018,603.3627498149872,0.49981265993260626,0.0,0,True,,1788729943.1972597,1788730479.585113,1788730546.5600095,"[1788730479.585113, 1788730480.1992204, 1788730480.866188, 1788730481.5669224, 1788730482.2925105, 1788730483.0496147, 1788730483.8398848, 1788730484.5817752, 1788730485.1946378, 1788730485.8685935, 1788730486.5658882, 1788730487.2972815, 1788730488.059665, 1788730488.8519037, 1788730489.6682065, 1788730490.3906028, 1788730491.0038853, 1788730491.679819, 1788730492.37189, 1788730493.1021774, 1788730493.8593762, 1788730494.6512659, 1788730495.4685915, 1788730496.3237906, 1788730496.974849, 1788730497.6122139, 1788730498.298525, 1788730499.0141027, 1788730499.7740054, 1788730500.542357, 1788730501.3428817, 1788730502.1728523, 1788730503.0410852, 1788730503.7445478, 1788730504.3611033, 1788730505.0496023, 1788730505.7616348, 1788730506.5089753, 1788730507.2811308, 1788730508.0790687, 1788730508.9102707, 1788730509.7752786, 1788730510.4827394, 1788730511.098361, 1788730511.7728252, 1788730512.4713914, 1788730513.201968, 1788730513.9618933, 1788730514.7514327, 1788730515.5692556, 1788730516.421618, 1788730517.3064153, 1788730518.2183528, 1788730518.864608, 1788730519.4816325, 1788730520.1610076, 1788730520.867966, 1788730521.6099296, 1788730522.389847, 1788730523.1782691, 1788730524.0128274, 1788730524.877651, 1788730525.7846005, 1788730526.5236554, 1788730527.1421795, 1788730527.8265164, 1788730528.5397987, 1788730529.2747517, 1788730530.040293, 1788730530.835339, 1788730531.6564806, 1788730532.5086224, 1788730533.402504, 1788730534.2819152, 1788730534.898052, 1788730535.5618887, 1788730536.2688043, 1788730536.9873464, 1788730537.7335348, 1788730538.5082736, 1788730539.3232858, 1788730540.1608875, 1788730541.0222235, 1788730541.9124098, 1788730542.8349998, 1788730543.8046136, 1788730544.5912006, 1788730545.196115, 1788730545.8580582, 1788730546.5585444]","[1, 1, 2, 3, 1, 2, 2, 2, 1, 1, 1, 3, 1, 1, 2, 3, 1, 1, 1, 2, 1, 3, 1, 1, 1, 1, 2, 1, 2, 2, 1, 1, 1, 1, 1, 1, 3, 1, 1, 1, 1, 1, 1, 1, 2, 2, 1, 4, 1, 1, 1, 2, 2, 4, 1, 1, 4, 3, 1, 2, 1, 1, 1, 1, 1, 1, 1, 1, 1, 4, 1, 3, 1, 2, 1, 1, 3, 1, 2, 1, 1, 2, 1, 1, 1, 1, 1, 1, 1, 1]"
User-038,2,trace_0661,1788730548.9616404,streaming,2,263,0,328,131,0.0,0.0,0.0,14.0,0,False,,1788729940.8977733,1788729940.8977733,1788730548.9614813,[],[]
User-098,386,trace_0379,1788730583.7139983,streaming,14204,57,57,217,2,557.9685368537903,583.080807685852,0.4484334077153887,5.0,0,True,,1788730000.633091,1788730558.6016278,1788730583.7138987,"[1788730558.6016278, 1788730559.207731, 1788730559.8634741, 1788730560.5556397, 1788730561.270085, 1788730561.9639416, 1788730562.5862007, 1788730563.2495255, 1788730563.9489229, 1788730564.6771605, 1788730565.439807, 1788730566.231459, 1788730567.0472074, 1788730567.8984048, 1788730568.6499808, 1788730569.2564178, 1788730569.9586086, 1788730570.6708603, 1788730571.4084525, 1788730572.194392, 1788730572.9957392, 1788730573.8280787, 1788730574.6856012, 1788730575.3399305, 1788730575.9683864, 1788730576.6443422, 1788730577.3570611, 1788730578.0955157, 1788730578.8188071, 1788730579.4256282, 1788730580.0830653, 1788730580.773386, 1788730581.487196, 1788730582.23144, 1788730583.003887, 1788730583.71034]","[1, 2, 1, 2, 1, 1, 1, 1, 1, 3, 2, 3, 1, 2, 1, 1, 1, 1, 1, 1, 1, 1, 1, 2, 1, 1, 2, 3, 2, 2, 1, 1, 3, 1, 3, 4]"
User-025,5,trace_0588,1788730548.524949,streaming,2,120,0,463,3,0.0,0.0,0.0,7.0,0,False,,1788729940.1062691,1788729940.1062691,1788730548.5247324,[],[]
User-006,5,trace_0396,1788730548.46591,streaming,2,266,0,385,49,0.0,0.0,0.0,11.0,0,False,,1788729940.0391326,1788729940.0391326,1788730548.4657505,[],[]
User-022,19,trace_0418,1788730548.4049056,streaming,2,173,0,423,4,0.0,0.0,0.0,7.0,0,False,,1788729939.9712808,1788729939.9712808,1788730548.40471,[],[]
User-156,0,trace_0369,1788730549.7170238,streaming,2,303,0,0,386,0.0,0.0,0.0,0.0,0,False,,1788729943.8150876,1788729943.8150876,1788730549.71671,[],[]
User-121,2,trace_0288,1788730549.820024,streaming,2,426,0,367,44,0.0,0.0,0.0,47.0,0,False,,1788729943.9417548,1788729943.9417548,1788730549.8197765,[],[]
User-158,0,trace_0640,1788730549.8609924,streaming,2,825,0,0,317,0.0,0.0,0.0,0.0,0,False,,1788729946.9508796,1788729946.9508796,1788730549.8608017,[],[]
User-123,0,trace_0356,1788730548.348879,streaming,2,228,0,0,431,0.0,0.0,0.0,0.0,0,False,,1788729939.6177359,1788729939.6177359,1788730548.3484945,[],[]
User-047,13,trace_0228,1788730549.31771,streaming,2,1367,0,384,13,0.0,0.0,0.0,16.0,0,False,,1788729941.3388038,1788729941.3388038,1788730549.3175676,[],[]
User-163,0,trace_0182,1788730550.0277154,streaming,2,155,0,0,272,0.0,0.0,0.0,0.0,0,False,,1788729949.667408,1788729949.667408,1788730550.0275686,[],[]
User-157,0,trace_0368,1788730549.758987,streaming,2,111,0,0,339,0.0,0.0,0.0,0.0,0,False,,1788729943.8768334,1788729943.8768334,1788730549.7588162,[],[]
User-116,0,trace_0229,1788730548.2916782,streaming,2,678,0,0,485,0.0,0.0,0.0,0.0,0,False,,1788729939.40921,1788729939.40921,1788730548.291483,[],[]
User-102,0,trace_0374,1788730548.2286334,streaming,2,249,0,0,445,0.0,0.0,0.0,0.0,0,False,,1788729939.2283487,1788729939.2283487,1788730548.2284148,[],[]
User-088,0,trace_0074,1788730548.1691453,streaming,2,445,0,0,466,0.0,0.0,0.0,0.0,0,False,,1788729938.8174188,1788729938.8174188,1788730548.1689658,[],[]
User-036,9,trace_0615,1788730549.087699,streaming,2,939,0,436,6,0.0,0.0,0.0,70.0,0,False,,1788729941.0816836,1788729941.0816836,1788730549.0874915,[],[]
User-161,0,trace_0713,1788730549.955832,streaming,2,231,0,0,284,0.0,0.0,0.0,0.0,0,False,,1788729949.40995,1788729949.40995,1788730549.955613,[],[]
User-050,2,trace_0243,1788730549.1977072,streaming,2,156,0,377,38,0.0,0.0,0.0,12.0,0,False,,1788729941.205562,1788729941.205562,1788730549.1975012,[],[]
User-107,65,trace_0573,1788730549.4497797,streaming,2,266,0,475,3,0.0,0.0,0.0,9.0,0,False,,1788729941.726944,1788729941.726944,1788730549.4495919,[],[]
User-162,0,trace_0715,1788730549.9938066,streaming,2,262,0,0,288,0.0,0.0,0.0,0.0,0,False,,1788729949.565223,1788729949.565223,1788730549.9935956,[],[]
User-138,0,trace_0597,1788730570.671406,streaming,17876,247,244,0,278,506.81053137779236,627.7932965755463,0.49787146171915186,0.0,0,True,,1788729942.8780365,1788730449.6885679,1788730570.671333,"[1788730449.6885679, 1788730450.3019164, 1788730450.9759002, 1788730451.6774678, 1788730452.4002414, 1788730453.1593688, 1788730453.9474256, 1788730454.6909263, 1788730455.3027027, 1788730455.9660678, 1788730456.6558146, 1788730457.376046, 1788730458.126793, 1788730458.9119413, 1788730459.727899, 1788730460.5021365, 1788730461.1072679, 1788730461.7659187, 1788730462.453131, 1788730463.171983, 1788730463.9220104, 1788730464.7000675, 1788730465.5049827, 1788730466.3418937, 1788730467.130884, 1788730467.7394547, 1788730468.4022326, 1788730469.092013, 1788730469.810652, 1788730470.571285, 1788730471.3408606, 1788730472.1580164, 1788730473.0183935, 1788730473.725021, 1788730474.3674903, 1788730475.0429747, 1788730475.7591298, 1788730476.4891224, 1788730477.2648277, 1788730478.048376, 1788730478.8746343, 1788730479.5754704, 1788730480.1898644, 1788730480.8569517, 1788730481.562699, 1788730482.2807765, 1788730483.0403132, 1788730483.8313859, 1788730484.5725658, 1788730485.1856222, 1788730485.858853, 1788730486.5566099, 1788730487.2878966, 1788730488.0496404, 1788730488.8419433, 1788730489.658619, 1788730490.3797786, 1788730490.993811, 1788730491.6653368, 1788730492.3623033, 1788730493.0921152, 1788730493.8491209, 1788730494.640943, 1788730495.4587128, 1788730496.3137684, 1788730496.9645174, 1788730497.5979357, 1788730498.2888548, 1788730499.0042355, 1788730499.7635863, 1788730500.5323575, 1788730501.3335288, 1788730502.1628852, 1788730503.031914, 1788730503.7336483, 1788730504.352552, 1788730505.0407631, 1788730505.7529466, 1788730506.5003626, 1788730507.2721605, 1788730508.0705009, 1788730508.901764, 1788730509.7639604, 1788730510.4733686, 1788730511.0891259, 1788730511.7615314, 1788730512.462102, 1788730513.1928256, 1788730513.9527693, 1788730514.7418683, 1788730516.4119966, 1788730517.2949502, 1788730518.8547864, 1788730519.4719431, 1788730520.151016, 1788730520.8581488, 1788730521.6001804, 1788730522.378665, 1788730523.1689498, 1788730524.004191, 1788730524.8693326, 1788730525.7754037, 1788730526.5139127, 1788730527.1342998, 1788730527.817699, 1788730528.5304432, 1788730529.265989, 1788730530.0317264, 1788730530.8257425, 1788730531.647822, 1788730532.5005188, 1788730533.393823, 1788730534.2731082, 1788730534.8893945, 1788730535.5532088, 1788730536.2596323, 1788730536.9875793, 1788730537.73404, 1788730538.5087752, 1788730539.3237903, 1788730540.1614146, 1788730541.0227597, 1788730541.9129124, 1788730542.8355095, 1788730543.8051152, 1788730544.5822492, 1788730545.1850297, 1788730545.8494236, 1788730546.5510137, 1788730547.2988083, 1788730548.0573096, 1788730548.8701065, 1788730549.6918223, 1788730550.3226247, 1788730550.951487, 1788730551.5817556, 1788730552.2471228, 1788730552.94452, 1788730553.6703608, 1788730554.426691, 1788730555.0311687, 1788730555.6952026, 1788730556.3748105, 1788730557.0928667, 1788730557.8376777, 1788730558.5927093, 1788730559.2012007, 1788730559.8585718, 1788730560.5493326, 1788730561.2636733, 1788730561.9568505, 1788730562.5792599, 1788730563.242606, 1788730563.9420047, 1788730564.6719077, 1788730565.4327776, 1788730566.224211, 1788730567.0401838, 1788730567.8915122, 1788730568.6420007, 1788730569.2495449, 1788730569.9514575, 1788730570.6679823]","[1, 1, 1, 1, 1, 2, 1, 2, 1, 3, 3, 1, 1, 1, 2, 2, 1, 1, 1, 2, 1, 1, 2, 1, 2, 2, 3, 1, 2, 1, 1, 1, 3, 1, 1, 2, 1, 1, 2, 2, 2, 3, 1, 1, 1, 1, 4, 1, 2, 1, 1, 2, 2, 2, 3, 1, 1, 1, 1, 2, 2, 1, 2, 1, 1, 1, 2, 2, 3, 1, 1, 1, 1, 2, 1, 2, 1, 1, 2, 2, 3, 2, 1, 1, 1, 2, 2, 1, 2, 1, 1, 1, 1, 1, 3, 2, 1, 2, 1, 2, 2, 1, 1, 1, 1, 1, 3, 3, 2, 3, 1, 1, 1, 2, 1, 2, 3, 1, 1, 1, 1, 1, 1, 2, 1, 3, 1, 1, 2, 1, 2, 1, 1, 3, 1, 1, 1, 1, 1, 1, 1, 1, 2, 1, 1, 1, 1, 1, 2, 1, 2, 1, 3, 2, 2, 1, 1, 1, 1, 1, 1, 2, 1]"
User-149,0,trace_0371,1788730568.6529946,streaming,21709,137,134,0,338,560.3476808071136,625.2616989612579,0.48807532446725027,0.0,0,True,,1788729943.391212,1788730503.7388928,1788730568.652911,"[1788730503.7388928, 1788730504.3568158, 1788730505.0449522, 1788730505.7568483, 1788730506.5042007, 1788730507.2764125, 1788730508.0743222, 1788730508.9055395, 1788730510.4773378, 1788730511.765477, 1788730512.4662166, 1788730513.956636, 1788730514.7461584, 1788730515.564049, 1788730516.415923, 1788730517.2987998, 1788730518.2129464, 1788730518.8586953, 1788730519.4759347, 1788730520.1551232, 1788730520.8622355, 1788730521.60411, 1788730522.383167, 1788730523.1725037, 1788730524.0075867, 1788730524.872775, 1788730525.778863, 1788730526.5182002, 1788730527.1384013, 1788730527.82143, 1788730528.5350034, 1788730529.2700233, 1788730530.0359094, 1788730530.8305178, 1788730531.6517472, 1788730532.5043302, 1788730533.398612, 1788730534.2765145, 1788730534.8927252, 1788730535.5565958, 1788730536.2633336, 1788730536.9885068, 1788730537.7359946, 1788730538.510784, 1788730539.3258183, 1788730540.1633515, 1788730541.024794, 1788730541.914947, 1788730542.8375294, 1788730543.8071277, 1788730544.585286, 1788730545.1901762, 1788730545.852302, 1788730546.5538645, 1788730547.3008118, 1788730548.0593297, 1788730548.8720686, 1788730549.693405, 1788730550.3244486, 1788730550.953023, 1788730551.5837767, 1788730552.249138, 1788730552.946547, 1788730553.6722858, 1788730554.428739, 1788730555.0320532, 1788730555.6971238, 1788730556.376836, 1788730557.0948913, 1788730557.8397162, 1788730558.5954843, 1788730559.2040687, 1788730559.8606708, 1788730560.5519679, 1788730561.2663412, 1788730561.9604461, 1788730562.5826118, 1788730563.2458382, 1788730563.9452631, 1788730564.6744576, 1788730565.436079, 1788730566.2275555, 1788730567.0435035, 1788730567.8947577, 1788730568.646187]","[1, 1, 1, 2, 2, 1, 2, 1, 1, 1, 1, 1, 1, 1, 1, 3, 2, 1, 1, 1, 2, 1, 1, 1, 1, 1, 2, 3, 3, 3, 1, 1, 2, 1, 2, 1, 2, 1, 3, 4, 1, 1, 2, 2, 2, 2, 2, 1, 2, 1, 1, 2, 1, 1, 1, 1, 1, 3, 2, 1, 1, 2, 2, 1, 1, 1, 2, 1, 2, 3, 1, 2, 1, 3, 2, 2, 1, 3, 1, 1, 2, 2, 1, 1, 3]"
User-160,0,trace_0507,1788730549.9208457,streaming,2,405,0,0,153,0.0,0.0,0.0,0.0,0,False,,1788729949.16056,1788729949.16056,1788730549.9206922,[],[]
User-018,0,trace_0378,1788730549.5768464,streaming,2,973,0,0,440,0.0,0.0,0.0,0.0,0,False,,1788729937.608257,1788729937.608257,1788730549.576648,[],[]
User-147,0,trace_0268,1788730569.9612005,streaming,18522,205,205,0,289,547.0991044044495,626.6739871501923,0.3900729546359941,0.0,0,True,,1788729943.2871335,1788730490.3862379,1788730569.9611206,"[1788730490.3862379, 1788730490.9997606, 1788730491.6716185, 1788730492.368068, 1788730493.0981166, 1788730493.8553376, 1788730494.6471903, 1788730495.464521, 1788730496.3195648, 1788730496.9703076, 1788730497.6042812, 1788730498.294327, 1788730499.0100706, 1788730499.7699125, 1788730500.5382602, 1788730501.3388278, 1788730502.1683204, 1788730503.0369508, 1788730503.739947, 1788730504.357861, 1788730505.0459871, 1788730505.7580414, 1788730506.5054512, 1788730507.2774649, 1788730508.075499, 1788730508.9066656, 1788730509.7716026, 1788730510.47832, 1788730511.0942047, 1788730511.7666233, 1788730512.467262, 1788730513.1978393, 1788730513.9577763, 1788730514.7473216, 1788730515.5651782, 1788730516.4173226, 1788730517.2999566, 1788730518.2142007, 1788730518.85969, 1788730519.4770775, 1788730520.1563153, 1788730520.863277, 1788730521.605262, 1788730522.3842306, 1788730523.1735551, 1788730524.0087402, 1788730524.873951, 1788730525.7800448, 1788730526.5192444, 1788730527.139406, 1788730527.8225098, 1788730528.5360909, 1788730529.2710807, 1788730530.0369542, 1788730530.831631, 1788730531.65291, 1788730532.5055046, 1788730533.3996246, 1788730534.27753, 1788730534.8939, 1788730535.5577655, 1788730536.2645683, 1788730536.985904, 1788730537.730254, 1788730538.5050151, 1788730539.320079, 1788730540.1577044, 1788730541.0190475, 1788730541.9091897, 1788730542.8318179, 1788730543.8014343, 1788730544.5862803, 1788730545.1912513, 1788730545.853455, 1788730546.5549152, 1788730547.2947881, 1788730548.0542674, 1788730548.8668697, 1788730549.6886425, 1788730550.319371, 1788730550.948127, 1788730551.5784872, 1788730552.2439272, 1788730552.9410768, 1788730553.6671982, 1788730554.4237099, 1788730555.0298033, 1788730555.6920927, 1788730556.3716486, 1788730557.0897307, 1788730557.834507, 1788730558.5964618, 1788730559.205158, 1788730559.861556, 1788730560.5531335, 1788730561.2675133, 1788730561.9614446, 1788730562.5836504, 1788730563.2469714, 1788730563.9463823, 1788730564.675252, 1788730565.4372263, 1788730566.228787, 1788730567.044636, 1788730567.8959036, 1788730568.6474853, 1788730569.2538738, 1788730569.9558125]","[1, 1, 1, 1, 3, 3, 1, 1, 1, 1, 2, 1, 3, 2, 1, 1, 1, 2, 2, 2, 1, 1, 1, 1, 1, 1, 1, 1, 3, 1, 1, 1, 2, 3, 1, 1, 3, 1, 1, 1, 1, 4, 2, 2, 2, 2, 2, 2, 1, 3, 1, 3, 1, 3, 1, 4, 2, 2, 1, 1, 1, 1, 5, 3, 3, 2, 3, 3, 1, 2, 2, 2, 3, 1, 3, 2, 2, 2, 1, 3, 3, 2, 4, 3, 3, 1, 2, 3, 2, 2, 2, 2, 2, 3, 2, 3, 1, 2, 2, 1, 3, 1, 2, 2, 1, 3, 3, 2]"
User-051,5,trace_0167,1788730547.3018274,streaming,20484,824,824,310,6,317.12093138694763,605.8452751636505,0.3508193727541955,20.0,0,True,,1788729941.4564676,1788730258.577399,1788730547.3017428,"[1788730258.577399, 1788730259.1710575, 1788730259.8464558, 1788730260.5356803, 1788730261.2625077, 1788730262.0276954, 1788730262.8033032, 1788730263.6144059, 1788730264.4552033, 1788730265.3255627, 1788730266.223411, 1788730267.03085, 1788730267.617763, 1788730268.2930303, 1788730268.9933226, 1788730269.7360244, 1788730270.4892905, 1788730271.2755177, 1788730272.104168, 1788730272.9467137, 1788730273.8264766, 1788730274.7310953, 1788730275.6679149, 1788730276.604818, 1788730277.205862, 1788730277.837881, 1788730278.5275226, 1788730279.228011, 1788730279.973684, 1788730280.746476, 1788730281.5491219, 1788730282.389118, 1788730283.2584078, 1788730284.1665177, 1788730284.9122078, 1788730285.5337694, 1788730286.220086, 1788730286.9423022, 1788730287.6662896, 1788730288.4238055, 1788730289.2237437, 1788730290.0489564, 1788730290.9081514, 1788730291.7883174, 1788730292.6980178, 1788730293.468516, 1788730294.0570025, 1788730294.7245495, 1788730295.4212928, 1788730296.1453924, 1788730296.9013636, 1788730297.7009351, 1788730298.5280294, 1788730299.3682823, 1788730300.064853, 1788730300.6929808, 1788730301.376776, 1788730302.0878506, 1788730302.828131, 1788730303.5928357, 1788730304.395061, 1788730305.2237768, 1788730305.970893, 1788730306.5712748, 1788730307.2380304, 1788730307.9316523, 1788730308.65808, 1788730309.4078493, 1788730310.1862452, 1788730311.000012, 1788730311.845221, 1788730312.7172782, 1788730313.6280901, 1788730314.4783173, 1788730315.0730581, 1788730315.7261517, 1788730316.4166613, 1788730317.1391957, 1788730317.885024, 1788730318.6584282, 1788730319.4700089, 1788730320.3104124, 1788730321.1804845, 1788730322.0888834, 1788730323.010115, 1788730323.8357468, 1788730324.4316607, 1788730325.0955338, 1788730325.782658, 1788730326.5026834, 1788730327.2556617, 1788730328.0365605, 1788730328.8482842, 1788730329.6961894, 1788730330.5759919, 1788730331.2533348, 1788730331.8629982, 1788730332.5367033, 1788730333.2497997, 1788730333.9745069, 1788730334.7445164, 1788730335.5455782, 1788730336.3780868, 1788730337.2379036, 1788730338.1260908, 1788730339.039571, 1788730339.6373641, 1788730340.2860544, 1788730340.9697576, 1788730341.694957, 1788730342.445779, 1788730343.2224925, 1788730344.0385475, 1788730344.8219488, 1788730345.4439616, 1788730346.1120708, 1788730346.8131561, 1788730347.539516, 1788730348.3006577, 1788730349.08348, 1788730349.8996763, 1788730350.7504401, 1788730351.5978959, 1788730352.1885312, 1788730352.844425, 1788730353.5320265, 1788730354.24072, 1788730354.996703, 1788730355.781779, 1788730356.5915682, 1788730357.3096557, 1788730357.9237666, 1788730358.5822594, 1788730359.2792413, 1788730360.0064123, 1788730360.7591252, 1788730361.5384874, 1788730362.351394, 1788730363.1757028, 1788730363.7757564, 1788730364.4313715, 1788730365.1159136, 1788730365.8252685, 1788730366.5838416, 1788730367.3564556, 1788730368.1541862, 1788730368.9998121, 1788730369.594056, 1788730370.2576907, 1788730370.924514, 1788730371.6489415, 1788730372.3982208, 1788730373.1859777, 1788730373.994881, 1788730374.8351145, 1788730375.7081635, 1788730376.6130629, 1788730377.2591486, 1788730377.878991, 1788730378.5532918, 1788730379.2637546, 1788730380.0031056, 1788730380.7717927, 1788730381.5674472, 1788730382.403578, 1788730383.2666807, 1788730384.04942, 1788730384.6526916, 1788730385.3206136, 1788730386.0161026, 1788730386.7431393, 1788730387.5062795, 1788730388.29212, 1788730389.1154392, 1788730389.8559914, 1788730390.4661672, 1788730391.1254165, 1788730391.8205326, 1788730392.548911, 1788730393.307916, 1788730394.0909276, 1788730394.7989502, 1788730395.4134085, 1788730396.0757456, 1788730396.7718456, 1788730397.4990213, 1788730398.2556882, 1788730399.0434616, 1788730399.8545907, 1788730400.703359, 1788730401.3842044, 1788730402.0187578, 1788730402.6878731, 1788730403.405235, 1788730404.1480284, 1788730404.917744, 1788730405.7145798, 1788730406.5424106, 1788730407.2189367, 1788730407.8372784, 1788730408.5076382, 1788730409.2121048, 1788730409.9425097, 1788730410.7035418, 1788730411.4959257, 1788730412.3115048, 1788730412.913845, 1788730413.5644941, 1788730414.2522058, 1788730414.9589293, 1788730415.704128, 1788730416.488875, 1788730417.28317, 1788730418.119909, 1788730418.848248, 1788730419.4572086, 1788730420.1215289, 1788730420.8160021, 1788730421.544479, 1788730422.3014128, 1788730423.1157565, 1788730423.9017093, 1788730424.7475338, 1788730425.6231043, 1788730426.5099232, 1788730427.1027856, 1788730427.7602284, 1788730428.4405825, 1788730429.1616719, 1788730429.9079664, 1788730430.6845484, 1788730431.4903312, 1788730432.2499387, 1788730432.8570461, 1788730433.517464, 1788730434.2086954, 1788730434.939981, 1788730435.6837907, 1788730436.4754531, 1788730437.3006673, 1788730438.148698, 1788730438.9249084, 1788730439.5316076, 1788730440.1940098, 1788730440.8853247, 1788730441.6062696, 1788730442.3600047, 1788730443.1405985, 1788730443.9715412, 1788730444.5659163, 1788730445.2254927, 1788730445.8960469, 1788730446.6131935, 1788730447.3624127, 1788730448.1367996, 1788730448.9471457, 1788730449.6937785, 1788730450.3072233, 1788730450.981185, 1788730451.6828012, 1788730452.4055812, 1788730453.1647222, 1788730453.9527597, 1788730454.6961014, 1788730455.3080807, 1788730455.9715786, 1788730456.661088, 1788730457.381588, 1788730458.132269, 1788730458.9174342, 1788730459.733483, 1788730460.5084877, 1788730461.1131287, 1788730461.7726924, 1788730462.459032, 1788730463.1778522, 1788730463.9267976, 1788730464.7057946, 1788730465.5108154, 1788730466.3477325, 1788730467.1374, 1788730467.7456393, 1788730468.4079325, 1788730469.098145, 1788730469.816902, 1788730470.578084, 1788730471.346871, 1788730472.1639013, 1788730473.024392, 1788730473.7308428, 1788730474.3738563, 1788730475.0496721, 1788730475.7649245, 1788730476.495137, 1788730477.2731354, 1788730478.0543988, 1788730478.8807745, 1788730479.5815551, 1788730480.1961052, 1788730480.863111, 1788730481.5654402, 1788730482.2893827, 1788730483.046577, 1788730483.837302, 1788730484.5787382, 1788730485.1916978, 1788730485.8655045, 1788730486.5628102, 1788730487.2940626, 1788730488.056491, 1788730488.8488238, 1788730489.6651342, 1788730490.3875065, 1788730491.0007734, 1788730491.6726723, 1788730492.3691242, 1788730493.0991557, 1788730493.8563783, 1788730494.6482117, 1788730495.4655457, 1788730496.3205512, 1788730496.9721828, 1788730497.6058075, 1788730498.2958746, 1788730499.011596, 1788730499.7714965, 1788730500.539823, 1788730501.3403227, 1788730502.1698613, 1788730503.0384767, 1788730503.7419434, 1788730504.3589528, 1788730505.0470154, 1788730505.7590754, 1788730506.5064442, 1788730507.2785215, 1788730508.0765023, 1788730508.907699, 1788730509.7726488, 1788730510.4793236, 1788730511.0952618, 1788730511.770786, 1788730512.4682655, 1788730513.1988716, 1788730513.958812, 1788730514.7483442, 1788730515.5661962, 1788730516.4185088, 1788730517.3009443, 1788730518.2152433, 1788730518.8606706, 1788730519.4780867, 1788730520.1573281, 1788730520.8642828, 1788730521.6062727, 1788730522.3853226, 1788730523.1745918, 1788730524.0097668, 1788730524.8749833, 1788730525.781153, 1788730526.5203524, 1788730527.1402104, 1788730527.8235962, 1788730528.5371366, 1788730529.2721162, 1788730530.0379796, 1788730530.8326828, 1788730531.653949, 1788730532.5065274, 1788730533.4004626, 1788730534.2785068, 1788730534.894956, 1788730535.5588064, 1788730536.265597, 1788730536.9864056, 1788730537.731353, 1788730538.5060656, 1788730539.3211098, 1788730540.1587481, 1788730541.0200932, 1788730541.9102023, 1788730542.8328447, 1788730543.8024547, 1788730544.5873327, 1788730545.192455, 1788730545.8544621, 1788730546.5558858, 1788730547.2958279]","[1, 1, 1, 1, 1, 1, 2, 2, 3, 4, 3, 1, 2, 1, 1, 1, 2, 2, 1, 2, 2, 3, 1, 2, 2, 2, 2, 1, 1, 1, 2, 2, 2, 1, 3, 2, 1, 1, 5, 2, 3, 3, 4, 3, 6, 1, 2, 3, 3, 4, 4, 1, 3, 3, 3, 3, 2, 3, 2, 3, 3, 1, 2, 5, 2, 2, 1, 1, 5, 4, 1, 3, 2, 4, 2, 1, 2, 1, 2, 1, 3, 1, 2, 1, 3, 2, 2, 2, 1, 1, 2, 1, 2, 1, 1, 2, 1, 1, 3, 3, 4, 1, 2, 1, 2, 1, 1, 5, 4, 2, 1, 1, 2, 1, 1, 2, 4, 4, 3, 3, 1, 1, 1, 1, 1, 2, 2, 3, 3, 2, 1, 1, 1, 1, 3, 3, 3, 1, 1, 2, 4, 5, 2, 2, 2, 2, 3, 2, 2, 5, 3, 1, 3, 1, 1, 1, 2, 4, 3, 2, 1, 2, 2, 1, 1, 1, 1, 1, 4, 3, 2, 5, 2, 2, 1, 1, 1, 2, 1, 1, 2, 2, 2, 3, 1, 1, 1, 1, 4, 1, 1, 3, 3, 1, 1, 2, 1, 4, 2, 4, 3, 1, 1, 1, 1, 1, 3, 4, 2, 1, 1, 3, 4, 3, 6, 4, 1, 1, 1, 5, 3, 1, 2, 2, 1, 3, 2, 1, 2, 3, 1, 1, 2, 1, 3, 2, 1, 4, 1, 3, 2, 4, 2, 1, 1, 1, 2, 1, 1, 3, 2, 3, 3, 1, 1, 2, 1, 1, 2, 1, 3, 1, 1, 2, 1, 1, 1, 1, 3, 4, 2, 1, 2, 1, 3, 3, 1, 4, 2, 2, 5, 3, 3, 1, 1, 3, 2, 2, 2, 3, 2, 2, 1, 6, 2, 1, 1, 2, 1, 4, 2, 1, 1, 1, 1, 1, 3, 1, 5, 3, 3, 2, 3, 1, 1, 4, 2, 1, 1, 2, 1, 1, 1, 2, 1, 2, 3, 3, 2, 3, 1, 1, 2, 2, 1, 2, 4, 1, 1, 1, 1, 1, 3, 1, 1, 1, 1, 3, 2, 2, 1, 2, 5, 6, 1, 1, 2, 2, 1, 2, 3, 4, 6, 6, 3, 3, 6, 2, 5, 3, 1, 1, 3, 1, 1, 4, 5, 6, 2, 2, 5, 2, 2, 1, 2, 5, 4, 2]"
User-064,8,trace_0441,1788730549.1647096,streaming,2,105,0,404,17,0.0,0.0,0.0,12.0,0,False,,1788729941.1434567,1788729941.1434567,1788730549.1645188,[],[]
User-144,0,trace_0669,1788730565.4465365,streaming,20468,173,139,0,319,530.5842568874359,622.2958753108978,0.66457694509755,0.0,0,True,,1788729943.1505492,1788730473.734806,1788730565.4464245,"[1788730473.734806, 1788730474.3773196, 1788730475.0532575, 1788730475.768695, 1788730476.4981616, 1788730477.275795, 1788730478.057537, 1788730478.8838716, 1788730479.585658, 1788730480.1997325, 1788730481.5671775, 1788730483.0501268, 1788730483.8401237, 1788730485.19553, 1788730485.8696218, 1788730486.5692315, 1788730487.2983384, 1788730488.0606868, 1788730488.852914, 1788730490.3915565, 1788730491.0049043, 1788730492.3723373, 1788730493.1031911, 1788730493.8604012, 1788730494.6522973, 1788730495.4696004, 1788730496.3247871, 1788730497.6132495, 1788730498.2995481, 1788730499.7750187, 1788730500.5433922, 1788730501.3437746, 1788730502.1738725, 1788730503.042088, 1788730503.7450237, 1788730504.361877, 1788730505.7626483, 1788730506.509985, 1788730508.0800817, 1788730508.9113228, 1788730509.7763162, 1788730510.4837368, 1788730511.0994263, 1788730511.7733052, 1788730513.2029707, 1788730513.9629412, 1788730515.5702655, 1788730516.4226449, 1788730517.3074923, 1788730518.219379, 1788730518.8654, 1788730519.4827223, 1788730520.162049, 1788730521.6109917, 1788730522.3906326, 1788730524.0135903, 1788730524.8784416, 1788730525.785374, 1788730526.52471, 1788730527.1429586, 1788730527.8291543, 1788730528.5407965, 1788730530.041072, 1788730530.8361514, 1788730532.5093732, 1788730533.4033213, 1788730534.2829337, 1788730534.899078, 1788730535.5629265, 1788730536.2698736, 1788730536.9882753, 1788730538.5102756, 1788730539.3253205, 1788730541.0242805, 1788730541.9144292, 1788730542.8370264, 1788730543.806611, 1788730544.5922158, 1788730545.1971567, 1788730545.8590853, 1788730547.30032, 1788730548.0588381, 1788730549.6930165, 1788730550.324054, 1788730550.9526398, 1788730551.5832741, 1788730552.2486331, 1788730552.9460492, 1788730554.4282591, 1788730555.0318336, 1788730556.3763382, 1788730557.0943606, 1788730557.8392115, 1788730558.6039953, 1788730559.2102563, 1788730559.8653758, 1788730560.558157, 1788730561.9663916, 1788730562.5887563, 1788730563.9514885, 1788730564.6791158, 1788730565.4423742]","[1, 1, 1, 1, 2, 2, 1, 1, 1, 1, 1, 1, 1, 1, 1, 2, 2, 2, 2, 1, 1, 1, 1, 2, 2, 2, 2, 1, 1, 1, 2, 1, 2, 2, 1, 1, 1, 1, 1, 2, 1, 2, 2, 2, 1, 1, 1, 2, 1, 2, 2, 1, 1, 1, 1, 1, 2, 1, 2, 2, 1, 1, 1, 1, 1, 2, 1, 2, 2, 1, 1, 1, 1, 1, 2, 1, 2, 2, 1, 1, 1, 1, 1, 2, 1, 2, 3, 1, 1, 1, 1, 2, 1, 2, 2, 1, 1, 1, 1, 1, 2, 1]"
