user_id,request_idx,trace_id,timestamp,request_type,input_tokens,output_tokens_expected,output_tokens_actual,cache_hit_blocks,cache_miss_blocks,ttft,ttlt,itl,delay_expected,delay_actual,success,error_message,request_start_time,prefill_complete_time,request_complete_time,token_timestamps,tokens_per_chunk
User-033,2,trace_0538,1788735927.9893734,streaming,10677,118,118,159,3,15.116718053817749,39.47495126724243,0.20819002746516824,8.0,0,True,,1788735888.514353,1788735903.631071,1788735927.9893043,"[1788735903.631071, 1788735904.190701, 1788735904.7985554, 1788735905.4285688, 1788735906.0903845, 1788735906.7718484, 1788735907.4335425, 1788735907.993527, 1788735908.604407, 1788735909.2362568, 1788735909.9020274, 1788735910.5887656, 1788735911.1829753, 1788735911.7637556, 1788735912.3865957, 1788735913.0320868, 1788735913.709877, 1788735914.4035046, 1788735915.1319826, 1788735915.8881874, 1788735916.6716077, 1788735917.3066716, 1788735917.8730125, 1788735918.4934871, 1788735919.1348317, 1788735919.8049552, 1788735920.5006633, 1788735921.2187917, 1788735921.9807405, 1788735922.5335674, 1788735923.1408257, 1788735923.7767162, 1788735924.4249754, 1788735925.1027832, 1788735925.801849, 1788735926.5260756, 1788735927.280683, 1788735927.9850998]","[1, 7, 1, 6, 8, 1, 3, 1, 3, 5, 4, 2, 2, 2, 1, 1, 1, 1, 9, 4, 5, 3, 6, 2, 8, 2, 3, 1, 3, 3, 1, 1, 4, 1, 9, 1, 1, 1]"
User-048,3,trace_0546,1788735929.8126001,streaming,14088,78,78,213,4,18.888319492340088,41.265907287597656,0.29061802331503334,5.0,0,True,,1788735888.5466502,1788735907.4349697,1788735929.8125575,"[1788735907.4349697, 1788735907.9946482, 1788735908.6054933, 1788735909.2374575, 1788735909.9032278, 1788735910.5898774, 1788735911.1848483, 1788735911.7655678, 1788735912.3882313, 1788735913.0337298, 1788735913.7115495, 1788735914.4051175, 1788735915.1336567, 1788735915.8898947, 1788735916.6733387, 1788735917.3083878, 1788735917.8750653, 1788735918.49516, 1788735919.13646, 1788735919.8066182, 1788735920.502337, 1788735921.2204018, 1788735921.9823608, 1788735922.5352197, 1788735923.1424038, 1788735923.7782989, 1788735924.4265256, 1788735925.10434, 1788735925.8034687, 1788735926.531922, 1788735927.2822173, 1788735927.9869537, 1788735928.54238, 1788735929.1637936, 1788735929.8101926]","[1, 1, 1, 1, 1, 1, 1, 2, 1, 3, 3, 3, 2, 3, 3, 1, 2, 2, 4, 2, 1, 8, 2, 2, 1, 2, 2, 1, 4, 2, 1, 4, 4, 1, 5]"
User-005,0,trace_0568,1788735960.0194297,streaming,20311,131,131,0,317,40.72261953353882,72.75401854515076,0.24639537701239952,0.0,0,True,,1788735887.2651772,1788735927.9877968,1788735960.0191958,"[1788735927.9877968, 1788735928.542957, 1788735929.1642966, 1788735929.8110113, 1788735930.4658616, 1788735931.1522136, 1788735931.8594217, 1788735932.5953586, 1788735933.3288312, 1788735933.877529, 1788735934.484011, 1788735935.1107059, 1788735935.7609239, 1788735936.4383032, 1788735937.1421332, 1788735937.8755038, 1788735938.6494913, 1788735939.4425344, 1788735940.2524939, 1788735940.8580449, 1788735941.4210908, 1788735942.0429246, 1788735942.6864412, 1788735943.3557968, 1788735944.0509346, 1788735944.7713177, 1788735945.5220716, 1788735946.2991827, 1788735947.050339, 1788735947.596176, 1788735948.197645, 1788735948.8242207, 1788735949.4738197, 1788735950.1470873, 1788735950.8526878, 1788735951.5815876, 1788735952.295503, 1788735952.842363, 1788735953.4499567, 1788735954.078934, 1788735954.733092, 1788735955.4112585, 1788735956.1146684, 1788735956.8420513, 1788735957.5514135, 1788735958.1216784, 1788735958.7289948, 1788735959.3601332, 1788735960.016811]","[1, 3, 1, 1, 2, 2, 1, 4, 2, 1, 2, 1, 3, 6, 7, 1, 1, 7, 3, 2, 3, 2, 2, 4, 3, 1, 6, 3, 2, 2, 1, 3, 1, 7, 2, 3, 1, 5, 1, 1, 7, 2, 2, 1, 3, 2, 1, 8, 1]"
User-039,2,trace_0220,1788735967.3981717,streaming,13161,211,211,435,12,21.879377126693726,78.09309697151184,0.2676843802134196,22.0,0,True,,1788735889.3049848,1788735911.184362,1788735967.3980818,"[1788735911.184362, 1788735911.764924, 1788735912.3877273, 1788735913.0332134, 1788735913.7110357, 1788735914.4046268, 1788735915.1331513, 1788735915.8893821, 1788735916.6728287, 1788735917.3078887, 1788735917.8745341, 1788735918.4946187, 1788735919.135956, 1788735919.8060946, 1788735920.5018306, 1788735921.2199078, 1788735921.9818492, 1788735922.5346713, 1788735923.1418989, 1788735923.7777977, 1788735924.426013, 1788735925.1038413, 1788735925.8029642, 1788735926.5313485, 1788735927.2817068, 1788735927.9864068, 1788735928.5418508, 1788735929.1632483, 1788735929.8096313, 1788735930.4653447, 1788735931.151668, 1788735931.8588874, 1788735932.5948024, 1788735933.3275025, 1788735933.8763335, 1788735934.4829073, 1788735935.1094744, 1788735935.7598968, 1788735936.437273, 1788735937.141123, 1788735937.874469, 1788735938.64845, 1788735939.4414673, 1788735940.2514434, 1788735940.857033, 1788735941.419958, 1788735942.0418367, 1788735942.685415, 1788735943.3546646, 1788735944.0498636, 1788735944.7702284, 1788735945.5210276, 1788735946.2980957, 1788735947.0492885, 1788735947.5947213, 1788735948.1963828, 1788735948.8231823, 1788735949.4726572, 1788735950.146049, 1788735950.8516037, 1788735951.5805523, 1788735952.2943773, 1788735952.8412695, 1788735953.4488275, 1788735954.0778184, 1788735954.7320843, 1788735955.41008, 1788735956.1135895, 1788735956.8409603, 1788735957.5495381, 1788735958.1200423, 1788735958.7274384, 1788735959.358559, 1788735960.0151157, 1788735960.6864579, 1788735961.3913999, 1788735962.117694, 1788735962.8653514, 1788735963.477313, 1788735964.0586655, 1788735964.6811614, 1788735965.3259473, 1788735965.9921362, 1788735966.6788201, 1788735967.3939385]","[1, 1, 2, 2, 3, 2, 2, 3, 2, 1, 3, 2, 1, 2, 2, 1, 6, 1, 1, 4, 2, 1, 1, 3, 2, 2, 3, 3, 3, 1, 6, 3, 6, 2, 4, 1, 5, 1, 3, 1, 1, 2, 1, 3, 3, 1, 6, 6, 9, 2, 3, 1, 1, 4, 3, 1, 1, 4, 1, 1, 3, 2, 3, 2, 1, 3, 2, 2, 1, 1, 3, 1, 1, 6, 3, 1, 1, 3, 1, 1, 2, 2, 9, 6, 2]"
User-004,0,trace_0629,1788735967.395418,streaming,18361,185,185,0,286,34.76458811759949,80.18018460273743,0.24682389394096707,0.0,0,True,,1788735887.2150195,1788735921.9796076,1788735967.395204,"[1788735921.9796076, 1788735922.532269, 1788735923.139565, 1788735923.7754288, 1788735924.4237084, 1788735925.1015043, 1788735925.8005416, 1788735926.52485, 1788735927.279443, 1788735927.983792, 1788735928.540027, 1788735929.1613898, 1788735929.8078163, 1788735930.4633431, 1788735931.1498027, 1788735931.857094, 1788735932.5929515, 1788735933.3257442, 1788735933.8744946, 1788735934.4809225, 1788735935.107659, 1788735935.7580323, 1788735936.4354937, 1788735937.1393175, 1788735937.8726869, 1788735938.6465697, 1788735939.4395156, 1788735940.249553, 1788735940.854388, 1788735941.417419, 1788735942.0395024, 1788735942.6831, 1788735943.3523483, 1788735944.0475261, 1788735944.7678583, 1788735945.518713, 1788735946.295825, 1788735947.046422, 1788735947.5920877, 1788735948.1936767, 1788735948.820523, 1788735949.470029, 1788735950.1437297, 1788735950.8488984, 1788735951.5781865, 1788735952.2906468, 1788735952.83785, 1788735953.445578, 1788735954.074993, 1788735954.7292323, 1788735955.40699, 1788735956.1101673, 1788735956.8377542, 1788735957.5463824, 1788735958.1168213, 1788735958.7241104, 1788735959.3554068, 1788735960.011986, 1788735960.6830318, 1788735961.3880212, 1788735962.1100101, 1788735962.862404, 1788735963.4736183, 1788735964.0552511, 1788735964.6777718, 1788735965.3224952, 1788735965.9885974, 1788735966.6754055, 1788735967.390131]","[1, 3, 4, 2, 1, 1, 6, 3, 3, 3, 1, 1, 3, 3, 8, 2, 6, 1, 1, 1, 2, 4, 1, 2, 1, 9, 3, 2, 1, 4, 2, 1, 4, 4, 4, 1, 2, 4, 9, 2, 1, 2, 1, 2, 2, 1, 2, 2, 1, 2, 2, 1, 9, 1, 4, 1, 2, 1, 2, 3, 3, 3, 1, 4, 2, 1, 7, 3, 3]"
User-003,0,trace_0714,1788735973.3873904,streaming,21918,225,225,0,342,30.142849683761597,86.22044706344604,0.25034641687359127,0.0,0,True,,1788735887.166838,1788735917.3096876,1788735973.387285,"[1788735917.3096876, 1788735917.8762083, 1788735918.4961896, 1788735919.1374867, 1788735919.8076959, 1788735920.503396, 1788735921.2214615, 1788735921.9833634, 1788735922.5362473, 1788735923.1434855, 1788735923.7793808, 1788735924.427607, 1788735925.1053479, 1788735925.804508, 1788735926.5329728, 1788735927.2833192, 1788735927.9887922, 1788735928.5439837, 1788735929.1653132, 1788735929.8120515, 1788735930.4669569, 1788735931.1532395, 1788735931.8604352, 1788735932.5963955, 1788735933.329852, 1788735933.8785784, 1788735934.4851213, 1788735935.1119611, 1788735935.7619386, 1788735936.4394312, 1788735937.1432807, 1788735937.8765678, 1788735938.6505036, 1788735939.4436102, 1788735940.2535408, 1788735940.8590534, 1788735941.422141, 1788735942.0440416, 1788735942.6874745, 1788735943.356874, 1788735944.0520377, 1788735944.7723238, 1788735945.5231767, 1788735946.300284, 1788735947.052238, 1788735947.5978193, 1788735948.1992612, 1788735948.8258395, 1788735949.475387, 1788735950.1492226, 1788735950.854289, 1788735951.5831587, 1788735952.2970853, 1788735952.8440125, 1788735953.4515407, 1788735954.0804596, 1788735954.7346165, 1788735955.4128323, 1788735956.1162362, 1788735956.8435924, 1788735957.5529535, 1788735958.123215, 1788735958.7306612, 1788735959.3617504, 1788735960.018667, 1788735960.6890755, 1788735961.3941505, 1788735962.1206622, 1788735962.8680172, 1788735963.47981, 1788735964.0613196, 1788735964.6838107, 1788735965.3286946, 1788735965.9948843, 1788735966.6815083, 1788735967.3976967, 1788735968.1309853, 1788735968.7550347, 1788735969.321701, 1788735969.9351912, 1788735970.5729113, 1788735971.2412112, 1788735971.9179513, 1788735972.6334364, 1788735973.386539]","[1, 1, 1, 2, 1, 2, 2, 3, 4, 4, 1, 4, 3, 2, 4, 2, 6, 2, 3, 1, 5, 2, 1, 1, 1, 1, 2, 1, 2, 1, 1, 1, 1, 3, 4, 8, 2, 4, 3, 3, 1, 1, 3, 2, 5, 1, 5, 1, 2, 3, 3, 3, 2, 1, 2, 5, 5, 1, 7, 2, 4, 3, 3, 2, 4, 5, 3, 2, 2, 1, 2, 2, 3, 2, 1, 3, 1, 6, 6, 5, 1, 3, 2, 6, 2]"
User-009,0,trace_0313,1788735981.009116,streaming,12330,368,368,0,192,9.89311146736145,93.63214945793152,0.2281717656418803,0.0,0,True,,1788735887.3768678,1788735897.2699792,1788735981.0090172,"[1788735897.2699792, 1788735897.846517, 1788735898.465991, 1788735899.1164894, 1788735899.7891946, 1788735900.4924376, 1788735901.134944, 1788735901.6997538, 1788735902.3138983, 1788735902.9552438, 1788735903.630163, 1788735904.190124, 1788735904.797936, 1788735905.427965, 1788735906.0895965, 1788735906.7712476, 1788735907.432937, 1788735907.9927227, 1788735908.6036172, 1788735909.2356198, 1788735909.9014068, 1788735910.5881596, 1788735911.182338, 1788735911.7629426, 1788735912.3859525, 1788735913.0314898, 1788735913.7092733, 1788735914.4029028, 1788735915.131368, 1788735915.8875642, 1788735916.670974, 1788735917.305952, 1788735917.872357, 1788735918.4928727, 1788735919.1341968, 1788735919.8042936, 1788735920.5000327, 1788735921.2181385, 1788735921.980198, 1788735922.5329208, 1788735923.1402018, 1788735923.7760603, 1788735924.4243193, 1788735925.1021047, 1788735925.8011994, 1788735926.5254593, 1788735927.2800646, 1788735927.9844484, 1788735928.5406427, 1788735929.161997, 1788735929.8084466, 1788735930.464131, 1788735931.1504407, 1788735931.8577101, 1788735932.5935936, 1788735933.3263562, 1788735933.8751345, 1788735934.4816315, 1788735935.1082845, 1788735935.7586555, 1788735936.4360838, 1788735937.1399324, 1788735937.8732991, 1788735938.6472492, 1788735939.440259, 1788735940.2501879, 1788735940.855993, 1788735941.418857, 1788735942.0407562, 1788735942.684367, 1788735943.3536077, 1788735944.0487857, 1788735944.7691426, 1788735945.5199885, 1788735946.2970638, 1788735947.0479782, 1788735947.593459, 1788735948.195027, 1788735948.8220296, 1788735949.4715714, 1788735950.1450095, 1788735950.850139, 1788735951.579527, 1788735952.2922952, 1788735952.8396266, 1788735953.4468827, 1788735954.0762637, 1788735954.7304358, 1788735955.4084206, 1788735956.1118097, 1788735956.839365, 1788735957.547988, 1788735958.1183796, 1788735958.7254488, 1788735959.3569565, 1788735960.0134857, 1788735960.6846976, 1788735961.389366, 1788735962.1159372, 1788735962.8636937, 1788735963.4757814, 1788735964.057059, 1788735964.6796062, 1788735965.324308, 1788735965.9904401, 1788735966.6772058, 1788735967.3923573, 1788735968.1271837, 1788735968.7505193, 1788735969.317386, 1788735969.9310243, 1788735970.568667, 1788735971.2365656, 1788735971.9136164, 1788735972.6291368, 1788735973.382177, 1788735974.153137, 1788735974.9494374, 1788735975.7457037, 1788735976.2853453, 1788735976.8853924, 1788735977.5091019, 1788735978.156439, 1788735978.8266788, 1788735979.5242152, 1788735980.248622, 1788735981.003958]","[1, 1, 5, 1, 2, 2, 1, 2, 3, 1, 1, 3, 2, 8, 1, 3, 2, 2, 4, 4, 2, 1, 2, 1, 7, 1, 1, 2, 3, 2, 2, 2, 4, 2, 2, 4, 1, 4, 1, 3, 2, 1, 3, 7, 1, 1, 1, 2, 1, 3, 1, 9, 5, 2, 3, 1, 9, 3, 7, 7, 7, 1, 2, 4, 5, 9, 8, 1, 4, 7, 3, 3, 9, 3, 2, 1, 1, 1, 3, 2, 2, 3, 2, 3, 1, 1, 2, 5, 9, 1, 3, 1, 1, 1, 2, 2, 4, 7, 9, 3, 1, 3, 1, 1, 3, 1, 1, 1, 1, 4, 3, 1, 5, 3, 2, 1, 7, 1, 4, 1, 2, 1, 1, 1, 6, 4, 5]"
User-007,0,trace_0398,1788735981.7971478,streaming,13071,443,443,0,203,6.841065883636475,94.50031089782715,0.19832408374251284,0.0,0,True,,1788735887.296743,1788735894.1378088,1788735981.7970538,"[1788735894.1378088, 1788735894.719011, 1788735895.3381608, 1788735895.9858472, 1788735896.6615183, 1788735897.2689466, 1788735897.8456075, 1788735898.465358, 1788735899.115858, 1788735899.7885792, 1788735900.4918175, 1788735901.134315, 1788735901.6989121, 1788735902.313277, 1788735902.9545705, 1788735903.6295693, 1788735904.1895, 1788735904.797318, 1788735905.4273052, 1788735906.0889308, 1788735906.7705584, 1788735907.4340842, 1788735907.9941308, 1788735908.6049762, 1788735909.2368891, 1788735909.9026577, 1788735910.5893583, 1788735911.1834946, 1788735911.7643726, 1788735912.387217, 1788735913.0327008, 1788735913.7104833, 1788735914.4041023, 1788735915.1326225, 1788735915.8888245, 1788735916.6722522, 1788735917.3073456, 1788735917.873858, 1788735918.494116, 1788735919.1354268, 1788735919.805568, 1788735920.5012927, 1788735921.219399, 1788735921.9813519, 1788735922.5341067, 1788735923.1413577, 1788735923.7772446, 1788735924.425508, 1788735925.103315, 1788735925.8024037, 1788735926.5265856, 1788735927.2812076, 1788735927.985902, 1788735928.5412974, 1788735929.1626794, 1788735929.8090887, 1788735930.464736, 1788735931.1511195, 1788735931.8583252, 1788735932.5942135, 1788735933.3269117, 1788735933.8758125, 1788735934.4823031, 1788735935.1089377, 1788735935.7593632, 1788735936.4367244, 1788735937.1405542, 1788735937.8739204, 1788735938.6479142, 1788735939.440937, 1788735940.2509022, 1788735940.8565447, 1788735941.4193797, 1788735942.041304, 1788735942.6849053, 1788735943.3541584, 1788735944.049325, 1788735944.7697074, 1788735945.5205243, 1788735946.297587, 1788735947.0487382, 1788735947.594164, 1788735948.1955438, 1788735948.8225844, 1788735949.4721074, 1788735950.145539, 1788735950.8510182, 1788735951.5800564, 1788735952.2938254, 1788735952.8407552, 1788735953.4482744, 1788735954.0773187, 1788735954.7315092, 1788735955.4095602, 1788735956.1129558, 1788735956.8404405, 1788735957.549036, 1788735958.1195085, 1788735958.7268784, 1788735959.3580425, 1788735960.0145497, 1788735960.685806, 1788735961.3907938, 1788735962.117156, 1788735962.864787, 1788735963.4767916, 1788735964.0581038, 1788735964.6806662, 1788735965.3253977, 1788735965.9915745, 1788735966.6782637, 1788735967.3934126, 1788735968.1282434, 1788735968.7516835, 1788735969.3184714, 1788735969.9320993, 1788735970.56974, 1788735971.2378142, 1788735971.9146857, 1788735972.6301775, 1788735973.3832989, 1788735974.1542199, 1788735974.9505384, 1788735975.7478218, 1788735976.2871134, 1788735976.8870134, 1788735977.5106924, 1788735978.1581984, 1788735978.82828, 1788735979.5258205, 1788735980.2501767, 1788735981.0058148, 1788735981.7934375]","[1, 5, 3, 1, 1, 7, 2, 2, 3, 1, 2, 1, 2, 7, 5, 1, 3, 3, 1, 1, 6, 1, 1, 2, 7, 2, 1, 1, 7, 1, 1, 2, 2, 1, 6, 9, 6, 3, 1, 1, 4, 4, 1, 2, 9, 5, 6, 1, 4, 3, 4, 2, 2, 8, 2, 4, 3, 4, 3, 8, 3, 1, 3, 3, 4, 2, 5, 4, 3, 2, 3, 1, 2, 6, 3, 1, 7, 3, 1, 2, 2, 6, 7, 7, 2, 2, 3, 1, 5, 1, 3, 1, 1, 1, 2, 1, 3, 4, 2, 3, 2, 8, 4, 2, 9, 4, 6, 1, 6, 9, 3, 1, 6, 6, 2, 7, 3, 2, 6, 6, 1, 9, 1, 1, 6, 6, 1, 7, 2, 1, 2, 3, 2]"
User-043,0,trace_0052,1788735994.204797,streaming,15183,328,328,0,236,13.202810525894165,106.27170419692993,0.28461435373405436,0.0,0,True,,1788735887.932998,1788735901.1358085,1788735994.2047021,"[1788735901.1358085, 1788735901.7003605, 1788735902.3144765, 1788735902.9558144, 1788735903.631575, 1788735904.1914907, 1788735904.7991168, 1788735905.429146, 1788735906.0910249, 1788735906.77237, 1788735907.435471, 1788735907.9952111, 1788735908.6060145, 1788735909.23798, 1788735909.9037402, 1788735910.590396, 1788735911.1853402, 1788735911.766083, 1788735912.3887424, 1788735913.034267, 1788735913.712068, 1788735914.4056406, 1788735915.1341732, 1788735915.8904307, 1788735916.6738627, 1788735917.3088825, 1788735917.8757071, 1788735918.495686, 1788735919.1369755, 1788735919.8071635, 1788735920.5028698, 1788735921.2209496, 1788735921.9828706, 1788735922.5357342, 1788735923.1429648, 1788735923.77884, 1788735924.4270706, 1788735925.1048303, 1788735925.803985, 1788735926.5324452, 1788735927.2827108, 1788735927.9882746, 1788735928.5434802, 1788735929.1647918, 1788735929.8115354, 1788735930.4663863, 1788735931.152732, 1788735931.8599255, 1788735932.5958922, 1788735933.3293352, 1788735933.878047, 1788735934.4845476, 1788735935.1112666, 1788735935.7614267, 1788735936.4388912, 1788735937.1426995, 1788735937.8760476, 1788735938.649987, 1788735939.443093, 1788735940.2530336, 1788735940.858527, 1788735941.4216175, 1788735942.0434644, 1788735942.686969, 1788735943.3563333, 1788735944.0514812, 1788735944.7718105, 1788735945.5226176, 1788735946.2997143, 1788735947.050882, 1788735947.5967035, 1788735948.1981652, 1788735948.8248148, 1788735949.474324, 1788735950.1479228, 1788735950.8532004, 1788735951.5821097, 1788735952.2960236, 1788735952.8429713, 1788735953.4504747, 1788735954.0794294, 1788735954.733622, 1788735955.4117768, 1788735956.1152039, 1788735956.8425488, 1788735957.5519316, 1788735958.122192, 1788735958.7295816, 1788735959.3607333, 1788735960.0176427, 1788735960.6880617, 1788735961.3930771, 1788735962.1195889, 1788735962.866978, 1788735963.4788108, 1788735964.0602722, 1788735964.682803, 1788735965.3276598, 1788735965.993816, 1788735966.6804788, 1788735967.3965755, 1788735968.1299047, 1788735968.7540176, 1788735969.3206618, 1788735969.9341323, 1788735970.5718288, 1788735971.2401743, 1788735971.9168956, 1788735972.6323617, 1788735973.3854768, 1788735974.1564784, 1788735974.9526908, 1788735975.749992, 1788735976.2892485, 1788735976.8891382, 1788735977.5129335, 1788735978.1605177, 1788735978.8304214, 1788735979.5279813, 1788735980.2523787, 1788735981.0080802, 1788735981.796098, 1788735982.594955, 1788735983.486438, 1788735984.2908733, 1788735985.106049, 1788735985.6469247, 1788735986.2513676, 1788735986.8824282, 1788735987.5360343, 1788735988.2156532, 1788735988.9225225, 1788735989.656405, 1788735990.2742195, 1788735990.847347, 1788735991.46457, 1788735992.1088972, 1788735992.7861052, 1788735993.481676, 1788735994.2028897]","[1, 1, 1, 2, 1, 2, 2, 1, 2, 2, 5, 6, 3, 6, 4, 1, 6, 1, 3, 1, 1, 1, 1, 7, 2, 2, 1, 1, 1, 3, 2, 2, 1, 3, 1, 1, 7, 2, 3, 2, 4, 1, 2, 1, 1, 2, 1, 1, 2, 7, 2, 2, 1, 1, 3, 1, 2, 2, 1, 1, 3, 1, 6, 2, 1, 3, 1, 2, 9, 1, 1, 3, 1, 2, 1, 2, 1, 2, 3, 6, 3, 1, 1, 1, 2, 1, 1, 4, 1, 1, 2, 3, 6, 2, 2, 2, 2, 1, 1, 2, 1, 2, 3, 4, 1, 3, 2, 7, 2, 2, 2, 2, 2, 2, 2, 1, 3, 7, 2, 1, 4, 2, 2, 2, 3, 2, 3, 1, 1, 2, 7, 2, 1, 3, 4, 3, 4, 1, 2, 5]"
User-026,0,trace_0569,1788736000.7631128,streaming,18579,191,191,0,289,64.5357928276062,113.0055079460144,0.2551037637810958,0.0,0,True,,1788735887.7574918,1788735952.2932847,1788736000.7629998,"[1788735952.2932847, 1788735952.8402107, 1788735953.44767, 1788735954.0767884, 1788735954.730984, 1788735955.409, 1788735956.1123953, 1788735956.8399057, 1788735957.548523, 1788735958.118931, 1788735958.7261097, 1788735959.3575149, 1788735960.014038, 1788735960.6852882, 1788735961.3899412, 1788735962.1165848, 1788735962.864247, 1788735963.476283, 1788735964.0575871, 1788735964.6801147, 1788735965.324846, 1788735965.9910038, 1788735966.677718, 1788735967.3928776, 1788735968.12774, 1788735968.7511601, 1788735969.3179278, 1788735969.9315724, 1788735970.5691984, 1788735971.2372875, 1788735971.9141407, 1788735972.6296659, 1788735973.3827105, 1788735974.15371, 1788735974.9499948, 1788735975.7462597, 1788735976.2858832, 1788735976.8859289, 1788735977.5096173, 1788735978.156973, 1788735978.8272095, 1788735979.5247886, 1788735980.2491684, 1788735981.0047667, 1788735981.7922792, 1788735982.592375, 1788735983.4851868, 1788735984.2880998, 1788735985.1034315, 1788735985.64416, 1788735986.2485754, 1788735986.8798356, 1788735987.5333734, 1788735988.2129273, 1788735988.919788, 1788735989.6537933, 1788735990.2716894, 1788735990.8446789, 1788735991.4618835, 1788735992.1061506, 1788735992.7834742, 1788735993.4790814, 1788735994.198531, 1788735994.9424036, 1788735995.5487194, 1788735996.1128955, 1788735996.7317142, 1788735997.3730512, 1788735998.0401495, 1788735998.740406, 1788735999.4688554, 1788736000.2007508, 1788736000.7584288]","[1, 2, 4, 4, 2, 2, 3, 1, 4, 5, 5, 3, 1, 1, 6, 3, 2, 1, 1, 5, 1, 6, 4, 4, 1, 4, 2, 1, 7, 2, 6, 2, 3, 1, 2, 5, 2, 7, 1, 1, 4, 6, 2, 1, 2, 1, 4, 1, 1, 5, 1, 2, 4, 1, 1, 1, 5, 1, 1, 3, 1, 3, 1, 4, 1, 1, 5, 1, 1, 1, 5, 1, 1]"
User-029,0,trace_0579,1788736005.4861996,streaming,18429,180,180,0,287,69.7489914894104,117.68418216705322,0.26779436132761353,0.0,0,True,,1788735887.8019185,1788735957.55091,1788736005.4861007,"[1788735957.55091, 1788735958.1211677, 1788735958.728479, 1788735959.359617, 1788735960.0162761, 1788735960.6875389, 1788735961.392562, 1788735962.1190548, 1788735962.8664532, 1788735963.4783034, 1788735964.0597749, 1788735964.6822574, 1788735965.3271415, 1788735965.9932342, 1788735966.6799674, 1788735967.395958, 1788735968.1293166, 1788735968.7526886, 1788735969.319532, 1788735969.9331412, 1788735970.5707862, 1788735971.2390597, 1788735971.9157963, 1788735972.6312664, 1788735973.3843129, 1788735974.15543, 1788735974.951666, 1788735975.7489803, 1788735976.2881708, 1788735976.888053, 1788735977.5117729, 1788735978.159425, 1788735978.8293352, 1788735979.526857, 1788735980.251246, 1788735981.0068753, 1788735981.795049, 1788735982.5939481, 1788735983.4859548, 1788735984.2898068, 1788735985.105023, 1788735985.6458185, 1788735986.2502677, 1788735986.8813891, 1788735987.534987, 1788735988.214556, 1788735988.921444, 1788735989.655379, 1788735990.273239, 1788735990.8462787, 1788735991.463461, 1788735992.1077924, 1788735992.7850227, 1788735993.4806378, 1788735994.2017462, 1788735994.943995, 1788735995.5511074, 1788735996.1149876, 1788735996.7338614, 1788735997.3751035, 1788735998.0425959, 1788735998.7424555, 1788735999.4709914, 1788736000.202723, 1788736000.7609906, 1788736001.3568509, 1788736001.9819324, 1788736002.6293578, 1788736003.304931, 1788736004.0040557, 1788736004.731956, 1788736005.4837046]","[1, 1, 1, 2, 1, 3, 2, 2, 1, 1, 1, 4, 2, 2, 1, 3, 2, 2, 1, 1, 3, 4, 4, 1, 2, 3, 1, 3, 1, 2, 6, 1, 2, 4, 4, 4, 3, 1, 1, 2, 2, 5, 1, 2, 4, 4, 4, 1, 2, 1, 2, 2, 1, 6, 5, 7, 3, 8, 3, 2, 8, 3, 1, 1, 1, 3, 2, 1, 2, 2, 4, 1]"
User-008,0,trace_0707,1788736015.4005508,streaming,19408,381,381,0,302,45.981024503707886,128.05309462547302,0.21597913189938195,0.0,0,True,,1788735887.3473163,1788735933.3283408,1788736015.400411,"[1788735933.3283408, 1788735933.8770263, 1788735934.4834697, 1788735935.1100104, 1788735935.760405, 1788735936.4378042, 1788735937.141624, 1788735937.874998, 1788735938.6489916, 1788735939.4419923, 1788735940.2519834, 1788735940.8575273, 1788735941.4204512, 1788735942.0423672, 1788735942.685943, 1788735943.3552768, 1788735944.0503879, 1788735944.7707903, 1788735945.521546, 1788735946.2985961, 1788735947.049828, 1788735947.5955968, 1788735948.1970608, 1788735948.8236916, 1788735949.4732647, 1788735950.1465585, 1788735950.8521554, 1788735951.5810738, 1788735952.2949433, 1788735952.8418088, 1788735953.4493575, 1788735954.0783422, 1788735954.732586, 1788735955.4106998, 1788735956.114125, 1788735956.8415499, 1788735957.5500345, 1788735958.1206522, 1788735958.7279732, 1788735959.359099, 1788735960.0156927, 1788735960.6870146, 1788735961.3919532, 1788735962.1184711, 1788735962.8659348, 1788735963.477809, 1788735964.0591965, 1788735964.6816924, 1788735965.326572, 1788735965.9927118, 1788735966.6793804, 1788735967.3947093, 1788735968.128785, 1788735968.7522004, 1788735969.3190248, 1788735969.93263, 1788735970.5702565, 1788735971.2384875, 1788735971.9152555, 1788735972.630722, 1788735973.3838208, 1788735974.1548, 1788735974.9511561, 1788735975.7484977, 1788735976.2876494, 1788735976.8875468, 1788735977.5112498, 1788735978.1589146, 1788735978.828792, 1788735979.526316, 1788735980.2506878, 1788735981.006312, 1788735981.7944698, 1788735982.5934227, 1788735983.4857073, 1788735984.2891824, 1788735985.1045024, 1788735985.645262, 1788735986.2496595, 1788735986.88088, 1788735987.534451, 1788735988.214012, 1788735988.9208446, 1788735989.6548502, 1788735990.272721, 1788735990.8457336, 1788735991.4629474, 1788735992.1072505, 1788735992.7844918, 1788735993.4801245, 1788735994.2012014, 1788735994.943493, 1788735995.5505447, 1788735996.1144447, 1788735996.7333164, 1788735997.3745782, 1788735998.0420604, 1788735998.7419517, 1788735999.4704473, 1788736000.2022336, 1788736000.7604795, 1788736001.3562987, 1788736001.9813216, 1788736002.6288373, 1788736003.304313, 1788736004.0035307, 1788736004.7312975, 1788736005.4831152, 1788736006.121344, 1788736006.682258, 1788736007.297149, 1788736007.9432726, 1788736008.6152594, 1788736009.3076901, 1788736010.0187182, 1788736010.762186, 1788736011.5294325, 1788736012.2862065, 1788736012.837922, 1788736013.4398267, 1788736014.06566, 1788736014.7199628, 1788736015.3975606]","[1, 1, 3, 2, 2, 1, 1, 2, 2, 3, 1, 3, 2, 1, 1, 2, 1, 1, 2, 7, 3, 1, 4, 2, 5, 4, 2, 2, 2, 5, 1, 3, 3, 2, 9, 1, 2, 1, 1, 3, 2, 2, 2, 2, 2, 1, 1, 1, 9, 2, 2, 5, 3, 1, 2, 2, 1, 7, 9, 5, 1, 5, 2, 1, 2, 1, 1, 1, 5, 5, 2, 9, 2, 1, 2, 4, 3, 6, 2, 1, 1, 8, 2, 3, 4, 8, 2, 5, 8, 2, 5, 1, 4, 1, 9, 3, 5, 1, 2, 1, 1, 9, 4, 2, 5, 3, 1, 9, 9, 2, 3, 7, 1, 4, 1, 2, 9, 7, 2, 1, 2, 7, 3]"
User-054,0,trace_0666,1788736022.1528518,streaming,17435,124,124,0,272,102.15132880210876,134.0328974723816,0.259199745286771,0.0,0,True,,1788735888.119859,1788735990.2711878,1788736022.1527565,"[1788735990.2711878, 1788735990.844157, 1788735991.4613614, 1788735992.1056316, 1788735992.7829142, 1788735993.4785295, 1788735994.1980102, 1788735994.941849, 1788735995.5481825, 1788735996.1122024, 1788735996.7311487, 1788735997.3724887, 1788735998.039614, 1788735998.7398748, 1788735999.4683192, 1788736000.2002552, 1788736000.757885, 1788736001.354677, 1788736001.9796855, 1788736002.6272292, 1788736003.3026426, 1788736004.0018542, 1788736004.7297409, 1788736005.4815028, 1788736006.1198258, 1788736006.6805017, 1788736007.295497, 1788736007.9415784, 1788736008.613732, 1788736009.306072, 1788736010.0170677, 1788736010.7606514, 1788736011.5278761, 1788736012.2847397, 1788736012.8335207, 1788736013.438115, 1788736014.0640595, 1788736014.7183962, 1788736015.3959117, 1788736016.096629, 1788736016.8253694, 1788736017.5789375, 1788736018.342522, 1788736018.8903737, 1788736019.4905934, 1788736020.1197796, 1788736020.770453, 1788736021.4472506, 1788736022.1480653]","[1, 1, 1, 2, 4, 1, 1, 4, 2, 4, 4, 3, 2, 3, 1, 1, 3, 4, 2, 2, 3, 1, 1, 3, 4, 3, 3, 4, 3, 3, 3, 4, 3, 1, 3, 4, 1, 3, 2, 1, 5, 1, 2, 2, 2, 1, 1, 9, 2]"
User-057,0,trace_0276,1788736022.8837545,streaming,18280,101,101,0,285,107.38611936569214,134.7202410697937,0.2733412170410156,0.0,0,True,,1788735888.1634274,1788735995.5495467,1788736022.8836684,"[1788735995.5495467, 1788735996.1134028, 1788735996.7322664, 1788735997.3735611, 1788735998.0408514, 1788735998.7409153, 1788735999.4693997, 1788736000.2012494, 1788736000.759245, 1788736001.3552551, 1788736001.9802406, 1788736002.62775, 1788736003.3032372, 1788736004.0023537, 1788736004.7302513, 1788736005.48203, 1788736006.1203587, 1788736006.6811476, 1788736007.296032, 1788736007.942194, 1788736008.6142497, 1788736009.3065817, 1788736010.0176034, 1788736010.7611778, 1788736011.5283878, 1788736012.2852254, 1788736012.8340414, 1788736013.438767, 1788736014.0645614, 1788736014.7189472, 1788736015.3964303, 1788736016.0972443, 1788736016.8259387, 1788736017.5795717, 1788736018.3430521, 1788736018.8909, 1788736019.4911342, 1788736020.120304, 1788736020.7709875, 1788736021.4478385, 1788736022.1488597, 1788736022.8796225]","[1, 1, 5, 1, 2, 2, 2, 1, 1, 2, 2, 3, 4, 3, 1, 4, 2, 1, 3, 1, 2, 6, 2, 1, 2, 1, 3, 1, 2, 2, 1, 2, 1, 6, 2, 3, 6, 6, 2, 3, 1, 4]"
User-061,0,trace_0046,1788736040.8927567,streaming,21903,116,116,0,341,123.97934579849243,152.58392119407654,0.2487354382224705,0.0,0,True,,1788735888.3086734,1788736012.2880192,1788736040.8925946,"[1788736012.2880192, 1788736012.8392515, 1788736013.4409668, 1788736014.0671704, 1788736014.7215183, 1788736015.3993914, 1788736016.1023438, 1788736016.828107, 1788736017.581641, 1788736018.3458972, 1788736018.8935606, 1788736019.4937801, 1788736020.1230745, 1788736020.7736838, 1788736021.450457, 1788736022.1516995, 1788736022.8827748, 1788736023.637748, 1788736024.41661, 1788736025.222653, 1788736026.0523586, 1788736026.9488416, 1788736027.4915335, 1788736028.1083536, 1788736028.7340033, 1788736029.383581, 1788736030.054507, 1788736030.7489858, 1788736031.4702773, 1788736032.2150815, 1788736032.9998727, 1788736033.7951794, 1788736034.6247306, 1788736035.4856033, 1788736036.4113078, 1788736036.9410603, 1788736037.5397236, 1788736038.1636138, 1788736038.8107116, 1788736039.4829085, 1788736040.1741645, 1788736040.8913183]","[1, 2, 3, 1, 1, 1, 2, 4, 2, 2, 2, 1, 1, 2, 4, 1, 3, 4, 1, 1, 2, 2, 3, 8, 3, 1, 1, 2, 6, 1, 9, 1, 3, 5, 2, 6, 6, 2, 2, 1, 6, 5]"
User-058,0,trace_0586,1788736046.277378,streaming,17876,180,180,0,278,111.99149560928345,158.07040882110596,0.257424096155433,0.0,0,True,,1788735888.2068853,1788736000.198381,1788736046.2772942,"[1788736000.198381, 1788736000.7560937, 1788736001.352915, 1788736001.977777, 1788736002.6254249, 1788736003.30087, 1788736004.0001612, 1788736004.7279568, 1788736005.479687, 1788736006.117057, 1788736006.677821, 1788736007.293132, 1788736007.9392757, 1788736008.611383, 1788736009.3037667, 1788736010.014865, 1788736010.758304, 1788736011.5255055, 1788736012.2823043, 1788736012.8309739, 1788736013.4356809, 1788736014.0617101, 1788736014.7160487, 1788736015.3936038, 1788736016.09414, 1788736016.8228712, 1788736017.5764341, 1788736018.3401818, 1788736018.8878634, 1788736019.4881556, 1788736020.114183, 1788736020.7681642, 1788736021.4448853, 1788736022.1456146, 1788736022.8771605, 1788736023.630322, 1788736024.4120853, 1788736025.218119, 1788736026.0478566, 1788736026.943977, 1788736027.4890823, 1788736028.103218, 1788736028.7283623, 1788736029.3780088, 1788736030.0494866, 1788736030.7435791, 1788736031.4647663, 1788736032.2096472, 1788736032.9975672, 1788736033.7899215, 1788736034.6195958, 1788736035.4806492, 1788736036.405473, 1788736036.9354908, 1788736037.5341153, 1788736038.1579633, 1788736038.805155, 1788736039.4772608, 1788736040.1685994, 1788736040.8856382, 1788736041.6302018, 1788736042.4091213, 1788736043.1137402, 1788736043.6772988, 1788736044.2885346, 1788736044.9265773, 1788736045.5895839, 1788736046.2730658]","[1, 1, 2, 1, 1, 1, 3, 2, 1, 2, 1, 7, 1, 3, 3, 3, 1, 5, 2, 1, 6, 2, 4, 1, 3, 3, 2, 1, 2, 2, 6, 2, 4, 4, 2, 4, 3, 3, 4, 2, 2, 6, 2, 2, 1, 5, 1, 2, 1, 5, 3, 1, 6, 2, 3, 1, 8, 1, 5, 3, 1, 2, 4, 5, 1, 1, 1, 3]"
User-017,2,trace_0726,1788736046.280977,streaming,20949,127,127,317,3,129.99027514457703,157.92679500579834,0.22171841159699454,6.0,0,True,,1788735888.3541126,1788736018.3443878,1788736046.2809076,"[1788736018.3443878, 1788736018.8919334, 1788736019.4921882, 1788736020.121381, 1788736020.7720144, 1788736021.448855, 1788736022.1499066, 1788736022.8811529, 1788736023.6331449, 1788736024.414953, 1788736025.2210162, 1788736026.0506825, 1788736026.9469464, 1788736027.4905484, 1788736028.1062603, 1788736028.7317834, 1788736029.3809643, 1788736030.0523598, 1788736030.7467747, 1788736031.468074, 1788736032.2128336, 1788736032.9989274, 1788736033.7928834, 1788736034.622439, 1788736035.483433, 1788736036.4093206, 1788736036.9390364, 1788736037.5375888, 1788736038.1614058, 1788736038.8085356, 1788736039.4807413, 1788736040.172011, 1788736040.8890753, 1788736041.6338787, 1788736042.4124854, 1788736043.1179771, 1788736043.6813993, 1788736044.292695, 1788736044.9304674, 1788736045.5934439, 1788736046.2778065]","[1, 1, 1, 3, 3, 4, 3, 1, 3, 5, 6, 5, 1, 2, 3, 1, 1, 2, 2, 2, 1, 7, 5, 9, 9, 1, 1, 1, 6, 2, 1, 5, 5, 2, 4, 1, 2, 4, 4, 2, 5]"
User-025,5,trace_0588,1788736059.0421717,streaming,30059,120,120,463,3,147.92033410072327,170.55407285690308,0.19019948534604883,7.0,0,True,,1788735888.4879963,1788736036.4083304,1788736059.0420692,"[1788736036.4083304, 1788736036.9379709, 1788736037.5365536, 1788736038.1603818, 1788736038.8075225, 1788736039.4796567, 1788736040.1709714, 1788736040.8880482, 1788736041.6326897, 1788736042.4114666, 1788736043.1169565, 1788736043.680275, 1788736044.2913988, 1788736044.9294446, 1788736045.5924091, 1788736046.2763197, 1788736046.977294, 1788736047.7080815, 1788736048.4672396, 1788736049.1690667, 1788736049.7219698, 1788736050.3331275, 1788736050.970065, 1788736051.6388032, 1788736052.3602517, 1788736053.0230944, 1788736053.75651, 1788736054.3611884, 1788736054.9306028, 1788736055.5573897, 1788736056.2044933, 1788736056.872421, 1788736057.5651422, 1788736058.2844117, 1788736059.0384502]","[1, 3, 3, 2, 3, 9, 2, 1, 8, 2, 3, 6, 8, 1, 6, 2, 1, 4, 1, 1, 1, 6, 8, 1, 3, 1, 4, 5, 2, 3, 2, 9, 2, 5, 1]"
User-022,19,trace_0418,1788736062.2991188,streaming,28118,173,173,423,4,138.53122401237488,173.88180828094482,0.20552665272424386,7.0,0,True,,1788735888.4172204,1788736026.9484444,1788736062.2990286,"[1788736026.9484444, 1788736027.4912822, 1788736028.1078343, 1788736028.7333963, 1788736029.383011, 1788736030.0540166, 1788736030.7484717, 1788736031.4697409, 1788736032.214499, 1788736032.9996235, 1788736033.7946002, 1788736034.624182, 1788736035.4850712, 1788736036.4107993, 1788736036.9405491, 1788736037.5392094, 1788736038.1631076, 1788736038.8102016, 1788736039.482385, 1788736040.1736588, 1788736040.8907852, 1788736041.6354847, 1788736042.4141402, 1788736043.1194854, 1788736043.6829405, 1788736044.294469, 1788736044.9321113, 1788736045.5951347, 1788736046.279712, 1788736046.9793916, 1788736047.7102265, 1788736048.4694057, 1788736049.1710813, 1788736049.7240593, 1788736050.336277, 1788736050.972063, 1788736051.6408875, 1788736052.3612354, 1788736053.0247693, 1788736053.7586195, 1788736054.3632748, 1788736054.9327755, 1788736055.559498, 1788736056.2066205, 1788736056.8746011, 1788736057.5672884, 1788736058.286541, 1788736059.0410337, 1788736059.8145967, 1788736060.6169949, 1788736061.442143, 1788736062.2977226]","[1, 3, 1, 6, 4, 1, 1, 4, 8, 1, 9, 7, 4, 5, 3, 2, 2, 4, 2, 2, 1, 5, 4, 1, 6, 2, 8, 2, 2, 2, 6, 7, 9, 4, 2, 5, 5, 6, 2, 3, 1, 2, 1, 1, 2, 1, 2, 3, 2, 2, 2, 2]"
User-059,0,trace_0656,1788736064.0265083,streaming,19466,260,260,0,303,117.86611533164978,175.77320456504822,0.22357949510964648,0.0,0,True,,1788735888.2532039,1788736006.1193192,1788736064.0264084,"[1788736006.1193192, 1788736006.679946, 1788736007.294984, 1788736007.9410465, 1788736008.613206, 1788736009.3055692, 1788736010.016551, 1788736010.7601194, 1788736011.5273514, 1788736012.284241, 1788736012.8330188, 1788736013.4375796, 1788736014.0635192, 1788736014.717867, 1788736015.3953917, 1788736016.0960884, 1788736016.8247492, 1788736017.5783641, 1788736018.3420208, 1788736018.8896456, 1788736019.4900894, 1788736020.1192515, 1788736020.76995, 1788736021.4466934, 1788736022.1474674, 1788736022.8790495, 1788736023.6320977, 1788736024.4138641, 1788736025.2199697, 1788736026.0496635, 1788736026.9458833, 1788736027.4900439, 1788736028.1051297, 1788736028.7306268, 1788736029.379851, 1788736030.051314, 1788736030.7456863, 1788736031.4669416, 1788736032.2114055, 1788736032.998423, 1788736033.791807, 1788736034.6213999, 1788736035.4823847, 1788736036.4074771, 1788736036.9374356, 1788736037.5360286, 1788736038.1598523, 1788736038.8069851, 1788736039.4790955, 1788736040.1704102, 1788736040.8875241, 1788736041.6321168, 1788736042.4109633, 1788736043.1155906, 1788736043.679249, 1788736044.2903168, 1788736044.9284003, 1788736045.5913877, 1788736046.2752855, 1788736046.9750326, 1788736047.7057498, 1788736048.464892, 1788736049.1657217, 1788736049.7187827, 1788736050.330213, 1788736050.9672027, 1788736051.6359503, 1788736052.3588958, 1788736053.020238, 1788736053.7537, 1788736054.357492, 1788736054.9269295, 1788736055.5540493, 1788736056.201042, 1788736056.8690376, 1788736057.5617476, 1788736058.280985, 1788736059.035064, 1788736059.8095922, 1788736060.6119797, 1788736061.4367907, 1788736062.292364, 1788736063.1675754, 1788736064.02137]","[1, 1, 1, 3, 2, 2, 1, 3, 1, 3, 1, 1, 4, 4, 3, 3, 6, 1, 3, 4, 1, 3, 1, 1, 4, 6, 2, 5, 3, 1, 5, 4, 1, 2, 2, 4, 1, 9, 3, 2, 2, 4, 1, 3, 9, 4, 2, 4, 9, 5, 2, 4, 1, 3, 2, 9, 1, 2, 4, 2, 2, 8, 3, 4, 7, 5, 2, 2, 2, 3, 4, 4, 1, 8, 4, 1, 2, 1, 2, 1, 4, 1, 1, 7]"
User-041,0,trace_0570,1788736064.5680366,streaming,18596,326,317,0,290,80.85738825798035,176.67180490493774,0.3032101792625234,0.0,0,True,,1788735887.8961368,1788735968.753525,1788736064.5679417,"[1788735968.753525, 1788735969.3200383, 1788735969.9336324, 1788735970.5713108, 1788735971.239656, 1788735971.916332, 1788735972.6317742, 1788735973.3848262, 1788735974.1559603, 1788735974.952175, 1788735975.7494855, 1788735976.2887466, 1788735976.8886192, 1788735977.5124319, 1788735978.1599908, 1788735978.8299077, 1788735979.5273833, 1788735980.2518322, 1788735981.0075614, 1788735981.7955747, 1788735982.5944397, 1788735983.4861863, 1788735984.2903492, 1788735985.1055279, 1788735985.6463878, 1788735986.2508345, 1788735986.881887, 1788735987.5355139, 1788735988.2151291, 1788735988.9219897, 1788735989.655883, 1788735990.2737331, 1788735990.846796, 1788735991.4639857, 1788735992.1083305, 1788735992.7855356, 1788735993.4811597, 1788735994.2022727, 1788735994.9445603, 1788735995.5516193, 1788735996.1156151, 1788735996.7343905, 1788735997.375635, 1788735998.0432122, 1788735998.7429905, 1788735999.471555, 1788736000.2032237, 1788736000.7614818, 1788736001.357432, 1788736001.982457, 1788736002.6299229, 1788736003.3054545, 1788736004.0045555, 1788736004.7325022, 1788736005.4846478, 1788736006.122089, 1788736006.6828058, 1788736007.2976713, 1788736007.943843, 1788736008.6157703, 1788736009.3082604, 1788736010.0192344, 1788736010.7627084, 1788736011.529978, 1788736012.2867255, 1788736013.44023, 1788736014.066186, 1788736015.3983533, 1788736016.0983038, 1788736016.8270764, 1788736017.5806239, 1788736018.3448894, 1788736018.892577, 1788736019.4927585, 1788736020.1219985, 1788736020.7726107, 1788736021.4494424, 1788736022.1505783, 1788736022.8816876, 1788736023.6336713, 1788736024.4155064, 1788736025.2215645, 1788736026.0512605, 1788736026.947377, 1788736027.4907954, 1788736028.1068127, 1788736028.7323203, 1788736029.3814957, 1788736030.0529513, 1788736030.747394, 1788736031.4686098, 1788736032.2134545, 1788736033.793487, 1788736035.484, 1788736036.409821, 1788736037.5381696, 1788736038.1619267, 1788736038.8090663, 1788736039.4812558, 1788736040.1726248, 1788736040.8896413, 1788736041.6343894, 1788736042.4130247, 1788736043.1184642, 1788736043.6819255, 1788736044.2933817, 1788736044.9310617, 1788736045.5941064, 1788736046.2786067, 1788736046.9782934, 1788736047.7091093, 1788736048.468371, 1788736049.1700363, 1788736049.7230413, 1788736050.3342807, 1788736051.639833, 1788736052.360744, 1788736053.7575989, 1788736054.3622286, 1788736054.9317, 1788736055.5584683, 1788736056.2055342, 1788736056.8735833, 1788736057.5662215, 1788736058.285527, 1788736059.0399303, 1788736059.8135204, 1788736060.6158605, 1788736061.4410312, 1788736062.2965987, 1788736063.1714866, 1788736064.026915, 1788736064.5660233]","[1, 1, 1, 1, 1, 1, 4, 1, 2, 2, 4, 1, 4, 1, 3, 3, 4, 3, 3, 1, 1, 4, 1, 3, 2, 1, 3, 5, 2, 2, 1, 1, 1, 2, 1, 3, 1, 1, 2, 1, 1, 1, 3, 1, 3, 1, 1, 4, 1, 2, 1, 2, 1, 1, 1, 2, 1, 3, 8, 1, 6, 2, 1, 3, 1, 1, 1, 1, 6, 3, 1, 3, 1, 4, 3, 6, 1, 1, 3, 2, 3, 4, 5, 2, 1, 1, 2, 3, 4, 1, 1, 1, 1, 1, 1, 1, 1, 6, 4, 4, 6, 2, 7, 2, 3, 8, 4, 3, 7, 1, 5, 4, 2, 1, 1, 1, 1, 1, 5, 6, 4, 6, 1, 1, 3, 1, 3, 2, 1, 4, 1, 2, 2]"
User-044,0,trace_0272,1788736065.805481,streaming,24544,315,315,0,383,87.74953174591064,177.80747938156128,0.2868087504320084,0.0,0,True,,1788735887.9977927,1788735975.7473245,1788736065.805272,"[1788735975.7473245, 1788735976.2865698, 1788735976.8864791, 1788735977.510126, 1788735978.1576674, 1788735978.827758, 1788735979.5253203, 1788735980.2496655, 1788735981.0052874, 1788735981.792828, 1788735982.5928998, 1788735983.4854574, 1788735984.2886412, 1788735985.103953, 1788735985.644737, 1788735986.2491055, 1788735986.8803596, 1788735987.5339334, 1788735988.2134535, 1788735988.920315, 1788735989.6543117, 1788735990.2722237, 1788735990.8451822, 1788735991.4623866, 1788735992.1066573, 1788735992.7839847, 1788735993.47962, 1788735994.2006524, 1788735994.942978, 1788735995.5500438, 1788735996.1139154, 1788735996.7327843, 1788735997.3740585, 1788735998.0413766, 1788735998.7414284, 1788735999.4699306, 1788736000.201739, 1788736000.7599332, 1788736001.3557875, 1788736001.980772, 1788736002.6282923, 1788736003.3037777, 1788736004.0029285, 1788736004.730784, 1788736005.4825718, 1788736006.1208608, 1788736006.6816874, 1788736007.2965755, 1788736007.9427059, 1788736008.6147616, 1788736009.3071725, 1788736010.0181973, 1788736010.761678, 1788736011.528908, 1788736012.2857203, 1788736012.834536, 1788736013.4392993, 1788736014.0650768, 1788736014.7194626, 1788736015.3970318, 1788736016.0977762, 1788736016.8265393, 1788736017.5801058, 1788736018.3435647, 1788736018.8914132, 1788736019.491661, 1788736020.1208494, 1788736020.771501, 1788736021.4483457, 1788736022.1493802, 1788736022.8806067, 1788736023.6326163, 1788736024.414409, 1788736025.220499, 1788736026.0501702, 1788736026.946405, 1788736027.490301, 1788736028.1056526, 1788736028.7312393, 1788736029.3803804, 1788736030.0518453, 1788736030.7462084, 1788736031.4675531, 1788736032.2122173, 1788736032.9986663, 1788736033.7923415, 1788736034.621932, 1788736035.4829087, 1788736036.4088268, 1788736036.9385016, 1788736037.5370665, 1788736038.1608937, 1788736038.8080373, 1788736039.4802217, 1788736040.1714907, 1788736040.8885605, 1788736041.633351, 1788736042.4119844, 1788736043.1174579, 1788736043.6808178, 1788736044.2919405, 1788736044.9299617, 1788736045.5929227, 1788736046.2768345, 1788736046.9777927, 1788736047.70861, 1788736048.46776, 1788736049.1695518, 1788736049.7225041, 1788736050.333701, 1788736050.9705818, 1788736051.6393063, 1788736052.3604982, 1788736053.023698, 1788736053.7570236, 1788736054.3617098, 1788736054.9311316, 1788736055.5578969, 1788736056.2050076, 1788736056.8730567, 1788736057.5656545, 1788736058.2849388, 1788736059.0392518, 1788736059.813025, 1788736060.615358, 1788736061.4403453, 1788736062.2960896, 1788736063.1709542, 1788736064.0251622, 1788736064.564966, 1788736065.1652427, 1788736065.802599]","[1, 1, 1, 6, 2, 3, 3, 4, 3, 4, 2, 2, 2, 5, 1, 4, 4, 2, 4, 1, 1, 1, 9, 1, 7, 2, 5, 3, 1, 1, 3, 3, 2, 1, 2, 1, 2, 3, 2, 1, 3, 2, 1, 1, 1, 2, 6, 1, 5, 1, 3, 1, 1, 4, 1, 6, 4, 2, 1, 1, 4, 1, 2, 2, 4, 3, 2, 1, 1, 3, 3, 3, 1, 2, 2, 4, 4, 3, 2, 1, 1, 2, 1, 4, 1, 6, 1, 1, 2, 1, 3, 2, 1, 2, 3, 3, 2, 1, 5, 1, 1, 2, 4, 3, 1, 1, 4, 1, 2, 2, 3, 3, 2, 1, 1, 7, 1, 3, 4, 3, 1, 3, 2, 3, 1, 1, 1, 3, 2, 2, 2, 1]"
User-053,0,trace_0176,1788736065.8057425,streaming,29936,291,291,0,467,97.03058052062988,177.728844165802,0.27826987463852454,0.0,0,True,,1788735888.0768185,1788735985.107399,1788736065.8056626,"[1788735985.107399, 1788735985.6480074, 1788735986.2524235, 1788735986.8835146, 1788735987.5370994, 1788735988.2167566, 1788735988.9236467, 1788735989.657485, 1788735990.2752202, 1788735990.8483777, 1788735991.465617, 1788735992.1099691, 1788735992.787148, 1788735993.482809, 1788735994.2042263, 1788735994.9456327, 1788735995.5526185, 1788735996.1166615, 1788735996.7354884, 1788735997.376779, 1788735998.0442138, 1788735998.7439172, 1788735999.472549, 1788736000.2041936, 1788736000.7625926, 1788736001.3584435, 1788736001.9835553, 1788736002.630972, 1788736003.3064926, 1788736004.0055895, 1788736004.7335184, 1788736005.4856844, 1788736006.1232939, 1788736006.6838813, 1788736007.2986946, 1788736007.944933, 1788736008.6168308, 1788736009.309312, 1788736010.0202801, 1788736010.7637875, 1788736011.531095, 1788736012.2885065, 1788736012.8396711, 1788736013.4413679, 1788736014.0676703, 1788736014.722038, 1788736015.399891, 1788736016.1029472, 1788736016.8286293, 1788736017.582173, 1788736018.3463948, 1788736018.8940837, 1788736019.494284, 1788736020.1235924, 1788736020.7742014, 1788736021.451003, 1788736022.1522725, 1788736022.8832996, 1788736023.638422, 1788736024.4171162, 1788736025.2231762, 1788736026.052872, 1788736026.9492364, 1788736027.4917946, 1788736028.1088974, 1788736028.7345545, 1788736029.384112, 1788736030.0550134, 1788736030.7494988, 1788736031.4708292, 1788736032.2156162, 1788736033.0001597, 1788736033.795703, 1788736034.625245, 1788736035.4861302, 1788736036.4117951, 1788736036.9416096, 1788736037.5402596, 1788736038.1641212, 1788736038.8112597, 1788736039.4834259, 1788736040.1746995, 1788736040.8921282, 1788736041.6360166, 1788736042.4146628, 1788736043.1199765, 1788736043.6834645, 1788736044.2949932, 1788736044.9326444, 1788736045.595639, 1788736046.280224, 1788736046.9799032, 1788736047.7107587, 1788736048.469936, 1788736049.1716053, 1788736049.7245808, 1788736050.3368022, 1788736050.9725854, 1788736051.6414106, 1788736052.3614817, 1788736053.0251536, 1788736053.7591567, 1788736054.3637679, 1788736054.933297, 1788736055.5600092, 1788736056.207136, 1788736056.8751423, 1788736057.5677984, 1788736058.2870662, 1788736059.0416634, 1788736059.8151014, 1788736060.617508, 1788736061.442661, 1788736062.298542, 1788736063.172561, 1788736064.0281093, 1788736064.567502, 1788736065.1668842, 1788736065.8045225]","[1, 3, 1, 3, 1, 1, 1, 1, 5, 1, 3, 1, 1, 6, 1, 6, 2, 3, 2, 1, 2, 7, 1, 2, 1, 2, 3, 3, 1, 2, 1, 4, 2, 1, 1, 1, 1, 2, 2, 1, 1, 3, 2, 2, 6, 3, 2, 1, 3, 2, 1, 2, 2, 1, 2, 2, 2, 3, 1, 4, 1, 2, 7, 2, 3, 1, 3, 2, 5, 4, 1, 1, 2, 4, 3, 4, 5, 7, 2, 9, 1, 4, 1, 1, 1, 4, 2, 1, 2, 2, 1, 2, 1, 1, 7, 3, 4, 1, 2, 7, 3, 2, 2, 2, 1, 2, 4, 1, 5, 2, 4, 1, 4, 1, 4, 2, 3, 1, 2]"
User-035,3,trace_0062,1788736084.8034713,streaming,17635,149,149,260,9,165.60289931297302,196.04559993743896,0.20569392313828339,8.0,0,True,,1788735888.757789,1788736054.3606882,1788736084.8033888,"[1788736054.3606882, 1788736054.9300787, 1788736055.5568779, 1788736056.2039483, 1788736056.8718922, 1788736057.5646014, 1788736058.283873, 1788736059.0379224, 1788736059.8124766, 1788736060.614848, 1788736061.4398515, 1788736062.2955692, 1788736063.1704154, 1788736064.0246785, 1788736064.5644522, 1788736065.1646905, 1788736065.8019845, 1788736066.4520442, 1788736067.1314013, 1788736067.835641, 1788736068.5753422, 1788736069.3537226, 1788736070.1367025, 1788736070.9565306, 1788736071.7555015, 1788736072.3018208, 1788736073.0260582, 1788736073.5449464, 1788736074.2063036, 1788736074.8879056, 1788736075.5971484, 1788736076.3319485, 1788736077.0948505, 1788736077.8554432, 1788736078.4209647, 1788736079.0277429, 1788736079.6617262, 1788736080.3214457, 1788736080.999394, 1788736081.705254, 1788736082.4418683, 1788736083.19749, 1788736083.9830124, 1788736084.8005347]","[1, 2, 1, 6, 4, 6, 6, 2, 6, 2, 1, 3, 3, 1, 4, 7, 2, 3, 2, 2, 1, 2, 8, 3, 4, 7, 4, 4, 1, 3, 2, 8, 6, 1, 3, 1, 5, 3, 6, 2, 2, 3, 2, 4]"
User-042,2,trace_0582,1788736092.804482,streaming,21315,75,75,319,11,188.84715223312378,203.79426741600037,0.20198804301184578,11.0,0,True,,1788735889.0101254,1788736077.8572776,1788736092.8043928,"[1788736077.8572776, 1788736078.4226904, 1788736079.0294023, 1788736079.6666431, 1788736080.3230886, 1788736081.001, 1788736081.7068725, 1788736082.4435544, 1788736083.199085, 1788736083.9846423, 1788736084.8024092, 1788736085.6447146, 1788736086.5148747, 1788736087.4061496, 1788736088.1952379, 1788736088.7485752, 1788736089.3559008, 1788736089.9925961, 1788736090.6574087, 1788736091.3440135, 1788736092.0572586, 1788736092.8033605]","[1, 3, 3, 2, 3, 9, 2, 7, 4, 8, 2, 2, 2, 2, 2, 9, 1, 2, 1, 1, 3, 6]"
User-045,6,trace_0729,1788736107.3045948,streaming,32369,108,108,500,2,199.1117479801178,218.22255778312683,0.17860569909354237,6.0,0,True,,1788735889.0819468,1788736088.1936948,1788736107.3045046,"[1788736088.1936948, 1788736088.7469387, 1788736089.3542986, 1788736089.9908872, 1788736090.6558783, 1788736091.342469, 1788736092.055679, 1788736092.801859, 1788736093.5602794, 1788736094.354844, 1788736095.1747835, 1788736096.0244935, 1788736096.9085698, 1788736097.813633, 1788736098.466203, 1788736099.0221257, 1788736099.6453955, 1788736100.2938874, 1788736100.966263, 1788736101.6613052, 1788736102.3851428, 1788736103.1468139, 1788736103.931916, 1788736104.738134, 1788736105.568129, 1788736106.425441, 1788736107.3021965]","[1, 6, 3, 2, 1, 2, 2, 1, 4, 3, 6, 4, 1, 7, 5, 1, 5, 3, 6, 5, 6, 9, 9, 3, 2, 6, 5]"
User-055,2,trace_0449,1788736114.1489432,streaming,20692,189,189,232,84,160.45182609558105,225.43261098861694,0.34564247283529725,12.0,0,True,,1788735888.7162383,1788736049.1680644,1788736114.1488492,"[1788736049.1680644, 1788736049.7208543, 1788736050.3321128, 1788736050.9690282, 1788736051.6377518, 1788736052.359756, 1788736053.0220242, 1788736053.7554913, 1788736054.3593564, 1788736054.929044, 1788736055.5558643, 1788736056.2028904, 1788736056.870832, 1788736057.5635612, 1788736058.2828174, 1788736059.0368552, 1788736059.8114274, 1788736060.6137822, 1788736061.438805, 1788736062.2944424, 1788736063.1693685, 1788736064.0236754, 1788736064.5634222, 1788736065.1636417, 1788736065.8009195, 1788736066.4509966, 1788736067.1302788, 1788736067.83453, 1788736068.5742304, 1788736069.3526173, 1788736070.135651, 1788736070.9554832, 1788736071.7544258, 1788736072.3004296, 1788736073.025548, 1788736073.5434363, 1788736074.2052093, 1788736074.8868167, 1788736075.5960996, 1788736076.3308873, 1788736077.0937564, 1788736077.854396, 1788736078.4198961, 1788736079.0266109, 1788736079.660667, 1788736080.3203726, 1788736080.9982705, 1788736081.7041624, 1788736082.4407372, 1788736083.1964035, 1788736083.9819481, 1788736084.799468, 1788736085.6426075, 1788736086.5127556, 1788736087.4039927, 1788736088.1923013, 1788736088.7458537, 1788736089.3532484, 1788736089.9897907, 1788736090.65481, 1788736091.341395, 1788736092.0545378, 1788736092.8008037, 1788736093.5592196, 1788736094.3537393, 1788736095.1736221, 1788736096.0233836, 1788736096.9075015, 1788736097.8125792, 1788736098.461602, 1788736099.0204506, 1788736099.6437905, 1788736100.292235, 1788736100.9646344, 1788736101.6594164, 1788736102.3835344, 1788736103.1451778, 1788736103.9302354, 1788736104.7365112, 1788736105.566506, 1788736106.4238474, 1788736107.2997687, 1788736107.8321116, 1788736108.4383192, 1788736109.0686994, 1788736109.7234843, 1788736110.3997197, 1788736111.1034262, 1788736111.8309805, 1788736112.5903332, 1788736113.3759131, 1788736114.1442382]","[1, 1, 1, 2, 2, 2, 5, 2, 2, 2, 1, 1, 1, 1, 1, 3, 2, 1, 3, 1, 1, 2, 1, 3, 5, 1, 1, 4, 2, 3, 1, 2, 2, 3, 2, 4, 2, 1, 1, 1, 1, 2, 2, 3, 2, 2, 4, 1, 6, 1, 2, 1, 1, 2, 1, 3, 1, 2, 1, 2, 2, 5, 1, 1, 1, 4, 5, 1, 2, 1, 1, 3, 2, 2, 2, 1, 3, 2, 3, 4, 2, 1, 2, 1, 2, 2, 5, 1, 1, 2, 4, 3]"
User-021,2,trace_0266,1788736123.9443398,streaming,25895,217,217,346,7,182.87069964408875,235.05857968330383,0.24161055573710688,15.0,0,True,,1788735888.88566,1788736071.7563596,1788736123.9442396,"[1788736071.7563596, 1788736072.3023417, 1788736073.026302, 1788736073.5454772, 1788736074.2068496, 1788736074.8884277, 1788736075.597667, 1788736076.3325186, 1788736077.0953877, 1788736077.8559413, 1788736078.4214754, 1788736079.0283477, 1788736079.6622636, 1788736080.3220367, 1788736080.999935, 1788736081.7057788, 1788736082.442387, 1788736083.1980114, 1788736083.9835348, 1788736084.8013613, 1788736085.6437044, 1788736086.513818, 1788736087.4050758, 1788736088.194201, 1788736088.7475302, 1788736089.3548455, 1788736089.9914126, 1788736090.6563854, 1788736091.3429923, 1788736092.056219, 1788736092.8023593, 1788736093.560805, 1788736094.355364, 1788736095.1755362, 1788736096.0250335, 1788736096.9090815, 1788736097.8141692, 1788736098.466774, 1788736099.022642, 1788736099.6459439, 1788736100.2944202, 1788736100.9668453, 1788736101.6618662, 1788736102.3856976, 1788736103.1473582, 1788736103.9325056, 1788736104.7386785, 1788736105.5686414, 1788736106.4259639, 1788736107.3030014, 1788736107.8344057, 1788736108.4404254, 1788736109.0708165, 1788736109.725538, 1788736110.4018111, 1788736111.105606, 1788736111.8331351, 1788736112.5925412, 1788736113.3780363, 1788736114.1465247, 1788736114.6956189, 1788736115.3055835, 1788736115.9365847, 1788736116.5948284, 1788736117.2734933, 1788736117.983546, 1788736118.7163382, 1788736119.4811747, 1788736120.2669313, 1788736121.0809515, 1788736121.9211638, 1788736122.794357, 1788736123.3351398, 1788736123.9418259]","[1, 1, 1, 3, 4, 3, 2, 3, 1, 1, 3, 2, 8, 1, 1, 1, 2, 4, 3, 1, 3, 5, 6, 4, 2, 3, 4, 1, 1, 5, 1, 3, 5, 1, 4, 3, 2, 1, 1, 3, 4, 1, 1, 4, 3, 1, 4, 3, 6, 2, 1, 2, 1, 4, 9, 3, 5, 2, 2, 4, 6, 2, 7, 5, 9, 1, 2, 7, 1, 3, 1, 1, 4, 2]"
User-011,0,trace_0694,1788736127.3309615,streaming,24258,686,680,0,378,53.4146249294281,239.89011478424072,0.2746325329231408,0.0,0,True,,1788735887.4407487,1788735940.8553736,1788736127.3308635,"[1788735940.8553736, 1788735941.4180534, 1788735942.0401163, 1788735942.683709, 1788735943.3529863, 1788735944.0481553, 1788735944.768489, 1788735945.5193527, 1788735946.2964244, 1788735947.047213, 1788735947.5927799, 1788735948.1944547, 1788735948.8213282, 1788735949.4709814, 1788735950.1443832, 1788735950.8495166, 1788735951.5788705, 1788735952.2913578, 1788735952.8384867, 1788735953.4462197, 1788735954.0756211, 1788735954.7299037, 1788735955.407846, 1788735956.110985, 1788735956.8387742, 1788735957.5472581, 1788735958.1177804, 1788735958.724775, 1788735959.356256, 1788735960.0129116, 1788735960.6838248, 1788735961.388829, 1788735962.1151326, 1788735962.8630655, 1788735963.4742637, 1788735964.0558815, 1788735964.678398, 1788735965.323143, 1788735965.9892278, 1788735966.6760285, 1788735967.3910866, 1788735968.1264894, 1788735968.7499733, 1788735969.3165796, 1788735969.93034, 1788735970.5680165, 1788735971.236004, 1788735971.9129755, 1788735972.6285133, 1788735973.3815372, 1788735974.1526017, 1788735974.9482257, 1788735975.745072, 1788735976.8847713, 1788735977.508484, 1788735978.8260598, 1788735979.5235727, 1788735980.2479975, 1788735981.003291, 1788735981.7917128, 1788735982.5917072, 1788735983.4849148, 1788735984.2874744, 1788735985.102713, 1788735985.6435301, 1788735986.248015, 1788735986.8791666, 1788735987.5327191, 1788735988.2122946, 1788735988.9192271, 1788735989.6531324, 1788735990.2701998, 1788735990.843498, 1788735991.4607162, 1788735992.1049912, 1788735992.7822435, 1788735993.477866, 1788735994.1973698, 1788735994.941208, 1788735995.5474753, 1788735996.1115367, 1788735996.7304695, 1788735997.371823, 1788735998.0389774, 1788735998.7393296, 1788735999.4676867, 1788736000.1997333, 1788736000.7573466, 1788736001.3541467, 1788736001.9791257, 1788736002.626645, 1788736003.30211, 1788736004.0013413, 1788736004.7292206, 1788736005.4809663, 1788736006.1184278, 1788736006.679224, 1788736007.29442, 1788736007.9405353, 1788736008.612662, 1788736009.3050508, 1788736010.0160253, 1788736010.7595906, 1788736011.5268154, 1788736012.2837303, 1788736012.8323555, 1788736013.4370418, 1788736014.0629916, 1788736014.7173193, 1788736015.3948677, 1788736016.0955577, 1788736016.8241885, 1788736017.5778008, 1788736018.3414812, 1788736018.8891332, 1788736019.4894025, 1788736020.1186428, 1788736020.76943, 1788736021.4461513, 1788736022.14694, 1788736022.8784912, 1788736023.6315866, 1788736024.4133282, 1788736025.2194145, 1788736026.04912, 1788736026.9453585, 1788736027.489799, 1788736028.1045911, 1788736028.7297924, 1788736029.379338, 1788736030.0507727, 1788736030.7450917, 1788736031.4661043, 1788736032.2108955, 1788736032.9981763, 1788736033.7912726, 1788736034.620862, 1788736035.4818726, 1788736036.4069457, 1788736036.9367542, 1788736037.535469, 1788736038.1592815, 1788736038.806433, 1788736039.4785254, 1788736040.1698773, 1788736040.8869524, 1788736041.6315918, 1788736042.4103673, 1788736043.1149604, 1788736043.678565, 1788736044.289787, 1788736044.9278674, 1788736045.5908513, 1788736046.2747116, 1788736046.9762745, 1788736047.7070343, 1788736048.4661796, 1788736049.16718, 1788736049.720144, 1788736050.3315537, 1788736050.9685035, 1788736051.637218, 1788736052.3595028, 1788736053.0214937, 1788736053.7549646, 1788736054.3586829, 1788736054.928332, 1788736055.5553157, 1788736056.2023306, 1788736056.8702798, 1788736057.5630407, 1788736058.2822297, 1788736059.036337, 1788736059.8108811, 1788736060.613228, 1788736061.438043, 1788736062.2937975, 1788736063.1688259, 1788736064.0231385, 1788736064.5627716, 1788736065.163026, 1788736065.8003376, 1788736066.45033, 1788736067.12973, 1788736067.8339064, 1788736068.573604, 1788736069.351942, 1788736070.1350324, 1788736070.9548657, 1788736071.753793, 1788736072.299806, 1788736073.0252757, 1788736073.5428598, 1788736074.2045622, 1788736074.8861573, 1788736075.5954785, 1788736076.3302028, 1788736077.0931368, 1788736077.853705, 1788736078.4192512, 1788736079.0260344, 1788736079.6600127, 1788736080.3197615, 1788736080.9976254, 1788736081.70355, 1788736082.4402034, 1788736083.1957908, 1788736083.9813232, 1788736084.7987838, 1788736085.641964, 1788736086.5121188, 1788736087.403371, 1788736088.1916826, 1788736088.7452316, 1788736089.3525765, 1788736089.9891627, 1788736090.6541615, 1788736091.3407598, 1788736092.0539045, 1788736092.8000882, 1788736093.558575, 1788736094.353076, 1788736095.1729293, 1788736096.0227468, 1788736096.9069061, 1788736097.8119402, 1788736098.460939, 1788736099.0196152, 1788736099.643141, 1788736100.291595, 1788736100.9639778, 1788736101.6588254, 1788736102.3828654, 1788736103.1445348, 1788736103.9296172, 1788736104.7358885, 1788736106.423225, 1788736107.2991335, 1788736108.4376988, 1788736109.068081, 1788736109.7228487, 1788736110.3990374, 1788736111.1027086, 1788736111.8301284, 1788736112.5896297, 1788736113.3751888, 1788736114.1433556, 1788736114.6931722, 1788736115.3033469, 1788736115.9341145, 1788736116.5925274, 1788736117.2711425, 1788736117.9811733, 1788736118.7140434, 1788736119.478621, 1788736120.2646055, 1788736121.0786598, 1788736121.9188764, 1788736122.7922273, 1788736123.3329933, 1788736123.9396906, 1788736124.559266, 1788736125.2161863, 1788736125.8935907, 1788736126.5949008, 1788736127.3267915]","[1, 3, 2, 3, 1, 2, 3, 1, 2, 2, 2, 2, 1, 2, 2, 1, 3, 2, 2, 2, 2, 1, 3, 2, 1, 2, 2, 3, 1, 1, 9, 1, 2, 1, 1, 2, 1, 1, 1, 1, 3, 2, 2, 1, 4, 3, 3, 1, 1, 1, 1, 1, 1, 1, 1, 1, 1, 1, 2, 2, 5, 3, 5, 3, 1, 1, 5, 2, 1, 1, 5, 1, 2, 1, 1, 1, 3, 2, 1, 5, 5, 4, 4, 1, 1, 1, 1, 1, 2, 3, 1, 2, 1, 1, 2, 1, 1, 1, 1, 1, 1, 4, 2, 2, 3, 2, 2, 3, 2, 1, 1, 4, 2, 2, 1, 2, 5, 1, 2, 4, 2, 1, 2, 5, 3, 2, 1, 2, 2, 1, 2, 6, 3, 1, 1, 2, 2, 1, 2, 1, 4, 6, 1, 2, 2, 3, 1, 9, 5, 5, 1, 2, 2, 2, 2, 1, 1, 3, 2, 3, 2, 3, 2, 2, 1, 2, 3, 1, 2, 2, 1, 4, 1, 2, 2, 8, 2, 5, 3, 3, 1, 2, 2, 1, 1, 1, 2, 2, 1, 2, 1, 5, 3, 1, 2, 1, 4, 1, 7, 5, 2, 5, 6, 2, 1, 1, 1, 2, 1, 2, 2, 2, 1, 1, 8, 1, 2, 2, 1, 2, 1, 7, 8, 2, 4, 1, 2, 1, 3, 1, 3, 1, 3, 3, 1, 1, 1, 1, 1, 1, 1, 6, 3, 8, 3, 9, 4, 4, 4, 4, 3, 9, 9, 7, 3, 9, 3, 5, 9, 7, 8, 9, 6, 9, 6, 6]"
User-038,2,trace_0661,1788736148.4310036,streaming,30009,263,263,328,131,218.07671189308167,259.20700788497925,0.1569858625644946,14.0,0,True,,1788735889.223902,1788736107.3006139,1788736148.4309099,"[1788736107.3006139, 1788736107.8326561, 1788736108.4388695, 1788736109.0692327, 1788736109.724008, 1788736110.400272, 1788736111.1039572, 1788736111.831506, 1788736112.5909352, 1788736113.3764706, 1788736114.1450362, 1788736114.6938136, 1788736115.3040166, 1788736115.934795, 1788736116.5931878, 1788736117.2718546, 1788736117.981896, 1788736118.7147694, 1788736119.4794755, 1788736120.2653143, 1788736121.0793717, 1788736121.9195354, 1788736122.7927783, 1788736123.33356, 1788736123.9402628, 1788736124.5598629, 1788736125.2167668, 1788736125.8941686, 1788736126.5954678, 1788736127.327642, 1788736128.0805147, 1788736128.8652124, 1788736129.6739995, 1788736130.5147269, 1788736131.3970096, 1788736131.9537506, 1788736132.577726, 1788736133.2054546, 1788736133.8638158, 1788736134.5390072, 1788736135.2369697, 1788736135.9639635, 1788736136.7167199, 1788736137.4996066, 1788736138.3200364, 1788736139.1736972, 1788736139.8351161, 1788736140.4017982, 1788736141.0199354, 1788736141.66108, 1788736142.333243, 1788736143.022248, 1788736143.749145, 1788736144.4981155, 1788736145.2763288, 1788736146.0780153, 1788736146.8989594, 1788736147.7495375, 1788736148.426515]","[1, 3, 3, 3, 2, 1, 4, 2, 2, 8, 2, 4, 7, 9, 2, 1, 4, 3, 9, 2, 8, 2, 8, 2, 2, 5, 1, 1, 6, 3, 3, 1, 3, 7, 2, 1, 9, 7, 7, 3, 3, 3, 5, 1, 5, 7, 8, 6, 9, 9, 9, 9, 9, 4, 3, 5, 5, 7, 3]"
User-060,23,trace_0527,1788736148.9910107,streaming,28222,79,79,428,2,241.9654450416565,259.55584478378296,0.22551794541187775,7.0,0,True,,1788735889.4350781,1788736131.4005232,1788736148.990923,"[1788736131.4005232, 1788736131.9568715, 1788736132.5810018, 1788736133.2087271, 1788736133.8671117, 1788736134.5421975, 1788736135.2401903, 1788736135.967167, 1788736136.719987, 1788736137.50279, 1788736138.3232946, 1788736139.1769888, 1788736139.83906, 1788736140.4056587, 1788736141.0236857, 1788736141.6675036, 1788736142.3371394, 1788736143.0262551, 1788736143.752942, 1788736144.50184, 1788736145.280239, 1788736146.0818272, 1788736146.9030693, 1788736147.7533941, 1788736148.4304194, 1788736148.9902127]","[1, 8, 4, 1, 3, 1, 1, 3, 4, 3, 2, 2, 1, 1, 4, 4, 4, 1, 2, 3, 1, 5, 5, 9, 5, 1]"
User-030,3,trace_0082,1788736150.9373176,streaming,21831,501,501,274,52,154.4512267112732,262.2720105648041,0.21564156770706178,14.0,0,True,,1788735888.66522,1788736043.1164467,1788736150.9372306,"[1788736043.1164467, 1788736043.6797557, 1788736044.2908878, 1788736044.9289064, 1788736045.5919003, 1788736046.2758162, 1788736046.976799, 1788736047.7075574, 1788736048.4666984, 1788736049.1685627, 1788736049.7213755, 1788736050.3326223, 1788736050.9695551, 1788736051.6382668, 1788736052.3599942, 1788736053.022549, 1788736053.7560005, 1788736054.3598638, 1788736054.9295714, 1788736055.5563636, 1788736056.203409, 1788736056.8713517, 1788736057.5640886, 1788736058.2833438, 1788736059.0373764, 1788736059.8119338, 1788736060.6142895, 1788736061.4393363, 1788736062.2950354, 1788736063.1698859, 1788736064.024183, 1788736064.5639465, 1788736065.1641753, 1788736065.8014636, 1788736066.451523, 1788736067.1308742, 1788736067.8351147, 1788736068.5748024, 1788736069.3531888, 1788736070.1361656, 1788736070.9560153, 1788736071.7549875, 1788736072.3011782, 1788736073.0257971, 1788736073.5441563, 1788736074.2057426, 1788736074.8873658, 1788736075.5966306, 1788736076.3314219, 1788736077.0942907, 1788736077.8549364, 1788736078.4204319, 1788736079.0271924, 1788736079.6612096, 1788736080.3209078, 1788736080.998862, 1788736081.7047007, 1788736082.441321, 1788736083.1969206, 1788736083.9824698, 1788736084.7999933, 1788736085.643166, 1788736086.5132952, 1788736087.4045281, 1788736088.1928325, 1788736088.7463658, 1788736089.353792, 1788736089.9903257, 1788736090.6553345, 1788736091.3419304, 1788736092.0551379, 1788736092.8013523, 1788736093.5597467, 1788736094.3542788, 1788736095.1741683, 1788736096.0239317, 1788736096.908049, 1788736097.813109, 1788736098.4621217, 1788736099.0209818, 1788736099.64433, 1788736100.29278, 1788736100.9651783, 1788736101.6599557, 1788736102.3840744, 1788736103.1457329, 1788736103.9308195, 1788736104.7370775, 1788736105.567092, 1788736106.42439, 1788736107.3011255, 1788736107.833183, 1788736108.4394047, 1788736109.0697556, 1788736109.724519, 1788736110.4007916, 1788736111.1044838, 1788736111.832021, 1788736112.591484, 1788736113.3770058, 1788736114.1455417, 1788736114.694358, 1788736115.3045583, 1788736115.935371, 1788736116.593711, 1788736117.2723966, 1788736117.9824367, 1788736118.7153108, 1788736119.4800522, 1788736120.2658548, 1788736121.0799131, 1788736121.920064, 1788736122.7933443, 1788736123.3340685, 1788736123.940783, 1788736124.5604, 1788736125.2172816, 1788736125.894697, 1788736126.595997, 1788736127.3282013, 1788736128.0810635, 1788736128.8657384, 1788736129.6745434, 1788736130.5153465, 1788736131.397531, 1788736131.9542646, 1788736132.5783107, 1788736133.2059894, 1788736133.8643804, 1788736134.539534, 1788736135.2375374, 1788736135.9644988, 1788736136.7172928, 1788736137.5001373, 1788736138.3206012, 1788736139.1742437, 1788736139.8356943, 1788736140.402354, 1788736141.0205, 1788736141.661646, 1788736142.3338282, 1788736143.022866, 1788736143.7497404, 1788736144.4986546, 1788736145.2768776, 1788736146.07856, 1788736146.8995159, 1788736147.750117, 1788736148.4273415, 1788736148.9870393, 1788736149.6100543, 1788736150.2606297, 1788736150.9339023]","[1, 5, 2, 9, 3, 2, 1, 3, 2, 1, 1, 3, 1, 2, 6, 1, 1, 4, 1, 2, 5, 5, 2, 5, 7, 4, 4, 1, 4, 8, 2, 1, 1, 2, 5, 2, 3, 3, 2, 6, 3, 1, 7, 3, 9, 5, 4, 2, 3, 3, 2, 2, 3, 4, 2, 2, 7, 6, 7, 2, 1, 2, 4, 5, 2, 5, 1, 3, 7, 6, 8, 1, 2, 3, 9, 9, 2, 1, 1, 4, 4, 6, 4, 5, 3, 5, 1, 2, 1, 5, 4, 5, 1, 1, 1, 1, 6, 9, 2, 2, 2, 5, 1, 1, 3, 7, 4, 1, 9, 1, 2, 2, 2, 4, 1, 1, 4, 2, 2, 2, 1, 3, 3, 4, 1, 1, 4, 2, 3, 2, 5, 1, 2, 9, 6, 2, 2, 2, 1, 1, 2, 1, 1, 3, 5, 1, 5, 8, 4, 2, 8, 5, 1]"
User-052,6,trace_0594,1788736156.4803047,streaming,26422,73,73,403,2,250.34201002120972,266.9846658706665,0.23114799790912205,9.0,0,True,,1788735889.4955468,1788736139.8375568,1788736156.4802127,"[1788736139.8375568, 1788736140.4040253, 1788736141.0220475, 1788736141.6657512, 1788736142.3355722, 1788736143.0245974, 1788736143.7513347, 1788736144.5002131, 1788736145.2785938, 1788736146.0801866, 1788736146.9010658, 1788736147.7517273, 1788736148.428922, 1788736148.9886003, 1788736149.6117108, 1788736150.2622018, 1788736150.935715, 1788736151.6228278, 1788736152.3435838, 1788736153.1230257, 1788736153.864911, 1788736154.6904144, 1788736155.232467, 1788736155.8417165, 1788736156.4781582]","[1, 2, 3, 1, 4, 4, 6, 4, 1, 6, 2, 3, 2, 3, 2, 2, 3, 4, 2, 3, 2, 5, 1, 2, 5]"
User-015,7,trace_0687,1788736159.236029,streaming,31527,309,309,480,7,175.19784307479858,270.4075756072998,0.30912250822240656,11.0,0,True,,1788735888.8281512,1788736064.0259943,1788736159.2357268,"[1788736064.0259943, 1788736064.5654886, 1788736065.1657734, 1788736065.8034139, 1788736066.4525633, 1788736067.131947, 1788736067.836153, 1788736068.5758514, 1788736069.3542302, 1788736070.137261, 1788736070.9570508, 1788736071.7568674, 1788736072.3029745, 1788736073.0265462, 1788736073.546019, 1788736074.2073972, 1788736074.8889744, 1788736075.5981975, 1788736076.333042, 1788736077.0958989, 1788736077.8564394, 1788736078.4221673, 1788736079.0288827, 1788736079.6658986, 1788736080.322552, 1788736081.000444, 1788736081.706301, 1788736082.4429562, 1788736083.1985412, 1788736083.9840767, 1788736084.8018844, 1788736085.6442099, 1788736086.5143375, 1788736087.4056273, 1788736088.1947234, 1788736088.7480607, 1788736089.355374, 1788736089.991967, 1788736090.6568885, 1788736091.3434985, 1788736092.0567336, 1788736092.8028913, 1788736093.5613348, 1788736094.3559067, 1788736095.1760378, 1788736096.0255568, 1788736096.909619, 1788736097.8146896, 1788736098.4673157, 1788736099.023216, 1788736099.6464806, 1788736100.2949734, 1788736100.9673605, 1788736101.6623826, 1788736102.3862212, 1788736103.1478772, 1788736103.9330237, 1788736104.7392156, 1788736105.5691776, 1788736106.4265149, 1788736107.303522, 1788736107.8349462, 1788736108.440931, 1788736109.0713327, 1788736109.726062, 1788736110.4023647, 1788736111.1062274, 1788736111.8337362, 1788736112.593053, 1788736113.3785574, 1788736114.147048, 1788736114.6961462, 1788736115.3060982, 1788736115.9371257, 1788736116.5953803, 1788736117.2740738, 1788736117.9840705, 1788736118.7168539, 1788736119.4817512, 1788736120.2674744, 1788736121.081464, 1788736121.921672, 1788736122.7948618, 1788736123.3357413, 1788736123.9426012, 1788736124.5614004, 1788736125.2183485, 1788736125.8957975, 1788736126.5970416, 1788736127.3294232, 1788736128.0821533, 1788736128.8668156, 1788736129.675653, 1788736130.5164666, 1788736131.3985353, 1788736131.955307, 1788736132.5794055, 1788736133.2070885, 1788736133.8654294, 1788736134.540604, 1788736135.2385714, 1788736135.9655132, 1788736136.7183337, 1788736137.5012014, 1788736138.321675, 1788736139.175338, 1788736139.836717, 1788736140.4035144, 1788736141.021523, 1788736141.6626723, 1788736142.3349757, 1788736143.0240836, 1788736143.750797, 1788736144.4996998, 1788736145.278052, 1788736146.0796578, 1788736146.9005668, 1788736147.7512167, 1788736148.4284182, 1788736148.9880898, 1788736149.6111906, 1788736150.261695, 1788736150.9352102, 1788736151.622272, 1788736152.3430662, 1788736153.1227758, 1788736153.8643749, 1788736154.6899095, 1788736155.2319381, 1788736155.8411736, 1788736156.4776068, 1788736157.1257687, 1788736157.8008907, 1788736158.501014, 1788736159.2336166]","[1, 1, 2, 9, 1, 4, 2, 1, 1, 2, 2, 1, 1, 3, 2, 4, 4, 1, 3, 1, 4, 1, 2, 3, 3, 6, 1, 3, 1, 1, 2, 2, 1, 4, 2, 2, 2, 4, 2, 2, 2, 2, 2, 2, 2, 6, 2, 2, 1, 3, 3, 1, 4, 2, 2, 1, 1, 3, 2, 3, 1, 2, 1, 3, 1, 2, 4, 2, 1, 3, 4, 2, 2, 3, 1, 2, 1, 1, 5, 1, 3, 2, 1, 2, 1, 3, 2, 1, 3, 4, 1, 9, 2, 5, 1, 2, 1, 3, 1, 4, 2, 4, 3, 1, 4, 2, 5, 3, 3, 2, 1, 2, 4, 2, 2, 2, 1, 1, 2, 1, 2, 1, 1, 3, 1, 1, 6, 1, 1, 4, 4, 1, 1, 1, 1]"
User-037,7,trace_0489,1788736162.4497442,streaming,31853,289,289,459,35,209.30891036987305,273.29292702674866,0.2221667245030403,50.0,0,True,,1788735889.1567245,1788736098.4656348,1788736162.4496515,"[1788736098.4656348, 1788736099.021536, 1788736099.6448812, 1788736100.2933376, 1788736100.9657204, 1788736101.6605172, 1788736102.3846, 1788736103.1462631, 1788736103.9313731, 1788736104.7376068, 1788736105.5676117, 1788736106.4249237, 1788736107.3016646, 1788736107.8337154, 1788736108.4399145, 1788736109.070284, 1788736109.7250223, 1788736110.4013042, 1788736111.1050107, 1788736111.8326278, 1788736112.5920198, 1788736113.3775234, 1788736114.1460388, 1788736114.6949296, 1788736115.3050795, 1788736115.9358845, 1788736116.5942411, 1788736117.272958, 1788736117.9829981, 1788736118.7158246, 1788736119.4806383, 1788736120.2663755, 1788736121.0804296, 1788736121.920584, 1788736122.7938488, 1788736123.3345942, 1788736123.9412863, 1788736124.5608995, 1788736125.217821, 1788736125.8952553, 1788736126.5965223, 1788736127.3288856, 1788736128.0815847, 1788736128.866271, 1788736129.6751118, 1788736130.5159192, 1788736131.3980289, 1788736131.9548035, 1788736132.578887, 1788736133.206512, 1788736133.864911, 1788736134.5400484, 1788736135.2380672, 1788736135.9650142, 1788736136.7178142, 1788736137.5006847, 1788736138.321145, 1788736139.1747966, 1788736139.8361971, 1788736140.4030116, 1788736141.0210037, 1788736141.6621664, 1788736142.334375, 1788736143.0233903, 1788736143.750262, 1788736144.4991927, 1788736145.277437, 1788736146.0791192, 1788736146.9000626, 1788736147.7506855, 1788736148.4278889, 1788736148.9875689, 1788736149.6106098, 1788736150.2611763, 1788736150.9346662, 1788736151.6217515, 1788736152.3424885, 1788736153.1224966, 1788736153.8638265, 1788736154.6894069, 1788736155.2313793, 1788736155.8405535, 1788736156.4770832, 1788736157.1252446, 1788736157.8003767, 1788736158.50052, 1788736159.2302623, 1788736159.9867158, 1788736160.7842393, 1788736161.6177073, 1788736162.447695]","[1, 2, 2, 4, 5, 4, 3, 2, 3, 5, 2, 2, 3, 1, 3, 3, 7, 2, 4, 1, 2, 1, 2, 8, 3, 4, 9, 2, 3, 4, 1, 3, 1, 9, 5, 1, 3, 1, 5, 2, 3, 4, 2, 2, 4, 3, 2, 1, 2, 2, 3, 6, 2, 2, 3, 1, 5, 5, 4, 1, 2, 4, 5, 1, 1, 2, 1, 7, 1, 3, 7, 6, 6, 3, 1, 1, 3, 2, 2, 1, 9, 5, 2, 5, 3, 1, 2, 5, 2, 3, 8]"
User-034,4,trace_0164,1788736177.482697,streaming,23068,283,283,311,30,224.869873046875,288.2040841579437,0.2245894011030806,13.0,0,True,,1788735889.2785208,1788736114.1483939,1788736177.482605,"[1788736114.1483939, 1788736114.6972914, 1788736115.307198, 1788736115.938402, 1788736116.59643, 1788736117.2752352, 1788736117.9851599, 1788736118.7179282, 1788736119.4828959, 1788736120.2685654, 1788736121.0825405, 1788736121.9227788, 1788736122.7958844, 1788736123.336755, 1788736123.9438488, 1788736124.562665, 1788736125.2194343, 1788736125.8967912, 1788736126.5981176, 1788736127.3304758, 1788736128.083236, 1788736128.8679209, 1788736129.6767318, 1788736130.5175421, 1788736131.399586, 1788736131.956325, 1788736132.5804524, 1788736133.2081656, 1788736133.8664749, 1788736134.5416567, 1788736135.2396603, 1788736135.9665868, 1788736136.7194266, 1788736137.502223, 1788736138.3227525, 1788736139.1763914, 1788736139.8385613, 1788736140.4051313, 1788736141.0231378, 1788736141.6669536, 1788736142.3366168, 1788736143.0257258, 1788736143.7524333, 1788736144.5013194, 1788736145.2796967, 1788736146.0813007, 1788736146.902347, 1788736147.7528753, 1788736148.4299262, 1788736148.9896793, 1788736149.6128128, 1788736150.2633226, 1788736150.9368527, 1788736151.6239116, 1788736152.344617, 1788736153.1235256, 1788736153.8660207, 1788736154.6915364, 1788736155.2335389, 1788736155.8428054, 1788736156.4798305, 1788736157.1268084, 1788736157.8020208, 1788736158.5020664, 1788736159.2351856, 1788736159.9878795, 1788736160.785323, 1788736161.6182325, 1788736162.449249, 1788736163.3173733, 1788736163.935788, 1788736164.495178, 1788736165.1259332, 1788736165.7813804, 1788736166.4597993, 1788736167.1778896, 1788736167.9071195, 1788736168.6854513, 1788736169.2407131, 1788736169.8373368, 1788736170.4609494, 1788736171.1107996, 1788736171.7843738, 1788736172.375271, 1788736172.961056, 1788736173.603411, 1788736174.2652419, 1788736174.9436162, 1788736175.6449678, 1788736176.315344, 1788736176.8733246, 1788736177.4816947]","[1, 9, 3, 2, 5, 1, 2, 2, 4, 7, 4, 7, 3, 1, 2, 2, 1, 4, 8, 2, 1, 3, 5, 2, 2, 1, 1, 6, 7, 2, 5, 7, 1, 3, 1, 3, 1, 6, 1, 4, 3, 5, 2, 4, 7, 3, 4, 3, 1, 3, 1, 1, 4, 8, 4, 2, 2, 2, 4, 2, 2, 3, 1, 1, 4, 2, 5, 1, 4, 8, 2, 1, 3, 3, 1, 2, 2, 3, 2, 5, 1, 2, 1, 1, 2, 2, 2, 1, 3, 8, 6, 2]"
User-050,2,trace_0243,1788736186.7168634,streaming,28640,156,156,377,38,274.26374888420105,297.0457351207733,0.14698055636498236,12.0,0,True,,1788735889.671025,1788736163.934774,1788736186.7167602,"[1788736163.934774, 1788736164.4941015, 1788736165.1248872, 1788736165.7803223, 1788736166.4587219, 1788736167.1768613, 1788736167.9060557, 1788736168.6835668, 1788736169.2390518, 1788736169.8358057, 1788736170.4594424, 1788736171.1092305, 1788736171.7829108, 1788736172.3738666, 1788736172.9594686, 1788736173.6019466, 1788736174.2636714, 1788736174.9419546, 1788736175.6434567, 1788736176.3138156, 1788736176.8716998, 1788736177.4800532, 1788736178.1115131, 1788736178.7706332, 1788736179.4551032, 1788736180.1680608, 1788736180.905213, 1788736181.6679926, 1788736182.4585798, 1788736183.2930825, 1788736184.1337721, 1788736184.932169, 1788736185.4778585, 1788736186.0821676, 1788736186.7137697]","[1, 1, 3, 9, 2, 3, 8, 4, 6, 2, 2, 7, 3, 9, 6, 3, 1, 5, 4, 2, 1, 8, 3, 6, 2, 7, 3, 8, 1, 9, 9, 4, 1, 5, 8]"
User-001,0,trace_0712,1788736193.3432484,streaming,18851,119,119,0,294,281.6605546474457,306.31926822662354,0.20897214897608352,0.0,0,True,,1788735887.0238762,1788736168.6844308,1788736193.3431444,"[1788736168.6844308, 1788736169.2395682, 1788736169.836309, 1788736170.4599524, 1788736171.1097574, 1788736171.7834377, 1788736172.3743827, 1788736172.9599924, 1788736173.6024768, 1788736174.2641816, 1788736174.9425635, 1788736175.643981, 1788736176.3143332, 1788736176.8722076, 1788736177.4805913, 1788736178.1120396, 1788736178.7712002, 1788736179.4556174, 1788736180.1685865, 1788736180.9057324, 1788736181.6685524, 1788736182.4591196, 1788736183.2936475, 1788736184.1343427, 1788736184.9326782, 1788736185.4783766, 1788736186.0826986, 1788736186.714602, 1788736187.3647485, 1788736188.0444884, 1788736188.7504222, 1788736189.4873846, 1788736190.2257292, 1788736190.7818677, 1788736191.3856955, 1788736192.01525, 1788736192.664403, 1788736193.3406732]","[1, 3, 2, 1, 2, 3, 1, 2, 1, 1, 2, 7, 3, 1, 2, 1, 2, 1, 6, 1, 9, 3, 6, 6, 1, 2, 3, 2, 1, 6, 6, 2, 7, 5, 3, 6, 6, 2]"
User-013,2,trace_0253,1788736208.5157945,streaming,22908,242,242,322,10,265.08086943626404,318.90767765045166,0.22334775192608972,15.0,0,True,,1788735889.6080222,1788736154.6888916,1788736208.5156999,"[1788736154.6888916, 1788736155.230848, 1788736155.8400085, 1788736156.476551, 1788736157.1247091, 1788736157.7998476, 1788736158.5000076, 1788736159.2297528, 1788736159.986123, 1788736160.7836957, 1788736161.6174593, 1788736162.4471316, 1788736163.3162413, 1788736163.9339118, 1788736164.4936008, 1788736165.124377, 1788736165.7797976, 1788736166.4582098, 1788736167.1763391, 1788736167.9055102, 1788736168.683051, 1788736169.238531, 1788736169.8352978, 1788736170.4589176, 1788736171.1086779, 1788736171.7823632, 1788736172.3733876, 1788736172.958971, 1788736173.6014366, 1788736174.2631292, 1788736174.9414334, 1788736175.642935, 1788736176.313333, 1788736176.8712049, 1788736177.4795613, 1788736178.1110077, 1788736178.770101, 1788736179.454558, 1788736180.1675375, 1788736180.9046812, 1788736181.6674852, 1788736182.4580696, 1788736183.2925427, 1788736184.1332593, 1788736184.931648, 1788736185.4771435, 1788736186.081584, 1788736186.7132258, 1788736187.364082, 1788736188.0438848, 1788736188.749901, 1788736189.4868627, 1788736190.2243493, 1788736190.7808416, 1788736191.3846812, 1788736192.0140383, 1788736192.663348, 1788736193.339626, 1788736194.039288, 1788736194.7628293, 1788736195.3200867, 1788736195.9324262, 1788736196.552713, 1788736197.2063146, 1788736197.8838677, 1788736198.581808, 1788736199.313644, 1788736200.0632029, 1788736200.8316276, 1788736201.3838992, 1788736202.0047746, 1788736202.6344442, 1788736203.2861714, 1788736203.961281, 1788736204.662932, 1788736205.3843796, 1788736205.9980633, 1788736206.5654612, 1788736207.1827233, 1788736207.826075, 1788736208.5115805]","[1, 3, 4, 3, 4, 4, 1, 1, 6, 4, 3, 2, 2, 3, 1, 2, 1, 2, 2, 9, 3, 1, 2, 1, 4, 4, 1, 1, 2, 5, 1, 3, 1, 1, 1, 1, 5, 1, 6, 6, 1, 6, 6, 2, 5, 4, 1, 2, 6, 3, 1, 2, 3, 3, 1, 1, 9, 3, 2, 3, 3, 2, 2, 4, 2, 1, 2, 1, 4, 1, 3, 9, 8, 6, 7, 6, 4, 1, 2, 1, 1]"
User-016,0,trace_0704,1788736213.9278681,streaming,22705,1173,1141,0,354,59.55552911758423,326.43158626556396,0.2341018045157717,0.0,0,True,,1788735887.4961913,1788735947.0517204,1788736213.9277775,"[1788735947.0517204, 1788735947.5972455, 1788735948.1987019, 1788735948.8253307, 1788735949.474854, 1788735950.148666, 1788735950.8537276, 1788735951.582656, 1788735952.2965326, 1788735952.8435018, 1788735953.4510255, 1788735954.0799417, 1788735954.734107, 1788735955.4122975, 1788735956.115703, 1788735956.8430743, 1788735957.5524342, 1788735958.1226923, 1788735958.7301235, 1788735959.3612425, 1788735960.018153, 1788735960.688569, 1788735961.3936102, 1788735962.1201372, 1788735962.8674998, 1788735963.4793031, 1788735964.0607862, 1788735964.6833036, 1788735965.3281682, 1788735965.9943383, 1788735966.6809936, 1788735967.3971548, 1788735968.1304228, 1788735968.7545362, 1788735969.3211746, 1788735969.9346695, 1788735970.5723846, 1788735971.2406845, 1788735971.9174361, 1788735972.632879, 1788735973.3860066, 1788735974.1570084, 1788735974.9533658, 1788735975.7504904, 1788735976.289757, 1788735976.8896606, 1788735977.5134377, 1788735978.1610591, 1788735978.8309994, 1788735979.528499, 1788735980.252888, 1788735981.008619, 1788735981.7966585, 1788735982.5955017, 1788735983.4866772, 1788735984.2914279, 1788735985.1065497, 1788735985.6474926, 1788735986.2518895, 1788735986.882996, 1788735987.5365503, 1788735988.2161994, 1788735988.9230695, 1788735989.6569567, 1788735990.274704, 1788735990.8478599, 1788735991.465069, 1788735992.1094046, 1788735992.78661, 1788735993.4822857, 1788735994.2036946, 1788735994.9451258, 1788735995.5521102, 1788735996.116135, 1788735996.7349665, 1788735997.3762481, 1788735998.0437114, 1788735999.472053, 1788736000.2037096, 1788736000.7620435, 1788736001.3579361, 1788736001.9830105, 1788736002.6304336, 1788736003.305961, 1788736004.0050516, 1788736004.7330093, 1788736005.4851706, 1788736006.122777, 1788736006.6833334, 1788736007.2981858, 1788736007.944399, 1788736008.6163204, 1788736009.3088043, 1788736010.0197434, 1788736010.7632704, 1788736011.5305455, 1788736012.287217, 1788736012.8388357, 1788736013.440598, 1788736014.0666742, 1788736014.7209978, 1788736015.3988729, 1788736016.101703, 1788736016.8276117, 1788736017.5811286, 1788736018.345398, 1788736018.89307, 1788736019.4932833, 1788736020.1225364, 1788736020.7731714, 1788736021.4499502, 1788736022.1511252, 1788736022.8822439, 1788736023.634229, 1788736024.4161053, 1788736025.2220998, 1788736026.051804, 1788736026.9477706, 1788736027.4910433, 1788736028.1073296, 1788736028.7328498, 1788736029.3823504, 1788736030.0534918, 1788736030.747922, 1788736031.469142, 1788736032.2139716, 1788736032.999378, 1788736033.794058, 1788736034.623518, 1788736035.4844985, 1788736036.4103003, 1788736036.9400277, 1788736037.5386689, 1788736038.1625612, 1788736038.8096938, 1788736039.481858, 1788736040.1731477, 1788736040.8902426, 1788736041.6349413, 1788736042.4136388, 1788736043.1189823, 1788736043.6824307, 1788736044.2939456, 1788736044.9315865, 1788736045.5946236, 1788736046.279186, 1788736046.9788651, 1788736047.7096658, 1788736048.4688888, 1788736049.170552, 1788736049.7235441, 1788736050.3355424, 1788736050.9715133, 1788736051.640388, 1788736052.3609788, 1788736053.0243905, 1788736053.7580914, 1788736054.3627741, 1788736054.9322696, 1788736055.5589967, 1788736056.2061117, 1788736056.8740945, 1788736057.5667384, 1788736058.2860405, 1788736059.040528, 1788736059.8141012, 1788736060.61649, 1788736061.4416127, 1788736062.2971547, 1788736063.1720388, 1788736064.0276172, 1788736064.5669434, 1788736065.166345, 1788736065.8039923, 1788736066.4530864, 1788736067.132528, 1788736067.8366868, 1788736068.5763671, 1788736069.3547785, 1788736070.1377792, 1788736070.9575732, 1788736071.7573807, 1788736072.3034937, 1788736073.5465553, 1788736074.2079446, 1788736075.5987198, 1788736077.8577833, 1788736078.4232574, 1788736080.3236125, 1788736081.0015912, 1788736083.1996486, 1788736083.985204, 1788736086.5154264, 1788736087.4066806, 1788736089.3564484, 1788736089.9931233, 1788736092.0578141, 1788736092.804084, 1788736093.5618737, 1788736095.1767542, 1788736096.0261116, 1788736096.910143, 1788736097.8152337, 1788736098.467836, 1788736099.0237532, 1788736099.6470191, 1788736100.2955284, 1788736100.967938, 1788736101.662966, 1788736102.386792, 1788736103.1484318, 1788736103.933544, 1788736104.7397456, 1788736105.569805, 1788736106.4270976, 1788736107.3040447, 1788736107.8355174, 1788736108.441465, 1788736109.0719, 1788736109.7265744, 1788736110.405149, 1788736111.1067765, 1788736111.834313, 1788736112.5935864, 1788736113.3791392, 1788736114.147557, 1788736114.6966784, 1788736115.3066597, 1788736115.9378495, 1788736116.5959022, 1788736117.2746718, 1788736117.9846056, 1788736118.7174025, 1788736119.4823585, 1788736120.2680461, 1788736121.0819912, 1788736121.9221983, 1788736122.79538, 1788736123.3362453, 1788736123.9433331, 1788736124.561934, 1788736125.2188814, 1788736125.8962913, 1788736126.597565, 1788736127.3299634, 1788736128.0826874, 1788736128.8673768, 1788736129.6761894, 1788736130.5170102, 1788736131.3990743, 1788736131.9558141, 1788736132.579926, 1788736133.2076302, 1788736133.8659327, 1788736134.5411263, 1788736135.2391355, 1788736135.9660332, 1788736136.7188897, 1788736137.5016975, 1788736138.3222132, 1788736139.1758797, 1788736139.8380585, 1788736140.4045558, 1788736141.0225527, 1788736141.6663322, 1788736142.3361037, 1788736143.0251431, 1788736143.751877, 1788736144.500792, 1788736145.2791376, 1788736146.0807848, 1788736146.9016025, 1788736147.7522614, 1788736148.4294293, 1788736148.989172, 1788736149.6122913, 1788736150.262747, 1788736150.9362328, 1788736151.6233792, 1788736152.3441112, 1788736153.123282, 1788736153.865448, 1788736154.6909707, 1788736155.232981, 1788736155.8422487, 1788736156.4792566, 1788736157.1262727, 1788736157.8014, 1788736158.5015323, 1788736159.2345557, 1788736159.9873593, 1788736160.7847667, 1788736161.6179585, 1788736162.4486701, 1788736163.3167913, 1788736163.9352803, 1788736164.494606, 1788736165.125421, 1788736165.7808607, 1788736166.4592683, 1788736167.1773794, 1788736167.9065895, 1788736168.6849272, 1788736169.2400932, 1788736169.8368158, 1788736170.460448, 1788736171.1102812, 1788736172.9605594, 1788736174.2647035, 1788736174.943104, 1788736176.3148618, 1788736176.8728287, 1788736177.4811404, 1788736178.1125753, 1788736178.7717373, 1788736179.4561408, 1788736180.1691115, 1788736180.9062777, 1788736181.6691203, 1788736182.4596353, 1788736183.2941768, 1788736184.1349201, 1788736184.9340081, 1788736185.479482, 1788736186.0837648, 1788736186.7158098, 1788736187.3658075, 1788736188.0456092, 1788736188.751522, 1788736189.4884896, 1788736190.2267566, 1788736190.783044, 1788736191.3867848, 1788736192.016347, 1788736192.6654873, 1788736193.3421278, 1788736194.040871, 1788736194.7643356, 1788736195.3216305, 1788736195.933877, 1788736196.5542061, 1788736197.2079153, 1788736197.8854887, 1788736198.5887764, 1788736199.3153162, 1788736200.0647469, 1788736200.8333974, 1788736201.385449, 1788736202.0063488, 1788736202.6361048, 1788736203.2877772, 1788736203.9628122, 1788736204.6643434, 1788736206.00034, 1788736206.5742505, 1788736207.8282475, 1788736208.5141537, 1788736209.2156174, 1788736209.9308722, 1788736210.6742857, 1788736211.4390907, 1788736212.104921, 1788736212.6689541, 1788736213.2799568, 1788736213.925892]","[1, 1, 2, 2, 2, 3, 3, 1, 4, 1, 1, 3, 3, 1, 4, 2, 2, 1, 5, 1, 2, 1, 4, 2, 2, 2, 5, 1, 4, 4, 2, 2, 6, 1, 3, 2, 2, 4, 3, 7, 1, 2, 1, 4, 2, 4, 1, 6, 1, 3, 1, 3, 2, 2, 2, 6, 3, 2, 1, 4, 2, 2, 6, 3, 1, 4, 5, 7, 3, 1, 2, 2, 4, 2, 2, 3, 1, 1, 1, 1, 1, 3, 2, 4, 2, 1, 1, 2, 4, 1, 4, 1, 2, 2, 1, 3, 1, 2, 1, 1, 4, 4, 4, 1, 2, 5, 1, 1, 2, 3, 2, 3, 2, 4, 1, 1, 1, 1, 4, 1, 3, 5, 4, 6, 4, 1, 1, 4, 3, 3, 1, 3, 6, 4, 1, 8, 4, 4, 4, 1, 6, 1, 3, 9, 1, 2, 4, 3, 3, 7, 1, 1, 1, 1, 9, 2, 3, 3, 1, 1, 1, 1, 7, 1, 2, 1, 2, 2, 9, 3, 1, 4, 1, 1, 2, 2, 2, 1, 2, 6, 2, 1, 1, 1, 1, 1, 1, 1, 1, 1, 1, 1, 1, 1, 1, 1, 1, 1, 1, 1, 1, 1, 1, 1, 2, 2, 5, 1, 1, 6, 1, 1, 4, 4, 9, 3, 2, 1, 3, 2, 3, 2, 1, 1, 4, 1, 5, 6, 1, 5, 2, 2, 2, 1, 1, 2, 2, 1, 1, 1, 1, 1, 1, 1, 1, 1, 5, 4, 1, 3, 1, 2, 3, 6, 4, 3, 8, 3, 2, 3, 1, 1, 3, 6, 1, 5, 4, 2, 2, 9, 2, 2, 1, 1, 2, 3, 4, 1, 2, 1, 1, 2, 8, 2, 3, 6, 2, 1, 4, 6, 1, 9, 5, 5, 2, 1, 3, 2, 1, 6, 2, 2, 2, 7, 1, 2, 1, 1, 1, 1, 1, 1, 3, 8, 7, 9, 9, 3, 6, 2, 2, 4, 5, 7, 6, 9, 4, 9, 4, 9, 7, 9, 9, 9, 9, 9, 8, 9, 9, 9, 8, 9, 9, 9, 9, 9, 9, 1, 9, 8, 5, 6, 1, 1, 1, 1, 3, 9, 8, 8, 9, 5, 8, 4, 9]"
User-068,0,trace_0307,1788736218.5132582,streaming,11897,247,247,0,185,282.53000593185425,328.67023849487305,0.1875619209878813,0.0,0,True,,1788735889.842883,1788736172.372889,1788736218.5131216,"[1788736172.372889, 1788736172.9584427, 1788736173.6009047, 1788736174.2625997, 1788736174.940909, 1788736175.6423893, 1788736176.3119555, 1788736176.8700006, 1788736177.4784822, 1788736178.1086807, 1788736178.7678132, 1788736179.452265, 1788736180.1651554, 1788736180.9021378, 1788736181.6651185, 1788736182.4557786, 1788736183.290196, 1788736184.1309524, 1788736184.9292107, 1788736185.4747622, 1788736186.0792696, 1788736186.7109072, 1788736187.3616276, 1788736188.0414338, 1788736188.7475946, 1788736189.4845135, 1788736190.2219803, 1788736190.778449, 1788736191.3822882, 1788736192.0113587, 1788736192.6610196, 1788736193.336869, 1788736194.0369287, 1788736194.7605221, 1788736195.3176954, 1788736195.9273436, 1788736196.5503862, 1788736197.2040255, 1788736197.8815002, 1788736198.5795093, 1788736199.311084, 1788736200.0608056, 1788736200.8283205, 1788736201.381069, 1788736202.001912, 1788736202.6316364, 1788736203.2832968, 1788736203.9583225, 1788736204.660019, 1788736205.3814728, 1788736205.9952445, 1788736206.5623915, 1788736207.1798391, 1788736207.8232892, 1788736208.5086727, 1788736209.2111583, 1788736209.9265044, 1788736210.6698704, 1788736211.4344141, 1788736212.0997639, 1788736212.66382, 1788736213.2745426, 1788736213.9209077, 1788736214.5803456, 1788736215.2627904, 1788736215.9693308, 1788736216.714368, 1788736217.2595756, 1788736217.8750505, 1788736218.5112786]","[1, 1, 3, 1, 2, 1, 1, 1, 5, 1, 1, 3, 7, 3, 2, 5, 1, 2, 2, 2, 9, 3, 1, 1, 3, 2, 6, 7, 9, 4, 3, 2, 2, 6, 7, 6, 5, 6, 6, 1, 5, 6, 2, 2, 2, 2, 6, 6, 6, 3, 2, 1, 6, 1, 6, 6, 6, 1, 1, 5, 6, 6, 8, 1, 2, 2, 5, 6, 1, 1]"
User-064,8,trace_0441,1788736243.8754287,streaming,27352,105,105,404,17,335.3216028213501,353.9721691608429,0.1793323686489692,12.0,0,True,,1788735889.9031708,1788736225.2247736,1788736243.87534,"[1788736225.2247736, 1788736225.7693012, 1788736226.3726232, 1788736227.0002365, 1788736227.6515172, 1788736228.3236468, 1788736229.0274932, 1788736229.7535813, 1788736230.5075214, 1788736231.24081, 1788736231.7963579, 1788736232.39945, 1788736233.029995, 1788736233.6829505, 1788736234.3547873, 1788736235.0563378, 1788736235.781766, 1788736236.5381656, 1788736237.3304358, 1788736238.129402, 1788736238.9583611, 1788736239.8070037, 1788736240.6801155, 1788736241.397587, 1788736241.9466097, 1788736242.5621128, 1788736243.1986542, 1788736243.8706636]","[1, 1, 7, 4, 5, 4, 1, 2, 2, 3, 1, 4, 2, 4, 4, 3, 3, 3, 3, 9, 9, 9, 7, 1, 5, 1, 3, 4]"
User-067,0,trace_0312,1788736246.679431,streaming,17368,117,117,0,271,326.8972451686859,356.86423420906067,0.25833611241702376,0.0,0,True,,1788735889.815089,1788736216.7123342,1788736246.6793232,"[1788736216.7123342, 1788736217.2572942, 1788736217.872877, 1788736218.5091207, 1788736219.1608558, 1788736219.8292403, 1788736220.5296423, 1788736221.2537975, 1788736222.0050728, 1788736222.7774675, 1788736223.577214, 1788736224.404122, 1788736225.2239232, 1788736225.7687702, 1788736226.3720546, 1788736226.9997332, 1788736227.650983, 1788736228.323138, 1788736229.0269353, 1788736229.7530632, 1788736230.5070114, 1788736231.2403138, 1788736231.7958267, 1788736232.3989344, 1788736233.0294552, 1788736233.6824095, 1788736234.3542352, 1788736235.0558333, 1788736235.7812688, 1788736236.5375316, 1788736237.3298993, 1788736238.1288683, 1788736238.9578145, 1788736239.806404, 1788736240.679594, 1788736241.3970768, 1788736241.9459867, 1788736242.5614076, 1788736243.198131, 1788736243.869993, 1788736244.5591564, 1788736245.2687933, 1788736246.0017676, 1788736246.6736724]","[1, 4, 2, 1, 2, 4, 1, 4, 4, 1, 3, 4, 4, 4, 2, 2, 2, 2, 6, 3, 3, 2, 4, 2, 8, 2, 1, 1, 1, 3, 2, 2, 1, 5, 1, 2, 1, 8, 3, 1, 2, 1, 2, 3]"
User-023,0,trace_0562,1788736246.6791327,streaming,20882,175,175,0,325,313.1210901737213,358.969003200531,0.2634937530276419,0.0,0,True,,1788735887.7100368,1788736200.831127,1788736246.67904,"[1788736200.831127, 1788736201.3833992, 1788736202.0042555, 1788736202.6339424, 1788736203.2856333, 1788736203.9607582, 1788736204.662384, 1788736205.3838801, 1788736205.9975772, 1788736206.5649505, 1788736207.1822052, 1788736207.8255637, 1788736208.5110264, 1788736209.2134678, 1788736209.9288287, 1788736210.6721811, 1788736211.436814, 1788736212.1021106, 1788736212.6663105, 1788736213.2769215, 1788736213.9232502, 1788736214.5776193, 1788736215.2601686, 1788736215.9667573, 1788736216.7109675, 1788736217.2562644, 1788736217.871816, 1788736218.508096, 1788736219.159821, 1788736219.8282301, 1788736220.5286293, 1788736221.2527492, 1788736222.0039968, 1788736222.7763374, 1788736223.576183, 1788736224.403002, 1788736225.2229142, 1788736225.7677236, 1788736226.3710387, 1788736226.9986417, 1788736227.649939, 1788736228.3220263, 1788736229.0258808, 1788736229.7520173, 1788736230.5058708, 1788736231.2393425, 1788736231.7948086, 1788736232.3978665, 1788736233.028453, 1788736233.681296, 1788736234.3530617, 1788736235.0547833, 1788736235.7801044, 1788736236.536365, 1788736237.328853, 1788736238.127658, 1788736238.9558682, 1788736239.8052661, 1788736240.6783454, 1788736241.3960488, 1788736241.9449296, 1788736242.5603096, 1788736243.1970875, 1788736243.8688002, 1788736244.5580308, 1788736245.2672584, 1788736246.000248, 1788736246.672341]","[1, 1, 5, 2, 4, 2, 3, 1, 1, 2, 1, 2, 1, 7, 1, 3, 2, 2, 4, 4, 2, 1, 2, 1, 7, 1, 1, 2, 2, 2, 2, 3, 3, 2, 2, 1, 1, 1, 3, 1, 1, 7, 1, 2, 1, 1, 2, 2, 1, 9, 2, 2, 5, 6, 3, 1, 5, 1, 5, 2, 1, 2, 1, 9, 7, 3, 2, 2]"
User-020,0,trace_0108,1788736250.53016,streaming,16565,219,219,0,258,307.1051528453827,362.8700122833252,0.25580210751349775,0.0,0,True,,1788735887.6600454,1788736194.7651982,1788736250.5300577,"[1788736194.7651982, 1788736195.3222458, 1788736195.9344313, 1788736196.5548472, 1788736197.2085097, 1788736197.8860493, 1788736198.5894248, 1788736199.3159337, 1788736200.065342, 1788736200.834023, 1788736201.3859496, 1788736202.006919, 1788736202.6366389, 1788736203.2883523, 1788736203.9633505, 1788736204.66472, 1788736205.386395, 1788736206.0008228, 1788736206.5748115, 1788736207.184924, 1788736207.8287432, 1788736208.5146787, 1788736209.2162066, 1788736209.9314568, 1788736210.6748374, 1788736211.4396355, 1788736212.1054347, 1788736212.6695027, 1788736213.280462, 1788736213.9267476, 1788736214.5808449, 1788736215.2633138, 1788736215.9698434, 1788736216.7148912, 1788736217.2600627, 1788736217.8755627, 1788736218.5120533, 1788736219.1630363, 1788736219.831556, 1788736220.5317676, 1788736221.2559094, 1788736222.007191, 1788736222.7795548, 1788736223.579405, 1788736224.4061508, 1788736225.226842, 1788736225.7715318, 1788736226.3746457, 1788736227.0023162, 1788736227.6537035, 1788736228.3258224, 1788736229.0296323, 1788736229.7557719, 1788736230.5095086, 1788736231.2436185, 1788736231.7990003, 1788736232.4020824, 1788736233.0326636, 1788736233.6856499, 1788736234.3573248, 1788736235.059097, 1788736235.7852721, 1788736236.540419, 1788736237.333222, 1788736238.1320183, 1788736238.9610262, 1788736239.8090987, 1788736240.682711, 1788736241.4001727, 1788736241.948785, 1788736242.5639825, 1788736243.200906, 1788736243.8737142, 1788736244.5618782, 1788736245.2714736, 1788736246.0045023, 1788736246.6767786, 1788736247.2339468, 1788736247.8433416, 1788736248.4836936, 1788736249.1390615, 1788736249.818634, 1788736250.527728]","[1, 1, 2, 1, 1, 8, 2, 2, 2, 3, 1, 2, 3, 1, 3, 1, 1, 3, 4, 8, 6, 3, 3, 4, 3, 2, 1, 1, 2, 3, 1, 2, 3, 2, 1, 1, 7, 3, 4, 3, 3, 3, 1, 1, 1, 6, 5, 1, 3, 2, 1, 3, 9, 1, 2, 7, 1, 6, 1, 2, 3, 3, 1, 2, 2, 1, 3, 7, 2, 4, 3, 2, 2, 1, 4, 1, 1, 3, 1, 1, 1, 6, 1]"
User-063,4,trace_0610,1788736254.3577237,streaming,20548,111,111,305,11,341.2921242713928,364.40666151046753,0.21013215671886099,14.0,0,True,,1788735889.950991,1788736231.2431152,1788736254.3576524,"[1788736231.2431152, 1788736231.798465, 1788736232.4015703, 1788736233.0321567, 1788736233.685127, 1788736234.3568265, 1788736235.0585449, 1788736235.78473, 1788736236.54, 1788736237.3327155, 1788736238.1315255, 1788736238.960506, 1788736239.8087068, 1788736240.6822128, 1788736241.3996475, 1788736241.9483874, 1788736242.5637465, 1788736243.2005184, 1788736243.8732102, 1788736244.56137, 1788736245.2709415, 1788736246.0039353, 1788736246.6762195, 1788736247.233389, 1788736247.8428175, 1788736248.483181, 1788736249.1385083, 1788736249.8181083, 1788736250.5271473, 1788736251.2183936, 1788736251.7706814, 1788736252.3762705, 1788736253.008612, 1788736253.672079, 1788736254.3544564]","[1, 5, 5, 3, 1, 1, 3, 2, 4, 1, 1, 3, 2, 1, 4, 5, 2, 3, 1, 1, 2, 6, 8, 9, 1, 2, 1, 4, 6, 3, 1, 8, 4, 4, 3]"
User-066,0,trace_0681,1788736254.357366,streaming,21193,176,176,0,330,322.32992458343506,364.5838477611542,0.24145098958696637,0.0,0,True,,1788735889.7730463,1788736212.1029708,1788736254.356894,"[1788736212.1029708, 1788736212.666863, 1788736213.2776225, 1788736213.923754, 1788736214.5781288, 1788736215.2606866, 1788736215.9672866, 1788736216.7114902, 1788736217.2567677, 1788736217.872341, 1788736218.5086033, 1788736219.1603353, 1788736219.8287416, 1788736220.529141, 1788736221.2532644, 1788736222.0045414, 1788736222.7768621, 1788736223.5767016, 1788736224.4035149, 1788736225.2234309, 1788736225.7682517, 1788736226.3715544, 1788736226.9991865, 1788736227.6504426, 1788736228.322589, 1788736229.0263903, 1788736229.7525575, 1788736230.506377, 1788736231.239838, 1788736231.79533, 1788736232.3983808, 1788736233.0289605, 1788736233.6818693, 1788736234.3536954, 1788736235.0553021, 1788736235.780636, 1788736236.5369372, 1788736237.3293803, 1788736238.1281977, 1788736238.9569263, 1788736239.8058882, 1788736240.6789336, 1788736241.3965611, 1788736241.945462, 1788736242.5608442, 1788736243.1976078, 1788736243.8694427, 1788736244.5586102, 1788736245.268057, 1788736246.0010612, 1788736246.6731296, 1788736247.2311373, 1788736247.8405497, 1788736248.480969, 1788736249.136294, 1788736249.815962, 1788736250.5248847, 1788736251.2153811, 1788736251.767881, 1788736252.3735754, 1788736253.0057316, 1788736253.6694305, 1788736254.3513398]","[1, 1, 1, 3, 2, 2, 2, 2, 2, 3, 3, 2, 1, 1, 3, 2, 1, 1, 3, 2, 4, 1, 7, 2, 1, 2, 2, 3, 1, 2, 3, 1, 3, 2, 3, 1, 8, 2, 4, 2, 3, 8, 2, 1, 6, 3, 1, 2, 6, 3, 2, 6, 3, 1, 2, 6, 5, 2, 8, 2, 6, 4, 2]"
User-019,0,trace_0587,1788736258.6944675,streaming,19031,253,240,0,297,302.6078984737396,371.07700276374817,0.28648160790798555,0.0,0,True,,1788735887.617315,1788736190.2252135,1788736258.6943178,"[1788736190.2252135, 1788736190.7813637, 1788736191.3851962, 1788736192.014689, 1788736192.6638954, 1788736193.340138, 1788736194.0398023, 1788736194.7633467, 1788736195.3206115, 1788736196.5531998, 1788736197.2068655, 1788736197.8843875, 1788736198.582311, 1788736199.314263, 1788736200.063714, 1788736200.832208, 1788736201.384392, 1788736202.005271, 1788736202.6349933, 1788736203.2867048, 1788736204.6634665, 1788736205.3848994, 1788736205.9985592, 1788736206.5660703, 1788736207.1832922, 1788736207.8265817, 1788736208.5124326, 1788736209.214035, 1788736210.672689, 1788736211.4374263, 1788736212.1034667, 1788736212.667374, 1788736213.2782733, 1788736213.9242618, 1788736214.5786436, 1788736215.2612095, 1788736216.7128413, 1788736217.2579935, 1788736217.8734088, 1788736218.5096183, 1788736219.161399, 1788736219.8299007, 1788736220.5301614, 1788736221.2543123, 1788736222.005598, 1788736222.7779787, 1788736223.5777416, 1788736224.4046414, 1788736225.2252722, 1788736225.7698197, 1788736226.3731618, 1788736227.0007474, 1788736227.6520658, 1788736228.324181, 1788736229.0280137, 1788736229.754104, 1788736230.5080328, 1788736231.2413185, 1788736231.7969475, 1788736232.3999765, 1788736233.0305874, 1788736233.683508, 1788736234.3553061, 1788736235.056866, 1788736235.7822843, 1788736236.5387044, 1788736237.331072, 1788736238.129944, 1788736238.9589658, 1788736239.807493, 1788736240.6806493, 1788736241.398086, 1788736241.947194, 1788736242.562637, 1788736243.19925, 1788736243.871569, 1788736244.5596776, 1788736245.2693346, 1788736246.0023146, 1788736246.674429, 1788736247.2316906, 1788736247.8411174, 1788736248.4815028, 1788736249.1368508, 1788736249.8165123, 1788736250.5254257, 1788736251.2168179, 1788736251.769102, 1788736252.374646, 1788736253.006898, 1788736253.670478, 1788736254.3526566, 1788736255.0519407, 1788736255.7825918, 1788736256.5350196, 1788736257.3142514, 1788736258.1461556, 1788736258.690225]","[1, 2, 1, 2, 1, 1, 2, 1, 1, 1, 1, 1, 2, 2, 1, 3, 1, 2, 7, 1, 1, 1, 1, 2, 3, 6, 7, 1, 1, 1, 1, 2, 3, 6, 7, 1, 1, 1, 3, 3, 6, 7, 1, 1, 1, 2, 4, 4, 1, 5, 3, 2, 1, 2, 2, 4, 2, 2, 2, 4, 6, 3, 3, 2, 3, 1, 8, 4, 2, 2, 3, 2, 1, 1, 5, 1, 2, 2, 1, 1, 1, 1, 1, 9, 4, 2, 1, 2, 1, 1, 2, 9, 4, 1, 2, 2, 1, 1]"
User-036,9,trace_0615,1788736259.9175694,streaming,28558,939,939,436,6,233.41912174224854,370.5457146167755,0.14619039752081767,70.0,0,True,,1788735889.3717513,1788736122.790873,1788736259.917466,"[1788736122.790873, 1788736123.3317413, 1788736123.9383712, 1788736124.5579612, 1788736125.2148771, 1788736125.8923047, 1788736126.5936186, 1788736127.3254166, 1788736128.0792594, 1788736128.8639615, 1788736129.6726947, 1788736130.513387, 1788736131.395602, 1788736131.9525197, 1788736132.5764294, 1788736133.2042055, 1788736133.862547, 1788736134.5377054, 1788736135.2357094, 1788736135.9626527, 1788736136.715457, 1788736137.4983199, 1788736138.3187582, 1788736139.1724472, 1788736139.833771, 1788736140.400526, 1788736141.0186424, 1788736141.6597836, 1788736142.3319507, 1788736143.0209975, 1788736143.7478547, 1788736144.4968429, 1788736145.2749774, 1788736146.0767703, 1788736146.8976572, 1788736147.7483075, 1788736148.4242897, 1788736148.9852288, 1788736149.6082885, 1788736150.2588449, 1788736150.9320366, 1788736151.6198983, 1788736152.3406384, 1788736153.1215918, 1788736153.861911, 1788736154.6865537, 1788736155.2290409, 1788736155.8380249, 1788736156.4745386, 1788736157.122904, 1788736157.79804, 1788736158.4982352, 1788736159.2279527, 1788736159.9842794, 1788736160.7818396, 1788736161.6166096, 1788736162.4452457, 1788736163.3141634, 1788736163.9321263, 1788736164.4918277, 1788736165.122559, 1788736165.7779326, 1788736166.456418, 1788736167.1745055, 1788736167.9037166, 1788736168.681234, 1788736169.236587, 1788736169.8335245, 1788736170.4570596, 1788736171.1068478, 1788736171.780577, 1788736172.3708136, 1788736172.9566767, 1788736173.5990834, 1788736174.2608373, 1788736174.9390576, 1788736175.6406128, 1788736176.3100538, 1788736176.8682282, 1788736177.476713, 1788736178.113187, 1788736178.772344, 1788736179.456745, 1788736180.1696873, 1788736180.9068372, 1788736181.6697466, 1788736182.4601908, 1788736183.294743, 1788736184.1354878, 1788736184.93456, 1788736185.480057, 1788736186.0842898, 1788736186.716361, 1788736187.36636, 1788736188.0461845, 1788736188.7520845, 1788736189.4890528, 1788736190.2272887, 1788736190.783601, 1788736191.3873513, 1788736192.0169063, 1788736192.6660545, 1788736193.342692, 1788736194.0414228, 1788736194.7657092, 1788736195.3227847, 1788736195.9350061, 1788736196.5553634, 1788736197.209023, 1788736197.8866096, 1788736198.589962, 1788736199.3164954, 1788736200.0658543, 1788736200.83465, 1788736201.3864634, 1788736202.0074646, 1788736202.6371665, 1788736203.2888741, 1788736203.9639072, 1788736204.665101, 1788736205.3869324, 1788736206.0013285, 1788736206.5753686, 1788736207.1853626, 1788736207.8292885, 1788736208.5152187, 1788736209.2167385, 1788736209.931936, 1788736210.6753628, 1788736211.4400856, 1788736212.1059253, 1788736212.6700072, 1788736213.280964, 1788736213.9272876, 1788736214.5813496, 1788736215.2638233, 1788736215.970394, 1788736216.715394, 1788736217.260451, 1788736217.8760786, 1788736218.512611, 1788736219.163574, 1788736219.8320625, 1788736220.5322876, 1788736221.2564332, 1788736222.0077336, 1788736222.7800717, 1788736223.580082, 1788736224.4066541, 1788736225.2273781, 1788736225.7720895, 1788736226.3751445, 1788736227.0028489, 1788736227.6542249, 1788736228.3263395, 1788736229.0301595, 1788736229.7563126, 1788736230.509995, 1788736231.244141, 1788736231.799544, 1788736232.4025922, 1788736233.033212, 1788736233.6861832, 1788736234.357837, 1788736235.0596104, 1788736235.7858634, 1788736236.5408218, 1788736237.3337476, 1788736238.1325414, 1788736238.961541, 1788736239.8094926, 1788736240.6832542, 1788736241.4006948, 1788736241.9491756, 1788736242.5642216, 1788736243.2012806, 1788736243.874225, 1788736244.5624025, 1788736245.2719972, 1788736246.0050075, 1788736246.6772742, 1788736247.2345042, 1788736247.8438601, 1788736248.4842224, 1788736249.139584, 1788736249.8191698, 1788736250.5285318, 1788736251.2189567, 1788736251.771197, 1788736252.3768785, 1788736253.00915, 1788736253.6725967, 1788736254.3552082, 1788736255.0536141, 1788736255.7842078, 1788736256.5367024, 1788736257.3159804, 1788736258.1485343, 1788736258.6928535, 1788736259.287303, 1788736259.915558]","[1, 3, 3, 1, 2, 3, 2, 1, 3, 1, 3, 3, 2, 1, 4, 1, 3, 2, 5, 6, 4, 3, 3, 1, 1, 5, 3, 6, 1, 3, 4, 9, 9, 2, 3, 1, 3, 9, 2, 9, 3, 8, 3, 6, 1, 1, 6, 4, 5, 2, 4, 2, 8, 3, 3, 1, 3, 9, 1, 9, 5, 5, 6, 3, 3, 3, 3, 2, 1, 5, 7, 9, 2, 4, 4, 1, 3, 5, 4, 3, 9, 8, 9, 9, 9, 5, 9, 7, 4, 3, 5, 5, 7, 7, 2, 9, 9, 6, 4, 6, 9, 9, 9, 1, 9, 2, 9, 3, 9, 7, 8, 2, 9, 4, 4, 5, 7, 2, 6, 6, 9, 7, 2, 6, 5, 9, 6, 2, 9, 5, 7, 5, 7, 2, 1, 4, 2, 9, 3, 7, 6, 4, 2, 8, 3, 9, 9, 7, 6, 3, 3, 7, 9, 1, 9, 4, 4, 3, 2, 2, 4, 6, 9, 9, 9, 4, 8, 3, 4, 3, 2, 5, 1, 5, 7, 1, 1, 4, 1, 1, 3, 9, 5, 4, 3, 2, 1, 2, 3, 1, 2, 9, 9, 4, 9, 9, 9, 7, 2, 3, 5]"
User-072,0,trace_0015,1788736262.6624799,streaming,15435,311,311,0,240,286.1034939289093,372.4530699253082,0.27854701934322235,0.0,0,True,,1788735890.2093337,1788736176.3128276,1788736262.6624036,"[1788736176.3128276, 1788736176.8705146, 1788736177.4790504, 1788736178.110448, 1788736178.769591, 1788736179.4540553, 1788736180.1670005, 1788736180.9041636, 1788736181.6669672, 1788736182.4575546, 1788736183.2920208, 1788736184.1327486, 1788736184.9311461, 1788736185.476635, 1788736186.0810773, 1788736186.712726, 1788736187.3635561, 1788736188.0433395, 1788736188.749395, 1788736189.486292, 1788736190.2238169, 1788736190.7803113, 1788736191.3841655, 1788736192.0135043, 1788736192.6628022, 1788736193.3390775, 1788736194.03877, 1788736194.7622864, 1788736195.3195388, 1788736195.9318824, 1788736196.5522058, 1788736197.2058094, 1788736197.8833168, 1788736198.5812924, 1788736199.3130977, 1788736200.0625997, 1788736200.830244, 1788736201.382895, 1788736202.0037377, 1788736202.63343, 1788736203.2851217, 1788736203.9602273, 1788736204.6618354, 1788736205.3833437, 1788736205.9970887, 1788736206.5644298, 1788736207.18168, 1788736207.8250468, 1788736208.5104778, 1788736209.212943, 1788736209.9282994, 1788736210.6716669, 1788736211.436282, 1788736212.1015985, 1788736212.6657786, 1788736213.2763994, 1788736213.9227042, 1788736214.5770638, 1788736215.2596264, 1788736215.966209, 1788736216.710395, 1788736217.2555585, 1788736217.8712883, 1788736218.5075552, 1788736219.1593006, 1788736219.8275185, 1788736220.5280993, 1788736221.2522328, 1788736222.0034516, 1788736222.7758284, 1788736223.5756505, 1788736224.402474, 1788736225.222326, 1788736225.7666473, 1788736226.3705134, 1788736226.9980862, 1788736227.6494164, 1788736228.3214777, 1788736229.0253468, 1788736229.751491, 1788736230.5053513, 1788736231.2388194, 1788736231.794253, 1788736232.3973413, 1788736233.0279427, 1788736233.6806493, 1788736234.352541, 1788736235.0542326, 1788736235.7795775, 1788736236.5357795, 1788736237.3283093, 1788736238.126893, 1788736238.9553316, 1788736239.8045506, 1788736240.6777642, 1788736241.395503, 1788736241.9443388, 1788736242.5597568, 1788736243.1965327, 1788736243.8679044, 1788736244.5574298, 1788736245.2666702, 1788736245.999712, 1788736246.6717787, 1788736247.2305899, 1788736247.8399446, 1788736248.4804132, 1788736249.1357327, 1788736249.8154247, 1788736250.5243497, 1788736251.2147927, 1788736251.767189, 1788736252.3729992, 1788736253.0051897, 1788736253.6688983, 1788736254.350762, 1788736255.0508122, 1788736255.78149, 1788736256.5339425, 1788736257.3131685, 1788736258.1451085, 1788736258.6891582, 1788736259.2846005, 1788736259.9126225, 1788736260.5556285, 1788736261.2312057, 1788736261.9318829, 1788736262.658393]","[1, 1, 2, 2, 1, 1, 4, 1, 2, 3, 2, 1, 1, 1, 1, 2, 1, 2, 1, 3, 5, 3, 2, 3, 3, 3, 1, 3, 4, 7, 3, 1, 7, 1, 3, 5, 2, 1, 2, 1, 2, 4, 6, 2, 2, 1, 3, 2, 3, 3, 6, 2, 1, 3, 3, 2, 2, 3, 2, 1, 4, 2, 1, 3, 1, 2, 1, 1, 3, 1, 4, 1, 3, 1, 1, 7, 1, 4, 2, 2, 1, 2, 2, 3, 2, 1, 1, 1, 2, 5, 2, 4, 2, 4, 1, 3, 1, 1, 7, 4, 5, 3, 3, 2, 2, 4, 2, 5, 1, 2, 1, 1, 2, 1, 3, 3, 2, 4, 1, 2, 3, 2, 1, 6, 2, 2, 5, 1]"
User-040,0,trace_0278,1788736268.042854,streaming,19520,1035,1035,0,304,75.62345290184021,380.190881729126,0.29455263909795526,0.0,0,True,,1788735887.8518229,1788735963.4752758,1788736268.0427046,"[1788735963.4752758, 1788735964.0565326, 1788735964.6790679, 1788735965.3237684, 1788735965.9898968, 1788735966.6766624, 1788735967.3918352, 1788735968.125844, 1788735968.7493315, 1788735969.3159595, 1788735969.9297326, 1788735970.5674064, 1788735971.235407, 1788735971.9123704, 1788735972.6279092, 1788735973.380893, 1788735974.1519494, 1788735974.947415, 1788735975.7443736, 1788735976.2842183, 1788735976.8841596, 1788735977.5078385, 1788735978.1552935, 1788735978.82546, 1788735979.5229712, 1788735980.2473662, 1788735981.0026162, 1788735981.7908688, 1788735982.5910938, 1788735983.484572, 1788735984.286664, 1788735985.1019223, 1788735985.6429052, 1788735986.2472594, 1788735986.878511, 1788735987.5321133, 1788735988.2116756, 1788735988.9184034, 1788735989.652493, 1788735990.269537, 1788735990.842843, 1788735991.4600945, 1788735992.1043696, 1788735992.7816098, 1788735993.4772298, 1788735994.1967547, 1788735994.940582, 1788735995.5467021, 1788735996.1108928, 1788735996.7298322, 1788735997.371201, 1788735998.0383213, 1788735998.7387037, 1788735999.4670603, 1788736000.1990538, 1788736000.756719, 1788736001.3535213, 1788736001.9784532, 1788736002.6260262, 1788736003.301469, 1788736004.0007925, 1788736004.7285876, 1788736005.4802942, 1788736006.1177795, 1788736006.6786027, 1788736007.2937992, 1788736007.9399815, 1788736008.612023, 1788736009.3044229, 1788736010.0154693, 1788736010.7589436, 1788736011.5261595, 1788736012.283076, 1788736012.8317351, 1788736013.4364138, 1788736014.0623298, 1788736014.7166717, 1788736015.3942316, 1788736016.0949779, 1788736016.8236244, 1788736017.577227, 1788736018.340837, 1788736018.8884783, 1788736019.4887729, 1788736020.1178353, 1788736020.7687755, 1788736021.4455128, 1788736022.14625, 1788736022.8779404, 1788736023.6309683, 1788736024.4127035, 1788736025.2187734, 1788736026.0484693, 1788736026.944692, 1788736027.4895463, 1788736028.104032, 1788736028.729102, 1788736029.3788033, 1788736030.0502043, 1788736030.7445054, 1788736031.465454, 1788736032.210355, 1788736032.9979198, 1788736033.790609, 1788736034.6202128, 1788736035.4812438, 1788736036.406244, 1788736036.9361112, 1788736037.5348136, 1788736038.158567, 1788736038.8058069, 1788736039.4778855, 1788736040.1692424, 1788736040.886266, 1788736041.6310468, 1788736042.4097219, 1788736043.114391, 1788736043.6779447, 1788736044.2891352, 1788736044.9272094, 1788736045.5901818, 1788736046.273977, 1788736046.975638, 1788736047.7063618, 1788736048.4655416, 1788736049.1664674, 1788736049.7195802, 1788736050.330906, 1788736050.967842, 1788736051.636581, 1788736052.3592324, 1788736053.0208635, 1788736053.7543097, 1788736054.3581555, 1788736054.9275455, 1788736055.5546603, 1788736056.2016766, 1788736056.8696573, 1788736057.5623682, 1788736058.281602, 1788736059.035677, 1788736059.8102038, 1788736060.6125798, 1788736061.4374156, 1788736062.2931814, 1788736063.1682005, 1788736064.0225463, 1788736064.562128, 1788736065.1623797, 1788736065.7995427, 1788736066.4497073, 1788736067.128917, 1788736067.833263, 1788736068.5729713, 1788736069.3512251, 1788736070.1344125, 1788736070.9542196, 1788736071.7530775, 1788736072.2991834, 1788736073.0249517, 1788736073.5421028, 1788736074.2039418, 1788736074.885556, 1788736075.594858, 1788736076.3295913, 1788736077.0925288, 1788736077.8530123, 1788736078.418593, 1788736079.0252683, 1788736079.6593945, 1788736080.3190472, 1788736080.997001, 1788736081.7029285, 1788736082.4394605, 1788736083.1951818, 1788736083.980688, 1788736084.7981272, 1788736085.641368, 1788736086.511489, 1788736087.4027207, 1788736088.1909776, 1788736088.7445877, 1788736089.3519628, 1788736089.988563, 1788736090.653555, 1788736091.340139, 1788736092.053268, 1788736092.7993965, 1788736093.5579674, 1788736094.352459, 1788736095.172319, 1788736096.0221133, 1788736096.9062595, 1788736097.811292, 1788736098.4602358, 1788736099.0189548, 1788736099.6424975, 1788736100.290952, 1788736100.963348, 1788736101.6580474, 1788736102.3822134, 1788736103.1439233, 1788736103.929019, 1788736104.7352626, 1788736105.5653315, 1788736106.4225647, 1788736107.2983613, 1788736107.830819, 1788736108.4370866, 1788736109.067457, 1788736109.722199, 1788736110.398396, 1788736111.1020465, 1788736111.829524, 1788736112.5887988, 1788736113.37447, 1788736114.1426475, 1788736114.6925535, 1788736115.302713, 1788736115.9335048, 1788736116.5919058, 1788736117.2704456, 1788736117.9805384, 1788736118.7134314, 1788736119.4779334, 1788736120.2639325, 1788736121.0780644, 1788736121.918212, 1788736122.7915394, 1788736123.3323524, 1788736123.9390426, 1788736124.5585887, 1788736125.2155046, 1788736125.8929405, 1788736126.59423, 1788736127.3261704, 1788736128.0799565, 1788736128.8645906, 1788736129.6733606, 1788736130.5140846, 1788736131.3964665, 1788736131.9531333, 1788736132.5771036, 1788736133.204818, 1788736133.863184, 1788736134.5383103, 1788736135.2363284, 1788736135.9633243, 1788736136.7160814, 1788736137.4989722, 1788736138.319384, 1788736139.1730683, 1788736139.8344505, 1788736140.4011698, 1788736141.0192947, 1788736141.6604087, 1788736142.3326678, 1788736143.0216074, 1788736143.7484813, 1788736144.4974923, 1788736145.2757618, 1788736146.0773835, 1788736146.8982735, 1788736147.748909, 1788736148.4249856, 1788736148.9858637, 1788736149.6089025, 1788736150.2594934, 1788736150.9326665, 1788736151.6205502, 1788736152.3412514, 1788736153.1219628, 1788736153.862563, 1788736154.6872866, 1788736155.2296677, 1788736155.8389094, 1788736156.4753895, 1788736157.1235595, 1788736157.7986753, 1788736158.4988644, 1788736159.2286026, 1788736159.9850051, 1788736160.7824893, 1788736161.616934, 1788736162.4459689, 1788736163.315038, 1788736163.9327786, 1788736164.4924457, 1788736165.1232033, 1788736165.7785764, 1788736166.4570658, 1788736167.1751852, 1788736167.904328, 1788736168.6818573, 1788736169.2372131, 1788736169.8341367, 1788736170.4576595, 1788736171.1074672, 1788736171.781193, 1788736172.3714492, 1788736172.9572964, 1788736173.59971, 1788736174.2614517, 1788736174.939804, 1788736175.6412394, 1788736176.3108015, 1788736176.868853, 1788736177.4773312, 1788736178.1092927, 1788736178.7684295, 1788736179.452893, 1788736180.165793, 1788736180.9028108, 1788736181.6657193, 1788736182.4564073, 1788736183.2908375, 1788736184.1315644, 1788736184.9299002, 1788736185.4755023, 1788736186.0799885, 1788736186.7115383, 1788736187.3623862, 1788736188.0421991, 1788736188.7482126, 1788736189.4851167, 1788736190.222649, 1788736190.779126, 1788736191.382974, 1788736192.0119846, 1788736192.661622, 1788736193.3376818, 1788736194.0375392, 1788736194.7611654, 1788736195.318349, 1788736195.9305754, 1788736196.551047, 1788736197.2046626, 1788736197.8821144, 1788736198.5801067, 1788736199.3119338, 1788736200.0614252, 1788736200.8290155, 1788736201.3816955, 1788736202.002523, 1788736202.63225, 1788736203.2839372, 1788736203.958996, 1788736204.6606512, 1788736205.3821042, 1788736205.9958818, 1788736206.563186, 1788736207.1804883, 1788736207.8238947, 1788736208.509318, 1788736209.211783, 1788736209.927139, 1788736210.670467, 1788736211.435199, 1788736212.100421, 1788736212.6644425, 1788736213.2752142, 1788736213.9215503, 1788736214.5757713, 1788736215.258305, 1788736215.964956, 1788736216.7089608, 1788736217.2541003, 1788736217.8699856, 1788736218.5062294, 1788736219.1579678, 1788736219.8261106, 1788736220.5267994, 1788736221.2509837, 1788736222.0021613, 1788736222.7745757, 1788736223.5743902, 1788736224.4011343, 1788736225.220845, 1788736225.7652233, 1788736226.3692386, 1788736226.996818, 1788736227.648164, 1788736228.3201947, 1788736229.024056, 1788736229.750159, 1788736230.5040948, 1788736231.2374394, 1788736231.7926362, 1788736232.395998, 1788736233.0266466, 1788736233.6793694, 1788736234.3513055, 1788736235.0525987, 1788736235.7782211, 1788736236.5340917, 1788736237.3266282, 1788736238.125086, 1788736238.953978, 1788736239.8029602, 1788736240.6761615, 1788736241.3941033, 1788736241.9424446, 1788736242.5540767, 1788736243.1951554, 1788736243.8665042, 1788736244.5558388, 1788736245.265348, 1788736245.99842, 1788736246.6701381, 1788736247.2292256, 1788736247.838196, 1788736248.4744616, 1788736249.134262, 1788736249.8137567, 1788736250.5227985, 1788736251.213113, 1788736251.7655258, 1788736252.3714225, 1788736253.0037425, 1788736253.667455, 1788736254.3493164, 1788736255.0493302, 1788736255.7793214, 1788736256.5326617, 1788736257.3117359, 1788736258.143713, 1788736258.6878753, 1788736259.2832673, 1788736259.9112048, 1788736260.5543287, 1788736261.2298944, 1788736261.9305627, 1788736262.6570933, 1788736263.4121382, 1788736264.187935, 1788736264.8205304, 1788736265.3871117, 1788736266.0162475, 1788736266.6646566, 1788736267.3363736, 1788736268.0377846]","[1, 1, 1, 4, 4, 4, 1, 3, 1, 2, 1, 1, 1, 1, 1, 2, 4, 3, 3, 2, 2, 2, 1, 2, 1, 5, 4, 2, 1, 4, 1, 4, 2, 1, 1, 1, 1, 1, 4, 4, 2, 1, 2, 4, 3, 3, 4, 3, 3, 5, 2, 1, 1, 2, 2, 2, 2, 1, 1, 5, 3, 2, 4, 1, 2, 4, 1, 2, 1, 3, 1, 3, 1, 1, 9, 1, 2, 2, 1, 2, 4, 1, 5, 2, 2, 2, 2, 6, 2, 1, 1, 2, 2, 4, 1, 2, 1, 1, 1, 6, 1, 2, 2, 1, 4, 2, 1, 3, 2, 8, 2, 3, 2, 3, 2, 2, 3, 2, 4, 2, 1, 1, 3, 2, 6, 2, 2, 6, 3, 1, 2, 1, 1, 2, 1, 2, 2, 1, 6, 2, 1, 2, 2, 1, 1, 1, 1, 1, 2, 1, 3, 2, 6, 3, 1, 1, 1, 1, 1, 2, 2, 1, 1, 1, 1, 2, 6, 1, 1, 1, 2, 2, 2, 2, 1, 1, 2, 1, 2, 1, 7, 3, 4, 1, 1, 1, 7, 2, 1, 2, 1, 1, 3, 2, 1, 5, 2, 3, 1, 1, 2, 1, 1, 2, 6, 3, 2, 3, 1, 3, 3, 1, 2, 1, 1, 9, 1, 3, 2, 2, 3, 1, 1, 1, 1, 2, 1, 2, 6, 1, 1, 4, 9, 3, 1, 3, 2, 1, 2, 1, 2, 1, 1, 3, 1, 8, 1, 3, 2, 2, 1, 2, 1, 1, 1, 8, 2, 1, 4, 1, 1, 2, 1, 1, 2, 2, 2, 1, 9, 2, 3, 2, 2, 6, 2, 1, 1, 2, 1, 2, 2, 2, 3, 3, 7, 4, 1, 3, 1, 1, 1, 1, 3, 3, 2, 2, 9, 3, 2, 1, 1, 3, 1, 2, 3, 1, 2, 2, 1, 1, 2, 3, 1, 8, 3, 3, 1, 3, 1, 1, 1, 3, 1, 2, 5, 3, 6, 1, 3, 1, 2, 3, 1, 1, 1, 2, 1, 1, 2, 2, 1, 9, 4, 5, 2, 6, 6, 1, 3, 9, 3, 1, 1, 1, 2, 1, 2, 2, 1, 1, 2, 3, 2, 6, 2, 1, 2, 2, 1, 1, 2, 1, 1, 4, 1, 2, 2, 1, 1, 6, 4, 1, 1, 1, 2, 2, 4, 2, 6, 4, 1, 1, 2, 1, 3, 1, 3, 9, 3, 2, 4, 2, 7, 4, 1, 1, 1, 1, 7, 2, 2, 1, 4, 1, 2, 1, 5, 2, 1, 3, 1, 5, 2, 3, 4, 1, 2, 1, 2, 1, 3, 1, 1, 7, 4, 1, 2, 9, 5, 2, 2]"
User-065,0,trace_0054,1788736268.7644079,streaming,16892,251,251,0,263,316.2780683040619,379.04253673553467,0.2510578737258911,0.0,0,True,,1788735889.7217827,1788736205.999851,1788736268.7643194,"[1788736205.999851, 1788736206.5735555, 1788736207.184248, 1788736207.8277097, 1788736208.5136454, 1788736209.2150548, 1788736209.9302711, 1788736210.673725, 1788736211.4385166, 1788736212.1044278, 1788736212.6684413, 1788736213.279422, 1788736213.9253442, 1788736214.57977, 1788736215.2622004, 1788736215.9687636, 1788736216.7138455, 1788736217.2590494, 1788736217.8745189, 1788736218.5107014, 1788736219.1625175, 1788736219.8310463, 1788736220.5312505, 1788736221.2554064, 1788736222.0066686, 1788736222.7790208, 1788736223.5788739, 1788736224.4056396, 1788736225.226299, 1788736225.7709835, 1788736226.3741632, 1788736227.0018132, 1788736227.6531875, 1788736228.3253274, 1788736229.0291107, 1788736229.7552602, 1788736230.5089955, 1788736231.2422922, 1788736231.7979586, 1788736232.4010625, 1788736233.0316434, 1788736233.6845942, 1788736234.356318, 1788736235.058016, 1788736235.7841384, 1788736236.5396082, 1788736237.3321884, 1788736238.1310196, 1788736238.959991, 1788736239.8082864, 1788736240.6817129, 1788736241.3991368, 1788736241.9479876, 1788736242.563501, 1788736243.2001426, 1788736243.872646, 1788736244.5608435, 1788736245.2703762, 1788736246.0034173, 1788736246.6757114, 1788736247.2328663, 1788736247.8422742, 1788736248.4826481, 1788736249.137957, 1788736249.8175817, 1788736250.5265162, 1788736251.2178588, 1788736251.7701557, 1788736252.3757427, 1788736253.0080855, 1788736253.6715882, 1788736254.3539371, 1788736255.0530238, 1788736255.783699, 1788736256.5361035, 1788736257.3154497, 1788736258.148034, 1788736258.6922936, 1788736259.2867794, 1788736259.9150078, 1788736260.557772, 1788736261.2333386, 1788736261.9340048, 1788736262.660853, 1788736263.415132, 1788736264.1909685, 1788736264.8244016, 1788736265.3911936, 1788736266.0197597, 1788736266.668045, 1788736267.339852, 1788736268.0416892, 1788736268.7624366]","[1, 1, 1, 4, 2, 1, 2, 1, 4, 1, 2, 4, 2, 2, 2, 2, 5, 1, 2, 7, 1, 1, 1, 1, 1, 6, 5, 6, 3, 6, 1, 1, 2, 2, 8, 3, 3, 2, 1, 1, 2, 5, 3, 4, 3, 1, 4, 2, 2, 5, 2, 1, 1, 7, 2, 9, 2, 7, 1, 1, 2, 1, 1, 9, 3, 3, 3, 2, 1, 1, 1, 1, 1, 1, 9, 1, 1, 6, 1, 1, 1, 3, 5, 2, 5, 2, 2, 1, 1, 4, 5, 1, 4]"
User-006,5,trace_0396,1788736300.2195191,streaming,31168,266,266,385,49,351.3829126358032,410.2007429599762,0.22195407669499234,11.0,0,True,,1788735890.018667,1788736241.4015796,1788736300.21941,"[1788736241.4015796, 1788736241.9495873, 1788736242.564471, 1788736243.2016678, 1788736243.8747873, 1788736244.5629609, 1788736245.2725055, 1788736246.0055273, 1788736246.6778033, 1788736247.2350843, 1788736247.8443987, 1788736248.4847624, 1788736249.1402583, 1788736249.8196921, 1788736250.529061, 1788736251.2194865, 1788736251.7717178, 1788736252.377393, 1788736253.0096674, 1788736253.673138, 1788736254.3557656, 1788736255.0541625, 1788736255.7847617, 1788736256.5373104, 1788736257.3165731, 1788736258.149075, 1788736258.693371, 1788736259.28789, 1788736259.9163988, 1788736260.55828, 1788736261.2338693, 1788736261.9345477, 1788736262.6613698, 1788736263.415682, 1788736264.191498, 1788736264.8249145, 1788736265.3917353, 1788736266.0203214, 1788736266.6685843, 1788736267.3404288, 1788736268.0422065, 1788736268.763306, 1788736269.5096679, 1788736270.2906055, 1788736270.969808, 1788736271.5301619, 1788736272.1506965, 1788736272.8007605, 1788736273.4688926, 1788736274.1592052, 1788736274.8779302, 1788736275.610492, 1788736276.1652837, 1788736276.7673945, 1788736277.3971756, 1788736278.0466225, 1788736278.7256866, 1788736279.4350271, 1788736280.1674695, 1788736280.8920665, 1788736281.4440062, 1788736282.0501935, 1788736282.6714668, 1788736283.3290424, 1788736284.000205, 1788736284.7021415, 1788736285.429404, 1788736286.1835625, 1788736286.8852391, 1788736287.4415255, 1788736288.0496144, 1788736288.6905324, 1788736289.3553782, 1788736290.033203, 1788736290.744345, 1788736291.4650912, 1788736292.016939, 1788736292.618259, 1788736293.2442641, 1788736293.8933148, 1788736294.5413184, 1788736295.1080666, 1788736295.7175918, 1788736296.3444622, 1788736297.001508, 1788736297.6787064, 1788736298.3852024, 1788736299.0476344, 1788736299.6080296, 1788736300.2180445]","[1, 4, 3, 2, 5, 3, 2, 2, 1, 3, 3, 1, 3, 1, 2, 6, 1, 1, 4, 1, 2, 5, 5, 2, 8, 3, 4, 9, 1, 4, 4, 1, 4, 4, 1, 3, 2, 1, 1, 2, 5, 2, 3, 3, 3, 5, 1, 4, 4, 2, 3, 3, 1, 5, 1, 3, 1, 7, 3, 1, 6, 1, 3, 5, 4, 2, 9, 2, 2, 1, 2, 4, 1, 5, 3, 1, 2, 7, 6, 5, 1, 1, 1, 1, 1, 3, 2, 6, 2, 2]"
User-070,0,trace_0477,1788736311.9628985,streaming,16517,209,209,0,257,361.10694670677185,421.8534698486328,0.2920505920281777,0.0,0,True,,1788735890.1093447,1788736251.2162914,1788736311.9628146,"[1788736251.2162914, 1788736251.7684684, 1788736252.3741076, 1788736253.0062842, 1788736253.6699638, 1788736254.352131, 1788736255.0513794, 1788736255.7820506, 1788736256.5344656, 1788736257.313702, 1788736258.145646, 1788736258.6896925, 1788736259.2851274, 1788736259.9131904, 1788736260.5561588, 1788736261.231738, 1788736261.9324353, 1788736262.659249, 1788736263.41346, 1788736264.1892986, 1788736264.8228326, 1788736265.3892417, 1788736266.0181458, 1788736266.6664412, 1788736267.3381479, 1788736268.040056, 1788736268.7608414, 1788736269.508022, 1788736270.2890189, 1788736270.9673157, 1788736271.5273995, 1788736272.1484425, 1788736272.7986352, 1788736273.4665546, 1788736274.1582184, 1788736274.8757858, 1788736275.608561, 1788736276.1629875, 1788736276.7652974, 1788736277.3950028, 1788736278.0445435, 1788736278.7235792, 1788736279.432654, 1788736280.1653092, 1788736280.8889477, 1788736281.441193, 1788736282.0475962, 1788736282.668822, 1788736283.3224454, 1788736283.9974623, 1788736284.6994379, 1788736285.42665, 1788736286.1808932, 1788736286.8821461, 1788736287.4383452, 1788736288.046537, 1788736288.6871586, 1788736289.3521585, 1788736290.0300357, 1788736290.741164, 1788736291.4580736, 1788736292.0131984, 1788736292.6145086, 1788736293.240583, 1788736293.889603, 1788736294.5377595, 1788736295.1041334, 1788736295.7138941, 1788736296.340811, 1788736296.9978297, 1788736297.6715853, 1788736298.3814967, 1788736299.0432413, 1788736299.6040158, 1788736300.213671, 1788736300.8437479, 1788736301.5016475, 1788736302.180561, 1788736302.8797274, 1788736303.609497, 1788736304.364702, 1788736305.1448882, 1788736305.75487, 1788736306.3251925, 1788736306.9444995, 1788736307.59433, 1788736308.2614505, 1788736308.9525502, 1788736309.6642118, 1788736310.4061072, 1788736311.16854, 1788736311.9571922]","[1, 3, 1, 5, 1, 1, 6, 3, 1, 2, 3, 1, 1, 6, 8, 1, 1, 2, 1, 5, 3, 1, 2, 6, 1, 3, 1, 1, 1, 2, 5, 5, 2, 3, 2, 2, 6, 1, 2, 2, 1, 1, 1, 3, 2, 2, 1, 3, 2, 2, 1, 2, 2, 2, 1, 1, 1, 7, 2, 3, 4, 1, 2, 2, 1, 3, 2, 2, 2, 2, 2, 2, 2, 2, 6, 1, 1, 3, 3, 2, 2, 1, 2, 1, 1, 1, 2, 1, 2, 2, 1, 4]"
User-069,0,trace_0672,1788736312.77789,streaming,18368,263,263,0,286,356.6091592311859,422.7083456516266,0.2522869710703842,0.0,0,True,,1788735890.0694838,1788736246.678643,1788736312.7778294,"[1788736246.678643, 1788736247.2355554, 1788736247.844921, 1788736248.4853091, 1788736249.140805, 1788736249.8202364, 1788736250.5295792, 1788736251.220018, 1788736251.772236, 1788736252.3779051, 1788736253.0101762, 1788736253.673634, 1788736254.3562784, 1788736255.0547094, 1788736255.7853057, 1788736256.5378366, 1788736257.3171637, 1788736258.149602, 1788736258.6939192, 1788736259.2884266, 1788736259.9169443, 1788736260.5588527, 1788736261.2344258, 1788736261.9351118, 1788736262.6620185, 1788736263.4162254, 1788736264.1920576, 1788736264.8254488, 1788736265.3922715, 1788736266.0208232, 1788736266.669121, 1788736267.3409793, 1788736268.0432758, 1788736268.763963, 1788736269.5102224, 1788736270.293619, 1788736270.9703875, 1788736271.5307581, 1788736272.151293, 1788736272.8012915, 1788736273.4694428, 1788736274.1594605, 1788736274.8784587, 1788736275.6110337, 1788736276.1658313, 1788736276.767931, 1788736277.3977134, 1788736278.04715, 1788736278.7262332, 1788736279.4355783, 1788736280.1679885, 1788736280.892571, 1788736281.4445584, 1788736282.050701, 1788736282.6719952, 1788736283.329607, 1788736284.0007322, 1788736284.7026675, 1788736285.4299693, 1788736286.1840792, 1788736286.8856435, 1788736287.4420278, 1788736288.0501273, 1788736288.6911035, 1788736289.3559213, 1788736290.033767, 1788736290.744878, 1788736291.465609, 1788736292.0174642, 1788736292.6187894, 1788736293.2447937, 1788736293.8938358, 1788736294.5418382, 1788736295.1085799, 1788736295.718108, 1788736296.3449643, 1788736297.0020225, 1788736297.679203, 1788736298.3857353, 1788736299.0481658, 1788736299.6084292, 1788736300.2188995, 1788736300.8479784, 1788736301.5061307, 1788736302.184839, 1788736302.8841283, 1788736303.6136837, 1788736304.3688703, 1788736305.149141, 1788736305.759831, 1788736306.3338568, 1788736306.949272, 1788736307.59919, 1788736308.2664077, 1788736308.9573505, 1788736309.6690102, 1788736310.4109635, 1788736311.1735117, 1788736311.9623504, 1788736312.7773876]","[1, 1, 2, 3, 3, 2, 1, 1, 4, 4, 4, 4, 4, 1, 4, 2, 2, 2, 1, 3, 2, 4, 2, 3, 3, 3, 3, 1, 2, 2, 2, 3, 2, 1, 8, 2, 1, 2, 4, 1, 3, 1, 5, 4, 4, 6, 1, 2, 1, 2, 1, 2, 4, 1, 6, 7, 4, 2, 1, 1, 2, 1, 4, 3, 2, 1, 4, 1, 1, 1, 3, 3, 1, 3, 4, 1, 2, 3, 8, 1, 1, 2, 1, 5, 4, 8, 2, 6, 3, 1, 2, 4, 3, 2, 1, 1, 2, 1, 4, 3]"
User-033,3,trace_0538,1788736314.4880965,streaming,11150,105,105,161,8,360.4746470451355,380.4254367351532,0.1918345162501702,10.0,0,True,,1788735934.0625823,1788736294.5372293,1788736314.488019,"[1788736294.5372293, 1788736295.1036098, 1788736295.71338, 1788736296.3402905, 1788736296.9973075, 1788736297.6709986, 1788736298.3809633, 1788736299.0426922, 1788736299.6032517, 1788736300.213122, 1788736300.843204, 1788736301.5010777, 1788736302.1800385, 1788736302.8791819, 1788736303.6089427, 1788736304.3641596, 1788736305.1443899, 1788736305.7543418, 1788736306.3245025, 1788736306.9439557, 1788736307.593791, 1788736308.26072, 1788736308.9520364, 1788736309.6636722, 1788736310.405597, 1788736311.1680057, 1788736311.9566376, 1788736312.7696888, 1788736313.6085303, 1788736314.4828722]","[1, 2, 3, 2, 3, 9, 2, 1, 9, 6, 4, 1, 2, 4, 9, 4, 1, 3, 5, 3, 2, 7, 1, 3, 1, 3, 4, 6, 1, 3]"
User-075,0,trace_0559,1788736317.6754239,streaming,17687,177,177,0,276,383.70505356788635,425.7723355293274,0.23901864750818771,0.0,0,True,,1788735891.9029915,1788736275.608045,1788736317.675327,"[1788736275.608045, 1788736276.1624234, 1788736276.7647572, 1788736277.3944345, 1788736278.044021, 1788736278.723152, 1788736279.432064, 1788736280.1647792, 1788736280.88835, 1788736281.440466, 1788736282.0470772, 1788736282.6683042, 1788736283.3218977, 1788736283.996923, 1788736284.6988978, 1788736285.426111, 1788736286.18035, 1788736286.881642, 1788736287.4378324, 1788736288.0460172, 1788736288.686585, 1788736289.3515863, 1788736290.029521, 1788736290.7406063, 1788736291.4575698, 1788736292.0124726, 1788736292.613973, 1788736293.240046, 1788736293.8890278, 1788736294.536213, 1788736295.1030352, 1788736295.7127059, 1788736296.3397667, 1788736296.9967818, 1788736297.6704366, 1788736298.3804238, 1788736299.0419767, 1788736299.6027036, 1788736300.212575, 1788736300.8426363, 1788736301.5004935, 1788736302.1795187, 1788736302.8785915, 1788736303.6084242, 1788736304.3635879, 1788736305.1438627, 1788736305.7538164, 1788736306.3239615, 1788736306.94342, 1788736307.5932322, 1788736308.260157, 1788736308.9515002, 1788736309.6631277, 1788736310.4050698, 1788736311.1674576, 1788736311.9560802, 1788736312.768981, 1788736313.6079857, 1788736314.4822688, 1788736315.206016, 1788736315.754571, 1788736316.371501, 1788736317.0078382, 1788736317.669753]","[1, 3, 4, 2, 1, 1, 6, 3, 3, 3, 1, 1, 6, 1, 1, 7, 3, 2, 1, 2, 1, 7, 3, 4, 1, 2, 1, 2, 6, 5, 7, 1, 2, 2, 1, 1, 4, 1, 3, 2, 1, 1, 4, 1, 9, 1, 2, 1, 1, 4, 4, 2, 2, 1, 4, 6, 1, 6, 4, 1, 1, 5, 6, 1]"
User-046,2,trace_0334,1788736329.9635854,streaming,15785,132,132,249,246,359.8750309944153,390.79289412498474,0.23601422237075922,77.0,0,True,,1788735939.170562,1788736299.045593,1788736329.9634562,"[1788736299.045593, 1788736299.6062045, 1788736300.2159345, 1788736300.8458788, 1788736301.504004, 1788736302.1827953, 1788736302.881971, 1788736303.6116493, 1788736304.366786, 1788736305.1470475, 1788736305.7568696, 1788736306.331088, 1788736306.9467015, 1788736307.59657, 1788736308.2638388, 1788736308.9547677, 1788736309.6663222, 1788736310.4083529, 1788736311.1707091, 1788736311.9597938, 1788736312.7761517, 1788736313.610707, 1788736314.4854453, 1788736315.208915, 1788736315.75749, 1788736316.37419, 1788736317.010659, 1788736317.6728415, 1788736318.353149, 1788736318.9804204, 1788736319.551225, 1788736320.1668253, 1788736320.8067188, 1788736321.4616926, 1788736322.1436896, 1788736322.7549639, 1788736323.3248017, 1788736323.9521375, 1788736324.5979178, 1788736325.2615879, 1788736325.950857, 1788736326.6616285, 1788736327.3974526, 1788736328.2078326, 1788736328.7655995, 1788736329.3384187, 1788736329.960132]","[1, 4, 1, 4, 2, 1, 2, 3, 1, 2, 2, 3, 1, 1, 2, 1, 4, 1, 4, 2, 4, 2, 1, 1, 2, 2, 9, 3, 1, 4, 3, 9, 2, 8, 2, 8, 3, 2, 4, 1, 1, 6, 3, 3, 1, 3, 2]"
User-073,0,trace_0203,1788736335.2624571,streaming,21460,301,301,0,334,373.63801193237305,444.07811093330383,0.23480033000310263,0.0,0,True,,1788735891.1842475,1788736264.8222594,1788736335.2623584,"[1788736264.8222594, 1788736265.3886757, 1788736266.017618, 1788736266.6659064, 1788736267.3376303, 1788736268.039454, 1788736268.7602172, 1788736269.5073435, 1788736270.2883375, 1788736270.966564, 1788736271.5267594, 1788736272.147772, 1788736272.797985, 1788736273.46595, 1788736274.1578968, 1788736274.8751354, 1788736275.607018, 1788736276.161774, 1788736276.764122, 1788736277.3938434, 1788736278.0433564, 1788736278.7225904, 1788736279.431466, 1788736280.1641538, 1788736280.887784, 1788736281.439855, 1788736282.0464783, 1788736282.6676586, 1788736283.3212216, 1788736283.9963372, 1788736284.6982262, 1788736285.4254198, 1788736286.17971, 1788736286.8809626, 1788736287.4370172, 1788736288.0453844, 1788736288.6860213, 1788736289.3509612, 1788736290.0288525, 1788736290.7399547, 1788736291.4568515, 1788736292.0118911, 1788736292.6133342, 1788736293.2393224, 1788736293.8883965, 1788736294.5356772, 1788736295.1021867, 1788736295.7120628, 1788736296.3391461, 1788736296.996156, 1788736297.6697984, 1788736298.3798735, 1788736299.041449, 1788736299.602076, 1788736300.2119267, 1788736300.8419886, 1788736301.4999, 1788736302.1788678, 1788736302.8779461, 1788736303.6077895, 1788736304.3629887, 1788736305.143224, 1788736305.7532353, 1788736306.3233223, 1788736306.942718, 1788736307.5925756, 1788736308.2594984, 1788736308.9508317, 1788736309.66246, 1788736310.4044, 1788736311.166819, 1788736311.9553866, 1788736312.7683356, 1788736313.607417, 1788736314.4816172, 1788736315.205323, 1788736315.7539334, 1788736316.3708067, 1788736317.0071666, 1788736317.6690948, 1788736318.3504403, 1788736318.9766748, 1788736319.5479152, 1788736320.1634378, 1788736320.7983057, 1788736321.4583516, 1788736322.140244, 1788736322.7516665, 1788736323.3214757, 1788736323.9487581, 1788736324.5946069, 1788736325.258306, 1788736325.947471, 1788736326.6582756, 1788736327.3940768, 1788736328.2063057, 1788736328.761458, 1788736329.3343837, 1788736329.9561775, 1788736330.5969856, 1788736331.2698975, 1788736331.9562213, 1788736332.6691468, 1788736333.4095228, 1788736334.0994682, 1788736334.6430454, 1788736335.2551687]","[1, 1, 1, 4, 1, 5, 1, 6, 5, 2, 1, 3, 1, 3, 2, 3, 9, 2, 1, 3, 6, 3, 1, 2, 4, 5, 3, 1, 4, 1, 1, 7, 3, 1, 2, 2, 1, 1, 3, 3, 2, 4, 1, 3, 2, 2, 1, 1, 1, 2, 1, 1, 1, 2, 2, 3, 2, 3, 1, 2, 3, 1, 9, 2, 2, 2, 2, 7, 1, 9, 1, 5, 1, 2, 3, 2, 2, 8, 1, 2, 2, 1, 9, 3, 1, 6, 2, 6, 2, 2, 5, 1, 3, 5, 8, 3, 4, 1, 3, 9, 4, 3, 1, 3, 1, 1, 1]"
User-076,0,trace_0634,1788736337.2414198,streaming,18489,258,258,0,288,388.2027053833008,444.5524673461914,0.21925977417467168,0.0,0,True,,1788735892.6888568,1788736280.8915622,1788736337.2413242,"[1788736280.8915622, 1788736281.4434981, 1788736282.0496953, 1788736282.6708999, 1788736283.3284278, 1788736283.9996836, 1788736284.7015526, 1788736285.4287505, 1788736286.183013, 1788736286.884824, 1788736287.4410124, 1788736288.049081, 1788736288.6900046, 1788736289.354864, 1788736290.03264, 1788736290.7438366, 1788736291.4645715, 1788736292.0164132, 1788736292.6177337, 1788736293.2437704, 1788736293.8928108, 1788736294.5408235, 1788736295.1075492, 1788736295.717088, 1788736296.3439538, 1788736297.0010097, 1788736297.6780684, 1788736298.3847065, 1788736299.0471377, 1788736299.607648, 1788736300.2175155, 1788736300.8474536, 1788736301.5056062, 1788736302.1843328, 1788736302.883576, 1788736303.6131816, 1788736304.3683648, 1788736305.1486342, 1788736305.7592957, 1788736306.3332777, 1788736306.9487607, 1788736307.5986648, 1788736308.2659018, 1788736308.9568427, 1788736309.668486, 1788736310.4104455, 1788736311.1727917, 1788736311.961849, 1788736312.7771246, 1788736313.6128473, 1788736314.4875863, 1788736315.211015, 1788736315.7596412, 1788736316.3763475, 1788736317.0125134, 1788736317.6749413, 1788736318.3552988, 1788736318.9825006, 1788736319.5533519, 1788736320.1689918, 1788736320.8083856, 1788736321.4638538, 1788736322.1457317, 1788736322.757895, 1788736323.3275979, 1788736323.9547436, 1788736324.6006103, 1788736325.264471, 1788736325.9535022, 1788736326.6643307, 1788736327.4001222, 1788736328.2091174, 1788736328.7681227, 1788736329.3411202, 1788736329.9629698, 1788736330.6029878, 1788736331.2757552, 1788736331.9625356, 1788736332.6754944, 1788736333.4200554, 1788736334.1062999, 1788736334.6503274, 1788736335.2619548, 1788736335.8919902, 1788736336.5559592, 1788736337.2403376]","[1, 1, 1, 3, 1, 1, 2, 1, 1, 4, 2, 2, 3, 1, 2, 1, 2, 1, 2, 1, 1, 1, 1, 2, 4, 1, 1, 3, 3, 1, 2, 5, 2, 1, 8, 1, 1, 1, 4, 3, 3, 2, 1, 2, 3, 1, 7, 1, 5, 2, 5, 6, 4, 7, 1, 4, 7, 6, 4, 9, 4, 1, 8, 9, 2, 4, 5, 2, 6, 3, 1, 2, 9, 1, 5, 1, 3, 2, 9, 2, 2, 4, 2, 5, 1, 6]"
User-078,0,trace_0366,1788736341.204774,streaming,21632,133,133,0,337,331.5042498111725,366.950138092041,0.26852945667324646,0.0,0,True,,1788735974.2545407,1788736305.7587905,1788736341.2046788,"[1788736305.7587905, 1788736306.3327436, 1788736306.9482584, 1788736307.5981174, 1788736308.2653859, 1788736308.9563315, 1788736309.667947, 1788736310.409933, 1788736311.1722763, 1788736311.9613469, 1788736312.7768922, 1788736313.612297, 1788736314.4870384, 1788736315.2105043, 1788736315.7591143, 1788736316.3758178, 1788736317.012108, 1788736317.6744173, 1788736318.3547673, 1788736318.9819803, 1788736319.5528476, 1788736320.168448, 1788736320.807973, 1788736321.4632962, 1788736322.1452196, 1788736322.7573662, 1788736323.3270245, 1788736323.9542189, 1788736324.6000721, 1788736325.2639513, 1788736325.9529824, 1788736326.66382, 1788736327.3996036, 1788736328.2088594, 1788736328.7676165, 1788736329.3405743, 1788736329.9624097, 1788736330.6024504, 1788736331.2752316, 1788736331.9620233, 1788736332.674949, 1788736333.4197237, 1788736334.1057937, 1788736334.6497836, 1788736335.2614205, 1788736335.8914642, 1788736336.555449, 1788736337.2397547, 1788736337.942484, 1788736338.6763668, 1788736339.4185116, 1788736339.967625, 1788736340.571576, 1788736341.2039692]","[1, 1, 1, 5, 2, 2, 2, 3, 1, 2, 1, 6, 4, 1, 3, 5, 2, 2, 4, 3, 1, 3, 3, 4, 2, 4, 6, 1, 7, 2, 3, 3, 1, 5, 1, 1, 6, 3, 1, 1, 3, 1, 1, 2, 3, 1, 2, 3, 1, 1, 2, 2, 1, 1]"
User-018,0,trace_0378,1788736343.2295446,streaming,28209,973,973,0,440,297.36223101615906,455.65819001197815,0.162855924892818,0.0,0,True,,1788735887.5712774,1788736184.9335084,1788736343.2294674,"[1788736184.9335084, 1788736185.4788978, 1788736186.0832613, 1788736186.7151456, 1788736187.3652756, 1788736188.0450575, 1788736188.7509823, 1788736189.4878914, 1788736190.2262504, 1788736190.7824075, 1788736191.3862193, 1788736192.0157902, 1788736192.6649382, 1788736193.3416007, 1788736194.04032, 1788736194.763831, 1788736195.3211095, 1788736195.9333491, 1788736196.5536892, 1788736197.2073662, 1788736197.8849142, 1788736198.588105, 1788736199.3147938, 1788736200.0642202, 1788736200.8328087, 1788736201.3848896, 1788736202.0057857, 1788736202.6355343, 1788736203.287228, 1788736203.9622352, 1788736204.6639194, 1788736205.3854027, 1788736205.9990456, 1788736206.5665817, 1788736207.183806, 1788736207.8271337, 1788736208.5129704, 1788736209.2145317, 1788736209.9297328, 1788736210.673183, 1788736211.4379368, 1788736212.103949, 1788736212.6678827, 1788736213.278791, 1788736213.9248452, 1788736214.5792165, 1788736215.261701, 1788736215.9682353, 1788736216.7133331, 1788736217.2585013, 1788736217.873944, 1788736218.5101285, 1788736219.1619253, 1788736219.8304296, 1788736220.5306642, 1788736221.2548323, 1788736222.0061042, 1788736222.7784886, 1788736223.5782864, 1788736224.4051507, 1788736225.2257729, 1788736225.7704506, 1788736226.3736708, 1788736227.0013165, 1788736227.652639, 1788736228.3247871, 1788736229.028596, 1788736229.7547095, 1788736230.5085151, 1788736231.2418094, 1788736231.7974496, 1788736232.4004967, 1788736233.0311387, 1788736233.6840336, 1788736234.3558233, 1788736235.0574653, 1788736235.7834628, 1788736236.5392292, 1788736237.3316476, 1788736238.1304948, 1788736238.9594898, 1788736239.8078842, 1788736240.6811614, 1788736241.3985934, 1788736241.9476116, 1788736242.563212, 1788736243.1997323, 1788736243.8721037, 1788736244.5601995, 1788736245.2698615, 1788736246.0028615, 1788736246.674949, 1788736247.232215, 1788736247.8417604, 1788736248.4820368, 1788736249.1374013, 1788736249.8170447, 1788736250.525955, 1788736251.217347, 1788736251.769627, 1788736252.3751993, 1788736253.0075297, 1788736253.6710796, 1788736254.3532217, 1788736255.0524902, 1788736255.7831316, 1788736256.5355392, 1788736257.3149111, 1788736258.147511, 1788736258.691604, 1788736259.2861812, 1788736259.914422, 1788736260.5572364, 1788736261.2327666, 1788736261.9334748, 1788736262.6603353, 1788736263.4145334, 1788736264.1903672, 1788736264.8238754, 1788736265.390593, 1788736266.0192113, 1788736266.6675248, 1788736267.3392751, 1788736268.0411375, 1788736268.761883, 1788736269.509105, 1788736270.2900813, 1788736270.9683633, 1788736271.5290291, 1788736272.1495712, 1788736272.7997203, 1788736273.4677813, 1788736274.158751, 1788736274.8768744, 1788736275.6095836, 1788736276.1642003, 1788736276.76636, 1788736277.396186, 1788736278.0455532, 1788736278.7245584, 1788736279.4337957, 1788736280.1663363, 1788736280.8901203, 1788736281.44244, 1788736282.0486207, 1788736282.6698456, 1788736283.327235, 1788736283.9985132, 1788736284.7004848, 1788736285.4277046, 1788736286.1819267, 1788736286.8840525, 1788736287.439936, 1788736288.0481048, 1788736288.6889358, 1788736289.3537962, 1788736290.0316336, 1788736290.742742, 1788736291.4634645, 1788736292.015398, 1788736292.6166313, 1788736293.2426705, 1788736293.891707, 1788736294.5398154, 1788736295.1064289, 1788736295.716007, 1788736296.3429406, 1788736296.9999928, 1788736297.6737611, 1788736298.383674, 1788736299.0460877, 1788736299.6067784, 1788736300.21646, 1788736300.8464293, 1788736301.5045397, 1788736302.1833308, 1788736302.8825052, 1788736303.6121645, 1788736304.3673024, 1788736305.1475682, 1788736305.7573867, 1788736306.331666, 1788736306.9472287, 1788736307.597081, 1788736308.2643604, 1788736308.955279, 1788736309.6668913, 1788736310.4088721, 1788736311.1712685, 1788736311.9603057, 1788736312.7764177, 1788736313.6112518, 1788736314.4859607, 1788736315.2094269, 1788736315.7580233, 1788736316.374799, 1788736317.0112362, 1788736317.67335, 1788736318.3537192, 1788736318.9809346, 1788736319.5518067, 1788736320.16737, 1788736320.8071494, 1788736321.46222, 1788736322.144214, 1788736322.7554977, 1788736323.3253953, 1788736323.9526572, 1788736324.598439, 1788736325.2622142, 1788736325.9514418, 1788736326.66215, 1788736327.3980436, 1788736328.2080812, 1788736328.7660913, 1788736329.338968, 1788736329.960937, 1788736330.6009355, 1788736331.2737715, 1788736331.9604871, 1788736332.6733644, 1788736333.417823, 1788736334.1042457, 1788736334.6477087, 1788736335.2597122, 1788736335.8898602, 1788736336.5538259, 1788736337.2381763, 1788736337.94092, 1788736338.6747065, 1788736339.4169745, 1788736339.9658062, 1788736340.5699368, 1788736341.2021425, 1788736341.84717, 1788736342.522406, 1788736343.227963]","[1, 4, 1, 4, 2, 4, 4, 5, 1, 1, 2, 1, 1, 1, 2, 4, 2, 3, 2, 6, 3, 2, 2, 3, 6, 3, 2, 3, 4, 1, 1, 2, 1, 1, 2, 1, 1, 1, 2, 9, 5, 1, 2, 1, 1, 7, 1, 1, 4, 2, 6, 6, 3, 6, 2, 3, 1, 6, 6, 2, 7, 1, 3, 2, 6, 6, 1, 6, 1, 1, 3, 1, 6, 8, 1, 7, 1, 3, 6, 1, 1, 6, 7, 7, 1, 2, 6, 6, 8, 1, 6, 7, 9, 1, 2, 6, 8, 9, 1, 6, 6, 8, 1, 6, 1, 6, 8, 1, 6, 6, 9, 6, 6, 8, 2, 6, 6, 9, 4, 7, 6, 3, 9, 6, 6, 9, 2, 6, 8, 9, 1, 6, 1, 6, 2, 8, 1, 7, 7, 9, 3, 1, 9, 1, 1, 1, 3, 2, 6, 1, 7, 1, 6, 1, 5, 1, 6, 6, 9, 1, 4, 1, 1, 6, 6, 7, 2, 4, 2, 6, 6, 2, 7, 1, 1, 1, 4, 1, 6, 7, 9, 1, 3, 1, 1, 6, 6, 7, 1, 1, 2, 6, 6, 7, 8, 2, 6, 9, 6, 6, 7, 8, 1, 6, 1, 6, 9, 5, 7, 1, 3, 6, 2, 6, 1, 7, 2, 1, 4, 1, 6, 7, 2, 8, 1, 2, 6, 8, 7, 8, 1, 6, 6, 9, 2, 6, 2]"
User-007,1,trace_0398,1788736343.952905,streaming,13740,115,115,203,11,333.12822914123535,358.10238003730774,0.21907149908835427,45.0,0,True,,1788735985.8504543,1788736318.9786835,1788736343.9528344,"[1788736318.9786835, 1788736319.5496423, 1788736320.1651297, 1788736320.805332, 1788736321.4601617, 1788736322.1419137, 1788736322.7534516, 1788736323.3232384, 1788736323.950492, 1788736324.5963604, 1788736325.260059, 1788736325.9492743, 1788736326.6600525, 1788736327.3958902, 1788736328.2071025, 1788736328.7641234, 1788736329.3367121, 1788736329.9583907, 1788736330.5992484, 1788736331.2721305, 1788736331.9584353, 1788736332.6717136, 1788736333.4161172, 1788736334.1018245, 1788736334.6455362, 1788736335.257605, 1788736335.8875613, 1788736336.551744, 1788736337.2359703, 1788736337.9386783, 1788736338.672468, 1788736339.414902, 1788736339.9632638, 1788736340.5677488, 1788736341.2001042, 1788736341.8448367, 1788736342.5203013, 1788736343.2259564, 1788736343.9493685]","[1, 3, 5, 4, 1, 3, 1, 1, 2, 4, 2, 2, 2, 2, 1, 1, 4, 4, 4, 1, 2, 3, 1, 7, 4, 9, 4, 2, 3, 1, 1, 2, 3, 1, 5, 3, 9, 5, 2]"
User-071,0,trace_0673,1788736354.674006,streaming,23858,315,315,0,372,367.97553873062134,464.5023949146271,0.3074103700127571,0.0,0,True,,1788735890.171461,1788736258.1469998,1788736354.673856,"[1788736258.1469998, 1788736258.6910667, 1788736259.2856488, 1788736259.913806, 1788736260.5567193, 1788736261.2322528, 1788736261.932959, 1788736262.659795, 1788736263.413982, 1788736264.189848, 1788736264.8233466, 1788736265.3899817, 1788736266.018668, 1788736266.6670058, 1788736267.3386996, 1788736268.0405877, 1788736268.7613614, 1788736269.5085573, 1788736270.2895432, 1788736270.9678426, 1788736271.528277, 1788736272.1490493, 1788736272.7992058, 1788736273.4671996, 1788736274.1584804, 1788736274.8763423, 1788736275.6090882, 1788736276.1636941, 1788736276.765828, 1788736277.3955586, 1788736278.0450456, 1788736278.724034, 1788736279.4332345, 1788736280.165829, 1788736280.8894887, 1788736281.4417307, 1788736282.0481057, 1788736282.6693451, 1788736283.3262331, 1788736283.9979935, 1788736284.6999514, 1788736285.427178, 1788736286.181416, 1788736286.8835537, 1788736287.4394116, 1788736288.0475926, 1788736288.6883824, 1788736289.3532665, 1788736290.0311131, 1788736290.7422044, 1788736291.461986, 1788736292.014238, 1788736292.615585, 1788736293.2416167, 1788736293.8906214, 1788736294.5388258, 1788736295.1053233, 1788736295.7149107, 1788736296.3418417, 1788736296.998882, 1788736297.672638, 1788736298.382567, 1788736299.0442355, 1788736299.605061, 1788736300.2147741, 1788736300.8447804, 1788736301.5029132, 1788736302.1816103, 1788736302.8808205, 1788736303.6105456, 1788736304.3657308, 1788736305.1459134, 1788736305.755883, 1788736306.326213, 1788736306.9455495, 1788736307.5954146, 1788736308.2626874, 1788736308.9535894, 1788736309.6652327, 1788736310.4071715, 1788736311.1695883, 1788736311.9585571, 1788736312.7754638, 1788736313.609689, 1788736314.4842398, 1788736315.2079172, 1788736315.756336, 1788736316.3731258, 1788736317.009501, 1788736317.6716547, 1788736318.3521373, 1788736318.9794104, 1788736319.5501928, 1788736320.1656904, 1788736320.8057702, 1788736321.460669, 1788736322.1424239, 1788736322.7539537, 1788736323.3237507, 1788736323.9510312, 1788736324.5969067, 1788736325.26057, 1788736325.9498127, 1788736326.6605697, 1788736327.396406, 1788736328.207343, 1788736328.7646174, 1788736329.3372462, 1788736329.9590797, 1788736330.5997815, 1788736331.272641, 1788736331.959252, 1788736332.6722395, 1788736333.4167724, 1788736334.102353, 1788736334.6460762, 1788736335.2581604, 1788736335.8882499, 1788736336.5522692, 1788736337.2365103, 1788736337.9392464, 1788736338.673027, 1788736339.415436, 1788736339.9638162, 1788736340.568279, 1788736341.2006617, 1788736341.8454013, 1788736342.5208762, 1788736343.2265172, 1788736343.9501681, 1788736344.6988058, 1788736345.3837678, 1788736345.9379904, 1788736346.5468771, 1788736347.183939, 1788736347.837259, 1788736348.5199308, 1788736349.23007, 1788736349.969789, 1788736350.7336457, 1788736351.5216963, 1788736352.3328714, 1788736353.1685143, 1788736354.031462, 1788736354.6701446]","[1, 3, 4, 1, 1, 1, 1, 6, 4, 2, 3, 1, 1, 3, 3, 7, 2, 3, 2, 2, 6, 2, 1, 4, 2, 1, 1, 1, 2, 1, 1, 1, 2, 2, 2, 2, 1, 1, 2, 2, 5, 4, 3, 2, 3, 1, 1, 2, 2, 1, 2, 1, 2, 1, 3, 2, 1, 2, 1, 3, 6, 3, 1, 2, 2, 2, 1, 3, 1, 2, 5, 3, 1, 1, 4, 1, 3, 1, 1, 6, 2, 4, 2, 3, 4, 1, 5, 9, 3, 1, 3, 1, 2, 1, 2, 1, 5, 1, 3, 1, 2, 1, 2, 1, 4, 1, 2, 1, 1, 1, 7, 1, 1, 2, 1, 2, 2, 3, 3, 2, 3, 1, 2, 1, 6, 2, 1, 1, 1, 1, 1, 1, 1, 2, 1, 2, 1, 1, 1, 3, 2, 1, 4, 1, 1]"
User-039,3,trace_0220,1788736357.15525,streaming,13440,120,120,447,4,334.2939531803131,368.692711353302,0.28906519473099906,26.0,0,True,,1788735988.4624312,1788736322.7563844,1788736357.1551425,"[1788736322.7563844, 1788736323.3259733, 1788736323.9531956, 1788736324.599052, 1788736325.262726, 1788736325.9519641, 1788736326.662771, 1788736327.3985505, 1788736328.2083445, 1788736328.7665794, 1788736329.3395355, 1788736329.961469, 1788736330.6014438, 1788736331.274302, 1788736331.9610038, 1788736332.6739042, 1788736333.418504, 1788736334.1047544, 1788736334.648633, 1788736335.2602282, 1788736335.8903792, 1788736336.5544245, 1788736337.2387426, 1788736337.9414592, 1788736338.6752696, 1788736339.4174945, 1788736339.9664495, 1788736340.5704606, 1788736341.2027156, 1788736341.8476958, 1788736342.523008, 1788736343.2285597, 1788736343.951776, 1788736344.7003577, 1788736345.3852918, 1788736345.9396298, 1788736346.5484576, 1788736347.185634, 1788736347.8388507, 1788736348.5215414, 1788736349.231692, 1788736349.9713907, 1788736350.735295, 1788736351.523252, 1788736352.3344815, 1788736353.1693108, 1788736354.0330215, 1788736354.6719813, 1788736355.2228181, 1788736355.8399804, 1788736356.484075, 1788736357.1532242]","[1, 1, 1, 5, 3, 1, 2, 1, 1, 1, 3, 2, 2, 1, 3, 3, 2, 5, 2, 1, 1, 1, 1, 2, 5, 2, 2, 3, 5, 3, 3, 2, 2, 2, 1, 2, 7, 5, 1, 1, 1, 2, 2, 5, 1, 4, 5, 1, 3, 1, 1, 2]"
User-003,1,trace_0714,1788736357.8469234,streaming,30154,283,283,342,128,331.72565245628357,374.3655741214752,0.15120539597585692,16.0,0,True,,1788735983.4812407,1788736315.2068932,1788736357.8468149,"[1788736315.2068932, 1788736315.7552881, 1788736316.3720558, 1788736317.0084207, 1788736317.6705604, 1788736318.3510883, 1788736318.9772222, 1788736319.5485888, 1788736320.164019, 1788736320.8041866, 1788736321.4589822, 1788736322.1408792, 1788736322.752236, 1788736323.3221273, 1788736323.949397, 1788736324.5953243, 1788736325.2589853, 1788736325.9481351, 1788736326.6589854, 1788736327.394809, 1788736328.2065837, 1788736328.7621975, 1788736329.3349986, 1788736329.956786, 1788736330.597602, 1788736331.2704873, 1788736331.9567955, 1788736332.6699786, 1788736333.4103756, 1788736334.1001976, 1788736334.643902, 1788736335.256035, 1788736335.885778, 1788736336.5499175, 1788736337.233899, 1788736337.9367108, 1788736338.6704032, 1788736339.4121408, 1788736339.9610565, 1788736340.5654314, 1788736341.1974387, 1788736341.84247, 1788736342.5178366, 1788736343.2236047, 1788736343.9470668, 1788736344.6964543, 1788736345.3805087, 1788736345.9348636, 1788736346.544005, 1788736347.1777098, 1788736347.8343153, 1788736348.5168502, 1788736349.2272274, 1788736349.9665475, 1788736350.7303305, 1788736351.518889, 1788736352.329962, 1788736353.1669254, 1788736354.0286026, 1788736354.667194, 1788736355.2174637, 1788736355.835843, 1788736356.4799538, 1788736357.1487632, 1788736357.8413467]","[1, 3, 3, 3, 2, 1, 5, 2, 2, 8, 4, 1, 1, 3, 5, 2, 1, 9, 5, 1, 4, 3, 9, 2, 8, 2, 8, 3, 3, 3, 1, 1, 6, 3, 4, 3, 7, 2, 1, 8, 7, 1, 7, 3, 3, 4, 2, 2, 1, 5, 7, 8, 6, 9, 9, 9, 9, 9, 4, 3, 5, 5, 7, 9, 6]"
User-043,1,trace_0052,1788736361.3049333,streaming,20256,158,158,236,80,322.41731309890747,354.958557844162,0.20726907481053833,12.0,0,True,,1788736006.3462849,1788736328.763598,1788736361.3048427,"[1788736328.763598, 1788736329.3361185, 1788736329.9578507, 1788736330.598669, 1788736331.2715874, 1788736331.9579146, 1788736332.6711633, 1788736333.4155352, 1788736334.1012914, 1788736334.6449826, 1788736335.2570937, 1788736335.8869836, 1788736336.5512044, 1788736337.23543, 1788736337.938087, 1788736338.6718993, 1788736339.4143612, 1788736339.9626942, 1788736340.5671983, 1788736341.1995223, 1788736341.8442588, 1788736342.519736, 1788736343.2254097, 1788736343.9487793, 1788736344.6982436, 1788736345.3832548, 1788736345.937448, 1788736346.5462172, 1788736347.1834064, 1788736347.8367608, 1788736348.5192688, 1788736349.2295575, 1788736349.9692476, 1788736350.7328167, 1788736351.521104, 1788736352.3323603, 1788736353.168224, 1788736354.0309408, 1788736354.6695821, 1788736355.2212627, 1788736355.8382628, 1788736356.4823716, 1788736357.151417, 1788736357.8440597, 1788736358.556631, 1788736359.3135033, 1788736360.093111, 1788736360.7336624, 1788736361.3016171]","[1, 7, 3, 9, 4, 2, 2, 3, 1, 5, 1, 5, 2, 2, 1, 4, 2, 7, 6, 3, 3, 8, 3, 3, 1, 2, 4, 8, 2, 1, 7, 1, 4, 1, 1, 1, 1, 2, 1, 1, 2, 1, 2, 1, 9, 5, 2, 2, 9]"
User-077,0,trace_0202,1788736361.9176066,streaming,16793,226,223,0,262,361.50569224357605,431.96028089523315,0.31736301194440136,0.0,0,True,,1788735929.9572375,1788736291.4629297,1788736361.9175184,"[1788736291.4629297, 1788736292.0148797, 1788736292.6161113, 1788736293.2421286, 1788736293.8911996, 1788736294.5393255, 1788736295.1058402, 1788736295.7154243, 1788736296.342341, 1788736296.9994874, 1788736297.6731722, 1788736298.3831065, 1788736299.0447488, 1788736299.6056955, 1788736300.2153165, 1788736300.8452957, 1788736301.5034747, 1788736302.182135, 1788736302.8813496, 1788736303.6110685, 1788736304.3662658, 1788736305.1465316, 1788736305.7563865, 1788736306.326722, 1788736306.9461975, 1788736307.5960562, 1788736308.263244, 1788736308.9541018, 1788736309.6657367, 1788736310.4077044, 1788736311.1701913, 1788736311.959277, 1788736312.7758305, 1788736313.6102018, 1788736314.484773, 1788736315.2084124, 1788736315.7568917, 1788736316.3736672, 1788736317.0101192, 1788736317.6723368, 1788736318.3526483, 1788736318.9799218, 1788736319.5506997, 1788736320.1662903, 1788736320.8061862, 1788736321.4611695, 1788736322.1430323, 1788736322.7544475, 1788736323.324273, 1788736323.951539, 1788736324.5974112, 1788736325.2610683, 1788736325.9503183, 1788736326.6610787, 1788736327.3969374, 1788736328.2075942, 1788736328.765108, 1788736329.3377798, 1788736329.959596, 1788736330.6003768, 1788736331.2731786, 1788736331.9599326, 1788736332.6728487, 1788736333.4173052, 1788736334.1028717, 1788736334.6465833, 1788736335.2586758, 1788736335.8887904, 1788736336.5527856, 1788736337.2370443, 1788736337.9398036, 1788736338.6736465, 1788736339.4159486, 1788736339.9644186, 1788736340.5688965, 1788736341.8459413, 1788736342.5213835, 1788736343.950703, 1788736344.6993253, 1788736345.3842685, 1788736345.9385023, 1788736346.5474052, 1788736347.184462, 1788736347.8377767, 1788736348.5204585, 1788736349.230596, 1788736349.970288, 1788736350.7341971, 1788736351.5222187, 1788736352.3333828, 1788736353.1687832, 1788736354.0319536, 1788736354.67094, 1788736355.22226, 1788736355.83947, 1788736356.4835675, 1788736357.152655, 1788736357.845347, 1788736358.5579295, 1788736359.3147411, 1788736360.0942647, 1788736360.7347455, 1788736361.3030303, 1788736361.915683]","[1, 1, 2, 5, 2, 1, 1, 2, 3, 1, 1, 8, 2, 1, 2, 1, 2, 1, 5, 1, 3, 1, 1, 1, 1, 2, 1, 2, 1, 7, 2, 2, 3, 1, 2, 3, 2, 5, 3, 2, 1, 1, 2, 1, 2, 5, 1, 4, 2, 3, 2, 2, 5, 6, 1, 1, 1, 2, 2, 6, 1, 2, 1, 1, 1, 1, 4, 5, 3, 1, 1, 4, 3, 2, 1, 1, 1, 1, 1, 1, 3, 2, 2, 1, 3, 1, 1, 3, 1, 1, 2, 3, 1, 1, 2, 1, 6, 1, 2, 1, 5, 4, 1, 1]"
User-079,0,trace_0269,1788736364.647313,streaming,19105,107,107,0,298,318.45059633255005,348.993932723999,0.2881446829381979,0.0,0,True,,1788736015.6531436,1788736334.10374,1788736364.6470764,"[1788736334.10374, 1788736334.6471171, 1788736335.259213, 1788736335.8893263, 1788736336.5533125, 1788736337.237663, 1788736337.9404044, 1788736338.674191, 1788736339.4164634, 1788736339.9649472, 1788736340.5694203, 1788736341.2016087, 1788736341.8465657, 1788736342.521879, 1788736343.2274792, 1788736343.9512393, 1788736344.6998465, 1788736345.3847752, 1788736345.9390562, 1788736346.5479324, 1788736347.185003, 1788736347.8382876, 1788736348.521025, 1788736349.231175, 1788736349.9708226, 1788736350.734766, 1788736351.5227416, 1788736352.3339608, 1788736353.169044, 1788736354.0324836, 1788736354.6714664, 1788736355.2217705, 1788736355.8389504, 1788736356.4830325, 1788736357.1520119, 1788736357.8445957, 1788736358.557339, 1788736359.314177, 1788736360.0937448, 1788736360.7342088, 1788736361.3024814, 1788736361.9151063, 1788736362.5577068, 1788736363.226217, 1788736363.9201214, 1788736364.6450136]","[1, 3, 1, 3, 2, 1, 1, 3, 2, 1, 2, 1, 6, 3, 1, 1, 1, 2, 3, 7, 3, 1, 1, 3, 2, 1, 2, 2, 3, 7, 3, 1, 2, 4, 2, 1, 4, 1, 1, 5, 1, 4, 1, 4, 1, 2]"
User-004,1,trace_0629,1788736373.1199088,streaming,29164,66,66,286,169,327.1952121257782,345.6415777206421,0.28379023992098296,142.0,0,True,,1788736027.4781613,1788736354.6733735,1788736373.119739,"[1788736354.6733735, 1788736355.2241404, 1788736355.841014, 1788736356.4851189, 1788736357.1546369, 1788736357.8463929, 1788736358.5590708, 1788736359.315923, 1788736360.0953827, 1788736360.735877, 1788736361.3043098, 1788736361.917165, 1788736362.5587916, 1788736363.2273383, 1788736363.921165, 1788736364.6466343, 1788736365.4236257, 1788736366.1689286, 1788736366.9734838, 1788736367.7868724, 1788736368.3318336, 1788736368.9366825, 1788736369.5681643, 1788736370.224244, 1788736370.904473, 1788736371.617176, 1788736372.3595393, 1788736373.11895]","[1, 5, 3, 1, 1, 3, 2, 3, 4, 3, 2, 1, 1, 3, 1, 1, 1, 2, 2, 1, 1, 1, 3, 5, 4, 3, 3, 5]"
User-080,0,trace_0725,1788736395.3615544,streaming,19001,267,267,0,296,322.45177125930786,378.39938163757324,0.21032936232430594,0.0,0,True,,1788736016.9620705,1788736339.4138417,1788736395.361452,"[1788736339.4138417, 1788736339.9621773, 1788736340.566626, 1788736341.1986818, 1788736341.8437035, 1788736342.519155, 1788736343.2248769, 1788736343.9482403, 1788736344.6977155, 1788736345.3826969, 1788736345.9369032, 1788736346.5456786, 1788736347.1828337, 1788736347.836253, 1788736348.5186787, 1788736349.2290316, 1788736349.9687068, 1788736350.7321577, 1788736351.520567, 1788736352.331847, 1788736353.1679242, 1788736354.0302715, 1788736354.6690586, 1788736355.2203326, 1788736355.8376167, 1788736356.481851, 1788736357.1507058, 1788736357.8435357, 1788736358.5561213, 1788736359.3129237, 1788736360.092549, 1788736360.7331297, 1788736361.3010488, 1788736361.9144874, 1788736362.5571806, 1788736363.2254992, 1788736363.9195962, 1788736364.6443954, 1788736365.423058, 1788736366.1676102, 1788736366.9724126, 1788736367.7857823, 1788736368.3305407, 1788736368.9356523, 1788736369.5671015, 1788736370.2231622, 1788736370.9033854, 1788736371.615815, 1788736372.3583357, 1788736373.1177995, 1788736373.8900597, 1788736374.4367173, 1788736375.0439382, 1788736375.678417, 1788736376.3319547, 1788736377.0140507, 1788736377.7217453, 1788736378.4618514, 1788736379.2234309, 1788736379.99587, 1788736380.5492241, 1788736381.1538126, 1788736381.7838712, 1788736382.4394722, 1788736383.117337, 1788736383.8236728, 1788736384.567815, 1788736385.3387098, 1788736385.8966346, 1788736386.497256, 1788736387.131086, 1788736387.786477, 1788736388.4601111, 1788736389.1595788, 1788736389.896192, 1788736390.6442833, 1788736391.4247134, 1788736392.2377012, 1788736393.0701423, 1788736393.9412067, 1788736394.8190231, 1788736395.3584738]","[1, 1, 1, 5, 2, 3, 1, 2, 4, 2, 4, 2, 3, 1, 1, 2, 2, 6, 3, 2, 6, 4, 2, 4, 1, 2, 2, 2, 1, 1, 1, 2, 1, 8, 1, 1, 1, 2, 2, 7, 1, 6, 1, 2, 3, 5, 8, 7, 2, 2, 6, 1, 6, 6, 7, 6, 1, 5, 2, 6, 9, 4, 2, 5, 2, 1, 2, 3, 6, 6, 8, 1, 6, 2, 2, 1, 6, 7, 6, 4, 1, 1]"
User-017,3,trace_0726,1788736405.1821506,streaming,21136,112,112,320,2,330.6536707878113,355.8389594554901,0.22689449250161112,6.0,0,True,,1788736049.343108,1788736379.9967787,1788736405.1820674,"[1788736379.9967787, 1788736380.549768, 1788736381.1543322, 1788736381.7843952, 1788736382.4399989, 1788736383.117847, 1788736383.824183, 1788736384.568362, 1788736385.3392258, 1788736385.8971686, 1788736386.4978015, 1788736387.1316254, 1788736387.7869985, 1788736388.4607134, 1788736389.1602178, 1788736389.8968847, 1788736390.6448317, 1788736391.425253, 1788736392.2382407, 1788736393.0706792, 1788736393.9417748, 1788736394.8195376, 1788736395.3593218, 1788736395.9596415, 1788736396.5886655, 1788736397.2415864, 1788736397.9139357, 1788736398.6128786, 1788736399.3385298, 1788736400.093152, 1788736400.8923137, 1788736401.696388, 1788736402.5554576, 1788736403.4226704, 1788736403.956051, 1788736404.5540347, 1788736405.1796145]","[1, 1, 2, 2, 8, 1, 1, 2, 1, 1, 2, 4, 3, 2, 5, 1, 2, 1, 4, 1, 2, 3, 2, 2, 3, 1, 9, 1, 8, 5, 9, 5, 3, 7, 3, 2, 2]"
User-025,6,trace_0588,1788736407.2164893,streaming,30253,72,72,466,2,332.69120931625366,345.086106300354,0.1745760138605682,7.0,0,True,,1788736062.1302466,1788736394.821456,1788736407.216353,"[1788736394.821456, 1788736395.3610342, 1788736395.9613202, 1788736396.590324, 1788736397.2431793, 1788736397.9156282, 1788736398.6144867, 1788736399.3401995, 1788736400.0947976, 1788736400.8940036, 1788736401.6980228, 1788736402.5561957, 1788736403.424305, 1788736403.9576535, 1788736404.5555952, 1788736405.1816437, 1788736405.8339229, 1788736406.5093155, 1788736407.2151518]","[1, 3, 3, 3, 2, 1, 4, 4, 8, 2, 4, 7, 2, 8, 9, 5, 1, 4, 1]"
User-008,1,trace_0707,1788736416.3839376,streaming,19859,309,309,302,7,322.88220834732056,393.8838803768158,0.23052490918667284,16.0,0,True,,1788736022.4999576,1788736345.382166,1788736416.383838,"[1788736345.382166, 1788736345.9363353, 1788736346.5451577, 1788736347.1820397, 1788736347.8356407, 1788736348.5180767, 1788736349.2285092, 1788736349.9681568, 1788736350.7315524, 1788736351.5200534, 1788736352.3312955, 1788736353.167625, 1788736354.0297465, 1788736354.6685085, 1788736355.219448, 1788736355.8371112, 1788736356.4811568, 1788736357.1501255, 1788736357.8428748, 1788736358.5554798, 1788736359.3123095, 1788736360.0919492, 1788736360.7325714, 1788736361.300525, 1788736361.913943, 1788736362.5565984, 1788736363.2247803, 1788736363.9190476, 1788736364.6438003, 1788736365.4227765, 1788736366.167052, 1788736366.971815, 1788736367.7852612, 1788736368.33002, 1788736368.9351223, 1788736369.5665128, 1788736370.222569, 1788736370.902847, 1788736371.6151783, 1788736372.357662, 1788736373.1171787, 1788736373.889547, 1788736374.4361467, 1788736375.0433984, 1788736375.67779, 1788736376.3313785, 1788736377.0135233, 1788736377.7212205, 1788736378.4613175, 1788736379.222841, 1788736379.9953723, 1788736380.548572, 1788736381.1532834, 1788736381.783359, 1788736382.438969, 1788736383.1167793, 1788736383.8231382, 1788736384.5672786, 1788736385.3381956, 1788736385.8960414, 1788736386.4967332, 1788736387.13052, 1788736387.7859511, 1788736388.4595964, 1788736389.1590457, 1788736389.8956246, 1788736390.643766, 1788736391.4241529, 1788736392.2371478, 1788736393.0696108, 1788736393.9406776, 1788736394.818485, 1788736395.3579159, 1788736395.9591358, 1788736396.5881233, 1788736397.240947, 1788736397.913384, 1788736398.612316, 1788736399.3380215, 1788736400.092636, 1788736400.8917923, 1788736401.695859, 1788736402.5551882, 1788736403.422147, 1788736403.9555316, 1788736404.5534613, 1788736405.1790326, 1788736405.8322384, 1788736406.507686, 1788736407.2131639, 1788736407.9449403, 1788736408.6947043, 1788736409.3076744, 1788736409.8742054, 1788736410.5061398, 1788736411.1474135, 1788736411.8226936, 1788736412.551926, 1788736413.2655675, 1788736413.871606, 1788736414.4455671, 1788736415.066712, 1788736415.7102532, 1788736416.3807847]","[1, 3, 1, 1, 9, 4, 1, 2, 3, 1, 5, 2, 1, 4, 2, 2, 2, 2, 2, 9, 2, 5, 2, 2, 2, 5, 4, 1, 3, 1, 2, 7, 3, 2, 6, 3, 2, 1, 1, 5, 5, 2, 6, 2, 4, 2, 1, 1, 2, 5, 2, 4, 2, 2, 1, 6, 1, 2, 2, 7, 3, 8, 1, 1, 1, 3, 1, 6, 9, 4, 1, 1, 2, 1, 3, 2, 4, 9, 2, 2, 2, 1, 3, 2, 1, 1, 1, 1, 2, 4, 9, 4, 2, 3, 3, 2, 2, 2, 1, 4, 8, 5, 2, 5]"
User-022,20,trace_0418,1788736422.391744,streaming,28296,166,166,427,2,337.9792642593384,356.9522225856781,0.11498762622024074,8.0,0,True,,1788736065.4394248,1788736403.418689,1788736422.3916473,"[1788736403.418689, 1788736403.9514668, 1788736404.5499184, 1788736405.1754441, 1788736405.828767, 1788736406.5041847, 1788736407.2080398, 1788736407.941257, 1788736408.6909616, 1788736409.3039436, 1788736409.8700967, 1788736410.4978707, 1788736411.1437795, 1788736411.8188727, 1788736412.5443218, 1788736413.261983, 1788736413.8680563, 1788736414.4418745, 1788736415.0632024, 1788736415.7068, 1788736416.3772984, 1788736417.066678, 1788736417.7913785, 1788736418.5675797, 1788736419.3610976, 1788736420.1708975, 1788736421.004573, 1788736421.8472998, 1788736422.3882577]","[1, 3, 3, 9, 2, 9, 4, 1, 7, 9, 3, 1, 9, 9, 9, 9, 9, 9, 9, 6, 7, 9, 9, 5, 3, 3, 1, 6, 2]"
User-047,13,trace_0228,1788736429.5004036,streaming,27802,1367,1362,384,13,258.8675558567047,539.9418823719025,0.20652044563938116,16.0,0,True,,1788735889.5584166,1788736148.4259725,1788736429.500299,"[1788736148.4259725, 1788736148.9864857, 1788736149.6095278, 1788736150.2601104, 1788736150.9333308, 1788736151.6212034, 1788736152.3419313, 1788736153.122231, 1788736153.863262, 1788736154.6879706, 1788736155.2302983, 1788736155.8394732, 1788736156.4760075, 1788736157.1241772, 1788736157.7993183, 1788736158.499494, 1788736159.2292254, 1788736159.9855802, 1788736160.783162, 1788736161.6172037, 1788736162.4465532, 1788736163.3156755, 1788736163.9333806, 1788736164.4930592, 1788736165.123818, 1788736165.7792358, 1788736166.4576826, 1788736167.1758142, 1788736167.9049568, 1788736168.6823947, 1788736169.2378316, 1788736169.834778, 1788736170.4583108, 1788736171.1081154, 1788736171.7818267, 1788736172.3719735, 1788736172.9579082, 1788736173.6003582, 1788736174.2620769, 1788736174.9403634, 1788736175.6418624, 1788736176.3114448, 1788736176.8694806, 1788736177.4779623, 1788736178.1099105, 1788736178.769051, 1788736179.4535222, 1788736180.1664302, 1788736180.9036195, 1788736181.666378, 1788736182.4570289, 1788736183.2914867, 1788736184.1321883, 1788736184.930573, 1788736185.476121, 1788736186.0805361, 1788736186.7121649, 1788736187.3630128, 1788736188.042787, 1788736188.7488556, 1788736189.4857686, 1788736190.2233086, 1788736190.7797794, 1788736191.3836074, 1788736192.0128248, 1788736192.6622484, 1788736193.338318, 1788736194.038184, 1788736194.7617817, 1788736195.3190093, 1788736195.9312072, 1788736196.5516884, 1788736197.2052846, 1788736197.8827577, 1788736198.5807426, 1788736199.3125045, 1788736200.0620503, 1788736200.8297138, 1788736201.3823428, 1788736202.0032084, 1788736202.6328971, 1788736203.2846022, 1788736203.9597042, 1788736204.661293, 1788736205.3827982, 1788736205.9965773, 1788736206.5639098, 1788736207.1811547, 1788736207.8245125, 1788736208.5099525, 1788736209.2124093, 1788736209.9277577, 1788736210.6711323, 1788736211.4357624, 1788736212.1009502, 1788736212.6650639, 1788736213.2758477, 1788736213.9221737, 1788736214.5763996, 1788736215.2589731, 1788736215.965572, 1788736216.709676, 1788736217.2549927, 1788736217.870607, 1788736218.5068707, 1788736219.1585834, 1788736219.826883, 1788736220.527428, 1788736221.2515976, 1788736222.0028098, 1788736222.775292, 1788736223.5750206, 1788736224.4019186, 1788736225.2215893, 1788736225.766004, 1788736226.369969, 1788736226.997453, 1788736227.6487765, 1788736228.3207967, 1788736229.024684, 1788736229.7508109, 1788736230.5048132, 1788736231.238102, 1788736231.7934494, 1788736232.3966215, 1788736233.0273252, 1788736233.6800847, 1788736234.3519938, 1788736235.0536172, 1788736235.7790134, 1788736236.5351279, 1788736237.3276777, 1788736238.1260383, 1788736238.9547768, 1788736239.8039498, 1788736240.6769404, 1788736241.394781, 1788736241.943324, 1788736242.5589263, 1788736243.19585, 1788736243.8673608, 1788736244.5564914, 1788736245.2661028, 1788736245.9991846, 1788736246.6711721, 1788736247.2300174, 1788736247.8390553, 1788736248.4797132, 1788736249.13516, 1788736249.8146534, 1788736250.5237575, 1788736251.213831, 1788736251.766534, 1788736252.3722646, 1788736253.0046356, 1788736253.6683254, 1788736254.3501437, 1788736255.0501115, 1788736255.780809, 1788736256.5333018, 1788736257.312569, 1788736258.1444206, 1788736258.6884978, 1788736259.283914, 1788736259.9120438, 1788736260.554985, 1788736261.230533, 1788736261.9312377, 1788736262.657716, 1788736263.4127975, 1788736264.1885846, 1788736264.8212674, 1788736265.3879442, 1788736266.0169363, 1788736266.6652696, 1788736267.3369951, 1788736268.0386806, 1788736268.7593884, 1788736269.5066123, 1788736270.2877154, 1788736270.9657898, 1788736271.5258667, 1788736272.1470792, 1788736272.7973645, 1788736273.4651704, 1788736274.157474, 1788736274.8744445, 1788736275.6062586, 1788736276.1611662, 1788736276.7635074, 1788736277.3928902, 1788736278.0427065, 1788736278.7219641, 1788736279.4305065, 1788736280.1635294, 1788736280.886951, 1788736281.439003, 1788736282.0457525, 1788736282.6670315, 1788736283.3205862, 1788736283.9955723, 1788736284.6975715, 1788736285.4248066, 1788736286.1791143, 1788736286.8802435, 1788736287.4363577, 1788736288.0447602, 1788736288.6851914, 1788736289.3502994, 1788736290.028248, 1788736290.7393217, 1788736291.4561715, 1788736292.0109782, 1788736292.6127129, 1788736293.2386377, 1788736293.8877354, 1788736294.5350294, 1788736295.1015885, 1788736295.7113802, 1788736296.3385196, 1788736296.9955034, 1788736297.6691487, 1788736298.37924, 1788736299.0408068, 1788736299.6012661, 1788736300.2112813, 1788736300.8413584, 1788736301.4990396, 1788736302.1782234, 1788736302.8773003, 1788736303.607175, 1788736304.362353, 1788736305.1425538, 1788736305.7523496, 1788736306.322474, 1788736306.9420505, 1788736307.5918365, 1788736308.2584167, 1788736308.9501562, 1788736309.6618006, 1788736310.4037642, 1788736311.1661117, 1788736311.9547088, 1788736312.7675169, 1788736313.606633, 1788736314.48101, 1788736315.2045867, 1788736315.7532818, 1788736316.3701646, 1788736317.0064263, 1788736317.6684196, 1788736318.3498335, 1788736318.9758763, 1788736319.54729, 1788736320.162659, 1788736320.797664, 1788736321.4576905, 1788736322.1396146, 1788736322.7510197, 1788736323.3208015, 1788736323.9480925, 1788736324.593966, 1788736325.2576995, 1788736325.9468374, 1788736326.6576276, 1788736327.3933978, 1788736328.2059243, 1788736328.7607076, 1788736329.3335195, 1788736329.9551897, 1788736330.5960252, 1788736331.268874, 1788736331.9553905, 1788736332.6684003, 1788736333.4087899, 1788736334.098723, 1788736334.6419432, 1788736335.2543426, 1788736335.884878, 1788736336.5490558, 1788736337.233033, 1788736337.9358974, 1788736338.6696892, 1788736339.411263, 1788736339.9602225, 1788736340.5644517, 1788736341.1966739, 1788736341.841768, 1788736342.5169284, 1788736343.222718, 1788736343.94619, 1788736344.6955485, 1788736345.379599, 1788736345.9339838, 1788736346.5430622, 1788736347.17685, 1788736347.833419, 1788736348.5157478, 1788736349.226338, 1788736349.965802, 1788736350.729228, 1788736351.5178933, 1788736352.3290815, 1788736353.166367, 1788736354.027916, 1788736354.6663501, 1788736355.2141755, 1788736355.8346016, 1788736356.4790504, 1788736357.147924, 1788736357.8403533, 1788736358.5538774, 1788736359.3107085, 1788736360.090462, 1788736360.731274, 1788736361.2992058, 1788736361.9127505, 1788736362.5553682, 1788736363.2235627, 1788736363.9177969, 1788736364.6424937, 1788736365.422187, 1788736366.1658936, 1788736366.970578, 1788736367.783116, 1788736368.3283386, 1788736368.9333916, 1788736369.56481, 1788736370.220757, 1788736370.9010532, 1788736371.6099343, 1788736372.3556752, 1788736373.1154556, 1788736373.8878438, 1788736374.434228, 1788736375.0416565, 1788736375.675626, 1788736376.3296266, 1788736377.0116985, 1788736377.7195642, 1788736378.459611, 1788736379.2210658, 1788736379.9936318, 1788736380.5468426, 1788736381.1515808, 1788736381.7815812, 1788736382.437217, 1788736383.1151018, 1788736383.8213184, 1788736384.562066, 1788736385.3355541, 1788736385.8936076, 1788736386.4944208, 1788736387.127682, 1788736387.783604, 1788736388.4571917, 1788736389.156753, 1788736389.8859835, 1788736390.641313, 1788736391.421822, 1788736392.234852, 1788736393.0673487, 1788736393.938354, 1788736394.816185, 1788736395.355648, 1788736395.9567778, 1788736396.5857902, 1788736397.2387612, 1788736397.911086, 1788736398.609956, 1788736399.335758, 1788736400.0902965, 1788736400.8895175, 1788736402.5540864, 1788736403.9530637, 1788736404.5512083, 1788736405.830063, 1788736406.5055282, 1788736407.2093344, 1788736407.9426534, 1788736408.6924977, 1788736409.3055167, 1788736409.8715594, 1788736410.503726, 1788736411.1451597, 1788736411.8204238, 1788736412.545624, 1788736413.2633352, 1788736413.8692849, 1788736414.4432337, 1788736415.0645301, 1788736415.70808, 1788736416.3785934, 1788736417.067998, 1788736417.7927747, 1788736418.5688565, 1788736419.3622553, 1788736420.1721463, 1788736421.0058362, 1788736421.8486693, 1788736422.3899975, 1788736422.9857624, 1788736423.6139834, 1788736424.2645347, 1788736424.9403303, 1788736425.5393558, 1788736426.0943072, 1788736426.7171016, 1788736427.3649707, 1788736428.0525484, 1788736428.7598433, 1788736429.4916885]","[1, 2, 1, 1, 5, 7, 5, 3, 4, 6, 1, 3, 2, 1, 2, 1, 1, 3, 1, 3, 2, 1, 3, 5, 3, 4, 1, 1, 5, 9, 7, 1, 7, 1, 3, 2, 6, 4, 4, 5, 2, 3, 1, 1, 1, 7, 2, 5, 2, 8, 2, 2, 3, 5, 2, 5, 9, 1, 2, 3, 2, 1, 2, 4, 7, 4, 5, 6, 2, 1, 2, 1, 1, 3, 6, 9, 9, 3, 2, 1, 4, 3, 1, 2, 3, 2, 2, 1, 2, 2, 1, 3, 2, 1, 5, 2, 4, 2, 4, 7, 3, 4, 4, 2, 9, 1, 1, 5, 1, 2, 2, 2, 3, 6, 2, 2, 1, 4, 9, 4, 4, 1, 4, 4, 3, 2, 1, 3, 2, 3, 4, 1, 9, 4, 3, 1, 5, 5, 4, 6, 1, 2, 2, 1, 3, 2, 9, 7, 1, 2, 3, 1, 3, 3, 1, 4, 7, 3, 2, 3, 4, 3, 6, 5, 3, 3, 4, 1, 5, 2, 4, 2, 2, 6, 3, 3, 1, 4, 6, 6, 3, 9, 4, 1, 1, 4, 3, 2, 1, 1, 2, 2, 2, 1, 1, 9, 1, 1, 1, 2, 3, 3, 1, 1, 2, 9, 3, 9, 1, 2, 2, 1, 1, 2, 9, 4, 2, 1, 8, 1, 7, 1, 2, 4, 2, 6, 1, 3, 2, 4, 1, 1, 6, 2, 6, 9, 9, 1, 3, 4, 4, 5, 1, 1, 6, 1, 5, 9, 3, 8, 5, 1, 1, 2, 1, 4, 2, 3, 1, 9, 7, 2, 1, 1, 3, 9, 3, 5, 1, 1, 1, 2, 1, 2, 1, 5, 4, 1, 2, 1, 3, 4, 1, 1, 2, 1, 3, 2, 5, 3, 1, 3, 5, 1, 2, 2, 5, 5, 4, 4, 7, 2, 2, 6, 1, 3, 9, 7, 4, 2, 3, 3, 3, 1, 8, 3, 1, 5, 2, 1, 2, 1, 2, 1, 1, 2, 1, 2, 7, 5, 1, 1, 3, 1, 3, 2, 2, 2, 3, 2, 7, 1, 3, 1, 1, 2, 1, 3, 7, 3, 5, 2, 1, 3, 3, 1, 3, 1, 7, 2, 2, 2, 1, 4, 1, 1, 1, 1, 2, 4, 2, 3, 1, 1, 1, 1, 1, 2, 2, 6, 9, 2, 6, 7, 7, 3, 4, 1, 9, 3, 2, 3, 9, 9, 9, 9, 5, 6, 8, 9, 2, 9, 2, 7, 8, 7, 6, 6, 9, 8, 3, 4]"
User-081,0,trace_0572,1788736432.117672,streaming,21239,279,279,0,331,330.3492200374603,401.736448764801,0.256788592544391,0.0,0,True,,1788736030.3811104,1788736360.7303305,1788736432.1175592,"[1788736360.7303305, 1788736361.2983477, 1788736361.9121358, 1788736362.5546827, 1788736363.2229135, 1788736363.9171784, 1788736364.6414773, 1788736365.4217777, 1788736366.1651123, 1788736366.9699533, 1788736367.782344, 1788736368.327732, 1788736368.932752, 1788736369.564175, 1788736370.2201564, 1788736370.900362, 1788736371.6093054, 1788736372.3547633, 1788736373.1146193, 1788736373.8871336, 1788736374.433591, 1788736375.041028, 1788736375.6748147, 1788736376.3289218, 1788736377.0110304, 1788736377.7189374, 1788736378.458935, 1788736379.220452, 1788736379.992891, 1788736380.546197, 1788736381.1509671, 1788736381.7809682, 1788736382.4365942, 1788736383.114434, 1788736383.8207045, 1788736384.5614297, 1788736385.334854, 1788736385.8927999, 1788736386.4937804, 1788736387.1270432, 1788736387.7827702, 1788736388.456529, 1788736389.1561143, 1788736389.8853667, 1788736390.6404839, 1788736391.4212215, 1788736392.234207, 1788736393.0667086, 1788736393.9377427, 1788736394.8153794, 1788736395.3549988, 1788736395.9561644, 1788736396.5851896, 1788736397.23787, 1788736397.9103363, 1788736398.6093001, 1788736399.3351014, 1788736400.0896666, 1788736400.888873, 1788736401.6929462, 1788736402.5536976, 1788736403.4195015, 1788736403.952472, 1788736404.550545, 1788736405.1763463, 1788736405.829411, 1788736406.504879, 1788736407.2086856, 1788736407.942067, 1788736408.6917996, 1788736409.304827, 1788736409.8708398, 1788736410.49851, 1788736411.144607, 1788736411.819814, 1788736412.5449884, 1788736413.2627604, 1788736413.868729, 1788736414.4425535, 1788736415.0638554, 1788736415.7074304, 1788736416.3779595, 1788736417.0673532, 1788736417.7922103, 1788736418.5682242, 1788736419.36171, 1788736420.1715274, 1788736421.0051801, 1788736421.8480215, 1788736422.3894067, 1788736422.9850922, 1788736423.6133528, 1788736424.2636669, 1788736424.9397435, 1788736425.5389876, 1788736426.093514, 1788736426.716494, 1788736427.3642843, 1788736428.051902, 1788736428.7591763, 1788736429.4909344, 1788736430.2424855, 1788736430.9501863, 1788736431.5052004, 1788736432.1126113]","[1, 1, 1, 2, 2, 2, 1, 2, 2, 1, 1, 3, 1, 2, 1, 8, 1, 2, 2, 6, 1, 3, 1, 3, 6, 3, 2, 1, 5, 1, 2, 1, 2, 3, 1, 1, 3, 2, 2, 6, 2, 8, 4, 1, 2, 2, 2, 2, 1, 9, 3, 1, 2, 2, 1, 1, 3, 4, 9, 5, 1, 1, 1, 3, 2, 1, 4, 2, 2, 4, 1, 6, 3, 1, 7, 3, 2, 3, 4, 5, 3, 1, 3, 1, 2, 1, 2, 5, 2, 3, 2, 4, 2, 4, 2, 3, 1, 4, 4, 2, 1, 1, 3, 9, 3]"
User-083,0,trace_0263,1788736434.7909088,streaming,18763,101,101,0,292,340.03405570983887,365.5151858329773,0.2548113012313843,0.0,0,True,,1788736069.275486,1788736409.3095417,1788736434.7906718,"[1788736409.3095417, 1788736409.8760335, 1788736410.5077796, 1788736411.1487179, 1788736411.8243454, 1788736412.5536127, 1788736413.2672188, 1788736413.8733914, 1788736414.447736, 1788736415.0689542, 1788736415.71245, 1788736416.383427, 1788736417.0717669, 1788736417.7968636, 1788736418.5726938, 1788736419.366114, 1788736420.1758852, 1788736421.0096369, 1788736421.853129, 1788736422.394937, 1788736422.9901383, 1788736423.6183248, 1788736424.2691963, 1788736424.9454465, 1788736425.5417666, 1788736426.099327, 1788736426.722025, 1788736427.3703613, 1788736428.0575335, 1788736428.764744, 1788736429.4996514, 1788736430.2478874, 1788736430.9561543, 1788736431.5113423, 1788736432.119224, 1788736432.7472541, 1788736433.4011467, 1788736434.0830739, 1788736434.7898993]","[1, 1, 3, 2, 4, 2, 1, 1, 2, 1, 1, 1, 1, 1, 1, 7, 3, 1, 1, 2, 2, 1, 6, 1, 3, 2, 4, 2, 4, 6, 1, 4, 4, 3, 3, 6, 8, 2, 2]"
User-058,1,trace_0586,1788736435.5260086,streaming,18857,251,251,278,16,332.98071026802063,383.17003655433655,0.20075730514526366,11.0,0,True,,1788736052.35589,1788736385.3366003,1788736435.5259266,"[1788736385.3366003, 1788736385.894409, 1788736386.4950988, 1788736387.1285248, 1788736387.784202, 1788736388.4578078, 1788736389.1573896, 1788736389.8866034, 1788736390.641972, 1788736391.4224803, 1788736392.2355232, 1788736393.0679898, 1788736393.939021, 1788736394.8168707, 1788736395.3562758, 1788736395.9574237, 1788736396.586407, 1788736397.2393496, 1788736397.9116662, 1788736398.610654, 1788736399.3364298, 1788736400.0909894, 1788736400.890169, 1788736401.6941404, 1788736402.5543404, 1788736403.4204702, 1788736403.9537573, 1788736404.5517237, 1788736405.1773944, 1788736405.8305879, 1788736406.506094, 1788736407.2098737, 1788736407.943278, 1788736408.6931171, 1788736409.306071, 1788736409.8721585, 1788736410.5045176, 1788736411.1457484, 1788736411.8209822, 1788736412.546195, 1788736413.2638602, 1788736413.8699846, 1788736414.4437826, 1788736415.0650718, 1788736415.708634, 1788736416.3792164, 1788736417.0685525, 1788736417.7935739, 1788736418.569469, 1788736419.3628578, 1788736420.1726987, 1788736421.0064108, 1788736421.8492465, 1788736422.3905473, 1788736422.9863605, 1788736423.6146085, 1788736424.2651746, 1788736424.9408715, 1788736425.5396771, 1788736426.094936, 1788736426.7177782, 1788736427.3656583, 1788736428.0532415, 1788736428.760407, 1788736429.4925475, 1788736430.2431254, 1788736430.9508662, 1788736431.5061216, 1788736432.1135237, 1788736432.741969, 1788736433.3961186, 1788736434.0781245, 1788736434.7848155, 1788736435.5217826]","[1, 2, 4, 3, 3, 2, 2, 2, 3, 3, 4, 1, 5, 6, 7, 3, 3, 1, 3, 3, 1, 2, 2, 9, 3, 2, 1, 1, 7, 4, 4, 3, 3, 1, 5, 1, 2, 1, 2, 9, 8, 3, 5, 6, 4, 1, 3, 1, 3, 2, 9, 3, 3, 1, 3, 2, 8, 3, 6, 1, 3, 1, 5, 1, 1, 6, 3, 3, 4, 7, 2, 1, 9, 6]"
User-074,0,trace_0718,1788736448.3117273,streaming,21648,943,899,0,337,379.3623523712158,556.7047064304352,0.1974859176606006,0.0,0,True,,1788735891.6069508,1788736270.9693031,1788736448.3116572,"[1788736270.9693031, 1788736271.529614, 1788736272.150157, 1788736272.800236, 1788736273.4683673, 1788736274.8774245, 1788736276.1647737, 1788736276.7668958, 1788736278.0460818, 1788736278.7251601, 1788736279.4344575, 1788736280.1668797, 1788736280.8906813, 1788736281.4429839, 1788736282.049188, 1788736282.6703646, 1788736283.327849, 1788736283.9991515, 1788736284.7010207, 1788736285.4282148, 1788736286.18246, 1788736286.884444, 1788736287.4404645, 1788736288.689496, 1788736290.032142, 1788736290.743278, 1788736291.464047, 1788736292.0159163, 1788736292.617221, 1788736293.2432568, 1788736293.8922737, 1788736294.5403209, 1788736295.1069694, 1788736295.7165606, 1788736296.3434622, 1788736297.000506, 1788736297.67428, 1788736298.3842175, 1788736299.0466104, 1788736299.6072528, 1788736300.2170198, 1788736300.846938, 1788736301.5050855, 1788736302.1838384, 1788736302.8830423, 1788736303.6126683, 1788736304.367827, 1788736305.1480947, 1788736305.7579327, 1788736306.3322146, 1788736306.947739, 1788736307.597591, 1788736308.264864, 1788736308.9558175, 1788736309.6674414, 1788736310.4094143, 1788736311.1717782, 1788736311.9608219, 1788736312.7766542, 1788736313.6117892, 1788736314.4864943, 1788736315.209961, 1788736315.7585776, 1788736316.3753128, 1788736317.0116804, 1788736317.6739063, 1788736318.3542607, 1788736318.981476, 1788736319.5523465, 1788736320.1679313, 1788736320.8075533, 1788736321.4627686, 1788736322.1447122, 1788736322.7568777, 1788736323.326477, 1788736323.9537246, 1788736324.599568, 1788736325.263404, 1788736325.9524658, 1788736326.663288, 1788736327.3990731, 1788736328.208593, 1788736328.7670834, 1788736329.3400643, 1788736330.6019537, 1788736331.9615204, 1788736332.6744356, 1788736333.4190483, 1788736334.1052659, 1788736334.6492336, 1788736335.2607322, 1788736335.8909113, 1788736336.5549426, 1788736337.2392538, 1788736337.9419763, 1788736338.6758156, 1788736339.4179971, 1788736339.9670238, 1788736340.5710142, 1788736341.2033713, 1788736341.8482502, 1788736342.5235925, 1788736343.2291243, 1788736343.9523244, 1788736344.700883, 1788736345.3857937, 1788736345.9401917, 1788736346.5490084, 1788736347.1862066, 1788736347.8393877, 1788736348.5220714, 1788736349.2321963, 1788736349.9719403, 1788736350.735831, 1788736351.52382, 1788736352.3350172, 1788736353.1695764, 1788736354.0335536, 1788736354.672496, 1788736355.2234592, 1788736355.8404653, 1788736356.4845855, 1788736357.1540017, 1788736357.8458788, 1788736358.558506, 1788736359.3153057, 1788736360.0948293, 1788736360.7352977, 1788736361.3037155, 1788736361.9165952, 1788736362.5582194, 1788736363.2267706, 1788736363.9206474, 1788736364.6460266, 1788736365.423347, 1788736366.168378, 1788736366.9729435, 1788736367.786314, 1788736368.3312485, 1788736368.936179, 1788736369.5676208, 1788736370.2237093, 1788736370.9039452, 1788736371.616479, 1788736372.3589625, 1788736373.1183574, 1788736373.8905795, 1788736374.4372234, 1788736375.0445104, 1788736375.679059, 1788736376.3325107, 1788736377.0146053, 1788736377.7223272, 1788736378.4623704, 1788736379.2239406, 1788736379.997302, 1788736380.5504198, 1788736381.1548705, 1788736381.7849147, 1788736382.4405575, 1788736383.1183667, 1788736383.8247216, 1788736384.5689092, 1788736385.3397126, 1788736385.897723, 1788736386.4983552, 1788736387.132196, 1788736387.7875533, 1788736388.4612427, 1788736389.1607616, 1788736389.8974495, 1788736390.645355, 1788736391.425809, 1788736392.238821, 1788736393.0712545, 1788736393.9423892, 1788736394.8200498, 1788736395.3600013, 1788736395.96017, 1788736396.5892227, 1788736397.2421157, 1788736397.9145052, 1788736398.6134093, 1788736399.339118, 1788736400.0936935, 1788736400.8928769, 1788736401.6969182, 1788736402.5557365, 1788736403.4232838, 1788736403.9565818, 1788736404.5545437, 1788736405.1805835, 1788736405.832774, 1788736406.5082219, 1788736407.2137208, 1788736407.9455771, 1788736408.6952786, 1788736409.308192, 1788736409.8749402, 1788736410.5066907, 1788736411.147951, 1788736411.8232517, 1788736412.5525594, 1788736413.2660725, 1788736414.4461775, 1788736415.0672784, 1788736415.7107842, 1788736416.381653, 1788736417.0701368, 1788736417.7952888, 1788736418.571052, 1788736419.3644977, 1788736420.174287, 1788736421.0080316, 1788736421.8516304, 1788736422.393309, 1788736422.9885564, 1788736423.6167316, 1788736424.267433, 1788736424.9439173, 1788736425.5409892, 1788736426.097724, 1788736426.7204244, 1788736427.368733, 1788736428.055919, 1788736428.7631485, 1788736429.4978027, 1788736430.2461734, 1788736430.9546087, 1788736431.5096445, 1788736432.1170747, 1788736432.7456567, 1788736433.3995326, 1788736434.0814543, 1788736434.7882576, 1788736435.5255268, 1788736436.28786, 1788736437.0824118, 1788736437.8989232, 1788736438.7408721, 1788736439.6110492, 1788736440.5173926, 1788736441.2953174, 1788736441.8396447, 1788736442.4589803, 1788736443.1039178, 1788736443.7624276, 1788736444.399478, 1788736444.9664433, 1788736445.5829575, 1788736446.234551, 1788736446.9071486, 1788736447.5962656, 1788736448.3098059]","[1, 2, 2, 2, 1, 1, 1, 1, 1, 1, 3, 3, 2, 1, 1, 2, 1, 1, 1, 5, 5, 1, 1, 1, 1, 1, 1, 1, 3, 3, 4, 3, 9, 4, 1, 1, 1, 2, 3, 3, 1, 2, 3, 1, 4, 2, 3, 4, 1, 3, 4, 2, 1, 1, 2, 1, 2, 4, 3, 1, 3, 2, 3, 1, 8, 2, 1, 2, 1, 1, 4, 2, 2, 1, 5, 1, 1, 3, 2, 4, 2, 4, 2, 1, 1, 1, 1, 1, 3, 4, 7, 9, 4, 1, 1, 6, 3, 9, 7, 9, 9, 9, 8, 9, 4, 9, 4, 9, 4, 4, 2, 7, 1, 1, 1, 2, 3, 1, 1, 4, 1, 2, 3, 1, 1, 4, 2, 6, 4, 2, 2, 1, 4, 2, 2, 1, 1, 3, 2, 1, 1, 3, 2, 1, 3, 1, 1, 3, 1, 2, 1, 2, 3, 1, 1, 1, 3, 7, 1, 1, 1, 1, 3, 1, 3, 1, 2, 1, 3, 5, 5, 1, 1, 1, 1, 3, 7, 2, 7, 6, 1, 3, 1, 1, 1, 7, 3, 2, 5, 1, 1, 1, 1, 1, 3, 1, 7, 1, 1, 1, 1, 3, 1, 9, 1, 9, 5, 1, 9, 5, 9, 6, 9, 6, 9, 6, 9, 6, 9, 6, 9, 6, 9, 6, 9, 6, 9, 6, 9, 6, 9, 6, 9, 6, 9, 6, 9, 6, 9, 6, 9, 6, 9, 6, 9, 6, 9, 6, 9, 6, 9, 6, 9, 5]"
User-053,1,trace_0176,1788736465.7679555,streaming,16219,247,247,231,253,340.85027408599854,392.74550199508667,0.21095621101255338,14.0,0,True,,1788736073.022339,1788736413.8726132,1788736465.767841,"[1788736413.8726132, 1788736414.4466863, 1788736415.0678957, 1788736415.711339, 1788736416.3823147, 1788736417.07067, 1788736417.7958195, 1788736418.571604, 1788736419.3650577, 1788736420.174822, 1788736421.0085454, 1788736421.852132, 1788736422.3938503, 1788736422.98908, 1788736423.6172493, 1788736424.2680426, 1788736424.9444308, 1788736425.541245, 1788736426.098259, 1788736426.7209973, 1788736427.3693142, 1788736428.0564983, 1788736428.7636657, 1788736429.4983456, 1788736430.2467628, 1788736430.9551263, 1788736431.5102262, 1788736432.118077, 1788736432.7461896, 1788736433.4000635, 1788736434.0819705, 1788736434.7887797, 1788736435.52645, 1788736436.2883842, 1788736437.0829592, 1788736437.8994548, 1788736438.7413886, 1788736439.6116388, 1788736440.5179608, 1788736441.2958274, 1788736441.8401723, 1788736442.4595113, 1788736443.104448, 1788736443.7631192, 1788736444.3999772, 1788736444.9670138, 1788736445.5835662, 1788736446.2351024, 1788736446.907797, 1788736447.5968404, 1788736448.3106747, 1788736449.0423448, 1788736449.806082, 1788736450.5061085, 1788736451.0609224, 1788736451.6685398, 1788736452.316721, 1788736453.0050197, 1788736453.6920714, 1788736454.4046319, 1788736455.1428447, 1788736455.902915, 1788736456.6913002, 1788736457.5159256, 1788736458.365496, 1788736459.0691314, 1788736459.6153228, 1788736460.1879792, 1788736460.7905865, 1788736461.4201179, 1788736462.0896811, 1788736462.7859466, 1788736463.4904368, 1788736464.2211428, 1788736464.9796832, 1788736465.7659907]","[1, 7, 2, 9, 5, 2, 2, 3, 6, 1, 7, 2, 3, 4, 2, 7, 9, 4, 1, 4, 2, 5, 6, 1, 5, 4, 4, 4, 1, 3, 1, 2, 3, 1, 3, 1, 1, 1, 1, 2, 4, 1, 2, 4, 5, 1, 1, 3, 1, 2, 1, 8, 4, 1, 1, 1, 1, 3, 3, 2, 4, 3, 1, 1, 3, 2, 7, 1, 8, 9, 1, 9, 8, 4, 3, 2]"
User-051,5,trace_0167,1788736467.404422,streaming,20484,824,824,310,6,389.86944937705994,570.3907511234283,0.21934544562134678,20.0,0,True,,1788735897.0135908,1788736286.8830402,1788736467.404342,"[1788736286.8830402, 1788736287.4389007, 1788736288.0470839, 1788736288.6877217, 1788736289.3526888, 1788736290.0305429, 1788736290.741684, 1788736291.4585967, 1788736292.0137253, 1788736292.6150696, 1788736293.2411046, 1788736293.890111, 1788736294.5382874, 1788736295.104807, 1788736295.7143967, 1788736296.3413346, 1788736296.9983351, 1788736297.6721013, 1788736298.3820179, 1788736299.043735, 1788736299.6045475, 1788736300.2142084, 1788736300.84425, 1788736301.5023112, 1788736302.181097, 1788736302.8802502, 1788736303.610011, 1788736304.3652098, 1788736305.145383, 1788736305.7553768, 1788736306.3256998, 1788736306.9450047, 1788736307.5948842, 1788736308.2619686, 1788736308.9530597, 1788736309.6647198, 1788736310.4066222, 1788736311.1690552, 1788736311.9580154, 1788736312.7702494, 1788736313.609084, 1788736314.483685, 1788736315.2074096, 1788736315.7558265, 1788736316.3725822, 1788736317.0089512, 1788736317.6711133, 1788736318.3516157, 1788736318.977818, 1788736319.5491087, 1788736320.1645777, 1788736320.8048759, 1788736321.4596334, 1788736322.141409, 1788736322.7528763, 1788736323.3226638, 1788736323.949937, 1788736324.5958393, 1788736325.2595274, 1788736325.948702, 1788736326.65954, 1788736327.3953438, 1788736328.2068503, 1788736328.7627242, 1788736329.335572, 1788736329.9573145, 1788736330.5981479, 1788736331.2710495, 1788736331.9573472, 1788736332.6705709, 1788736333.4146912, 1788736334.1007395, 1788736334.6444378, 1788736335.256567, 1788736335.8863678, 1788736336.5506253, 1788736337.2348268, 1788736337.9372668, 1788736338.6712823, 1788736339.4128778, 1788736339.961598, 1788736340.5660615, 1788736341.198138, 1788736341.843105, 1788736342.5185592, 1788736343.2243092, 1788736343.9476414, 1788736344.6971693, 1788736345.3812478, 1788736345.9357684, 1788736346.5445921, 1788736347.1784246, 1788736347.8350842, 1788736348.5175128, 1788736349.2279325, 1788736349.9675655, 1788736350.730987, 1788736351.5195081, 1788736352.3306775, 1788736353.1672623, 1788736354.0291877, 1788736354.6679587, 1788736355.2181106, 1788736355.8364122, 1788736356.480526, 1788736357.149549, 1788736357.842311, 1788736358.5546947, 1788736359.3117082, 1788736360.0913167, 1788736360.7319508, 1788736361.2999485, 1788736361.9133987, 1788736362.5560417, 1788736363.2241886, 1788736363.9184554, 1788736364.6431944, 1788736365.4225013, 1788736366.1664777, 1788736366.9712534, 1788736367.7846777, 1788736368.3294876, 1788736368.934557, 1788736369.5659897, 1788736370.2220209, 1788736370.9022748, 1788736371.6144416, 1788736372.3570552, 1788736373.1165926, 1788736373.8890128, 1788736374.435457, 1788736375.042867, 1788736375.6771388, 1788736376.3308432, 1788736377.0129325, 1788736377.7206903, 1788736378.460809, 1788736379.2222695, 1788736379.994852, 1788736380.5480323, 1788736381.1527462, 1788736381.7828226, 1788736382.438428, 1788736383.116259, 1788736383.8225422, 1788736384.566671, 1788736385.3376372, 1788736385.8955126, 1788736386.4962165, 1788736387.1298087, 1788736387.7853062, 1788736388.458915, 1788736389.15846, 1788736389.8950047, 1788736390.6431055, 1788736391.4235842, 1788736392.2365985, 1788736393.0690699, 1788736393.9401467, 1788736394.8179832, 1788736395.357377, 1788736395.9585466, 1788736396.5875852, 1788736397.2404213, 1788736397.9127557, 1788736398.611802, 1788736399.337485, 1788736400.0920866, 1788736400.8912642, 1788736401.6953156, 1788736402.5549104, 1788736403.4215283, 1788736403.9549716, 1788736404.5529284, 1788736405.1784894, 1788736405.8317297, 1788736406.5071678, 1788736407.2123811, 1788736407.9443967, 1788736408.694149, 1788736409.3071709, 1788736409.87363, 1788736410.5056129, 1788736411.1468384, 1788736411.8221476, 1788736412.5513265, 1788736413.2650363, 1788736413.8710673, 1788736414.4450028, 1788736415.0661469, 1788736415.7097147, 1788736416.3802388, 1788736417.0695934, 1788736417.7946968, 1788736418.57051, 1788736419.363986, 1788736420.173772, 1788736421.0075228, 1788736421.8502986, 1788736422.3922098, 1788736422.9875348, 1788736423.6157055, 1788736424.266312, 1788736424.9420295, 1788736425.5402248, 1788736426.0960407, 1788736426.7188604, 1788736427.3671336, 1788736428.0543175, 1788736428.7615383, 1788736429.493621, 1788736430.2443948, 1788736430.9521356, 1788736431.5075734, 1788736432.1149013, 1788736432.743518, 1788736433.3973575, 1788736434.0793877, 1788736434.7861018, 1788736435.523451, 1788736436.2855425, 1788736437.0801923, 1788736437.8966925, 1788736438.7383692, 1788736439.6088011, 1788736440.5130289, 1788736441.2922175, 1788736441.836701, 1788736442.4562204, 1788736443.1010947, 1788736443.7596138, 1788736444.3968022, 1788736444.9635127, 1788736445.580335, 1788736446.2317514, 1788736446.9045317, 1788736447.5936732, 1788736448.3070228, 1788736449.0396657, 1788736449.8034697, 1788736450.5026042, 1788736451.057447, 1788736451.6652572, 1788736452.31339, 1788736453.0018256, 1788736453.6884458, 1788736454.4013429, 1788736455.139063, 1788736455.8995218, 1788736456.6879406, 1788736457.512426, 1788736458.361709, 1788736459.0659883, 1788736459.6119351, 1788736460.1845767, 1788736460.787373, 1788736461.416857, 1788736462.0863533, 1788736462.7795835, 1788736463.4872105, 1788736464.2179291, 1788736464.9764347, 1788736465.7626777, 1788736466.5646436, 1788736467.3997474]","[1, 1, 1, 4, 8, 1, 2, 8, 1, 1, 2, 3, 5, 2, 1, 1, 2, 3, 1, 2, 1, 2, 4, 9, 1, 9, 3, 2, 3, 2, 1, 2, 2, 4, 3, 1, 1, 2, 3, 3, 1, 3, 1, 2, 7, 4, 3, 3, 2, 2, 4, 1, 2, 3, 8, 8, 9, 3, 3, 8, 1, 4, 1, 1, 1, 6, 2, 4, 6, 4, 3, 4, 3, 2, 5, 3, 2, 1, 8, 9, 5, 3, 2, 4, 4, 8, 5, 2, 4, 8, 5, 1, 3, 3, 5, 1, 1, 2, 2, 6, 3, 1, 8, 3, 2, 1, 1, 6, 2, 5, 9, 2, 3, 1, 9, 6, 5, 1, 1, 2, 5, 6, 3, 3, 2, 3, 2, 2, 7, 2, 6, 3, 4, 3, 7, 2, 1, 5, 2, 3, 4, 2, 2, 2, 8, 3, 5, 2, 1, 2, 5, 2, 2, 3, 5, 3, 3, 9, 2, 1, 3, 3, 4, 1, 1, 1, 3, 2, 6, 5, 5, 4, 3, 3, 2, 1, 2, 2, 1, 4, 1, 2, 1, 5, 2, 3, 2, 6, 7, 3, 3, 1, 9, 5, 1, 3, 2, 2, 3, 3, 1, 1, 2, 7, 5, 1, 2, 3, 1, 6, 1, 3, 2, 1, 5, 3, 1, 3, 4, 3, 4, 1, 3, 2, 1, 1, 2, 1, 1, 3, 3, 2, 2, 2, 1, 1, 1, 1, 7, 2, 1, 3, 6, 5, 2, 4, 6, 3, 6, 2, 3, 2, 2, 1, 5, 1, 1, 1, 1, 2, 3, 6, 2, 2, 1]"
User-084,0,trace_0461,1788736476.7987883,streaming,11642,178,178,0,179,346.1584370136261,398.0137183666229,0.2929676912598691,0.0,0,True,,1788736078.7849832,1788736424.9434202,1788736476.7987015,"[1788736424.9434202, 1788736425.54073, 1788736426.0971994, 1788736426.7198913, 1788736427.3681924, 1788736428.0553842, 1788736428.7626123, 1788736429.4972334, 1788736430.2455795, 1788736430.9541128, 1788736431.5091395, 1788736432.1164968, 1788736432.7451334, 1788736433.3989816, 1788736434.0809364, 1788736434.7877443, 1788736435.5250242, 1788736436.287332, 1788736437.0818758, 1788736437.898381, 1788736438.740342, 1788736439.6104786, 1788736440.516716, 1788736441.2948098, 1788736441.8390934, 1788736442.4584203, 1788736443.1033895, 1788736443.761915, 1788736444.3989837, 1788736444.9659007, 1788736445.5824337, 1788736446.2339933, 1788736446.9066358, 1788736447.5957525, 1788736448.3092034, 1788736449.0418081, 1788736449.8055642, 1788736450.5056245, 1788736451.0603697, 1788736451.6679695, 1788736452.3161323, 1788736453.004472, 1788736453.6915116, 1788736454.4041305, 1788736455.1422985, 1788736455.9023705, 1788736456.6907501, 1788736457.5154114, 1788736458.3649342, 1788736459.0686324, 1788736459.6147964, 1788736460.1874433, 1788736460.7900767, 1788736461.4195457, 1788736462.0891593, 1788736462.7822456, 1788736463.4899206, 1788736464.2205594, 1788736464.979177, 1788736465.765395, 1788736466.567929, 1788736467.4029512, 1788736468.2804987, 1788736468.818878, 1788736469.422373, 1788736470.0425193, 1788736470.6954951, 1788736471.3646502, 1788736472.066988, 1788736472.774298, 1788736473.5252225, 1788736474.316163, 1788736475.1169572, 1788736475.9412096, 1788736476.796832]","[1, 1, 2, 3, 2, 3, 3, 1, 3, 1, 1, 7, 1, 2, 6, 3, 1, 1, 2, 1, 7, 2, 2, 1, 3, 2, 6, 2, 1, 1, 1, 4, 1, 2, 7, 1, 2, 1, 1, 2, 1, 1, 1, 1, 2, 2, 3, 2, 8, 1, 1, 4, 1, 1, 3, 3, 2, 3, 1, 3, 1, 1, 4, 3, 2, 4, 4, 3, 1, 2, 3, 3, 4, 4, 1]"
User-045,7,trace_0729,1788736479.1507878,streaming,32581,180,180,502,3,328.88240599632263,366.73984813690186,0.21149409017083365,8.0,0,True,,1788736112.4108272,1788736441.2932332,1788736479.1506753,"[1788736441.2932332, 1788736441.837338, 1788736442.456865, 1788736443.1017504, 1788736443.760272, 1788736444.3974004, 1788736444.9642067, 1788736445.580869, 1788736446.2322922, 1788736446.905063, 1788736447.5941904, 1788736448.3075771, 1788736449.04022, 1788736449.8040154, 1788736450.5040927, 1788736451.058519, 1788736451.6663432, 1788736452.3144767, 1788736453.0029054, 1788736453.6895337, 1788736454.402473, 1788736455.1401615, 1788736455.90069, 1788736456.6890492, 1788736457.513494, 1788736458.3630445, 1788736459.0670693, 1788736459.6131043, 1788736460.1856842, 1788736460.7884061, 1788736461.4179037, 1788736462.0875597, 1788736462.7806544, 1788736463.4882936, 1788736464.2190273, 1788736464.9776082, 1788736465.763818, 1788736466.566066, 1788736467.4011855, 1788736468.2788987, 1788736468.8172994, 1788736469.4207497, 1788736470.0409548, 1788736470.693854, 1788736471.362975, 1788736472.0653622, 1788736472.7726398, 1788736473.5236087, 1788736474.3144343, 1788736475.1153102, 1788736475.939317, 1788736476.795166, 1788736477.6773863, 1788736478.5999649, 1788736479.1477108]","[1, 7, 1, 2, 7, 4, 1, 1, 3, 1, 1, 1, 3, 1, 7, 1, 1, 4, 5, 4, 2, 7, 1, 6, 4, 2, 1, 1, 2, 3, 6, 1, 1, 9, 2, 3, 1, 3, 3, 1, 3, 1, 4, 1, 9, 1, 1, 1, 2, 4, 9, 9, 9, 9, 2]"
User-086,0,trace_0482,1788736482.439596,streaming,11644,169,169,0,160,327.40032386779785,365.4442000389099,0.22645164387566702,0.0,0,True,,1788736116.9953272,1788736444.395651,1788736482.4395273,"[1788736444.395651, 1788736444.9618096, 1788736445.5790856, 1788736446.2303522, 1788736446.9032888, 1788736447.5923874, 1788736448.3026044, 1788736449.038336, 1788736449.802142, 1788736450.5014038, 1788736451.0562024, 1788736451.6639798, 1788736452.312119, 1788736453.0005283, 1788736453.687178, 1788736454.3997607, 1788736455.1374981, 1788736455.8978271, 1788736456.686451, 1788736457.5108273, 1788736458.3601575, 1788736459.064921, 1788736459.610464, 1788736460.182867, 1788736460.7861724, 1788736461.4155686, 1788736462.085024, 1788736462.7782993, 1788736463.4859273, 1788736464.2167096, 1788736464.9752195, 1788736465.7611413, 1788736466.563525, 1788736467.3983371, 1788736468.2758594, 1788736468.814958, 1788736469.418266, 1788736470.0383122, 1788736470.6916926, 1788736471.3606844, 1788736472.0628989, 1788736472.7703824, 1788736473.5213766, 1788736474.308823, 1788736475.1128263, 1788736475.937035, 1788736476.7926304, 1788736477.6751535, 1788736478.5967698, 1788736479.1448746, 1788736479.7403903, 1788736480.379679, 1788736481.047257, 1788736481.7254019, 1788736482.4343297]","[1, 1, 1, 2, 1, 3, 2, 1, 2, 3, 3, 4, 3, 4, 2, 3, 1, 3, 2, 2, 8, 1, 3, 2, 2, 8, 1, 2, 3, 2, 7, 1, 4, 6, 3, 2, 2, 1, 5, 6, 9, 1, 2, 2, 2, 6, 5, 6, 2, 2, 3, 1, 6, 8, 1]"
User-057,1,trace_0276,1788736485.5128171,streaming,24994,521,521,285,105,334.7898623943329,452.51843309402466,0.22640109749940726,13.0,0,True,,1788736032.9942672,1788736367.7841296,1788736485.5127003,"[1788736367.7841296, 1788736368.3289673, 1788736368.934013, 1788736369.5654674, 1788736370.2214606, 1788736370.9017057, 1788736371.6105914, 1788736372.3563795, 1788736373.1160245, 1788736373.8885014, 1788736374.434902, 1788736375.0422828, 1788736375.6765025, 1788736376.330194, 1788736377.0123513, 1788736377.7201061, 1788736378.460262, 1788736379.2217233, 1788736379.994288, 1788736380.5474794, 1788736381.1522036, 1788736381.7822256, 1788736382.4378643, 1788736383.1157365, 1788736383.8219814, 1788736384.5627003, 1788736385.3371353, 1788736385.8949876, 1788736386.4956646, 1788736387.129101, 1788736387.784759, 1788736388.4583623, 1788736389.1579406, 1788736389.8943229, 1788736390.6425273, 1788736391.42305, 1788736392.2360694, 1788736393.068538, 1788736393.9396064, 1788736394.8174427, 1788736395.3568578, 1788736395.9579875, 1788736396.5870075, 1788736397.2398818, 1788736397.9122193, 1788736398.6112533, 1788736399.3369596, 1788736400.0915434, 1788736400.8907025, 1788736401.694784, 1788736402.5546305, 1788736403.4209974, 1788736403.9543862, 1788736404.552401, 1788736405.1779385, 1788736405.8311734, 1788736406.5066102, 1788736407.210389, 1788736407.94382, 1788736408.693632, 1788736409.306616, 1788736409.8729987, 1788736410.505073, 1788736411.146267, 1788736411.821525, 1788736412.5506375, 1788736413.2644374, 1788736413.8705008, 1788736414.4444742, 1788736415.065612, 1788736415.7091663, 1788736416.3797271, 1788736417.069085, 1788736417.794122, 1788736418.569998, 1788736419.363464, 1788736420.1732602, 1788736421.0069861, 1788736421.849755, 1788736422.3911285, 1788736422.9870107, 1788736423.6151686, 1788736424.2657418, 1788736424.941504, 1788736425.539968, 1788736426.0955029, 1788736426.7183099, 1788736427.366372, 1788736428.0537853, 1788736428.761022, 1788736429.4930942, 1788736430.2437782, 1788736430.9514482, 1788736431.5070148, 1788736432.1143153, 1788736432.7427793, 1788736433.3967338, 1788736434.0787275, 1788736434.785462, 1788736435.5226698, 1788736436.2849116, 1788736437.079549, 1788736437.8960598, 1788736438.7377458, 1788736439.6080036, 1788736440.512407, 1788736441.2915106, 1788736441.8360348, 1788736442.4555688, 1788736443.1004708, 1788736443.7589881, 1788736444.3962379, 1788736444.9626455, 1788736445.5797117, 1788736446.2311754, 1788736446.9039013, 1788736447.5930243, 1788736448.306253, 1788736449.0389962, 1788736449.8027983, 1788736450.5020595, 1788736451.056816, 1788736451.6646194, 1788736452.3127499, 1788736453.0011735, 1788736453.6877944, 1788736454.400745, 1788736455.138424, 1788736455.8986692, 1788736456.687221, 1788736457.511717, 1788736458.3611019, 1788736459.0654657, 1788736459.6111004, 1788736460.1838036, 1788736460.78681, 1788736461.4163024, 1788736462.0858097, 1788736462.779039, 1788736463.4866378, 1788736464.2173684, 1788736464.9758599, 1788736465.7620566, 1788736466.5640805, 1788736467.398914, 1788736468.2767637, 1788736468.8155458, 1788736469.4189837, 1788736470.0388885, 1788736470.6922655, 1788736471.3612945, 1788736472.063673, 1788736472.77104, 1788736473.5219932, 1788736474.3094673, 1788736475.1134057, 1788736475.9376826, 1788736476.7933028, 1788736477.6757936, 1788736478.59745, 1788736479.1454983, 1788736479.7409463, 1788736480.380304, 1788736481.0479045, 1788736481.7260528, 1788736482.4352407, 1788736483.1573591, 1788736483.9112346, 1788736484.6961133, 1788736485.507733]","[1, 1, 5, 2, 3, 2, 1, 2, 1, 1, 2, 2, 1, 4, 2, 4, 3, 2, 1, 3, 1, 5, 1, 1, 3, 3, 2, 2, 2, 1, 1, 2, 1, 2, 2, 1, 2, 2, 5, 5, 1, 9, 4, 2, 3, 2, 1, 4, 3, 3, 2, 2, 4, 2, 3, 4, 4, 2, 4, 1, 1, 6, 2, 4, 3, 9, 3, 7, 4, 4, 5, 3, 1, 3, 1, 3, 1, 6, 9, 5, 1, 7, 3, 5, 1, 1, 1, 7, 7, 1, 4, 4, 4, 2, 1, 9, 2, 1, 1, 4, 2, 6, 2, 2, 3, 2, 1, 7, 8, 4, 2, 4, 3, 1, 2, 2, 4, 7, 3, 5, 3, 1, 1, 1, 7, 4, 1, 2, 5, 1, 2, 3, 1, 1, 9, 4, 3, 2, 3, 1, 4, 8, 4, 3, 2, 9, 6, 2, 4, 1, 2, 1, 3, 2, 4, 3, 7, 5, 7, 3, 2, 2, 2, 1, 2, 3, 5, 1, 1, 4]"
User-082,0,trace_0739,1788736491.7788758,streaming,21285,406,406,0,332,332.63438177108765,450.52167105674744,0.29107972663125875,0.0,0,True,,1788736041.257087,1788736373.8914688,1788736491.778758,"[1788736373.8914688, 1788736374.4377337, 1788736375.0450325, 1788736375.6794055, 1788736376.3332105, 1788736377.0151474, 1788736377.7228875, 1788736378.46289, 1788736379.224482, 1788736379.9977913, 1788736380.5509915, 1788736381.155474, 1788736381.785463, 1788736382.441115, 1788736383.1189167, 1788736383.8252661, 1788736384.5695176, 1788736385.3402565, 1788736385.8982608, 1788736386.498878, 1788736387.1327388, 1788736387.7880719, 1788736388.4617674, 1788736389.1612864, 1788736389.8980095, 1788736390.645881, 1788736391.4263155, 1788736392.2393277, 1788736393.0717885, 1788736393.942917, 1788736394.8205898, 1788736395.360517, 1788736395.960782, 1788736396.589775, 1788736397.2426467, 1788736397.915058, 1788736398.6139772, 1788736399.339679, 1788736400.0942588, 1788736400.8934677, 1788736401.6974847, 1788736402.555969, 1788736403.423803, 1788736403.957113, 1788736404.5550883, 1788736405.1811266, 1788736405.8333862, 1788736406.5087733, 1788736407.2143233, 1788736407.9461102, 1788736408.6958444, 1788736409.3086908, 1788736409.87546, 1788736410.5072181, 1788736411.1483295, 1788736411.8238058, 1788736412.5530922, 1788736413.2666407, 1788736413.8730009, 1788736414.447226, 1788736415.0684206, 1788736415.7119324, 1788736416.3828948, 1788736417.071251, 1788736417.7963417, 1788736418.5721595, 1788736419.3655958, 1788736420.1753767, 1788736421.0091276, 1788736421.8526373, 1788736422.3944042, 1788736422.989616, 1788736423.6178076, 1788736424.2686324, 1788736424.944949, 1788736425.5415063, 1788736426.0987842, 1788736426.721512, 1788736427.3698404, 1788736428.057027, 1788736428.7642043, 1788736429.499097, 1788736430.2473698, 1788736430.9556546, 1788736431.51082, 1788736432.1186383, 1788736432.7467003, 1788736433.4006364, 1788736434.0825195, 1788736434.7893476, 1788736435.5269973, 1788736436.2889137, 1788736437.0834994, 1788736437.9001582, 1788736438.7418945, 1788736439.6121564, 1788736440.5185106, 1788736441.2963395, 1788736441.8407383, 1788736442.46006, 1788736443.1049905, 1788736443.7636836, 1788736444.400494, 1788736444.967554, 1788736445.5840952, 1788736446.2356696, 1788736446.9083128, 1788736447.5973651, 1788736448.311263, 1788736449.0429428, 1788736449.8066533, 1788736450.5066037, 1788736451.0614324, 1788736451.669239, 1788736452.3172295, 1788736453.0055556, 1788736453.6925972, 1788736454.405157, 1788736455.1433866, 1788736455.9034486, 1788736456.6918375, 1788736457.516445, 1788736458.3660314, 1788736459.0698211, 1788736459.6158776, 1788736460.188498, 1788736460.7911465, 1788736461.4206653, 1788736462.0901954, 1788736462.7866478, 1788736463.4909866, 1788736464.2217205, 1788736464.9802144, 1788736465.7668195, 1788736466.5685213, 1788736467.4034598, 1788736468.2810273, 1788736468.81941, 1788736469.4229069, 1788736470.0430753, 1788736470.6960402, 1788736471.3651636, 1788736472.067524, 1788736472.7748168, 1788736473.52575, 1788736474.316701, 1788736475.1175034, 1788736475.9417331, 1788736476.797626, 1788736477.6849203, 1788736478.6014733, 1788736479.149709, 1788736479.7443445, 1788736480.3836203, 1788736481.0510886, 1788736481.7289085, 1788736482.4385822, 1788736483.1606324, 1788736483.914568, 1788736484.69955, 1788736485.5117383, 1788736486.3492017, 1788736487.175419, 1788736487.724435, 1788736488.3422592, 1788736488.987196, 1788736489.6439826, 1788736490.3256512, 1788736491.0379303, 1788736491.777471]","[1, 3, 1, 3, 1, 1, 1, 1, 6, 3, 3, 3, 1, 1, 6, 7, 2, 2, 1, 1, 1, 2, 1, 1, 2, 4, 3, 2, 1, 1, 1, 1, 5, 3, 2, 1, 1, 2, 1, 1, 1, 1, 2, 1, 1, 1, 1, 4, 2, 1, 1, 1, 7, 2, 1, 3, 1, 3, 2, 1, 5, 2, 2, 1, 1, 5, 2, 2, 2, 1, 1, 5, 2, 4, 2, 3, 1, 2, 2, 2, 3, 2, 2, 2, 2, 2, 2, 2, 7, 2, 4, 3, 2, 2, 1, 2, 1, 1, 2, 2, 2, 2, 2, 2, 1, 2, 1, 7, 1, 3, 3, 8, 2, 2, 4, 9, 6, 2, 3, 5, 7, 2, 1, 3, 2, 2, 2, 2, 1, 8, 2, 2, 2, 1, 3, 2, 2, 2, 2, 2, 1, 4, 1, 1, 6, 1, 4, 1, 3, 1, 2, 2, 2, 3, 2, 6, 2, 2, 3, 2, 2, 2, 7, 2, 2, 1, 3, 1, 4, 2]"
User-044,1,trace_0272,1788736494.1676252,streaming,27550,252,252,383,46,348.9389729499817,421.25538301467896,0.28811318750875403,14.0,0,True,,1788736072.912144,1788736421.851117,1788736494.167527,"[1788736421.851117, 1788736422.392771, 1788736422.9880455, 1788736423.6162252, 1788736424.2668848, 1788736424.9425664, 1788736425.540483, 1788736426.09666, 1788736426.7193801, 1788736427.3676798, 1788736428.054861, 1788736428.7621012, 1788736429.4943066, 1788736430.2450025, 1788736430.9526997, 1788736431.5080833, 1788736432.115483, 1788736432.7440772, 1788736433.3978817, 1788736434.0799205, 1788736434.7866647, 1788736435.523997, 1788736436.2862182, 1788736437.0808132, 1788736437.8973267, 1788736438.7390718, 1788736439.6093574, 1788736440.5136602, 1788736441.2937624, 1788736441.8378887, 1788736442.457393, 1788736443.1023018, 1788736443.760871, 1788736444.3979332, 1788736444.964779, 1788736445.5813763, 1788736446.2328343, 1788736446.9055853, 1788736447.5947056, 1788736448.3081214, 1788736449.0407608, 1788736449.804534, 1788736450.5046265, 1788736451.059242, 1788736451.6668866, 1788736452.3150597, 1788736453.0034554, 1788736453.690075, 1788736454.4030955, 1788736455.140762, 1788736455.9012074, 1788736456.6896038, 1788736457.5140207, 1788736458.3637815, 1788736459.0675774, 1788736459.6136305, 1788736460.1862018, 1788736460.7890491, 1788736461.4184585, 1788736462.088077, 1788736462.781167, 1788736463.4888692, 1788736464.219538, 1788736464.9781337, 1788736465.7643332, 1788736466.5667043, 1788736467.4018767, 1788736468.2794282, 1788736468.817829, 1788736469.4212646, 1788736470.0414956, 1788736470.6943758, 1788736471.3635037, 1788736472.0658872, 1788736472.7731478, 1788736473.5241156, 1788736474.3150473, 1788736475.1158662, 1788736475.9400418, 1788736476.795699, 1788736477.6779246, 1788736478.6004827, 1788736479.1486785, 1788736479.7433076, 1788736480.3824458, 1788736481.0500052, 1788736481.728105, 1788736482.4376273, 1788736483.1596174, 1788736483.9135149, 1788736484.6985402, 1788736485.5105262, 1788736486.3481863, 1788736487.1735432, 1788736487.7228208, 1788736488.340673, 1788736488.985584, 1788736489.6420243, 1788736490.3240995, 1788736491.0363257, 1788736491.7758753, 1788736492.5435834, 1788736493.3385184, 1788736494.1645908]","[1, 1, 2, 2, 2, 1, 2, 5, 2, 1, 3, 1, 5, 5, 4, 2, 1, 2, 3, 1, 1, 2, 3, 2, 2, 1, 2, 2, 2, 1, 1, 2, 2, 3, 2, 1, 3, 2, 2, 2, 2, 2, 2, 9, 4, 9, 1, 3, 2, 1, 2, 5, 1, 6, 2, 2, 5, 1, 2, 6, 1, 2, 2, 1, 4, 1, 1, 2, 1, 4, 1, 2, 1, 3, 3, 4, 1, 5, 1, 1, 3, 1, 1, 1, 6, 1, 1, 2, 1, 5, 6, 2, 2, 1, 2, 4, 4, 3, 1, 5, 1, 3, 2, 2]"
User-060,24,trace_0527,1788736497.8039668,streaming,28363,112,112,430,2,315.15998220443726,344.68605303764343,0.2660006381369926,7.0,0,True,,1788736153.1178062,1788736468.2777884,1788736497.8038592,"[1788736468.2777884, 1788736468.8161159, 1788736469.4196553, 1788736470.0397346, 1788736470.692788, 1788736471.3618355, 1788736472.0642226, 1788736472.7715847, 1788736473.5225275, 1788736474.3100178, 1788736475.1139972, 1788736475.9382234, 1788736476.7940602, 1788736477.6763346, 1788736478.597996, 1788736479.1460311, 1788736479.7414908, 1788736480.3808472, 1788736481.048424, 1788736481.726595, 1788736482.4358225, 1788736483.158017, 1788736483.911935, 1788736484.696705, 1788736485.5087342, 1788736486.346453, 1788736487.1717393, 1788736487.7209017, 1788736488.3389702, 1788736488.9835906, 1788736489.640804, 1788736490.3228943, 1788736491.0351737, 1788736491.7746804, 1788736492.5429564, 1788736493.3378956, 1788736494.1639388, 1788736495.0130255, 1788736495.889318, 1788736496.6198182, 1788736497.172345, 1788736497.7999208]","[1, 5, 1, 1, 1, 2, 2, 4, 2, 2, 3, 4, 4, 4, 2, 2, 4, 9, 5, 4, 2, 1, 3, 3, 3, 3, 2, 3, 1, 1, 3, 2, 2, 3, 4, 2, 2, 1, 1, 2, 4, 2]"
User-055,3,trace_0449,1788736488.9883747,streaming,21087,238,238,316,6,331.2789444923401,369.7636308670044,0.16238264293107302,9.0,0,True,,1788736119.2246325,1788736450.503577,1788736488.9882634,"[1788736450.503577, 1788736451.0580018, 1788736451.6658223, 1788736452.3139362, 1788736453.002354, 1788736453.6890142, 1788736454.4019237, 1788736455.139628, 1788736455.9001338, 1788736456.6884973, 1788736457.5129695, 1788736458.3624687, 1788736459.0665038, 1788736459.6125312, 1788736460.1851413, 1788736460.7878835, 1788736461.4173746, 1788736462.0870223, 1788736462.7801063, 1788736463.4877708, 1788736464.218468, 1788736464.9769905, 1788736465.7632587, 1788736466.5654695, 1788736467.400597, 1788736468.2783403, 1788736468.8166845, 1788736469.4202073, 1788736470.0403166, 1788736470.6933017, 1788736471.3623593, 1788736472.0647714, 1788736472.7721295, 1788736473.523079, 1788736474.3105402, 1788736475.1145716, 1788736475.9387953, 1788736476.794601, 1788736477.6768663, 1788736478.5985117, 1788736479.1465707, 1788736479.7420442, 1788736480.3814154, 1788736481.0489573, 1788736481.7271597, 1788736482.4363534, 1788736483.1585376, 1788736483.9124758, 1788736484.6974106, 1788736485.509287, 1788736486.3476512, 1788736487.1729708, 1788736487.7222261, 1788736488.3401353, 1788736488.9847758]","[1, 1, 3, 9, 2, 3, 8, 4, 6, 2, 2, 7, 3, 9, 9, 1, 5, 4, 2, 1, 8, 3, 6, 1, 9, 1, 3, 8, 1, 5, 9, 8, 1, 5, 9, 9, 1, 5, 2, 8, 9, 3, 1, 3, 4, 3, 2, 3, 1, 1, 3, 5, 9, 6, 1]"
User-052,7,trace_0594,1788736541.9023397,streaming,27390,222,222,405,15,325.56192994117737,380.28924202919006,0.2476348963258493,7.0,0,True,,1788736161.6129718,1788736487.1749017,1788736541.9022138,"[1788736487.1749017, 1788736487.723863, 1788736488.3417282, 1788736488.9866652, 1788736489.6433024, 1788736490.3251488, 1788736491.037393, 1788736491.7769237, 1788736492.5446308, 1788736493.33962, 1788736494.165924, 1788736495.014688, 1788736495.8910441, 1788736496.621584, 1788736497.174221, 1788736497.802382, 1788736498.4485803, 1788736499.1190703, 1788736499.8131351, 1788736500.5366185, 1788736501.2868662, 1788736502.0683832, 1788736502.883217, 1788736503.761283, 1788736504.3110428, 1788736504.9106553, 1788736505.5348246, 1788736506.185213, 1788736506.8584008, 1788736507.5573153, 1788736508.289325, 1788736509.0583131, 1788736509.6205013, 1788736510.2299554, 1788736510.856051, 1788736511.5183728, 1788736512.1935458, 1788736512.904111, 1788736513.5642688, 1788736514.1287725, 1788736514.7709541, 1788736515.420418, 1788736516.0916483, 1788736516.7857046, 1788736517.502509, 1788736518.2125118, 1788736518.769723, 1788736519.375772, 1788736520.0075753, 1788736520.6770465, 1788736521.3887558, 1788736522.110537, 1788736522.667938, 1788736523.2718186, 1788736523.866162, 1788736524.4363472, 1788736525.0447352, 1788736525.6784186, 1788736526.3351493, 1788736527.0242147, 1788736527.7289388, 1788736528.4651875, 1788736529.2303307, 1788736530.0212545, 1788736530.8102129, 1788736531.357059, 1788736531.9641573, 1788736532.5997317, 1788736533.249586, 1788736533.9224877, 1788736534.6221042, 1788736535.346457, 1788736536.0981991, 1788736536.8931386, 1788736537.7045026, 1788736538.5355582, 1788736539.3852103, 1788736540.1042001, 1788736540.6529498, 1788736541.2650108, 1788736541.8985379]","[1, 2, 3, 3, 1, 1, 3, 2, 1, 2, 1, 5, 2, 2, 3, 1, 3, 1, 1, 1, 1, 2, 1, 2, 2, 5, 5, 4, 9, 3, 4, 1, 3, 5, 3, 8, 9, 2, 4, 1, 1, 6, 2, 2, 3, 5, 1, 1, 3, 2, 9, 2, 1, 2, 2, 3, 6, 4, 3, 6, 3, 1, 2, 1, 1, 1, 1, 2, 1, 1, 2, 2, 6, 1, 4, 2, 2, 2, 3, 4, 3]"
User-087,0,trace_0373,1788736517.5047655,streaming,27599,297,297,0,430,327.93971943855286,386.38019824028015,0.19743405000583544,0.0,0,True,,1788736131.1244526,1788736459.064172,1788736517.5046508,"[1788736459.064172, 1788736459.6095786, 1788736460.1820507, 1788736460.7852194, 1788736461.4147134, 1788736462.0839949, 1788736462.7774441, 1788736463.4852865, 1788736464.2160482, 1788736464.9742274, 1788736465.7603838, 1788736466.5627062, 1788736467.3975816, 1788736468.275104, 1788736468.8137388, 1788736469.4174347, 1788736470.0375717, 1788736470.690913, 1788736471.3597167, 1788736472.0621357, 1788736472.7697546, 1788736473.520761, 1788736474.3081913, 1788736475.1119895, 1788736475.936441, 1788736476.7920156, 1788736477.6744854, 1788736478.596069, 1788736479.144275, 1788736479.739699, 1788736480.37907, 1788736481.0465846, 1788736481.7247767, 1788736482.4335153, 1788736483.156762, 1788736483.9105756, 1788736484.695228, 1788736485.5070002, 1788736486.3458369, 1788736487.1709616, 1788736487.7203019, 1788736488.338283, 1788736488.9829748, 1788736489.6399975, 1788736490.3222165, 1788736491.0344882, 1788736491.7740505, 1788736492.5422955, 1788736493.3372872, 1788736494.163252, 1788736495.0123749, 1788736495.8887055, 1788736496.6189997, 1788736497.171682, 1788736497.7992542, 1788736498.4472864, 1788736499.1178045, 1788736499.81188, 1788736500.5354104, 1788736501.2855043, 1788736502.0671191, 1788736502.881943, 1788736503.758998, 1788736504.3092191, 1788736504.9084613, 1788736505.5330107, 1788736506.1833856, 1788736506.8566246, 1788736507.5554543, 1788736508.2874885, 1788736509.0555944, 1788736509.6179109, 1788736510.2273052, 1788736510.853712, 1788736511.516038, 1788736512.191184, 1788736512.9017687, 1788736513.5618358, 1788736514.1267917, 1788736514.7685714, 1788736515.418056, 1788736516.0892186, 1788736516.7833667, 1788736517.499832]","[1, 1, 1, 3, 2, 2, 3, 1, 3, 1, 3, 1, 1, 5, 1, 1, 1, 1, 1, 3, 3, 2, 2, 5, 1, 2, 1, 1, 1, 1, 2, 4, 2, 2, 1, 5, 4, 3, 2, 1, 2, 9, 1, 5, 9, 9, 4, 3, 2, 5, 9, 2, 6, 9, 9, 7, 5, 6, 2, 8, 1, 9, 2, 3, 6, 4, 5, 7, 4, 2, 5, 7, 1, 6, 5, 5, 4, 1, 5, 6, 4, 9, 2, 1]"
